Date,Open,High,Low,Close,Volume
2025-02-05 16:35:00,2.20078,2.20141,2.20059,2.20095,187
2025-02-05 16:40:00,2.20092,2.20122,2.20071,2.20081,209
2025-02-05 16:45:00,2.20062,2.20101,2.20015,2.20029,218
2025-02-05 16:50:00,2.20018,2.20073,2.19983,2.20073,203
2025-02-05 16:55:00,2.20076,2.20245,2.2006,2.20181,268
2025-02-05 17:00:00,2.20001,2.20057,2.19931,2.19946,376
2025-02-05 17:05:00,2.19944,2.2001,2.19799,2.19806,355
2025-02-05 17:10:00,2.19803,2.19811,2.19667,2.19699,367
2025-02-05 17:15:00,2.197,2.197,2.1955999999999998,2.19561,384
2025-02-05 17:20:00,2.1955999999999998,2.19593,2.19473,2.19531,366
2025-02-05 17:25:00,2.19528,2.19634,2.19523,2.19617,304
2025-02-05 17:30:00,2.19614,2.19648,2.19555,2.19644,330
2025-02-05 17:35:00,2.19645,2.1968199999999998,2.19583,2.1959,297
2025-02-05 17:40:00,2.19589,2.19592,2.19423,2.19457,316
2025-02-05 17:45:00,2.1946,2.1958,2.1946,2.19569,287
2025-02-05 17:50:00,2.19568,2.19619,2.19518,2.19551,306
2025-02-05 17:55:00,2.19559,2.19708,2.19547,2.19694,349
2025-02-05 18:00:00,2.197,2.19737,2.19611,2.19619,298
2025-02-05 18:05:00,2.19616,2.1965500000000002,2.19593,2.1965500000000002,309
2025-02-05 18:10:00,2.19658,2.19727,2.19635,2.1971600000000002,213
2025-02-05 18:15:00,2.19719,2.19728,2.19694,2.19707,188
2025-02-05 18:20:00,2.19713,2.19783,2.19705,2.19783,178
2025-02-05 18:25:00,2.1978,2.19791,2.19708,2.19734,158
2025-02-05 18:30:00,2.19737,2.1974299999999998,2.19684,2.19688,155
2025-02-05 18:35:00,2.19685,2.19706,2.19659,2.19683,148
2025-02-05 18:40:00,2.19679,2.19714,2.19674,2.19689,136
2025-02-05 18:45:00,2.19692,2.19731,2.1968199999999998,2.19702,129
2025-02-05 18:50:00,2.1971,2.19728,2.19678,2.19679,104
2025-02-05 18:55:00,2.1968199999999998,2.1968199999999998,2.19587,2.19634,131
2025-02-05 19:00:00,2.19633,2.19649,2.19617,2.19638,107
2025-02-05 19:05:00,2.19639,2.19704,2.19639,2.19699,113
2025-02-05 19:10:00,2.19698,2.19735,2.19691,2.19708,130
2025-02-05 19:15:00,2.19712,2.19732,2.19696,2.19696,143
2025-02-05 19:20:00,2.19699,2.19778,2.19693,2.19756,139
2025-02-05 19:25:00,2.19754,2.19784,2.1971,2.1974,161
2025-02-05 19:30:00,2.19744,2.1976,2.19719,2.19727,110
2025-02-05 19:35:00,2.19728,2.19738,2.1968,2.1969,98
2025-02-05 19:40:00,2.19692,2.19725,2.1969,2.19705,106
2025-02-05 19:45:00,2.19702,2.19704,2.19654,2.19661,101
2025-02-05 19:50:00,2.19654,2.19673,2.19647,2.19662,124
2025-02-05 19:55:00,2.1966,2.19695,2.19633,2.19695,118
2025-02-05 20:00:00,2.19701,2.19706,2.19658,2.197,103
2025-02-05 20:05:00,2.19673,2.1972,2.19666,2.19701,99
2025-02-05 20:10:00,2.19702,2.19722,2.19693,2.197,63
2025-02-05 20:15:00,2.19698,2.19727,2.19684,2.19691,88
2025-02-05 20:20:00,2.19688,2.19699,2.19674,2.19677,95
2025-02-05 20:25:00,2.19678,2.19712,2.19671,2.19707,118
2025-02-05 20:30:00,2.19707,2.19745,2.19691,2.19699,81
2025-02-05 20:35:00,2.19699,2.19736,2.19691,2.1973,64
2025-02-05 20:40:00,2.1977,2.1977,2.19738,2.19749,86
2025-02-05 20:45:00,2.19752,2.1980399999999998,2.19741,2.19788,116
2025-02-05 20:50:00,2.19791,2.19807,2.1976,2.19783,86
2025-02-05 20:55:00,2.19779,2.1983,2.19776,2.19796,95
2025-02-05 21:00:00,2.19797,2.19858,2.19785,2.19843,112
2025-02-05 21:05:00,2.19836,2.19894,2.1982,2.19875,78
2025-02-05 21:10:00,2.19878,2.19908,2.19857,2.19862,91
2025-02-05 21:15:00,2.19864,2.19909,2.19851,2.19871,87
2025-02-05 21:20:00,2.19872,2.19889,2.19842,2.19842,94
2025-02-05 21:25:00,2.19843,2.19864,2.19843,2.19857,81
2025-02-05 21:30:00,2.19855,2.19892,2.1983800000000002,2.1985,121
2025-02-05 21:35:00,2.19855,2.19895,2.19834,2.19847,88
2025-02-05 21:40:00,2.19848,2.19893,2.1984,2.19841,80
2025-02-05 21:45:00,2.19842,2.19873,2.19827,2.19829,88
2025-02-05 21:50:00,2.19835,2.19852,2.19821,2.19839,87
2025-02-05 21:55:00,2.19837,2.19888,2.19822,2.19878,143
2025-02-05 22:00:00,2.19877,2.19895,2.19859,2.19876,143
2025-02-05 22:05:00,2.19873,2.19877,2.19839,2.1986,98
2025-02-05 22:10:00,2.19853,2.19873,2.19819,2.19834,112
2025-02-05 22:15:00,2.19836,2.1987,2.19828,2.19847,77
2025-02-05 22:20:00,2.19848,2.19871,2.19831,2.19844,82
2025-02-05 22:25:00,2.19842,2.19883,2.19834,2.1986,68
2025-02-05 22:30:00,2.19857,2.19857,2.19806,2.1981,73
2025-02-05 22:35:00,2.19805,2.1984,2.19775,2.19827,80
2025-02-05 22:40:00,2.19822,2.1983800000000002,2.19762,2.1979,80
2025-02-05 22:45:00,2.1979,2.1982,2.19773,2.1979,80
2025-02-05 22:50:00,2.1979,2.1980399999999998,2.19741,2.19747,94
2025-02-05 22:55:00,2.19748,2.19774,2.19714,2.19746,136
2025-02-05 23:00:00,2.19741,2.19821,2.19726,2.19794,88
2025-02-05 23:05:00,2.19816,2.1982,2.1978,2.19795,50
2025-02-05 23:10:00,2.19819,2.19819,2.19784,2.19794,70
2025-02-05 23:15:00,2.198,2.19851,2.1977,2.19811,83
2025-02-05 23:20:00,2.19837,2.19837,2.19773,2.19792,60
2025-02-05 23:25:00,2.19793,2.19819,2.1977700000000002,2.19779,50
2025-02-05 23:30:00,2.19784,2.19822,2.19767,2.19799,62
2025-02-05 23:35:00,2.19799,2.19829,2.19792,2.19796,56
2025-02-05 23:40:00,2.19797,2.19802,2.19766,2.19779,60
2025-02-05 23:45:00,2.19778,2.1982,2.19775,2.19794,75
2025-02-05 23:50:00,2.19784,2.19805,2.19782,2.19805,83
2025-02-05 23:55:00,2.19831,2.19839,2.19795,2.19809,287
2025-02-06 00:00:00,2.19768,2.1983800000000002,2.19608,2.1983800000000002,15
2025-02-06 00:05:00,2.19691,2.19691,2.19691,2.19691,1
2025-02-06 00:10:00,2.19701,2.19856,2.19671,2.19797,20
2025-02-06 00:15:00,2.19801,2.19843,2.19775,2.19803,11
2025-02-06 00:20:00,2.19803,2.19951,2.19782,2.19869,30
2025-02-06 00:25:00,2.19869,2.19869,2.19685,2.1973,28
2025-02-06 00:30:00,2.19829,2.1988,2.19729,2.1980399999999998,39
2025-02-06 00:35:00,2.19807,2.19894,2.19778,2.19883,58
2025-02-06 00:40:00,2.19883,2.1989,2.19785,2.19881,40
2025-02-06 00:45:00,2.19844,2.19883,2.19733,2.19769,54
2025-02-06 00:50:00,2.19847,2.1986499999999998,2.1976,2.19854,53
2025-02-06 00:55:00,2.19861,2.19861,2.1975,2.19835,42
2025-02-06 01:00:00,2.19833,2.19833,2.1974,2.19759,63
2025-02-06 01:05:00,2.19759,2.19819,2.19747,2.19784,45
2025-02-06 01:10:00,2.19808,2.1983800000000002,2.19797,2.19797,36
2025-02-06 01:15:00,2.19805,2.19814,2.19779,2.19791,40
2025-02-06 01:20:00,2.19798,2.1981,2.19755,2.19761,61
2025-02-06 01:25:00,2.19758,2.19778,2.19742,2.19756,49
2025-02-06 01:30:00,2.19758,2.19799,2.19758,2.19791,51
2025-02-06 01:35:00,2.19791,2.19825,2.19766,2.19766,49
2025-02-06 01:40:00,2.19785,2.19794,2.19769,2.19774,48
2025-02-06 01:45:00,2.19772,2.19802,2.1976,2.19762,57
2025-02-06 01:50:00,2.19768,2.19803,2.19766,2.19772,47
2025-02-06 01:55:00,2.1977700000000002,2.19803,2.19758,2.19766,71
2025-02-06 02:00:00,2.19767,2.19779,2.19731,2.19779,110
2025-02-06 02:05:00,2.19781,2.19781,2.19727,2.19761,127
2025-02-06 02:10:00,2.19765,2.19779,2.19746,2.1977,96
2025-02-06 02:15:00,2.19767,2.19826,2.19756,2.19807,89
2025-02-06 02:20:00,2.19809,2.19895,2.19809,2.19829,119
2025-02-06 02:25:00,2.19833,2.19834,2.19783,2.19788,92
2025-02-06 02:30:00,2.19782,2.1986,2.19772,2.19843,92
2025-02-06 02:35:00,2.19839,2.19848,2.19801,2.19807,95
2025-02-06 02:40:00,2.19803,2.19851,2.19762,2.19851,102
2025-02-06 02:45:00,2.1985,2.19893,2.19833,2.19833,120
2025-02-06 02:50:00,2.19829,2.19876,2.19829,2.19857,126
2025-02-06 02:55:00,2.19859,2.19867,2.1982,2.19867,128
2025-02-06 03:00:00,2.19864,2.19912,2.19848,2.19858,169
2025-02-06 03:05:00,2.19855,2.19868,2.1981,2.19853,142
2025-02-06 03:10:00,2.19851,2.1986,2.1979,2.19797,140
2025-02-06 03:15:00,2.19798,2.19837,2.19785,2.1983,163
2025-02-06 03:20:00,2.19831,2.19874,2.19823,2.19869,111
2025-02-06 03:25:00,2.19866,2.19885,2.1984,2.19864,120
2025-02-06 03:30:00,2.19867,2.19894,2.19817,2.1983,225
2025-02-06 03:35:00,2.19834,2.19888,2.1981,2.19869,186
2025-02-06 03:40:00,2.19862,2.19867,2.1978,2.19806,181
2025-02-06 03:45:00,2.19802,2.1983800000000002,2.19769,2.19835,170
2025-02-06 03:50:00,2.19832,2.19878,2.19814,2.1986499999999998,153
2025-02-06 03:55:00,2.19866,2.19889,2.19845,2.19874,129
2025-02-06 04:00:00,2.19876,2.19904,2.19856,2.1989900000000002,127
2025-02-06 04:05:00,2.19902,2.19936,2.19891,2.19901,119
2025-02-06 04:10:00,2.19897,2.19921,2.19884,2.19892,129
2025-02-06 04:15:00,2.19889,2.19935,2.19871,2.19884,141
2025-02-06 04:20:00,2.19887,2.19904,2.19853,2.1989,119
2025-02-06 04:25:00,2.19894,2.19958,2.19891,2.19931,119
2025-02-06 04:30:00,2.19935,2.19977,2.1989900000000002,2.1989900000000002,114
2025-02-06 04:35:00,2.19893,2.19974,2.19893,2.19938,102
2025-02-06 04:40:00,2.19941,2.20042,2.19929,2.19998,125
2025-02-06 04:45:00,2.20007,2.20062,2.20003,2.20062,126
2025-02-06 04:50:00,2.20065,2.20083,2.20043,2.20052,99
2025-02-06 04:55:00,2.2006,2.20124,2.2006,2.20084,104
2025-02-06 05:00:00,2.20078,2.20144,2.20052,2.2012,140
2025-02-06 05:05:00,2.20116,2.20153,2.20112,2.20141,83
2025-02-06 05:10:00,2.20138,2.2019,2.20136,2.2018,117
2025-02-06 05:15:00,2.20182,2.20192,2.20148,2.20179,105
2025-02-06 05:20:00,2.20173,2.20209,2.20165,2.20209,109
2025-02-06 05:25:00,2.20213,2.2022,2.20137,2.20154,85
2025-02-06 05:30:00,2.20157,2.20191,2.20157,2.20162,88
2025-02-06 05:35:00,2.20168,2.2025,2.2016,2.2023,99
2025-02-06 05:40:00,2.20221,2.2029199999999998,2.20221,2.20285,89
2025-02-06 05:45:00,2.2028,2.2029,2.20251,2.20252,100
2025-02-06 05:50:00,2.20251,2.20296,2.20235,2.20242,72
2025-02-06 05:55:00,2.20242,2.20264,2.20232,2.20256,99
2025-02-06 06:00:00,2.20254,2.20254,2.20206,2.20214,92
2025-02-06 06:05:00,2.20216,2.2023,2.20188,2.20202,58
2025-02-06 06:10:00,2.202,2.20208,2.20176,2.20194,82
2025-02-06 06:15:00,2.20196,2.20225,2.20184,2.20202,72
2025-02-06 06:20:00,2.20204,2.20252,2.20196,2.20223,71
2025-02-06 06:25:00,2.20219,2.20253,2.2021100000000002,2.20238,64
2025-02-06 06:30:00,2.20237,2.20249,2.20212,2.20226,72
2025-02-06 06:35:00,2.20228,2.20308,2.20228,2.20297,72
2025-02-06 06:40:00,2.20289,2.20326,2.20275,2.20296,98
2025-02-06 06:45:00,2.20293,2.20325,2.20269,2.20322,79
2025-02-06 06:50:00,2.20321,2.2036,2.20298,2.20298,88
2025-02-06 06:55:00,2.20305,2.20373,2.20305,2.20356,80
2025-02-06 07:00:00,2.2035299999999998,2.2038,2.20329,2.20334,107
2025-02-06 07:05:00,2.20341,2.2037,2.20324,2.20367,75
2025-02-06 07:10:00,2.20375,2.20375,2.20294,2.20294,95
2025-02-06 07:15:00,2.20285,2.20317,2.20278,2.20311,129
2025-02-06 07:20:00,2.20307,2.2033,2.20287,2.20328,93
2025-02-06 07:25:00,2.20328,2.20352,2.20303,2.20314,80
2025-02-06 07:30:00,2.20311,2.20335,2.20283,2.20284,64
2025-02-06 07:35:00,2.20298,2.20299,2.20249,2.20265,81
2025-02-06 07:40:00,2.20263,2.20291,2.20251,2.20259,51
2025-02-06 07:45:00,2.20265,2.20279,2.20249,2.20263,79
2025-02-06 07:50:00,2.20268,2.20308,2.20267,2.20282,80
2025-02-06 07:55:00,2.20284,2.20344,2.20264,2.20315,92
2025-02-06 08:00:00,2.20311,2.20349,2.20296,2.20306,106
2025-02-06 08:05:00,2.20308,2.20341,2.20295,2.20314,97
2025-02-06 08:10:00,2.20314,2.20366,2.20301,2.20359,91
2025-02-06 08:15:00,2.20359,2.20388,2.20336,2.20352,74
2025-02-06 08:20:00,2.20354,2.20382,2.20354,2.20368,57
2025-02-06 08:25:00,2.2037,2.20372,2.20336,2.20352,78
2025-02-06 08:30:00,2.2035299999999998,2.2039400000000002,2.20338,2.20345,67
2025-02-06 08:35:00,2.20338,2.20398,2.20338,2.20387,83
2025-02-06 08:40:00,2.20385,2.20401,2.20365,2.20376,76
2025-02-06 08:45:00,2.20363,2.20385,2.2034,2.20364,96
2025-02-06 08:50:00,2.20368,2.20376,2.20327,2.2035299999999998,121
2025-02-06 08:55:00,2.20355,2.20365,2.20337,2.20347,113
2025-02-06 09:00:00,2.20326,2.20357,2.20284,2.20296,165
2025-02-06 09:05:00,2.20298,2.20367,2.20284,2.20354,150
2025-02-06 09:10:00,2.20356,2.20356,2.20266,2.20322,214
2025-02-06 09:15:00,2.2032,2.20342,2.20281,2.20304,114
2025-02-06 09:20:00,2.20307,2.20322,2.2028,2.20311,106
2025-02-06 09:25:00,2.20309,2.2034,2.20298,2.20298,65
2025-02-06 09:30:00,2.20301,2.20334,2.20275,2.20334,88
2025-02-06 09:35:00,2.20332,2.20356,2.20267,2.20352,126
2025-02-06 09:40:00,2.20358,2.20381,2.20332,2.20345,134
2025-02-06 09:45:00,2.20348,2.2042,2.20321,2.20404,116
2025-02-06 09:50:00,2.20407,2.20462,2.20386,2.20389,121
2025-02-06 09:55:00,2.20382,2.20411,2.2035299999999998,2.20389,118
2025-02-06 10:00:00,2.20384,2.2041399999999998,2.20325,2.2033300000000002,175
2025-02-06 10:05:00,2.20328,2.2035,2.203,2.20347,131
2025-02-06 10:10:00,2.2035,2.20385,2.2029,2.20299,158
2025-02-06 10:15:00,2.2029199999999998,2.20295,2.20233,2.20271,123
2025-02-06 10:20:00,2.20273,2.20273,2.2022,2.20227,135
2025-02-06 10:25:00,2.20224,2.20264,2.20206,2.20255,161
2025-02-06 10:30:00,2.20251,2.20281,2.20216,2.20247,188
2025-02-06 10:35:00,2.20244,2.20248,2.20181,2.20199,165
2025-02-06 10:40:00,2.20196,2.20207,2.20169,2.20179,118
2025-02-06 10:45:00,2.20194,2.20213,2.20094,2.20094,129
2025-02-06 10:50:00,2.20092,2.20119,2.20011,2.20024,124
2025-02-06 10:55:00,2.20024,2.20041,2.19998,2.20018,135
2025-02-06 11:00:00,2.20021,2.20077,2.20007,2.20075,147
2025-02-06 11:05:00,2.20071,2.20095,2.20019,2.20093,104
2025-02-06 11:10:00,2.20096,2.20123,2.20083,2.20104,104
2025-02-06 11:15:00,2.20108,2.20118,2.20023,2.20031,114
2025-02-06 11:20:00,2.2002800000000002,2.20057,2.19974,2.19974,151
2025-02-06 11:25:00,2.19966,2.2003,2.19966,2.20013,107
2025-02-06 11:30:00,2.19836,2.19925,2.19807,2.19832,198
2025-02-06 11:35:00,2.19829,2.19831,2.19787,2.19822,117
2025-02-06 11:40:00,2.1982,2.19843,2.19775,2.19793,139
2025-02-06 11:45:00,2.19793,2.19816,2.19753,2.19763,135
2025-02-06 11:50:00,2.19756,2.19759,2.19562,2.19586,173
2025-02-06 11:55:00,2.19593,2.19631,2.19551,2.19631,149
2025-02-06 12:00:00,2.19614,2.19665,2.19591,2.19629,161
2025-02-06 12:05:00,2.19626,2.1965500000000002,2.19558,2.19569,150
2025-02-06 12:10:00,2.19566,2.19572,2.19479,2.19505,160
2025-02-06 12:15:00,2.19509,2.19564,2.19495,2.19537,128
2025-02-06 12:20:00,2.19543,2.19546,2.19474,2.1949,125
2025-02-06 12:25:00,2.19493,2.195,2.1944,2.19456,112
2025-02-06 12:30:00,2.19454,2.19471,2.19393,2.19415,107
2025-02-06 12:35:00,2.19409,2.19474,2.19409,2.19452,104
2025-02-06 12:40:00,2.19455,2.19459,2.19351,2.19372,131
2025-02-06 12:45:00,2.19365,2.1937699999999998,2.1933,2.19341,121
2025-02-06 12:50:00,2.19337,2.19345,2.19265,2.19285,105
2025-02-06 12:55:00,2.19282,2.19364,2.19239,2.19357,155
2025-02-06 13:00:00,2.19363,2.19406,2.19341,2.1935000000000002,145
2025-02-06 13:05:00,2.19346,2.1945,2.19343,2.19401,133
2025-02-06 13:10:00,2.19402,2.19473,2.19399,2.19458,121
2025-02-06 13:15:00,2.19462,2.19536,2.19462,2.19505,110
2025-02-06 13:20:00,2.19509,2.19543,2.19464,2.1949899999999998,106
2025-02-06 13:25:00,2.19502,2.19513,2.19418,2.19453,115
2025-02-06 13:30:00,2.19454,2.1951,2.19385,2.19403,147
2025-02-06 13:35:00,2.19399,2.194,2.19293,2.19297,138
2025-02-06 13:40:00,2.193,2.19361,2.19275,2.19313,130
2025-02-06 13:45:00,2.19307,2.19355,2.19286,2.19351,115
2025-02-06 13:50:00,2.19348,2.19394,2.19337,2.19394,132
2025-02-06 13:55:00,2.19391,2.19454,2.19369,2.19405,177
2025-02-06 14:00:00,2.19483,2.19574,2.1839,2.18576,465
2025-02-06 14:05:00,2.18564,2.18619,2.18441,2.18592,357
2025-02-06 14:10:00,2.1857699999999998,2.18803,2.18553,2.1880100000000002,307
2025-02-06 14:15:00,2.18804,2.18867,2.1869,2.1869,229
2025-02-06 14:20:00,2.18692,2.18733,2.18606,2.18707,224
2025-02-06 14:25:00,2.18707,2.18834,2.18682,2.18803,208
2025-02-06 14:30:00,2.18803,2.1881,2.18688,2.18689,183
2025-02-06 14:35:00,2.18683,2.18705,2.18549,2.18552,236
2025-02-06 14:40:00,2.18556,2.18656,2.1852,2.18576,237
2025-02-06 14:45:00,2.18569,2.18572,2.18432,2.18533,213
2025-02-06 14:50:00,2.18536,2.1871,2.1849,2.18498,223
2025-02-06 14:55:00,2.185,2.1862,2.18499,2.18606,174
2025-02-06 15:00:00,2.1861,2.1872,2.18586,2.187,223
2025-02-06 15:05:00,2.187,2.18832,2.18647,2.18832,242
2025-02-06 15:10:00,2.1883,2.1893,2.18731,2.18773,302
2025-02-06 15:15:00,2.18769,2.18968,2.18739,2.18967,212
2025-02-06 15:20:00,2.18961,2.18981,2.18863,2.18874,193
2025-02-06 15:25:00,2.18874,2.18994,2.18855,2.18958,135
2025-02-06 15:30:00,2.18953,2.19012,2.18851,2.18907,283
2025-02-06 15:35:00,2.1891,2.18963,2.18855,2.1886,206
2025-02-06 15:40:00,2.18863,2.18976,2.18851,2.18879,176
2025-02-06 15:45:00,2.1888199999999998,2.18903,2.18743,2.18845,214
2025-02-06 15:50:00,2.18846,2.18876,2.18785,2.18851,214
2025-02-06 15:55:00,2.18858,2.18897,2.1878,2.18864,210
2025-02-06 16:00:00,2.18854,2.1888,2.18814,2.18876,190
2025-02-06 16:05:00,2.18883,2.18985,2.18883,2.18985,157
2025-02-06 16:10:00,2.18981,2.19016,2.18921,2.19015,177
2025-02-06 16:15:00,2.19015,2.1903,2.18941,2.18956,178
2025-02-06 16:20:00,2.18959,2.19017,2.1894299999999998,2.18998,173
2025-02-06 16:25:00,2.18999,2.19046,2.18967,2.18987,170
2025-02-06 16:30:00,2.1898400000000002,2.19132,2.18973,2.19132,217
2025-02-06 16:35:00,2.19133,2.19192,2.19078,2.19191,296
2025-02-06 16:40:00,2.19191,2.19239,2.1906,2.19061,274
2025-02-06 16:45:00,2.19057,2.19105,2.19029,2.19057,295
2025-02-06 16:50:00,2.19046,2.1907,2.1898,2.19058,281
2025-02-06 16:55:00,2.19054,2.19127,2.19051,2.19079,264
2025-02-06 17:00:00,2.19084,2.19195,2.19035,2.1917,275
2025-02-06 17:05:00,2.19182,2.19244,2.19171,2.19242,181
2025-02-06 17:10:00,2.19245,2.19281,2.19203,2.19249,165
2025-02-06 17:15:00,2.19252,2.19262,2.19209,2.19231,167
2025-02-06 17:20:00,2.1922800000000002,2.1925,2.19159,2.19159,193
2025-02-06 17:25:00,2.19162,2.19223,2.19112,2.1914,205
2025-02-06 17:30:00,2.1914,2.19199,2.19124,2.19162,240
2025-02-06 17:35:00,2.1916700000000002,2.19187,2.19064,2.19071,236
2025-02-06 17:40:00,2.19072,2.19149,2.19052,2.19145,242
2025-02-06 17:45:00,2.19148,2.19156,2.19015,2.19044,230
2025-02-06 17:50:00,2.19048,2.19089,2.18947,2.18947,205
2025-02-06 17:55:00,2.18948,2.18986,2.18888,2.18897,272
2025-02-06 18:00:00,2.18897,2.19015,2.18885,2.18964,242
2025-02-06 18:05:00,2.18965,2.19104,2.18949,2.1907,204
2025-02-06 18:10:00,2.19081,2.1917,2.19073,2.19097,191
2025-02-06 18:15:00,2.19093,2.19217,2.19093,2.19215,146
2025-02-06 18:20:00,2.19212,2.19314,2.19204,2.19278,199
2025-02-06 18:25:00,2.19274,2.19275,2.19218,2.19275,168
2025-02-06 18:30:00,2.19275,2.19296,2.19262,2.19274,155
2025-02-06 18:35:00,2.19267,2.19277,2.19173,2.19192,142
2025-02-06 18:40:00,2.19196,2.19211,2.19162,2.1919,138
2025-02-06 18:45:00,2.19186,2.19243,2.1918,2.19238,121
2025-02-06 18:50:00,2.19229,2.19319,2.19229,2.193,120
2025-02-06 18:55:00,2.19304,2.19345,2.19296,2.19303,95
2025-02-06 19:00:00,2.19302,2.1932,2.1925,2.19293,227
2025-02-06 19:05:00,2.19287,2.19287,2.19201,2.19214,125
2025-02-06 19:10:00,2.19211,2.19243,2.19207,2.1921,108
2025-02-06 19:15:00,2.19211,2.19236,2.19193,2.19207,123
2025-02-06 19:20:00,2.19208,2.19246,2.19196,2.19232,123
2025-02-06 19:25:00,2.19233,2.1926,2.19218,2.19235,113
2025-02-06 19:30:00,2.19233,2.19283,2.19233,2.19249,125
2025-02-06 19:35:00,2.19252,2.19252,2.19198,2.19208,113
2025-02-06 19:40:00,2.19208,2.19208,2.19147,2.1916700000000002,95
2025-02-06 19:45:00,2.1917,2.19185,2.19152,2.19163,121
2025-02-06 19:50:00,2.19161,2.1923,2.1915,2.19217,89
2025-02-06 19:55:00,2.1921,2.19233,2.19184,2.19187,122
2025-02-06 20:00:00,2.19185,2.19242,2.1918,2.19226,131
2025-02-06 20:05:00,2.19222,2.19251,2.1919399999999998,2.19238,147
2025-02-06 20:10:00,2.19234,2.19235,2.19186,2.19214,237
2025-02-06 20:15:00,2.19212,2.19231,2.19176,2.19199,206
2025-02-06 20:20:00,2.19196,2.19217,2.19182,2.19212,112
2025-02-06 20:25:00,2.19211,2.19227,2.19195,2.19203,115
2025-02-06 20:30:00,2.19209,2.19278,2.19191,2.19274,122
2025-02-06 20:35:00,2.19272,2.19295,2.19261,2.19281,148
2025-02-06 20:40:00,2.19281,2.19288,2.19252,2.19259,113
2025-02-06 20:45:00,2.1925499999999998,2.19297,2.19249,2.1929,135
2025-02-06 20:50:00,2.19291,2.19299,2.19269,2.19278,133
2025-02-06 20:55:00,2.19276,2.19294,2.19248,2.19287,138
2025-02-06 21:00:00,2.19284,2.19318,2.19273,2.19318,125
2025-02-06 21:05:00,2.19323,2.19326,2.19277,2.19302,92
2025-02-06 21:10:00,2.19294,2.19305,2.19275,2.19281,73
2025-02-06 21:15:00,2.19286,2.19286,2.19222,2.19232,89
2025-02-06 21:20:00,2.19226,2.19305,2.19226,2.19262,67
2025-02-06 21:25:00,2.19261,2.19265,2.19214,2.19223,76
2025-02-06 21:30:00,2.19223,2.19236,2.19189,2.1919399999999998,139
2025-02-06 21:35:00,2.19201,2.19229,2.1919399999999998,2.19211,110
2025-02-06 21:40:00,2.19213,2.19252,2.19199,2.19226,77
2025-02-06 21:45:00,2.19223,2.19226,2.1916700000000002,2.19173,88
2025-02-06 21:50:00,2.1918,2.19212,2.1917,2.19202,91
2025-02-06 21:55:00,2.19205,2.19233,2.1919,2.19212,119
2025-02-06 22:00:00,2.19215,2.1923,2.192,2.19212,81
2025-02-06 22:05:00,2.19211,2.19252,2.19196,2.19224,69
2025-02-06 22:10:00,2.19221,2.1925499999999998,2.19209,2.19213,77
2025-02-06 22:15:00,2.19211,2.19236,2.19196,2.19212,73
2025-02-06 22:20:00,2.19209,2.1923,2.19186,2.19195,59
2025-02-06 22:25:00,2.19197,2.19226,2.19165,2.19179,83
2025-02-06 22:30:00,2.19178,2.19186,2.19152,2.19166,76
2025-02-06 22:35:00,2.19163,2.19189,2.19139,2.19144,56
2025-02-06 22:40:00,2.19146,2.19174,2.19142,2.19155,72
2025-02-06 22:45:00,2.1916,2.1916700000000002,2.19117,2.19126,69
2025-02-06 22:50:00,2.19126,2.19159,2.19126,2.19139,102
2025-02-06 22:55:00,2.19134,2.19151,2.191,2.1912,119
2025-02-06 23:00:00,2.19108,2.19139,2.19095,2.19103,111
2025-02-06 23:05:00,2.19119,2.19129,2.19092,2.19103,48
2025-02-06 23:10:00,2.19129,2.19129,2.19089,2.19129,39
2025-02-06 23:15:00,2.19129,2.19129,2.19079,2.19086,49
2025-02-06 23:20:00,2.19087,2.19089,2.19042,2.19043,66
2025-02-06 23:25:00,2.19044,2.19079,2.19025,2.1904500000000002,55
2025-02-06 23:30:00,2.19042,2.19079,2.19035,2.19079,59
2025-02-06 23:35:00,2.19078,2.19099,2.19055,2.19057,45
2025-02-06 23:40:00,2.19056,2.19114,2.19051,2.19096,47
2025-02-06 23:45:00,2.19096,2.19107,2.19062,2.19075,59
2025-02-06 23:50:00,2.19062,2.19099,2.19059,2.19085,56
2025-02-06 23:55:00,2.19076,2.19108,2.19023,2.19054,187
2025-02-07 00:00:00,2.19033,2.19103,2.18751,2.18871,13
2025-02-07 00:05:00,2.1863,2.19031,2.1863,2.18981,18
2025-02-07 00:10:00,2.18949,2.1901,2.1892,2.18981,36
2025-02-07 00:15:00,2.18981,2.19067,2.18968,2.18968,11
2025-02-07 00:20:00,2.18968,2.19055,2.1896,2.18988,14
2025-02-07 00:25:00,2.18988,2.191,2.18988,2.19008,9
2025-02-07 00:30:00,2.19008,2.19089,2.18921,2.18995,41
2025-02-07 00:35:00,2.18996,2.19079,2.18975,2.19054,45
2025-02-07 00:40:00,2.19042,2.19056,2.18974,2.19055,39
2025-02-07 00:45:00,2.19035,2.19041,2.1893,2.18983,46
2025-02-07 00:50:00,2.18983,2.19109,2.18981,2.19088,43
2025-02-07 00:55:00,2.19087,2.19094,2.19034,2.19064,64
2025-02-07 01:00:00,2.19048,2.19169,2.19047,2.19115,69
2025-02-07 01:05:00,2.1912,2.19169,2.19077,2.19169,54
2025-02-07 01:10:00,2.19155,2.19169,2.19125,2.19169,49
2025-02-07 01:15:00,2.19169,2.19171,2.19048,2.19171,53
2025-02-07 01:20:00,2.19154,2.19166,2.19133,2.19136,44
2025-02-07 01:25:00,2.19153,2.19173,2.19136,2.19161,38
2025-02-07 01:30:00,2.19153,2.19183,2.19135,2.19154,39
2025-02-07 01:35:00,2.19171,2.19172,2.19131,2.19136,32
2025-02-07 01:40:00,2.19133,2.19157,2.19095,2.19098,34
2025-02-07 01:45:00,2.19103,2.19134,2.19091,2.19131,50
2025-02-07 01:50:00,2.19126,2.1915,2.19097,2.19143,54
2025-02-07 01:55:00,2.1914,2.19156,2.191,2.19113,39
2025-02-07 02:00:00,2.19116,2.19139,2.19079,2.19139,116
2025-02-07 02:05:00,2.19141,2.19144,2.19058,2.19058,78
2025-02-07 02:10:00,2.1906,2.19089,2.19037,2.19086,101
2025-02-07 02:15:00,2.19081,2.19145,2.19064,2.19078,105
2025-02-07 02:20:00,2.1908,2.19096,2.19022,2.19022,95
2025-02-07 02:25:00,2.19025,2.19036,2.1895,2.18952,76
2025-02-07 02:30:00,2.18955,2.18965,2.18881,2.18965,124
2025-02-07 02:35:00,2.18955,2.18956,2.18868,2.18885,97
2025-02-07 02:40:00,2.18887,2.18915,2.18868,2.18874,92
2025-02-07 02:45:00,2.18878,2.18896,2.18835,2.1885,86
2025-02-07 02:50:00,2.18852,2.18879,2.18836,2.1887,112
2025-02-07 02:55:00,2.18867,2.18896,2.18834,2.1884,120
2025-02-07 03:00:00,2.18844,2.1886,2.18782,2.18797,150
2025-02-07 03:05:00,2.18802,2.18806,2.18751,2.18764,107
2025-02-07 03:10:00,2.18762,2.18806,2.18762,2.18796,115
2025-02-07 03:15:00,2.18802,2.18802,2.18717,2.18728,141
2025-02-07 03:20:00,2.18725,2.18752,2.18689,2.18718,137
2025-02-07 03:25:00,2.18714,2.18754,2.18644,2.18668,148
2025-02-07 03:30:00,2.18673,2.1871,2.18649,2.18657,157
2025-02-07 03:35:00,2.1866,2.18701,2.18654,2.18662,140
2025-02-07 03:40:00,2.1866,2.18693,2.18619,2.18678,139
2025-02-07 03:45:00,2.18677,2.18677,2.18602,2.18623,176
2025-02-07 03:50:00,2.18626,2.18695,2.18624,2.18673,172
2025-02-07 03:55:00,2.18668,2.1867900000000002,2.18627,2.18654,179
2025-02-07 04:00:00,2.18651,2.18669,2.1859,2.18667,159
2025-02-07 04:05:00,2.18671,2.18673,2.18598,2.186,133
2025-02-07 04:10:00,2.18602,2.18602,2.1852,2.18529,114
2025-02-07 04:15:00,2.18526,2.18555,2.1849600000000002,2.1855,118
2025-02-07 04:20:00,2.18555,2.18559,2.18514,2.18529,114
2025-02-07 04:25:00,2.18525,2.18591,2.18525,2.18558,110
2025-02-07 04:30:00,2.1856,2.18598,2.18552,2.18578,104
2025-02-07 04:35:00,2.18575,2.18615,2.18565,2.18608,120
2025-02-07 04:40:00,2.18597,2.18653,2.18592,2.18629,104
2025-02-07 04:45:00,2.1861,2.18626,2.18536,2.18603,105
2025-02-07 04:50:00,2.18605,2.18678,2.18594,2.18678,81
2025-02-07 04:55:00,2.18685,2.18696,2.18662,2.18676,113
2025-02-07 05:00:00,2.18674,2.18692,2.18648,2.18664,68
2025-02-07 05:05:00,2.18659,2.18709,2.18659,2.18692,73
2025-02-07 05:10:00,2.18717,2.18756,2.18664,2.18673,79
2025-02-07 05:15:00,2.1867,2.18688,2.18645,2.18659,116
2025-02-07 05:20:00,2.18661,2.18681,2.1863799999999998,2.18657,109
2025-02-07 05:25:00,2.18663,2.18667,2.18627,2.18654,97
2025-02-07 05:30:00,2.18651,2.18674,2.18594,2.18646,72
2025-02-07 05:35:00,2.18648,2.18685,2.1864,2.18681,74
2025-02-07 05:40:00,2.1867900000000002,2.18754,2.18674,2.18748,89
2025-02-07 05:45:00,2.1875,2.18752,2.18692,2.18693,98
2025-02-07 05:50:00,2.18691,2.18715,2.18677,2.18715,58
2025-02-07 05:55:00,2.18713,2.18723,2.18691,2.18702,102
2025-02-07 06:00:00,2.187,2.18718,2.18686,2.18692,49
2025-02-07 06:05:00,2.18693,2.1877,2.18693,2.18743,66
2025-02-07 06:10:00,2.18746,2.1879,2.18725,2.18778,78
2025-02-07 06:15:00,2.18779,2.18814,2.18754,2.18795,67
2025-02-07 06:20:00,2.18794,2.18836,2.18787,2.1881,59
2025-02-07 06:25:00,2.18806,2.18865,2.18806,2.18865,70
2025-02-07 06:30:00,2.18847,2.18855,2.18811,2.18815,78
2025-02-07 06:35:00,2.18819,2.18837,2.18777,2.18832,62
2025-02-07 06:40:00,2.18826,2.18885,2.18826,2.1886,59
2025-02-07 06:45:00,2.18853,2.18892,2.18844,2.18892,42
2025-02-07 06:50:00,2.18871,2.18913,2.18868,2.18895,69
2025-02-07 06:55:00,2.18883,2.18888,2.18843,2.18867,92
2025-02-07 07:00:00,2.18872,2.18913,2.18844,2.18844,85
2025-02-07 07:05:00,2.18844,2.18854,2.18779,2.18807,80
2025-02-07 07:10:00,2.18792,2.18836,2.18787,2.18832,86
2025-02-07 07:15:00,2.18832,2.18844,2.18817,2.18839,84
2025-02-07 07:20:00,2.18842,2.18867,2.1883,2.18838,66
2025-02-07 07:25:00,2.18843,2.18877,2.18843,2.18855,61
2025-02-07 07:30:00,2.18858,2.1888,2.1884,2.18863,77
2025-02-07 07:35:00,2.18868,2.18885,2.18831,2.18839,64
2025-02-07 07:40:00,2.18843,2.18847,2.18815,2.18847,70
2025-02-07 07:45:00,2.18851,2.189,2.18848,2.18884,74
2025-02-07 07:50:00,2.18883,2.18912,2.18873,2.18875,109
2025-02-07 07:55:00,2.18879,2.1888199999999998,2.18828,2.18839,123
2025-02-07 08:00:00,2.18837,2.18888,2.18833,2.18888,97
2025-02-07 08:05:00,2.18885,2.18925,2.18853,2.18853,80
2025-02-07 08:10:00,2.18875,2.18885,2.18842,2.1888,115
2025-02-07 08:15:00,2.18885,2.18913,2.18864,2.1891,100
2025-02-07 08:20:00,2.18903,2.18946,2.18885,2.18931,93
2025-02-07 08:25:00,2.18933,2.1894,2.18897,2.18929,74
2025-02-07 08:30:00,2.18922,2.18966,2.18896,2.1896,112
2025-02-07 08:35:00,2.18959,2.19,2.18948,2.18988,94
2025-02-07 08:40:00,2.18994,2.19011,2.18979,2.19009,89
2025-02-07 08:45:00,2.19008,2.19018,2.18986,2.18986,64
2025-02-07 08:50:00,2.18979,2.18997,2.18932,2.18932,70
2025-02-07 08:55:00,2.18934,2.18957,2.18902,2.1894,88
2025-02-07 09:00:00,2.18939,2.1895,2.189,2.18948,146
2025-02-07 09:05:00,2.1894299999999998,2.18967,2.18929,2.18956,150
2025-02-07 09:10:00,2.18952,2.18962,2.18908,2.18926,136
2025-02-07 09:15:00,2.18922,2.18981,2.18915,2.18966,106
2025-02-07 09:20:00,2.18963,2.19019,2.18956,2.19007,82
2025-02-07 09:25:00,2.19013,2.19041,2.18995,2.18996,99
2025-02-07 09:30:00,2.18988,2.18992,2.18927,2.18954,89
2025-02-07 09:35:00,2.1896,2.19003,2.18946,2.18981,110
2025-02-07 09:40:00,2.18985,2.19066,2.18981,2.19052,102
2025-02-07 09:45:00,2.19051,2.19078,2.1902,2.1902,72
2025-02-07 09:50:00,2.19017,2.19058,2.19016,2.19047,97
2025-02-07 09:55:00,2.1905,2.19082,2.19032,2.19032,96
2025-02-07 10:00:00,2.19031,2.19123,2.19028,2.19117,140
2025-02-07 10:05:00,2.19119,2.19126,2.19038,2.19089,154
2025-02-07 10:10:00,2.19094,2.19098,2.18997,2.18997,103
2025-02-07 10:15:00,2.18994,2.19044,2.18969,2.18976,124
2025-02-07 10:20:00,2.1895,2.19019,2.18949,2.18987,130
2025-02-07 10:25:00,2.1898400000000002,2.1904500000000002,2.1898,2.19044,97
2025-02-07 10:30:00,2.1904,2.19076,2.18997,2.19058,129
2025-02-07 10:35:00,2.19071,2.19117,2.19056,2.19082,112
2025-02-07 10:40:00,2.19087,2.19174,2.19066,2.19116,137
2025-02-07 10:45:00,2.19115,2.1914,2.19053,2.19101,100
2025-02-07 10:50:00,2.19121,2.19121,2.19049,2.19091,86
2025-02-07 10:55:00,2.19088,2.19111,2.19061,2.19086,135
2025-02-07 11:00:00,2.19081,2.19148,2.19081,2.19122,149
2025-02-07 11:05:00,2.1912,2.1917,2.19091,2.1916700000000002,136
2025-02-07 11:10:00,2.1916700000000002,2.19177,2.19078,2.19078,130
2025-02-07 11:15:00,2.19082,2.1911,2.19051,2.19051,107
2025-02-07 11:20:00,2.19046,2.19126,2.19037,2.19094,95
2025-02-07 11:25:00,2.1909,2.19104,2.19034,2.19085,111
2025-02-07 11:30:00,2.19088,2.19125,2.19064,2.19078,123
2025-02-07 11:35:00,2.19081,2.19127,2.19078,2.1911,93
2025-02-07 11:40:00,2.19107,2.19115,2.19057,2.19076,109
2025-02-07 11:45:00,2.19078,2.19093,2.19036,2.19042,90
2025-02-07 11:50:00,2.19039,2.19074,2.19029,2.19055,105
2025-02-07 11:55:00,2.19057,2.19078,2.19031,2.19064,123
2025-02-07 12:00:00,2.19063,2.19079,2.19036,2.19049,106
2025-02-07 12:05:00,2.19052,2.1907,2.19031,2.19042,131
2025-02-07 12:10:00,2.19044,2.19145,2.19044,2.19135,131
2025-02-07 12:15:00,2.19145,2.19215,2.19126,2.19202,109
2025-02-07 12:20:00,2.192,2.1928900000000002,2.192,2.19256,100
2025-02-07 12:25:00,2.19259,2.19315,2.19245,2.19306,94
2025-02-07 12:30:00,2.19309,2.19311,2.19226,2.19257,122
2025-02-07 12:35:00,2.19249,2.19269,2.19161,2.19164,104
2025-02-07 12:40:00,2.19163,2.19211,2.19145,2.192,79
2025-02-07 12:45:00,2.19208,2.1921,2.19159,2.19186,95
2025-02-07 12:50:00,2.19181,2.19208,2.19148,2.1918,129
2025-02-07 12:55:00,2.19178,2.19227,2.19158,2.1922,123
2025-02-07 13:00:00,2.19226,2.19275,2.19216,2.19271,118
2025-02-07 13:05:00,2.19277,2.19317,2.1926,2.19314,110
2025-02-07 13:10:00,2.19312,2.19336,2.19295,2.19331,102
2025-02-07 13:15:00,2.19333,2.1935000000000002,2.19288,2.19313,116
2025-02-07 13:20:00,2.1931,2.19382,2.19306,2.19372,108
2025-02-07 13:25:00,2.19371,2.19419,2.19369,2.19409,97
2025-02-07 13:30:00,2.19408,2.19422,2.19367,2.19387,100
2025-02-07 13:35:00,2.19398,2.19418,2.19333,2.19348,86
2025-02-07 13:40:00,2.19345,2.19407,2.19337,2.19406,76
2025-02-07 13:45:00,2.19402,2.19405,2.19384,2.19399,76
2025-02-07 13:50:00,2.194,2.1944,2.19365,2.19381,82
2025-02-07 13:55:00,2.19381,2.1941100000000002,2.19381,2.19402,90
2025-02-07 14:00:00,2.19401,2.19418,2.19386,2.19388,101
2025-02-07 14:05:00,2.19389,2.19439,2.19385,2.19431,116
2025-02-07 14:10:00,2.19434,2.1947,2.19424,2.19429,84
2025-02-07 14:15:00,2.19428,2.19469,2.19421,2.19448,98
2025-02-07 14:20:00,2.19444,2.19451,2.19396,2.19396,88
2025-02-07 14:25:00,2.19397,2.19406,2.19371,2.19403,82
2025-02-07 14:30:00,2.19405,2.19415,2.19378,2.19385,91
2025-02-07 14:35:00,2.19383,2.19402,2.1937,2.19373,94
2025-02-07 14:40:00,2.19378,2.19381,2.19327,2.19331,109
2025-02-07 14:45:00,2.19334,2.19344,2.19273,2.19277,116
2025-02-07 14:50:00,2.19278,2.19317,2.19261,2.19314,110
2025-02-07 14:55:00,2.19313,2.19336,2.19264,2.19324,146
2025-02-07 15:00:00,2.19318,2.19391,2.19314,2.19379,196
2025-02-07 15:05:00,2.19376,2.19405,2.19339,2.19359,118
2025-02-07 15:10:00,2.19361,2.19389,2.19333,2.19369,165
2025-02-07 15:15:00,2.19374,2.19448,2.19337,2.19443,154
2025-02-07 15:20:00,2.19443,2.19455,2.19394,2.19409,158
2025-02-07 15:25:00,2.194,2.19566,2.194,2.1955999999999998,149
2025-02-07 15:30:00,2.19338,2.19522,2.19259,2.193,503
2025-02-07 15:35:00,2.19302,2.19349,2.19233,2.19259,442
2025-02-07 15:40:00,2.19254,2.19306,2.19211,2.19238,406
2025-02-07 15:45:00,2.19245,2.1941,2.1921,2.19404,368
2025-02-07 15:50:00,2.19401,2.19408,2.1927,2.193,350
2025-02-07 15:55:00,2.193,2.19343,2.19257,2.19305,336
2025-02-07 16:00:00,2.19305,2.19375,2.19292,2.19353,322
2025-02-07 16:05:00,2.19345,2.1938,2.19329,2.19352,282
2025-02-07 16:10:00,2.19364,2.19379,2.19306,2.19317,252
2025-02-07 16:15:00,2.19315,2.19349,2.19299,2.19334,327
2025-02-07 16:20:00,2.19332,2.19424,2.19331,2.19369,324
2025-02-07 16:25:00,2.19367,2.19435,2.19347,2.1943,245
2025-02-07 16:30:00,2.19427,2.1943,2.19345,2.19348,254
2025-02-07 16:35:00,2.19345,2.19361,2.19262,2.1931599999999998,275
2025-02-07 16:40:00,2.19318,2.19437,2.1931599999999998,2.19437,208
2025-02-07 16:45:00,2.19433,2.19442,2.19291,2.19306,224
2025-02-07 16:50:00,2.19315,2.19352,2.193,2.19327,218
2025-02-07 16:55:00,2.19324,2.19384,2.19304,2.19375,197
2025-02-07 17:00:00,2.19354,2.19446,2.19303,2.19419,366
2025-02-07 17:05:00,2.19418,2.19469,2.19416,2.1943799999999998,287
2025-02-07 17:10:00,2.19433,2.1953,2.19415,2.1944,339
2025-02-07 17:15:00,2.19436,2.19491,2.19397,2.19485,262
2025-02-07 17:20:00,2.1948,2.19527,2.19463,2.19522,252
2025-02-07 17:25:00,2.1952,2.19562,2.19507,2.19525,256
2025-02-07 17:30:00,2.19517,2.19564,2.19464,2.19468,267
2025-02-07 17:35:00,2.1947,2.19487,2.19388,2.19422,231
2025-02-07 17:40:00,2.19431,2.19451,2.19374,2.19397,222
2025-02-07 17:45:00,2.19396,2.19425,2.19366,2.19403,218
2025-02-07 17:50:00,2.19401,2.19518,2.1936,2.19464,342
2025-02-07 17:55:00,2.1948,2.19627,2.19442,2.19452,486
2025-02-07 18:00:00,2.19446,2.19517,2.19374,2.19388,416
2025-02-07 18:05:00,2.194,2.19469,2.19359,2.19397,385
2025-02-07 18:10:00,2.19394,2.19427,2.19355,2.19363,366
2025-02-07 18:15:00,2.1936,2.1943799999999998,2.1931,2.19323,328
2025-02-07 18:20:00,2.19332,2.19413,2.19269,2.19354,400
2025-02-07 18:25:00,2.19345,2.19415,2.19291,2.19401,314
2025-02-07 18:30:00,2.19397,2.19416,2.19349,2.19372,298
2025-02-07 18:35:00,2.19369,2.19401,2.19305,2.19333,309
2025-02-07 18:40:00,2.19333,2.19344,2.19258,2.19318,301
2025-02-07 18:45:00,2.19317,2.19354,2.19288,2.19344,267
2025-02-07 18:50:00,2.1934,2.19385,2.19309,2.19375,232
2025-02-07 18:55:00,2.1937699999999998,2.19389,2.19225,2.19307,300
2025-02-07 19:00:00,2.19303,2.1934,2.19241,2.19278,258
2025-02-07 19:05:00,2.1927,2.19312,2.19242,2.19286,428
2025-02-07 19:10:00,2.1928900000000002,2.19333,2.1927,2.19323,328
2025-02-07 19:15:00,2.19319,2.19369,2.19272,2.19334,441
2025-02-07 19:20:00,2.19337,2.19412,2.19288,2.19386,379
2025-02-07 19:25:00,2.19385,2.1944,2.19367,2.19382,266
2025-02-07 19:30:00,2.19382,2.19405,2.19319,2.19327,248
2025-02-07 19:35:00,2.1932,2.19336,2.19274,2.19301,236
2025-02-07 19:40:00,2.193,2.19359,2.19285,2.19321,192
2025-02-07 19:45:00,2.19322,2.19366,2.19295,2.19359,155
2025-02-07 19:50:00,2.19358,2.1937,2.19302,2.1934,181
2025-02-07 19:55:00,2.19347,2.19408,2.19327,2.1937699999999998,168
2025-02-07 20:00:00,2.19368,2.19448,2.19334,2.19343,164
2025-02-07 20:05:00,2.19333,2.19354,2.19285,2.19288,168
2025-02-07 20:10:00,2.19275,2.19371,2.19273,2.19343,149
2025-02-07 20:15:00,2.19342,2.1935000000000002,2.19282,2.1935000000000002,117
2025-02-07 20:20:00,2.19353,2.19408,2.19331,2.19364,127
2025-02-07 20:25:00,2.19362,2.19447,2.19303,2.19313,136
2025-02-07 20:30:00,2.19305,2.19365,2.19305,2.19342,99
2025-02-07 20:35:00,2.19321,2.19387,2.19321,2.19357,83
2025-02-07 20:40:00,2.19356,2.19382,2.19336,2.19361,144
2025-02-07 20:45:00,2.19362,2.19371,2.19335,2.19356,205
2025-02-07 20:50:00,2.19357,2.19368,2.19319,2.19323,163
2025-02-07 20:55:00,2.1932,2.1934,2.1928,2.19337,173
2025-02-07 21:00:00,2.1933,2.19358,2.19326,2.19356,176
2025-02-07 21:05:00,2.19348,2.19362,2.19312,2.1932,169
2025-02-07 21:10:00,2.1931599999999998,2.19364,2.19315,2.19339,158
2025-02-07 21:15:00,2.19339,2.1934,2.19305,2.19322,168
2025-02-07 21:20:00,2.19326,2.19329,2.1929,2.19317,155
2025-02-07 21:25:00,2.19317,2.19326,2.19237,2.1928,197
2025-02-07 21:30:00,2.1928,2.19292,2.19246,2.19246,166
2025-02-07 21:35:00,2.19244,2.19305,2.19244,2.19293,127
2025-02-07 21:40:00,2.19296,2.19352,2.19276,2.19352,198
2025-02-07 21:45:00,2.19344,2.19349,2.1932,2.19339,161
2025-02-07 21:50:00,2.1934,2.19349,2.19293,2.19308,152
2025-02-07 21:55:00,2.1931,2.19348,2.19297,2.19348,177
2025-02-07 22:00:00,2.19348,2.19349,2.19309,2.19333,152
2025-02-07 22:05:00,2.19332,2.19341,2.19295,2.19315,182
2025-02-07 22:10:00,2.19313,2.19314,2.19283,2.19304,190
2025-02-07 22:15:00,2.19305,2.19317,2.19279,2.19293,161
2025-02-07 22:20:00,2.19285,2.1929,2.19257,2.19284,175
2025-02-07 22:25:00,2.19287,2.19292,2.19253,2.19277,146
2025-02-07 22:30:00,2.1927,2.19273,2.19237,2.19249,136
2025-02-07 22:35:00,2.19245,2.19265,2.1922800000000002,2.19249,128
2025-02-07 22:40:00,2.19249,2.19278,2.19243,2.1925,140
2025-02-07 22:45:00,2.19249,2.19251,2.19217,2.19233,106
2025-02-07 22:50:00,2.19234,2.19281,2.19229,2.19273,111
2025-02-07 22:55:00,2.19265,2.19281,2.1923,2.19242,147
2025-02-07 23:00:00,2.1924,2.19279,2.19205,2.19263,106
2025-02-07 23:05:00,2.19263,2.19309,2.19261,2.19279,58
2025-02-07 23:10:00,2.19278,2.19302,2.19276,2.19283,94
2025-02-07 23:15:00,2.19282,2.19304,2.19281,2.19297,48
2025-02-07 23:20:00,2.1928900000000002,2.19318,2.19236,2.19256,37
2025-02-07 23:25:00,2.1925,2.19277,2.1922,2.19277,61
2025-02-07 23:30:00,2.19256,2.1928,2.19226,2.19254,42
2025-02-07 23:35:00,2.19268,2.19277,2.19223,2.1926,62
2025-02-07 23:40:00,2.19257,2.1928,2.19221,2.19225,67
2025-02-07 23:45:00,2.19237,2.19265,2.19222,2.19245,70
2025-02-07 23:50:00,2.19246,2.19251,2.19143,2.19158,102
2025-02-07 23:55:00,2.19002,2.19118,2.1886,2.18918,965
2025-02-10 00:00:00,2.1945,2.1945,2.19044,2.19213,23
2025-02-10 00:05:00,2.19147,2.19315,2.19016,2.19084,41
2025-02-10 00:10:00,2.19224,2.19274,2.18676,2.18966,119
2025-02-10 00:15:00,2.19176,2.19303,2.19162,2.19283,35
2025-02-10 00:20:00,2.19312,2.1948,2.19234,2.19295,72
2025-02-10 00:25:00,2.19308,2.1936,2.19122,2.19145,67
2025-02-10 00:30:00,2.19142,2.19383,2.18988,2.19063,77
2025-02-10 00:35:00,2.19048,2.19463,2.19023,2.1934,145
2025-02-10 00:40:00,2.19345,2.19386,2.19162,2.19221,137
2025-02-10 00:45:00,2.19223,2.19565,2.19223,2.19471,71
2025-02-10 00:50:00,2.19475,2.19495,2.194,2.19405,75
2025-02-10 00:55:00,2.19405,2.19434,2.19383,2.19409,80
2025-02-10 01:00:00,2.19382,2.19404,2.19134,2.19136,260
2025-02-10 01:05:00,2.19137,2.19233,2.19114,2.19207,110
2025-02-10 01:10:00,2.19175,2.19327,2.19175,2.19307,95
2025-02-10 01:15:00,2.19302,2.19311,2.19257,2.19268,89
2025-02-10 01:20:00,2.19268,2.19337,2.19261,2.19325,70
2025-02-10 01:25:00,2.1933,2.19404,2.1933,2.19373,73
2025-02-10 01:30:00,2.19368,2.19439,2.19348,2.19431,103
2025-02-10 01:35:00,2.19424,2.19447,2.19332,2.19332,103
2025-02-10 01:40:00,2.19331,2.19404,2.1933,2.19399,72
2025-02-10 01:45:00,2.19397,2.1943799999999998,2.19389,2.19408,109
2025-02-10 01:50:00,2.19408,2.19443,2.19333,2.19342,114
2025-02-10 01:55:00,2.1934,2.19429,2.19338,2.19429,106
2025-02-10 02:00:00,2.19427,2.19451,2.19292,2.19301,216
2025-02-10 02:05:00,2.19306,2.19381,2.19295,2.19337,177
2025-02-10 02:10:00,2.19341,2.19367,2.19317,2.19345,135
2025-02-10 02:15:00,2.19344,2.19369,2.19315,2.19338,187
2025-02-10 02:20:00,2.19332,2.19427,2.19322,2.19404,172
2025-02-10 02:25:00,2.1941100000000002,2.19431,2.19347,2.19376,141
2025-02-10 02:30:00,2.19381,2.19478,2.19349,2.19473,180
2025-02-10 02:35:00,2.19471,2.19471,2.19395,2.19396,135
2025-02-10 02:40:00,2.19394,2.19429,2.19369,2.19414,110
2025-02-10 02:45:00,2.19416,2.19483,2.19412,2.19481,147
2025-02-10 02:50:00,2.19479,2.19489,2.19359,2.19359,190
2025-02-10 02:55:00,2.19361,2.19385,2.1926,2.19278,205
2025-02-10 03:00:00,2.1928,2.19311,2.19259,2.19295,185
2025-02-10 03:05:00,2.19298,2.19323,2.19277,2.19279,163
2025-02-10 03:10:00,2.19277,2.19336,2.19271,2.19326,155
2025-02-10 03:15:00,2.19323,2.19339,2.1925,2.19261,155
2025-02-10 03:20:00,2.19257,2.19344,2.19254,2.193,152
2025-02-10 03:25:00,2.193,2.1941,2.193,2.19362,154
2025-02-10 03:30:00,2.19353,2.1947200000000002,2.19353,2.19441,217
2025-02-10 03:35:00,2.19439,2.1951,2.19432,2.19474,171
2025-02-10 03:40:00,2.19488,2.19517,2.1946,2.19482,224
2025-02-10 03:45:00,2.19484,2.19526,2.19477,2.19513,174
2025-02-10 03:50:00,2.19509,2.19513,2.19419,2.19484,171
2025-02-10 03:55:00,2.19487,2.19506,2.19466,2.19489,157
2025-02-10 04:00:00,2.19484,2.19515,2.19467,2.19476,149
2025-02-10 04:05:00,2.19474,2.19477,2.19432,2.19469,143
2025-02-10 04:10:00,2.1948,2.19518,2.1947200000000002,2.19476,122
2025-02-10 04:15:00,2.19478,2.1949899999999998,2.19458,2.19469,161
2025-02-10 04:20:00,2.19464,2.19526,2.19454,2.19512,118
2025-02-10 04:25:00,2.1951,2.19515,2.19486,2.19487,139
2025-02-10 04:30:00,2.19489,2.19523,2.19476,2.19514,133
2025-02-10 04:35:00,2.19522,2.1953300000000002,2.19477,2.1953300000000002,104
2025-02-10 04:40:00,2.19526,2.19527,2.1948,2.19483,110
2025-02-10 04:45:00,2.1947200000000002,2.1949,2.19439,2.19444,88
2025-02-10 04:50:00,2.19446,2.19455,2.19408,2.19419,116
2025-02-10 04:55:00,2.19409,2.19412,2.19383,2.19391,117
2025-02-10 05:00:00,2.19389,2.19407,2.1935000000000002,2.1935000000000002,105
2025-02-10 05:05:00,2.19351,2.19378,2.19309,2.1931599999999998,107
2025-02-10 05:10:00,2.19319,2.19333,2.1929,2.19333,87
2025-02-10 05:15:00,2.19328,2.19369,2.19327,2.19367,129
2025-02-10 05:20:00,2.19367,2.19382,2.19327,2.19339,114
2025-02-10 05:25:00,2.19336,2.19339,2.19298,2.19306,126
2025-02-10 05:30:00,2.19303,2.19311,2.19279,2.19293,90
2025-02-10 05:35:00,2.193,2.19322,2.1929,2.19296,51
2025-02-10 05:40:00,2.19298,2.1933,2.19284,2.19321,78
2025-02-10 05:45:00,2.19318,2.19318,2.19259,2.19271,98
2025-02-10 05:50:00,2.19264,2.19308,2.19246,2.19307,69
2025-02-10 05:55:00,2.19306,2.19307,2.19227,2.19274,83
2025-02-10 06:00:00,2.19276,2.19277,2.19214,2.1922,83
2025-02-10 06:05:00,2.19223,2.19223,2.19181,2.19199,65
2025-02-10 06:10:00,2.19193,2.19208,2.19172,2.1918,65
2025-02-10 06:15:00,2.19175,2.19217,2.19165,2.19196,87
2025-02-10 06:20:00,2.19198,2.19235,2.19178,2.19181,66
2025-02-10 06:25:00,2.19186,2.19208,2.19184,2.19198,64
2025-02-10 06:30:00,2.19201,2.19236,2.19177,2.1921,57
2025-02-10 06:35:00,2.19201,2.19204,2.19166,2.19181,63
2025-02-10 06:40:00,2.19179,2.19207,2.1917,2.19197,76
2025-02-10 06:45:00,2.19195,2.19223,2.19188,2.19211,89
2025-02-10 06:50:00,2.19213,2.19218,2.19185,2.19188,73
2025-02-10 06:55:00,2.19185,2.19185,2.19165,2.19165,58
2025-02-10 07:00:00,2.1916,2.19212,2.19157,2.19198,109
2025-02-10 07:05:00,2.19199,2.19204,2.1915,2.1915,77
2025-02-10 07:10:00,2.19154,2.19181,2.19147,2.19169,55
2025-02-10 07:15:00,2.19164,2.19199,2.19164,2.19173,74
2025-02-10 07:20:00,2.19169,2.19185,2.19148,2.19175,101
2025-02-10 07:25:00,2.19178,2.19185,2.19146,2.19151,89
2025-02-10 07:30:00,2.19154,2.19171,2.19126,2.19138,96
2025-02-10 07:35:00,2.19141,2.19213,2.19136,2.19209,90
2025-02-10 07:40:00,2.19206,2.19206,2.19129,2.19149,115
2025-02-10 07:45:00,2.19154,2.1917,2.19144,2.19165,91
2025-02-10 07:50:00,2.19159,2.19181,2.19152,2.19176,107
2025-02-10 07:55:00,2.19173,2.19186,2.19133,2.19155,128
2025-02-10 08:00:00,2.19152,2.19178,2.19096,2.19114,114
2025-02-10 08:05:00,2.19117,2.19149,2.19098,2.19143,112
2025-02-10 08:10:00,2.19145,2.19188,2.19136,2.19176,132
2025-02-10 08:15:00,2.19173,2.19193,2.19161,2.19175,97
2025-02-10 08:20:00,2.19172,2.1918,2.19141,2.1918,96
2025-02-10 08:25:00,2.19179,2.19182,2.19139,2.19156,89
2025-02-10 08:30:00,2.19155,2.19193,2.19137,2.19173,120
2025-02-10 08:35:00,2.19174,2.19181,2.1911,2.19126,108
2025-02-10 08:40:00,2.19122,2.19145,2.191,2.19108,97
2025-02-10 08:45:00,2.19119,2.1914,2.19091,2.19115,115
2025-02-10 08:50:00,2.19117,2.19141,2.19103,2.19112,113
2025-02-10 08:55:00,2.19115,2.19135,2.191,2.19127,113
2025-02-10 09:00:00,2.19119,2.19262,2.19108,2.19252,223
2025-02-10 09:05:00,2.1924,2.19313,2.1924,2.19301,191
2025-02-10 09:10:00,2.19306,2.19314,2.19254,2.19259,137
2025-02-10 09:15:00,2.19262,2.19282,2.19234,2.19264,103
2025-02-10 09:20:00,2.19264,2.19331,2.19264,2.19307,124
2025-02-10 09:25:00,2.19307,2.19343,2.19284,2.19333,150
2025-02-10 09:30:00,2.19331,2.1934,2.19252,2.19292,149
2025-02-10 09:35:00,2.19288,2.1931,2.19236,2.19253,118
2025-02-10 09:40:00,2.1925,2.19251,2.19175,2.19198,121
2025-02-10 09:45:00,2.1919399999999998,2.19303,2.19184,2.193,108
2025-02-10 09:50:00,2.193,2.19342,2.19297,2.19329,106
2025-02-10 09:55:00,2.19327,2.19332,2.19263,2.19284,148
2025-02-10 10:00:00,2.19284,2.19378,2.19273,2.19352,179
2025-02-10 10:05:00,2.19356,2.19422,2.19295,2.19302,167
2025-02-10 10:10:00,2.19302,2.19381,2.19287,2.19378,171
2025-02-10 10:15:00,2.19372,2.19397,2.1928900000000002,2.1931599999999998,165
2025-02-10 10:20:00,2.19321,2.19399,2.19321,2.19361,164
2025-02-10 10:25:00,2.19358,2.19371,2.19281,2.19281,179
2025-02-10 10:30:00,2.19284,2.1932,2.19268,2.19298,151
2025-02-10 10:35:00,2.19306,2.19306,2.19249,2.1926,131
2025-02-10 10:40:00,2.19261,2.19297,2.19256,2.19282,142
2025-02-10 10:45:00,2.19273,2.19273,2.19192,2.19215,168
2025-02-10 10:50:00,2.1921,2.19268,2.19205,2.19251,214
2025-02-10 10:55:00,2.19254,2.19297,2.19252,2.19291,181
2025-02-10 11:00:00,2.19294,2.1931599999999998,2.19265,2.19265,249
2025-02-10 11:05:00,2.19262,2.19325,2.19236,2.19325,219
2025-02-10 11:10:00,2.19335,2.19337,2.19237,2.19275,240
2025-02-10 11:15:00,2.19276,2.1929,2.19242,2.19254,212
2025-02-10 11:20:00,2.19253,2.19311,2.1925,2.19299,155
2025-02-10 11:25:00,2.19296,2.19333,2.1927,2.19299,230
2025-02-10 11:30:00,2.19296,2.19313,2.19268,2.19284,212
2025-02-10 11:35:00,2.1929,2.1931,2.19257,2.19267,214
2025-02-10 11:40:00,2.19273,2.19312,2.19234,2.19283,189
2025-02-10 11:45:00,2.19284,2.19332,2.19272,2.19313,224
2025-02-10 11:50:00,2.19317,2.19317,2.19209,2.19235,223
2025-02-10 11:55:00,2.19236,2.19288,2.1923,2.19269,244
2025-02-10 12:00:00,2.19267,2.1931,2.19236,2.19286,211
2025-02-10 12:05:00,2.19281,2.19282,2.19239,2.19264,181
2025-02-10 12:10:00,2.19266,2.1928,2.19204,2.19218,179
2025-02-10 12:15:00,2.19217,2.19272,2.19196,2.19242,157
2025-02-10 12:20:00,2.19238,2.19312,2.19233,2.19305,147
2025-02-10 12:25:00,2.19304,2.19338,2.19276,2.19321,188
2025-02-10 12:30:00,2.19313,2.19317,2.19268,2.1928900000000002,165
2025-02-10 12:35:00,2.19286,2.19304,2.19224,2.19242,183
2025-02-10 12:40:00,2.19241,2.19318,2.19241,2.19288,201
2025-02-10 12:45:00,2.19288,2.1935000000000002,2.19269,2.19344,190
2025-02-10 12:50:00,2.19334,2.19334,2.19271,2.19278,175
2025-02-10 12:55:00,2.19274,2.19326,2.19257,2.19326,210
2025-02-10 13:00:00,2.19326,2.19347,2.19299,2.19347,248
2025-02-10 13:05:00,2.19346,2.19388,2.19308,2.19331,226
2025-02-10 13:10:00,2.19331,2.19341,2.19306,2.19307,217
2025-02-10 13:15:00,2.19308,2.19317,2.1926,2.19262,173
2025-02-10 13:20:00,2.19264,2.19348,2.19257,2.19348,184
2025-02-10 13:25:00,2.19345,2.19358,2.19307,2.19323,170
2025-02-10 13:30:00,2.19324,2.19343,2.19295,2.19337,154
2025-02-10 13:35:00,2.19336,2.19357,2.19319,2.19324,158
2025-02-10 13:40:00,2.19324,2.19372,2.19307,2.19307,125
2025-02-10 13:45:00,2.193,2.1931599999999998,2.19237,2.19247,176
2025-02-10 13:50:00,2.19246,2.19249,2.19206,2.1923,119
2025-02-10 13:55:00,2.19221,2.19362,2.19221,2.19347,224
2025-02-10 14:00:00,2.19345,2.19367,2.19269,2.19272,250
2025-02-10 14:05:00,2.1927,2.19306,2.19238,2.1925499999999998,190
2025-02-10 14:10:00,2.1925,2.19254,2.19146,2.19155,221
2025-02-10 14:15:00,2.19154,2.19208,2.1913,2.19159,168
2025-02-10 14:20:00,2.19162,2.19189,2.19123,2.19157,124
2025-02-10 14:25:00,2.1916,2.19199,2.19144,2.1915,103
2025-02-10 14:30:00,2.19153,2.19175,2.19122,2.19169,121
2025-02-10 14:35:00,2.19172,2.19182,2.19113,2.19118,93
2025-02-10 14:40:00,2.19124,2.19229,2.19124,2.19217,110
2025-02-10 14:45:00,2.1922,2.19244,2.19215,2.19217,65
2025-02-10 14:50:00,2.19221,2.19239,2.19199,2.19222,99
2025-02-10 14:55:00,2.19215,2.19241,2.19188,2.19238,164
2025-02-10 15:00:00,2.19245,2.19262,2.19207,2.19207,113
2025-02-10 15:05:00,2.1921,2.19237,2.1917,2.19201,112
2025-02-10 15:10:00,2.19195,2.19195,2.19116,2.19147,117
2025-02-10 15:15:00,2.1915,2.19209,2.19142,2.19185,140
2025-02-10 15:20:00,2.19186,2.1921,2.19129,2.19152,164
2025-02-10 15:25:00,2.19149,2.19154,2.19117,2.1914,118
2025-02-10 15:30:00,2.19144,2.19174,2.19083,2.19102,148
2025-02-10 15:35:00,2.19098,2.1913,2.1902,2.19048,123
2025-02-10 15:40:00,2.19053,2.19056,2.18991,2.19009,122
2025-02-10 15:45:00,2.19014,2.19033,2.18949,2.18951,128
2025-02-10 15:50:00,2.18952,2.19025,2.18933,2.19024,116
2025-02-10 15:55:00,2.19023,2.1904,2.1894299999999998,2.18969,146
2025-02-10 16:00:00,2.18965,2.18979,2.189,2.18917,183
2025-02-10 16:05:00,2.18918,2.18946,2.18894,2.18928,151
2025-02-10 16:10:00,2.18928,2.1899,2.18901,2.1891,118
2025-02-10 16:15:00,2.18906,2.1891,2.18851,2.1886,148
2025-02-10 16:20:00,2.18854,2.18903,2.18802,2.18874,168
2025-02-10 16:25:00,2.18868,2.18903,2.18829,2.18835,133
2025-02-10 16:30:00,2.18824,2.18852,2.18783,2.18829,216
2025-02-10 16:35:00,2.18822,2.18876,2.18813,2.18838,196
2025-02-10 16:40:00,2.18835,2.18908,2.18834,2.1886200000000002,213
2025-02-10 16:45:00,2.18865,2.18924,2.18857,2.18901,184
2025-02-10 16:50:00,2.18907,2.18919,2.18804,2.18804,185
2025-02-10 16:55:00,2.18804,2.18911,2.18799,2.18879,184
2025-02-10 17:00:00,2.1888,2.18946,2.1886200000000002,2.18928,178
2025-02-10 17:05:00,2.18927,2.18932,2.18875,2.18895,136
2025-02-10 17:10:00,2.18892,2.18901,2.18836,2.18894,159
2025-02-10 17:15:00,2.18898,2.18909,2.18782,2.18802,145
2025-02-10 17:20:00,2.18798,2.18834,2.18761,2.18813,135
2025-02-10 17:25:00,2.18816,2.18849,2.1880100000000002,2.18822,116
2025-02-10 17:30:00,2.18824,2.18957,2.18824,2.18941,126
2025-02-10 17:35:00,2.18947,2.18969,2.18884,2.18899,113
2025-02-10 17:40:00,2.18902,2.19033,2.18902,2.19028,109
2025-02-10 17:45:00,2.19033,2.1908,2.19009,2.19062,141
2025-02-10 17:50:00,2.19053,2.19053,2.1901,2.19024,164
2025-02-10 17:55:00,2.1902,2.19051,2.18976,2.1899,224
2025-02-10 18:00:00,2.18982,2.19015,2.18946,2.18997,186
2025-02-10 18:05:00,2.19011,2.19098,2.18999,2.19059,135
2025-02-10 18:10:00,2.19066,2.1909,2.19042,2.19079,108
2025-02-10 18:15:00,2.19082,2.19142,2.19078,2.191,148
2025-02-10 18:20:00,2.19111,2.19183,2.19097,2.19179,156
2025-02-10 18:25:00,2.19184,2.19251,2.19181,2.19214,156
2025-02-10 18:30:00,2.19217,2.19224,2.19166,2.19169,136
2025-02-10 18:35:00,2.19172,2.19193,2.1914,2.19147,114
2025-02-10 18:40:00,2.19156,2.19158,2.19114,2.19139,96
2025-02-10 18:45:00,2.1914,2.19158,2.1909,2.1910600000000002,136
2025-02-10 18:50:00,2.19114,2.19154,2.19097,2.1912,110
2025-02-10 18:55:00,2.19117,2.1913,2.19088,2.19103,109
2025-02-10 19:00:00,2.19104,2.19117,2.19088,2.19104,96
2025-02-10 19:05:00,2.19107,2.19182,2.19099,2.19151,107
2025-02-10 19:10:00,2.19153,2.19169,2.19135,2.19151,113
2025-02-10 19:15:00,2.19152,2.19166,2.19086,2.19089,134
2025-02-10 19:20:00,2.19089,2.19165,2.19087,2.19164,114
2025-02-10 19:25:00,2.19165,2.1916700000000002,2.1910600000000002,2.1913,99
2025-02-10 19:30:00,2.19128,2.19212,2.19117,2.19198,126
2025-02-10 19:35:00,2.19189,2.19197,2.19149,2.19151,78
2025-02-10 19:40:00,2.19157,2.19188,2.19142,2.19188,90
2025-02-10 19:45:00,2.1919399999999998,2.19238,2.1915,2.19155,136
2025-02-10 19:50:00,2.1915,2.1919,2.19139,2.19152,71
2025-02-10 19:55:00,2.19163,2.19197,2.19156,2.19156,78
2025-02-10 20:00:00,2.19166,2.1922,2.19133,2.19156,88
2025-02-10 20:05:00,2.19157,2.19252,2.19134,2.19236,122
2025-02-10 20:10:00,2.19237,2.1926,2.19191,2.19204,76
2025-02-10 20:15:00,2.1922800000000002,2.19232,2.1916,2.1916,62
2025-02-10 20:20:00,2.19159,2.19185,2.19148,2.19175,79
2025-02-10 20:25:00,2.19176,2.19179,2.19149,2.19162,79
2025-02-10 20:30:00,2.19163,2.19175,2.19142,2.19142,68
2025-02-10 20:35:00,2.19145,2.1919399999999998,2.19136,2.19141,73
2025-02-10 20:40:00,2.19143,2.19156,2.19103,2.19117,92
2025-02-10 20:45:00,2.19121,2.1916700000000002,2.19115,2.19163,92
2025-02-10 20:50:00,2.19173,2.1919399999999998,2.19155,2.19155,93
2025-02-10 20:55:00,2.19148,2.19163,2.19141,2.19148,96
2025-02-10 21:00:00,2.1915,2.1917,2.19134,2.19168,116
2025-02-10 21:05:00,2.1916700000000002,2.19174,2.1914,2.19174,58
2025-02-10 21:10:00,2.19175,2.19205,2.19168,2.19179,53
2025-02-10 21:15:00,2.19188,2.19212,2.19165,2.19195,97
2025-02-10 21:20:00,2.1919399999999998,2.19215,2.1917,2.19178,92
2025-02-10 21:25:00,2.19176,2.19212,2.19162,2.19186,88
2025-02-10 21:30:00,2.19186,2.19187,2.19123,2.19148,91
2025-02-10 21:35:00,2.19145,2.19148,2.19119,2.19129,97
2025-02-10 21:40:00,2.19127,2.19149,2.19123,2.1913,87
2025-02-10 21:45:00,2.19131,2.19131,2.19079,2.1908,82
2025-02-10 21:50:00,2.19079,2.19104,2.19063,2.1908,80
2025-02-10 21:55:00,2.19084,2.19144,2.19083,2.1913,123
2025-02-10 22:00:00,2.19128,2.1916,2.19128,2.19145,79
2025-02-10 22:05:00,2.19146,2.19171,2.19133,2.19133,60
2025-02-10 22:10:00,2.19137,2.1916,2.19114,2.19132,91
2025-02-10 22:15:00,2.19134,2.19149,2.19105,2.19105,70
2025-02-10 22:20:00,2.191,2.19151,2.19099,2.19137,62
2025-02-10 22:25:00,2.19136,2.19162,2.19136,2.19162,60
2025-02-10 22:30:00,2.19136,2.19162,2.19121,2.19121,52
2025-02-10 22:35:00,2.19122,2.19162,2.1912,2.19142,63
2025-02-10 22:40:00,2.19142,2.1915,2.191,2.19119,66
2025-02-10 22:45:00,2.19119,2.19139,2.191,2.19117,66
2025-02-10 22:50:00,2.19118,2.19132,2.19088,2.19109,83
2025-02-10 22:55:00,2.19108,2.19136,2.19101,2.19116,113
2025-02-10 23:00:00,2.19115,2.19152,2.19095,2.19109,90
2025-02-10 23:05:00,2.19109,2.19137,2.19099,2.1912,41
2025-02-10 23:10:00,2.1912,2.19142,2.19101,2.19119,59
2025-02-10 23:15:00,2.19123,2.19168,2.19116,2.19132,74
2025-02-10 23:20:00,2.19133,2.19171,2.19124,2.1913,50
2025-02-10 23:25:00,2.19139,2.19174,2.19128,2.19146,43
2025-02-10 23:30:00,2.1915,2.1918,2.19147,2.19162,28
2025-02-10 23:35:00,2.19163,2.1919399999999998,2.19162,2.19178,22
2025-02-10 23:40:00,2.19179,2.19192,2.19147,2.19192,46
2025-02-10 23:45:00,2.19187,2.19197,2.19161,2.19176,52
2025-02-10 23:50:00,2.19199,2.19219,2.19168,2.19191,66
2025-02-10 23:55:00,2.19199,2.19242,2.19178,2.19229,284
2025-02-11 00:00:00,2.19213,2.19213,2.18861,2.19133,17
2025-02-11 00:05:00,2.18911,2.19072,2.18901,2.18901,21
2025-02-11 00:10:00,2.18901,2.18911,2.18665,2.18861,72
2025-02-11 00:15:00,2.18896,2.1916700000000002,2.18893,2.19122,56
2025-02-11 00:20:00,2.19156,2.19166,2.18915,2.18932,39
2025-02-11 00:25:00,2.18982,2.19061,2.18929,2.1906,32
2025-02-11 00:30:00,2.19044,2.1907,2.19,2.19069,46
2025-02-11 00:35:00,2.19024,2.19169,2.18977,2.19164,104
2025-02-11 00:40:00,2.19139,2.19199,2.19101,2.19147,79
2025-02-11 00:45:00,2.19149,2.19211,2.19138,2.19168,126
2025-02-11 00:50:00,2.19169,2.19227,2.19147,2.19204,155
2025-02-11 00:55:00,2.1921,2.1925,2.19155,2.1922,123
2025-02-11 01:00:00,2.19208,2.19214,2.19121,2.19175,119
2025-02-11 01:05:00,2.19169,2.19249,2.1916,2.19197,154
2025-02-11 01:10:00,2.19238,2.19386,2.19218,2.19353,166
2025-02-11 01:15:00,2.19346,2.1937,2.19293,2.19305,174
2025-02-11 01:20:00,2.19304,2.19409,2.1928,2.19404,84
2025-02-11 01:25:00,2.19407,2.19486,2.19361,2.19366,164
2025-02-11 01:30:00,2.19353,2.19392,2.1933,2.19339,90
2025-02-11 01:35:00,2.19345,2.19366,2.19303,2.19333,74
2025-02-11 01:40:00,2.19336,2.19342,2.19271,2.19286,81
2025-02-11 01:45:00,2.19287,2.19325,2.19287,2.19297,45
2025-02-11 01:50:00,2.193,2.19307,2.19267,2.19285,55
2025-02-11 01:55:00,2.19288,2.1935000000000002,2.19288,2.19342,79
2025-02-11 02:00:00,2.1934,2.19403,2.19325,2.19387,117
2025-02-11 02:05:00,2.19387,2.1942,2.1931599999999998,2.19362,108
2025-02-11 02:10:00,2.19367,2.19385,2.19317,2.19324,52
2025-02-11 02:15:00,2.19326,2.19365,2.1931599999999998,2.1932,64
2025-02-11 02:20:00,2.19319,2.19333,2.19299,2.19309,96
2025-02-11 02:25:00,2.19307,2.19393,2.19294,2.19366,110
2025-02-11 02:30:00,2.19354,2.19412,2.19351,2.19358,84
2025-02-11 02:35:00,2.19355,2.19361,2.19309,2.1934,54
2025-02-11 02:40:00,2.1934,2.1935000000000002,2.19304,2.19339,57
2025-02-11 02:45:00,2.19336,2.19362,2.19335,2.19337,62
2025-02-11 02:50:00,2.19345,2.1936,2.19311,2.19327,65
2025-02-11 02:55:00,2.19326,2.19332,2.19293,2.19293,51
2025-02-11 03:00:00,2.19285,2.19317,2.19285,2.19311,105
2025-02-11 03:05:00,2.19307,2.19311,2.1922800000000002,2.1922800000000002,92
2025-02-11 03:10:00,2.19227,2.1927,2.19207,2.19209,127
2025-02-11 03:15:00,2.1921,2.19259,2.19182,2.19184,114
2025-02-11 03:20:00,2.19182,2.192,2.19165,2.19182,95
2025-02-11 03:25:00,2.19185,2.19219,2.19161,2.19195,98
2025-02-11 03:30:00,2.19193,2.19217,2.19151,2.19179,174
2025-02-11 03:35:00,2.19182,2.19223,2.19177,2.19205,138
2025-02-11 03:40:00,2.19207,2.1922800000000002,2.19185,2.19209,132
2025-02-11 03:45:00,2.1921,2.19227,2.19183,2.19196,94
2025-02-11 03:50:00,2.192,2.19219,2.19175,2.1919399999999998,130
2025-02-11 03:55:00,2.19196,2.19232,2.1918,2.19205,104
2025-02-11 04:00:00,2.19203,2.19208,2.19158,2.19174,130
2025-02-11 04:05:00,2.19169,2.19209,2.19158,2.19189,133
2025-02-11 04:10:00,2.19189,2.19252,2.19176,2.19248,104
2025-02-11 04:15:00,2.1925,2.19266,2.19172,2.19223,151
2025-02-11 04:20:00,2.19217,2.19229,2.19155,2.1919,146
2025-02-11 04:25:00,2.19188,2.19223,2.19163,2.19171,143
2025-02-11 04:30:00,2.19171,2.19243,2.19153,2.1923,135
2025-02-11 04:35:00,2.19203,2.19217,2.19179,2.19196,142
2025-02-11 04:40:00,2.19202,2.19259,2.19188,2.19205,151
2025-02-11 04:45:00,2.19193,2.19207,2.19143,2.19145,115
2025-02-11 04:50:00,2.19131,2.19176,2.19115,2.19176,118
2025-02-11 04:55:00,2.19172,2.19232,2.19162,2.19219,90
2025-02-11 05:00:00,2.19222,2.19268,2.19212,2.19219,86
2025-02-11 05:05:00,2.19212,2.19215,2.1916700000000002,2.19178,92
2025-02-11 05:10:00,2.19175,2.19197,2.1916700000000002,2.19193,138
2025-02-11 05:15:00,2.192,2.19203,2.19171,2.19171,109
2025-02-11 05:20:00,2.19176,2.19176,2.19127,2.19133,113
2025-02-11 05:25:00,2.19136,2.19152,2.19122,2.19123,111
2025-02-11 05:30:00,2.19122,2.19135,2.19107,2.19131,95
2025-02-11 05:35:00,2.19136,2.19138,2.19091,2.19091,122
2025-02-11 05:40:00,2.19096,2.19116,2.19069,2.19079,67
2025-02-11 05:45:00,2.19077,2.19129,2.19077,2.19103,67
2025-02-11 05:50:00,2.19123,2.19123,2.19066,2.19075,80
2025-02-11 05:55:00,2.19073,2.19088,2.19036,2.19036,73
2025-02-11 06:00:00,2.19038,2.19057,2.19021,2.19053,88
2025-02-11 06:05:00,2.19055,2.19056,2.18999,2.18999,66
2025-02-11 06:10:00,2.19002,2.19016,2.1896,2.18988,76
2025-02-11 06:15:00,2.18988,2.19012,2.18965,2.19012,61
2025-02-11 06:20:00,2.1901,2.19023,2.18986,2.19023,85
2025-02-11 06:25:00,2.19015,2.19015,2.18983,2.18993,99
2025-02-11 06:30:00,2.19,2.19014,2.18974,2.18975,72
2025-02-11 06:35:00,2.18972,2.19005,2.18957,2.18978,100
2025-02-11 06:40:00,2.18976,2.19003,2.18968,2.18996,73
2025-02-11 06:45:00,2.18998,2.18999,2.18982,2.18994,64
2025-02-11 06:50:00,2.18991,2.19023,2.18972,2.18972,80
2025-02-11 06:55:00,2.18965,2.18992,2.18956,2.18987,58
2025-02-11 07:00:00,2.18989,2.19021,2.18985,2.19,83
2025-02-11 07:05:00,2.18997,2.19006,2.18973,2.19,101
2025-02-11 07:10:00,2.19003,2.19005,2.18986,2.18988,87
2025-02-11 07:15:00,2.1898400000000002,2.1898400000000002,2.18933,2.18933,77
2025-02-11 07:20:00,2.18935,2.18971,2.18933,2.18959,79
2025-02-11 07:25:00,2.18957,2.1896,2.18918,2.18939,72
2025-02-11 07:30:00,2.18937,2.1899,2.18931,2.18961,93
2025-02-11 07:35:00,2.18964,2.1898400000000002,2.1892,2.18929,70
2025-02-11 07:40:00,2.18931,2.18939,2.18866,2.18912,100
2025-02-11 07:45:00,2.18914,2.18961,2.18908,2.18961,88
2025-02-11 07:50:00,2.18961,2.18961,2.18884,2.18892,86
2025-02-11 07:55:00,2.18891,2.18941,2.1888199999999998,2.1893,103
2025-02-11 08:00:00,2.18933,2.18955,2.18907,2.18915,68
2025-02-11 08:05:00,2.18912,2.1892,2.1888199999999998,2.18902,108
2025-02-11 08:10:00,2.18896,2.18917,2.18864,2.18884,104
2025-02-11 08:15:00,2.18883,2.18905,2.18859,2.18883,84
2025-02-11 08:20:00,2.1888199999999998,2.1888199999999998,2.18796,2.18807,100
2025-02-11 08:25:00,2.18794,2.1880100000000002,2.18769,2.1880100000000002,107
2025-02-11 08:30:00,2.18808,2.18865,2.18799,2.18852,91
2025-02-11 08:35:00,2.18853,2.18907,2.18841,2.18891,124
2025-02-11 08:40:00,2.18888,2.18888,2.18853,2.18865,97
2025-02-11 08:45:00,2.18857,2.18868,2.18797,2.18805,114
2025-02-11 08:50:00,2.1880100000000002,2.18841,2.18786,2.18836,94
2025-02-11 08:55:00,2.18831,2.18841,2.18778,2.18792,79
2025-02-11 09:00:00,2.18787,2.18816,2.18744,2.18754,184
2025-02-11 09:05:00,2.18748,2.1875,2.18701,2.18733,166
2025-02-11 09:10:00,2.18731,2.18735,2.1863,2.1866,166
2025-02-11 09:15:00,2.18656,2.18704,2.18653,2.18653,80
2025-02-11 09:20:00,2.18635,2.18696,2.18635,2.18658,117
2025-02-11 09:25:00,2.18659,2.18672,2.18585,2.1859,143
2025-02-11 09:30:00,2.18588,2.18631,2.1857699999999998,2.18603,127
2025-02-11 09:35:00,2.18609,2.18629,2.18583,2.18589,116
2025-02-11 09:40:00,2.1858,2.18586,2.18501,2.18523,130
2025-02-11 09:45:00,2.18517,2.18531,2.18441,2.18451,101
2025-02-11 09:50:00,2.18449,2.18474,2.18433,2.18442,97
2025-02-11 09:55:00,2.1845,2.1848,2.18421,2.18425,126
2025-02-11 10:00:00,2.18429,2.18449,2.18316,2.18339,169
2025-02-11 10:05:00,2.1834,2.18421,2.18309,2.18384,168
2025-02-11 10:10:00,2.18387,2.18449,2.18342,2.1843500000000002,111
2025-02-11 10:15:00,2.18433,2.18477,2.18414,2.18416,144
2025-02-11 10:20:00,2.18419,2.18423,2.18303,2.18319,108
2025-02-11 10:25:00,2.18324,2.18401,2.18319,2.1836,100
2025-02-11 10:30:00,2.18357,2.18403,2.18338,2.18367,136
2025-02-11 10:35:00,2.18379,2.18474,2.18371,2.18456,154
2025-02-11 10:40:00,2.18443,2.18468,2.1843,2.18462,153
2025-02-11 10:45:00,2.18464,2.18567,2.18439,2.1855,157
2025-02-11 10:50:00,2.18547,2.18652,2.18515,2.18643,148
2025-02-11 10:55:00,2.18646,2.18672,2.18611,2.1866,141
2025-02-11 11:00:00,2.18656,2.18779,2.18648,2.18777,149
2025-02-11 11:05:00,2.18776,2.1897,2.18775,2.18947,194
2025-02-11 11:10:00,2.18944,2.19027,2.18906,2.19027,132
2025-02-11 11:15:00,2.19023,2.19038,2.18992,2.18997,143
2025-02-11 11:20:00,2.18997,2.19047,2.18988,2.19027,112
2025-02-11 11:25:00,2.19027,2.19046,2.19011,2.19013,108
2025-02-11 11:30:00,2.19017,2.1904,2.18938,2.18938,98
2025-02-11 11:35:00,2.18945,2.18974,2.18895,2.18966,109
2025-02-11 11:40:00,2.18971,2.18982,2.18932,2.18952,95
2025-02-11 11:45:00,2.18951,2.19015,2.18944,2.19015,83
2025-02-11 11:50:00,2.19018,2.19023,2.18968,2.18989,104
2025-02-11 11:55:00,2.18992,2.19001,2.18924,2.18951,100
2025-02-11 12:00:00,2.18954,2.19032,2.18942,2.18953,119
2025-02-11 12:05:00,2.18957,2.18957,2.18861,2.1888199999999998,109
2025-02-11 12:10:00,2.18875,2.18884,2.18844,2.18872,101
2025-02-11 12:15:00,2.18869,2.189,2.18819,2.18826,122
2025-02-11 12:20:00,2.18823,2.18887,2.18823,2.18873,77
2025-02-11 12:25:00,2.18866,2.18878,2.18825,2.18853,109
2025-02-11 12:30:00,2.1885,2.18925,2.18839,2.18899,109
2025-02-11 12:35:00,2.18897,2.18936,2.18881,2.18893,108
2025-02-11 12:40:00,2.18884,2.18925,2.18875,2.18909,108
2025-02-11 12:45:00,2.18909,2.18976,2.18909,2.18961,95
2025-02-11 12:50:00,2.18957,2.19087,2.1894299999999998,2.19084,94
2025-02-11 12:55:00,2.1908,2.19115,2.19062,2.19077,114
2025-02-11 13:00:00,2.19074,2.19141,2.1905,2.19116,103
2025-02-11 13:05:00,2.19119,2.19122,2.19082,2.19116,77
2025-02-11 13:10:00,2.19112,2.1914,2.19098,2.19098,53
2025-02-11 13:15:00,2.19103,2.19132,2.19092,2.19124,77
2025-02-11 13:20:00,2.19125,2.19131,2.19097,2.19099,66
2025-02-11 13:25:00,2.19095,2.19097,2.1906,2.19066,76
2025-02-11 13:30:00,2.19062,2.19076,2.19029,2.19035,66
2025-02-11 13:35:00,2.19033,2.1906,2.19021,2.1906,64
2025-02-11 13:40:00,2.19052,2.19096,2.19051,2.19076,63
2025-02-11 13:45:00,2.19075,2.19104,2.1906499999999998,2.1908,63
2025-02-11 13:50:00,2.19073,2.1910600000000002,2.19071,2.19083,67
2025-02-11 13:55:00,2.19086,2.1911,2.19066,2.19091,90
2025-02-11 14:00:00,2.19087,2.19155,2.19,2.19022,157
2025-02-11 14:05:00,2.19029,2.19067,2.1900399999999998,2.19035,130
2025-02-11 14:10:00,2.19038,2.19091,2.19013,2.19058,112
2025-02-11 14:15:00,2.19054,2.1907,2.18988,2.19017,110
2025-02-11 14:20:00,2.19021,2.19077,2.19015,2.19069,126
2025-02-11 14:25:00,2.19072,2.19085,2.1902,2.19038,120
2025-02-11 14:30:00,2.19034,2.19049,2.1895,2.1896,117
2025-02-11 14:35:00,2.18966,2.18992,2.18932,2.18978,111
2025-02-11 14:40:00,2.18975,2.1899,2.1893,2.1893,86
2025-02-11 14:45:00,2.18926,2.18976,2.18914,2.18976,77
2025-02-11 14:50:00,2.18973,2.19082,2.18948,2.19074,138
2025-02-11 14:55:00,2.19076,2.19205,2.19076,2.19181,162
2025-02-11 15:00:00,2.19188,2.19285,2.19155,2.19258,195
2025-02-11 15:05:00,2.19268,2.19334,2.19268,2.19314,146
2025-02-11 15:10:00,2.19318,2.19358,2.19309,2.19338,144
2025-02-11 15:15:00,2.1934,2.19373,2.19281,2.19292,137
2025-02-11 15:20:00,2.19286,2.19371,2.19261,2.19368,166
2025-02-11 15:25:00,2.19361,2.19378,2.19331,2.19337,136
2025-02-11 15:30:00,2.19341,2.1937699999999998,2.1932,2.19332,160
2025-02-11 15:35:00,2.19337,2.19401,2.19335,2.1939,222
2025-02-11 15:40:00,2.19389,2.19459,2.19386,2.19442,203
2025-02-11 15:45:00,2.19448,2.19517,2.19433,2.19506,200
2025-02-11 15:50:00,2.19507,2.19547,2.19484,2.1952,256
2025-02-11 15:55:00,2.19522,2.19571,2.19503,2.19531,271
2025-02-11 16:00:00,2.19541,2.19546,2.1946,2.19477,316
2025-02-11 16:05:00,2.19479,2.19553,2.19459,2.19527,256
2025-02-11 16:10:00,2.19524,2.19531,2.19478,2.19478,189
2025-02-11 16:15:00,2.19479,2.19503,2.19454,2.19495,236
2025-02-11 16:20:00,2.19494,2.19519,2.19456,2.19459,223
2025-02-11 16:25:00,2.19455,2.1946,2.1929,2.19299,217
2025-02-11 16:30:00,2.19303,2.19418,2.19303,2.19376,276
2025-02-11 16:35:00,2.19376,2.19432,2.19367,2.19387,284
2025-02-11 16:40:00,2.19385,2.19429,2.19366,2.19426,284
2025-02-11 16:45:00,2.19429,2.19504,2.19381,2.19476,284
2025-02-11 16:50:00,2.19479,2.19534,2.19464,2.19534,263
2025-02-11 16:55:00,2.19532,2.19538,2.19483,2.19485,204
2025-02-11 17:00:00,2.19486,2.1962,2.19435,2.19601,232
2025-02-11 17:05:00,2.19602,2.19656,2.19561,2.19583,292
2025-02-11 17:10:00,2.1959,2.19614,2.19582,2.19604,266
2025-02-11 17:15:00,2.19607,2.19664,2.19581,2.19646,265
2025-02-11 17:20:00,2.19644,2.19686,2.19626,2.1965500000000002,322
2025-02-11 17:25:00,2.19648,2.19691,2.19637,2.19654,253
2025-02-11 17:30:00,2.19654,2.19727,2.19648,2.19681,242
2025-02-11 17:35:00,2.19685,2.19688,2.1959400000000002,2.1959400000000002,270
2025-02-11 17:40:00,2.19595,2.19622,2.19566,2.19586,272
2025-02-11 17:45:00,2.19586,2.19636,2.19586,2.19597,165
2025-02-11 17:50:00,2.19597,2.19626,2.1954,2.19567,200
2025-02-11 17:55:00,2.19563,2.19588,2.19494,2.19509,200
2025-02-11 18:00:00,2.19512,2.19561,2.19495,2.19561,178
2025-02-11 18:05:00,2.19561,2.19598,2.19531,2.19588,165
2025-02-11 18:10:00,2.19591,2.19616,2.19574,2.19586,157
2025-02-11 18:15:00,2.19588,2.19588,2.19489,2.19537,171
2025-02-11 18:20:00,2.19537,2.19563,2.19483,2.19495,168
2025-02-11 18:25:00,2.19497,2.19539,2.19491,2.19516,140
2025-02-11 18:30:00,2.19512,2.1953300000000002,2.19495,2.19518,146
2025-02-11 18:35:00,2.19524,2.19549,2.19479,2.19497,131
2025-02-11 18:40:00,2.19498,2.1953300000000002,2.19473,2.19525,121
2025-02-11 18:45:00,2.19525,2.19542,2.19498,2.1954,124
2025-02-11 18:50:00,2.19537,2.19567,2.19487,2.19538,139
2025-02-11 18:55:00,2.1954,2.19616,2.19539,2.1961,121
2025-02-11 19:00:00,2.19611,2.1965,2.19592,2.19649,115
2025-02-11 19:05:00,2.1965,2.19708,2.19647,2.19673,103
2025-02-11 19:10:00,2.19669,2.19687,2.19629,2.1963,102
2025-02-11 19:15:00,2.19633,2.1968199999999998,2.19619,2.19641,95
2025-02-11 19:20:00,2.19638,2.19668,2.19636,2.19646,91
2025-02-11 19:25:00,2.19639,2.19673,2.19616,2.19631,97
2025-02-11 19:30:00,2.19624,2.19664,2.1962099999999998,2.19646,88
2025-02-11 19:35:00,2.19647,2.19676,2.19631,2.19647,65
2025-02-11 19:40:00,2.19644,2.1967,2.19635,2.19662,61
2025-02-11 19:45:00,2.19665,2.1967,2.19605,2.19613,74
2025-02-11 19:50:00,2.19612,2.19717,2.19611,2.19679,76
2025-02-11 19:55:00,2.1968199999999998,2.1977,2.19672,2.19745,70
2025-02-11 20:00:00,2.19749,2.1975,2.19688,2.19713,110
2025-02-11 20:05:00,2.19708,2.19789,2.19698,2.1977,107
2025-02-11 20:10:00,2.19771,2.19909,2.19771,2.19859,84
2025-02-11 20:15:00,2.19859,2.19875,2.1983800000000002,2.19859,64
2025-02-11 20:20:00,2.19861,2.19882,2.19826,2.19832,58
2025-02-11 20:25:00,2.19836,2.19855,2.19823,2.19846,97
2025-02-11 20:30:00,2.19848,2.1986499999999998,2.19818,2.19842,98
2025-02-11 20:35:00,2.19861,2.19909,2.19846,2.19871,90
2025-02-11 20:40:00,2.19862,2.19911,2.19861,2.19876,100
2025-02-11 20:45:00,2.19877,2.19938,2.19877,2.19916,86
2025-02-11 20:50:00,2.1994,2.19946,2.19894,2.19907,76
2025-02-11 20:55:00,2.19906,2.19949,2.19906,2.19932,82
2025-02-11 21:00:00,2.19929,2.19939,2.19918,2.1992,81
2025-02-11 21:05:00,2.19919,2.19952,2.19906,2.1993,59
2025-02-11 21:10:00,2.19932,2.19951,2.19901,2.19916,67
2025-02-11 21:15:00,2.19915,2.19944,2.19915,2.1994,66
2025-02-11 21:20:00,2.19935,2.19981,2.19924,2.19959,46
2025-02-11 21:25:00,2.19957,2.2002,2.19952,2.19999,74
2025-02-11 21:30:00,2.19996,2.20012,2.19956,2.19959,100
2025-02-11 21:35:00,2.1996,2.19976,2.19907,2.1992599999999998,105
2025-02-11 21:40:00,2.19913,2.19998,2.19913,2.19962,336
2025-02-11 21:45:00,2.19964,2.19972,2.19918,2.19933,148
2025-02-11 21:50:00,2.19934,2.19938,2.19872,2.19881,118
2025-02-11 21:55:00,2.19877,2.20062,2.1987,2.20052,129
2025-02-11 22:00:00,2.20044,2.20044,2.19932,2.19946,112
2025-02-11 22:05:00,2.19941,2.19955,2.19916,2.19938,90
2025-02-11 22:10:00,2.1994,2.1997,2.19932,2.19936,86
2025-02-11 22:15:00,2.19936,2.1995,2.19912,2.19946,76
2025-02-11 22:20:00,2.19945,2.19946,2.19887,2.19907,79
2025-02-11 22:25:00,2.199,2.1992599999999998,2.1989,2.199,116
2025-02-11 22:30:00,2.19902,2.19958,2.1989,2.19937,113
2025-02-11 22:35:00,2.19934,2.19946,2.199,2.19944,95
2025-02-11 22:40:00,2.19937,2.19937,2.19906,2.19915,97
2025-02-11 22:45:00,2.19914,2.19929,2.19901,2.19915,116
2025-02-11 22:50:00,2.19916,2.19975,2.19906,2.19975,131
2025-02-11 22:55:00,2.19975,2.19989,2.19931,2.19937,102
2025-02-11 23:00:00,2.19937,2.19969,2.19912,2.19962,81
2025-02-11 23:05:00,2.19964,2.20016,2.19959,2.19992,53
2025-02-11 23:10:00,2.20033,2.20056,2.19986,2.20009,48
2025-02-11 23:15:00,2.20007,2.20057,2.20007,2.20055,32
2025-02-11 23:20:00,2.20055,2.20059,2.19969,2.20017,62
2025-02-11 23:25:00,2.2002,2.20039,2.20007,2.2002800000000002,48
2025-02-11 23:30:00,2.20027,2.20088,2.20023,2.20046,64
2025-02-11 23:35:00,2.2004799999999998,2.20104,2.2004799999999998,2.20083,57
2025-02-11 23:40:00,2.20085,2.20111,2.20085,2.20086,51
2025-02-11 23:45:00,2.2008900000000002,2.2015000000000002,2.2008900000000002,2.20136,60
2025-02-11 23:50:00,2.20123,2.20147,2.20092,2.20092,96
2025-02-11 23:55:00,2.20091,2.20121,2.20061,2.20063,270
2025-02-12 00:00:00,2.20005,2.20005,2.19521,2.19781,23
2025-02-12 00:05:00,2.19862,2.1993,2.19684,2.19831,41
2025-02-12 00:10:00,2.19944,2.20011,2.19929,2.19956,88
2025-02-12 00:15:00,2.20052,2.20091,2.19958,2.20072,23
2025-02-12 00:20:00,2.20038,2.2009,2.19974,2.19978,38
2025-02-12 00:25:00,2.19958,2.20063,2.19933,2.19998,24
2025-02-12 00:30:00,2.19998,2.20094,2.19961,2.20067,49
2025-02-12 00:35:00,2.2004799999999998,2.20063,2.19995,2.20033,24
2025-02-12 00:40:00,2.1999,2.20047,2.19976,2.20001,40
2025-02-12 00:45:00,2.20003,2.20031,2.19993,2.20017,71
2025-02-12 00:50:00,2.20014,2.20041,2.1998,2.20031,99
2025-02-12 00:55:00,2.20021,2.20115,2.20005,2.20062,184
2025-02-12 01:00:00,2.20062,2.20163,2.20036,2.20121,77
2025-02-12 01:05:00,2.20124,2.20159,2.20104,2.20104,29
2025-02-12 01:10:00,2.20113,2.20113,2.2005,2.20072,72
2025-02-12 01:15:00,2.20069,2.2009,2.20059,2.2007,64
2025-02-12 01:20:00,2.20076,2.20106,2.20072,2.2009,58
2025-02-12 01:25:00,2.2008900000000002,2.20102,2.20056,2.20101,58
2025-02-12 01:30:00,2.2011,2.20145,2.20075,2.20088,53
2025-02-12 01:35:00,2.20079,2.20101,2.20058,2.20074,36
2025-02-12 01:40:00,2.20074,2.20074,2.19995,2.19995,50
2025-02-12 01:45:00,2.19993,2.20027,2.1998699999999998,2.19995,45
2025-02-12 01:50:00,2.19998,2.20036,2.19993,2.20001,37
2025-02-12 01:55:00,2.20018,2.20041,2.19997,2.20038,53
2025-02-12 02:00:00,2.20039,2.20086,2.20013,2.20013,86
2025-02-12 02:05:00,2.20021,2.20034,2.19996,2.19997,72
2025-02-12 02:10:00,2.20016,2.20021,2.19935,2.19935,70
2025-02-12 02:15:00,2.19932,2.19942,2.19914,2.19914,54
2025-02-12 02:20:00,2.1991,2.19929,2.19904,2.19917,62
2025-02-12 02:25:00,2.19916,2.19947,2.19915,2.19921,74
2025-02-12 02:30:00,2.19922,2.19997,2.1992,2.19985,88
2025-02-12 02:35:00,2.19983,2.20016,2.19959,2.19977,103
2025-02-12 02:40:00,2.19967,2.19971,2.19898,2.19931,84
2025-02-12 02:45:00,2.1992599999999998,2.1995,2.19888,2.19892,69
2025-02-12 02:50:00,2.19894,2.19924,2.1986499999999998,2.19924,115
2025-02-12 02:55:00,2.1992,2.19936,2.19901,2.19914,120
2025-02-12 03:00:00,2.19911,2.19959,2.19906,2.19918,145
2025-02-12 03:05:00,2.19915,2.19968,2.19894,2.19938,138
2025-02-12 03:10:00,2.19937,2.1996,2.19914,2.1995,124
2025-02-12 03:15:00,2.19954,2.19957,2.19907,2.19927,143
2025-02-12 03:20:00,2.19937,2.19957,2.19894,2.19953,144
2025-02-12 03:25:00,2.19949,2.19972,2.19915,2.19917,138
2025-02-12 03:30:00,2.19919,2.19952,2.19916,2.1992599999999998,137
2025-02-12 03:35:00,2.19918,2.19957,2.19918,2.19923,111
2025-02-12 03:40:00,2.1992599999999998,2.1992599999999998,2.19863,2.19888,134
2025-02-12 03:45:00,2.19881,2.19925,2.19832,2.1983800000000002,149
2025-02-12 03:50:00,2.19833,2.19884,2.19792,2.19792,153
2025-02-12 03:55:00,2.1979,2.19801,2.19744,2.1975,122
2025-02-12 04:00:00,2.19746,2.19778,2.1971,2.19719,168
2025-02-12 04:05:00,2.19718,2.19749,2.19673,2.1973,169
2025-02-12 04:10:00,2.19727,2.19742,2.19709,2.19728,111
2025-02-12 04:15:00,2.19725,2.19736,2.19698,2.1972,125
2025-02-12 04:20:00,2.19723,2.19726,2.19697,2.19708,113
2025-02-12 04:25:00,2.19701,2.19714,2.19665,2.19678,101
2025-02-12 04:30:00,2.1968,2.19715,2.19653,2.1966,131
2025-02-12 04:35:00,2.19663,2.19689,2.19636,2.19637,122
2025-02-12 04:40:00,2.1964,2.19641,2.19636,2.19636,38
2025-02-12 04:45:00,2.19616,2.19673,2.19614,2.19651,119
2025-02-12 04:50:00,2.19653,2.19679,2.19617,2.19657,89
2025-02-12 04:55:00,2.19659,2.19661,2.19586,2.19604,100
2025-02-12 05:00:00,2.19609,2.19657,2.19603,2.19652,139
2025-02-12 05:05:00,2.19649,2.19698,2.19643,2.19687,100
2025-02-12 05:10:00,2.1969,2.19725,2.19639,2.19659,95
2025-02-12 05:15:00,2.19657,2.1972,2.19638,2.19709,111
2025-02-12 05:20:00,2.19714,2.19729,2.19701,2.19701,95
2025-02-12 05:25:00,2.19697,2.19718,2.19677,2.19708,122
2025-02-12 05:30:00,2.19709,2.19728,2.19675,2.19715,151
2025-02-12 05:35:00,2.19722,2.19753,2.19713,2.19752,94
2025-02-12 05:40:00,2.19754,2.19851,2.19754,2.19846,104
2025-02-12 05:45:00,2.19847,2.19856,2.19809,2.19809,112
2025-02-12 05:50:00,2.19815,2.1982,2.19767,2.19771,102
2025-02-12 05:55:00,2.19771,2.19816,2.19766,2.19816,91
2025-02-12 06:00:00,2.19816,2.19841,2.19797,2.19803,97
2025-02-12 06:05:00,2.19808,2.19818,2.19779,2.19795,88
2025-02-12 06:10:00,2.19791,2.1981,2.19748,2.19751,102
2025-02-12 06:15:00,2.1975,2.19784,2.19739,2.19764,85
2025-02-12 06:20:00,2.1976,2.19764,2.19724,2.19759,69
2025-02-12 06:25:00,2.19765,2.19793,2.19756,2.19789,57
2025-02-12 06:30:00,2.19792,2.19864,2.19774,2.19854,85
2025-02-12 06:35:00,2.19856,2.19869,2.19826,2.19853,80
2025-02-12 06:40:00,2.19848,2.19884,2.19848,2.19873,67
2025-02-12 06:45:00,2.19875,2.19952,2.19875,2.19952,78
2025-02-12 06:50:00,2.19955,2.20049,2.19955,2.20044,116
2025-02-12 06:55:00,2.2005,2.20058,2.20001,2.20022,92
2025-02-12 07:00:00,2.20019,2.20045,2.1998,2.20016,131
2025-02-12 07:05:00,2.20012,2.2003,2.20001,2.2002800000000002,93
2025-02-12 07:10:00,2.20025,2.20091,2.20022,2.20086,110
2025-02-12 07:15:00,2.20083,2.20098,2.20069,2.20094,96
2025-02-12 07:20:00,2.20096,2.2012,2.20073,2.20117,84
2025-02-12 07:25:00,2.20112,2.20124,2.20042,2.20081,86
2025-02-12 07:30:00,2.20082,2.20095,2.20057,2.20077,83
2025-02-12 07:35:00,2.20084,2.2008900000000002,2.2002800000000002,2.20029,81
2025-02-12 07:40:00,2.20014,2.2004,2.20005,2.20022,62
2025-02-12 07:45:00,2.20024,2.20095,2.20007,2.20084,80
2025-02-12 07:50:00,2.20086,2.20095,2.20066,2.20066,75
2025-02-12 07:55:00,2.20069,2.2008900000000002,2.20054,2.20057,98
2025-02-12 08:00:00,2.20054,2.20092,2.2004799999999998,2.2005,93
2025-02-12 08:05:00,2.20053,2.20069,2.20032,2.20034,92
2025-02-12 08:10:00,2.20045,2.2012,2.20043,2.2008900000000002,79
2025-02-12 08:15:00,2.20083,2.20113,2.20075,2.20083,113
2025-02-12 08:20:00,2.20081,2.20117,2.20077,2.20117,130
2025-02-12 08:25:00,2.20116,2.20165,2.20113,2.2016,95
2025-02-12 08:30:00,2.20158,2.2016999999999998,2.20134,2.20135,75
2025-02-12 08:35:00,2.20133,2.20185,2.201,2.20164,97
2025-02-12 08:40:00,2.20163,2.20184,2.20134,2.20153,122
2025-02-12 08:45:00,2.20167,2.20175,2.20113,2.20134,129
2025-02-12 08:50:00,2.20138,2.2021100000000002,2.20134,2.20207,120
2025-02-12 08:55:00,2.20199,2.20241,2.20187,2.20217,109
2025-02-12 09:00:00,2.20232,2.20263,2.20196,2.20208,192
2025-02-12 09:05:00,2.2021,2.2027,2.20206,2.20225,202
2025-02-12 09:10:00,2.20229,2.20319,2.20228,2.20261,187
2025-02-12 09:15:00,2.20265,2.20275,2.2018,2.20186,129
2025-02-12 09:20:00,2.20189,2.20257,2.20188,2.20257,99
2025-02-12 09:25:00,2.2025,2.20256,2.2021100000000002,2.20223,130
2025-02-12 09:30:00,2.20219,2.20246,2.20195,2.20227,109
2025-02-12 09:35:00,2.20224,2.20238,2.20199,2.20224,96
2025-02-12 09:40:00,2.2023,2.20239,2.20173,2.20177,88
2025-02-12 09:45:00,2.20174,2.20271,2.20168,2.20255,108
2025-02-12 09:50:00,2.20257,2.20328,2.20223,2.20321,171
2025-02-12 09:55:00,2.2032,2.20379,2.20319,2.20352,180
2025-02-12 10:00:00,2.2036,2.20418,2.20305,2.20332,216
2025-02-12 10:05:00,2.20337,2.20434,2.20332,2.20411,176
2025-02-12 10:10:00,2.2041399999999998,2.20462,2.20384,2.20417,151
2025-02-12 10:15:00,2.20424,2.20459,2.20378,2.20451,169
2025-02-12 10:20:00,2.20445,2.20539,2.20445,2.20499,151
2025-02-12 10:25:00,2.20499,2.20521,2.20443,2.20485,133
2025-02-12 10:30:00,2.20477,2.20494,2.20446,2.20458,128
2025-02-12 10:35:00,2.2046,2.20463,2.20366,2.20378,120
2025-02-12 10:40:00,2.20382,2.20405,2.20343,2.2039400000000002,134
2025-02-12 10:45:00,2.20397,2.20453,2.2038,2.20453,111
2025-02-12 10:50:00,2.20451,2.20472,2.20427,2.20431,144
2025-02-12 10:55:00,2.20439,2.20481,2.20396,2.20434,155
2025-02-12 11:00:00,2.20438,2.20521,2.20427,2.20496,124
2025-02-12 11:05:00,2.20499,2.20541,2.20476,2.20511,121
2025-02-12 11:10:00,2.20514,2.2053,2.20417,2.20426,122
2025-02-12 11:15:00,2.20428,2.20446,2.2039400000000002,2.204,151
2025-02-12 11:20:00,2.20404,2.20418,2.20364,2.20405,99
2025-02-12 11:25:00,2.2039400000000002,2.20443,2.20368,2.20399,129
2025-02-12 11:30:00,2.20408,2.20534,2.20379,2.20534,123
2025-02-12 11:35:00,2.20531,2.20593,2.20504,2.20514,129
2025-02-12 11:40:00,2.20508,2.20561,2.20497,2.2053,107
2025-02-12 11:45:00,2.20527,2.2055,2.20492,2.20511,91
2025-02-12 11:50:00,2.20512,2.20621,2.20512,2.20617,102
2025-02-12 11:55:00,2.20618,2.2063800000000002,2.2058,2.20617,108
2025-02-12 12:00:00,2.2059699999999998,2.20641,2.20552,2.2057700000000002,120
2025-02-12 12:05:00,2.20576,2.20658,2.20546,2.20653,118
2025-02-12 12:10:00,2.20658,2.20705,2.2064,2.20694,137
2025-02-12 12:15:00,2.20697,2.20741,2.20691,2.20702,102
2025-02-12 12:20:00,2.20698,2.20732,2.2069,2.20717,109
2025-02-12 12:25:00,2.20713,2.20783,2.20693,2.2075,104
2025-02-12 12:30:00,2.20753,2.20766,2.20651,2.20653,122
2025-02-12 12:35:00,2.2065,2.20673,2.20625,2.20652,96
2025-02-12 12:40:00,2.20641,2.20669,2.20624,2.20646,94
2025-02-12 12:45:00,2.2065,2.2071,2.2065,2.20685,111
2025-02-12 12:50:00,2.2069,2.20698,2.20648,2.20657,87
2025-02-12 12:55:00,2.2066,2.20674,2.20605,2.20631,113
2025-02-12 13:00:00,2.2063800000000002,2.20703,2.20632,2.20697,90
2025-02-12 13:05:00,2.20698,2.207,2.20631,2.20685,103
2025-02-12 13:10:00,2.2068,2.2073,2.20674,2.20718,126
2025-02-12 13:15:00,2.20721,2.20764,2.20718,2.20749,107
2025-02-12 13:20:00,2.20752,2.20765,2.207,2.20721,118
2025-02-12 13:25:00,2.20724,2.20735,2.20701,2.20706,107
2025-02-12 13:30:00,2.20705,2.20746,2.20678,2.20686,105
2025-02-12 13:35:00,2.20686,2.20785,2.20686,2.20749,105
2025-02-12 13:40:00,2.20753,2.2077,2.20666,2.20678,99
2025-02-12 13:45:00,2.20674,2.20759,2.20661,2.20755,141
2025-02-12 13:50:00,2.20748,2.20772,2.20734,2.20755,114
2025-02-12 13:55:00,2.20751,2.20802,2.20722,2.20773,108
2025-02-12 14:00:00,2.20771,2.20792,2.20739,2.2075,99
2025-02-12 14:05:00,2.20739,2.20768,2.20717,2.20738,81
2025-02-12 14:10:00,2.20738,2.20816,2.20735,2.20762,111
2025-02-12 14:15:00,2.20765,2.20789,2.20756,2.20773,89
2025-02-12 14:20:00,2.20775,2.20792,2.20745,2.20763,102
2025-02-12 14:25:00,2.20764,2.20784,2.20686,2.20721,72
2025-02-12 14:30:00,2.20724,2.20778,2.20713,2.20755,92
2025-02-12 14:35:00,2.20751,2.20751,2.20712,2.20722,85
2025-02-12 14:40:00,2.20717,2.20748,2.20704,2.20728,97
2025-02-12 14:45:00,2.2073,2.20759,2.20713,2.20735,127
2025-02-12 14:50:00,2.2074,2.20761,2.20716,2.20732,91
2025-02-12 14:55:00,2.20728,2.20741,2.20658,2.20659,170
2025-02-12 15:00:00,2.20668,2.2069,2.20542,2.20548,199
2025-02-12 15:05:00,2.2056,2.20642,2.20553,2.20633,195
2025-02-12 15:10:00,2.20637,2.20651,2.20565,2.20571,178
2025-02-12 15:15:00,2.20569,2.20585,2.2053,2.20559,178
2025-02-12 15:20:00,2.20556,2.20587,2.20541,2.20558,174
2025-02-12 15:25:00,2.20565,2.2072,2.20503,2.20635,196
2025-02-12 15:30:00,2.20632,2.20785,2.20457,2.20572,487
2025-02-12 15:35:00,2.20569,2.20671,2.20531,2.20624,448
2025-02-12 15:40:00,2.20618,2.20728,2.20611,2.20676,430
2025-02-12 15:45:00,2.20681,2.20744,2.2063,2.20722,415
2025-02-12 15:50:00,2.20725,2.20859,2.20717,2.20779,387
2025-02-12 15:55:00,2.20784,2.20911,2.2078,2.2090899999999998,375
2025-02-12 16:00:00,2.2091,2.20999,2.20905,2.2092,381
2025-02-12 16:05:00,2.20921,2.20999,2.209,2.20914,298
2025-02-12 16:10:00,2.20911,2.2096999999999998,2.20832,2.20832,299
2025-02-12 16:15:00,2.20832,2.20846,2.20767,2.20824,269
2025-02-12 16:20:00,2.20827,2.20894,2.20808,2.20846,228
2025-02-12 16:25:00,2.20846,2.20954,2.20834,2.20902,232
2025-02-12 16:30:00,2.20901,2.2100400000000002,2.20901,2.20928,320
2025-02-12 16:35:00,2.20931,2.20931,2.20825,2.20864,276
2025-02-12 16:40:00,2.20866,2.20877,2.20764,2.2079,251
2025-02-12 16:45:00,2.20783,2.20783,2.20581,2.20581,270
2025-02-12 16:50:00,2.20576,2.20673,2.20576,2.20598,215
2025-02-12 16:55:00,2.20603,2.20695,2.20567,2.20683,264
2025-02-12 17:00:00,2.20679,2.20679,2.20563,2.20609,263
2025-02-12 17:05:00,2.20618,2.20706,2.20605,2.20678,340
2025-02-12 17:10:00,2.20679,2.20724,2.20666,2.20724,340
2025-02-12 17:15:00,2.20724,2.20753,2.20709,2.20749,315
2025-02-12 17:20:00,2.20743,2.2086,2.20715,2.20808,293
2025-02-12 17:25:00,2.2082,2.20868,2.20742,2.20834,391
2025-02-12 17:30:00,2.20831,2.20892,2.20808,2.20874,315
2025-02-12 17:35:00,2.20876,2.20923,2.20767,2.20905,353
2025-02-12 17:40:00,2.20899,2.20995,2.20897,2.2090899999999998,365
2025-02-12 17:45:00,2.20913,2.20941,2.20883,2.20921,348
2025-02-12 17:50:00,2.20924,2.20924,2.2074,2.20749,348
2025-02-12 17:55:00,2.20738,2.20765,2.2064,2.20752,347
2025-02-12 18:00:00,2.20753,2.20768,2.2069900000000002,2.20762,332
2025-02-12 18:05:00,2.20764,2.20775,2.20684,2.20687,306
2025-02-12 18:10:00,2.20685,2.20728,2.2066,2.20665,259
2025-02-12 18:15:00,2.20671,2.20682,2.20594,2.20608,207
2025-02-12 18:20:00,2.20616,2.20677,2.20608,2.20674,230
2025-02-12 18:25:00,2.20666,2.20707,2.20646,2.20703,193
2025-02-12 18:30:00,2.20703,2.20703,2.2063,2.20646,189
2025-02-12 18:35:00,2.20639,2.20664,2.20582,2.20586,193
2025-02-12 18:40:00,2.20595,2.20612,2.20564,2.20596,167
2025-02-12 18:45:00,2.20591,2.2061,2.20544,2.2057,174
2025-02-12 18:50:00,2.20566,2.20572,2.20502,2.20544,207
2025-02-12 18:55:00,2.20552,2.20598,2.20524,2.2059,277
2025-02-12 19:00:00,2.20591,2.20655,2.20553,2.20636,313
2025-02-12 19:05:00,2.20627,2.2066,2.2057,2.20595,233
2025-02-12 19:10:00,2.20592,2.20594,2.2047,2.20503,326
2025-02-12 19:15:00,2.20504,2.20512,2.20428,2.2045,336
2025-02-12 19:20:00,2.20443,2.20513,2.20418,2.20489,303
2025-02-12 19:25:00,2.20483,2.20484,2.20378,2.20404,252
2025-02-12 19:30:00,2.20407,2.20423,2.20345,2.20362,243
2025-02-12 19:35:00,2.20362,2.20375,2.20317,2.20361,201
2025-02-12 19:40:00,2.20357,2.2042,2.20342,2.20403,212
2025-02-12 19:45:00,2.2041,2.20429,2.20378,2.20429,190
2025-02-12 19:50:00,2.2043,2.20448,2.2038,2.20445,198
2025-02-12 19:55:00,2.20448,2.20478,2.20417,2.20456,234
2025-02-12 20:00:00,2.20453,2.20453,2.20373,2.20425,232
2025-02-12 20:05:00,2.20426,2.20469,2.2041,2.2041,220
2025-02-12 20:10:00,2.20417,2.2042,2.2034,2.20377,175
2025-02-12 20:15:00,2.20373,2.20402,2.20347,2.20391,154
2025-02-12 20:20:00,2.20391,2.20396,2.2034,2.20357,150
2025-02-12 20:25:00,2.20357,2.20418,2.2034,2.20408,236
2025-02-12 20:30:00,2.20405,2.20435,2.20378,2.20396,247
2025-02-12 20:35:00,2.20391,2.20439,2.20379,2.20424,149
2025-02-12 20:40:00,2.20426,2.20461,2.20404,2.20452,129
2025-02-12 20:45:00,2.20451,2.20479,2.20429,2.2045,127
2025-02-12 20:50:00,2.20447,2.20494,2.20447,2.20464,129
2025-02-12 20:55:00,2.20459,2.20467,2.20403,2.20419,132
2025-02-12 21:00:00,2.20413,2.2047,2.20402,2.20445,119
2025-02-12 21:05:00,2.20443,2.20477,2.20442,2.20469,87
2025-02-12 21:10:00,2.20466,2.20485,2.20457,2.20469,107
2025-02-12 21:15:00,2.20469,2.20473,2.20435,2.2044,66
2025-02-12 21:20:00,2.20443,2.20445,2.20393,2.20406,61
2025-02-12 21:25:00,2.20409,2.2046,2.20396,2.20444,87
2025-02-12 21:30:00,2.20447,2.20494,2.20447,2.20484,72
2025-02-12 21:35:00,2.20491,2.20491,2.20421,2.2046,86
2025-02-12 21:40:00,2.20452,2.20477,2.20442,2.20463,81
2025-02-12 21:45:00,2.20468,2.20486,2.2046,2.20474,68
2025-02-12 21:50:00,2.20479,2.20497,2.20447,2.20462,68
2025-02-12 21:55:00,2.20459,2.20474,2.20391,2.20404,112
2025-02-12 22:00:00,2.20404,2.20423,2.20382,2.20382,82
2025-02-12 22:05:00,2.20385,2.20419,2.20376,2.20412,69
2025-02-12 22:10:00,2.20415,2.20431,2.20393,2.2041,64
2025-02-12 22:15:00,2.2041,2.20415,2.20393,2.20409,71
2025-02-12 22:20:00,2.20401,2.2042,2.20387,2.20391,79
2025-02-12 22:25:00,2.20392,2.20434,2.20392,2.20421,79
2025-02-12 22:30:00,2.20413,2.20418,2.20397,2.20405,96
2025-02-12 22:35:00,2.20412,2.20439,2.20401,2.20428,117
2025-02-12 22:40:00,2.20428,2.20453,2.20418,2.20423,117
2025-02-12 22:45:00,2.20425,2.20437,2.20403,2.2041,108
2025-02-12 22:50:00,2.20404,2.20429,2.20404,2.2042,143
2025-02-12 22:55:00,2.20423,2.20439,2.20397,2.204,184
2025-02-12 23:00:00,2.20406,2.20462,2.20402,2.20403,166
2025-02-12 23:05:00,2.20399,2.20459,2.20395,2.20445,90
2025-02-12 23:10:00,2.20441,2.20469,2.20434,2.20451,79
2025-02-12 23:15:00,2.20449,2.205,2.20445,2.20485,62
2025-02-12 23:20:00,2.20489,2.20529,2.20483,2.2051,53
2025-02-12 23:25:00,2.20511,2.20529,2.20483,2.20488,92
2025-02-12 23:30:00,2.20485,2.20498,2.20453,2.20494,46
2025-02-12 23:35:00,2.20498,2.20546,2.20488,2.20504,66
2025-02-12 23:40:00,2.20512,2.20529,2.20468,2.20473,47
2025-02-12 23:45:00,2.20468,2.20529,2.20468,2.2051600000000002,52
2025-02-12 23:50:00,2.20505,2.20519,2.20485,2.205,80
2025-02-12 23:55:00,2.2051,2.20581,2.20481,2.20494,320
2025-02-13 00:00:00,2.20328,2.20382,2.2021100000000002,2.2038,13
2025-02-13 00:05:00,2.2032,2.20493,2.20261,2.20341,68
2025-02-13 00:10:00,2.20341,2.20502,2.20311,2.20484,29
2025-02-13 00:15:00,2.20318,2.20479,2.20318,2.20468,6
2025-02-13 00:20:00,2.20345,2.2054,2.20202,2.2054,132
2025-02-13 00:25:00,2.20514,2.20535,2.204,2.20401,26
2025-02-13 00:30:00,2.20452,2.2047,2.20411,2.20445,32
2025-02-13 00:35:00,2.20452,2.20473,2.20392,2.20429,76
2025-02-13 00:40:00,2.20432,2.20477,2.2039,2.2039400000000002,65
2025-02-13 00:45:00,2.2039400000000002,2.20543,2.2039400000000002,2.20476,141
2025-02-13 00:50:00,2.20493,2.20505,2.20325,2.20399,47
2025-02-13 00:55:00,2.2039400000000002,2.20525,2.20357,2.20525,90
2025-02-13 01:00:00,2.20521,2.20557,2.20493,2.20549,73
2025-02-13 01:05:00,2.20549,2.20591,2.20535,2.20589,38
2025-02-13 01:10:00,2.20585,2.2061,2.20579,2.20581,39
2025-02-13 01:15:00,2.20584,2.20672,2.20582,2.20657,45
2025-02-13 01:20:00,2.2065,2.20673,2.20615,2.20662,44
2025-02-13 01:25:00,2.20659,2.20679,2.20642,2.20664,38
2025-02-13 01:30:00,2.20664,2.20683,2.20652,2.2066,32
2025-02-13 01:35:00,2.20662,2.207,2.20649,2.20649,41
2025-02-13 01:40:00,2.20661,2.20694,2.20651,2.20655,38
2025-02-13 01:45:00,2.20651,2.20669,2.20633,2.20665,43
2025-02-13 01:50:00,2.20679,2.20684,2.20642,2.20659,72
2025-02-13 01:55:00,2.20661,2.20695,2.20651,2.20667,55
2025-02-13 02:00:00,2.20668,2.20707,2.20646,2.20705,95
2025-02-13 02:05:00,2.20703,2.20718,2.20687,2.20691,84
2025-02-13 02:10:00,2.20697,2.20709,2.20685,2.20705,59
2025-02-13 02:15:00,2.20705,2.20717,2.20672,2.20696,60
2025-02-13 02:20:00,2.2069,2.20722,2.20631,2.20691,96
2025-02-13 02:25:00,2.20675,2.20695,2.20655,2.20668,94
2025-02-13 02:30:00,2.20671,2.20678,2.20641,2.20647,84
2025-02-13 02:35:00,2.2065,2.20651,2.20595,2.20617,73
2025-02-13 02:40:00,2.20615,2.20629,2.20553,2.2057,115
2025-02-13 02:45:00,2.20573,2.20625,2.20569,2.20614,92
2025-02-13 02:50:00,2.20613,2.2063,2.20594,2.20625,118
2025-02-13 02:55:00,2.20625,2.2063800000000002,2.20591,2.20635,118
2025-02-13 03:00:00,2.20639,2.20657,2.20612,2.2065,183
2025-02-13 03:05:00,2.20652,2.20686,2.20629,2.20632,159
2025-02-13 03:10:00,2.20632,2.20685,2.20615,2.20647,156
2025-02-13 03:15:00,2.20645,2.20722,2.2062,2.2071,198
2025-02-13 03:20:00,2.20708,2.20782,2.2069900000000002,2.20782,197
2025-02-13 03:25:00,2.20785,2.20796,2.20698,2.20709,189
2025-02-13 03:30:00,2.20709,2.20741,2.20681,2.20719,190
2025-02-13 03:35:00,2.20721,2.20767,2.20673,2.20761,199
2025-02-13 03:40:00,2.2076000000000002,2.20775,2.2069900000000002,2.20705,176
2025-02-13 03:45:00,2.20702,2.20728,2.20685,2.20715,190
2025-02-13 03:50:00,2.20716,2.2072,2.20681,2.20689,200
2025-02-13 03:55:00,2.20686,2.20711,2.20661,2.20667,176
2025-02-13 04:00:00,2.20685,2.20698,2.20645,2.2066,126
2025-02-13 04:05:00,2.20662,2.20743,2.2066,2.20735,160
2025-02-13 04:10:00,2.20729,2.20751,2.207,2.20749,162
2025-02-13 04:15:00,2.20742,2.20769,2.20724,2.20758,171
2025-02-13 04:20:00,2.20756,2.20782,2.20725,2.2078,149
2025-02-13 04:25:00,2.20779,2.208,2.20757,2.2076000000000002,173
2025-02-13 04:30:00,2.2076000000000002,2.2082100000000002,2.20757,2.20819,147
2025-02-13 04:35:00,2.20817,2.20854,2.20809,2.2083,146
2025-02-13 04:40:00,2.20832,2.20873,2.20813,2.20841,148
2025-02-13 04:45:00,2.20837,2.20853,2.20823,2.2085,160
2025-02-13 04:50:00,2.20853,2.20926,2.20843,2.20921,167
2025-02-13 04:55:00,2.20919,2.20959,2.2090899999999998,2.20953,155
2025-02-13 05:00:00,2.20955,2.20979,2.20948,2.20962,125
2025-02-13 05:05:00,2.20961,2.20974,2.20883,2.20904,119
2025-02-13 05:10:00,2.20902,2.20919,2.20879,2.209,118
2025-02-13 05:15:00,2.20898,2.20898,2.20794,2.20801,196
2025-02-13 05:20:00,2.20809,2.20828,2.20768,2.20778,182
2025-02-13 05:25:00,2.20778,2.20795,2.20758,2.20774,135
2025-02-13 05:30:00,2.20774,2.20826,2.20752,2.20817,154
2025-02-13 05:35:00,2.20813,2.20845,2.20794,2.20815,139
2025-02-13 05:40:00,2.20822,2.2085,2.20762,2.20783,167
2025-02-13 05:45:00,2.20788,2.2083,2.2077,2.20812,143
2025-02-13 05:50:00,2.20815,2.2084799999999998,2.20802,2.20803,132
2025-02-13 05:55:00,2.20805,2.20814,2.20792,2.20799,152
2025-02-13 06:00:00,2.20799,2.20799,2.20738,2.2076000000000002,192
2025-02-13 06:05:00,2.2076000000000002,2.20765,2.20693,2.20758,174
2025-02-13 06:10:00,2.2076000000000002,2.20762,2.20717,2.20738,131
2025-02-13 06:15:00,2.20744,2.20801,2.20732,2.2079,155
2025-02-13 06:20:00,2.20788,2.20812,2.20767,2.20798,126
2025-02-13 06:25:00,2.20799,2.20799,2.20763,2.20768,113
2025-02-13 06:30:00,2.20765,2.20788,2.20744,2.20766,112
2025-02-13 06:35:00,2.2077,2.20808,2.20743,2.20782,161
2025-02-13 06:40:00,2.2078,2.20782,2.20693,2.20737,119
2025-02-13 06:45:00,2.20742,2.20806,2.20727,2.20802,110
2025-02-13 06:50:00,2.20792,2.20792,2.20746,2.20762,95
2025-02-13 06:55:00,2.2076000000000002,2.20781,2.20701,2.20741,115
2025-02-13 07:00:00,2.20739,2.20751,2.207,2.20722,139
2025-02-13 07:05:00,2.2072,2.20742,2.20682,2.20686,145
2025-02-13 07:10:00,2.2069,2.20733,2.20668,2.20668,157
2025-02-13 07:15:00,2.20674,2.2068,2.20641,2.20643,76
2025-02-13 07:20:00,2.2064,2.20683,2.20631,2.20671,108
2025-02-13 07:25:00,2.20674,2.20715,2.20661,2.20712,99
2025-02-13 07:30:00,2.20712,2.20714,2.20672,2.20697,141
2025-02-13 07:35:00,2.2069900000000002,2.20735,2.20691,2.20705,147
2025-02-13 07:40:00,2.20704,2.20761,2.20701,2.20745,136
2025-02-13 07:45:00,2.20748,2.20758,2.20727,2.20746,130
2025-02-13 07:50:00,2.20741,2.20789,2.20711,2.2077,125
2025-02-13 07:55:00,2.20768,2.20768,2.20673,2.20674,179
2025-02-13 08:00:00,2.20674,2.20764,2.20673,2.20759,165
2025-02-13 08:05:00,2.20762,2.20818,2.2072599999999998,2.20801,160
2025-02-13 08:10:00,2.20798,2.20887,2.20785,2.20875,138
2025-02-13 08:15:00,2.20872,2.20901,2.2084799999999998,2.20859,211
2025-02-13 08:20:00,2.20861,2.20874,2.20824,2.20832,165
2025-02-13 08:25:00,2.2083,2.20859,2.2079,2.20797,136
2025-02-13 08:30:00,2.20799,2.20846,2.20782,2.20826,168
2025-02-13 08:35:00,2.20831,2.20888,2.20817,2.20884,117
2025-02-13 08:40:00,2.20887,2.20914,2.20854,2.20893,161
2025-02-13 08:45:00,2.20896,2.20898,2.20803,2.20819,143
2025-02-13 08:50:00,2.20817,2.2085,2.20798,2.2085,142
2025-02-13 08:55:00,2.20843,2.20871,2.20811,2.20851,140
2025-02-13 09:00:00,2.21007,2.21284,2.21007,2.21229,314
2025-02-13 09:05:00,2.21237,2.21264,2.21182,2.21188,285
2025-02-13 09:10:00,2.21174,2.21229,2.21145,2.21217,290
2025-02-13 09:15:00,2.21221,2.21233,2.21158,2.21162,161
2025-02-13 09:20:00,2.21155,2.21218,2.21143,2.21206,173
2025-02-13 09:25:00,2.21207,2.21208,2.2112,2.21165,157
2025-02-13 09:30:00,2.21142,2.21326,2.21129,2.21319,156
2025-02-13 09:35:00,2.21318,2.21411,2.21314,2.21377,136
2025-02-13 09:40:00,2.21374,2.21408,2.21329,2.2137000000000002,162
2025-02-13 09:45:00,2.21365,2.21462,2.21364,2.21425,135
2025-02-13 09:50:00,2.21418,2.21465,2.21394,2.21457,156
2025-02-13 09:55:00,2.21461,2.21461,2.21374,2.21376,165
2025-02-13 10:00:00,2.21371,2.21407,2.21341,2.21384,210
2025-02-13 10:05:00,2.21385,2.21448,2.21371,2.21446,200
2025-02-13 10:10:00,2.21444,2.21459,2.21385,2.21444,197
2025-02-13 10:15:00,2.21442,2.2145799999999998,2.21394,2.21409,198
2025-02-13 10:20:00,2.21412,2.21427,2.21382,2.21415,163
2025-02-13 10:25:00,2.21412,2.21443,2.21379,2.21419,181
2025-02-13 10:30:00,2.21416,2.21448,2.21382,2.2139,184
2025-02-13 10:35:00,2.21387,2.2141,2.21346,2.21346,177
2025-02-13 10:40:00,2.21345,2.21355,2.21308,2.21314,169
2025-02-13 10:45:00,2.21314,2.21337,2.21281,2.21296,159
2025-02-13 10:50:00,2.21299,2.21335,2.21252,2.21307,145
2025-02-13 10:55:00,2.21304,2.21332,2.21203,2.21217,201
2025-02-13 11:00:00,2.21221,2.21343,2.21202,2.21315,202
2025-02-13 11:05:00,2.21313,2.21377,2.21286,2.21288,165
2025-02-13 11:10:00,2.21294,2.21361,2.21292,2.21351,139
2025-02-13 11:15:00,2.21355,2.21384,2.21317,2.21382,138
2025-02-13 11:20:00,2.21372,2.21415,2.21355,2.21405,130
2025-02-13 11:25:00,2.21398,2.21464,2.2139699999999998,2.21451,134
2025-02-13 11:30:00,2.21447,2.21501,2.21403,2.2143100000000002,137
2025-02-13 11:35:00,2.21435,2.2153,2.2143,2.2151899999999998,105
2025-02-13 11:40:00,2.21521,2.21567,2.21506,2.21567,102
2025-02-13 11:45:00,2.21561,2.21663,2.21558,2.21628,161
2025-02-13 11:50:00,2.21635,2.21649,2.21569,2.216,125
2025-02-13 11:55:00,2.21607,2.21619,2.21545,2.21558,81
2025-02-13 12:00:00,2.21525,2.21555,2.21454,2.21489,144
2025-02-13 12:05:00,2.21488,2.21552,2.21479,2.21542,120
2025-02-13 12:10:00,2.21538,2.21663,2.21523,2.2164099999999998,138
2025-02-13 12:15:00,2.2165,2.217,2.21624,2.21624,113
2025-02-13 12:20:00,2.21618,2.21668,2.21599,2.21619,130
2025-02-13 12:25:00,2.21616,2.2164,2.21591,2.21603,102
2025-02-13 12:30:00,2.216,2.21628,2.21564,2.21613,96
2025-02-13 12:35:00,2.21616,2.21616,2.21558,2.21577,128
2025-02-13 12:40:00,2.2157999999999998,2.2157999999999998,2.21525,2.21544,102
2025-02-13 12:45:00,2.21556,2.21596,2.21548,2.21575,85
2025-02-13 12:50:00,2.21572,2.21603,2.21558,2.21592,119
2025-02-13 12:55:00,2.21589,2.21598,2.21574,2.21588,108
2025-02-13 13:00:00,2.21588,2.21656,2.21584,2.21656,105
2025-02-13 13:05:00,2.21659,2.21713,2.21649,2.21659,123
2025-02-13 13:10:00,2.21657,2.21694,2.21643,2.21686,153
2025-02-13 13:15:00,2.21688,2.21694,2.21633,2.2164099999999998,119
2025-02-13 13:20:00,2.21635,2.21651,2.21552,2.21552,89
2025-02-13 13:25:00,2.21548,2.2157999999999998,2.21535,2.21544,104
2025-02-13 13:30:00,2.21547,2.21593,2.21533,2.21581,139
2025-02-13 13:35:00,2.21578,2.21578,2.21481,2.21487,79
2025-02-13 13:40:00,2.21482,2.21499,2.21401,2.21415,97
2025-02-13 13:45:00,2.21419,2.21463,2.21335,2.21461,331
2025-02-13 13:50:00,2.21463,2.21483,2.21409,2.21428,306
2025-02-13 13:55:00,2.21429,2.21496,2.21381,2.21394,228
2025-02-13 14:00:00,2.21391,2.2142,2.21361,2.21369,220
2025-02-13 14:05:00,2.21368,2.21406,2.2136,2.21374,203
2025-02-13 14:10:00,2.21377,2.21393,2.21322,2.21335,214
2025-02-13 14:15:00,2.21329,2.21337,2.2129,2.21303,140
2025-02-13 14:20:00,2.2130900000000002,2.21464,2.2130900000000002,2.21464,152
2025-02-13 14:25:00,2.21467,2.21474,2.21389,2.21403,105
2025-02-13 14:30:00,2.21406,2.2145,2.21379,2.21445,145
2025-02-13 14:35:00,2.21443,2.21503,2.21424,2.21462,122
2025-02-13 14:40:00,2.21468,2.21484,2.2139699999999998,2.21399,125
2025-02-13 14:45:00,2.2139699999999998,2.21417,2.21332,2.21387,173
2025-02-13 14:50:00,2.21389,2.21419,2.21349,2.21376,194
2025-02-13 14:55:00,2.21381,2.21438,2.21329,2.21339,207
2025-02-13 15:00:00,2.21345,2.21364,2.2131,2.21342,197
2025-02-13 15:05:00,2.21339,2.21401,2.21339,2.21388,146
2025-02-13 15:10:00,2.21391,2.21392,2.21311,2.21353,118
2025-02-13 15:15:00,2.21349,2.21407,2.21319,2.21398,140
2025-02-13 15:20:00,2.21409,2.21428,2.2138,2.21389,120
2025-02-13 15:25:00,2.21394,2.2141,2.21352,2.2141,166
2025-02-13 15:30:00,2.21357,2.21392,2.21279,2.21314,410
2025-02-13 15:35:00,2.21322,2.2135,2.212,2.2121,369
2025-02-13 15:40:00,2.21225,2.21305,2.21213,2.21282,307
2025-02-13 15:45:00,2.2127499999999998,2.21338,2.21265,2.21282,309
2025-02-13 15:50:00,2.21296,2.21359,2.21276,2.21343,333
2025-02-13 15:55:00,2.21343,2.21432,2.21301,2.21427,265
2025-02-13 16:00:00,2.21433,2.2146,2.21389,2.21445,230
2025-02-13 16:05:00,2.21444,2.21493,2.21422,2.21487,236
2025-02-13 16:10:00,2.2149,2.2151899999999998,2.21468,2.21512,206
2025-02-13 16:15:00,2.21502,2.21562,2.21478,2.21557,225
2025-02-13 16:20:00,2.21561,2.21653,2.21551,2.21638,175
2025-02-13 16:25:00,2.21642,2.21662,2.21613,2.21643,166
2025-02-13 16:30:00,2.21635,2.21654,2.21534,2.21534,210
2025-02-13 16:35:00,2.21533,2.21547,2.21411,2.21438,219
2025-02-13 16:40:00,2.21441,2.21454,2.21377,2.21429,237
2025-02-13 16:45:00,2.21433,2.2147,2.21379,2.21435,184
2025-02-13 16:50:00,2.21432,2.21485,2.21418,2.21425,206
2025-02-13 16:55:00,2.21422,2.21481,2.21421,2.21452,210
2025-02-13 17:00:00,2.21445,2.21497,2.21376,2.21382,316
2025-02-13 17:05:00,2.2138,2.214,2.2127,2.21319,320
2025-02-13 17:10:00,2.21322,2.21383,2.21289,2.21313,374
2025-02-13 17:15:00,2.21306,2.21396,2.21298,2.2137000000000002,356
2025-02-13 17:20:00,2.21373,2.21378,2.21286,2.21318,300
2025-02-13 17:25:00,2.21324,2.21359,2.21284,2.21284,292
2025-02-13 17:30:00,2.21291,2.21356,2.21283,2.21345,292
2025-02-13 17:35:00,2.21333,2.21352,2.21289,2.21328,265
2025-02-13 17:40:00,2.21331,2.2137000000000002,2.21278,2.21288,268
2025-02-13 17:45:00,2.21288,2.21379,2.21273,2.21363,290
2025-02-13 17:50:00,2.21361,2.21438,2.21321,2.21432,263
2025-02-13 17:55:00,2.21435,2.21481,2.2138,2.21452,266
2025-02-13 18:00:00,2.21454,2.21489,2.2141,2.2145799999999998,253
2025-02-13 18:05:00,2.21459,2.21548,2.2145,2.21541,173
2025-02-13 18:10:00,2.21538,2.21552,2.2149,2.21528,196
2025-02-13 18:15:00,2.21528,2.21611,2.21522,2.21611,185
2025-02-13 18:20:00,2.21611,2.21633,2.2157,2.2157999999999998,174
2025-02-13 18:25:00,2.21576,2.21614,2.21555,2.21587,169
2025-02-13 18:30:00,2.21584,2.21593,2.21536,2.21552,215
2025-02-13 18:35:00,2.21558,2.21628,2.21509,2.21626,266
2025-02-13 18:40:00,2.21631,2.21705,2.21625,2.21705,208
2025-02-13 18:45:00,2.21704,2.21704,2.21643,2.21665,197
2025-02-13 18:50:00,2.21669,2.21676,2.21623,2.2163,191
2025-02-13 18:55:00,2.21627,2.21668,2.21614,2.21648,170
2025-02-13 19:00:00,2.21648,2.21694,2.21643,2.21664,157
2025-02-13 19:05:00,2.21669,2.2169,2.2164099999999998,2.21652,135
2025-02-13 19:10:00,2.2165,2.21652,2.21603,2.21603,145
2025-02-13 19:15:00,2.21602,2.21627,2.2159,2.21593,121
2025-02-13 19:20:00,2.21593,2.21679,2.21591,2.21676,101
2025-02-13 19:25:00,2.21677,2.21726,2.21657,2.21717,116
2025-02-13 19:30:00,2.2172,2.21735,2.21699,2.21717,122
2025-02-13 19:35:00,2.21719,2.21719,2.21654,2.21659,124
2025-02-13 19:40:00,2.21655,2.2170199999999998,2.2161,2.21629,132
2025-02-13 19:45:00,2.2163,2.2164,2.21527,2.21528,141
2025-02-13 19:50:00,2.21529,2.21573,2.21512,2.21573,159
2025-02-13 19:55:00,2.21571,2.21631,2.21517,2.21537,160
2025-02-13 20:00:00,2.2153,2.21607,2.21482,2.21572,211
2025-02-13 20:05:00,2.21567,2.21598,2.21543,2.21585,222
2025-02-13 20:10:00,2.21585,2.2167,2.21574,2.21659,186
2025-02-13 20:15:00,2.21656,2.2168,2.21609,2.21633,185
2025-02-13 20:20:00,2.21635,2.21645,2.21601,2.21601,197
2025-02-13 20:25:00,2.216,2.21644,2.21589,2.21608,154
2025-02-13 20:30:00,2.21615,2.21615,2.21576,2.21586,152
2025-02-13 20:35:00,2.21585,2.21604,2.21564,2.21564,187
2025-02-13 20:40:00,2.21561,2.21671,2.21363,2.21394,448
2025-02-13 20:45:00,2.2139,2.21422,2.21304,2.21331,402
2025-02-13 20:50:00,2.21332,2.21461,2.21332,2.21448,396
2025-02-13 20:55:00,2.21446,2.21473,2.21367,2.21394,338
2025-02-13 21:00:00,2.214,2.21463,2.21365,2.2143100000000002,322
2025-02-13 21:05:00,2.2143,2.21465,2.21361,2.21368,307
2025-02-13 21:10:00,2.21389,2.21428,2.21367,2.21413,264
2025-02-13 21:15:00,2.21414,2.21419,2.21358,2.2136,280
2025-02-13 21:20:00,2.21365,2.21391,2.21324,2.21345,250
2025-02-13 21:25:00,2.2134,2.21359,2.21315,2.21328,228
2025-02-13 21:30:00,2.21326,2.21351,2.21286,2.21331,205
2025-02-13 21:35:00,2.21333,2.21333,2.21261,2.21279,246
2025-02-13 21:40:00,2.21281,2.21342,2.21261,2.2133599999999998,257
2025-02-13 21:45:00,2.21333,2.21369,2.21217,2.21361,196
2025-02-13 21:50:00,2.21361,2.21405,2.21344,2.21359,137
2025-02-13 21:55:00,2.2136,2.21392,2.21342,2.21384,161
2025-02-13 22:00:00,2.21384,2.21392,2.21346,2.21386,132
2025-02-13 22:05:00,2.21388,2.2139699999999998,2.2134,2.21347,117
2025-02-13 22:10:00,2.21345,2.21368,2.2132,2.21339,92
2025-02-13 22:15:00,2.2133599999999998,2.21357,2.21253,2.21256,149
2025-02-13 22:20:00,2.21256,2.21266,2.21228,2.21241,127
2025-02-13 22:25:00,2.21239,2.21289,2.21236,2.21282,157
2025-02-13 22:30:00,2.21278,2.21343,2.21278,2.21305,138
2025-02-13 22:35:00,2.21302,2.21307,2.21268,2.21288,133
2025-02-13 22:40:00,2.21289,2.21297,2.21229,2.21265,132
2025-02-13 22:45:00,2.21267,2.21307,2.21249,2.21302,118
2025-02-13 22:50:00,2.21304,2.21315,2.21213,2.21241,156
2025-02-13 22:55:00,2.21233,2.21257,2.21218,2.21224,153
2025-02-13 23:00:00,2.2122,2.21227,2.21197,2.21222,105
2025-02-13 23:05:00,2.21223,2.21293,2.21217,2.21272,73
2025-02-13 23:10:00,2.21273,2.213,2.21265,2.213,56
2025-02-13 23:15:00,2.2130900000000002,2.21323,2.2125,2.21279,64
2025-02-13 23:20:00,2.21282,2.21311,2.21252,2.21257,68
2025-02-13 23:25:00,2.21259,2.21317,2.21258,2.21303,75
2025-02-13 23:30:00,2.21289,2.21323,2.21285,2.21318,63
2025-02-13 23:35:00,2.21319,2.2133599999999998,2.21306,2.21333,46
2025-02-13 23:40:00,2.21334,2.21363,2.21321,2.21334,59
2025-02-13 23:45:00,2.2133,2.21352,2.21036,2.21297,74
2025-02-13 23:50:00,2.21288,2.2132,2.2128,2.21302,95
2025-02-13 23:55:00,2.21303,2.21321,2.21274,2.21297,335
2025-02-14 00:00:00,2.21149,2.2115,2.20911,2.20961,21
2025-02-14 00:05:00,2.20961,2.20961,2.20941,2.20941,6
2025-02-14 00:10:00,2.20941,2.21211,2.20941,2.21141,16
2025-02-14 00:15:00,2.21141,2.21293,2.21112,2.21131,36
2025-02-14 00:20:00,2.21171,2.21335,2.21162,2.2122,48
2025-02-14 00:25:00,2.2123,2.21244,2.21151,2.21157,38
2025-02-14 00:30:00,2.21151,2.21236,2.21016,2.21236,37
2025-02-14 00:35:00,2.21237,2.21374,2.21226,2.21319,52
2025-02-14 00:40:00,2.21319,2.21422,2.21145,2.21382,64
2025-02-14 00:45:00,2.21292,2.21381,2.2124800000000002,2.21356,60
2025-02-14 00:50:00,2.2133599999999998,2.21342,2.21215,2.21245,63
2025-02-14 00:55:00,2.21254,2.213,2.21212,2.21225,55
2025-02-14 01:00:00,2.21222,2.21274,2.21162,2.21224,120
2025-02-14 01:05:00,2.21202,2.21283,2.21202,2.21224,93
2025-02-14 01:10:00,2.2123,2.21278,2.21168,2.21173,93
2025-02-14 01:15:00,2.212,2.21285,2.212,2.21236,87
2025-02-14 01:20:00,2.21244,2.21289,2.21233,2.21245,51
2025-02-14 01:25:00,2.21235,2.21272,2.21228,2.21264,59
2025-02-14 01:30:00,2.21265,2.2129,2.21253,2.21284,77
2025-02-14 01:35:00,2.21281,2.21283,2.21201,2.21204,53
2025-02-14 01:40:00,2.21208,2.21208,2.21149,2.21179,83
2025-02-14 01:45:00,2.2119,2.21197,2.2115299999999998,2.21184,89
2025-02-14 01:50:00,2.21181,2.21203,2.21169,2.21203,59
2025-02-14 01:55:00,2.21194,2.2122,2.21173,2.21208,57
2025-02-14 02:00:00,2.21208,2.21213,2.21167,2.21206,135
2025-02-14 02:05:00,2.21203,2.21255,2.21188,2.21197,104
2025-02-14 02:10:00,2.21199,2.21247,2.21199,2.21201,113
2025-02-14 02:15:00,2.21196,2.2121,2.21161,2.21173,111
2025-02-14 02:20:00,2.21166,2.21174,2.21093,2.2112600000000002,142
2025-02-14 02:25:00,2.21119,2.2114,2.21105,2.21134,104
2025-02-14 02:30:00,2.2113,2.21151,2.21116,2.2113,108
2025-02-14 02:35:00,2.21136,2.21162,2.21088,2.21103,106
2025-02-14 02:40:00,2.21102,2.21146,2.2109199999999998,2.21103,112
2025-02-14 02:45:00,2.21091,2.21106,2.2106,2.2109,123
2025-02-14 02:50:00,2.21085,2.2112600000000002,2.21062,2.21091,168
2025-02-14 02:55:00,2.21094,2.21112,2.21072,2.21094,157
2025-02-14 03:00:00,2.2109,2.2109,2.21007,2.21024,170
2025-02-14 03:05:00,2.2102,2.2102,2.20971,2.2098,73
2025-02-14 03:10:00,2.20979,2.21016,2.20969,2.20987,142
2025-02-14 03:15:00,2.20982,2.2101,2.20957,2.20962,195
2025-02-14 03:20:00,2.20967,2.21022,2.20954,2.21,205
2025-02-14 03:25:00,2.20998,2.21001,2.20964,2.20978,152
2025-02-14 03:30:00,2.20978,2.20978,2.20934,2.20962,187
2025-02-14 03:35:00,2.2096,2.2098,2.20912,2.20964,205
2025-02-14 03:40:00,2.20961,2.20979,2.20937,2.20963,162
2025-02-14 03:45:00,2.20959,2.2100400000000002,2.20935,2.20945,192
2025-02-14 03:50:00,2.20948,2.20988,2.2093,2.20952,178
2025-02-14 03:55:00,2.20949,2.20974,2.2093,2.2094300000000002,194
2025-02-14 04:00:00,2.20938,2.21083,2.20927,2.21067,155
2025-02-14 04:05:00,2.21064,2.21103,2.21054,2.21068,147
2025-02-14 04:10:00,2.21072,2.21077,2.21008,2.2102,144
2025-02-14 04:15:00,2.2102,2.21025,2.20931,2.20933,145
2025-02-14 04:20:00,2.20934,2.20948,2.20792,2.20801,129
2025-02-14 04:25:00,2.20798,2.20804,2.20761,2.20794,109
2025-02-14 04:30:00,2.20776,2.20796,2.20758,2.20767,150
2025-02-14 04:35:00,2.20763,2.20773,2.20739,2.20743,81
2025-02-14 04:40:00,2.20741,2.2075,2.20664,2.20671,113
2025-02-14 04:45:00,2.20673,2.20673,2.20619,2.20646,107
2025-02-14 04:50:00,2.20644,2.20662,2.20599,2.2061,100
2025-02-14 04:55:00,2.20616,2.20622,2.20593,2.20607,145
2025-02-14 05:00:00,2.20607,2.207,2.20604,2.20694,121
2025-02-14 05:05:00,2.20683,2.20715,2.20674,2.2071,105
2025-02-14 05:10:00,2.20706,2.20717,2.20662,2.20684,109
2025-02-14 05:15:00,2.2068,2.20727,2.20653,2.20695,125
2025-02-14 05:20:00,2.20687,2.20688,2.20636,2.20636,120
2025-02-14 05:25:00,2.20633,2.20633,2.20603,2.20616,121
2025-02-14 05:30:00,2.20615,2.20657,2.20593,2.206,133
2025-02-14 05:35:00,2.2059699999999998,2.20621,2.20584,2.20595,131
2025-02-14 05:40:00,2.20593,2.2065,2.20593,2.20644,75
2025-02-14 05:45:00,2.20634,2.20649,2.20623,2.20646,70
2025-02-14 05:50:00,2.20649,2.2066,2.20611,2.20649,78
2025-02-14 05:55:00,2.20646,2.20661,2.20632,2.20652,106
2025-02-14 06:00:00,2.2065,2.20658,2.20633,2.20652,75
2025-02-14 06:05:00,2.20646,2.20675,2.20639,2.20662,64
2025-02-14 06:10:00,2.20659,2.20697,2.20659,2.20691,62
2025-02-14 06:15:00,2.20681,2.20723,2.20676,2.20687,64
2025-02-14 06:20:00,2.20684,2.20708,2.20676,2.207,60
2025-02-14 06:25:00,2.20704,2.20761,2.20697,2.20752,79
2025-02-14 06:30:00,2.20748,2.20826,2.20748,2.20823,93
2025-02-14 06:35:00,2.20817,2.20836,2.20797,2.20797,59
2025-02-14 06:40:00,2.20809,2.20842,2.20802,2.20809,66
2025-02-14 06:45:00,2.20807,2.20807,2.20758,2.20777,60
2025-02-14 06:50:00,2.20774,2.20808,2.20756,2.20769,80
2025-02-14 06:55:00,2.20768,2.20769,2.20741,2.20758,64
2025-02-14 07:00:00,2.20757,2.20763,2.20703,2.2073,137
2025-02-14 07:05:00,2.20727,2.2079,2.20715,2.20779,105
2025-02-14 07:10:00,2.20783,2.20823,2.2078,2.20795,86
2025-02-14 07:15:00,2.20797,2.20826,2.20797,2.20812,91
2025-02-14 07:20:00,2.2081,2.20814,2.20777,2.2078,71
2025-02-14 07:25:00,2.20777,2.20777,2.20723,2.20744,91
2025-02-14 07:30:00,2.20747,2.20773,2.20734,2.20758,109
2025-02-14 07:35:00,2.20763,2.20799,2.20751,2.20794,131
2025-02-14 07:40:00,2.20811,2.20811,2.20733,2.20762,159
2025-02-14 07:45:00,2.2076000000000002,2.20785,2.20751,2.20765,112
2025-02-14 07:50:00,2.20763,2.2079,2.20755,2.20786,85
2025-02-14 07:55:00,2.20784,2.20806,2.20761,2.20794,133
2025-02-14 08:00:00,2.20795,2.20828,2.20781,2.20783,135
2025-02-14 08:05:00,2.20785,2.20842,2.20774,2.20842,93
2025-02-14 08:10:00,2.20846,2.20856,2.20802,2.20806,129
2025-02-14 08:15:00,2.20804,2.20825,2.2078,2.20786,136
2025-02-14 08:20:00,2.20783,2.20795,2.20746,2.20791,147
2025-02-14 08:25:00,2.20791,2.20861,2.20778,2.20815,151
2025-02-14 08:30:00,2.20807,2.20826,2.2076000000000002,2.20764,145
2025-02-14 08:35:00,2.20762,2.20776,2.20725,2.20761,139
2025-02-14 08:40:00,2.20764,2.20781,2.20732,2.20737,117
2025-02-14 08:45:00,2.20735,2.20828,2.20727,2.20815,135
2025-02-14 08:50:00,2.20817,2.20817,2.20775,2.20794,114
2025-02-14 08:55:00,2.20792,2.20803,2.20763,2.2078699999999998,114
2025-02-14 09:00:00,2.20791,2.20871,2.20756,2.20802,253
2025-02-14 09:05:00,2.20797,2.20806,2.2071,2.20734,245
2025-02-14 09:10:00,2.20732,2.20761,2.20681,2.20712,265
2025-02-14 09:15:00,2.20715,2.2079,2.20711,2.20786,162
2025-02-14 09:20:00,2.20784,2.20815,2.20746,2.20775,145
2025-02-14 09:25:00,2.20775,2.20807,2.20713,2.2072,161
2025-02-14 09:30:00,2.20717,2.20723,2.20637,2.20721,146
2025-02-14 09:35:00,2.20727,2.20789,2.2071,2.20752,117
2025-02-14 09:40:00,2.20754,2.20761,2.20712,2.20716,130
2025-02-14 09:45:00,2.20712,2.20714,2.20673,2.20689,146
2025-02-14 09:50:00,2.20693,2.20737,2.20676,2.20717,144
2025-02-14 09:55:00,2.20718,2.20734,2.20674,2.20679,151
2025-02-14 10:00:00,2.20684,2.20773,2.20676,2.20763,227
2025-02-14 10:05:00,2.20767,2.2078,2.20682,2.20682,167
2025-02-14 10:10:00,2.20684,2.20806,2.20661,2.20803,201
2025-02-14 10:15:00,2.20803,2.20828,2.20755,2.20814,204
2025-02-14 10:20:00,2.20817,2.2084,2.2076000000000002,2.20791,181
2025-02-14 10:25:00,2.20785,2.20807,2.2074,2.2076000000000002,169
2025-02-14 10:30:00,2.20761,2.20824,2.20738,2.20745,195
2025-02-14 10:35:00,2.20741,2.20793,2.20713,2.20776,182
2025-02-14 10:40:00,2.20771,2.20793,2.20718,2.20765,167
2025-02-14 10:45:00,2.20767,2.20805,2.20747,2.20772,138
2025-02-14 10:50:00,2.20769,2.20797,2.20758,2.20784,126
2025-02-14 10:55:00,2.2078699999999998,2.2079,2.20732,2.20782,225
2025-02-14 11:00:00,2.20782,2.20788,2.20677,2.2069900000000002,230
2025-02-14 11:05:00,2.207,2.20783,2.20693,2.20739,154
2025-02-14 11:10:00,2.20739,2.20765,2.20698,2.20739,155
2025-02-14 11:15:00,2.2074,2.20754,2.20643,2.20654,168
2025-02-14 11:20:00,2.20647,2.20659,2.20586,2.20604,176
2025-02-14 11:25:00,2.20608,2.20622,2.20521,2.20539,170
2025-02-14 11:30:00,2.20538,2.20565,2.20489,2.20499,143
2025-02-14 11:35:00,2.20495,2.20545,2.20464,2.20544,129
2025-02-14 11:40:00,2.20542,2.20552,2.20488,2.20509,111
2025-02-14 11:45:00,2.20512,2.20515,2.20448,2.20492,114
2025-02-14 11:50:00,2.20492,2.20534,2.20488,2.20499,114
2025-02-14 11:55:00,2.20502,2.20523,2.20478,2.20486,110
2025-02-14 12:00:00,2.20479,2.20513,2.20459,2.20513,113
2025-02-14 12:05:00,2.20509,2.2053,2.20444,2.20471,144
2025-02-14 12:10:00,2.20467,2.20527,2.2045,2.20525,126
2025-02-14 12:15:00,2.20527,2.20543,2.20503,2.20518,119
2025-02-14 12:20:00,2.20506,2.20555,2.20499,2.20545,127
2025-02-14 12:25:00,2.20534,2.2057700000000002,2.20519,2.20522,146
2025-02-14 12:30:00,2.20522,2.20557,2.20506,2.20518,122
2025-02-14 12:35:00,2.20515,2.20561,2.20504,2.20535,115
2025-02-14 12:40:00,2.20538,2.20544,2.20504,2.20525,104
2025-02-14 12:45:00,2.20522,2.20571,2.20521,2.20534,94
2025-02-14 12:50:00,2.20538,2.2057700000000002,2.20528,2.20568,95
2025-02-14 12:55:00,2.20571,2.20621,2.20571,2.20613,133
2025-02-14 13:00:00,2.20611,2.2062,2.20569,2.2057,116
2025-02-14 13:05:00,2.20563,2.20601,2.20553,2.20579,123
2025-02-14 13:10:00,2.20582,2.20629,2.20565,2.2062,89
2025-02-14 13:15:00,2.20623,2.20648,2.20595,2.20599,112
2025-02-14 13:20:00,2.20602,2.20602,2.20505,2.20531,85
2025-02-14 13:25:00,2.20532,2.20613,2.20532,2.20605,164
2025-02-14 13:30:00,2.20604,2.20616,2.20556,2.20558,88
2025-02-14 13:35:00,2.20562,2.20633,2.20531,2.20632,99
2025-02-14 13:40:00,2.20635,2.20648,2.20613,2.20628,125
2025-02-14 13:45:00,2.20633,2.20686,2.20624,2.20658,120
2025-02-14 13:50:00,2.20655,2.20663,2.20585,2.20591,102
2025-02-14 13:55:00,2.20587,2.20607,2.2053599999999998,2.20552,121
2025-02-14 14:00:00,2.20553,2.2058,2.20519,2.20573,155
2025-02-14 14:05:00,2.20572,2.20613,2.20572,2.20594,97
2025-02-14 14:10:00,2.20594,2.20602,2.20537,2.20593,131
2025-02-14 14:15:00,2.20596,2.20621,2.20582,2.20603,114
2025-02-14 14:20:00,2.20599,2.20607,2.20531,2.20563,93
2025-02-14 14:25:00,2.20567,2.2059,2.20538,2.20541,138
2025-02-14 14:30:00,2.20544,2.20544,2.20481,2.20487,144
2025-02-14 14:35:00,2.2049,2.20519,2.20469,2.20483,122
2025-02-14 14:40:00,2.20486,2.20508,2.20454,2.20485,123
2025-02-14 14:45:00,2.20481,2.20502,2.20447,2.20454,105
2025-02-14 14:50:00,2.20457,2.20517,2.20426,2.20459,152
2025-02-14 14:55:00,2.20459,2.20494,2.20448,2.20488,134
2025-02-14 15:00:00,2.20491,2.20492,2.20407,2.20435,156
2025-02-14 15:05:00,2.20438,2.20528,2.20426,2.20509,158
2025-02-14 15:10:00,2.20498,2.20535,2.2045500000000002,2.20535,100
2025-02-14 15:15:00,2.20532,2.20602,2.20513,2.2059699999999998,177
2025-02-14 15:20:00,2.20599,2.20604,2.20518,2.20527,172
2025-02-14 15:25:00,2.2053,2.20558,2.20463,2.20465,126
2025-02-14 15:30:00,2.20421,2.20562,2.204,2.2047499999999998,370
2025-02-14 15:35:00,2.2047499999999998,2.20531,2.20435,2.20471,290
2025-02-14 15:40:00,2.20476,2.20506,2.20418,2.2049,269
2025-02-14 15:45:00,2.20474,2.2051,2.20373,2.20384,253
2025-02-14 15:50:00,2.20378,2.20398,2.20334,2.20384,215
2025-02-14 15:55:00,2.20382,2.20402,2.20276,2.20383,223
2025-02-14 16:00:00,2.20377,2.20389,2.20297,2.2033,226
2025-02-14 16:05:00,2.20326,2.20377,2.20312,2.20334,199
2025-02-14 16:10:00,2.2033,2.20397,2.20289,2.20389,178
2025-02-14 16:15:00,2.20411,2.2047,2.20393,2.20469,187
2025-02-14 16:20:00,2.20466,2.20466,2.20313,2.20337,177
2025-02-14 16:25:00,2.20332,2.20375,2.20291,2.2033300000000002,195
2025-02-14 16:30:00,2.20337,2.20369,2.20281,2.20286,255
2025-02-14 16:35:00,2.20284,2.2032,2.20262,2.20299,231
2025-02-14 16:40:00,2.20302,2.20365,2.20287,2.20344,209
2025-02-14 16:45:00,2.20337,2.20431,2.20335,2.20379,211
2025-02-14 16:50:00,2.20376,2.20458,2.20354,2.20402,187
2025-02-14 16:55:00,2.20397,2.20419,2.2033300000000002,2.20339,154
2025-02-14 17:00:00,2.20349,2.20405,2.20337,2.20396,200
2025-02-14 17:05:00,2.20392,2.20403,2.20326,2.20334,202
2025-02-14 17:10:00,2.20332,2.20332,2.20267,2.20273,168
2025-02-14 17:15:00,2.20268,2.2029,2.20204,2.20217,191
2025-02-14 17:20:00,2.20218,2.2022,2.20156,2.20167,192
2025-02-14 17:25:00,2.20173,2.20217,2.20147,2.20177,192
2025-02-14 17:30:00,2.20175,2.20263,2.2016999999999998,2.20257,240
2025-02-14 17:35:00,2.20252,2.20276,2.2011,2.20148,232
2025-02-14 17:40:00,2.20144,2.20199,2.20127,2.20195,189
2025-02-14 17:45:00,2.20198,2.20198,2.2014,2.2014,183
2025-02-14 17:50:00,2.20143,2.20173,2.2010899999999998,2.20155,220
2025-02-14 17:55:00,2.20158,2.20273,2.20152,2.20256,287
2025-02-14 18:00:00,2.20244,2.20259,2.20164,2.20177,243
2025-02-14 18:05:00,2.20175,2.20186,2.20067,2.20067,166
2025-02-14 18:10:00,2.20063,2.20079,2.20005,2.20047,155
2025-02-14 18:15:00,2.20046,2.20116,2.20012,2.20034,164
2025-02-14 18:20:00,2.2002800000000002,2.20036,2.19959,2.1996,162
2025-02-14 18:25:00,2.19963,2.19965,2.19894,2.19917,131
2025-02-14 18:30:00,2.1992,2.19956,2.19906,2.19949,122
2025-02-14 18:35:00,2.19948,2.19957,2.19908,2.19924,159
2025-02-14 18:40:00,2.19924,2.19946,2.19895,2.19929,131
2025-02-14 18:45:00,2.1992599999999998,2.19946,2.19905,2.1991,132
2025-02-14 18:50:00,2.1991,2.1993,2.19875,2.19875,111
2025-02-14 18:55:00,2.19871,2.19886,2.19809,2.19833,142
2025-02-14 19:00:00,2.1983,2.19911,2.19821,2.19911,127
2025-02-14 19:05:00,2.19912,2.19931,2.19874,2.19924,155
2025-02-14 19:10:00,2.19921,2.19939,2.19886,2.19937,126
2025-02-14 19:15:00,2.19941,2.19999,2.19925,2.19936,149
2025-02-14 19:20:00,2.19934,2.19946,2.19897,2.19922,95
2025-02-14 19:25:00,2.19919,2.19939,2.19862,2.19876,123
2025-02-14 19:30:00,2.19878,2.19906,2.19851,2.1989900000000002,106
2025-02-14 19:35:00,2.199,2.19928,2.19886,2.19902,87
2025-02-14 19:40:00,2.19909,2.1994,2.19778,2.1979,119
2025-02-14 19:45:00,2.19786,2.19801,2.19752,2.19768,95
2025-02-14 19:50:00,2.19771,2.19793,2.19759,2.1977700000000002,106
2025-02-14 19:55:00,2.19772,2.19798,2.19772,2.19791,100
2025-02-14 20:00:00,2.19788,2.19819,2.19759,2.19774,115
2025-02-14 20:05:00,2.19772,2.19796,2.19766,2.19781,97
2025-02-14 20:10:00,2.19787,2.19796,2.19765,2.1978,74
2025-02-14 20:15:00,2.1978,2.19808,2.1976,2.19787,99
2025-02-14 20:20:00,2.19789,2.19794,2.19761,2.19765,85
2025-02-14 20:25:00,2.19762,2.19776,2.19735,2.19757,92
2025-02-14 20:30:00,2.19754,2.19765,2.197,2.19728,80
2025-02-14 20:35:00,2.19731,2.1974299999999998,2.19708,2.19717,50
2025-02-14 20:40:00,2.1972,2.19739,2.19698,2.19709,68
2025-02-14 20:45:00,2.19714,2.1973,2.1968,2.19694,71
2025-02-14 20:50:00,2.19687,2.19741,2.19686,2.19738,82
2025-02-14 20:55:00,2.19736,2.19789,2.19731,2.19776,96
2025-02-14 21:00:00,2.19768,2.19786,2.197,2.19713,112
2025-02-14 21:05:00,2.19713,2.19721,2.19694,2.19694,63
2025-02-14 21:10:00,2.19689,2.19696,2.19652,2.19672,114
2025-02-14 21:15:00,2.19664,2.19677,2.19651,2.19674,138
2025-02-14 21:20:00,2.19673,2.19713,2.19672,2.19699,145
2025-02-14 21:25:00,2.19698,2.19712,2.19647,2.19671,176
2025-02-14 21:30:00,2.1967,2.19683,2.19631,2.19631,169
2025-02-14 21:35:00,2.19631,2.19642,2.19596,2.19606,135
2025-02-14 21:40:00,2.19608,2.19657,2.19605,2.1965500000000002,173
2025-02-14 21:45:00,2.19651,2.19662,2.19613,2.19637,144
2025-02-14 21:50:00,2.19636,2.19643,2.19598,2.19608,138
2025-02-14 21:55:00,2.19607,2.19607,2.19466,2.19468,218
2025-02-14 22:00:00,2.19466,2.19552,2.19462,2.19552,192
2025-02-14 22:05:00,2.19553,2.19564,2.19528,2.19528,150
2025-02-14 22:10:00,2.19528,2.19548,2.19522,2.19522,130
2025-02-14 22:15:00,2.19522,2.19538,2.19489,2.1952,63
2025-02-14 22:20:00,2.19524,2.1953300000000002,2.19481,2.19486,58
2025-02-14 22:25:00,2.19484,2.195,2.19452,2.19469,62
2025-02-14 22:30:00,2.19469,2.19511,2.19468,2.19498,73
2025-02-14 22:35:00,2.19496,2.19504,2.19369,2.19369,68
2025-02-14 22:40:00,2.19358,2.19395,2.19355,2.19372,97
2025-02-14 22:45:00,2.19373,2.19476,2.19372,2.19471,89
2025-02-14 22:50:00,2.1947,2.1948,2.19433,2.1944,82
2025-02-14 22:55:00,2.19435,2.19461,2.19419,2.19429,75
2025-02-14 23:00:00,2.19429,2.19488,2.19419,2.19488,51
2025-02-14 23:05:00,2.19488,2.19488,2.19407,2.19449,65
2025-02-14 23:10:00,2.19443,2.19464,2.194,2.19453,61
2025-02-14 23:15:00,2.19457,2.19458,2.1938,2.19408,49
2025-02-14 23:20:00,2.19396,2.19396,2.19278,2.19294,48
2025-02-14 23:25:00,2.19286,2.19362,2.19286,2.19351,58
2025-02-14 23:30:00,2.1935000000000002,2.19397,2.19332,2.19378,50
2025-02-14 23:35:00,2.19381,2.19442,2.19364,2.1943799999999998,86
2025-02-14 23:40:00,2.19423,2.19465,2.19396,2.19431,93
2025-02-14 23:45:00,2.19435,2.19464,2.19423,2.19457,98
2025-02-14 23:50:00,2.19457,2.19509,2.19324,2.19509,88
2025-02-14 23:55:00,2.19446,2.19556,2.19206,2.19238,807
2025-02-17 00:00:00,2.199,2.20004,2.19793,2.19793,28
2025-02-17 00:05:00,2.19793,2.19811,2.19641,2.19666,46
2025-02-17 00:10:00,2.19667,2.199,2.19646,2.19737,55
2025-02-17 00:15:00,2.1973,2.19951,2.19723,2.19934,66
2025-02-17 00:20:00,2.19933,2.19959,2.19733,2.19733,46
2025-02-17 00:25:00,2.19733,2.1999,2.19675,2.19853,42
2025-02-17 00:30:00,2.19795,2.19925,2.19678,2.19925,43
2025-02-17 00:35:00,2.19781,2.19943,2.19727,2.19802,66
2025-02-17 00:40:00,2.19807,2.19818,2.19632,2.19818,65
2025-02-17 00:45:00,2.19788,2.19866,2.19708,2.19787,119
2025-02-17 00:50:00,2.19793,2.1988,2.19767,2.19839,86
2025-02-17 00:55:00,2.19831,2.19954,2.1982,2.1982,73
2025-02-17 01:00:00,2.1982,2.19881,2.19689,2.19717,153
2025-02-17 01:05:00,2.19709,2.19761,2.19648,2.19654,87
2025-02-17 01:10:00,2.19653,2.19724,2.19625,2.19634,106
2025-02-17 01:15:00,2.19644,2.1965500000000002,2.19581,2.19586,133
2025-02-17 01:20:00,2.19597,2.19645,2.19583,2.19637,132
2025-02-17 01:25:00,2.19633,2.19675,2.19633,2.19647,200
2025-02-17 01:30:00,2.19652,2.19654,2.19543,2.1955,142
2025-02-17 01:35:00,2.1955,2.19574,2.19535,2.19535,113
2025-02-17 01:40:00,2.1953300000000002,2.19553,2.19525,2.19552,64
2025-02-17 01:45:00,2.1955,2.19553,2.19503,2.19517,69
2025-02-17 01:50:00,2.19513,2.19539,2.19508,2.19521,81
2025-02-17 01:55:00,2.19513,2.19513,2.19475,2.19478,86
2025-02-17 02:00:00,2.19482,2.19507,2.19442,2.19486,148
2025-02-17 02:05:00,2.19488,2.1949899999999998,2.19451,2.19458,127
2025-02-17 02:10:00,2.19456,2.19574,2.19447,2.19573,130
2025-02-17 02:15:00,2.19571,2.1959,2.19524,2.19563,140
2025-02-17 02:20:00,2.19558,2.19564,2.1947200000000002,2.19487,98
2025-02-17 02:25:00,2.19487,2.19487,2.19428,2.19428,104
2025-02-17 02:30:00,2.19422,2.19474,2.19419,2.19443,131
2025-02-17 02:35:00,2.19443,2.19477,2.19421,2.19434,101
2025-02-17 02:40:00,2.1943,2.19443,2.19396,2.19424,93
2025-02-17 02:45:00,2.19428,2.19447,2.19369,2.1937,116
2025-02-17 02:50:00,2.19381,2.1941100000000002,2.19366,2.1939,125
2025-02-17 02:55:00,2.19399,2.19435,2.19374,2.19422,132
2025-02-17 03:00:00,2.19425,2.19446,2.19351,2.19362,188
2025-02-17 03:05:00,2.19359,2.19382,2.1934,2.19366,152
2025-02-17 03:10:00,2.1937,2.19421,2.19367,2.19401,141
2025-02-17 03:15:00,2.19399,2.1943799999999998,2.19349,2.19355,207
2025-02-17 03:20:00,2.19355,2.19361,2.19281,2.19285,159
2025-02-17 03:25:00,2.1929,2.19305,2.19207,2.19215,173
2025-02-17 03:30:00,2.19214,2.1922800000000002,2.19143,2.19147,230
2025-02-17 03:35:00,2.19143,2.19158,2.19047,2.19089,202
2025-02-17 03:40:00,2.19088,2.19152,2.19082,2.19143,190
2025-02-17 03:45:00,2.1914,2.19247,2.19136,2.19242,199
2025-02-17 03:50:00,2.1924,2.19264,2.19196,2.19231,180
2025-02-17 03:55:00,2.19225,2.19297,2.19212,2.19273,203
2025-02-17 04:00:00,2.1927,2.19397,2.1927,2.19396,168
2025-02-17 04:05:00,2.19389,2.19407,2.19364,2.19393,218
2025-02-17 04:10:00,2.19394,2.19406,2.19352,2.19394,202
2025-02-17 04:15:00,2.19391,2.19446,2.19381,2.19425,174
2025-02-17 04:20:00,2.19431,2.19445,2.19406,2.19437,141
2025-02-17 04:25:00,2.19435,2.19458,2.19404,2.19428,169
2025-02-17 04:30:00,2.19426,2.19445,2.19398,2.19403,216
2025-02-17 04:35:00,2.19401,2.19454,2.19391,2.19444,174
2025-02-17 04:40:00,2.19435,2.19443,2.19382,2.19388,137
2025-02-17 04:45:00,2.19401,2.19468,2.19397,2.19459,190
2025-02-17 04:50:00,2.19461,2.19474,2.19443,2.19447,137
2025-02-17 04:55:00,2.19453,2.19456,2.19399,2.19423,167
2025-02-17 05:00:00,2.19431,2.19471,2.19417,2.19435,152
2025-02-17 05:05:00,2.1943,2.19437,2.19391,2.19412,132
2025-02-17 05:10:00,2.19413,2.19433,2.19393,2.19431,166
2025-02-17 05:15:00,2.1943,2.19465,2.19425,2.19456,136
2025-02-17 05:20:00,2.19449,2.19517,2.19449,2.195,143
2025-02-17 05:25:00,2.1949899999999998,2.1949899999999998,2.19442,2.19474,146
2025-02-17 05:30:00,2.19467,2.19511,2.19464,2.19494,169
2025-02-17 05:35:00,2.19502,2.19512,2.1947,2.1947,183
2025-02-17 05:40:00,2.19474,2.19481,2.1943799999999998,2.1943799999999998,124
2025-02-17 05:45:00,2.19442,2.19455,2.19397,2.19424,170
2025-02-17 05:50:00,2.19423,2.19433,2.19395,2.19423,145
2025-02-17 05:55:00,2.19418,2.19455,2.1941,2.19449,151
2025-02-17 06:00:00,2.19447,2.19534,2.19445,2.19523,104
2025-02-17 06:05:00,2.19518,2.19536,2.19503,2.19526,125
2025-02-17 06:10:00,2.19528,2.19561,2.19528,2.19549,96
2025-02-17 06:15:00,2.19545,2.19557,2.19418,2.19435,102
2025-02-17 06:20:00,2.19436,2.19442,2.19375,2.19375,75
2025-02-17 06:25:00,2.19386,2.1941,2.19381,2.19387,66
2025-02-17 06:30:00,2.19394,2.19405,2.19373,2.19387,97
2025-02-17 06:35:00,2.19386,2.1941100000000002,2.19379,2.194,97
2025-02-17 06:40:00,2.19402,2.1945,2.19396,2.19447,88
2025-02-17 06:45:00,2.19446,2.19458,2.19417,2.19436,108
2025-02-17 06:50:00,2.19435,2.19435,2.19385,2.19401,136
2025-02-17 06:55:00,2.19405,2.19419,2.19382,2.19407,131
2025-02-17 07:00:00,2.1941100000000002,2.19437,2.19386,2.19415,170
2025-02-17 07:05:00,2.19418,2.19458,2.19414,2.19414,179
2025-02-17 07:10:00,2.19416,2.19416,2.1934,2.19367,139
2025-02-17 07:15:00,2.19368,2.1937699999999998,2.19345,2.19352,148
2025-02-17 07:20:00,2.1935000000000002,2.19357,2.1931,2.19314,141
2025-02-17 07:25:00,2.1931,2.19328,2.19269,2.1927,125
2025-02-17 07:30:00,2.19273,2.19354,2.19271,2.19297,213
2025-02-17 07:35:00,2.193,2.1941100000000002,2.193,2.19408,176
2025-02-17 07:40:00,2.19428,2.1943799999999998,2.19399,2.19426,120
2025-02-17 07:45:00,2.19424,2.19442,2.19369,2.19382,184
2025-02-17 07:50:00,2.19381,2.1947,2.19379,2.19445,156
2025-02-17 07:55:00,2.19445,2.1947,2.19425,2.19433,182
2025-02-17 08:00:00,2.1943799999999998,2.19446,2.19384,2.19426,148
2025-02-17 08:05:00,2.19423,2.19446,2.19398,2.19439,139
2025-02-17 08:10:00,2.19441,2.19445,2.19359,2.1937,161
2025-02-17 08:15:00,2.19372,2.19408,2.1934,2.19397,160
2025-02-17 08:20:00,2.19398,2.19456,2.19381,2.19439,169
2025-02-17 08:25:00,2.19435,2.19437,2.19344,2.19352,156
2025-02-17 08:30:00,2.19355,2.19389,2.1931,2.19355,166
2025-02-17 08:35:00,2.19353,2.1937699999999998,2.19315,2.1932,140
2025-02-17 08:40:00,2.19313,2.19369,2.19313,2.19368,115
2025-02-17 08:45:00,2.19366,2.1939,2.19355,2.19387,121
2025-02-17 08:50:00,2.19384,2.19461,2.19384,2.19451,110
2025-02-17 08:55:00,2.19456,2.19505,2.19447,2.19496,124
2025-02-17 09:00:00,2.19494,2.19505,2.19388,2.19419,191
2025-02-17 09:05:00,2.19416,2.1947,2.19406,2.1943799999999998,213
2025-02-17 09:10:00,2.19439,2.19509,2.19417,2.19502,188
2025-02-17 09:15:00,2.19503,2.1952,2.19493,2.19502,89
2025-02-17 09:20:00,2.19509,2.19536,2.19414,2.19414,127
2025-02-17 09:25:00,2.19421,2.19431,2.19376,2.19398,108
2025-02-17 09:30:00,2.19413,2.1947200000000002,2.19395,2.19466,125
2025-02-17 09:35:00,2.19465,2.19576,2.19455,2.19566,137
2025-02-17 09:40:00,2.19563,2.19622,2.19551,2.196,144
2025-02-17 09:45:00,2.19603,2.19653,2.19593,2.19635,111
2025-02-17 09:50:00,2.19637,2.19647,2.19596,2.19616,135
2025-02-17 09:55:00,2.19615,2.19643,2.19602,2.19613,154
2025-02-17 10:00:00,2.1961,2.19639,2.19582,2.19637,212
2025-02-17 10:05:00,2.19637,2.19705,2.19637,2.19698,181
2025-02-17 10:10:00,2.19695,2.19745,2.19681,2.19712,164
2025-02-17 10:15:00,2.1971,2.1977700000000002,2.1971,2.19712,136
2025-02-17 10:20:00,2.19715,2.19728,2.1968199999999998,2.19701,138
2025-02-17 10:25:00,2.19705,2.19735,2.1968,2.19709,145
2025-02-17 10:30:00,2.19713,2.19721,2.19622,2.19643,143
2025-02-17 10:35:00,2.19642,2.19663,2.19586,2.1965500000000002,141
2025-02-17 10:40:00,2.19653,2.19666,2.19614,2.19614,141
2025-02-17 10:45:00,2.19607,2.19615,2.19555,2.1961,98
2025-02-17 10:50:00,2.19609,2.19668,2.19609,2.19646,97
2025-02-17 10:55:00,2.19642,2.19665,2.19626,2.19658,113
2025-02-17 11:00:00,2.1965500000000002,2.197,2.19647,2.1965500000000002,104
2025-02-17 11:05:00,2.19657,2.19668,2.19611,2.19619,91
2025-02-17 11:10:00,2.19624,2.19685,2.19612,2.1966,112
2025-02-17 11:15:00,2.19657,2.19708,2.19638,2.19691,117
2025-02-17 11:20:00,2.19688,2.19699,2.19667,2.1969,86
2025-02-17 11:25:00,2.19691,2.19692,2.19647,2.19665,89
2025-02-17 11:30:00,2.19665,2.1968,2.19638,2.19649,100
2025-02-17 11:35:00,2.19652,2.19691,2.19642,2.19663,91
2025-02-17 11:40:00,2.19666,2.19666,2.1955999999999998,2.19564,103
2025-02-17 11:45:00,2.19561,2.196,2.19541,2.1959400000000002,94
2025-02-17 11:50:00,2.19596,2.19609,2.19548,2.19558,96
2025-02-17 11:55:00,2.19554,2.19559,2.19477,2.1953,159
2025-02-17 12:00:00,2.19528,2.19577,2.19517,2.19547,144
2025-02-17 12:05:00,2.19539,2.19613,2.19536,2.19595,116
2025-02-17 12:10:00,2.19595,2.19609,2.19572,2.19592,94
2025-02-17 12:15:00,2.19595,2.19637,2.19581,2.19631,115
2025-02-17 12:20:00,2.19634,2.19671,2.19634,2.19669,91
2025-02-17 12:25:00,2.19672,2.19698,2.19659,2.1968199999999998,101
2025-02-17 12:30:00,2.19683,2.19714,2.19678,2.19703,92
2025-02-17 12:35:00,2.19704,2.19713,2.19627,2.19627,91
2025-02-17 12:40:00,2.1963,2.19635,2.1961,2.19614,81
2025-02-17 12:45:00,2.19617,2.1968199999999998,2.19606,2.1968199999999998,105
2025-02-17 12:50:00,2.19685,2.19745,2.19662,2.19662,100
2025-02-17 12:55:00,2.19666,2.19753,2.19666,2.19732,124
2025-02-17 13:00:00,2.19724,2.19766,2.19666,2.19683,112
2025-02-17 13:05:00,2.1968,2.19707,2.1967,2.19697,79
2025-02-17 13:10:00,2.19693,2.19754,2.19693,2.19754,103
2025-02-17 13:15:00,2.1974299999999998,2.19767,2.19717,2.19733,88
2025-02-17 13:20:00,2.19736,2.19756,2.19708,2.19745,84
2025-02-17 13:25:00,2.19745,2.1975,2.19696,2.19719,82
2025-02-17 13:30:00,2.19719,2.19737,2.19695,2.19721,83
2025-02-17 13:35:00,2.19719,2.1974,2.19661,2.19661,95
2025-02-17 13:40:00,2.19658,2.19662,2.19622,2.19632,86
2025-02-17 13:45:00,2.19635,2.19635,2.19566,2.19566,80
2025-02-17 13:50:00,2.19555,2.19573,2.19523,2.19538,81
2025-02-17 13:55:00,2.19542,2.19646,2.19541,2.19597,132
2025-02-17 14:00:00,2.19597,2.19623,2.19577,2.19609,133
2025-02-17 14:05:00,2.19611,2.1968,2.19603,2.19665,96
2025-02-17 14:10:00,2.19667,2.19738,2.19657,2.19738,103
2025-02-17 14:15:00,2.19741,2.19745,2.19723,2.19732,99
2025-02-17 14:20:00,2.19735,2.1974,2.19715,2.19725,94
2025-02-17 14:25:00,2.19722,2.19724,2.19651,2.1965500000000002,78
2025-02-17 14:30:00,2.19661,2.19666,2.19578,2.19578,60
2025-02-17 14:35:00,2.19574,2.19583,2.19536,2.19568,93
2025-02-17 14:40:00,2.1957,2.19606,2.19558,2.19586,88
2025-02-17 14:45:00,2.19588,2.19615,2.19569,2.19576,113
2025-02-17 14:50:00,2.19574,2.19611,2.19566,2.19605,97
2025-02-17 14:55:00,2.19599,2.19646,2.19595,2.19609,124
2025-02-17 15:00:00,2.19613,2.19662,2.196,2.19651,98
2025-02-17 15:05:00,2.19644,2.19684,2.19639,2.1965,94
2025-02-17 15:10:00,2.19643,2.19654,2.1959,2.1962,70
2025-02-17 15:15:00,2.19623,2.1967,2.19604,2.19654,94
2025-02-17 15:20:00,2.19662,2.19689,2.19653,2.19672,82
2025-02-17 15:25:00,2.1968,2.19692,2.19648,2.19669,98
2025-02-17 15:30:00,2.19668,2.19674,2.19643,2.19646,114
2025-02-17 15:35:00,2.1964,2.19653,2.1959400000000002,2.1961,84
2025-02-17 15:40:00,2.19604,2.1962099999999998,2.19586,2.19595,69
2025-02-17 15:45:00,2.19592,2.19619,2.19575,2.1961,85
2025-02-17 15:50:00,2.19612,2.19612,2.19493,2.19516,71
2025-02-17 15:55:00,2.19511,2.19549,2.1948,2.19535,100
2025-02-17 16:00:00,2.19532,2.19575,2.19524,2.1955999999999998,103
2025-02-17 16:05:00,2.19553,2.19571,2.19489,2.19498,116
2025-02-17 16:10:00,2.19495,2.19518,2.19483,2.19487,115
2025-02-17 16:15:00,2.19484,2.19515,2.19469,2.19492,95
2025-02-17 16:20:00,2.19484,2.19514,2.19454,2.19504,96
2025-02-17 16:25:00,2.19507,2.19528,2.19498,2.1951,73
2025-02-17 16:30:00,2.19511,2.19526,2.19494,2.19517,102
2025-02-17 16:35:00,2.1952,2.1955,2.19514,2.19532,91
2025-02-17 16:40:00,2.19538,2.19543,2.19489,2.19493,92
2025-02-17 16:45:00,2.19492,2.19532,2.19492,2.19524,88
2025-02-17 16:50:00,2.19527,2.19574,2.19526,2.19574,79
2025-02-17 16:55:00,2.19567,2.19576,2.19523,2.19531,85
2025-02-17 17:00:00,2.19534,2.19547,2.19511,2.19535,102
2025-02-17 17:05:00,2.19537,2.19569,2.19532,2.19536,83
2025-02-17 17:10:00,2.19538,2.19572,2.19532,2.19553,88
2025-02-17 17:15:00,2.1955,2.1957,2.19531,2.1953300000000002,86
2025-02-17 17:20:00,2.19534,2.19543,2.19501,2.19538,96
2025-02-17 17:25:00,2.19541,2.19569,2.1953,2.1953300000000002,86
2025-02-17 17:30:00,2.19531,2.19572,2.19503,2.19539,94
2025-02-17 17:35:00,2.19557,2.19563,2.19522,2.19524,88
2025-02-17 17:40:00,2.19527,2.19559,2.19505,2.19554,75
2025-02-17 17:45:00,2.19558,2.19628,2.19556,2.1961,91
2025-02-17 17:50:00,2.19613,2.19636,2.19604,2.19626,89
2025-02-17 17:55:00,2.19629,2.19774,2.19612,2.19756,237
2025-02-17 18:00:00,2.19752,2.1982,2.19703,2.19805,221
2025-02-17 18:05:00,2.1981,2.1982,2.1978,2.19781,89
2025-02-17 18:10:00,2.19778,2.19828,2.19763,2.19794,82
2025-02-17 18:15:00,2.1980399999999998,2.19828,2.1977700000000002,2.19825,108
2025-02-17 18:20:00,2.19825,2.1983,2.19765,2.19765,68
2025-02-17 18:25:00,2.19769,2.19789,2.19744,2.19764,81
2025-02-17 18:30:00,2.19768,2.19779,2.19719,2.19733,57
2025-02-17 18:35:00,2.19738,2.19745,2.19719,2.19739,52
2025-02-17 18:40:00,2.19749,2.19766,2.19718,2.19757,59
2025-02-17 18:45:00,2.19761,2.1979,2.19741,2.19765,54
2025-02-17 18:50:00,2.19773,2.19778,2.19746,2.19773,75
2025-02-17 18:55:00,2.19771,2.19801,2.19769,2.19797,67
2025-02-17 19:00:00,2.19796,2.19796,2.19722,2.19745,76
2025-02-17 19:05:00,2.19748,2.19773,2.19727,2.19761,60
2025-02-17 19:10:00,2.19762,2.19789,2.19737,2.19784,77
2025-02-17 19:15:00,2.19787,2.19854,2.19785,2.19843,95
2025-02-17 19:20:00,2.19844,2.19891,2.19843,2.19888,86
2025-02-17 19:25:00,2.1989,2.19922,2.1988,2.19919,141
2025-02-17 19:30:00,2.19924,2.19936,2.19903,2.19922,88
2025-02-17 19:35:00,2.19925,2.19955,2.19925,2.19951,71
2025-02-17 19:40:00,2.19962,2.19962,2.19925,2.19934,66
2025-02-17 19:45:00,2.19934,2.19957,2.19928,2.19941,60
2025-02-17 19:50:00,2.19944,2.19993,2.1994,2.1998699999999998,103
2025-02-17 19:55:00,2.19988,2.19996,2.19897,2.19897,96
2025-02-17 20:00:00,2.19914,2.19939,2.19842,2.1985,83
2025-02-17 20:05:00,2.19849,2.19854,2.19833,2.19847,74
2025-02-17 20:10:00,2.19848,2.1986,2.19825,2.19842,71
2025-02-17 20:15:00,2.19844,2.19862,2.19832,2.1984,111
2025-02-17 20:20:00,2.19853,2.19862,2.19827,2.19834,67
2025-02-17 20:25:00,2.19833,2.19848,2.19824,2.19846,76
2025-02-17 20:30:00,2.19852,2.19873,2.19829,2.19864,59
2025-02-17 20:35:00,2.19848,2.19893,2.19848,2.19863,43
2025-02-17 20:40:00,2.19862,2.19878,2.19848,2.19854,89
2025-02-17 20:45:00,2.19852,2.19936,2.1985,2.19931,93
2025-02-17 20:50:00,2.19934,2.19988,2.19918,2.19986,78
2025-02-17 20:55:00,2.1999,2.2003,2.19979,2.20021,68
2025-02-17 21:00:00,2.20019,2.20083,2.20007,2.20059,121
2025-02-17 21:05:00,2.20058,2.20139,2.20049,2.20108,124
2025-02-17 21:10:00,2.2010899999999998,2.20155,2.20108,2.20151,143
2025-02-17 21:15:00,2.20152,2.20202,2.20145,2.2018,148
2025-02-17 21:20:00,2.20178,2.20227,2.20177,2.20212,153
2025-02-17 21:25:00,2.20219,2.20257,2.20189,2.20256,117
2025-02-17 21:30:00,2.20251,2.20251,2.20149,2.20155,64
2025-02-17 21:35:00,2.20162,2.20164,2.20084,2.20087,55
2025-02-17 21:40:00,2.2008900000000002,2.20121,2.20081,2.20087,40
2025-02-17 21:45:00,2.20084,2.2009,2.20064,2.20081,40
2025-02-17 21:50:00,2.20083,2.20113,2.2008,2.20088,57
2025-02-17 21:55:00,2.20086,2.20157,2.20072,2.20141,69
2025-02-17 22:00:00,2.20143,2.20149,2.20118,2.2012,70
2025-02-17 22:05:00,2.20117,2.2013,2.20116,2.20116,51
2025-02-17 22:10:00,2.20116,2.20123,2.20086,2.2009,52
2025-02-17 22:15:00,2.20092,2.20117,2.2008900000000002,2.20094,41
2025-02-17 22:20:00,2.20097,2.2011,2.20078,2.20098,74
2025-02-17 22:25:00,2.20099,2.201,2.20076,2.20077,55
2025-02-17 22:30:00,2.20076,2.20094,2.20075,2.20091,67
2025-02-17 22:35:00,2.20126,2.20126,2.20058,2.20066,94
2025-02-17 22:40:00,2.20066,2.20071,2.20043,2.2004799999999998,72
2025-02-17 22:45:00,2.20051,2.20056,2.20024,2.20032,90
2025-02-17 22:50:00,2.20033,2.20052,2.20002,2.20002,65
2025-02-17 22:55:00,2.20002,2.20008,2.19966,2.19988,77
2025-02-17 23:00:00,2.1998699999999998,2.20022,2.19981,2.20005,58
2025-02-17 23:05:00,2.20005,2.20008,2.19952,2.20003,53
2025-02-17 23:10:00,2.20003,2.20013,2.19957,2.2001,38
2025-02-17 23:15:00,2.19964,2.20043,2.19963,2.20022,60
2025-02-17 23:20:00,2.20021,2.20022,2.19988,2.20006,49
2025-02-17 23:25:00,2.20007,2.2005,2.19982,2.19982,47
2025-02-17 23:30:00,2.1998699999999998,2.20014,2.19961,2.20002,37
2025-02-17 23:35:00,2.20003,2.20021,2.19974,2.1998,79
2025-02-17 23:40:00,2.19981,2.20062,2.19981,2.20044,82
2025-02-17 23:45:00,2.20043,2.20081,2.20037,2.20061,41
2025-02-17 23:50:00,2.20057,2.20068,2.20041,2.20061,126
2025-02-17 23:55:00,2.20074,2.20091,2.2,2.2004,208
2025-02-18 00:00:00,2.19768,2.1993,2.19768,2.19871,14
2025-02-18 00:05:00,2.19789,2.19948,2.19789,2.19901,34
2025-02-18 00:10:00,2.19891,2.2002,2.19877,2.19921,68
2025-02-18 00:15:00,2.19921,2.20078,2.19917,2.20075,38
2025-02-18 00:20:00,2.19992,2.20012,2.19881,2.1996,39
2025-02-18 00:25:00,2.1989,2.19951,2.19857,2.19937,37
2025-02-18 00:30:00,2.19863,2.19985,2.19853,2.19968,48
2025-02-18 00:35:00,2.1989900000000002,2.20126,2.1989900000000002,2.20122,51
2025-02-18 00:40:00,2.20122,2.20132,2.20055,2.20066,66
2025-02-18 00:45:00,2.2007,2.20101,2.20062,2.20083,89
2025-02-18 00:50:00,2.20091,2.20153,2.20035,2.20135,76
2025-02-18 00:55:00,2.20043,2.20135,2.19997,2.20125,93
2025-02-18 01:00:00,2.20108,2.20152,2.20063,2.20122,98
2025-02-18 01:05:00,2.20119,2.20216,2.20108,2.20198,59
2025-02-18 01:10:00,2.20201,2.20264,2.20192,2.20264,38
2025-02-18 01:15:00,2.20273,2.20287,2.20252,2.2027,32
2025-02-18 01:20:00,2.20266,2.20297,2.20255,2.20293,39
2025-02-18 01:25:00,2.20293,2.20297,2.2023,2.20232,55
2025-02-18 01:30:00,2.20233,2.20249,2.20185,2.20203,49
2025-02-18 01:35:00,2.20202,2.20233,2.20183,2.20189,62
2025-02-18 01:40:00,2.20186,2.20222,2.20179,2.20196,55
2025-02-18 01:45:00,2.20194,2.20207,2.20154,2.20172,48
2025-02-18 01:50:00,2.20166,2.2021,2.20152,2.20184,49
2025-02-18 01:55:00,2.20179,2.20191,2.20154,2.20183,51
2025-02-18 02:00:00,2.20182,2.20285,2.20155,2.20284,82
2025-02-18 02:05:00,2.20287,2.20309,2.20268,2.2027,101
2025-02-18 02:10:00,2.2027200000000002,2.20324,2.20241,2.20253,84
2025-02-18 02:15:00,2.20265,2.2029,2.20255,2.20279,84
2025-02-18 02:20:00,2.20281,2.20299,2.20265,2.2027200000000002,66
2025-02-18 02:25:00,2.20275,2.20281,2.20199,2.20214,47
2025-02-18 02:30:00,2.20217,2.20217,2.2016999999999998,2.20194,65
2025-02-18 02:35:00,2.2019,2.20224,2.20163,2.20204,85
2025-02-18 02:40:00,2.20207,2.2023,2.20159,2.20225,121
2025-02-18 02:45:00,2.20229,2.20284,2.20219,2.2028,115
2025-02-18 02:50:00,2.20278,2.20321,2.20263,2.20263,118
2025-02-18 02:55:00,2.20261,2.20325,2.20259,2.20291,146
2025-02-18 03:00:00,2.20286,2.20426,2.20281,2.20426,161
2025-02-18 03:05:00,2.20435,2.20472,2.20384,2.20409,139
2025-02-18 03:10:00,2.20409,2.2044,2.20388,2.20417,112
2025-02-18 03:15:00,2.20416,2.20425,2.20331,2.20359,165
2025-02-18 03:20:00,2.20363,2.20399,2.20341,2.20355,108
2025-02-18 03:25:00,2.20359,2.20436,2.20359,2.20422,131
2025-02-18 03:30:00,2.20424,2.20428,2.20336,2.20375,215
2025-02-18 03:35:00,2.20378,2.20472,2.20376,2.20439,173
2025-02-18 03:40:00,2.20437,2.20546,2.20387,2.20546,178
2025-02-18 03:45:00,2.20548,2.20667,2.20548,2.20629,208
2025-02-18 03:50:00,2.20626,2.20644,2.20576,2.20601,178
2025-02-18 03:55:00,2.20599,2.20619,2.20572,2.20598,139
2025-02-18 04:00:00,2.20596,2.20599,2.20554,2.20575,142
2025-02-18 04:05:00,2.20576,2.20609,2.20545,2.20549,123
2025-02-18 04:10:00,2.20553,2.20591,2.20535,2.20559,95
2025-02-18 04:15:00,2.20562,2.20571,2.20528,2.20549,119
2025-02-18 04:20:00,2.20546,2.20591,2.2054,2.20587,106
2025-02-18 04:25:00,2.20591,2.20604,2.20546,2.2056,123
2025-02-18 04:30:00,2.20557,2.20575,2.20511,2.20511,96
2025-02-18 04:35:00,2.20513,2.20554,2.20493,2.20538,157
2025-02-18 04:40:00,2.20537,2.20562,2.20523,2.2055,118
2025-02-18 04:45:00,2.20551,2.20631,2.20543,2.20598,133
2025-02-18 04:50:00,2.2059,2.20658,2.20588,2.20628,104
2025-02-18 04:55:00,2.20626,2.20658,2.20618,2.20642,117
2025-02-18 05:00:00,2.20641,2.20665,2.2063,2.20644,132
2025-02-18 05:05:00,2.20641,2.20725,2.20641,2.20713,125
2025-02-18 05:10:00,2.20711,2.20713,2.20615,2.20616,111
2025-02-18 05:15:00,2.20619,2.20767,2.20603,2.20752,135
2025-02-18 05:20:00,2.2075,2.20761,2.20696,2.20709,102
2025-02-18 05:25:00,2.20706,2.20742,2.20681,2.2072,135
2025-02-18 05:30:00,2.20684,2.20801,2.20498,2.20527,310
2025-02-18 05:35:00,2.2052,2.2063,2.20458,2.2062,258
2025-02-18 05:40:00,2.20626,2.20799,2.20622,2.20717,209
2025-02-18 05:45:00,2.20716,2.20752,2.20695,2.20701,136
2025-02-18 05:50:00,2.20702,2.20752,2.20691,2.20736,152
2025-02-18 05:55:00,2.20737,2.20757,2.20672,2.20709,172
2025-02-18 06:00:00,2.20709,2.2078699999999998,2.2069900000000002,2.20745,166
2025-02-18 06:05:00,2.20736,2.20756,2.20701,2.20704,89
2025-02-18 06:10:00,2.20707,2.20807,2.20702,2.2078699999999998,108
2025-02-18 06:15:00,2.20783,2.20819,2.20771,2.20773,90
2025-02-18 06:20:00,2.20771,2.20796,2.2074,2.20784,125
2025-02-18 06:25:00,2.20778,2.20825,2.20777,2.20801,78
2025-02-18 06:30:00,2.20803,2.20825,2.20706,2.20716,194
2025-02-18 06:35:00,2.20703,2.20736,2.20666,2.20674,177
2025-02-18 06:40:00,2.20676,2.207,2.20629,2.20645,141
2025-02-18 06:45:00,2.20643,2.20694,2.20572,2.20642,168
2025-02-18 06:50:00,2.20645,2.20693,2.20626,2.20655,145
2025-02-18 06:55:00,2.20657,2.20732,2.20657,2.20719,104
2025-02-18 07:00:00,2.20708,2.20739,2.20692,2.20706,110
2025-02-18 07:05:00,2.20718,2.20752,2.20692,2.20716,118
2025-02-18 07:10:00,2.20712,2.20746,2.20654,2.20678,113
2025-02-18 07:15:00,2.20676,2.20783,2.20668,2.20735,116
2025-02-18 07:20:00,2.2074,2.2074,2.20661,2.2069,90
2025-02-18 07:25:00,2.20681,2.20729,2.20667,2.20707,122
2025-02-18 07:30:00,2.20709,2.20745,2.20646,2.20649,125
2025-02-18 07:35:00,2.2065,2.20682,2.20622,2.20672,128
2025-02-18 07:40:00,2.20677,2.2073,2.20658,2.20729,175
2025-02-18 07:45:00,2.20727,2.20781,2.20678,2.20696,168
2025-02-18 07:50:00,2.20698,2.20718,2.20631,2.2063800000000002,133
2025-02-18 07:55:00,2.20642,2.20678,2.2061,2.20645,168
2025-02-18 08:00:00,2.20652,2.20652,2.20571,2.20581,164
2025-02-18 08:05:00,2.20585,2.2066,2.20576,2.20649,135
2025-02-18 08:10:00,2.20647,2.20712,2.20647,2.20684,120
2025-02-18 08:15:00,2.20687,2.20744,2.20681,2.20731,141
2025-02-18 08:20:00,2.20728,2.20746,2.20683,2.20746,166
2025-02-18 08:25:00,2.20744,2.20794,2.20733,2.20763,162
2025-02-18 08:30:00,2.20764,2.20766,2.20687,2.2072599999999998,131
2025-02-18 08:35:00,2.2072,2.20756,2.20658,2.20724,141
2025-02-18 08:40:00,2.2072,2.20761,2.20682,2.20716,152
2025-02-18 08:45:00,2.20722,2.20722,2.20627,2.20689,160
2025-02-18 08:50:00,2.20685,2.20693,2.20633,2.20647,103
2025-02-18 08:55:00,2.20656,2.20657,2.2057,2.20576,141
2025-02-18 09:00:00,2.20606,2.20711,2.20601,2.2069900000000002,213
2025-02-18 09:05:00,2.207,2.20702,2.20609,2.20635,219
2025-02-18 09:10:00,2.20635,2.20667,2.20575,2.20658,217
2025-02-18 09:15:00,2.20657,2.2068,2.2061,2.20618,141
2025-02-18 09:20:00,2.20622,2.20685,2.20621,2.20683,130
2025-02-18 09:25:00,2.20682,2.20737,2.20677,2.20692,121
2025-02-18 09:30:00,2.20691,2.20767,2.20649,2.20761,119
2025-02-18 09:35:00,2.20758,2.20809,2.20752,2.20796,76
2025-02-18 09:40:00,2.20798,2.20841,2.2077,2.20771,84
2025-02-18 09:45:00,2.20767,2.20796,2.20749,2.2078,108
2025-02-18 09:50:00,2.20784,2.20841,2.20784,2.20819,101
2025-02-18 09:55:00,2.20819,2.20866,2.20809,2.20843,183
2025-02-18 10:00:00,2.20837,2.20896,2.20804,2.20809,150
2025-02-18 10:05:00,2.20801,2.20835,2.20771,2.20816,161
2025-02-18 10:10:00,2.2082,2.20836,2.20798,2.20807,145
2025-02-18 10:15:00,2.2082100000000002,2.20834,2.20786,2.2082100000000002,142
2025-02-18 10:20:00,2.20825,2.20854,2.20806,2.20854,145
2025-02-18 10:25:00,2.2084799999999998,2.20971,2.2084799999999998,2.20953,149
2025-02-18 10:30:00,2.20956,2.20956,2.20866,2.20891,146
2025-02-18 10:35:00,2.20904,2.20918,2.20851,2.20892,148
2025-02-18 10:40:00,2.20889,2.2089,2.20824,2.20825,116
2025-02-18 10:45:00,2.20828,2.2088,2.20814,2.20866,121
2025-02-18 10:50:00,2.2087,2.20938,2.20862,2.20908,123
2025-02-18 10:55:00,2.20907,2.20946,2.20868,2.20872,158
2025-02-18 11:00:00,2.20869,2.20912,2.20861,2.20873,146
2025-02-18 11:05:00,2.2087,2.20881,2.2079,2.20793,108
2025-02-18 11:10:00,2.20796,2.20832,2.2078,2.20808,122
2025-02-18 11:15:00,2.20815,2.20853,2.20807,2.20833,110
2025-02-18 11:20:00,2.20829,2.20865,2.20799,2.20834,104
2025-02-18 11:25:00,2.20835,2.20885,2.20826,2.20884,94
2025-02-18 11:30:00,2.20885,2.20925,2.20816,2.20842,90
2025-02-18 11:35:00,2.20839,2.20852,2.20765,2.20773,109
2025-02-18 11:40:00,2.20776,2.20783,2.2073,2.20754,109
2025-02-18 11:45:00,2.20747,2.20788,2.20723,2.20758,129
2025-02-18 11:50:00,2.20754,2.20801,2.20751,2.208,89
2025-02-18 11:55:00,2.2079,2.2079,2.20735,2.20755,95
2025-02-18 12:00:00,2.20754,2.20794,2.20704,2.20704,122
2025-02-18 12:05:00,2.20701,2.20709,2.20648,2.20676,145
2025-02-18 12:10:00,2.20678,2.20689,2.20645,2.20665,103
2025-02-18 12:15:00,2.20669,2.20707,2.20669,2.20691,96
2025-02-18 12:20:00,2.20693,2.20728,2.20669,2.20674,109
2025-02-18 12:25:00,2.20671,2.20684,2.20614,2.20629,109
2025-02-18 12:30:00,2.2062,2.20637,2.20529,2.20569,101
2025-02-18 12:35:00,2.2057700000000002,2.20604,2.20525,2.20549,129
2025-02-18 12:40:00,2.20567,2.20634,2.20567,2.20624,87
2025-02-18 12:45:00,2.20631,2.20677,2.20624,2.20676,93
2025-02-18 12:50:00,2.20675,2.20729,2.20659,2.20704,96
2025-02-18 12:55:00,2.20715,2.2072599999999998,2.20684,2.2069,131
2025-02-18 13:00:00,2.20686,2.20798,2.20671,2.20797,149
2025-02-18 13:05:00,2.20801,2.20836,2.20799,2.20813,107
2025-02-18 13:10:00,2.20809,2.20868,2.20769,2.20847,125
2025-02-18 13:15:00,2.2084799999999998,2.20855,2.20769,2.20783,108
2025-02-18 13:20:00,2.20777,2.20777,2.20747,2.20759,90
2025-02-18 13:25:00,2.20763,2.20794,2.2074,2.20742,90
2025-02-18 13:30:00,2.20745,2.20751,2.20669,2.2071,108
2025-02-18 13:35:00,2.20705,2.20743,2.20661,2.20715,82
2025-02-18 13:40:00,2.20711,2.20728,2.20674,2.20704,73
2025-02-18 13:45:00,2.20707,2.20713,2.20671,2.20671,55
2025-02-18 13:50:00,2.20669,2.20723,2.2064,2.20719,75
2025-02-18 13:55:00,2.20717,2.20722,2.20667,2.20712,89
2025-02-18 14:00:00,2.20715,2.2072599999999998,2.20682,2.20695,98
2025-02-18 14:05:00,2.20691,2.20788,2.20689,2.20756,143
2025-02-18 14:10:00,2.20743,2.20781,2.2074,2.20752,116
2025-02-18 14:15:00,2.20752,2.20752,2.20678,2.20739,144
2025-02-18 14:20:00,2.20736,2.20752,2.20706,2.20729,93
2025-02-18 14:25:00,2.20734,2.20781,2.2072,2.20723,115
2025-02-18 14:30:00,2.2073,2.20757,2.20696,2.20697,123
2025-02-18 14:35:00,2.2069,2.20751,2.20679,2.20735,108
2025-02-18 14:40:00,2.20735,2.20758,2.20722,2.20733,105
2025-02-18 14:45:00,2.20724,2.20781,2.20693,2.20778,83
2025-02-18 14:50:00,2.20778,2.20833,2.20744,2.20833,107
2025-02-18 14:55:00,2.20825,2.20828,2.20749,2.20789,96
2025-02-18 15:00:00,2.20793,2.20823,2.20779,2.20799,162
2025-02-18 15:05:00,2.20795,2.20867,2.20768,2.20865,123
2025-02-18 15:10:00,2.20852,2.2103099999999998,2.20841,2.21016,172
2025-02-18 15:15:00,2.21023,2.21096,2.21001,2.2101,141
2025-02-18 15:20:00,2.21018,2.21105,2.21008,2.2102,146
2025-02-18 15:25:00,2.21022,2.21037,2.20982,2.21002,96
2025-02-18 15:30:00,2.20952,2.20998,2.20942,2.20991,176
2025-02-18 15:35:00,2.20999,2.21037,2.20986,2.21011,135
2025-02-18 15:40:00,2.2100400000000002,2.21005,2.20935,2.20971,142
2025-02-18 15:45:00,2.2096,2.20973,2.2092,2.2094,128
2025-02-18 15:50:00,2.20946,2.20982,2.20914,2.20953,135
2025-02-18 15:55:00,2.20958,2.20979,2.20931,2.20952,152
2025-02-18 16:00:00,2.20954,2.2100400000000002,2.20926,2.20997,154
2025-02-18 16:05:00,2.21003,2.21177,2.21003,2.21107,179
2025-02-18 16:10:00,2.21103,2.2111,2.2104,2.21076,133
2025-02-18 16:15:00,2.21095,2.21137,2.21068,2.21093,146
2025-02-18 16:20:00,2.21091,2.21146,2.21055,2.21055,120
2025-02-18 16:25:00,2.21058,2.21083,2.21018,2.21021,164
2025-02-18 16:30:00,2.21024,2.21088,2.21016,2.2104,191
2025-02-18 16:35:00,2.21042,2.21128,2.21032,2.21058,168
2025-02-18 16:40:00,2.21062,2.21073,2.21023,2.21051,161
2025-02-18 16:45:00,2.21054,2.2111,2.21029,2.21091,140
2025-02-18 16:50:00,2.21097,2.21105,2.21044,2.21059,157
2025-02-18 16:55:00,2.21062,2.2112,2.2106,2.21103,154
2025-02-18 17:00:00,2.21087,2.21152,2.21085,2.21114,210
2025-02-18 17:05:00,2.21116,2.21146,2.21073,2.21087,173
2025-02-18 17:10:00,2.21084,2.21098,2.21054,2.21072,179
2025-02-18 17:15:00,2.21069,2.21089,2.21049,2.21052,152
2025-02-18 17:20:00,2.21062,2.21191,2.21062,2.21177,199
2025-02-18 17:25:00,2.21174,2.21195,2.21105,2.21105,150
2025-02-18 17:30:00,2.21103,2.21201,2.21072,2.21195,148
2025-02-18 17:35:00,2.21196,2.21239,2.21158,2.21158,145
2025-02-18 17:40:00,2.21152,2.21194,2.21139,2.21175,135
2025-02-18 17:45:00,2.21175,2.2119,2.21054,2.2106,175
2025-02-18 17:50:00,2.21064,2.21143,2.21035,2.21137,198
2025-02-18 17:55:00,2.21136,2.21217,2.21064,2.212,262
2025-02-18 18:00:00,2.21196,2.21238,2.2112,2.21125,236
2025-02-18 18:05:00,2.21119,2.21191,2.21114,2.21114,137
2025-02-18 18:10:00,2.21122,2.21164,2.211,2.21156,157
2025-02-18 18:15:00,2.21159,2.21189,2.21139,2.21171,124
2025-02-18 18:20:00,2.2118,2.2118,2.21121,2.21128,144
2025-02-18 18:25:00,2.21125,2.21139,2.2109,2.21107,126
2025-02-18 18:30:00,2.21111,2.21113,2.21072,2.21106,146
2025-02-18 18:35:00,2.2111,2.21124,2.21034,2.21052,121
2025-02-18 18:40:00,2.21055,2.21068,2.21014,2.21019,108
2025-02-18 18:45:00,2.21022,2.21034,2.2095,2.2103099999999998,140
2025-02-18 18:50:00,2.21026,2.211,2.21011,2.2108,132
2025-02-18 18:55:00,2.21081,2.21091,2.2100400000000002,2.2104,99
2025-02-18 19:00:00,2.2104,2.21063,2.20993,2.21057,156
2025-02-18 19:05:00,2.21056,2.21123,2.21035,2.21123,135
2025-02-18 19:10:00,2.21122,2.21124,2.2109199999999998,2.21096,73
2025-02-18 19:15:00,2.21095,2.21144,2.21095,2.21129,105
2025-02-18 19:20:00,2.21131,2.21139,2.21097,2.21123,117
2025-02-18 19:25:00,2.21122,2.21146,2.21106,2.21111,109
2025-02-18 19:30:00,2.21114,2.21159,2.21104,2.21154,92
2025-02-18 19:35:00,2.2115299999999998,2.21169,2.21144,2.21156,99
2025-02-18 19:40:00,2.2115,2.21178,2.21147,2.21174,87
2025-02-18 19:45:00,2.2117,2.21213,2.21165,2.21189,124
2025-02-18 19:50:00,2.21193,2.21193,2.21143,2.2115,85
2025-02-18 19:55:00,2.21148,2.21154,2.21032,2.21043,130
2025-02-18 20:00:00,2.2104,2.21049,2.21008,2.21013,122
2025-02-18 20:05:00,2.21015,2.21048,2.20989,2.21045,123
2025-02-18 20:10:00,2.21048,2.21048,2.20992,2.2102,96
2025-02-18 20:15:00,2.21023,2.21062,2.21021,2.21054,92
2025-02-18 20:20:00,2.21055,2.21078,2.2104,2.21056,99
2025-02-18 20:25:00,2.21057,2.21102,2.21027,2.21036,119
2025-02-18 20:30:00,2.21034,2.21043,2.20978,2.2099,80
2025-02-18 20:35:00,2.20997,2.21021,2.20982,2.20991,75
2025-02-18 20:40:00,2.20993,2.21017,2.20968,2.21013,107
2025-02-18 20:45:00,2.2101,2.2105,2.2100400000000002,2.21014,94
2025-02-18 20:50:00,2.21011,2.21056,2.21011,2.21048,98
2025-02-18 20:55:00,2.21049,2.21055,2.21026,2.21049,80
2025-02-18 21:00:00,2.21053,2.21062,2.21022,2.21026,86
2025-02-18 21:05:00,2.21024,2.21039,2.21013,2.21026,104
2025-02-18 21:10:00,2.21028,2.21028,2.20994,2.21003,94
2025-02-18 21:15:00,2.21007,2.21025,2.20998,2.21015,86
2025-02-18 21:20:00,2.21012,2.21039,2.2100400000000002,2.21029,135
2025-02-18 21:25:00,2.21036,2.21039,2.21018,2.2102,82
2025-02-18 21:30:00,2.21023,2.2104,2.20988,2.2104,93
2025-02-18 21:35:00,2.21033,2.21037,2.20981,2.20992,93
2025-02-18 21:40:00,2.20993,2.21001,2.20929,2.2094,80
2025-02-18 21:45:00,2.20936,2.20938,2.20878,2.20888,82
2025-02-18 21:50:00,2.209,2.20928,2.20897,2.20914,66
2025-02-18 21:55:00,2.20918,2.20931,2.20879,2.20911,120
2025-02-18 22:00:00,2.2090899999999998,2.20922,2.20889,2.20913,101
2025-02-18 22:05:00,2.20907,2.20936,2.20904,2.20931,79
2025-02-18 22:10:00,2.20927,2.20957,2.20923,2.20935,77
2025-02-18 22:15:00,2.20926,2.20951,2.20906,2.20906,69
2025-02-18 22:20:00,2.20902,2.20923,2.20897,2.20899,88
2025-02-18 22:25:00,2.20896,2.20924,2.20891,2.20924,90
2025-02-18 22:30:00,2.2092,2.20926,2.20902,2.20916,106
2025-02-18 22:35:00,2.20917,2.20936,2.20917,2.20924,149
2025-02-18 22:40:00,2.20926,2.2094,2.20918,2.2094,91
2025-02-18 22:45:00,2.20939,2.20978,2.2093,2.20973,102
2025-02-18 22:50:00,2.20972,2.21012,2.2096999999999998,2.2100400000000002,129
2025-02-18 22:55:00,2.21009,2.21047,2.20991,2.21015,133
2025-02-18 23:00:00,2.21,2.2104,2.20992,2.20997,106
2025-02-18 23:05:00,2.20996,2.21026,2.20951,2.20991,108
2025-02-18 23:10:00,2.2099,2.20997,2.20952,2.20964,117
2025-02-18 23:15:00,2.20966,2.20986,2.20949,2.20953,93
2025-02-18 23:20:00,2.20954,2.20988,2.20904,2.20975,88
2025-02-18 23:25:00,2.20925,2.21007,2.20925,2.20988,74
2025-02-18 23:30:00,2.20987,2.20996,2.20946,2.20966,66
2025-02-18 23:35:00,2.20967,2.21008,2.2091,2.21008,62
2025-02-18 23:40:00,2.21005,2.21015,2.20936,2.20972,57
2025-02-18 23:45:00,2.20949,2.20998,2.2094,2.20989,73
2025-02-18 23:50:00,2.20989,2.21008,2.2096999999999998,2.20987,143
2025-02-18 23:55:00,2.20985,2.21162,2.20979,2.21162,322
2025-02-19 00:00:00,2.21009,2.21071,2.2088200000000002,2.21041,51
2025-02-19 00:05:00,2.21041,2.21111,2.2094,2.21051,50
2025-02-19 00:10:00,2.21051,2.21231,2.20977,2.21191,78
2025-02-19 00:15:00,2.21191,2.21361,2.21191,2.21337,135
2025-02-19 00:20:00,2.21339,2.21426,2.21213,2.21213,66
2025-02-19 00:25:00,2.21212,2.21462,2.21212,2.21462,135
2025-02-19 00:30:00,2.21459,2.21472,2.21415,2.21443,73
2025-02-19 00:35:00,2.21339,2.2147,2.21337,2.21446,115
2025-02-19 00:40:00,2.2145799999999998,2.21493,2.21392,2.21421,93
2025-02-19 00:45:00,2.2142,2.2142,2.21262,2.21385,90
2025-02-19 00:50:00,2.21381,2.21507,2.21381,2.21473,110
2025-02-19 00:55:00,2.21475,2.21533,2.21366,2.21467,67
2025-02-19 01:00:00,2.21459,2.21459,2.21235,2.21326,109
2025-02-19 01:05:00,2.21327,2.21331,2.21231,2.21231,64
2025-02-19 01:10:00,2.21247,2.21281,2.21209,2.21215,66
2025-02-19 01:15:00,2.21209,2.21232,2.21195,2.21227,47
2025-02-19 01:20:00,2.21215,2.21252,2.21194,2.2124,49
2025-02-19 01:25:00,2.2125,2.21261,2.212,2.21236,43
2025-02-19 01:30:00,2.21239,2.21291,2.21226,2.21269,57
2025-02-19 01:35:00,2.21283,2.21324,2.21235,2.21256,71
2025-02-19 01:40:00,2.21255,2.21286,2.2123,2.21255,79
2025-02-19 01:45:00,2.21254,2.21286,2.21251,2.21261,55
2025-02-19 01:50:00,2.21258,2.21289,2.21258,2.2127,43
2025-02-19 01:55:00,2.21274,2.21306,2.21274,2.21289,41
2025-02-19 02:00:00,2.21287,2.21352,2.21285,2.21347,97
2025-02-19 02:05:00,2.21349,2.21371,2.21332,2.21338,72
2025-02-19 02:10:00,2.2133599999999998,2.21386,2.21328,2.21384,78
2025-02-19 02:15:00,2.21389,2.21389,2.21308,2.21313,100
2025-02-19 02:20:00,2.21312,2.21325,2.21278,2.21313,63
2025-02-19 02:25:00,2.21317,2.21317,2.21219,2.21229,73
2025-02-19 02:30:00,2.21226,2.21318,2.21146,2.21156,141
2025-02-19 02:35:00,2.21151,2.2117,2.21077,2.2108,54
2025-02-19 02:40:00,2.21077,2.21162,2.21068,2.21148,85
2025-02-19 02:45:00,2.21166,2.21225,2.21164,2.21182,83
2025-02-19 02:50:00,2.21186,2.21252,2.2116,2.21243,162
2025-02-19 02:55:00,2.21243,2.21369,2.21188,2.21329,179
2025-02-19 03:00:00,2.21332,2.22088,2.20899,2.22035,343
2025-02-19 03:05:00,2.22038,2.22073,2.21836,2.2192600000000002,256
2025-02-19 03:10:00,2.21939,2.22002,2.21784,2.21939,216
2025-02-19 03:15:00,2.21945,2.21947,2.21816,2.21829,151
2025-02-19 03:20:00,2.21836,2.21891,2.21809,2.21848,120
2025-02-19 03:25:00,2.21845,2.2189,2.21785,2.2186500000000002,83
2025-02-19 03:30:00,2.21869,2.22017,2.21825,2.22002,199
2025-02-19 03:35:00,2.21986,2.22037,2.21928,2.21963,160
2025-02-19 03:40:00,2.21966,2.21985,2.21928,2.21948,121
2025-02-19 03:45:00,2.21951,2.21994,2.21924,2.21964,145
2025-02-19 03:50:00,2.21967,2.21967,2.2188,2.219,158
2025-02-19 03:55:00,2.21898,2.21898,2.21476,2.21476,193
2025-02-19 04:00:00,2.2146,2.21821,2.2143100000000002,2.21821,246
2025-02-19 04:05:00,2.21829,2.21833,2.21327,2.21409,188
2025-02-19 04:10:00,2.21404,2.21557,2.21402,2.21449,176
2025-02-19 04:15:00,2.21452,2.21457,2.21146,2.21167,147
2025-02-19 04:20:00,2.21164,2.2124800000000002,2.21062,2.21121,131
2025-02-19 04:25:00,2.21129,2.21177,2.2094300000000002,2.20969,107
2025-02-19 04:30:00,2.20965,2.20965,2.2074,2.208,166
2025-02-19 04:35:00,2.20803,2.20986,2.20803,2.20892,143
2025-02-19 04:40:00,2.20889,2.2094300000000002,2.20806,2.2082,141
2025-02-19 04:45:00,2.20817,2.20893,2.20754,2.20817,111
2025-02-19 04:50:00,2.20814,2.2083,2.2053,2.20532,167
2025-02-19 04:55:00,2.20529,2.20557,2.20358,2.20518,184
2025-02-19 05:00:00,2.20522,2.20609,2.20518,2.20582,116
2025-02-19 05:05:00,2.20578,2.20649,2.20544,2.20544,100
2025-02-19 05:10:00,2.2053599999999998,2.20571,2.2052,2.2052,81
2025-02-19 05:15:00,2.20526,2.20585,2.20488,2.20582,78
2025-02-19 05:20:00,2.20585,2.20585,2.20492,2.20562,81
2025-02-19 05:25:00,2.20565,2.2062,2.20528,2.20541,99
2025-02-19 05:30:00,2.20543,2.20592,2.20515,2.20581,75
2025-02-19 05:35:00,2.20586,2.20695,2.20585,2.20673,89
2025-02-19 05:40:00,2.20674,2.20674,2.20495,2.20506,114
2025-02-19 05:45:00,2.20506,2.20525,2.20427,2.20432,83
2025-02-19 05:50:00,2.20429,2.2052,2.20388,2.2052,112
2025-02-19 05:55:00,2.20524,2.20569,2.20505,2.20569,92
2025-02-19 06:00:00,2.2058,2.20688,2.20571,2.20621,94
2025-02-19 06:05:00,2.2063,2.20655,2.20588,2.20626,83
2025-02-19 06:10:00,2.20619,2.20637,2.20575,2.2059,60
2025-02-19 06:15:00,2.2059699999999998,2.20624,2.2057700000000002,2.20618,77
2025-02-19 06:20:00,2.2062,2.20625,2.20578,2.20625,72
2025-02-19 06:25:00,2.20628,2.20631,2.20606,2.20606,69
2025-02-19 06:30:00,2.20609,2.20652,2.20603,2.20646,69
2025-02-19 06:35:00,2.20649,2.2065,2.2059699999999998,2.20609,66
2025-02-19 06:40:00,2.20621,2.20637,2.20588,2.20632,73
2025-02-19 06:45:00,2.20634,2.20636,2.20562,2.20566,64
2025-02-19 06:50:00,2.20563,2.20578,2.20549,2.20578,43
2025-02-19 06:55:00,2.20578,2.2059,2.2054,2.20549,88
2025-02-19 07:00:00,2.20547,2.20569,2.20537,2.20546,106
2025-02-19 07:05:00,2.20543,2.20571,2.2052,2.20531,98
2025-02-19 07:10:00,2.20533,2.20542,2.20507,2.20507,89
2025-02-19 07:15:00,2.2051,2.20527,2.20482,2.20506,65
2025-02-19 07:20:00,2.20503,2.20542,2.20496,2.20532,85
2025-02-19 07:25:00,2.20534,2.2055,2.20502,2.20511,73
2025-02-19 07:30:00,2.2051,2.20521,2.20484,2.20488,67
2025-02-19 07:35:00,2.20482,2.20497,2.20445,2.2045,99
2025-02-19 07:40:00,2.20447,2.20513,2.20447,2.20468,95
2025-02-19 07:45:00,2.20471,2.20482,2.20453,2.20464,98
2025-02-19 07:50:00,2.20468,2.20487,2.20441,2.20481,76
2025-02-19 07:55:00,2.20483,2.20518,2.20483,2.20505,92
2025-02-19 08:00:00,2.20504,2.20523,2.20429,2.20429,98
2025-02-19 08:05:00,2.20426,2.20433,2.20356,2.20361,88
2025-02-19 08:10:00,2.20366,2.20393,2.20339,2.20375,126
2025-02-19 08:15:00,2.20381,2.20412,2.2034,2.20347,106
2025-02-19 08:20:00,2.2035,2.20376,2.20337,2.20348,99
2025-02-19 08:25:00,2.20364,2.20364,2.20306,2.20323,80
2025-02-19 08:30:00,2.20319,2.20374,2.20306,2.20347,110
2025-02-19 08:35:00,2.20342,2.20388,2.2033,2.20356,112
2025-02-19 08:40:00,2.20356,2.20388,2.20336,2.20387,87
2025-02-19 08:45:00,2.20384,2.20395,2.20354,2.20359,104
2025-02-19 08:50:00,2.20358,2.20387,2.20283,2.2029199999999998,107
2025-02-19 08:55:00,2.2029,2.20322,2.20279,2.20313,188
2025-02-19 09:00:00,2.20374,2.20427,2.20246,2.20396,252
2025-02-19 09:05:00,2.20395,2.20412,2.20348,2.20378,149
2025-02-19 09:10:00,2.20381,2.20395,2.20323,2.20371,155
2025-02-19 09:15:00,2.20376,2.20427,2.20373,2.20381,165
2025-02-19 09:20:00,2.20382,2.20391,2.20312,2.20325,129
2025-02-19 09:25:00,2.20325,2.20335,2.20241,2.20286,105
2025-02-19 09:30:00,2.20296,2.20361,2.20283,2.20348,138
2025-02-19 09:35:00,2.20351,2.20402,2.20328,2.20381,93
2025-02-19 09:40:00,2.20378,2.20419,2.2036,2.2036,102
2025-02-19 09:45:00,2.20357,2.20372,2.20289,2.20325,117
2025-02-19 09:50:00,2.20323,2.20335,2.20255,2.20263,121
2025-02-19 09:55:00,2.20263,2.20297,2.20186,2.20277,126
2025-02-19 10:00:00,2.20284,2.20323,2.20244,2.20313,167
2025-02-19 10:05:00,2.20315,2.20359,2.20284,2.20348,154
2025-02-19 10:10:00,2.20344,2.20387,2.20313,2.20361,137
2025-02-19 10:15:00,2.2036,2.20381,2.20319,2.20354,141
2025-02-19 10:20:00,2.20356,2.20445,2.20334,2.20436,124
2025-02-19 10:25:00,2.20434,2.20486,2.2041,2.20445,152
2025-02-19 10:30:00,2.20447,2.2051600000000002,2.20431,2.20443,148
2025-02-19 10:35:00,2.20436,2.20449,2.20349,2.20354,137
2025-02-19 10:40:00,2.20359,2.20367,2.20241,2.20248,112
2025-02-19 10:45:00,2.2025,2.20267,2.20213,2.20213,115
2025-02-19 10:50:00,2.20215,2.20244,2.20186,2.20214,131
2025-02-19 10:55:00,2.2021100000000002,2.20282,2.20192,2.20243,160
2025-02-19 11:00:00,2.20241,2.20316,2.2023099999999998,2.20288,179
2025-02-19 11:05:00,2.20291,2.203,2.20194,2.20207,125
2025-02-19 11:10:00,2.2021100000000002,2.20256,2.20197,2.20227,77
2025-02-19 11:15:00,2.20229,2.20287,2.20221,2.20252,117
2025-02-19 11:20:00,2.20249,2.20253,2.20196,2.20206,86
2025-02-19 11:25:00,2.20204,2.20218,2.20172,2.20193,92
2025-02-19 11:30:00,2.20191,2.20203,2.20151,2.20156,97
2025-02-19 11:35:00,2.20162,2.20178,2.20126,2.20136,131
2025-02-19 11:40:00,2.20139,2.20144,2.2007,2.20096,129
2025-02-19 11:45:00,2.20093,2.20139,2.20079,2.20139,113
2025-02-19 11:50:00,2.20144,2.20181,2.2011,2.20118,103
2025-02-19 11:55:00,2.20119,2.20143,2.20102,2.20136,127
2025-02-19 12:00:00,2.20138,2.20186,2.20125,2.20167,161
2025-02-19 12:05:00,2.20167,2.20196,2.201,2.20169,116
2025-02-19 12:10:00,2.20166,2.20203,2.2015000000000002,2.2016999999999998,143
2025-02-19 12:15:00,2.20174,2.20261,2.2016,2.20237,127
2025-02-19 12:20:00,2.20234,2.20312,2.20233,2.2027200000000002,139
2025-02-19 12:25:00,2.2027,2.20297,2.20259,2.20266,94
2025-02-19 12:30:00,2.20266,2.20279,2.20226,2.20233,105
2025-02-19 12:35:00,2.20233,2.20238,2.20194,2.20216,111
2025-02-19 12:40:00,2.20222,2.20222,2.20181,2.20186,100
2025-02-19 12:45:00,2.20186,2.20186,2.20097,2.20132,104
2025-02-19 12:50:00,2.20126,2.20182,2.20111,2.20182,107
2025-02-19 12:55:00,2.20181,2.2024,2.20168,2.20228,112
2025-02-19 13:00:00,2.20233,2.20252,2.20137,2.2014,258
2025-02-19 13:05:00,2.20137,2.20167,2.2010899999999998,2.20154,163
2025-02-19 13:10:00,2.20154,2.20215,2.20107,2.20215,122
2025-02-19 13:15:00,2.20225,2.20324,2.20225,2.20324,139
2025-02-19 13:20:00,2.20323,2.20332,2.20268,2.20276,127
2025-02-19 13:25:00,2.20274,2.20288,2.20244,2.20249,120
2025-02-19 13:30:00,2.20249,2.20252,2.20178,2.2021,117
2025-02-19 13:35:00,2.20212,2.20269,2.202,2.20262,108
2025-02-19 13:40:00,2.20265,2.20327,2.20247,2.20326,103
2025-02-19 13:45:00,2.20325,2.2033,2.20267,2.20277,128
2025-02-19 13:50:00,2.20273,2.20273,2.20196,2.20235,122
2025-02-19 13:55:00,2.2024,2.20286,2.20234,2.20248,90
2025-02-19 14:00:00,2.20249,2.20249,2.20197,2.20227,116
2025-02-19 14:05:00,2.2023,2.20234,2.20184,2.202,123
2025-02-19 14:10:00,2.20206,2.20222,2.20181,2.20207,112
2025-02-19 14:15:00,2.20205,2.20233,2.20186,2.20228,104
2025-02-19 14:20:00,2.2023099999999998,2.20253,2.20206,2.20222,127
2025-02-19 14:25:00,2.20218,2.20234,2.20194,2.20198,114
2025-02-19 14:30:00,2.20209,2.20254,2.20191,2.20249,130
2025-02-19 14:35:00,2.20247,2.20288,2.20242,2.20288,109
2025-02-19 14:40:00,2.20306,2.20321,2.20264,2.20304,102
2025-02-19 14:45:00,2.20306,2.20308,2.20256,2.20256,50
2025-02-19 14:50:00,2.20258,2.20273,2.20228,2.20237,125
2025-02-19 14:55:00,2.20241,2.20306,2.20237,2.20246,126
2025-02-19 15:00:00,2.20235,2.20301,2.20227,2.20298,161
2025-02-19 15:05:00,2.2029199999999998,2.20313,2.20265,2.2028,143
2025-02-19 15:10:00,2.20277,2.20339,2.20264,2.20335,145
2025-02-19 15:15:00,2.2033300000000002,2.20338,2.20286,2.20321,115
2025-02-19 15:20:00,2.20326,2.2035,2.20299,2.20349,128
2025-02-19 15:25:00,2.20349,2.20373,2.2031,2.20355,133
2025-02-19 15:30:00,2.20354,2.20378,2.20286,2.20303,98
2025-02-19 15:35:00,2.20307,2.20332,2.20271,2.20286,133
2025-02-19 15:40:00,2.20285,2.20301,2.20252,2.20261,121
2025-02-19 15:45:00,2.20263,2.20357,2.20259,2.20356,217
2025-02-19 15:50:00,2.20355,2.20366,2.20277,2.20311,370
2025-02-19 15:55:00,2.20309,2.20325,2.2027,2.20314,366
2025-02-19 16:00:00,2.20315,2.20346,2.20302,2.20332,380
2025-02-19 16:05:00,2.2033300000000002,2.20386,2.20281,2.20299,357
2025-02-19 16:10:00,2.20295,2.20327,2.20256,2.20266,310
2025-02-19 16:15:00,2.20269,2.20342,2.20257,2.20336,347
2025-02-19 16:20:00,2.20337,2.20362,2.20274,2.20282,329
2025-02-19 16:25:00,2.20278,2.20354,2.2027,2.2033,342
2025-02-19 16:30:00,2.20328,2.20387,2.20295,2.2032,471
2025-02-19 16:35:00,2.20322,2.20403,2.20316,2.20346,463
2025-02-19 16:40:00,2.20344,2.20444,2.20302,2.20415,462
2025-02-19 16:45:00,2.20417,2.20452,2.20388,2.20433,463
2025-02-19 16:50:00,2.20433,2.20434,2.20339,2.20347,443
2025-02-19 16:55:00,2.20348,2.20438,2.20342,2.20433,518
2025-02-19 17:00:00,2.20432,2.20464,2.20425,2.20454,431
2025-02-19 17:05:00,2.20452,2.20506,2.2044,2.20479,382
2025-02-19 17:10:00,2.2048,2.20485,2.20408,2.20439,430
2025-02-19 17:15:00,2.20438,2.20441,2.20383,2.20407,415
2025-02-19 17:20:00,2.20407,2.20524,2.2039400000000002,2.2041399999999998,403
2025-02-19 17:25:00,2.2041399999999998,2.20447,2.20382,2.20422,434
2025-02-19 17:30:00,2.20418,2.20443,2.20143,2.20152,671
2025-02-19 17:35:00,2.20159,2.20204,2.20125,2.2016999999999998,607
2025-02-19 17:40:00,2.20166,2.2023,2.20158,2.20201,482
2025-02-19 17:45:00,2.20199,2.20286,2.20197,2.20227,506
2025-02-19 17:50:00,2.2023099999999998,2.20277,2.20182,2.20256,499
2025-02-19 17:55:00,2.20257,2.20473,2.20257,2.20451,594
2025-02-19 18:00:00,2.20449,2.20537,2.20446,2.20478,589
2025-02-19 18:05:00,2.20479,2.205,2.20424,2.20439,443
2025-02-19 18:10:00,2.2044,2.20496,2.20418,2.20494,411
2025-02-19 18:15:00,2.20486,2.20511,2.20453,2.20467,461
2025-02-19 18:20:00,2.20466,2.20544,2.20457,2.20478,496
2025-02-19 18:25:00,2.20477,2.20498,2.20432,2.20471,359
2025-02-19 18:30:00,2.20473,2.20527,2.20459,2.2048,373
2025-02-19 18:35:00,2.20487,2.20519,2.20454,2.20517,324
2025-02-19 18:40:00,2.20518,2.20547,2.205,2.20528,319
2025-02-19 18:45:00,2.20531,2.20547,2.20496,2.20535,365
2025-02-19 18:50:00,2.20534,2.2057,2.205,2.20541,345
2025-02-19 18:55:00,2.20541,2.2058,2.20512,2.20554,402
2025-02-19 19:00:00,2.20546,2.2056,2.2048,2.20482,346
2025-02-19 19:05:00,2.20483,2.20525,2.20432,2.20436,366
2025-02-19 19:10:00,2.2044,2.2045,2.20411,2.20422,348
2025-02-19 19:15:00,2.20425,2.20461,2.20407,2.20427,318
2025-02-19 19:20:00,2.20425,2.20452,2.20387,2.20399,305
2025-02-19 19:25:00,2.20398,2.20422,2.20374,2.20412,262
2025-02-19 19:30:00,2.20413,2.20461,2.20407,2.20408,235
2025-02-19 19:35:00,2.20409,2.20487,2.20403,2.20482,217
2025-02-19 19:40:00,2.2048,2.20557,2.20471,2.20554,275
2025-02-19 19:45:00,2.20556,2.20571,2.20528,2.20557,217
2025-02-19 19:50:00,2.20558,2.20559,2.2051600000000002,2.2052,281
2025-02-19 19:55:00,2.20518,2.20559,2.20512,2.20542,292
2025-02-19 20:00:00,2.20549,2.20557,2.20522,2.20529,294
2025-02-19 20:05:00,2.20526,2.20567,2.20514,2.20567,289
2025-02-19 20:10:00,2.2057,2.20613,2.20554,2.20594,316
2025-02-19 20:15:00,2.20593,2.206,2.20564,2.20587,232
2025-02-19 20:20:00,2.20589,2.20609,2.20543,2.2055,288
2025-02-19 20:25:00,2.20553,2.20557,2.20515,2.20533,293
2025-02-19 20:30:00,2.20538,2.20559,2.20521,2.20547,295
2025-02-19 20:35:00,2.20546,2.20551,2.2051600000000002,2.2052,259
2025-02-19 20:40:00,2.20521,2.20562,2.20511,2.2055,244
2025-02-19 20:45:00,2.20551,2.20568,2.20537,2.20553,278
2025-02-19 20:50:00,2.20553,2.20567,2.20535,2.20548,225
2025-02-19 20:55:00,2.20547,2.20602,2.20525,2.20545,242
2025-02-19 21:00:00,2.20541,2.20594,2.20541,2.2058,370
2025-02-19 21:05:00,2.20588,2.20596,2.20545,2.20547,361
2025-02-19 21:10:00,2.20547,2.20554,2.2047499999999998,2.20505,376
2025-02-19 21:15:00,2.20507,2.20515,2.20473,2.20507,363
2025-02-19 21:20:00,2.20515,2.20545,2.20479,2.20514,367
2025-02-19 21:25:00,2.20512,2.2056,2.205,2.20548,317
2025-02-19 21:30:00,2.20547,2.2057700000000002,2.20537,2.20562,323
2025-02-19 21:35:00,2.20563,2.20572,2.20517,2.2053,278
2025-02-19 21:40:00,2.20532,2.20539,2.20489,2.2052,295
2025-02-19 21:45:00,2.20529,2.20579,2.20511,2.20573,229
2025-02-19 21:50:00,2.20572,2.20609,2.20562,2.20596,273
2025-02-19 21:55:00,2.206,2.20607,2.20547,2.20604,346
2025-02-19 22:00:00,2.20599,2.20613,2.20566,2.20598,335
2025-02-19 22:05:00,2.20599,2.20613,2.20568,2.20588,233
2025-02-19 22:10:00,2.2059,2.20603,2.20575,2.20598,261
2025-02-19 22:15:00,2.20596,2.20619,2.20581,2.20603,228
2025-02-19 22:20:00,2.20603,2.20621,2.2059,2.20601,220
2025-02-19 22:25:00,2.206,2.20624,2.20591,2.20616,310
2025-02-19 22:30:00,2.20619,2.20629,2.20587,2.2059,243
2025-02-19 22:35:00,2.2059,2.20628,2.20581,2.20619,234
2025-02-19 22:40:00,2.20616,2.20629,2.20604,2.20627,214
2025-02-19 22:45:00,2.20624,2.20642,2.20609,2.20628,225
2025-02-19 22:50:00,2.20631,2.20646,2.20619,2.20639,270
2025-02-19 22:55:00,2.20635,2.20685,2.20632,2.20683,271
2025-02-19 23:00:00,2.20633,2.20664,2.20619,2.20659,205
2025-02-19 23:05:00,2.20657,2.2066,2.20636,2.20642,224
2025-02-19 23:10:00,2.20641,2.20642,2.20586,2.2059,198
2025-02-19 23:15:00,2.20594,2.20598,2.20547,2.20558,95
2025-02-19 23:20:00,2.20559,2.20559,2.20467,2.20479,87
2025-02-19 23:25:00,2.20482,2.20539,2.20482,2.20539,103
2025-02-19 23:30:00,2.2054,2.2055,2.20507,2.20529,174
2025-02-19 23:35:00,2.2053,2.20542,2.20499,2.20521,168
2025-02-19 23:40:00,2.20524,2.20539,2.20496,2.20507,176
2025-02-19 23:45:00,2.20509,2.20564,2.20483,2.20488,95
2025-02-19 23:50:00,2.20489,2.20517,2.20478,2.20508,187
2025-02-19 23:55:00,2.20554,2.2059,2.20472,2.20572,190
2025-02-20 00:00:00,2.20535,2.20535,2.20321,2.20351,13
2025-02-20 00:05:00,2.20351,2.20509,2.20341,2.20491,19
2025-02-20 00:10:00,2.20512,2.20512,2.20422,2.20461,252
2025-02-20 00:15:00,2.20404,2.20413,2.20381,2.20393,80
2025-02-20 00:20:00,2.2039400000000002,2.20477,2.20386,2.20395,30
2025-02-20 00:25:00,2.20393,2.20482,2.20393,2.20476,34
2025-02-20 00:30:00,2.204,2.20528,2.2039400000000002,2.20515,89
2025-02-20 00:35:00,2.20514,2.20514,2.20418,2.20489,92
2025-02-20 00:40:00,2.20485,2.20491,2.20465,2.20468,68
2025-02-20 00:45:00,2.2047,2.20581,2.20445,2.20464,58
2025-02-20 00:50:00,2.20458,2.20553,2.20458,2.2047499999999998,56
2025-02-20 00:55:00,2.20477,2.2053,2.20309,2.20435,191
2025-02-20 01:00:00,2.20507,2.20628,2.20419,2.2053599999999998,208
2025-02-20 01:05:00,2.20532,2.20564,2.20517,2.20547,75
2025-02-20 01:10:00,2.20548,2.20587,2.20527,2.20553,88
2025-02-20 01:15:00,2.20547,2.20572,2.20547,2.20566,150
2025-02-20 01:20:00,2.20569,2.20637,2.20555,2.20633,149
2025-02-20 01:25:00,2.20634,2.2068,2.20628,2.20659,181
2025-02-20 01:30:00,2.20658,2.20676,2.20626,2.20651,208
2025-02-20 01:35:00,2.2065,2.20657,2.20613,2.2064,172
2025-02-20 01:40:00,2.20641,2.20703,2.20633,2.2069900000000002,142
2025-02-20 01:45:00,2.20697,2.20698,2.2063,2.2066,189
2025-02-20 01:50:00,2.20661,2.20672,2.20637,2.20661,133
2025-02-20 01:55:00,2.20657,2.20716,2.20654,2.2069900000000002,174
2025-02-20 02:00:00,2.20697,2.20722,2.20654,2.20663,268
2025-02-20 02:05:00,2.20662,2.20693,2.20603,2.20604,231
2025-02-20 02:10:00,2.20602,2.20639,2.20596,2.20616,260
2025-02-20 02:15:00,2.20615,2.20627,2.20571,2.20576,238
2025-02-20 02:20:00,2.20574,2.20661,2.20571,2.2063,235
2025-02-20 02:25:00,2.2063,2.2071,2.20544,2.20548,191
2025-02-20 02:30:00,2.20548,2.2061,2.20436,2.20556,399
2025-02-20 02:35:00,2.20553,2.2056,2.20496,2.20522,324
2025-02-20 02:40:00,2.20524,2.20615,2.20523,2.20608,264
2025-02-20 02:45:00,2.20606,2.2067,2.20584,2.20663,260
2025-02-20 02:50:00,2.20666,2.20689,2.20628,2.20689,319
2025-02-20 02:55:00,2.20696,2.20711,2.20562,2.20582,384
2025-02-20 03:00:00,2.20585,2.20595,2.2052,2.2053599999999998,335
2025-02-20 03:05:00,2.20538,2.20545,2.20402,2.20488,352
2025-02-20 03:10:00,2.20484,2.20497,2.20351,2.20352,375
2025-02-20 03:15:00,2.20351,2.20433,2.20343,2.20403,367
2025-02-20 03:20:00,2.20402,2.20444,2.20381,2.20412,304
2025-02-20 03:25:00,2.2041399999999998,2.20494,2.2041399999999998,2.20485,361
2025-02-20 03:30:00,2.20486,2.20512,2.20448,2.20512,387
2025-02-20 03:35:00,2.20508,2.20612,2.20504,2.20599,384
2025-02-20 03:40:00,2.20598,2.20783,2.2059699999999998,2.20782,439
2025-02-20 03:45:00,2.20783,2.20939,2.20783,2.20868,491
2025-02-20 03:50:00,2.20866,2.20889,2.20841,2.20854,389
2025-02-20 03:55:00,2.20854,2.2088200000000002,2.20829,2.20863,380
2025-02-20 04:00:00,2.20862,2.20937,2.20853,2.20864,439
2025-02-20 04:05:00,2.20867,2.20881,2.20788,2.20788,397
2025-02-20 04:10:00,2.20789,2.20789,2.20659,2.20714,352
2025-02-20 04:15:00,2.20715,2.20739,2.20691,2.20739,294
2025-02-20 04:20:00,2.20742,2.20769,2.20659,2.20659,363
2025-02-20 04:25:00,2.20659,2.2072,2.2064,2.20712,398
2025-02-20 04:30:00,2.2071,2.20791,2.20696,2.20779,384
2025-02-20 04:35:00,2.20779,2.20835,2.20546,2.20723,593
2025-02-20 04:40:00,2.20725,2.20759,2.20679,2.20689,545
2025-02-20 04:45:00,2.20694,2.20785,2.20656,2.20671,415
2025-02-20 04:50:00,2.2067,2.20697,2.20558,2.20565,409
2025-02-20 04:55:00,2.20564,2.20602,2.2054,2.20563,434
2025-02-20 05:00:00,2.20553,2.20659,2.20539,2.2064,335
2025-02-20 05:05:00,2.20644,2.20716,2.20628,2.20665,276
2025-02-20 05:10:00,2.20664,2.20693,2.20649,2.20671,270
2025-02-20 05:15:00,2.2067,2.20685,2.20625,2.20637,335
2025-02-20 05:20:00,2.20636,2.20636,2.20591,2.20625,277
2025-02-20 05:25:00,2.20621,2.20633,2.2059699999999998,2.20604,276
2025-02-20 05:30:00,2.20607,2.20631,2.20528,2.20528,272
2025-02-20 05:35:00,2.20529,2.20549,2.2047,2.20509,350
2025-02-20 05:40:00,2.20518,2.20518,2.2039400000000002,2.2041,286
2025-02-20 05:45:00,2.20413,2.2041399999999998,2.20355,2.20377,290
2025-02-20 05:50:00,2.20375,2.20412,2.20301,2.20301,229
2025-02-20 05:55:00,2.203,2.20363,2.20277,2.20346,256
2025-02-20 06:00:00,2.20343,2.2037,2.20296,2.20309,269
2025-02-20 06:05:00,2.20305,2.20314,2.20269,2.20273,216
2025-02-20 06:10:00,2.20271,2.20289,2.20242,2.20283,187
2025-02-20 06:15:00,2.20284,2.20291,2.20204,2.20226,243
2025-02-20 06:20:00,2.20224,2.20236,2.20204,2.2021,212
2025-02-20 06:25:00,2.20212,2.20219,2.20157,2.20182,260
2025-02-20 06:30:00,2.20186,2.20285,2.20186,2.20279,282
2025-02-20 06:35:00,2.2028,2.20282,2.20216,2.2022,260
2025-02-20 06:40:00,2.20221,2.20273,2.20221,2.2027,219
2025-02-20 06:45:00,2.2028,2.20285,2.20259,2.20279,188
2025-02-20 06:50:00,2.20278,2.20282,2.20234,2.20245,162
2025-02-20 06:55:00,2.20248,2.2026,2.2021100000000002,2.20219,145
2025-02-20 07:00:00,2.20217,2.20223,2.20178,2.20188,257
2025-02-20 07:05:00,2.2019,2.2023,2.20166,2.20228,264
2025-02-20 07:10:00,2.20229,2.20235,2.20169,2.20215,277
2025-02-20 07:15:00,2.20212,2.20247,2.20168,2.20176,215
2025-02-20 07:20:00,2.20163,2.20225,2.20163,2.20191,265
2025-02-20 07:25:00,2.20192,2.20202,2.20165,2.20183,252
2025-02-20 07:30:00,2.20182,2.20197,2.20132,2.20149,288
2025-02-20 07:35:00,2.20152,2.20179,2.20127,2.20127,273
2025-02-20 07:40:00,2.20129,2.20171,2.20126,2.2016,206
2025-02-20 07:45:00,2.20158,2.2016,2.20115,2.20116,281
2025-02-20 07:50:00,2.20117,2.20159,2.20114,2.20136,206
2025-02-20 07:55:00,2.20133,2.2014,2.20074,2.20126,280
2025-02-20 08:00:00,2.2013,2.20175,2.20121,2.20134,287
2025-02-20 08:05:00,2.20136,2.20173,2.20116,2.2013,263
2025-02-20 08:10:00,2.20133,2.20209,2.20108,2.20176,282
2025-02-20 08:15:00,2.20176,2.20192,2.20105,2.20107,227
2025-02-20 08:20:00,2.20116,2.20139,2.20025,2.20037,302
2025-02-20 08:25:00,2.20038,2.20056,2.19993,2.20042,315
2025-02-20 08:30:00,2.20044,2.20105,2.20039,2.20088,279
2025-02-20 08:35:00,2.20087,2.2008900000000002,2.20033,2.20033,235
2025-02-20 08:40:00,2.20036,2.20057,2.19996,2.20013,325
2025-02-20 08:45:00,2.20011,2.20014,2.19966,2.19989,288
2025-02-20 08:50:00,2.1999,2.20095,2.19989,2.20065,307
2025-02-20 08:55:00,2.20065,2.20098,2.20029,2.2008,361
2025-02-20 09:00:00,2.20081,2.20146,2.20073,2.20106,384
2025-02-20 09:05:00,2.20108,2.20124,2.2009,2.20115,359
2025-02-20 09:10:00,2.20111,2.20131,2.2008900000000002,2.20094,328
2025-02-20 09:15:00,2.20094,2.20207,2.20084,2.20173,407
2025-02-20 09:20:00,2.20168,2.20193,2.20141,2.20182,338
2025-02-20 09:25:00,2.20183,2.20209,2.20174,2.20186,284
2025-02-20 09:30:00,2.20188,2.20215,2.20158,2.20188,293
2025-02-20 09:35:00,2.20188,2.2021100000000002,2.20167,2.2018,337
2025-02-20 09:40:00,2.2018,2.20191,2.20112,2.20137,326
2025-02-20 09:45:00,2.20136,2.20139,2.20096,2.20116,270
2025-02-20 09:50:00,2.20117,2.20161,2.20114,2.20145,265
2025-02-20 09:55:00,2.20143,2.20199,2.20139,2.20149,360
2025-02-20 10:00:00,2.20146,2.2024,2.20139,2.20203,434
2025-02-20 10:05:00,2.20201,2.20214,2.20111,2.20128,432
2025-02-20 10:10:00,2.20119,2.20153,2.20014,2.20039,399
2025-02-20 10:15:00,2.20039,2.20135,2.20023,2.2013,419
2025-02-20 10:20:00,2.20128,2.20219,2.20125,2.20208,381
2025-02-20 10:25:00,2.20209,2.20279,2.20164,2.20165,370
2025-02-20 10:30:00,2.2016999999999998,2.20199,2.2014,2.20165,428
2025-02-20 10:35:00,2.20168,2.20218,2.20143,2.2016999999999998,360
2025-02-20 10:40:00,2.20172,2.20175,2.20108,2.20138,334
2025-02-20 10:45:00,2.20137,2.20165,2.2008,2.20095,340
2025-02-20 10:50:00,2.20096,2.20096,2.20038,2.2005,345
2025-02-20 10:55:00,2.20058,2.20071,2.20019,2.20033,355
2025-02-20 11:00:00,2.20034,2.20112,2.20016,2.2011,378
2025-02-20 11:05:00,2.20106,2.20106,2.20047,2.20083,320
2025-02-20 11:10:00,2.20085,2.20087,2.20046,2.20085,276
2025-02-20 11:15:00,2.20086,2.20122,2.20083,2.20113,303
2025-02-20 11:20:00,2.20115,2.20179,2.20091,2.20171,346
2025-02-20 11:25:00,2.20175,2.20175,2.20115,2.20144,333
2025-02-20 11:30:00,2.20145,2.20159,2.20084,2.20099,316
2025-02-20 11:35:00,2.20099,2.20099,2.20003,2.20084,300
2025-02-20 11:40:00,2.20085,2.20142,2.20061,2.20125,239
2025-02-20 11:45:00,2.20125,2.20143,2.20099,2.20115,276
2025-02-20 11:50:00,2.20118,2.20161,2.20113,2.20139,239
2025-02-20 11:55:00,2.20141,2.20168,2.20112,2.20145,355
2025-02-20 12:00:00,2.20144,2.20178,2.20132,2.20163,311
2025-02-20 12:05:00,2.20164,2.20203,2.20143,2.20153,358
2025-02-20 12:10:00,2.20149,2.20208,2.2013,2.20187,343
2025-02-20 12:15:00,2.20194,2.20198,2.20118,2.20122,345
2025-02-20 12:20:00,2.20123,2.20138,2.20053,2.20065,285
2025-02-20 12:25:00,2.20067,2.2008900000000002,2.20045,2.20082,325
2025-02-20 12:30:00,2.20084,2.20122,2.20073,2.20106,279
2025-02-20 12:35:00,2.20107,2.20169,2.20107,2.20156,279
2025-02-20 12:40:00,2.20157,2.2016999999999998,2.20115,2.20123,300
2025-02-20 12:45:00,2.20123,2.20156,2.20066,2.20156,383
2025-02-20 12:50:00,2.20155,2.20185,2.20124,2.20185,297
2025-02-20 12:55:00,2.20185,2.20186,2.20151,2.20151,246
2025-02-20 13:00:00,2.20152,2.20159,2.20026,2.20037,314
2025-02-20 13:05:00,2.20038,2.2011,2.20032,2.20084,316
2025-02-20 13:10:00,2.20085,2.20095,2.20047,2.20073,292
2025-02-20 13:15:00,2.20073,2.20106,2.20062,2.20097,315
2025-02-20 13:20:00,2.201,2.20156,2.20075,2.20149,283
2025-02-20 13:25:00,2.20148,2.2018,2.20129,2.20166,263
2025-02-20 13:30:00,2.20167,2.20227,2.20166,2.20223,319
2025-02-20 13:35:00,2.20223,2.20233,2.20152,2.20171,290
2025-02-20 13:40:00,2.20171,2.20186,2.20131,2.2014,232
2025-02-20 13:45:00,2.20139,2.2021,2.20123,2.20207,354
2025-02-20 13:50:00,2.20206,2.20239,2.20189,2.2022,313
2025-02-20 13:55:00,2.20225,2.20285,2.20221,2.20278,336
2025-02-20 14:00:00,2.20282,2.20316,2.20275,2.20279,281
2025-02-20 14:05:00,2.20291,2.20293,2.20196,2.20203,384
2025-02-20 14:10:00,2.20206,2.20243,2.20172,2.20209,411
2025-02-20 14:15:00,2.20212,2.20227,2.20165,2.2018,397
2025-02-20 14:20:00,2.20184,2.20226,2.20171,2.20217,376
2025-02-20 14:25:00,2.20212,2.20239,2.20189,2.20203,436
2025-02-20 14:30:00,2.20195,2.20263,2.20187,2.20234,368
2025-02-20 14:35:00,2.20236,2.20254,2.20185,2.20235,377
2025-02-20 14:40:00,2.20235,2.20264,2.20203,2.2021,322
2025-02-20 14:45:00,2.20209,2.20236,2.20181,2.202,402
2025-02-20 14:50:00,2.20194,2.20194,2.20074,2.2010899999999998,426
2025-02-20 14:55:00,2.2011,2.2011,2.20039,2.2005,449
2025-02-20 15:00:00,2.20054,2.20115,2.20054,2.20095,439
2025-02-20 15:05:00,2.20094,2.20113,2.20024,2.20047,453
2025-02-20 15:10:00,2.20043,2.20086,2.19992,2.20033,369
2025-02-20 15:15:00,2.20033,2.2004,2.19967,2.1999,400
2025-02-20 15:20:00,2.19988,2.20013,2.1992,2.19969,439
2025-02-20 15:25:00,2.19968,2.19986,2.19846,2.1989,398
2025-02-20 15:30:00,2.19895,2.19979,2.19867,2.1992,541
2025-02-20 15:35:00,2.19922,2.20033,2.19909,2.20025,526
2025-02-20 15:40:00,2.20023,2.2005,2.19949,2.19949,446
2025-02-20 15:45:00,2.19951,2.20047,2.19948,2.20014,458
2025-02-20 15:50:00,2.20012,2.20039,2.19983,2.19983,428
2025-02-20 15:55:00,2.19981,2.20004,2.19946,2.1999,393
2025-02-20 16:00:00,2.19991,2.20023,2.19946,2.19967,456
2025-02-20 16:05:00,2.19968,2.2,2.1986499999999998,2.19875,479
2025-02-20 16:10:00,2.19877,2.19924,2.19853,2.19908,448
2025-02-20 16:15:00,2.19917,2.19966,2.19901,2.19923,405
2025-02-20 16:20:00,2.19922,2.19925,2.19832,2.19853,401
2025-02-20 16:25:00,2.19849,2.19857,2.19712,2.1971600000000002,350
2025-02-20 16:30:00,2.19718,2.19729,2.19618,2.19629,544
2025-02-20 16:35:00,2.19626,2.19646,2.19545,2.19587,507
2025-02-20 16:40:00,2.19588,2.19625,2.19398,2.19403,530
2025-02-20 16:45:00,2.19403,2.19448,2.19365,2.19381,485
2025-02-20 16:50:00,2.19371,2.19512,2.19344,2.19448,537
2025-02-20 16:55:00,2.19446,2.19579,2.19435,2.19545,559
2025-02-20 17:00:00,2.19547,2.19627,2.19516,2.19596,628
2025-02-20 17:05:00,2.19595,2.19625,2.1947,2.19517,607
2025-02-20 17:10:00,2.19515,2.19561,2.19495,2.19561,570
2025-02-20 17:15:00,2.19558,2.19593,2.1952,2.1955,495
2025-02-20 17:20:00,2.1955,2.19637,2.19527,2.19579,512
2025-02-20 17:25:00,2.19581,2.19642,2.1955999999999998,2.19622,534
2025-02-20 17:30:00,2.19627,2.19645,2.19534,2.19548,513
2025-02-20 17:35:00,2.19551,2.19604,2.1953,2.19584,464
2025-02-20 17:40:00,2.19585,2.19627,2.19579,2.1962099999999998,494
2025-02-20 17:45:00,2.19633,2.19643,2.19597,2.1961,460
2025-02-20 17:50:00,2.19605,2.1965500000000002,2.19581,2.19629,526
2025-02-20 17:55:00,2.19628,2.19654,2.19545,2.19605,541
2025-02-20 18:00:00,2.19605,2.19672,2.19586,2.19596,531
2025-02-20 18:05:00,2.19605,2.19634,2.19537,2.1963,412
2025-02-20 18:10:00,2.19635,2.19692,2.19613,2.19672,500
2025-02-20 18:15:00,2.19666,2.19689,2.1963,2.19634,451
2025-02-20 18:20:00,2.19633,2.19633,2.19496,2.19496,379
2025-02-20 18:25:00,2.19508,2.1952,2.19465,2.1951,343
2025-02-20 18:30:00,2.19511,2.19606,2.19474,2.19588,396
2025-02-20 18:35:00,2.19596,2.19641,2.1958,2.1962099999999998,422
2025-02-20 18:40:00,2.19622,2.19662,2.19614,2.19662,368
2025-02-20 18:45:00,2.19661,2.19668,2.19605,2.19611,335
2025-02-20 18:50:00,2.19614,2.19671,2.19606,2.19646,319
2025-02-20 18:55:00,2.19646,2.19668,2.19622,2.19667,338
2025-02-20 19:00:00,2.19658,2.19679,2.19577,2.19632,417
2025-02-20 19:05:00,2.19632,2.19679,2.19618,2.19675,310
2025-02-20 19:10:00,2.19673,2.19707,2.19645,2.1965500000000002,392
2025-02-20 19:15:00,2.19653,2.19667,2.19481,2.19492,345
2025-02-20 19:20:00,2.19494,2.19505,2.19396,2.19449,408
2025-02-20 19:25:00,2.19455,2.19458,2.19379,2.19406,355
2025-02-20 19:30:00,2.19407,2.19444,2.19382,2.19398,333
2025-02-20 19:35:00,2.19396,2.19439,2.19368,2.19425,274
2025-02-20 19:40:00,2.19427,2.19531,2.19421,2.19484,402
2025-02-20 19:45:00,2.19475,2.19561,2.19462,2.19519,368
2025-02-20 19:50:00,2.19522,2.1957,2.19522,2.1954,302
2025-02-20 19:55:00,2.19541,2.1959400000000002,2.19526,2.19548,288
2025-02-20 20:00:00,2.19549,2.19577,2.19523,2.19568,353
2025-02-20 20:05:00,2.19564,2.19568,2.19542,2.19558,288
2025-02-20 20:10:00,2.19557,2.1957,2.19529,2.19554,315
2025-02-20 20:15:00,2.19555,2.19574,2.19538,2.19569,331
2025-02-20 20:20:00,2.1957,2.19573,2.19547,2.1955999999999998,272
2025-02-20 20:25:00,2.19559,2.19564,2.19532,2.19543,232
2025-02-20 20:30:00,2.19544,2.19554,2.19516,2.19516,308
2025-02-20 20:35:00,2.19518,2.19544,2.19508,2.19524,233
2025-02-20 20:40:00,2.19524,2.19603,2.19524,2.1959,256
2025-02-20 20:45:00,2.19592,2.19622,2.19578,2.19597,232
2025-02-20 20:50:00,2.19595,2.19595,2.19532,2.19564,244
2025-02-20 20:55:00,2.19563,2.19586,2.19553,2.19567,289
2025-02-20 21:00:00,2.19564,2.19604,2.19555,2.19604,263
2025-02-20 21:05:00,2.19598,2.1965,2.19597,2.19627,296
2025-02-20 21:10:00,2.19626,2.19644,2.19608,2.19629,256
2025-02-20 21:15:00,2.19629,2.19654,2.19606,2.19645,226
2025-02-20 21:20:00,2.19648,2.19688,2.19633,2.19666,251
2025-02-20 21:25:00,2.19667,2.19687,2.19658,2.19673,217
2025-02-20 21:30:00,2.19667,2.19676,2.19635,2.19653,247
2025-02-20 21:35:00,2.19656,2.19692,2.19639,2.1969,260
2025-02-20 21:40:00,2.19691,2.19696,2.19658,2.1968,272
2025-02-20 21:45:00,2.1968199999999998,2.19694,2.19651,2.19675,297
2025-02-20 21:50:00,2.19677,2.19738,2.19662,2.19738,276
2025-02-20 21:55:00,2.19739,2.19814,2.19735,2.19802,279
2025-02-20 22:00:00,2.19803,2.19809,2.19768,2.19805,182
2025-02-20 22:05:00,2.19803,2.1981,2.19769,2.19801,136
2025-02-20 22:10:00,2.19806,2.1981,2.19786,2.19798,189
2025-02-20 22:15:00,2.19795,2.19817,2.1978,2.19801,189
2025-02-20 22:20:00,2.19806,2.19823,2.19795,2.19801,230
2025-02-20 22:25:00,2.198,2.19829,2.19798,2.19809,235
2025-02-20 22:30:00,2.1981,2.19821,2.1978,2.19801,201
2025-02-20 22:35:00,2.19802,2.19811,2.19774,2.19775,256
2025-02-20 22:40:00,2.1977700000000002,2.1980399999999998,2.19765,2.19768,219
2025-02-20 22:45:00,2.19767,2.19797,2.19759,2.19785,199
2025-02-20 22:50:00,2.19787,2.19787,2.19747,2.19757,215
2025-02-20 22:55:00,2.19752,2.19766,2.19737,2.1976,240
2025-02-20 23:00:00,2.19699,2.19736,2.19685,2.1971600000000002,241
2025-02-20 23:05:00,2.19718,2.19735,2.1971,2.19725,144
2025-02-20 23:10:00,2.19724,2.1973,2.19675,2.19686,126
2025-02-20 23:15:00,2.19684,2.19732,2.19676,2.1968199999999998,79
2025-02-20 23:20:00,2.19684,2.19694,2.19668,2.19668,105
2025-02-20 23:25:00,2.19669,2.1969,2.19667,2.19681,86
2025-02-20 23:30:00,2.19683,2.19689,2.1967,2.19678,75
2025-02-20 23:35:00,2.19677,2.19734,2.19676,2.19708,100
2025-02-20 23:40:00,2.19707,2.19779,2.19696,2.19749,148
2025-02-20 23:45:00,2.19749,2.19764,2.19722,2.1976,192
2025-02-20 23:50:00,2.19758,2.1977700000000002,2.19744,2.19776,346
2025-02-20 23:55:00,2.19824,2.19853,2.19766,2.19766,354
2025-02-21 00:00:00,2.19686,2.19723,2.19613,2.19701,27
2025-02-21 00:05:00,2.19701,2.19782,2.19617,2.19768,61
2025-02-21 00:10:00,2.19767,2.19822,2.19697,2.19701,73
2025-02-21 00:15:00,2.19698,2.19703,2.19631,2.1969,77
2025-02-21 00:20:00,2.1969,2.1969,2.19637,2.19637,117
2025-02-21 00:25:00,2.19636,2.19708,2.19615,2.19643,131
2025-02-21 00:30:00,2.19637,2.1972,2.19635,2.19718,115
2025-02-21 00:35:00,2.19723,2.1976,2.19718,2.19755,112
2025-02-21 00:40:00,2.19744,2.19871,2.19697,2.19809,245
2025-02-21 00:45:00,2.19816,2.19819,2.19756,2.19792,113
2025-02-21 00:50:00,2.19793,2.19798,2.19735,2.19764,139
2025-02-21 00:55:00,2.19783,2.19808,2.1974299999999998,2.19772,185
2025-02-21 01:00:00,2.19852,2.19872,2.19692,2.19715,257
2025-02-21 01:05:00,2.19714,2.19765,2.19604,2.19608,163
2025-02-21 01:10:00,2.19608,2.19611,2.1949,2.19524,232
2025-02-21 01:15:00,2.19526,2.19656,2.19521,2.19631,244
2025-02-21 01:20:00,2.19632,2.19662,2.19585,2.19595,166
2025-02-21 01:25:00,2.19596,2.196,2.19552,2.19575,145
2025-02-21 01:30:00,2.19573,2.19754,2.19556,2.19752,278
2025-02-21 01:35:00,2.19753,2.19769,2.19738,2.19769,163
2025-02-21 01:40:00,2.19768,2.19784,2.1972,2.19755,220
2025-02-21 01:45:00,2.19754,2.19783,2.19718,2.19783,222
2025-02-21 01:50:00,2.19784,2.19816,2.19762,2.19808,152
2025-02-21 01:55:00,2.19814,2.19836,2.19756,2.19757,188
2025-02-21 02:00:00,2.19757,2.19762,2.19674,2.19735,304
2025-02-21 02:05:00,2.19739,2.19785,2.19737,2.19739,294
2025-02-21 02:10:00,2.19739,2.1981,2.19733,2.19808,277
2025-02-21 02:15:00,2.19806,2.19817,2.19762,2.19762,236
2025-02-21 02:20:00,2.1976,2.19776,2.19718,2.19769,207
2025-02-21 02:25:00,2.19768,2.19803,2.19752,2.19754,262
2025-02-21 02:30:00,2.19756,2.19765,2.19721,2.19755,219
2025-02-21 02:35:00,2.19756,2.19784,2.19725,2.19728,265
2025-02-21 02:40:00,2.19726,2.1978,2.19689,2.19774,240
2025-02-21 02:45:00,2.19773,2.19798,2.19666,2.19673,239
2025-02-21 02:50:00,2.19671,2.19672,2.19595,2.19631,275
2025-02-21 02:55:00,2.19631,2.19636,2.19554,2.19564,229
2025-02-21 03:00:00,2.1957,2.19649,2.1957,2.19623,411
2025-02-21 03:05:00,2.19628,2.19726,2.19625,2.19644,347
2025-02-21 03:10:00,2.19645,2.19661,2.1962,2.19625,311
2025-02-21 03:15:00,2.19629,2.19633,2.19548,2.19549,322
2025-02-21 03:20:00,2.19547,2.19596,2.19528,2.19588,329
2025-02-21 03:25:00,2.19586,2.1966,2.19585,2.19653,352
2025-02-21 03:30:00,2.1965,2.19699,2.19636,2.19691,464
2025-02-21 03:35:00,2.1969,2.19759,2.19674,2.19729,384
2025-02-21 03:40:00,2.19727,2.1976,2.19705,2.19739,383
2025-02-21 03:45:00,2.1974,2.19764,2.19715,2.19754,418
2025-02-21 03:50:00,2.1975,2.19768,2.19668,2.1968,371
2025-02-21 03:55:00,2.19679,2.1974299999999998,2.19667,2.1974,391
2025-02-21 04:00:00,2.19741,2.19741,2.19659,2.19673,341
2025-02-21 04:05:00,2.19671,2.19687,2.19631,2.1964,340
2025-02-21 04:10:00,2.19634,2.19642,2.1952,2.19542,419
2025-02-21 04:15:00,2.1954,2.19609,2.19521,2.19536,495
2025-02-21 04:20:00,2.1953300000000002,2.1961,2.19516,2.19577,437
2025-02-21 04:25:00,2.19576,2.19617,2.1955999999999998,2.19586,405
2025-02-21 04:30:00,2.19585,2.19693,2.19579,2.19677,445
2025-02-21 04:35:00,2.19676,2.19697,2.19624,2.19686,358
2025-02-21 04:40:00,2.19685,2.19699,2.1965,2.19694,370
2025-02-21 04:45:00,2.19693,2.19693,2.19609,2.19617,375
2025-02-21 04:50:00,2.19617,2.1965,2.19536,2.19554,399
2025-02-21 04:55:00,2.19555,2.19633,2.19551,2.19613,431
2025-02-21 05:00:00,2.19615,2.19666,2.19587,2.19659,408
2025-02-21 05:05:00,2.19658,2.19678,2.1962,2.1963,384
2025-02-21 05:10:00,2.19632,2.19678,2.19595,2.19669,362
2025-02-21 05:15:00,2.19668,2.19678,2.196,2.1962099999999998,330
2025-02-21 05:20:00,2.19613,2.19661,2.19588,2.19602,359
2025-02-21 05:25:00,2.19602,2.19645,2.19596,2.19639,288
2025-02-21 05:30:00,2.19637,2.19648,2.19572,2.19589,336
2025-02-21 05:35:00,2.19588,2.19645,2.19571,2.19631,245
2025-02-21 05:40:00,2.1963,2.19678,2.19625,2.19633,238
2025-02-21 05:45:00,2.19635,2.19669,2.19614,2.19637,203
2025-02-21 05:50:00,2.19632,2.19649,2.1957,2.1958,156
2025-02-21 05:55:00,2.19582,2.1962,2.19564,2.19608,233
2025-02-21 06:00:00,2.1961,2.19641,2.19595,2.19604,222
2025-02-21 06:05:00,2.19605,2.19615,2.1957,2.19572,168
2025-02-21 06:10:00,2.1957,2.19616,2.19569,2.19614,202
2025-02-21 06:15:00,2.19615,2.19653,2.19612,2.19648,207
2025-02-21 06:20:00,2.19646,2.1966,2.19593,2.19603,195
2025-02-21 06:25:00,2.19604,2.19617,2.196,2.19604,159
2025-02-21 06:30:00,2.19609,2.19628,2.19595,2.19601,145
2025-02-21 06:35:00,2.19603,2.19636,2.196,2.196,142
2025-02-21 06:40:00,2.19601,2.19646,2.19587,2.19643,162
2025-02-21 06:45:00,2.19646,2.19704,2.19642,2.19693,232
2025-02-21 06:50:00,2.19691,2.19693,2.19607,2.1962,218
2025-02-21 06:55:00,2.1962,2.19657,2.19601,2.19641,265
2025-02-21 07:00:00,2.19646,2.19652,2.19582,2.19585,362
2025-02-21 07:05:00,2.19584,2.19616,2.19561,2.19599,331
2025-02-21 07:10:00,2.19602,2.19617,2.19571,2.19599,257
2025-02-21 07:15:00,2.19599,2.1966,2.19553,2.19649,260
2025-02-21 07:20:00,2.19647,2.19702,2.19631,2.19659,262
2025-02-21 07:25:00,2.19656,2.19666,2.19608,2.19643,302
2025-02-21 07:30:00,2.19644,2.19652,2.19615,2.19641,267
2025-02-21 07:35:00,2.19641,2.19645,2.19567,2.19593,218
2025-02-21 07:40:00,2.19591,2.19634,2.19562,2.19613,251
2025-02-21 07:45:00,2.19613,2.19704,2.19608,2.19704,263
2025-02-21 07:50:00,2.19698,2.19756,2.19658,2.19756,326
2025-02-21 07:55:00,2.19755,2.19793,2.19728,2.19775,377
2025-02-21 08:00:00,2.1977700000000002,2.19779,2.19674,2.19681,350
2025-02-21 08:05:00,2.1968199999999998,2.19851,2.1968199999999998,2.19841,310
2025-02-21 08:10:00,2.19839,2.19857,2.1981,2.19834,302
2025-02-21 08:15:00,2.19835,2.19851,2.19822,2.19831,277
2025-02-21 08:20:00,2.1983,2.19854,2.1979,2.19808,351
2025-02-21 08:25:00,2.19807,2.19861,2.1979,2.19815,378
2025-02-21 08:30:00,2.19814,2.19858,2.19812,2.19815,313
2025-02-21 08:35:00,2.19819,2.19835,2.19766,2.19773,268
2025-02-21 08:40:00,2.19776,2.19855,2.19769,2.19855,220
2025-02-21 08:45:00,2.19854,2.19867,2.19827,2.19843,270
2025-02-21 08:50:00,2.19844,2.19923,2.19844,2.1989900000000002,287
2025-02-21 08:55:00,2.19896,2.19955,2.19866,2.1992599999999998,347
2025-02-21 09:00:00,2.19977,2.2010899999999998,2.19967,2.20099,573
2025-02-21 09:05:00,2.20097,2.20102,2.20021,2.20025,401
2025-02-21 09:10:00,2.20033,2.20058,2.19944,2.19991,410
2025-02-21 09:15:00,2.19989,2.20027,2.19949,2.19955,356
2025-02-21 09:20:00,2.19956,2.20012,2.19931,2.19934,295
2025-02-21 09:25:00,2.19935,2.1995,2.19888,2.1989,270
2025-02-21 09:30:00,2.19896,2.20019,2.19896,2.19946,358
2025-02-21 09:35:00,2.19945,2.1998699999999998,2.1993,2.19947,317
2025-02-21 09:40:00,2.19948,2.20025,2.19939,2.19961,363
2025-02-21 09:45:00,2.19962,2.20017,2.19957,2.1998699999999998,369
2025-02-21 09:50:00,2.1998699999999998,2.20006,2.1989900000000002,2.19904,326
2025-02-21 09:55:00,2.19903,2.19903,2.19843,2.19853,325
2025-02-21 10:00:00,2.19851,2.19881,2.19805,2.1983,389
2025-02-21 10:05:00,2.19831,2.19834,2.19761,2.1978,386
2025-02-21 10:10:00,2.19785,2.19855,2.19775,2.19846,360
2025-02-21 10:15:00,2.1986499999999998,2.1986499999999998,2.19638,2.19653,713
2025-02-21 10:20:00,2.19654,2.19704,2.19616,2.19645,550
2025-02-21 10:25:00,2.19645,2.19665,2.19597,2.19645,481
2025-02-21 10:30:00,2.1968199999999998,2.19709,2.19656,2.19679,551
2025-02-21 10:35:00,2.19678,2.19783,2.19676,2.19778,425
2025-02-21 10:40:00,2.19775,2.19815,2.19751,2.19793,424
2025-02-21 10:45:00,2.19789,2.19833,2.19751,2.19799,395
2025-02-21 10:50:00,2.19802,2.1983,2.1978,2.19783,385
2025-02-21 10:55:00,2.19781,2.19843,2.19781,2.19826,356
2025-02-21 11:00:00,2.19824,2.19857,2.19808,2.19814,385
2025-02-21 11:05:00,2.19824,2.19824,2.19771,2.19784,308
2025-02-21 11:10:00,2.1979,2.19808,2.19746,2.19794,315
2025-02-21 11:15:00,2.19796,2.19839,2.19783,2.19819,394
2025-02-21 11:20:00,2.1982,2.19845,2.19774,2.19806,322
2025-02-21 11:25:00,2.19805,2.19848,2.19758,2.19786,318
2025-02-21 11:30:00,2.19738,2.19791,2.19699,2.19706,353
2025-02-21 11:35:00,2.19707,2.19724,2.19629,2.19663,375
2025-02-21 11:40:00,2.19665,2.1968,2.19637,2.19671,275
2025-02-21 11:45:00,2.1967,2.19684,2.19635,2.19658,314
2025-02-21 11:50:00,2.19653,2.19694,2.19635,2.1968,325
2025-02-21 11:55:00,2.1968199999999998,2.19732,2.1967,2.19714,386
2025-02-21 12:00:00,2.19712,2.19727,2.19635,2.19696,356
2025-02-21 12:05:00,2.19699,2.19719,2.19658,2.19675,340
2025-02-21 12:10:00,2.19674,2.19688,2.19649,2.19674,252
2025-02-21 12:15:00,2.19674,2.19704,2.19662,2.19704,307
2025-02-21 12:20:00,2.19697,2.19724,2.19667,2.19668,243
2025-02-21 12:25:00,2.19666,2.19733,2.19665,2.19696,253
2025-02-21 12:30:00,2.19695,2.19751,2.19691,2.19732,268
2025-02-21 12:35:00,2.19732,2.19735,2.19636,2.19639,262
2025-02-21 12:40:00,2.1964,2.19664,2.19624,2.19644,258
2025-02-21 12:45:00,2.19642,2.19649,2.19614,2.19619,224
2025-02-21 12:50:00,2.19619,2.19644,2.19589,2.19639,250
2025-02-21 12:55:00,2.19641,2.19707,2.1961,2.19627,316
2025-02-21 13:00:00,2.19622,2.19639,2.19604,2.19636,249
2025-02-21 13:05:00,2.19635,2.19645,2.19576,2.19593,254
2025-02-21 13:10:00,2.19592,2.19658,2.1958,2.19654,278
2025-02-21 13:15:00,2.19658,2.19687,2.19629,2.1966,255
2025-02-21 13:20:00,2.19661,2.19663,2.19607,2.19623,220
2025-02-21 13:25:00,2.19622,2.19641,2.19605,2.19628,215
2025-02-21 13:30:00,2.19628,2.19653,2.19601,2.19652,195
2025-02-21 13:35:00,2.19652,2.19681,2.19638,2.19645,260
2025-02-21 13:40:00,2.19643,2.19654,2.19545,2.19554,265
2025-02-21 13:45:00,2.19558,2.19578,2.19538,2.1957,217
2025-02-21 13:50:00,2.19571,2.19615,2.19569,2.19599,212
2025-02-21 13:55:00,2.19598,2.19623,2.1959,2.19612,209
2025-02-21 14:00:00,2.19613,2.19614,2.19547,2.19564,288
2025-02-21 14:05:00,2.19555,2.19608,2.19552,2.19589,287
2025-02-21 14:10:00,2.19589,2.19636,2.19551,2.19588,347
2025-02-21 14:15:00,2.19585,2.19634,2.19578,2.19619,285
2025-02-21 14:20:00,2.19618,2.19619,2.19537,2.19553,276
2025-02-21 14:25:00,2.19553,2.19574,2.19524,2.19543,226
2025-02-21 14:30:00,2.19543,2.19586,2.19513,2.19552,238
2025-02-21 14:35:00,2.1955,2.19597,2.19542,2.19584,251
2025-02-21 14:40:00,2.19586,2.19647,2.19578,2.19634,225
2025-02-21 14:45:00,2.19633,2.19671,2.19626,2.19665,249
2025-02-21 14:50:00,2.19671,2.19684,2.19598,2.19632,298
2025-02-21 14:55:00,2.19632,2.1965,2.19609,2.19634,383
2025-02-21 15:00:00,2.19632,2.19688,2.19632,2.19679,358
2025-02-21 15:05:00,2.19681,2.1971,2.19652,2.1971,290
2025-02-21 15:10:00,2.19708,2.19755,2.19706,2.19736,271
2025-02-21 15:15:00,2.19737,2.1974,2.19692,2.19705,327
2025-02-21 15:20:00,2.19703,2.19736,2.19635,2.19719,351
2025-02-21 15:25:00,2.1972,2.19737,2.19694,2.19695,245
2025-02-21 15:30:00,2.19705,2.1972,2.19672,2.1971600000000002,357
2025-02-21 15:35:00,2.19715,2.19759,2.19691,2.19745,313
2025-02-21 15:40:00,2.19741,2.19773,2.19678,2.19686,337
2025-02-21 15:45:00,2.19687,2.19733,2.19673,2.19688,368
2025-02-21 15:50:00,2.19687,2.19714,2.19651,2.197,374
2025-02-21 15:55:00,2.19712,2.19712,2.19653,2.1967,318
2025-02-21 16:00:00,2.19672,2.19699,2.19597,2.19612,467
2025-02-21 16:05:00,2.19613,2.19702,2.19606,2.19662,454
2025-02-21 16:10:00,2.19663,2.19726,2.19661,2.19691,378
2025-02-21 16:15:00,2.19684,2.19684,2.19646,2.19661,283
2025-02-21 16:20:00,2.19656,2.19705,2.19619,2.19705,341
2025-02-21 16:25:00,2.19704,2.19821,2.1969,2.19813,408
2025-02-21 16:30:00,2.19813,2.19824,2.1965,2.19692,496
2025-02-21 16:35:00,2.19693,2.1980399999999998,2.19673,2.1980399999999998,543
2025-02-21 16:40:00,2.19803,2.19817,2.19734,2.19779,405
2025-02-21 16:45:00,2.19816,2.19816,2.19525,2.19559,679
2025-02-21 16:50:00,2.19557,2.19579,2.19507,2.19555,578
2025-02-21 16:55:00,2.19553,2.19654,2.19544,2.19639,448
2025-02-21 17:00:00,2.19639,2.19669,2.19602,2.19631,627
2025-02-21 17:05:00,2.19632,2.19714,2.1963,2.19706,591
2025-02-21 17:10:00,2.19708,2.19782,2.19708,2.19757,537
2025-02-21 17:15:00,2.19751,2.1977700000000002,2.19701,2.19715,554
2025-02-21 17:20:00,2.19717,2.19775,2.19683,2.1974299999999998,519
2025-02-21 17:25:00,2.19749,2.19752,2.19694,2.19714,513
2025-02-21 17:30:00,2.19709,2.19725,2.19625,2.19707,490
2025-02-21 17:35:00,2.19706,2.19728,2.19664,2.19691,489
2025-02-21 17:40:00,2.1969,2.19795,2.1965,2.1977700000000002,469
2025-02-21 17:45:00,2.19778,2.19857,2.1976,2.19845,469
2025-02-21 17:50:00,2.19846,2.19916,2.19828,2.19863,443
2025-02-21 17:55:00,2.19873,2.19877,2.19761,2.19781,516
2025-02-21 18:00:00,2.19779,2.19834,2.19744,2.19828,458
2025-02-21 18:05:00,2.19829,2.19861,2.19802,2.1982,389
2025-02-21 18:10:00,2.19817,2.19894,2.19809,2.19872,406
2025-02-21 18:15:00,2.19873,2.19923,2.19866,2.19916,355
2025-02-21 18:20:00,2.19919,2.19928,2.19839,2.19861,315
2025-02-21 18:25:00,2.19866,2.19868,2.19809,2.19811,338
2025-02-21 18:30:00,2.19811,2.19844,2.19786,2.19829,372
2025-02-21 18:35:00,2.19828,2.19871,2.19826,2.19871,372
2025-02-21 18:40:00,2.19868,2.19887,2.19819,2.19819,348
2025-02-21 18:45:00,2.1982,2.19827,2.19779,2.19798,333
2025-02-21 18:50:00,2.19802,2.19883,2.19796,2.19833,328
2025-02-21 18:55:00,2.19835,2.19875,2.19816,2.1986499999999998,352
2025-02-21 19:00:00,2.19858,2.19887,2.1983800000000002,2.19852,371
2025-02-21 19:05:00,2.1985,2.19914,2.1983800000000002,2.19886,362
2025-02-21 19:10:00,2.19886,2.19957,2.19871,2.19948,334
2025-02-21 19:15:00,2.19949,2.19953,2.19891,2.19903,344
2025-02-21 19:20:00,2.19901,2.1991,2.19854,2.19876,356
2025-02-21 19:25:00,2.19877,2.19901,2.1987,2.19877,304
2025-02-21 19:30:00,2.19879,2.19886,2.19824,2.19829,352
2025-02-21 19:35:00,2.19829,2.19889,2.19803,2.19885,358
2025-02-21 19:40:00,2.19886,2.19949,2.1988,2.19904,329
2025-02-21 19:45:00,2.19908,2.19953,2.19901,2.19915,299
2025-02-21 19:50:00,2.19918,2.19934,2.19895,2.19931,357
2025-02-21 19:55:00,2.19933,2.19969,2.19891,2.19954,345
2025-02-21 20:00:00,2.19952,2.19983,2.19914,2.19974,376
2025-02-21 20:05:00,2.19972,2.1998699999999998,2.19932,2.19974,370
2025-02-21 20:10:00,2.19979,2.20038,2.19973,2.20021,483
2025-02-21 20:15:00,2.20024,2.2004799999999998,2.1997,2.19993,490
2025-02-21 20:20:00,2.19991,2.19993,2.19938,2.19944,406
2025-02-21 20:25:00,2.19946,2.19984,2.19941,2.19957,451
2025-02-21 20:30:00,2.19958,2.19991,2.19918,2.19983,457
2025-02-21 20:35:00,2.19985,2.19993,2.19952,2.19978,489
2025-02-21 20:40:00,2.19986,2.20039,2.19962,2.20035,390
2025-02-21 20:45:00,2.20032,2.20055,2.19991,2.2,330
2025-02-21 20:50:00,2.20001,2.20034,2.19978,2.20021,346
2025-02-21 20:55:00,2.2002,2.20079,2.20015,2.20078,357
2025-02-21 21:00:00,2.2008,2.20088,2.20026,2.2004,358
2025-02-21 21:05:00,2.20041,2.20054,2.20003,2.20017,323
2025-02-21 21:10:00,2.20019,2.20077,2.20017,2.20049,338
2025-02-21 21:15:00,2.2004799999999998,2.20066,2.20022,2.20053,380
2025-02-21 21:20:00,2.20052,2.20098,2.20047,2.20087,307
2025-02-21 21:25:00,2.2008900000000002,2.20148,2.20056,2.20131,363
2025-02-21 21:30:00,2.20134,2.20159,2.20094,2.20157,342
2025-02-21 21:35:00,2.20155,2.20183,2.20144,2.20166,299
2025-02-21 21:40:00,2.20166,2.20181,2.20138,2.20172,311
2025-02-21 21:45:00,2.20172,2.20174,2.20114,2.20126,342
2025-02-21 21:50:00,2.20127,2.20139,2.20105,2.20119,366
2025-02-21 21:55:00,2.20121,2.20179,2.20118,2.20147,350
2025-02-21 22:00:00,2.20139,2.20147,2.2005,2.20063,346
2025-02-21 22:05:00,2.20062,2.20068,2.20034,2.20052,288
2025-02-21 22:10:00,2.20055,2.20095,2.20044,2.20071,331
2025-02-21 22:15:00,2.20069,2.20084,2.20051,2.20059,294
2025-02-21 22:20:00,2.20058,2.20091,2.20049,2.20051,253
2025-02-21 22:25:00,2.20053,2.20082,2.20049,2.20074,316
2025-02-21 22:30:00,2.20072,2.20075,2.20032,2.20039,266
2025-02-21 22:35:00,2.20037,2.2004799999999998,2.20022,2.20032,231
2025-02-21 22:40:00,2.20033,2.20045,2.20015,2.20032,209
2025-02-21 22:45:00,2.2003,2.20038,2.20006,2.2002,239
2025-02-21 22:50:00,2.2002,2.20026,2.19998,2.20004,265
2025-02-21 22:55:00,2.20002,2.20014,2.19911,2.1992,378
2025-02-21 23:00:00,2.19867,2.19908,2.19867,2.19896,245
2025-02-21 23:05:00,2.19896,2.19909,2.19877,2.19885,205
2025-02-21 23:10:00,2.19883,2.19884,2.19857,2.19861,239
2025-02-21 23:15:00,2.19862,2.19882,2.19832,2.19835,256
2025-02-21 23:20:00,2.19836,2.199,2.19836,2.19888,199
2025-02-21 23:25:00,2.19885,2.19891,2.19841,2.19862,326
2025-02-21 23:30:00,2.19863,2.19918,2.19855,2.19906,268
2025-02-21 23:35:00,2.19905,2.1992,2.19892,2.19908,217
2025-02-21 23:40:00,2.19909,2.19924,2.1988,2.1988,302
2025-02-21 23:45:00,2.19878,2.1989,2.19843,2.19875,177
2025-02-21 23:50:00,2.19871,2.19927,2.19863,2.19909,280
2025-02-21 23:55:00,2.19893,2.19925,2.19623,2.19693,449
2025-02-24 00:00:00,2.1966,2.19894,2.1966,2.1978,18
2025-02-24 00:05:00,2.19928,2.19997,2.19816,2.19818,48
2025-02-24 00:10:00,2.19399,2.19798,2.19399,2.19649,57
2025-02-24 00:15:00,2.19712,2.19785,2.19602,2.19748,116
2025-02-24 00:20:00,2.19749,2.19782,2.19674,2.19757,66
2025-02-24 00:25:00,2.19696,2.19826,2.19613,2.19654,44
2025-02-24 00:30:00,2.1965500000000002,2.19795,2.19649,2.19756,156
2025-02-24 00:35:00,2.19764,2.19776,2.19677,2.19706,164
2025-02-24 00:40:00,2.19704,2.19737,2.19588,2.19599,198
2025-02-24 00:45:00,2.19598,2.1966,2.19401,2.19586,269
2025-02-24 00:50:00,2.19595,2.19834,2.19424,2.19661,344
2025-02-24 00:55:00,2.19647,2.19789,2.19633,2.19706,195
2025-02-24 01:00:00,2.1984,2.19958,2.19806,2.1995,283
2025-02-24 01:05:00,2.19948,2.19949,2.19852,2.19891,160
2025-02-24 01:10:00,2.19892,2.19927,2.19814,2.19867,236
2025-02-24 01:15:00,2.19868,2.1992599999999998,2.19816,2.19909,304
2025-02-24 01:20:00,2.1991,2.1997,2.19905,2.19961,251
2025-02-24 01:25:00,2.19962,2.19962,2.19883,2.19898,190
2025-02-24 01:30:00,2.199,2.20004,2.199,2.19925,279
2025-02-24 01:35:00,2.19923,2.19977,2.1989900000000002,2.19974,209
2025-02-24 01:40:00,2.19971,2.1998699999999998,2.19965,2.19967,195
2025-02-24 01:45:00,2.19971,2.20007,2.19939,2.2,237
2025-02-24 01:50:00,2.20002,2.20017,2.19931,2.19952,300
2025-02-24 01:55:00,2.1995,2.19991,2.1992599999999998,2.19981,304
2025-02-24 02:00:00,2.19982,2.19985,2.19919,2.19949,345
2025-02-24 02:05:00,2.19951,2.1999,2.19927,2.1998699999999998,289
2025-02-24 02:10:00,2.19983,2.20033,2.19973,2.20015,294
2025-02-24 02:15:00,2.20017,2.20075,2.20008,2.20063,335
2025-02-24 02:20:00,2.20064,2.20156,2.20044,2.20153,416
2025-02-24 02:25:00,2.20154,2.20188,2.2012,2.20174,335
2025-02-24 02:30:00,2.20181,2.20203,2.20125,2.20135,428
2025-02-24 02:35:00,2.20134,2.20217,2.20122,2.20213,315
2025-02-24 02:40:00,2.20215,2.20234,2.20173,2.20199,312
2025-02-24 02:45:00,2.20198,2.20199,2.20098,2.20134,438
2025-02-24 02:50:00,2.20132,2.20177,2.20075,2.20161,481
2025-02-24 02:55:00,2.20159,2.20179,2.20118,2.20154,435
2025-02-24 03:00:00,2.20153,2.20263,2.20145,2.20252,555
2025-02-24 03:05:00,2.20253,2.20288,2.20192,2.20285,463
2025-02-24 03:10:00,2.20286,2.20309,2.20255,2.20304,388
2025-02-24 03:15:00,2.20305,2.2037,2.20291,2.203,549
2025-02-24 03:20:00,2.20303,2.20407,2.20299,2.204,502
2025-02-24 03:25:00,2.20402,2.20473,2.20393,2.2045500000000002,405
2025-02-24 03:30:00,2.2045500000000002,2.20507,2.20434,2.20465,595
2025-02-24 03:35:00,2.20462,2.2047499999999998,2.20428,2.20467,541
2025-02-24 03:40:00,2.20464,2.2047,2.20385,2.20397,535
2025-02-24 03:45:00,2.20399,2.20411,2.2031,2.20342,531
2025-02-24 03:50:00,2.20344,2.20442,2.20339,2.20438,475
2025-02-24 03:55:00,2.20437,2.20444,2.2035299999999998,2.20421,433
2025-02-24 04:00:00,2.20422,2.2044,2.20377,2.20409,471
2025-02-24 04:05:00,2.20403,2.20403,2.20298,2.20317,503
2025-02-24 04:10:00,2.20316,2.20352,2.20288,2.20342,484
2025-02-24 04:15:00,2.20349,2.20396,2.20319,2.20343,505
2025-02-24 04:20:00,2.20342,2.20343,2.20252,2.20275,464
2025-02-24 04:25:00,2.20279,2.20282,2.20208,2.20227,396
2025-02-24 04:30:00,2.20229,2.20238,2.20145,2.20146,372
2025-02-24 04:35:00,2.20147,2.20148,2.19985,2.19985,501
2025-02-24 04:40:00,2.19978,2.20009,2.19934,2.1998699999999998,484
2025-02-24 04:45:00,2.1999,2.19997,2.19939,2.1998699999999998,388
2025-02-24 04:50:00,2.19991,2.20006,2.19934,2.19979,357
2025-02-24 04:55:00,2.19978,2.19995,2.19949,2.19975,425
2025-02-24 05:00:00,2.19975,2.19988,2.19919,2.19978,354
2025-02-24 05:05:00,2.19975,2.19984,2.19915,2.1994,388
2025-02-24 05:10:00,2.19943,2.19976,2.19929,2.19939,379
2025-02-24 05:15:00,2.19937,2.1994,2.19855,2.19898,468
2025-02-24 05:20:00,2.19896,2.19943,2.19887,2.19923,387
2025-02-24 05:25:00,2.19927,2.19973,2.19915,2.19966,342
2025-02-24 05:30:00,2.19966,2.19975,2.19914,2.19928,362
2025-02-24 05:35:00,2.19927,2.19991,2.19927,2.19983,371
2025-02-24 05:40:00,2.19985,2.20027,2.19985,2.20006,271
2025-02-24 05:45:00,2.20003,2.20042,2.19996,2.20017,268
2025-02-24 05:50:00,2.20015,2.20052,2.19994,2.2004,316
2025-02-24 05:55:00,2.2004,2.20059,2.20019,2.20052,327
2025-02-24 06:00:00,2.20056,2.20075,2.20036,2.20069,298
2025-02-24 06:05:00,2.2007,2.2008,2.19996,2.20052,254
2025-02-24 06:10:00,2.20045,2.20068,2.20039,2.20057,226
2025-02-24 06:15:00,2.20056,2.20074,2.20037,2.20061,176
2025-02-24 06:20:00,2.20061,2.20067,2.20021,2.20043,197
2025-02-24 06:25:00,2.20035,2.20062,2.20012,2.20059,226
2025-02-24 06:30:00,2.20058,2.201,2.2004799999999998,2.20068,219
2025-02-24 06:35:00,2.20065,2.20075,2.2003,2.20039,220
2025-02-24 06:40:00,2.2004,2.20071,2.2004,2.20062,194
2025-02-24 06:45:00,2.2006,2.20091,2.20041,2.20063,185
2025-02-24 06:50:00,2.20066,2.20083,2.20044,2.20056,200
2025-02-24 06:55:00,2.20054,2.20085,2.20027,2.20084,315
2025-02-24 07:00:00,2.20088,2.20116,2.20071,2.20106,411
2025-02-24 07:05:00,2.20097,2.20105,2.20046,2.2007,376
2025-02-24 07:10:00,2.20068,2.20068,2.20022,2.20041,315
2025-02-24 07:15:00,2.20043,2.20078,2.20037,2.20073,262
2025-02-24 07:20:00,2.20066,2.20124,2.2005,2.20108,285
2025-02-24 07:25:00,2.20106,2.20108,2.20053,2.20071,376
2025-02-24 07:30:00,2.20072,2.20092,2.20035,2.20078,274
2025-02-24 07:35:00,2.20077,2.20118,2.20068,2.20082,278
2025-02-24 07:40:00,2.2008,2.20099,2.20066,2.2008900000000002,311
2025-02-24 07:45:00,2.2009,2.20121,2.20077,2.20106,245
2025-02-24 07:50:00,2.20104,2.20117,2.20087,2.20114,209
2025-02-24 07:55:00,2.20115,2.20151,2.20115,2.20139,357
2025-02-24 08:00:00,2.20135,2.20177,2.20114,2.20124,402
2025-02-24 08:05:00,2.20125,2.20133,2.2004799999999998,2.20054,315
2025-02-24 08:10:00,2.20055,2.20075,2.20018,2.20024,286
2025-02-24 08:15:00,2.20025,2.20066,2.20019,2.20038,249
2025-02-24 08:20:00,2.20035,2.20049,2.19972,2.19993,316
2025-02-24 08:25:00,2.19994,2.20022,2.19969,2.19975,322
2025-02-24 08:30:00,2.19974,2.19984,2.19948,2.19977,289
2025-02-24 08:35:00,2.19976,2.20002,2.19937,2.19955,293
2025-02-24 08:40:00,2.19957,2.1998699999999998,2.1992599999999998,2.19931,337
2025-02-24 08:45:00,2.1993,2.19943,2.19888,2.19898,339
2025-02-24 08:50:00,2.19897,2.19902,2.19851,2.19873,345
2025-02-24 08:55:00,2.19869,2.19893,2.19859,2.19866,315
2025-02-24 09:00:00,2.19868,2.19927,2.19839,2.19907,497
2025-02-24 09:05:00,2.1991,2.1995,2.19869,2.19877,426
2025-02-24 09:10:00,2.19878,2.1989900000000002,2.19825,2.19851,382
2025-02-24 09:15:00,2.1985,2.19915,2.19834,2.19906,426
2025-02-24 09:20:00,2.19903,2.19937,2.1986499999999998,2.19911,393
2025-02-24 09:25:00,2.19911,2.19919,2.19844,2.19875,392
2025-02-24 09:30:00,2.19878,2.19895,2.19811,2.19856,421
2025-02-24 09:35:00,2.19853,2.199,2.19844,2.19885,461
2025-02-24 09:40:00,2.19884,2.19946,2.1986,2.19867,431
2025-02-24 09:45:00,2.19872,2.19914,2.19842,2.19856,465
2025-02-24 09:50:00,2.19858,2.19862,2.19829,2.19832,353
2025-02-24 09:55:00,2.1983800000000002,2.19852,2.19798,2.19842,445
2025-02-24 10:00:00,2.19837,2.19863,2.19794,2.19806,576
2025-02-24 10:05:00,2.19806,2.19979,2.19794,2.1989900000000002,563
2025-02-24 10:10:00,2.19901,2.19992,2.19901,2.19971,444
2025-02-24 10:15:00,2.19976,2.2,2.19919,2.19924,491
2025-02-24 10:20:00,2.1992,2.19933,2.19881,2.19897,462
2025-02-24 10:25:00,2.19896,2.19945,2.1983,2.1983800000000002,483
2025-02-24 10:30:00,2.19843,2.19853,2.19767,2.19797,471
2025-02-24 10:35:00,2.19796,2.19818,2.1971600000000002,2.19767,525
2025-02-24 10:40:00,2.19768,2.19863,2.19768,2.1983800000000002,445
2025-02-24 10:45:00,2.1983800000000002,2.19923,2.19837,2.19882,435
2025-02-24 10:50:00,2.19884,2.19982,2.19879,2.19977,393
2025-02-24 10:55:00,2.19978,2.19986,2.19948,2.19981,317
2025-02-24 11:00:00,2.19981,2.19984,2.19913,2.1995,448
2025-02-24 11:05:00,2.19949,2.20008,2.19902,2.19989,460
2025-02-24 11:10:00,2.19986,2.19998,2.19955,2.19982,378
2025-02-24 11:15:00,2.19981,2.2001,2.1996,2.1999,377
2025-02-24 11:20:00,2.19991,2.20038,2.19979,2.20006,315
2025-02-24 11:25:00,2.20008,2.20021,2.19965,2.19981,390
2025-02-24 11:30:00,2.19979,2.19995,2.19918,2.19965,443
2025-02-24 11:35:00,2.19963,2.19978,2.1992599999999998,2.19974,313
2025-02-24 11:40:00,2.19973,2.19981,2.19917,2.19933,377
2025-02-24 11:45:00,2.19933,2.19943,2.19769,2.1977700000000002,405
2025-02-24 11:50:00,2.19776,2.19866,2.19773,2.19848,399
2025-02-24 11:55:00,2.19846,2.19988,2.19843,2.19937,338
2025-02-24 12:00:00,2.19931,2.19961,2.19847,2.19856,352
2025-02-24 12:05:00,2.19854,2.19945,2.19795,2.19935,348
2025-02-24 12:10:00,2.19942,2.20083,2.1994,2.20027,320
2025-02-24 12:15:00,2.20037,2.20053,2.1998699999999998,2.20005,352
2025-02-24 12:20:00,2.20008,2.20026,2.19988,2.20008,280
2025-02-24 12:25:00,2.20007,2.20043,2.19999,2.20027,270
2025-02-24 12:30:00,2.2004,2.20041,2.19966,2.19977,365
2025-02-24 12:35:00,2.19979,2.19979,2.19893,2.19951,375
2025-02-24 12:40:00,2.19943,2.20001,2.19902,2.1999,379
2025-02-24 12:45:00,2.1999,2.20001,2.19927,2.19983,357
2025-02-24 12:50:00,2.19981,2.20023,2.19949,2.19966,422
2025-02-24 12:55:00,2.19961,2.20031,2.19954,2.20019,378
2025-02-24 13:00:00,2.20018,2.20037,2.19973,2.1999,404
2025-02-24 13:05:00,2.19988,2.20057,2.19986,2.20026,338
2025-02-24 13:10:00,2.20027,2.20058,2.1999,2.20054,317
2025-02-24 13:15:00,2.20055,2.20086,2.20037,2.20038,240
2025-02-24 13:20:00,2.20036,2.20072,2.20024,2.20058,247
2025-02-24 13:25:00,2.20054,2.20082,2.20037,2.20049,302
2025-02-24 13:30:00,2.2004799999999998,2.20049,2.20003,2.20013,338
2025-02-24 13:35:00,2.20017,2.20051,2.2001,2.20022,305
2025-02-24 13:40:00,2.2002,2.20032,2.19941,2.19946,289
2025-02-24 13:45:00,2.19946,2.19983,2.19928,2.19952,292
2025-02-24 13:50:00,2.19954,2.1997,2.19925,2.19938,247
2025-02-24 13:55:00,2.19942,2.20017,2.19937,2.19995,318
2025-02-24 14:00:00,2.19999,2.20001,2.19901,2.19902,379
2025-02-24 14:05:00,2.19905,2.20007,2.19905,2.19982,292
2025-02-24 14:10:00,2.19982,2.19982,2.1995,2.19964,292
2025-02-24 14:15:00,2.19965,2.19989,2.19949,2.19979,243
2025-02-24 14:20:00,2.19981,2.20029,2.19967,2.20029,311
2025-02-24 14:25:00,2.20019,2.20024,2.1998,2.19996,317
2025-02-24 14:30:00,2.19998,2.20022,2.19951,2.20022,328
2025-02-24 14:35:00,2.20027,2.2004799999999998,2.2001,2.2001,243
2025-02-24 14:40:00,2.20011,2.20014,2.19977,2.20002,261
2025-02-24 14:45:00,2.20001,2.20001,2.19932,2.19948,352
2025-02-24 14:50:00,2.19954,2.19989,2.19948,2.19961,334
2025-02-24 14:55:00,2.19959,2.19975,2.19896,2.19916,345
2025-02-24 15:00:00,2.19912,2.1993,2.19856,2.1986,407
2025-02-24 15:05:00,2.19855,2.19888,2.1983,2.19877,368
2025-02-24 15:10:00,2.19875,2.19883,2.19822,2.19823,328
2025-02-24 15:15:00,2.19829,2.19853,2.19801,2.19811,391
2025-02-24 15:20:00,2.19812,2.19931,2.19803,2.19911,414
2025-02-24 15:25:00,2.19915,2.19918,2.19842,2.1988,263
2025-02-24 15:30:00,2.19877,2.19922,2.19877,2.19922,325
2025-02-24 15:35:00,2.19923,2.19979,2.19901,2.19965,391
2025-02-24 15:40:00,2.19966,2.19967,2.19875,2.19903,355
2025-02-24 15:45:00,2.19902,2.19969,2.19892,2.19935,400
2025-02-24 15:50:00,2.19935,2.19973,2.19916,2.19933,343
2025-02-24 15:55:00,2.19925,2.19999,2.19915,2.19986,295
2025-02-24 16:00:00,2.19985,2.20012,2.19969,2.20008,419
2025-02-24 16:05:00,2.2001,2.2001,2.19962,2.19966,340
2025-02-24 16:10:00,2.19964,2.20046,2.19958,2.20025,388
2025-02-24 16:15:00,2.20024,2.20049,2.19997,2.20041,385
2025-02-24 16:20:00,2.20039,2.2006,2.19995,2.20027,360
2025-02-24 16:25:00,2.20024,2.20068,2.19992,2.20054,382
2025-02-24 16:30:00,2.20051,2.20132,2.2004799999999998,2.20068,576
2025-02-24 16:35:00,2.20066,2.20101,2.20019,2.20027,599
2025-02-24 16:40:00,2.20027,2.2005,2.19966,2.20021,624
2025-02-24 16:45:00,2.20022,2.2004799999999998,2.19979,2.20042,563
2025-02-24 16:50:00,2.20042,2.20057,2.2,2.20025,592
2025-02-24 16:55:00,2.20024,2.2004799999999998,2.1996,2.2002,575
2025-02-24 17:00:00,2.20018,2.20044,2.19973,2.20017,607
2025-02-24 17:05:00,2.20017,2.20022,2.19981,2.20004,581
2025-02-24 17:10:00,2.20005,2.20014,2.19929,2.1995,567
2025-02-24 17:15:00,2.19956,2.2002800000000002,2.19953,2.20001,530
2025-02-24 17:20:00,2.20005,2.20031,2.19972,2.19984,557
2025-02-24 17:25:00,2.19986,2.2005,2.19977,2.2001,519
2025-02-24 17:30:00,2.20018,2.20037,2.19965,2.19969,588
2025-02-24 17:35:00,2.19971,2.20005,2.19917,2.19983,517
2025-02-24 17:40:00,2.19985,2.20002,2.19916,2.19966,560
2025-02-24 17:45:00,2.19967,2.20002,2.19936,2.19938,524
2025-02-24 17:50:00,2.19934,2.19945,2.1979,2.19793,575
2025-02-24 17:55:00,2.19798,2.19852,2.19774,2.19793,668
2025-02-24 18:00:00,2.19793,2.19859,2.19772,2.19825,603
2025-02-24 18:05:00,2.19827,2.19864,2.19798,2.19854,487
2025-02-24 18:10:00,2.19854,2.19922,2.19818,2.19819,483
2025-02-24 18:15:00,2.19828,2.19883,2.19797,2.19876,444
2025-02-24 18:20:00,2.19873,2.19928,2.19869,2.19905,397
2025-02-24 18:25:00,2.19906,2.19957,2.19905,2.19936,394
2025-02-24 18:30:00,2.19937,2.19938,2.19888,2.19901,433
2025-02-24 18:35:00,2.19902,2.19955,2.19894,2.19911,446
2025-02-24 18:40:00,2.1991,2.19954,2.19901,2.19941,401
2025-02-24 18:45:00,2.1994,2.20001,2.19911,2.19984,366
2025-02-24 18:50:00,2.1998699999999998,2.20007,2.19964,2.19988,329
2025-02-24 18:55:00,2.1998699999999998,2.20027,2.1996,2.2001,490
2025-02-24 19:00:00,2.2,2.2004799999999998,2.19986,2.20022,428
2025-02-24 19:05:00,2.20023,2.20068,2.20016,2.2003,472
2025-02-24 19:10:00,2.20034,2.20067,2.20018,2.2002,366
2025-02-24 19:15:00,2.20019,2.20051,2.20008,2.20026,361
2025-02-24 19:20:00,2.20023,2.2007,2.20007,2.20063,401
2025-02-24 19:25:00,2.20062,2.20076,2.20014,2.20033,346
2025-02-24 19:30:00,2.20034,2.20083,2.20032,2.20068,379
2025-02-24 19:35:00,2.20065,2.20096,2.20049,2.20076,411
2025-02-24 19:40:00,2.2008,2.20093,2.20031,2.20052,360
2025-02-24 19:45:00,2.20055,2.20058,2.20004,2.20026,318
2025-02-24 19:50:00,2.20027,2.20075,2.20025,2.20051,388
2025-02-24 19:55:00,2.20049,2.20097,2.20044,2.20069,480
2025-02-24 20:00:00,2.20076,2.20099,2.20037,2.20047,341
2025-02-24 20:05:00,2.20052,2.20093,2.20039,2.2008,384
2025-02-24 20:10:00,2.20079,2.20087,2.20051,2.20058,342
2025-02-24 20:15:00,2.20059,2.20086,2.20036,2.20044,295
2025-02-24 20:20:00,2.20046,2.20051,2.20004,2.20016,281
2025-02-24 20:25:00,2.20014,2.20037,2.20002,2.2001,274
2025-02-24 20:30:00,2.20012,2.20022,2.19993,2.2002,327
2025-02-24 20:35:00,2.2002,2.20042,2.20012,2.20034,283
2025-02-24 20:40:00,2.20033,2.20045,2.19994,2.2001,248
2025-02-24 20:45:00,2.20011,2.20042,2.20001,2.20017,285
2025-02-24 20:50:00,2.20015,2.20035,2.20008,2.2002,249
2025-02-24 20:55:00,2.20022,2.20036,2.20006,2.2002800000000002,290
2025-02-24 21:00:00,2.20027,2.20034,2.19991,2.20002,214
2025-02-24 21:05:00,2.20003,2.20038,2.19998,2.20004,223
2025-02-24 21:10:00,2.20011,2.20045,2.20011,2.20031,256
2025-02-24 21:15:00,2.2003,2.20061,2.20011,2.20042,295
2025-02-24 21:20:00,2.20047,2.20067,2.20025,2.20039,342
2025-02-24 21:25:00,2.20038,2.2004,2.1998,2.1998699999999998,275
2025-02-24 21:30:00,2.19985,2.20007,2.19947,2.19974,369
2025-02-24 21:35:00,2.19976,2.19991,2.19941,2.19964,346
2025-02-24 21:40:00,2.19963,2.19984,2.19945,2.19958,302
2025-02-24 21:45:00,2.19954,2.19975,2.19938,2.19967,286
2025-02-24 21:50:00,2.1997,2.19982,2.19946,2.19966,280
2025-02-24 21:55:00,2.19966,2.19985,2.19952,2.19968,347
2025-02-24 22:00:00,2.19969,2.2,2.19951,2.1998699999999998,310
2025-02-24 22:05:00,2.19988,2.19999,2.19966,2.1999,248
2025-02-24 22:10:00,2.19989,2.2001,2.19983,2.20004,283
2025-02-24 22:15:00,2.2,2.20035,2.1998699999999998,2.20016,349
2025-02-24 22:20:00,2.20018,2.20122,2.19999,2.20094,625
2025-02-24 22:25:00,2.2008900000000002,2.20141,2.20057,2.20125,489
2025-02-24 22:30:00,2.20123,2.20136,2.2008900000000002,2.20094,397
2025-02-24 22:35:00,2.20092,2.20176,2.20092,2.20145,344
2025-02-24 22:40:00,2.20146,2.20164,2.20119,2.20124,354
2025-02-24 22:45:00,2.20124,2.20177,2.20108,2.20157,304
2025-02-24 22:50:00,2.20156,2.2021,2.20146,2.20195,370
2025-02-24 22:55:00,2.20196,2.20226,2.20178,2.20184,343
2025-02-24 23:00:00,2.20125,2.2015000000000002,2.20111,2.2015000000000002,232
2025-02-24 23:05:00,2.20148,2.20162,2.20124,2.2014,169
2025-02-24 23:10:00,2.20142,2.20187,2.20125,2.20185,133
2025-02-24 23:15:00,2.20184,2.20187,2.20136,2.20144,113
2025-02-24 23:20:00,2.2014,2.20154,2.20124,2.20152,99
2025-02-24 23:25:00,2.20154,2.20201,2.20145,2.20193,131
2025-02-24 23:30:00,2.20195,2.20234,2.20176,2.20187,95
2025-02-24 23:35:00,2.20188,2.202,2.2016,2.20164,135
2025-02-24 23:40:00,2.20165,2.20188,2.20157,2.2016999999999998,101
2025-02-24 23:45:00,2.20165,2.20174,2.20129,2.20138,127
2025-02-24 23:50:00,2.20137,2.20165,2.2012,2.2016,545
2025-02-24 23:55:00,2.20212,2.20235,2.20137,2.20138,325
2025-02-25 00:00:00,2.20148,2.20249,2.20078,2.20237,19
2025-02-25 00:05:00,2.20082,2.20229,2.20082,2.20229,28
2025-02-25 00:10:00,2.2014,2.20232,2.2014,2.20216,41
2025-02-25 00:15:00,2.20215,2.20239,2.2021,2.20234,44
2025-02-25 00:20:00,2.20233,2.20246,2.20224,2.20241,55
2025-02-25 00:25:00,2.20238,2.20246,2.20219,2.20238,59
2025-02-25 00:30:00,2.20239,2.20254,2.20208,2.20245,92
2025-02-25 00:35:00,2.2024,2.20251,2.20195,2.20206,76
2025-02-25 00:40:00,2.2021,2.20228,2.20156,2.20158,130
2025-02-25 00:45:00,2.20162,2.20162,2.20116,2.20136,116
2025-02-25 00:50:00,2.20135,2.20142,2.2007,2.20081,168
2025-02-25 00:55:00,2.20078,2.20232,2.20076,2.20206,226
2025-02-25 01:00:00,2.20263,2.20347,2.20251,2.20258,198
2025-02-25 01:05:00,2.2025,2.2026,2.20212,2.2022,161
2025-02-25 01:10:00,2.20221,2.20227,2.2019,2.20218,176
2025-02-25 01:15:00,2.20217,2.20261,2.2021100000000002,2.20257,212
2025-02-25 01:20:00,2.20255,2.20274,2.20242,2.20242,167
2025-02-25 01:25:00,2.20243,2.2025,2.2023099999999998,2.20243,143
2025-02-25 01:30:00,2.20242,2.20258,2.20238,2.20247,164
2025-02-25 01:35:00,2.2025,2.20279,2.20248,2.20271,179
2025-02-25 01:40:00,2.20279,2.20316,2.20271,2.20307,152
2025-02-25 01:45:00,2.20306,2.20315,2.20282,2.20299,126
2025-02-25 01:50:00,2.20297,2.20325,2.20295,2.2032,183
2025-02-25 01:55:00,2.20318,2.20337,2.20303,2.20316,221
2025-02-25 02:00:00,2.20315,2.20323,2.20219,2.20233,301
2025-02-25 02:05:00,2.20234,2.20267,2.20212,2.20247,237
2025-02-25 02:10:00,2.20249,2.20264,2.20216,2.2023,228
2025-02-25 02:15:00,2.20228,2.2025,2.20212,2.20244,206
2025-02-25 02:20:00,2.20243,2.20294,2.20239,2.20286,188
2025-02-25 02:25:00,2.20287,2.20327,2.20268,2.20327,188
2025-02-25 02:30:00,2.20328,2.20349,2.20306,2.20331,198
2025-02-25 02:35:00,2.2033,2.20385,2.2033,2.20385,255
2025-02-25 02:40:00,2.20384,2.20436,2.20376,2.20429,251
2025-02-25 02:45:00,2.20427,2.2049,2.2041,2.20482,227
2025-02-25 02:50:00,2.20482,2.20491,2.20389,2.20391,324
2025-02-25 02:55:00,2.20392,2.20459,2.2039,2.2039400000000002,267
2025-02-25 03:00:00,2.20392,2.20412,2.20328,2.20382,407
2025-02-25 03:05:00,2.20387,2.20443,2.20337,2.20361,361
2025-02-25 03:10:00,2.20358,2.20447,2.20358,2.20443,356
2025-02-25 03:15:00,2.20444,2.20478,2.20417,2.20469,338
2025-02-25 03:20:00,2.2047,2.20491,2.20419,2.20453,309
2025-02-25 03:25:00,2.20454,2.20457,2.20343,2.20362,324
2025-02-25 03:30:00,2.20364,2.20379,2.20334,2.2037,433
2025-02-25 03:35:00,2.20386,2.2041,2.20358,2.20391,373
2025-02-25 03:40:00,2.20392,2.20416,2.20376,2.20409,338
2025-02-25 03:45:00,2.2041,2.20427,2.20368,2.20379,366
2025-02-25 03:50:00,2.20377,2.20408,2.20368,2.20407,316
2025-02-25 03:55:00,2.20416,2.20435,2.20351,2.20382,309
2025-02-25 04:00:00,2.2038,2.20418,2.20374,2.20417,289
2025-02-25 04:05:00,2.20416,2.2044,2.20365,2.20385,263
2025-02-25 04:10:00,2.20386,2.204,2.20363,2.20375,302
2025-02-25 04:15:00,2.20372,2.20404,2.20348,2.20354,343
2025-02-25 04:20:00,2.20355,2.20458,2.20341,2.20416,386
2025-02-25 04:25:00,2.20418,2.20439,2.2039,2.20404,428
2025-02-25 04:30:00,2.20406,2.20407,2.20316,2.20354,430
2025-02-25 04:35:00,2.20358,2.20364,2.20309,2.20335,411
2025-02-25 04:40:00,2.20336,2.20375,2.20303,2.20366,353
2025-02-25 04:45:00,2.20367,2.20371,2.20334,2.20343,300
2025-02-25 04:50:00,2.20341,2.20358,2.20328,2.20335,274
2025-02-25 04:55:00,2.20338,2.20361,2.20316,2.2035299999999998,301
2025-02-25 05:00:00,2.20354,2.20367,2.20303,2.20311,319
2025-02-25 05:05:00,2.2031,2.20342,2.20304,2.20314,315
2025-02-25 05:10:00,2.20313,2.20315,2.20284,2.2029,263
2025-02-25 05:15:00,2.20291,2.20317,2.20266,2.20288,262
2025-02-25 05:20:00,2.20287,2.20289,2.2023,2.20258,273
2025-02-25 05:25:00,2.20257,2.20316,2.2024,2.20307,348
2025-02-25 05:30:00,2.20306,2.20318,2.20271,2.20307,297
2025-02-25 05:35:00,2.20309,2.2031,2.20246,2.20273,304
2025-02-25 05:40:00,2.20274,2.203,2.20243,2.20299,216
2025-02-25 05:45:00,2.20298,2.20309,2.20278,2.20284,186
2025-02-25 05:50:00,2.20285,2.2031,2.20266,2.20288,290
2025-02-25 05:55:00,2.20289,2.20341,2.20279,2.20338,216
2025-02-25 06:00:00,2.20339,2.20344,2.20286,2.20302,254
2025-02-25 06:05:00,2.20302,2.20316,2.20287,2.20313,160
2025-02-25 06:10:00,2.20314,2.20314,2.2027,2.20309,221
2025-02-25 06:15:00,2.2031,2.2032,2.20285,2.2029,154
2025-02-25 06:20:00,2.20294,2.20308,2.2023099999999998,2.20237,222
2025-02-25 06:25:00,2.20238,2.20257,2.20225,2.20256,229
2025-02-25 06:30:00,2.20255,2.20279,2.20234,2.2026,223
2025-02-25 06:35:00,2.20258,2.20293,2.20254,2.20288,239
2025-02-25 06:40:00,2.20289,2.20294,2.20257,2.20261,233
2025-02-25 06:45:00,2.20264,2.20294,2.20263,2.20287,220
2025-02-25 06:50:00,2.20281,2.20318,2.20279,2.20299,290
2025-02-25 06:55:00,2.20302,2.20314,2.2029,2.203,299
2025-02-25 07:00:00,2.20298,2.20314,2.20283,2.20295,271
2025-02-25 07:05:00,2.20297,2.20336,2.20283,2.20318,258
2025-02-25 07:10:00,2.20319,2.20337,2.20305,2.20312,231
2025-02-25 07:15:00,2.20312,2.20322,2.20289,2.20304,196
2025-02-25 07:20:00,2.20297,2.20306,2.20273,2.20279,202
2025-02-25 07:25:00,2.20281,2.20291,2.20262,2.2027200000000002,212
2025-02-25 07:30:00,2.20269,2.20279,2.20257,2.20264,254
2025-02-25 07:35:00,2.20264,2.20277,2.20246,2.20252,161
2025-02-25 07:40:00,2.2025,2.20271,2.20212,2.20268,253
2025-02-25 07:45:00,2.20266,2.20269,2.20206,2.20214,236
2025-02-25 07:50:00,2.20213,2.2024,2.20181,2.20199,284
2025-02-25 07:55:00,2.20198,2.20273,2.20192,2.20229,366
2025-02-25 08:00:00,2.20227,2.20241,2.2018,2.20228,267
2025-02-25 08:05:00,2.2023,2.20256,2.20209,2.20217,234
2025-02-25 08:10:00,2.20219,2.20228,2.20201,2.2021100000000002,211
2025-02-25 08:15:00,2.2021,2.20235,2.20208,2.20217,250
2025-02-25 08:20:00,2.20215,2.2023099999999998,2.20201,2.20219,276
2025-02-25 08:25:00,2.2022,2.2024,2.20192,2.20228,288
2025-02-25 08:30:00,2.20225,2.20244,2.20194,2.20218,323
2025-02-25 08:35:00,2.20222,2.20235,2.20194,2.2021100000000002,359
2025-02-25 08:40:00,2.20212,2.20267,2.2021,2.20243,346
2025-02-25 08:45:00,2.20245,2.20304,2.20223,2.20301,382
2025-02-25 08:50:00,2.20303,2.20308,2.20271,2.20298,269
2025-02-25 08:55:00,2.20298,2.2032,2.20244,2.20263,330
2025-02-25 09:00:00,2.20265,2.20289,2.20236,2.20245,441
2025-02-25 09:05:00,2.20245,2.20301,2.20223,2.20269,426
2025-02-25 09:10:00,2.20266,2.20315,2.20262,2.20281,371
2025-02-25 09:15:00,2.20278,2.20315,2.20254,2.20273,412
2025-02-25 09:20:00,2.20273,2.20367,2.2027200000000002,2.2033,365
2025-02-25 09:25:00,2.2033,2.20347,2.20284,2.20347,469
2025-02-25 09:30:00,2.20347,2.20357,2.2026,2.20271,509
2025-02-25 09:35:00,2.20261,2.20277,2.20209,2.20215,425
2025-02-25 09:40:00,2.20217,2.20311,2.20217,2.20311,395
2025-02-25 09:45:00,2.20309,2.20332,2.20275,2.20289,376
2025-02-25 09:50:00,2.20294,2.20352,2.20251,2.20293,453
2025-02-25 09:55:00,2.20287,2.20311,2.20253,2.20285,515
2025-02-25 10:00:00,2.2029199999999998,2.2035299999999998,2.20275,2.20341,649
2025-02-25 10:05:00,2.20342,2.20412,2.2034,2.20402,520
2025-02-25 10:10:00,2.20404,2.20476,2.20397,2.20457,500
2025-02-25 10:15:00,2.20456,2.20523,2.20415,2.20508,446
2025-02-25 10:20:00,2.20507,2.20587,2.20486,2.20515,439
2025-02-25 10:25:00,2.20517,2.2052,2.2042,2.20444,456
2025-02-25 10:30:00,2.20445,2.20482,2.20426,2.20461,423
2025-02-25 10:35:00,2.20456,2.2051,2.20438,2.20497,374
2025-02-25 10:40:00,2.20496,2.20547,2.20468,2.20538,375
2025-02-25 10:45:00,2.20535,2.20583,2.20491,2.2051600000000002,373
2025-02-25 10:50:00,2.20517,2.20527,2.20466,2.20484,345
2025-02-25 10:55:00,2.20486,2.20504,2.20409,2.20435,421
2025-02-25 11:00:00,2.20434,2.20464,2.20397,2.2045,393
2025-02-25 11:05:00,2.20449,2.20479,2.20427,2.20479,318
2025-02-25 11:10:00,2.20477,2.20574,2.20477,2.20533,343
2025-02-25 11:15:00,2.20535,2.20625,2.20531,2.206,362
2025-02-25 11:20:00,2.20602,2.20639,2.20591,2.20591,369
2025-02-25 11:25:00,2.20592,2.20667,2.20592,2.20656,416
2025-02-25 11:30:00,2.20653,2.20671,2.20604,2.20615,345
2025-02-25 11:35:00,2.20613,2.20663,2.2059,2.20624,373
2025-02-25 11:40:00,2.20622,2.20756,2.206,2.20743,379
2025-02-25 11:45:00,2.20744,2.20813,2.20743,2.20784,324
2025-02-25 11:50:00,2.20784,2.20859,2.20773,2.20857,354
2025-02-25 11:55:00,2.20856,2.20904,2.20854,2.20876,386
2025-02-25 12:00:00,2.20874,2.20968,2.20868,2.20965,416
2025-02-25 12:05:00,2.20974,2.21007,2.20926,2.20942,405
2025-02-25 12:10:00,2.20942,2.2094300000000002,2.20868,2.20936,423
2025-02-25 12:15:00,2.20937,2.20984,2.20902,2.20976,377
2025-02-25 12:20:00,2.20978,2.21027,2.20953,2.20972,351
2025-02-25 12:25:00,2.20968,2.20978,2.20886,2.20907,322
2025-02-25 12:30:00,2.20911,2.20939,2.20876,2.20929,369
2025-02-25 12:35:00,2.20931,2.20968,2.2092,2.20968,244
2025-02-25 12:40:00,2.20971,2.21044,2.2094300000000002,2.21033,310
2025-02-25 12:45:00,2.21034,2.21049,2.21006,2.21039,217
2025-02-25 12:50:00,2.21037,2.21089,2.21019,2.21072,248
2025-02-25 12:55:00,2.2108,2.21155,2.21069,2.21139,231
2025-02-25 13:00:00,2.2114,2.21165,2.2108,2.211,239
2025-02-25 13:05:00,2.21099,2.21099,2.2102,2.21062,255
2025-02-25 13:10:00,2.2106,2.21114,2.21057,2.21083,285
2025-02-25 13:15:00,2.21085,2.21139,2.21085,2.21116,328
2025-02-25 13:20:00,2.2113,2.21141,2.2109,2.21097,284
2025-02-25 13:25:00,2.21099,2.21111,2.21064,2.21071,289
2025-02-25 13:30:00,2.21071,2.21133,2.2106500000000002,2.21066,308
2025-02-25 13:35:00,2.21061,2.21136,2.21056,2.21066,403
2025-02-25 13:40:00,2.21064,2.2108,2.20964,2.20965,398
2025-02-25 13:45:00,2.20964,2.20995,2.20938,2.20953,258
2025-02-25 13:50:00,2.20954,2.21039,2.20939,2.21037,340
2025-02-25 13:55:00,2.21039,2.2114,2.21034,2.21117,422
2025-02-25 14:00:00,2.2112,2.21154,2.21072,2.21105,465
2025-02-25 14:05:00,2.21107,2.21119,2.21067,2.21102,386
2025-02-25 14:10:00,2.21101,2.21154,2.21071,2.21073,399
2025-02-25 14:15:00,2.21064,2.21118,2.21062,2.21082,385
2025-02-25 14:20:00,2.21083,2.21147,2.2107,2.2113,417
2025-02-25 14:25:00,2.21127,2.21154,2.21082,2.21087,395
2025-02-25 14:30:00,2.21089,2.21159,2.21089,2.21139,401
2025-02-25 14:35:00,2.2114,2.21179,2.2112,2.21159,340
2025-02-25 14:40:00,2.21159,2.21197,2.21157,2.21164,389
2025-02-25 14:45:00,2.21165,2.21171,2.21096,2.21162,413
2025-02-25 14:50:00,2.21165,2.21174,2.21117,2.21122,313
2025-02-25 14:55:00,2.21118,2.2118700000000002,2.21114,2.21179,362
2025-02-25 15:00:00,2.21178,2.21191,2.21117,2.21166,480
2025-02-25 15:05:00,2.2117,2.21201,2.21113,2.2115299999999998,431
2025-02-25 15:10:00,2.21152,2.21197,2.21138,2.21185,415
2025-02-25 15:15:00,2.21186,2.21207,2.21155,2.21203,420
2025-02-25 15:20:00,2.21201,2.21223,2.21147,2.21218,432
2025-02-25 15:25:00,2.21218,2.21246,2.21193,2.21206,375
2025-02-25 15:30:00,2.21206,2.21267,2.21169,2.21254,572
2025-02-25 15:35:00,2.21251,2.21274,2.21217,2.21217,454
2025-02-25 15:40:00,2.21218,2.2130900000000002,2.21218,2.21282,440
2025-02-25 15:45:00,2.21281,2.21282,2.21169,2.21169,441
2025-02-25 15:50:00,2.21174,2.21198,2.21148,2.21174,422
2025-02-25 15:55:00,2.21173,2.21246,2.21146,2.21236,361
2025-02-25 16:00:00,2.21239,2.21256,2.21169,2.21225,516
2025-02-25 16:05:00,2.21232,2.21238,2.21185,2.2123,499
2025-02-25 16:10:00,2.21229,2.2124,2.21174,2.2121,441
2025-02-25 16:15:00,2.21218,2.21218,2.21127,2.21157,407
2025-02-25 16:20:00,2.21159,2.21201,2.21133,2.21165,380
2025-02-25 16:25:00,2.21163,2.21223,2.21151,2.21218,442
2025-02-25 16:30:00,2.2122,2.21279,2.21218,2.21251,508
2025-02-25 16:35:00,2.21252,2.21301,2.21236,2.21291,552
2025-02-25 16:40:00,2.21294,2.21299,2.21218,2.21255,547
2025-02-25 16:45:00,2.21252,2.21267,2.2119,2.21211,510
2025-02-25 16:50:00,2.2121,2.21251,2.21196,2.21247,534
2025-02-25 16:55:00,2.21243,2.213,2.21231,2.21274,376
2025-02-25 17:00:00,2.21284,2.21379,2.2124800000000002,2.2137000000000002,624
2025-02-25 17:05:00,2.21368,2.21454,2.21335,2.2145,656
2025-02-25 17:10:00,2.21445,2.21472,2.21421,2.21456,636
2025-02-25 17:15:00,2.21456,2.21501,2.21387,2.2149,650
2025-02-25 17:20:00,2.21488,2.2164,2.21473,2.21632,602
2025-02-25 17:25:00,2.21633,2.21657,2.21585,2.21612,632
2025-02-25 17:30:00,2.21609,2.21676,2.21575,2.2163,569
2025-02-25 17:35:00,2.21627,2.2163,2.21507,2.21546,595
2025-02-25 17:40:00,2.21543,2.21588,2.2152,2.2153,651
2025-02-25 17:45:00,2.21533,2.21539,2.21454,2.21468,578
2025-02-25 17:50:00,2.2146,2.21462,2.2137000000000002,2.21405,575
2025-02-25 17:55:00,2.21413,2.21417,2.21324,2.21389,687
2025-02-25 18:00:00,2.2139,2.21423,2.21281,2.21316,582
2025-02-25 18:05:00,2.21314,2.21419,2.21314,2.21396,542
2025-02-25 18:10:00,2.2139,2.21401,2.21363,2.21391,519
2025-02-25 18:15:00,2.214,2.21409,2.21332,2.21356,514
2025-02-25 18:20:00,2.21356,2.21401,2.21346,2.21364,469
2025-02-25 18:25:00,2.21362,2.21401,2.21337,2.21401,429
2025-02-25 18:30:00,2.21405,2.21409,2.21346,2.21391,539
2025-02-25 18:35:00,2.2139,2.21418,2.21373,2.21387,484
2025-02-25 18:40:00,2.21389,2.21403,2.21343,2.21365,481
2025-02-25 18:45:00,2.21367,2.21369,2.21331,2.21346,484
2025-02-25 18:50:00,2.21349,2.21393,2.21346,2.21358,449
2025-02-25 18:55:00,2.21351,2.21367,2.2131,2.2133599999999998,508
2025-02-25 19:00:00,2.21327,2.21384,2.2131,2.21371,503
2025-02-25 19:05:00,2.21378,2.21384,2.2133599999999998,2.2138,411
2025-02-25 19:10:00,2.21382,2.21442,2.21373,2.21435,475
2025-02-25 19:15:00,2.21436,2.21501,2.21427,2.21468,394
2025-02-25 19:20:00,2.21463,2.21535,2.21456,2.2152,457
2025-02-25 19:25:00,2.21521,2.21564,2.21477,2.21552,425
2025-02-25 19:30:00,2.21549,2.2157999999999998,2.21505,2.21572,390
2025-02-25 19:35:00,2.2157,2.216,2.21517,2.2151899999999998,332
2025-02-25 19:40:00,2.21521,2.2153,2.21462,2.21466,361
2025-02-25 19:45:00,2.21473,2.21486,2.21432,2.21477,322
2025-02-25 19:50:00,2.2148,2.21489,2.21457,2.21481,338
2025-02-25 19:55:00,2.21481,2.2151899999999998,2.21469,2.21511,363
2025-02-25 20:00:00,2.21508,2.2152,2.21457,2.21476,421
2025-02-25 20:05:00,2.21469,2.21495,2.21426,2.2143,359
2025-02-25 20:10:00,2.21428,2.2147,2.21417,2.21465,350
2025-02-25 20:15:00,2.21465,2.21485,2.21448,2.21469,340
2025-02-25 20:20:00,2.21466,2.2151,2.21465,2.2151,309
2025-02-25 20:25:00,2.21501,2.21509,2.21482,2.2149,312
2025-02-25 20:30:00,2.21489,2.215,2.21434,2.21449,326
2025-02-25 20:35:00,2.21445,2.21511,2.21432,2.21494,444
2025-02-25 20:40:00,2.21495,2.21501,2.21433,2.21443,456
2025-02-25 20:45:00,2.21443,2.21479,2.21436,2.2145799999999998,388
2025-02-25 20:50:00,2.21461,2.21475,2.21427,2.21445,323
2025-02-25 20:55:00,2.21444,2.21457,2.2141,2.21455,399
2025-02-25 21:00:00,2.21439,2.2146,2.21378,2.21387,368
2025-02-25 21:05:00,2.21386,2.21405,2.21346,2.2138,338
2025-02-25 21:10:00,2.21379,2.21411,2.21363,2.21411,285
2025-02-25 21:15:00,2.21413,2.21422,2.21384,2.21415,360
2025-02-25 21:20:00,2.21414,2.21453,2.21414,2.21434,343
2025-02-25 21:25:00,2.21434,2.21438,2.21381,2.21408,304
2025-02-25 21:30:00,2.21407,2.2141,2.21359,2.21396,373
2025-02-25 21:35:00,2.2139699999999998,2.21419,2.21372,2.21381,288
2025-02-25 21:40:00,2.2138,2.2141,2.21372,2.21404,304
2025-02-25 21:45:00,2.21403,2.21433,2.21391,2.21394,370
2025-02-25 21:50:00,2.21395,2.21411,2.21372,2.21394,307
2025-02-25 21:55:00,2.21393,2.21466,2.2139,2.21445,385
2025-02-25 22:00:00,2.2145,2.2147,2.21425,2.21433,317
2025-02-25 22:05:00,2.21434,2.2147,2.21428,2.21436,327
2025-02-25 22:10:00,2.21439,2.21452,2.21424,2.21435,371
2025-02-25 22:15:00,2.21436,2.21474,2.21433,2.21453,317
2025-02-25 22:20:00,2.21452,2.21463,2.21425,2.21429,294
2025-02-25 22:25:00,2.21429,2.21439,2.21393,2.21405,365
2025-02-25 22:30:00,2.21402,2.21426,2.21384,2.21386,293
2025-02-25 22:35:00,2.21386,2.21414,2.21383,2.21404,328
2025-02-25 22:40:00,2.21405,2.21442,2.21386,2.21399,354
2025-02-25 22:45:00,2.21396,2.21405,2.21362,2.21381,285
2025-02-25 22:50:00,2.21381,2.21393,2.21357,2.21374,324
2025-02-25 22:55:00,2.21372,2.21409,2.21364,2.21386,349
2025-02-25 23:00:00,2.21334,2.21338,2.21273,2.21289,227
2025-02-25 23:05:00,2.2129,2.21303,2.21247,2.21266,186
2025-02-25 23:10:00,2.21268,2.21281,2.21247,2.21258,154
2025-02-25 23:15:00,2.21256,2.21257,2.21213,2.21223,203
2025-02-25 23:20:00,2.21224,2.2124,2.21224,2.21225,110
2025-02-25 23:25:00,2.21229,2.21255,2.21222,2.2124800000000002,159
2025-02-25 23:30:00,2.2125,2.2125,2.2121399999999998,2.2124,163
2025-02-25 23:35:00,2.21238,2.21239,2.212,2.21206,162
2025-02-25 23:40:00,2.21207,2.21219,2.21181,2.21184,121
2025-02-25 23:45:00,2.2118700000000002,2.212,2.21155,2.21174,119
2025-02-25 23:50:00,2.21173,2.21184,2.2111,2.21125,266
2025-02-25 23:55:00,2.21167,2.21223,2.21059,2.21169,294
2025-02-26 00:00:00,2.21122,2.21201,2.20968,2.21201,26
2025-02-26 00:05:00,2.21201,2.21201,2.21122,2.21171,49
2025-02-26 00:10:00,2.21211,2.21241,2.2117,2.21181,34
2025-02-26 00:15:00,2.21181,2.21254,2.21163,2.21171,89
2025-02-26 00:20:00,2.2117,2.21189,2.21162,2.21173,63
2025-02-26 00:25:00,2.21194,2.21194,2.21114,2.21142,95
2025-02-26 00:30:00,2.2114,2.21161,2.2102,2.21138,43
2025-02-26 00:35:00,2.21136,2.21152,2.21038,2.21047,114
2025-02-26 00:40:00,2.21055,2.21114,2.21032,2.21034,86
2025-02-26 00:45:00,2.21045,2.21163,2.21032,2.21155,167
2025-02-26 00:50:00,2.21157,2.21157,2.21048,2.21146,143
2025-02-26 00:55:00,2.21141,2.21201,2.21084,2.211,102
2025-02-26 01:00:00,2.21158,2.21245,2.21155,2.21174,307
2025-02-26 01:05:00,2.21173,2.21177,2.21135,2.21147,95
2025-02-26 01:10:00,2.21148,2.2115299999999998,2.21082,2.21113,173
2025-02-26 01:15:00,2.21112,2.21123,2.21099,2.21103,171
2025-02-26 01:20:00,2.21105,2.21137,2.21086,2.21103,160
2025-02-26 01:25:00,2.21102,2.21103,2.21066,2.21068,137
2025-02-26 01:30:00,2.21069,2.21137,2.21066,2.21071,201
2025-02-26 01:35:00,2.21071,2.2112,2.21071,2.21096,214
2025-02-26 01:40:00,2.21096,2.21124,2.21074,2.21124,167
2025-02-26 01:45:00,2.21122,2.21142,2.2107,2.21091,188
2025-02-26 01:50:00,2.2109,2.21149,2.2109,2.21143,199
2025-02-26 01:55:00,2.21142,2.21151,2.21103,2.21118,203
2025-02-26 02:00:00,2.21119,2.21159,2.21099,2.21158,208
2025-02-26 02:05:00,2.21157,2.21189,2.21136,2.21178,239
2025-02-26 02:10:00,2.21179,2.21219,2.2113,2.21135,209
2025-02-26 02:15:00,2.21136,2.21154,2.21096,2.21124,226
2025-02-26 02:20:00,2.21124,2.21185,2.21112,2.21183,223
2025-02-26 02:25:00,2.21183,2.21189,2.2114,2.21159,169
2025-02-26 02:30:00,2.21163,2.21231,2.21115,2.21226,269
2025-02-26 02:35:00,2.21227,2.21227,2.2113,2.21141,217
2025-02-26 02:40:00,2.21147,2.21195,2.21122,2.21195,254
2025-02-26 02:45:00,2.21196,2.21228,2.2117,2.21219,256
2025-02-26 02:50:00,2.21217,2.21339,2.21215,2.21337,293
2025-02-26 02:55:00,2.21331,2.21379,2.21306,2.21374,301
2025-02-26 03:00:00,2.21368,2.21379,2.2131,2.21312,412
2025-02-26 03:05:00,2.21308,2.21412,2.21299,2.21378,358
2025-02-26 03:10:00,2.21382,2.21447,2.21371,2.21437,369
2025-02-26 03:15:00,2.21434,2.21474,2.21432,2.21454,328
2025-02-26 03:20:00,2.21455,2.21499,2.21445,2.21485,333
2025-02-26 03:25:00,2.21483,2.21514,2.21467,2.21483,352
2025-02-26 03:30:00,2.21485,2.21591,2.21471,2.21575,524
2025-02-26 03:35:00,2.21575,2.21593,2.21532,2.21555,425
2025-02-26 03:40:00,2.21556,2.21574,2.21532,2.21541,369
2025-02-26 03:45:00,2.21541,2.21571,2.21507,2.21543,417
2025-02-26 03:50:00,2.21542,2.21574,2.21504,2.21524,395
2025-02-26 03:55:00,2.21523,2.21529,2.21472,2.21472,405
2025-02-26 04:00:00,2.21471,2.21483,2.21399,2.2147,392
2025-02-26 04:05:00,2.21468,2.21487,2.21443,2.2146,462
2025-02-26 04:10:00,2.2145799999999998,2.21464,2.21372,2.21377,341
2025-02-26 04:15:00,2.21379,2.21387,2.21318,2.21321,294
2025-02-26 04:20:00,2.21322,2.2133,2.21304,2.21326,278
2025-02-26 04:25:00,2.21319,2.21354,2.21312,2.21333,279
2025-02-26 04:30:00,2.21338,2.21366,2.21304,2.2130900000000002,346
2025-02-26 04:35:00,2.2130900000000002,2.21396,2.21302,2.2135,333
2025-02-26 04:40:00,2.21352,2.2151,2.21347,2.21502,378
2025-02-26 04:45:00,2.21503,2.21529,2.21472,2.21501,353
2025-02-26 04:50:00,2.21498,2.21566,2.21385,2.21423,365
2025-02-26 04:55:00,2.21432,2.21435,2.21376,2.21433,301
2025-02-26 05:00:00,2.2143,2.2143,2.21376,2.21392,347
2025-02-26 05:05:00,2.21392,2.2144,2.2137000000000002,2.2138,319
2025-02-26 05:10:00,2.21377,2.21399,2.21348,2.21389,318
2025-02-26 05:15:00,2.2139,2.21444,2.21385,2.21413,247
2025-02-26 05:20:00,2.21413,2.21421,2.21362,2.21381,295
2025-02-26 05:25:00,2.21375,2.21425,2.21369,2.21411,353
2025-02-26 05:30:00,2.21413,2.21419,2.2136,2.21416,293
2025-02-26 05:35:00,2.21413,2.21427,2.21389,2.21422,292
2025-02-26 05:40:00,2.21419,2.21461,2.21368,2.21402,310
2025-02-26 05:45:00,2.21403,2.21463,2.21401,2.21449,297
2025-02-26 05:50:00,2.21447,2.21469,2.21415,2.21461,229
2025-02-26 05:55:00,2.21462,2.21469,2.21424,2.21448,235
2025-02-26 06:00:00,2.21445,2.21451,2.21401,2.21413,223
2025-02-26 06:05:00,2.21414,2.21415,2.21335,2.21347,152
2025-02-26 06:10:00,2.21348,2.21384,2.21335,2.21383,222
2025-02-26 06:15:00,2.21384,2.21386,2.21354,2.21363,190
2025-02-26 06:20:00,2.21361,2.21369,2.21316,2.21317,181
2025-02-26 06:25:00,2.21318,2.21329,2.21287,2.21287,172
2025-02-26 06:30:00,2.21288,2.21319,2.21274,2.21316,133
2025-02-26 06:35:00,2.21315,2.21438,2.21315,2.21438,178
2025-02-26 06:40:00,2.21438,2.21443,2.21371,2.21403,221
2025-02-26 06:45:00,2.21405,2.21415,2.21329,2.21338,203
2025-02-26 06:50:00,2.21338,2.21367,2.21297,2.21321,233
2025-02-26 06:55:00,2.21319,2.2133,2.21303,2.21315,230
2025-02-26 07:00:00,2.21317,2.21322,2.21284,2.21293,255
2025-02-26 07:05:00,2.21296,2.21305,2.21274,2.21288,320
2025-02-26 07:10:00,2.21282,2.21325,2.21279,2.21301,254
2025-02-26 07:15:00,2.21303,2.21326,2.21284,2.21285,242
2025-02-26 07:20:00,2.21295,2.2132,2.2128,2.21307,240
2025-02-26 07:25:00,2.21315,2.21344,2.21296,2.21312,285
2025-02-26 07:30:00,2.21311,2.21388,2.21307,2.21379,290
2025-02-26 07:35:00,2.21376,2.21417,2.21359,2.21393,267
2025-02-26 07:40:00,2.21393,2.21395,2.21342,2.21376,267
2025-02-26 07:45:00,2.21372,2.21406,2.2136,2.21362,259
2025-02-26 07:50:00,2.21363,2.2138,2.2134,2.21358,259
2025-02-26 07:55:00,2.21361,2.21414,2.21355,2.21398,301
2025-02-26 08:00:00,2.21406,2.2147,2.21406,2.21457,289
2025-02-26 08:05:00,2.2146,2.21502,2.21449,2.21452,225
2025-02-26 08:10:00,2.2145,2.21465,2.21416,2.21424,276
2025-02-26 08:15:00,2.21417,2.21443,2.21404,2.21418,288
2025-02-26 08:20:00,2.21418,2.2142,2.21362,2.21411,246
2025-02-26 08:25:00,2.21413,2.21435,2.21382,2.2141,260
2025-02-26 08:30:00,2.21414,2.21456,2.21396,2.21444,290
2025-02-26 08:35:00,2.21446,2.21474,2.21435,2.21464,286
2025-02-26 08:40:00,2.21462,2.21488,2.21436,2.21462,256
2025-02-26 08:45:00,2.21462,2.21465,2.21432,2.2146,257
2025-02-26 08:50:00,2.2145,2.21494,2.2139699999999998,2.21486,365
2025-02-26 08:55:00,2.21484,2.21497,2.21443,2.21465,338
2025-02-26 09:00:00,2.21459,2.21463,2.2138,2.21392,382
2025-02-26 09:05:00,2.21389,2.21453,2.21387,2.21429,464
2025-02-26 09:10:00,2.21428,2.21428,2.21385,2.21404,365
2025-02-26 09:15:00,2.21403,2.21423,2.21381,2.21401,335
2025-02-26 09:20:00,2.21404,2.21413,2.21345,2.21347,388
2025-02-26 09:25:00,2.21347,2.21441,2.21269,2.2130900000000002,509
2025-02-26 09:30:00,2.213,2.21415,2.21286,2.21396,522
2025-02-26 09:35:00,2.21396,2.21433,2.2137000000000002,2.21403,503
2025-02-26 09:40:00,2.21411,2.21421,2.21353,2.21396,417
2025-02-26 09:45:00,2.21396,2.21473,2.21392,2.21433,383
2025-02-26 09:50:00,2.2143,2.21498,2.2143,2.21498,409
2025-02-26 09:55:00,2.21501,2.21537,2.21479,2.21525,440
2025-02-26 10:00:00,2.21524,2.21593,2.21509,2.21575,521
2025-02-26 10:05:00,2.21576,2.2165,2.21567,2.21628,444
2025-02-26 10:10:00,2.21629,2.21654,2.21578,2.21625,439
2025-02-26 10:15:00,2.21624,2.21656,2.21606,2.21636,394
2025-02-26 10:20:00,2.21638,2.21652,2.21615,2.21637,402
2025-02-26 10:25:00,2.21636,2.21643,2.21583,2.21606,417
2025-02-26 10:30:00,2.21608,2.21609,2.21554,2.21591,428
2025-02-26 10:35:00,2.21587,2.21634,2.21553,2.21566,388
2025-02-26 10:40:00,2.21567,2.21575,2.21483,2.21485,400
2025-02-26 10:45:00,2.2148,2.21503,2.2144,2.21482,467
2025-02-26 10:50:00,2.21479,2.21498,2.21419,2.2143,376
2025-02-26 10:55:00,2.2143,2.21501,2.21413,2.21467,387
2025-02-26 11:00:00,2.21452,2.21508,2.21451,2.21497,365
2025-02-26 11:05:00,2.21486,2.21593,2.21477,2.21554,381
2025-02-26 11:10:00,2.21556,2.2157,2.2152,2.21563,396
2025-02-26 11:15:00,2.21561,2.21588,2.21518,2.21569,371
2025-02-26 11:20:00,2.21574,2.2168200000000002,2.21567,2.21672,342
2025-02-26 11:25:00,2.2167,2.2172,2.21667,2.21701,404
2025-02-26 11:30:00,2.21699,2.21726,2.21666,2.21683,370
2025-02-26 11:35:00,2.2168200000000002,2.217,2.2165,2.21665,345
2025-02-26 11:40:00,2.21663,2.21672,2.21611,2.21629,306
2025-02-26 11:45:00,2.2163,2.21692,2.21599,2.21691,300
2025-02-26 11:50:00,2.21693,2.21724,2.21684,2.2170199999999998,319
2025-02-26 11:55:00,2.21701,2.21747,2.21698,2.21745,342
2025-02-26 12:00:00,2.2174300000000002,2.21771,2.21703,2.21756,351
2025-02-26 12:05:00,2.21759,2.21767,2.21738,2.21753,351
2025-02-26 12:10:00,2.21747,2.21783,2.21709,2.21719,353
2025-02-26 12:15:00,2.21715,2.21738,2.2168,2.21692,317
2025-02-26 12:20:00,2.21691,2.21701,2.21627,2.2164,339
2025-02-26 12:25:00,2.21639,2.21666,2.21613,2.21617,310
2025-02-26 12:30:00,2.21614,2.2173,2.21598,2.21728,337
2025-02-26 12:35:00,2.21725,2.21815,2.21707,2.21768,352
2025-02-26 12:40:00,2.2177,2.21796,2.21678,2.21706,324
2025-02-26 12:45:00,2.21704,2.21806,2.21694,2.21798,264
2025-02-26 12:50:00,2.218,2.21823,2.2176,2.2181,323
2025-02-26 12:55:00,2.21811,2.21813,2.21761,2.21789,298
2025-02-26 13:00:00,2.21793,2.21938,2.21789,2.21901,384
2025-02-26 13:05:00,2.21901,2.21933,2.21879,2.21913,276
2025-02-26 13:10:00,2.21917,2.21953,2.21895,2.21948,291
2025-02-26 13:15:00,2.21948,2.21955,2.21879,2.21949,295
2025-02-26 13:20:00,2.21948,2.21961,2.21903,2.2196,298
2025-02-26 13:25:00,2.21957,2.21974,2.21938,2.21954,273
2025-02-26 13:30:00,2.21955,2.2196,2.21907,2.2194,236
2025-02-26 13:35:00,2.21939,2.22019,2.21934,2.22011,334
2025-02-26 13:40:00,2.22012,2.22053,2.2201,2.22043,227
2025-02-26 13:45:00,2.22044,2.22079,2.22026,2.22054,227
2025-02-26 13:50:00,2.22053,2.22067,2.21965,2.21981,364
2025-02-26 13:55:00,2.2198700000000002,2.2202,2.21961,2.22017,329
2025-02-26 14:00:00,2.22018,2.22145,2.22017,2.22096,310
2025-02-26 14:05:00,2.22095,2.22132,2.2206799999999998,2.22084,287
2025-02-26 14:10:00,2.22078,2.22161,2.22053,2.22148,326
2025-02-26 14:15:00,2.22148,2.22185,2.22069,2.22101,339
2025-02-26 14:20:00,2.22099,2.22133,2.22094,2.22108,330
2025-02-26 14:25:00,2.22106,2.22128,2.22093,2.2210900000000002,287
2025-02-26 14:30:00,2.22111,2.22128,2.2207,2.22076,281
2025-02-26 14:35:00,2.22078,2.2216,2.22072,2.22154,323
2025-02-26 14:40:00,2.22153,2.22183,2.22146,2.22168,259
2025-02-26 14:45:00,2.22167,2.22167,2.22102,2.22143,357
2025-02-26 14:50:00,2.22141,2.22235,2.2210900000000002,2.22202,497
2025-02-26 14:55:00,2.22204,2.22236,2.22155,2.22195,388
2025-02-26 15:00:00,2.222,2.22264,2.22179,2.22235,440
2025-02-26 15:05:00,2.22232,2.22246,2.22203,2.22226,383
2025-02-26 15:10:00,2.22233,2.22275,2.22192,2.22195,412
2025-02-26 15:15:00,2.22195,2.22281,2.22124,2.22124,404
2025-02-26 15:20:00,2.22125,2.22217,2.22125,2.22151,467
2025-02-26 15:25:00,2.22149,2.22186,2.22144,2.2218,428
2025-02-26 15:30:00,2.22183,2.22337,2.22137,2.22311,404
2025-02-26 15:35:00,2.22303,2.22363,2.22299,2.22338,347
2025-02-26 15:40:00,2.22334,2.22336,2.22242,2.2225,367
2025-02-26 15:45:00,2.22249,2.22282,2.22164,2.2227,443
2025-02-26 15:50:00,2.22267,2.22324,2.2226,2.22318,407
2025-02-26 15:55:00,2.22317,2.2232,2.2224,2.22276,470
2025-02-26 16:00:00,2.22267,2.22347,2.22254,2.22338,527
2025-02-26 16:05:00,2.22339,2.22341,2.22269,2.22309,499
2025-02-26 16:10:00,2.22313,2.2236,2.22299,2.22322,472
2025-02-26 16:15:00,2.22324,2.22443,2.2232,2.22404,507
2025-02-26 16:20:00,2.22405,2.22432,2.22383,2.22409,456
2025-02-26 16:25:00,2.22411,2.22432,2.22367,2.22375,443
2025-02-26 16:30:00,2.22374,2.22399,2.22346,2.22373,511
2025-02-26 16:35:00,2.22372,2.22428,2.22349,2.22374,510
2025-02-26 16:40:00,2.22372,2.22407,2.22368,2.22392,517
2025-02-26 16:45:00,2.22391,2.22409,2.22312,2.22342,485
2025-02-26 16:50:00,2.22344,2.22381,2.22327,2.22348,482
2025-02-26 16:55:00,2.22349,2.22423,2.22349,2.22354,496
2025-02-26 17:00:00,2.22357,2.22388,2.22336,2.22381,623
2025-02-26 17:05:00,2.2237999999999998,2.22415,2.22338,2.22381,519
2025-02-26 17:10:00,2.22379,2.22399,2.2231,2.22395,509
2025-02-26 17:15:00,2.22396,2.22432,2.22383,2.22402,467
2025-02-26 17:20:00,2.22403,2.22455,2.22364,2.22381,501
2025-02-26 17:25:00,2.22382,2.22472,2.22372,2.22445,603
2025-02-26 17:30:00,2.22446,2.22581,2.22446,2.22554,611
2025-02-26 17:35:00,2.22546,2.22587,2.2244099999999998,2.22456,515
2025-02-26 17:40:00,2.22454,2.22478,2.22392,2.22442,504
2025-02-26 17:45:00,2.22444,2.22471,2.22381,2.22427,521
2025-02-26 17:50:00,2.22425,2.22567,2.22401,2.22548,622
2025-02-26 17:55:00,2.22545,2.22602,2.2251,2.22529,683
2025-02-26 18:00:00,2.22522,2.22551,2.22418,2.22438,612
2025-02-26 18:05:00,2.22433,2.22506,2.22424,2.22467,502
2025-02-26 18:10:00,2.22469,2.22562,2.22415,2.22436,522
2025-02-26 18:15:00,2.22437,2.22474,2.2241,2.22429,564
2025-02-26 18:20:00,2.2243,2.22478,2.22374,2.22385,464
2025-02-26 18:25:00,2.22386,2.22415,2.22368,2.22398,407
2025-02-26 18:30:00,2.22399,2.22402,2.22357,2.22389,426
2025-02-26 18:35:00,2.22389,2.22428,2.22363,2.22364,420
2025-02-26 18:40:00,2.22366,2.22389,2.22356,2.22367,426
2025-02-26 18:45:00,2.22377,2.22412,2.22364,2.22381,371
2025-02-26 18:50:00,2.22386,2.22389,2.22289,2.22325,354
2025-02-26 18:55:00,2.22328,2.22346,2.22303,2.22317,412
2025-02-26 19:00:00,2.2231,2.2235,2.22269,2.22284,491
2025-02-26 19:05:00,2.22283,2.22331,2.22268,2.22308,325
2025-02-26 19:10:00,2.22311,2.22349,2.22304,2.22334,303
2025-02-26 19:15:00,2.22334,2.2242,2.22301,2.22358,472
2025-02-26 19:20:00,2.22356,2.2236,2.22309,2.22323,570
2025-02-26 19:25:00,2.2231899999999998,2.22371,2.22236,2.2227,645
2025-02-26 19:30:00,2.22264,2.22287,2.22213,2.22269,857
2025-02-26 19:35:00,2.22267,2.22357,2.22259,2.22355,670
2025-02-26 19:40:00,2.22358,2.22373,2.2223,2.22259,626
2025-02-26 19:45:00,2.2226,2.2226,2.22179,2.2223,506
2025-02-26 19:50:00,2.22228,2.2231899999999998,2.222,2.22307,530
2025-02-26 19:55:00,2.22305,2.22363,2.2222,2.22349,497
2025-02-26 20:00:00,2.22384,2.22384,2.22283,2.2231899999999998,556
2025-02-26 20:05:00,2.22323,2.22386,2.22311,2.2235,460
2025-02-26 20:10:00,2.22348,2.2237999999999998,2.22311,2.2231899999999998,455
2025-02-26 20:15:00,2.22322,2.22362,2.22299,2.22307,478
2025-02-26 20:20:00,2.22308,2.22344,2.22294,2.2231,393
2025-02-26 20:25:00,2.22314,2.22371,2.22303,2.2237,450
2025-02-26 20:30:00,2.22369,2.22412,2.22355,2.22391,452
2025-02-26 20:35:00,2.2239,2.22472,2.22386,2.22452,364
2025-02-26 20:40:00,2.22462,2.22497,2.22435,2.22461,415
2025-02-26 20:45:00,2.22459,2.22511,2.22419,2.2250199999999998,379
2025-02-26 20:50:00,2.2250199999999998,2.22524,2.2248,2.22494,404
2025-02-26 20:55:00,2.22503,2.22516,2.22455,2.2246,421
2025-02-26 21:00:00,2.22464,2.22489,2.22445,2.22457,509
2025-02-26 21:05:00,2.22453,2.22527,2.22439,2.22526,475
2025-02-26 21:10:00,2.22522,2.22552,2.22447,2.22448,409
2025-02-26 21:15:00,2.22451,2.22486,2.22425,2.22467,408
2025-02-26 21:20:00,2.22468,2.22495,2.22433,2.22451,413
2025-02-26 21:25:00,2.2245,2.22456,2.22412,2.22443,419
2025-02-26 21:30:00,2.22438,2.2247,2.2241400000000002,2.22425,388
2025-02-26 21:35:00,2.22423,2.2246,2.22419,2.22435,355
2025-02-26 21:40:00,2.22436,2.22466,2.22424,2.22434,336
2025-02-26 21:45:00,2.22438,2.22474,2.22427,2.22467,273
2025-02-26 21:50:00,2.22466,2.22504,2.22459,2.22476,332
2025-02-26 21:55:00,2.22469,2.22522,2.22445,2.22514,406
2025-02-26 22:00:00,2.22516,2.22586,2.22512,2.22576,393
2025-02-26 22:05:00,2.22577,2.22583,2.2253600000000002,2.22547,298
2025-02-26 22:10:00,2.2255,2.22579,2.22541,2.22578,310
2025-02-26 22:15:00,2.22585,2.22598,2.22559,2.22583,307
2025-02-26 22:20:00,2.22584,2.22608,2.22565,2.22592,252
2025-02-26 22:25:00,2.2259,2.22608,2.22566,2.22594,313
2025-02-26 22:30:00,2.22596,2.22618,2.22549,2.22565,235
2025-02-26 22:35:00,2.22562,2.22585,2.22548,2.22581,216
2025-02-26 22:40:00,2.2258,2.22596,2.22551,2.22571,206
2025-02-26 22:45:00,2.22573,2.22595,2.22544,2.22586,287
2025-02-26 22:50:00,2.22587,2.22596,2.22566,2.22586,279
2025-02-26 22:55:00,2.22586,2.22596,2.22545,2.22561,282
2025-02-26 23:00:00,2.22505,2.22533,2.2248,2.22498,305
2025-02-26 23:05:00,2.225,2.22541,2.22494,2.22495,165
2025-02-26 23:10:00,2.225,2.22523,2.22498,2.22513,168
2025-02-26 23:15:00,2.22512,2.22528,2.22497,2.22509,163
2025-02-26 23:20:00,2.2251,2.22593,2.2251,2.22535,407
2025-02-26 23:25:00,2.22534,2.22626,2.22525,2.22562,352
2025-02-26 23:30:00,2.22565,2.22565,2.22527,2.2253600000000002,269
2025-02-26 23:35:00,2.22538,2.2255,2.22522,2.2254,148
2025-02-26 23:40:00,2.22538,2.22551,2.22527,2.22544,175
2025-02-26 23:45:00,2.22543,2.22544,2.22493,2.22503,177
2025-02-26 23:50:00,2.22504,2.22527,2.22493,2.22521,322
2025-02-26 23:55:00,2.22541,2.22574,2.22485,2.22514,494
2025-02-27 00:00:00,2.22569,2.22589,2.22176,2.22176,33
2025-02-27 00:05:00,2.22311,2.22497,2.22311,2.22367,35
2025-02-27 00:10:00,2.22367,2.22391,2.22251,2.22261,24
2025-02-27 00:15:00,2.22308,2.22366,2.22274,2.22366,74
2025-02-27 00:20:00,2.22362,2.22385,2.22283,2.22329,60
2025-02-27 00:25:00,2.22326,2.22433,2.22272,2.22272,33
2025-02-27 00:30:00,2.22274,2.22307,2.22246,2.22307,73
2025-02-27 00:35:00,2.22303,2.22495,2.2223100000000002,2.22471,75
2025-02-27 00:40:00,2.2247,2.22521,2.22421,2.22457,68
2025-02-27 00:45:00,2.22457,2.22484,2.22415,2.22423,64
2025-02-27 00:50:00,2.22418,2.22462,2.2239,2.22413,70
2025-02-27 00:55:00,2.2241,2.2254,2.22403,2.2254,114
2025-02-27 01:00:00,2.22557,2.22612,2.22497,2.22517,132
2025-02-27 01:05:00,2.22518,2.22522,2.22474,2.22488,57
2025-02-27 01:10:00,2.22491,2.22517,2.22466,2.2251,144
2025-02-27 01:15:00,2.22511,2.22519,2.22479,2.22491,106
2025-02-27 01:20:00,2.22491,2.22523,2.22455,2.22518,203
2025-02-27 01:25:00,2.22514,2.22514,2.22468,2.22468,208
2025-02-27 01:30:00,2.22467,2.22477,2.2243,2.22434,168
2025-02-27 01:35:00,2.22432,2.22465,2.2242,2.22465,234
2025-02-27 01:40:00,2.22464,2.22471,2.22425,2.22427,183
2025-02-27 01:45:00,2.22426,2.22488,2.22418,2.22488,209
2025-02-27 01:50:00,2.22487,2.22489,2.2246,2.22467,228
2025-02-27 01:55:00,2.2247,2.22501,2.22466,2.225,165
2025-02-27 02:00:00,2.22499,2.22588,2.22496,2.22583,371
2025-02-27 02:05:00,2.22585,2.22591,2.22482,2.22494,313
2025-02-27 02:10:00,2.22493,2.22549,2.22487,2.22535,242
2025-02-27 02:15:00,2.2253600000000002,2.2254,2.22461,2.22481,247
2025-02-27 02:20:00,2.2248,2.22511,2.22465,2.22492,292
2025-02-27 02:25:00,2.22491,2.22497,2.22456,2.22466,211
2025-02-27 02:30:00,2.22469,2.22519,2.22451,2.22488,242
2025-02-27 02:35:00,2.22488,2.22519,2.22469,2.22471,287
2025-02-27 02:40:00,2.22472,2.22476,2.22375,2.22405,235
2025-02-27 02:45:00,2.22397,2.22423,2.22366,2.22374,264
2025-02-27 02:50:00,2.22371,2.22451,2.22346,2.2239,374
2025-02-27 02:55:00,2.22394,2.22437,2.22385,2.2241,321
2025-02-27 03:00:00,2.22409,2.22448,2.22397,2.22446,435
2025-02-27 03:05:00,2.22443,2.22465,2.22415,2.22442,353
2025-02-27 03:10:00,2.22443,2.22448,2.22373,2.22389,313
2025-02-27 03:15:00,2.22388,2.22416,2.22357,2.22396,361
2025-02-27 03:20:00,2.22394,2.22431,2.22387,2.22387,284
2025-02-27 03:25:00,2.22389,2.22398,2.22359,2.22389,319
2025-02-27 03:30:00,2.22389,2.22395,2.22309,2.22327,480
2025-02-27 03:35:00,2.22326,2.22358,2.22295,2.22356,455
2025-02-27 03:40:00,2.2235300000000002,2.2239,2.22334,2.22387,355
2025-02-27 03:45:00,2.22383,2.224,2.22337,2.22367,320
2025-02-27 03:50:00,2.22369,2.22402,2.22348,2.22378,323
2025-02-27 03:55:00,2.22379,2.22411,2.22362,2.22372,426
2025-02-27 04:00:00,2.22372,2.22382,2.22334,2.22375,389
2025-02-27 04:05:00,2.22378,2.22427,2.22373,2.22401,413
2025-02-27 04:10:00,2.22403,2.22411,2.22361,2.22389,384
2025-02-27 04:15:00,2.22391,2.22411,2.22366,2.22405,378
2025-02-27 04:20:00,2.22412,2.22424,2.22337,2.22343,363
2025-02-27 04:25:00,2.22341,2.22373,2.22323,2.22355,352
2025-02-27 04:30:00,2.22352,2.2241,2.22343,2.224,341
2025-02-27 04:35:00,2.22399,2.22446,2.22387,2.22446,359
2025-02-27 04:40:00,2.22447,2.22451,2.22415,2.22428,348
2025-02-27 04:45:00,2.22429,2.22458,2.22409,2.22439,326
2025-02-27 04:50:00,2.22442,2.22511,2.22438,2.2250199999999998,351
2025-02-27 04:55:00,2.22503,2.22558,2.22492,2.22543,377
2025-02-27 05:00:00,2.22532,2.22549,2.22496,2.22509,355
2025-02-27 05:05:00,2.22513,2.22556,2.2251,2.22552,286
2025-02-27 05:10:00,2.22551,2.22554,2.225,2.22517,203
2025-02-27 05:15:00,2.22521,2.22544,2.22498,2.22518,293
2025-02-27 05:20:00,2.22515,2.22531,2.22503,2.22513,235
2025-02-27 05:25:00,2.22514,2.22522,2.22469,2.22476,267
2025-02-27 05:30:00,2.22468,2.22494,2.22451,2.2249,260
2025-02-27 05:35:00,2.22489,2.22555,2.22487,2.22541,270
2025-02-27 05:40:00,2.22542,2.22559,2.22526,2.22538,273
2025-02-27 05:45:00,2.22537,2.22607,2.22537,2.22594,311
2025-02-27 05:50:00,2.22585,2.2264,2.22573,2.22625,378
2025-02-27 05:55:00,2.22625,2.22671,2.22579,2.2262399999999998,372
2025-02-27 06:00:00,2.22625,2.22691,2.22606,2.22688,427
2025-02-27 06:05:00,2.2269,2.22735,2.2268,2.22728,247
2025-02-27 06:10:00,2.2273,2.22784,2.22725,2.2277,239
2025-02-27 06:15:00,2.22771,2.22779,2.22734,2.2274599999999998,220
2025-02-27 06:20:00,2.22749,2.2280699999999998,2.22743,2.22796,233
2025-02-27 06:25:00,2.22794,2.22863,2.22792,2.22855,250
2025-02-27 06:30:00,2.22863,2.2287,2.2282,2.22849,249
2025-02-27 06:35:00,2.22848,2.22853,2.22785,2.22815,296
2025-02-27 06:40:00,2.22816,2.22884,2.2280699999999998,2.22872,243
2025-02-27 06:45:00,2.22874,2.22884,2.22845,2.22853,232
2025-02-27 06:50:00,2.22854,2.22891,2.22829,2.22882,260
2025-02-27 06:55:00,2.22881,2.22913,2.22848,2.229,259
2025-02-27 07:00:00,2.22904,2.2294,2.22896,2.22921,349
2025-02-27 07:05:00,2.2292,2.22934,2.22903,2.22913,302
2025-02-27 07:10:00,2.22912,2.22951,2.22892,2.22944,263
2025-02-27 07:15:00,2.22946,2.22957,2.22925,2.22948,244
2025-02-27 07:20:00,2.22947,2.2301,2.22931,2.2295,375
2025-02-27 07:25:00,2.22951,2.22972,2.22897,2.2291,321
2025-02-27 07:30:00,2.22912,2.22922,2.22879,2.22909,290
2025-02-27 07:35:00,2.22907,2.22917,2.22849,2.22864,277
2025-02-27 07:40:00,2.22865,2.2291,2.22861,2.22866,341
2025-02-27 07:45:00,2.22867,2.22888,2.22826,2.22836,309
2025-02-27 07:50:00,2.22835,2.22848,2.22815,2.22843,358
2025-02-27 07:55:00,2.22842,2.22851,2.22804,2.22823,351
2025-02-27 08:00:00,2.22829,2.22838,2.22773,2.22834,354
2025-02-27 08:05:00,2.22836,2.22836,2.22758,2.22768,301
2025-02-27 08:10:00,2.22766,2.22782,2.22755,2.22774,281
2025-02-27 08:15:00,2.22771,2.22789,2.22734,2.22785,275
2025-02-27 08:20:00,2.22786,2.22797,2.22718,2.22724,330
2025-02-27 08:25:00,2.22726,2.22835,2.22723,2.22768,375
2025-02-27 08:30:00,2.2277,2.22804,2.22759,2.22768,393
2025-02-27 08:35:00,2.22772,2.2283,2.22768,2.22821,288
2025-02-27 08:40:00,2.22822,2.22831,2.22798,2.22816,304
2025-02-27 08:45:00,2.22808,2.22828,2.22794,2.22819,314
2025-02-27 08:50:00,2.22823,2.22837,2.2279,2.2281,331
2025-02-27 08:55:00,2.2280699999999998,2.22812,2.22771,2.22795,293
2025-02-27 09:00:00,2.22789,2.22794,2.2272,2.2272,344
2025-02-27 09:05:00,2.22726,2.22777,2.22726,2.22733,318
2025-02-27 09:10:00,2.22736,2.22849,2.22734,2.22825,370
2025-02-27 09:15:00,2.2283,2.22848,2.22734,2.2275,391
2025-02-27 09:20:00,2.22751,2.22768,2.2272,2.22752,344
2025-02-27 09:25:00,2.22754,2.22814,2.22742,2.22805,348
2025-02-27 09:30:00,2.22806,2.22806,2.22689,2.22695,347
2025-02-27 09:35:00,2.22696,2.22707,2.22663,2.22707,325
2025-02-27 09:40:00,2.227,2.22706,2.22644,2.22646,316
2025-02-27 09:45:00,2.22641,2.22662,2.22615,2.22646,327
2025-02-27 09:50:00,2.22647,2.22742,2.22636,2.22721,330
2025-02-27 09:55:00,2.22722,2.22824,2.22722,2.22811,329
2025-02-27 10:00:00,2.22822,2.22822,2.22732,2.22798,428
2025-02-27 10:05:00,2.22794,2.22831,2.22766,2.22829,387
2025-02-27 10:10:00,2.22823,2.2290200000000002,2.2282,2.22881,431
2025-02-27 10:15:00,2.2288,2.22923,2.22869,2.22906,373
2025-02-27 10:20:00,2.22908,2.22995,2.229,2.22965,401
2025-02-27 10:25:00,2.2296300000000002,2.23006,2.22923,2.22934,477
2025-02-27 10:30:00,2.22936,2.22949,2.22846,2.22899,439
2025-02-27 10:35:00,2.2290200000000002,2.22994,2.229,2.22986,394
2025-02-27 10:40:00,2.22975,2.23,2.22949,2.22949,395
2025-02-27 10:45:00,2.2295,2.22998,2.22937,2.22973,385
2025-02-27 10:50:00,2.22971,2.2301,2.22956,2.22976,409
2025-02-27 10:55:00,2.22979,2.23012,2.2290200000000002,2.22915,364
2025-02-27 11:00:00,2.22914,2.22996,2.22914,2.22973,421
2025-02-27 11:05:00,2.22967,2.23006,2.22941,2.22979,359
2025-02-27 11:10:00,2.22968,2.23006,2.2294,2.22995,326
2025-02-27 11:15:00,2.22991,2.23042,2.22974,2.23034,294
2025-02-27 11:20:00,2.23033,2.23047,2.22908,2.22944,320
2025-02-27 11:25:00,2.22942,2.22978,2.22926,2.22952,316
2025-02-27 11:30:00,2.22954,2.22981,2.22919,2.22941,288
2025-02-27 11:35:00,2.22939,2.22995,2.22904,2.22976,335
2025-02-27 11:40:00,2.22976,2.23023,2.22961,2.22964,366
2025-02-27 11:45:00,2.22962,2.22969,2.229,2.2294,310
2025-02-27 11:50:00,2.22938,2.22999,2.22928,2.2296300000000002,352
2025-02-27 11:55:00,2.2296,2.22965,2.22922,2.22946,303
2025-02-27 12:00:00,2.22939,2.22992,2.22918,2.22936,358
2025-02-27 12:05:00,2.22935,2.22978,2.2293,2.22974,366
2025-02-27 12:10:00,2.22964,2.22968,2.22889,2.22907,311
2025-02-27 12:15:00,2.22909,2.22993,2.22908,2.22988,265
2025-02-27 12:20:00,2.22991,2.22995,2.2293,2.22951,358
2025-02-27 12:25:00,2.22949,2.22989,2.22939,2.22962,326
2025-02-27 12:30:00,2.22961,2.22979,2.22944,2.22966,305
2025-02-27 12:35:00,2.22973,2.22984,2.22936,2.22967,292
2025-02-27 12:40:00,2.22969,2.23013,2.22969,2.23007,238
2025-02-27 12:45:00,2.23013,2.23015,2.22974,2.23015,273
2025-02-27 12:50:00,2.23012,2.23054,2.23006,2.23029,296
2025-02-27 12:55:00,2.23026,2.23096,2.23019,2.23077,336
2025-02-27 13:00:00,2.23078,2.23149,2.2305099999999998,2.23127,352
2025-02-27 13:05:00,2.23133,2.23135,2.23025,2.23044,322
2025-02-27 13:10:00,2.23045,2.23085,2.23025,2.2304,279
2025-02-27 13:15:00,2.2304,2.23062,2.23009,2.23018,360
2025-02-27 13:20:00,2.23016,2.23057,2.23014,2.2302,308
2025-02-27 13:25:00,2.23019,2.23069,2.22995,2.22995,315
2025-02-27 13:30:00,2.22997,2.23008,2.22951,2.2296300000000002,267
2025-02-27 13:35:00,2.22967,2.22991,2.22934,2.22939,267
2025-02-27 13:40:00,2.2294,2.22966,2.22912,2.22965,251
2025-02-27 13:45:00,2.2296300000000002,2.23048,2.22961,2.23035,277
2025-02-27 13:50:00,2.23038,2.23057,2.22983,2.22997,346
2025-02-27 13:55:00,2.23002,2.23053,2.22999,2.23012,377
2025-02-27 14:00:00,2.23017,2.23084,2.22998,2.23054,446
2025-02-27 14:05:00,2.23056,2.23086,2.23031,2.23086,318
2025-02-27 14:10:00,2.23087,2.23102,2.23047,2.23076,409
2025-02-27 14:15:00,2.23075,2.23107,2.23059,2.2309,348
2025-02-27 14:20:00,2.23095,2.23122,2.23076,2.23105,328
2025-02-27 14:25:00,2.23104,2.23119,2.23092,2.23092,269
2025-02-27 14:30:00,2.23093,2.2311,2.2306,2.23083,323
2025-02-27 14:35:00,2.23085,2.23095,2.23003,2.2304,346
2025-02-27 14:40:00,2.23043,2.23093,2.23031,2.23042,456
2025-02-27 14:45:00,2.23038,2.23049,2.22942,2.22942,461
2025-02-27 14:50:00,2.22941,2.22976,2.22851,2.22867,495
2025-02-27 14:55:00,2.22867,2.22912,2.22847,2.2286,495
2025-02-27 15:00:00,2.22871,2.22941,2.2286,2.22914,489
2025-02-27 15:05:00,2.22913,2.22951,2.22896,2.22949,379
2025-02-27 15:10:00,2.22951,2.23005,2.22936,2.23001,401
2025-02-27 15:15:00,2.23001,2.23038,2.22949,2.22979,356
2025-02-27 15:20:00,2.22982,2.23081,2.22966,2.23065,406
2025-02-27 15:25:00,2.23068,2.23132,2.23046,2.23098,381
2025-02-27 15:30:00,2.2307,2.23136,2.22956,2.23063,735
2025-02-27 15:35:00,2.23062,2.23083,2.2301,2.23022,696
2025-02-27 15:40:00,2.23018,2.23074,2.22983,2.23021,611
2025-02-27 15:45:00,2.23034,2.23246,2.22997,2.2313,917
2025-02-27 15:50:00,2.23131,2.2318,2.23081,2.23133,852
2025-02-27 15:55:00,2.23137,2.23188,2.23109,2.23184,828
2025-02-27 16:00:00,2.23177,2.23232,2.23106,2.2317299999999998,804
2025-02-27 16:05:00,2.23172,2.23233,2.23121,2.23191,689
2025-02-27 16:10:00,2.23188,2.23237,2.23165,2.23231,579
2025-02-27 16:15:00,2.23232,2.2324,2.23158,2.23213,535
2025-02-27 16:20:00,2.23221,2.23257,2.23193,2.23256,505
2025-02-27 16:25:00,2.23255,2.23289,2.2323,2.23266,498
2025-02-27 16:30:00,2.23269,2.23457,2.23268,2.23446,643
2025-02-27 16:35:00,2.23445,2.23462,2.23386,2.23388,624
2025-02-27 16:40:00,2.23386,2.23475,2.23324,2.23475,684
2025-02-27 16:45:00,2.23472,2.23483,2.23377,2.23421,653
2025-02-27 16:50:00,2.23424,2.23565,2.23421,2.23549,619
2025-02-27 16:55:00,2.23549,2.23611,2.23489,2.23531,586
2025-02-27 17:00:00,2.23534,2.23655,2.23489,2.23651,665
2025-02-27 17:05:00,2.23653,2.23701,2.23617,2.23662,634
2025-02-27 17:10:00,2.2366099999999998,2.23672,2.23562,2.23634,640
2025-02-27 17:15:00,2.23632,2.23705,2.23632,2.23698,578
2025-02-27 17:20:00,2.23699,2.23732,2.2364100000000002,2.23689,644
2025-02-27 17:25:00,2.23695,2.23742,2.23653,2.23665,581
2025-02-27 17:30:00,2.23665,2.23733,2.23645,2.23708,605
2025-02-27 17:35:00,2.2371,2.23747,2.23675,2.23679,597
2025-02-27 17:40:00,2.2368,2.23752,2.23654,2.2372199999999998,537
2025-02-27 17:45:00,2.23724,2.23732,2.23655,2.23721,532
2025-02-27 17:50:00,2.23723,2.23772,2.23675,2.2371,587
2025-02-27 17:55:00,2.23711,2.23724,2.23613,2.23625,628
2025-02-27 18:00:00,2.23632,2.23685,2.23591,2.23674,609
2025-02-27 18:05:00,2.23672,2.23747,2.23642,2.23736,482
2025-02-27 18:10:00,2.23741,2.23756,2.23689,2.2371,480
2025-02-27 18:15:00,2.23709,2.23751,2.23671,2.23731,505
2025-02-27 18:20:00,2.23735,2.23775,2.2371,2.23743,410
2025-02-27 18:25:00,2.2374,2.23746,2.23617,2.23628,459
2025-02-27 18:30:00,2.23632,2.23723,2.23617,2.23717,458
2025-02-27 18:35:00,2.23716,2.23731,2.23615,2.23635,512
2025-02-27 18:40:00,2.23647,2.23678,2.23611,2.23628,443
2025-02-27 18:45:00,2.23627,2.2372199999999998,2.23627,2.23718,435
2025-02-27 18:50:00,2.23717,2.23739,2.23611,2.23618,451
2025-02-27 18:55:00,2.23617,2.23672,2.23593,2.23648,435
2025-02-27 19:00:00,2.23642,2.23649,2.23593,2.23605,418
2025-02-27 19:05:00,2.23604,2.23618,2.23566,2.23594,419
2025-02-27 19:10:00,2.23595,2.23636,2.23565,2.23573,386
2025-02-27 19:15:00,2.23573,2.2359999999999998,2.23541,2.23546,352
2025-02-27 19:20:00,2.23548,2.23564,2.23494,2.23555,408
2025-02-27 19:25:00,2.23556,2.23575,2.23526,2.23555,405
2025-02-27 19:30:00,2.23554,2.2364100000000002,2.2354,2.23634,405
2025-02-27 19:35:00,2.23644,2.23648,2.23618,2.23635,335
2025-02-27 19:40:00,2.23635,2.23642,2.23548,2.23559,443
2025-02-27 19:45:00,2.23554,2.23626,2.23547,2.23599,367
2025-02-27 19:50:00,2.2359999999999998,2.23648,2.23584,2.23628,352
2025-02-27 19:55:00,2.23627,2.23675,2.23613,2.23637,347
2025-02-27 20:00:00,2.23632,2.23644,2.23564,2.23578,444
2025-02-27 20:05:00,2.23573,2.23633,2.23562,2.2362,446
2025-02-27 20:10:00,2.2362,2.23629,2.23594,2.23597,331
2025-02-27 20:15:00,2.23599,2.2364,2.23558,2.2356,328
2025-02-27 20:20:00,2.23559,2.23583,2.23534,2.23549,306
2025-02-27 20:25:00,2.2355,2.23581,2.23516,2.23541,318
2025-02-27 20:30:00,2.23542,2.2357,2.23531,2.23551,281
2025-02-27 20:35:00,2.23551,2.23583,2.2353899999999998,2.23556,309
2025-02-27 20:40:00,2.23555,2.23573,2.23532,2.23555,286
2025-02-27 20:45:00,2.23556,2.23572,2.23535,2.23551,282
2025-02-27 20:50:00,2.23549,2.23573,2.23549,2.23552,342
2025-02-27 20:55:00,2.23552,2.23651,2.23548,2.23615,373
2025-02-27 21:00:00,2.23595,2.23626,2.23574,2.23602,370
2025-02-27 21:05:00,2.23606,2.23623,2.23583,2.23605,256
2025-02-27 21:10:00,2.23597,2.23612,2.23579,2.23588,305
2025-02-27 21:15:00,2.23586,2.23595,2.23553,2.2356,359
2025-02-27 21:20:00,2.23558,2.23583,2.23557,2.23573,314
2025-02-27 21:25:00,2.2358000000000002,2.23596,2.23556,2.23589,292
2025-02-27 21:30:00,2.23586,2.2367,2.23564,2.23654,435
2025-02-27 21:35:00,2.23648,2.23663,2.23579,2.23588,474
2025-02-27 21:40:00,2.23591,2.23647,2.23579,2.23596,445
2025-02-27 21:45:00,2.23598,2.23648,2.23568,2.23626,431
2025-02-27 21:50:00,2.23623,2.23662,2.23598,2.23658,392
2025-02-27 21:55:00,2.23659,2.23664,2.23601,2.23637,383
2025-02-27 22:00:00,2.23638,2.23685,2.23636,2.23675,332
2025-02-27 22:05:00,2.23674,2.2369,2.23643,2.23671,346
2025-02-27 22:10:00,2.23669,2.23698,2.23659,2.23681,345
2025-02-27 22:15:00,2.23685,2.23746,2.2366,2.23734,389
2025-02-27 22:20:00,2.23735,2.23744,2.23685,2.23701,366
2025-02-27 22:25:00,2.23697,2.23732,2.23677,2.2372,388
2025-02-27 22:30:00,2.23725,2.23761,2.23717,2.23753,395
2025-02-27 22:35:00,2.23754,2.23786,2.23721,2.23737,388
2025-02-27 22:40:00,2.23743,2.23797,2.23734,2.23785,299
2025-02-27 22:45:00,2.23786,2.23818,2.23781,2.23812,350
2025-02-27 22:50:00,2.2381,2.23819,2.23781,2.23809,374
2025-02-27 22:55:00,2.23831,2.23849,2.23771,2.23771,338
2025-02-27 23:00:00,2.23774,2.23831,2.23708,2.2378,334
2025-02-27 23:05:00,2.23781,2.23811,2.23725,2.23725,175
2025-02-27 23:10:00,2.23726,2.23738,2.23668,2.23675,153
2025-02-27 23:15:00,2.23678,2.2374,2.23653,2.23665,172
2025-02-27 23:20:00,2.23667,2.2374,2.23665,2.23727,81
2025-02-27 23:25:00,2.23728,2.23733,2.23678,2.23698,179
2025-02-27 23:30:00,2.23697,2.23726,2.2368,2.23721,128
2025-02-27 23:35:00,2.2372,2.23737,2.23686,2.23696,126
2025-02-27 23:40:00,2.23699,2.237,2.23653,2.23668,155
2025-02-27 23:45:00,2.23667,2.23719,2.2366099999999998,2.23694,165
2025-02-27 23:50:00,2.23692,2.23726,2.23656,2.23673,286
2025-02-27 23:55:00,2.23732,2.23746,2.2367,2.23698,307
2025-02-28 00:00:00,2.23668,2.23672,2.23319,2.23441,38
2025-02-28 00:05:00,2.23618,2.23662,2.23431,2.23531,47
2025-02-28 00:10:00,2.23581,2.23689,2.23442,2.23621,49
2025-02-28 00:15:00,2.23621,2.23664,2.23593,2.23624,174
2025-02-28 00:20:00,2.23622,2.23663,2.23597,2.23608,138
2025-02-28 00:25:00,2.23596,2.23741,2.23499,2.23676,131
2025-02-28 00:30:00,2.2367,2.2377,2.23622,2.23745,150
2025-02-28 00:35:00,2.23743,2.23762,2.23725,2.23756,135
2025-02-28 00:40:00,2.23754,2.23768,2.23737,2.23739,104
2025-02-28 00:45:00,2.23743,2.23775,2.23625,2.23652,236
2025-02-28 00:50:00,2.23653,2.23756,2.23648,2.2372199999999998,179
2025-02-28 00:55:00,2.23726,2.23896,2.23716,2.23896,226
2025-02-28 01:00:00,2.23903,2.23927,2.23727,2.23742,225
2025-02-28 01:05:00,2.23745,2.23792,2.23681,2.23779,130
2025-02-28 01:10:00,2.23783,2.23786,2.23723,2.23776,134
2025-02-28 01:15:00,2.23774,2.23775,2.23725,2.23747,130
2025-02-28 01:20:00,2.2375,2.23819,2.2375,2.23818,196
2025-02-28 01:25:00,2.23816,2.23821,2.2376,2.238,171
2025-02-28 01:30:00,2.23802,2.23846,2.23777,2.23834,210
2025-02-28 01:35:00,2.23836,2.23919,2.23829,2.23889,242
2025-02-28 01:40:00,2.23891,2.23916,2.23879,2.23904,160
2025-02-28 01:45:00,2.23903,2.2392,2.23893,2.23918,112
2025-02-28 01:50:00,2.23917,2.23919,2.23868,2.23902,121
2025-02-28 01:55:00,2.23903,2.2394,2.23865,2.2387,202
2025-02-28 02:00:00,2.23871,2.23883,2.23807,2.23846,252
2025-02-28 02:05:00,2.23845,2.23934,2.23841,2.23933,193
2025-02-28 02:10:00,2.23934,2.23954,2.23901,2.23934,233
2025-02-28 02:15:00,2.23934,2.23972,2.23926,2.23938,275
2025-02-28 02:20:00,2.2394,2.23963,2.23903,2.23953,306
2025-02-28 02:25:00,2.23954,2.2406,2.23949,2.2402,322
2025-02-28 02:30:00,2.24021,2.2417,2.24021,2.24036,336
2025-02-28 02:35:00,2.24031,2.24031,2.23956,2.23998,321
2025-02-28 02:40:00,2.23997,2.24105,2.23994,2.24099,328
2025-02-28 02:45:00,2.241,2.24122,2.2405,2.24082,275
2025-02-28 02:50:00,2.24069,2.24113,2.24017,2.2411,349
2025-02-28 02:55:00,2.24109,2.24135,2.24082,2.24112,406
2025-02-28 03:00:00,2.2411,2.24182,2.24101,2.24182,415
2025-02-28 03:05:00,2.24179,2.24179,2.24061,2.24061,397
2025-02-28 03:10:00,2.24065,2.2409499999999998,2.24012,2.24058,384
2025-02-28 03:15:00,2.24063,2.24107,2.24013,2.24047,368
2025-02-28 03:20:00,2.2405,2.24111,2.24024,2.241,421
2025-02-28 03:25:00,2.24103,2.24166,2.24074,2.24147,414
2025-02-28 03:30:00,2.24147,2.24325,2.24147,2.24292,696
2025-02-28 03:35:00,2.24272,2.24327,2.2422,2.24234,527
2025-02-28 03:40:00,2.24233,2.24305,2.24182,2.24192,493
2025-02-28 03:45:00,2.24195,2.24276,2.24186,2.24252,500
2025-02-28 03:50:00,2.2425,2.24376,2.24202,2.24359,450
2025-02-28 03:55:00,2.2436,2.24369,2.24286,2.24332,492
2025-02-28 04:00:00,2.2434,2.2439999999999998,2.24309,2.24334,578
2025-02-28 04:05:00,2.24322,2.24395,2.24315,2.24372,457
2025-02-28 04:10:00,2.2437300000000002,2.24381,2.24265,2.24306,472
2025-02-28 04:15:00,2.24307,2.24356,2.24287,2.24353,533
2025-02-28 04:20:00,2.24354,2.2439999999999998,2.24329,2.24344,484
2025-02-28 04:25:00,2.24343,2.24372,2.24319,2.24352,407
2025-02-28 04:30:00,2.24354,2.2439999999999998,2.24325,2.24359,404
2025-02-28 04:35:00,2.2436,2.24419,2.24324,2.24334,444
2025-02-28 04:40:00,2.24334,2.24398,2.24322,2.24389,441
2025-02-28 04:45:00,2.2439,2.24451,2.24342,2.24411,359
2025-02-28 04:50:00,2.24408,2.24436,2.24378,2.2439,356
2025-02-28 04:55:00,2.24395,2.24463,2.24395,2.24421,406
2025-02-28 05:00:00,2.24419,2.24531,2.24419,2.24509,391
2025-02-28 05:05:00,2.24508,2.24518,2.24438,2.24491,339
2025-02-28 05:10:00,2.24489,2.24519,2.24466,2.24519,344
2025-02-28 05:15:00,2.2452199999999998,2.24624,2.2452199999999998,2.246,317
2025-02-28 05:20:00,2.24597,2.246,2.24534,2.24541,344
2025-02-28 05:25:00,2.24542,2.24575,2.2452199999999998,2.2455,387
2025-02-28 05:30:00,2.24551,2.24601,2.24542,2.24576,412
2025-02-28 05:35:00,2.24575,2.24627,2.24557,2.24585,389
2025-02-28 05:40:00,2.24587,2.24628,2.24578,2.24598,338
2025-02-28 05:45:00,2.24606,2.24617,2.24557,2.24589,302
2025-02-28 05:50:00,2.24591,2.24599,2.24546,2.24591,305
2025-02-28 05:55:00,2.24589,2.2461,2.24553,2.24607,321
2025-02-28 06:00:00,2.24597,2.24597,2.2448,2.2448,335
2025-02-28 06:05:00,2.24477,2.24554,2.24477,2.24549,342
2025-02-28 06:10:00,2.24538,2.24589,2.24527,2.24584,259
2025-02-28 06:15:00,2.24581,2.24632,2.24557,2.24557,278
2025-02-28 06:20:00,2.24558,2.24626,2.24553,2.24582,284
2025-02-28 06:25:00,2.2458299999999998,2.24598,2.24547,2.24568,325
2025-02-28 06:30:00,2.24566,2.24609,2.2455600000000002,2.24594,264
2025-02-28 06:35:00,2.24596,2.24663,2.24577,2.24653,316
2025-02-28 06:40:00,2.24651,2.24665,2.24606,2.24619,263
2025-02-28 06:45:00,2.24617,2.24623,2.2457,2.24618,310
2025-02-28 06:50:00,2.2462,2.24659,2.2461,2.24655,264
2025-02-28 06:55:00,2.24656,2.24691,2.24636,2.24653,384
2025-02-28 07:00:00,2.24648,2.24656,2.24566,2.24566,482
2025-02-28 07:05:00,2.24566,2.24639,2.24553,2.24608,420
2025-02-28 07:10:00,2.24602,2.24635,2.24594,2.24615,392
2025-02-28 07:15:00,2.24613,2.24649,2.24603,2.2464399999999998,333
2025-02-28 07:20:00,2.2464399999999998,2.24678,2.24639,2.24667,282
2025-02-28 07:25:00,2.24665,2.24683,2.24652,2.24661,272
2025-02-28 07:30:00,2.24662,2.24696,2.24653,2.24662,285
2025-02-28 07:35:00,2.2466,2.24719,2.24658,2.2468,278
2025-02-28 07:40:00,2.24682,2.24708,2.24664,2.24689,256
2025-02-28 07:45:00,2.24689,2.24699,2.24649,2.24663,294
2025-02-28 07:50:00,2.24667,2.24669,2.24588,2.24641,310
2025-02-28 07:55:00,2.24642,2.2469,2.24642,2.24686,245
2025-02-28 08:00:00,2.2469,2.24718,2.24671,2.2469,343
2025-02-28 08:05:00,2.24688,2.24735,2.24688,2.24692,337
2025-02-28 08:10:00,2.24689,2.24723,2.2467,2.24699,404
2025-02-28 08:15:00,2.24695,2.24702,2.24605,2.24614,370
2025-02-28 08:20:00,2.24612,2.2464399999999998,2.24597,2.24623,347
2025-02-28 08:25:00,2.24627,2.24653,2.24604,2.24638,366
2025-02-28 08:30:00,2.24646,2.24651,2.24568,2.24637,438
2025-02-28 08:35:00,2.24636,2.24652,2.24536,2.24564,355
2025-02-28 08:40:00,2.24565,2.24634,2.24545,2.24626,257
2025-02-28 08:45:00,2.24627,2.2466,2.24605,2.24608,264
2025-02-28 08:50:00,2.24608,2.24657,2.24607,2.2463,363
2025-02-28 08:55:00,2.24632,2.24667,2.24606,2.2462,290
2025-02-28 09:00:00,2.24616,2.24667,2.24597,2.24622,426
2025-02-28 09:05:00,2.24624,2.24658,2.24598,2.24656,359
2025-02-28 09:10:00,2.2465,2.24669,2.24614,2.24643,387
2025-02-28 09:15:00,2.24639,2.24752,2.24631,2.24732,392
2025-02-28 09:20:00,2.24733,2.24747,2.24689,2.24715,398
2025-02-28 09:25:00,2.24716,2.24734,2.24695,2.24711,290
2025-02-28 09:30:00,2.24712,2.24751,2.24667,2.24714,325
2025-02-28 09:35:00,2.24715,2.24732,2.24686,2.24714,448
2025-02-28 09:40:00,2.24715,2.24723,2.24629,2.24638,492
2025-02-28 09:45:00,2.24607,2.24686,2.24598,2.24679,468
2025-02-28 09:50:00,2.2468500000000002,2.24692,2.24622,2.24652,423
2025-02-28 09:55:00,2.24653,2.24775,2.24648,2.24731,507
2025-02-28 10:00:00,2.24721,2.24744,2.24668,2.24729,481
2025-02-28 10:05:00,2.2472,2.24792,2.24691,2.24787,480
2025-02-28 10:10:00,2.2478,2.24809,2.24731,2.24756,463
2025-02-28 10:15:00,2.24754,2.24843,2.24715,2.24841,498
2025-02-28 10:20:00,2.24841,2.24917,2.24826,2.24828,462
2025-02-28 10:25:00,2.24832,2.24863,2.24783,2.248,427
2025-02-28 10:30:00,2.24799,2.24853,2.24782,2.2483,440
2025-02-28 10:35:00,2.24828,2.24895,2.2482,2.24869,399
2025-02-28 10:40:00,2.24866,2.24927,2.24817,2.24927,389
2025-02-28 10:45:00,2.24931,2.24931,2.24851,2.24855,351
2025-02-28 10:50:00,2.24849,2.24903,2.24844,2.24875,245
2025-02-28 10:55:00,2.24874,2.24903,2.24854,2.24864,283
2025-02-28 11:00:00,2.24865,2.24904,2.2483,2.24844,482
2025-02-28 11:05:00,2.24841,2.24883,2.24782,2.24788,404
2025-02-28 11:10:00,2.24787,2.24794,2.24731,2.24763,347
2025-02-28 11:15:00,2.2476,2.24855,2.24752,2.24854,411
2025-02-28 11:20:00,2.24849,2.24916,2.24818,2.24912,318
2025-02-28 11:25:00,2.24904,2.24922,2.24832,2.24847,300
2025-02-28 11:30:00,2.24852,2.24861,2.24814,2.24838,340
2025-02-28 11:35:00,2.24841,2.24877,2.24825,2.24871,317
2025-02-28 11:40:00,2.24872,2.24924,2.24863,2.24919,305
2025-02-28 11:45:00,2.24918,2.2496,2.24909,2.2493,277
2025-02-28 11:50:00,2.24925,2.24925,2.24846,2.24879,305
2025-02-28 11:55:00,2.24884,2.24893,2.24837,2.24844,318
2025-02-28 12:00:00,2.24843,2.24852,2.24795,2.24831,355
2025-02-28 12:05:00,2.24832,2.24889,2.24815,2.24881,349
2025-02-28 12:10:00,2.24881,2.24899,2.24848,2.24856,314
2025-02-28 12:15:00,2.24857,2.24863,2.24778,2.24804,315
2025-02-28 12:20:00,2.24803,2.24964,2.24803,2.2495,275
2025-02-28 12:25:00,2.24939,2.24992,2.24934,2.24951,276
2025-02-28 12:30:00,2.2494899999999998,2.24962,2.24934,2.24948,294
2025-02-28 12:35:00,2.24948,2.24981,2.24926,2.24932,278
2025-02-28 12:40:00,2.24927,2.24994,2.24926,2.24973,333
2025-02-28 12:45:00,2.24972,2.24978,2.24935,2.24959,270
2025-02-28 12:50:00,2.24951,2.24974,2.24931,2.2496,308
2025-02-28 12:55:00,2.24961,2.24964,2.24869,2.24885,348
2025-02-28 13:00:00,2.24886,2.2492,2.24866,2.24891,333
2025-02-28 13:05:00,2.24891,2.24925,2.24872,2.24898,297
2025-02-28 13:10:00,2.24897,2.24909,2.24862,2.24878,284
2025-02-28 13:15:00,2.24879,2.24898,2.24822,2.24845,300
2025-02-28 13:20:00,2.24842,2.2486,2.2481,2.24828,282
2025-02-28 13:25:00,2.24826,2.24833,2.24734,2.24757,289
2025-02-28 13:30:00,2.24757,2.24772,2.24724,2.24768,283
2025-02-28 13:35:00,2.24767,2.2477,2.24704,2.24738,187
2025-02-28 13:40:00,2.24739,2.24768,2.24732,2.24764,229
2025-02-28 13:45:00,2.24762,2.24771,2.24722,2.24741,242
2025-02-28 13:50:00,2.24743,2.24783,2.24731,2.2476599999999998,295
2025-02-28 13:55:00,2.24759,2.24829,2.24752,2.2476,423
2025-02-28 14:00:00,2.24763,2.2476599999999998,2.24702,2.24754,483
2025-02-28 14:05:00,2.24753,2.24773,2.24702,2.24702,382
2025-02-28 14:10:00,2.24708,2.24772,2.24702,2.2476,359
2025-02-28 14:15:00,2.24758,2.24788,2.24723,2.24759,323
2025-02-28 14:20:00,2.24763,2.24829,2.24751,2.24801,330
2025-02-28 14:25:00,2.24796,2.24833,2.24769,2.24784,313
2025-02-28 14:30:00,2.24785,2.24791,2.24706,2.24719,304
2025-02-28 14:35:00,2.24715,2.24759,2.24715,2.24759,298
2025-02-28 14:40:00,2.24757,2.24804,2.2472,2.24743,347
2025-02-28 14:45:00,2.24742,2.24814,2.24725,2.24794,246
2025-02-28 14:50:00,2.24791,2.24862,2.24779,2.24851,356
2025-02-28 14:55:00,2.24852,2.24916,2.24837,2.2489,380
2025-02-28 15:00:00,2.24885,2.24932,2.24864,2.2489,417
2025-02-28 15:05:00,2.2488799999999998,2.24903,2.24856,2.24884,380
2025-02-28 15:10:00,2.24883,2.24946,2.2486800000000002,2.24911,409
2025-02-28 15:15:00,2.24912,2.24951,2.24877,2.2488,402
2025-02-28 15:20:00,2.24881,2.24913,2.24871,2.24881,410
2025-02-28 15:25:00,2.24881,2.24915,2.24811,2.24825,384
2025-02-28 15:30:00,2.24856,2.24898,2.24805,2.24843,594
2025-02-28 15:35:00,2.24843,2.24927,2.2482,2.24924,611
2025-02-28 15:40:00,2.24925,2.24957,2.24872,2.24883,506
2025-02-28 15:45:00,2.24886,2.24893,2.24813,2.2482699999999998,478
2025-02-28 15:50:00,2.24823,2.24908,2.24808,2.24902,460
2025-02-28 15:55:00,2.24903,2.24957,2.24891,2.24917,458
2025-02-28 16:00:00,2.24916,2.24939,2.24871,2.24939,534
2025-02-28 16:05:00,2.24938,2.24956,2.2489,2.24897,467
2025-02-28 16:10:00,2.24898,2.24946,2.24885,2.24946,448
2025-02-28 16:15:00,2.24936,2.2500999999999998,2.24933,2.24956,469
2025-02-28 16:20:00,2.24958,2.24982,2.24931,2.24974,417
2025-02-28 16:25:00,2.24973,2.25023,2.24969,2.24975,362
2025-02-28 16:30:00,2.24975,2.25044,2.24975,2.25035,550
2025-02-28 16:35:00,2.2504,2.25075,2.24941,2.2500299999999998,521
2025-02-28 16:40:00,2.24995,2.25083,2.24995,2.25027,451
2025-02-28 16:45:00,2.25026,2.25048,2.24935,2.24956,530
2025-02-28 16:50:00,2.2496,2.25059,2.24951,2.25052,624
2025-02-28 16:55:00,2.25052,2.25088,2.25012,2.25013,551
2025-02-28 17:00:00,2.25015,2.25079,2.24983,2.25062,608
2025-02-28 17:05:00,2.25063,2.25073,2.25004,2.25024,542
2025-02-28 17:10:00,2.25024,2.25038,2.24956,2.2500299999999998,490
2025-02-28 17:15:00,2.25002,2.25012,2.24955,2.24964,558
2025-02-28 17:20:00,2.24963,2.25065,2.24963,2.25057,493
2025-02-28 17:25:00,2.25056,2.25128,2.25005,2.25056,519
2025-02-28 17:30:00,2.2506,2.25084,2.24985,2.25006,529
2025-02-28 17:35:00,2.25009,2.25027,2.24921,2.24924,504
2025-02-28 17:40:00,2.24927,2.24969,2.24885,2.24914,521
2025-02-28 17:45:00,2.24915,2.2496,2.24733,2.24737,557
2025-02-28 17:50:00,2.24739,2.24739,2.24561,2.24567,600
2025-02-28 17:55:00,2.24578,2.2470499999999998,2.24558,2.24691,757
2025-02-28 18:00:00,2.247,2.2476,2.24663,2.24742,715
2025-02-28 18:05:00,2.24747,2.2480700000000002,2.24732,2.24775,555
2025-02-28 18:10:00,2.24777,2.24801,2.24722,2.24761,466
2025-02-28 18:15:00,2.2476599999999998,2.24772,2.24688,2.24762,553
2025-02-28 18:20:00,2.24763,2.24767,2.24708,2.24717,498
2025-02-28 18:25:00,2.24717,2.24745,2.24696,2.24729,480
2025-02-28 18:30:00,2.24727,2.24775,2.2472,2.24748,552
2025-02-28 18:35:00,2.24752,2.2482,2.24742,2.24794,566
2025-02-28 18:40:00,2.24792,2.24844,2.24775,2.2479,515
2025-02-28 18:45:00,2.24792,2.24811,2.24729,2.24729,465
2025-02-28 18:50:00,2.2473,2.24781,2.24714,2.2477,455
2025-02-28 18:55:00,2.24764,2.24803,2.2472,2.2478,483
2025-02-28 19:00:00,2.2477,2.24861,2.24763,2.24861,465
2025-02-28 19:05:00,2.24859,2.24927,2.24839,2.24904,386
2025-02-28 19:10:00,2.24901,2.24911,2.24804,2.2480700000000002,410
2025-02-28 19:15:00,2.24804,2.24859,2.24784,2.2480700000000002,377
2025-02-28 19:20:00,2.24802,2.24875,2.24763,2.2485,516
2025-02-28 19:25:00,2.24853,2.24883,2.24792,2.24808,490
2025-02-28 19:30:00,2.24805,2.24909,2.24802,2.24909,428
2025-02-28 19:35:00,2.24909,2.24928,2.2486800000000002,2.24899,416
2025-02-28 19:40:00,2.24899,2.24945,2.24893,2.24914,475
2025-02-28 19:45:00,2.24909,2.24944,2.2489,2.24911,499
2025-02-28 19:50:00,2.2491,2.24941,2.24875,2.24908,444
2025-02-28 19:55:00,2.24907,2.24952,2.24871,2.24883,321
2025-02-28 20:00:00,2.24879,2.24919,2.24799,2.248,381
2025-02-28 20:05:00,2.24798,2.2481,2.24757,2.24771,437
2025-02-28 20:10:00,2.24771,2.24811,2.24735,2.24784,388
2025-02-28 20:15:00,2.2478,2.24859,2.24779,2.24834,706
2025-02-28 20:20:00,2.24831,2.24852,2.24758,2.2480700000000002,724
2025-02-28 20:25:00,2.24808,2.24823,2.24764,2.24769,628
2025-02-28 20:30:00,2.2476599999999998,2.24828,2.24762,2.24805,604
2025-02-28 20:35:00,2.24801,2.2480700000000002,2.24721,2.24738,481
2025-02-28 20:40:00,2.24741,2.24809,2.24732,2.24768,549
2025-02-28 20:45:00,2.24768,2.24771,2.24717,2.24737,461
2025-02-28 20:50:00,2.2473,2.24783,2.24724,2.24776,405
2025-02-28 20:55:00,2.2477,2.24833,2.24731,2.24777,612
2025-02-28 21:00:00,2.24777,2.24842,2.24777,2.24818,584
2025-02-28 21:05:00,2.24816,2.24836,2.24754,2.24812,497
2025-02-28 21:10:00,2.24813,2.24836,2.24792,2.24818,450
2025-02-28 21:15:00,2.24819,2.24878,2.24805,2.24878,412
2025-02-28 21:20:00,2.24876,2.24903,2.24838,2.2486800000000002,434
2025-02-28 21:25:00,2.2487,2.24909,2.24859,2.24896,395
2025-02-28 21:30:00,2.24895,2.24908,2.24844,2.24886,406
2025-02-28 21:35:00,2.2488799999999998,2.24891,2.24822,2.24851,349
2025-02-28 21:40:00,2.2485,2.24858,2.24805,2.24819,355
2025-02-28 21:45:00,2.24819,2.24869,2.24816,2.24857,353
2025-02-28 21:50:00,2.24856,2.24919,2.24835,2.24891,377
2025-02-28 21:55:00,2.2489,2.2494899999999998,2.24853,2.24919,398
2025-02-28 22:00:00,2.24917,2.24925,2.2487,2.24875,464
2025-02-28 22:05:00,2.24874,2.2489,2.24824,2.24835,374
2025-02-28 22:10:00,2.24834,2.24845,2.24805,2.24814,382
2025-02-28 22:15:00,2.24814,2.24841,2.24805,2.24831,330
2025-02-28 22:20:00,2.24836,2.24848,2.24811,2.24818,446
2025-02-28 22:25:00,2.24818,2.24832,2.24778,2.24786,396
2025-02-28 22:30:00,2.24784,2.24839,2.24782,2.24833,379
2025-02-28 22:35:00,2.24832,2.24864,2.24802,2.24851,407
2025-02-28 22:40:00,2.24851,2.24874,2.24834,2.24857,465
2025-02-28 22:45:00,2.24858,2.24878,2.24803,2.24835,391
2025-02-28 22:50:00,2.24828,2.24843,2.2481,2.24828,455
2025-02-28 22:55:00,2.24829,2.24869,2.24776,2.2479,551
2025-02-28 23:00:00,2.24744,2.24772,2.24696,2.24745,454
2025-02-28 23:05:00,2.24744,2.2474600000000002,2.24698,2.247,180
2025-02-28 23:10:00,2.24699,2.24759,2.24694,2.24751,229
2025-02-28 23:15:00,2.24753,2.24772,2.24725,2.24754,217
2025-02-28 23:20:00,2.24752,2.24783,2.24727,2.24727,241
2025-02-28 23:25:00,2.24719,2.24734,2.24697,2.24724,190
2025-02-28 23:30:00,2.24726,2.24751,2.2468,2.24696,166
2025-02-28 23:35:00,2.24694,2.24701,2.24663,2.24667,126
2025-02-28 23:40:00,2.24666,2.24701,2.24655,2.24674,177
2025-02-28 23:45:00,2.24676,2.24684,2.24659,2.24659,204
2025-02-28 23:50:00,2.2466,2.24686,2.24652,2.24664,270
2025-02-28 23:55:00,2.24695,2.24707,2.24317,2.24321,229
2025-03-03 00:00:00,2.24502,2.24675,2.24375,2.24534,8
2025-03-03 00:05:00,2.24431,2.24597,2.24178,2.24468,40
2025-03-03 00:10:00,2.24565,2.24567,2.24451,2.2446,42
2025-03-03 00:15:00,2.2446,2.24465,2.24401,2.24464,44
2025-03-03 00:20:00,2.2446,2.24464,2.2443400000000002,2.24445,63
2025-03-03 00:25:00,2.2445,2.24499,2.24438,2.24455,89
2025-03-03 00:30:00,2.24452,2.2451,2.24443,2.24499,54
2025-03-03 00:35:00,2.2449500000000002,2.24629,2.24467,2.24487,30
2025-03-03 00:40:00,2.24489,2.24655,2.24487,2.24589,86
2025-03-03 00:45:00,2.24591,2.24613,2.24571,2.24585,112
2025-03-03 00:50:00,2.2458299999999998,2.24591,2.24524,2.24536,80
2025-03-03 00:55:00,2.24535,2.24634,2.24505,2.24605,210
2025-03-03 01:00:00,2.24779,2.24809,2.24723,2.24767,415
2025-03-03 01:05:00,2.24756,2.24866,2.24712,2.24774,306
2025-03-03 01:10:00,2.24774,2.24796,2.2464399999999998,2.24663,353
2025-03-03 01:15:00,2.24662,2.24758,2.24662,2.24729,367
2025-03-03 01:20:00,2.24736,2.24774,2.24713,2.24717,471
2025-03-03 01:25:00,2.24719,2.24728,2.24653,2.24665,381
2025-03-03 01:30:00,2.24668,2.24793,2.24664,2.24791,503
2025-03-03 01:35:00,2.24792,2.24853,2.24762,2.24821,323
2025-03-03 01:40:00,2.24822,2.24917,2.24811,2.24899,305
2025-03-03 01:45:00,2.24904,2.24933,2.24869,2.24898,304
2025-03-03 01:50:00,2.24898,2.24899,2.24832,2.24861,304
2025-03-03 01:55:00,2.24862,2.24881,2.24843,2.2485,236
2025-03-03 02:00:00,2.24849,2.24966,2.24836,2.2494,450
2025-03-03 02:05:00,2.24941,2.25002,2.24905,2.24906,424
2025-03-03 02:10:00,2.24909,2.24923,2.24892,2.24899,304
2025-03-03 02:15:00,2.24898,2.24902,2.24835,2.24872,485
2025-03-03 02:20:00,2.24873,2.24906,2.24847,2.2486800000000002,422
2025-03-03 02:25:00,2.24867,2.24881,2.24756,2.24781,494
2025-03-03 02:30:00,2.2478,2.24878,2.2478,2.24823,445
2025-03-03 02:35:00,2.24822,2.24851,2.24787,2.24797,453
2025-03-03 02:40:00,2.248,2.24846,2.2478,2.24787,380
2025-03-03 02:45:00,2.24789,2.24879,2.2476,2.2486,336
2025-03-03 02:50:00,2.24862,2.24862,2.2476,2.24786,324
2025-03-03 02:55:00,2.24787,2.24813,2.24755,2.24797,420
2025-03-03 03:00:00,2.24798,2.2480700000000002,2.24749,2.24788,574
2025-03-03 03:05:00,2.24782,2.24797,2.24697,2.24717,484
2025-03-03 03:10:00,2.24715,2.24747,2.24663,2.24718,464
2025-03-03 03:15:00,2.24719,2.24734,2.24677,2.24677,467
2025-03-03 03:20:00,2.24678,2.24737,2.24668,2.24684,357
2025-03-03 03:25:00,2.24683,2.24696,2.24645,2.24659,328
2025-03-03 03:30:00,2.24657,2.24692,2.24639,2.24687,403
2025-03-03 03:35:00,2.24688,2.24693,2.24637,2.24651,410
2025-03-03 03:40:00,2.24652,2.24711,2.24615,2.24669,384
2025-03-03 03:45:00,2.2467,2.24704,2.24633,2.24695,429
2025-03-03 03:50:00,2.24694,2.24712,2.24643,2.24678,464
2025-03-03 03:55:00,2.2468,2.24706,2.24663,2.24693,419
2025-03-03 04:00:00,2.24694,2.24717,2.24656,2.24675,355
2025-03-03 04:05:00,2.24678,2.24717,2.24671,2.2469,349
2025-03-03 04:10:00,2.24692,2.24768,2.24691,2.24747,307
2025-03-03 04:15:00,2.24753,2.24808,2.24745,2.24752,277
2025-03-03 04:20:00,2.24751,2.24789,2.24737,2.24741,281
2025-03-03 04:25:00,2.24742,2.24781,2.2473,2.2476599999999998,312
2025-03-03 04:30:00,2.24767,2.2481,2.24761,2.24806,311
2025-03-03 04:35:00,2.24805,2.24818,2.24751,2.24799,325
2025-03-03 04:40:00,2.24795,2.24809,2.24754,2.24801,317
2025-03-03 04:45:00,2.24804,2.2483,2.2479,2.24811,292
2025-03-03 04:50:00,2.24811,2.24834,2.2474,2.24749,310
2025-03-03 04:55:00,2.24748,2.248,2.24721,2.24754,373
2025-03-03 05:00:00,2.24749,2.24834,2.24735,2.24833,408
2025-03-03 05:05:00,2.2482699999999998,2.24904,2.24818,2.24863,467
2025-03-03 05:10:00,2.24859,2.24922,2.24859,2.24912,366
2025-03-03 05:15:00,2.24911,2.24928,2.24858,2.24877,362
2025-03-03 05:20:00,2.24875,2.24937,2.24865,2.24913,378
2025-03-03 05:25:00,2.24909,2.24951,2.24874,2.24925,382
2025-03-03 05:30:00,2.24924,2.24933,2.24895,2.2491,332
2025-03-03 05:35:00,2.24908,2.24984,2.24899,2.24902,307
2025-03-03 05:40:00,2.24901,2.24908,2.24844,2.24871,341
2025-03-03 05:45:00,2.2487,2.24926,2.24864,2.24924,333
2025-03-03 05:50:00,2.24924,2.2497,2.24923,2.24938,314
2025-03-03 05:55:00,2.24938,2.24987,2.24927,2.24928,273
2025-03-03 06:00:00,2.2493,2.24947,2.2491,2.24944,263
2025-03-03 06:05:00,2.2494899999999998,2.2494899999999998,2.24921,2.24947,228
2025-03-03 06:10:00,2.24945,2.2499000000000002,2.24921,2.24921,246
2025-03-03 06:15:00,2.24922,2.24936,2.24913,2.24917,233
2025-03-03 06:20:00,2.24917,2.24934,2.24878,2.24891,221
2025-03-03 06:25:00,2.2489,2.24919,2.2488799999999998,2.24917,166
2025-03-03 06:30:00,2.24918,2.24964,2.24913,2.2494,220
2025-03-03 06:35:00,2.24938,2.24952,2.24907,2.24952,206
2025-03-03 06:40:00,2.24954,2.24956,2.24907,2.24913,202
2025-03-03 06:45:00,2.24908,2.24919,2.24862,2.24875,211
2025-03-03 06:50:00,2.24876,2.24906,2.2486,2.24902,189
2025-03-03 06:55:00,2.24901,2.2494,2.24901,2.24933,212
2025-03-03 07:00:00,2.24932,2.24952,2.24917,2.24938,298
2025-03-03 07:05:00,2.24937,2.2495,2.24911,2.24925,256
2025-03-03 07:10:00,2.24923,2.24941,2.24917,2.2494,253
2025-03-03 07:15:00,2.2494,2.24981,2.24923,2.24945,236
2025-03-03 07:20:00,2.24945,2.24981,2.24938,2.24977,261
2025-03-03 07:25:00,2.24978,2.24987,2.2494899999999998,2.24959,274
2025-03-03 07:30:00,2.24959,2.24982,2.24941,2.24975,278
2025-03-03 07:35:00,2.24976,2.25016,2.2496,2.25008,240
2025-03-03 07:40:00,2.25009,2.25014,2.2494,2.24943,301
2025-03-03 07:45:00,2.24944,2.24991,2.24944,2.24978,240
2025-03-03 07:50:00,2.24981,2.25013,2.2497,2.24991,330
2025-03-03 07:55:00,2.24992,2.25007,2.24952,2.24962,289
2025-03-03 08:00:00,2.24961,2.24979,2.24944,2.24978,290
2025-03-03 08:05:00,2.24974,2.24996,2.24948,2.24957,302
2025-03-03 08:10:00,2.24961,2.24991,2.24955,2.24987,307
2025-03-03 08:15:00,2.24992,2.24999,2.2495,2.24996,341
2025-03-03 08:20:00,2.24994,2.2502,2.24973,2.24987,350
2025-03-03 08:25:00,2.24988,2.25107,2.24986,2.25102,324
2025-03-03 08:30:00,2.251,2.25138,2.25049,2.25116,377
2025-03-03 08:35:00,2.2511900000000002,2.2511900000000002,2.2505,2.25079,261
2025-03-03 08:40:00,2.2508,2.25159,2.2507,2.25099,307
2025-03-03 08:45:00,2.25095,2.25098,2.24975,2.24981,329
2025-03-03 08:50:00,2.24976,2.25035,2.24967,2.25018,363
2025-03-03 08:55:00,2.2500999999999998,2.25023,2.24971,2.24992,375
2025-03-03 09:00:00,2.24991,2.25025,2.24947,2.24978,511
2025-03-03 09:05:00,2.24988,2.24992,2.24915,2.24967,435
2025-03-03 09:10:00,2.24968,2.24976,2.2492,2.24956,471
2025-03-03 09:15:00,2.2496,2.24984,2.24895,2.249,442
2025-03-03 09:20:00,2.24898,2.24901,2.24825,2.24848,353
2025-03-03 09:25:00,2.24843,2.24851,2.24783,2.24796,315
2025-03-03 09:30:00,2.24797,2.24797,2.24726,2.24774,363
2025-03-03 09:35:00,2.2477,2.24798,2.24719,2.24721,277
2025-03-03 09:40:00,2.24722,2.2488799999999998,2.24722,2.24864,373
2025-03-03 09:45:00,2.24863,2.24919,2.24858,2.24912,345
2025-03-03 09:50:00,2.2491,2.24947,2.24887,2.24937,412
2025-03-03 09:55:00,2.24938,2.24959,2.24893,2.2493,485
2025-03-03 10:00:00,2.24934,2.24975,2.24893,2.24922,543
2025-03-03 10:05:00,2.24915,2.24987,2.24898,2.24943,417
2025-03-03 10:10:00,2.24943,2.24997,2.24921,2.24921,410
2025-03-03 10:15:00,2.2492,2.24983,2.2489,2.24911,406
2025-03-03 10:20:00,2.24909,2.24951,2.24859,2.24873,491
2025-03-03 10:25:00,2.24865,2.24898,2.24796,2.24805,478
2025-03-03 10:30:00,2.2480700000000002,2.24815,2.2471,2.24717,450
2025-03-03 10:35:00,2.24716,2.24754,2.24695,2.247,473
2025-03-03 10:40:00,2.24698,2.24717,2.24643,2.24707,433
2025-03-03 10:45:00,2.24716,2.24757,2.24653,2.24732,428
2025-03-03 10:50:00,2.24733,2.24739,2.24668,2.24721,408
2025-03-03 10:55:00,2.2472,2.24754,2.24662,2.24681,474
2025-03-03 11:00:00,2.2468500000000002,2.24714,2.24604,2.2471,479
2025-03-03 11:05:00,2.24714,2.24798,2.24689,2.24783,394
2025-03-03 11:10:00,2.24778,2.24956,2.24759,2.2494899999999998,473
2025-03-03 11:15:00,2.24952,2.2497,2.24905,2.24964,448
2025-03-03 11:20:00,2.24965,2.25056,2.2494,2.25045,382
2025-03-03 11:25:00,2.2505100000000002,2.2505100000000002,2.24952,2.24985,329
2025-03-03 11:30:00,2.24987,2.25069,2.24976,2.2506399999999998,342
2025-03-03 11:35:00,2.2506399999999998,2.25069,2.24994,2.25027,330
2025-03-03 11:40:00,2.25027,2.25084,2.25,2.2505800000000002,328
2025-03-03 11:45:00,2.25057,2.25079,2.25004,2.25028,371
2025-03-03 11:50:00,2.2503,2.25146,2.25028,2.25146,399
2025-03-03 11:55:00,2.25138,2.25151,2.25107,2.25151,343
2025-03-03 12:00:00,2.25154,2.25256,2.25139,2.25227,541
2025-03-03 12:05:00,2.25239,2.25258,2.25198,2.25229,439
2025-03-03 12:10:00,2.25235,2.25351,2.25232,2.25303,422
2025-03-03 12:15:00,2.253,2.2542400000000002,2.2529500000000002,2.25418,475
2025-03-03 12:20:00,2.2542,2.25451,2.25379,2.25428,494
2025-03-03 12:25:00,2.2542400000000002,2.2549799999999998,2.25412,2.2548500000000002,429
2025-03-03 12:30:00,2.25486,2.25542,2.25473,2.25523,378
2025-03-03 12:35:00,2.25524,2.2557,2.2550499999999998,2.25556,410
2025-03-03 12:40:00,2.25555,2.25599,2.25542,2.25557,477
2025-03-03 12:45:00,2.25556,2.25595,2.25528,2.25567,395
2025-03-03 12:50:00,2.2556599999999998,2.25568,2.25537,2.25551,369
2025-03-03 12:55:00,2.2555,2.25631,2.25547,2.25605,377
2025-03-03 13:00:00,2.25613,2.25645,2.2556599999999998,2.25601,390
2025-03-03 13:05:00,2.25597,2.25625,2.25556,2.25564,378
2025-03-03 13:10:00,2.25564,2.2561999999999998,2.25564,2.25574,358
2025-03-03 13:15:00,2.25576,2.25621,2.2553,2.25567,368
2025-03-03 13:20:00,2.25569,2.25679,2.2556599999999998,2.25663,321
2025-03-03 13:25:00,2.25669,2.2569,2.2561999999999998,2.25631,354
2025-03-03 13:30:00,2.25635,2.25675,2.25611,2.25667,368
2025-03-03 13:35:00,2.25671,2.25734,2.25633,2.25697,353
2025-03-03 13:40:00,2.25697,2.25773,2.25697,2.25762,408
2025-03-03 13:45:00,2.25763,2.2579000000000002,2.25734,2.25766,326
2025-03-03 13:50:00,2.25769,2.2587,2.25763,2.25847,493
2025-03-03 13:55:00,2.25845,2.25886,2.25806,2.25856,524
2025-03-03 14:00:00,2.25857,2.25976,2.25849,2.2589,572
2025-03-03 14:05:00,2.25892,2.2591,2.2582,2.25825,534
2025-03-03 14:10:00,2.25823,2.25971,2.25785,2.25939,703
2025-03-03 14:15:00,2.25938,2.26018,2.25935,2.26009,542
2025-03-03 14:20:00,2.26008,2.26008,2.2595,2.25988,512
2025-03-03 14:25:00,2.25987,2.25999,2.25914,2.25917,525
2025-03-03 14:30:00,2.25918,2.26033,2.25915,2.26008,477
2025-03-03 14:35:00,2.26011,2.26033,2.25984,2.26024,385
2025-03-03 14:40:00,2.26025,2.26043,2.25976,2.26024,397
2025-03-03 14:45:00,2.2602700000000002,2.26117,2.25992,2.26112,436
2025-03-03 14:50:00,2.26113,2.26196,2.2609,2.26185,497
2025-03-03 14:55:00,2.26191,2.26248,2.26167,2.26196,465
2025-03-03 15:00:00,2.26197,2.26199,2.26119,2.26167,464
2025-03-03 15:05:00,2.26178,2.26187,2.26114,2.26187,455
2025-03-03 15:10:00,2.26184,2.26198,2.2607,2.2608,529
2025-03-03 15:15:00,2.26072,2.26132,2.26004,2.26101,512
2025-03-03 15:20:00,2.26102,2.26121,2.26019,2.26024,532
2025-03-03 15:25:00,2.26018,2.26044,2.25943,2.25946,520
2025-03-03 15:30:00,2.25944,2.25946,2.25874,2.2591,526
2025-03-03 15:35:00,2.2590500000000002,2.25968,2.25894,2.25921,445
2025-03-03 15:40:00,2.25923,2.26017,2.25916,2.25975,450
2025-03-03 15:45:00,2.25975,2.25984,2.25883,2.25907,419
2025-03-03 15:50:00,2.25903,2.25957,2.2589,2.25898,473
2025-03-03 15:55:00,2.25899,2.2593199999999998,2.25801,2.25834,488
2025-03-03 16:00:00,2.25836,2.25842,2.25726,2.25776,492
2025-03-03 16:05:00,2.25778,2.25816,2.257,2.25711,481
2025-03-03 16:10:00,2.25706,2.25731,2.25613,2.25658,473
2025-03-03 16:15:00,2.2566,2.25744,2.25641,2.25733,481
2025-03-03 16:20:00,2.25732,2.25769,2.25697,2.25727,488
2025-03-03 16:25:00,2.25727,2.2574899999999998,2.25664,2.25737,490
2025-03-03 16:30:00,2.25738,2.2575,2.25657,2.25657,638
2025-03-03 16:35:00,2.2566100000000002,2.25666,2.25562,2.25624,575
2025-03-03 16:40:00,2.25609,2.25752,2.25594,2.25726,538
2025-03-03 16:45:00,2.25732,2.25748,2.25613,2.25646,550
2025-03-03 16:50:00,2.25645,2.25671,2.25533,2.25587,697
2025-03-03 16:55:00,2.25581,2.25646,2.25462,2.25561,564
2025-03-03 17:00:00,2.25573,2.25619,2.25489,2.25531,801
2025-03-03 17:05:00,2.25537,2.25632,2.25528,2.25617,724
2025-03-03 17:10:00,2.25613,2.25653,2.25584,2.25602,691
2025-03-03 17:15:00,2.25601,2.25647,2.2558,2.25628,582
2025-03-03 17:20:00,2.25629,2.25664,2.25582,2.25621,612
2025-03-03 17:25:00,2.25619,2.25657,2.25518,2.2557,604
2025-03-03 17:30:00,2.25571,2.25642,2.25509,2.25548,797
2025-03-03 17:35:00,2.2555,2.25592,2.25497,2.2553,655
2025-03-03 17:40:00,2.25531,2.25572,2.25507,2.25552,563
2025-03-03 17:45:00,2.25557,2.25615,2.25536,2.25584,578
2025-03-03 17:50:00,2.25585,2.25603,2.2548500000000002,2.25596,522
2025-03-03 17:55:00,2.25595,2.2568799999999998,2.25577,2.25686,628
2025-03-03 18:00:00,2.25685,2.2572200000000002,2.25639,2.25705,623
2025-03-03 18:05:00,2.25704,2.25789,2.25696,2.25778,534
2025-03-03 18:10:00,2.2578,2.25814,2.2576,2.25781,500
2025-03-03 18:15:00,2.25782,2.25823,2.25719,2.2572200000000002,497
2025-03-03 18:20:00,2.25723,2.25755,2.25687,2.25727,486
2025-03-03 18:25:00,2.2572900000000002,2.25735,2.25642,2.25667,461
2025-03-03 18:30:00,2.25666,2.25693,2.25612,2.25646,507
2025-03-03 18:35:00,2.25646,2.25655,2.25581,2.25612,545
2025-03-03 18:40:00,2.25612,2.25686,2.25609,2.25656,477
2025-03-03 18:45:00,2.25656,2.25686,2.25613,2.2562699999999998,413
2025-03-03 18:50:00,2.25628,2.25628,2.25527,2.25538,445
2025-03-03 18:55:00,2.25543,2.25571,2.25521,2.25554,419
2025-03-03 19:00:00,2.25541,2.25598,2.25532,2.25544,403
2025-03-03 19:05:00,2.25548,2.25588,2.25544,2.25575,438
2025-03-03 19:10:00,2.25571,2.25592,2.25514,2.2554600000000002,361
2025-03-03 19:15:00,2.25544,2.25554,2.25516,2.25553,396
2025-03-03 19:20:00,2.25553,2.25585,2.25544,2.25561,342
2025-03-03 19:25:00,2.25562,2.25599,2.2556,2.25576,334
2025-03-03 19:30:00,2.25576,2.25596,2.25561,2.2558,309
2025-03-03 19:35:00,2.25579,2.25603,2.2556599999999998,2.25588,344
2025-03-03 19:40:00,2.2559,2.25617,2.2555899999999998,2.25575,330
2025-03-03 19:45:00,2.2557,2.25609,2.25553,2.25553,390
2025-03-03 19:50:00,2.25552,2.25565,2.25521,2.25552,289
2025-03-03 19:55:00,2.25551,2.25657,2.2553900000000002,2.25619,461
2025-03-03 20:00:00,2.25644,2.25707,2.25621,2.25694,424
2025-03-03 20:05:00,2.25693,2.25709,2.25653,2.25671,349
2025-03-03 20:10:00,2.2567,2.25702,2.25637,2.25662,420
2025-03-03 20:15:00,2.25659,2.25679,2.25611,2.25644,398
2025-03-03 20:20:00,2.25643,2.25702,2.2564,2.25672,328
2025-03-03 20:25:00,2.25669,2.25701,2.25647,2.25689,452
2025-03-03 20:30:00,2.25691,2.25746,2.25675,2.25703,437
2025-03-03 20:35:00,2.25705,2.25819,2.25702,2.25814,375
2025-03-03 20:40:00,2.25814,2.25833,2.25778,2.25811,335
2025-03-03 20:45:00,2.25815,2.25831,2.25565,2.25764,569
2025-03-03 20:50:00,2.25763,2.25816,2.25735,2.258,552
2025-03-03 20:55:00,2.25797,2.25823,2.25772,2.25796,512
2025-03-03 21:00:00,2.25798,2.25812,2.25758,2.25777,453
2025-03-03 21:05:00,2.25777,2.258,2.25736,2.25744,449
2025-03-03 21:10:00,2.25748,2.25788,2.25743,2.2575,404
2025-03-03 21:15:00,2.2575,2.25798,2.2575,2.25791,384
2025-03-03 21:20:00,2.2579000000000002,2.25801,2.25751,2.25775,374
2025-03-03 21:25:00,2.25773,2.25787,2.25745,2.25766,330
2025-03-03 21:30:00,2.25767,2.25793,2.25735,2.25741,326
2025-03-03 21:35:00,2.25741,2.25805,2.25713,2.25785,305
2025-03-03 21:40:00,2.25786,2.25821,2.25772,2.25788,372
2025-03-03 21:45:00,2.25791,2.25807,2.25776,2.25805,350
2025-03-03 21:50:00,2.25806,2.25974,2.25785,2.25904,770
2025-03-03 21:55:00,2.25897,2.25947,2.25868,2.25897,715
2025-03-03 22:00:00,2.25894,2.26031,2.25893,2.25967,694
2025-03-03 22:05:00,2.25975,2.25981,2.25866,2.25967,759
2025-03-03 22:10:00,2.25964,2.26093,2.2595,2.26089,667
2025-03-03 22:15:00,2.26089,2.2618,2.26031,2.26161,655
2025-03-03 22:20:00,2.26161,2.26224,2.26159,2.262,668
2025-03-03 22:25:00,2.26198,2.2629099999999998,2.26185,2.26277,638
2025-03-03 22:30:00,2.2627800000000002,2.26358,2.26259,2.2633900000000002,641
2025-03-03 22:35:00,2.26338,2.26343,2.26184,2.26223,589
2025-03-03 22:40:00,2.26222,2.26271,2.26213,2.26238,531
2025-03-03 22:45:00,2.26243,2.26243,2.26187,2.26194,625
2025-03-03 22:50:00,2.262,2.26201,2.26097,2.261,599
2025-03-03 22:55:00,2.26099,2.26133,2.26041,2.26041,494
2025-03-03 23:00:00,2.26039,2.26056,2.25955,2.26039,328
2025-03-03 23:05:00,2.26048,2.26048,2.25989,2.26001,285
2025-03-03 23:10:00,2.26003,2.26018,2.25988,2.26013,269
2025-03-03 23:15:00,2.26006,2.2602700000000002,2.25974,2.25982,208
2025-03-03 23:20:00,2.25981,2.25998,2.25953,2.25969,284
2025-03-03 23:25:00,2.25967,2.26043,2.25957,2.2602,172
2025-03-03 23:30:00,2.26015,2.26081,2.26004,2.2602700000000002,265
2025-03-03 23:35:00,2.26028,2.26044,2.26006,2.26024,301
2025-03-03 23:40:00,2.26032,2.26058,2.26004,2.26037,292
2025-03-03 23:45:00,2.26038,2.26053,2.25992,2.26006,279
2025-03-03 23:50:00,2.26008,2.2607,2.25988,2.26067,354
2025-03-03 23:55:00,2.26114,2.26142,2.26059,2.26078,406
2025-03-04 00:00:00,2.26093,2.26145,2.25898,2.25931,19
2025-03-04 00:05:00,2.25952,2.25996,2.25941,2.2599,95
2025-03-04 00:10:00,2.25964,2.26,2.25948,2.2596,177
2025-03-04 00:15:00,2.25958,2.26154,2.25958,2.26117,91
2025-03-04 00:20:00,2.26116,2.26196,2.26097,2.26111,41
2025-03-04 00:25:00,2.26124,2.2621,2.2608,2.2609,76
2025-03-04 00:30:00,2.26086,2.26129,2.26083,2.26101,79
2025-03-04 00:35:00,2.26103,2.26105,2.26078,2.26081,71
2025-03-04 00:40:00,2.26083,2.26106,2.26074,2.26096,100
2025-03-04 00:45:00,2.26098,2.26101,2.26036,2.26045,79
2025-03-04 00:50:00,2.2604699999999998,2.26077,2.26017,2.26058,125
2025-03-04 00:55:00,2.2605,2.26126,2.25961,2.26126,171
2025-03-04 01:00:00,2.26172,2.26203,2.26133,2.26193,149
2025-03-04 01:05:00,2.26189,2.26189,2.26117,2.26136,105
2025-03-04 01:10:00,2.26139,2.26162,2.26121,2.26134,139
2025-03-04 01:15:00,2.26133,2.26193,2.26132,2.2619,156
2025-03-04 01:20:00,2.26197,2.26231,2.2617599999999998,2.26183,256
2025-03-04 01:25:00,2.26184,2.2622,2.26168,2.26201,217
2025-03-04 01:30:00,2.26199,2.26199,2.26138,2.26184,210
2025-03-04 01:35:00,2.26177,2.26243,2.26157,2.26157,202
2025-03-04 01:40:00,2.26165,2.26279,2.26155,2.26218,335
2025-03-04 01:45:00,2.26216,2.26294,2.26189,2.26288,260
2025-03-04 01:50:00,2.26286,2.26382,2.26268,2.26349,262
2025-03-04 01:55:00,2.26347,2.26362,2.26257,2.26293,280
2025-03-04 02:00:00,2.26295,2.26344,2.26271,2.26314,342
2025-03-04 02:05:00,2.26315,2.26341,2.26292,2.26335,379
2025-03-04 02:10:00,2.26334,2.26366,2.26299,2.2631,325
2025-03-04 02:15:00,2.26308,2.26348,2.2629099999999998,2.26331,370
2025-03-04 02:20:00,2.26329,2.26331,2.26276,2.26292,416
2025-03-04 02:25:00,2.26284,2.26297,2.26228,2.2624,280
2025-03-04 02:30:00,2.26244,2.2636,2.26227,2.2636,366
2025-03-04 02:35:00,2.26361,2.26365,2.26255,2.26276,334
2025-03-04 02:40:00,2.2627800000000002,2.2632,2.26268,2.2632,401
2025-03-04 02:45:00,2.26322,2.26398,2.26292,2.26375,488
2025-03-04 02:50:00,2.26374,2.26409,2.26327,2.26395,509
2025-03-04 02:55:00,2.26397,2.26439,2.26299,2.26303,496
2025-03-04 03:00:00,2.26302,2.26336,2.26266,2.26271,534
2025-03-04 03:05:00,2.26272,2.26326,2.26249,2.26286,473
2025-03-04 03:10:00,2.26284,2.26292,2.26228,2.26258,486
2025-03-04 03:15:00,2.26255,2.2627,2.26155,2.26172,530
2025-03-04 03:20:00,2.26177,2.26194,2.26089,2.26144,467
2025-03-04 03:25:00,2.26146,2.26181,2.26078,2.26078,489
2025-03-04 03:30:00,2.26098,2.26167,2.26051,2.26161,625
2025-03-04 03:35:00,2.2615600000000002,2.26232,2.26137,2.26204,586
2025-03-04 03:40:00,2.26202,2.26301,2.26173,2.26287,583
2025-03-04 03:45:00,2.26293,2.26328,2.26211,2.2622999999999998,503
2025-03-04 03:50:00,2.26234,2.26305,2.26198,2.26215,485
2025-03-04 03:55:00,2.2621700000000002,2.26261,2.26182,2.26227,471
2025-03-04 04:00:00,2.26232,2.26286,2.26182,2.26266,502
2025-03-04 04:05:00,2.26271,2.26311,2.26241,2.26283,472
2025-03-04 04:10:00,2.26282,2.26391,2.26282,2.26319,534
2025-03-04 04:15:00,2.26322,2.2641299999999998,2.26311,2.26376,421
2025-03-04 04:20:00,2.26377,2.26431,2.26333,2.26391,437
2025-03-04 04:25:00,2.26392,2.26448,2.26392,2.26392,383
2025-03-04 04:30:00,2.26396,2.26421,2.26307,2.26316,430
2025-03-04 04:35:00,2.26317,2.26347,2.26232,2.26244,448
2025-03-04 04:40:00,2.26243,2.2631,2.26229,2.26251,445
2025-03-04 04:45:00,2.26256,2.26342,2.26253,2.2631,380
2025-03-04 04:50:00,2.26312,2.26383,2.2629799999999998,2.26347,444
2025-03-04 04:55:00,2.26353,2.26455,2.26331,2.26455,369
2025-03-04 05:00:00,2.2646100000000002,2.26489,2.26392,2.26457,386
2025-03-04 05:05:00,2.2646100000000002,2.26464,2.26369,2.26378,349
2025-03-04 05:10:00,2.2638,2.26408,2.26364,2.26379,357
2025-03-04 05:15:00,2.26379,2.26416,2.26364,2.26383,396
2025-03-04 05:20:00,2.26385,2.26406,2.2635199999999998,2.26355,337
2025-03-04 05:25:00,2.26358,2.2635899999999998,2.26294,2.26309,351
2025-03-04 05:30:00,2.2631,2.26316,2.26211,2.26239,396
2025-03-04 05:35:00,2.26244,2.26252,2.26198,2.2623699999999998,274
2025-03-04 05:40:00,2.26238,2.2629,2.26228,2.26288,371
2025-03-04 05:45:00,2.26286,2.26373,2.26286,2.26361,337
2025-03-04 05:50:00,2.26362,2.2639,2.2633,2.2638,319
2025-03-04 05:55:00,2.26381,2.26411,2.26348,2.26411,314
2025-03-04 06:00:00,2.26411,2.26502,2.26411,2.26429,429
2025-03-04 06:05:00,2.2643,2.2643,2.26362,2.26386,322
2025-03-04 06:10:00,2.26389,2.26472,2.26379,2.2647,301
2025-03-04 06:15:00,2.2646800000000002,2.26475,2.26391,2.26411,240
2025-03-04 06:20:00,2.26405,2.26421,2.26318,2.26388,318
2025-03-04 06:25:00,2.26387,2.2645,2.26382,2.26434,265
2025-03-04 06:30:00,2.26434,2.26494,2.2643,2.26479,249
2025-03-04 06:35:00,2.26478,2.26539,2.26463,2.26504,260
2025-03-04 06:40:00,2.26506,2.26531,2.2647399999999998,2.26517,302
2025-03-04 06:45:00,2.26519,2.26559,2.26509,2.26546,285
2025-03-04 06:50:00,2.26554,2.26568,2.2652,2.26552,272
2025-03-04 06:55:00,2.26551,2.26564,2.2652,2.26558,267
2025-03-04 07:00:00,2.26571,2.26721,2.26548,2.2664400000000002,746
2025-03-04 07:05:00,2.26645,2.26646,2.26492,2.26503,636
2025-03-04 07:10:00,2.26505,2.26563,2.26489,2.26532,449
2025-03-04 07:15:00,2.26533,2.26554,2.26502,2.2654199999999998,409
2025-03-04 07:20:00,2.26544,2.26558,2.26483,2.26498,438
2025-03-04 07:25:00,2.265,2.2653499999999998,2.26475,2.26505,401
2025-03-04 07:30:00,2.26503,2.26552,2.26464,2.26527,419
2025-03-04 07:35:00,2.26528,2.26534,2.2647,2.2647399999999998,373
2025-03-04 07:40:00,2.26473,2.26502,2.2646,2.26487,322
2025-03-04 07:45:00,2.26485,2.26496,2.26448,2.2649,291
2025-03-04 07:50:00,2.26494,2.2652200000000002,2.26448,2.26483,342
2025-03-04 07:55:00,2.26482,2.26482,2.26388,2.26395,289
2025-03-04 08:00:00,2.26396,2.2641299999999998,2.26318,2.26326,327
2025-03-04 08:05:00,2.26322,2.26324,2.26264,2.26297,323
2025-03-04 08:10:00,2.26294,2.2633,2.2628,2.26322,333
2025-03-04 08:15:00,2.26324,2.2643,2.26305,2.26412,361
2025-03-04 08:20:00,2.2641,2.26443,2.26387,2.26441,397
2025-03-04 08:25:00,2.26442,2.26479,2.26418,2.26427,361
2025-03-04 08:30:00,2.26428,2.26456,2.26396,2.26432,426
2025-03-04 08:35:00,2.26433,2.26463,2.26398,2.2641,372
2025-03-04 08:40:00,2.2640700000000002,2.26444,2.26376,2.26438,286
2025-03-04 08:45:00,2.2644,2.26442,2.26335,2.26335,417
2025-03-04 08:50:00,2.26337,2.2636,2.26301,2.26353,372
2025-03-04 08:55:00,2.26357,2.26387,2.26338,2.26379,319
2025-03-04 09:00:00,2.26364,2.26364,2.26203,2.26228,415
2025-03-04 09:05:00,2.26222,2.26309,2.262,2.26305,438
2025-03-04 09:10:00,2.26297,2.26387,2.26277,2.2638,561
2025-03-04 09:15:00,2.26378,2.2641999999999998,2.26356,2.2639,433
2025-03-04 09:20:00,2.26388,2.2640000000000002,2.26333,2.26342,499
2025-03-04 09:25:00,2.2634,2.26375,2.26307,2.26329,458
2025-03-04 09:30:00,2.26328,2.26335,2.26201,2.26229,529
2025-03-04 09:35:00,2.26229,2.26257,2.26202,2.26228,484
2025-03-04 09:40:00,2.2622999999999998,2.26266,2.2617599999999998,2.26255,500
2025-03-04 09:45:00,2.26262,2.26325,2.26246,2.26323,437
2025-03-04 09:50:00,2.26328,2.26397,2.26318,2.26372,495
2025-03-04 09:55:00,2.26374,2.26408,2.26332,2.26396,543
2025-03-04 10:00:00,2.26395,2.26417,2.26248,2.2629799999999998,647
2025-03-04 10:05:00,2.26297,2.26335,2.26272,2.26307,588
2025-03-04 10:10:00,2.2631,2.2636,2.26275,2.2629099999999998,567
2025-03-04 10:15:00,2.26299,2.26349,2.26231,2.26327,507
2025-03-04 10:20:00,2.2632,2.26423,2.26304,2.26411,447
2025-03-04 10:25:00,2.26411,2.26429,2.26335,2.26368,559
2025-03-04 10:30:00,2.26364,2.26405,2.2635,2.26372,593
2025-03-04 10:35:00,2.26369,2.2653,2.26367,2.26491,504
2025-03-04 10:40:00,2.26492,2.26528,2.26422,2.26487,536
2025-03-04 10:45:00,2.26492,2.26558,2.26464,2.26493,566
2025-03-04 10:50:00,2.26493,2.2655,2.26398,2.26422,437
2025-03-04 10:55:00,2.26421,2.2644,2.26327,2.26349,477
2025-03-04 11:00:00,2.2634600000000002,2.26354,2.26142,2.26244,559
2025-03-04 11:05:00,2.2624,2.26269,2.26198,2.26229,537
2025-03-04 11:10:00,2.26225,2.26229,2.26066,2.2609,454
2025-03-04 11:15:00,2.26091,2.26118,2.26072,2.26076,501
2025-03-04 11:20:00,2.26073,2.26128,2.26025,2.2610799999999998,460
2025-03-04 11:25:00,2.26109,2.2612,2.26025,2.26043,453
2025-03-04 11:30:00,2.26042,2.26059,2.25931,2.25985,510
2025-03-04 11:35:00,2.2599299999999998,2.2617599999999998,2.2599,2.26143,477
2025-03-04 11:40:00,2.26153,2.26164,2.261,2.2616,476
2025-03-04 11:45:00,2.26162,2.26219,2.26126,2.26145,476
2025-03-04 11:50:00,2.26147,2.26181,2.26109,2.2616899999999998,450
2025-03-04 11:55:00,2.26171,2.2621700000000002,2.26151,2.26182,402
2025-03-04 12:00:00,2.26187,2.26232,2.26137,2.26139,485
2025-03-04 12:05:00,2.2614,2.26164,2.2608800000000002,2.26109,413
2025-03-04 12:10:00,2.26112,2.26114,2.26011,2.26014,413
2025-03-04 12:15:00,2.26022,2.26056,2.25969,2.25974,425
2025-03-04 12:20:00,2.25974,2.26023,2.25968,2.26021,410
2025-03-04 12:25:00,2.2602,2.26022,2.25928,2.2593199999999998,420
2025-03-04 12:30:00,2.25927,2.26013,2.25922,2.26013,387
2025-03-04 12:35:00,2.26012,2.26028,2.25961,2.25998,417
2025-03-04 12:40:00,2.25991,2.2607,2.25991,2.2607,406
2025-03-04 12:45:00,2.26071,2.26198,2.26055,2.26182,378
2025-03-04 12:50:00,2.26175,2.26223,2.26172,2.26218,311
2025-03-04 12:55:00,2.2621700000000002,2.2621700000000002,2.26093,2.26093,296
2025-03-04 13:00:00,2.2608800000000002,2.2614,2.26041,2.26086,372
2025-03-04 13:05:00,2.26084,2.26111,2.2603400000000002,2.26037,363
2025-03-04 13:10:00,2.26036,2.26048,2.259,2.2590500000000002,391
2025-03-04 13:15:00,2.2590500000000002,2.25926,2.25861,2.25915,349
2025-03-04 13:20:00,2.25915,2.25949,2.25906,2.25935,341
2025-03-04 13:25:00,2.25936,2.25977,2.25913,2.25943,395
2025-03-04 13:30:00,2.25947,2.26011,2.2592499999999998,2.25965,449
2025-03-04 13:35:00,2.25957,2.26004,2.25941,2.25987,426
2025-03-04 13:40:00,2.25995,2.2606,2.25984,2.25996,412
2025-03-04 13:45:00,2.25987,2.26026,2.25937,2.25969,433
2025-03-04 13:50:00,2.25969,2.26035,2.25922,2.26006,597
2025-03-04 13:55:00,2.26003,2.26051,2.25981,2.2603,510
2025-03-04 14:00:00,2.26032,2.26074,2.26014,2.26048,489
2025-03-04 14:05:00,2.26044,2.26044,2.25949,2.25972,494
2025-03-04 14:10:00,2.2597300000000002,2.26033,2.25948,2.2599,490
2025-03-04 14:15:00,2.25988,2.2601,2.25927,2.25956,414
2025-03-04 14:20:00,2.25957,2.26019,2.25926,2.25971,465
2025-03-04 14:25:00,2.25974,2.26003,2.25927,2.25941,393
2025-03-04 14:30:00,2.2594,2.25941,2.25853,2.25866,475
2025-03-04 14:35:00,2.25865,2.25895,2.2584400000000002,2.25852,380
2025-03-04 14:40:00,2.25853,2.25897,2.25819,2.25885,405
2025-03-04 14:45:00,2.25884,2.25967,2.25849,2.25941,443
2025-03-04 14:50:00,2.25937,2.26029,2.25937,2.2601,451
2025-03-04 14:55:00,2.26008,2.2603400000000002,2.25954,2.26032,464
2025-03-04 15:00:00,2.26035,2.26067,2.26008,2.26058,589
2025-03-04 15:05:00,2.26061,2.26128,2.26005,2.26091,581
2025-03-04 15:10:00,2.26087,2.26135,2.26062,2.26066,552
2025-03-04 15:15:00,2.26064,2.26089,2.26012,2.26013,595
2025-03-04 15:20:00,2.26019,2.2603,2.25949,2.25994,625
2025-03-04 15:25:00,2.25997,2.26077,2.25983,2.26017,513
2025-03-04 15:30:00,2.26019,2.26103,2.25999,2.26061,568
2025-03-04 15:35:00,2.26062,2.26079,2.2602700000000002,2.2605399999999998,608
2025-03-04 15:40:00,2.2605399999999998,2.26084,2.26016,2.26064,677
2025-03-04 15:45:00,2.26063,2.26152,2.26042,2.2605,559
2025-03-04 15:50:00,2.26049,2.26063,2.25895,2.25896,545
2025-03-04 15:55:00,2.25898,2.25933,2.25881,2.25915,554
2025-03-04 16:00:00,2.25919,2.26006,2.25908,2.2593199999999998,659
2025-03-04 16:05:00,2.25935,2.25954,2.25877,2.2591200000000002,600
2025-03-04 16:10:00,2.25913,2.25947,2.25901,2.25936,602
2025-03-04 16:15:00,2.25936,2.26056,2.25926,2.26051,612
2025-03-04 16:20:00,2.26051,2.26077,2.25999,2.26053,507
2025-03-04 16:25:00,2.26052,2.26052,2.25938,2.26016,677
2025-03-04 16:30:00,2.26019,2.26123,2.26012,2.2605,690
2025-03-04 16:35:00,2.2605399999999998,2.26164,2.2605,2.26134,682
2025-03-04 16:40:00,2.26124,2.2629799999999998,2.2612,2.2624,689
2025-03-04 16:45:00,2.26241,2.26275,2.26177,2.26251,646
2025-03-04 16:50:00,2.26244,2.26297,2.26207,2.26263,638
2025-03-04 16:55:00,2.26259,2.2633900000000002,2.26259,2.26333,680
2025-03-04 17:00:00,2.2633,2.26342,2.26241,2.26261,689
2025-03-04 17:05:00,2.2626,2.26331,2.26246,2.26296,644
2025-03-04 17:10:00,2.2629799999999998,2.26336,2.26266,2.26296,645
2025-03-04 17:15:00,2.26296,2.26459,2.26287,2.26417,672
2025-03-04 17:20:00,2.2641999999999998,2.26439,2.26348,2.26399,764
2025-03-04 17:25:00,2.2640000000000002,2.26418,2.26334,2.26388,708
2025-03-04 17:30:00,2.2639,2.26412,2.26331,2.26363,633
2025-03-04 17:35:00,2.2635899999999998,2.26364,2.26301,2.2634,601
2025-03-04 17:40:00,2.26344,2.26401,2.26282,2.26303,671
2025-03-04 17:45:00,2.26311,2.26408,2.2629,2.26381,629
2025-03-04 17:50:00,2.26377,2.26422,2.26321,2.26384,620
2025-03-04 17:55:00,2.26383,2.26395,2.26267,2.26295,611
2025-03-04 18:00:00,2.26296,2.26342,2.26273,2.26285,561
2025-03-04 18:05:00,2.26289,2.26419,2.26244,2.2641299999999998,566
2025-03-04 18:10:00,2.26418,2.26442,2.26375,2.26392,612
2025-03-04 18:15:00,2.26394,2.26459,2.2638,2.26459,535
2025-03-04 18:20:00,2.2646,2.2646,2.26345,2.26353,580
2025-03-04 18:25:00,2.26353,2.26449,2.26338,2.26426,520
2025-03-04 18:30:00,2.26427,2.26459,2.26406,2.26435,664
2025-03-04 18:35:00,2.26434,2.26437,2.26363,2.26417,619
2025-03-04 18:40:00,2.26416,2.26459,2.26391,2.26442,622
2025-03-04 18:45:00,2.26439,2.26494,2.26397,2.26397,572
2025-03-04 18:50:00,2.26399,2.26513,2.26394,2.26441,620
2025-03-04 18:55:00,2.2644,2.26466,2.2641999999999998,2.26431,550
2025-03-04 19:00:00,2.26419,2.26533,2.26417,2.26526,622
2025-03-04 19:05:00,2.2652200000000002,2.26557,2.2651,2.26532,547
2025-03-04 19:10:00,2.2654,2.26543,2.26503,2.26533,542
2025-03-04 19:15:00,2.26538,2.26553,2.26494,2.26543,502
2025-03-04 19:20:00,2.2654199999999998,2.26591,2.26514,2.2658300000000002,523
2025-03-04 19:25:00,2.26582,2.26589,2.26534,2.26548,542
2025-03-04 19:30:00,2.26546,2.26587,2.2651,2.26587,497
2025-03-04 19:35:00,2.26585,2.26599,2.26533,2.26547,522
2025-03-04 19:40:00,2.26544,2.2665699999999998,2.26491,2.26625,727
2025-03-04 19:45:00,2.26627,2.26689,2.26608,2.26677,573
2025-03-04 19:50:00,2.26677,2.26706,2.26655,2.26683,590
2025-03-04 19:55:00,2.26678,2.2671,2.26656,2.26691,543
2025-03-04 20:00:00,2.26693,2.26715,2.26655,2.26714,510
2025-03-04 20:05:00,2.26716,2.26763,2.26688,2.26727,737
2025-03-04 20:10:00,2.26723,2.2678599999999998,2.26683,2.26758,786
2025-03-04 20:15:00,2.26761,2.26775,2.26703,2.26741,649
2025-03-04 20:20:00,2.26734,2.26763,2.2671799999999998,2.26729,617
2025-03-04 20:25:00,2.2673,2.26805,2.26726,2.268,619
2025-03-04 20:30:00,2.26799,2.26821,2.26763,2.26782,571
2025-03-04 20:35:00,2.26781,2.26821,2.26746,2.26809,597
2025-03-04 20:40:00,2.26816,2.26889,2.26793,2.26841,566
2025-03-04 20:45:00,2.26841,2.2689,2.26788,2.26797,543
2025-03-04 20:50:00,2.26798,2.26829,2.26749,2.26782,481
2025-03-04 20:55:00,2.2677899999999998,2.26862,2.2677899999999998,2.26816,581
2025-03-04 21:00:00,2.26809,2.26854,2.2677899999999998,2.2682,707
2025-03-04 21:05:00,2.2682,2.2686,2.26772,2.2678,558
2025-03-04 21:10:00,2.2678,2.26844,2.26774,2.26838,533
2025-03-04 21:15:00,2.26832,2.26855,2.26807,2.2684699999999998,509
2025-03-04 21:20:00,2.26846,2.26865,2.2681,2.2681,467
2025-03-04 21:25:00,2.26814,2.26848,2.26783,2.26837,511
2025-03-04 21:30:00,2.26838,2.26869,2.26807,2.26858,573
2025-03-04 21:35:00,2.26858,2.26871,2.26818,2.26839,486
2025-03-04 21:40:00,2.26837,2.26858,2.26803,2.26845,512
2025-03-04 21:45:00,2.26853,2.26859,2.26721,2.26723,452
2025-03-04 21:50:00,2.26723,2.26726,2.26582,2.26588,465
2025-03-04 21:55:00,2.2659000000000002,2.26609,2.26515,2.26549,476
2025-03-04 22:00:00,2.26547,2.26548,2.26469,2.26484,445
2025-03-04 22:05:00,2.26489,2.26491,2.26428,2.26458,443
2025-03-04 22:10:00,2.2646,2.26499,2.26421,2.26433,447
2025-03-04 22:15:00,2.26431,2.26435,2.2634,2.26363,511
2025-03-04 22:20:00,2.26362,2.26395,2.26204,2.26218,506
2025-03-04 22:25:00,2.26216,2.26306,2.26216,2.26228,547
2025-03-04 22:30:00,2.26233,2.26373,2.26215,2.26334,675
2025-03-04 22:35:00,2.26335,2.26345,2.26294,2.26308,628
2025-03-04 22:40:00,2.263,2.26361,2.263,2.26344,636
2025-03-04 22:45:00,2.26345,2.26345,2.26231,2.26263,511
2025-03-04 22:50:00,2.26266,2.26373,2.26266,2.26354,648
2025-03-04 22:55:00,2.26356,2.26356,2.26251,2.26285,564
2025-03-04 23:00:00,2.26218,2.26285,2.2618,2.26277,337
2025-03-04 23:05:00,2.26271,2.26357,2.26241,2.26311,334
2025-03-04 23:10:00,2.26313,2.26324,2.26164,2.26195,577
2025-03-04 23:15:00,2.26199,2.26287,2.2616899999999998,2.26196,471
2025-03-04 23:20:00,2.26196,2.2627800000000002,2.26023,2.26083,698
2025-03-04 23:25:00,2.2608,2.26137,2.26031,2.26038,595
2025-03-04 23:30:00,2.26035,2.26053,2.25942,2.25989,469
2025-03-04 23:35:00,2.2598599999999998,2.26025,2.25923,2.25952,430
2025-03-04 23:40:00,2.25949,2.25965,2.25775,2.25822,337
2025-03-04 23:45:00,2.25817,2.25824,2.25753,2.25789,328
2025-03-04 23:50:00,2.25798,2.25865,2.25775,2.25819,601
2025-03-04 23:55:00,2.2580999999999998,2.25888,2.25778,2.25801,612
2025-03-05 00:00:00,2.25743,2.25866,2.25385,2.25701,29
2025-03-05 00:05:00,2.25593,2.25823,2.25593,2.25691,35
2025-03-05 00:10:00,2.25595,2.25907,2.25583,2.25776,78
2025-03-05 00:15:00,2.25776,2.25848,2.25776,2.25782,76
2025-03-05 00:20:00,2.25784,2.2585100000000002,2.25714,2.25763,51
2025-03-05 00:25:00,2.25767,2.25845,2.25711,2.2574899999999998,84
2025-03-05 00:30:00,2.25755,2.2584400000000002,2.2568799999999998,2.25695,96
2025-03-05 00:35:00,2.25697,2.25784,2.25695,2.25776,94
2025-03-05 00:40:00,2.25772,2.25791,2.25746,2.25748,92
2025-03-05 00:45:00,2.2575,2.25812,2.25735,2.25764,98
2025-03-05 00:50:00,2.25762,2.25801,2.25756,2.2578300000000002,92
2025-03-05 00:55:00,2.25779,2.25943,2.25773,2.25869,224
2025-03-05 01:00:00,2.25913,2.25917,2.2568099999999998,2.25779,262
2025-03-05 01:05:00,2.2578,2.25817,2.25712,2.2575,190
2025-03-05 01:10:00,2.25754,2.25771,2.2566,2.2566,210
2025-03-05 01:15:00,2.25671,2.25728,2.25651,2.25721,313
2025-03-05 01:20:00,2.25718,2.25854,2.25682,2.25834,287
2025-03-05 01:25:00,2.25835,2.25853,2.25794,2.25825,291
2025-03-05 01:30:00,2.25823,2.2587,2.25777,2.25826,248
2025-03-05 01:35:00,2.25831,2.25886,2.25819,2.2585100000000002,199
2025-03-05 01:40:00,2.25848,2.25892,2.2584400000000002,2.25889,162
2025-03-05 01:45:00,2.25888,2.25897,2.25816,2.2583,149
2025-03-05 01:50:00,2.25832,2.25958,2.25829,2.25946,167
2025-03-05 01:55:00,2.25944,2.26026,2.25892,2.26014,237
2025-03-05 02:00:00,2.26013,2.26082,2.25968,2.25982,402
2025-03-05 02:05:00,2.25976,2.26014,2.25949,2.25968,379
2025-03-05 02:10:00,2.2597300000000002,2.26035,2.2592499999999998,2.26022,309
2025-03-05 02:15:00,2.26023,2.26106,2.25985,2.26087,395
2025-03-05 02:20:00,2.26084,2.26114,2.26055,2.26098,406
2025-03-05 02:25:00,2.26096,2.26194,2.26096,2.26144,294
2025-03-05 02:30:00,2.26145,2.26194,2.2612,2.26153,388
2025-03-05 02:35:00,2.26155,2.26314,2.26141,2.26311,379
2025-03-05 02:40:00,2.26307,2.26445,2.26212,2.26263,444
2025-03-05 02:45:00,2.26262,2.26269,2.26196,2.26196,394
2025-03-05 02:50:00,2.26193,2.26232,2.2617,2.26187,375
2025-03-05 02:55:00,2.26191,2.26208,2.26159,2.26203,442
2025-03-05 03:00:00,2.26202,2.26206,2.26094,2.26114,495
2025-03-05 03:05:00,2.26112,2.26147,2.26078,2.2609500000000002,468
2025-03-05 03:10:00,2.26096,2.2611,2.26033,2.26078,404
2025-03-05 03:15:00,2.26077,2.26091,2.25927,2.25927,531
2025-03-05 03:20:00,2.25926,2.25961,2.2587099999999998,2.25892,548
2025-03-05 03:25:00,2.25891,2.25982,2.25884,2.2596,641
2025-03-05 03:30:00,2.25961,2.26064,2.2583,2.25842,783
2025-03-05 03:35:00,2.25837,2.25886,2.25797,2.25865,655
2025-03-05 03:40:00,2.2586399999999998,2.2589,2.25753,2.25854,475
2025-03-05 03:45:00,2.25858,2.25946,2.2582,2.25913,521
2025-03-05 03:50:00,2.25911,2.25931,2.25881,2.2593,481
2025-03-05 03:55:00,2.2593199999999998,2.26063,2.25928,2.25991,489
2025-03-05 04:00:00,2.25996,2.26114,2.25987,2.2607,555
2025-03-05 04:05:00,2.26068,2.26096,2.25982,2.25988,514
2025-03-05 04:10:00,2.2599,2.26094,2.25961,2.26087,521
2025-03-05 04:15:00,2.2608800000000002,2.26154,2.26025,2.26076,463
2025-03-05 04:20:00,2.26076,2.26139,2.26076,2.26132,450
2025-03-05 04:25:00,2.26131,2.26219,2.26098,2.26196,549
2025-03-05 04:30:00,2.26187,2.26267,2.26171,2.26255,517
2025-03-05 04:35:00,2.26256,2.26299,2.26201,2.26205,414
2025-03-05 04:40:00,2.26203,2.26262,2.26165,2.26243,416
2025-03-05 04:45:00,2.26244,2.26312,2.26239,2.26302,402
2025-03-05 04:50:00,2.26301,2.26304,2.26245,2.26284,392
2025-03-05 04:55:00,2.26283,2.26385,2.26283,2.26376,475
2025-03-05 05:00:00,2.26376,2.26476,2.26365,2.26427,548
2025-03-05 05:05:00,2.26427,2.26475,2.26384,2.26396,498
2025-03-05 05:10:00,2.26393,2.26425,2.26299,2.2631,496
2025-03-05 05:15:00,2.26319,2.26354,2.26266,2.26353,483
2025-03-05 05:20:00,2.2635199999999998,2.26422,2.26338,2.2640000000000002,363
2025-03-05 05:25:00,2.26397,2.26414,2.26365,2.26405,343
2025-03-05 05:30:00,2.26402,2.2647,2.26373,2.26466,436
2025-03-05 05:35:00,2.26466,2.26477,2.26409,2.2645,353
2025-03-05 05:40:00,2.26448,2.2647399999999998,2.26398,2.2641299999999998,371
2025-03-05 05:45:00,2.26415,2.26455,2.26368,2.26406,605
2025-03-05 05:50:00,2.26408,2.26412,2.26341,2.26377,448
2025-03-05 05:55:00,2.26376,2.26389,2.26326,2.2634,406
2025-03-05 06:00:00,2.26337,2.26393,2.2628,2.26281,439
2025-03-05 06:05:00,2.26282,2.26296,2.26209,2.26224,410
2025-03-05 06:10:00,2.26223,2.26323,2.26198,2.26319,339
2025-03-05 06:15:00,2.26313,2.2634,2.26234,2.263,322
2025-03-05 06:20:00,2.263,2.26332,2.26292,2.26308,287
2025-03-05 06:25:00,2.26307,2.26343,2.26287,2.26329,346
2025-03-05 06:30:00,2.2633,2.2633,2.26301,2.26313,290
2025-03-05 06:35:00,2.26311,2.26333,2.26272,2.26277,341
2025-03-05 06:40:00,2.26274,2.26307,2.2627,2.26307,270
2025-03-05 06:45:00,2.26306,2.26345,2.26297,2.26322,277
2025-03-05 06:50:00,2.26328,2.26373,2.26307,2.26371,309
2025-03-05 06:55:00,2.2637,2.26439,2.26369,2.26433,324
2025-03-05 07:00:00,2.26436,2.26436,2.2635899999999998,2.26381,303
2025-03-05 07:05:00,2.26379,2.26415,2.26329,2.26385,344
2025-03-05 07:10:00,2.26383,2.2643,2.26353,2.26356,303
2025-03-05 07:15:00,2.26355,2.26434,2.26333,2.26434,342
2025-03-05 07:20:00,2.26427,2.26475,2.2641299999999998,2.2641299999999998,249
2025-03-05 07:25:00,2.26412,2.2646100000000002,2.26408,2.26459,323
2025-03-05 07:30:00,2.26458,2.26509,2.26431,2.26508,328
2025-03-05 07:35:00,2.26507,2.2656,2.26505,2.26551,312
2025-03-05 07:40:00,2.26547,2.26551,2.26437,2.26476,342
2025-03-05 07:45:00,2.2647,2.26491,2.26452,2.26455,289
2025-03-05 07:50:00,2.26454,2.26455,2.2640000000000002,2.26439,320
2025-03-05 07:55:00,2.26445,2.26452,2.26368,2.26419,388
2025-03-05 08:00:00,2.26411,2.26447,2.26334,2.2635199999999998,414
2025-03-05 08:05:00,2.2635199999999998,2.26373,2.26256,2.26272,326
2025-03-05 08:10:00,2.26273,2.26283,2.2616,2.26164,381
2025-03-05 08:15:00,2.26164,2.26178,2.26057,2.26059,410
2025-03-05 08:20:00,2.26058,2.26112,2.26056,2.26073,397
2025-03-05 08:25:00,2.26073,2.26143,2.2606,2.2613,434
2025-03-05 08:30:00,2.26132,2.26177,2.26125,2.26165,447
2025-03-05 08:35:00,2.26166,2.26182,2.26086,2.26117,382
2025-03-05 08:40:00,2.26113,2.26138,2.2604,2.2604,396
2025-03-05 08:45:00,2.26043,2.2607,2.2601,2.26065,339
2025-03-05 08:50:00,2.26071,2.26094,2.26041,2.26086,326
2025-03-05 08:55:00,2.2609500000000002,2.26155,2.26066,2.26154,452
2025-03-05 09:00:00,2.26142,2.26193,2.26062,2.26182,580
2025-03-05 09:05:00,2.26186,2.26186,2.26082,2.2613,544
2025-03-05 09:10:00,2.26135,2.26174,2.26063,2.26071,456
2025-03-05 09:15:00,2.26072,2.26081,2.26002,2.26022,450
2025-03-05 09:20:00,2.26014,2.2603400000000002,2.25854,2.25861,563
2025-03-05 09:25:00,2.2586399999999998,2.25904,2.25769,2.25786,520
2025-03-05 09:30:00,2.25784,2.2595,2.25765,2.2592,527
2025-03-05 09:35:00,2.2592,2.26069,2.25879,2.26067,574
2025-03-05 09:40:00,2.2607,2.26197,2.26056,2.26154,537
2025-03-05 09:45:00,2.2615600000000002,2.2622,2.26134,2.26177,552
2025-03-05 09:50:00,2.26175,2.26193,2.26053,2.26164,564
2025-03-05 09:55:00,2.26168,2.26241,2.26131,2.26198,587
2025-03-05 10:00:00,2.26203,2.2622,2.26161,2.26177,643
2025-03-05 10:05:00,2.26175,2.26295,2.26172,2.26255,603
2025-03-05 10:10:00,2.26254,2.2646800000000002,2.26231,2.2646800000000002,624
2025-03-05 10:15:00,2.2646,2.26545,2.26442,2.26526,521
2025-03-05 10:20:00,2.26528,2.26567,2.26442,2.26483,488
2025-03-05 10:25:00,2.2649,2.26533,2.26432,2.26516,529
2025-03-05 10:30:00,2.26515,2.26515,2.26417,2.26422,514
2025-03-05 10:35:00,2.26415,2.26445,2.26355,2.2635899999999998,505
2025-03-05 10:40:00,2.26364,2.2638,2.2625,2.26273,463
2025-03-05 10:45:00,2.26275,2.26275,2.2614,2.26205,515
2025-03-05 10:50:00,2.26212,2.26335,2.26212,2.26272,511
2025-03-05 10:55:00,2.26259,2.26265,2.26137,2.26139,563
2025-03-05 11:00:00,2.26136,2.26166,2.26065,2.26153,533
2025-03-05 11:05:00,2.26155,2.26181,2.26026,2.26035,490
2025-03-05 11:10:00,2.2603400000000002,2.26071,2.25996,2.26062,502
2025-03-05 11:15:00,2.26063,2.26067,2.2589,2.25904,515
2025-03-05 11:20:00,2.25902,2.25985,2.25872,2.25971,562
2025-03-05 11:25:00,2.25972,2.26113,2.25972,2.26093,454
2025-03-05 11:30:00,2.26096,2.26107,2.2602700000000002,2.26073,475
2025-03-05 11:35:00,2.2607,2.26111,2.2603,2.26033,490
2025-03-05 11:40:00,2.26033,2.26046,2.25924,2.2593,465
2025-03-05 11:45:00,2.2593,2.26048,2.25915,2.26004,485
2025-03-05 11:50:00,2.26009,2.2602700000000002,2.25923,2.26013,477
2025-03-05 11:55:00,2.26015,2.2602,2.25951,2.25965,463
2025-03-05 12:00:00,2.2596600000000002,2.26055,2.2596,2.26052,500
2025-03-05 12:05:00,2.26053,2.26071,2.25996,2.26067,401
2025-03-05 12:10:00,2.26067,2.26071,2.2599,2.26035,403
2025-03-05 12:15:00,2.26037,2.26059,2.26007,2.26023,419
2025-03-05 12:20:00,2.26021,2.2603400000000002,2.25908,2.25917,424
2025-03-05 12:25:00,2.25918,2.25945,2.25825,2.25877,546
2025-03-05 12:30:00,2.25873,2.25941,2.25825,2.25935,404
2025-03-05 12:35:00,2.25934,2.26004,2.25922,2.25989,352
2025-03-05 12:40:00,2.25988,2.25991,2.2584400000000002,2.25867,385
2025-03-05 12:45:00,2.25867,2.25868,2.25798,2.25857,353
2025-03-05 12:50:00,2.25855,2.25856,2.25774,2.25797,316
2025-03-05 12:55:00,2.25796,2.25901,2.25786,2.25832,395
2025-03-05 13:00:00,2.2583,2.25837,2.2572200000000002,2.25734,381
2025-03-05 13:05:00,2.25737,2.25824,2.25711,2.25812,397
2025-03-05 13:10:00,2.2580999999999998,2.25858,2.2580299999999998,2.25814,344
2025-03-05 13:15:00,2.25815,2.25889,2.2580999999999998,2.2587,316
2025-03-05 13:20:00,2.25869,2.2589,2.25815,2.25855,388
2025-03-05 13:25:00,2.25858,2.25895,2.2584,2.2584400000000002,360
2025-03-05 13:30:00,2.25846,2.25846,2.25762,2.25762,369
2025-03-05 13:35:00,2.25762,2.25825,2.25755,2.25784,352
2025-03-05 13:40:00,2.2578300000000002,2.25795,2.25721,2.25728,341
2025-03-05 13:45:00,2.25727,2.25755,2.25692,2.25716,308
2025-03-05 13:50:00,2.25712,2.25717,2.25644,2.25695,465
2025-03-05 13:55:00,2.25695,2.25754,2.25694,2.25716,401
2025-03-05 14:00:00,2.25706,2.25774,2.25686,2.25689,526
2025-03-05 14:05:00,2.25692,2.25708,2.25602,2.25606,464
2025-03-05 14:10:00,2.25603,2.25667,2.25552,2.2565,478
2025-03-05 14:15:00,2.25654,2.25726,2.25573,2.25721,398
2025-03-05 14:20:00,2.2572200000000002,2.25747,2.25694,2.25709,427
2025-03-05 14:25:00,2.25712,2.25788,2.25706,2.2574,433
2025-03-05 14:30:00,2.25737,2.25759,2.25667,2.25714,450
2025-03-05 14:35:00,2.25713,2.25756,2.257,2.25743,453
2025-03-05 14:40:00,2.25735,2.25755,2.25674,2.257,438
2025-03-05 14:45:00,2.25698,2.257,2.25535,2.25596,477
2025-03-05 14:50:00,2.25602,2.25682,2.25589,2.25621,452
2025-03-05 14:55:00,2.2562699999999998,2.2562699999999998,2.25541,2.25574,526
2025-03-05 15:00:00,2.25578,2.25736,2.25535,2.25555,726
2025-03-05 15:05:00,2.25561,2.25594,2.2549,2.2552,690
2025-03-05 15:10:00,2.25524,2.25572,2.25484,2.25509,519
2025-03-05 15:15:00,2.25524,2.25574,2.25392,2.25567,673
2025-03-05 15:20:00,2.25571,2.25603,2.25497,2.2549799999999998,606
2025-03-05 15:25:00,2.25495,2.25503,2.25436,2.2545,581
2025-03-05 15:30:00,2.25451,2.2548,2.254,2.25434,639
2025-03-05 15:35:00,2.25435,2.25467,2.25374,2.2537599999999998,626
2025-03-05 15:40:00,2.2537599999999998,2.25448,2.2536,2.25427,552
2025-03-05 15:45:00,2.25427,2.25429,2.25201,2.25289,645
2025-03-05 15:50:00,2.25291,2.25306,2.25156,2.25168,650
2025-03-05 15:55:00,2.2517,2.25197,2.25114,2.25152,647
2025-03-05 16:00:00,2.2515,2.2523,2.25134,2.2514,614
2025-03-05 16:05:00,2.25145,2.25221,2.25089,2.25188,698
2025-03-05 16:10:00,2.2519,2.2527,2.25128,2.25236,602
2025-03-05 16:15:00,2.25235,2.25275,2.2519299999999998,2.25214,592
2025-03-05 16:20:00,2.25215,2.2529500000000002,2.252,2.25263,506
2025-03-05 16:25:00,2.25262,2.25335,2.25238,2.25323,600
2025-03-05 16:30:00,2.25322,2.25397,2.25264,2.25359,733
2025-03-05 16:35:00,2.25357,2.25398,2.25271,2.25277,641
2025-03-05 16:40:00,2.25277,2.25277,2.25126,2.25153,699
2025-03-05 16:45:00,2.25156,2.2519299999999998,2.2507099999999998,2.25098,778
2025-03-05 16:50:00,2.25089,2.25214,2.25082,2.25206,717
2025-03-05 16:55:00,2.25216,2.25274,2.25161,2.25213,637
2025-03-05 17:00:00,2.25141,2.25285,2.25065,2.25213,909
2025-03-05 17:05:00,2.2522,2.25242,2.25145,2.2518599999999998,775
2025-03-05 17:10:00,2.25188,2.2543,2.25162,2.25427,693
2025-03-05 17:15:00,2.25426,2.25549,2.25399,2.25501,739
2025-03-05 17:20:00,2.25502,2.2553,2.25377,2.25416,715
2025-03-05 17:25:00,2.25418,2.2556599999999998,2.25387,2.25534,750
2025-03-05 17:30:00,2.25529,2.25545,2.25324,2.25397,708
2025-03-05 17:35:00,2.25395,2.25513,2.25381,2.25511,637
2025-03-05 17:40:00,2.25512,2.25581,2.25468,2.25534,676
2025-03-05 17:45:00,2.25533,2.25558,2.25461,2.25509,660
2025-03-05 17:50:00,2.25516,2.25575,2.25426,2.25563,691
2025-03-05 17:55:00,2.25562,2.25665,2.25555,2.25658,695
2025-03-05 18:00:00,2.25663,2.25675,2.25553,2.25565,717
2025-03-05 18:05:00,2.25572,2.25604,2.25482,2.25501,624
2025-03-05 18:10:00,2.25504,2.25575,2.25468,2.25574,684
2025-03-05 18:15:00,2.2557,2.25645,2.25551,2.2562699999999998,622
2025-03-05 18:20:00,2.25629,2.25677,2.25599,2.2561999999999998,559
2025-03-05 18:25:00,2.25621,2.25644,2.2556,2.25624,574
2025-03-05 18:30:00,2.25625,2.25645,2.25536,2.2555,634
2025-03-05 18:35:00,2.25561,2.25629,2.2553900000000002,2.25569,606
2025-03-05 18:40:00,2.25568,2.25575,2.2547,2.25513,612
2025-03-05 18:45:00,2.25514,2.25547,2.25475,2.25524,578
2025-03-05 18:50:00,2.2552,2.25542,2.25443,2.25457,584
2025-03-05 18:55:00,2.25459,2.2548,2.25301,2.2542,807
2025-03-05 19:00:00,2.2541700000000002,2.25419,2.25349,2.25387,655
2025-03-05 19:05:00,2.25389,2.25419,2.25331,2.25407,607
2025-03-05 19:10:00,2.25407,2.25442,2.2533,2.2541,581
2025-03-05 19:15:00,2.2541,2.25499,2.25388,2.25477,640
2025-03-05 19:20:00,2.2547800000000002,2.25499,2.2542400000000002,2.25436,540
2025-03-05 19:25:00,2.2543699999999998,2.25448,2.2541,2.25434,543
2025-03-05 19:30:00,2.25428,2.25443,2.25374,2.25385,600
2025-03-05 19:35:00,2.25388,2.25433,2.2537599999999998,2.25403,527
2025-03-05 19:40:00,2.25405,2.25418,2.2536,2.25381,507
2025-03-05 19:45:00,2.25384,2.25431,2.25383,2.2542,498
2025-03-05 19:50:00,2.25418,2.2542400000000002,2.2532,2.25336,496
2025-03-05 19:55:00,2.25336,2.25425,2.25331,2.25425,545
2025-03-05 20:00:00,2.25441,2.25441,2.25338,2.25348,649
2025-03-05 20:05:00,2.25346,2.25552,2.25346,2.25506,708
2025-03-05 20:10:00,2.25501,2.25501,2.25365,2.25392,687
2025-03-05 20:15:00,2.25394,2.25435,2.25358,2.2542400000000002,586
2025-03-05 20:20:00,2.25422,2.2548,2.25405,2.25449,485
2025-03-05 20:25:00,2.25446,2.25472,2.2542400000000002,2.25435,574
2025-03-05 20:30:00,2.25432,2.25516,2.25405,2.25476,545
2025-03-05 20:35:00,2.25483,2.25608,2.25468,2.25583,519
2025-03-05 20:40:00,2.25584,2.25646,2.25581,2.25637,438
2025-03-05 20:45:00,2.25637,2.25653,2.25511,2.25521,548
2025-03-05 20:50:00,2.25521,2.25521,2.2545,2.25486,492
2025-03-05 20:55:00,2.25479,2.25604,2.25479,2.25586,392
2025-03-05 21:00:00,2.25585,2.25589,2.25534,2.25579,399
2025-03-05 21:05:00,2.25577,2.25585,2.25526,2.25544,419
2025-03-05 21:10:00,2.25544,2.25556,2.25491,2.25504,489
2025-03-05 21:15:00,2.25508,2.2551,2.25435,2.25435,433
2025-03-05 21:20:00,2.25438,2.25462,2.25393,2.25401,437
2025-03-05 21:25:00,2.25399,2.25406,2.2534,2.25346,414
2025-03-05 21:30:00,2.25349,2.25368,2.2531499999999998,2.2533,413
2025-03-05 21:35:00,2.25331,2.25349,2.25298,2.25304,444
2025-03-05 21:40:00,2.2530200000000002,2.25328,2.25245,2.25253,539
2025-03-05 21:45:00,2.25251,2.25258,2.25136,2.25136,426
2025-03-05 21:50:00,2.25138,2.25166,2.25085,2.25089,397
2025-03-05 21:55:00,2.25096,2.25138,2.25052,2.25122,426
2025-03-05 22:00:00,2.25116,2.25129,2.25005,2.25037,408
2025-03-05 22:05:00,2.25036,2.25113,2.25036,2.2511200000000002,318
2025-03-05 22:10:00,2.25115,2.25164,2.25103,2.25114,307
2025-03-05 22:15:00,2.25115,2.25134,2.25097,2.25117,436
2025-03-05 22:20:00,2.25115,2.25124,2.25078,2.25087,373
2025-03-05 22:25:00,2.25089,2.25127,2.25073,2.25127,364
2025-03-05 22:30:00,2.25126,2.2517,2.25111,2.2516,343
2025-03-05 22:35:00,2.25159,2.25209,2.25151,2.25184,282
2025-03-05 22:40:00,2.2518000000000002,2.25216,2.25116,2.25118,291
2025-03-05 22:45:00,2.25124,2.25138,2.25088,2.25126,355
2025-03-05 22:50:00,2.2513,2.25145,2.25045,2.25068,325
2025-03-05 22:55:00,2.25067,2.25104,2.25045,2.25046,352
2025-03-05 23:00:00,2.25045,2.25069,2.25009,2.25062,273
2025-03-05 23:05:00,2.25061,2.25097,2.25019,2.25055,232
2025-03-05 23:10:00,2.25057,2.2507,2.25032,2.25052,271
2025-03-05 23:15:00,2.25061,2.2507,2.25028,2.25044,231
2025-03-05 23:20:00,2.25045,2.25045,2.24998,2.25008,183
2025-03-05 23:25:00,2.25008,2.25025,2.24974,2.24979,182
2025-03-05 23:30:00,2.24978,2.25018,2.24978,2.24986,243
2025-03-05 23:35:00,2.24985,2.24999,2.24979,2.24983,221
2025-03-05 23:40:00,2.24982,2.25019,2.24957,2.25018,206
2025-03-05 23:45:00,2.2502,2.25028,2.24991,2.24998,188
2025-03-05 23:50:00,2.24997,2.25036,2.24993,2.25018,527
2025-03-05 23:55:00,2.25083,2.25171,2.25073,2.25106,413
2025-03-06 00:00:00,2.25111,2.25111,2.25016,2.251,27
2025-03-06 00:05:00,2.25061,2.25077,2.24987,2.25013,63
2025-03-06 00:10:00,2.25013,2.25055,2.24951,2.25017,602
2025-03-06 00:15:00,2.24984,2.25014,2.24952,2.24974,159
2025-03-06 00:20:00,2.24973,2.25004,2.24956,2.24966,138
2025-03-06 00:25:00,2.24967,2.25004,2.24948,2.2499000000000002,122
2025-03-06 00:30:00,2.24991,2.25043,2.24988,2.25007,142
2025-03-06 00:35:00,2.25009,2.25027,2.2500299999999998,2.25014,103
2025-03-06 00:40:00,2.25014,2.25035,2.25009,2.25028,99
2025-03-06 00:45:00,2.25025,2.25028,2.25001,2.25014,81
2025-03-06 00:50:00,2.25013,2.2502,2.24999,2.25007,106
2025-03-06 00:55:00,2.25011,2.25083,2.25007,2.25083,149
2025-03-06 01:00:00,2.2513,2.25146,2.24901,2.24939,257
2025-03-06 01:05:00,2.2494,2.25014,2.24939,2.24943,156
2025-03-06 01:10:00,2.24944,2.24991,2.24932,2.24955,134
2025-03-06 01:15:00,2.2494899999999998,2.25027,2.2494899999999998,2.25004,187
2025-03-06 01:20:00,2.25002,2.25029,2.24995,2.25002,216
2025-03-06 01:25:00,2.2500299999999998,2.25004,2.24939,2.24984,233
2025-03-06 01:30:00,2.24985,2.25044,2.24962,2.2502,159
2025-03-06 01:35:00,2.25022,2.2503,2.24991,2.24998,172
2025-03-06 01:40:00,2.24999,2.25006,2.24968,2.24997,144
2025-03-06 01:45:00,2.24998,2.25,2.24962,2.24997,213
2025-03-06 01:50:00,2.24995,2.2504,2.24982,2.25019,182
2025-03-06 01:55:00,2.25029,2.25032,2.24981,2.25001,172
2025-03-06 02:00:00,2.25,2.2506,2.24986,2.25048,293
2025-03-06 02:05:00,2.2505,2.25093,2.25047,2.25078,236
2025-03-06 02:10:00,2.2508,2.25122,2.25054,2.25093,235
2025-03-06 02:15:00,2.25081,2.25162,2.2505100000000002,2.25145,301
2025-03-06 02:20:00,2.25148,2.25189,2.251,2.25152,296
2025-03-06 02:25:00,2.25148,2.2525,2.25138,2.25219,334
2025-03-06 02:30:00,2.25211,2.25226,2.25145,2.25153,315
2025-03-06 02:35:00,2.25158,2.25247,2.25149,2.25236,282
2025-03-06 02:40:00,2.25237,2.25286,2.25229,2.25278,265
2025-03-06 02:45:00,2.2528,2.25322,2.25203,2.25322,375
2025-03-06 02:50:00,2.2532,2.25387,2.25301,2.25342,438
2025-03-06 02:55:00,2.25342,2.2537,2.25325,2.25349,432
2025-03-06 03:00:00,2.25345,2.25345,2.25258,2.25291,482
2025-03-06 03:05:00,2.25293,2.25293,2.25203,2.25275,461
2025-03-06 03:10:00,2.25273,2.25277,2.25131,2.25133,319
2025-03-06 03:15:00,2.25133,2.25148,2.2507099999999998,2.25098,344
2025-03-06 03:20:00,2.25094,2.25098,2.25002,2.25019,299
2025-03-06 03:25:00,2.25018,2.25036,2.24964,2.24966,335
2025-03-06 03:30:00,2.24969,2.24997,2.24909,2.24965,474
2025-03-06 03:35:00,2.24971,2.24971,2.2487,2.24879,445
2025-03-06 03:40:00,2.24886,2.24927,2.24844,2.24854,482
2025-03-06 03:45:00,2.24855,2.24855,2.24792,2.24817,485
2025-03-06 03:50:00,2.24816,2.24857,2.24796,2.24797,444
2025-03-06 03:55:00,2.24795,2.24828,2.24726,2.24753,416
2025-03-06 04:00:00,2.24755,2.24764,2.2464,2.24668,443
2025-03-06 04:05:00,2.24667,2.24672,2.24601,2.24647,424
2025-03-06 04:10:00,2.24642,2.24772,2.24628,2.24767,449
2025-03-06 04:15:00,2.24771,2.24821,2.24757,2.24802,459
2025-03-06 04:20:00,2.24801,2.2485,2.24779,2.24808,467
2025-03-06 04:25:00,2.2481,2.2482,2.24718,2.24776,343
2025-03-06 04:30:00,2.24774,2.24849,2.24743,2.24836,414
2025-03-06 04:35:00,2.24837,2.24914,2.24837,2.24914,426
2025-03-06 04:40:00,2.24916,2.24957,2.24893,2.24936,406
2025-03-06 04:45:00,2.24937,2.24943,2.2487,2.24913,339
2025-03-06 04:50:00,2.24911,2.24921,2.24856,2.2486800000000002,323
2025-03-06 04:55:00,2.24866,2.24878,2.24823,2.24828,400
2025-03-06 05:00:00,2.2482699999999998,2.24874,2.24805,2.24821,381
2025-03-06 05:05:00,2.24826,2.24875,2.24814,2.24874,306
2025-03-06 05:10:00,2.2486800000000002,2.24877,2.24826,2.24864,334
2025-03-06 05:15:00,2.24862,2.24867,2.24779,2.24791,286
2025-03-06 05:20:00,2.24793,2.2482,2.2477,2.24786,376
2025-03-06 05:25:00,2.24793,2.24863,2.24773,2.24841,344
2025-03-06 05:30:00,2.24844,2.24919,2.24844,2.24892,335
2025-03-06 05:35:00,2.24893,2.24893,2.24803,2.24812,335
2025-03-06 05:40:00,2.24819,2.24873,2.24802,2.24865,262
2025-03-06 05:45:00,2.24866,2.24892,2.24826,2.24861,293
2025-03-06 05:50:00,2.24865,2.24905,2.24846,2.24867,299
2025-03-06 05:55:00,2.24863,2.24879,2.24841,2.24869,276
2025-03-06 06:00:00,2.2487,2.2487,2.24804,2.24828,298
2025-03-06 06:05:00,2.2482699999999998,2.24836,2.2475,2.2475,270
2025-03-06 06:10:00,2.24742,2.24799,2.24734,2.24763,326
2025-03-06 06:15:00,2.24761,2.24798,2.24748,2.24769,297
2025-03-06 06:20:00,2.24777,2.24817,2.24772,2.24794,207
2025-03-06 06:25:00,2.24791,2.24826,2.24757,2.24815,250
2025-03-06 06:30:00,2.24818,2.24833,2.24774,2.2483,244
2025-03-06 06:35:00,2.24828,2.2485,2.24769,2.24776,267
2025-03-06 06:40:00,2.24774,2.24817,2.24761,2.2480700000000002,249
2025-03-06 06:45:00,2.24805,2.24811,2.24768,2.24786,359
2025-03-06 06:50:00,2.2478,2.24803,2.2476599999999998,2.24786,242
2025-03-06 06:55:00,2.24782,2.2480700000000002,2.24758,2.24786,365
2025-03-06 07:00:00,2.2479,2.24842,2.24776,2.24801,336
2025-03-06 07:05:00,2.248,2.24831,2.24781,2.24789,300
2025-03-06 07:10:00,2.24793,2.24798,2.24755,2.24784,307
2025-03-06 07:15:00,2.24785,2.2482699999999998,2.2476,2.24824,266
2025-03-06 07:20:00,2.24823,2.24884,2.24817,2.24864,358
2025-03-06 07:25:00,2.24866,2.24911,2.24859,2.24905,296
2025-03-06 07:30:00,2.24906,2.24919,2.24866,2.24903,319
2025-03-06 07:35:00,2.24905,2.24936,2.24885,2.24933,322
2025-03-06 07:40:00,2.24931,2.24974,2.24923,2.24948,282
2025-03-06 07:45:00,2.24944,2.24985,2.24936,2.24951,340
2025-03-06 07:50:00,2.24951,2.24971,2.24921,2.24936,279
2025-03-06 07:55:00,2.24932,2.2496,2.24918,2.24952,416
2025-03-06 08:00:00,2.24944,2.24944,2.24839,2.24844,443
2025-03-06 08:05:00,2.24844,2.24885,2.24806,2.24851,366
2025-03-06 08:10:00,2.24852,2.24898,2.24821,2.24886,435
2025-03-06 08:15:00,2.24878,2.24918,2.24862,2.24902,368
2025-03-06 08:20:00,2.24912,2.24951,2.24875,2.24938,437
2025-03-06 08:25:00,2.24938,2.24967,2.24922,2.2494899999999998,387
2025-03-06 08:30:00,2.24948,2.24953,2.24876,2.24899,348
2025-03-06 08:35:00,2.24897,2.24946,2.24875,2.24901,316
2025-03-06 08:40:00,2.24899,2.2492900000000002,2.24879,2.24914,364
2025-03-06 08:45:00,2.24906,2.24942,2.24872,2.24928,480
2025-03-06 08:50:00,2.2493,2.24955,2.24903,2.24932,294
2025-03-06 08:55:00,2.24933,2.24958,2.24858,2.24872,356
2025-03-06 09:00:00,2.24864,2.24942,2.2484,2.24904,548
2025-03-06 09:05:00,2.24904,2.24932,2.2486,2.24927,511
2025-03-06 09:10:00,2.24928,2.24953,2.24899,2.24917,553
2025-03-06 09:15:00,2.24913,2.2492,2.24866,2.24898,482
2025-03-06 09:20:00,2.24895,2.249,2.24826,2.24867,488
2025-03-06 09:25:00,2.24865,2.2493,2.2484,2.24901,499
2025-03-06 09:30:00,2.24902,2.24977,2.24857,2.24954,584
2025-03-06 09:35:00,2.24961,2.25043,2.24954,2.25043,528
2025-03-06 09:40:00,2.25044,2.2513,2.25022,2.25107,654
2025-03-06 09:45:00,2.25102,2.25195,2.25076,2.25184,577
2025-03-06 09:50:00,2.25183,2.25231,2.25143,2.25208,542
2025-03-06 09:55:00,2.25211,2.2525399999999998,2.25197,2.25238,608
2025-03-06 10:00:00,2.25235,2.25243,2.25136,2.25167,701
2025-03-06 10:05:00,2.25166,2.25205,2.24974,2.25039,622
2025-03-06 10:10:00,2.25038,2.25048,2.24921,2.24992,634
2025-03-06 10:15:00,2.24991,2.25069,2.24981,2.25015,618
2025-03-06 10:20:00,2.25014,2.25016,2.24817,2.24817,566
2025-03-06 10:25:00,2.24818,2.24855,2.24731,2.2476599999999998,590
2025-03-06 10:30:00,2.24765,2.24789,2.24704,2.24767,549
2025-03-06 10:35:00,2.24769,2.24786,2.24687,2.24697,544
2025-03-06 10:40:00,2.24698,2.24725,2.24653,2.24721,491
2025-03-06 10:45:00,2.24718,2.24872,2.2470499999999998,2.24855,526
2025-03-06 10:50:00,2.24847,2.24858,2.24805,2.24835,550
2025-03-06 10:55:00,2.24842,2.24851,2.24733,2.24735,577
2025-03-06 11:00:00,2.24731,2.2487,2.24692,2.24866,665
2025-03-06 11:05:00,2.24866,2.24909,2.24802,2.24802,539
2025-03-06 11:10:00,2.24801,2.24853,2.24785,2.24812,531
2025-03-06 11:15:00,2.24816,2.24893,2.24743,2.24803,589
2025-03-06 11:20:00,2.248,2.24853,2.24765,2.24783,477
2025-03-06 11:25:00,2.24784,2.24819,2.24736,2.24816,445
2025-03-06 11:30:00,2.24811,2.24829,2.24624,2.24636,584
2025-03-06 11:35:00,2.24635,2.2471,2.246,2.24611,588
2025-03-06 11:40:00,2.2461,2.24688,2.24592,2.24597,519
2025-03-06 11:45:00,2.24598,2.2467,2.24564,2.24617,533
2025-03-06 11:50:00,2.24611,2.24618,2.24515,2.24547,444
2025-03-06 11:55:00,2.24549,2.24629,2.24518,2.2453,411
2025-03-06 12:00:00,2.24529,2.24529,2.24402,2.24414,523
2025-03-06 12:05:00,2.24422,2.24598,2.24417,2.24546,521
2025-03-06 12:10:00,2.24545,2.24562,2.24494,2.24534,478
2025-03-06 12:15:00,2.24534,2.24566,2.24513,2.24532,478
2025-03-06 12:20:00,2.24532,2.24573,2.24385,2.2442,520
2025-03-06 12:25:00,2.24429,2.24442,2.24347,2.24349,481
2025-03-06 12:30:00,2.24351,2.2441,2.24328,2.24388,417
2025-03-06 12:35:00,2.24377,2.24575,2.24377,2.24568,447
2025-03-06 12:40:00,2.24567,2.2459,2.24528,2.24578,421
2025-03-06 12:45:00,2.24579,2.24579,2.24442,2.24466,413
2025-03-06 12:50:00,2.24467,2.24506,2.24406,2.24451,418
2025-03-06 12:55:00,2.24452,2.24505,2.2443400000000002,2.24493,393
2025-03-06 13:00:00,2.24496,2.24595,2.24488,2.24575,395
2025-03-06 13:05:00,2.24575,2.24586,2.24496,2.2452,356
2025-03-06 13:10:00,2.24521,2.24609,2.24517,2.24568,533
2025-03-06 13:15:00,2.24567,2.24635,2.24567,2.24612,437
2025-03-06 13:20:00,2.24614,2.24658,2.24599,2.24608,400
2025-03-06 13:25:00,2.24607,2.24646,2.24598,2.2463,414
2025-03-06 13:30:00,2.24625,2.24641,2.24564,2.2457,395
2025-03-06 13:35:00,2.24567,2.24657,2.24564,2.2464,351
2025-03-06 13:40:00,2.24643,2.24655,2.24577,2.24578,420
2025-03-06 13:45:00,2.24586,2.24618,2.2452,2.24548,394
2025-03-06 13:50:00,2.24549,2.24616,2.24541,2.24561,419
2025-03-06 13:55:00,2.24559,2.2463,2.24456,2.24479,510
2025-03-06 14:00:00,2.24483,2.24559,2.24368,2.2455600000000002,463
2025-03-06 14:05:00,2.24562,2.24574,2.24527,2.24558,425
2025-03-06 14:10:00,2.24558,2.24627,2.24531,2.24624,389
2025-03-06 14:15:00,2.24617,2.24669,2.24603,2.24611,427
2025-03-06 14:20:00,2.24611,2.2467,2.24596,2.24664,340
2025-03-06 14:25:00,2.24666,2.2470499999999998,2.24635,2.247,436
2025-03-06 14:30:00,2.247,2.24717,2.2466,2.2469,449
2025-03-06 14:35:00,2.24691,2.24722,2.24588,2.24589,454
2025-03-06 14:40:00,2.24591,2.24632,2.24578,2.2461,423
2025-03-06 14:45:00,2.24607,2.2463,2.24502,2.2457,410
2025-03-06 14:50:00,2.24569,2.24631,2.24536,2.24616,530
2025-03-06 14:55:00,2.24621,2.24657,2.24559,2.24613,500
2025-03-06 15:00:00,2.24614,2.24647,2.24579,2.246,440
2025-03-06 15:05:00,2.24595,2.24619,2.24441,2.24457,537
2025-03-06 15:10:00,2.24446,2.24452,2.24347,2.24385,407
2025-03-06 15:15:00,2.24398,2.24491,2.24349,2.2446,853
2025-03-06 15:20:00,2.24463,2.2449,2.24302,2.24311,715
2025-03-06 15:25:00,2.24309,2.24387,2.243,2.24387,489
2025-03-06 15:30:00,2.24352,2.24501,2.24265,2.24498,728
2025-03-06 15:35:00,2.24499,2.24624,2.2449,2.24621,612
2025-03-06 15:40:00,2.24622,2.248,2.24622,2.2474600000000002,529
2025-03-06 15:45:00,2.2475,2.24815,2.24742,2.24787,534
2025-03-06 15:50:00,2.24789,2.24818,2.247,2.24763,639
2025-03-06 15:55:00,2.2476,2.24798,2.2473,2.24764,648
2025-03-06 16:00:00,2.24768,2.24785,2.24628,2.24687,689
2025-03-06 16:05:00,2.24689,2.24703,2.24567,2.24598,722
2025-03-06 16:10:00,2.24602,2.2464,2.24531,2.24573,634
2025-03-06 16:15:00,2.24577,2.24577,2.24518,2.24532,571
2025-03-06 16:20:00,2.24529,2.246,2.24489,2.24512,653
2025-03-06 16:25:00,2.24512,2.24547,2.24481,2.24499,653
2025-03-06 16:30:00,2.245,2.24586,2.24458,2.24579,705
2025-03-06 16:35:00,2.2458,2.24603,2.2452199999999998,2.24579,735
2025-03-06 16:40:00,2.24576,2.24598,2.24503,2.24551,703
2025-03-06 16:45:00,2.2455,2.24717,2.24545,2.24671,713
2025-03-06 16:50:00,2.24674,2.24765,2.24673,2.24683,698
2025-03-06 16:55:00,2.24689,2.24722,2.24643,2.24686,615
2025-03-06 17:00:00,2.24688,2.24735,2.24637,2.24735,764
2025-03-06 17:05:00,2.24732,2.24732,2.24482,2.24501,818
2025-03-06 17:10:00,2.24504,2.24515,2.24311,2.24324,701
2025-03-06 17:15:00,2.24325,2.24353,2.24243,2.24267,732
2025-03-06 17:20:00,2.24271,2.2434,2.24211,2.24337,696
2025-03-06 17:25:00,2.24337,2.24387,2.24288,2.24325,657
2025-03-06 17:30:00,2.24324,2.24363,2.24272,2.24354,649
2025-03-06 17:35:00,2.24357,2.24383,2.24303,2.2433,631
2025-03-06 17:40:00,2.24333,2.2438,2.24305,2.2431200000000002,636
2025-03-06 17:45:00,2.2431,2.24357,2.2429,2.24307,666
2025-03-06 17:50:00,2.24308,2.24347,2.24192,2.24325,647
2025-03-06 17:55:00,2.24332,2.24378,2.24256,2.24269,703
2025-03-06 18:00:00,2.24272,2.24293,2.24212,2.24264,645
2025-03-06 18:05:00,2.24261,2.24297,2.242,2.24208,653
2025-03-06 18:10:00,2.24209,2.24255,2.24189,2.242,627
2025-03-06 18:15:00,2.24197,2.2432,2.24179,2.24234,581
2025-03-06 18:20:00,2.24233,2.24272,2.24207,2.24241,569
2025-03-06 18:25:00,2.24236,2.24272,2.24146,2.2418,610
2025-03-06 18:30:00,2.24188,2.24246,2.24148,2.24155,823
2025-03-06 18:35:00,2.24159,2.2423,2.24149,2.24198,716
2025-03-06 18:40:00,2.24201,2.24254,2.24168,2.24177,635
2025-03-06 18:45:00,2.24175,2.24193,2.24097,2.24118,588
2025-03-06 18:50:00,2.24118,2.24238,2.24116,2.24229,529
2025-03-06 18:55:00,2.24226,2.24288,2.24187,2.24275,557
2025-03-06 19:00:00,2.24266,2.24269,2.24204,2.2425100000000002,573
2025-03-06 19:05:00,2.24253,2.24292,2.24207,2.24219,602
2025-03-06 19:10:00,2.24218,2.24221,2.24153,2.24167,539
2025-03-06 19:15:00,2.24169,2.24252,2.2412900000000002,2.24247,550
2025-03-06 19:20:00,2.24248,2.24327,2.2423,2.243,594
2025-03-06 19:25:00,2.24298,2.24371,2.24263,2.24334,556
2025-03-06 19:30:00,2.24337,2.24413,2.24335,2.24402,525
2025-03-06 19:35:00,2.24403,2.2441,2.24343,2.24344,496
2025-03-06 19:40:00,2.24346,2.24413,2.24329,2.24397,444
2025-03-06 19:45:00,2.24401,2.24453,2.24394,2.24442,486
2025-03-06 19:50:00,2.24453,2.24472,2.24376,2.2445,516
2025-03-06 19:55:00,2.2445,2.24473,2.2438,2.24385,522
2025-03-06 20:00:00,2.24381,2.24412,2.2433899999999998,2.24395,617
2025-03-06 20:05:00,2.24393,2.24467,2.24382,2.24446,613
2025-03-06 20:10:00,2.24448,2.24473,2.24412,2.24412,559
2025-03-06 20:15:00,2.24413,2.24427,2.24393,2.24398,579
2025-03-06 20:20:00,2.24397,2.24446,2.24397,2.24437,518
2025-03-06 20:25:00,2.24432,2.24439,2.2435,2.24401,475
2025-03-06 20:30:00,2.24402,2.24448,2.24396,2.24446,466
2025-03-06 20:35:00,2.24444,2.24497,2.24441,2.24482,420
2025-03-06 20:40:00,2.24484,2.24515,2.24456,2.24462,572
2025-03-06 20:45:00,2.24469,2.2451,2.24446,2.24494,564
2025-03-06 20:50:00,2.24497,2.24519,2.24472,2.24501,484
2025-03-06 20:55:00,2.24502,2.2454,2.2447,2.24498,448
2025-03-06 21:00:00,2.24502,2.24546,2.24481,2.24532,442
2025-03-06 21:05:00,2.24523,2.24539,2.24485,2.24512,424
2025-03-06 21:10:00,2.24511,2.24566,2.2448,2.24555,442
2025-03-06 21:15:00,2.24553,2.24585,2.24521,2.24553,419
2025-03-06 21:20:00,2.24552,2.24569,2.24508,2.2455600000000002,367
2025-03-06 21:25:00,2.24564,2.2458299999999998,2.24541,2.24565,377
2025-03-06 21:30:00,2.24563,2.24581,2.24528,2.24558,417
2025-03-06 21:35:00,2.2456,2.24594,2.24543,2.24591,368
2025-03-06 21:40:00,2.24592,2.24649,2.24572,2.24646,442
2025-03-06 21:45:00,2.24645,2.24647,2.24557,2.24588,517
2025-03-06 21:50:00,2.24588,2.24605,2.2454,2.2459,515
2025-03-06 21:55:00,2.24589,2.24646,2.2457,2.24601,524
2025-03-06 22:00:00,2.24597,2.24627,2.24515,2.24537,529
2025-03-06 22:05:00,2.24542,2.24563,2.24517,2.24528,453
2025-03-06 22:10:00,2.24528,2.24535,2.24501,2.24535,412
2025-03-06 22:15:00,2.24534,2.24564,2.2452199999999998,2.2454,399
2025-03-06 22:20:00,2.24542,2.24578,2.24539,2.24563,402
2025-03-06 22:25:00,2.24565,2.24591,2.24486,2.24496,426
2025-03-06 22:30:00,2.24499,2.245,2.24452,2.24493,442
2025-03-06 22:35:00,2.24492,2.24535,2.24492,2.24528,341
2025-03-06 22:40:00,2.24527,2.24615,2.24524,2.24611,370
2025-03-06 22:45:00,2.24609,2.24609,2.24542,2.24558,388
2025-03-06 22:50:00,2.24561,2.2458299999999998,2.24549,2.24562,364
2025-03-06 22:55:00,2.24559,2.24605,2.2455,2.24563,354
2025-03-06 23:00:00,2.24504,2.24539,2.24471,2.24494,229
2025-03-06 23:05:00,2.24492,2.24494,2.24457,2.24473,162
2025-03-06 23:10:00,2.24471,2.24493,2.24444,2.24477,156
2025-03-06 23:15:00,2.2448,2.2452199999999998,2.24433,2.24439,245
2025-03-06 23:20:00,2.24437,2.24492,2.24425,2.24477,154
2025-03-06 23:25:00,2.24482,2.24518,2.24481,2.24496,166
2025-03-06 23:30:00,2.24498,2.24512,2.2446,2.2449500000000002,249
2025-03-06 23:35:00,2.24497,2.24536,2.24467,2.24511,216
2025-03-06 23:40:00,2.24513,2.2453,2.24502,2.24503,162
2025-03-06 23:45:00,2.24502,2.24523,2.2448,2.24509,157
2025-03-06 23:50:00,2.24506,2.24526,2.24496,2.24523,260
2025-03-06 23:55:00,2.24586,2.24623,2.24466,2.24466,312
2025-03-07 00:00:00,2.2448,2.245,2.24241,2.24308,39
2025-03-07 00:05:00,2.24308,2.24544,2.24295,2.24454,37
2025-03-07 00:10:00,2.24454,2.246,2.24451,2.24532,28
2025-03-07 00:15:00,2.24532,2.24533,2.24385,2.24453,136
2025-03-07 00:20:00,2.24458,2.2456,2.24455,2.24501,64
2025-03-07 00:25:00,2.2457,2.2457,2.24503,2.24508,38
2025-03-07 00:30:00,2.2451,2.24516,2.24475,2.24513,65
2025-03-07 00:35:00,2.24511,2.24517,2.24454,2.24489,140
2025-03-07 00:40:00,2.24493,2.24496,2.24464,2.24474,100
2025-03-07 00:45:00,2.24464,2.24508,2.24464,2.24479,124
2025-03-07 00:50:00,2.24472,2.24489,2.24458,2.24472,118
2025-03-07 00:55:00,2.2447,2.24588,2.24459,2.24588,153
2025-03-07 01:00:00,2.24609,2.24649,2.24469,2.24529,277
2025-03-07 01:05:00,2.2453,2.24555,2.24502,2.2454,122
2025-03-07 01:10:00,2.24536,2.24626,2.24532,2.24617,126
2025-03-07 01:15:00,2.24608,2.24608,2.24549,2.24557,161
2025-03-07 01:20:00,2.2455600000000002,2.24578,2.24541,2.24547,189
2025-03-07 01:25:00,2.24546,2.24613,2.24536,2.24604,224
2025-03-07 01:30:00,2.24607,2.24607,2.24553,2.24574,191
2025-03-07 01:35:00,2.24576,2.24592,2.24563,2.24581,137
2025-03-07 01:40:00,2.24582,2.24613,2.24559,2.24598,170
2025-03-07 01:45:00,2.24599,2.24661,2.24595,2.2464399999999998,226
2025-03-07 01:50:00,2.24655,2.24664,2.24587,2.24596,163
2025-03-07 01:55:00,2.24602,2.24646,2.24571,2.24593,212
2025-03-07 02:00:00,2.24597,2.24609,2.24527,2.24537,281
2025-03-07 02:05:00,2.24541,2.24543,2.24462,2.2448,254
2025-03-07 02:10:00,2.24482,2.2449500000000002,2.2446099999999998,2.24473,278
2025-03-07 02:15:00,2.24472,2.24528,2.24464,2.24471,262
2025-03-07 02:20:00,2.24469,2.24517,2.24439,2.24501,289
2025-03-07 02:25:00,2.24504,2.24554,2.24482,2.24545,265
2025-03-07 02:30:00,2.24547,2.24576,2.24504,2.24509,329
2025-03-07 02:35:00,2.24507,2.24528,2.24483,2.24505,272
2025-03-07 02:40:00,2.24509,2.24548,2.24488,2.24529,243
2025-03-07 02:45:00,2.24533,2.24621,2.24531,2.2461,320
2025-03-07 02:50:00,2.24606,2.24632,2.24585,2.24622,315
2025-03-07 02:55:00,2.24621,2.24653,2.2458,2.24611,344
2025-03-07 03:00:00,2.24605,2.24617,2.2456,2.24578,442
2025-03-07 03:05:00,2.24582,2.24592,2.24518,2.2453,422
2025-03-07 03:10:00,2.24528,2.24659,2.24516,2.24615,342
2025-03-07 03:15:00,2.24615,2.24687,2.24591,2.2466,407
2025-03-07 03:20:00,2.24661,2.24702,2.2465,2.24682,409
2025-03-07 03:25:00,2.24679,2.24733,2.24672,2.24717,343
2025-03-07 03:30:00,2.24718,2.2474,2.24659,2.2472,489
2025-03-07 03:35:00,2.24721,2.24781,2.2465,2.24775,417
2025-03-07 03:40:00,2.24773,2.24869,2.24765,2.24856,404
2025-03-07 03:45:00,2.24855,2.2486,2.2479,2.24812,373
2025-03-07 03:50:00,2.2482,2.2484,2.2475,2.24824,346
2025-03-07 03:55:00,2.24828,2.24842,2.24752,2.24798,368
2025-03-07 04:00:00,2.24798,2.24863,2.2478,2.24821,421
2025-03-07 04:05:00,2.24819,2.24919,2.24819,2.24907,368
2025-03-07 04:10:00,2.2491,2.24939,2.24876,2.24883,383
2025-03-07 04:15:00,2.24881,2.24899,2.24808,2.24818,386
2025-03-07 04:20:00,2.24817,2.2486800000000002,2.24811,2.24857,382
2025-03-07 04:25:00,2.24858,2.24884,2.2485,2.2488,321
2025-03-07 04:30:00,2.24882,2.24903,2.24867,2.24869,374
2025-03-07 04:35:00,2.24871,2.24918,2.24844,2.24913,319
2025-03-07 04:40:00,2.24917,2.24972,2.24913,2.2495,280
2025-03-07 04:45:00,2.24948,2.24998,2.24937,2.24987,250
2025-03-07 04:50:00,2.24986,2.25089,2.24986,2.25078,312
2025-03-07 04:55:00,2.25076,2.25184,2.25072,2.25183,312
2025-03-07 05:00:00,2.25179,2.25272,2.25123,2.25134,426
2025-03-07 05:05:00,2.25138,2.25149,2.25065,2.25078,331
2025-03-07 05:10:00,2.25076,2.25101,2.25069,2.25078,297
2025-03-07 05:15:00,2.25073,2.25123,2.2506,2.25063,367
2025-03-07 05:20:00,2.25065,2.25145,2.25028,2.25105,349
2025-03-07 05:25:00,2.25106,2.25192,2.25106,2.25176,374
2025-03-07 05:30:00,2.25176,2.25203,2.25149,2.25187,423
2025-03-07 05:35:00,2.25188,2.25238,2.25102,2.25209,422
2025-03-07 05:40:00,2.2521,2.25284,2.25189,2.25264,339
2025-03-07 05:45:00,2.25263,2.25263,2.25203,2.25251,244
2025-03-07 05:50:00,2.2525,2.25398,2.2525,2.25385,320
2025-03-07 05:55:00,2.25383,2.25397,2.25347,2.25393,323
2025-03-07 06:00:00,2.25395,2.25408,2.25359,2.25367,296
2025-03-07 06:05:00,2.2536300000000002,2.25438,2.25362,2.25399,277
2025-03-07 06:10:00,2.25397,2.25426,2.25359,2.25381,251
2025-03-07 06:15:00,2.25383,2.254,2.25343,2.25371,356
2025-03-07 06:20:00,2.25375,2.25447,2.25364,2.25435,310
2025-03-07 06:25:00,2.25434,2.25448,2.25403,2.2541700000000002,272
2025-03-07 06:30:00,2.25416,2.25435,2.25386,2.25404,275
2025-03-07 06:35:00,2.25408,2.25412,2.25391,2.25397,207
2025-03-07 06:40:00,2.25395,2.25407,2.25355,2.25367,225
2025-03-07 06:45:00,2.25368,2.25385,2.25353,2.2536,243
2025-03-07 06:50:00,2.2536,2.25387,2.2535,2.25382,216
2025-03-07 06:55:00,2.25384,2.25405,2.2537,2.25379,271
2025-03-07 07:00:00,2.25381,2.2549,2.25377,2.2549,362
2025-03-07 07:05:00,2.25488,2.25495,2.25458,2.25483,281
2025-03-07 07:10:00,2.2548,2.25535,2.25479,2.25483,291
2025-03-07 07:15:00,2.25482,2.2551,2.25456,2.25461,269
2025-03-07 07:20:00,2.25467,2.25472,2.2543,2.25447,308
2025-03-07 07:25:00,2.25448,2.25479,2.25438,2.25474,332
2025-03-07 07:30:00,2.25476,2.25508,2.2546,2.25475,379
2025-03-07 07:35:00,2.25476,2.25497,2.25463,2.25479,348
2025-03-07 07:40:00,2.2548,2.2556599999999998,2.25471,2.25554,338
2025-03-07 07:45:00,2.25555,2.25555,2.255,2.25521,309
2025-03-07 07:50:00,2.25527,2.25527,2.25457,2.25504,313
2025-03-07 07:55:00,2.2550499999999998,2.25514,2.2548,2.25491,307
2025-03-07 08:00:00,2.25491,2.25499,2.25462,2.25468,381
2025-03-07 08:05:00,2.25467,2.25583,2.25461,2.25583,359
2025-03-07 08:10:00,2.25581,2.25631,2.25564,2.25564,434
2025-03-07 08:15:00,2.25571,2.25643,2.25568,2.25604,407
2025-03-07 08:20:00,2.25603,2.2571,2.25587,2.25703,340
2025-03-07 08:25:00,2.25702,2.25846,2.25695,2.25831,369
2025-03-07 08:30:00,2.25833,2.25859,2.25741,2.25762,439
2025-03-07 08:35:00,2.25759,2.25808,2.25755,2.25799,316
2025-03-07 08:40:00,2.25797,2.25805,2.25734,2.25763,390
2025-03-07 08:45:00,2.25765,2.25765,2.25707,2.2572200000000002,346
2025-03-07 08:50:00,2.2572,2.2572200000000002,2.25645,2.25678,374
2025-03-07 08:55:00,2.2568,2.25704,2.25638,2.25644,309
2025-03-07 09:00:00,2.25636,2.2566,2.25558,2.25603,458
2025-03-07 09:05:00,2.25597,2.25622,2.25504,2.2550499999999998,473
2025-03-07 09:10:00,2.25502,2.25518,2.25464,2.25473,410
2025-03-07 09:15:00,2.25472,2.25512,2.25448,2.25469,351
2025-03-07 09:20:00,2.25471,2.25502,2.25432,2.25438,340
2025-03-07 09:25:00,2.25439,2.25496,2.25406,2.2544399999999998,385
2025-03-07 09:30:00,2.25446,2.25542,2.25419,2.2549,428
2025-03-07 09:35:00,2.25491,2.25504,2.25447,2.25497,392
2025-03-07 09:40:00,2.25496,2.25506,2.25439,2.2549,443
2025-03-07 09:45:00,2.25489,2.25524,2.25459,2.25487,477
2025-03-07 09:50:00,2.2548500000000002,2.25501,2.25439,2.2549,361
2025-03-07 09:55:00,2.25487,2.25569,2.2548,2.25533,480
2025-03-07 10:00:00,2.25534,2.25618,2.25527,2.25573,554
2025-03-07 10:05:00,2.25573,2.25602,2.25499,2.25499,476
2025-03-07 10:10:00,2.25502,2.25548,2.25494,2.25506,493
2025-03-07 10:15:00,2.2550499999999998,2.25565,2.25504,2.2553900000000002,470
2025-03-07 10:20:00,2.25536,2.2556599999999998,2.25497,2.25514,447
2025-03-07 10:25:00,2.25515,2.25581,2.25471,2.25471,495
2025-03-07 10:30:00,2.25475,2.25542,2.25463,2.25515,485
2025-03-07 10:35:00,2.25513,2.25597,2.25499,2.25597,436
2025-03-07 10:40:00,2.25592,2.25615,2.25535,2.25535,439
2025-03-07 10:45:00,2.25535,2.25563,2.25512,2.25563,460
2025-03-07 10:50:00,2.25563,2.25595,2.2547800000000002,2.25479,427
2025-03-07 10:55:00,2.2547,2.25576,2.2547,2.25545,460
2025-03-07 11:00:00,2.2554600000000002,2.25558,2.25468,2.25507,419
2025-03-07 11:05:00,2.25508,2.25544,2.25467,2.25471,460
2025-03-07 11:10:00,2.25472,2.25606,2.25461,2.25601,511
2025-03-07 11:15:00,2.25591,2.25714,2.25585,2.25687,584
2025-03-07 11:20:00,2.25686,2.25694,2.25595,2.25599,474
2025-03-07 11:25:00,2.25597,2.25711,2.25574,2.25703,463
2025-03-07 11:30:00,2.25703,2.258,2.25694,2.25739,393
2025-03-07 11:35:00,2.25738,2.25788,2.25716,2.25754,329
2025-03-07 11:40:00,2.25752,2.25807,2.2575,2.25776,363
2025-03-07 11:45:00,2.25774,2.25854,2.25759,2.25793,391
2025-03-07 11:50:00,2.25791,2.25916,2.25766,2.25902,424
2025-03-07 11:55:00,2.2591,2.25943,2.25873,2.2589,312
2025-03-07 12:00:00,2.25891,2.26043,2.25883,2.26012,343
2025-03-07 12:05:00,2.26013,2.26023,2.2591200000000002,2.25915,397
2025-03-07 12:10:00,2.25913,2.2596600000000002,2.25909,2.25946,386
2025-03-07 12:15:00,2.25946,2.25968,2.2584,2.25848,379
2025-03-07 12:20:00,2.25847,2.2586,2.2580299999999998,2.25855,308
2025-03-07 12:25:00,2.25855,2.25899,2.25802,2.25831,385
2025-03-07 12:30:00,2.2583,2.2585,2.25784,2.25806,377
2025-03-07 12:35:00,2.25806,2.25807,2.25673,2.25678,407
2025-03-07 12:40:00,2.25682,2.25716,2.2563,2.2563,388
2025-03-07 12:45:00,2.25629,2.2578300000000002,2.25616,2.25777,334
2025-03-07 12:50:00,2.25776,2.2579000000000002,2.2573,2.25741,372
2025-03-07 12:55:00,2.25731,2.25731,2.25671,2.25714,359
2025-03-07 13:00:00,2.25703,2.25763,2.25697,2.25719,382
2025-03-07 13:05:00,2.25718,2.25765,2.2568799999999998,2.2576,418
2025-03-07 13:10:00,2.25763,2.25872,2.25762,2.25852,382
2025-03-07 13:15:00,2.25854,2.25907,2.25846,2.25906,323
2025-03-07 13:20:00,2.25907,2.25963,2.25879,2.259,394
2025-03-07 13:25:00,2.25902,2.25965,2.25894,2.25939,360
2025-03-07 13:30:00,2.25936,2.25979,2.25913,2.25972,379
2025-03-07 13:35:00,2.25971,2.2602,2.2596600000000002,2.2599299999999998,353
2025-03-07 13:40:00,2.25994,2.26065,2.25968,2.26043,373
2025-03-07 13:45:00,2.26044,2.26071,2.25982,2.26058,353
2025-03-07 13:50:00,2.26057,2.26105,2.26025,2.26085,376
2025-03-07 13:55:00,2.26087,2.26178,2.26077,2.2615,359
2025-03-07 14:00:00,2.26154,2.26154,2.25952,2.2597300000000002,457
2025-03-07 14:05:00,2.25972,2.25992,2.25847,2.2585,384
2025-03-07 14:10:00,2.2585100000000002,2.25943,2.25836,2.25893,515
2025-03-07 14:15:00,2.25894,2.25907,2.25822,2.25868,446
2025-03-07 14:20:00,2.25869,2.25916,2.25854,2.25884,389
2025-03-07 14:25:00,2.25886,2.2590500000000002,2.2584,2.25872,334
2025-03-07 14:30:00,2.25863,2.25867,2.25801,2.25846,389
2025-03-07 14:35:00,2.25846,2.25913,2.25824,2.25889,392
2025-03-07 14:40:00,2.25891,2.25971,2.2585,2.25967,446
2025-03-07 14:45:00,2.25968,2.26147,2.25958,2.26052,459
2025-03-07 14:50:00,2.26051,2.26096,2.2597300000000002,2.25985,449
2025-03-07 14:55:00,2.25983,2.26062,2.25958,2.26037,490
2025-03-07 15:00:00,2.2604,2.2608,2.26008,2.26019,439
2025-03-07 15:05:00,2.26022,2.26089,2.26006,2.26069,486
2025-03-07 15:10:00,2.2607,2.26119,2.26057,2.26096,465
2025-03-07 15:15:00,2.26096,2.26122,2.26035,2.26062,516
2025-03-07 15:20:00,2.26066,2.26141,2.26065,2.26085,508
2025-03-07 15:25:00,2.26086,2.26119,2.26042,2.26079,542
2025-03-07 15:30:00,2.25872,2.26315,2.25863,2.25944,996
2025-03-07 15:35:00,2.25942,2.26004,2.25836,2.25874,886
2025-03-07 15:40:00,2.2586399999999998,2.25901,2.25774,2.25798,824
2025-03-07 15:45:00,2.25797,2.25838,2.2574899999999998,2.25825,774
2025-03-07 15:50:00,2.25824,2.25902,2.25779,2.25877,748
2025-03-07 15:55:00,2.25878,2.26086,2.25857,2.26072,770
2025-03-07 16:00:00,2.26074,2.266,2.26008,2.26415,831
2025-03-07 16:05:00,2.26414,2.26424,2.26267,2.263,716
2025-03-07 16:10:00,2.26301,2.26396,2.26279,2.26388,718
2025-03-07 16:15:00,2.26386,2.26405,2.26318,2.26405,675
2025-03-07 16:20:00,2.26409,2.2641,2.26228,2.26242,650
2025-03-07 16:25:00,2.2624,2.26251,2.26151,2.26154,587
2025-03-07 16:30:00,2.2615600000000002,2.26302,2.26137,2.26295,721
2025-03-07 16:35:00,2.26296,2.26311,2.26157,2.26261,706
2025-03-07 16:40:00,2.26259,2.26318,2.26197,2.26244,689
2025-03-07 16:45:00,2.26251,2.26305,2.2622,2.26243,714
2025-03-07 16:50:00,2.26239,2.26269,2.26144,2.26151,652
2025-03-07 16:55:00,2.26148,2.26172,2.26076,2.26084,641
2025-03-07 17:00:00,2.26099,2.262,2.26086,2.26112,693
2025-03-07 17:05:00,2.26114,2.26167,2.25942,2.25962,664
2025-03-07 17:10:00,2.25962,2.26025,2.25922,2.25969,646
2025-03-07 17:15:00,2.2597,2.26031,2.25921,2.2601,639
2025-03-07 17:20:00,2.2601,2.2605,2.25953,2.25963,604
2025-03-07 17:25:00,2.25964,2.25979,2.25911,2.25958,643
2025-03-07 17:30:00,2.25956,2.26081,2.25946,2.2605,652
2025-03-07 17:35:00,2.26048,2.26058,2.25988,2.25989,671
2025-03-07 17:40:00,2.25991,2.26025,2.25951,2.26009,665
2025-03-07 17:45:00,2.26007,2.26152,2.25921,2.26102,709
2025-03-07 17:50:00,2.26111,2.2612,2.2596600000000002,2.26002,795
2025-03-07 17:55:00,2.26001,2.26046,2.2587,2.26043,750
2025-03-07 18:00:00,2.26037,2.2616,2.2602700000000002,2.26103,686
2025-03-07 18:05:00,2.26103,2.26186,2.26044,2.26146,563
2025-03-07 18:10:00,2.26144,2.26203,2.26067,2.26201,476
2025-03-07 18:15:00,2.26195,2.26202,2.26074,2.26119,489
2025-03-07 18:20:00,2.26121,2.2617,2.26079,2.26152,463
2025-03-07 18:25:00,2.2615,2.2617,2.2610799999999998,2.26166,536
2025-03-07 18:30:00,2.26171,2.26185,2.26128,2.2615,616
2025-03-07 18:35:00,2.26147,2.26215,2.26107,2.26193,557
2025-03-07 18:40:00,2.26196,2.26231,2.26164,2.26182,599
2025-03-07 18:45:00,2.26181,2.26269,2.2618,2.26231,568
2025-03-07 18:50:00,2.26228,2.2631,2.2622,2.26257,547
2025-03-07 18:55:00,2.26254,2.26264,2.26198,2.2622999999999998,557
2025-03-07 19:00:00,2.26215,2.26235,2.26146,2.26211,568
2025-03-07 19:05:00,2.26212,2.26342,2.26202,2.26332,711
2025-03-07 19:10:00,2.2633,2.26331,2.26267,2.26305,587
2025-03-07 19:15:00,2.26307,2.26391,2.26259,2.26373,574
2025-03-07 19:20:00,2.2637,2.26386,2.26337,2.26363,500
2025-03-07 19:25:00,2.26365,2.26479,2.26354,2.2647399999999998,343
2025-03-07 19:30:00,2.26478,2.26518,2.2636,2.26363,499
2025-03-07 19:35:00,2.26365,2.26375,2.26258,2.26266,590
2025-03-07 19:40:00,2.26274,2.26303,2.2624,2.263,544
2025-03-07 19:45:00,2.26299,2.2639,2.26253,2.26382,557
2025-03-07 19:50:00,2.26381,2.2648,2.26377,2.2646100000000002,542
2025-03-07 19:55:00,2.26463,2.26564,2.26443,2.26505,578
2025-03-07 20:00:00,2.26502,2.2658,2.26469,2.26488,577
2025-03-07 20:05:00,2.26483,2.26532,2.26448,2.26485,555
2025-03-07 20:10:00,2.26487,2.26537,2.26477,2.26507,507
2025-03-07 20:15:00,2.26511,2.26543,2.26486,2.2649,567
2025-03-07 20:20:00,2.26496,2.26525,2.26479,2.26506,448
2025-03-07 20:25:00,2.26509,2.26531,2.26484,2.26498,469
2025-03-07 20:30:00,2.26502,2.26525,2.2648099999999998,2.26515,403
2025-03-07 20:35:00,2.26511,2.26521,2.26472,2.26497,505
2025-03-07 20:40:00,2.26499,2.26537,2.2647,2.2653499999999998,521
2025-03-07 20:45:00,2.26536,2.26558,2.26472,2.2648099999999998,471
2025-03-07 20:50:00,2.26478,2.26494,2.26372,2.26395,397
2025-03-07 20:55:00,2.26392,2.2643,2.26372,2.26428,426
2025-03-07 21:00:00,2.26435,2.26445,2.26374,2.26385,468
2025-03-07 21:05:00,2.26384,2.26384,2.26337,2.26365,441
2025-03-07 21:10:00,2.26369,2.26376,2.2634600000000002,2.26355,433
2025-03-07 21:15:00,2.26356,2.26387,2.26342,2.26342,434
2025-03-07 21:20:00,2.26341,2.26382,2.26331,2.26357,369
2025-03-07 21:25:00,2.26356,2.26381,2.26342,2.26345,455
2025-03-07 21:30:00,2.26347,2.26354,2.26255,2.26262,402
2025-03-07 21:35:00,2.26261,2.26269,2.2621,2.26223,423
2025-03-07 21:40:00,2.26223,2.26224,2.26155,2.26178,447
2025-03-07 21:45:00,2.26177,2.262,2.26135,2.26197,485
2025-03-07 21:50:00,2.26193,2.26265,2.26193,2.26207,449
2025-03-07 21:55:00,2.2621,2.26285,2.26193,2.26274,380
2025-03-07 22:00:00,2.26276,2.2629799999999998,2.262,2.26228,410
2025-03-07 22:05:00,2.26226,2.26244,2.26202,2.26202,396
2025-03-07 22:10:00,2.26205,2.26247,2.26201,2.26225,419
2025-03-07 22:15:00,2.26226,2.26236,2.26197,2.26212,437
2025-03-07 22:20:00,2.26211,2.2623699999999998,2.26203,2.26231,315
2025-03-07 22:25:00,2.26234,2.26235,2.26186,2.26195,339
2025-03-07 22:30:00,2.26191,2.26211,2.26187,2.26194,329
2025-03-07 22:35:00,2.26193,2.26245,2.26186,2.2621,385
2025-03-07 22:40:00,2.26212,2.2622999999999998,2.2619,2.26221,326
2025-03-07 22:45:00,2.26219,2.26234,2.262,2.26212,349
2025-03-07 22:50:00,2.26214,2.26274,2.26213,2.26236,319
2025-03-07 22:55:00,2.26234,2.26244,2.26164,2.26209,388
2025-03-07 23:00:00,2.26154,2.26166,2.26102,2.26157,248
2025-03-07 23:05:00,2.26159,2.26185,2.26139,2.26139,180
2025-03-07 23:10:00,2.26138,2.2615600000000002,2.26127,2.26152,193
2025-03-07 23:15:00,2.26153,2.26182,2.26136,2.2615,237
2025-03-07 23:20:00,2.26148,2.26179,2.26111,2.26111,89
2025-03-07 23:25:00,2.26113,2.26145,2.26102,2.26129,161
2025-03-07 23:30:00,2.26132,2.26161,2.26126,2.26137,200
2025-03-07 23:35:00,2.26139,2.26163,2.26129,2.26157,174
2025-03-07 23:40:00,2.26166,2.2617599999999998,2.26125,2.26154,275
2025-03-07 23:45:00,2.26146,2.26177,2.26112,2.26158,213
2025-03-07 23:50:00,2.26157,2.26221,2.2614900000000002,2.26193,482
2025-03-07 23:55:00,2.26154,2.26172,2.25895,2.25947,926
2025-03-10 00:00:00,2.25789,2.2631,2.25789,2.26294,236
2025-03-10 00:05:00,2.26295,2.26304,2.26193,2.26244,182
2025-03-10 00:10:00,2.26254,2.26358,2.26205,2.26356,164
2025-03-10 00:15:00,2.26365,2.26365,2.26218,2.26257,346
2025-03-10 00:20:00,2.2626,2.26295,2.26201,2.26218,470
2025-03-10 00:25:00,2.26219,2.26224,2.2616899999999998,2.26179,491
2025-03-10 00:30:00,2.26186,2.26242,2.2615600000000002,2.26228,612
2025-03-10 00:35:00,2.2622,2.26281,2.26181,2.26265,603
2025-03-10 00:40:00,2.26263,2.26292,2.26194,2.26207,403
2025-03-10 00:45:00,2.26205,2.26293,2.26186,2.26289,286
2025-03-10 00:50:00,2.26288,2.26394,2.26281,2.2638,331
2025-03-10 00:55:00,2.26384,2.26429,2.26383,2.26415,239
2025-03-10 01:00:00,2.26435,2.26552,2.26435,2.26548,438
2025-03-10 01:05:00,2.2655,2.26598,2.26496,2.26523,370
2025-03-10 01:10:00,2.2652200000000002,2.26548,2.26478,2.26519,302
2025-03-10 01:15:00,2.2652200000000002,2.26527,2.26383,2.26397,346
2025-03-10 01:20:00,2.26396,2.26497,2.26395,2.26476,315
2025-03-10 01:25:00,2.26478,2.26487,2.26451,2.26462,228
2025-03-10 01:30:00,2.2646100000000002,2.26483,2.26438,2.26446,312
2025-03-10 01:35:00,2.26445,2.26447,2.26404,2.26408,235
2025-03-10 01:40:00,2.2640700000000002,2.26499,2.26401,2.26467,231
2025-03-10 01:45:00,2.26463,2.26497,2.26431,2.26445,331
2025-03-10 01:50:00,2.26447,2.26554,2.26432,2.26492,344
2025-03-10 01:55:00,2.26491,2.26515,2.26454,2.26505,268
2025-03-10 02:00:00,2.26506,2.26615,2.26505,2.26562,445
2025-03-10 02:05:00,2.26559,2.26567,2.26415,2.26434,348
2025-03-10 02:10:00,2.26432,2.2646800000000002,2.26411,2.26438,405
2025-03-10 02:15:00,2.26436,2.26473,2.26428,2.26456,485
2025-03-10 02:20:00,2.26459,2.26497,2.26423,2.26475,373
2025-03-10 02:25:00,2.2647399999999998,2.2653499999999998,2.2646,2.2646,357
2025-03-10 02:30:00,2.2646100000000002,2.2646100000000002,2.26328,2.26353,412
2025-03-10 02:35:00,2.2635,2.26384,2.26327,2.2637,356
2025-03-10 02:40:00,2.26369,2.26393,2.26333,2.26371,464
2025-03-10 02:45:00,2.26373,2.26434,2.26354,2.2641,380
2025-03-10 02:50:00,2.2641299999999998,2.26436,2.26324,2.26327,443
2025-03-10 02:55:00,2.26328,2.26328,2.26262,2.26299,442
2025-03-10 03:00:00,2.263,2.26321,2.26197,2.2624,577
2025-03-10 03:05:00,2.2623699999999998,2.2625,2.26168,2.26207,423
2025-03-10 03:10:00,2.26205,2.26218,2.26122,2.2616,383
2025-03-10 03:15:00,2.26159,2.26221,2.26146,2.26185,385
2025-03-10 03:20:00,2.26187,2.26187,2.26119,2.26136,379
2025-03-10 03:25:00,2.26134,2.26231,2.26131,2.26189,401
2025-03-10 03:30:00,2.26189,2.26197,2.26072,2.26084,441
2025-03-10 03:35:00,2.26085,2.26135,2.26077,2.26111,458
2025-03-10 03:40:00,2.2611,2.2614900000000002,2.26087,2.26094,399
2025-03-10 03:45:00,2.26097,2.26122,2.2604,2.26081,420
2025-03-10 03:50:00,2.26084,2.2608800000000002,2.26006,2.26026,354
2025-03-10 03:55:00,2.26022,2.26028,2.2594,2.25981,376
2025-03-10 04:00:00,2.25982,2.26017,2.25928,2.26007,395
2025-03-10 04:05:00,2.26009,2.26064,2.25995,2.26005,356
2025-03-10 04:10:00,2.26004,2.26068,2.2599299999999998,2.26002,375
2025-03-10 04:15:00,2.25996,2.26053,2.25958,2.26031,421
2025-03-10 04:20:00,2.2602700000000002,2.2604,2.25975,2.25975,314
2025-03-10 04:25:00,2.25976,2.25991,2.25934,2.25941,357
2025-03-10 04:30:00,2.2593199999999998,2.25967,2.25919,2.25919,395
2025-03-10 04:35:00,2.25918,2.2604699999999998,2.25915,2.2603,388
2025-03-10 04:40:00,2.26029,2.26056,2.26014,2.26035,381
2025-03-10 04:45:00,2.26033,2.26085,2.26028,2.26071,445
2025-03-10 04:50:00,2.26069,2.26145,2.26069,2.26123,330
2025-03-10 04:55:00,2.26124,2.26135,2.26092,2.26118,371
2025-03-10 05:00:00,2.26119,2.2615600000000002,2.26114,2.26154,390
2025-03-10 05:05:00,2.26153,2.26153,2.26103,2.26152,344
2025-03-10 05:10:00,2.26153,2.26316,2.26152,2.26313,415
2025-03-10 05:15:00,2.26313,2.26335,2.26216,2.2623699999999998,354
2025-03-10 05:20:00,2.2623699999999998,2.26283,2.26222,2.2624,380
2025-03-10 05:25:00,2.26238,2.2626,2.26213,2.26233,302
2025-03-10 05:30:00,2.26234,2.26234,2.26139,2.26153,322
2025-03-10 05:35:00,2.2615,2.26167,2.2611499999999998,2.26126,259
2025-03-10 05:40:00,2.26125,2.26141,2.2603400000000002,2.26046,290
2025-03-10 05:45:00,2.26042,2.26042,2.25965,2.25988,292
2025-03-10 05:50:00,2.25989,2.26023,2.25972,2.26,304
2025-03-10 05:55:00,2.26,2.26025,2.25988,2.26017,358
2025-03-10 06:00:00,2.26018,2.26018,2.25954,2.2598,269
2025-03-10 06:05:00,2.25978,2.2598,2.25922,2.25939,266
2025-03-10 06:10:00,2.25941,2.2598599999999998,2.2592,2.25981,217
2025-03-10 06:15:00,2.25984,2.26004,2.2596,2.25996,197
2025-03-10 06:20:00,2.25998,2.26016,2.25968,2.25983,237
2025-03-10 06:25:00,2.25982,2.25994,2.25968,2.25985,241
2025-03-10 06:30:00,2.25983,2.25995,2.25947,2.2597300000000002,253
2025-03-10 06:35:00,2.25977,2.2599299999999998,2.25953,2.25962,275
2025-03-10 06:40:00,2.25963,2.25975,2.25937,2.25952,211
2025-03-10 06:45:00,2.25951,2.2596600000000002,2.25882,2.25886,254
2025-03-10 06:50:00,2.25884,2.25903,2.25865,2.25901,257
2025-03-10 06:55:00,2.25899,2.25906,2.25859,2.25885,248
2025-03-10 07:00:00,2.25883,2.25906,2.25858,2.2587,278
2025-03-10 07:05:00,2.25868,2.25906,2.25868,2.25884,240
2025-03-10 07:10:00,2.25882,2.25895,2.25782,2.25794,373
2025-03-10 07:15:00,2.25795,2.25806,2.25713,2.25727,365
2025-03-10 07:20:00,2.25726,2.25727,2.25691,2.25708,293
2025-03-10 07:25:00,2.25705,2.2573,2.25703,2.25721,266
2025-03-10 07:30:00,2.25719,2.25738,2.25697,2.25711,320
2025-03-10 07:35:00,2.25712,2.25759,2.25708,2.25719,306
2025-03-10 07:40:00,2.25721,2.25735,2.25708,2.2572900000000002,370
2025-03-10 07:45:00,2.25735,2.2574899999999998,2.25706,2.25736,319
2025-03-10 07:50:00,2.25735,2.25784,2.2572900000000002,2.25739,308
2025-03-10 07:55:00,2.25738,2.25788,2.25723,2.25761,392
2025-03-10 08:00:00,2.2576,2.25807,2.2575,2.25751,341
2025-03-10 08:05:00,2.25752,2.25788,2.25711,2.2572,326
2025-03-10 08:10:00,2.25718,2.25725,2.25665,2.25671,366
2025-03-10 08:15:00,2.25669,2.25685,2.25631,2.25633,389
2025-03-10 08:20:00,2.25634,2.25649,2.25577,2.25585,436
2025-03-10 08:25:00,2.25584,2.25631,2.25567,2.25605,358
2025-03-10 08:30:00,2.25605,2.2564,2.25574,2.25578,345
2025-03-10 08:35:00,2.25579,2.25631,2.25552,2.25602,354
2025-03-10 08:40:00,2.2560000000000002,2.25616,2.25553,2.25568,374
2025-03-10 08:45:00,2.25567,2.25583,2.25514,2.25521,380
2025-03-10 08:50:00,2.2552,2.25591,2.25516,2.25585,340
2025-03-10 08:55:00,2.25584,2.25614,2.25572,2.25587,366
2025-03-10 09:00:00,2.25586,2.25604,2.25507,2.25522,456
2025-03-10 09:05:00,2.25524,2.25564,2.25476,2.2549,445
2025-03-10 09:10:00,2.25489,2.25508,2.25448,2.25476,471
2025-03-10 09:15:00,2.2548,2.25502,2.25406,2.25442,460
2025-03-10 09:20:00,2.25443,2.2554600000000002,2.25441,2.25543,421
2025-03-10 09:25:00,2.2554,2.2554,2.2548,2.255,375
2025-03-10 09:30:00,2.25501,2.25502,2.25364,2.2539,455
2025-03-10 09:35:00,2.25392,2.25412,2.25351,2.25374,465
2025-03-10 09:40:00,2.25371,2.25373,2.25277,2.25319,462
2025-03-10 09:45:00,2.25319,2.25325,2.2524,2.25285,532
2025-03-10 09:50:00,2.25284,2.25284,2.25226,2.25242,504
2025-03-10 09:55:00,2.25238,2.25245,2.24966,2.25001,532
2025-03-10 10:00:00,2.25001,2.25044,2.24895,2.24912,510
2025-03-10 10:05:00,2.24911,2.24973,2.24853,2.24928,617
2025-03-10 10:10:00,2.24926,2.24932,2.24853,2.24887,612
2025-03-10 10:15:00,2.24885,2.24901,2.24812,2.24883,596
2025-03-10 10:20:00,2.24881,2.24941,2.24852,2.24928,547
2025-03-10 10:25:00,2.24925,2.24998,2.24919,2.24977,595
2025-03-10 10:30:00,2.24976,2.25038,2.24968,2.25028,506
2025-03-10 10:35:00,2.25023,2.25035,2.24927,2.24927,500
2025-03-10 10:40:00,2.24926,2.24935,2.24857,2.24862,480
2025-03-10 10:45:00,2.24862,2.24897,2.24841,2.24858,456
2025-03-10 10:50:00,2.24861,2.24879,2.24811,2.24823,519
2025-03-10 10:55:00,2.24824,2.24865,2.24779,2.24814,549
2025-03-10 11:00:00,2.24813,2.24865,2.24783,2.24847,491
2025-03-10 11:05:00,2.24848,2.24878,2.24779,2.24786,501
2025-03-10 11:10:00,2.24783,2.2487,2.24757,2.24862,468
2025-03-10 11:15:00,2.2485,2.2488799999999998,2.24821,2.24864,524
2025-03-10 11:20:00,2.24862,2.2494899999999998,2.24832,2.24911,522
2025-03-10 11:25:00,2.24912,2.24948,2.24881,2.24887,535
2025-03-10 11:30:00,2.24889,2.24926,2.24773,2.24779,431
2025-03-10 11:35:00,2.24778,2.24837,2.24745,2.24813,405
2025-03-10 11:40:00,2.24815,2.2484,2.24789,2.248,425
2025-03-10 11:45:00,2.24798,2.24902,2.24788,2.24845,536
2025-03-10 11:50:00,2.24846,2.24874,2.24818,2.24837,396
2025-03-10 11:55:00,2.24838,2.24879,2.24805,2.24873,490
2025-03-10 12:00:00,2.24876,2.2492,2.24858,2.24908,517
2025-03-10 12:05:00,2.24903,2.2496,2.24872,2.24922,473
2025-03-10 12:10:00,2.24919,2.24999,2.2489,2.2499000000000002,451
2025-03-10 12:15:00,2.24991,2.25053,2.24964,2.25017,482
2025-03-10 12:20:00,2.25017,2.25023,2.24899,2.24945,461
2025-03-10 12:25:00,2.24938,2.25078,2.24926,2.25068,517
2025-03-10 12:30:00,2.25067,2.25256,2.25067,2.25215,502
2025-03-10 12:35:00,2.25216,2.25277,2.25182,2.25211,431
2025-03-10 12:40:00,2.25207,2.25294,2.25199,2.25276,461
2025-03-10 12:45:00,2.25279,2.25331,2.25243,2.25298,418
2025-03-10 12:50:00,2.253,2.25325,2.25276,2.2531,395
2025-03-10 12:55:00,2.25317,2.25333,2.25235,2.25277,435
2025-03-10 13:00:00,2.25278,2.25341,2.25205,2.25281,546
2025-03-10 13:05:00,2.25281,2.25381,2.25227,2.25372,796
2025-03-10 13:10:00,2.25371,2.25432,2.25365,2.25365,582
2025-03-10 13:15:00,2.2536,2.25401,2.25276,2.25283,636
2025-03-10 13:20:00,2.25283,2.25387,2.25246,2.2538,435
2025-03-10 13:25:00,2.2538,2.25393,2.25309,2.2535,385
2025-03-10 13:30:00,2.25349,2.25395,2.2530200000000002,2.2530200000000002,414
2025-03-10 13:35:00,2.253,2.2534,2.25292,2.25308,393
2025-03-10 13:40:00,2.25299,2.25354,2.25243,2.25333,394
2025-03-10 13:45:00,2.25332,2.25435,2.25317,2.25426,431
2025-03-10 13:50:00,2.25425,2.2543699999999998,2.2530200000000002,2.25325,351
2025-03-10 13:55:00,2.25328,2.25352,2.25274,2.25301,368
2025-03-10 14:00:00,2.25304,2.25324,2.25257,2.25301,495
2025-03-10 14:05:00,2.253,2.25347,2.25278,2.25344,430
2025-03-10 14:10:00,2.25333,2.25371,2.25279,2.25369,490
2025-03-10 14:15:00,2.25361,2.25413,2.25319,2.25351,513
2025-03-10 14:20:00,2.25338,2.25382,2.2531,2.25353,468
2025-03-10 14:25:00,2.25355,2.2535600000000002,2.25259,2.2531,475
2025-03-10 14:30:00,2.25312,2.25392,2.25283,2.25387,554
2025-03-10 14:35:00,2.25386,2.25398,2.2532,2.2532,474
2025-03-10 14:40:00,2.25322,2.2543699999999998,2.25314,2.25433,529
2025-03-10 14:45:00,2.25427,2.25458,2.25371,2.25408,540
2025-03-10 14:50:00,2.25406,2.25427,2.25328,2.25333,448
2025-03-10 14:55:00,2.25337,2.25455,2.25331,2.254,518
2025-03-10 15:00:00,2.25391,2.25477,2.25341,2.25432,546
2025-03-10 15:05:00,2.25431,2.25535,2.25415,2.25533,535
2025-03-10 15:10:00,2.25534,2.25568,2.25483,2.25502,634
2025-03-10 15:15:00,2.25503,2.25551,2.2544399999999998,2.2546,516
2025-03-10 15:20:00,2.25462,2.2547800000000002,2.25439,2.2545,478
2025-03-10 15:25:00,2.25449,2.25449,2.25362,2.25382,418
2025-03-10 15:30:00,2.2538,2.25409,2.25361,2.25387,600
2025-03-10 15:35:00,2.25387,2.25525,2.2536300000000002,2.25504,584
2025-03-10 15:40:00,2.25506,2.25523,2.25427,2.25479,571
2025-03-10 15:45:00,2.2548,2.25506,2.25398,2.25451,574
2025-03-10 15:50:00,2.25448,2.25448,2.25355,2.25383,543
2025-03-10 15:55:00,2.25378,2.25471,2.25329,2.2544,575
2025-03-10 16:00:00,2.25442,2.25457,2.25354,2.25366,614
2025-03-10 16:05:00,2.25367,2.25408,2.25305,2.25317,583
2025-03-10 16:10:00,2.2532,2.25347,2.25264,2.25343,595
2025-03-10 16:15:00,2.25343,2.25503,2.25332,2.2547800000000002,609
2025-03-10 16:20:00,2.2547800000000002,2.2553900000000002,2.25438,2.2549799999999998,627
2025-03-10 16:25:00,2.25495,2.25499,2.25416,2.25451,607
2025-03-10 16:30:00,2.25451,2.25454,2.25351,2.25408,577
2025-03-10 16:35:00,2.25401,2.25426,2.25374,2.25402,572
2025-03-10 16:40:00,2.25402,2.25419,2.25338,2.25354,567
2025-03-10 16:45:00,2.25355,2.25434,2.25318,2.25332,592
2025-03-10 16:50:00,2.25337,2.25428,2.25334,2.2541,580
2025-03-10 16:55:00,2.25406,2.25467,2.25382,2.25408,559
2025-03-10 17:00:00,2.25411,2.2543,2.25343,2.25396,620
2025-03-10 17:05:00,2.25398,2.25433,2.25337,2.25374,598
2025-03-10 17:10:00,2.2537599999999998,2.2537599999999998,2.25265,2.25324,528
2025-03-10 17:15:00,2.25326,2.25402,2.25323,2.25359,554
2025-03-10 17:20:00,2.2535600000000002,2.25377,2.25299,2.25329,530
2025-03-10 17:25:00,2.25327,2.25354,2.25287,2.25322,585
2025-03-10 17:30:00,2.25319,2.25331,2.25229,2.25252,517
2025-03-10 17:35:00,2.2525,2.25289,2.25216,2.2525,553
2025-03-10 17:40:00,2.25252,2.25386,2.25245,2.2536300000000002,610
2025-03-10 17:45:00,2.25362,2.25412,2.25347,2.25404,583
2025-03-10 17:50:00,2.254,2.25451,2.25368,2.25372,555
2025-03-10 17:55:00,2.25379,2.25494,2.25371,2.25436,654
2025-03-10 18:00:00,2.2543699999999998,2.25465,2.2537,2.25398,651
2025-03-10 18:05:00,2.25397,2.25401,2.25327,2.25335,500
2025-03-10 18:10:00,2.25332,2.25334,2.25261,2.25316,466
2025-03-10 18:15:00,2.25318,2.25328,2.25242,2.25243,501
2025-03-10 18:20:00,2.25245,2.25306,2.2524,2.25275,421
2025-03-10 18:25:00,2.25276,2.2531,2.25263,2.253,396
2025-03-10 18:30:00,2.25303,2.2535,2.25275,2.25337,494
2025-03-10 18:35:00,2.25335,2.25341,2.25253,2.25298,423
2025-03-10 18:40:00,2.25296,2.25306,2.25247,2.25263,440
2025-03-10 18:45:00,2.25265,2.25287,2.25233,2.25264,447
2025-03-10 18:50:00,2.25267,2.25299,2.2524100000000002,2.25282,440
2025-03-10 18:55:00,2.25281,2.25431,2.2528,2.25416,456
2025-03-10 19:00:00,2.25404,2.25419,2.25359,2.25393,426
2025-03-10 19:05:00,2.25397,2.25397,2.25306,2.25339,445
2025-03-10 19:10:00,2.2534,2.25411,2.25332,2.25399,469
2025-03-10 19:15:00,2.25398,2.25414,2.25367,2.25382,440
2025-03-10 19:20:00,2.25384,2.25394,2.25305,2.2531,462
2025-03-10 19:25:00,2.25316,2.25334,2.25289,2.25329,423
2025-03-10 19:30:00,2.25329,2.25366,2.25314,2.25354,430
2025-03-10 19:35:00,2.25352,2.25392,2.25343,2.25362,406
2025-03-10 19:40:00,2.2536300000000002,2.25368,2.25327,2.2536,369
2025-03-10 19:45:00,2.25354,2.25379,2.25339,2.2537599999999998,342
2025-03-10 19:50:00,2.25377,2.25449,2.25353,2.25392,525
2025-03-10 19:55:00,2.25394,2.25491,2.25373,2.25486,439
2025-03-10 20:00:00,2.25486,2.25633,2.25465,2.25631,502
2025-03-10 20:05:00,2.25635,2.2568799999999998,2.25619,2.2568,476
2025-03-10 20:10:00,2.25679,2.25679,2.25563,2.25636,621
2025-03-10 20:15:00,2.25643,2.25656,2.25564,2.25579,458
2025-03-10 20:20:00,2.2558,2.25589,2.25551,2.25582,424
2025-03-10 20:25:00,2.25584,2.25672,2.25558,2.25654,430
2025-03-10 20:30:00,2.25655,2.25684,2.25637,2.25669,397
2025-03-10 20:35:00,2.2567,2.25833,2.2567,2.2583,347
2025-03-10 20:40:00,2.25834,2.2585,2.25788,2.25839,357
2025-03-10 20:45:00,2.25838,2.25894,2.25828,2.25874,329
2025-03-10 20:50:00,2.25878,2.25975,2.25868,2.2596600000000002,406
2025-03-10 20:55:00,2.25957,2.25974,2.25906,2.25967,413
2025-03-10 21:00:00,2.2596600000000002,2.2596600000000002,2.2591,2.25953,405
2025-03-10 21:05:00,2.25952,2.26009,2.25926,2.25995,456
2025-03-10 21:10:00,2.25998,2.26,2.25891,2.25913,492
2025-03-10 21:15:00,2.25907,2.25971,2.25877,2.25881,413
2025-03-10 21:20:00,2.25879,2.25888,2.25756,2.25763,395
2025-03-10 21:25:00,2.25761,2.25768,2.2568799999999998,2.25758,404
2025-03-10 21:30:00,2.2576,2.2580299999999998,2.25727,2.25738,476
2025-03-10 21:35:00,2.25737,2.25837,2.25737,2.2580299999999998,478
2025-03-10 21:40:00,2.25802,2.25859,2.25791,2.25854,438
2025-03-10 21:45:00,2.25855,2.25877,2.25822,2.25824,464
2025-03-10 21:50:00,2.25825,2.25859,2.25791,2.25853,366
2025-03-10 21:55:00,2.25855,2.2594,2.25849,2.25927,464
2025-03-10 22:00:00,2.25872,2.25872,2.25782,2.25814,365
2025-03-10 22:05:00,2.25813,2.25818,2.2578,2.2580299999999998,215
2025-03-10 22:10:00,2.25805,2.25819,2.25771,2.2580999999999998,201
2025-03-10 22:15:00,2.25812,2.25858,2.25804,2.25857,172
2025-03-10 22:20:00,2.25856,2.25914,2.25852,2.25872,202
2025-03-10 22:25:00,2.25869,2.25928,2.2586,2.25878,203
2025-03-10 22:30:00,2.25881,2.25911,2.25856,2.2587099999999998,222
2025-03-10 22:35:00,2.2587099999999998,2.25902,2.25843,2.25902,306
2025-03-10 22:40:00,2.25897,2.25937,2.25894,2.25922,232
2025-03-10 22:45:00,2.2592,2.2592,2.25874,2.25913,170
2025-03-10 22:50:00,2.25908,2.25935,2.25878,2.25881,390
2025-03-10 22:55:00,2.25944,2.25982,2.25884,2.25891,449
2025-03-10 23:00:00,2.25907,2.25911,2.25782,2.25881,36
2025-03-10 23:05:00,2.25782,2.2594,2.25782,2.25875,42
2025-03-10 23:10:00,2.25875,2.2594,2.2585100000000002,2.2587099999999998,28
2025-03-10 23:15:00,2.25858,2.25862,2.25811,2.2583,69
2025-03-10 23:20:00,2.25832,2.25854,2.25821,2.25829,75
2025-03-10 23:25:00,2.25827,2.2585100000000002,2.2582,2.25848,55
2025-03-10 23:30:00,2.25852,2.2586399999999998,2.25812,2.25853,83
2025-03-10 23:35:00,2.25853,2.25858,2.25807,2.25807,79
2025-03-10 23:40:00,2.25818,2.2585100000000002,2.25816,2.25834,106
2025-03-10 23:45:00,2.2582,2.25822,2.25767,2.2580999999999998,147
2025-03-10 23:50:00,2.25812,2.25845,2.2578300000000002,2.2584400000000002,194
2025-03-10 23:55:00,2.25836,2.2584,2.25701,2.25701,114
2025-03-11 00:00:00,2.25701,2.2586399999999998,2.25701,2.25854,234
2025-03-11 00:05:00,2.25853,2.2589,2.25828,2.25884,159
2025-03-11 00:10:00,2.25883,2.25953,2.2587099999999998,2.25946,125
2025-03-11 00:15:00,2.25946,2.26053,2.25927,2.26046,333
2025-03-11 00:20:00,2.2605,2.26066,2.26021,2.26053,264
2025-03-11 00:25:00,2.26055,2.26064,2.26015,2.26035,227
2025-03-11 00:30:00,2.2603400000000002,2.26167,2.26032,2.26155,194
2025-03-11 00:35:00,2.26153,2.26189,2.26121,2.2613,194
2025-03-11 00:40:00,2.26112,2.26146,2.26084,2.26101,218
2025-03-11 00:45:00,2.26103,2.26143,2.26085,2.26132,200
2025-03-11 00:50:00,2.26132,2.26199,2.26125,2.26171,187
2025-03-11 00:55:00,2.26173,2.26248,2.26153,2.26244,238
2025-03-11 01:00:00,2.26256,2.26325,2.26221,2.26241,270
2025-03-11 01:05:00,2.26239,2.2629099999999998,2.26226,2.26281,344
2025-03-11 01:10:00,2.26284,2.26322,2.26257,2.26263,316
2025-03-11 01:15:00,2.26262,2.2633900000000002,2.2623699999999998,2.26335,312
2025-03-11 01:20:00,2.26333,2.2635,2.26296,2.263,265
2025-03-11 01:25:00,2.26304,2.26312,2.2625,2.26256,186
2025-03-11 01:30:00,2.26253,2.2628,2.26215,2.26228,290
2025-03-11 01:35:00,2.26226,2.26235,2.26154,2.26162,320
2025-03-11 01:40:00,2.26163,2.26193,2.2613,2.26158,287
2025-03-11 01:45:00,2.2616,2.26164,2.26112,2.26122,225
2025-03-11 01:50:00,2.26126,2.26166,2.26122,2.2613,301
2025-03-11 01:55:00,2.26128,2.26138,2.26052,2.2606,293
2025-03-11 02:00:00,2.26055,2.26129,2.2604699999999998,2.2605399999999998,429
2025-03-11 02:05:00,2.26058,2.2614900000000002,2.26053,2.2610799999999998,391
2025-03-11 02:10:00,2.26105,2.26117,2.2595,2.25957,358
2025-03-11 02:15:00,2.25956,2.25969,2.25913,2.25941,371
2025-03-11 02:20:00,2.2594,2.25967,2.25914,2.25943,328
2025-03-11 02:25:00,2.25941,2.25975,2.25894,2.25974,351
2025-03-11 02:30:00,2.25978,2.2611,2.25967,2.26103,349
2025-03-11 02:35:00,2.26105,2.26107,2.26032,2.26062,313
2025-03-11 02:40:00,2.26064,2.26159,2.26056,2.26159,306
2025-03-11 02:45:00,2.26158,2.26282,2.26143,2.26235,417
2025-03-11 02:50:00,2.26239,2.26398,2.26235,2.2634,491
2025-03-11 02:55:00,2.26337,2.26406,2.26326,2.26368,489
2025-03-11 03:00:00,2.26372,2.2660299999999998,2.26354,2.26557,528
2025-03-11 03:05:00,2.26555,2.26597,2.26513,2.26568,528
2025-03-11 03:10:00,2.26568,2.26643,2.2654199999999998,2.26629,439
2025-03-11 03:15:00,2.26629,2.2669,2.26556,2.26564,494
2025-03-11 03:20:00,2.26562,2.26591,2.26492,2.26566,443
2025-03-11 03:25:00,2.2657,2.26626,2.26561,2.2658,443
2025-03-11 03:30:00,2.26581,2.26655,2.26581,2.26635,513
2025-03-11 03:35:00,2.26637,2.26643,2.26559,2.26577,451
2025-03-11 03:40:00,2.26579,2.26594,2.26467,2.26515,482
2025-03-11 03:45:00,2.26512,2.26586,2.26506,2.2654199999999998,421
2025-03-11 03:50:00,2.26543,2.26575,2.26519,2.2657,409
2025-03-11 03:55:00,2.26572,2.26592,2.2651,2.26566,480
2025-03-11 04:00:00,2.26569,2.26571,2.26492,2.26503,448
2025-03-11 04:05:00,2.26505,2.26505,2.26292,2.26332,529
2025-03-11 04:10:00,2.26331,2.2635,2.26222,2.2633,541
2025-03-11 04:15:00,2.26326,2.26377,2.2616,2.26162,482
2025-03-11 04:20:00,2.26166,2.26304,2.2615600000000002,2.26285,478
2025-03-11 04:25:00,2.26287,2.26374,2.26277,2.26361,397
2025-03-11 04:30:00,2.26362,2.26374,2.26318,2.26374,459
2025-03-11 04:35:00,2.26374,2.26378,2.26289,2.26336,446
2025-03-11 04:40:00,2.26334,2.26364,2.26308,2.26344,417
2025-03-11 04:45:00,2.26349,2.26442,2.26348,2.2641,373
2025-03-11 04:50:00,2.26412,2.26434,2.26371,2.26392,432
2025-03-11 04:55:00,2.26389,2.26412,2.26323,2.26354,380
2025-03-11 05:00:00,2.26355,2.26383,2.26286,2.26303,477
2025-03-11 05:05:00,2.26306,2.26365,2.2628,2.26345,409
2025-03-11 05:10:00,2.26349,2.26404,2.26335,2.26372,361
2025-03-11 05:15:00,2.26373,2.2652900000000002,2.26347,2.26479,515
2025-03-11 05:20:00,2.26478,2.26582,2.26454,2.26537,428
2025-03-11 05:25:00,2.26536,2.26565,2.26438,2.26457,380
2025-03-11 05:30:00,2.26451,2.26493,2.26425,2.26452,316
2025-03-11 05:35:00,2.26444,2.26467,2.26404,2.26466,346
2025-03-11 05:40:00,2.26463,2.2647,2.26417,2.26439,332
2025-03-11 05:45:00,2.2644,2.26469,2.26431,2.2644,276
2025-03-11 05:50:00,2.26436,2.26447,2.26398,2.26398,264
2025-03-11 05:55:00,2.2640000000000002,2.26453,2.26398,2.26414,306
2025-03-11 06:00:00,2.2640700000000002,2.26419,2.26381,2.26406,314
2025-03-11 06:05:00,2.26412,2.26469,2.2640000000000002,2.26464,316
2025-03-11 06:10:00,2.26465,2.26514,2.26465,2.26498,289
2025-03-11 06:15:00,2.26496,2.2654,2.26464,2.26525,328
2025-03-11 06:20:00,2.26523,2.26558,2.26512,2.26533,272
2025-03-11 06:25:00,2.26532,2.2654,2.26473,2.26495,254
2025-03-11 06:30:00,2.26493,2.26498,2.26422,2.26434,283
2025-03-11 06:35:00,2.26433,2.2646,2.26403,2.26436,298
2025-03-11 06:40:00,2.26436,2.26451,2.26393,2.26434,334
2025-03-11 06:45:00,2.26433,2.26436,2.26394,2.26423,283
2025-03-11 06:50:00,2.26423,2.26431,2.26396,2.26414,234
2025-03-11 06:55:00,2.26415,2.2641999999999998,2.26382,2.26385,231
2025-03-11 07:00:00,2.26386,2.26441,2.26382,2.26438,339
2025-03-11 07:05:00,2.2644,2.2656,2.26437,2.26556,351
2025-03-11 07:10:00,2.26547,2.26568,2.26507,2.26514,369
2025-03-11 07:15:00,2.26505,2.26524,2.26452,2.26477,465
2025-03-11 07:20:00,2.2648,2.26546,2.2646800000000002,2.26482,413
2025-03-11 07:25:00,2.26485,2.26486,2.26414,2.26424,326
2025-03-11 07:30:00,2.26425,2.26442,2.26398,2.26429,356
2025-03-11 07:35:00,2.26425,2.26467,2.26405,2.26438,270
2025-03-11 07:40:00,2.26439,2.26534,2.26436,2.26496,418
2025-03-11 07:45:00,2.26503,2.26611,2.26499,2.26584,376
2025-03-11 07:50:00,2.2658300000000002,2.26622,2.26571,2.26576,301
2025-03-11 07:55:00,2.26577,2.26649,2.26577,2.26635,378
2025-03-11 08:00:00,2.26637,2.26683,2.26613,2.26673,396
2025-03-11 08:05:00,2.26677,2.26709,2.26633,2.26708,343
2025-03-11 08:10:00,2.26707,2.26714,2.26656,2.26685,346
2025-03-11 08:15:00,2.26686,2.26783,2.26671,2.26745,367
2025-03-11 08:20:00,2.26744,2.26814,2.26731,2.26788,687
2025-03-11 08:25:00,2.26789,2.2682700000000002,2.2676,2.26793,512
2025-03-11 08:30:00,2.26793,2.2684699999999998,2.2678,2.26807,571
2025-03-11 08:35:00,2.26809,2.26883,2.2676,2.26882,449
2025-03-11 08:40:00,2.26883,2.269,2.26835,2.26866,435
2025-03-11 08:45:00,2.26864,2.26877,2.26802,2.26867,491
2025-03-11 08:50:00,2.26866,2.26873,2.26791,2.2683400000000002,419
2025-03-11 08:55:00,2.26837,2.2684699999999998,2.26787,2.26807,417
2025-03-11 09:00:00,2.26807,2.26821,2.26727,2.26762,490
2025-03-11 09:05:00,2.26762,2.26822,2.26757,2.26793,446
2025-03-11 09:10:00,2.26791,2.26838,2.26743,2.26753,483
2025-03-11 09:15:00,2.26752,2.26789,2.26656,2.2666,529
2025-03-11 09:20:00,2.26659,2.26709,2.26624,2.26626,540
2025-03-11 09:25:00,2.26617,2.26624,2.26516,2.26556,449
2025-03-11 09:30:00,2.26557,2.26568,2.26513,2.26527,431
2025-03-11 09:35:00,2.26526,2.26551,2.26453,2.26453,514
2025-03-11 09:40:00,2.26456,2.26457,2.26369,2.26385,606
2025-03-11 09:45:00,2.26392,2.26421,2.26358,2.26392,625
2025-03-11 09:50:00,2.26383,2.2640700000000002,2.26335,2.26362,551
2025-03-11 09:55:00,2.2636,2.26436,2.26349,2.26381,579
2025-03-11 10:00:00,2.2638,2.26431,2.26358,2.2639,606
2025-03-11 10:05:00,2.26383,2.26386,2.26321,2.26361,575
2025-03-11 10:10:00,2.2636,2.26572,2.26349,2.26556,559
2025-03-11 10:15:00,2.26555,2.26558,2.26478,2.26523,563
2025-03-11 10:20:00,2.26523,2.26566,2.26475,2.26503,495
2025-03-11 10:25:00,2.26497,2.2663,2.26497,2.26594,544
2025-03-11 10:30:00,2.26593,2.26655,2.26561,2.26578,517
2025-03-11 10:35:00,2.2658,2.26634,2.26573,2.266,435
2025-03-11 10:40:00,2.26598,2.26671,2.2659000000000002,2.26661,459
2025-03-11 10:45:00,2.26659,2.2666,2.26599,2.26605,515
2025-03-11 10:50:00,2.26601,2.26647,2.26564,2.26634,438
2025-03-11 10:55:00,2.26635,2.26702,2.26599,2.26627,458
2025-03-11 11:00:00,2.26625,2.26635,2.26498,2.26513,527
2025-03-11 11:05:00,2.26514,2.26539,2.2646100000000002,2.26533,516
2025-03-11 11:10:00,2.26534,2.26552,2.26506,2.26551,438
2025-03-11 11:15:00,2.26557,2.26563,2.26519,2.26536,435
2025-03-11 11:20:00,2.2653499999999998,2.2659000000000002,2.26534,2.26589,369
2025-03-11 11:25:00,2.26592,2.26615,2.26512,2.2655,356
2025-03-11 11:30:00,2.26549,2.26551,2.26459,2.26466,423
2025-03-11 11:35:00,2.2647,2.26502,2.26467,2.26483,394
2025-03-11 11:40:00,2.26484,2.2653499999999998,2.26447,2.2653499999999998,467
2025-03-11 11:45:00,2.26536,2.26536,2.26479,2.2652,466
2025-03-11 11:50:00,2.2652,2.26577,2.26499,2.26537,502
2025-03-11 11:55:00,2.2653499999999998,2.26562,2.26511,2.26554,491
2025-03-11 12:00:00,2.26552,2.26638,2.26541,2.26622,465
2025-03-11 12:05:00,2.26625,2.26666,2.26609,2.26625,420
2025-03-11 12:10:00,2.2662,2.26679,2.26613,2.26661,391
2025-03-11 12:15:00,2.26663,2.26701,2.2663,2.26694,331
2025-03-11 12:20:00,2.26692,2.26763,2.26666,2.26713,405
2025-03-11 12:25:00,2.2671200000000002,2.26751,2.26682,2.26744,347
2025-03-11 12:30:00,2.26752,2.2678599999999998,2.26714,2.26777,372
2025-03-11 12:35:00,2.26774,2.26795,2.26748,2.2677300000000002,381
2025-03-11 12:40:00,2.26772,2.26784,2.26739,2.2674,373
2025-03-11 12:45:00,2.26742,2.2675,2.26717,2.26729,385
2025-03-11 12:50:00,2.26728,2.2677,2.26726,2.26755,302
2025-03-11 12:55:00,2.26758,2.26778,2.26717,2.26735,450
2025-03-11 13:00:00,2.26734,2.26757,2.26685,2.26685,524
2025-03-11 13:05:00,2.26687,2.26772,2.26652,2.26738,476
2025-03-11 13:10:00,2.26735,2.26788,2.26716,2.26754,389
2025-03-11 13:15:00,2.26753,2.26762,2.26709,2.2674,338
2025-03-11 13:20:00,2.26739,2.26832,2.26739,2.2683,303
2025-03-11 13:25:00,2.26829,2.26891,2.26829,2.26873,360
2025-03-11 13:30:00,2.2687,2.26894,2.26824,2.26824,406
2025-03-11 13:35:00,2.26825,2.26906,2.26806,2.2683,409
2025-03-11 13:40:00,2.26829,2.2686,2.26778,2.26778,394
2025-03-11 13:45:00,2.2677899999999998,2.26816,2.26742,2.26747,387
2025-03-11 13:50:00,2.26743,2.26744,2.26637,2.26677,398
2025-03-11 13:55:00,2.26677,2.26701,2.26518,2.2652900000000002,540
2025-03-11 14:00:00,2.26534,2.2655,2.26441,2.26475,572
2025-03-11 14:05:00,2.26478,2.26549,2.2646100000000002,2.26545,502
2025-03-11 14:10:00,2.26547,2.26589,2.2652900000000002,2.26568,470
2025-03-11 14:15:00,2.26574,2.26659,2.2655,2.26654,547
2025-03-11 14:20:00,2.26655,2.26674,2.26571,2.26666,426
2025-03-11 14:25:00,2.26665,2.26677,2.26595,2.26642,433
2025-03-11 14:30:00,2.26637,2.26704,2.26592,2.26682,562
2025-03-11 14:35:00,2.26685,2.26749,2.26683,2.26699,493
2025-03-11 14:40:00,2.26698,2.26758,2.2666399999999998,2.26713,438
2025-03-11 14:45:00,2.2671200000000002,2.2683,2.26677,2.2675,565
2025-03-11 14:50:00,2.26751,2.26809,2.26746,2.26783,442
2025-03-11 14:55:00,2.26785,2.26858,2.26774,2.26831,521
2025-03-11 15:00:00,2.26822,2.26857,2.2671799999999998,2.26719,571
2025-03-11 15:05:00,2.26722,2.26765,2.2665699999999998,2.26733,509
2025-03-11 15:10:00,2.26733,2.26733,2.26632,2.26639,472
2025-03-11 15:15:00,2.26637,2.26665,2.2660299999999998,2.2664400000000002,462
2025-03-11 15:20:00,2.2664400000000002,2.26663,2.26524,2.26533,455
2025-03-11 15:25:00,2.2653499999999998,2.26647,2.26531,2.26568,465
2025-03-11 15:30:00,2.26571,2.26594,2.26528,2.2652900000000002,579
2025-03-11 15:35:00,2.26532,2.2659000000000002,2.26484,2.26575,644
2025-03-11 15:40:00,2.26577,2.2668,2.26555,2.26597,671
2025-03-11 15:45:00,2.26594,2.2659599999999998,2.26421,2.26452,618
2025-03-11 15:50:00,2.26455,2.26483,2.26337,2.26371,613
2025-03-11 15:55:00,2.26369,2.26386,2.26321,2.26379,556
2025-03-11 16:00:00,2.2640000000000002,2.26775,2.26314,2.26642,927
2025-03-11 16:05:00,2.26647,2.2668,2.26511,2.26573,817
2025-03-11 16:10:00,2.26575,2.26679,2.2656,2.26674,799
2025-03-11 16:15:00,2.26671,2.26726,2.2656,2.26589,780
2025-03-11 16:20:00,2.26592,2.26743,2.26566,2.26742,737
2025-03-11 16:25:00,2.26742,2.26768,2.26685,2.26767,725
2025-03-11 16:30:00,2.26763,2.26864,2.26706,2.26849,672
2025-03-11 16:35:00,2.26849,2.26905,2.2683,2.26865,646
2025-03-11 16:40:00,2.26864,2.26957,2.26835,2.26871,668
2025-03-11 16:45:00,2.26871,2.2690799999999998,2.26826,2.26881,623
2025-03-11 16:50:00,2.26884,2.26964,2.26857,2.26919,638
2025-03-11 16:55:00,2.26915,2.26985,2.26887,2.26965,667
2025-03-11 17:00:00,2.26964,2.26993,2.26918,2.26947,653
2025-03-11 17:05:00,2.26952,2.26953,2.26849,2.26849,614
2025-03-11 17:10:00,2.2685,2.2690799999999998,2.26782,2.26819,586
2025-03-11 17:15:00,2.26815,2.26825,2.26683,2.26694,655
2025-03-11 17:20:00,2.26691,2.26853,2.2667,2.26829,653
2025-03-11 17:25:00,2.2683400000000002,2.26874,2.26731,2.26874,655
2025-03-11 17:30:00,2.26877,2.26917,2.26835,2.2688,607
2025-03-11 17:35:00,2.26882,2.26936,2.26806,2.26891,558
2025-03-11 17:40:00,2.26897,2.269,2.26765,2.26785,580
2025-03-11 17:45:00,2.26781,2.26817,2.26736,2.2675,507
2025-03-11 17:50:00,2.26746,2.26823,2.26719,2.26796,561
2025-03-11 17:55:00,2.26794,2.26851,2.2670500000000002,2.26735,614
2025-03-11 18:00:00,2.26735,2.26738,2.26607,2.2665699999999998,609
2025-03-11 18:05:00,2.26662,2.26681,2.26638,2.26671,516
2025-03-11 18:10:00,2.26671,2.26722,2.26654,2.2668,574
2025-03-11 18:15:00,2.26682,2.26687,2.26574,2.26589,517
2025-03-11 18:20:00,2.26591,2.26638,2.26575,2.26618,454
2025-03-11 18:25:00,2.26617,2.26629,2.26581,2.2661,463
2025-03-11 18:30:00,2.26611,2.26624,2.26582,2.26621,487
2025-03-11 18:35:00,2.26625,2.2665,2.26588,2.26628,420
2025-03-11 18:40:00,2.26619,2.26676,2.26598,2.26662,439
2025-03-11 18:45:00,2.26662,2.26683,2.26609,2.26609,390
2025-03-11 18:50:00,2.26605,2.26695,2.2658,2.26665,427
2025-03-11 18:55:00,2.26667,2.26675,2.26608,2.26626,424
2025-03-11 19:00:00,2.26624,2.26677,2.26613,2.26662,466
2025-03-11 19:05:00,2.26668,2.26681,2.26598,2.26608,449
2025-03-11 19:10:00,2.266,2.2665100000000002,2.26597,2.26619,431
2025-03-11 19:15:00,2.2662,2.26646,2.26595,2.26622,381
2025-03-11 19:20:00,2.26624,2.26708,2.2659599999999998,2.26698,439
2025-03-11 19:25:00,2.26699,2.26791,2.26694,2.26782,411
2025-03-11 19:30:00,2.2678599999999998,2.26818,2.2671799999999998,2.26814,533
2025-03-11 19:35:00,2.26812,2.26819,2.26755,2.26806,456
2025-03-11 19:40:00,2.26807,2.26811,2.26739,2.26775,414
2025-03-11 19:45:00,2.26776,2.26799,2.26704,2.26747,482
2025-03-11 19:50:00,2.26748,2.26762,2.26706,2.2671799999999998,393
2025-03-11 19:55:00,2.2672,2.26789,2.26704,2.2676,473
2025-03-11 20:00:00,2.26756,2.26777,2.26706,2.26726,644
2025-03-11 20:05:00,2.26722,2.26778,2.26722,2.2677300000000002,490
2025-03-11 20:10:00,2.26771,2.2678,2.26695,2.26699,527
2025-03-11 20:15:00,2.267,2.2672,2.26656,2.26671,536
2025-03-11 20:20:00,2.26672,2.26683,2.26607,2.26642,537
2025-03-11 20:25:00,2.26643,2.26666,2.26569,2.26597,472
2025-03-11 20:30:00,2.26598,2.26681,2.26598,2.26669,459
2025-03-11 20:35:00,2.26668,2.26695,2.26565,2.26581,440
2025-03-11 20:40:00,2.26582,2.26588,2.26438,2.2646,654
2025-03-11 20:45:00,2.26457,2.26472,2.26332,2.26397,642
2025-03-11 20:50:00,2.26397,2.26454,2.26375,2.26424,533
2025-03-11 20:55:00,2.26423,2.26511,2.26419,2.26499,558
2025-03-11 21:00:00,2.26505,2.26523,2.26421,2.2646,553
2025-03-11 21:05:00,2.2646100000000002,2.26507,2.26399,2.26411,555
2025-03-11 21:10:00,2.26406,2.26436,2.26371,2.2641299999999998,547
2025-03-11 21:15:00,2.26415,2.26499,2.2640700000000002,2.26464,445
2025-03-11 21:20:00,2.26465,2.2649,2.26433,2.26477,478
2025-03-11 21:25:00,2.26482,2.26496,2.26432,2.26467,430
2025-03-11 21:30:00,2.2647,2.2648,2.26403,2.26473,432
2025-03-11 21:35:00,2.26472,2.26506,2.26457,2.26505,395
2025-03-11 21:40:00,2.26505,2.2653,2.26491,2.26496,398
2025-03-11 21:45:00,2.26498,2.26527,2.26465,2.26466,349
2025-03-11 21:50:00,2.2646800000000002,2.26553,2.26465,2.26546,416
2025-03-11 21:55:00,2.26548,2.26585,2.26543,2.26555,373
2025-03-11 22:00:00,2.26503,2.2653499999999998,2.26487,2.2652200000000002,305
2025-03-11 22:05:00,2.26524,2.2653499999999998,2.26487,2.26511,184
2025-03-11 22:10:00,2.26513,2.26532,2.26491,2.26511,199
2025-03-11 22:15:00,2.26509,2.26572,2.26508,2.26566,211
2025-03-11 22:20:00,2.26565,2.26569,2.26523,2.26541,216
2025-03-11 22:25:00,2.26537,2.26598,2.26537,2.26588,196
2025-03-11 22:30:00,2.26589,2.26621,2.26582,2.26582,245
2025-03-11 22:35:00,2.2658,2.26622,2.26576,2.2662,189
2025-03-11 22:40:00,2.26618,2.26618,2.2652900000000002,2.26546,252
2025-03-11 22:45:00,2.26547,2.26554,2.26494,2.26496,169
2025-03-11 22:50:00,2.26498,2.26518,2.2647,2.26514,247
2025-03-11 22:55:00,2.26545,2.26558,2.26449,2.26452,376
2025-03-11 23:00:00,2.26516,2.26516,2.2629799999999998,2.26391,8
2025-03-11 23:05:00,2.26381,2.26482,2.26299,2.26464,33
2025-03-11 23:10:00,2.26497,2.26518,2.26445,2.26475,58
2025-03-11 23:15:00,2.26475,2.26475,2.26448,2.2646100000000002,71
2025-03-11 23:20:00,2.26456,2.26555,2.26422,2.2653,194
2025-03-11 23:25:00,2.26531,2.26641,2.26531,2.26627,109
2025-03-11 23:30:00,2.26623,2.26628,2.26447,2.2646,134
2025-03-11 23:35:00,2.26456,2.26485,2.2641999999999998,2.26482,174
2025-03-11 23:40:00,2.26486,2.26562,2.26379,2.26465,223
2025-03-11 23:45:00,2.26469,2.2659000000000002,2.26447,2.265,200
2025-03-11 23:50:00,2.26514,2.26518,2.2648,2.26501,83
2025-03-11 23:55:00,2.26497,2.26531,2.2621700000000002,2.26235,97
2025-03-12 00:00:00,2.26494,2.26494,2.26398,2.26465,269
2025-03-12 00:05:00,2.26464,2.26482,2.26457,2.26464,134
2025-03-12 00:10:00,2.26466,2.2647399999999998,2.2640700000000002,2.26426,124
2025-03-12 00:15:00,2.2641999999999998,2.26448,2.26416,2.26436,224
2025-03-12 00:20:00,2.26437,2.26454,2.26421,2.26435,177
2025-03-12 00:25:00,2.26431,2.26439,2.26418,2.26422,173
2025-03-12 00:30:00,2.26419,2.26464,2.26419,2.26458,152
2025-03-12 00:35:00,2.26457,2.26541,2.26456,2.26517,162
2025-03-12 00:40:00,2.26518,2.26519,2.26457,2.265,138
2025-03-12 00:45:00,2.26498,2.26517,2.2646800000000002,2.26505,182
2025-03-12 00:50:00,2.265,2.26537,2.26473,2.26478,188
2025-03-12 00:55:00,2.26479,2.26518,2.26467,2.26495,171
2025-03-12 01:00:00,2.26506,2.266,2.26506,2.26551,206
2025-03-12 01:05:00,2.26549,2.26573,2.26511,2.2656,179
2025-03-12 01:10:00,2.26558,2.26578,2.26536,2.26549,130
2025-03-12 01:15:00,2.26553,2.26594,2.26547,2.26578,195
2025-03-12 01:20:00,2.26578,2.26588,2.26544,2.26586,192
2025-03-12 01:25:00,2.26582,2.26587,2.26554,2.26574,168
2025-03-12 01:30:00,2.26573,2.26629,2.26568,2.26606,201
2025-03-12 01:35:00,2.26605,2.26609,2.26587,2.2659599999999998,195
2025-03-12 01:40:00,2.26598,2.26632,2.26593,2.26631,165
2025-03-12 01:45:00,2.26632,2.26634,2.26582,2.266,166
2025-03-12 01:50:00,2.26601,2.26619,2.26587,2.26608,213
2025-03-12 01:55:00,2.26611,2.26623,2.26576,2.26592,202
2025-03-12 02:00:00,2.26592,2.26602,2.26516,2.26539,331
2025-03-12 02:05:00,2.26541,2.26545,2.26491,2.26507,276
2025-03-12 02:10:00,2.26506,2.26539,2.26483,2.26539,295
2025-03-12 02:15:00,2.26541,2.26545,2.2649,2.26502,234
2025-03-12 02:20:00,2.26501,2.26503,2.26466,2.26467,209
2025-03-12 02:25:00,2.26466,2.26473,2.26446,2.26463,195
2025-03-12 02:30:00,2.26458,2.26502,2.26452,2.26486,297
2025-03-12 02:35:00,2.26485,2.26619,2.2647,2.2661,274
2025-03-12 02:40:00,2.26608,2.26634,2.26565,2.26565,245
2025-03-12 02:45:00,2.26564,2.26623,2.26561,2.26568,290
2025-03-12 02:50:00,2.2657,2.26601,2.26568,2.26593,227
2025-03-12 02:55:00,2.26582,2.26589,2.2653,2.26571,304
2025-03-12 03:00:00,2.26574,2.26578,2.26509,2.26527,344
2025-03-12 03:05:00,2.26526,2.26544,2.26496,2.26512,273
2025-03-12 03:10:00,2.26513,2.26525,2.26462,2.26467,251
2025-03-12 03:15:00,2.26465,2.26589,2.26414,2.26587,363
2025-03-12 03:20:00,2.26585,2.26589,2.26514,2.26552,336
2025-03-12 03:25:00,2.2655,2.26555,2.26506,2.26553,344
2025-03-12 03:30:00,2.26554,2.26586,2.26527,2.2658,431
2025-03-12 03:35:00,2.26579,2.2660299999999998,2.26519,2.26565,393
2025-03-12 03:40:00,2.26561,2.26633,2.26556,2.2662,373
2025-03-12 03:45:00,2.2662,2.26629,2.26549,2.26566,374
2025-03-12 03:50:00,2.26565,2.2659599999999998,2.26551,2.26562,379
2025-03-12 03:55:00,2.2656,2.26602,2.26539,2.26599,323
2025-03-12 04:00:00,2.26601,2.26646,2.26551,2.2658,426
2025-03-12 04:05:00,2.26579,2.26652,2.26561,2.26637,346
2025-03-12 04:10:00,2.2664,2.26648,2.26582,2.26634,359
2025-03-12 04:15:00,2.26637,2.2672,2.26637,2.2671200000000002,371
2025-03-12 04:20:00,2.26716,2.26742,2.26697,2.26733,308
2025-03-12 04:25:00,2.26729,2.26736,2.26683,2.26709,338
2025-03-12 04:30:00,2.26707,2.26711,2.26647,2.26682,284
2025-03-12 04:35:00,2.26685,2.26704,2.26653,2.26702,234
2025-03-12 04:40:00,2.26698,2.26774,2.26698,2.26745,271
2025-03-12 04:45:00,2.26747,2.26747,2.26691,2.26696,300
2025-03-12 04:50:00,2.26695,2.26732,2.2668,2.26729,316
2025-03-12 04:55:00,2.2673,2.26761,2.2668,2.26707,347
2025-03-12 05:00:00,2.2670500000000002,2.2671,2.26631,2.26636,324
2025-03-12 05:05:00,2.26637,2.26688,2.26629,2.26687,261
2025-03-12 05:10:00,2.26687,2.26722,2.26678,2.26713,246
2025-03-12 05:15:00,2.26713,2.26747,2.26685,2.26746,317
2025-03-12 05:20:00,2.26737,2.26757,2.2673,2.26732,341
2025-03-12 05:25:00,2.26733,2.26754,2.26682,2.26708,318
2025-03-12 05:30:00,2.26706,2.26729,2.26697,2.26719,324
2025-03-12 05:35:00,2.2672,2.26739,2.267,2.26721,273
2025-03-12 05:40:00,2.26719,2.26761,2.26711,2.26734,306
2025-03-12 05:45:00,2.26736,2.2674,2.267,2.2670500000000002,284
2025-03-12 05:50:00,2.26703,2.26726,2.2663,2.26662,255
2025-03-12 05:55:00,2.26661,2.26671,2.26617,2.26639,236
2025-03-12 06:00:00,2.26637,2.26682,2.26623,2.2668,273
2025-03-12 06:05:00,2.26678,2.26695,2.26622,2.26622,276
2025-03-12 06:10:00,2.26623,2.26632,2.26548,2.26548,234
2025-03-12 06:15:00,2.26547,2.26569,2.26525,2.26531,265
2025-03-12 06:20:00,2.26533,2.26559,2.26517,2.26532,249
2025-03-12 06:25:00,2.26528,2.26534,2.265,2.2651,185
2025-03-12 06:30:00,2.26511,2.26546,2.26498,2.26532,234
2025-03-12 06:35:00,2.26532,2.26539,2.26506,2.26509,203
2025-03-12 06:40:00,2.26507,2.26539,2.26491,2.26496,170
2025-03-12 06:45:00,2.2649,2.26521,2.2649,2.26497,218
2025-03-12 06:50:00,2.26496,2.26501,2.2646800000000002,2.2649,188
2025-03-12 06:55:00,2.26489,2.26541,2.26467,2.26516,240
2025-03-12 07:00:00,2.26513,2.26565,2.26498,2.2653,345
2025-03-12 07:05:00,2.2652900000000002,2.26566,2.26526,2.2655,298
2025-03-12 07:10:00,2.2655,2.26555,2.26501,2.26549,269
2025-03-12 07:15:00,2.2655,2.2658300000000002,2.26545,2.2658300000000002,253
2025-03-12 07:20:00,2.26585,2.2661,2.26576,2.26582,281
2025-03-12 07:25:00,2.26582,2.26597,2.26528,2.26545,275
2025-03-12 07:30:00,2.26549,2.2655,2.26509,2.26545,383
2025-03-12 07:35:00,2.26544,2.26551,2.26509,2.2653,285
2025-03-12 07:40:00,2.26531,2.26554,2.26508,2.26539,296
2025-03-12 07:45:00,2.26538,2.26578,2.2653499999999998,2.26545,205
2025-03-12 07:50:00,2.26551,2.26556,2.26521,2.26549,244
2025-03-12 07:55:00,2.26548,2.26566,2.26523,2.26566,220
2025-03-12 08:00:00,2.26565,2.26578,2.26518,2.2652900000000002,298
2025-03-12 08:05:00,2.26528,2.26553,2.26516,2.2653499999999998,322
2025-03-12 08:10:00,2.26537,2.26587,2.26534,2.26566,293
2025-03-12 08:15:00,2.26571,2.26607,2.26561,2.26586,312
2025-03-12 08:20:00,2.26592,2.26661,2.2659000000000002,2.26609,333
2025-03-12 08:25:00,2.26617,2.26619,2.26546,2.26574,344
2025-03-12 08:30:00,2.26575,2.26607,2.2655,2.26599,313
2025-03-12 08:35:00,2.266,2.26656,2.2659599999999998,2.2661,292
2025-03-12 08:40:00,2.26604,2.26611,2.2653,2.26548,259
2025-03-12 08:45:00,2.26548,2.26548,2.26482,2.26487,334
2025-03-12 08:50:00,2.26489,2.26551,2.26472,2.26538,332
2025-03-12 08:55:00,2.26537,2.26579,2.2652200000000002,2.26567,407
2025-03-12 09:00:00,2.26568,2.2665699999999998,2.26564,2.26585,521
2025-03-12 09:05:00,2.26584,2.26642,2.26579,2.26625,450
2025-03-12 09:10:00,2.26623,2.26672,2.26616,2.26634,460
2025-03-12 09:15:00,2.26627,2.2666,2.26585,2.26609,407
2025-03-12 09:20:00,2.26607,2.2667,2.26574,2.2658300000000002,416
2025-03-12 09:25:00,2.26584,2.26597,2.2652,2.26532,375
2025-03-12 09:30:00,2.26532,2.26558,2.2645,2.26485,380
2025-03-12 09:35:00,2.26483,2.26496,2.2645,2.26492,331
2025-03-12 09:40:00,2.26493,2.26508,2.26441,2.26454,430
2025-03-12 09:45:00,2.26453,2.26453,2.26341,2.2635899999999998,509
2025-03-12 09:50:00,2.26351,2.26427,2.26351,2.26393,343
2025-03-12 09:55:00,2.26392,2.26492,2.2635899999999998,2.26482,484
2025-03-12 10:00:00,2.26479,2.26575,2.26425,2.26575,527
2025-03-12 10:05:00,2.26571,2.26624,2.26449,2.26492,498
2025-03-12 10:10:00,2.26492,2.2658300000000002,2.26482,2.26525,532
2025-03-12 10:15:00,2.26524,2.26562,2.26477,2.26477,502
2025-03-12 10:20:00,2.26477,2.2652200000000002,2.2641999999999998,2.26458,436
2025-03-12 10:25:00,2.26459,2.26465,2.26385,2.26408,427
2025-03-12 10:30:00,2.2640700000000002,2.26416,2.26372,2.26385,423
2025-03-12 10:35:00,2.26385,2.26389,2.26301,2.26341,454
2025-03-12 10:40:00,2.26342,2.26374,2.26314,2.26348,436
2025-03-12 10:45:00,2.26351,2.2635199999999998,2.26296,2.26305,513
2025-03-12 10:50:00,2.26306,2.26338,2.26238,2.26289,614
2025-03-12 10:55:00,2.26295,2.26307,2.26256,2.263,489
2025-03-12 11:00:00,2.263,2.26356,2.26252,2.26268,501
2025-03-12 11:05:00,2.26266,2.26332,2.26246,2.2629099999999998,474
2025-03-12 11:10:00,2.26292,2.2634,2.26256,2.26274,445
2025-03-12 11:15:00,2.26274,2.26315,2.26259,2.26297,362
2025-03-12 11:20:00,2.26294,2.26321,2.26258,2.26287,361
2025-03-12 11:25:00,2.26295,2.26313,2.26253,2.2627,369
2025-03-12 11:30:00,2.26269,2.26338,2.26269,2.26326,304
2025-03-12 11:35:00,2.26329,2.26394,2.26317,2.26381,309
2025-03-12 11:40:00,2.2638,2.26511,2.2638,2.265,411
2025-03-12 11:45:00,2.26493,2.26538,2.26437,2.26538,423
2025-03-12 11:50:00,2.26536,2.26584,2.26534,2.26561,301
2025-03-12 11:55:00,2.26564,2.26588,2.26485,2.26521,360
2025-03-12 12:00:00,2.26519,2.26643,2.26519,2.26579,393
2025-03-12 12:05:00,2.2658,2.26633,2.26555,2.26602,333
2025-03-12 12:10:00,2.26601,2.26627,2.2655,2.26615,283
2025-03-12 12:15:00,2.26625,2.26682,2.2662,2.26661,273
2025-03-12 12:20:00,2.26662,2.2667,2.26625,2.2665,281
2025-03-12 12:25:00,2.26649,2.2665699999999998,2.26612,2.26656,296
2025-03-12 12:30:00,2.2665699999999998,2.26699,2.26643,2.2666,342
2025-03-12 12:35:00,2.26659,2.26662,2.26571,2.26587,321
2025-03-12 12:40:00,2.26589,2.26594,2.26509,2.26537,285
2025-03-12 12:45:00,2.26533,2.26533,2.26442,2.26477,358
2025-03-12 12:50:00,2.26478,2.26499,2.26428,2.26445,340
2025-03-12 12:55:00,2.26446,2.26488,2.26388,2.26448,284
2025-03-12 13:00:00,2.2645,2.26472,2.2641299999999998,2.26463,347
2025-03-12 13:05:00,2.2646100000000002,2.2652200000000002,2.26455,2.26483,386
2025-03-12 13:10:00,2.26484,2.26578,2.26478,2.26572,365
2025-03-12 13:15:00,2.26574,2.26737,2.26564,2.26711,348
2025-03-12 13:20:00,2.2671,2.26813,2.26708,2.26804,369
2025-03-12 13:25:00,2.26804,2.26896,2.26795,2.26843,346
2025-03-12 13:30:00,2.26842,2.2689500000000002,2.26825,2.26829,368
2025-03-12 13:35:00,2.26826,2.26831,2.26784,2.26803,399
2025-03-12 13:40:00,2.26795,2.26806,2.26759,2.26776,350
2025-03-12 13:45:00,2.26777,2.2683,2.26757,2.26795,349
2025-03-12 13:50:00,2.26806,2.26884,2.26796,2.26804,419
2025-03-12 13:55:00,2.26803,2.26881,2.26781,2.26824,416
2025-03-12 14:00:00,2.2683,2.2698,2.26823,2.26973,423
2025-03-12 14:05:00,2.26981,2.27059,2.26965,2.27048,381
2025-03-12 14:10:00,2.27043,2.27184,2.27043,2.27169,447
2025-03-12 14:15:00,2.27168,2.27195,2.27148,2.27169,417
2025-03-12 14:20:00,2.27168,2.27218,2.27076,2.27113,512
2025-03-12 14:25:00,2.27112,2.27149,2.26751,2.26751,500
2025-03-12 14:30:00,2.26713,2.27013,2.26215,2.2660299999999998,954
2025-03-12 14:35:00,2.26608,2.26787,2.26514,2.26771,920
2025-03-12 14:40:00,2.26771,2.26775,2.26592,2.26641,861
2025-03-12 14:45:00,2.26649,2.26753,2.26637,2.26695,743
2025-03-12 14:50:00,2.267,2.2686,2.26674,2.26832,749
2025-03-12 14:55:00,2.26832,2.2684699999999998,2.26745,2.26762,737
2025-03-12 15:00:00,2.26767,2.26798,2.26655,2.26674,706
2025-03-12 15:05:00,2.26674,2.26683,2.26606,2.26636,634
2025-03-12 15:10:00,2.26635,2.26648,2.26582,2.26612,595
2025-03-12 15:15:00,2.2659599999999998,2.26659,2.26544,2.26574,605
2025-03-12 15:20:00,2.26571,2.26623,2.26543,2.26584,530
2025-03-12 15:25:00,2.2658,2.2658300000000002,2.26511,2.26565,593
2025-03-12 15:30:00,2.26566,2.26606,2.26519,2.26591,632
2025-03-12 15:35:00,2.26594,2.2675,2.26569,2.26743,643
2025-03-12 15:40:00,2.26741,2.26792,2.26669,2.2673,552
2025-03-12 15:45:00,2.26731,2.26735,2.26626,2.26634,583
2025-03-12 15:50:00,2.26635,2.26703,2.26523,2.26649,739
2025-03-12 15:55:00,2.26658,2.26748,2.2664400000000002,2.2673,679
2025-03-12 16:00:00,2.26729,2.26774,2.26665,2.26673,573
2025-03-12 16:05:00,2.26674,2.26684,2.2659599999999998,2.26621,567
2025-03-12 16:10:00,2.26619,2.26671,2.26574,2.26579,537
2025-03-12 16:15:00,2.26577,2.26589,2.26469,2.26491,569
2025-03-12 16:20:00,2.26489,2.26574,2.26462,2.26574,569
2025-03-12 16:25:00,2.26581,2.2665699999999998,2.26558,2.2665699999999998,485
2025-03-12 16:30:00,2.2665,2.2676,2.26641,2.26727,541
2025-03-12 16:35:00,2.2673,2.2677300000000002,2.26698,2.2671799999999998,550
2025-03-12 16:40:00,2.26719,2.26774,2.26612,2.26659,541
2025-03-12 16:45:00,2.2665699999999998,2.26661,2.26572,2.26594,554
2025-03-12 16:50:00,2.26592,2.26602,2.26428,2.26438,521
2025-03-12 16:55:00,2.26434,2.26599,2.26423,2.26585,584
2025-03-12 17:00:00,2.26578,2.26598,2.26541,2.26553,579
2025-03-12 17:05:00,2.26539,2.26576,2.26497,2.26497,536
2025-03-12 17:10:00,2.26499,2.26505,2.26408,2.26412,493
2025-03-12 17:15:00,2.26414,2.26475,2.2640700000000002,2.2646100000000002,545
2025-03-12 17:20:00,2.26453,2.26515,2.26443,2.2648099999999998,490
2025-03-12 17:25:00,2.26482,2.26609,2.26475,2.26609,503
2025-03-12 17:30:00,2.2661,2.26634,2.26566,2.26589,485
2025-03-12 17:35:00,2.2659000000000002,2.26599,2.26437,2.26456,477
2025-03-12 17:40:00,2.26457,2.2659599999999998,2.26441,2.26587,434
2025-03-12 17:45:00,2.26585,2.266,2.26518,2.26599,474
2025-03-12 17:50:00,2.26598,2.2671200000000002,2.26597,2.2671,512
2025-03-12 17:55:00,2.26709,2.26715,2.26584,2.26602,547
2025-03-12 18:00:00,2.26601,2.2662,2.2651,2.26515,463
2025-03-12 18:05:00,2.26514,2.26652,2.26513,2.26597,453
2025-03-12 18:10:00,2.26599,2.26613,2.26544,2.26555,536
2025-03-12 18:15:00,2.26548,2.26598,2.26543,2.26577,479
2025-03-12 18:20:00,2.26578,2.26607,2.26513,2.2652,474
2025-03-12 18:25:00,2.2652,2.2661,2.26485,2.26585,480
2025-03-12 18:30:00,2.26588,2.26608,2.26563,2.2658,434
2025-03-12 18:35:00,2.26579,2.2662,2.26509,2.26518,424
2025-03-12 18:40:00,2.2652,2.26554,2.26453,2.26548,457
2025-03-12 18:45:00,2.26549,2.26571,2.2652900000000002,2.2654,407
2025-03-12 18:50:00,2.26534,2.26559,2.26506,2.26519,407
2025-03-12 18:55:00,2.26527,2.2656,2.26497,2.26552,450
2025-03-12 19:00:00,2.26544,2.26547,2.26484,2.26496,486
2025-03-12 19:05:00,2.26495,2.26527,2.26459,2.26517,418
2025-03-12 19:10:00,2.26516,2.2652200000000002,2.26482,2.26501,398
2025-03-12 19:15:00,2.265,2.26511,2.2645,2.2646800000000002,394
2025-03-12 19:20:00,2.26469,2.2648,2.26444,2.26477,365
2025-03-12 19:25:00,2.26479,2.26495,2.26451,2.2646800000000002,346
2025-03-12 19:30:00,2.26466,2.2648099999999998,2.26403,2.26404,398
2025-03-12 19:35:00,2.26405,2.26427,2.26351,2.26391,392
2025-03-12 19:40:00,2.2639,2.26406,2.26235,2.26269,374
2025-03-12 19:45:00,2.26271,2.26342,2.26259,2.26329,335
2025-03-12 19:50:00,2.26328,2.26401,2.26316,2.26386,323
2025-03-12 19:55:00,2.26388,2.26517,2.26385,2.2649,376
2025-03-12 20:00:00,2.26457,2.265,2.26436,2.26471,348
2025-03-12 20:05:00,2.26472,2.26502,2.26453,2.26465,291
2025-03-12 20:10:00,2.26467,2.26471,2.2639,2.26448,300
2025-03-12 20:15:00,2.26446,2.26466,2.26377,2.2641,319
2025-03-12 20:20:00,2.26411,2.2646,2.26361,2.2644,341
2025-03-12 20:25:00,2.26436,2.26438,2.26381,2.26402,344
2025-03-12 20:30:00,2.26403,2.26447,2.26394,2.26415,336
2025-03-12 20:35:00,2.26412,2.2645,2.2637,2.26429,401
2025-03-12 20:40:00,2.2643,2.26438,2.2635199999999998,2.26385,450
2025-03-12 20:45:00,2.26389,2.26391,2.26272,2.26315,325
2025-03-12 20:50:00,2.26321,2.2636,2.26306,2.26326,313
2025-03-12 20:55:00,2.26325,2.26381,2.26323,2.2637,375
2025-03-12 21:00:00,2.2637,2.26395,2.2635199999999998,2.26379,313
2025-03-12 21:05:00,2.26378,2.26399,2.26344,2.26349,320
2025-03-12 21:10:00,2.26348,2.26362,2.2627,2.26325,365
2025-03-12 21:15:00,2.26326,2.2638,2.26323,2.26334,336
2025-03-12 21:20:00,2.26332,2.2641999999999998,2.26327,2.26379,368
2025-03-12 21:25:00,2.2638,2.26403,2.26358,2.26372,384
2025-03-12 21:30:00,2.26371,2.26371,2.26315,2.2635199999999998,316
2025-03-12 21:35:00,2.26351,2.26372,2.26331,2.2635899999999998,338
2025-03-12 21:40:00,2.2636,2.26392,2.26349,2.26367,274
2025-03-12 21:45:00,2.2637,2.2639,2.26353,2.26357,348
2025-03-12 21:50:00,2.26356,2.26376,2.26312,2.26329,335
2025-03-12 21:55:00,2.2633,2.2635,2.26302,2.26341,355
2025-03-12 22:00:00,2.26289,2.26308,2.26235,2.26276,193
2025-03-12 22:05:00,2.26274,2.26293,2.26256,2.26275,170
2025-03-12 22:10:00,2.26275,2.26275,2.26236,2.2626,123
2025-03-12 22:15:00,2.26273,2.26288,2.26253,2.26279,251
2025-03-12 22:20:00,2.2628,2.26301,2.26256,2.26256,109
2025-03-12 22:25:00,2.26262,2.26289,2.26233,2.26239,172
2025-03-12 22:30:00,2.26234,2.2623699999999998,2.26144,2.2615600000000002,194
2025-03-12 22:35:00,2.26158,2.2622,2.26155,2.2619,129
2025-03-12 22:40:00,2.26194,2.26194,2.26119,2.26139,133
2025-03-12 22:45:00,2.2614,2.2615,2.26049,2.26074,171
2025-03-12 22:50:00,2.26075,2.26087,2.26031,2.26045,303
2025-03-12 22:55:00,2.26116,2.26242,2.2611,2.26122,441
2025-03-12 23:00:00,2.26151,2.26152,2.25891,2.25941,20
2025-03-12 23:05:00,2.25892,2.26107,2.25892,2.26104,20
2025-03-12 23:10:00,2.26055,2.26132,2.25981,2.2603400000000002,37
2025-03-12 23:15:00,2.2603400000000002,2.2629099999999998,2.26014,2.26289,96
2025-03-12 23:20:00,2.26259,2.26313,2.26247,2.26309,93
2025-03-12 23:25:00,2.26151,2.26319,2.26135,2.2629799999999998,42
2025-03-12 23:30:00,2.26286,2.26335,2.2622,2.26255,119
2025-03-12 23:35:00,2.26257,2.26276,2.2614,2.26161,122
2025-03-12 23:40:00,2.2616,2.26166,2.26063,2.26087,142
2025-03-12 23:45:00,2.26082,2.26158,2.2608,2.26136,93
2025-03-12 23:50:00,2.26119,2.26132,2.26084,2.26092,167
2025-03-12 23:55:00,2.2609,2.26191,2.2605,2.26067,92
2025-03-13 00:00:00,2.26152,2.26173,2.26099,2.26105,134
2025-03-13 00:05:00,2.26104,2.26154,2.26058,2.26072,61
2025-03-13 00:10:00,2.26074,2.26098,2.26031,2.26042,88
2025-03-13 00:15:00,2.26042,2.26048,2.26019,2.26036,122
2025-03-13 00:20:00,2.26041,2.2604699999999998,2.26006,2.26011,114
2025-03-13 00:25:00,2.26009,2.2602700000000002,2.26003,2.26008,153
2025-03-13 00:30:00,2.26009,2.26043,2.26006,2.26036,187
2025-03-13 00:35:00,2.26035,2.26066,2.26035,2.2604699999999998,122
2025-03-13 00:40:00,2.26048,2.26059,2.26035,2.2604699999999998,112
2025-03-13 00:45:00,2.26049,2.2609,2.26032,2.26038,116
2025-03-13 00:50:00,2.2604,2.26051,2.26002,2.26026,101
2025-03-13 00:55:00,2.2602700000000002,2.26059,2.26005,2.26045,100
2025-03-13 01:00:00,2.26058,2.26106,2.26022,2.26031,149
2025-03-13 01:05:00,2.26031,2.26031,2.25982,2.2599299999999998,172
2025-03-13 01:10:00,2.25996,2.26004,2.25967,2.2597,183
2025-03-13 01:15:00,2.25969,2.26025,2.25967,2.25999,206
2025-03-13 01:20:00,2.25998,2.26029,2.25981,2.26029,187
2025-03-13 01:25:00,2.26026,2.26057,2.26017,2.26048,190
2025-03-13 01:30:00,2.2604699999999998,2.26056,2.26,2.26038,172
2025-03-13 01:35:00,2.2604,2.26066,2.26014,2.2604699999999998,195
2025-03-13 01:40:00,2.26045,2.2605,2.26026,2.2603,193
2025-03-13 01:45:00,2.26033,2.26051,2.25981,2.25998,202
2025-03-13 01:50:00,2.25988,2.26005,2.25974,2.26004,152
2025-03-13 01:55:00,2.26003,2.26004,2.25922,2.25922,145
2025-03-13 02:00:00,2.25924,2.25964,2.25888,2.25898,300
2025-03-13 02:05:00,2.25897,2.25907,2.2588,2.2589,193
2025-03-13 02:10:00,2.25888,2.25896,2.25848,2.25849,197
2025-03-13 02:15:00,2.2585,2.25856,2.2578300000000002,2.25794,208
2025-03-13 02:20:00,2.25795,2.25876,2.25784,2.2587099999999998,210
2025-03-13 02:25:00,2.2587,2.25907,2.25829,2.25892,184
2025-03-13 02:30:00,2.25893,2.25924,2.25862,2.25916,209
2025-03-13 02:35:00,2.25915,2.25955,2.25908,2.25953,210
2025-03-13 02:40:00,2.25954,2.2596,2.2591,2.25917,213
2025-03-13 02:45:00,2.2592,2.25935,2.25895,2.25933,246
2025-03-13 02:50:00,2.25929,2.2599,2.25922,2.25989,291
2025-03-13 02:55:00,2.25983,2.25987,2.25943,2.25953,347
2025-03-13 03:00:00,2.25952,2.25955,2.2586399999999998,2.25926,365
2025-03-13 03:05:00,2.2592499999999998,2.25958,2.25907,2.25957,308
2025-03-13 03:10:00,2.25959,2.26013,2.25954,2.25997,270
2025-03-13 03:15:00,2.25999,2.26001,2.2596600000000002,2.2599,274
2025-03-13 03:20:00,2.25995,2.26055,2.25991,2.26044,298
2025-03-13 03:25:00,2.26043,2.26063,2.25975,2.25989,291
2025-03-13 03:30:00,2.25988,2.2610799999999998,2.25975,2.26086,422
2025-03-13 03:35:00,2.2608,2.2611,2.26042,2.26049,384
2025-03-13 03:40:00,2.2604699999999998,2.26091,2.2603400000000002,2.26073,374
2025-03-13 03:45:00,2.26071,2.26083,2.2603400000000002,2.26056,352
2025-03-13 03:50:00,2.26057,2.2606,2.25998,2.26052,377
2025-03-13 03:55:00,2.2605,2.26106,2.2604699999999998,2.26087,323
2025-03-13 04:00:00,2.26087,2.2609500000000002,2.26026,2.26028,314
2025-03-13 04:05:00,2.26028,2.26081,2.26025,2.26046,220
2025-03-13 04:10:00,2.26048,2.26103,2.26046,2.2609,335
2025-03-13 04:15:00,2.26097,2.26116,2.26041,2.26113,312
2025-03-13 04:20:00,2.26117,2.26127,2.26074,2.26084,286
2025-03-13 04:25:00,2.26086,2.26127,2.26086,2.26103,279
2025-03-13 04:30:00,2.26099,2.26158,2.26091,2.26116,313
2025-03-13 04:35:00,2.2611499999999998,2.26139,2.26093,2.26102,297
2025-03-13 04:40:00,2.261,2.26131,2.26083,2.26101,261
2025-03-13 04:45:00,2.261,2.2612,2.26074,2.26081,247
2025-03-13 04:50:00,2.26079,2.26122,2.26068,2.26097,311
2025-03-13 04:55:00,2.26103,2.26123,2.2608,2.26102,304
2025-03-13 05:00:00,2.26096,2.26104,2.26068,2.26077,287
2025-03-13 05:05:00,2.2608,2.26097,2.26058,2.26071,250
2025-03-13 05:10:00,2.26072,2.26075,2.25965,2.25968,249
2025-03-13 05:15:00,2.25969,2.26015,2.25934,2.26014,248
2025-03-13 05:20:00,2.26012,2.26018,2.25981,2.26002,278
2025-03-13 05:25:00,2.26,2.26033,2.2597300000000002,2.25996,229
2025-03-13 05:30:00,2.25995,2.26052,2.2599299999999998,2.2603,213
2025-03-13 05:35:00,2.26028,2.26049,2.25994,2.26006,274
2025-03-13 05:40:00,2.26004,2.26012,2.25984,2.25996,176
2025-03-13 05:45:00,2.25997,2.26007,2.25953,2.2597,143
2025-03-13 05:50:00,2.25972,2.26017,2.25957,2.26015,253
2025-03-13 05:55:00,2.26014,2.26084,2.26001,2.26072,206
2025-03-13 06:00:00,2.26071,2.26101,2.26042,2.26052,223
2025-03-13 06:05:00,2.2605399999999998,2.26066,2.26021,2.26058,172
2025-03-13 06:10:00,2.26056,2.26072,2.26041,2.26069,229
2025-03-13 06:15:00,2.26068,2.26093,2.2605,2.2608,172
2025-03-13 06:20:00,2.26077,2.26077,2.26037,2.26073,221
2025-03-13 06:25:00,2.26072,2.26087,2.26051,2.26076,242
2025-03-13 06:30:00,2.26077,2.26122,2.26072,2.26105,266
2025-03-13 06:35:00,2.26103,2.26181,2.26101,2.26129,263
2025-03-13 06:40:00,2.2613,2.2622999999999998,2.26125,2.26206,311
2025-03-13 06:45:00,2.26209,2.26224,2.26175,2.26218,327
2025-03-13 06:50:00,2.2621700000000002,2.26268,2.26212,2.2623699999999998,185
2025-03-13 06:55:00,2.26238,2.26271,2.26228,2.26248,246
2025-03-13 07:00:00,2.26248,2.26266,2.26242,2.26261,261
2025-03-13 07:05:00,2.2626,2.26273,2.26243,2.26245,242
2025-03-13 07:10:00,2.26249,2.26272,2.26238,2.26262,298
2025-03-13 07:15:00,2.26265,2.26266,2.26215,2.2625,288
2025-03-13 07:20:00,2.26247,2.26314,2.26242,2.26308,307
2025-03-13 07:25:00,2.26307,2.26342,2.26287,2.26331,263
2025-03-13 07:30:00,2.26333,2.26378,2.26325,2.26357,350
2025-03-13 07:35:00,2.26358,2.26377,2.26335,2.26356,309
2025-03-13 07:40:00,2.26357,2.26391,2.26344,2.26374,281
2025-03-13 07:45:00,2.26376,2.26389,2.26327,2.2633900000000002,293
2025-03-13 07:50:00,2.26341,2.2638,2.26323,2.26372,210
2025-03-13 07:55:00,2.26368,2.26399,2.2634,2.26389,363
2025-03-13 08:00:00,2.2639,2.26547,2.2639,2.26543,354
2025-03-13 08:05:00,2.26544,2.2660299999999998,2.26537,2.2658300000000002,382
2025-03-13 08:10:00,2.26587,2.26629,2.26552,2.26555,329
2025-03-13 08:15:00,2.26559,2.2664400000000002,2.26548,2.26609,350
2025-03-13 08:20:00,2.26608,2.26632,2.266,2.26614,321
2025-03-13 08:25:00,2.26616,2.2664,2.2659000000000002,2.26634,370
2025-03-13 08:30:00,2.26636,2.26734,2.26636,2.2673,312
2025-03-13 08:35:00,2.26728,2.26767,2.26678,2.2676600000000002,321
2025-03-13 08:40:00,2.26762,2.26789,2.26738,2.26761,395
2025-03-13 08:45:00,2.26762,2.26778,2.2671799999999998,2.26757,372
2025-03-13 08:50:00,2.26758,2.26819,2.26751,2.26782,364
2025-03-13 08:55:00,2.26781,2.26792,2.26733,2.26768,335
2025-03-13 09:00:00,2.26767,2.26828,2.26748,2.26817,445
2025-03-13 09:05:00,2.26816,2.2687,2.26803,2.26823,412
2025-03-13 09:10:00,2.26824,2.26837,2.26796,2.26812,384
2025-03-13 09:15:00,2.26811,2.2683400000000002,2.2677899999999998,2.26814,371
2025-03-13 09:20:00,2.26815,2.26838,2.26726,2.26757,373
2025-03-13 09:25:00,2.26758,2.26782,2.26748,2.26765,358
2025-03-13 09:30:00,2.26765,2.26806,2.26753,2.26806,451
2025-03-13 09:35:00,2.26807,2.26907,2.26794,2.26904,472
2025-03-13 09:40:00,2.26911,2.2696,2.26884,2.26937,562
2025-03-13 09:45:00,2.26939,2.26962,2.26873,2.26876,492
2025-03-13 09:50:00,2.26875,2.2694,2.26872,2.2693,386
2025-03-13 09:55:00,2.26928,2.2697,2.26894,2.26935,437
2025-03-13 10:00:00,2.26938,2.26997,2.26871,2.26877,476
2025-03-13 10:05:00,2.26874,2.26927,2.26874,2.26906,467
2025-03-13 10:10:00,2.26903,2.26928,2.26866,2.26867,443
2025-03-13 10:15:00,2.26865,2.2688,2.26735,2.26746,610
2025-03-13 10:20:00,2.2674,2.26914,2.2674,2.26913,579
2025-03-13 10:25:00,2.26912,2.26924,2.26832,2.26865,512
2025-03-13 10:30:00,2.26866,2.26916,2.2682700000000002,2.26841,466
2025-03-13 10:35:00,2.26843,2.2688,2.2683400000000002,2.26856,421
2025-03-13 10:40:00,2.26854,2.26913,2.26838,2.26904,396
2025-03-13 10:45:00,2.26904,2.27038,2.26902,2.26968,353
2025-03-13 10:50:00,2.2696899999999998,2.26983,2.26911,2.2694,383
2025-03-13 10:55:00,2.26945,2.26963,2.2689,2.26909,405
2025-03-13 11:00:00,2.26902,2.26931,2.26874,2.26919,441
2025-03-13 11:05:00,2.26924,2.26927,2.2684,2.26893,350
2025-03-13 11:10:00,2.2689500000000002,2.26968,2.2688800000000002,2.2696,349
2025-03-13 11:15:00,2.26961,2.27089,2.2694900000000002,2.27083,363
2025-03-13 11:20:00,2.27082,2.27114,2.27054,2.2709099999999998,369
2025-03-13 11:25:00,2.27092,2.27117,2.27041,2.27066,355
2025-03-13 11:30:00,2.27065,2.27134,2.27031,2.27104,359
2025-03-13 11:35:00,2.27096,2.27109,2.27036,2.27081,351
2025-03-13 11:40:00,2.27074,2.2715899999999998,2.2707,2.27154,310
2025-03-13 11:45:00,2.2715199999999998,2.27242,2.27119,2.27218,365
2025-03-13 11:50:00,2.27214,2.2721999999999998,2.27145,2.27149,370
2025-03-13 11:55:00,2.27156,2.27246,2.27146,2.27243,307
2025-03-13 12:00:00,2.27236,2.27314,2.27227,2.27273,359
2025-03-13 12:05:00,2.27269,2.2728099999999998,2.27199,2.27211,368
2025-03-13 12:10:00,2.27212,2.27262,2.27201,2.27238,351
2025-03-13 12:15:00,2.27236,2.27243,2.27168,2.27211,301
2025-03-13 12:20:00,2.27208,2.27234,2.2718,2.27221,351
2025-03-13 12:25:00,2.2721999999999998,2.27307,2.27214,2.27296,326
2025-03-13 12:30:00,2.27293,2.27294,2.27218,2.27224,338
2025-03-13 12:35:00,2.27226,2.27251,2.27178,2.27211,278
2025-03-13 12:40:00,2.2721,2.27248,2.27196,2.27248,254
2025-03-13 12:45:00,2.27249,2.27269,2.2719300000000002,2.27206,331
2025-03-13 12:50:00,2.27208,2.27234,2.27198,2.27224,374
2025-03-13 12:55:00,2.27222,2.27282,2.27217,2.2728,495
2025-03-13 13:00:00,2.27284,2.27331,2.27248,2.27287,468
2025-03-13 13:05:00,2.27286,2.27345,2.27286,2.27307,314
2025-03-13 13:10:00,2.27308,2.27341,2.27276,2.27277,345
2025-03-13 13:15:00,2.27278,2.27343,2.27232,2.27239,450
2025-03-13 13:20:00,2.27237,2.27256,2.27148,2.27162,484
2025-03-13 13:25:00,2.27161,2.27222,2.27158,2.27182,356
2025-03-13 13:30:00,2.2718,2.27195,2.27105,2.27108,405
2025-03-13 13:35:00,2.27106,2.27177,2.27097,2.27157,352
2025-03-13 13:40:00,2.27158,2.27175,2.27096,2.27106,379
2025-03-13 13:45:00,2.27107,2.27112,2.27045,2.27086,354
2025-03-13 13:50:00,2.27085,2.27085,2.26965,2.26965,321
2025-03-13 13:55:00,2.26968,2.2701700000000002,2.26884,2.26951,601
2025-03-13 14:00:00,2.2695,2.27001,2.26936,2.2696899999999998,665
2025-03-13 14:05:00,2.2697,2.27077,2.26944,2.27069,554
2025-03-13 14:10:00,2.2707100000000002,2.27151,2.27021,2.27143,528
2025-03-13 14:15:00,2.27141,2.27252,2.27141,2.27235,556
2025-03-13 14:20:00,2.27234,2.27259,2.27146,2.27178,403
2025-03-13 14:25:00,2.27175,2.27195,2.27081,2.27109,415
2025-03-13 14:30:00,2.27056,2.27227,2.26614,2.2721299999999998,778
2025-03-13 14:35:00,2.27214,2.27297,2.27148,2.2728,674
2025-03-13 14:40:00,2.27285,2.2732,2.27244,2.27263,630
2025-03-13 14:45:00,2.27264,2.2732200000000002,2.2725,2.27307,698
2025-03-13 14:50:00,2.27303,2.27508,2.27285,2.27501,575
2025-03-13 14:55:00,2.2750500000000002,2.27508,2.27327,2.27358,580
2025-03-13 15:00:00,2.27358,2.27425,2.27336,2.27352,596
2025-03-13 15:05:00,2.27353,2.27406,2.27302,2.27311,512
2025-03-13 15:10:00,2.27303,2.274,2.2728,2.27365,504
2025-03-13 15:15:00,2.27368,2.27391,2.27308,2.27378,481
2025-03-13 15:20:00,2.2737600000000002,2.27432,2.27326,2.2733499999999998,449
2025-03-13 15:25:00,2.27328,2.27332,2.27266,2.27295,470
2025-03-13 15:30:00,2.27292,2.27313,2.27229,2.27235,563
2025-03-13 15:35:00,2.27237,2.27243,2.2717,2.2719300000000002,543
2025-03-13 15:40:00,2.2719,2.27266,2.27153,2.27262,531
2025-03-13 15:45:00,2.27265,2.27434,2.2725400000000002,2.27431,533
2025-03-13 15:50:00,2.27439,2.2746399999999998,2.27257,2.27303,538
2025-03-13 15:55:00,2.27306,2.27368,2.27249,2.27329,518
2025-03-13 16:00:00,2.2733,2.27368,2.27268,2.27307,627
2025-03-13 16:05:00,2.27306,2.2733499999999998,2.2726,2.27269,607
2025-03-13 16:10:00,2.27273,2.27277,2.27205,2.27232,563
2025-03-13 16:15:00,2.27234,2.2728099999999998,2.27211,2.27253,546
2025-03-13 16:20:00,2.27245,2.27289,2.27223,2.27237,499
2025-03-13 16:25:00,2.27235,2.27241,2.27145,2.27199,475
2025-03-13 16:30:00,2.27197,2.27197,2.27042,2.27054,476
2025-03-13 16:35:00,2.27056,2.27056,2.26974,2.27008,490
2025-03-13 16:40:00,2.27007,2.27019,2.26924,2.26977,449
2025-03-13 16:45:00,2.26978,2.27021,2.26944,2.27018,423
2025-03-13 16:50:00,2.2702,2.27035,2.2694900000000002,2.26999,439
2025-03-13 16:55:00,2.27,2.27019,2.26966,2.26974,500
2025-03-13 17:00:00,2.26979,2.26979,2.26825,2.2684699999999998,451
2025-03-13 17:05:00,2.26845,2.26897,2.26841,2.26885,396
2025-03-13 17:10:00,2.26886,2.26891,2.26801,2.26812,445
2025-03-13 17:15:00,2.26812,2.26812,2.26726,2.26743,415
2025-03-13 17:20:00,2.26742,2.26801,2.26734,2.26738,415
2025-03-13 17:25:00,2.26737,2.26803,2.26719,2.26744,435
2025-03-13 17:30:00,2.26746,2.2675,2.26669,2.26684,395
2025-03-13 17:35:00,2.26684,2.26715,2.26605,2.26606,444
2025-03-13 17:40:00,2.26605,2.26618,2.26507,2.26609,602
2025-03-13 17:45:00,2.26619,2.2665,2.26575,2.26639,664
2025-03-13 17:50:00,2.26642,2.26785,2.26637,2.26768,551
2025-03-13 17:55:00,2.26768,2.26812,2.26675,2.2674,679
2025-03-13 18:00:00,2.26744,2.26782,2.26647,2.2665100000000002,510
2025-03-13 18:05:00,2.2665100000000002,2.2668,2.26634,2.26638,411
2025-03-13 18:10:00,2.26639,2.26693,2.26627,2.26687,395
2025-03-13 18:15:00,2.26684,2.26764,2.26665,2.26755,483
2025-03-13 18:20:00,2.26756,2.26756,2.26682,2.26739,421
2025-03-13 18:25:00,2.26731,2.26737,2.2667,2.26694,376
2025-03-13 18:30:00,2.26697,2.26757,2.26678,2.26736,458
2025-03-13 18:35:00,2.26738,2.26756,2.26654,2.26669,407
2025-03-13 18:40:00,2.26681,2.2678,2.26654,2.26767,418
2025-03-13 18:45:00,2.2676600000000002,2.2677300000000002,2.26696,2.26696,496
2025-03-13 18:50:00,2.26697,2.268,2.26697,2.2676,459
2025-03-13 18:55:00,2.26763,2.26818,2.26747,2.26769,460
2025-03-13 19:00:00,2.26761,2.26826,2.26685,2.26817,525
2025-03-13 19:05:00,2.26814,2.26838,2.26771,2.2682700000000002,422
2025-03-13 19:10:00,2.26819,2.26951,2.2681,2.26947,386
2025-03-13 19:15:00,2.26948,2.27009,2.26925,2.26987,432
2025-03-13 19:20:00,2.26986,2.27008,2.26955,2.2696899999999998,379
2025-03-13 19:25:00,2.26965,2.27048,2.26965,2.27004,393
2025-03-13 19:30:00,2.27002,2.27026,2.26959,2.2701700000000002,413
2025-03-13 19:35:00,2.27016,2.27061,2.26998,2.27,393
2025-03-13 19:40:00,2.27,2.2706,2.26998,2.27041,318
2025-03-13 19:45:00,2.27039,2.27046,2.26996,2.2704,342
2025-03-13 19:50:00,2.27045,2.27075,2.27007,2.27018,358
2025-03-13 19:55:00,2.27022,2.27157,2.27019,2.27136,342
2025-03-13 20:00:00,2.2714,2.2714,2.27042,2.27051,389
2025-03-13 20:05:00,2.27049,2.27059,2.26948,2.2697,283
2025-03-13 20:10:00,2.2696899999999998,2.27004,2.26923,2.26936,284
2025-03-13 20:15:00,2.26938,2.26965,2.26896,2.26924,346
2025-03-13 20:20:00,2.26923,2.26954,2.26911,2.26921,292
2025-03-13 20:25:00,2.2692,2.26958,2.26913,2.26938,254
2025-03-13 20:30:00,2.26936,2.26967,2.26918,2.26957,276
2025-03-13 20:35:00,2.2695600000000002,2.26984,2.2694,2.26957,223
2025-03-13 20:40:00,2.26955,2.26993,2.2692,2.26944,292
2025-03-13 20:45:00,2.26948,2.2702,2.26937,2.2694900000000002,450
2025-03-13 20:50:00,2.26951,2.27001,2.26947,2.26972,323
2025-03-13 20:55:00,2.26973,2.27043,2.26966,2.27033,299
2025-03-13 21:00:00,2.27036,2.27047,2.26972,2.26999,359
2025-03-13 21:05:00,2.27,2.27074,2.26993,2.2703699999999998,337
2025-03-13 21:10:00,2.2703699999999998,2.27051,2.26983,2.27005,327
2025-03-13 21:15:00,2.27006,2.27009,2.26971,2.26991,289
2025-03-13 21:20:00,2.26993,2.26997,2.26954,2.2698,284
2025-03-13 21:25:00,2.26979,2.26983,2.26936,2.26958,311
2025-03-13 21:30:00,2.2696,2.26963,2.26897,2.26898,258
2025-03-13 21:35:00,2.26904,2.26986,2.26904,2.26958,335
2025-03-13 21:40:00,2.26961,2.27,2.26925,2.26997,387
2025-03-13 21:45:00,2.26996,2.27013,2.26925,2.26944,401
2025-03-13 21:50:00,2.26942,2.26983,2.26938,2.2697,340
2025-03-13 21:55:00,2.26967,2.27021,2.26963,2.26983,347
2025-03-13 22:00:00,2.26928,2.26928,2.26867,2.26883,193
2025-03-13 22:05:00,2.26882,2.26898,2.26853,2.26871,184
2025-03-13 22:10:00,2.2687,2.2689500000000002,2.26869,2.2689500000000002,149
2025-03-13 22:15:00,2.26894,2.26899,2.26858,2.26862,179
2025-03-13 22:20:00,2.26865,2.27028,2.26862,2.27008,147
2025-03-13 22:25:00,2.2701000000000002,2.27053,2.2701000000000002,2.27048,122
2025-03-13 22:30:00,2.2705,2.27086,2.27048,2.2708,152
2025-03-13 22:35:00,2.27081,2.27112,2.27045,2.27053,225
2025-03-13 22:40:00,2.27057,2.27084,2.2704,2.27082,155
2025-03-13 22:45:00,2.27083,2.27204,2.27077,2.27192,226
2025-03-13 22:50:00,2.27196,2.2725400000000002,2.27191,2.27236,198
2025-03-13 22:55:00,2.27292,2.2733,2.27099,2.27105,324
2025-03-13 23:00:00,2.27196,2.27196,2.26984,2.2709099999999998,15
2025-03-13 23:05:00,2.27094,2.27187,2.2708,2.27106,49
2025-03-13 23:10:00,2.27106,2.27177,2.271,2.2714,51
2025-03-13 23:15:00,2.27138,2.27172,2.27106,2.27122,83
2025-03-13 23:20:00,2.27115,2.27148,2.27112,2.27126,43
2025-03-13 23:25:00,2.2712,2.2716,2.27112,2.27125,54
2025-03-13 23:30:00,2.2713,2.2733499999999998,2.27123,2.27327,142
2025-03-13 23:35:00,2.27287,2.27319,2.27201,2.27219,241
2025-03-13 23:40:00,2.27217,2.27219,2.27151,2.2719,161
2025-03-13 23:45:00,2.27174,2.27182,2.27113,2.27166,88
2025-03-13 23:50:00,2.27162,2.27171,2.27131,2.27137,78
2025-03-13 23:55:00,2.27143,2.27173,2.27135,2.27151,91
2025-03-14 00:00:00,2.2715899999999998,2.27273,2.2715899999999998,2.2724,186
2025-03-14 00:05:00,2.27239,2.27314,2.2719300000000002,2.2724,71
2025-03-14 00:10:00,2.27238,2.27324,2.27203,2.27269,43
2025-03-14 00:15:00,2.27212,2.27288,2.2719,2.27194,73
2025-03-14 00:20:00,2.27192,2.27211,2.27172,2.27186,103
2025-03-14 00:25:00,2.27188,2.2719,2.2715199999999998,2.27157,77
2025-03-14 00:30:00,2.27158,2.27158,2.27081,2.27081,135
2025-03-14 00:35:00,2.2709099999999998,2.27102,2.27055,2.27073,85
2025-03-14 00:40:00,2.27075,2.27148,2.27073,2.27111,123
2025-03-14 00:45:00,2.2711,2.2712,2.27081,2.27094,122
2025-03-14 00:50:00,2.2709099999999998,2.2709099999999998,2.2704,2.27064,109
2025-03-14 00:55:00,2.27065,2.27102,2.27055,2.27101,108
2025-03-14 01:00:00,2.27113,2.2719,2.27113,2.27175,140
2025-03-14 01:05:00,2.27176,2.27216,2.27163,2.27204,208
2025-03-14 01:10:00,2.27203,2.27212,2.27138,2.27167,170
2025-03-14 01:15:00,2.27165,2.27169,2.27126,2.27155,165
2025-03-14 01:20:00,2.27155,2.27156,2.27123,2.27124,98
2025-03-14 01:25:00,2.27116,2.27146,2.27103,2.27141,189
2025-03-14 01:30:00,2.27148,2.27184,2.27144,2.27147,236
2025-03-14 01:35:00,2.27149,2.27188,2.27149,2.2718,184
2025-03-14 01:40:00,2.2718,2.27196,2.27165,2.27178,227
2025-03-14 01:45:00,2.27176,2.27217,2.2717,2.27204,201
2025-03-14 01:50:00,2.27202,2.27202,2.27179,2.27183,140
2025-03-14 01:55:00,2.27184,2.27208,2.27146,2.27202,220
2025-03-14 02:00:00,2.2720000000000002,2.2727399999999998,2.27143,2.2717,322
2025-03-14 02:05:00,2.27169,2.27173,2.27122,2.27146,234
2025-03-14 02:10:00,2.27148,2.27167,2.27134,2.27154,214
2025-03-14 02:15:00,2.27156,2.27174,2.27153,2.27167,279
2025-03-14 02:20:00,2.27166,2.27214,2.27161,2.27198,225
2025-03-14 02:25:00,2.27194,2.27285,2.27191,2.27246,311
2025-03-14 02:30:00,2.27237,2.2727,2.27179,2.27182,293
2025-03-14 02:35:00,2.2718,2.27195,2.27135,2.27146,261
2025-03-14 02:40:00,2.27147,2.27147,2.27069,2.27076,292
2025-03-14 02:45:00,2.27074,2.27083,2.27008,2.2707800000000002,262
2025-03-14 02:50:00,2.27079,2.27126,2.2707,2.27108,339
2025-03-14 02:55:00,2.27107,2.27136,2.27022,2.27023,290
2025-03-14 03:00:00,2.27024,2.2702999999999998,2.26933,2.2694900000000002,264
2025-03-14 03:05:00,2.26948,2.2694900000000002,2.26849,2.26853,342
2025-03-14 03:10:00,2.2685,2.26871,2.26789,2.26796,357
2025-03-14 03:15:00,2.26794,2.26868,2.2678599999999998,2.26852,340
2025-03-14 03:20:00,2.26857,2.26868,2.26796,2.26822,341
2025-03-14 03:25:00,2.26822,2.26825,2.2671799999999998,2.26756,349
2025-03-14 03:30:00,2.26753,2.2678599999999998,2.26694,2.26701,418
2025-03-14 03:35:00,2.26697,2.2670500000000002,2.26636,2.26643,394
2025-03-14 03:40:00,2.2664400000000002,2.2672499999999998,2.26628,2.26714,366
2025-03-14 03:45:00,2.2671200000000002,2.26755,2.26702,2.26726,409
2025-03-14 03:50:00,2.26729,2.26732,2.2665,2.26654,374
2025-03-14 03:55:00,2.26652,2.26655,2.26616,2.26645,392
2025-03-14 04:00:00,2.26643,2.26715,2.26641,2.26697,367
2025-03-14 04:05:00,2.26698,2.2671799999999998,2.26675,2.26679,296
2025-03-14 04:10:00,2.26681,2.26738,2.26671,2.26737,305
2025-03-14 04:15:00,2.26743,2.26801,2.26734,2.26776,342
2025-03-14 04:20:00,2.26774,2.2678,2.26721,2.26776,387
2025-03-14 04:25:00,2.2677300000000002,2.2678599999999998,2.26759,2.26763,290
2025-03-14 04:30:00,2.26762,2.26815,2.2676,2.26805,368
2025-03-14 04:35:00,2.26804,2.26854,2.26804,2.26854,322
2025-03-14 04:40:00,2.26851,2.26876,2.26828,2.26876,300
2025-03-14 04:45:00,2.26874,2.26881,2.26813,2.26848,342
2025-03-14 04:50:00,2.26845,2.26871,2.2683400000000002,2.26852,353
2025-03-14 04:55:00,2.26851,2.26851,2.26791,2.26806,351
2025-03-14 05:00:00,2.26805,2.26845,2.2674,2.26764,386
2025-03-14 05:05:00,2.26763,2.26798,2.26733,2.26777,304
2025-03-14 05:10:00,2.26775,2.26797,2.26756,2.26776,318
2025-03-14 05:15:00,2.26777,2.26821,2.26762,2.2678,305
2025-03-14 05:20:00,2.2677899999999998,2.26831,2.26765,2.26829,326
2025-03-14 05:25:00,2.2682700000000002,2.26857,2.26787,2.26796,339
2025-03-14 05:30:00,2.26794,2.26829,2.26776,2.26784,391
2025-03-14 05:35:00,2.26788,2.26788,2.26729,2.26758,513
2025-03-14 05:40:00,2.26756,2.26767,2.26723,2.26731,477
2025-03-14 05:45:00,2.2673,2.26731,2.26672,2.26673,447
2025-03-14 05:50:00,2.26674,2.26694,2.26643,2.26665,254
2025-03-14 05:55:00,2.26667,2.26704,2.26646,2.26688,232
2025-03-14 06:00:00,2.2669,2.2671,2.26672,2.26678,225
2025-03-14 06:05:00,2.26679,2.26745,2.26662,2.26733,324
2025-03-14 06:10:00,2.26732,2.26744,2.26647,2.26647,301
2025-03-14 06:15:00,2.26645,2.2666,2.26604,2.26631,278
2025-03-14 06:20:00,2.26629,2.26632,2.26571,2.26586,278
2025-03-14 06:25:00,2.26587,2.26599,2.26573,2.26579,289
2025-03-14 06:30:00,2.26577,2.266,2.26557,2.26566,290
2025-03-14 06:35:00,2.26568,2.26618,2.26556,2.26615,291
2025-03-14 06:40:00,2.26616,2.26665,2.266,2.26655,346
2025-03-14 06:45:00,2.26653,2.26653,2.26623,2.26624,234
2025-03-14 06:50:00,2.26625,2.26639,2.26595,2.26621,260
2025-03-14 06:55:00,2.2662,2.2665699999999998,2.26617,2.26629,329
2025-03-14 07:00:00,2.26628,2.26642,2.26608,2.2662,414
2025-03-14 07:05:00,2.26622,2.26642,2.26606,2.26642,370
2025-03-14 07:10:00,2.26643,2.26645,2.266,2.26609,344
2025-03-14 07:15:00,2.2661,2.26628,2.26595,2.26621,422
2025-03-14 07:20:00,2.26619,2.26721,2.26619,2.26719,317
2025-03-14 07:25:00,2.26714,2.26714,2.2665100000000002,2.26662,338
2025-03-14 07:30:00,2.26661,2.26683,2.26635,2.26635,267
2025-03-14 07:35:00,2.26636,2.26638,2.26598,2.26606,305
2025-03-14 07:40:00,2.2660299999999998,2.2660299999999998,2.2654,2.26558,229
2025-03-14 07:45:00,2.26548,2.26548,2.26498,2.26523,257
2025-03-14 07:50:00,2.26526,2.26567,2.26523,2.26557,264
2025-03-14 07:55:00,2.26554,2.26637,2.26554,2.26601,330
2025-03-14 08:00:00,2.26602,2.26619,2.26533,2.26566,314
2025-03-14 08:05:00,2.26564,2.26595,2.26547,2.2655,264
2025-03-14 08:10:00,2.26555,2.26586,2.26533,2.26566,383
2025-03-14 08:15:00,2.26564,2.26564,2.26509,2.26555,331
2025-03-14 08:20:00,2.26552,2.26568,2.26499,2.26509,320
2025-03-14 08:25:00,2.26505,2.26513,2.26473,2.26495,391
2025-03-14 08:30:00,2.26497,2.26502,2.2644,2.26459,412
2025-03-14 08:35:00,2.2646,2.2646,2.26405,2.26439,404
2025-03-14 08:40:00,2.26437,2.26488,2.26435,2.26438,310
2025-03-14 08:45:00,2.26439,2.26442,2.26369,2.26377,384
2025-03-14 08:50:00,2.26376,2.26412,2.26373,2.26396,359
2025-03-14 08:55:00,2.26395,2.2646800000000002,2.26394,2.26458,356
2025-03-14 09:00:00,2.26384,2.26384,2.26196,2.26332,520
2025-03-14 09:05:00,2.2633,2.2633,2.26164,2.26199,508
2025-03-14 09:10:00,2.26201,2.26284,2.26199,2.2622,434
2025-03-14 09:15:00,2.2622,2.26238,2.26132,2.26194,428
2025-03-14 09:20:00,2.26191,2.26199,2.26126,2.26135,418
2025-03-14 09:25:00,2.26136,2.26174,2.26031,2.26037,397
2025-03-14 09:30:00,2.26041,2.26041,2.25969,2.25994,544
2025-03-14 09:35:00,2.2599299999999998,2.2599299999999998,2.2584400000000002,2.2585100000000002,408
2025-03-14 09:40:00,2.2584400000000002,2.25909,2.25839,2.25855,553
2025-03-14 09:45:00,2.2586,2.25907,2.2580299999999998,2.25806,494
2025-03-14 09:50:00,2.25798,2.25816,2.25714,2.25798,422
2025-03-14 09:55:00,2.25798,2.2584,2.25781,2.25836,383
2025-03-14 10:00:00,2.25833,2.25924,2.25817,2.25901,536
2025-03-14 10:05:00,2.259,2.25938,2.25882,2.2589,491
2025-03-14 10:10:00,2.25887,2.25945,2.25857,2.25945,482
2025-03-14 10:15:00,2.2594,2.2599299999999998,2.25918,2.25923,370
2025-03-14 10:20:00,2.2592499999999998,2.25926,2.25858,2.25908,407
2025-03-14 10:25:00,2.25907,2.2592,2.2578300000000002,2.25792,456
2025-03-14 10:30:00,2.25792,2.25883,2.25785,2.25812,436
2025-03-14 10:35:00,2.25812,2.25846,2.25786,2.25816,360
2025-03-14 10:40:00,2.25822,2.25889,2.25807,2.25866,314
2025-03-14 10:45:00,2.25867,2.25888,2.2584,2.25842,249
2025-03-14 10:50:00,2.25843,2.25843,2.25741,2.25771,332
2025-03-14 10:55:00,2.2577,2.25817,2.25728,2.25738,384
2025-03-14 11:00:00,2.25745,2.25799,2.2572200000000002,2.25787,376
2025-03-14 11:05:00,2.25786,2.25822,2.25736,2.25761,372
2025-03-14 11:10:00,2.2576,2.25857,2.2576,2.25841,416
2025-03-14 11:15:00,2.25843,2.25859,2.258,2.25832,391
2025-03-14 11:20:00,2.25833,2.25885,2.25823,2.25838,311
2025-03-14 11:25:00,2.25837,2.25879,2.2583,2.25845,339
2025-03-14 11:30:00,2.25845,2.25947,2.25827,2.2587,398
2025-03-14 11:35:00,2.25867,2.2596600000000002,2.25862,2.25949,391
2025-03-14 11:40:00,2.25948,2.25989,2.25927,2.2598599999999998,345
2025-03-14 11:45:00,2.25987,2.2603400000000002,2.25976,2.2599,296
2025-03-14 11:50:00,2.25985,2.26017,2.25952,2.25952,331
2025-03-14 11:55:00,2.25952,2.26035,2.25918,2.26023,369
2025-03-14 12:00:00,2.2602,2.26065,2.2597300000000002,2.25996,346
2025-03-14 12:05:00,2.25995,2.26014,2.2593,2.25981,409
2025-03-14 12:10:00,2.2598599999999998,2.25989,2.25914,2.2593199999999998,311
2025-03-14 12:15:00,2.25935,2.25985,2.2591,2.25918,365
2025-03-14 12:20:00,2.25917,2.25981,2.25907,2.25963,402
2025-03-14 12:25:00,2.25967,2.2603400000000002,2.25953,2.2602,266
2025-03-14 12:30:00,2.26018,2.26049,2.25996,2.26032,300
2025-03-14 12:35:00,2.26026,2.26141,2.25974,2.26132,373
2025-03-14 12:40:00,2.26133,2.26185,2.26112,2.26128,692
2025-03-14 12:45:00,2.26129,2.2619,2.2608,2.26155,693
2025-03-14 12:50:00,2.26155,2.26249,2.26116,2.26206,705
2025-03-14 12:55:00,2.262,2.26228,2.26116,2.26144,588
2025-03-14 13:00:00,2.26139,2.26164,2.26077,2.2609500000000002,513
2025-03-14 13:05:00,2.26086,2.26171,2.26014,2.26022,597
2025-03-14 13:10:00,2.26015,2.26045,2.25952,2.26003,523
2025-03-14 13:15:00,2.26007,2.2602700000000002,2.2595,2.26017,455
2025-03-14 13:20:00,2.26017,2.2603400000000002,2.25959,2.2597300000000002,386
2025-03-14 13:25:00,2.2597300000000002,2.25977,2.25929,2.25935,460
2025-03-14 13:30:00,2.25936,2.26031,2.25922,2.2602700000000002,504
2025-03-14 13:35:00,2.26024,2.26042,2.25956,2.25979,375
2025-03-14 13:40:00,2.25975,2.25984,2.25909,2.25963,435
2025-03-14 13:45:00,2.25964,2.25965,2.2590500000000002,2.25927,519
2025-03-14 13:50:00,2.25926,2.25975,2.25906,2.2594,425
2025-03-14 13:55:00,2.25938,2.25965,2.25904,2.25918,446
2025-03-14 14:00:00,2.2592,2.25972,2.25831,2.25837,490
2025-03-14 14:05:00,2.25836,2.25846,2.2579000000000002,2.25811,399
2025-03-14 14:10:00,2.25809,2.25827,2.25764,2.25816,401
2025-03-14 14:15:00,2.25815,2.25816,2.25748,2.258,418
2025-03-14 14:20:00,2.25795,2.25802,2.25691,2.25723,401
2025-03-14 14:25:00,2.25716,2.25736,2.25616,2.2563,401
2025-03-14 14:30:00,2.25633,2.25666,2.25589,2.25599,418
2025-03-14 14:35:00,2.25598,2.25636,2.2549,2.2549799999999998,405
2025-03-14 14:40:00,2.25499,2.25524,2.2542400000000002,2.25439,447
2025-03-14 14:45:00,2.2544,2.25474,2.2538,2.25409,388
2025-03-14 14:50:00,2.25401,2.25456,2.25398,2.25416,388
2025-03-14 14:55:00,2.25419,2.25499,2.25407,2.25497,426
2025-03-14 15:00:00,2.2549799999999998,2.2553,2.25461,2.25506,425
2025-03-14 15:05:00,2.25509,2.25533,2.25472,2.25499,369
2025-03-14 15:10:00,2.25501,2.25503,2.25451,2.25466,407
2025-03-14 15:15:00,2.25467,2.25477,2.25431,2.25442,327
2025-03-14 15:20:00,2.25439,2.25459,2.25397,2.25443,371
2025-03-14 15:25:00,2.25445,2.25522,2.2543699999999998,2.25502,328
2025-03-14 15:30:00,2.25502,2.25527,2.25435,2.25451,518
2025-03-14 15:35:00,2.2545,2.25494,2.25434,2.25442,516
2025-03-14 15:40:00,2.2544399999999998,2.2547800000000002,2.25392,2.25407,486
2025-03-14 15:45:00,2.25408,2.2544399999999998,2.25333,2.25419,615
2025-03-14 15:50:00,2.25421,2.25454,2.25338,2.25347,477
2025-03-14 15:55:00,2.25348,2.2542400000000002,2.25321,2.25412,379
2025-03-14 16:00:00,2.2539,2.2549,2.25359,2.25409,670
2025-03-14 16:05:00,2.2541,2.25504,2.254,2.25493,580
2025-03-14 16:10:00,2.25492,2.25501,2.25369,2.25399,609
2025-03-14 16:15:00,2.25401,2.25411,2.25328,2.25347,497
2025-03-14 16:20:00,2.25346,2.25384,2.25294,2.25366,506
2025-03-14 16:25:00,2.25361,2.2545,2.2535,2.25435,463
2025-03-14 16:30:00,2.25435,2.25455,2.25361,2.25398,531
2025-03-14 16:35:00,2.254,2.2541700000000002,2.25286,2.25332,480
2025-03-14 16:40:00,2.25334,2.25381,2.2526,2.25261,427
2025-03-14 16:45:00,2.25259,2.25265,2.25139,2.2518000000000002,476
2025-03-14 16:50:00,2.25179,2.25195,2.2512,2.25139,395
2025-03-14 16:55:00,2.25143,2.25169,2.25063,2.25082,434
2025-03-14 17:00:00,2.25084,2.25176,2.2507099999999998,2.25153,439
2025-03-14 17:05:00,2.25156,2.25169,2.25061,2.25069,436
2025-03-14 17:10:00,2.25067,2.25131,2.25049,2.2512499999999998,397
2025-03-14 17:15:00,2.25123,2.25144,2.25049,2.25055,405
2025-03-14 17:20:00,2.25057,2.25069,2.24921,2.24924,387
2025-03-14 17:25:00,2.24921,2.24987,2.24909,2.24967,423
2025-03-14 17:30:00,2.24967,2.2504,2.2496,2.25,364
2025-03-14 17:35:00,2.25006,2.25006,2.249,2.24907,415
2025-03-14 17:40:00,2.24911,2.24981,2.24909,2.24953,405
2025-03-14 17:45:00,2.24954,2.25042,2.24922,2.2497,473
2025-03-14 17:50:00,2.24971,2.24971,2.24859,2.24882,510
2025-03-14 17:55:00,2.2488,2.24984,2.24848,2.24969,646
2025-03-14 18:00:00,2.24972,2.2505,2.24931,2.25042,493
2025-03-14 18:05:00,2.25043,2.25048,2.24932,2.24943,429
2025-03-14 18:10:00,2.24944,2.2497,2.24893,2.24968,336
2025-03-14 18:15:00,2.24967,2.25006,2.24937,2.24983,425
2025-03-14 18:20:00,2.24982,2.24984,2.24927,2.24966,345
2025-03-14 18:25:00,2.24964,2.24989,2.24937,2.24967,333
2025-03-14 18:30:00,2.24964,2.24994,2.24918,2.24967,431
2025-03-14 18:35:00,2.24966,2.24975,2.24922,2.24936,407
2025-03-14 18:40:00,2.24935,2.24935,2.24886,2.24899,313
2025-03-14 18:45:00,2.24897,2.24956,2.24894,2.24936,296
2025-03-14 18:50:00,2.24935,2.24939,2.24885,2.24903,317
2025-03-14 18:55:00,2.24903,2.24935,2.24889,2.24907,319
2025-03-14 19:00:00,2.24899,2.24938,2.24897,2.24912,389
2025-03-14 19:05:00,2.2491,2.24945,2.24909,2.24934,335
2025-03-14 19:10:00,2.24941,2.24942,2.24896,2.24896,196
2025-03-14 19:15:00,2.24894,2.24916,2.24882,2.24894,359
2025-03-14 19:20:00,2.24895,2.24945,2.24884,2.24943,304
2025-03-14 19:25:00,2.24939,2.24957,2.24887,2.24899,250
2025-03-14 19:30:00,2.24896,2.24925,2.24864,2.24922,229
2025-03-14 19:35:00,2.24926,2.24958,2.24909,2.2494899999999998,252
2025-03-14 19:40:00,2.24951,2.24978,2.24908,2.24975,282
2025-03-14 19:45:00,2.24976,2.24983,2.24944,2.24979,278
2025-03-14 19:50:00,2.24978,2.24993,2.24936,2.24936,198
2025-03-14 19:55:00,2.24934,2.24998,2.24924,2.24954,239
2025-03-14 20:00:00,2.24955,2.24979,2.24937,2.24972,378
2025-03-14 20:05:00,2.24974,2.24982,2.24956,2.24967,280
2025-03-14 20:10:00,2.24973,2.25009,2.24952,2.2498,183
2025-03-14 20:15:00,2.24979,2.25004,2.24967,2.24983,178
2025-03-14 20:20:00,2.24982,2.25007,2.24973,2.2499000000000002,150
2025-03-14 20:25:00,2.24989,2.25018,2.24986,2.24997,215
2025-03-14 20:30:00,2.24999,2.25002,2.24965,2.24967,211
2025-03-14 20:35:00,2.24966,2.24989,2.24951,2.24955,185
2025-03-14 20:40:00,2.24957,2.24963,2.24933,2.24939,355
2025-03-14 20:45:00,2.24937,2.24976,2.24932,2.24966,299
2025-03-14 20:50:00,2.24964,2.24975,2.24943,2.24965,225
2025-03-14 20:55:00,2.24963,2.25015,2.24954,2.24988,349
2025-03-14 21:00:00,2.24984,2.24999,2.24942,2.24942,299
2025-03-14 21:05:00,2.24943,2.24956,2.24907,2.24921,165
2025-03-14 21:10:00,2.24922,2.24962,2.24921,2.24945,140
2025-03-14 21:15:00,2.24947,2.24955,2.24933,2.24943,198
2025-03-14 21:20:00,2.24944,2.24944,2.24913,2.24928,133
2025-03-14 21:25:00,2.24926,2.24966,2.24924,2.24952,143
2025-03-14 21:30:00,2.24954,2.24972,2.24941,2.24967,169
2025-03-14 21:35:00,2.24966,2.24976,2.24956,2.24962,105
2025-03-14 21:40:00,2.24962,2.24972,2.24889,2.2493,157
2025-03-14 21:45:00,2.24928,2.24953,2.24908,2.24927,193
2025-03-14 21:50:00,2.24926,2.24926,2.24882,2.2488799999999998,156
2025-03-14 21:55:00,2.2489,2.24924,2.24886,2.24911,279
2025-03-14 22:00:00,2.2486,2.24889,2.2485,2.24876,208
2025-03-14 22:05:00,2.24877,2.2488799999999998,2.24828,2.24861,143
2025-03-14 22:10:00,2.24863,2.24864,2.24786,2.24802,153
2025-03-14 22:15:00,2.24804,2.24808,2.24736,2.24736,150
2025-03-14 22:20:00,2.24735,2.24735,2.24665,2.24666,159
2025-03-14 22:25:00,2.24668,2.24689,2.24612,2.24688,193
2025-03-14 22:30:00,2.24687,2.24707,2.2466,2.24694,127
2025-03-14 22:35:00,2.24694,2.24729,2.24682,2.247,200
2025-03-14 22:40:00,2.24698,2.24708,2.24664,2.24674,201
2025-03-14 22:45:00,2.24679,2.24788,2.24666,2.24785,241
2025-03-14 22:50:00,2.24783,2.24862,2.24783,2.24844,489
2025-03-14 22:55:00,2.2489,2.24908,2.24651,2.24738,255
2025-03-17 00:00:00,2.2482699999999998,2.24924,2.24726,2.24726,180
2025-03-17 00:05:00,2.24727,2.24752,2.24637,2.24643,96
2025-03-17 00:10:00,2.24648,2.24662,2.24497,2.24512,71
2025-03-17 00:15:00,2.24443,2.24447,2.2437,2.24388,233
2025-03-17 00:20:00,2.24389,2.24464,2.24374,2.24447,320
2025-03-17 00:25:00,2.24446,2.24468,2.24388,2.24418,298
2025-03-17 00:30:00,2.2442,2.24653,2.24404,2.24642,333
2025-03-17 00:35:00,2.24637,2.24654,2.2455600000000002,2.24588,210
2025-03-17 00:40:00,2.24587,2.24587,2.24473,2.24543,244
2025-03-17 00:45:00,2.24544,2.24634,2.24504,2.2463,234
2025-03-17 00:50:00,2.24627,2.24683,2.24593,2.24656,314
2025-03-17 00:55:00,2.24658,2.2468500000000002,2.24622,2.24649,240
2025-03-17 01:00:00,2.24658,2.2472,2.24658,2.24671,257
2025-03-17 01:05:00,2.24672,2.24673,2.2464,2.24645,196
2025-03-17 01:10:00,2.24648,2.24717,2.24635,2.24699,208
2025-03-17 01:15:00,2.24701,2.2472,2.24671,2.2472,185
2025-03-17 01:20:00,2.2472,2.24745,2.24703,2.2471,146
2025-03-17 01:25:00,2.24707,2.24722,2.24641,2.2466,240
2025-03-17 01:30:00,2.24664,2.2474600000000002,2.24658,2.24745,190
2025-03-17 01:35:00,2.24744,2.24744,2.2467,2.24711,188
2025-03-17 01:40:00,2.24712,2.24739,2.247,2.24731,182
2025-03-17 01:45:00,2.24729,2.24753,2.24706,2.24711,189
2025-03-17 01:50:00,2.24709,2.24737,2.24709,2.24723,222
2025-03-17 01:55:00,2.24721,2.24776,2.24717,2.24732,200
2025-03-17 02:00:00,2.24734,2.2486,2.24734,2.24779,326
2025-03-17 02:05:00,2.24775,2.24778,2.24722,2.24728,236
2025-03-17 02:10:00,2.24731,2.24775,2.24715,2.24758,222
2025-03-17 02:15:00,2.24759,2.24939,2.24752,2.24939,279
2025-03-17 02:20:00,2.2494,2.24977,2.24906,2.24956,250
2025-03-17 02:25:00,2.24954,2.24957,2.24858,2.2486800000000002,234
2025-03-17 02:30:00,2.24866,2.24872,2.24804,2.24816,276
2025-03-17 02:35:00,2.24818,2.24905,2.2481,2.24889,239
2025-03-17 02:40:00,2.24887,2.24891,2.2483,2.24872,226
2025-03-17 02:45:00,2.24871,2.24871,2.24809,2.24816,209
2025-03-17 02:50:00,2.2481,2.24834,2.24768,2.24806,232
2025-03-17 02:55:00,2.24809,2.24828,2.24767,2.24772,282
2025-03-17 03:00:00,2.24776,2.24811,2.24713,2.24718,372
2025-03-17 03:05:00,2.24719,2.24768,2.24665,2.24735,323
2025-03-17 03:10:00,2.24738,2.24821,2.24722,2.24805,313
2025-03-17 03:15:00,2.24804,2.24814,2.24752,2.24756,360
2025-03-17 03:20:00,2.24757,2.2477,2.24695,2.247,363
2025-03-17 03:25:00,2.24701,2.24717,2.24624,2.24629,351
2025-03-17 03:30:00,2.24631,2.24741,2.2462,2.24658,410
2025-03-17 03:35:00,2.2466,2.24678,2.24643,2.24653,351
2025-03-17 03:40:00,2.24651,2.24652,2.24541,2.24565,375
2025-03-17 03:45:00,2.24567,2.2462,2.24561,2.24603,435
2025-03-17 03:50:00,2.24605,2.24652,2.24591,2.2464,373
2025-03-17 03:55:00,2.24638,2.24648,2.24593,2.24627,332
2025-03-17 04:00:00,2.24626,2.24643,2.24574,2.24627,398
2025-03-17 04:05:00,2.24629,2.2463,2.2457,2.24596,311
2025-03-17 04:10:00,2.246,2.2464399999999998,2.24598,2.24631,302
2025-03-17 04:15:00,2.24634,2.24635,2.24596,2.24617,277
2025-03-17 04:20:00,2.24616,2.24641,2.24589,2.24592,244
2025-03-17 04:25:00,2.24593,2.2461,2.24571,2.24587,236
2025-03-17 04:30:00,2.24587,2.24621,2.24577,2.24589,265
2025-03-17 04:35:00,2.24589,2.24627,2.24587,2.24602,240
2025-03-17 04:40:00,2.24603,2.24624,2.24588,2.24597,265
2025-03-17 04:45:00,2.24594,2.246,2.2457,2.2458299999999998,192
2025-03-17 04:50:00,2.24581,2.24633,2.24578,2.2461,259
2025-03-17 04:55:00,2.24608,2.24637,2.24602,2.24612,282
2025-03-17 05:00:00,2.24611,2.24704,2.24608,2.247,327
2025-03-17 05:05:00,2.24701,2.2471,2.24653,2.24653,199
2025-03-17 05:10:00,2.24656,2.2469,2.24642,2.24656,266
2025-03-17 05:15:00,2.24655,2.2468,2.24601,2.24603,311
2025-03-17 05:20:00,2.24604,2.24626,2.2458,2.24581,209
2025-03-17 05:25:00,2.24582,2.24663,2.24582,2.24643,192
2025-03-17 05:30:00,2.24641,2.24664,2.24606,2.24662,204
2025-03-17 05:35:00,2.24661,2.24677,2.24628,2.24667,205
2025-03-17 05:40:00,2.24668,2.24694,2.24647,2.24655,193
2025-03-17 05:45:00,2.24657,2.24664,2.24632,2.24639,189
2025-03-17 05:50:00,2.24637,2.24696,2.24625,2.24638,219
2025-03-17 05:55:00,2.24637,2.24638,2.24575,2.24575,184
2025-03-17 06:00:00,2.24577,2.24595,2.24535,2.24577,199
2025-03-17 06:05:00,2.24578,2.24666,2.24567,2.2465,415
2025-03-17 06:10:00,2.24648,2.24665,2.24595,2.24604,283
2025-03-17 06:15:00,2.24604,2.24617,2.24553,2.24595,243
2025-03-17 06:20:00,2.24599,2.2462,2.24552,2.24573,234
2025-03-17 06:25:00,2.24574,2.24681,2.24562,2.24673,218
2025-03-17 06:30:00,2.24675,2.24688,2.24623,2.24625,242
2025-03-17 06:35:00,2.24629,2.24633,2.24569,2.24608,209
2025-03-17 06:40:00,2.24606,2.2464399999999998,2.24604,2.24626,141
2025-03-17 06:45:00,2.24616,2.24623,2.24586,2.24613,224
2025-03-17 06:50:00,2.24612,2.24612,2.24553,2.24585,169
2025-03-17 06:55:00,2.24584,2.24623,2.24569,2.24587,233
2025-03-17 07:00:00,2.24588,2.24656,2.2457,2.24646,260
2025-03-17 07:05:00,2.24649,2.24676,2.24629,2.24634,218
2025-03-17 07:10:00,2.24637,2.24647,2.24602,2.24623,215
2025-03-17 07:15:00,2.24621,2.24631,2.24599,2.24608,179
2025-03-17 07:20:00,2.24605,2.24663,2.24584,2.2462,254
2025-03-17 07:25:00,2.24622,2.2466,2.2462,2.2463,245
2025-03-17 07:30:00,2.24629,2.2468,2.24626,2.24661,173
2025-03-17 07:35:00,2.2466,2.24691,2.24654,2.24658,204
2025-03-17 07:40:00,2.24663,2.24674,2.2464,2.24661,192
2025-03-17 07:45:00,2.24664,2.24679,2.24595,2.24602,118
2025-03-17 07:50:00,2.24595,2.24649,2.24591,2.24624,181
2025-03-17 07:55:00,2.24636,2.24654,2.24625,2.24647,213
2025-03-17 08:00:00,2.2464399999999998,2.24658,2.2458299999999998,2.24594,249
2025-03-17 08:05:00,2.24593,2.24595,2.24537,2.24579,246
2025-03-17 08:10:00,2.24588,2.24593,2.24535,2.2455600000000002,201
2025-03-17 08:15:00,2.2455600000000002,2.24573,2.24518,2.24566,217
2025-03-17 08:20:00,2.24568,2.2458299999999998,2.24516,2.24567,276
2025-03-17 08:25:00,2.24569,2.24571,2.24519,2.24531,251
2025-03-17 08:30:00,2.2453,2.24559,2.24518,2.2455,233
2025-03-17 08:35:00,2.24548,2.24566,2.24496,2.24531,175
2025-03-17 08:40:00,2.24525,2.24551,2.24516,2.2453,226
2025-03-17 08:45:00,2.24532,2.24538,2.24469,2.24477,172
2025-03-17 08:50:00,2.2448,2.2448,2.24415,2.24432,278
2025-03-17 08:55:00,2.2443400000000002,2.24435,2.24345,2.24364,225
2025-03-17 09:00:00,2.24371,2.24374,2.24309,2.2432,402
2025-03-17 09:05:00,2.24321,2.24348,2.24289,2.24293,360
2025-03-17 09:10:00,2.24291,2.24315,2.2422,2.24226,275
2025-03-17 09:15:00,2.24228,2.24287,2.24158,2.2418,325
2025-03-17 09:20:00,2.24176,2.24239,2.24163,2.24222,258
2025-03-17 09:25:00,2.24226,2.24226,2.24134,2.24143,264
2025-03-17 09:30:00,2.24144,2.24306,2.24135,2.24258,335
2025-03-17 09:35:00,2.24257,2.24285,2.24158,2.24183,362
2025-03-17 09:40:00,2.24181,2.24225,2.24162,2.24187,322
2025-03-17 09:45:00,2.24191,2.24253,2.24175,2.24183,419
2025-03-17 09:50:00,2.24182,2.24287,2.24179,2.24275,246
2025-03-17 09:55:00,2.24274,2.24289,2.24196,2.24205,409
2025-03-17 10:00:00,2.24204,2.24232,2.24118,2.2416,455
2025-03-17 10:05:00,2.24159,2.24225,2.24124,2.24171,411
2025-03-17 10:10:00,2.2417,2.24239,2.2415599999999998,2.24209,378
2025-03-17 10:15:00,2.24201,2.24307,2.24196,2.24303,323
2025-03-17 10:20:00,2.24309,2.24309,2.24262,2.24285,318
2025-03-17 10:25:00,2.24284,2.24288,2.2421,2.24252,321
2025-03-17 10:30:00,2.2425100000000002,2.24281,2.24198,2.24209,346
2025-03-17 10:35:00,2.24207,2.24244,2.24118,2.24135,318
2025-03-17 10:40:00,2.24139,2.24153,2.24008,2.24016,338
2025-03-17 10:45:00,2.24014,2.24126,2.23993,2.24122,287
2025-03-17 10:50:00,2.24123,2.24203,2.24122,2.24173,395
2025-03-17 10:55:00,2.24177,2.24181,2.24092,2.24113,351
2025-03-17 11:00:00,2.24116,2.24161,2.24102,2.24118,358
2025-03-17 11:05:00,2.24125,2.24146,2.24097,2.24146,277
2025-03-17 11:10:00,2.24144,2.24151,2.24077,2.24096,241
2025-03-17 11:15:00,2.24094,2.24199,2.24087,2.24185,275
2025-03-17 11:20:00,2.24183,2.24264,2.24182,2.24197,269
2025-03-17 11:25:00,2.24199,2.242,2.24125,2.24145,323
2025-03-17 11:30:00,2.24146,2.24241,2.24112,2.24229,299
2025-03-17 11:35:00,2.24228,2.24261,2.242,2.24242,316
2025-03-17 11:40:00,2.24243,2.24323,2.24237,2.24258,349
2025-03-17 11:45:00,2.24257,2.24308,2.24257,2.24277,347
2025-03-17 11:50:00,2.2427799999999998,2.24281,2.24176,2.24204,376
2025-03-17 11:55:00,2.24204,2.24204,2.24073,2.24092,397
2025-03-17 12:00:00,2.24092,2.24134,2.24051,2.24051,366
2025-03-17 12:05:00,2.2405,2.2405,2.2395,2.23985,251
2025-03-17 12:10:00,2.23984,2.24036,2.23975,2.24028,235
2025-03-17 12:15:00,2.24021,2.24076,2.24006,2.24062,269
2025-03-17 12:20:00,2.24064,2.24084,2.24019,2.24051,276
2025-03-17 12:25:00,2.24055,2.2418,2.24045,2.24112,322
2025-03-17 12:30:00,2.24114,2.2412,2.23998,2.24005,352
2025-03-17 12:35:00,2.24011,2.24103,2.24002,2.24092,280
2025-03-17 12:40:00,2.24094,2.2415599999999998,2.2408,2.24112,288
2025-03-17 12:45:00,2.2411,2.24119,2.2408,2.2411,211
2025-03-17 12:50:00,2.24111,2.24119,2.2406,2.2407,182
2025-03-17 12:55:00,2.2406800000000002,2.24224,2.2406800000000002,2.24193,297
2025-03-17 13:00:00,2.24201,2.24234,2.24171,2.24186,343
2025-03-17 13:05:00,2.24185,2.24253,2.24177,2.24246,281
2025-03-17 13:10:00,2.24247,2.2425100000000002,2.24191,2.2421,300
2025-03-17 13:15:00,2.24213,2.24227,2.24144,2.24145,268
2025-03-17 13:20:00,2.24146,2.24155,2.24098,2.24115,211
2025-03-17 13:25:00,2.24114,2.24144,2.24081,2.24125,186
2025-03-17 13:30:00,2.24117,2.24141,2.24087,2.24119,205
2025-03-17 13:35:00,2.24117,2.24138,2.24092,2.24123,241
2025-03-17 13:40:00,2.24123,2.24126,2.24047,2.2405,290
2025-03-17 13:45:00,2.24054,2.24118,2.2405,2.24071,272
2025-03-17 13:50:00,2.24074,2.24074,2.24012,2.24046,337
2025-03-17 13:55:00,2.24047,2.24073,2.24013,2.24061,336
2025-03-17 14:00:00,2.24063,2.24072,2.24006,2.24041,346
2025-03-17 14:05:00,2.24039,2.24097,2.2402,2.2409499999999998,256
2025-03-17 14:10:00,2.24094,2.24116,2.24058,2.24079,304
2025-03-17 14:15:00,2.24081,2.2409,2.24027,2.2409,334
2025-03-17 14:20:00,2.2409499999999998,2.2415599999999998,2.24062,2.24116,345
2025-03-17 14:25:00,2.24123,2.24131,2.24002,2.2405,313
2025-03-17 14:30:00,2.24003,2.24119,2.23948,2.24098,674
2025-03-17 14:35:00,2.24098,2.24188,2.24059,2.24119,613
2025-03-17 14:40:00,2.24124,2.24144,2.24009,2.24032,535
2025-03-17 14:45:00,2.24036,2.2413,2.24027,2.24125,455
2025-03-17 14:50:00,2.24123,2.24199,2.24105,2.24135,479
2025-03-17 14:55:00,2.24136,2.24172,2.24112,2.24125,436
2025-03-17 15:00:00,2.24125,2.24133,2.23984,2.23986,450
2025-03-17 15:05:00,2.23987,2.24014,2.23867,2.23879,471
2025-03-17 15:10:00,2.23882,2.23971,2.23871,2.23964,387
2025-03-17 15:15:00,2.23962,2.23963,2.23908,2.23932,342
2025-03-17 15:20:00,2.23933,2.2394600000000002,2.23853,2.23859,353
2025-03-17 15:25:00,2.2386,2.23901,2.23818,2.23826,313
2025-03-17 15:30:00,2.23822,2.23974,2.2381,2.23901,457
2025-03-17 15:35:00,2.23905,2.23924,2.23798,2.239,461
2025-03-17 15:40:00,2.239,2.23918,2.23826,2.23828,457
2025-03-17 15:45:00,2.23826,2.23949,2.2379,2.23855,545
2025-03-17 15:50:00,2.2385099999999998,2.23881,2.23782,2.2386,476
2025-03-17 15:55:00,2.23866,2.2391199999999998,2.2382,2.23876,349
2025-03-17 16:00:00,2.23878,2.23916,2.2369,2.23692,445
2025-03-17 16:05:00,2.23689,2.23772,2.23689,2.23731,430
2025-03-17 16:10:00,2.23733,2.23735,2.23608,2.23635,384
2025-03-17 16:15:00,2.23635,2.23639,2.23533,2.23553,404
2025-03-17 16:20:00,2.23555,2.23645,2.23552,2.23592,376
2025-03-17 16:25:00,2.2359,2.23735,2.2358000000000002,2.2372,417
2025-03-17 16:30:00,2.2372,2.23854,2.23719,2.23844,397
2025-03-17 16:35:00,2.23843,2.2385099999999998,2.23698,2.23716,399
2025-03-17 16:40:00,2.23714,2.23757,2.23633,2.23633,352
2025-03-17 16:45:00,2.23631,2.23663,2.23615,2.23655,333
2025-03-17 16:50:00,2.23656,2.23731,2.23645,2.2371,374
2025-03-17 16:55:00,2.2371,2.23808,2.23701,2.2377,378
2025-03-17 17:00:00,2.23768,2.23782,2.23638,2.2364100000000002,404
2025-03-17 17:05:00,2.2365,2.23663,2.23551,2.23565,277
2025-03-17 17:10:00,2.23564,2.23608,2.2354,2.23544,331
2025-03-17 17:15:00,2.23543,2.23543,2.23485,2.23487,285
2025-03-17 17:20:00,2.23488,2.23538,2.23443,2.23501,369
2025-03-17 17:25:00,2.23501,2.23602,2.23487,2.2356,444
2025-03-17 17:30:00,2.23559,2.23624,2.23542,2.23546,331
2025-03-17 17:35:00,2.23552,2.23563,2.23431,2.23438,353
2025-03-17 17:40:00,2.23441,2.23461,2.23372,2.23373,354
2025-03-17 17:45:00,2.23374,2.2341,2.23355,2.23365,337
2025-03-17 17:50:00,2.23367,2.23464,2.23351,2.23442,313
2025-03-17 17:55:00,2.23443,2.2349,2.23383,2.2349,515
2025-03-17 18:00:00,2.23489,2.2349,2.23389,2.23419,454
2025-03-17 18:05:00,2.23409,2.23446,2.23394,2.23422,313
2025-03-17 18:10:00,2.23418,2.23429,2.23368,2.23427,271
2025-03-17 18:15:00,2.23423,2.2347799999999998,2.23371,2.23371,291
2025-03-17 18:20:00,2.23373,2.23412,2.23333,2.23333,319
2025-03-17 18:25:00,2.23334,2.23363,2.23319,2.23352,295
2025-03-17 18:30:00,2.23353,2.23365,2.23319,2.23326,330
2025-03-17 18:35:00,2.23323,2.23373,2.23318,2.23351,313
2025-03-17 18:40:00,2.2335,2.23383,2.23345,2.2338,271
2025-03-17 18:45:00,2.23381,2.23391,2.23344,2.23348,231
2025-03-17 18:50:00,2.23349,2.23349,2.23301,2.23341,241
2025-03-17 18:55:00,2.23339,2.23349,2.23305,2.23335,268
2025-03-17 19:00:00,2.23327,2.23357,2.23273,2.2329499999999998,308
2025-03-17 19:05:00,2.23296,2.23346,2.23291,2.23346,291
2025-03-17 19:10:00,2.23348,2.2335,2.23278,2.23282,193
2025-03-17 19:15:00,2.23282,2.233,2.23261,2.23284,211
2025-03-17 19:20:00,2.23283,2.23309,2.23251,2.23301,255
2025-03-17 19:25:00,2.233,2.23303,2.23259,2.23268,235
2025-03-17 19:30:00,2.23264,2.23291,2.23219,2.23221,233
2025-03-17 19:35:00,2.23222,2.23226,2.23134,2.23136,265
2025-03-17 19:40:00,2.23134,2.23187,2.23122,2.23176,300
2025-03-17 19:45:00,2.23177,2.2318,2.23115,2.23119,230
2025-03-17 19:50:00,2.23117,2.23156,2.23098,2.23129,241
2025-03-17 19:55:00,2.2314,2.23185,2.2313,2.23174,203
2025-03-17 20:00:00,2.23203,2.23217,2.23148,2.23183,294
2025-03-17 20:05:00,2.23185,2.23187,2.23107,2.23118,196
2025-03-17 20:10:00,2.23118,2.23163,2.2311,2.2315,327
2025-03-17 20:15:00,2.23151,2.2319,2.23134,2.23178,285
2025-03-17 20:20:00,2.23183,2.23199,2.23134,2.23146,256
2025-03-17 20:25:00,2.23146,2.23172,2.23127,2.23163,248
2025-03-17 20:30:00,2.23162,2.2319,2.23138,2.23144,226
2025-03-17 20:35:00,2.23138,2.23163,2.23107,2.23155,270
2025-03-17 20:40:00,2.23154,2.23195,2.23144,2.2315,214
2025-03-17 20:45:00,2.23152,2.23165,2.23098,2.23098,257
2025-03-17 20:50:00,2.231,2.23122,2.23088,2.23106,238
2025-03-17 20:55:00,2.2311,2.23163,2.23063,2.23084,317
2025-03-17 21:00:00,2.23088,2.23093,2.23032,2.23038,225
2025-03-17 21:05:00,2.23042,2.23063,2.23034,2.23047,158
2025-03-17 21:10:00,2.23049,2.23083,2.2303,2.23065,283
2025-03-17 21:15:00,2.23069,2.23089,2.23048,2.23085,217
2025-03-17 21:20:00,2.23082,2.23116,2.23077,2.2311,139
2025-03-17 21:25:00,2.23111,2.23142,2.23082,2.23135,233
2025-03-17 21:30:00,2.23133,2.23189,2.23133,2.23174,180
2025-03-17 21:35:00,2.2317299999999998,2.23178,2.2315300000000002,2.2317,169
2025-03-17 21:40:00,2.23166,2.23182,2.23144,2.23147,298
2025-03-17 21:45:00,2.2315,2.23158,2.23125,2.23138,205
2025-03-17 21:50:00,2.23136,2.23155,2.23111,2.23132,197
2025-03-17 21:55:00,2.23133,2.23133,2.23082,2.23109,267
2025-03-17 22:00:00,2.23055,2.23055,2.22989,2.22998,188
2025-03-17 22:05:00,2.23001,2.23009,2.22957,2.22986,165
2025-03-17 22:10:00,2.22985,2.22998,2.22973,2.22988,122
2025-03-17 22:15:00,2.22992,2.23013,2.22983,2.23,119
2025-03-17 22:20:00,2.23005,2.23027,2.22969,2.22974,108
2025-03-17 22:25:00,2.22974,2.23021,2.22964,2.22984,129
2025-03-17 22:30:00,2.22986,2.23066,2.22984,2.23046,125
2025-03-17 22:35:00,2.23059,2.23108,2.23045,2.23066,117
2025-03-17 22:40:00,2.23064,2.23121,2.23058,2.23078,268
2025-03-17 22:45:00,2.23075,2.23092,2.23022,2.23078,274
2025-03-17 22:50:00,2.23076,2.23076,2.23033,2.23054,299
2025-03-17 22:55:00,2.2313,2.23176,2.22847,2.23176,274
2025-03-17 23:00:00,2.23132,2.23176,2.22951,2.22961,13
2025-03-17 23:05:00,2.23111,2.23262,2.23111,2.23258,32
2025-03-17 23:10:00,2.23257,2.23338,2.23194,2.23273,28
2025-03-17 23:15:00,2.23264,2.23265,2.23068,2.23074,105
2025-03-17 23:20:00,2.23072,2.2313,2.23046,2.2308,106
2025-03-17 23:25:00,2.23072,2.23074,2.22992,2.23035,84
2025-03-17 23:30:00,2.23037,2.23172,2.23025,2.23168,91
2025-03-17 23:35:00,2.23172,2.23239,2.23171,2.23209,124
2025-03-17 23:40:00,2.23205,2.23298,2.23203,2.23212,81
2025-03-17 23:45:00,2.23211,2.2329499999999998,2.23172,2.23174,56
2025-03-17 23:50:00,2.23178,2.23202,2.23166,2.23192,74
2025-03-17 23:55:00,2.23191,2.23271,2.23061,2.23143,142
2025-03-18 00:00:00,2.23129,2.23184,2.23076,2.23091,146
2025-03-18 00:05:00,2.23087,2.2309,2.23011,2.23035,62
2025-03-18 00:10:00,2.23038,2.23086,2.23018,2.23042,74
2025-03-18 00:15:00,2.23043,2.23058,2.23021,2.23033,161
2025-03-18 00:20:00,2.23031,2.23042,2.22999,2.23018,144
2025-03-18 00:25:00,2.23015,2.23018,2.22981,2.22982,157
2025-03-18 00:30:00,2.22978,2.22988,2.22949,2.22956,128
2025-03-18 00:35:00,2.22958,2.22962,2.22939,2.22958,118
2025-03-18 00:40:00,2.22956,2.22962,2.22942,2.22958,132
2025-03-18 00:45:00,2.22956,2.22997,2.22905,2.22917,103
2025-03-18 00:50:00,2.22917,2.2293,2.22846,2.22852,74
2025-03-18 00:55:00,2.22854,2.22861,2.22826,2.22828,124
2025-03-18 01:00:00,2.22837,2.22935,2.22837,2.22919,127
2025-03-18 01:05:00,2.2292,2.22984,2.22914,2.22975,175
2025-03-18 01:10:00,2.22976,2.23027,2.2297,2.22989,137
2025-03-18 01:15:00,2.22987,2.22989,2.22924,2.22933,127
2025-03-18 01:20:00,2.22932,2.2296,2.22932,2.22955,122
2025-03-18 01:25:00,2.22958,2.2301,2.22953,2.22965,170
2025-03-18 01:30:00,2.22967,2.22967,2.22918,2.22932,111
2025-03-18 01:35:00,2.2293,2.22935,2.22898,2.229,77
2025-03-18 01:40:00,2.22898,2.22898,2.22839,2.2284100000000002,151
2025-03-18 01:45:00,2.22843,2.22885,2.22827,2.22867,152
2025-03-18 01:50:00,2.22867,2.2292,2.22857,2.22893,133
2025-03-18 01:55:00,2.22894,2.22968,2.2289,2.22964,119
2025-03-18 02:00:00,2.22965,2.23011,2.22939,2.22973,241
2025-03-18 02:05:00,2.22975,2.23022,2.22957,2.23021,239
2025-03-18 02:10:00,2.23023,2.23023,2.22899,2.22918,279
2025-03-18 02:15:00,2.22917,2.22981,2.22911,2.22964,227
2025-03-18 02:20:00,2.2296300000000002,2.22974,2.22905,2.22961,255
2025-03-18 02:25:00,2.22959,2.22989,2.22951,2.22985,223
2025-03-18 02:30:00,2.22985,2.2298999999999998,2.22945,2.22952,218
2025-03-18 02:35:00,2.22951,2.22979,2.22937,2.22938,241
2025-03-18 02:40:00,2.22938,2.22989,2.22926,2.22986,200
2025-03-18 02:45:00,2.22989,2.23017,2.22984,2.22989,244
2025-03-18 02:50:00,2.22988,2.22996,2.2294,2.22944,236
2025-03-18 02:55:00,2.22944,2.22968,2.22906,2.22919,267
2025-03-18 03:00:00,2.22917,2.22951,2.22861,2.22861,248
2025-03-18 03:05:00,2.22859,2.2286799999999998,2.22825,2.22844,262
2025-03-18 03:10:00,2.22845,2.22845,2.22769,2.22803,250
2025-03-18 03:15:00,2.22804,2.22845,2.22794,2.22798,349
2025-03-18 03:20:00,2.22796,2.2280699999999998,2.22714,2.22759,302
2025-03-18 03:25:00,2.2276,2.22763,2.22717,2.22748,266
2025-03-18 03:30:00,2.2274599999999998,2.22748,2.22681,2.22689,389
2025-03-18 03:35:00,2.22686,2.22741,2.22682,2.2271900000000002,334
2025-03-18 03:40:00,2.22717,2.22741,2.227,2.22727,275
2025-03-18 03:45:00,2.22728,2.22758,2.22704,2.22742,293
2025-03-18 03:50:00,2.2274,2.22818,2.2273,2.22811,278
2025-03-18 03:55:00,2.22811,2.22903,2.22808,2.22898,302
2025-03-18 04:00:00,2.22897,2.22933,2.22873,2.22909,293
2025-03-18 04:05:00,2.22907,2.22947,2.229,2.22933,245
2025-03-18 04:10:00,2.2292899999999998,2.22982,2.22926,2.22957,330
2025-03-18 04:15:00,2.22959,2.22972,2.2294,2.22957,271
2025-03-18 04:20:00,2.22956,2.22969,2.22927,2.22945,287
2025-03-18 04:25:00,2.22944,2.2297,2.22921,2.22936,297
2025-03-18 04:30:00,2.22937,2.22947,2.22896,2.229,262
2025-03-18 04:35:00,2.22899,2.22918,2.22898,2.22914,244
2025-03-18 04:40:00,2.22919,2.22956,2.229,2.22905,238
2025-03-18 04:45:00,2.22904,2.22917,2.22869,2.22881,212
2025-03-18 04:50:00,2.22879,2.22893,2.22855,2.22865,245
2025-03-18 04:55:00,2.22862,2.22913,2.22862,2.22909,212
2025-03-18 05:00:00,2.22909,2.22965,2.22898,2.22944,227
2025-03-18 05:05:00,2.22952,2.23057,2.22942,2.23019,297
2025-03-18 05:10:00,2.23025,2.23077,2.2301,2.23014,226
2025-03-18 05:15:00,2.23014,2.23061,2.22987,2.23042,268
2025-03-18 05:20:00,2.23043,2.23113,2.23042,2.23093,186
2025-03-18 05:25:00,2.23092,2.23136,2.23071,2.23103,190
2025-03-18 05:30:00,2.23101,2.23129,2.23066,2.23118,201
2025-03-18 05:35:00,2.23118,2.23152,2.23111,2.23139,213
2025-03-18 05:40:00,2.23137,2.23179,2.23131,2.23163,167
2025-03-18 05:45:00,2.23165,2.23165,2.23105,2.23154,177
2025-03-18 05:50:00,2.23148,2.23165,2.23135,2.23141,186
2025-03-18 05:55:00,2.23142,2.23154,2.23134,2.23146,144
2025-03-18 06:00:00,2.23144,2.23152,2.2311199999999998,2.23147,180
2025-03-18 06:05:00,2.23146,2.23177,2.23146,2.23177,168
2025-03-18 06:10:00,2.23174,2.23179,2.23136,2.23155,183
2025-03-18 06:15:00,2.23154,2.23171,2.23144,2.23157,166
2025-03-18 06:20:00,2.23154,2.23162,2.23135,2.23142,120
2025-03-18 06:25:00,2.2314,2.23145,2.2309,2.23096,129
2025-03-18 06:30:00,2.23099,2.23104,2.23068,2.23086,113
2025-03-18 06:35:00,2.23084,2.23097,2.2305,2.23065,155
2025-03-18 06:40:00,2.23063,2.23087,2.23054,2.23061,134
2025-03-18 06:45:00,2.2306,2.23079,2.23044,2.23069,131
2025-03-18 06:50:00,2.2307,2.23077,2.23049,2.23067,186
2025-03-18 06:55:00,2.23064,2.23065,2.22999,2.23005,207
2025-03-18 07:00:00,2.23005,2.23014,2.22961,2.22988,218
2025-03-18 07:05:00,2.22989,2.23012,2.22956,2.2297,186
2025-03-18 07:10:00,2.22972,2.22979,2.22958,2.22975,178
2025-03-18 07:15:00,2.22971,2.22978,2.2294,2.22962,199
2025-03-18 07:20:00,2.2296300000000002,2.22968,2.22942,2.22956,107
2025-03-18 07:25:00,2.22952,2.22996,2.22947,2.2298999999999998,168
2025-03-18 07:30:00,2.22992,2.23047,2.2298999999999998,2.23041,188
2025-03-18 07:35:00,2.23043,2.23077,2.23038,2.23057,149
2025-03-18 07:40:00,2.23058,2.2306,2.23029,2.2303,109
2025-03-18 07:45:00,2.2303,2.23054,2.23013,2.23054,166
2025-03-18 07:50:00,2.2305099999999998,2.2306,2.23013,2.23021,212
2025-03-18 07:55:00,2.23023,2.23032,2.2296300000000002,2.22986,300
2025-03-18 08:00:00,2.22991,2.23006,2.2297,2.22994,285
2025-03-18 08:05:00,2.22993,2.23049,2.22986,2.23035,249
2025-03-18 08:10:00,2.23036,2.23103,2.23035,2.23091,298
2025-03-18 08:15:00,2.23083,2.23135,2.23071,2.23119,280
2025-03-18 08:20:00,2.23119,2.23123,2.23066,2.23117,290
2025-03-18 08:25:00,2.23115,2.23128,2.23025,2.23046,260
2025-03-18 08:30:00,2.23047,2.2305,2.22999,2.23019,220
2025-03-18 08:35:00,2.23017,2.23044,2.23003,2.23039,219
2025-03-18 08:40:00,2.23037,2.23041,2.22971,2.22988,207
2025-03-18 08:45:00,2.22988,2.22995,2.22908,2.2292899999999998,253
2025-03-18 08:50:00,2.22932,2.22985,2.22898,2.22905,333
2025-03-18 08:55:00,2.22907,2.22974,2.22898,2.22958,321
2025-03-18 09:00:00,2.22958,2.2296,2.22847,2.22897,393
2025-03-18 09:05:00,2.22899,2.229,2.22848,2.22849,319
2025-03-18 09:10:00,2.22849,2.22892,2.22829,2.22891,296
2025-03-18 09:15:00,2.2289,2.22917,2.22867,2.22889,239
2025-03-18 09:20:00,2.22892,2.22913,2.22866,2.22909,224
2025-03-18 09:25:00,2.2291,2.2292899999999998,2.22869,2.22881,246
2025-03-18 09:30:00,2.22882,2.22918,2.22858,2.22875,259
2025-03-18 09:35:00,2.22883,2.22913,2.22851,2.2288,304
2025-03-18 09:40:00,2.22879,2.22887,2.22846,2.2287,257
2025-03-18 09:45:00,2.22874,2.22986,2.22874,2.22961,239
2025-03-18 09:50:00,2.22962,2.23003,2.22946,2.2296,287
2025-03-18 09:55:00,2.2296,2.23032,2.2295,2.22999,422
2025-03-18 10:00:00,2.22999,2.23025,2.22931,2.22975,459
2025-03-18 10:05:00,2.22977,2.22983,2.22908,2.2296,348
2025-03-18 10:10:00,2.22957,2.23017,2.22934,2.22994,390
2025-03-18 10:15:00,2.22998,2.23054,2.22982,2.23039,470
2025-03-18 10:20:00,2.2304,2.23084,2.22991,2.23062,366
2025-03-18 10:25:00,2.23061,2.23064,2.22962,2.22984,374
2025-03-18 10:30:00,2.22984,2.2302,2.22964,2.23017,316
2025-03-18 10:35:00,2.23017,2.23029,2.22976,2.22994,281
2025-03-18 10:40:00,2.22993,2.23028,2.22976,2.23028,309
2025-03-18 10:45:00,2.23033,2.23036,2.22962,2.22967,256
2025-03-18 10:50:00,2.22971,2.22994,2.2292,2.22922,287
2025-03-18 10:55:00,2.2292899999999998,2.2296,2.22914,2.2294,305
2025-03-18 11:00:00,2.2293,2.22969,2.22849,2.22882,372
2025-03-18 11:05:00,2.22883,2.22955,2.22864,2.22939,339
2025-03-18 11:10:00,2.2294,2.2294,2.2286,2.22895,319
2025-03-18 11:15:00,2.22897,2.22939,2.22863,2.22904,341
2025-03-18 11:20:00,2.22907,2.23053,2.22904,2.23045,284
2025-03-18 11:25:00,2.23043,2.23053,2.22982,2.23041,319
2025-03-18 11:30:00,2.23043,2.23055,2.23014,2.2303,274
2025-03-18 11:35:00,2.23028,2.23039,2.22992,2.23009,252
2025-03-18 11:40:00,2.23009,2.23079,2.23009,2.2305099999999998,270
2025-03-18 11:45:00,2.23052,2.23081,2.23042,2.23066,260
2025-03-18 11:50:00,2.23067,2.23122,2.23059,2.23106,274
2025-03-18 11:55:00,2.23107,2.23177,2.23098,2.23168,281
2025-03-18 12:00:00,2.23168,2.23198,2.23121,2.23122,269
2025-03-18 12:05:00,2.23124,2.23136,2.23066,2.23097,279
2025-03-18 12:10:00,2.23099,2.23204,2.23099,2.23201,466
2025-03-18 12:15:00,2.23202,2.23217,2.23151,2.23164,399
2025-03-18 12:20:00,2.23167,2.23209,2.23132,2.23156,396
2025-03-18 12:25:00,2.23154,2.23229,2.23134,2.2322,335
2025-03-18 12:30:00,2.23221,2.23274,2.23175,2.2318,393
2025-03-18 12:35:00,2.23181,2.2323,2.23175,2.23207,277
2025-03-18 12:40:00,2.23205,2.23219,2.23182,2.23192,301
2025-03-18 12:45:00,2.23193,2.23193,2.23147,2.23165,349
2025-03-18 12:50:00,2.23166,2.23259,2.23159,2.23219,284
2025-03-18 12:55:00,2.23218,2.23278,2.23218,2.23258,239
2025-03-18 13:00:00,2.23256,2.23259,2.23199,2.23215,222
2025-03-18 13:05:00,2.23216,2.23228,2.23146,2.2321,237
2025-03-18 13:10:00,2.23211,2.23222,2.23158,2.23171,324
2025-03-18 13:15:00,2.23169,2.2321,2.23145,2.23177,265
2025-03-18 13:20:00,2.23176,2.23207,2.23148,2.23187,281
2025-03-18 13:25:00,2.2319,2.2323,2.23182,2.23226,229
2025-03-18 13:30:00,2.2322,2.23308,2.23208,2.2329499999999998,246
2025-03-18 13:35:00,2.23292,2.23338,2.23249,2.23257,273
2025-03-18 13:40:00,2.23258,2.2326,2.23188,2.23201,304
2025-03-18 13:45:00,2.23202,2.23255,2.23192,2.23224,287
2025-03-18 13:50:00,2.23222,2.23227,2.23175,2.23226,366
2025-03-18 13:55:00,2.23224,2.23229,2.22958,2.22977,353
2025-03-18 14:00:00,2.22981,2.23081,2.22945,2.23076,403
2025-03-18 14:05:00,2.23068,2.23081,2.23038,2.23061,312
2025-03-18 14:10:00,2.23062,2.23084,2.22997,2.2301,346
2025-03-18 14:15:00,2.23009,2.23039,2.22966,2.22975,295
2025-03-18 14:20:00,2.2298,2.2298,2.22866,2.22888,304
2025-03-18 14:25:00,2.22888,2.22925,2.22824,2.22824,301
2025-03-18 14:30:00,2.22829,2.22924,2.22798,2.22911,487
2025-03-18 14:35:00,2.22909,2.22946,2.22873,2.22944,490
2025-03-18 14:40:00,2.22945,2.23098,2.22944,2.23095,367
2025-03-18 14:45:00,2.23095,2.23104,2.2304,2.2304,326
2025-03-18 14:50:00,2.23041,2.23094,2.23025,2.2305,320
2025-03-18 14:55:00,2.23053,2.23127,2.23033,2.23125,361
2025-03-18 15:00:00,2.23124,2.23128,2.23063,2.23092,402
2025-03-18 15:05:00,2.23091,2.23122,2.23047,2.23047,384
2025-03-18 15:10:00,2.23054,2.23058,2.22928,2.22942,341
2025-03-18 15:15:00,2.2294,2.23084,2.2294,2.23066,366
2025-03-18 15:20:00,2.23069,2.23094,2.23029,2.23069,339
2025-03-18 15:25:00,2.23066,2.23069,2.22975,2.23013,342
2025-03-18 15:30:00,2.23008,2.2306,2.22996,2.23046,440
2025-03-18 15:35:00,2.2305,2.23082,2.22975,2.23031,401
2025-03-18 15:40:00,2.23029,2.23137,2.22986,2.23122,534
2025-03-18 15:45:00,2.2312,2.23137,2.2308,2.23114,553
2025-03-18 15:50:00,2.23114,2.23126,2.23058,2.23105,402
2025-03-18 15:55:00,2.23097,2.23129,2.2302400000000002,2.23111,453
2025-03-18 16:00:00,2.23111,2.23332,2.231,2.23294,521
2025-03-18 16:05:00,2.23292,2.23325,2.23219,2.23222,463
2025-03-18 16:10:00,2.23223,2.23325,2.23217,2.23319,453
2025-03-18 16:15:00,2.23316,2.23388,2.2331,2.23368,426
2025-03-18 16:20:00,2.23368,2.23373,2.23309,2.23316,407
2025-03-18 16:25:00,2.23313,2.23411,2.23313,2.2338,421
2025-03-18 16:30:00,2.23377,2.23425,2.23338,2.23405,424
2025-03-18 16:35:00,2.234,2.2345800000000002,2.2337,2.2337,372
2025-03-18 16:40:00,2.23371,2.2352,2.23363,2.2351900000000002,411
2025-03-18 16:45:00,2.23516,2.23527,2.23419,2.23484,439
2025-03-18 16:50:00,2.23487,2.23521,2.23447,2.23511,370
2025-03-18 16:55:00,2.2351,2.23521,2.23439,2.23513,451
2025-03-18 17:00:00,2.23508,2.23526,2.23406,2.23427,593
2025-03-18 17:05:00,2.23425,2.23471,2.23396,2.23418,503
2025-03-18 17:10:00,2.2341699999999998,2.23434,2.23355,2.23364,463
2025-03-18 17:15:00,2.2337,2.23425,2.23349,2.23401,452
2025-03-18 17:20:00,2.234,2.23418,2.23385,2.23408,335
2025-03-18 17:25:00,2.23403,2.23451,2.23401,2.23421,402
2025-03-18 17:30:00,2.23418,2.23448,2.23385,2.23395,411
2025-03-18 17:35:00,2.23401,2.23427,2.23355,2.2342,411
2025-03-18 17:40:00,2.23419,2.23428,2.23357,2.2339700000000002,435
2025-03-18 17:45:00,2.23399,2.23424,2.23331,2.23331,468
2025-03-18 17:50:00,2.23335,2.2359,2.23328,2.23589,532
2025-03-18 17:55:00,2.23587,2.23591,2.23469,2.23475,548
2025-03-18 18:00:00,2.2347799999999998,2.23506,2.23382,2.23483,504
2025-03-18 18:05:00,2.23484,2.23527,2.23463,2.23474,322
2025-03-18 18:10:00,2.23472,2.2348,2.23401,2.23421,299
2025-03-18 18:15:00,2.23419,2.23451,2.23413,2.23434,297
2025-03-18 18:20:00,2.23436,2.23499,2.23409,2.23488,330
2025-03-18 18:25:00,2.23488,2.23508,2.23451,2.23477,295
2025-03-18 18:30:00,2.2347799999999998,2.23499,2.23459,2.23469,384
2025-03-18 18:35:00,2.23463,2.23525,2.23449,2.23491,376
2025-03-18 18:40:00,2.23493,2.23534,2.23464,2.23526,366
2025-03-18 18:45:00,2.23528,2.23557,2.23492,2.2353899999999998,366
2025-03-18 18:50:00,2.2353899999999998,2.23596,2.23534,2.23565,297
2025-03-18 18:55:00,2.23567,2.23567,2.23483,2.23541,277
2025-03-18 19:00:00,2.23536,2.2355,2.23465,2.23518,368
2025-03-18 19:05:00,2.23517,2.23553,2.23501,2.23523,356
2025-03-18 19:10:00,2.23524,2.2354,2.23492,2.23501,282
2025-03-18 19:15:00,2.23502,2.23582,2.23485,2.2354,426
2025-03-18 19:20:00,2.23542,2.23542,2.23447,2.2345800000000002,377
2025-03-18 19:25:00,2.23463,2.23491,2.23448,2.2346,363
2025-03-18 19:30:00,2.2345800000000002,2.23477,2.23428,2.23428,361
2025-03-18 19:35:00,2.23431,2.2345800000000002,2.23422,2.23436,348
2025-03-18 19:40:00,2.23435,2.23454,2.23411,2.23446,269
2025-03-18 19:45:00,2.23447,2.23448,2.2338,2.23393,227
2025-03-18 19:50:00,2.2339,2.2345,2.23353,2.234,239
2025-03-18 19:55:00,2.23398,2.23505,2.23394,2.23505,250
2025-03-18 20:00:00,2.23509,2.23532,2.23481,2.23509,373
2025-03-18 20:05:00,2.23505,2.23564,2.23499,2.23524,239
2025-03-18 20:10:00,2.23526,2.23593,2.23522,2.23591,288
2025-03-18 20:15:00,2.23591,2.23598,2.23523,2.23533,340
2025-03-18 20:20:00,2.23529,2.23538,2.23495,2.2351900000000002,275
2025-03-18 20:25:00,2.23515,2.23549,2.23496,2.23544,261
2025-03-18 20:30:00,2.23542,2.23554,2.23506,2.23528,261
2025-03-18 20:35:00,2.23527,2.23534,2.23486,2.23491,200
2025-03-18 20:40:00,2.23489,2.23535,2.23476,2.2351900000000002,200
2025-03-18 20:45:00,2.23523,2.23529,2.23489,2.23517,233
2025-03-18 20:50:00,2.2353,2.23538,2.23473,2.23484,331
2025-03-18 20:55:00,2.2349,2.23506,2.23456,2.23493,220
2025-03-18 21:00:00,2.23489,2.23534,2.23489,2.23527,221
2025-03-18 21:05:00,2.23526,2.23537,2.23502,2.23507,216
2025-03-18 21:10:00,2.23508,2.23527,2.23494,2.23507,251
2025-03-18 21:15:00,2.23504,2.23533,2.23496,2.23503,312
2025-03-18 21:20:00,2.23501,2.23503,2.23466,2.23475,202
2025-03-18 21:25:00,2.23477,2.2347799999999998,2.23445,2.2347,226
2025-03-18 21:30:00,2.2347,2.23504,2.23468,2.23501,158
2025-03-18 21:35:00,2.23501,2.23514,2.23486,2.23508,174
2025-03-18 21:40:00,2.23511,2.23533,2.23488,2.23509,374
2025-03-18 21:45:00,2.23511,2.23532,2.2349,2.23526,201
2025-03-18 21:50:00,2.23527,2.2353,2.23475,2.23491,217
2025-03-18 21:55:00,2.2349,2.23498,2.23457,2.23476,208
2025-03-18 22:00:00,2.23429,2.23436,2.23371,2.23418,183
2025-03-18 22:05:00,2.23416,2.2341699999999998,2.23391,2.23413,110
2025-03-18 22:10:00,2.23415,2.23437,2.23373,2.23388,87
2025-03-18 22:15:00,2.2339,2.23402,2.23377,2.23384,83
2025-03-18 22:20:00,2.23384,2.23391,2.2336,2.2336,113
2025-03-18 22:25:00,2.23361,2.23371,2.233,2.23319,137
2025-03-18 22:30:00,2.2332,2.2336,2.2332,2.23342,110
2025-03-18 22:35:00,2.23341,2.23363,2.23319,2.23323,98
2025-03-18 22:40:00,2.23327,2.23329,2.23304,2.23324,116
2025-03-18 22:45:00,2.23326,2.23331,2.2331,2.23317,168
2025-03-18 22:50:00,2.23321,2.23338,2.2331,2.2333600000000002,137
2025-03-18 22:55:00,2.23395,2.234,2.2333,2.23341,239
2025-03-18 23:00:00,2.23298,2.23363,2.23222,2.23328,21
2025-03-18 23:05:00,2.23328,2.2334,2.2323399999999998,2.23252,23
2025-03-18 23:10:00,2.23252,2.23378,2.2325,2.23377,40
2025-03-18 23:15:00,2.23282,2.23351,2.23282,2.23345,45
2025-03-18 23:20:00,2.23349,2.23373,2.23302,2.2332,74
2025-03-18 23:25:00,2.23322,2.23351,2.2329499999999998,2.23334,42
2025-03-18 23:30:00,2.23327,2.23451,2.23327,2.23341,84
2025-03-18 23:35:00,2.23339,2.2342,2.23325,2.23367,56
2025-03-18 23:40:00,2.23454,2.23454,2.23361,2.23371,66
2025-03-18 23:45:00,2.23376,2.23415,2.23369,2.23382,98
2025-03-18 23:50:00,2.23381,2.2346,2.23343,2.23343,52
2025-03-18 23:55:00,2.23344,2.23429,2.2333,2.23375,144
2025-03-19 00:00:00,2.23393,2.23393,2.23291,2.2333,149
2025-03-19 00:05:00,2.2333,2.23408,2.23313,2.2337,63
2025-03-19 00:10:00,2.2338,2.23398,2.23354,2.2335599999999998,82
2025-03-19 00:15:00,2.23359,2.23394,2.23333,2.23346,87
2025-03-19 00:20:00,2.23347,2.23387,2.23345,2.23377,96
2025-03-19 00:25:00,2.23376,2.23376,2.23333,2.23342,140
2025-03-19 00:30:00,2.23341,2.23378,2.23334,2.23376,159
2025-03-19 00:35:00,2.23371,2.23381,2.23353,2.23379,83
2025-03-19 00:40:00,2.23377,2.23382,2.2335599999999998,2.23382,81
2025-03-19 00:45:00,2.2338,2.2339,2.23364,2.2339,81
2025-03-19 00:50:00,2.23394,2.23461,2.23333,2.23333,89
2025-03-19 00:55:00,2.23335,2.23388,2.23317,2.23332,87
2025-03-19 01:00:00,2.23342,2.23393,2.23342,2.23382,174
2025-03-19 01:05:00,2.23381,2.234,2.23375,2.23395,107
2025-03-19 01:10:00,2.23395,2.23406,2.23385,2.23389,82
2025-03-19 01:15:00,2.2339,2.23414,2.23387,2.23412,108
2025-03-19 01:20:00,2.23412,2.23429,2.23398,2.23418,96
2025-03-19 01:25:00,2.23419,2.23441,2.23398,2.23433,124
2025-03-19 01:30:00,2.23431,2.23442,2.23402,2.23408,131
2025-03-19 01:35:00,2.23407,2.2344,2.23398,2.23408,108
2025-03-19 01:40:00,2.23412,2.23421,2.23384,2.23388,148
2025-03-19 01:45:00,2.23389,2.23414,2.23389,2.23405,85
2025-03-19 01:50:00,2.23408,2.23419,2.23384,2.23416,139
2025-03-19 01:55:00,2.23418,2.23443,2.2341,2.2341699999999998,155
2025-03-19 02:00:00,2.23416,2.23437,2.234,2.23402,232
2025-03-19 02:05:00,2.23403,2.23441,2.23369,2.23387,224
2025-03-19 02:10:00,2.23387,2.23416,2.23382,2.23413,146
2025-03-19 02:15:00,2.23413,2.23425,2.234,2.23405,152
2025-03-19 02:20:00,2.23404,2.23435,2.23393,2.23396,159
2025-03-19 02:25:00,2.2339700000000002,2.23415,2.23377,2.23395,157
2025-03-19 02:30:00,2.2339700000000002,2.23429,2.23389,2.23416,188
2025-03-19 02:35:00,2.2341699999999998,2.23438,2.2341,2.23432,185
2025-03-19 02:40:00,2.23433,2.23435,2.2341,2.23419,137
2025-03-19 02:45:00,2.23419,2.23469,2.23413,2.23444,142
2025-03-19 02:50:00,2.23445,2.23448,2.23337,2.23368,386
2025-03-19 02:55:00,2.23368,2.23468,2.23367,2.23416,319
2025-03-19 03:00:00,2.23414,2.23453,2.23392,2.23444,244
2025-03-19 03:05:00,2.23444,2.23454,2.23389,2.23395,200
2025-03-19 03:10:00,2.23399,2.23496,2.23386,2.23491,158
2025-03-19 03:15:00,2.23491,2.23493,2.2345,2.23492,234
2025-03-19 03:20:00,2.23491,2.23521,2.2349,2.23493,197
2025-03-19 03:25:00,2.23493,2.23493,2.23433,2.23448,186
2025-03-19 03:30:00,2.23452,2.2347,2.23428,2.23451,238
2025-03-19 03:35:00,2.23452,2.23493,2.23415,2.23487,276
2025-03-19 03:40:00,2.23483,2.23491,2.23416,2.23441,200
2025-03-19 03:45:00,2.23443,2.23473,2.23418,2.23446,236
2025-03-19 03:50:00,2.23448,2.23456,2.23431,2.23449,256
2025-03-19 03:55:00,2.2345,2.23479,2.23432,2.23477,228
2025-03-19 04:00:00,2.23475,2.23515,2.23452,2.23487,278
2025-03-19 04:05:00,2.23485,2.23489,2.23451,2.23471,226
2025-03-19 04:10:00,2.23469,2.23475,2.23427,2.23463,267
2025-03-19 04:15:00,2.23465,2.23488,2.2345,2.23461,178
2025-03-19 04:20:00,2.2346,2.23493,2.23432,2.23462,159
2025-03-19 04:25:00,2.23463,2.23463,2.23422,2.23444,253
2025-03-19 04:30:00,2.23445,2.23483,2.23443,2.23465,284
2025-03-19 04:35:00,2.23465,2.23471,2.23433,2.23442,219
2025-03-19 04:40:00,2.23439,2.23475,2.23429,2.2346,203
2025-03-19 04:45:00,2.23456,2.23459,2.23418,2.23434,159
2025-03-19 04:50:00,2.23431,2.23452,2.23406,2.23434,165
2025-03-19 04:55:00,2.23431,2.23488,2.23431,2.23466,190
2025-03-19 05:00:00,2.23464,2.23485,2.2346,2.2347799999999998,156
2025-03-19 05:05:00,2.23477,2.23503,2.23463,2.23492,149
2025-03-19 05:10:00,2.2349,2.23528,2.2349,2.23525,125
2025-03-19 05:15:00,2.23524,2.2355,2.23513,2.23518,211
2025-03-19 05:20:00,2.2351900000000002,2.23552,2.23504,2.23504,217
2025-03-19 05:25:00,2.235,2.23512,2.23466,2.23512,184
2025-03-19 05:30:00,2.23512,2.23586,2.23512,2.23586,189
2025-03-19 05:35:00,2.23585,2.23597,2.23557,2.23568,190
2025-03-19 05:40:00,2.23569,2.23576,2.23538,2.23572,206
2025-03-19 05:45:00,2.23573,2.23581,2.23526,2.23553,225
2025-03-19 05:50:00,2.23547,2.2355,2.2351900000000002,2.23528,163
2025-03-19 05:55:00,2.23529,2.23583,2.23502,2.23555,277
2025-03-19 06:00:00,2.23556,2.23594,2.23543,2.23585,130
2025-03-19 06:05:00,2.23586,2.23611,2.2358000000000002,2.23591,158
2025-03-19 06:10:00,2.2359,2.2359,2.23511,2.23517,197
2025-03-19 06:15:00,2.23525,2.23542,2.23494,2.23495,109
2025-03-19 06:20:00,2.23494,2.23503,2.23476,2.23499,159
2025-03-19 06:25:00,2.23501,2.23502,2.2348,2.23485,153
2025-03-19 06:30:00,2.23485,2.23488,2.23466,2.23481,133
2025-03-19 06:35:00,2.23479,2.23494,2.23468,2.23472,137
2025-03-19 06:40:00,2.23473,2.23522,2.23469,2.23487,167
2025-03-19 06:45:00,2.2348,2.23516,2.23462,2.23515,282
2025-03-19 06:50:00,2.23513,2.23522,2.23503,2.2351900000000002,169
2025-03-19 06:55:00,2.23517,2.2353899999999998,2.23514,2.23535,188
2025-03-19 07:00:00,2.23536,2.23555,2.23517,2.23524,253
2025-03-19 07:05:00,2.23522,2.23533,2.23461,2.23476,194
2025-03-19 07:10:00,2.23472,2.23477,2.23402,2.23402,167
2025-03-19 07:15:00,2.23402,2.23434,2.23393,2.23402,321
2025-03-19 07:20:00,2.234,2.23423,2.23387,2.23407,184
2025-03-19 07:25:00,2.23406,2.23412,2.23379,2.23385,181
2025-03-19 07:30:00,2.23386,2.23398,2.23366,2.23382,229
2025-03-19 07:35:00,2.23383,2.23405,2.23368,2.23401,237
2025-03-19 07:40:00,2.23402,2.2341699999999998,2.2339,2.23406,334
2025-03-19 07:45:00,2.23408,2.23426,2.234,2.23403,288
2025-03-19 07:50:00,2.23401,2.23407,2.23328,2.23334,213
2025-03-19 07:55:00,2.23334,2.23349,2.23292,2.2333600000000002,183
2025-03-19 08:00:00,2.23337,2.23371,2.23318,2.23325,266
2025-03-19 08:05:00,2.23324,2.23338,2.23297,2.2332,224
2025-03-19 08:10:00,2.23322,2.23355,2.233,2.23353,225
2025-03-19 08:15:00,2.23354,2.23391,2.2333600000000002,2.23337,227
2025-03-19 08:20:00,2.2333600000000002,2.23358,2.23304,2.23322,254
2025-03-19 08:25:00,2.2332,2.23325,2.23287,2.23302,228
2025-03-19 08:30:00,2.23303,2.23337,2.23294,2.23321,297
2025-03-19 08:35:00,2.23322,2.23345,2.23309,2.23341,299
2025-03-19 08:40:00,2.23342,2.23358,2.23321,2.23334,300
2025-03-19 08:45:00,2.23343,2.23347,2.23258,2.23262,424
2025-03-19 08:50:00,2.23263,2.23309,2.23252,2.23309,264
2025-03-19 08:55:00,2.23307,2.2346,2.23306,2.23434,321
2025-03-19 09:00:00,2.23435,2.23513,2.23404,2.23483,493
2025-03-19 09:05:00,2.23479,2.23544,2.23452,2.2346,418
2025-03-19 09:10:00,2.23459,2.23464,2.23384,2.23435,417
2025-03-19 09:15:00,2.23438,2.23589,2.23436,2.2358000000000002,405
2025-03-19 09:20:00,2.23581,2.23694,2.23552,2.23694,385
2025-03-19 09:25:00,2.23695,2.23727,2.23678,2.23683,383
2025-03-19 09:30:00,2.23683,2.23683,2.23601,2.23609,428
2025-03-19 09:35:00,2.2361,2.23718,2.23577,2.23681,624
2025-03-19 09:40:00,2.23681,2.23891,2.23677,2.2385,612
2025-03-19 09:45:00,2.2385,2.23911,2.23774,2.23785,556
2025-03-19 09:50:00,2.23787,2.2388500000000002,2.23756,2.2387,531
2025-03-19 09:55:00,2.23868,2.24059,2.23852,2.24043,482
2025-03-19 10:00:00,2.24044,2.24048,2.23908,2.23926,583
2025-03-19 10:05:00,2.23928,2.23935,2.23793,2.23793,448
2025-03-19 10:10:00,2.23796,2.23884,2.23771,2.23806,433
2025-03-19 10:15:00,2.23805,2.23848,2.23787,2.23823,303
2025-03-19 10:20:00,2.23819,2.2388,2.23798,2.23875,329
2025-03-19 10:25:00,2.23876,2.2393,2.23873,2.23881,299
2025-03-19 10:30:00,2.23884,2.23921,2.23871,2.2392,362
2025-03-19 10:35:00,2.23919,2.23979,2.23913,2.23936,350
2025-03-19 10:40:00,2.23936,2.23986,2.23892,2.23985,388
2025-03-19 10:45:00,2.23985,2.24054,2.23984,2.24025,352
2025-03-19 10:50:00,2.24023,2.2419000000000002,2.24012,2.24096,400
2025-03-19 10:55:00,2.24098,2.24204,2.24094,2.242,330
2025-03-19 11:00:00,2.24193,2.24248,2.24176,2.24215,367
2025-03-19 11:05:00,2.24223,2.24285,2.24208,2.24248,334
2025-03-19 11:10:00,2.24246,2.24305,2.24237,2.2427799999999998,339
2025-03-19 11:15:00,2.24279,2.2431200000000002,2.24237,2.24308,332
2025-03-19 11:20:00,2.24307,2.24336,2.24233,2.24237,312
2025-03-19 11:25:00,2.24231,2.24249,2.24213,2.24234,282
2025-03-19 11:30:00,2.24233,2.24245,2.24136,2.24165,331
2025-03-19 11:35:00,2.24167,2.24195,2.24121,2.2414,281
2025-03-19 11:40:00,2.24138,2.24164,2.24116,2.2415599999999998,261
2025-03-19 11:45:00,2.2415599999999998,2.24185,2.24135,2.24165,313
2025-03-19 11:50:00,2.24173,2.24193,2.24148,2.24193,335
2025-03-19 11:55:00,2.24192,2.24209,2.24056,2.24081,316
2025-03-19 12:00:00,2.24083,2.24142,2.24062,2.24135,289
2025-03-19 12:05:00,2.24136,2.24199,2.24127,2.24164,299
2025-03-19 12:10:00,2.24162,2.24261,2.24157,2.24246,301
2025-03-19 12:15:00,2.24243,2.24255,2.24165,2.24166,263
2025-03-19 12:20:00,2.24165,2.24173,2.24077,2.24079,275
2025-03-19 12:25:00,2.24082,2.24128,2.24058,2.24076,287
2025-03-19 12:30:00,2.24073,2.24116,2.24031,2.24072,320
2025-03-19 12:35:00,2.24078,2.24091,2.24043,2.24045,299
2025-03-19 12:40:00,2.24045,2.24061,2.23994,2.24041,321
2025-03-19 12:45:00,2.24042,2.24074,2.24015,2.2405,315
2025-03-19 12:50:00,2.24048,2.2409499999999998,2.24045,2.24073,259
2025-03-19 12:55:00,2.2407,2.24094,2.24051,2.2408,220
2025-03-19 13:00:00,2.24079,2.24143,2.24065,2.24128,257
2025-03-19 13:05:00,2.24125,2.24125,2.23991,2.23998,334
2025-03-19 13:10:00,2.23992,2.24059,2.23956,2.24037,328
2025-03-19 13:15:00,2.2404,2.24117,2.2404,2.24087,276
2025-03-19 13:20:00,2.24086,2.24127,2.24071,2.2412,324
2025-03-19 13:25:00,2.24115,2.24119,2.24063,2.2409,293
2025-03-19 13:30:00,2.24088,2.24107,2.24059,2.24092,283
2025-03-19 13:35:00,2.24089,2.24103,2.24041,2.24073,361
2025-03-19 13:40:00,2.2406800000000002,2.24092,2.24015,2.2403399999999998,287
2025-03-19 13:45:00,2.2403399999999998,2.24044,2.23991,2.23991,244
2025-03-19 13:50:00,2.23989,2.24025,2.23943,2.24017,292
2025-03-19 13:55:00,2.24015,2.24077,2.24008,2.24036,498
2025-03-19 14:00:00,2.24038,2.24103,2.24038,2.24089,346
2025-03-19 14:05:00,2.24091,2.24106,2.24035,2.24053,303
2025-03-19 14:10:00,2.24055,2.24061,2.24015,2.24022,316
2025-03-19 14:15:00,2.24023,2.24084,2.24023,2.2406,246
2025-03-19 14:20:00,2.24056,2.24065,2.24027,2.24033,295
2025-03-19 14:25:00,2.24032,2.24048,2.23992,2.24016,336
2025-03-19 14:30:00,2.2401,2.24047,2.23977,2.23993,279
2025-03-19 14:35:00,2.23997,2.24031,2.23968,2.24031,277
2025-03-19 14:40:00,2.24033,2.24061,2.2401,2.24018,282
2025-03-19 14:45:00,2.24016,2.24107,2.24012,2.24092,371
2025-03-19 14:50:00,2.24088,2.24102,2.24012,2.24033,288
2025-03-19 14:55:00,2.2403399999999998,2.24084,2.23948,2.23972,438
2025-03-19 15:00:00,2.2397299999999998,2.24016,2.23923,2.23996,401
2025-03-19 15:05:00,2.23991,2.24012,2.23947,2.2396,328
2025-03-19 15:10:00,2.23959,2.23991,2.23944,2.2398,349
2025-03-19 15:15:00,2.23978,2.24042,2.23971,2.24036,374
2025-03-19 15:20:00,2.24037,2.24071,2.24029,2.24052,378
2025-03-19 15:25:00,2.24056,2.24098,2.24012,2.24093,350
2025-03-19 15:30:00,2.2409,2.24137,2.24077,2.2413,477
2025-03-19 15:35:00,2.24134,2.2423,2.24132,2.24202,357
2025-03-19 15:40:00,2.24204,2.24283,2.24191,2.24276,392
2025-03-19 15:45:00,2.24268,2.24357,2.24254,2.24337,400
2025-03-19 15:50:00,2.2434,2.24374,2.24279,2.24321,443
2025-03-19 15:55:00,2.2432,2.2437,2.24305,2.2434,432
2025-03-19 16:00:00,2.24334,2.24362,2.24285,2.24318,413
2025-03-19 16:05:00,2.24309,2.24325,2.24248,2.2428,344
2025-03-19 16:10:00,2.24283,2.2429,2.24209,2.24214,365
2025-03-19 16:15:00,2.24213,2.24234,2.2412,2.24136,316
2025-03-19 16:20:00,2.24135,2.24181,2.2411,2.24138,341
2025-03-19 16:25:00,2.24142,2.24147,2.241,2.24104,367
2025-03-19 16:30:00,2.24105,2.24128,2.2403399999999998,2.24046,337
2025-03-19 16:35:00,2.24044,2.24108,2.24042,2.24071,303
2025-03-19 16:40:00,2.24067,2.24151,2.24051,2.24133,309
2025-03-19 16:45:00,2.24137,2.24206,2.24124,2.24132,435
2025-03-19 16:50:00,2.24135,2.24138,2.24051,2.24066,412
2025-03-19 16:55:00,2.24066,2.24174,2.24057,2.24166,444
2025-03-19 17:00:00,2.24165,2.24216,2.24135,2.24204,345
2025-03-19 17:05:00,2.24203,2.24214,2.24149,2.2415,321
2025-03-19 17:10:00,2.24148,2.24153,2.24086,2.24094,276
2025-03-19 17:15:00,2.24103,2.24126,2.24074,2.24116,329
2025-03-19 17:20:00,2.24114,2.24133,2.2409499999999998,2.24106,274
2025-03-19 17:25:00,2.24105,2.24182,2.24098,2.24163,279
2025-03-19 17:30:00,2.24164,2.24204,2.2415599999999998,2.24195,333
2025-03-19 17:35:00,2.24197,2.24275,2.24191,2.24271,356
2025-03-19 17:40:00,2.24263,2.2429,2.2422,2.24228,291
2025-03-19 17:45:00,2.24229,2.24254,2.24199,2.24199,352
2025-03-19 17:50:00,2.24198,2.24205,2.24139,2.24178,306
2025-03-19 17:55:00,2.24179,2.24246,2.24166,2.24236,463
2025-03-19 18:00:00,2.24237,2.24242,2.24172,2.24174,404
2025-03-19 18:05:00,2.24175,2.24234,2.24171,2.24194,308
2025-03-19 18:10:00,2.24193,2.24235,2.24178,2.24212,326
2025-03-19 18:15:00,2.24213,2.24233,2.24167,2.24167,362
2025-03-19 18:20:00,2.24169,2.24202,2.24158,2.24184,224
2025-03-19 18:25:00,2.24184,2.24215,2.24163,2.24185,243
2025-03-19 18:30:00,2.24193,2.24242,2.24181,2.24184,296
2025-03-19 18:35:00,2.2418,2.24198,2.2416,2.24167,266
2025-03-19 18:40:00,2.24165,2.24173,2.2412900000000002,2.24165,239
2025-03-19 18:45:00,2.24166,2.24272,2.24166,2.24272,195
2025-03-19 18:50:00,2.24274,2.24277,2.24238,2.24248,275
2025-03-19 18:55:00,2.24245,2.24292,2.24232,2.24266,294
2025-03-19 19:00:00,2.24257,2.24288,2.24246,2.24268,238
2025-03-19 19:05:00,2.24263,2.24322,2.24262,2.24306,236
2025-03-19 19:10:00,2.24305,2.24316,2.24266,2.2427799999999998,295
2025-03-19 19:15:00,2.2427,2.2432,2.2425,2.24284,327
2025-03-19 19:20:00,2.24282,2.24301,2.24267,2.2427799999999998,268
2025-03-19 19:25:00,2.24277,2.24334,2.24275,2.24297,311
2025-03-19 19:30:00,2.24296,2.24301,2.24269,2.24291,323
2025-03-19 19:35:00,2.24293,2.24314,2.24274,2.2427799999999998,285
2025-03-19 19:40:00,2.24276,2.24344,2.24276,2.24344,220
2025-03-19 19:45:00,2.24342,2.24359,2.24302,2.24309,240
2025-03-19 19:50:00,2.2431,2.24332,2.24267,2.2427799999999998,324
2025-03-19 19:55:00,2.24276,2.2437,2.24252,2.24301,406
2025-03-19 20:00:00,2.24252,2.24319,2.24003,2.24189,761
2025-03-19 20:05:00,2.24188,2.24273,2.24183,2.2421,729
2025-03-19 20:10:00,2.24212,2.2423,2.24142,2.24193,593
2025-03-19 20:15:00,2.24186,2.242,2.24154,2.2418,569
2025-03-19 20:20:00,2.24177,2.242,2.24111,2.24119,514
2025-03-19 20:25:00,2.24119,2.24181,2.24098,2.2415599999999998,525
2025-03-19 20:30:00,2.24153,2.24179,2.24066,2.24069,625
2025-03-19 20:35:00,2.24076,2.24115,2.24029,2.24076,610
2025-03-19 20:40:00,2.24077,2.24088,2.23935,2.23966,755
2025-03-19 20:45:00,2.23965,2.2404,2.2395,2.24019,664
2025-03-19 20:50:00,2.24018,2.24043,2.23926,2.23937,626
2025-03-19 20:55:00,2.23936,2.2398,2.2391199999999998,2.23952,635
2025-03-19 21:00:00,2.23938,2.23986,2.23809,2.23814,567
2025-03-19 21:05:00,2.23815,2.2386,2.2366099999999998,2.23672,521
2025-03-19 21:10:00,2.23671,2.23737,2.23656,2.23684,520
2025-03-19 21:15:00,2.23683,2.23759,2.23647,2.23753,608
2025-03-19 21:20:00,2.23753,2.23838,2.23752,2.23773,490
2025-03-19 21:25:00,2.23774,2.23799,2.23742,2.23779,504
2025-03-19 21:30:00,2.23779,2.23793,2.23715,2.23759,510
2025-03-19 21:35:00,2.23758,2.23775,2.23708,2.23747,454
2025-03-19 21:40:00,2.23744,2.2376,2.23685,2.23703,398
2025-03-19 21:45:00,2.23704,2.23778,2.23684,2.23755,375
2025-03-19 21:50:00,2.23767,2.23817,2.23755,2.23778,394
2025-03-19 21:55:00,2.2378,2.23817,2.23758,2.238,348
2025-03-19 22:00:00,2.23744,2.23767,2.23662,2.23675,198
2025-03-19 22:05:00,2.23676,2.23696,2.23638,2.23639,178
2025-03-19 22:10:00,2.23639,2.23679,2.23593,2.23627,223
2025-03-19 22:15:00,2.23626,2.23629,2.23555,2.23561,237
2025-03-19 22:20:00,2.23559,2.23627,2.23552,2.23614,104
2025-03-19 22:25:00,2.23619,2.2364,2.23602,2.23614,142
2025-03-19 22:30:00,2.23617,2.23654,2.23591,2.23602,140
2025-03-19 22:35:00,2.23604,2.23622,2.23575,2.23592,134
2025-03-19 22:40:00,2.23591,2.23602,2.23474,2.23489,138
2025-03-19 22:45:00,2.23491,2.23502,2.2346,2.2348,146
2025-03-19 22:50:00,2.2349,2.23529,2.23486,2.23515,399
2025-03-19 22:55:00,2.23551,2.23578,2.2351900000000002,2.23524,413
2025-03-19 23:00:00,2.2317,2.23442,2.23169,2.23411,17
2025-03-19 23:05:00,2.23317,2.23431,2.23313,2.23431,20
2025-03-19 23:10:00,2.2345800000000002,2.23601,2.23328,2.23479,36
2025-03-19 23:15:00,2.2349,2.23513,2.23449,2.2348,156
2025-03-19 23:20:00,2.23486,2.23596,2.23447,2.23466,127
2025-03-19 23:25:00,2.23467,2.23643,2.23457,2.23582,139
2025-03-19 23:30:00,2.23579,2.23584,2.23545,2.23556,69
2025-03-19 23:35:00,2.23554,2.23561,2.23479,2.23479,119
2025-03-19 23:40:00,2.2348,2.23585,2.2345800000000002,2.23585,112
2025-03-19 23:45:00,2.23565,2.23565,2.22922,2.23126,190
2025-03-19 23:50:00,2.23123,2.23244,2.23093,2.23244,156
2025-03-19 23:55:00,2.23242,2.23368,2.2324,2.23346,108
2025-03-20 00:00:00,2.23346,2.23462,2.23321,2.23405,169
2025-03-20 00:05:00,2.23406,2.23431,2.23215,2.2323399999999998,120
2025-03-20 00:10:00,2.23248,2.23308,2.23237,2.23269,134
2025-03-20 00:15:00,2.23272,2.2333600000000002,2.23272,2.23301,192
2025-03-20 00:20:00,2.23299,2.2331,2.23268,2.23286,167
2025-03-20 00:25:00,2.23284,2.2333600000000002,2.23277,2.2329499999999998,162
2025-03-20 00:30:00,2.23292,2.23416,2.23291,2.23414,176
2025-03-20 00:35:00,2.23412,2.2346,2.23409,2.23421,141
2025-03-20 00:40:00,2.23418,2.23446,2.2339700000000002,2.23441,151
2025-03-20 00:45:00,2.23443,2.23461,2.23403,2.23428,140
2025-03-20 00:50:00,2.23426,2.2346,2.23426,2.2344,165
2025-03-20 00:55:00,2.23438,2.23525,2.23434,2.23518,173
2025-03-20 01:00:00,2.23529,2.23605,2.2351,2.23587,210
2025-03-20 01:05:00,2.23585,2.23598,2.23541,2.23579,171
2025-03-20 01:10:00,2.23581,2.23651,2.23573,2.23635,132
2025-03-20 01:15:00,2.23637,2.23654,2.23614,2.23638,151
2025-03-20 01:20:00,2.23637,2.23652,2.23626,2.23642,156
2025-03-20 01:25:00,2.2364,2.23656,2.23626,2.23636,135
2025-03-20 01:30:00,2.23639,2.23687,2.23632,2.23679,146
2025-03-20 01:35:00,2.23677,2.23682,2.23629,2.23632,142
2025-03-20 01:40:00,2.23632,2.2364100000000002,2.23582,2.23588,196
2025-03-20 01:45:00,2.23589,2.23595,2.23551,2.23568,180
2025-03-20 01:50:00,2.2357,2.23576,2.23501,2.23512,203
2025-03-20 01:55:00,2.23511,2.23538,2.23473,2.23538,199
2025-03-20 02:00:00,2.23537,2.2359,2.23535,2.23551,281
2025-03-20 02:05:00,2.23549,2.23612,2.23548,2.23601,214
2025-03-20 02:10:00,2.23602,2.2364100000000002,2.23585,2.2364100000000002,186
2025-03-20 02:15:00,2.2364,2.23714,2.2364,2.23685,219
2025-03-20 02:20:00,2.23683,2.2372,2.23634,2.23711,260
2025-03-20 02:25:00,2.23721,2.23818,2.237,2.23747,195
2025-03-20 02:30:00,2.23757,2.2418,2.23755,2.23934,613
2025-03-20 02:35:00,2.23944,2.24083,2.23904,2.24069,406
2025-03-20 02:40:00,2.24071,2.24169,2.24063,2.24146,352
2025-03-20 02:45:00,2.24148,2.24224,2.24085,2.24198,321
2025-03-20 02:50:00,2.24196,2.24208,2.24135,2.24184,351
2025-03-20 02:55:00,2.24186,2.24188,2.24112,2.2413,381
2025-03-20 03:00:00,2.2413,2.24386,2.24087,2.24383,463
2025-03-20 03:05:00,2.24386,2.24532,2.24382,2.2453,404
2025-03-20 03:10:00,2.2453,2.24537,2.24405,2.24437,313
2025-03-20 03:15:00,2.24439,2.24527,2.24412,2.24439,434
2025-03-20 03:20:00,2.24441,2.24507,2.24433,2.2446099999999998,281
2025-03-20 03:25:00,2.24462,2.24566,2.24457,2.24549,218
2025-03-20 03:30:00,2.24549,2.24566,2.24429,2.24453,363
2025-03-20 03:35:00,2.24453,2.24481,2.24441,2.2446099999999998,301
2025-03-20 03:40:00,2.24458,2.24497,2.24415,2.24457,321
2025-03-20 03:45:00,2.24454,2.24485,2.24394,2.24399,261
2025-03-20 03:50:00,2.2439999999999998,2.24462,2.24396,2.24462,222
2025-03-20 03:55:00,2.24464,2.24467,2.2442,2.24447,315
2025-03-20 04:00:00,2.24445,2.24445,2.24353,2.2436,324
2025-03-20 04:05:00,2.24359,2.24439,2.2435,2.24437,284
2025-03-20 04:10:00,2.24439,2.24444,2.24352,2.2437,462
2025-03-20 04:15:00,2.24371,2.24391,2.24343,2.2438,355
2025-03-20 04:20:00,2.24379,2.24421,2.24372,2.24411,273
2025-03-20 04:25:00,2.24413,2.24419,2.24342,2.2438,272
2025-03-20 04:30:00,2.2438,2.24389,2.24293,2.24325,316
2025-03-20 04:35:00,2.24326,2.24468,2.24321,2.24457,297
2025-03-20 04:40:00,2.24457,2.24512,2.24451,2.24512,243
2025-03-20 04:45:00,2.24516,2.24751,2.24516,2.2475,273
2025-03-20 04:50:00,2.24748,2.24748,2.24589,2.24591,282
2025-03-20 04:55:00,2.24589,2.24593,2.2452,2.2458299999999998,257
2025-03-20 05:00:00,2.24581,2.24626,2.24569,2.24598,302
2025-03-20 05:05:00,2.24597,2.24629,2.24569,2.2457,259
2025-03-20 05:10:00,2.24569,2.2457,2.24505,2.24511,278
2025-03-20 05:15:00,2.24512,2.24542,2.245,2.24536,261
2025-03-20 05:20:00,2.24538,2.24555,2.24506,2.24532,211
2025-03-20 05:25:00,2.24534,2.24541,2.24464,2.24468,247
2025-03-20 05:30:00,2.24467,2.24468,2.24387,2.24395,233
2025-03-20 05:35:00,2.24396,2.24401,2.24348,2.24384,228
2025-03-20 05:40:00,2.24382,2.24405,2.24355,2.24388,182
2025-03-20 05:45:00,2.24386,2.24435,2.24382,2.24429,256
2025-03-20 05:50:00,2.24425,2.24429,2.24363,2.24368,204
2025-03-20 05:55:00,2.2437300000000002,2.24406,2.2436,2.24385,139
2025-03-20 06:00:00,2.24387,2.24429,2.24374,2.24425,181
2025-03-20 06:05:00,2.24426,2.24445,2.2439999999999998,2.24432,177
2025-03-20 06:10:00,2.24428,2.24451,2.24427,2.24442,160
2025-03-20 06:15:00,2.24443,2.24481,2.24427,2.24447,163
2025-03-20 06:20:00,2.24452,2.24477,2.24441,2.24465,152
2025-03-20 06:25:00,2.24466,2.2447,2.24385,2.24396,172
2025-03-20 06:30:00,2.24398,2.24416,2.24362,2.24414,192
2025-03-20 06:35:00,2.24422,2.24444,2.24394,2.24436,184
2025-03-20 06:40:00,2.24437,2.24481,2.24424,2.2446099999999998,204
2025-03-20 06:45:00,2.24462,2.24463,2.24382,2.2441,195
2025-03-20 06:50:00,2.24411,2.24441,2.24382,2.24425,227
2025-03-20 06:55:00,2.24423,2.24458,2.2442,2.24441,219
2025-03-20 07:00:00,2.24443,2.24462,2.24423,2.24453,263
2025-03-20 07:05:00,2.24451,2.24502,2.24443,2.24475,176
2025-03-20 07:10:00,2.24473,2.24474,2.2441,2.24411,180
2025-03-20 07:15:00,2.2441,2.24468,2.2441,2.24451,171
2025-03-20 07:20:00,2.24453,2.24518,2.24448,2.24494,188
2025-03-20 07:25:00,2.2449500000000002,2.24509,2.2446,2.24475,194
2025-03-20 07:30:00,2.24475,2.24509,2.24463,2.2448,183
2025-03-20 07:35:00,2.24478,2.24535,2.24476,2.24526,219
2025-03-20 07:40:00,2.2453,2.24592,2.24529,2.24547,241
2025-03-20 07:45:00,2.24547,2.24571,2.24529,2.24567,212
2025-03-20 07:50:00,2.24566,2.24573,2.24537,2.24542,197
2025-03-20 07:55:00,2.24544,2.24601,2.24544,2.24545,255
2025-03-20 08:00:00,2.24544,2.24626,2.24529,2.24529,314
2025-03-20 08:05:00,2.24527,2.24541,2.24491,2.24528,265
2025-03-20 08:10:00,2.24527,2.24527,2.2447,2.24502,388
2025-03-20 08:15:00,2.245,2.24548,2.24471,2.24537,252
2025-03-20 08:20:00,2.24536,2.24561,2.24525,2.24548,220
2025-03-20 08:25:00,2.24545,2.24591,2.24536,2.2458,215
2025-03-20 08:30:00,2.2458299999999998,2.24603,2.2455,2.24578,285
2025-03-20 08:35:00,2.2458,2.24606,2.24567,2.2458,258
2025-03-20 08:40:00,2.24579,2.24656,2.24579,2.2463,261
2025-03-20 08:45:00,2.24627,2.24672,2.24611,2.24642,269
2025-03-20 08:50:00,2.24638,2.24723,2.24633,2.24711,291
2025-03-20 08:55:00,2.24711,2.24744,2.24661,2.24676,253
2025-03-20 09:00:00,2.24684,2.24784,2.24684,2.24712,444
2025-03-20 09:05:00,2.24716,2.24836,2.24709,2.24799,385
2025-03-20 09:10:00,2.248,2.24893,2.24778,2.24873,391
2025-03-20 09:15:00,2.24875,2.24944,2.24846,2.24899,404
2025-03-20 09:20:00,2.24894,2.2505100000000002,2.2488799999999998,2.24933,516
2025-03-20 09:25:00,2.24938,2.24942,2.24799,2.249,359
2025-03-20 09:30:00,2.24901,2.24927,2.24771,2.24806,356
2025-03-20 09:35:00,2.24804,2.2482,2.2476,2.24784,411
2025-03-20 09:40:00,2.24782,2.24805,2.2476,2.24794,367
2025-03-20 09:45:00,2.24794,2.24844,2.24782,2.24809,322
2025-03-20 09:50:00,2.2481,2.24832,2.2474,2.24776,291
2025-03-20 09:55:00,2.24778,2.2480700000000002,2.24735,2.24739,320
2025-03-20 10:00:00,2.2474,2.2480700000000002,2.24691,2.24805,415
2025-03-20 10:05:00,2.24806,2.24826,2.24753,2.24817,357
2025-03-20 10:10:00,2.24819,2.24853,2.24801,2.2482699999999998,340
2025-03-20 10:15:00,2.24823,2.24928,2.24803,2.24922,362
2025-03-20 10:20:00,2.24921,2.24989,2.24909,2.24988,323
2025-03-20 10:25:00,2.24989,2.25077,2.24989,2.25062,355
2025-03-20 10:30:00,2.25055,2.25136,2.25036,2.2512499999999998,454
2025-03-20 10:35:00,2.25134,2.25196,2.25134,2.25152,349
2025-03-20 10:40:00,2.25154,2.25312,2.25139,2.25271,401
2025-03-20 10:45:00,2.25275,2.2529,2.25169,2.25177,447
2025-03-20 10:50:00,2.25172,2.252,2.25111,2.2511900000000002,368
2025-03-20 10:55:00,2.25123,2.25232,2.25123,2.25188,380
2025-03-20 11:00:00,2.25187,2.2522,2.25077,2.25089,446
2025-03-20 11:05:00,2.25088,2.25191,2.25078,2.25181,337
2025-03-20 11:10:00,2.25182,2.25212,2.2512499999999998,2.25139,328
2025-03-20 11:15:00,2.2514,2.25216,2.25126,2.25183,529
2025-03-20 11:20:00,2.25185,2.25242,2.25128,2.25242,478
2025-03-20 11:25:00,2.25232,2.25296,2.25197,2.2523,459
2025-03-20 11:30:00,2.25236,2.25388,2.25236,2.25336,465
2025-03-20 11:35:00,2.2534,2.2535,2.25287,2.25296,357
2025-03-20 11:40:00,2.25299,2.25396,2.25299,2.25357,370
2025-03-20 11:45:00,2.25362,2.2545,2.25355,2.25422,404
2025-03-20 11:50:00,2.25422,2.25469,2.25362,2.25398,403
2025-03-20 11:55:00,2.25397,2.25442,2.25352,2.25416,404
2025-03-20 12:00:00,2.25421,2.25434,2.25383,2.2543,381
2025-03-20 12:05:00,2.25431,2.25528,2.25422,2.25495,394
2025-03-20 12:10:00,2.25494,2.25654,2.25484,2.25637,418
2025-03-20 12:15:00,2.25632,2.2566100000000002,2.25552,2.25571,504
2025-03-20 12:20:00,2.25561,2.25571,2.25497,2.25538,528
2025-03-20 12:25:00,2.25538,2.25561,2.25481,2.25481,448
2025-03-20 12:30:00,2.25479,2.2549,2.25407,2.2549,488
2025-03-20 12:35:00,2.25489,2.25579,2.25486,2.25562,469
2025-03-20 12:40:00,2.25563,2.25685,2.25563,2.25655,384
2025-03-20 12:45:00,2.2566,2.25735,2.25644,2.25707,402
2025-03-20 12:50:00,2.25715,2.25741,2.25678,2.25686,335
2025-03-20 12:55:00,2.25689,2.25714,2.2565,2.2566100000000002,318
2025-03-20 13:00:00,2.25664,2.2571,2.25639,2.25691,423
2025-03-20 13:05:00,2.25682,2.25702,2.25646,2.2568099999999998,342
2025-03-20 13:10:00,2.25682,2.25699,2.25609,2.25628,317
2025-03-20 13:15:00,2.2562699999999998,2.25775,2.25619,2.25754,360
2025-03-20 13:20:00,2.2575,2.25787,2.25687,2.25701,360
2025-03-20 13:25:00,2.25703,2.25823,2.25674,2.2580999999999998,348
2025-03-20 13:30:00,2.25812,2.25839,2.25771,2.25822,340
2025-03-20 13:35:00,2.2582,2.25869,2.25792,2.25802,318
2025-03-20 13:40:00,2.25801,2.25869,2.25741,2.25741,318
2025-03-20 13:45:00,2.25748,2.2584,2.2574,2.25801,341
2025-03-20 13:50:00,2.25798,2.25865,2.25763,2.25821,353
2025-03-20 13:55:00,2.2582,2.25926,2.25793,2.25794,435
2025-03-20 14:00:00,2.25794,2.26293,2.2571,2.26197,648
2025-03-20 14:05:00,2.26196,2.26254,2.261,2.26172,524
2025-03-20 14:10:00,2.26173,2.26173,2.26077,2.26086,465
2025-03-20 14:15:00,2.26084,2.26122,2.25954,2.26026,463
2025-03-20 14:20:00,2.26029,2.26069,2.25972,2.26002,457
2025-03-20 14:25:00,2.26,2.26005,2.25746,2.25752,380
2025-03-20 14:30:00,2.25748,2.2584,2.25732,2.25771,509
2025-03-20 14:35:00,2.25762,2.25775,2.2568799999999998,2.25723,478
2025-03-20 14:40:00,2.25738,2.25789,2.2571,2.25787,470
2025-03-20 14:45:00,2.25784,2.258,2.2574899999999998,2.25753,416
2025-03-20 14:50:00,2.25751,2.25805,2.25713,2.25767,393
2025-03-20 14:55:00,2.25766,2.2578,2.25691,2.25744,465
2025-03-20 15:00:00,2.25743,2.25849,2.25685,2.25839,444
2025-03-20 15:05:00,2.25839,2.25849,2.25731,2.25741,438
2025-03-20 15:10:00,2.2574199999999998,2.25799,2.25738,2.25788,418
2025-03-20 15:15:00,2.25785,2.2586399999999998,2.2578,2.25831,359
2025-03-20 15:20:00,2.25828,2.25869,2.25807,2.25846,450
2025-03-20 15:25:00,2.2584400000000002,2.26059,2.25835,2.2602700000000002,468
2025-03-20 15:30:00,2.26033,2.26037,2.25944,2.25987,540
2025-03-20 15:35:00,2.25982,2.2604,2.25938,2.26026,493
2025-03-20 15:40:00,2.2602700000000002,2.2609,2.26008,2.26045,502
2025-03-20 15:45:00,2.26045,2.26106,2.26008,2.2609500000000002,430
2025-03-20 15:50:00,2.26097,2.26112,2.26056,2.26056,423
2025-03-20 15:55:00,2.2606,2.26096,2.25918,2.25957,454
2025-03-20 16:00:00,2.25959,2.26064,2.25882,2.25926,554
2025-03-20 16:05:00,2.25924,2.25926,2.2584,2.25857,536
2025-03-20 16:10:00,2.25849,2.25985,2.25848,2.25946,492
2025-03-20 16:15:00,2.25942,2.25988,2.25782,2.25862,487
2025-03-20 16:20:00,2.25868,2.25926,2.2580999999999998,2.2580999999999998,471
2025-03-20 16:25:00,2.25809,2.25879,2.25804,2.25854,429
2025-03-20 16:30:00,2.25848,2.25892,2.25829,2.25854,443
2025-03-20 16:35:00,2.25846,2.25865,2.25767,2.25806,432
2025-03-20 16:40:00,2.25807,2.25822,2.2572900000000002,2.25815,472
2025-03-20 16:45:00,2.25816,2.25817,2.25708,2.25767,422
2025-03-20 16:50:00,2.25766,2.25821,2.2574899999999998,2.25788,408
2025-03-20 16:55:00,2.25791,2.25834,2.25756,2.2580999999999998,422
2025-03-20 17:00:00,2.25814,2.25817,2.25731,2.25732,428
2025-03-20 17:05:00,2.25732,2.25763,2.25675,2.25684,389
2025-03-20 17:10:00,2.25687,2.25687,2.25613,2.25676,372
2025-03-20 17:15:00,2.25678,2.25719,2.25665,2.25672,352
2025-03-20 17:20:00,2.2567,2.25709,2.25612,2.2569,374
2025-03-20 17:25:00,2.25687,2.25709,2.2560000000000002,2.25636,381
2025-03-20 17:30:00,2.25636,2.25765,2.25606,2.25747,408
2025-03-20 17:35:00,2.25756,2.2580299999999998,2.25711,2.25785,374
2025-03-20 17:40:00,2.25784,2.25821,2.25641,2.25641,432
2025-03-20 17:45:00,2.25649,2.25678,2.25553,2.25608,384
2025-03-20 17:50:00,2.2561,2.25646,2.25558,2.25579,419
2025-03-20 17:55:00,2.25578,2.25665,2.25576,2.25614,488
2025-03-20 18:00:00,2.25613,2.2562699999999998,2.25536,2.25606,498
2025-03-20 18:05:00,2.2560700000000002,2.25673,2.25589,2.25665,380
2025-03-20 18:10:00,2.25663,2.257,2.2566,2.25664,325
2025-03-20 18:15:00,2.25665,2.25685,2.25641,2.25652,338
2025-03-20 18:20:00,2.25648,2.25666,2.25593,2.25662,289
2025-03-20 18:25:00,2.2566100000000002,2.2568799999999998,2.25652,2.2567,316
2025-03-20 18:30:00,2.25671,2.25679,2.25629,2.25658,319
2025-03-20 18:35:00,2.25657,2.25667,2.25604,2.25636,318
2025-03-20 18:40:00,2.25638,2.25678,2.25615,2.25654,287
2025-03-20 18:45:00,2.25655,2.25666,2.2563,2.25664,314
2025-03-20 18:50:00,2.25664,2.2568099999999998,2.25646,2.25671,300
2025-03-20 18:55:00,2.2567,2.25685,2.2563,2.25665,249
2025-03-20 19:00:00,2.25657,2.25687,2.2562699999999998,2.25672,288
2025-03-20 19:05:00,2.25672,2.25672,2.2558,2.25592,273
2025-03-20 19:10:00,2.25591,2.25639,2.25581,2.25599,263
2025-03-20 19:15:00,2.25598,2.25624,2.25561,2.25577,243
2025-03-20 19:20:00,2.2558,2.2563,2.2555899999999998,2.25625,279
2025-03-20 19:25:00,2.2562699999999998,2.2564,2.25597,2.25617,302
2025-03-20 19:30:00,2.25618,2.25629,2.25588,2.25612,313
2025-03-20 19:35:00,2.25604,2.25604,2.2553,2.25541,240
2025-03-20 19:40:00,2.25543,2.25544,2.25494,2.25497,272
2025-03-20 19:45:00,2.2549799999999998,2.25514,2.25441,2.25461,262
2025-03-20 19:50:00,2.25457,2.25473,2.25431,2.2543699999999998,228
2025-03-20 19:55:00,2.25436,2.2547,2.25415,2.25416,215
2025-03-20 20:00:00,2.2542,2.2544399999999998,2.25355,2.25364,216
2025-03-20 20:05:00,2.25368,2.25397,2.25333,2.25355,226
2025-03-20 20:10:00,2.25353,2.25358,2.25272,2.25293,257
2025-03-20 20:15:00,2.25292,2.25292,2.2518599999999998,2.25197,161
2025-03-20 20:20:00,2.25196,2.25196,2.2516,2.25185,165
2025-03-20 20:25:00,2.2518599999999998,2.25213,2.25172,2.25207,205
2025-03-20 20:30:00,2.25206,2.25217,2.25164,2.25189,207
2025-03-20 20:35:00,2.25191,2.25191,2.25135,2.25145,189
2025-03-20 20:40:00,2.25147,2.25235,2.25143,2.25233,183
2025-03-20 20:45:00,2.25236,2.25255,2.25191,2.25197,198
2025-03-20 20:50:00,2.25196,2.25206,2.25121,2.25121,184
2025-03-20 20:55:00,2.25122,2.25139,2.25089,2.25105,259
2025-03-20 21:00:00,2.25106,2.25127,2.25092,2.25109,207
2025-03-20 21:05:00,2.2511,2.25135,2.25098,2.25122,176
2025-03-20 21:10:00,2.25122,2.25123,2.25098,2.25111,132
2025-03-20 21:15:00,2.25111,2.25122,2.2505100000000002,2.25057,203
2025-03-20 21:20:00,2.2506,2.2507,2.25031,2.25056,192
2025-03-20 21:25:00,2.25055,2.25088,2.25055,2.25083,204
2025-03-20 21:30:00,2.2508,2.25089,2.2506,2.25069,204
2025-03-20 21:35:00,2.2507099999999998,2.25078,2.25036,2.25048,180
2025-03-20 21:40:00,2.25047,2.25055,2.24993,2.25,153
2025-03-20 21:45:00,2.25002,2.25018,2.24947,2.24956,199
2025-03-20 21:50:00,2.24954,2.24972,2.24928,2.24956,215
2025-03-20 21:55:00,2.24954,2.25057,2.24938,2.2503,247
2025-03-20 22:00:00,2.24982,2.25033,2.24974,2.25019,128
2025-03-20 22:05:00,2.25028,2.25053,2.25002,2.2500299999999998,76
2025-03-20 22:10:00,2.25004,2.25034,2.25002,2.2503,112
2025-03-20 22:15:00,2.25029,2.25057,2.25021,2.25057,112
2025-03-20 22:20:00,2.25059,2.2506,2.24991,2.25,82
2025-03-20 22:25:00,2.25,2.25029,2.24988,2.25009,92
2025-03-20 22:30:00,2.25009,2.25055,2.25008,2.25038,140
2025-03-20 22:35:00,2.25037,2.25105,2.25028,2.25105,139
2025-03-20 22:40:00,2.25099,2.25136,2.25073,2.25088,149
2025-03-20 22:45:00,2.25088,2.25141,2.25087,2.25141,120
2025-03-20 22:50:00,2.25141,2.25141,2.25087,2.25108,330
2025-03-20 22:55:00,2.25152,2.25184,2.25146,2.25178,258
2025-03-20 23:00:00,2.25204,2.25204,2.25044,2.25082,20
2025-03-20 23:05:00,2.25082,2.25153,2.2506,2.25097,24
2025-03-20 23:10:00,2.25145,2.25166,2.25092,2.25154,60
2025-03-20 23:15:00,2.25146,2.25205,2.25141,2.25141,92
2025-03-20 23:20:00,2.2514,2.25218,2.24992,2.2513199999999998,142
2025-03-20 23:25:00,2.2513199999999998,2.25238,2.25113,2.25226,108
2025-03-20 23:30:00,2.25232,2.2529500000000002,2.25227,2.25247,92
2025-03-20 23:35:00,2.25258,2.25326,2.25212,2.25213,38
2025-03-20 23:40:00,2.2529,2.2529,2.25196,2.25289,88
2025-03-20 23:45:00,2.25337,2.25375,2.25277,2.25279,62
2025-03-20 23:50:00,2.25278,2.25345,2.25201,2.25225,84
2025-03-20 23:55:00,2.25223,2.25266,2.24986,2.25252,157
2025-03-21 00:00:00,2.25252,2.25252,2.25131,2.25139,226
2025-03-21 00:05:00,2.25141,2.25146,2.25085,2.25131,259
2025-03-21 00:10:00,2.2513,2.25141,2.2511200000000002,2.25126,114
2025-03-21 00:15:00,2.25129,2.25156,2.25114,2.25148,375
2025-03-21 00:20:00,2.25149,2.25157,2.25099,2.2511,296
2025-03-21 00:25:00,2.25111,2.25123,2.2507099999999998,2.2507099999999998,193
2025-03-21 00:30:00,2.25069,2.25074,2.25042,2.2505800000000002,128
2025-03-21 00:35:00,2.2505800000000002,2.25139,2.25043,2.25048,95
2025-03-21 00:40:00,2.25043,2.25081,2.25033,2.25037,129
2025-03-21 00:45:00,2.25038,2.25056,2.25026,2.25043,149
2025-03-21 00:50:00,2.25041,2.25079,2.25041,2.25078,151
2025-03-21 00:55:00,2.25081,2.25154,2.25075,2.25129,137
2025-03-21 01:00:00,2.25139,2.25188,2.25094,2.25095,168
2025-03-21 01:05:00,2.25094,2.25133,2.25091,2.25118,145
2025-03-21 01:10:00,2.2512,2.25121,2.25094,2.25114,115
2025-03-21 01:15:00,2.25116,2.25162,2.25116,2.25159,170
2025-03-21 01:20:00,2.25158,2.25182,2.25113,2.25115,207
2025-03-21 01:25:00,2.2511900000000002,2.25127,2.25093,2.25116,77
2025-03-21 01:30:00,2.25114,2.25148,2.25095,2.25148,171
2025-03-21 01:35:00,2.25147,2.25147,2.25098,2.2511200000000002,110
2025-03-21 01:40:00,2.25111,2.25127,2.25083,2.25124,144
2025-03-21 01:45:00,2.2512499999999998,2.25133,2.2511,2.2513,167
2025-03-21 01:50:00,2.25128,2.2513,2.25034,2.25048,132
2025-03-21 01:55:00,2.25052,2.2506399999999998,2.25028,2.25029,183
2025-03-21 02:00:00,2.25031,2.25054,2.24999,2.25038,228
2025-03-21 02:05:00,2.25046,2.2505,2.25013,2.25038,207
2025-03-21 02:10:00,2.25042,2.25123,2.25042,2.25117,226
2025-03-21 02:15:00,2.2511900000000002,2.25129,2.25101,2.25118,228
2025-03-21 02:20:00,2.2511,2.25114,2.25005,2.25032,270
2025-03-21 02:25:00,2.25032,2.25055,2.25002,2.25034,220
2025-03-21 02:30:00,2.25035,2.25041,2.24942,2.24976,230
2025-03-21 02:35:00,2.24977,2.24998,2.2495,2.24956,200
2025-03-21 02:40:00,2.24954,2.24968,2.24846,2.24851,224
2025-03-21 02:45:00,2.2485,2.24875,2.24822,2.24837,182
2025-03-21 02:50:00,2.24835,2.2493,2.24821,2.2493,247
2025-03-21 02:55:00,2.24925,2.24938,2.24901,2.2493,296
2025-03-21 03:00:00,2.24932,2.25035,2.24918,2.25028,293
2025-03-21 03:05:00,2.2502,2.25089,2.25015,2.25069,229
2025-03-21 03:10:00,2.25068,2.25074,2.25028,2.2505100000000002,262
2025-03-21 03:15:00,2.25049,2.25086,2.25038,2.25053,261
2025-03-21 03:20:00,2.25054,2.25077,2.25016,2.25026,288
2025-03-21 03:25:00,2.25025,2.25086,2.25025,2.2507099999999998,272
2025-03-21 03:30:00,2.25069,2.25093,2.25024,2.2503,324
2025-03-21 03:35:00,2.25027,2.25033,2.24975,2.25016,301
2025-03-21 03:40:00,2.25017,2.2507099999999998,2.2500299999999998,2.2507099999999998,262
2025-03-21 03:45:00,2.2507,2.25157,2.25035,2.2515,272
2025-03-21 03:50:00,2.25149,2.2515,2.25072,2.25114,313
2025-03-21 03:55:00,2.25115,2.25122,2.25043,2.25057,271
2025-03-21 04:00:00,2.25056,2.25129,2.25056,2.25081,316
2025-03-21 04:05:00,2.25083,2.25088,2.25028,2.25073,238
2025-03-21 04:10:00,2.25074,2.2508,2.25024,2.2507,288
2025-03-21 04:15:00,2.2507,2.25133,2.25062,2.2509,274
2025-03-21 04:20:00,2.2509,2.25178,2.25085,2.25168,316
2025-03-21 04:25:00,2.25166,2.25202,2.25152,2.25157,335
2025-03-21 04:30:00,2.25155,2.25165,2.25129,2.25138,252
2025-03-21 04:35:00,2.25137,2.25141,2.25098,2.25101,226
2025-03-21 04:40:00,2.25099,2.25123,2.25099,2.2511900000000002,219
2025-03-21 04:45:00,2.25115,2.25121,2.25077,2.25084,274
2025-03-21 04:50:00,2.25085,2.25097,2.25067,2.25075,208
2025-03-21 04:55:00,2.25076,2.25157,2.25076,2.25144,240
2025-03-21 05:00:00,2.25145,2.25195,2.2513,2.2519,263
2025-03-21 05:05:00,2.25187,2.25189,2.2513199999999998,2.2513199999999998,209
2025-03-21 05:10:00,2.25134,2.25134,2.25056,2.25101,279
2025-03-21 05:15:00,2.25102,2.25159,2.25101,2.25159,246
2025-03-21 05:20:00,2.25156,2.25175,2.25135,2.25144,212
2025-03-21 05:25:00,2.25145,2.2521,2.25134,2.25185,229
2025-03-21 05:30:00,2.25184,2.25201,2.25147,2.25197,301
2025-03-21 05:35:00,2.25196,2.25223,2.25146,2.25158,283
2025-03-21 05:40:00,2.25158,2.25211,2.25156,2.25204,184
2025-03-21 05:45:00,2.25204,2.25212,2.25087,2.25098,199
2025-03-21 05:50:00,2.25094,2.25098,2.25059,2.25087,223
2025-03-21 05:55:00,2.25086,2.25111,2.25067,2.25078,247
2025-03-21 06:00:00,2.25079,2.25087,2.24975,2.25013,200
2025-03-21 06:05:00,2.25011,2.25031,2.25004,2.25014,140
2025-03-21 06:10:00,2.25016,2.25038,2.25007,2.25021,234
2025-03-21 06:15:00,2.25025,2.2505100000000002,2.25,2.25031,237
2025-03-21 06:20:00,2.25029,2.25042,2.2498,2.2504,176
2025-03-21 06:25:00,2.25036,2.25076,2.25011,2.25033,190
2025-03-21 06:30:00,2.25042,2.25055,2.25012,2.25048,156
2025-03-21 06:35:00,2.2505100000000002,2.25065,2.25024,2.25043,214
2025-03-21 06:40:00,2.25047,2.2507,2.25022,2.2506399999999998,306
2025-03-21 06:45:00,2.25068,2.25113,2.2506,2.2511,199
2025-03-21 06:50:00,2.25111,2.25115,2.25033,2.25041,173
2025-03-21 06:55:00,2.25042,2.25068,2.25013,2.25059,180
2025-03-21 07:00:00,2.2506,2.2507,2.25008,2.25019,225
2025-03-21 07:05:00,2.25023,2.25041,2.25,2.25007,204
2025-03-21 07:10:00,2.2500299999999998,2.25004,2.2493,2.24945,221
2025-03-21 07:15:00,2.24946,2.24947,2.249,2.24919,320
2025-03-21 07:20:00,2.2492,2.24942,2.24899,2.24928,255
2025-03-21 07:25:00,2.24928,2.24958,2.24905,2.24958,224
2025-03-21 07:30:00,2.24959,2.24959,2.24878,2.24884,272
2025-03-21 07:35:00,2.24891,2.24923,2.24813,2.24826,289
2025-03-21 07:40:00,2.24819,2.24882,2.24803,2.24866,205
2025-03-21 07:45:00,2.24872,2.24887,2.24843,2.24854,225
2025-03-21 07:50:00,2.24857,2.2487,2.24819,2.24832,276
2025-03-21 07:55:00,2.24834,2.24838,2.24783,2.24817,316
2025-03-21 08:00:00,2.24819,2.24822,2.24737,2.24741,313
2025-03-21 08:05:00,2.24739,2.24754,2.2466,2.24678,264
2025-03-21 08:10:00,2.24679,2.24694,2.24655,2.24674,221
2025-03-21 08:15:00,2.24673,2.2472,2.2465,2.24656,197
2025-03-21 08:20:00,2.24667,2.24691,2.24627,2.2465,224
2025-03-21 08:25:00,2.24651,2.24681,2.24632,2.24653,249
2025-03-21 08:30:00,2.24648,2.24651,2.24614,2.24647,273
2025-03-21 08:35:00,2.24645,2.24663,2.24558,2.24589,327
2025-03-21 08:40:00,2.24597,2.24635,2.2458,2.2462,274
2025-03-21 08:45:00,2.24619,2.24667,2.24592,2.24667,282
2025-03-21 08:50:00,2.24666,2.24698,2.24652,2.2468500000000002,322
2025-03-21 08:55:00,2.24678,2.24688,2.24625,2.24664,267
2025-03-21 09:00:00,2.24665,2.24753,2.24665,2.24686,369
2025-03-21 09:05:00,2.24684,2.24701,2.24635,2.24638,293
2025-03-21 09:10:00,2.24641,2.24667,2.24587,2.24645,356
2025-03-21 09:15:00,2.2464399999999998,2.24736,2.24639,2.24691,326
2025-03-21 09:20:00,2.2469,2.24692,2.24627,2.24664,319
2025-03-21 09:25:00,2.24666,2.24693,2.24649,2.24675,271
2025-03-21 09:30:00,2.24669,2.247,2.24637,2.24642,280
2025-03-21 09:35:00,2.24641,2.24643,2.2459,2.24614,297
2025-03-21 09:40:00,2.24614,2.24659,2.24587,2.24647,354
2025-03-21 09:45:00,2.24646,2.24695,2.24633,2.24671,311
2025-03-21 09:50:00,2.24672,2.24675,2.24606,2.24627,349
2025-03-21 09:55:00,2.24631,2.24648,2.24591,2.24617,450
2025-03-21 10:00:00,2.24616,2.2468,2.2459,2.24603,473
2025-03-21 10:05:00,2.24599,2.2466,2.24573,2.24626,407
2025-03-21 10:10:00,2.24622,2.24654,2.24595,2.24611,374
2025-03-21 10:15:00,2.24611,2.24671,2.24602,2.24646,324
2025-03-21 10:20:00,2.2464399999999998,2.2464399999999998,2.24506,2.24536,429
2025-03-21 10:25:00,2.24532,2.24599,2.24504,2.24571,473
2025-03-21 10:30:00,2.24571,2.24581,2.24534,2.24539,393
2025-03-21 10:35:00,2.24533,2.24569,2.24518,2.24567,323
2025-03-21 10:40:00,2.24563,2.2462,2.24558,2.24588,334
2025-03-21 10:45:00,2.24586,2.24652,2.24565,2.24577,327
2025-03-21 10:50:00,2.24578,2.24603,2.24568,2.24591,326
2025-03-21 10:55:00,2.2459,2.24676,2.24564,2.24663,366
2025-03-21 11:00:00,2.24662,2.24735,2.24648,2.24726,333
2025-03-21 11:05:00,2.24725,2.24743,2.24675,2.24675,274
2025-03-21 11:10:00,2.24681,2.24722,2.24675,2.24694,277
2025-03-21 11:15:00,2.24692,2.24713,2.24637,2.24637,271
2025-03-21 11:20:00,2.24636,2.24643,2.24579,2.24585,280
2025-03-21 11:25:00,2.24584,2.2464,2.24581,2.24626,243
2025-03-21 11:30:00,2.24625,2.24672,2.24614,2.24656,278
2025-03-21 11:35:00,2.24655,2.24702,2.24651,2.24701,236
2025-03-21 11:40:00,2.24701,2.24811,2.24688,2.24794,230
2025-03-21 11:45:00,2.24793,2.24793,2.24743,2.2478,236
2025-03-21 11:50:00,2.24779,2.24812,2.2476599999999998,2.24774,228
2025-03-21 11:55:00,2.2477,2.24785,2.24738,2.24738,280
2025-03-21 12:00:00,2.2474,2.24786,2.24713,2.24768,337
2025-03-21 12:05:00,2.2477,2.2486,2.24756,2.24818,306
2025-03-21 12:10:00,2.24817,2.24852,2.24797,2.24839,311
2025-03-21 12:15:00,2.24837,2.24861,2.24806,2.24809,251
2025-03-21 12:20:00,2.24811,2.2485,2.24811,2.2482,231
2025-03-21 12:25:00,2.24822,2.24847,2.24783,2.24783,253
2025-03-21 12:30:00,2.24782,2.248,2.24734,2.24753,267
2025-03-21 12:35:00,2.24752,2.24752,2.24686,2.24714,288
2025-03-21 12:40:00,2.2471,2.24717,2.24675,2.24684,266
2025-03-21 12:45:00,2.24683,2.24757,2.24682,2.24751,304
2025-03-21 12:50:00,2.24752,2.24779,2.24715,2.24736,268
2025-03-21 12:55:00,2.24737,2.24796,2.24733,2.24777,307
2025-03-21 13:00:00,2.2478,2.24803,2.24742,2.24757,367
2025-03-21 13:05:00,2.24758,2.24765,2.24713,2.24747,276
2025-03-21 13:10:00,2.24744,2.2475,2.24699,2.24708,291
2025-03-21 13:15:00,2.2470499999999998,2.24723,2.24663,2.24667,343
2025-03-21 13:20:00,2.24669,2.24723,2.24668,2.24716,276
2025-03-21 13:25:00,2.24713,2.24728,2.24688,2.24712,234
2025-03-21 13:30:00,2.24711,2.24753,2.24703,2.24722,297
2025-03-21 13:35:00,2.24721,2.2474600000000002,2.24707,2.24719,309
2025-03-21 13:40:00,2.24723,2.24725,2.24675,2.24675,244
2025-03-21 13:45:00,2.24674,2.24682,2.24638,2.24652,314
2025-03-21 13:50:00,2.24664,2.24664,2.24619,2.24649,285
2025-03-21 13:55:00,2.2465,2.24693,2.24649,2.24683,386
2025-03-21 14:00:00,2.24687,2.24699,2.24627,2.24632,423
2025-03-21 14:05:00,2.24637,2.24671,2.24608,2.24624,397
2025-03-21 14:10:00,2.24627,2.24651,2.24564,2.24594,369
2025-03-21 14:15:00,2.24596,2.24612,2.24582,2.24599,250
2025-03-21 14:20:00,2.24598,2.24666,2.24591,2.2466,358
2025-03-21 14:25:00,2.24661,2.24667,2.2458299999999998,2.24608,334
2025-03-21 14:30:00,2.24605,2.24666,2.24589,2.24634,392
2025-03-21 14:35:00,2.24636,2.24697,2.24626,2.24671,371
2025-03-21 14:40:00,2.24669,2.24718,2.24658,2.24686,427
2025-03-21 14:45:00,2.24684,2.24698,2.24631,2.24652,477
2025-03-21 14:50:00,2.2465,2.24676,2.24608,2.24619,420
2025-03-21 14:55:00,2.24621,2.24743,2.24613,2.24717,427
2025-03-21 15:00:00,2.24716,2.24732,2.24659,2.24677,526
2025-03-21 15:05:00,2.24676,2.24686,2.24633,2.24652,515
2025-03-21 15:10:00,2.24652,2.24683,2.24643,2.2467,489
2025-03-21 15:15:00,2.24671,2.24732,2.24664,2.24725,461
2025-03-21 15:20:00,2.24724,2.2482,2.24679,2.2482,438
2025-03-21 15:25:00,2.2482,2.2492900000000002,2.24809,2.24872,428
2025-03-21 15:30:00,2.24867,2.24914,2.24841,2.24895,535
2025-03-21 15:35:00,2.24891,2.24953,2.2488799999999998,2.24909,499
2025-03-21 15:40:00,2.24905,2.24935,2.24857,2.24895,469
2025-03-21 15:45:00,2.24894,2.24973,2.24878,2.24934,460
2025-03-21 15:50:00,2.24933,2.2504,2.24924,2.25021,448
2025-03-21 15:55:00,2.25011,2.25068,2.24989,2.25048,514
2025-03-21 16:00:00,2.2505,2.25092,2.24984,2.25,500
2025-03-21 16:05:00,2.25001,2.25034,2.24964,2.25029,394
2025-03-21 16:10:00,2.2503,2.25052,2.24914,2.2492,498
2025-03-21 16:15:00,2.24922,2.25007,2.24914,2.2499000000000002,483
2025-03-21 16:20:00,2.24989,2.25004,2.2489,2.24918,375
2025-03-21 16:25:00,2.24917,2.24954,2.24882,2.24952,322
2025-03-21 16:30:00,2.24953,2.25006,2.24939,2.24943,422
2025-03-21 16:35:00,2.2494,2.25005,2.2492,2.24987,390
2025-03-21 16:40:00,2.24986,2.25059,2.24956,2.25034,412
2025-03-21 16:45:00,2.25036,2.25085,2.24994,2.25081,401
2025-03-21 16:50:00,2.25083,2.25083,2.25011,2.25059,367
2025-03-21 16:55:00,2.2506,2.25115,2.25041,2.25047,339
2025-03-21 17:00:00,2.25049,2.25102,2.25034,2.2506,389
2025-03-21 17:05:00,2.25057,2.25162,2.25048,2.25162,361
2025-03-21 17:10:00,2.25162,2.25217,2.25106,2.25217,317
2025-03-21 17:15:00,2.25214,2.25265,2.25208,2.25253,327
2025-03-21 17:20:00,2.25255,2.25289,2.2522,2.25268,338
2025-03-21 17:25:00,2.25266,2.2531,2.2524,2.25283,332
2025-03-21 17:30:00,2.25281,2.25346,2.25274,2.2531499999999998,342
2025-03-21 17:35:00,2.25316,2.25341,2.25251,2.25291,310
2025-03-21 17:40:00,2.2529500000000002,2.25482,2.25294,2.2544399999999998,462
2025-03-21 17:45:00,2.25446,2.25455,2.25347,2.25347,379
2025-03-21 17:50:00,2.25353,2.25389,2.2523,2.25266,654
2025-03-21 17:55:00,2.25267,2.25277,2.25007,2.25014,743
2025-03-21 18:00:00,2.25027,2.25088,2.24963,2.25005,732
2025-03-21 18:05:00,2.25008,2.25172,2.24997,2.25145,492
2025-03-21 18:10:00,2.25145,2.25188,2.25072,2.2509,488
2025-03-21 18:15:00,2.25086,2.25165,2.25086,2.2511200000000002,438
2025-03-21 18:20:00,2.2511,2.25189,2.25095,2.25096,421
2025-03-21 18:25:00,2.25097,2.25168,2.25097,2.25154,442
2025-03-21 18:30:00,2.25152,2.2522,2.25144,2.25192,416
2025-03-21 18:35:00,2.25194,2.25205,2.25166,2.25177,374
2025-03-21 18:40:00,2.25178,2.25233,2.2517,2.25199,301
2025-03-21 18:45:00,2.252,2.25288,2.252,2.25287,271
2025-03-21 18:50:00,2.25289,2.25298,2.25251,2.25283,231
2025-03-21 18:55:00,2.25281,2.25284,2.25171,2.25229,324
2025-03-21 19:00:00,2.2522,2.2522,2.25178,2.25207,286
2025-03-21 19:05:00,2.25208,2.25216,2.2517,2.2517300000000002,252
2025-03-21 19:10:00,2.25179,2.2524,2.25167,2.25187,244
2025-03-21 19:15:00,2.25188,2.25194,2.25118,2.25143,265
2025-03-21 19:20:00,2.25145,2.25214,2.25134,2.25203,214
2025-03-21 19:25:00,2.25201,2.25238,2.2518599999999998,2.25232,206
2025-03-21 19:30:00,2.2524,2.25256,2.25196,2.25208,269
2025-03-21 19:35:00,2.25207,2.25219,2.25169,2.25185,281
2025-03-21 19:40:00,2.25183,2.25269,2.25183,2.25259,276
2025-03-21 19:45:00,2.25253,2.25291,2.25229,2.25238,302
2025-03-21 19:50:00,2.25237,2.25263,2.25229,2.25236,227
2025-03-21 19:55:00,2.25232,2.25271,2.25222,2.25258,285
2025-03-21 20:00:00,2.25257,2.25277,2.25207,2.25209,233
2025-03-21 20:05:00,2.25211,2.2523,2.25189,2.25195,266
2025-03-21 20:10:00,2.25195,2.2525399999999998,2.25188,2.25248,210
2025-03-21 20:15:00,2.25246,2.253,2.25223,2.25249,236
2025-03-21 20:20:00,2.2525,2.25283,2.25224,2.2523,241
2025-03-21 20:25:00,2.2523,2.25283,2.25229,2.25267,237
2025-03-21 20:30:00,2.25274,2.25277,2.25247,2.2526,224
2025-03-21 20:35:00,2.25264,2.25299,2.25261,2.25294,160
2025-03-21 20:40:00,2.25292,2.25303,2.25277,2.25288,203
2025-03-21 20:45:00,2.25288,2.2534,2.25281,2.25314,246
2025-03-21 20:50:00,2.2531499999999998,2.25369,2.25301,2.25365,180
2025-03-21 20:55:00,2.25364,2.25405,2.25345,2.2538,227
2025-03-21 21:00:00,2.25381,2.2541,2.25358,2.2541,194
2025-03-21 21:05:00,2.25411,2.25411,2.25354,2.25354,109
2025-03-21 21:10:00,2.25355,2.25377,2.25343,2.25373,165
2025-03-21 21:15:00,2.25369,2.25371,2.25333,2.2535,177
2025-03-21 21:20:00,2.25352,2.25353,2.25307,2.25351,185
2025-03-21 21:25:00,2.2535,2.25393,2.25328,2.2539,170
2025-03-21 21:30:00,2.25395,2.25412,2.2537599999999998,2.25388,165
2025-03-21 21:35:00,2.25389,2.25398,2.25352,2.25353,84
2025-03-21 21:40:00,2.25355,2.25358,2.25328,2.25349,143
2025-03-21 21:45:00,2.25353,2.25361,2.2531,2.25313,163
2025-03-21 21:50:00,2.25317,2.25322,2.25293,2.25308,138
2025-03-21 21:55:00,2.25309,2.25319,2.25219,2.25245,235
2025-03-21 22:00:00,2.25185,2.25237,2.25176,2.25232,182
2025-03-21 22:05:00,2.25231,2.25323,2.25227,2.25263,99
2025-03-21 22:10:00,2.25269,2.25283,2.25242,2.25279,114
2025-03-21 22:15:00,2.25281,2.25285,2.25243,2.2525399999999998,156
2025-03-21 22:20:00,2.25251,2.25328,2.25222,2.25233,74
2025-03-21 22:25:00,2.2523400000000002,2.25287,2.25205,2.25222,87
2025-03-21 22:30:00,2.25222,2.25244,2.252,2.25218,175
2025-03-21 22:35:00,2.25217,2.25266,2.25204,2.25211,134
2025-03-21 22:40:00,2.25212,2.25216,2.2515,2.25165,152
2025-03-21 22:45:00,2.25163,2.25263,2.25152,2.25224,164
2025-03-21 22:50:00,2.25238,2.25257,2.25204,2.25236,477
2025-03-21 22:55:00,2.2517,2.25189,2.24797,2.25041,524
2025-03-24 00:00:00,2.24914,2.2504,2.2488,2.24997,294
2025-03-24 00:05:00,2.24997,2.25028,2.2494899999999998,2.24956,189
2025-03-24 00:10:00,2.24952,2.24969,2.24884,2.24939,246
2025-03-24 00:15:00,2.2489,2.2495,2.24843,2.24853,258
2025-03-24 00:20:00,2.24859,2.24884,2.24837,2.24851,209
2025-03-24 00:25:00,2.24857,2.24899,2.24839,2.2485,175
2025-03-24 00:30:00,2.24849,2.24926,2.24845,2.24902,268
2025-03-24 00:35:00,2.24901,2.24914,2.24857,2.24875,194
2025-03-24 00:40:00,2.24872,2.24975,2.24867,2.24944,239
2025-03-24 00:45:00,2.24946,2.24957,2.24905,2.24915,171
2025-03-24 00:50:00,2.24914,2.24922,2.2486,2.24917,187
2025-03-24 00:55:00,2.24919,2.24963,2.2491,2.2495,212
2025-03-24 01:00:00,2.24999,2.25039,2.24983,2.25006,273
2025-03-24 01:05:00,2.2500299999999998,2.25005,2.24958,2.2500299999999998,290
2025-03-24 01:10:00,2.25005,2.25083,2.24996,2.25021,278
2025-03-24 01:15:00,2.25022,2.25029,2.24964,2.25018,279
2025-03-24 01:20:00,2.2502,2.2505100000000002,2.25008,2.25037,201
2025-03-24 01:25:00,2.25039,2.25075,2.25039,2.25067,182
2025-03-24 01:30:00,2.25065,2.25093,2.25045,2.2507,193
2025-03-24 01:35:00,2.25068,2.2512,2.25059,2.25111,163
2025-03-24 01:40:00,2.2511,2.25116,2.25035,2.25045,138
2025-03-24 01:45:00,2.25033,2.25045,2.24919,2.24934,264
2025-03-24 01:50:00,2.24932,2.24977,2.24928,2.24945,300
2025-03-24 01:55:00,2.24946,2.24974,2.24937,2.24964,268
2025-03-24 02:00:00,2.24965,2.25014,2.24925,2.24925,366
2025-03-24 02:05:00,2.24926,2.24965,2.24921,2.24935,271
2025-03-24 02:10:00,2.24935,2.24935,2.24883,2.24896,274
2025-03-24 02:15:00,2.24895,2.24916,2.24855,2.24905,306
2025-03-24 02:20:00,2.24904,2.24954,2.2489,2.24944,218
2025-03-24 02:25:00,2.24945,2.24977,2.24897,2.24922,212
2025-03-24 02:30:00,2.24923,2.25029,2.24899,2.25006,302
2025-03-24 02:35:00,2.25002,2.2505100000000002,2.24969,2.25002,228
2025-03-24 02:40:00,2.25001,2.25015,2.24975,2.25011,185
2025-03-24 02:45:00,2.25012,2.25049,2.25006,2.2504,188
2025-03-24 02:50:00,2.25037,2.25072,2.25002,2.25067,334
2025-03-24 02:55:00,2.25084,2.25085,2.25014,2.25023,390
2025-03-24 03:00:00,2.25026,2.25098,2.25026,2.2508,366
2025-03-24 03:05:00,2.25079,2.25097,2.25037,2.25072,352
2025-03-24 03:10:00,2.25076,2.25117,2.25053,2.25086,335
2025-03-24 03:15:00,2.25083,2.25183,2.25078,2.25167,458
2025-03-24 03:20:00,2.25168,2.25211,2.25149,2.25175,425
2025-03-24 03:25:00,2.25177,2.25228,2.25162,2.25211,354
2025-03-24 03:30:00,2.25207,2.25235,2.25172,2.25184,481
2025-03-24 03:35:00,2.25184,2.25265,2.25166,2.25243,349
2025-03-24 03:40:00,2.25245,2.25311,2.25196,2.25308,437
2025-03-24 03:45:00,2.25309,2.25334,2.25294,2.25331,401
2025-03-24 03:50:00,2.25331,2.25408,2.25282,2.25378,419
2025-03-24 03:55:00,2.2537599999999998,2.25423,2.25361,2.25416,421
2025-03-24 04:00:00,2.2541700000000002,2.25463,2.25408,2.25409,395
2025-03-24 04:05:00,2.25407,2.25477,2.25405,2.2544,373
2025-03-24 04:10:00,2.25439,2.25537,2.25428,2.25535,367
2025-03-24 04:15:00,2.25536,2.25541,2.25493,2.25537,408
2025-03-24 04:20:00,2.2554,2.2554,2.25489,2.25504,322
2025-03-24 04:25:00,2.25502,2.2553900000000002,2.2549,2.25513,339
2025-03-24 04:30:00,2.25514,2.25549,2.25504,2.25545,337
2025-03-24 04:35:00,2.25542,2.25597,2.2553900000000002,2.25578,256
2025-03-24 04:40:00,2.2558,2.25593,2.25571,2.25588,268
2025-03-24 04:45:00,2.25588,2.2562699999999998,2.25587,2.25619,334
2025-03-24 04:50:00,2.25619,2.25626,2.25587,2.2561999999999998,269
2025-03-24 04:55:00,2.25621,2.25642,2.25606,2.25611,309
2025-03-24 05:00:00,2.25612,2.25616,2.2557,2.2558,355
2025-03-24 05:05:00,2.25581,2.25596,2.25522,2.25523,272
2025-03-24 05:10:00,2.25524,2.25542,2.25516,2.25541,287
2025-03-24 05:15:00,2.25543,2.25562,2.25525,2.25554,348
2025-03-24 05:20:00,2.25552,2.25576,2.25536,2.2556599999999998,305
2025-03-24 05:25:00,2.25565,2.25625,2.25548,2.25612,294
2025-03-24 05:30:00,2.2561,2.25682,2.25595,2.25678,374
2025-03-24 05:35:00,2.25682,2.25709,2.25651,2.25706,299
2025-03-24 05:40:00,2.25705,2.25751,2.25702,2.25713,303
2025-03-24 05:45:00,2.25713,2.25779,2.25686,2.25779,268
2025-03-24 05:50:00,2.25769,2.25785,2.25723,2.25735,268
2025-03-24 05:55:00,2.25734,2.2574,2.25648,2.25665,389
2025-03-24 06:00:00,2.25665,2.2577,2.25645,2.2572,378
2025-03-24 06:05:00,2.25724,2.25748,2.25703,2.2572,242
2025-03-24 06:10:00,2.25721,2.25747,2.25693,2.2573,295
2025-03-24 06:15:00,2.2572900000000002,2.25735,2.25693,2.25709,254
2025-03-24 06:20:00,2.25711,2.25724,2.25697,2.25715,194
2025-03-24 06:25:00,2.2572,2.25788,2.25711,2.25787,324
2025-03-24 06:30:00,2.25788,2.25796,2.25737,2.25738,221
2025-03-24 06:35:00,2.25735,2.25738,2.25675,2.25692,240
2025-03-24 06:40:00,2.2569,2.25696,2.25663,2.25671,204
2025-03-24 06:45:00,2.25672,2.25686,2.25634,2.2565,177
2025-03-24 06:50:00,2.25645,2.25687,2.25639,2.25678,158
2025-03-24 06:55:00,2.25677,2.25717,2.25673,2.25682,238
2025-03-24 07:00:00,2.25683,2.2576,2.25672,2.25738,370
2025-03-24 07:05:00,2.25739,2.25745,2.25715,2.25741,263
2025-03-24 07:10:00,2.2574199999999998,2.25747,2.25702,2.25711,340
2025-03-24 07:15:00,2.25715,2.25767,2.25714,2.25761,421
2025-03-24 07:20:00,2.25756,2.25787,2.25745,2.25769,263
2025-03-24 07:25:00,2.2577,2.2579000000000002,2.2574199999999998,2.25782,279
2025-03-24 07:30:00,2.25791,2.2580299999999998,2.25767,2.258,251
2025-03-24 07:35:00,2.25802,2.25834,2.25787,2.25826,290
2025-03-24 07:40:00,2.25831,2.25888,2.25824,2.25888,263
2025-03-24 07:45:00,2.25886,2.2589,2.25816,2.25817,264
2025-03-24 07:50:00,2.2582,2.25824,2.25789,2.25807,260
2025-03-24 07:55:00,2.25808,2.25904,2.25801,2.25896,403
2025-03-24 08:00:00,2.25894,2.25897,2.25773,2.25799,417
2025-03-24 08:05:00,2.25796,2.25869,2.25776,2.25858,291
2025-03-24 08:10:00,2.2586,2.25881,2.25839,2.2587099999999998,355
2025-03-24 08:15:00,2.25868,2.25898,2.25802,2.25815,381
2025-03-24 08:20:00,2.25816,2.25852,2.25798,2.2582,422
2025-03-24 08:25:00,2.25819,2.25879,2.25793,2.25865,327
2025-03-24 08:30:00,2.25865,2.25885,2.25816,2.2586,332
2025-03-24 08:35:00,2.25861,2.25898,2.25826,2.25873,320
2025-03-24 08:40:00,2.25874,2.25959,2.25874,2.25886,353
2025-03-24 08:45:00,2.25884,2.25952,2.25881,2.2593199999999998,317
2025-03-24 08:50:00,2.2593,2.25944,2.25894,2.25911,320
2025-03-24 08:55:00,2.25916,2.25935,2.25872,2.25873,364
2025-03-24 09:00:00,2.25872,2.2589,2.25786,2.25786,455
2025-03-24 09:05:00,2.25788,2.25816,2.25762,2.25778,341
2025-03-24 09:10:00,2.25774,2.25817,2.25759,2.25791,422
2025-03-24 09:15:00,2.2579000000000002,2.25805,2.25728,2.25736,406
2025-03-24 09:20:00,2.25736,2.25795,2.25712,2.25746,458
2025-03-24 09:25:00,2.25744,2.25793,2.25718,2.25791,416
2025-03-24 09:30:00,2.2579000000000002,2.25889,2.2579000000000002,2.25848,407
2025-03-24 09:35:00,2.2585100000000002,2.25897,2.25784,2.25784,373
2025-03-24 09:40:00,2.25781,2.25852,2.25781,2.25802,389
2025-03-24 09:45:00,2.25807,2.25817,2.25773,2.25816,401
2025-03-24 09:50:00,2.25812,2.25819,2.25762,2.25786,384
2025-03-24 09:55:00,2.25786,2.25829,2.25738,2.25811,433
2025-03-24 10:00:00,2.25807,2.25832,2.2575,2.25755,486
2025-03-24 10:05:00,2.25751,2.2578300000000002,2.25715,2.25748,489
2025-03-24 10:10:00,2.25748,2.25757,2.25632,2.25659,417
2025-03-24 10:15:00,2.25653,2.2573,2.25653,2.2567,478
2025-03-24 10:20:00,2.25666,2.25727,2.2566100000000002,2.25717,445
2025-03-24 10:25:00,2.25717,2.25758,2.25677,2.25693,395
2025-03-24 10:30:00,2.2569,2.25702,2.25623,2.25702,605
2025-03-24 10:35:00,2.25705,2.25815,2.25698,2.25776,448
2025-03-24 10:40:00,2.25779,2.25817,2.25752,2.25765,513
2025-03-24 10:45:00,2.25768,2.25859,2.25756,2.2583,429
2025-03-24 10:50:00,2.25829,2.25874,2.2580999999999998,2.25852,360
2025-03-24 10:55:00,2.25854,2.25914,2.25842,2.25907,379
2025-03-24 11:00:00,2.25904,2.25904,2.25797,2.25797,402
2025-03-24 11:05:00,2.25802,2.2580299999999998,2.2574,2.25773,415
2025-03-24 11:10:00,2.25773,2.2578,2.25635,2.25647,372
2025-03-24 11:15:00,2.25645,2.25666,2.25592,2.25592,495
2025-03-24 11:20:00,2.25592,2.25672,2.25583,2.2564,351
2025-03-24 11:25:00,2.25642,2.25704,2.25629,2.25649,332
2025-03-24 11:30:00,2.25759,2.25775,2.25621,2.25675,492
2025-03-24 11:35:00,2.25673,2.25807,2.25659,2.25724,448
2025-03-24 11:40:00,2.25726,2.25726,2.25674,2.25687,375
2025-03-24 11:45:00,2.25686,2.25747,2.25676,2.25718,347
2025-03-24 11:50:00,2.25712,2.25762,2.25684,2.25695,357
2025-03-24 11:55:00,2.25693,2.25744,2.2568,2.25706,370
2025-03-24 12:00:00,2.25707,2.25744,2.25679,2.25705,401
2025-03-24 12:05:00,2.25713,2.25737,2.25667,2.25677,364
2025-03-24 12:10:00,2.2568,2.25703,2.2563,2.25659,273
2025-03-24 12:15:00,2.25659,2.25709,2.25629,2.25683,318
2025-03-24 12:20:00,2.25687,2.25687,2.25621,2.25663,320
2025-03-24 12:25:00,2.25663,2.25702,2.25622,2.2565,369
2025-03-24 12:30:00,2.25652,2.25699,2.25588,2.25698,371
2025-03-24 12:35:00,2.25697,2.25718,2.2564,2.2568099999999998,406
2025-03-24 12:40:00,2.2568,2.25714,2.25657,2.25696,366
2025-03-24 12:45:00,2.25696,2.25766,2.2568799999999998,2.25756,319
2025-03-24 12:50:00,2.25754,2.25794,2.25737,2.25773,322
2025-03-24 12:55:00,2.25775,2.25779,2.25726,2.25758,378
2025-03-24 13:00:00,2.25758,2.2577,2.257,2.2574199999999998,387
2025-03-24 13:05:00,2.2574199999999998,2.25759,2.25696,2.25727,341
2025-03-24 13:10:00,2.25731,2.25744,2.25701,2.25708,402
2025-03-24 13:15:00,2.25708,2.25719,2.25647,2.25696,313
2025-03-24 13:20:00,2.25692,2.2577,2.25669,2.25738,354
2025-03-24 13:25:00,2.25738,2.25763,2.25692,2.25726,337
2025-03-24 13:30:00,2.2572200000000002,2.25777,2.25666,2.25753,322
2025-03-24 13:35:00,2.25739,2.25748,2.25628,2.2563,356
2025-03-24 13:40:00,2.2563,2.25667,2.25587,2.25592,377
2025-03-24 13:45:00,2.25592,2.25687,2.25583,2.25678,319
2025-03-24 13:50:00,2.2568,2.25766,2.25659,2.2572900000000002,310
2025-03-24 13:55:00,2.25731,2.25768,2.2565,2.25728,434
2025-03-24 14:00:00,2.25726,2.25785,2.25726,2.25765,463
2025-03-24 14:05:00,2.25764,2.25859,2.25719,2.25846,476
2025-03-24 14:10:00,2.25846,2.25944,2.25837,2.25876,383
2025-03-24 14:15:00,2.25876,2.26013,2.25861,2.2598599999999998,495
2025-03-24 14:20:00,2.25987,2.2599299999999998,2.25955,2.25969,529
2025-03-24 14:25:00,2.25967,2.26005,2.25948,2.25963,318
2025-03-24 14:30:00,2.25963,2.26082,2.2595,2.2605399999999998,444
2025-03-24 14:35:00,2.26057,2.26089,2.26025,2.26062,438
2025-03-24 14:40:00,2.26066,2.26097,2.26045,2.26057,502
2025-03-24 14:45:00,2.26057,2.26135,2.26057,2.26126,439
2025-03-24 14:50:00,2.26126,2.26131,2.26026,2.26045,467
2025-03-24 14:55:00,2.26045,2.26074,2.25989,2.26014,482
2025-03-24 15:00:00,2.26018,2.26086,2.26017,2.26061,450
2025-03-24 15:05:00,2.26057,2.26073,2.2598,2.25983,482
2025-03-24 15:10:00,2.25983,2.25989,2.2586,2.25862,410
2025-03-24 15:15:00,2.25849,2.2587099999999998,2.25769,2.25822,486
2025-03-24 15:20:00,2.25818,2.25857,2.25802,2.25828,402
2025-03-24 15:25:00,2.25833,2.25843,2.2575,2.25768,417
2025-03-24 15:30:00,2.25768,2.25815,2.25731,2.25781,534
2025-03-24 15:35:00,2.25781,2.25928,2.2578,2.25875,485
2025-03-24 15:40:00,2.25875,2.2588,2.25753,2.25825,464
2025-03-24 15:45:00,2.25794,2.25858,2.25741,2.25809,817
2025-03-24 15:50:00,2.25809,2.25875,2.25763,2.25835,817
2025-03-24 15:55:00,2.25833,2.2584,2.25716,2.25837,790
2025-03-24 16:00:00,2.25834,2.25978,2.25778,2.25976,690
2025-03-24 16:05:00,2.25976,2.2604699999999998,2.25961,2.26001,696
2025-03-24 16:10:00,2.26001,2.26073,2.25954,2.26003,659
2025-03-24 16:15:00,2.26005,2.26043,2.25952,2.25952,572
2025-03-24 16:20:00,2.25953,2.2596600000000002,2.25801,2.25821,614
2025-03-24 16:25:00,2.25821,2.25836,2.25608,2.257,662
2025-03-24 16:30:00,2.25698,2.25782,2.2562699999999998,2.25732,725
2025-03-24 16:35:00,2.25732,2.25827,2.25695,2.25695,640
2025-03-24 16:40:00,2.25695,2.2574,2.25665,2.25708,597
2025-03-24 16:45:00,2.25708,2.25816,2.25675,2.2574199999999998,679
2025-03-24 16:50:00,2.2574199999999998,2.25759,2.25673,2.25692,600
2025-03-24 16:55:00,2.25692,2.25776,2.25667,2.25764,652
2025-03-24 17:00:00,2.2576,2.2578300000000002,2.25707,2.25775,584
2025-03-24 17:05:00,2.25771,2.25812,2.25713,2.25748,608
2025-03-24 17:10:00,2.2574899999999998,2.25769,2.25689,2.2572,561
2025-03-24 17:15:00,2.25724,2.25769,2.25692,2.25764,495
2025-03-24 17:20:00,2.25764,2.25797,2.25676,2.25711,490
2025-03-24 17:25:00,2.25715,2.25741,2.25669,2.25687,485
2025-03-24 17:30:00,2.25691,2.25723,2.25619,2.25716,509
2025-03-24 17:35:00,2.25716,2.25781,2.25709,2.25766,435
2025-03-24 17:40:00,2.25768,2.25769,2.25655,2.25662,450
2025-03-24 17:45:00,2.25662,2.2574,2.25649,2.25726,478
2025-03-24 17:50:00,2.25726,2.25778,2.25694,2.25723,570
2025-03-24 17:55:00,2.25723,2.25799,2.2569,2.25723,753
2025-03-24 18:00:00,2.25721,2.25847,2.25691,2.25839,545
2025-03-24 18:05:00,2.25836,2.25838,2.25758,2.25809,358
2025-03-24 18:10:00,2.2580999999999998,2.25909,2.25784,2.25823,389
2025-03-24 18:15:00,2.25827,2.25848,2.25743,2.2584400000000002,442
2025-03-24 18:20:00,2.2584400000000002,2.25876,2.2577,2.25799,426
2025-03-24 18:25:00,2.25791,2.25818,2.2573,2.258,678
2025-03-24 18:30:00,2.25799,2.25831,2.25738,2.25775,577
2025-03-24 18:35:00,2.25775,2.2579000000000002,2.2571,2.25732,418
2025-03-24 18:40:00,2.25726,2.25823,2.25699,2.25797,611
2025-03-24 18:45:00,2.25801,2.25815,2.25744,2.25794,467
2025-03-24 18:50:00,2.25796,2.25801,2.25727,2.2578,413
2025-03-24 18:55:00,2.25778,2.25875,2.25754,2.25818,453
2025-03-24 19:00:00,2.25818,2.25849,2.25786,2.25845,411
2025-03-24 19:05:00,2.25847,2.25862,2.25805,2.25854,327
2025-03-24 19:10:00,2.25856,2.25856,2.2580299999999998,2.25825,318
2025-03-24 19:15:00,2.25829,2.25866,2.25808,2.25853,334
2025-03-24 19:20:00,2.25853,2.2586,2.25802,2.25817,349
2025-03-24 19:25:00,2.25817,2.25835,2.25788,2.25835,280
2025-03-24 19:30:00,2.25835,2.25916,2.25815,2.25908,300
2025-03-24 19:35:00,2.2591,2.25981,2.25907,2.25933,315
2025-03-24 19:40:00,2.25933,2.25978,2.25899,2.25906,319
2025-03-24 19:45:00,2.25908,2.2592,2.25746,2.25843,314
2025-03-24 19:50:00,2.25845,2.25917,2.25845,2.25917,211
2025-03-24 19:55:00,2.25917,2.25952,2.25898,2.25928,305
2025-03-24 20:00:00,2.25928,2.25963,2.25877,2.25956,368
2025-03-24 20:05:00,2.25956,2.25959,2.25883,2.25902,307
2025-03-24 20:10:00,2.25904,2.25938,2.25886,2.25917,301
2025-03-24 20:15:00,2.25918,2.25931,2.25893,2.25921,233
2025-03-24 20:20:00,2.25921,2.25929,2.25898,2.25917,332
2025-03-24 20:25:00,2.25921,2.25951,2.259,2.25937,269
2025-03-24 20:30:00,2.25937,2.25977,2.2593,2.2594,276
2025-03-24 20:35:00,2.25944,2.25991,2.25889,2.25917,253
2025-03-24 20:40:00,2.25913,2.25969,2.2574,2.2575,724
2025-03-24 20:45:00,2.25752,2.25785,2.25684,2.2574199999999998,622
2025-03-24 20:50:00,2.25744,2.25818,2.25727,2.25765,439
2025-03-24 20:55:00,2.25761,2.25809,2.25723,2.25789,439
2025-03-24 21:00:00,2.25791,2.2580999999999998,2.25702,2.25706,280
2025-03-24 21:05:00,2.25702,2.25713,2.25651,2.25679,293
2025-03-24 21:10:00,2.25679,2.25701,2.25651,2.25682,296
2025-03-24 21:15:00,2.25682,2.25686,2.2564,2.25662,234
2025-03-24 21:20:00,2.25666,2.25691,2.25653,2.25685,244
2025-03-24 21:25:00,2.25685,2.25721,2.25663,2.25715,251
2025-03-24 21:30:00,2.25711,2.25715,2.25675,2.25682,261
2025-03-24 21:35:00,2.25684,2.25705,2.25633,2.25659,262
2025-03-24 21:40:00,2.25653,2.25687,2.25628,2.25679,239
2025-03-24 21:45:00,2.2568099999999998,2.25712,2.25647,2.25701,244
2025-03-24 21:50:00,2.25701,2.25703,2.2566100000000002,2.25674,335
2025-03-24 21:55:00,2.25674,2.2569,2.25633,2.25647,373
2025-03-24 22:00:00,2.25649,2.25679,2.25631,2.25675,202
2025-03-24 22:05:00,2.25675,2.25676,2.25613,2.25613,166
2025-03-24 22:10:00,2.25615,2.25639,2.25579,2.25604,245
2025-03-24 22:15:00,2.25604,2.25621,2.25563,2.25575,264
2025-03-24 22:20:00,2.25579,2.25608,2.25557,2.25575,147
2025-03-24 22:25:00,2.25575,2.25599,2.25551,2.25585,188
2025-03-24 22:30:00,2.25584,2.25622,2.25567,2.25602,220
2025-03-24 22:35:00,2.25606,2.25609,2.25556,2.2558,240
2025-03-24 22:40:00,2.2558,2.2558,2.25281,2.2529500000000002,246
2025-03-24 22:45:00,2.25303,2.25322,2.25271,2.25275,182
2025-03-24 22:50:00,2.25275,2.25305,2.25262,2.25289,125
2025-03-24 22:55:00,2.25291,2.25568,2.25268,2.2556,297
2025-03-24 23:00:00,2.2543699999999998,2.25701,2.25391,2.25403,12
2025-03-24 23:05:00,2.2548,2.25491,2.2506,2.2506,53
2025-03-24 23:10:00,2.2506,2.25454,2.25012,2.25352,114
2025-03-24 23:15:00,2.25352,2.2535600000000002,2.25312,2.25334,83
2025-03-24 23:20:00,2.25334,2.25436,2.25332,2.2536,80
2025-03-24 23:25:00,2.2536,2.25479,2.2536,2.25385,85
2025-03-24 23:30:00,2.25396,2.25512,2.25395,2.2550499999999998,78
2025-03-24 23:35:00,2.25509,2.25511,2.25477,2.25501,86
2025-03-24 23:40:00,2.25348,2.25397,2.25338,2.25377,77
2025-03-24 23:45:00,2.25379,2.25391,2.25338,2.25351,74
2025-03-24 23:50:00,2.25351,2.25418,2.25351,2.25399,124
2025-03-24 23:55:00,2.25398,2.25431,2.25374,2.25423,98
2025-03-25 00:00:00,2.2554600000000002,2.25594,2.25518,2.25572,198
2025-03-25 00:05:00,2.25576,2.25625,2.25574,2.25622,124
2025-03-25 00:10:00,2.25623,2.25632,2.25586,2.25603,145
2025-03-25 00:15:00,2.25606,2.25634,2.25569,2.25578,208
2025-03-25 00:20:00,2.25576,2.25581,2.25521,2.25532,169
2025-03-25 00:25:00,2.25532,2.25603,2.25527,2.25599,181
2025-03-25 00:30:00,2.25602,2.25618,2.25583,2.25608,125
2025-03-25 00:35:00,2.25612,2.25614,2.25582,2.25606,126
2025-03-25 00:40:00,2.2561,2.2562699999999998,2.25583,2.2561,124
2025-03-25 00:45:00,2.2561,2.25622,2.25573,2.25586,114
2025-03-25 00:50:00,2.25586,2.25596,2.25554,2.25591,86
2025-03-25 00:55:00,2.25595,2.25684,2.25595,2.25656,158
2025-03-25 01:00:00,2.25659,2.25665,2.25585,2.25621,210
2025-03-25 01:05:00,2.25622,2.25629,2.2560000000000002,2.25626,128
2025-03-25 01:10:00,2.25626,2.25633,2.25587,2.25625,140
2025-03-25 01:15:00,2.25625,2.25648,2.2560700000000002,2.25636,119
2025-03-25 01:20:00,2.25636,2.25648,2.25605,2.25633,86
2025-03-25 01:25:00,2.25629,2.2563,2.25597,2.25621,163
2025-03-25 01:30:00,2.25619,2.25646,2.25609,2.25623,150
2025-03-25 01:35:00,2.25623,2.25642,2.25605,2.25622,112
2025-03-25 01:40:00,2.25624,2.25656,2.25606,2.25655,179
2025-03-25 01:45:00,2.25647,2.25664,2.25621,2.25656,162
2025-03-25 01:50:00,2.25656,2.25664,2.25634,2.25663,127
2025-03-25 01:55:00,2.25657,2.25671,2.25596,2.25626,167
2025-03-25 02:00:00,2.25624,2.25642,2.25595,2.25623,288
2025-03-25 02:05:00,2.25623,2.25685,2.2559,2.25645,299
2025-03-25 02:10:00,2.25645,2.25687,2.25637,2.25678,184
2025-03-25 02:15:00,2.25685,2.25766,2.25669,2.25732,336
2025-03-25 02:20:00,2.25733,2.25769,2.25683,2.25735,238
2025-03-25 02:25:00,2.25735,2.25786,2.25735,2.25786,231
2025-03-25 02:30:00,2.25781,2.2578300000000002,2.25737,2.25764,225
2025-03-25 02:35:00,2.25764,2.25797,2.25741,2.25755,209
2025-03-25 02:40:00,2.25755,2.25755,2.25711,2.25734,234
2025-03-25 02:45:00,2.25738,2.25809,2.25719,2.25794,250
2025-03-25 02:50:00,2.25798,2.25798,2.25676,2.25679,344
2025-03-25 02:55:00,2.25683,2.25748,2.25683,2.2572,338
2025-03-25 03:00:00,2.2572,2.25739,2.2568799999999998,2.25708,379
2025-03-25 03:05:00,2.25708,2.25753,2.25675,2.25751,306
2025-03-25 03:10:00,2.25747,2.25751,2.25549,2.25613,411
2025-03-25 03:15:00,2.25613,2.25641,2.25573,2.25587,377
2025-03-25 03:20:00,2.25583,2.25625,2.25548,2.25565,342
2025-03-25 03:25:00,2.25565,2.25623,2.25555,2.25623,235
2025-03-25 03:30:00,2.25623,2.25649,2.25555,2.25576,366
2025-03-25 03:35:00,2.25576,2.25628,2.2555,2.25565,404
2025-03-25 03:40:00,2.25565,2.25615,2.2555899999999998,2.25613,386
2025-03-25 03:45:00,2.25613,2.25656,2.25586,2.25636,286
2025-03-25 03:50:00,2.25636,2.2567,2.2561999999999998,2.25628,268
2025-03-25 03:55:00,2.25628,2.25695,2.25623,2.25657,322
2025-03-25 04:00:00,2.25659,2.25686,2.25616,2.25659,392
2025-03-25 04:05:00,2.2566100000000002,2.2568099999999998,2.2563,2.25654,305
2025-03-25 04:10:00,2.25654,2.25662,2.25609,2.25622,290
2025-03-25 04:15:00,2.25622,2.25653,2.2560700000000002,2.2564,192
2025-03-25 04:20:00,2.25644,2.2566,2.25586,2.25608,307
2025-03-25 04:25:00,2.25612,2.2566100000000002,2.25606,2.25622,285
2025-03-25 04:30:00,2.25622,2.25649,2.25605,2.2561,253
2025-03-25 04:35:00,2.25606,2.25629,2.2559,2.25624,331
2025-03-25 04:40:00,2.25624,2.25643,2.25598,2.25633,231
2025-03-25 04:45:00,2.25631,2.25696,2.25631,2.25676,295
2025-03-25 04:50:00,2.2568,2.25691,2.25651,2.25671,312
2025-03-25 04:55:00,2.25672,2.25696,2.25636,2.25652,374
2025-03-25 05:00:00,2.25652,2.25665,2.2562699999999998,2.25644,233
2025-03-25 05:05:00,2.25644,2.2567,2.25608,2.25665,289
2025-03-25 05:10:00,2.25665,2.25682,2.2563,2.25679,271
2025-03-25 05:15:00,2.25679,2.25715,2.25655,2.25703,250
2025-03-25 05:20:00,2.25707,2.25747,2.25682,2.25747,292
2025-03-25 05:25:00,2.25747,2.25765,2.25714,2.25752,225
2025-03-25 05:30:00,2.2574899999999998,2.25787,2.25713,2.2573,236
2025-03-25 05:35:00,2.25734,2.25739,2.25695,2.25728,225
2025-03-25 05:40:00,2.25728,2.2574899999999998,2.25704,2.25741,221
2025-03-25 05:45:00,2.25741,2.25741,2.25697,2.25721,207
2025-03-25 05:50:00,2.25725,2.25737,2.2568799999999998,2.2572900000000002,285
2025-03-25 05:55:00,2.2573,2.25824,2.25701,2.25814,389
2025-03-25 06:00:00,2.25808,2.25885,2.25758,2.25759,424
2025-03-25 06:05:00,2.2576,2.25804,2.25757,2.25794,320
2025-03-25 06:10:00,2.25794,2.25819,2.25771,2.25786,219
2025-03-25 06:15:00,2.25786,2.25834,2.25782,2.25831,209
2025-03-25 06:20:00,2.25831,2.25835,2.25794,2.2580999999999998,212
2025-03-25 06:25:00,2.25807,2.25848,2.25787,2.25828,177
2025-03-25 06:30:00,2.25828,2.25849,2.25799,2.25823,205
2025-03-25 06:35:00,2.25823,2.25845,2.25804,2.25825,170
2025-03-25 06:40:00,2.25823,2.25854,2.25788,2.25847,235
2025-03-25 06:45:00,2.25847,2.25861,2.25827,2.25849,195
2025-03-25 06:50:00,2.25849,2.25849,2.25802,2.25808,242
2025-03-25 06:55:00,2.25813,2.25822,2.25767,2.25801,210
2025-03-25 07:00:00,2.25793,2.25798,2.2574199999999998,2.25755,302
2025-03-25 07:05:00,2.25759,2.25768,2.25706,2.25718,222
2025-03-25 07:10:00,2.25718,2.25718,2.25667,2.25692,231
2025-03-25 07:15:00,2.25692,2.25706,2.2567,2.2568099999999998,194
2025-03-25 07:20:00,2.2568099999999998,2.25692,2.25657,2.25679,249
2025-03-25 07:25:00,2.2568099999999998,2.25683,2.25629,2.2564,250
2025-03-25 07:30:00,2.25642,2.25645,2.25588,2.25616,267
2025-03-25 07:35:00,2.25616,2.2561999999999998,2.25571,2.25595,223
2025-03-25 07:40:00,2.25598,2.25625,2.25584,2.25592,207
2025-03-25 07:45:00,2.25596,2.25603,2.25556,2.25595,160
2025-03-25 07:50:00,2.25595,2.2562699999999998,2.25582,2.25596,172
2025-03-25 07:55:00,2.25596,2.25673,2.25574,2.25651,232
2025-03-25 08:00:00,2.2565,2.25684,2.25615,2.25619,192
2025-03-25 08:05:00,2.25619,2.25645,2.25583,2.25642,201
2025-03-25 08:10:00,2.25638,2.25682,2.2563,2.25669,257
2025-03-25 08:15:00,2.25669,2.25689,2.25634,2.25648,253
2025-03-25 08:20:00,2.25648,2.25659,2.25623,2.25635,189
2025-03-25 08:25:00,2.25637,2.2566100000000002,2.25621,2.2566,195
2025-03-25 08:30:00,2.25669,2.25691,2.25639,2.25682,190
2025-03-25 08:35:00,2.25682,2.25687,2.25647,2.25654,218
2025-03-25 08:40:00,2.25654,2.25678,2.25644,2.25665,220
2025-03-25 08:45:00,2.25666,2.25682,2.25628,2.25641,286
2025-03-25 08:50:00,2.25643,2.25654,2.25617,2.25634,228
2025-03-25 08:55:00,2.25636,2.2565,2.2560700000000002,2.2565,215
2025-03-25 09:00:00,2.25641,2.25697,2.25638,2.25679,390
2025-03-25 09:05:00,2.25679,2.25711,2.2566,2.2568799999999998,296
2025-03-25 09:10:00,2.2568799999999998,2.2574899999999998,2.25682,2.25737,348
2025-03-25 09:15:00,2.25735,2.25761,2.25717,2.25731,280
2025-03-25 09:20:00,2.2572900000000002,2.25738,2.25671,2.25728,421
2025-03-25 09:25:00,2.2573,2.25784,2.25712,2.25778,353
2025-03-25 09:30:00,2.25782,2.2585,2.25752,2.25752,388
2025-03-25 09:35:00,2.25752,2.25778,2.2571,2.25771,306
2025-03-25 09:40:00,2.25771,2.25846,2.25763,2.25839,335
2025-03-25 09:45:00,2.25839,2.25863,2.25809,2.2582,307
2025-03-25 09:50:00,2.2582,2.25823,2.25663,2.25673,402
2025-03-25 09:55:00,2.25664,2.25713,2.25603,2.2566100000000002,410
2025-03-25 10:00:00,2.25666,2.2584,2.2565,2.2583,592
2025-03-25 10:05:00,2.2583,2.25892,2.2579000000000002,2.25859,615
2025-03-25 10:10:00,2.25859,2.25883,2.25834,2.25872,520
2025-03-25 10:15:00,2.2587099999999998,2.2592499999999998,2.25825,2.25917,481
2025-03-25 10:20:00,2.25917,2.25927,2.2586,2.2588,453
2025-03-25 10:25:00,2.2588,2.25887,2.25835,2.25861,396
2025-03-25 10:30:00,2.25862,2.25876,2.25764,2.25815,510
2025-03-25 10:35:00,2.25809,2.25817,2.25745,2.25751,463
2025-03-25 10:40:00,2.25751,2.25808,2.2574,2.25775,466
2025-03-25 10:45:00,2.25775,2.25855,2.25763,2.25843,439
2025-03-25 10:50:00,2.25843,2.25859,2.25798,2.25859,425
2025-03-25 10:55:00,2.25859,2.25917,2.25853,2.25892,382
2025-03-25 11:00:00,2.25891,2.25941,2.25888,2.25915,500
2025-03-25 11:05:00,2.25917,2.25945,2.25896,2.25911,484
2025-03-25 11:10:00,2.25917,2.25957,2.25906,2.25909,405
2025-03-25 11:15:00,2.25906,2.25917,2.25852,2.25872,389
2025-03-25 11:20:00,2.25874,2.2591200000000002,2.25794,2.258,402
2025-03-25 11:25:00,2.25794,2.25801,2.25739,2.25777,370
2025-03-25 11:30:00,2.25777,2.25807,2.25757,2.25757,334
2025-03-25 11:35:00,2.25757,2.25775,2.2572900000000002,2.25764,377
2025-03-25 11:40:00,2.25766,2.25766,2.25733,2.25755,336
2025-03-25 11:45:00,2.25756,2.2578300000000002,2.2564,2.25656,421
2025-03-25 11:50:00,2.25656,2.2571,2.25638,2.25701,404
2025-03-25 11:55:00,2.25701,2.25842,2.25701,2.2583,455
2025-03-25 12:00:00,2.25831,2.25879,2.25757,2.25762,485
2025-03-25 12:05:00,2.25761,2.25788,2.25678,2.25678,407
2025-03-25 12:10:00,2.25676,2.25705,2.25638,2.25656,558
2025-03-25 12:15:00,2.25655,2.25659,2.25602,2.2565,377
2025-03-25 12:20:00,2.2565,2.25713,2.25641,2.25695,437
2025-03-25 12:25:00,2.25697,2.25754,2.25582,2.25621,559
2025-03-25 12:30:00,2.25621,2.25666,2.25596,2.25651,457
2025-03-25 12:35:00,2.2565,2.25683,2.2561999999999998,2.25631,417
2025-03-25 12:40:00,2.25631,2.25679,2.25629,2.25648,305
2025-03-25 12:45:00,2.25648,2.25656,2.25538,2.25544,433
2025-03-25 12:50:00,2.25548,2.25574,2.25515,2.25518,367
2025-03-25 12:55:00,2.25518,2.25522,2.25426,2.25458,401
2025-03-25 13:00:00,2.25457,2.25473,2.254,2.25407,424
2025-03-25 13:05:00,2.25407,2.25439,2.25383,2.25414,414
2025-03-25 13:10:00,2.25416,2.2543,2.25318,2.25326,518
2025-03-25 13:15:00,2.25326,2.25401,2.25321,2.25389,374
2025-03-25 13:20:00,2.25385,2.254,2.25338,2.2539,407
2025-03-25 13:25:00,2.2539,2.2542,2.25372,2.2537599999999998,358
2025-03-25 13:30:00,2.25374,2.25392,2.25355,2.25367,340
2025-03-25 13:35:00,2.25369,2.25407,2.25353,2.25367,299
2025-03-25 13:40:00,2.25371,2.25383,2.2531,2.25326,295
2025-03-25 13:45:00,2.25326,2.25355,2.2531499999999998,2.25323,258
2025-03-25 13:50:00,2.25325,2.25354,2.25287,2.25331,297
2025-03-25 13:55:00,2.25335,2.25351,2.2527,2.2528,430
2025-03-25 14:00:00,2.2528,2.25351,2.25246,2.25306,415
2025-03-25 14:05:00,2.25308,2.25373,2.2529,2.25364,309
2025-03-25 14:10:00,2.25364,2.25391,2.25333,2.25338,357
2025-03-25 14:15:00,2.25338,2.25379,2.25325,2.25335,279
2025-03-25 14:20:00,2.25324,2.25375,2.25308,2.2533,378
2025-03-25 14:25:00,2.25332,2.25332,2.25287,2.25321,340
2025-03-25 14:30:00,2.25323,2.25333,2.2525399999999998,2.25266,366
2025-03-25 14:35:00,2.25271,2.25337,2.25231,2.25321,326
2025-03-25 14:40:00,2.25319,2.25357,2.2529,2.25339,372
2025-03-25 14:45:00,2.2534,2.25404,2.25329,2.25372,364
2025-03-25 14:50:00,2.25377,2.25397,2.25306,2.25313,397
2025-03-25 14:55:00,2.25314,2.2539,2.25266,2.2539,367
2025-03-25 15:00:00,2.25385,2.254,2.25317,2.25375,482
2025-03-25 15:05:00,2.25371,2.2537599999999998,2.25322,2.25349,432
2025-03-25 15:10:00,2.25347,2.25374,2.25319,2.25329,412
2025-03-25 15:15:00,2.25325,2.25335,2.25282,2.25287,407
2025-03-25 15:20:00,2.25282,2.25332,2.25261,2.25301,366
2025-03-25 15:25:00,2.25299,2.25366,2.25299,2.25335,467
2025-03-25 15:30:00,2.25336,2.2544,2.25324,2.25434,583
2025-03-25 15:35:00,2.25436,2.25457,2.25357,2.25385,604
2025-03-25 15:40:00,2.25389,2.25426,2.25361,2.25385,524
2025-03-25 15:45:00,2.25381,2.25413,2.25336,2.25337,497
2025-03-25 15:50:00,2.25337,2.25401,2.25331,2.2536,503
2025-03-25 15:55:00,2.25362,2.25443,2.25327,2.25327,478
2025-03-25 16:00:00,2.25304,2.25455,2.25284,2.25455,706
2025-03-25 16:05:00,2.25451,2.25523,2.25418,2.25512,714
2025-03-25 16:10:00,2.25512,2.25578,2.2551,2.25554,620
2025-03-25 16:15:00,2.25553,2.25613,2.25552,2.25564,550
2025-03-25 16:20:00,2.25564,2.25572,2.25468,2.25494,555
2025-03-25 16:25:00,2.25496,2.25538,2.25457,2.25511,586
2025-03-25 16:30:00,2.2551,2.25598,2.25502,2.25588,466
2025-03-25 16:35:00,2.2559,2.25624,2.25486,2.25486,516
2025-03-25 16:40:00,2.25486,2.25496,2.25441,2.25445,469
2025-03-25 16:45:00,2.25443,2.25494,2.25435,2.25452,502
2025-03-25 16:50:00,2.25452,2.25552,2.25443,2.25511,496
2025-03-25 16:55:00,2.25511,2.25575,2.25508,2.2556,467
2025-03-25 17:00:00,2.25562,2.25606,2.25558,2.25577,536
2025-03-25 17:05:00,2.25577,2.25609,2.25558,2.25587,418
2025-03-25 17:10:00,2.25587,2.25608,2.25504,2.25506,378
2025-03-25 17:15:00,2.25508,2.25589,2.25507,2.25589,503
2025-03-25 17:20:00,2.2559,2.25655,2.2558,2.25582,449
2025-03-25 17:25:00,2.25579,2.25617,2.25558,2.2560700000000002,447
2025-03-25 17:30:00,2.25597,2.25603,2.25547,2.25572,413
2025-03-25 17:35:00,2.2557,2.25576,2.25541,2.25562,382
2025-03-25 17:40:00,2.25558,2.25653,2.25556,2.25616,432
2025-03-25 17:45:00,2.25616,2.25685,2.25606,2.25679,485
2025-03-25 17:50:00,2.25675,2.2572200000000002,2.25632,2.25714,553
2025-03-25 17:55:00,2.25714,2.25714,2.25635,2.25687,696
2025-03-25 18:00:00,2.25689,2.25698,2.25641,2.25657,589
2025-03-25 18:05:00,2.25657,2.25731,2.25649,2.2566100000000002,475
2025-03-25 18:10:00,2.25658,2.25744,2.25655,2.25737,392
2025-03-25 18:15:00,2.25739,2.25745,2.25674,2.25707,391
2025-03-25 18:20:00,2.25709,2.2574,2.2566800000000002,2.25726,364
2025-03-25 18:25:00,2.25728,2.25746,2.25687,2.25721,449
2025-03-25 18:30:00,2.25714,2.25772,2.25698,2.25741,330
2025-03-25 18:35:00,2.25741,2.25757,2.2568099999999998,2.25701,376
2025-03-25 18:40:00,2.25699,2.25703,2.25672,2.25694,329
2025-03-25 18:45:00,2.25696,2.2576,2.25689,2.2573,338
2025-03-25 18:50:00,2.25737,2.2577,2.25716,2.25768,331
2025-03-25 18:55:00,2.25763,2.25802,2.25723,2.25785,394
2025-03-25 19:00:00,2.25777,2.25795,2.25736,2.25782,433
2025-03-25 19:05:00,2.25786,2.25795,2.25728,2.25738,388
2025-03-25 19:10:00,2.25736,2.25807,2.25719,2.25792,380
2025-03-25 19:15:00,2.25795,2.25859,2.25751,2.25841,297
2025-03-25 19:20:00,2.25841,2.25874,2.25825,2.2585,271
2025-03-25 19:25:00,2.2585,2.25917,2.25842,2.2591200000000002,283
2025-03-25 19:30:00,2.25917,2.25924,2.25854,2.25856,245
2025-03-25 19:35:00,2.25857,2.25887,2.25839,2.25875,322
2025-03-25 19:40:00,2.25875,2.25883,2.25838,2.25876,326
2025-03-25 19:45:00,2.25878,2.25897,2.25846,2.25861,265
2025-03-25 19:50:00,2.25859,2.25868,2.25796,2.25806,345
2025-03-25 19:55:00,2.25806,2.25833,2.25776,2.2580299999999998,317
2025-03-25 20:00:00,2.25805,2.25825,2.25778,2.25812,270
2025-03-25 20:05:00,2.25812,2.2582,2.25772,2.25776,209
2025-03-25 20:10:00,2.25776,2.25798,2.2574199999999998,2.25753,277
2025-03-25 20:15:00,2.25753,2.25818,2.25736,2.2580999999999998,240
2025-03-25 20:20:00,2.25814,2.25843,2.25802,2.2580299999999998,222
2025-03-25 20:25:00,2.2580299999999998,2.25833,2.2578,2.25786,284
2025-03-25 20:30:00,2.25767,2.25837,2.25745,2.25835,332
2025-03-25 20:35:00,2.25836,2.25837,2.25769,2.25793,285
2025-03-25 20:40:00,2.25794,2.25818,2.25765,2.25814,261
2025-03-25 20:45:00,2.25823,2.25849,2.25805,2.25827,242
2025-03-25 20:50:00,2.25827,2.25846,2.25772,2.25779,374
2025-03-25 20:55:00,2.2578300000000002,2.2584,2.25739,2.25806,398
2025-03-25 21:00:00,2.25808,2.25852,2.25802,2.25813,306
2025-03-25 21:05:00,2.25817,2.25858,2.25791,2.25822,215
2025-03-25 21:10:00,2.25826,2.25854,2.25802,2.25837,291
2025-03-25 21:15:00,2.2584,2.25856,2.25794,2.25836,331
2025-03-25 21:20:00,2.25836,2.25894,2.25827,2.25832,270
2025-03-25 21:25:00,2.25832,2.25877,2.2583,2.25837,332
2025-03-25 21:30:00,2.25841,2.25861,2.25774,2.25795,375
2025-03-25 21:35:00,2.2579000000000002,2.25794,2.25733,2.25751,342
2025-03-25 21:40:00,2.25753,2.25772,2.2572900000000002,2.25765,273
2025-03-25 21:45:00,2.25765,2.25785,2.25743,2.25768,282
2025-03-25 21:50:00,2.25775,2.25792,2.2573,2.2574,402
2025-03-25 21:55:00,2.2574199999999998,2.25797,2.25724,2.25766,410
2025-03-25 22:00:00,2.2577,2.25782,2.2572900000000002,2.25775,240
2025-03-25 22:05:00,2.25779,2.25811,2.25761,2.25769,185
2025-03-25 22:10:00,2.25766,2.25819,2.25764,2.2580999999999998,240
2025-03-25 22:15:00,2.2580999999999998,2.25831,2.25788,2.25814,158
2025-03-25 22:20:00,2.25818,2.25838,2.25799,2.25819,101
2025-03-25 22:25:00,2.25819,2.25822,2.25785,2.25815,123
2025-03-25 22:30:00,2.25815,2.25834,2.2578,2.25791,178
2025-03-25 22:35:00,2.25795,2.25821,2.25787,2.25808,120
2025-03-25 22:40:00,2.25808,2.25808,2.25524,2.2555899999999998,97
2025-03-25 22:45:00,2.2556,2.25562,2.25511,2.25511,129
2025-03-25 22:50:00,2.25514,2.25537,2.25503,2.25513,160
2025-03-25 22:55:00,2.25519,2.25734,2.25481,2.25718,213
2025-03-25 23:00:00,2.25628,2.25673,2.25455,2.25551,25
2025-03-25 23:05:00,2.25561,2.25597,2.25413,2.2543,45
2025-03-25 23:10:00,2.2543,2.25468,2.2543,2.25468,55
2025-03-25 23:15:00,2.25452,2.2550499999999998,2.25427,2.25491,57
2025-03-25 23:20:00,2.25491,2.25621,2.25464,2.2555899999999998,111
2025-03-25 23:25:00,2.25558,2.25562,2.25455,2.25472,98
2025-03-25 23:30:00,2.25466,2.25678,2.25464,2.2560700000000002,84
2025-03-25 23:35:00,2.25611,2.25637,2.25598,2.25625,69
2025-03-25 23:40:00,2.25631,2.25638,2.25506,2.25527,89
2025-03-25 23:45:00,2.25531,2.25576,2.25438,2.25445,110
2025-03-25 23:50:00,2.25442,2.25533,2.25441,2.25529,95
2025-03-25 23:55:00,2.25529,2.25596,2.25521,2.25548,134
2025-03-26 00:00:00,2.25716,2.25787,2.25693,2.25717,247
2025-03-26 00:05:00,2.25717,2.25767,2.25706,2.25761,196
2025-03-26 00:10:00,2.25752,2.25763,2.25735,2.25761,142
2025-03-26 00:15:00,2.25762,2.25789,2.25738,2.25782,197
2025-03-26 00:20:00,2.25784,2.258,2.25745,2.25766,168
2025-03-26 00:25:00,2.25768,2.25802,2.25753,2.25788,163
2025-03-26 00:30:00,2.25791,2.25829,2.25766,2.25821,172
2025-03-26 00:35:00,2.25821,2.25826,2.25775,2.2580999999999998,144
2025-03-26 00:40:00,2.2580999999999998,2.2580999999999998,2.25741,2.25755,171
2025-03-26 00:45:00,2.25755,2.25767,2.25733,2.25743,152
2025-03-26 00:50:00,2.25743,2.2578,2.25717,2.25778,189
2025-03-26 00:55:00,2.25782,2.25797,2.25755,2.25775,194
2025-03-26 01:00:00,2.25771,2.2578300000000002,2.25748,2.25753,163
2025-03-26 01:05:00,2.25753,2.25799,2.25747,2.25779,160
2025-03-26 01:10:00,2.25776,2.25804,2.25758,2.25773,118
2025-03-26 01:15:00,2.25775,2.25827,2.25769,2.25814,132
2025-03-26 01:20:00,2.25814,2.25823,2.25766,2.25778,128
2025-03-26 01:25:00,2.25766,2.25805,2.25766,2.2578300000000002,109
2025-03-26 01:30:00,2.2579000000000002,2.258,2.25762,2.25786,154
2025-03-26 01:35:00,2.25786,2.258,2.25765,2.25773,105
2025-03-26 01:40:00,2.25773,2.25781,2.25733,2.25765,138
2025-03-26 01:45:00,2.25761,2.25774,2.25732,2.25761,150
2025-03-26 01:50:00,2.25761,2.2580299999999998,2.2574,2.25796,154
2025-03-26 01:55:00,2.25794,2.25804,2.25756,2.25756,152
2025-03-26 02:00:00,2.25754,2.25817,2.2574199999999998,2.258,295
2025-03-26 02:05:00,2.25802,2.25816,2.25762,2.25794,234
2025-03-26 02:10:00,2.25794,2.25794,2.25726,2.2573,321
2025-03-26 02:15:00,2.2573,2.25734,2.25686,2.25725,194
2025-03-26 02:20:00,2.25725,2.25733,2.2566800000000002,2.25718,216
2025-03-26 02:25:00,2.25714,2.25759,2.25698,2.25698,261
2025-03-26 02:30:00,2.25702,2.25787,2.25673,2.25736,403
2025-03-26 02:35:00,2.25733,2.25852,2.25719,2.25848,315
2025-03-26 02:40:00,2.25852,2.25878,2.25818,2.25854,337
2025-03-26 02:45:00,2.25842,2.25877,2.25815,2.25859,297
2025-03-26 02:50:00,2.25867,2.26001,2.25863,2.25979,405
2025-03-26 02:55:00,2.25981,2.26024,2.25939,2.25983,419
2025-03-26 03:00:00,2.25981,2.25997,2.2593199999999998,2.25969,346
2025-03-26 03:05:00,2.25971,2.26183,2.25938,2.26009,594
2025-03-26 03:10:00,2.26012,2.26017,2.25961,2.25987,348
2025-03-26 03:15:00,2.25987,2.25987,2.25838,2.2591200000000002,568
2025-03-26 03:20:00,2.25908,2.2596600000000002,2.2583,2.25861,524
2025-03-26 03:25:00,2.2586399999999998,2.2586399999999998,2.25769,2.25798,366
2025-03-26 03:30:00,2.25798,2.25838,2.25717,2.2576,411
2025-03-26 03:35:00,2.2576,2.25805,2.25719,2.25796,441
2025-03-26 03:40:00,2.25794,2.258,2.2564,2.25669,360
2025-03-26 03:45:00,2.25673,2.25714,2.25618,2.25696,377
2025-03-26 03:50:00,2.25702,2.25735,2.25608,2.25616,393
2025-03-26 03:55:00,2.25609,2.25647,2.2555,2.25615,317
2025-03-26 04:00:00,2.25619,2.25663,2.25596,2.25657,264
2025-03-26 04:05:00,2.25657,2.25662,2.25574,2.25641,389
2025-03-26 04:10:00,2.25643,2.25697,2.2564,2.25674,289
2025-03-26 04:15:00,2.25674,2.25683,2.25618,2.25652,283
2025-03-26 04:20:00,2.25652,2.25658,2.25572,2.25592,280
2025-03-26 04:25:00,2.25596,2.25601,2.25493,2.25525,235
2025-03-26 04:30:00,2.25523,2.25553,2.25489,2.25512,262
2025-03-26 04:35:00,2.25508,2.25568,2.25481,2.25489,248
2025-03-26 04:40:00,2.25489,2.25512,2.25399,2.25415,340
2025-03-26 04:45:00,2.25415,2.25418,2.25335,2.25369,270
2025-03-26 04:50:00,2.25369,2.25383,2.25255,2.25288,239
2025-03-26 04:55:00,2.25284,2.25318,2.25198,2.25216,286
2025-03-26 05:00:00,2.25214,2.2525,2.25146,2.25174,338
2025-03-26 05:05:00,2.25174,2.25231,2.25137,2.25175,318
2025-03-26 05:10:00,2.25177,2.25222,2.25159,2.25182,284
2025-03-26 05:15:00,2.2518599999999998,2.25189,2.2511,2.25177,287
2025-03-26 05:20:00,2.25183,2.25183,2.25092,2.25142,336
2025-03-26 05:25:00,2.25144,2.2518000000000002,2.25113,2.25165,282
2025-03-26 05:30:00,2.25165,2.25199,2.25128,2.25187,356
2025-03-26 05:35:00,2.25187,2.25188,2.25029,2.2505,303
2025-03-26 05:40:00,2.2505,2.25066,2.24977,2.25001,262
2025-03-26 05:45:00,2.25001,2.25081,2.24975,2.25055,316
2025-03-26 05:50:00,2.25055,2.2505800000000002,2.24988,2.25047,301
2025-03-26 05:55:00,2.25048,2.2511900000000002,2.25033,2.25081,340
2025-03-26 06:00:00,2.25081,2.25098,2.25022,2.25049,250
2025-03-26 06:05:00,2.25047,2.25067,2.2502,2.25054,292
2025-03-26 06:10:00,2.25048,2.25129,2.25033,2.2511,291
2025-03-26 06:15:00,2.2511,2.2512499999999998,2.25046,2.2506399999999998,267
2025-03-26 06:20:00,2.25066,2.25086,2.25034,2.25067,219
2025-03-26 06:25:00,2.25067,2.25093,2.24997,2.25006,277
2025-03-26 06:30:00,2.2500999999999998,2.2507099999999998,2.2492900000000002,2.25021,283
2025-03-26 06:35:00,2.25029,2.25057,2.25009,2.25009,191
2025-03-26 06:40:00,2.25009,2.25057,2.25001,2.25048,271
2025-03-26 06:45:00,2.2505,2.25088,2.25023,2.2505800000000002,330
2025-03-26 06:50:00,2.25061,2.25069,2.25022,2.25032,212
2025-03-26 06:55:00,2.25036,2.25059,2.25019,2.25044,216
2025-03-26 07:00:00,2.25044,2.25102,2.25026,2.25028,258
2025-03-26 07:05:00,2.25028,2.25055,2.2499000000000002,2.25013,293
2025-03-26 07:10:00,2.24998,2.25105,2.2499000000000002,2.25035,286
2025-03-26 07:15:00,2.25033,2.25037,2.24954,2.25013,236
2025-03-26 07:20:00,2.25009,2.25022,2.24955,2.25001,240
2025-03-26 07:25:00,2.24999,2.25059,2.24981,2.25009,187
2025-03-26 07:30:00,2.25012,2.25032,2.24968,2.24974,347
2025-03-26 07:35:00,2.24972,2.24974,2.24856,2.24882,285
2025-03-26 07:40:00,2.24882,2.24938,2.24882,2.24904,277
2025-03-26 07:45:00,2.24904,2.24941,2.24869,2.2492900000000002,263
2025-03-26 07:50:00,2.2492900000000002,2.24943,2.24896,2.24935,211
2025-03-26 07:55:00,2.24935,2.24939,2.24843,2.24891,312
2025-03-26 08:00:00,2.24889,2.24889,2.24767,2.24806,337
2025-03-26 08:05:00,2.24806,2.24863,2.24802,2.24863,241
2025-03-26 08:10:00,2.24862,2.24864,2.24799,2.24832,298
2025-03-26 08:15:00,2.2484,2.24843,2.24802,2.24802,264
2025-03-26 08:20:00,2.24803,2.24826,2.24777,2.24804,289
2025-03-26 08:25:00,2.24806,2.24819,2.24776,2.24797,255
2025-03-26 08:30:00,2.24793,2.24835,2.24778,2.24815,215
2025-03-26 08:35:00,2.24819,2.24832,2.24775,2.2478,231
2025-03-26 08:40:00,2.24789,2.24853,2.24779,2.24838,220
2025-03-26 08:45:00,2.24832,2.24848,2.24734,2.24803,238
2025-03-26 08:50:00,2.24794,2.24907,2.24787,2.24901,304
2025-03-26 08:55:00,2.24899,2.24973,2.24855,2.24935,265
2025-03-26 09:00:00,2.2487,2.24873,2.24512,2.24693,722
2025-03-26 09:05:00,2.24693,2.24695,2.24631,2.2464399999999998,535
2025-03-26 09:10:00,2.24641,2.24687,2.24622,2.24653,449
2025-03-26 09:15:00,2.24652,2.24718,2.24623,2.24661,452
2025-03-26 09:20:00,2.24658,2.24664,2.24533,2.24572,522
2025-03-26 09:25:00,2.24572,2.24601,2.2452,2.246,345
2025-03-26 09:30:00,2.246,2.24605,2.24313,2.24329,595
2025-03-26 09:35:00,2.24329,2.24382,2.2427,2.24302,468
2025-03-26 09:40:00,2.24309,2.24333,2.24266,2.24295,426
2025-03-26 09:45:00,2.24289,2.24363,2.24283,2.24328,395
2025-03-26 09:50:00,2.24327,2.24345,2.24305,2.24318,383
2025-03-26 09:55:00,2.2432,2.24377,2.243,2.2437,529
2025-03-26 10:00:00,2.2437,2.2439999999999998,2.24276,2.24295,629
2025-03-26 10:05:00,2.24293,2.24375,2.24254,2.24346,527
2025-03-26 10:10:00,2.2435,2.24393,2.24293,2.24372,606
2025-03-26 10:15:00,2.24372,2.24372,2.24215,2.24229,548
2025-03-26 10:20:00,2.24229,2.2427799999999998,2.24133,2.2414,505
2025-03-26 10:25:00,2.2414,2.2417,2.24109,2.24158,434
2025-03-26 10:30:00,2.24153,2.24159,2.24059,2.24059,376
2025-03-26 10:35:00,2.24061,2.24078,2.23964,2.24051,483
2025-03-26 10:40:00,2.24051,2.24063,2.23997,2.24014,434
2025-03-26 10:45:00,2.2401,2.24075,2.23957,2.24069,478
2025-03-26 10:50:00,2.24076,2.24127,2.24067,2.24106,552
2025-03-26 10:55:00,2.2411,2.24247,2.24093,2.24242,537
2025-03-26 11:00:00,2.2424,2.24261,2.24175,2.24175,555
2025-03-26 11:05:00,2.24177,2.24208,2.2414,2.24189,440
2025-03-26 11:10:00,2.24189,2.24197,2.24138,2.24164,400
2025-03-26 11:15:00,2.24164,2.24167,2.2401,2.24013,379
2025-03-26 11:20:00,2.24013,2.24033,2.23961,2.2397299999999998,399
2025-03-26 11:25:00,2.23971,2.23991,2.23948,2.23948,355
2025-03-26 11:30:00,2.23948,2.24004,2.23929,2.2399,399
2025-03-26 11:35:00,2.2399,2.24033,2.23958,2.23994,514
2025-03-26 11:40:00,2.23992,2.2404,2.2398,2.23999,447
2025-03-26 11:45:00,2.24001,2.24064,2.23988,2.24062,338
2025-03-26 11:50:00,2.24066,2.24116,2.24043,2.24069,330
2025-03-26 11:55:00,2.2407,2.24202,2.24066,2.24199,373
2025-03-26 12:00:00,2.242,2.24226,2.24124,2.24135,421
2025-03-26 12:05:00,2.24131,2.24144,2.24043,2.24045,395
2025-03-26 12:10:00,2.24047,2.24113,2.24008,2.24036,375
2025-03-26 12:15:00,2.24033,2.24074,2.24013,2.2406,315
2025-03-26 12:20:00,2.24056,2.24078,2.24001,2.24027,285
2025-03-26 12:25:00,2.24027,2.24066,2.24012,2.24022,290
2025-03-26 12:30:00,2.24022,2.24039,2.23949,2.24001,321
2025-03-26 12:35:00,2.24001,2.24061,2.23978,2.24016,373
2025-03-26 12:40:00,2.24014,2.2406,2.23994,2.24025,351
2025-03-26 12:45:00,2.24025,2.24025,2.23985,2.23993,321
2025-03-26 12:50:00,2.23997,2.24026,2.2397299999999998,2.2402,303
2025-03-26 12:55:00,2.24027,2.24071,2.24008,2.24049,312
2025-03-26 13:00:00,2.24053,2.2408,2.24016,2.24039,306
2025-03-26 13:05:00,2.24039,2.2406,2.24012,2.24028,299
2025-03-26 13:10:00,2.24027,2.24089,2.24018,2.24057,406
2025-03-26 13:15:00,2.24057,2.24072,2.23996,2.24016,379
2025-03-26 13:20:00,2.24013,2.24019,2.23968,2.23987,367
2025-03-26 13:25:00,2.23986,2.2407,2.23961,2.24057,363
2025-03-26 13:30:00,2.24057,2.24116,2.24029,2.24029,364
2025-03-26 13:35:00,2.24032,2.24127,2.24026,2.2409,350
2025-03-26 13:40:00,2.24088,2.24125,2.24051,2.2406,366
2025-03-26 13:45:00,2.24067,2.24171,2.24047,2.24163,412
2025-03-26 13:50:00,2.24163,2.24199,2.24132,2.24186,398
2025-03-26 13:55:00,2.24183,2.24194,2.24077,2.24096,552
2025-03-26 14:00:00,2.241,2.24132,2.2405,2.24096,495
2025-03-26 14:05:00,2.24099,2.24227,2.24077,2.24213,553
2025-03-26 14:10:00,2.24213,2.24227,2.24091,2.24094,481
2025-03-26 14:15:00,2.24094,2.2421699999999998,2.24091,2.2421699999999998,474
2025-03-26 14:20:00,2.24219,2.24303,2.24198,2.24302,455
2025-03-26 14:25:00,2.24297,2.24331,2.24264,2.24276,438
2025-03-26 14:30:00,2.24264,2.24348,2.24245,2.24325,609
2025-03-26 14:35:00,2.24327,2.24341,2.24258,2.24281,550
2025-03-26 14:40:00,2.24281,2.24313,2.24146,2.24179,595
2025-03-26 14:45:00,2.2417,2.24197,2.24123,2.24151,501
2025-03-26 14:50:00,2.24151,2.24198,2.24031,2.24161,809
2025-03-26 14:55:00,2.2415,2.24198,2.24065,2.24173,705
2025-03-26 15:00:00,2.24176,2.24216,2.2404,2.24043,591
2025-03-26 15:05:00,2.24047,2.24191,2.2403,2.24157,726
2025-03-26 15:10:00,2.2416,2.24324,2.2416,2.24236,668
2025-03-26 15:15:00,2.24232,2.24291,2.24137,2.24199,594
2025-03-26 15:20:00,2.24199,2.24215,2.2406800000000002,2.24134,602
2025-03-26 15:25:00,2.24137,2.24147,2.24011,2.24047,596
2025-03-26 15:30:00,2.24049,2.24205,2.24014,2.24175,629
2025-03-26 15:35:00,2.24179,2.24207,2.2414,2.24189,671
2025-03-26 15:40:00,2.24193,2.24294,2.24169,2.24287,593
2025-03-26 15:45:00,2.24288,2.24342,2.24269,2.24323,605
2025-03-26 15:50:00,2.24322,2.24375,2.2428,2.2433,643
2025-03-26 15:55:00,2.24329,2.24331,2.24248,2.24307,621
2025-03-26 16:00:00,2.24311,2.24404,2.24274,2.24389,573
2025-03-26 16:05:00,2.24389,2.24418,2.24329,2.24393,726
2025-03-26 16:10:00,2.24397,2.2442,2.24346,2.24392,703
2025-03-26 16:15:00,2.24374,2.24421,2.24338,2.24353,791
2025-03-26 16:20:00,2.24353,2.24384,2.24311,2.24384,711
2025-03-26 16:25:00,2.24381,2.24436,2.24368,2.24425,509
2025-03-26 16:30:00,2.24424,2.24447,2.24391,2.24426,527
2025-03-26 16:35:00,2.24426,2.24444,2.24338,2.24398,506
2025-03-26 16:40:00,2.2439999999999998,2.24415,2.24317,2.24354,486
2025-03-26 16:45:00,2.24354,2.2439999999999998,2.24319,2.24366,466
2025-03-26 16:50:00,2.2437,2.24427,2.24354,2.24365,504
2025-03-26 16:55:00,2.24381,2.24391,2.24318,2.24367,531
2025-03-26 17:00:00,2.24367,2.24379,2.24309,2.24313,492
2025-03-26 17:05:00,2.24309,2.24362,2.24308,2.24324,471
2025-03-26 17:10:00,2.24314,2.24329,2.24235,2.24271,434
2025-03-26 17:15:00,2.24275,2.24328,2.24266,2.24328,380
2025-03-26 17:20:00,2.24329,2.24358,2.243,2.24325,428
2025-03-26 17:25:00,2.24324,2.24363,2.24317,2.24355,413
2025-03-26 17:30:00,2.24354,2.24365,2.24245,2.24346,441
2025-03-26 17:35:00,2.24346,2.24371,2.24303,2.24358,419
2025-03-26 17:40:00,2.24357,2.24385,2.2433,2.24377,479
2025-03-26 17:45:00,2.2437300000000002,2.24401,2.24331,2.24367,478
2025-03-26 17:50:00,2.24363,2.24414,2.24324,2.24361,546
2025-03-26 17:55:00,2.24363,2.24497,2.24313,2.24395,859
2025-03-26 18:00:00,2.24402,2.24512,2.24379,2.2449500000000002,690
2025-03-26 18:05:00,2.24496,2.24586,2.24483,2.24527,560
2025-03-26 18:10:00,2.2453,2.24568,2.24502,2.2456,463
2025-03-26 18:15:00,2.24564,2.24604,2.24545,2.24591,489
2025-03-26 18:20:00,2.24595,2.24617,2.24517,2.2453,414
2025-03-26 18:25:00,2.24532,2.2455,2.24488,2.24513,447
2025-03-26 18:30:00,2.24511,2.24582,2.24496,2.24574,359
2025-03-26 18:35:00,2.24578,2.24621,2.24555,2.24618,326
2025-03-26 18:40:00,2.24618,2.24665,2.246,2.2462,314
2025-03-26 18:45:00,2.24624,2.24637,2.24553,2.24562,340
2025-03-26 18:50:00,2.24562,2.24617,2.24546,2.24569,313
2025-03-26 18:55:00,2.24567,2.24636,2.24567,2.24624,349
2025-03-26 19:00:00,2.2462,2.24682,2.24603,2.2464,454
2025-03-26 19:05:00,2.24639,2.24684,2.24631,2.24655,360
2025-03-26 19:10:00,2.24655,2.24709,2.24655,2.24692,367
2025-03-26 19:15:00,2.24693,2.24864,2.24672,2.24846,801
2025-03-26 19:20:00,2.24846,2.24895,2.24783,2.24804,670
2025-03-26 19:25:00,2.248,2.24865,2.24754,2.24859,543
2025-03-26 19:30:00,2.24844,2.24914,2.24825,2.24889,550
2025-03-26 19:35:00,2.24887,2.24924,2.24847,2.24851,478
2025-03-26 19:40:00,2.24851,2.24882,2.24797,2.24832,678
2025-03-26 19:45:00,2.24841,2.24893,2.24813,2.24848,395
2025-03-26 19:50:00,2.24848,2.24878,2.24813,2.24856,415
2025-03-26 19:55:00,2.2486,2.24864,2.24802,2.2485,403
2025-03-26 20:00:00,2.24846,2.24892,2.24805,2.24865,424
2025-03-26 20:05:00,2.24865,2.24887,2.24838,2.24872,328
2025-03-26 20:10:00,2.24872,2.24874,2.24802,2.2482699999999998,434
2025-03-26 20:15:00,2.24824,2.24853,2.24791,2.24853,351
2025-03-26 20:20:00,2.24839,2.24895,2.24822,2.24853,340
2025-03-26 20:25:00,2.24852,2.24893,2.24837,2.24874,398
2025-03-26 20:30:00,2.24876,2.2492,2.24848,2.24915,350
2025-03-26 20:35:00,2.24915,2.24915,2.24872,2.24881,228
2025-03-26 20:40:00,2.24884,2.24899,2.24849,2.24895,360
2025-03-26 20:45:00,2.24899,2.24953,2.24869,2.24946,320
2025-03-26 20:50:00,2.24946,2.24976,2.24927,2.24963,305
2025-03-26 20:55:00,2.24961,2.25041,2.24947,2.2503,342
2025-03-26 21:00:00,2.25034,2.25065,2.25001,2.25054,250
2025-03-26 21:05:00,2.25054,2.25096,2.25032,2.25089,197
2025-03-26 21:10:00,2.25089,2.25129,2.25076,2.25096,278
2025-03-26 21:15:00,2.25096,2.25102,2.25033,2.25053,245
2025-03-26 21:20:00,2.25047,2.25099,2.25044,2.25097,226
2025-03-26 21:25:00,2.25097,2.25157,2.2507099999999998,2.25093,298
2025-03-26 21:30:00,2.25091,2.25094,2.25014,2.25028,370
2025-03-26 21:35:00,2.25028,2.25068,2.25014,2.25026,330
2025-03-26 21:40:00,2.2503,2.25069,2.25019,2.25065,291
2025-03-26 21:45:00,2.25061,2.25077,2.2504,2.25062,296
2025-03-26 21:50:00,2.2506399999999998,2.25069,2.25,2.25042,342
2025-03-26 21:55:00,2.25023,2.25055,2.25008,2.25053,297
2025-03-26 22:00:00,2.25053,2.25109,2.25029,2.25089,230
2025-03-26 22:05:00,2.25094,2.25137,2.2505800000000002,2.25078,102
2025-03-26 22:10:00,2.25078,2.25082,2.25021,2.2506,168
2025-03-26 22:15:00,2.25057,2.25076,2.25031,2.25044,213
2025-03-26 22:20:00,2.25046,2.2512,2.24997,2.25012,204
2025-03-26 22:25:00,2.25012,2.25049,2.24979,2.25049,236
2025-03-26 22:30:00,2.25049,2.25087,2.25014,2.25087,154
2025-03-26 22:35:00,2.25087,2.25114,2.25026,2.2505800000000002,149
2025-03-26 22:40:00,2.2505800000000002,2.2505800000000002,2.24733,2.2478,173
2025-03-26 22:45:00,2.2478,2.24788,2.24738,2.24743,151
2025-03-26 22:50:00,2.24744,2.24748,2.2468500000000002,2.247,204
2025-03-26 22:55:00,2.247,2.24928,2.24645,2.24895,322
2025-03-26 23:00:00,2.24926,2.24943,2.24801,2.24823,13
2025-03-26 23:05:00,2.2486,2.2486,2.24713,2.24739,21
2025-03-26 23:10:00,2.24739,2.2475,2.24387,2.247,144
2025-03-26 23:15:00,2.247,2.24729,2.24641,2.24666,144
2025-03-26 23:20:00,2.24666,2.24784,2.24633,2.24633,189
2025-03-26 23:25:00,2.24635,2.2469,2.2453,2.24679,152
2025-03-26 23:30:00,2.24679,2.24706,2.24547,2.24547,157
2025-03-26 23:35:00,2.24524,2.24572,2.2445,2.24484,235
2025-03-26 23:40:00,2.24476,2.24534,2.24436,2.24481,165
2025-03-26 23:45:00,2.24481,2.24511,2.24476,2.24484,89
2025-03-26 23:50:00,2.24484,2.24637,2.24477,2.24637,69
2025-03-26 23:55:00,2.24637,2.24675,2.2461,2.24627,217
2025-03-27 00:00:00,2.24774,2.24989,2.24732,2.2497,429
2025-03-27 00:05:00,2.24973,2.24974,2.24822,2.24918,284
2025-03-27 00:10:00,2.24899,2.24965,2.2486800000000002,2.24941,248
2025-03-27 00:15:00,2.24948,2.251,2.24946,2.25078,370
2025-03-27 00:20:00,2.25078,2.25214,2.25074,2.25155,435
2025-03-27 00:25:00,2.25153,2.2523400000000002,2.25147,2.2522,332
2025-03-27 00:30:00,2.2522,2.25221,2.25107,2.25139,345
2025-03-27 00:35:00,2.25139,2.25174,2.2511,2.25154,272
2025-03-27 00:40:00,2.25151,2.2519,2.25126,2.25154,229
2025-03-27 00:45:00,2.25154,2.25207,2.2513199999999998,2.25198,184
2025-03-27 00:50:00,2.252,2.25231,2.25159,2.25181,146
2025-03-27 00:55:00,2.25185,2.2528,2.25174,2.25267,232
2025-03-27 01:00:00,2.25271,2.25271,2.2521,2.25237,287
2025-03-27 01:05:00,2.25237,2.2531,2.25231,2.2527,240
2025-03-27 01:10:00,2.2527,2.25289,2.2518000000000002,2.25195,212
2025-03-27 01:15:00,2.25195,2.25201,2.25126,2.25146,235
2025-03-27 01:20:00,2.25142,2.25172,2.25121,2.25128,258
2025-03-27 01:25:00,2.2513,2.25175,2.25118,2.2517300000000002,165
2025-03-27 01:30:00,2.2517300000000002,2.25216,2.25148,2.25212,269
2025-03-27 01:35:00,2.25212,2.25224,2.25167,2.25172,211
2025-03-27 01:40:00,2.25172,2.25208,2.2513199999999998,2.252,186
2025-03-27 01:45:00,2.252,2.25203,2.25142,2.25168,179
2025-03-27 01:50:00,2.2517,2.2518000000000002,2.25111,2.25123,142
2025-03-27 01:55:00,2.25127,2.25192,2.25127,2.25172,295
2025-03-27 02:00:00,2.25178,2.25185,2.25072,2.25113,422
2025-03-27 02:05:00,2.25117,2.2513,2.25046,2.25072,474
2025-03-27 02:10:00,2.2507099999999998,2.25108,2.25049,2.25092,374
2025-03-27 02:15:00,2.25094,2.2513199999999998,2.25061,2.25088,328
2025-03-27 02:20:00,2.25088,2.25088,2.24993,2.25011,335
2025-03-27 02:25:00,2.2500999999999998,2.25032,2.24977,2.24989,272
2025-03-27 02:30:00,2.24989,2.25059,2.24966,2.25055,289
2025-03-27 02:35:00,2.25055,2.25055,2.24967,2.25002,209
2025-03-27 02:40:00,2.25004,2.25062,2.2498,2.25039,232
2025-03-27 02:45:00,2.25039,2.25099,2.24989,2.25055,263
2025-03-27 02:50:00,2.25057,2.25086,2.24987,2.25059,367
2025-03-27 02:55:00,2.25057,2.25089,2.25019,2.25077,286
2025-03-27 03:00:00,2.25077,2.25077,2.24904,2.24926,414
2025-03-27 03:05:00,2.24922,2.24926,2.24835,2.24866,362
2025-03-27 03:10:00,2.24866,2.24886,2.24816,2.24886,298
2025-03-27 03:15:00,2.24886,2.24894,2.24789,2.24848,349
2025-03-27 03:20:00,2.24844,2.2491,2.24835,2.24891,392
2025-03-27 03:25:00,2.24893,2.24978,2.24883,2.24924,365
2025-03-27 03:30:00,2.24908,2.25069,2.24876,2.2505100000000002,517
2025-03-27 03:35:00,2.25047,2.25142,2.25032,2.2513199999999998,472
2025-03-27 03:40:00,2.2513199999999998,2.25155,2.2506399999999998,2.25086,411
2025-03-27 03:45:00,2.25086,2.2513199999999998,2.2505100000000002,2.25094,420
2025-03-27 03:50:00,2.2509,2.25121,2.2500999999999998,2.25088,405
2025-03-27 03:55:00,2.25083,2.25107,2.25045,2.25099,427
2025-03-27 04:00:00,2.25099,2.25139,2.2505,2.25068,492
2025-03-27 04:05:00,2.25069,2.2511200000000002,2.2505,2.25092,368
2025-03-27 04:10:00,2.25088,2.25099,2.25025,2.25065,385
2025-03-27 04:15:00,2.25065,2.25098,2.25039,2.25074,351
2025-03-27 04:20:00,2.25077,2.25082,2.24983,2.2503,317
2025-03-27 04:25:00,2.25026,2.25053,2.24975,2.24984,327
2025-03-27 04:30:00,2.24983,2.24983,2.24756,2.24798,368
2025-03-27 04:35:00,2.24806,2.24921,2.24798,2.24907,326
2025-03-27 04:40:00,2.24905,2.24907,2.24829,2.24845,384
2025-03-27 04:45:00,2.24845,2.24895,2.24787,2.24787,347
2025-03-27 04:50:00,2.24791,2.24911,2.24788,2.24895,421
2025-03-27 04:55:00,2.24895,2.24933,2.24865,2.24923,376
2025-03-27 05:00:00,2.24923,2.24971,2.24856,2.24923,489
2025-03-27 05:05:00,2.24925,2.24945,2.24897,2.24912,328
2025-03-27 05:10:00,2.24912,2.24923,2.2485,2.24893,328
2025-03-27 05:15:00,2.24879,2.24902,2.2482,2.24822,314
2025-03-27 05:20:00,2.24824,2.24867,2.248,2.24843,307
2025-03-27 05:25:00,2.2484,2.24931,2.24825,2.24914,273
2025-03-27 05:30:00,2.24914,2.2493,2.24872,2.2493,208
2025-03-27 05:35:00,2.24928,2.24938,2.2489,2.24908,198
2025-03-27 05:40:00,2.24904,2.24948,2.24874,2.24942,250
2025-03-27 05:45:00,2.24942,2.24996,2.24925,2.24996,286
2025-03-27 05:50:00,2.24996,2.25008,2.24945,2.24992,247
2025-03-27 05:55:00,2.24994,2.25078,2.24992,2.25066,299
2025-03-27 06:00:00,2.25066,2.25117,2.25049,2.25054,315
2025-03-27 06:05:00,2.25046,2.25091,2.25015,2.25089,320
2025-03-27 06:10:00,2.25089,2.25091,2.25017,2.25032,257
2025-03-27 06:15:00,2.25034,2.25046,2.24981,2.25046,216
2025-03-27 06:20:00,2.25046,2.25047,2.24952,2.24968,266
2025-03-27 06:25:00,2.24968,2.24976,2.24937,2.24944,230
2025-03-27 06:30:00,2.24944,2.24967,2.24923,2.24935,232
2025-03-27 06:35:00,2.24937,2.24959,2.24901,2.2494899999999998,225
2025-03-27 06:40:00,2.2494899999999998,2.24966,2.24918,2.24962,207
2025-03-27 06:45:00,2.24962,2.24999,2.24954,2.24993,216
2025-03-27 06:50:00,2.24997,2.25001,2.24967,2.24975,185
2025-03-27 06:55:00,2.24977,2.2499000000000002,2.24944,2.24978,290
2025-03-27 07:00:00,2.24982,2.24992,2.24945,2.24969,246
2025-03-27 07:05:00,2.24969,2.25006,2.2494899999999998,2.24991,160
2025-03-27 07:10:00,2.24991,2.24997,2.24956,2.24966,220
2025-03-27 07:15:00,2.24959,2.24965,2.24923,2.24937,296
2025-03-27 07:20:00,2.24936,2.24942,2.24881,2.24907,228
2025-03-27 07:25:00,2.24907,2.2495,2.24872,2.2494899999999998,176
2025-03-27 07:30:00,2.2494899999999998,2.24993,2.24942,2.24991,192
2025-03-27 07:35:00,2.24991,2.24997,2.24932,2.2495,210
2025-03-27 07:40:00,2.2495,2.2495,2.24901,2.24927,214
2025-03-27 07:45:00,2.24927,2.24959,2.24909,2.24925,284
2025-03-27 07:50:00,2.2492900000000002,2.25013,2.2487,2.25004,527
2025-03-27 07:55:00,2.25005,2.25136,2.24964,2.25036,674
2025-03-27 08:00:00,2.25038,2.25061,2.24823,2.24878,440
2025-03-27 08:05:00,2.24876,2.24901,2.24836,2.2486800000000002,364
2025-03-27 08:10:00,2.24867,2.2492,2.2486,2.2488799999999998,313
2025-03-27 08:15:00,2.24887,2.2491,2.24832,2.24859,301
2025-03-27 08:20:00,2.24862,2.24889,2.24851,2.24875,228
2025-03-27 08:25:00,2.24875,2.24922,2.2480700000000002,2.24837,274
2025-03-27 08:30:00,2.24838,2.2486,2.24796,2.24854,338
2025-03-27 08:35:00,2.24856,2.24865,2.24788,2.24817,345
2025-03-27 08:40:00,2.24817,2.24823,2.24752,2.24787,384
2025-03-27 08:45:00,2.24785,2.24864,2.24785,2.24822,311
2025-03-27 08:50:00,2.24822,2.24822,2.24776,2.24791,379
2025-03-27 08:55:00,2.24791,2.24821,2.2478,2.24811,414
2025-03-27 09:00:00,2.24806,2.24842,2.24787,2.24832,590
2025-03-27 09:05:00,2.24834,2.24872,2.24822,2.24872,491
2025-03-27 09:10:00,2.2487,2.24877,2.24799,2.24803,480
2025-03-27 09:15:00,2.24803,2.24837,2.24789,2.2481,459
2025-03-27 09:20:00,2.2481,2.24821,2.24747,2.24778,489
2025-03-27 09:25:00,2.24776,2.24844,2.24776,2.24809,363
2025-03-27 09:30:00,2.24821,2.2486800000000002,2.24776,2.24811,565
2025-03-27 09:35:00,2.24811,2.2485,2.24769,2.24848,525
2025-03-27 09:40:00,2.24846,2.24885,2.24819,2.24848,465
2025-03-27 09:45:00,2.24846,2.24885,2.24806,2.24873,366
2025-03-27 09:50:00,2.24871,2.24871,2.24819,2.24852,364
2025-03-27 09:55:00,2.24847,2.25034,2.24837,2.25022,519
2025-03-27 10:00:00,2.25023,2.25023,2.24833,2.24837,688
2025-03-27 10:05:00,2.24837,2.24908,2.24787,2.24864,656
2025-03-27 10:10:00,2.24862,2.24936,2.24853,2.24925,564
2025-03-27 10:15:00,2.24925,2.24955,2.24871,2.24879,559
2025-03-27 10:20:00,2.24879,2.2488,2.24822,2.24866,509
2025-03-27 10:25:00,2.24866,2.24885,2.24771,2.24797,634
2025-03-27 10:30:00,2.24799,2.24912,2.24787,2.24892,459
2025-03-27 10:35:00,2.24896,2.24964,2.24887,2.24891,516
2025-03-27 10:40:00,2.24893,2.24993,2.24883,2.24933,479
2025-03-27 10:45:00,2.24928,2.24975,2.24865,2.24881,524
2025-03-27 10:50:00,2.2488799999999998,2.24896,2.24841,2.24858,502
2025-03-27 10:55:00,2.24856,2.2488799999999998,2.24777,2.24811,697
2025-03-27 11:00:00,2.24808,2.24815,2.2468500000000002,2.24767,521
2025-03-27 11:05:00,2.24768,2.24778,2.24699,2.24748,536
2025-03-27 11:10:00,2.24744,2.24818,2.24729,2.2481,382
2025-03-27 11:15:00,2.2480700000000002,2.24918,2.24755,2.2489,464
2025-03-27 11:20:00,2.2488799999999998,2.24891,2.24798,2.24865,520
2025-03-27 11:25:00,2.24865,2.24939,2.24838,2.24906,445
2025-03-27 11:30:00,2.249,2.24928,2.24864,2.24887,407
2025-03-27 11:35:00,2.24887,2.24946,2.24846,2.2488799999999998,382
2025-03-27 11:40:00,2.24887,2.25014,2.24872,2.25014,375
2025-03-27 11:45:00,2.25012,2.25023,2.24962,2.24994,345
2025-03-27 11:50:00,2.24994,2.25074,2.2499000000000002,2.25021,449
2025-03-27 11:55:00,2.25021,2.2505,2.24992,2.25019,523
2025-03-27 12:00:00,2.25019,2.25025,2.24953,2.25017,439
2025-03-27 12:05:00,2.25016,2.25025,2.24955,2.24971,365
2025-03-27 12:10:00,2.24971,2.25067,2.24962,2.25048,320
2025-03-27 12:15:00,2.25045,2.25133,2.2502,2.25086,368
2025-03-27 12:20:00,2.25089,2.2512,2.25032,2.25043,357
2025-03-27 12:25:00,2.25044,2.25063,2.25026,2.25028,376
2025-03-27 12:30:00,2.25028,2.25035,2.24977,2.25004,398
2025-03-27 12:35:00,2.25004,2.2505100000000002,2.25004,2.25032,308
2025-03-27 12:40:00,2.25034,2.25085,2.25018,2.25085,396
2025-03-27 12:45:00,2.25084,2.2513199999999998,2.25053,2.25079,356
2025-03-27 12:50:00,2.25078,2.25181,2.2507099999999998,2.25174,343
2025-03-27 12:55:00,2.25174,2.25174,2.2508,2.2512,447
2025-03-27 13:00:00,2.25118,2.25139,2.25027,2.25069,490
2025-03-27 13:05:00,2.25069,2.25086,2.24983,2.25034,526
2025-03-27 13:10:00,2.25034,2.2505100000000002,2.24998,2.25041,427
2025-03-27 13:15:00,2.25044,2.25065,2.25008,2.2505100000000002,431
2025-03-27 13:20:00,2.2505100000000002,2.25074,2.25016,2.25033,385
2025-03-27 13:25:00,2.25035,2.25128,2.25004,2.25106,377
2025-03-27 13:30:00,2.25106,2.25116,2.25061,2.25077,333
2025-03-27 13:35:00,2.25077,2.25079,2.24974,2.24987,347
2025-03-27 13:40:00,2.24987,2.25046,2.24984,2.2500999999999998,360
2025-03-27 13:45:00,2.25012,2.25049,2.24994,2.25008,286
2025-03-27 13:50:00,2.25008,2.25045,2.24972,2.25002,365
2025-03-27 13:55:00,2.25002,2.2502,2.24965,2.24968,306
2025-03-27 14:00:00,2.2497,2.25012,2.24905,2.25012,457
2025-03-27 14:05:00,2.25012,2.25166,2.25005,2.25155,342
2025-03-27 14:10:00,2.25156,2.25165,2.25075,2.25093,416
2025-03-27 14:15:00,2.25093,2.25155,2.25082,2.25137,337
2025-03-27 14:20:00,2.25131,2.25178,2.25078,2.25175,428
2025-03-27 14:25:00,2.2517300000000002,2.25273,2.25152,2.2519,405
2025-03-27 14:30:00,2.2519,2.2543699999999998,2.25179,2.25273,719
2025-03-27 14:35:00,2.25273,2.25292,2.25137,2.25139,565
2025-03-27 14:40:00,2.25143,2.2530200000000002,2.25139,2.25287,444
2025-03-27 14:45:00,2.25291,2.25321,2.25243,2.25266,502
2025-03-27 14:50:00,2.25266,2.25299,2.25259,2.2527,497
2025-03-27 14:55:00,2.25269,2.25314,2.25242,2.25281,550
2025-03-27 15:00:00,2.25277,2.25364,2.25269,2.25348,599
2025-03-27 15:05:00,2.25348,2.25385,2.25292,2.25352,562
2025-03-27 15:10:00,2.25349,2.254,2.25332,2.254,470
2025-03-27 15:15:00,2.25398,2.25406,2.25343,2.2536,443
2025-03-27 15:20:00,2.2536,2.25386,2.25317,2.25386,540
2025-03-27 15:25:00,2.25387,2.25418,2.25382,2.25391,436
2025-03-27 15:30:00,2.25381,2.25486,2.25381,2.25482,582
2025-03-27 15:35:00,2.25482,2.25495,2.25386,2.25406,588
2025-03-27 15:40:00,2.25406,2.2545,2.25382,2.2542,664
2025-03-27 15:45:00,2.2542,2.2544399999999998,2.2536300000000002,2.25397,651
2025-03-27 15:50:00,2.25395,2.25403,2.25311,2.25374,705
2025-03-27 15:55:00,2.25372,2.25433,2.25288,2.25298,615
2025-03-27 16:00:00,2.2529500000000002,2.25347,2.25233,2.25288,708
2025-03-27 16:05:00,2.2529,2.25364,2.25264,2.25348,595
2025-03-27 16:10:00,2.25346,2.25361,2.2529,2.25294,595
2025-03-27 16:15:00,2.25298,2.25337,2.25279,2.25287,511
2025-03-27 16:20:00,2.25287,2.25307,2.2526,2.25276,485
2025-03-27 16:25:00,2.25276,2.25329,2.25267,2.25306,459
2025-03-27 16:30:00,2.25308,2.25361,2.25279,2.25359,482
2025-03-27 16:35:00,2.25357,2.25361,2.25262,2.25294,536
2025-03-27 16:40:00,2.253,2.25319,2.25247,2.25305,541
2025-03-27 16:45:00,2.25305,2.25329,2.2525,2.25318,480
2025-03-27 16:50:00,2.2532,2.2537,2.25292,2.25309,517
2025-03-27 16:55:00,2.25307,2.25404,2.25307,2.25372,589
2025-03-27 17:00:00,2.25367,2.2541700000000002,2.2532,2.25405,527
2025-03-27 17:05:00,2.25403,2.25482,2.25389,2.25479,442
2025-03-27 17:10:00,2.25479,2.25483,2.25377,2.2543699999999998,528
2025-03-27 17:15:00,2.2543699999999998,2.25579,2.2543699999999998,2.2555899999999998,604
2025-03-27 17:20:00,2.2556,2.25692,2.25507,2.2568,547
2025-03-27 17:25:00,2.2569,2.2571,2.25651,2.25704,469
2025-03-27 17:30:00,2.25704,2.25772,2.2562699999999998,2.25638,704
2025-03-27 17:35:00,2.25638,2.25647,2.25529,2.25606,699
2025-03-27 17:40:00,2.25611,2.25689,2.25573,2.25647,713
2025-03-27 17:45:00,2.25646,2.25732,2.25634,2.25715,605
2025-03-27 17:50:00,2.25716,2.2575,2.2566100000000002,2.25682,775
2025-03-27 17:55:00,2.25677,2.25679,2.2546,2.25542,999
2025-03-27 18:00:00,2.25537,2.25589,2.25465,2.25527,766
2025-03-27 18:05:00,2.25535,2.2556599999999998,2.25502,2.2553900000000002,577
2025-03-27 18:10:00,2.25536,2.25598,2.25522,2.25574,497
2025-03-27 18:15:00,2.25564,2.25593,2.25504,2.25517,493
2025-03-27 18:20:00,2.25517,2.25518,2.25398,2.25457,552
2025-03-27 18:25:00,2.25459,2.25487,2.2542,2.25423,455
2025-03-27 18:30:00,2.25431,2.25499,2.25431,2.25481,420
2025-03-27 18:35:00,2.2548,2.25561,2.25455,2.25554,446
2025-03-27 18:40:00,2.25554,2.2559,2.25524,2.25536,417
2025-03-27 18:45:00,2.25536,2.25595,2.25516,2.25581,444
2025-03-27 18:50:00,2.25581,2.25639,2.25572,2.25606,490
2025-03-27 18:55:00,2.25603,2.25643,2.25564,2.2564,473
2025-03-27 19:00:00,2.25638,2.25646,2.25547,2.25577,469
2025-03-27 19:05:00,2.25576,2.25586,2.25522,2.25544,441
2025-03-27 19:10:00,2.2554,2.25594,2.25509,2.2556,449
2025-03-27 19:15:00,2.2556,2.25586,2.25532,2.25576,378
2025-03-27 19:20:00,2.25575,2.25597,2.25551,2.2559,398
2025-03-27 19:25:00,2.25587,2.25611,2.25552,2.2560700000000002,375
2025-03-27 19:30:00,2.25611,2.25632,2.25582,2.25624,399
2025-03-27 19:35:00,2.25626,2.25678,2.25596,2.25662,329
2025-03-27 19:40:00,2.25662,2.25664,2.25589,2.2562699999999998,297
2025-03-27 19:45:00,2.25623,2.25642,2.2556599999999998,2.25574,257
2025-03-27 19:50:00,2.25576,2.25585,2.25537,2.25584,260
2025-03-27 19:55:00,2.25587,2.2561,2.25538,2.25599,431
2025-03-27 20:00:00,2.25599,2.2560000000000002,2.25543,2.2556,385
2025-03-27 20:05:00,2.25564,2.2560000000000002,2.25544,2.25583,364
2025-03-27 20:10:00,2.25581,2.25597,2.25556,2.25572,269
2025-03-27 20:15:00,2.25568,2.25587,2.25535,2.25563,288
2025-03-27 20:20:00,2.25563,2.25581,2.25535,2.25576,287
2025-03-27 20:25:00,2.25576,2.2560000000000002,2.25555,2.2559,353
2025-03-27 20:30:00,2.25592,2.25626,2.25551,2.25608,388
2025-03-27 20:35:00,2.25606,2.25647,2.25592,2.25632,361
2025-03-27 20:40:00,2.25632,2.2564,2.25587,2.25625,295
2025-03-27 20:45:00,2.25625,2.25649,2.25589,2.25636,210
2025-03-27 20:50:00,2.25634,2.2566,2.25619,2.25649,283
2025-03-27 20:55:00,2.2565,2.25708,2.25633,2.25706,317
2025-03-27 21:00:00,2.25702,2.25716,2.25644,2.25666,362
2025-03-27 21:05:00,2.25666,2.2568,2.25632,2.2566800000000002,241
2025-03-27 21:10:00,2.2566800000000002,2.2566800000000002,2.2560000000000002,2.2561999999999998,184
2025-03-27 21:15:00,2.25618,2.25625,2.25568,2.25614,224
2025-03-27 21:20:00,2.25612,2.25628,2.25575,2.25599,285
2025-03-27 21:25:00,2.25603,2.25675,2.25593,2.2566800000000002,209
2025-03-27 21:30:00,2.25664,2.25689,2.25643,2.25689,237
2025-03-27 21:35:00,2.25689,2.25715,2.25665,2.2569,171
2025-03-27 21:40:00,2.25694,2.25698,2.25621,2.25621,247
2025-03-27 21:45:00,2.25621,2.25665,2.25621,2.25647,292
2025-03-27 21:50:00,2.25638,2.25692,2.25629,2.2569,255
2025-03-27 21:55:00,2.25684,2.25692,2.25645,2.25669,260
2025-03-27 22:00:00,2.25669,2.25719,2.25651,2.2568099999999998,230
2025-03-27 22:05:00,2.25677,2.25702,2.25665,2.25699,126
2025-03-27 22:10:00,2.25695,2.25703,2.25644,2.25663,166
2025-03-27 22:15:00,2.2566100000000002,2.25687,2.25649,2.2568099999999998,144
2025-03-27 22:20:00,2.2568099999999998,2.25706,2.25654,2.2566,132
2025-03-27 22:25:00,2.2566800000000002,2.25674,2.2560000000000002,2.25641,132
2025-03-27 22:30:00,2.2564,2.25659,2.2561,2.25628,197
2025-03-27 22:35:00,2.2562699999999998,2.2565,2.25611,2.2565,153
2025-03-27 22:40:00,2.2565,2.2565,2.25336,2.25344,79
2025-03-27 22:45:00,2.25349,2.2537,2.25297,2.25297,107
2025-03-27 22:50:00,2.25297,2.2531,2.25291,2.2531,76
2025-03-27 22:55:00,2.2531,2.2554600000000002,2.25272,2.25526,182
2025-03-27 23:00:00,2.25397,2.25421,2.25174,2.25421,21
2025-03-27 23:05:00,2.25421,2.25431,2.25348,2.25371,27
2025-03-27 23:10:00,2.25371,2.25374,2.2525,2.25265,52
2025-03-27 23:15:00,2.25263,2.25307,2.25247,2.25276,87
2025-03-27 23:20:00,2.25277,2.25423,2.25275,2.25317,158
2025-03-27 23:25:00,2.25317,2.25451,2.25263,2.25405,150
2025-03-27 23:30:00,2.25396,2.25405,2.25317,2.25336,99
2025-03-27 23:35:00,2.25338,2.25404,2.25337,2.2539,30
2025-03-27 23:40:00,2.2539,2.25395,2.25326,2.2538,62
2025-03-27 23:45:00,2.2538,2.25387,2.25348,2.25352,42
2025-03-27 23:50:00,2.25352,2.25407,2.25352,2.25407,85
2025-03-27 23:55:00,2.25407,2.2550499999999998,2.25403,2.25503,186
2025-03-28 00:00:00,2.25594,2.25606,2.25512,2.25545,223
2025-03-28 00:05:00,2.25545,2.25609,2.25545,2.2560700000000002,145
2025-03-28 00:10:00,2.2560700000000002,2.25667,2.2560700000000002,2.25665,77
2025-03-28 00:15:00,2.25665,2.25675,2.25592,2.25619,101
2025-03-28 00:20:00,2.25621,2.25621,2.2559,2.25601,120
2025-03-28 00:25:00,2.25601,2.25608,2.25584,2.25608,141
2025-03-28 00:30:00,2.25608,2.25616,2.25582,2.25601,84
2025-03-28 00:35:00,2.25601,2.25614,2.25578,2.25583,218
2025-03-28 00:40:00,2.25583,2.25617,2.25572,2.25594,625
2025-03-28 00:45:00,2.25594,2.25602,2.25561,2.25573,493
2025-03-28 00:50:00,2.25581,2.25595,2.25547,2.25589,413
2025-03-28 00:55:00,2.25589,2.25706,2.25577,2.25695,225
2025-03-28 01:00:00,2.25696,2.25756,2.2566800000000002,2.25748,207
2025-03-28 01:05:00,2.25748,2.25773,2.25715,2.25735,177
2025-03-28 01:10:00,2.25735,2.25751,2.25697,2.25701,212
2025-03-28 01:15:00,2.25704,2.2573,2.25676,2.25699,141
2025-03-28 01:20:00,2.25699,2.25715,2.25677,2.25708,92
2025-03-28 01:25:00,2.25708,2.25739,2.25692,2.25727,169
2025-03-28 01:30:00,2.25727,2.25731,2.25679,2.25725,227
2025-03-28 01:35:00,2.25725,2.2572900000000002,2.2568099999999998,2.25697,145
2025-03-28 01:40:00,2.25697,2.25718,2.25635,2.25716,118
2025-03-28 01:45:00,2.25716,2.25795,2.25715,2.2579000000000002,104
2025-03-28 01:50:00,2.2579000000000002,2.25809,2.25741,2.2577,226
2025-03-28 01:55:00,2.2577,2.25776,2.2572900000000002,2.25772,143
2025-03-28 02:00:00,2.25768,2.25853,2.25755,2.2585100000000002,330
2025-03-28 02:05:00,2.25853,2.2587,2.25819,2.25843,324
2025-03-28 02:10:00,2.25845,2.25924,2.25835,2.25903,305
2025-03-28 02:15:00,2.2590500000000002,2.25909,2.25848,2.25861,318
2025-03-28 02:20:00,2.25861,2.25915,2.25842,2.25875,316
2025-03-28 02:25:00,2.25875,2.25954,2.2583,2.25952,307
2025-03-28 02:30:00,2.25948,2.25974,2.25901,2.2591200000000002,268
2025-03-28 02:35:00,2.25902,2.25928,2.25863,2.25876,259
2025-03-28 02:40:00,2.25876,2.25965,2.25867,2.25959,291
2025-03-28 02:45:00,2.25959,2.25985,2.25936,2.25964,247
2025-03-28 02:50:00,2.25964,2.25964,2.25899,2.25924,278
2025-03-28 02:55:00,2.25924,2.25997,2.25923,2.25988,306
2025-03-28 03:00:00,2.2599,2.2608800000000002,2.25972,2.26084,354
2025-03-28 03:05:00,2.26082,2.26087,2.26025,2.26079,281
2025-03-28 03:10:00,2.26079,2.26125,2.26052,2.26066,250
2025-03-28 03:15:00,2.2607,2.26111,2.26044,2.2608,258
2025-03-28 03:20:00,2.2608,2.26162,2.26075,2.26132,384
2025-03-28 03:25:00,2.26136,2.26189,2.26122,2.2616,314
2025-03-28 03:30:00,2.26155,2.26203,2.26113,2.26192,438
2025-03-28 03:35:00,2.26192,2.26225,2.26142,2.26158,337
2025-03-28 03:40:00,2.26162,2.26266,2.26153,2.26266,308
2025-03-28 03:45:00,2.26266,2.26268,2.26216,2.2622,319
2025-03-28 03:50:00,2.2622,2.26254,2.26206,2.26208,276
2025-03-28 03:55:00,2.26213,2.26246,2.26191,2.26222,335
2025-03-28 04:00:00,2.26216,2.26244,2.26204,2.26214,367
2025-03-28 04:05:00,2.26216,2.26248,2.26207,2.26248,217
2025-03-28 04:10:00,2.26244,2.26248,2.26183,2.26236,246
2025-03-28 04:15:00,2.26236,2.2631,2.26226,2.26281,297
2025-03-28 04:20:00,2.26281,2.26301,2.26218,2.26236,268
2025-03-28 04:25:00,2.26236,2.26266,2.2619,2.26261,265
2025-03-28 04:30:00,2.26261,2.26296,2.2623699999999998,2.26261,324
2025-03-28 04:35:00,2.26259,2.26299,2.26241,2.26271,317
2025-03-28 04:40:00,2.26275,2.26317,2.26222,2.26232,322
2025-03-28 04:45:00,2.26232,2.26268,2.26213,2.26219,321
2025-03-28 04:50:00,2.26219,2.26275,2.26209,2.26264,330
2025-03-28 04:55:00,2.26264,2.26336,2.26248,2.26297,322
2025-03-28 05:00:00,2.26297,2.26324,2.26254,2.2629099999999998,331
2025-03-28 05:05:00,2.2629099999999998,2.26348,2.26253,2.26316,239
2025-03-28 05:10:00,2.26316,2.2638,2.26299,2.26356,303
2025-03-28 05:15:00,2.26358,2.26456,2.26358,2.26434,276
2025-03-28 05:20:00,2.26433,2.26486,2.26426,2.2646800000000002,272
2025-03-28 05:25:00,2.26458,2.26485,2.26414,2.26421,341
2025-03-28 05:30:00,2.26421,2.26503,2.2641999999999998,2.2648099999999998,266
2025-03-28 05:35:00,2.26485,2.2653499999999998,2.26471,2.26501,305
2025-03-28 05:40:00,2.26505,2.26557,2.26476,2.26557,339
2025-03-28 05:45:00,2.26556,2.26615,2.26524,2.26548,234
2025-03-28 05:50:00,2.2655,2.26559,2.26443,2.26454,284
2025-03-28 05:55:00,2.26456,2.26493,2.26452,2.26477,272
2025-03-28 06:00:00,2.26477,2.26541,2.2647,2.26536,316
2025-03-28 06:05:00,2.26536,2.26543,2.26498,2.26523,281
2025-03-28 06:10:00,2.26523,2.2653,2.26462,2.2647,250
2025-03-28 06:15:00,2.2647,2.26485,2.26405,2.26455,243
2025-03-28 06:20:00,2.26454,2.2648099999999998,2.26426,2.26448,229
2025-03-28 06:25:00,2.26448,2.2647399999999998,2.26432,2.26469,235
2025-03-28 06:30:00,2.26465,2.26502,2.26453,2.2648099999999998,225
2025-03-28 06:35:00,2.26477,2.26483,2.26411,2.26442,228
2025-03-28 06:40:00,2.26442,2.26452,2.26397,2.26451,249
2025-03-28 06:45:00,2.26452,2.26456,2.2639,2.2643,199
2025-03-28 06:50:00,2.2643,2.26456,2.26401,2.26414,194
2025-03-28 06:55:00,2.26414,2.2647,2.26414,2.26458,198
2025-03-28 07:00:00,2.26454,2.26458,2.26392,2.26401,207
2025-03-28 07:05:00,2.26405,2.26447,2.26393,2.26437,174
2025-03-28 07:10:00,2.26437,2.26459,2.26404,2.26432,197
2025-03-28 07:15:00,2.26436,2.26438,2.26391,2.26402,185
2025-03-28 07:20:00,2.26402,2.26426,2.26377,2.26405,265
2025-03-28 07:25:00,2.26405,2.2641299999999998,2.26366,2.26394,232
2025-03-28 07:30:00,2.26392,2.26394,2.26355,2.26385,253
2025-03-28 07:35:00,2.26387,2.26404,2.2635899999999998,2.26372,228
2025-03-28 07:40:00,2.26372,2.26414,2.26368,2.26409,233
2025-03-28 07:45:00,2.26409,2.26422,2.26354,2.2636,193
2025-03-28 07:50:00,2.2636,2.26374,2.26328,2.26354,241
2025-03-28 07:55:00,2.2635,2.26369,2.26331,2.26343,397
2025-03-28 08:00:00,2.26342,2.26374,2.26306,2.26322,250
2025-03-28 08:05:00,2.26324,2.2635199999999998,2.2632,2.26334,220
2025-03-28 08:10:00,2.26334,2.26349,2.26283,2.26304,184
2025-03-28 08:15:00,2.263,2.26389,2.2629,2.2635,230
2025-03-28 08:20:00,2.2635,2.26361,2.26327,2.26349,236
2025-03-28 08:25:00,2.26349,2.26356,2.26328,2.26333,208
2025-03-28 08:30:00,2.26333,2.26378,2.26301,2.26316,349
2025-03-28 08:35:00,2.26316,2.26406,2.26314,2.26404,249
2025-03-28 08:40:00,2.26406,2.26431,2.26357,2.2640700000000002,261
2025-03-28 08:45:00,2.2640700000000002,2.26467,2.2640700000000002,2.26445,244
2025-03-28 08:50:00,2.26445,2.26492,2.26444,2.26484,254
2025-03-28 08:55:00,2.26482,2.26533,2.26475,2.26506,234
2025-03-28 09:00:00,2.26497,2.26646,2.26473,2.26568,495
2025-03-28 09:05:00,2.26568,2.26613,2.26488,2.26606,377
2025-03-28 09:10:00,2.26605,2.26701,2.2655,2.2669,395
2025-03-28 09:15:00,2.26687,2.26695,2.2660299999999998,2.2661,403
2025-03-28 09:20:00,2.2661,2.26612,2.26562,2.26584,364
2025-03-28 09:25:00,2.26582,2.26626,2.26555,2.2659599999999998,299
2025-03-28 09:30:00,2.26597,2.26599,2.26496,2.26513,513
2025-03-28 09:35:00,2.26514,2.26515,2.2640700000000002,2.2644,342
2025-03-28 09:40:00,2.2644,2.26545,2.26432,2.26472,395
2025-03-28 09:45:00,2.2647,2.26482,2.26426,2.2646100000000002,414
2025-03-28 09:50:00,2.26463,2.26463,2.26341,2.26341,385
2025-03-28 09:55:00,2.26342,2.2637,2.26271,2.26367,406
2025-03-28 10:00:00,2.26369,2.26392,2.26276,2.26281,648
2025-03-28 10:05:00,2.26279,2.26344,2.26263,2.26344,586
2025-03-28 10:10:00,2.26344,2.2640700000000002,2.2633,2.2635899999999998,535
2025-03-28 10:15:00,2.26358,2.26436,2.26349,2.26404,433
2025-03-28 10:20:00,2.26405,2.26434,2.26369,2.26377,487
2025-03-28 10:25:00,2.26377,2.26381,2.26317,2.26353,429
2025-03-28 10:30:00,2.26363,2.26363,2.26262,2.26266,457
2025-03-28 10:35:00,2.26266,2.26315,2.26222,2.26315,462
2025-03-28 10:40:00,2.26311,2.26316,2.2623699999999998,2.26259,423
2025-03-28 10:45:00,2.26257,2.26332,2.26244,2.26318,300
2025-03-28 10:50:00,2.26315,2.2635199999999998,2.26297,2.2635199999999998,218
2025-03-28 10:55:00,2.2635,2.26356,2.2627800000000002,2.26337,268
2025-03-28 11:00:00,2.26333,2.26349,2.26285,2.26294,417
2025-03-28 11:05:00,2.26293,2.26293,2.26232,2.26263,329
2025-03-28 11:10:00,2.26265,2.26312,2.26245,2.26306,373
2025-03-28 11:15:00,2.2631,2.26362,2.26288,2.26351,275
2025-03-28 11:20:00,2.26351,2.26492,2.26322,2.26492,387
2025-03-28 11:25:00,2.26492,2.2653499999999998,2.26478,2.26502,429
2025-03-28 11:30:00,2.26503,2.26557,2.26494,2.26557,336
2025-03-28 11:35:00,2.26553,2.26574,2.26527,2.26536,306
2025-03-28 11:40:00,2.26537,2.26556,2.26453,2.26476,262
2025-03-28 11:45:00,2.26476,2.26514,2.26471,2.26492,350
2025-03-28 11:50:00,2.2649,2.26509,2.26453,2.26495,309
2025-03-28 11:55:00,2.26499,2.26505,2.26439,2.2644,279
2025-03-28 12:00:00,2.26442,2.26448,2.26377,2.2641299999999998,273
2025-03-28 12:05:00,2.2641299999999998,2.26428,2.26373,2.26377,275
2025-03-28 12:10:00,2.26375,2.26375,2.26329,2.26333,277
2025-03-28 12:15:00,2.26333,2.26378,2.26318,2.26374,328
2025-03-28 12:20:00,2.26374,2.26376,2.26292,2.26326,362
2025-03-28 12:25:00,2.2633,2.26342,2.26283,2.26306,269
2025-03-28 12:30:00,2.26306,2.26319,2.26267,2.26284,306
2025-03-28 12:35:00,2.26282,2.2631,2.2625,2.26255,289
2025-03-28 12:40:00,2.26251,2.26265,2.2619,2.26226,236
2025-03-28 12:45:00,2.26226,2.26226,2.2616899999999998,2.26205,271
2025-03-28 12:50:00,2.26203,2.26211,2.26168,2.26191,264
2025-03-28 12:55:00,2.26187,2.26286,2.26184,2.26273,286
2025-03-28 13:00:00,2.26268,2.2629,2.26245,2.26256,311
2025-03-28 13:05:00,2.2626,2.26275,2.26189,2.26192,310
2025-03-28 13:10:00,2.26192,2.26192,2.26116,2.26167,337
2025-03-28 13:15:00,2.2616899999999998,2.26233,2.2616,2.26231,247
2025-03-28 13:20:00,2.26232,2.26281,2.26212,2.26224,320
2025-03-28 13:25:00,2.26226,2.26241,2.2617,2.26182,335
2025-03-28 13:30:00,2.26184,2.26216,2.2618,2.26204,270
2025-03-28 13:35:00,2.26203,2.26205,2.26126,2.26147,315
2025-03-28 13:40:00,2.26144,2.2615,2.26082,2.26111,292
2025-03-28 13:45:00,2.26111,2.2616899999999998,2.26102,2.26167,294
2025-03-28 13:50:00,2.26167,2.26188,2.26121,2.26161,328
2025-03-28 13:55:00,2.2616,2.26189,2.26143,2.26158,331
2025-03-28 14:00:00,2.26158,2.26167,2.2609500000000002,2.26102,351
2025-03-28 14:05:00,2.26101,2.2614900000000002,2.26086,2.26127,356
2025-03-28 14:10:00,2.26125,2.2618,2.26125,2.26155,277
2025-03-28 14:15:00,2.26154,2.26196,2.26154,2.26166,302
2025-03-28 14:20:00,2.26166,2.26175,2.26118,2.26118,422
2025-03-28 14:25:00,2.26116,2.26183,2.26097,2.2616,339
2025-03-28 14:30:00,2.26155,2.2622,2.26091,2.26152,763
2025-03-28 14:35:00,2.26152,2.26174,2.26099,2.26139,607
2025-03-28 14:40:00,2.26143,2.26148,2.26045,2.26073,566
2025-03-28 14:45:00,2.26073,2.26102,2.26048,2.2605,531
2025-03-28 14:50:00,2.26052,2.26147,2.26038,2.26089,581
2025-03-28 14:55:00,2.26089,2.26104,2.26015,2.26031,593
2025-03-28 15:00:00,2.26032,2.2606,2.26003,2.26038,529
2025-03-28 15:05:00,2.26038,2.26063,2.25957,2.26017,759
2025-03-28 15:10:00,2.26017,2.26104,2.25995,2.26065,745
2025-03-28 15:15:00,2.26068,2.2609,2.26039,2.26048,645
2025-03-28 15:20:00,2.26048,2.2607,2.26003,2.26061,627
2025-03-28 15:25:00,2.26059,2.26068,2.25949,2.25978,594
2025-03-28 15:30:00,2.25978,2.26061,2.25964,2.26035,705
2025-03-28 15:35:00,2.2603400000000002,2.2603400000000002,2.25969,2.25991,585
2025-03-28 15:40:00,2.25987,2.2603,2.25955,2.25985,567
2025-03-28 15:45:00,2.25988,2.26004,2.25944,2.25968,537
2025-03-28 15:50:00,2.2596,2.26009,2.25937,2.26009,723
2025-03-28 15:55:00,2.26009,2.26058,2.25931,2.25946,531
2025-03-28 16:00:00,2.2594,2.26011,2.25927,2.25954,649
2025-03-28 16:05:00,2.25952,2.26005,2.25923,2.26,731
2025-03-28 16:10:00,2.26,2.26045,2.25979,2.26024,755
2025-03-28 16:15:00,2.26023,2.26166,2.26009,2.26146,679
2025-03-28 16:20:00,2.26145,2.26164,2.26093,2.26161,835
2025-03-28 16:25:00,2.26161,2.2622999999999998,2.2614,2.26223,629
2025-03-28 16:30:00,2.26224,2.26296,2.2622,2.26274,723
2025-03-28 16:35:00,2.26277,2.26362,2.26255,2.26276,692
2025-03-28 16:40:00,2.26275,2.26294,2.26179,2.26185,634
2025-03-28 16:45:00,2.26181,2.26196,2.26122,2.26138,506
2025-03-28 16:50:00,2.26136,2.26183,2.2611,2.26146,570
2025-03-28 16:55:00,2.26146,2.26243,2.26136,2.26196,558
2025-03-28 17:00:00,2.26199,2.26204,2.26145,2.2618,603
2025-03-28 17:05:00,2.26178,2.26227,2.26166,2.26203,567
2025-03-28 17:10:00,2.26205,2.26205,2.2603400000000002,2.26084,825
2025-03-28 17:15:00,2.26082,2.26132,2.26041,2.26123,582
2025-03-28 17:20:00,2.26122,2.26132,2.26032,2.26056,548
2025-03-28 17:25:00,2.26057,2.26081,2.26037,2.26063,583
2025-03-28 17:30:00,2.26062,2.26148,2.26018,2.26123,509
2025-03-28 17:35:00,2.26129,2.26139,2.26069,2.26102,448
2025-03-28 17:40:00,2.26099,2.2611499999999998,2.2599299999999998,2.26007,534
2025-03-28 17:45:00,2.26005,2.26022,2.2596,2.26004,515
2025-03-28 17:50:00,2.26007,2.26007,2.25882,2.25906,615
2025-03-28 17:55:00,2.2591,2.2591,2.25843,2.25884,673
2025-03-28 18:00:00,2.25884,2.25984,2.25861,2.25952,531
2025-03-28 18:05:00,2.25952,2.26005,2.25902,2.26001,444
2025-03-28 18:10:00,2.26001,2.26007,2.25957,2.25974,444
2025-03-28 18:15:00,2.25978,2.26063,2.25976,2.2603400000000002,435
2025-03-28 18:20:00,2.26038,2.26064,2.26011,2.26044,439
2025-03-28 18:25:00,2.26043,2.26086,2.2602700000000002,2.26056,444
2025-03-28 18:30:00,2.26056,2.26065,2.26011,2.26044,425
2025-03-28 18:35:00,2.26042,2.26085,2.26021,2.26083,386
2025-03-28 18:40:00,2.26083,2.26129,2.26059,2.26123,351
2025-03-28 18:45:00,2.26123,2.2615,2.2609500000000002,2.26128,345
2025-03-28 18:50:00,2.26125,2.26159,2.26101,2.26112,372
2025-03-28 18:55:00,2.26116,2.26185,2.26093,2.26148,427
2025-03-28 19:00:00,2.26148,2.26164,2.2612,2.26129,347
2025-03-28 19:05:00,2.26129,2.26173,2.26127,2.26153,312
2025-03-28 19:10:00,2.26157,2.26181,2.26134,2.26158,282
2025-03-28 19:15:00,2.26158,2.26194,2.26111,2.26147,382
2025-03-28 19:20:00,2.26147,2.26198,2.26141,2.26172,370
2025-03-28 19:25:00,2.2617599999999998,2.26194,2.26139,2.26187,392
2025-03-28 19:30:00,2.26183,2.26241,2.26168,2.26206,533
2025-03-28 19:35:00,2.26209,2.2623699999999998,2.26166,2.26181,414
2025-03-28 19:40:00,2.26185,2.26248,2.2616,2.26248,414
2025-03-28 19:45:00,2.26246,2.26251,2.26205,2.26225,328
2025-03-28 19:50:00,2.26221,2.26287,2.26201,2.26266,308
2025-03-28 19:55:00,2.26268,2.26285,2.26233,2.2626,278
2025-03-28 20:00:00,2.26262,2.2627800000000002,2.26209,2.26255,439
2025-03-28 20:05:00,2.26255,2.26269,2.26203,2.2621,360
2025-03-28 20:10:00,2.26214,2.26239,2.26187,2.26197,294
2025-03-28 20:15:00,2.26199,2.26248,2.26188,2.26229,299
2025-03-28 20:20:00,2.26225,2.26263,2.26196,2.26263,225
2025-03-28 20:25:00,2.26263,2.26287,2.26241,2.2627800000000002,359
2025-03-28 20:30:00,2.2627800000000002,2.26303,2.26243,2.26297,324
2025-03-28 20:35:00,2.26294,2.26313,2.26256,2.26281,299
2025-03-28 20:40:00,2.26281,2.26303,2.26244,2.26285,261
2025-03-28 20:45:00,2.26285,2.26347,2.26267,2.26345,304
2025-03-28 20:50:00,2.26345,2.26354,2.26308,2.26328,294
2025-03-28 20:55:00,2.26332,2.26433,2.26319,2.26417,350
2025-03-28 21:00:00,2.26416,2.26423,2.26319,2.26378,270
2025-03-28 21:05:00,2.2638,2.26434,2.26358,2.26428,221
2025-03-28 21:10:00,2.26432,2.26451,2.26383,2.2641299999999998,312
2025-03-28 21:15:00,2.2641299999999998,2.26448,2.26386,2.26442,237
2025-03-28 21:20:00,2.26442,2.26484,2.26419,2.2647,303
2025-03-28 21:25:00,2.2647,2.2649,2.26449,2.26456,270
2025-03-28 21:30:00,2.2646,2.26503,2.26446,2.26491,258
2025-03-28 21:35:00,2.26493,2.26506,2.26466,2.2649,222
2025-03-28 21:40:00,2.2649,2.26562,2.26486,2.26528,206
2025-03-28 21:45:00,2.26528,2.2658,2.26482,2.265,255
2025-03-28 21:50:00,2.26504,2.26571,2.2648,2.26566,292
2025-03-28 21:55:00,2.26569,2.26573,2.26491,2.26499,293
2025-03-28 22:00:00,2.26497,2.26525,2.26484,2.2649,196
2025-03-28 22:05:00,2.26494,2.26523,2.26482,2.2651,149
2025-03-28 22:10:00,2.2651,2.26512,2.26462,2.26492,242
2025-03-28 22:15:00,2.26496,2.26525,2.26455,2.26517,289
2025-03-28 22:20:00,2.26517,2.26595,2.26513,2.26571,215
2025-03-28 22:25:00,2.26571,2.2658300000000002,2.2652200000000002,2.26554,243
2025-03-28 22:30:00,2.26553,2.26599,2.26545,2.26566,161
2025-03-28 22:35:00,2.26562,2.26599,2.2652900000000002,2.26549,167
2025-03-28 22:40:00,2.26549,2.26549,2.26212,2.26221,218
2025-03-28 22:45:00,2.26221,2.26235,2.26188,2.26214,121
2025-03-28 22:50:00,2.26212,2.2625,2.26076,2.26142,196
2025-03-28 22:55:00,2.2614,2.26141,2.25984,2.2605399999999998,330
2025-03-31 00:00:00,2.2629,2.2629,2.25997,2.261,14
2025-03-31 00:05:00,2.261,2.261,2.25882,2.25882,36
2025-03-31 00:10:00,2.25882,2.25988,2.25882,2.2594,51
2025-03-31 00:15:00,2.25942,2.25994,2.25942,2.2599,63
2025-03-31 00:20:00,2.2599,2.26025,2.25976,2.2599,43
2025-03-31 00:25:00,2.25994,2.26129,2.25989,2.26129,51
2025-03-31 00:30:00,2.26163,2.26211,2.26119,2.26126,114
2025-03-31 00:35:00,2.26126,2.26215,2.26059,2.26064,123
2025-03-31 00:40:00,2.26064,2.26076,2.26026,2.26056,70
2025-03-31 00:45:00,2.26056,2.2608800000000002,2.26044,2.2608800000000002,47
2025-03-31 00:50:00,2.2608800000000002,2.2610799999999998,2.26079,2.26091,54
2025-03-31 00:55:00,2.2609500000000002,2.26392,2.26083,2.26296,131
2025-03-31 01:00:00,2.26464,2.26745,2.26416,2.26693,473
2025-03-31 01:05:00,2.26693,2.26772,2.2665,2.26699,263
2025-03-31 01:10:00,2.26699,2.26744,2.2665699999999998,2.2667,349
2025-03-31 01:15:00,2.26674,2.26699,2.26629,2.26641,391
2025-03-31 01:20:00,2.26641,2.26691,2.26618,2.26691,359
2025-03-31 01:25:00,2.26689,2.26729,2.26655,2.26669,397
2025-03-31 01:30:00,2.26669,2.26776,2.26662,2.26729,299
2025-03-31 01:35:00,2.26726,2.26767,2.26688,2.26716,292
2025-03-31 01:40:00,2.26716,2.26806,2.2664400000000002,2.26678,343
2025-03-31 01:45:00,2.26678,2.26745,2.26662,2.26684,218
2025-03-31 01:50:00,2.26684,2.26719,2.26636,2.2671200000000002,207
2025-03-31 01:55:00,2.26711,2.26723,2.2666399999999998,2.2670500000000002,235
2025-03-31 02:00:00,2.26699,2.26771,2.26692,2.26767,354
2025-03-31 02:05:00,2.26767,2.26784,2.26716,2.26753,222
2025-03-31 02:10:00,2.26753,2.2678599999999998,2.26694,2.26784,275
2025-03-31 02:15:00,2.2678599999999998,2.26844,2.26746,2.26799,198
2025-03-31 02:20:00,2.26799,2.26863,2.26738,2.26858,299
2025-03-31 02:25:00,2.26858,2.2696,2.26809,2.2695,316
2025-03-31 02:30:00,2.26953,2.27022,2.26921,2.26931,451
2025-03-31 02:35:00,2.2693,2.26934,2.2678599999999998,2.26802,335
2025-03-31 02:40:00,2.26802,2.26814,2.26683,2.26722,418
2025-03-31 02:45:00,2.26726,2.26761,2.26689,2.26709,297
2025-03-31 02:50:00,2.26709,2.2671799999999998,2.26647,2.26686,365
2025-03-31 02:55:00,2.26686,2.26727,2.26648,2.26682,338
2025-03-31 03:00:00,2.26675,2.2681,2.26658,2.268,593
2025-03-31 03:05:00,2.268,2.26883,2.26798,2.26829,418
2025-03-31 03:10:00,2.26832,2.26946,2.268,2.26937,508
2025-03-31 03:15:00,2.26937,2.26968,2.26866,2.26903,543
2025-03-31 03:20:00,2.26903,2.26974,2.26885,2.26894,527
2025-03-31 03:25:00,2.26893,2.27209,2.26881,2.27203,510
2025-03-31 03:30:00,2.27203,2.27221,2.2702999999999998,2.27179,414
2025-03-31 03:35:00,2.27177,2.27291,2.27145,2.27227,469
2025-03-31 03:40:00,2.27227,2.27259,2.27108,2.27134,508
2025-03-31 03:45:00,2.2713,2.27155,2.27009,2.2705,528
2025-03-31 03:50:00,2.27054,2.27155,2.26991,2.27146,720
2025-03-31 03:55:00,2.27144,2.27146,2.27052,2.27121,517
2025-03-31 04:00:00,2.27112,2.27114,2.26811,2.2682700000000002,589
2025-03-31 04:05:00,2.2682700000000002,2.26859,2.26789,2.26832,589
2025-03-31 04:10:00,2.2683400000000002,2.26851,2.26738,2.26792,526
2025-03-31 04:15:00,2.26798,2.26898,2.26785,2.26809,555
2025-03-31 04:20:00,2.26815,2.26855,2.26759,2.26812,570
2025-03-31 04:25:00,2.26812,2.26891,2.26805,2.2688,547
2025-03-31 04:30:00,2.26884,2.26919,2.26774,2.26797,604
2025-03-31 04:35:00,2.26793,2.26869,2.26785,2.26869,492
2025-03-31 04:40:00,2.26866,2.26873,2.2678,2.26857,422
2025-03-31 04:45:00,2.26861,2.27043,2.26853,2.26992,541
2025-03-31 04:50:00,2.26992,2.26992,2.2690799999999998,2.26968,522
2025-03-31 04:55:00,2.26968,2.26981,2.26911,2.26932,478
2025-03-31 05:00:00,2.2694,2.27021,2.26911,2.26986,487
2025-03-31 05:05:00,2.26998,2.27024,2.26933,2.26942,508
2025-03-31 05:10:00,2.2694,2.26948,2.26876,2.26898,442
2025-03-31 05:15:00,2.26897,2.2693,2.26844,2.26882,437
2025-03-31 05:20:00,2.26882,2.26912,2.2682700000000002,2.26905,451
2025-03-31 05:25:00,2.26893,2.26985,2.26886,2.26977,426
2025-03-31 05:30:00,2.26977,2.26991,2.26906,2.26975,468
2025-03-31 05:35:00,2.26975,2.2701700000000002,2.26948,2.26983,332
2025-03-31 05:40:00,2.26988,2.27046,2.26961,2.27009,296
2025-03-31 05:45:00,2.27002,2.27004,2.26946,2.26961,336
2025-03-31 05:50:00,2.26961,2.26995,2.26958,2.2696899999999998,354
2025-03-31 05:55:00,2.2696899999999998,2.27007,2.26942,2.26998,250
2025-03-31 06:00:00,2.26998,2.27016,2.26961,2.26989,266
2025-03-31 06:05:00,2.26993,2.27044,2.26965,2.27007,357
2025-03-31 06:10:00,2.26997,2.2705,2.2697,2.26984,351
2025-03-31 06:15:00,2.26982,2.27036,2.26978,2.26978,416
2025-03-31 06:20:00,2.2697599999999998,2.2699,2.26905,2.26911,307
2025-03-31 06:25:00,2.26911,2.26934,2.26873,2.26904,414
2025-03-31 06:30:00,2.26902,2.26943,2.26874,2.26903,303
2025-03-31 06:35:00,2.26902,2.26967,2.26897,2.26948,230
2025-03-31 06:40:00,2.26948,2.26953,2.26901,2.26909,164
2025-03-31 06:45:00,2.26909,2.26967,2.26893,2.26953,267
2025-03-31 06:50:00,2.26953,2.26982,2.26923,2.26962,300
2025-03-31 06:55:00,2.26962,2.26975,2.26938,2.26965,191
2025-03-31 07:00:00,2.26965,2.2697,2.26933,2.26939,242
2025-03-31 07:05:00,2.26939,2.27009,2.26935,2.2697599999999998,276
2025-03-31 07:10:00,2.26978,2.27046,2.26971,2.27033,262
2025-03-31 07:15:00,2.27033,2.27067,2.27031,2.2705,209
2025-03-31 07:20:00,2.27058,2.27061,2.27007,2.27042,222
2025-03-31 07:25:00,2.27042,2.27061,2.27004,2.27011,296
2025-03-31 07:30:00,2.27011,2.27054,2.27009,2.27014,246
2025-03-31 07:35:00,2.27014,2.2702,2.26961,2.26973,217
2025-03-31 07:40:00,2.26977,2.27025,2.26972,2.26983,281
2025-03-31 07:45:00,2.26983,2.27043,2.26968,2.27019,226
2025-03-31 07:50:00,2.27019,2.27051,2.26997,2.27023,235
2025-03-31 07:55:00,2.27023,2.27025,2.26995,2.2701700000000002,212
2025-03-31 08:00:00,2.2701700000000002,2.27031,2.26967,2.26997,346
2025-03-31 08:05:00,2.26997,2.26999,2.26935,2.26979,342
2025-03-31 08:10:00,2.2696,2.26966,2.26913,2.26918,371
2025-03-31 08:15:00,2.26916,2.26938,2.26881,2.2688800000000002,166
2025-03-31 08:20:00,2.26892,2.26902,2.26839,2.26852,216
2025-03-31 08:25:00,2.26852,2.26859,2.26796,2.26801,298
2025-03-31 08:30:00,2.26799,2.26862,2.26797,2.26856,308
2025-03-31 08:35:00,2.26858,2.26877,2.2677300000000002,2.2677300000000002,260
2025-03-31 08:40:00,2.26775,2.2682700000000002,2.26761,2.26816,301
2025-03-31 08:45:00,2.26799,2.26829,2.26777,2.26788,292
2025-03-31 08:50:00,2.26788,2.26819,2.26764,2.26797,232
2025-03-31 08:55:00,2.26803,2.26869,2.26794,2.26865,343
2025-03-31 09:00:00,2.26848,2.26904,2.26818,2.26861,472
2025-03-31 09:05:00,2.26868,2.26917,2.26832,2.26839,589
2025-03-31 09:10:00,2.26844,2.26954,2.26836,2.26924,552
2025-03-31 09:15:00,2.26928,2.26975,2.26906,2.26935,333
2025-03-31 09:20:00,2.26933,2.26955,2.26882,2.26942,458
2025-03-31 09:25:00,2.2694,2.26998,2.26921,2.26937,470
2025-03-31 09:30:00,2.26939,2.26943,2.2673,2.2674,458
2025-03-31 09:35:00,2.2674,2.26749,2.26661,2.26749,456
2025-03-31 09:40:00,2.26749,2.26787,2.26625,2.26654,368
2025-03-31 09:45:00,2.26654,2.2671,2.26636,2.26669,483
2025-03-31 09:50:00,2.26669,2.2669,2.2664,2.2665100000000002,465
2025-03-31 09:55:00,2.2665,2.26806,2.26629,2.26787,509
2025-03-31 10:00:00,2.2677899999999998,2.2677899999999998,2.26599,2.2660299999999998,714
2025-03-31 10:05:00,2.2660299999999998,2.26679,2.2659000000000002,2.26616,656
2025-03-31 10:10:00,2.26612,2.26728,2.26604,2.26692,627
2025-03-31 10:15:00,2.26687,2.26763,2.2668,2.26752,750
2025-03-31 10:20:00,2.26754,2.26939,2.26742,2.26935,637
2025-03-31 10:25:00,2.26937,2.26962,2.26911,2.26953,532
2025-03-31 10:30:00,2.26955,2.2707800000000002,2.2695,2.27059,560
2025-03-31 10:35:00,2.27058,2.2725,2.27051,2.2721,579
2025-03-31 10:40:00,2.2721,2.27278,2.2719300000000002,2.27265,592
2025-03-31 10:45:00,2.27271,2.27356,2.2727,2.27348,586
2025-03-31 10:50:00,2.27352,2.27391,2.27287,2.27296,532
2025-03-31 10:55:00,2.27294,2.27344,2.27283,2.27295,601
2025-03-31 11:00:00,2.27295,2.27401,2.27285,2.2737,626
2025-03-31 11:05:00,2.27371,2.27416,2.27326,2.27367,569
2025-03-31 11:10:00,2.27365,2.27395,2.27284,2.27389,549
2025-03-31 11:15:00,2.27393,2.2751799999999998,2.27393,2.27491,572
2025-03-31 11:20:00,2.27495,2.2753,2.27415,2.27493,423
2025-03-31 11:25:00,2.27488,2.27502,2.27329,2.27334,497
2025-03-31 11:30:00,2.27336,2.27421,2.27303,2.27411,526
2025-03-31 11:35:00,2.27407,2.27448,2.27375,2.27441,417
2025-03-31 11:40:00,2.27438,2.27486,2.27432,2.27466,468
2025-03-31 11:45:00,2.27467,2.27487,2.2738300000000002,2.27421,443
2025-03-31 11:50:00,2.27421,2.27492,2.27421,2.2744400000000002,419
2025-03-31 11:55:00,2.27446,2.275,2.27416,2.27489,476
2025-03-31 12:00:00,2.27489,2.27499,2.27357,2.27361,427
2025-03-31 12:05:00,2.27361,2.2738,2.27327,2.27363,380
2025-03-31 12:10:00,2.27361,2.27364,2.27252,2.2728099999999998,430
2025-03-31 12:15:00,2.27284,2.27442,2.2727,2.27412,375
2025-03-31 12:20:00,2.27409,2.2746399999999998,2.27368,2.2746399999999998,359
2025-03-31 12:25:00,2.2746399999999998,2.27491,2.27439,2.27466,295
2025-03-31 12:30:00,2.27468,2.27551,2.2746399999999998,2.27465,329
2025-03-31 12:35:00,2.27466,2.27522,2.27431,2.27514,362
2025-03-31 12:40:00,2.27512,2.27549,2.27467,2.27495,334
2025-03-31 12:45:00,2.27495,2.27507,2.2733499999999998,2.27337,471
2025-03-31 12:50:00,2.27339,2.27374,2.27324,2.27357,451
2025-03-31 12:55:00,2.27352,2.27434,2.27349,2.27356,413
2025-03-31 13:00:00,2.27354,2.27392,2.27338,2.27385,348
2025-03-31 13:05:00,2.2738300000000002,2.27406,2.2736,2.27395,367
2025-03-31 13:10:00,2.27393,2.27431,2.27297,2.2731,432
2025-03-31 13:15:00,2.27306,2.274,2.27291,2.2737600000000002,430
2025-03-31 13:20:00,2.2738,2.2744,2.27361,2.27379,383
2025-03-31 13:25:00,2.27371,2.27484,2.27365,2.2746399999999998,386
2025-03-31 13:30:00,2.2746399999999998,2.27521,2.27426,2.2749800000000002,328
2025-03-31 13:35:00,2.27489,2.27522,2.27465,2.27465,363
2025-03-31 13:40:00,2.27466,2.27549,2.27462,2.27474,372
2025-03-31 13:45:00,2.27474,2.27514,2.27472,2.27488,367
2025-03-31 13:50:00,2.27488,2.27511,2.2745699999999998,2.27495,426
2025-03-31 13:55:00,2.27499,2.27519,2.27456,2.27461,455
2025-03-31 14:00:00,2.27452,2.27461,2.27374,2.27374,444
2025-03-31 14:05:00,2.27374,2.27411,2.27352,2.27406,301
2025-03-31 14:10:00,2.27408,2.2746,2.27379,2.27413,358
2025-03-31 14:15:00,2.27415,2.2746399999999998,2.27407,2.27461,380
2025-03-31 14:20:00,2.27461,2.27542,2.2743700000000002,2.2754,452
2025-03-31 14:25:00,2.27542,2.2755,2.27459,2.27483,450
2025-03-31 14:30:00,2.27483,2.27622,2.27481,2.27622,440
2025-03-31 14:35:00,2.2762000000000002,2.27649,2.27603,2.27639,400
2025-03-31 14:40:00,2.27638,2.27694,2.27623,2.27642,372
2025-03-31 14:45:00,2.27642,2.27725,2.27642,2.27714,363
2025-03-31 14:50:00,2.27718,2.27764,2.27717,2.27742,309
2025-03-31 14:55:00,2.27744,2.27777,2.27729,2.27731,327
2025-03-31 15:00:00,2.27731,2.27908,2.27731,2.27904,368
2025-03-31 15:05:00,2.27904,2.27931,2.27814,2.27832,431
2025-03-31 15:10:00,2.27831,2.27927,2.27789,2.27921,427
2025-03-31 15:15:00,2.27919,2.2793200000000002,2.27892,2.27918,348
2025-03-31 15:20:00,2.27916,2.2793,2.27841,2.27842,368
2025-03-31 15:25:00,2.27842,2.27901,2.27825,2.27839,445
2025-03-31 15:30:00,2.27839,2.27846,2.27767,2.27798,381
2025-03-31 15:35:00,2.27804,2.27905,2.27796,2.27842,439
2025-03-31 15:40:00,2.2784,2.27852,2.27798,2.2784,347
2025-03-31 15:45:00,2.27836,2.27907,2.27799,2.27907,485
2025-03-31 15:50:00,2.27906,2.2797,2.27866,2.27968,527
2025-03-31 15:55:00,2.27968,2.28041,2.27935,2.28041,552
2025-03-31 16:00:00,2.28041,2.28097,2.27963,2.2808,561
2025-03-31 16:05:00,2.28078,2.28087,2.27971,2.27987,493
2025-03-31 16:10:00,2.27987,2.28018,2.27961,2.2799,413
2025-03-31 16:15:00,2.2799,2.28083,2.2795,2.28079,420
2025-03-31 16:20:00,2.28087,2.28155,2.28073,2.28137,454
2025-03-31 16:25:00,2.28137,2.28165,2.28064,2.28079,441
2025-03-31 16:30:00,2.28085,2.28202,2.28063,2.28167,622
2025-03-31 16:35:00,2.28168,2.28299,2.28149,2.28277,567
2025-03-31 16:40:00,2.28277,2.28367,2.28277,2.28342,480
2025-03-31 16:45:00,2.28342,2.28364,2.28279,2.28286,565
2025-03-31 16:50:00,2.28282,2.28364,2.28222,2.28255,627
2025-03-31 16:55:00,2.28256,2.28265,2.28157,2.2818,663
2025-03-31 17:00:00,2.2818,2.28229,2.2816,2.28228,614
2025-03-31 17:05:00,2.28228,2.28288,2.28175,2.28281,622
2025-03-31 17:10:00,2.28281,2.28316,2.28216,2.28284,644
2025-03-31 17:15:00,2.28284,2.28337,2.28267,2.28287,583
2025-03-31 17:20:00,2.28292,2.28314,2.28252,2.28301,585
2025-03-31 17:25:00,2.28302,2.28419,2.28273,2.28355,636
2025-03-31 17:30:00,2.2836,2.28368,2.28281,2.28361,623
2025-03-31 17:35:00,2.28357,2.28418,2.28301,2.28302,690
2025-03-31 17:40:00,2.283,2.28371,2.28262,2.28346,591
2025-03-31 17:45:00,2.28344,2.284,2.2819,2.28252,655
2025-03-31 17:50:00,2.28253,2.2836600000000002,2.28129,2.28155,939
2025-03-31 17:55:00,2.28155,2.28157,2.27813,2.27896,1038
2025-03-31 18:00:00,2.27897,2.27918,2.27716,2.27783,926
2025-03-31 18:05:00,2.27784,2.27874,2.27703,2.27827,612
2025-03-31 18:10:00,2.27827,2.27855,2.27777,2.27791,914
2025-03-31 18:15:00,2.27791,2.27832,2.27763,2.27775,651
2025-03-31 18:20:00,2.27777,2.27897,2.27772,2.27846,601
2025-03-31 18:25:00,2.27844,2.27895,2.27843,2.27878,511
2025-03-31 18:30:00,2.27876,2.27877,2.27767,2.27795,577
2025-03-31 18:35:00,2.27795,2.27808,2.27718,2.27764,549
2025-03-31 18:40:00,2.2776899999999998,2.27837,2.2776199999999998,2.27796,471
2025-03-31 18:45:00,2.27796,2.27799,2.27684,2.27703,581
2025-03-31 18:50:00,2.27707,2.27751,2.27702,2.27705,496
2025-03-31 18:55:00,2.277,2.27718,2.2752499999999998,2.27555,726
2025-03-31 19:00:00,2.27562,2.27584,2.27469,2.27484,615
2025-03-31 19:05:00,2.27483,2.27573,2.27467,2.27531,523
2025-03-31 19:10:00,2.27535,2.27588,2.27517,2.27574,467
2025-03-31 19:15:00,2.27574,2.27585,2.2746399999999998,2.27495,431
2025-03-31 19:20:00,2.27495,2.27536,2.27455,2.27492,464
2025-03-31 19:25:00,2.27492,2.27542,2.27454,2.27533,673
2025-03-31 19:30:00,2.27533,2.27536,2.27448,2.27504,471
2025-03-31 19:35:00,2.2749,2.27515,2.27439,2.27447,469
2025-03-31 19:40:00,2.27441,2.27547,2.2742,2.27541,510
2025-03-31 19:45:00,2.27541,2.27551,2.2748,2.2755,359
2025-03-31 19:50:00,2.2755,2.2759,2.27521,2.27554,398
2025-03-31 19:55:00,2.27564,2.27605,2.27514,2.276,511
2025-03-31 20:00:00,2.2759,2.276,2.27499,2.27499,389
2025-03-31 20:05:00,2.27499,2.27543,2.27492,2.27509,406
2025-03-31 20:10:00,2.27509,2.27545,2.27497,2.2751799999999998,381
2025-03-31 20:15:00,2.2751799999999998,2.27571,2.27501,2.27568,371
2025-03-31 20:20:00,2.27568,2.27613,2.27528,2.27573,471
2025-03-31 20:25:00,2.27572,2.27588,2.27532,2.27538,394
2025-03-31 20:30:00,2.2754,2.27598,2.27522,2.27583,369
2025-03-31 20:35:00,2.27587,2.27613,2.27537,2.27561,290
2025-03-31 20:40:00,2.27561,2.27594,2.27537,2.27587,337
2025-03-31 20:45:00,2.27587,2.27667,2.27556,2.27642,310
2025-03-31 20:50:00,2.27642,2.2766,2.27601,2.2763999999999998,270
2025-03-31 20:55:00,2.2763999999999998,2.27645,2.2758599999999998,2.27623,291
2025-03-31 21:00:00,2.27622,2.27648,2.27506,2.27538,427
2025-03-31 21:05:00,2.27539,2.27581,2.27502,2.27523,334
2025-03-31 21:10:00,2.2752499999999998,2.27591,2.27493,2.27584,346
2025-03-31 21:15:00,2.27584,2.27607,2.27451,2.27451,411
2025-03-31 21:20:00,2.27455,2.27497,2.2744,2.27486,348
2025-03-31 21:25:00,2.27486,2.27506,2.2746,2.27468,373
2025-03-31 21:30:00,2.27468,2.27494,2.27402,2.27424,405
2025-03-31 21:35:00,2.27424,2.27468,2.27411,2.27448,322
2025-03-31 21:40:00,2.27448,2.2746399999999998,2.27389,2.27415,312
2025-03-31 21:45:00,2.27414,2.27467,2.27397,2.27439,318
2025-03-31 21:50:00,2.27439,2.27441,2.27395,2.27415,285
2025-03-31 21:55:00,2.27417,2.27456,2.27386,2.27412,392
2025-03-31 22:00:00,2.27412,2.27443,2.2740299999999998,2.27413,322
2025-03-31 22:05:00,2.27417,2.2745699999999998,2.27377,2.27455,181
2025-03-31 22:10:00,2.2745699999999998,2.27474,2.27408,2.2744400000000002,237
2025-03-31 22:15:00,2.2744400000000002,2.27475,2.2742,2.2744400000000002,288
2025-03-31 22:20:00,2.27442,2.27459,2.27422,2.27453,240
2025-03-31 22:25:00,2.27458,2.27494,2.27427,2.27477,291
2025-03-31 22:30:00,2.27477,2.27499,2.27434,2.2743700000000002,326
2025-03-31 22:35:00,2.27417,2.27495,2.2741,2.27489,363
2025-03-31 22:40:00,2.27493,2.27496,2.27425,2.27443,314
2025-03-31 22:45:00,2.27445,2.27497,2.27423,2.27495,291
2025-03-31 22:50:00,2.27493,2.27546,2.2746399999999998,2.27482,352
2025-03-31 22:55:00,2.27488,2.27514,2.27451,2.27503,431
2025-03-31 23:00:00,2.27499,2.27536,2.27451,2.27459,444
2025-03-31 23:05:00,2.27459,2.27484,2.27426,2.27483,202
2025-03-31 23:10:00,2.27483,2.27485,2.27413,2.27421,239
2025-03-31 23:15:00,2.27423,2.27461,2.27414,2.2744,164
2025-03-31 23:20:00,2.2744,2.2744,2.27406,2.2742,104
2025-03-31 23:25:00,2.2742,2.2746,2.27388,2.27454,157
2025-03-31 23:30:00,2.27454,2.27456,2.27422,2.27442,203
2025-03-31 23:35:00,2.27434,2.27458,2.27412,2.27445,223
2025-03-31 23:40:00,2.27163,2.27186,2.27153,2.2718,158
2025-03-31 23:45:00,2.27184,2.27209,2.27178,2.27185,189
2025-03-31 23:50:00,2.27185,2.27207,2.27178,2.27203,151
2025-03-31 23:55:00,2.27203,2.27447,2.2715,2.27425,274
2025-04-01 00:00:00,2.27432,2.27539,2.2726100000000002,2.27351,13
2025-04-01 00:05:00,2.27361,2.27361,2.2725,2.27262,35
2025-04-01 00:10:00,2.27262,2.27271,2.27252,2.27265,34
2025-04-01 00:15:00,2.27265,2.27267,2.2720000000000002,2.27214,45
2025-04-01 00:20:00,2.27214,2.27232,2.27207,2.27232,42
2025-04-01 00:25:00,2.27232,2.27251,2.27205,2.27211,89
2025-04-01 00:30:00,2.27219,2.27226,2.2720000000000002,2.27207,80
2025-04-01 00:35:00,2.27207,2.27214,2.27179,2.27185,58
2025-04-01 00:40:00,2.27189,2.27197,2.27127,2.27134,86
2025-04-01 00:45:00,2.27136,2.27174,2.2713,2.27163,172
2025-04-01 00:50:00,2.27161,2.27192,2.2715,2.27192,122
2025-04-01 00:55:00,2.27196,2.27267,2.27181,2.27218,190
2025-04-01 01:00:00,2.2734,2.27529,2.27304,2.27523,180
2025-04-01 01:05:00,2.27523,2.27531,2.27495,2.27514,162
2025-04-01 01:10:00,2.27512,2.27532,2.27488,2.2753,190
2025-04-01 01:15:00,2.27526,2.2753,2.2748,2.27513,171
2025-04-01 01:20:00,2.27513,2.27549,2.27489,2.27548,125
2025-04-01 01:25:00,2.27544,2.27554,2.2751,2.2755,114
2025-04-01 01:30:00,2.2755,2.27581,2.27546,2.27574,102
2025-04-01 01:35:00,2.27574,2.27614,2.2757,2.27592,101
2025-04-01 01:40:00,2.27595,2.27629,2.27587,2.27597,73
2025-04-01 01:45:00,2.27597,2.2765,2.27597,2.27641,81
2025-04-01 01:50:00,2.27641,2.27725,2.27624,2.27725,94
2025-04-01 01:55:00,2.27725,2.27728,2.2768800000000002,2.27726,68
2025-04-01 02:00:00,2.27726,2.27726,2.27672,2.27695,115
2025-04-01 02:05:00,2.27695,2.27707,2.27653,2.27653,109
2025-04-01 02:10:00,2.27657,2.2769,2.27657,2.2769,65
2025-04-01 02:15:00,2.2769,2.27692,2.27652,2.2768800000000002,96
2025-04-01 02:20:00,2.2768800000000002,2.27694,2.27606,2.27626,158
2025-04-01 02:25:00,2.27616,2.27689,2.27598,2.27689,87
2025-04-01 02:30:00,2.27689,2.27787,2.27683,2.27754,178
2025-04-01 02:35:00,2.27754,2.27754,2.27661,2.27709,153
2025-04-01 02:40:00,2.27709,2.2776,2.27709,2.27757,169
2025-04-01 02:45:00,2.27757,2.27863,2.27751,2.27859,113
2025-04-01 02:50:00,2.27859,2.27868,2.27817,2.27844,121
2025-04-01 02:55:00,2.27844,2.27863,2.27813,2.27859,186
2025-04-01 03:00:00,2.27859,2.27875,2.27801,2.27815,470
2025-04-01 03:05:00,2.27815,2.27827,2.27765,2.27802,398
2025-04-01 03:10:00,2.27802,2.27868,2.27781,2.2786,273
2025-04-01 03:15:00,2.2786,2.27869,2.27795,2.27818,280
2025-04-01 03:20:00,2.27818,2.27849,2.2779,2.27816,273
2025-04-01 03:25:00,2.27815,2.27882,2.27812,2.27859,335
2025-04-01 03:30:00,2.27865,2.2789099999999998,2.27834,2.27859,384
2025-04-01 03:35:00,2.27863,2.2788,2.27843,2.27868,324
2025-04-01 03:40:00,2.27868,2.27922,2.27841,2.27863,268
2025-04-01 03:45:00,2.27863,2.27934,2.27842,2.27902,265
2025-04-01 03:50:00,2.27902,2.2796,2.27855,2.27953,424
2025-04-01 03:55:00,2.27955,2.27992,2.27853,2.2788399999999998,402
2025-04-01 04:00:00,2.27894,2.28119,2.2788399999999998,2.28099,491
2025-04-01 04:05:00,2.28097,2.28146,2.28093,2.28117,323
2025-04-01 04:10:00,2.28117,2.28124,2.2806699999999998,2.28089,319
2025-04-01 04:15:00,2.28091,2.28107,2.28058,2.2807,363
2025-04-01 04:20:00,2.2807,2.2811,2.28032,2.28032,343
2025-04-01 04:25:00,2.28033,2.28064,2.28029,2.28052,262
2025-04-01 04:30:00,2.28052,2.28075,2.2801299999999998,2.28031,382
2025-04-01 04:35:00,2.28031,2.28086,2.2800000000000002,2.28022,293
2025-04-01 04:40:00,2.28022,2.28039,2.27916,2.27921,257
2025-04-01 04:45:00,2.27921,2.27921,2.27837,2.2787,327
2025-04-01 04:50:00,2.2787,2.27895,2.27827,2.27866,312
2025-04-01 04:55:00,2.27866,2.27874,2.27797,2.2782299999999998,277
2025-04-01 05:00:00,2.2782299999999998,2.27834,2.27737,2.27792,400
2025-04-01 05:05:00,2.27796,2.2782,2.2774900000000002,2.27785,443
2025-04-01 05:10:00,2.27785,2.27815,2.27736,2.27748,461
2025-04-01 05:15:00,2.27748,2.27799,2.27736,2.27761,453
2025-04-01 05:20:00,2.27759,2.27792,2.27718,2.2772,390
2025-04-01 05:25:00,2.27721,2.27774,2.277,2.27774,368
2025-04-01 05:30:00,2.27774,2.278,2.27729,2.27758,425
2025-04-01 05:35:00,2.27758,2.27778,2.27721,2.27773,334
2025-04-01 05:40:00,2.27777,2.27795,2.27738,2.2778,440
2025-04-01 05:45:00,2.27775,2.27809,2.27709,2.27733,363
2025-04-01 05:50:00,2.27737,2.2775,2.27694,2.2772,394
2025-04-01 05:55:00,2.27715,2.27777,2.27689,2.27752,479
2025-04-01 06:00:00,2.2775,2.278,2.27732,2.27784,370
2025-04-01 06:05:00,2.27784,2.27815,2.27726,2.27784,297
2025-04-01 06:10:00,2.27781,2.27873,2.27781,2.27865,292
2025-04-01 06:15:00,2.27869,2.2787100000000002,2.278,2.27803,224
2025-04-01 06:20:00,2.27803,2.27857,2.27791,2.27851,261
2025-04-01 06:25:00,2.27847,2.27875,2.27802,2.27821,310
2025-04-01 06:30:00,2.2782299999999998,2.27851,2.27591,2.27698,581
2025-04-01 06:35:00,2.27702,2.27771,2.27674,2.27717,333
2025-04-01 06:40:00,2.27717,2.27735,2.27679,2.2770099999999998,308
2025-04-01 06:45:00,2.2770099999999998,2.27828,2.2770099999999998,2.27818,354
2025-04-01 06:50:00,2.2782,2.27975,2.27796,2.27954,422
2025-04-01 06:55:00,2.27958,2.27969,2.27909,2.2793,335
2025-04-01 07:00:00,2.2793,2.27948,2.27901,2.27925,247
2025-04-01 07:05:00,2.27925,2.27935,2.27825,2.27836,252
2025-04-01 07:10:00,2.27836,2.27836,2.27771,2.27798,298
2025-04-01 07:15:00,2.27798,2.27805,2.27744,2.27758,199
2025-04-01 07:20:00,2.27758,2.27789,2.27753,2.27778,214
2025-04-01 07:25:00,2.27782,2.27804,2.27733,2.27796,280
2025-04-01 07:30:00,2.27796,2.27796,2.27628,2.2763,228
2025-04-01 07:35:00,2.27632,2.27639,2.27535,2.27548,254
2025-04-01 07:40:00,2.27548,2.2757,2.27453,2.27473,248
2025-04-01 07:45:00,2.2747,2.27531,2.2743700000000002,2.2745699999999998,343
2025-04-01 07:50:00,2.27456,2.2748,2.27425,2.2747,273
2025-04-01 07:55:00,2.2747,2.27474,2.27408,2.27417,355
2025-04-01 08:00:00,2.27413,2.27452,2.27393,2.27432,479
2025-04-01 08:05:00,2.27432,2.2754,2.27427,2.27533,221
2025-04-01 08:10:00,2.27533,2.27555,2.27466,2.27503,312
2025-04-01 08:15:00,2.27503,2.27526,2.27442,2.27463,352
2025-04-01 08:20:00,2.27461,2.27537,2.27453,2.27535,373
2025-04-01 08:25:00,2.27532,2.27592,2.27511,2.27588,401
2025-04-01 08:30:00,2.27592,2.27604,2.27537,2.27589,343
2025-04-01 08:35:00,2.27587,2.27625,2.27571,2.27609,280
2025-04-01 08:40:00,2.27609,2.27671,2.27601,2.27654,237
2025-04-01 08:45:00,2.27656,2.27665,2.27605,2.27626,412
2025-04-01 08:50:00,2.27624,2.27649,2.27601,2.27631,313
2025-04-01 08:55:00,2.27631,2.27684,2.27618,2.27676,448
2025-04-01 09:00:00,2.27664,2.27693,2.27632,2.27683,514
2025-04-01 09:05:00,2.27683,2.27731,2.27636,2.27721,473
2025-04-01 09:10:00,2.27719,2.27733,2.27571,2.27603,491
2025-04-01 09:15:00,2.27606,2.27652,2.2758,2.27651,395
2025-04-01 09:20:00,2.27651,2.27777,2.27637,2.27772,443
2025-04-01 09:25:00,2.27772,2.27846,2.27758,2.27834,327
2025-04-01 09:30:00,2.27832,2.27838,2.27738,2.27756,430
2025-04-01 09:35:00,2.27756,2.27789,2.27722,2.27747,432
2025-04-01 09:40:00,2.27748,2.27819,2.27734,2.27779,461
2025-04-01 09:45:00,2.27778,2.27792,2.27721,2.2776899999999998,435
2025-04-01 09:50:00,2.2776899999999998,2.2776899999999998,2.2764699999999998,2.27657,536
2025-04-01 09:55:00,2.2766,2.27727,2.27609,2.27682,494
2025-04-01 10:00:00,2.27682,2.27793,2.27655,2.27759,657
2025-04-01 10:05:00,2.27763,2.27903,2.2775,2.27851,561
2025-04-01 10:10:00,2.27851,2.27895,2.2779,2.27817,535
2025-04-01 10:15:00,2.27819,2.27847,2.27767,2.27842,544
2025-04-01 10:20:00,2.27844,2.27864,2.27706,2.27728,649
2025-04-01 10:25:00,2.27737,2.27773,2.27712,2.27741,523
2025-04-01 10:30:00,2.27744,2.27775,2.27693,2.27697,485
2025-04-01 10:35:00,2.27699,2.2771,2.27604,2.2762700000000002,509
2025-04-01 10:40:00,2.27625,2.27632,2.27523,2.2763,469
2025-04-01 10:45:00,2.27634,2.27634,2.27532,2.27557,445
2025-04-01 10:50:00,2.27557,2.27569,2.2752,2.27532,502
2025-04-01 10:55:00,2.27536,2.2756600000000002,2.27469,2.2749800000000002,574
2025-04-01 11:00:00,2.275,2.27549,2.27468,2.2752,440
2025-04-01 11:05:00,2.27522,2.27571,2.27503,2.27548,339
2025-04-01 11:10:00,2.27539,2.27573,2.27516,2.27551,381
2025-04-01 11:15:00,2.27551,2.27592,2.2752,2.27545,472
2025-04-01 11:20:00,2.27548,2.27616,2.2754,2.27611,577
2025-04-01 11:25:00,2.27611,2.27625,2.27553,2.27591,354
2025-04-01 11:30:00,2.27595,2.2766,2.27565,2.27633,348
2025-04-01 11:35:00,2.27636,2.27693,2.2763,2.27693,410
2025-04-01 11:40:00,2.27695,2.27726,2.2761,2.2761,370
2025-04-01 11:45:00,2.27616,2.27639,2.27588,2.27606,414
2025-04-01 11:50:00,2.27608,2.27654,2.27588,2.27596,331
2025-04-01 11:55:00,2.27598,2.27611,2.2754,2.27565,356
2025-04-01 12:00:00,2.27563,2.27569,2.27429,2.2743700000000002,485
2025-04-01 12:05:00,2.27442,2.27603,2.27415,2.27582,503
2025-04-01 12:10:00,2.27582,2.27687,2.27575,2.2766,377
2025-04-01 12:15:00,2.27657,2.2768,2.27593,2.27599,514
2025-04-01 12:20:00,2.27603,2.27622,2.27539,2.27546,492
2025-04-01 12:25:00,2.27546,2.27568,2.27523,2.27533,400
2025-04-01 12:30:00,2.27529,2.27565,2.27489,2.2752,388
2025-04-01 12:35:00,2.27528,2.27577,2.27462,2.27577,367
2025-04-01 12:40:00,2.27577,2.27589,2.27527,2.27581,449
2025-04-01 12:45:00,2.2757899999999998,2.27596,2.27542,2.2757899999999998,336
2025-04-01 12:50:00,2.2757899999999998,2.27611,2.27554,2.27601,425
2025-04-01 12:55:00,2.27601,2.27615,2.2753,2.27601,413
2025-04-01 13:00:00,2.276,2.27609,2.27512,2.27512,647
2025-04-01 13:05:00,2.27512,2.27594,2.27508,2.27572,732
2025-04-01 13:10:00,2.27572,2.27592,2.2746,2.27551,784
2025-04-01 13:15:00,2.27553,2.27582,2.27531,2.27554,480
2025-04-01 13:20:00,2.27546,2.27548,2.2745699999999998,2.27506,550
2025-04-01 13:25:00,2.2750500000000002,2.27516,2.27472,2.27487,442
2025-04-01 13:30:00,2.27481,2.27536,2.27473,2.27501,442
2025-04-01 13:35:00,2.27501,2.27662,2.2749,2.27653,487
2025-04-01 13:40:00,2.27649,2.27676,2.27593,2.27619,474
2025-04-01 13:45:00,2.27614,2.2762700000000002,2.27554,2.2756600000000002,401
2025-04-01 13:50:00,2.27564,2.27611,2.27547,2.27597,410
2025-04-01 13:55:00,2.27599,2.27603,2.27406,2.27409,591
2025-04-01 14:00:00,2.27411,2.27454,2.27369,2.27404,595
2025-04-01 14:05:00,2.27406,2.27459,2.2739599999999998,2.27459,431
2025-04-01 14:10:00,2.27461,2.27467,2.27425,2.27456,497
2025-04-01 14:15:00,2.2745699999999998,2.27501,2.27411,2.27492,423
2025-04-01 14:20:00,2.27493,2.27494,2.27432,2.27475,437
2025-04-01 14:25:00,2.27479,2.27509,2.27438,2.27455,513
2025-04-01 14:30:00,2.27461,2.27461,2.2731,2.27351,444
2025-04-01 14:35:00,2.27351,2.27362,2.27168,2.27203,495
2025-04-01 14:40:00,2.27207,2.27231,2.27134,2.27134,521
2025-04-01 14:45:00,2.27134,2.27236,2.27117,2.2720000000000002,536
2025-04-01 14:50:00,2.27192,2.27317,2.27185,2.2727,440
2025-04-01 14:55:00,2.2727,2.27279,2.27125,2.2713200000000002,574
2025-04-01 15:00:00,2.27129,2.27224,2.27103,2.27131,565
2025-04-01 15:05:00,2.27131,2.27137,2.27015,2.27052,381
2025-04-01 15:10:00,2.27052,2.27064,2.2699,2.27029,394
2025-04-01 15:15:00,2.27026,2.27051,2.26978,2.26997,414
2025-04-01 15:20:00,2.27001,2.27039,2.26977,2.27022,527
2025-04-01 15:25:00,2.27024,2.27056,2.26945,2.26961,402
2025-04-01 15:30:00,2.26957,2.26965,2.26869,2.26932,424
2025-04-01 15:35:00,2.26921,2.26951,2.26889,2.26927,425
2025-04-01 15:40:00,2.26923,2.2695,2.26855,2.26944,419
2025-04-01 15:45:00,2.26946,2.26993,2.26931,2.26978,358
2025-04-01 15:50:00,2.2697599999999998,2.26984,2.26938,2.2694,392
2025-04-01 15:55:00,2.26937,2.26984,2.2691,2.26965,531
2025-04-01 16:00:00,2.26965,2.27004,2.26941,2.26995,523
2025-04-01 16:05:00,2.26997,2.27035,2.26953,2.26987,494
2025-04-01 16:10:00,2.26987,2.27048,2.26975,2.2702999999999998,469
2025-04-01 16:15:00,2.2702999999999998,2.27064,2.26987,2.27011,480
2025-04-01 16:20:00,2.27008,2.27045,2.26972,2.27003,391
2025-04-01 16:25:00,2.27003,2.27033,2.26977,2.26992,460
2025-04-01 16:30:00,2.26993,2.27061,2.26981,2.27059,692
2025-04-01 16:35:00,2.27059,2.27105,2.26973,2.26985,614
2025-04-01 16:40:00,2.26983,2.27022,2.26928,2.2694,441
2025-04-01 16:45:00,2.26939,2.26974,2.26841,2.2689,591
2025-04-01 16:50:00,2.26894,2.26936,2.26831,2.26863,639
2025-04-01 16:55:00,2.26863,2.2693,2.2683,2.26882,581
2025-04-01 17:00:00,2.26864,2.2689500000000002,2.26624,2.2689500000000002,864
2025-04-01 17:05:00,2.26893,2.26913,2.2682700000000002,2.26842,804
2025-04-01 17:10:00,2.26842,2.26942,2.26826,2.26914,784
2025-04-01 17:15:00,2.26914,2.26917,2.26692,2.26716,751
2025-04-01 17:20:00,2.26716,2.26799,2.26673,2.26774,723
2025-04-01 17:25:00,2.26774,2.26776,2.26716,2.26758,659
2025-04-01 17:30:00,2.26756,2.26769,2.26692,2.26694,715
2025-04-01 17:35:00,2.26693,2.26708,2.26486,2.26497,682
2025-04-01 17:40:00,2.26501,2.26541,2.2645,2.26475,684
2025-04-01 17:45:00,2.26467,2.26539,2.26392,2.26499,654
2025-04-01 17:50:00,2.26496,2.26636,2.26357,2.26608,893
2025-04-01 17:55:00,2.26611,2.2666399999999998,2.26585,2.26633,790
2025-04-01 18:00:00,2.26633,2.26666,2.26564,2.26614,750
2025-04-01 18:05:00,2.26612,2.26702,2.26589,2.26653,637
2025-04-01 18:10:00,2.26654,2.26696,2.26602,2.26665,652
2025-04-01 18:15:00,2.26663,2.26703,2.26606,2.2665100000000002,638
2025-04-01 18:20:00,2.26653,2.26689,2.26593,2.26668,607
2025-04-01 18:25:00,2.26667,2.26745,2.26667,2.26692,409
2025-04-01 18:30:00,2.26695,2.26695,2.2655,2.26584,459
2025-04-01 18:35:00,2.26584,2.26601,2.2653499999999998,2.26575,522
2025-04-01 18:40:00,2.26579,2.2661,2.26541,2.26577,617
2025-04-01 18:45:00,2.26577,2.26621,2.26571,2.26589,534
2025-04-01 18:50:00,2.26591,2.266,2.26558,2.26577,522
2025-04-01 18:55:00,2.26574,2.26592,2.26541,2.2656,594
2025-04-01 19:00:00,2.2656,2.26579,2.26524,2.26538,582
2025-04-01 19:05:00,2.26539,2.26552,2.26503,2.2653499999999998,553
2025-04-01 19:10:00,2.26536,2.26582,2.26497,2.26553,543
2025-04-01 19:15:00,2.26551,2.26636,2.2652,2.26617,488
2025-04-01 19:20:00,2.26619,2.26662,2.2659599999999998,2.26616,489
2025-04-01 19:25:00,2.26616,2.26696,2.26616,2.26682,435
2025-04-01 19:30:00,2.26684,2.26745,2.26653,2.2672499999999998,489
2025-04-01 19:35:00,2.26721,2.26775,2.26688,2.26747,446
2025-04-01 19:40:00,2.26751,2.26859,2.2673,2.26844,420
2025-04-01 19:45:00,2.26844,2.26889,2.26837,2.26872,400
2025-04-01 19:50:00,2.26872,2.2689,2.26806,2.26837,395
2025-04-01 19:55:00,2.26837,2.26862,2.26801,2.26837,365
2025-04-01 20:00:00,2.26843,2.26879,2.26818,2.26866,366
2025-04-01 20:05:00,2.26866,2.26915,2.2683400000000002,2.26866,395
2025-04-01 20:10:00,2.2687,2.269,2.26807,2.26822,403
2025-04-01 20:15:00,2.26822,2.26861,2.26789,2.26854,385
2025-04-01 20:20:00,2.26853,2.26863,2.26789,2.26824,363
2025-04-01 20:25:00,2.26828,2.2688,2.26815,2.26856,424
2025-04-01 20:30:00,2.26852,2.26874,2.26813,2.2684,358
2025-04-01 20:35:00,2.2684,2.26864,2.26813,2.26836,261
2025-04-01 20:40:00,2.2684,2.2686,2.26794,2.26809,285
2025-04-01 20:45:00,2.26809,2.26819,2.2677300000000002,2.26774,277
2025-04-01 20:50:00,2.26778,2.26839,2.26769,2.26833,211
2025-04-01 20:55:00,2.26833,2.26886,2.2681,2.26872,275
2025-04-01 21:00:00,2.26875,2.26932,2.26856,2.269,498
2025-04-01 21:05:00,2.26902,2.26961,2.26884,2.26954,455
2025-04-01 21:10:00,2.26952,2.26961,2.26912,2.26938,324
2025-04-01 21:15:00,2.26936,2.26994,2.26922,2.26941,320
2025-04-01 21:20:00,2.26941,2.2696899999999998,2.2692,2.26945,275
2025-04-01 21:25:00,2.26946,2.26962,2.26912,2.26942,258
2025-04-01 21:30:00,2.26938,2.26942,2.26868,2.26913,379
2025-04-01 21:35:00,2.26913,2.26926,2.26851,2.26915,345
2025-04-01 21:40:00,2.26915,2.26936,2.26878,2.26927,331
2025-04-01 21:45:00,2.26927,2.26933,2.26871,2.26916,268
2025-04-01 21:50:00,2.26916,2.26939,2.26881,2.26884,290
2025-04-01 21:55:00,2.26884,2.26898,2.26846,2.26862,414
2025-04-01 22:00:00,2.2686,2.2686,2.26821,2.26833,266
2025-04-01 22:05:00,2.26833,2.26837,2.2673,2.26751,300
2025-04-01 22:10:00,2.26739,2.26761,2.26716,2.26739,252
2025-04-01 22:15:00,2.26743,2.26745,2.26684,2.2672499999999998,310
2025-04-01 22:20:00,2.2672499999999998,2.26737,2.26655,2.26656,270
2025-04-01 22:25:00,2.26654,2.26765,2.26652,2.26753,294
2025-04-01 22:30:00,2.26761,2.2676600000000002,2.26696,2.26729,307
2025-04-01 22:35:00,2.26729,2.26731,2.26671,2.26686,291
2025-04-01 22:40:00,2.26686,2.26696,2.26661,2.26671,213
2025-04-01 22:45:00,2.26671,2.26689,2.26632,2.26652,176
2025-04-01 22:50:00,2.26649,2.26722,2.26643,2.26692,267
2025-04-01 22:55:00,2.26694,2.2671,2.2664400000000002,2.26649,341
2025-04-01 23:00:00,2.26649,2.26661,2.26627,2.26661,210
2025-04-01 23:05:00,2.26661,2.2668,2.26624,2.2664400000000002,187
2025-04-01 23:10:00,2.26646,2.26656,2.26592,2.26624,116
2025-04-01 23:15:00,2.26624,2.2668,2.26622,2.26674,103
2025-04-01 23:20:00,2.26674,2.26684,2.26649,2.26671,124
2025-04-01 23:25:00,2.26671,2.26714,2.26667,2.26681,101
2025-04-01 23:30:00,2.26681,2.26723,2.26671,2.26723,87
2025-04-01 23:35:00,2.26723,2.26741,2.26684,2.26733,117
2025-04-01 23:40:00,2.26733,2.26733,2.26443,2.26469,51
2025-04-01 23:45:00,2.26465,2.26471,2.26372,2.26394,427
2025-04-01 23:50:00,2.26396,2.26414,2.26351,2.26409,442
2025-04-01 23:55:00,2.26404,2.26679,2.26353,2.26628,378
2025-04-02 00:00:00,2.26375,2.26538,2.26261,2.26531,12
2025-04-02 00:05:00,2.26431,2.26431,2.26227,2.26399,60
2025-04-02 00:10:00,2.2640000000000002,2.26541,2.26397,2.26498,50
2025-04-02 00:15:00,2.265,2.26509,2.2646,2.2646100000000002,78
2025-04-02 00:20:00,2.2646100000000002,2.26545,2.2646100000000002,2.26512,110
2025-04-02 00:25:00,2.2651,2.26512,2.26456,2.2646,58
2025-04-02 00:30:00,2.26463,2.26463,2.26412,2.26416,69
2025-04-02 00:35:00,2.26414,2.26421,2.26392,2.2641,82
2025-04-02 00:40:00,2.2641,2.26457,2.26401,2.26456,114
2025-04-02 00:45:00,2.26458,2.2646,2.26435,2.26444,86
2025-04-02 00:50:00,2.2644,2.2646100000000002,2.26408,2.26434,103
2025-04-02 00:55:00,2.2643,2.26442,2.26416,2.26442,87
2025-04-02 01:00:00,2.26576,2.26638,2.265,2.26618,384
2025-04-02 01:05:00,2.26588,2.26659,2.26573,2.2664,257
2025-04-02 01:10:00,2.26632,2.26638,2.26526,2.2654,257
2025-04-02 01:15:00,2.2654,2.2654,2.26401,2.26435,245
2025-04-02 01:20:00,2.26435,2.26454,2.26326,2.2639,212
2025-04-02 01:25:00,2.26372,2.26425,2.26356,2.26425,164
2025-04-02 01:30:00,2.26425,2.26489,2.26399,2.26423,190
2025-04-02 01:35:00,2.26423,2.26451,2.26402,2.26446,160
2025-04-02 01:40:00,2.26446,2.26463,2.26424,2.26432,74
2025-04-02 01:45:00,2.26435,2.26446,2.26406,2.26436,86
2025-04-02 01:50:00,2.26436,2.2645,2.26422,2.26424,62
2025-04-02 01:55:00,2.26424,2.26449,2.2640700000000002,2.26446,111
2025-04-02 02:00:00,2.26446,2.26493,2.26416,2.26455,208
2025-04-02 02:05:00,2.26455,2.2651,2.26455,2.2648099999999998,121
2025-04-02 02:10:00,2.26485,2.26521,2.26479,2.2649,185
2025-04-02 02:15:00,2.26488,2.265,2.2641999999999998,2.2643,119
2025-04-02 02:20:00,2.26432,2.26432,2.26343,2.26378,144
2025-04-02 02:25:00,2.26382,2.2641,2.26322,2.2634,193
2025-04-02 02:30:00,2.26336,2.26353,2.2621,2.26231,226
2025-04-02 02:35:00,2.26231,2.26294,2.26224,2.26275,184
2025-04-02 02:40:00,2.2628,2.26292,2.26224,2.26236,150
2025-04-02 02:45:00,2.26236,2.26241,2.26183,2.26193,134
2025-04-02 02:50:00,2.26193,2.26193,2.26111,2.26159,184
2025-04-02 02:55:00,2.26159,2.26183,2.26146,2.2616899999999998,126
2025-04-02 03:00:00,2.26167,2.26281,2.26159,2.26167,464
2025-04-02 03:05:00,2.26163,2.2619,2.26131,2.26181,359
2025-04-02 03:10:00,2.26178,2.26202,2.26129,2.26142,373
2025-04-02 03:15:00,2.26138,2.26154,2.26094,2.26096,344
2025-04-02 03:20:00,2.26096,2.26248,2.2608800000000002,2.2624,324
2025-04-02 03:25:00,2.26242,2.26277,2.2621700000000002,2.26264,361
2025-04-02 03:30:00,2.2626,2.26337,2.26249,2.26294,383
2025-04-02 03:35:00,2.26292,2.26337,2.26275,2.26294,268
2025-04-02 03:40:00,2.26294,2.26294,2.262,2.26214,216
2025-04-02 03:45:00,2.26212,2.26252,2.26184,2.26201,260
2025-04-02 03:50:00,2.26205,2.26221,2.26172,2.26193,269
2025-04-02 03:55:00,2.26193,2.2627800000000002,2.26193,2.26251,248
2025-04-02 04:00:00,2.26249,2.26316,2.26235,2.2624,359
2025-04-02 04:05:00,2.26253,2.26255,2.26167,2.26178,299
2025-04-02 04:10:00,2.26178,2.2618,2.26109,2.26133,184
2025-04-02 04:15:00,2.26133,2.26147,2.26102,2.26113,259
2025-04-02 04:20:00,2.26113,2.2611499999999998,2.2608,2.26112,229
2025-04-02 04:25:00,2.26112,2.26118,2.26059,2.2611,254
2025-04-02 04:30:00,2.2610799999999998,2.26133,2.26078,2.2608,321
2025-04-02 04:35:00,2.26076,2.26078,2.25979,2.26063,356
2025-04-02 04:40:00,2.26055,2.26067,2.25964,2.26029,329
2025-04-02 04:45:00,2.26031,2.26057,2.25974,2.26033,288
2025-04-02 04:50:00,2.26035,2.26042,2.25984,2.25992,324
2025-04-02 04:55:00,2.25996,2.26017,2.25917,2.2598,351
2025-04-02 05:00:00,2.2598,2.26036,2.25961,2.25972,353
2025-04-02 05:05:00,2.25972,2.25978,2.25915,2.25954,335
2025-04-02 05:10:00,2.25954,2.25965,2.25829,2.25863,276
2025-04-02 05:15:00,2.25863,2.2596,2.25861,2.25933,311
2025-04-02 05:20:00,2.25941,2.2595,2.25886,2.2591200000000002,277
2025-04-02 05:25:00,2.25911,2.25951,2.25888,2.2590500000000002,242
2025-04-02 05:30:00,2.25909,2.25979,2.2587,2.25964,364
2025-04-02 05:35:00,2.25964,2.2599299999999998,2.25949,2.25972,299
2025-04-02 05:40:00,2.25972,2.25979,2.25904,2.25945,323
2025-04-02 05:45:00,2.25945,2.25982,2.25935,2.25947,303
2025-04-02 05:50:00,2.25939,2.25948,2.25833,2.2587,279
2025-04-02 05:55:00,2.2587,2.25888,2.25833,2.25883,323
2025-04-02 06:00:00,2.25883,2.25889,2.25766,2.2578,337
2025-04-02 06:05:00,2.2578,2.2586399999999998,2.2578,2.25859,252
2025-04-02 06:10:00,2.25861,2.25875,2.25778,2.25804,261
2025-04-02 06:15:00,2.25805,2.2583,2.2578300000000002,2.25791,255
2025-04-02 06:20:00,2.25789,2.25797,2.25744,2.25751,182
2025-04-02 06:25:00,2.25753,2.25846,2.25751,2.25835,247
2025-04-02 06:30:00,2.25835,2.25837,2.25774,2.25786,231
2025-04-02 06:35:00,2.25786,2.25813,2.25776,2.25798,198
2025-04-02 06:40:00,2.25799,2.25816,2.25779,2.25786,179
2025-04-02 06:45:00,2.25786,2.25809,2.25745,2.2577,177
2025-04-02 06:50:00,2.2577,2.25791,2.25751,2.2577,212
2025-04-02 06:55:00,2.2577,2.25826,2.2577,2.2582,242
2025-04-02 07:00:00,2.25821,2.25848,2.25802,2.25828,223
2025-04-02 07:05:00,2.25828,2.25839,2.25812,2.25821,95
2025-04-02 07:10:00,2.25821,2.25836,2.25798,2.25833,151
2025-04-02 07:15:00,2.25825,2.25827,2.25797,2.25808,189
2025-04-02 07:20:00,2.25808,2.25833,2.25784,2.25798,120
2025-04-02 07:25:00,2.25798,2.2580299999999998,2.25776,2.25795,157
2025-04-02 07:30:00,2.25795,2.25802,2.25772,2.25785,165
2025-04-02 07:35:00,2.25785,2.25795,2.25752,2.25781,145
2025-04-02 07:40:00,2.25777,2.25793,2.25762,2.25769,191
2025-04-02 07:45:00,2.25769,2.25776,2.25683,2.25691,225
2025-04-02 07:50:00,2.25695,2.25779,2.25635,2.25779,212
2025-04-02 07:55:00,2.25777,2.25785,2.25698,2.25739,226
2025-04-02 08:00:00,2.25739,2.25784,2.25717,2.25777,250
2025-04-02 08:05:00,2.25777,2.25836,2.25767,2.25818,176
2025-04-02 08:10:00,2.25818,2.25829,2.25743,2.25757,186
2025-04-02 08:15:00,2.25753,2.25789,2.25721,2.25739,257
2025-04-02 08:20:00,2.25739,2.25741,2.2569,2.25711,169
2025-04-02 08:25:00,2.25707,2.25713,2.25665,2.25697,225
2025-04-02 08:30:00,2.25697,2.25713,2.25662,2.25687,300
2025-04-02 08:35:00,2.25687,2.25704,2.25675,2.25685,209
2025-04-02 08:40:00,2.25683,2.25717,2.25677,2.25696,256
2025-04-02 08:45:00,2.25694,2.25717,2.25657,2.25702,222
2025-04-02 08:50:00,2.25706,2.25711,2.25636,2.25671,204
2025-04-02 08:55:00,2.25671,2.25704,2.25647,2.25672,253
2025-04-02 09:00:00,2.25693,2.25716,2.2555899999999998,2.2559,414
2025-04-02 09:05:00,2.25588,2.25612,2.25504,2.25515,370
2025-04-02 09:10:00,2.25515,2.2552,2.25381,2.25399,469
2025-04-02 09:15:00,2.25394,2.25408,2.25345,2.2536,460
2025-04-02 09:20:00,2.2535600000000002,2.25361,2.25313,2.25327,383
2025-04-02 09:25:00,2.25327,2.25336,2.25282,2.25286,328
2025-04-02 09:30:00,2.25283,2.25335,2.25262,2.25303,401
2025-04-02 09:35:00,2.25303,2.25448,2.25297,2.25434,414
2025-04-02 09:40:00,2.25436,2.25519,2.2542,2.25501,409
2025-04-02 09:45:00,2.25503,2.25552,2.25499,2.2552,324
2025-04-02 09:50:00,2.25528,2.2554600000000002,2.25443,2.2551,358
2025-04-02 09:55:00,2.25508,2.25526,2.25456,2.25495,343
2025-04-02 10:00:00,2.25495,2.25495,2.25413,2.25438,454
2025-04-02 10:05:00,2.25434,2.25484,2.25421,2.25463,482
2025-04-02 10:10:00,2.25463,2.25481,2.2536300000000002,2.25377,496
2025-04-02 10:15:00,2.25381,2.25384,2.2521,2.25222,488
2025-04-02 10:20:00,2.25218,2.25226,2.25149,2.25163,429
2025-04-02 10:25:00,2.25163,2.25165,2.25113,2.25136,415
2025-04-02 10:30:00,2.25146,2.25172,2.25099,2.2512499999999998,386
2025-04-02 10:35:00,2.2511200000000002,2.25124,2.25066,2.25089,451
2025-04-02 10:40:00,2.25089,2.2513199999999998,2.25061,2.25128,310
2025-04-02 10:45:00,2.25128,2.2513199999999998,2.2507099999999998,2.25111,342
2025-04-02 10:50:00,2.25097,2.25099,2.24988,2.24993,302
2025-04-02 10:55:00,2.24993,2.25081,2.24975,2.25062,389
2025-04-02 11:00:00,2.25055,2.25102,2.25022,2.25053,348
2025-04-02 11:05:00,2.25053,2.25108,2.25029,2.25074,419
2025-04-02 11:10:00,2.2507,2.25089,2.25019,2.2504,384
2025-04-02 11:15:00,2.2504,2.251,2.25015,2.25077,367
2025-04-02 11:20:00,2.25077,2.25096,2.25024,2.25077,311
2025-04-02 11:25:00,2.25081,2.25081,2.2500999999999998,2.25024,359
2025-04-02 11:30:00,2.25023,2.251,2.24992,2.25073,391
2025-04-02 11:35:00,2.2508,2.25107,2.25033,2.25104,343
2025-04-02 11:40:00,2.25104,2.25156,2.25077,2.25141,373
2025-04-02 11:45:00,2.25141,2.25168,2.25113,2.25139,344
2025-04-02 11:50:00,2.25139,2.25161,2.25085,2.2509,351
2025-04-02 11:55:00,2.2509,2.25107,2.2504,2.25046,343
2025-04-02 12:00:00,2.25048,2.25092,2.25012,2.25078,394
2025-04-02 12:05:00,2.25078,2.25087,2.25026,2.25074,336
2025-04-02 12:10:00,2.25074,2.2512499999999998,2.25023,2.25115,421
2025-04-02 12:15:00,2.25121,2.25158,2.2505100000000002,2.2505100000000002,358
2025-04-02 12:20:00,2.25053,2.25081,2.24995,2.25075,318
2025-04-02 12:25:00,2.25075,2.25149,2.2506,2.2509,331
2025-04-02 12:30:00,2.25091,2.2513199999999998,2.2506,2.25104,299
2025-04-02 12:35:00,2.25096,2.25146,2.25093,2.25135,295
2025-04-02 12:40:00,2.25134,2.25215,2.25127,2.25197,337
2025-04-02 12:45:00,2.25195,2.25303,2.25195,2.25252,443
2025-04-02 12:50:00,2.25252,2.25296,2.25219,2.2526,446
2025-04-02 12:55:00,2.2526,2.25292,2.25243,2.25265,445
2025-04-02 13:00:00,2.25269,2.25397,2.25239,2.2533,683
2025-04-02 13:05:00,2.25324,2.25339,2.25253,2.2528,541
2025-04-02 13:10:00,2.2528,2.25285,2.25225,2.25268,389
2025-04-02 13:15:00,2.25268,2.2531499999999998,2.25242,2.25287,324
2025-04-02 13:20:00,2.25285,2.25301,2.25256,2.25275,302
2025-04-02 13:25:00,2.25273,2.25335,2.25244,2.25327,507
2025-04-02 13:30:00,2.25329,2.25343,2.25269,2.25301,467
2025-04-02 13:35:00,2.25303,2.25395,2.25298,2.25379,484
2025-04-02 13:40:00,2.25379,2.25392,2.25319,2.25345,425
2025-04-02 13:45:00,2.25347,2.25434,2.25337,2.25347,344
2025-04-02 13:50:00,2.25347,2.25405,2.25322,2.2538,410
2025-04-02 13:55:00,2.2538,2.25401,2.2534,2.25361,320
2025-04-02 14:00:00,2.25361,2.25397,2.2534,2.25375,416
2025-04-02 14:05:00,2.2537599999999998,2.25403,2.25358,2.2537599999999998,332
2025-04-02 14:10:00,2.25374,2.25382,2.25285,2.25306,280
2025-04-02 14:15:00,2.25306,2.25333,2.25283,2.25328,222
2025-04-02 14:20:00,2.25328,2.25347,2.25238,2.25242,300
2025-04-02 14:25:00,2.25244,2.25294,2.2524,2.25283,275
2025-04-02 14:30:00,2.25283,2.25298,2.25246,2.25298,332
2025-04-02 14:35:00,2.25296,2.25331,2.2529,2.25301,226
2025-04-02 14:40:00,2.2530200000000002,2.25307,2.25243,2.25303,247
2025-04-02 14:45:00,2.2530200000000002,2.25309,2.2524100000000002,2.2525,316
2025-04-02 14:50:00,2.25251,2.25309,2.25243,2.25307,355
2025-04-02 14:55:00,2.25307,2.25342,2.25301,2.25325,325
2025-04-02 15:00:00,2.25327,2.25481,2.25317,2.2547,375
2025-04-02 15:05:00,2.2547,2.25489,2.25414,2.25468,399
2025-04-02 15:10:00,2.25467,2.25555,2.25395,2.25395,349
2025-04-02 15:15:00,2.25438,2.25514,2.25418,2.25497,555
2025-04-02 15:20:00,2.255,2.25551,2.25423,2.2549,497
2025-04-02 15:25:00,2.25488,2.25608,2.25488,2.25496,475
2025-04-02 15:30:00,2.255,2.255,2.25406,2.25445,468
2025-04-02 15:35:00,2.25445,2.25454,2.25388,2.25396,399
2025-04-02 15:40:00,2.25396,2.25401,2.25314,2.25359,340
2025-04-02 15:45:00,2.25361,2.25404,2.25212,2.2522,353
2025-04-02 15:50:00,2.2522,2.2522,2.25128,2.25167,453
2025-04-02 15:55:00,2.25168,2.2524,2.25153,2.2522,561
2025-04-02 16:00:00,2.25218,2.25252,2.25184,2.25221,474
2025-04-02 16:05:00,2.25221,2.25243,2.25194,2.25235,371
2025-04-02 16:10:00,2.25235,2.25294,2.25223,2.25285,335
2025-04-02 16:15:00,2.25285,2.25325,2.25271,2.25319,422
2025-04-02 16:20:00,2.25319,2.25362,2.25288,2.2535600000000002,428
2025-04-02 16:25:00,2.25354,2.2541,2.25273,2.25393,466
2025-04-02 16:30:00,2.25392,2.25443,2.2536,2.25434,520
2025-04-02 16:35:00,2.25441,2.2547800000000002,2.25421,2.25422,499
2025-04-02 16:40:00,2.25419,2.25448,2.25345,2.25348,496
2025-04-02 16:45:00,2.25351,2.25389,2.25332,2.25357,540
2025-04-02 16:50:00,2.25358,2.2541,2.25248,2.25346,600
2025-04-02 16:55:00,2.25347,2.25364,2.25264,2.25272,651
2025-04-02 17:00:00,2.25287,2.25404,2.2524,2.25385,744
2025-04-02 17:05:00,2.25387,2.25466,2.2536,2.25425,580
2025-04-02 17:10:00,2.25415,2.25441,2.25366,2.25405,624
2025-04-02 17:15:00,2.25404,2.25555,2.25398,2.25542,530
2025-04-02 17:20:00,2.25544,2.25557,2.25473,2.25484,494
2025-04-02 17:25:00,2.2548500000000002,2.25579,2.25475,2.2554,456
2025-04-02 17:30:00,2.2554,2.25585,2.25504,2.25547,458
2025-04-02 17:35:00,2.25545,2.25568,2.25489,2.25543,553
2025-04-02 17:40:00,2.25544,2.2555,2.25457,2.25541,763
2025-04-02 17:45:00,2.25537,2.2566800000000002,2.25521,2.25655,710
2025-04-02 17:50:00,2.25652,2.25801,2.25652,2.25801,821
2025-04-02 17:55:00,2.25801,2.2584,2.2574899999999998,2.25813,813
2025-04-02 18:00:00,2.25813,2.25856,2.2579000000000002,2.2584,702
2025-04-02 18:05:00,2.25838,2.25916,2.2582,2.25853,623
2025-04-02 18:10:00,2.25853,2.25929,2.25849,2.25922,595
2025-04-02 18:15:00,2.25922,2.25951,2.25903,2.25936,550
2025-04-02 18:20:00,2.25935,2.25951,2.25874,2.2593,582
2025-04-02 18:25:00,2.2593,2.25988,2.25927,2.25968,533
2025-04-02 18:30:00,2.2597,2.26024,2.25939,2.2602,511
2025-04-02 18:35:00,2.26022,2.26029,2.25951,2.25964,389
2025-04-02 18:40:00,2.25967,2.26001,2.25933,2.2599299999999998,563
2025-04-02 18:45:00,2.25997,2.26059,2.25997,2.26005,497
2025-04-02 18:50:00,2.26005,2.2603,2.25961,2.25963,496
2025-04-02 18:55:00,2.25961,2.26024,2.25941,2.26006,514
2025-04-02 19:00:00,2.26006,2.26052,2.25971,2.26004,463
2025-04-02 19:05:00,2.26004,2.26058,2.25975,2.26021,525
2025-04-02 19:10:00,2.26026,2.26048,2.25982,2.26045,476
2025-04-02 19:15:00,2.26045,2.26077,2.25996,2.26032,466
2025-04-02 19:20:00,2.26028,2.2616,2.26013,2.2616,401
2025-04-02 19:25:00,2.2615600000000002,2.26215,2.26136,2.26171,427
2025-04-02 19:30:00,2.26164,2.26172,2.26119,2.26141,319
2025-04-02 19:35:00,2.26145,2.26151,2.26081,2.26104,472
2025-04-02 19:40:00,2.261,2.26157,2.2609500000000002,2.26121,509
2025-04-02 19:45:00,2.26126,2.26136,2.26062,2.26092,371
2025-04-02 19:50:00,2.26092,2.2621,2.26066,2.26174,489
2025-04-02 19:55:00,2.26174,2.26178,2.26105,2.26132,430
2025-04-02 20:00:00,2.26134,2.26197,2.26119,2.26159,408
2025-04-02 20:05:00,2.26163,2.26184,2.26119,2.26134,358
2025-04-02 20:10:00,2.26134,2.26142,2.26044,2.26093,368
2025-04-02 20:15:00,2.26085,2.26121,2.26072,2.26076,317
2025-04-02 20:20:00,2.26079,2.26105,2.26014,2.26024,365
2025-04-02 20:25:00,2.26028,2.26061,2.25996,2.26055,358
2025-04-02 20:30:00,2.26043,2.26107,2.26041,2.26061,362
2025-04-02 20:35:00,2.26065,2.26097,2.26056,2.26085,297
2025-04-02 20:40:00,2.26084,2.26092,2.26038,2.26081,385
2025-04-02 20:45:00,2.26081,2.26162,2.2606,2.2614900000000002,336
2025-04-02 20:50:00,2.2614900000000002,2.26155,2.26103,2.26132,415
2025-04-02 20:55:00,2.26122,2.26178,2.26093,2.26114,397
2025-04-02 21:00:00,2.26111,2.26155,2.26092,2.2615,467
2025-04-02 21:05:00,2.26151,2.26201,2.26145,2.26188,362
2025-04-02 21:10:00,2.26186,2.26222,2.2615,2.26212,333
2025-04-02 21:15:00,2.26215,2.26261,2.2619,2.26249,375
2025-04-02 21:20:00,2.26246,2.26287,2.26233,2.26254,405
2025-04-02 21:25:00,2.26254,2.26292,2.26201,2.2629,351
2025-04-02 21:30:00,2.2629,2.26311,2.26241,2.26257,311
2025-04-02 21:35:00,2.26255,2.26264,2.26182,2.26219,321
2025-04-02 21:40:00,2.26219,2.26235,2.26168,2.26231,331
2025-04-02 21:45:00,2.2621700000000002,2.2625,2.26192,2.26225,423
2025-04-02 21:50:00,2.26225,2.26244,2.26155,2.26192,359
2025-04-02 21:55:00,2.26172,2.26267,2.26166,2.26249,433
2025-04-02 22:00:00,2.26249,2.26281,2.2619,2.26194,316
2025-04-02 22:05:00,2.26187,2.26225,2.2617599999999998,2.26204,323
2025-04-02 22:10:00,2.26204,2.26247,2.26181,2.262,311
2025-04-02 22:15:00,2.26204,2.26245,2.2619,2.26224,229
2025-04-02 22:20:00,2.26224,2.26236,2.2617,2.262,302
2025-04-02 22:25:00,2.262,2.26226,2.26152,2.26171,271
2025-04-02 22:30:00,2.26171,2.26199,2.26097,2.2611499999999998,304
2025-04-02 22:35:00,2.26113,2.26209,2.26093,2.26203,329
2025-04-02 22:40:00,2.26205,2.26205,2.2615,2.26185,260
2025-04-02 22:45:00,2.26185,2.26203,2.26126,2.26152,374
2025-04-02 22:50:00,2.26157,2.26172,2.26081,2.26102,335
2025-04-02 22:55:00,2.26112,2.26182,2.26104,2.26165,462
2025-04-02 23:00:00,2.26165,2.26167,2.26117,2.26157,254
2025-04-02 23:05:00,2.26155,2.26177,2.26106,2.2615,327
2025-04-02 23:10:00,2.26154,2.26233,2.2546,2.25649,869
2025-04-02 23:15:00,2.2563,2.25726,2.25475,2.2552,1248
2025-04-02 23:20:00,2.25514,2.25644,2.25208,2.25545,1138
2025-04-02 23:25:00,2.2554,2.26899,2.25464,2.2652200000000002,1355
2025-04-02 23:30:00,2.26518,2.27145,2.26412,2.26878,1246
2025-04-02 23:35:00,2.2688,2.26988,2.26545,2.26592,1178
2025-04-02 23:40:00,2.26592,2.26698,2.26314,2.26605,1057
2025-04-02 23:45:00,2.26601,2.26954,2.2643,2.26452,1037
2025-04-02 23:50:00,2.26451,2.26549,2.26199,2.26425,828
2025-04-02 23:55:00,2.2641999999999998,2.26427,2.25928,2.26261,863
2025-04-03 00:00:00,2.26195,2.2662,2.25394,2.25394,15
2025-04-03 00:05:00,2.25381,2.25381,2.25381,2.25381,1
2025-04-03 19:05:00,2.25373,2.25432,2.25316,2.2541700000000002,667
2025-04-03 19:10:00,2.25412,2.2551,2.25384,2.25489,727
2025-04-03 19:15:00,2.2548500000000002,2.25537,2.25393,2.2541700000000002,652
2025-04-03 19:20:00,2.25415,2.25529,2.25415,2.2551,770
2025-04-03 19:25:00,2.2550499999999998,2.25578,2.25499,2.25534,734
2025-04-03 19:30:00,2.25533,2.25555,2.2544,2.25521,770
2025-04-03 19:35:00,2.25521,2.25575,2.2548500000000002,2.25537,688
2025-04-03 19:40:00,2.25533,2.25555,2.25427,2.25532,659
2025-04-03 19:45:00,2.25532,2.25556,2.25462,2.25515,642
2025-04-03 19:50:00,2.25515,2.25577,2.25494,2.2553,649
2025-04-03 19:55:00,2.25536,2.25572,2.25467,2.25473,728
2025-04-03 20:00:00,2.25472,2.25644,2.2547,2.25638,661
2025-04-03 20:05:00,2.2564,2.25678,2.25589,2.25662,560
2025-04-03 20:10:00,2.25666,2.25701,2.2562699999999998,2.25662,557
2025-04-03 20:15:00,2.25666,2.25707,2.25598,2.25648,560
2025-04-03 20:20:00,2.25647,2.25703,2.25604,2.2565,505
2025-04-03 20:25:00,2.25654,2.25674,2.25589,2.25659,519
2025-04-03 20:30:00,2.25658,2.25678,2.25625,2.25646,622
2025-04-03 20:35:00,2.25647,2.25719,2.25626,2.25709,554
2025-04-03 20:40:00,2.25712,2.25765,2.25654,2.25695,534
2025-04-03 20:45:00,2.25707,2.25726,2.25659,2.25708,539
2025-04-03 20:50:00,2.25708,2.25721,2.25632,2.25694,521
2025-04-03 20:55:00,2.25693,2.25761,2.25672,2.257,403
2025-04-03 21:00:00,2.25699,2.25744,2.25639,2.25735,531
2025-04-03 21:05:00,2.25732,2.25754,2.25671,2.25693,477
2025-04-03 21:10:00,2.25693,2.25744,2.25665,2.25744,410
2025-04-03 21:15:00,2.2574199999999998,2.25822,2.25721,2.25822,420
2025-04-03 21:20:00,2.25821,2.25857,2.25785,2.25852,467
2025-04-03 21:25:00,2.25857,2.2591,2.25816,2.25884,374
2025-04-03 21:30:00,2.25888,2.25958,2.25877,2.25937,423
2025-04-03 21:35:00,2.25937,2.2595,2.25895,2.25934,350
2025-04-03 21:40:00,2.25934,2.25945,2.2587099999999998,2.25909,394
2025-04-03 21:45:00,2.25907,2.25953,2.2586399999999998,2.25927,380
2025-04-03 21:50:00,2.25922,2.26013,2.25881,2.26007,462
2025-04-03 21:55:00,2.26007,2.2603,2.25672,2.25684,585
2025-04-03 22:00:00,2.25684,2.25768,2.25673,2.25732,435
2025-04-03 22:05:00,2.25734,2.25745,2.25693,2.25739,411
2025-04-03 22:10:00,2.25735,2.25796,2.25719,2.2579000000000002,382
2025-04-03 22:15:00,2.25795,2.25974,2.25791,2.25929,500
2025-04-03 22:20:00,2.25933,2.2596,2.25897,2.25939,484
2025-04-03 22:25:00,2.25924,2.26,2.25918,2.25988,430
2025-04-03 22:30:00,2.2598599999999998,2.26082,2.25978,2.26069,473
2025-04-03 22:35:00,2.26069,2.26106,2.26031,2.26036,421
2025-04-03 22:40:00,2.26032,2.26098,2.26009,2.26094,388
2025-04-03 22:45:00,2.26096,2.26145,2.26078,2.26087,353
2025-04-03 22:50:00,2.26086,2.26118,2.26044,2.26066,443
2025-04-03 22:55:00,2.26071,2.26162,2.26043,2.2609500000000002,433
2025-04-03 23:00:00,2.26093,2.26168,2.26082,2.26137,337
2025-04-03 23:05:00,2.26137,2.26177,2.26113,2.26155,228
2025-04-03 23:10:00,2.26155,2.26161,2.26083,2.26122,149
2025-04-03 23:15:00,2.26124,2.26132,2.2606,2.26082,177
2025-04-03 23:20:00,2.26082,2.26082,2.26006,2.26016,122
2025-04-03 23:25:00,2.26016,2.26028,2.25981,2.26016,111
2025-04-03 23:30:00,2.26016,2.26016,2.25968,2.25976,191
2025-04-03 23:35:00,2.25976,2.26039,2.25956,2.26033,205
2025-04-03 23:40:00,2.26033,2.26033,2.25735,2.25781,325
2025-04-03 23:45:00,2.25778,2.25828,2.2574899999999998,2.25819,363
2025-04-03 23:50:00,2.25821,2.25835,2.25792,2.25818,306
2025-04-03 23:55:00,2.2582,2.26056,2.25788,2.26055,394
2025-04-04 00:00:00,2.25684,2.26063,2.25682,2.25801,13
2025-04-04 00:05:00,2.25801,2.26083,2.25622,2.2571,88
2025-04-04 00:10:00,2.2571,2.25745,2.25575,2.25703,182
2025-04-04 00:15:00,2.25703,2.2580299999999998,2.25678,2.25799,121
2025-04-04 00:20:00,2.25799,2.25916,2.25796,2.25895,134
2025-04-04 00:25:00,2.25893,2.26009,2.25878,2.2599,242
2025-04-04 00:30:00,2.26005,2.2602700000000002,2.25927,2.25982,258
2025-04-04 00:35:00,2.25982,2.26012,2.2597300000000002,2.26,97
2025-04-04 00:40:00,2.25987,2.26011,2.25941,2.25949,121
2025-04-04 00:45:00,2.25939,2.2598599999999998,2.25937,2.25977,92
2025-04-04 00:50:00,2.25977,2.26039,2.25918,2.25967,277
2025-04-04 00:55:00,2.25967,2.26105,2.25917,2.26053,271
2025-04-04 01:00:00,2.26168,2.2617,2.25957,2.26087,255
2025-04-04 01:05:00,2.26091,2.26091,2.25929,2.2595,193
2025-04-04 01:10:00,2.2595,2.26118,2.2595,2.26089,256
2025-04-04 01:15:00,2.26089,2.26139,2.26061,2.26128,302
2025-04-04 01:20:00,2.26124,2.2621,2.26113,2.26208,293
2025-04-04 01:25:00,2.26207,2.26248,2.26172,2.26244,258
2025-04-04 01:30:00,2.26243,2.26312,2.26229,2.26273,267
2025-04-04 01:35:00,2.26272,2.26273,2.26204,2.26214,347
2025-04-04 01:40:00,2.26216,2.26245,2.26183,2.26232,289
2025-04-04 01:45:00,2.26232,2.26256,2.2609,2.26105,303
2025-04-04 01:50:00,2.26105,2.26174,2.26093,2.26137,214
2025-04-04 01:55:00,2.26137,2.26162,2.26094,2.26142,259
2025-04-04 02:00:00,2.26139,2.26287,2.26113,2.26287,356
2025-04-04 02:05:00,2.26285,2.26302,2.2621,2.2622999999999998,406
2025-04-04 02:10:00,2.26234,2.26282,2.2617,2.26221,336
2025-04-04 02:15:00,2.26221,2.26272,2.26199,2.2626,289
2025-04-04 02:20:00,2.2626,2.26314,2.26224,2.26226,330
2025-04-04 02:25:00,2.26224,2.26302,2.26214,2.26289,277
2025-04-04 02:30:00,2.26289,2.26297,2.2621,2.26255,325
2025-04-04 02:35:00,2.26259,2.2629,2.26214,2.26233,289
2025-04-04 02:40:00,2.26233,2.26253,2.26181,2.2623699999999998,314
2025-04-04 02:45:00,2.2623699999999998,2.26248,2.2609,2.26143,440
2025-04-04 02:50:00,2.26143,2.26155,2.26062,2.26126,426
2025-04-04 02:55:00,2.26124,2.2619,2.26101,2.26112,463
2025-04-04 03:00:00,2.26112,2.26138,2.26014,2.26036,721
2025-04-04 03:05:00,2.26036,2.26133,2.25999,2.26087,559
2025-04-04 03:10:00,2.26087,2.2617,2.26068,2.26151,536
2025-04-04 03:15:00,2.26151,2.26216,2.26131,2.262,513
2025-04-04 03:20:00,2.2619,2.26246,2.26139,2.26216,551
2025-04-04 03:25:00,2.26218,2.26229,2.26102,2.26133,555
2025-04-04 03:30:00,2.26144,2.26304,2.26144,2.26254,566
2025-04-04 03:35:00,2.26254,2.26279,2.26129,2.26132,409
2025-04-04 03:40:00,2.26133,2.26137,2.25991,2.2602,574
2025-04-04 03:45:00,2.26024,2.26167,2.26008,2.26161,479
2025-04-04 03:50:00,2.26161,2.26225,2.26129,2.26199,581
2025-04-04 03:55:00,2.26201,2.26212,2.26139,2.26187,457
2025-04-04 04:00:00,2.26187,2.2632,2.26132,2.26271,606
2025-04-04 04:05:00,2.26271,2.2637,2.26257,2.2631,604
2025-04-04 04:10:00,2.2631,2.26342,2.26273,2.26321,450
2025-04-04 04:15:00,2.26315,2.26333,2.26232,2.2624,412
2025-04-04 04:20:00,2.2624,2.26318,2.26236,2.26268,440
2025-04-04 04:25:00,2.26269,2.2641,2.26269,2.26373,444
2025-04-04 04:30:00,2.26376,2.26503,2.26366,2.26495,493
2025-04-04 04:35:00,2.26493,2.26534,2.2646800000000002,2.2652,521
2025-04-04 04:40:00,2.2652,2.26573,2.26503,2.26544,597
2025-04-04 04:45:00,2.26543,2.266,2.26534,2.26593,513
2025-04-04 04:50:00,2.26593,2.26643,2.26545,2.26633,549
2025-04-04 04:55:00,2.26632,2.26753,2.26632,2.26746,643
2025-04-04 05:00:00,2.26746,2.26833,2.26709,2.26833,490
2025-04-04 05:05:00,2.26833,2.26874,2.26801,2.26826,567
2025-04-04 05:10:00,2.26822,2.26985,2.26797,2.26985,574
2025-04-04 05:15:00,2.26985,2.27079,2.26946,2.27056,618
2025-04-04 05:20:00,2.27052,2.27207,2.27001,2.27198,622
2025-04-04 05:25:00,2.27202,2.27297,2.2718,2.27275,585
2025-04-04 05:30:00,2.27272,2.27407,2.27266,2.27395,574
2025-04-04 05:35:00,2.2739599999999998,2.27497,2.27365,2.27442,529
2025-04-04 05:40:00,2.27438,2.27543,2.27422,2.2754,548
2025-04-04 05:45:00,2.2754,2.27634,2.27497,2.27626,510
2025-04-04 05:50:00,2.27623,2.27825,2.27618,2.27824,530
2025-04-04 05:55:00,2.27826,2.2792,2.2777,2.27818,445
2025-04-04 06:00:00,2.2782,2.27946,2.27775,2.27851,515
2025-04-04 06:05:00,2.27863,2.28045,2.27847,2.27998,434
2025-04-04 06:10:00,2.27998,2.28058,2.27972,2.28047,474
2025-04-04 06:15:00,2.28048,2.28103,2.2798,2.28085,440
2025-04-04 06:20:00,2.28087,2.28238,2.28077,2.28232,500
2025-04-04 06:25:00,2.28234,2.28465,2.28234,2.28393,514
2025-04-04 06:30:00,2.28393,2.2859,2.28346,2.28589,710
2025-04-04 06:35:00,2.28589,2.28614,2.28523,2.28578,570
2025-04-04 06:40:00,2.28578,2.28586,2.28498,2.28514,528
2025-04-04 06:45:00,2.28504,2.28506,2.28372,2.28441,535
2025-04-04 06:50:00,2.28441,2.28486,2.28391,2.28461,499
2025-04-04 06:55:00,2.28461,2.28519,2.28442,2.28504,544
2025-04-04 07:00:00,2.28508,2.28706,2.28495,2.28638,588
2025-04-04 07:05:00,2.28638,2.28728,2.28525,2.28673,489
2025-04-04 07:10:00,2.28681,2.28889,2.2862299999999998,2.28878,560
2025-04-04 07:15:00,2.28878,2.29115,2.28842,2.29006,542
2025-04-04 07:20:00,2.29006,2.2903000000000002,2.28906,2.28941,433
2025-04-04 07:25:00,2.28937,2.28947,2.28857,2.28945,418
2025-04-04 07:30:00,2.28945,2.29006,2.28861,2.28879,472
2025-04-04 07:35:00,2.28875,2.28949,2.28846,2.2888,390
2025-04-04 07:40:00,2.28879,2.28993,2.28865,2.28945,385
2025-04-04 07:45:00,2.28944,2.29005,2.28904,2.29,392
2025-04-04 07:50:00,2.29,2.29103,2.28988,2.29069,474
2025-04-04 07:55:00,2.29069,2.29139,2.29055,2.29079,571
2025-04-04 08:00:00,2.29077,2.29096,2.28981,2.29023,500
2025-04-04 08:05:00,2.29029,2.29035,2.28906,2.28913,453
2025-04-04 08:10:00,2.28913,2.28977,2.28885,2.28936,396
2025-04-04 08:15:00,2.28936,2.2895,2.28852,2.2891500000000002,456
2025-04-04 08:20:00,2.2891500000000002,2.28973,2.2886,2.28946,417
2025-04-04 08:25:00,2.28944,2.28956,2.28763,2.28779,550
2025-04-04 08:30:00,2.28779,2.28802,2.28679,2.28698,653
2025-04-04 08:35:00,2.28698,2.28773,2.28639,2.28772,531
2025-04-04 08:40:00,2.28774,2.288,2.28672,2.28675,460
2025-04-04 08:45:00,2.28677,2.28693,2.28589,2.28645,510
2025-04-04 08:50:00,2.28645,2.28675,2.28582,2.28641,442
2025-04-04 08:55:00,2.28641,2.28681,2.28578,2.28666,453
2025-04-04 09:00:00,2.28676,2.28689,2.28466,2.28553,746
2025-04-04 09:05:00,2.28551,2.28656,2.28511,2.2864,672
2025-04-04 09:10:00,2.28638,2.28689,2.28582,2.2862999999999998,621
2025-04-04 09:15:00,2.2862999999999998,2.2864,2.28564,2.28605,607
2025-04-04 09:20:00,2.28605,2.28751,2.28605,2.2873200000000002,580
2025-04-04 09:25:00,2.2873200000000002,2.28796,2.28681,2.28758,677
2025-04-04 09:30:00,2.28763,2.28781,2.28473,2.28494,762
2025-04-04 09:35:00,2.2849,2.2849,2.28375,2.28408,638
2025-04-04 09:40:00,2.28405,2.28524,2.2837899999999998,2.28489,665
2025-04-04 09:45:00,2.28492,2.28519,2.28412,2.28518,626
2025-04-04 09:50:00,2.28518,2.2852,2.28312,2.28406,746
2025-04-04 09:55:00,2.28421,2.28435,2.2826,2.28284,752
2025-04-04 10:00:00,2.28282,2.28312,2.28179,2.28245,874
2025-04-04 10:05:00,2.28238,2.28297,2.28193,2.28276,795
2025-04-04 10:10:00,2.28275,2.2835900000000002,2.2816,2.28356,779
2025-04-04 10:15:00,2.28356,2.2843,2.28346,2.28386,818
2025-04-04 10:20:00,2.2837899999999998,2.28548,2.28377,2.28548,852
2025-04-04 10:25:00,2.28548,2.28658,2.28522,2.2865,574
2025-04-04 10:30:00,2.28643,2.2889,2.28643,2.2885400000000002,827
2025-04-04 10:35:00,2.28848,2.28868,2.28563,2.28582,922
2025-04-04 10:40:00,2.28589,2.28799,2.28573,2.28735,775
2025-04-04 10:45:00,2.28736,2.28943,2.28724,2.2893499999999998,872
2025-04-04 10:50:00,2.28936,2.2898,2.2889,2.28911,785
2025-04-04 10:55:00,2.2890800000000002,2.28922,2.28582,2.28606,859
2025-04-04 11:00:00,2.28604,2.28647,2.28417,2.28564,1142
2025-04-04 11:05:00,2.28556,2.28565,2.28421,2.28425,928
2025-04-04 11:10:00,2.28421,2.28444,2.28348,2.28382,912
2025-04-04 11:15:00,2.2837899999999998,2.28388,2.28256,2.28296,792
2025-04-04 11:20:00,2.28295,2.28348,2.28185,2.28271,811
2025-04-04 11:25:00,2.28266,2.28369,2.28216,2.28312,402
2025-04-04 11:30:00,2.28312,2.28364,2.28256,2.28358,727
2025-04-04 11:35:00,2.28356,2.28449,2.28319,2.2843999999999998,829
2025-04-04 11:40:00,2.2843999999999998,2.28444,2.28247,2.28332,858
2025-04-04 11:45:00,2.28332,2.28435,2.28229,2.28233,773
2025-04-04 11:50:00,2.28233,2.28256,2.2814,2.28186,812
2025-04-04 11:55:00,2.28202,2.28245,2.28117,2.28118,895
2025-04-04 12:00:00,2.2812,2.28278,2.28097,2.2823700000000002,871
2025-04-04 12:05:00,2.28239,2.28271,2.28102,2.28228,877
2025-04-04 12:10:00,2.28228,2.28284,2.2818899999999998,2.28222,823
2025-04-04 12:15:00,2.28222,2.28225,2.28086,2.28099,868
2025-04-04 12:20:00,2.281,2.28118,2.28036,2.28051,728
2025-04-04 12:25:00,2.2805,2.28097,2.27998,2.28076,712
2025-04-04 12:30:00,2.28076,2.2813499999999998,2.2788399999999998,2.27889,788
2025-04-04 12:35:00,2.2788399999999998,2.27905,2.27832,2.27854,727
2025-04-04 12:40:00,2.27854,2.27996,2.27843,2.2798,596
2025-04-04 12:45:00,2.27984,2.28103,2.27969,2.28087,770
2025-04-04 12:50:00,2.28085,2.2818899999999998,2.28051,2.28187,671
2025-04-04 12:55:00,2.2818300000000002,2.28282,2.2818300000000002,2.28231,706
2025-04-04 13:00:00,2.28229,2.28313,2.28175,2.2817600000000002,781
2025-04-04 13:05:00,2.28178,2.28394,2.28153,2.2836600000000002,1149
2025-04-04 13:10:00,2.28367,2.28381,2.28251,2.28362,1059
2025-04-04 13:15:00,2.28364,2.28629,2.28352,2.28589,1091
2025-04-04 13:20:00,2.28587,2.28925,2.28573,2.28918,1241
2025-04-04 13:25:00,2.28916,2.29093,2.28811,2.29087,1171
2025-04-04 13:30:00,2.2909,2.29097,2.28916,2.29008,1125
2025-04-04 13:35:00,2.29003,2.29188,2.28959,2.29109,1021
2025-04-04 13:40:00,2.29107,2.29292,2.2906,2.29272,1038
2025-04-04 13:45:00,2.29273,2.29331,2.2912,2.2927,1020
2025-04-04 13:50:00,2.2927,2.29374,2.29126,2.29374,1050
2025-04-04 13:55:00,2.29371,2.29648,2.29334,2.29587,1106
2025-04-04 14:00:00,2.29581,2.29712,2.29421,2.29449,1106
2025-04-04 14:05:00,2.29453,2.29828,2.29451,2.29784,985
2025-04-04 14:10:00,2.29784,2.30207,2.29773,2.30134,1144
2025-04-04 14:15:00,2.30133,2.30287,2.3003299999999998,2.3027,1176
2025-04-04 14:20:00,2.3027,2.30323,2.30031,2.30206,1175
2025-04-04 14:25:00,2.30204,2.30738,2.30186,2.3073,1195
2025-04-04 14:30:00,2.3073,2.31466,2.30701,2.30962,1282
2025-04-04 14:35:00,2.30968,2.30992,2.30241,2.30504,1282
2025-04-04 14:40:00,2.30504,2.30635,2.30317,2.30587,1206
2025-04-04 14:45:00,2.30578,2.31037,2.30571,2.3100899999999998,1124
2025-04-04 14:50:00,2.31008,2.31039,2.30571,2.30677,1002
2025-04-04 14:55:00,2.30675,2.30781,2.3052799999999998,2.30715,1151
2025-04-04 15:00:00,2.3071,2.31021,2.3069100000000002,2.30869,1211
2025-04-04 15:05:00,2.30871,2.30871,2.30594,2.3074500000000002,1173
2025-04-04 15:10:00,2.30743,2.31032,2.30743,2.30988,1114
2025-04-04 15:15:00,2.30982,2.31263,2.30977,2.31245,1131
2025-04-04 15:20:00,2.31239,2.31415,2.31079,2.31297,1185
2025-04-04 15:25:00,2.31298,2.3141,2.31001,2.31026,1071
2025-04-04 15:30:00,2.31022,2.31135,2.30461,2.30784,1353
2025-04-04 15:35:00,2.30781,2.30787,2.30483,2.30769,1325
2025-04-04 15:40:00,2.30766,2.30877,2.30698,2.3075200000000002,1266
2025-04-04 15:45:00,2.30754,2.30844,2.30434,2.3044700000000002,1190
2025-04-04 15:50:00,2.3045,2.3061,2.30436,2.30605,1167
2025-04-04 15:55:00,2.30603,2.30669,2.3037,2.3037,1165
2025-04-04 16:00:00,2.30365,2.30477,2.29926,2.30007,1232
2025-04-04 16:05:00,2.30007,2.30172,2.29905,2.3014200000000002,1148
2025-04-04 16:10:00,2.3014200000000002,2.3028,2.30084,2.30119,1079
2025-04-04 16:15:00,2.30115,2.30188,2.30019,2.30067,1079
2025-04-04 16:20:00,2.30067,2.30263,2.30055,2.30217,1068
2025-04-04 16:25:00,2.3022,2.30637,2.3021599999999998,2.30543,1105
2025-04-04 16:30:00,2.30541,2.30712,2.3038,2.30678,1150
2025-04-04 16:35:00,2.30672,2.30953,2.3051,2.30941,1093
2025-04-04 16:40:00,2.30942,2.31215,2.30891,2.31066,1050
2025-04-04 16:45:00,2.31053,2.31143,2.30762,2.30936,1137
2025-04-04 16:50:00,2.30938,2.31008,2.30613,2.30726,1154
2025-04-04 16:55:00,2.30731,2.30754,2.30403,2.30571,1154
2025-04-04 17:00:00,2.30568,2.30731,2.30353,2.30388,1155
2025-04-04 17:05:00,2.30392,2.3039899999999998,2.3005,2.30123,1017
2025-04-04 17:10:00,2.30123,2.30227,2.29999,2.30022,986
2025-04-04 17:15:00,2.30022,2.3008,2.29826,2.2996,1038
2025-04-04 17:20:00,2.29958,2.30423,2.29933,2.30423,1087
2025-04-04 17:25:00,2.30416,2.30536,2.30311,2.30525,1010
2025-04-04 17:30:00,2.30523,2.30544,2.30259,2.3049,1025
2025-04-04 17:35:00,2.30481,2.30588,2.30261,2.30588,1052
2025-04-04 17:40:00,2.30583,2.30835,2.30566,2.30835,1066
2025-04-04 17:45:00,2.30839,2.31258,2.3076499999999998,2.31172,1225
2025-04-04 17:50:00,2.31172,2.31221,2.30373,2.30448,1264
2025-04-04 17:55:00,2.30453,2.30725,2.30323,2.30478,1256
2025-04-04 18:00:00,2.30478,2.30563,2.2991,2.30181,1315
2025-04-04 18:05:00,2.30179,2.30717,2.29984,2.30669,1269
2025-04-04 18:10:00,2.30659,2.30666,2.30213,2.30462,1143
2025-04-04 18:15:00,2.30472,2.3073,2.30472,2.3073,1139
2025-04-04 18:20:00,2.30728,2.30839,2.30638,2.30808,920
2025-04-04 18:25:00,2.30815,2.31611,2.30786,2.31419,1260
2025-04-04 18:30:00,2.3142,2.31636,2.31293,2.31562,1229
2025-04-04 18:35:00,2.31564,2.31564,2.31329,2.31434,1215
2025-04-04 18:40:00,2.3143599999999998,2.31895,2.31434,2.31646,1135
2025-04-04 18:45:00,2.31644,2.31659,2.31043,2.31117,1099
2025-04-04 18:50:00,2.31117,2.31221,2.30978,2.30999,1103
2025-04-04 18:55:00,2.30995,2.31087,2.30863,2.31087,989
2025-04-04 19:00:00,2.3108,2.31082,2.3089,2.30991,1056
2025-04-04 19:05:00,2.30991,2.31056,2.30793,2.3104,1037
2025-04-04 19:10:00,2.31042,2.31047,2.30814,2.30842,968
2025-04-04 19:15:00,2.30844,2.31163,2.30787,2.31142,919
2025-04-04 19:20:00,2.31142,2.31357,2.31107,2.31326,976
2025-04-04 19:25:00,2.3133,2.31406,2.31178,2.31209,954
2025-04-04 19:30:00,2.31213,2.31328,2.3115,2.31233,846
2025-04-04 19:35:00,2.31242,2.3127,2.3088699999999998,2.30943,923
2025-04-04 19:40:00,2.30931,2.31313,2.3087400000000002,2.31307,874
2025-04-04 19:45:00,2.31307,2.31645,2.31307,2.315,1005
2025-04-04 19:50:00,2.31501,2.31516,2.31319,2.31428,884
2025-04-04 19:55:00,2.31435,2.31529,2.31424,2.31497,925
2025-04-04 20:00:00,2.31495,2.31622,2.31421,2.31468,1047
2025-04-04 20:05:00,2.31458,2.31559,2.31377,2.3145,1012
2025-04-04 20:10:00,2.31452,2.31609,2.31408,2.3150399999999998,964
2025-04-04 20:15:00,2.3150399999999998,2.31646,2.31424,2.31594,882
2025-04-04 20:20:00,2.31605,2.31642,2.31364,2.31421,823
2025-04-04 20:25:00,2.31409,2.31581,2.31342,2.31543,847
2025-04-04 20:30:00,2.31547,2.31581,2.31387,2.3148,992
2025-04-04 20:35:00,2.3148,2.315,2.30885,2.31008,1059
2025-04-04 20:40:00,2.3100899999999998,2.31015,2.30724,2.30817,922
2025-04-04 20:45:00,2.30817,2.30943,2.3071,2.30767,1006
2025-04-04 20:50:00,2.3078,2.31054,2.30775,2.3101599999999998,900
2025-04-04 20:55:00,2.31017,2.3117,2.30956,2.31048,854
2025-04-04 21:00:00,2.31048,2.31051,2.30821,2.30946,1012
2025-04-04 21:05:00,2.30946,2.31024,2.30831,2.30928,837
2025-04-04 21:10:00,2.30923,2.31096,2.3088699999999998,2.30956,734
2025-04-04 21:15:00,2.30956,2.31132,2.3094799999999998,2.30997,702
2025-04-04 21:20:00,2.3099600000000002,2.31143,2.30966,2.31104,606
2025-04-04 21:25:00,2.31104,2.31162,2.31068,2.31148,674
2025-04-04 21:30:00,2.31147,2.31254,2.31124,2.3125299999999998,820
2025-04-04 21:35:00,2.31255,2.31396,2.31162,2.3137499999999998,803
2025-04-04 21:40:00,2.3137499999999998,2.31401,2.31287,2.31367,721
2025-04-04 21:45:00,2.31363,2.31444,2.31156,2.31182,709
2025-04-04 21:50:00,2.31183,2.31297,2.31051,2.31069,733
2025-04-04 21:55:00,2.31067,2.31164,2.30892,2.30933,813
2025-04-04 22:00:00,2.3093500000000002,2.30957,2.30776,2.30861,725
2025-04-04 22:05:00,2.30861,2.30879,2.30741,2.30838,581
2025-04-04 22:10:00,2.30821,2.30869,2.30674,2.30701,629
2025-04-04 22:15:00,2.30695,2.30712,2.30592,2.30693,588
2025-04-04 22:20:00,2.30692,2.30749,2.30608,2.30614,610
2025-04-04 22:25:00,2.30618,2.3064,2.30512,2.30534,716
2025-04-04 22:30:00,2.3054,2.3056200000000002,2.30297,2.30314,695
2025-04-04 22:35:00,2.30321,2.30344,2.30183,2.30194,651
2025-04-04 22:40:00,2.30184,2.30286,2.30106,2.30131,674
2025-04-04 22:45:00,2.30139,2.30229,2.29889,2.30212,722
2025-04-04 22:50:00,2.30207,2.30339,2.30117,2.30303,594
2025-04-04 22:55:00,2.30303,2.30388,2.30243,2.30319,675
2025-04-04 23:00:00,2.30329,2.30435,2.30281,2.30375,531
2025-04-04 23:05:00,2.30375,2.30398,2.30213,2.30221,347
2025-04-04 23:10:00,2.3022,2.30282,2.3015,2.30178,317
2025-04-04 23:15:00,2.3018,2.3021,2.3014,2.30177,242
2025-04-04 23:20:00,2.30177,2.30272,2.30137,2.30263,407
2025-04-04 23:25:00,2.30265,2.30323,2.30232,2.303,469
2025-04-04 23:30:00,2.30286,2.30361,2.30185,2.30265,530
2025-04-04 23:35:00,2.30263,2.30276,2.30112,2.3016199999999998,520
2025-04-04 23:40:00,2.3016199999999998,2.3016199999999998,2.29882,2.2991,397
2025-04-04 23:45:00,2.29917,2.29975,2.29814,2.29927,334
2025-04-04 23:50:00,2.29919,2.29965,2.29779,2.29948,406
2025-04-04 23:55:00,2.29948,2.30179,2.29896,2.30143,831
2025-04-07 00:00:00,2.3016,2.3016,2.29771,2.30041,12
2025-04-07 00:05:00,2.30022,2.30051,2.29746,2.29884,138
2025-04-07 00:10:00,2.29884,2.30062,2.29576,2.29983,202
2025-04-07 00:15:00,2.29983,2.30116,2.29878,2.30112,94
2025-04-07 00:20:00,2.30112,2.3013,2.29962,2.30062,36
2025-04-07 00:25:00,2.30062,2.30068,2.2978,2.29826,82
2025-04-07 00:30:00,2.29842,2.29902,2.2965400000000002,2.29668,140
2025-04-07 00:35:00,2.29672,2.29906,2.29642,2.29874,146
2025-04-07 00:40:00,2.29874,2.30007,2.29788,2.30004,175
2025-04-07 00:45:00,2.3,2.30282,2.29902,2.30206,266
2025-04-07 00:50:00,2.30206,2.30352,2.30056,2.30122,257
2025-04-07 00:55:00,2.3008100000000002,2.30084,2.29842,2.29858,158
2025-04-07 01:00:00,2.3008,2.31724,2.30066,2.30764,930
2025-04-07 01:05:00,2.30763,2.3162,2.30674,2.3160600000000002,723
2025-04-07 01:10:00,2.31596,2.31799,2.31268,2.31431,601
2025-04-07 01:15:00,2.31413,2.3166,2.31233,2.3142300000000002,1119
2025-04-07 01:20:00,2.3142300000000002,2.31843,2.3141,2.31689,1138
2025-04-07 01:25:00,2.31689,2.31711,2.31453,2.3147,1069
2025-04-07 01:30:00,2.31482,2.31813,2.31266,2.31469,1055
2025-04-07 01:35:00,2.31468,2.31624,2.31328,2.31549,950
2025-04-07 01:40:00,2.31549,2.31716,2.31419,2.31699,916
2025-04-07 01:45:00,2.31699,2.31946,2.31686,2.31944,949
2025-04-07 01:50:00,2.3194,2.32146,2.31919,2.32087,876
2025-04-07 01:55:00,2.32087,2.32158,2.31909,2.31983,736
2025-04-07 02:00:00,2.3197900000000002,2.32123,2.31574,2.31593,942
2025-04-07 02:05:00,2.31593,2.31704,2.31428,2.31698,1008
2025-04-07 02:10:00,2.31684,2.3173,2.31326,2.31384,942
2025-04-07 02:15:00,2.31378,2.31452,2.31297,2.3144,864
2025-04-07 02:20:00,2.3144,2.31684,2.31419,2.31605,1018
2025-04-07 02:25:00,2.31602,2.3191800000000002,2.31579,2.31902,818
2025-04-07 02:30:00,2.31898,2.31951,2.31733,2.31916,870
2025-04-07 02:35:00,2.31916,2.32143,2.31835,2.32136,897
2025-04-07 02:40:00,2.32138,2.32205,2.31937,2.32047,818
2025-04-07 02:45:00,2.32051,2.32057,2.3182,2.32057,715
2025-04-07 02:50:00,2.32055,2.32707,2.32052,2.32684,915
2025-04-07 02:55:00,2.32684,2.3303,2.32619,2.32944,855
2025-04-07 03:00:00,2.32942,2.32942,2.32484,2.32903,1129
2025-04-07 03:05:00,2.329,2.33104,2.3281,2.32964,1035
2025-04-07 03:10:00,2.3296799999999998,2.33188,2.32838,2.33081,1022
2025-04-07 03:15:00,2.33082,2.33526,2.33071,2.33435,1033
2025-04-07 03:20:00,2.33435,2.33437,2.32972,2.32972,1067
2025-04-07 03:25:00,2.32974,2.33032,2.32703,2.3271100000000002,932
2025-04-07 03:30:00,2.32701,2.32726,2.32412,2.3256,1033
2025-04-07 03:35:00,2.32564,2.32592,2.32262,2.32372,990
2025-04-07 03:40:00,2.32374,2.32595,2.3232,2.32479,1035
2025-04-07 03:45:00,2.32481,2.32706,2.32436,2.32638,995
2025-04-07 03:50:00,2.32629,2.32845,2.32526,2.32845,968
2025-04-07 03:55:00,2.3285299999999998,2.32938,2.32389,2.3239900000000002,885
2025-04-07 04:00:00,2.32401,2.32411,2.32122,2.32355,1072
2025-04-07 04:05:00,2.32355,2.3243,2.32111,2.32174,849
2025-04-07 04:10:00,2.32176,2.32313,2.31959,2.3196,880
2025-04-07 04:15:00,2.3196,2.32118,2.31768,2.31808,972
2025-04-07 04:20:00,2.31808,2.31818,2.31249,2.31283,1040
2025-04-07 04:25:00,2.31292,2.3133,2.31052,2.31113,949
2025-04-07 04:30:00,2.31117,2.31178,2.30952,2.3105700000000002,1035
2025-04-07 04:35:00,2.31042,2.31295,2.31038,2.31191,1012
2025-04-07 04:40:00,2.31188,2.31306,2.31156,2.31236,1004
2025-04-07 04:45:00,2.31238,2.31256,2.30995,2.31111,927
2025-04-07 04:50:00,2.31114,2.31181,2.30889,2.31112,1060
2025-04-07 04:55:00,2.31113,2.31239,2.31048,2.31105,930
2025-04-07 05:00:00,2.31098,2.31237,2.30986,2.31123,898
2025-04-07 05:05:00,2.31121,2.31245,2.3095,2.31127,971
2025-04-07 05:10:00,2.3112500000000002,2.31309,2.3111800000000002,2.31158,898
2025-04-07 05:15:00,2.31158,2.31431,2.3111,2.31408,818
2025-04-07 05:20:00,2.31412,2.31412,2.31093,2.3113099999999998,872
2025-04-07 05:25:00,2.3113099999999998,2.31242,2.31019,2.31031,811
2025-04-07 05:30:00,2.31031,2.31075,2.30884,2.30987,831
2025-04-07 05:35:00,2.30986,2.31107,2.30952,2.3102,811
2025-04-07 05:40:00,2.31022,2.31145,2.30913,2.31132,763
2025-04-07 05:45:00,2.31132,2.31183,2.31068,2.31082,699
2025-04-07 05:50:00,2.31081,2.31114,2.30926,2.31019,879
2025-04-07 05:55:00,2.31019,2.31198,2.3099600000000002,2.3112500000000002,749
2025-04-07 06:00:00,2.31121,2.31241,2.31079,2.31154,801
2025-04-07 06:05:00,2.31156,2.31235,2.31071,2.31167,733
2025-04-07 06:10:00,2.31172,2.31236,2.31107,2.31212,640
2025-04-07 06:15:00,2.31215,2.31284,2.31032,2.31047,654
2025-04-07 06:20:00,2.31047,2.31055,2.30904,2.30951,623
2025-04-07 06:25:00,2.30947,2.30966,2.30853,2.30918,691
2025-04-07 06:30:00,2.30914,2.31005,2.30876,2.30937,661
2025-04-07 06:35:00,2.30933,2.31083,2.3089,2.30918,827
2025-04-07 06:40:00,2.30926,2.30939,2.30739,2.30847,839
2025-04-07 06:45:00,2.30847,2.3113,2.30847,2.31052,673
2025-04-07 06:50:00,2.31058,2.3106,2.30819,2.30837,696
2025-04-07 06:55:00,2.30836,2.30928,2.30804,2.30834,665
2025-04-07 07:00:00,2.30834,2.31111,2.30832,2.31005,804
2025-04-07 07:05:00,2.31005,2.31024,2.30911,2.3102,649
2025-04-07 07:10:00,2.3102,2.3118,2.30986,2.3113,640
2025-04-07 07:15:00,2.3113,2.3113,2.30924,2.31107,583
2025-04-07 07:20:00,2.31107,2.31224,2.31094,2.3122,673
2025-04-07 07:25:00,2.3122,2.313,2.3118,2.31282,621
2025-04-07 07:30:00,2.31282,2.31386,2.31211,2.31363,651
2025-04-07 07:35:00,2.31366,2.31426,2.31303,2.31417,664
2025-04-07 07:40:00,2.31417,2.31639,2.31391,2.31596,575
2025-04-07 07:45:00,2.31596,2.3162599999999998,2.31532,2.3156499999999998,562
2025-04-07 07:50:00,2.3156499999999998,2.3156499999999998,2.31416,2.31502,691
2025-04-07 07:55:00,2.31502,2.3166700000000002,2.31501,2.31634,616
2025-04-07 08:00:00,2.31636,2.31717,2.31529,2.31675,802
2025-04-07 08:05:00,2.3167400000000002,2.31837,2.31659,2.31736,795
2025-04-07 08:10:00,2.3174,2.31769,2.31361,2.31429,774
2025-04-07 08:15:00,2.31431,2.31441,2.30538,2.3077199999999998,891
2025-04-07 08:20:00,2.30782,2.3118600000000002,2.30664,2.31161,1002
2025-04-07 08:25:00,2.31141,2.31404,2.31119,2.31303,854
2025-04-07 08:30:00,2.31305,2.31619,2.31283,2.31597,829
2025-04-07 08:35:00,2.31597,2.31676,2.31505,2.31649,773
2025-04-07 08:40:00,2.31641,2.32019,2.31638,2.31935,849
2025-04-07 08:45:00,2.31941,2.3198,2.31849,2.3198,766
2025-04-07 08:50:00,2.3198,2.3215500000000002,2.31948,2.3210100000000002,841
2025-04-07 08:55:00,2.32098,2.3238,2.32092,2.32209,798
2025-04-07 09:00:00,2.3221,2.32296,2.32047,2.32084,1050
2025-04-07 09:05:00,2.32089,2.32289,2.32078,2.32221,943
2025-04-07 09:10:00,2.32219,2.32448,2.32183,2.32383,950
2025-04-07 09:15:00,2.32384,2.32554,2.3232,2.32347,1030
2025-04-07 09:20:00,2.32344,2.32392,2.32169,2.32178,1008
2025-04-07 09:25:00,2.32174,2.32327,2.32131,2.32316,1014
2025-04-07 09:30:00,2.3230399999999998,2.32339,2.31794,2.31817,1008
2025-04-07 09:35:00,2.31821,2.31864,2.3176,2.31814,985
2025-04-07 09:40:00,2.31813,2.31995,2.31766,2.31807,993
2025-04-07 09:45:00,2.31803,2.32002,2.31729,2.3176,1127
2025-04-07 09:50:00,2.3176,2.31767,2.31444,2.31478,1154
2025-04-07 09:55:00,2.31478,2.31717,2.31449,2.31642,1055
2025-04-07 10:00:00,2.31643,2.31738,2.31454,2.31603,1254
2025-04-07 10:05:00,2.31609,2.31681,2.31506,2.31677,1149
2025-04-07 10:10:00,2.31675,2.32019,2.3165,2.31875,1198
2025-04-07 10:15:00,2.31862,2.31957,2.31682,2.31795,1067
2025-04-07 10:20:00,2.31795,2.31891,2.31675,2.31711,1027
2025-04-07 10:25:00,2.31715,2.31765,2.3143000000000002,2.31513,1116
2025-04-07 10:30:00,2.31514,2.31573,2.31283,2.31412,1131
2025-04-07 10:35:00,2.3141,2.31472,2.31306,2.31349,1088
2025-04-07 10:40:00,2.31339,2.31442,2.31274,2.31281,1056
2025-04-07 10:45:00,2.31283,2.31286,2.31031,2.31063,993
2025-04-07 10:50:00,2.31063,2.31063,2.3080600000000002,2.30823,1015
2025-04-07 10:55:00,2.30823,2.30957,2.3074,2.30957,945
2025-04-07 11:00:00,2.30957,2.31099,2.30902,2.30924,1129
2025-04-07 11:05:00,2.30924,2.31013,2.30787,2.30812,1042
2025-04-07 11:10:00,2.30808,2.30832,2.30627,2.30698,1080
2025-04-07 11:15:00,2.30699,2.31135,2.30645,2.3112,1109
2025-04-07 11:20:00,2.31121,2.31195,2.30995,2.31014,1023
2025-04-07 11:25:00,2.31022,2.31236,2.31022,2.31055,945
2025-04-07 11:30:00,2.31055,2.3119899999999998,2.30989,2.31095,980
2025-04-07 11:35:00,2.31095,2.31292,2.31075,2.31251,956
2025-04-07 11:40:00,2.3124700000000002,2.31471,2.31193,2.31377,897
2025-04-07 11:45:00,2.31377,2.31408,2.31268,2.31392,905
2025-04-07 11:50:00,2.31392,2.31548,2.31201,2.3131399999999998,962
2025-04-07 11:55:00,2.3131399999999998,2.31432,2.31266,2.31294,815
2025-04-07 12:00:00,2.313,2.31311,2.31159,2.31281,988
2025-04-07 12:05:00,2.31281,2.3156499999999998,2.31262,2.31558,936
2025-04-07 12:10:00,2.31556,2.31616,2.31281,2.31367,855
2025-04-07 12:15:00,2.3137,2.31452,2.31291,2.3138199999999998,847
2025-04-07 12:20:00,2.3138199999999998,2.31483,2.31195,2.31212,942
2025-04-07 12:25:00,2.31209,2.31242,2.31085,2.31114,1022
2025-04-07 12:30:00,2.3111800000000002,2.31132,2.30784,2.30785,1044
2025-04-07 12:35:00,2.30786,2.30786,2.30499,2.30644,910
2025-04-07 12:40:00,2.30644,2.30658,2.30361,2.30388,981
2025-04-07 12:45:00,2.30385,2.30497,2.30315,2.30441,944
2025-04-07 12:50:00,2.30436,2.3052799999999998,2.3035,2.30415,952
2025-04-07 12:55:00,2.3041,2.30429,2.30134,2.30252,940
2025-04-07 13:00:00,2.3025,2.303,2.3005,2.30172,1099
2025-04-07 13:05:00,2.30174,2.30355,2.3017,2.30316,1002
2025-04-07 13:10:00,2.30322,2.30443,2.30235,2.30316,956
2025-04-07 13:15:00,2.3032500000000002,2.3032500000000002,2.30055,2.30127,1072
2025-04-07 13:20:00,2.30123,2.30354,2.30009,2.30353,1025
2025-04-07 13:25:00,2.30347,2.3039899999999998,2.29884,2.2989100000000002,1081
2025-04-07 13:30:00,2.2989100000000002,2.29961,2.29786,2.2988,972
2025-04-07 13:35:00,2.29881,2.29936,2.29588,2.29652,996
2025-04-07 13:40:00,2.29655,2.29862,2.29626,2.29748,1078
2025-04-07 13:45:00,2.2975,2.29791,2.29479,2.29664,1059
2025-04-07 13:50:00,2.29664,2.29834,2.29576,2.29703,1033
2025-04-07 13:55:00,2.2971,2.2978,2.29557,2.29595,1059
2025-04-07 14:00:00,2.29592,2.29637,2.29501,2.29534,1096
2025-04-07 14:05:00,2.29533,2.29608,2.29394,2.29407,976
2025-04-07 14:10:00,2.29405,2.29556,2.29244,2.29307,1021
2025-04-07 14:15:00,2.29314,2.29316,2.29056,2.29097,942
2025-04-07 14:20:00,2.29095,2.29214,2.29089,2.29214,970
2025-04-07 14:25:00,2.29214,2.2932,2.29186,2.29186,982
2025-04-07 14:30:00,2.29185,2.29325,2.29183,2.29273,985
2025-04-07 14:35:00,2.29278,2.29506,2.29258,2.2944,1004
2025-04-07 14:40:00,2.29437,2.29626,2.29422,2.29598,989
2025-04-07 14:45:00,2.29596,2.2975,2.29584,2.2973,881
2025-04-07 14:50:00,2.29734,2.29965,2.29639,2.29901,934
2025-04-07 14:55:00,2.2989800000000002,2.29918,2.29677,2.29702,872
2025-04-07 15:00:00,2.29703,2.2971500000000002,2.29547,2.29547,1059
2025-04-07 15:05:00,2.29547,2.29605,2.29451,2.2955,930
2025-04-07 15:10:00,2.29541,2.29615,2.29431,2.29539,1006
2025-04-07 15:15:00,2.2953799999999998,2.2964700000000002,2.29478,2.29547,993
2025-04-07 15:20:00,2.2954499999999998,2.29564,2.29231,2.29286,964
2025-04-07 15:25:00,2.29286,2.29321,2.28674,2.28925,1139
2025-04-07 15:30:00,2.28925,2.29015,2.28736,2.28736,1186
2025-04-07 15:35:00,2.28736,2.28918,2.28718,2.28868,1087
2025-04-07 15:40:00,2.2887399999999998,2.29251,2.28826,2.29125,1090
2025-04-07 15:45:00,2.29128,2.29349,2.28776,2.29019,1141
2025-04-07 15:50:00,2.29011,2.29062,2.28678,2.28973,1274
2025-04-07 15:55:00,2.28973,2.28977,2.28681,2.28764,1124
2025-04-07 16:00:00,2.28769,2.29048,2.28754,2.2903000000000002,1127
2025-04-07 16:05:00,2.2903000000000002,2.29049,2.28913,2.28953,1066
2025-04-07 16:10:00,2.28958,2.29054,2.28886,2.29028,976
2025-04-07 16:15:00,2.29028,2.2925,2.29001,2.29148,966
2025-04-07 16:20:00,2.29148,2.29337,2.29148,2.2923299999999998,917
2025-04-07 16:25:00,2.29237,2.29271,2.2899,2.29048,898
2025-04-07 16:30:00,2.29047,2.29086,2.28895,2.29044,1065
2025-04-07 16:35:00,2.2904999999999998,2.29175,2.29018,2.29033,997
2025-04-07 16:40:00,2.29035,2.2921300000000002,2.28982,2.29083,1081
2025-04-07 16:45:00,2.29076,2.2911099999999998,2.28713,2.2878600000000002,1124
2025-04-07 16:50:00,2.2878600000000002,2.28877,2.2860300000000002,2.28674,1175
2025-04-07 16:55:00,2.2868,2.28846,2.28667,2.28838,1126
2025-04-07 17:00:00,2.28848,2.28868,2.28606,2.28853,1159
2025-04-07 17:05:00,2.28853,2.29032,2.28724,2.2873,1163
2025-04-07 17:10:00,2.2872500000000002,2.28729,2.27295,2.28463,1441
2025-04-07 17:15:00,2.28479,2.28506,2.27944,2.28338,1397
2025-04-07 17:20:00,2.28343,2.29046,2.28265,2.28618,1424
2025-04-07 17:25:00,2.28615,2.28903,2.28515,2.2887,1362
2025-04-07 17:30:00,2.28887,2.29227,2.28649,2.29199,1357
2025-04-07 17:35:00,2.2919,2.29906,2.29133,2.29534,1388
2025-04-07 17:40:00,2.29549,2.2959899999999998,2.29209,2.29521,1322
2025-04-07 17:45:00,2.2954,2.29659,2.29277,2.29543,1267
2025-04-07 17:50:00,2.29551,2.29871,2.29252,2.29816,1307
2025-04-07 17:55:00,2.29815,2.30146,2.29551,2.29861,1358
2025-04-07 18:00:00,2.29865,2.30067,2.29511,2.29682,1336
2025-04-07 18:05:00,2.29687,2.29712,2.2939,2.2948,1210
2025-04-07 18:10:00,2.2947699999999998,2.30067,2.2934200000000002,2.29748,1189
2025-04-07 18:15:00,2.29743,2.30748,2.29699,2.29859,1366
2025-04-07 18:20:00,2.29859,2.30097,2.29645,2.30065,1260
2025-04-07 18:25:00,2.30052,2.30114,2.29801,2.30085,1197
2025-04-07 18:30:00,2.30061,2.30138,2.29847,2.29888,1265
2025-04-07 18:35:00,2.29892,2.29969,2.29739,2.29845,1262
2025-04-07 18:40:00,2.29859,2.29889,2.29571,2.29629,1205
2025-04-07 18:45:00,2.29634,2.29786,2.29443,2.29598,1168
2025-04-07 18:50:00,2.29601,2.29811,2.29479,2.29774,1124
2025-04-07 18:55:00,2.29775,2.29903,2.29657,2.29878,1092
2025-04-07 19:00:00,2.29881,2.30076,2.29852,2.29864,1180
2025-04-07 19:05:00,2.29864,2.30222,2.29856,2.30197,1109
2025-04-07 19:10:00,2.30197,2.30197,2.30023,2.30113,1104
2025-04-07 19:15:00,2.30115,2.30234,2.30046,2.30144,1042
2025-04-07 19:20:00,2.30145,2.30396,2.30128,2.30231,1131
2025-04-07 19:25:00,2.30241,2.30446,2.30084,2.30444,1069
2025-04-07 19:30:00,2.3044000000000002,2.30532,2.30272,2.30452,991
2025-04-07 19:35:00,2.30443,2.30644,2.3039899999999998,2.30434,954
2025-04-07 19:40:00,2.30437,2.30465,2.3031,2.30387,1000
2025-04-07 19:45:00,2.30387,2.30425,2.30293,2.30346,940
2025-04-07 19:50:00,2.30339,2.30753,2.30336,2.3071099999999998,1015
2025-04-07 19:55:00,2.3071099999999998,2.31013,2.30709,2.3099,995
2025-04-07 20:00:00,2.31006,2.31006,2.30398,2.30713,1212
2025-04-07 20:05:00,2.30695,2.31047,2.30693,2.30832,1036
2025-04-07 20:10:00,2.30835,2.30928,2.3073,2.30799,978
2025-04-07 20:15:00,2.30802,2.30816,2.30017,2.3005,1130
2025-04-07 20:20:00,2.30029,2.3007,2.2989100000000002,2.30005,1058
2025-04-07 20:25:00,2.30016,2.30143,2.29938,2.29998,1001
2025-04-07 20:30:00,2.30001,2.30188,2.29929,2.30052,1046
2025-04-07 20:35:00,2.30049,2.30125,2.29953,2.30105,990
2025-04-07 20:40:00,2.30091,2.302,2.29981,2.30093,1037
2025-04-07 20:45:00,2.30099,2.30396,2.29986,2.30113,1098
2025-04-07 20:50:00,2.30113,2.30171,2.29958,2.29984,1106
2025-04-07 20:55:00,2.29991,2.30019,2.29907,2.3001,987
2025-04-07 21:00:00,2.30005,2.30165,2.29917,2.30055,1008
2025-04-07 21:05:00,2.30055,2.30146,2.29933,2.30028,961
2025-04-07 21:10:00,2.30028,2.30244,2.29974,2.30227,863
2025-04-07 21:15:00,2.30232,2.30317,2.3007,2.30145,845
2025-04-07 21:20:00,2.30146,2.30217,2.30049,2.30083,943
2025-04-07 21:25:00,2.30083,2.30291,2.30078,2.30256,842
2025-04-07 21:30:00,2.30252,2.30395,2.30175,2.30371,826
2025-04-07 21:35:00,2.30372,2.30409,2.30265,2.30278,750
2025-04-07 21:40:00,2.3028,2.30347,2.3018,2.30312,853
2025-04-07 21:45:00,2.30307,2.30453,2.30273,2.30449,749
2025-04-07 21:50:00,2.3044700000000002,2.30542,2.30408,2.30438,687
2025-04-07 21:55:00,2.30436,2.30579,2.3037900000000002,2.3049,806
2025-04-07 22:00:00,2.30502,2.30519,2.3014,2.30416,866
2025-04-07 22:05:00,2.30416,2.30469,2.30292,2.30324,727
2025-04-07 22:10:00,2.3032,2.3042,2.30268,2.30366,647
2025-04-07 22:15:00,2.30366,2.3038,2.30112,2.3018,745
2025-04-07 22:20:00,2.30175,2.30249,2.30053,2.30174,725
2025-04-07 22:25:00,2.3018,2.30288,2.3016,2.30274,750
2025-04-07 22:30:00,2.30283,2.30317,2.30189,2.30248,771
2025-04-07 22:35:00,2.30248,2.30279,2.29977,2.29983,851
2025-04-07 22:40:00,2.29985,2.30064,2.29932,2.30062,663
2025-04-07 22:45:00,2.30062,2.3013,2.3001300000000002,2.30044,668
2025-04-07 22:50:00,2.30049,2.30084,2.29997,2.30024,638
2025-04-07 22:55:00,2.30027,2.30027,2.29839,2.2987,659
2025-04-07 23:00:00,2.29864,2.29896,2.29692,2.29729,631
2025-04-07 23:05:00,2.29749,2.29801,2.29638,2.29731,582
2025-04-07 23:10:00,2.29731,2.2978199999999998,2.29627,2.29729,503
2025-04-07 23:15:00,2.29733,2.29786,2.29653,2.29777,561
2025-04-07 23:20:00,2.29773,2.29832,2.29717,2.29792,478
2025-04-07 23:25:00,2.29792,2.29821,2.29742,2.29788,440
2025-04-07 23:30:00,2.29784,2.29804,2.2967,2.29755,476
2025-04-07 23:35:00,2.29755,2.29803,2.29682,2.29737,400
2025-04-07 23:40:00,2.29737,2.29737,2.29406,2.2941,401
2025-04-07 23:45:00,2.29412,2.2945,2.29339,2.2941599999999998,311
2025-04-07 23:50:00,2.29413,2.2945,2.29378,2.29398,259
2025-04-07 23:55:00,2.29398,2.2965,2.29182,2.29536,418
2025-04-08 00:00:00,2.29201,2.29211,2.29201,2.29211,3
2025-04-08 00:05:00,2.29449,2.29543,2.29201,2.29224,24
2025-04-08 00:10:00,2.29224,2.29333,2.29224,2.29332,21
2025-04-08 00:15:00,2.29332,2.29335,2.29257,2.29332,34
2025-04-08 00:20:00,2.29332,2.29392,2.29253,2.29264,53
2025-04-08 00:25:00,2.29264,2.29264,2.29144,2.29144,44
2025-04-08 00:30:00,2.29146,2.29163,2.29084,2.29132,70
2025-04-08 00:35:00,2.29132,2.29161,2.2905699999999998,2.29155,92
2025-04-08 00:40:00,2.29153,2.29163,2.29136,2.29142,61
2025-04-08 00:45:00,2.29142,2.29162,2.29088,2.2911799999999998,77
2025-04-08 00:50:00,2.29107,2.29216,2.29096,2.29189,108
2025-04-08 00:55:00,2.29189,2.29255,2.29189,2.29229,65
2025-04-08 01:00:00,2.29386,2.29452,2.29208,2.29452,359
2025-04-08 01:05:00,2.29441,2.2965,2.2942,2.29607,258
2025-04-08 01:10:00,2.29607,2.29725,2.29605,2.29696,222
2025-04-08 01:15:00,2.29692,2.29806,2.29675,2.29792,311
2025-04-08 01:20:00,2.29792,2.29833,2.29759,2.29827,240
2025-04-08 01:25:00,2.29836,2.29889,2.29817,2.29874,333
2025-04-08 01:30:00,2.29857,2.29919,2.2983700000000002,2.29853,270
2025-04-08 01:35:00,2.29853,2.29943,2.29835,2.29866,257
2025-04-08 01:40:00,2.29866,2.29878,2.29826,2.29838,263
2025-04-08 01:45:00,2.29846,2.2991,2.29835,2.29835,253
2025-04-08 01:50:00,2.29835,2.29918,2.29835,2.2987,226
2025-04-08 01:55:00,2.29874,2.29956,2.29865,2.29949,160
2025-04-08 02:00:00,2.29955,2.29955,2.29877,2.2989,272
2025-04-08 02:05:00,2.29892,2.29936,2.29836,2.29842,251
2025-04-08 02:10:00,2.29842,2.29902,2.29775,2.29875,185
2025-04-08 02:15:00,2.29879,2.29975,2.29854,2.2992,298
2025-04-08 02:20:00,2.2992,2.29979,2.2983000000000002,2.29848,381
2025-04-08 02:25:00,2.29848,2.29869,2.29744,2.29748,312
2025-04-08 02:30:00,2.29752,2.2983700000000002,2.2973,2.2983700000000002,350
2025-04-08 02:35:00,2.2983700000000002,2.30003,2.29834,2.29983,299
2025-04-08 02:40:00,2.29984,2.30198,2.29984,2.30192,292
2025-04-08 02:45:00,2.3019600000000002,2.30239,2.29995,2.30025,449
2025-04-08 02:50:00,2.30008,2.30078,2.29897,2.30055,394
2025-04-08 02:55:00,2.30055,2.30084,2.2987,2.29954,400
2025-04-08 03:00:00,2.29954,2.30117,2.29877,2.29878,895
2025-04-08 03:05:00,2.29878,2.29915,2.29644,2.2967,609
2025-04-08 03:10:00,2.29675,2.2968,2.29357,2.2937,793
2025-04-08 03:15:00,2.29372,2.29611,2.29352,2.29463,767
2025-04-08 03:20:00,2.29469,2.2958600000000002,2.29469,2.29528,799
2025-04-08 03:25:00,2.29533,2.29661,2.29512,2.29603,573
2025-04-08 03:30:00,2.29608,2.29658,2.29526,2.29635,655
2025-04-08 03:35:00,2.29635,2.29712,2.2958,2.2962,637
2025-04-08 03:40:00,2.2962,2.29632,2.29518,2.29591,598
2025-04-08 03:45:00,2.2959300000000002,2.29676,2.29494,2.29641,606
2025-04-08 03:50:00,2.29643,2.2981,2.29641,2.29681,767
2025-04-08 03:55:00,2.29657,2.30028,2.29657,2.30009,920
2025-04-08 04:00:00,2.30021,2.30329,2.30004,2.30088,962
2025-04-08 04:05:00,2.30088,2.30271,2.30059,2.30083,803
2025-04-08 04:10:00,2.30083,2.30133,2.29913,2.30065,748
2025-04-08 04:15:00,2.30065,2.30405,2.30031,2.30133,905
2025-04-08 04:20:00,2.30134,2.30192,2.29951,2.29982,834
2025-04-08 04:25:00,2.29982,2.29994,2.29869,2.29991,679
2025-04-08 04:30:00,2.29991,2.30003,2.29751,2.298,1039
2025-04-08 04:35:00,2.298,2.29807,2.2959,2.29682,799
2025-04-08 04:40:00,2.29682,2.29705,2.29479,2.29536,741
2025-04-08 04:45:00,2.29534,2.2959300000000002,2.29444,2.29486,773
2025-04-08 04:50:00,2.29485,2.29571,2.29382,2.29385,622
2025-04-08 04:55:00,2.29382,2.29401,2.29256,2.2934200000000002,588
2025-04-08 05:00:00,2.2934200000000002,2.29498,2.29312,2.2932,638
2025-04-08 05:05:00,2.29322,2.29408,2.29142,2.29224,651
2025-04-08 05:10:00,2.29227,2.29263,2.29137,2.29186,621
2025-04-08 05:15:00,2.2919,2.29263,2.29046,2.29071,536
2025-04-08 05:20:00,2.29071,2.29244,2.29039,2.29081,579
2025-04-08 05:25:00,2.29081,2.29122,2.28901,2.28906,523
2025-04-08 05:30:00,2.28906,2.29012,2.28864,2.29002,563
2025-04-08 05:35:00,2.29006,2.29059,2.2891,2.29051,560
2025-04-08 05:40:00,2.29051,2.29121,2.28957,2.29033,541
2025-04-08 05:45:00,2.29033,2.29173,2.28962,2.29173,536
2025-04-08 05:50:00,2.2919,2.29349,2.29135,2.29328,609
2025-04-08 05:55:00,2.29328,2.29353,2.29193,2.29216,583
2025-04-08 06:00:00,2.29216,2.29237,2.29164,2.29193,524
2025-04-08 06:05:00,2.29193,2.29285,2.29154,2.29253,571
2025-04-08 06:10:00,2.29252,2.29255,2.2914,2.29176,457
2025-04-08 06:15:00,2.2918,2.29277,2.29167,2.29196,474
2025-04-08 06:20:00,2.29193,2.29221,2.29117,2.29145,544
2025-04-08 06:25:00,2.29145,2.29252,2.2911099999999998,2.29176,590
2025-04-08 06:30:00,2.29176,2.29307,2.29138,2.29156,657
2025-04-08 06:35:00,2.29156,2.29299,2.29156,2.29286,548
2025-04-08 06:40:00,2.29286,2.29379,2.29278,2.2932,532
2025-04-08 06:45:00,2.2932,2.29333,2.29138,2.29153,483
2025-04-08 06:50:00,2.29153,2.29232,2.29148,2.29227,362
2025-04-08 06:55:00,2.29229,2.29311,2.29202,2.2929,383
2025-04-08 07:00:00,2.29302,2.29316,2.2908,2.29129,487
2025-04-08 07:05:00,2.29129,2.29129,2.28918,2.2893499999999998,528
2025-04-08 07:10:00,2.2893499999999998,2.28939,2.28694,2.28705,458
2025-04-08 07:15:00,2.28698,2.28712,2.28339,2.28412,647
2025-04-08 07:20:00,2.28412,2.28424,2.28193,2.28202,544
2025-04-08 07:25:00,2.2818899999999998,2.2845,2.28091,2.28431,488
2025-04-08 07:30:00,2.2843,2.28507,2.28397,2.28424,457
2025-04-08 07:35:00,2.28423,2.28436,2.28149,2.28152,501
2025-04-08 07:40:00,2.28152,2.28152,2.27938,2.28014,435
2025-04-08 07:45:00,2.28014,2.28062,2.27963,2.27975,533
2025-04-08 07:50:00,2.27975,2.28114,2.27926,2.28077,457
2025-04-08 07:55:00,2.28085,2.28095,2.27975,2.28007,465
2025-04-08 08:00:00,2.2802,2.28301,2.27973,2.28284,644
2025-04-08 08:05:00,2.28283,2.28349,2.2819599999999998,2.28271,511
2025-04-08 08:10:00,2.28265,2.28342,2.28182,2.28277,529
2025-04-08 08:15:00,2.28284,2.28416,2.28242,2.28265,483
2025-04-08 08:20:00,2.28259,2.28304,2.28182,2.28287,576
2025-04-08 08:25:00,2.28289,2.28435,2.28287,2.28431,516
2025-04-08 08:30:00,2.28431,2.28436,2.28215,2.28234,669
2025-04-08 08:35:00,2.28221,2.28301,2.28111,2.28171,506
2025-04-08 08:40:00,2.28171,2.28223,2.28105,2.28195,522
2025-04-08 08:45:00,2.28195,2.282,2.2800000000000002,2.28012,637
2025-04-08 08:50:00,2.2801,2.28029,2.27815,2.27841,648
2025-04-08 08:55:00,2.27841,2.27926,2.2776899999999998,2.27881,609
2025-04-08 09:00:00,2.27857,2.28231,2.27791,2.28203,861
2025-04-08 09:05:00,2.28205,2.28389,2.28044,2.2818,839
2025-04-08 09:10:00,2.28172,2.28281,2.28034,2.28242,701
2025-04-08 09:15:00,2.28235,2.28253,2.28092,2.28253,698
2025-04-08 09:20:00,2.28251,2.28327,2.28143,2.28193,724
2025-04-08 09:25:00,2.28197,2.28333,2.28111,2.28145,721
2025-04-08 09:30:00,2.28148,2.28151,2.27911,2.27953,776
2025-04-08 09:35:00,2.27947,2.27981,2.27764,2.27851,767
2025-04-08 09:40:00,2.27867,2.27973,2.27811,2.27948,711
2025-04-08 09:45:00,2.27948,2.2804,2.27887,2.27888,809
2025-04-08 09:50:00,2.27888,2.27905,2.27741,2.27866,668
2025-04-08 09:55:00,2.27866,2.2805,2.27788,2.27843,804
2025-04-08 10:00:00,2.27841,2.27852,2.27409,2.27533,1013
2025-04-08 10:05:00,2.27532,2.27563,2.27418,2.27489,844
2025-04-08 10:10:00,2.2749800000000002,2.27536,2.27205,2.27208,907
2025-04-08 10:15:00,2.27216,2.27555,2.27203,2.27535,960
2025-04-08 10:20:00,2.27533,2.27608,2.27394,2.27469,871
2025-04-08 10:25:00,2.27467,2.27599,2.27451,2.2756,810
2025-04-08 10:30:00,2.27558,2.27582,2.27388,2.27561,908
2025-04-08 10:35:00,2.27557,2.27861,2.27557,2.27656,962
2025-04-08 10:40:00,2.2764699999999998,2.27711,2.27483,2.27614,900
2025-04-08 10:45:00,2.27617,2.27672,2.2750500000000002,2.27521,801
2025-04-08 10:50:00,2.27523,2.27771,2.27483,2.27664,866
2025-04-08 10:55:00,2.27654,2.27803,2.27541,2.27791,843
2025-04-08 11:00:00,2.27792,2.27956,2.27715,2.27784,910
2025-04-08 11:05:00,2.27782,2.278,2.27619,2.27631,877
2025-04-08 11:10:00,2.27632,2.27831,2.27631,2.2767,803
2025-04-08 11:15:00,2.27668,2.27756,2.2758,2.27728,745
2025-04-08 11:20:00,2.27741,2.27902,2.2768800000000002,2.27791,670
2025-04-08 11:25:00,2.27792,2.27819,2.277,2.27756,668
2025-04-08 11:30:00,2.27754,2.27846,2.2766,2.27843,677
2025-04-08 11:35:00,2.27835,2.2793,2.27772,2.27865,563
2025-04-08 11:40:00,2.27865,2.27971,2.27827,2.27846,564
2025-04-08 11:45:00,2.27848,2.27958,2.27789,2.27792,563
2025-04-08 11:50:00,2.27792,2.27842,2.27698,2.27707,761
2025-04-08 11:55:00,2.27704,2.27704,2.27524,2.27614,720
2025-04-08 12:00:00,2.27621,2.27727,2.27613,2.27639,782
2025-04-08 12:05:00,2.27639,2.27743,2.27621,2.27676,658
2025-04-08 12:10:00,2.27679,2.2789,2.27658,2.27741,771
2025-04-08 12:15:00,2.27739,2.27832,2.27729,2.27791,635
2025-04-08 12:20:00,2.27791,2.27933,2.27746,2.27885,815
2025-04-08 12:25:00,2.27887,2.27936,2.27752,2.27842,780
2025-04-08 12:30:00,2.27849,2.27961,2.2782999999999998,2.27897,835
2025-04-08 12:35:00,2.27897,2.27961,2.27807,2.27881,719
2025-04-08 12:40:00,2.27886,2.27981,2.27867,2.27933,724
2025-04-08 12:45:00,2.27935,2.28172,2.27862,2.28171,690
2025-04-08 12:50:00,2.28175,2.2818899999999998,2.27957,2.27998,732
2025-04-08 12:55:00,2.27994,2.2806100000000002,2.27854,2.28012,782
2025-04-08 13:00:00,2.28014,2.28086,2.27995,2.28062,668
2025-04-08 13:05:00,2.28062,2.28076,2.27821,2.27822,749
2025-04-08 13:10:00,2.27822,2.27938,2.27806,2.27912,608
2025-04-08 13:15:00,2.27915,2.27968,2.2781000000000002,2.27843,640
2025-04-08 13:20:00,2.27838,2.27844,2.27722,2.27792,734
2025-04-08 13:25:00,2.27794,2.27875,2.27729,2.27851,731
2025-04-08 13:30:00,2.27849,2.27977,2.27849,2.2793200000000002,700
2025-04-08 13:35:00,2.27931,2.28023,2.27861,2.2801,730
2025-04-08 13:40:00,2.28011,2.28043,2.27905,2.27965,722
2025-04-08 13:45:00,2.27965,2.28038,2.27918,2.27935,667
2025-04-08 13:50:00,2.27933,2.28032,2.27909,2.27972,692
2025-04-08 13:55:00,2.27972,2.28075,2.27934,2.28072,727
2025-04-08 14:00:00,2.28071,2.28335,2.28055,2.28282,780
2025-04-08 14:05:00,2.28285,2.2832,2.28208,2.28227,602
2025-04-08 14:10:00,2.28227,2.28264,2.28116,2.28258,747
2025-04-08 14:15:00,2.28258,2.28337,2.28137,2.28295,875
2025-04-08 14:20:00,2.283,2.28337,2.28177,2.283,783
2025-04-08 14:25:00,2.28301,2.28356,2.28258,2.28343,686
2025-04-08 14:30:00,2.28343,2.2839,2.2829,2.2835900000000002,669
2025-04-08 14:35:00,2.28352,2.28413,2.28218,2.28274,775
2025-04-08 14:40:00,2.28274,2.28513,2.28274,2.2848100000000002,783
2025-04-08 14:45:00,2.2848,2.28548,2.28352,2.28428,708
2025-04-08 14:50:00,2.28428,2.28459,2.28284,2.28287,794
2025-04-08 14:55:00,2.28287,2.28333,2.28152,2.28153,691
2025-04-08 15:00:00,2.28155,2.28191,2.2802,2.28098,885
2025-04-08 15:05:00,2.28099,2.28146,2.2800000000000002,2.28027,758
2025-04-08 15:10:00,2.28026,2.28044,2.27912,2.2799,798
2025-04-08 15:15:00,2.27986,2.2799300000000002,2.27859,2.27881,676
2025-04-08 15:20:00,2.27878,2.27944,2.27774,2.27779,804
2025-04-08 15:25:00,2.27779,2.27847,2.27696,2.27721,798
2025-04-08 15:30:00,2.27724,2.27732,2.27574,2.2758,823
2025-04-08 15:35:00,2.2758,2.27752,2.27553,2.27733,697
2025-04-08 15:40:00,2.27739,2.27791,2.2769,2.27728,692
2025-04-08 15:45:00,2.27725,2.2774900000000002,2.27443,2.27503,640
2025-04-08 15:50:00,2.27503,2.27572,2.27435,2.27481,700
2025-04-08 15:55:00,2.27479,2.27685,2.27479,2.27605,754
2025-04-08 16:00:00,2.27602,2.2764699999999998,2.27378,2.27395,777
2025-04-08 16:05:00,2.27393,2.27713,2.27372,2.27523,887
2025-04-08 16:10:00,2.27519,2.27537,2.27172,2.27424,1049
2025-04-08 16:15:00,2.27421,2.27548,2.2726100000000002,2.27264,898
2025-04-08 16:20:00,2.27264,2.27515,2.27235,2.27482,894
2025-04-08 16:25:00,2.2749,2.27573,2.27385,2.27524,751
2025-04-08 16:30:00,2.27529,2.27661,2.275,2.27643,1011
2025-04-08 16:35:00,2.27641,2.2775,2.27587,2.27604,954
2025-04-08 16:40:00,2.27622,2.27839,2.2757899999999998,2.27655,1032
2025-04-08 16:45:00,2.27655,2.27763,2.27607,2.27718,918
2025-04-08 16:50:00,2.27722,2.27844,2.27658,2.27833,936
2025-04-08 16:55:00,2.27828,2.27868,2.27639,2.27705,832
2025-04-08 17:00:00,2.27704,2.27788,2.27584,2.27679,948
2025-04-08 17:05:00,2.27675,2.27699,2.27538,2.27608,890
2025-04-08 17:10:00,2.27619,2.27713,2.2756600000000002,2.27598,973
2025-04-08 17:15:00,2.2759,2.27651,2.27532,2.27614,887
2025-04-08 17:20:00,2.27618,2.27784,2.27576,2.27765,967
2025-04-08 17:25:00,2.27765,2.28042,2.2775,2.28026,964
2025-04-08 17:30:00,2.28026,2.28131,2.27958,2.28077,920
2025-04-08 17:35:00,2.28076,2.28174,2.28002,2.28161,947
2025-04-08 17:40:00,2.28161,2.28167,2.2805400000000002,2.2806,879
2025-04-08 17:45:00,2.28064,2.28304,2.28056,2.2823700000000002,829
2025-04-08 17:50:00,2.2823700000000002,2.28368,2.28163,2.28368,897
2025-04-08 17:55:00,2.2837,2.28523,2.28195,2.28486,1046
2025-04-08 18:00:00,2.28485,2.2861000000000002,2.2824999999999998,2.2832,1040
2025-04-08 18:05:00,2.2832,2.287,2.2824999999999998,2.28646,832
2025-04-08 18:10:00,2.28645,2.28881,2.28589,2.287,932
2025-04-08 18:15:00,2.28695,2.28811,2.28629,2.28735,844
2025-04-08 18:20:00,2.28728,2.28833,2.28655,2.28778,841
2025-04-08 18:25:00,2.28776,2.28911,2.28744,2.28821,805
2025-04-08 18:30:00,2.28822,2.28873,2.28747,2.2880599999999998,847
2025-04-08 18:35:00,2.28815,2.28891,2.28677,2.28699,811
2025-04-08 18:40:00,2.28699,2.28859,2.28682,2.28859,694
2025-04-08 18:45:00,2.28861,2.28904,2.28758,2.28893,681
2025-04-08 18:50:00,2.28893,2.29023,2.28799,2.2893,739
2025-04-08 18:55:00,2.28938,2.29104,2.2890800000000002,2.28999,769
2025-04-08 19:00:00,2.28997,2.29054,2.28859,2.2889,815
2025-04-08 19:05:00,2.2889,2.28952,2.28717,2.28771,794
2025-04-08 19:10:00,2.28771,2.28877,2.2866400000000002,2.2871,721
2025-04-08 19:15:00,2.2871,2.2913,2.2871,2.2909800000000002,880
2025-04-08 19:20:00,2.29106,2.2931,2.29062,2.29064,838
2025-04-08 19:25:00,2.29068,2.29148,2.28994,2.29073,771
2025-04-08 19:30:00,2.29069,2.2922000000000002,2.28954,2.29212,880
2025-04-08 19:35:00,2.29214,2.29409,2.29141,2.294,872
2025-04-08 19:40:00,2.29401,2.29597,2.29357,2.2953200000000002,998
2025-04-08 19:45:00,2.29536,2.29601,2.29293,2.29461,1018
2025-04-08 19:50:00,2.2946,2.29547,2.29369,2.29533,922
2025-04-08 19:55:00,2.29535,2.2986,2.29458,2.29798,932
2025-04-08 20:00:00,2.29806,2.29824,2.29596,2.29646,948
2025-04-08 20:05:00,2.29645,2.29956,2.29601,2.2991,879
2025-04-08 20:10:00,2.2991,2.30146,2.29881,2.30055,898
2025-04-08 20:15:00,2.3005,2.3005,2.29686,2.29732,990
2025-04-08 20:20:00,2.2974,2.29978,2.29724,2.29912,797
2025-04-08 20:25:00,2.29912,2.30072,2.29819,2.3007,885
2025-04-08 20:30:00,2.30072,2.30267,2.30019,2.30259,835
2025-04-08 20:35:00,2.3025700000000002,2.30297,2.2991,2.29949,987
2025-04-08 20:40:00,2.29951,2.3001,2.29674,2.29784,992
2025-04-08 20:45:00,2.29784,2.30024,2.29756,2.30024,873
2025-04-08 20:50:00,2.30024,2.30099,2.29943,2.30043,967
2025-04-08 20:55:00,2.30043,2.30096,2.29914,2.29994,838
2025-04-08 21:00:00,2.29988,2.30024,2.29841,2.2996,804
2025-04-08 21:05:00,2.2997199999999998,2.3031800000000002,2.29966,2.30301,788
2025-04-08 21:10:00,2.30301,2.30576,2.30227,2.30555,823
2025-04-08 21:15:00,2.30559,2.30632,2.30272,2.30333,827
2025-04-08 21:20:00,2.30347,2.3037900000000002,2.30195,2.3026,935
2025-04-08 21:25:00,2.30259,2.30504,2.30259,2.30496,838
2025-04-08 21:30:00,2.30498,2.30498,2.30161,2.30352,1106
2025-04-08 21:35:00,2.30349,2.30468,2.30282,2.30303,802
2025-04-08 21:40:00,2.30309,2.30463,2.30258,2.30461,725
2025-04-08 21:45:00,2.30461,2.30461,2.30271,2.30359,731
2025-04-08 21:50:00,2.30359,2.30466,2.30296,2.30442,678
2025-04-08 21:55:00,2.30444,2.30496,2.30352,2.3047,778
2025-04-08 22:00:00,2.30464,2.30591,2.30438,2.3056200000000002,667
2025-04-08 22:05:00,2.3056200000000002,2.30689,2.30548,2.3066,722
2025-04-08 22:10:00,2.30664,2.30676,2.30538,2.3058199999999998,715
2025-04-08 22:15:00,2.30581,2.30676,2.30555,2.30652,742
2025-04-08 22:20:00,2.3064999999999998,2.3074,2.30583,2.30624,750
2025-04-08 22:25:00,2.30622,2.30683,2.3058199999999998,2.30615,781
2025-04-08 22:30:00,2.30612,2.30722,2.3052099999999998,2.30712,718
2025-04-08 22:35:00,2.3071,2.31049,2.30698,2.31031,766
2025-04-08 22:40:00,2.31031,2.31031,2.30896,2.30937,732
2025-04-08 22:45:00,2.30937,2.30939,2.30706,2.30795,674
2025-04-08 22:50:00,2.3079,2.3079,2.30452,2.30469,838
2025-04-08 22:55:00,2.30475,2.30616,2.30475,2.30563,719
2025-04-08 23:00:00,2.30553,2.30663,2.3052099999999998,2.30639,467
2025-04-08 23:05:00,2.30639,2.30665,2.30483,2.30597,404
2025-04-08 23:10:00,2.30603,2.30655,2.30524,2.3062300000000002,429
2025-04-08 23:15:00,2.3062300000000002,2.30639,2.30526,2.30567,462
2025-04-08 23:20:00,2.3056900000000002,2.30677,2.30544,2.30674,442
2025-04-08 23:25:00,2.30674,2.30823,2.30646,2.30812,446
2025-04-08 23:30:00,2.30812,2.30939,2.30812,2.30928,489
2025-04-08 23:35:00,2.30929,2.31007,2.30882,2.30994,421
2025-04-08 23:40:00,2.30994,2.30994,2.30694,2.30763,318
2025-04-08 23:45:00,2.30761,2.30801,2.30738,2.30738,516
2025-04-08 23:50:00,2.30738,2.30773,2.30546,2.30557,528
2025-04-08 23:55:00,2.30563,2.3061,2.30266,2.30504,459
2025-04-09 00:00:00,2.30506,2.30613,2.30506,2.30613,2
2025-04-09 00:05:00,2.30398,2.3040599999999998,2.30354,2.3036,33
2025-04-09 00:10:00,2.30362,2.30373,2.30355,2.30361,14
2025-04-09 00:15:00,2.30095,2.30403,2.29594,2.29978,27
2025-04-09 00:20:00,2.3035,2.30353,2.29901,2.3009399999999998,22
2025-04-09 00:25:00,2.3009399999999998,2.3009399999999998,2.29866,2.30064,115
2025-04-09 00:30:00,2.30036,2.3031800000000002,2.30014,2.30082,138
2025-04-09 00:35:00,2.30082,2.30488,2.30082,2.3038600000000002,316
2025-04-09 00:40:00,2.3038600000000002,2.30398,2.3028399999999998,2.30398,130
2025-04-09 00:45:00,2.30398,2.3052099999999998,2.3037900000000002,2.30448,97
2025-04-09 00:50:00,2.30448,2.30573,2.30411,2.30532,90
2025-04-09 00:55:00,2.30532,2.30646,2.30532,2.30646,105
2025-04-09 01:00:00,2.30636,2.31153,2.30604,2.31153,606
2025-04-09 01:05:00,2.3113799999999998,2.31227,2.31094,2.3119199999999998,413
2025-04-09 01:10:00,2.31161,2.31286,2.3113,2.31286,296
2025-04-09 01:15:00,2.31285,2.31359,2.31233,2.3132,358
2025-04-09 01:20:00,2.31313,2.31353,2.31272,2.3131,592
2025-04-09 01:25:00,2.3131,2.31326,2.3121,2.31315,451
2025-04-09 01:30:00,2.3131,2.31479,2.31246,2.3143599999999998,412
2025-04-09 01:35:00,2.31435,2.31683,2.31408,2.3154,421
2025-04-09 01:40:00,2.31523,2.31525,2.3114,2.31161,462
2025-04-09 01:45:00,2.31161,2.3125999999999998,2.31044,2.3125999999999998,354
2025-04-09 01:50:00,2.3125999999999998,2.31276,2.31204,2.31204,333
2025-04-09 01:55:00,2.31204,2.31395,2.3117,2.31372,373
2025-04-09 02:00:00,2.31384,2.31515,2.31289,2.31429,474
2025-04-09 02:05:00,2.31421,2.31505,2.3138199999999998,2.31461,351
2025-04-09 02:10:00,2.31453,2.31536,2.31427,2.31446,268
2025-04-09 02:15:00,2.31446,2.31705,2.31422,2.31639,415
2025-04-09 02:20:00,2.31636,2.31727,2.31568,2.31608,406
2025-04-09 02:25:00,2.31604,2.31839,2.31599,2.31821,409
2025-04-09 02:30:00,2.31821,2.31904,2.31737,2.31839,468
2025-04-09 02:35:00,2.31839,2.31884,2.31708,2.31726,453
2025-04-09 02:40:00,2.31734,2.32019,2.31707,2.32015,371
2025-04-09 02:45:00,2.32019,2.3202,2.31719,2.31777,675
2025-04-09 02:50:00,2.31775,2.31871,2.31642,2.31679,572
2025-04-09 02:55:00,2.31685,2.31845,2.31641,2.31827,612
2025-04-09 03:00:00,2.31831,2.32264,2.31801,2.32245,994
2025-04-09 03:05:00,2.32245,2.32696,2.32176,2.32549,930
2025-04-09 03:10:00,2.32549,2.327,2.32488,2.32576,848
2025-04-09 03:15:00,2.32581,2.32847,2.32428,2.32627,861
2025-04-09 03:20:00,2.32623,2.32627,2.32347,2.3246,902
2025-04-09 03:25:00,2.32458,2.3251,2.32274,2.32361,741
2025-04-09 03:30:00,2.3236499999999998,2.32384,2.32129,2.32187,886
2025-04-09 03:35:00,2.32169,2.32257,2.31907,2.31926,769
2025-04-09 03:40:00,2.3193099999999998,2.32141,2.3179,2.31945,840
2025-04-09 03:45:00,2.31945,2.32061,2.31758,2.31936,817
2025-04-09 03:50:00,2.31927,2.3199,2.31791,2.31986,712
2025-04-09 03:55:00,2.3197900000000002,2.32012,2.31811,2.31858,806
2025-04-09 04:00:00,2.31858,2.31858,2.31662,2.31813,933
2025-04-09 04:05:00,2.31799,2.31948,2.3179600000000002,2.31944,871
2025-04-09 04:10:00,2.31944,2.32003,2.31838,2.31866,796
2025-04-09 04:15:00,2.31866,2.31876,2.31636,2.31702,1041
2025-04-09 04:20:00,2.31698,2.31856,2.31628,2.3178,890
2025-04-09 04:25:00,2.3178,2.31969,2.31759,2.31775,792
2025-04-09 04:30:00,2.31775,2.31873,2.31635,2.31673,927
2025-04-09 04:35:00,2.31682,2.31799,2.3159,2.31669,904
2025-04-09 04:40:00,2.3167400000000002,2.31873,2.31587,2.31868,888
2025-04-09 04:45:00,2.31865,2.3195,2.31737,2.31823,899
2025-04-09 04:50:00,2.31825,2.31993,2.31762,2.3198,984
2025-04-09 04:55:00,2.31977,2.31987,2.31701,2.31718,657
2025-04-09 05:00:00,2.31668,2.31695,2.31133,2.31157,946
2025-04-09 05:05:00,2.31157,2.31238,2.30858,2.31047,921
2025-04-09 05:10:00,2.31046,2.31172,2.30896,2.31172,836
2025-04-09 05:15:00,2.31172,2.31172,2.31024,2.31037,677
2025-04-09 05:20:00,2.31037,2.3130100000000002,2.31003,2.31281,705
2025-04-09 05:25:00,2.31285,2.31385,2.31204,2.3125999999999998,636
2025-04-09 05:30:00,2.3125999999999998,2.31347,2.31047,2.31331,811
2025-04-09 05:35:00,2.31335,2.31357,2.3119,2.31319,822
2025-04-09 05:40:00,2.3132099999999998,2.31495,2.31293,2.31453,817
2025-04-09 05:45:00,2.31453,2.31522,2.31372,2.31466,684
2025-04-09 05:50:00,2.31464,2.31579,2.31356,2.31572,801
2025-04-09 05:55:00,2.31572,2.31709,2.31572,2.31662,759
2025-04-09 06:00:00,2.31662,2.3166700000000002,2.31346,2.3149,777
2025-04-09 06:05:00,2.31488,2.31512,2.31379,2.31454,677
2025-04-09 06:10:00,2.31454,2.31538,2.31388,2.31534,642
2025-04-09 06:15:00,2.31534,2.31558,2.31168,2.31205,760
2025-04-09 06:20:00,2.312,2.3143599999999998,2.31132,2.31319,609
2025-04-09 06:25:00,2.31319,2.31481,2.31282,2.31386,627
2025-04-09 06:30:00,2.31383,2.31562,2.31381,2.31534,620
2025-04-09 06:35:00,2.31536,2.3166,2.31534,2.31625,656
2025-04-09 06:40:00,2.31628,2.31993,2.31594,2.3197900000000002,785
2025-04-09 06:45:00,2.31953,2.3196,2.31784,2.31886,668
2025-04-09 06:50:00,2.31886,2.31933,2.31712,2.3178,655
2025-04-09 06:55:00,2.3178,2.31872,2.31747,2.31804,746
2025-04-09 07:00:00,2.31817,2.32278,2.31817,2.32231,1105
2025-04-09 07:05:00,2.32229,2.32639,2.32156,2.32636,934
2025-04-09 07:10:00,2.32628,2.32633,2.32172,2.32319,900
2025-04-09 07:15:00,2.32314,2.32327,2.32133,2.3214,807
2025-04-09 07:20:00,2.32139,2.32221,2.31942,2.32031,750
2025-04-09 07:25:00,2.32032,2.32139,2.31913,2.32023,892
2025-04-09 07:30:00,2.32023,2.32137,2.3191800000000002,2.3203300000000002,951
2025-04-09 07:35:00,2.3203300000000002,2.32046,2.31629,2.31762,961
2025-04-09 07:40:00,2.31762,2.3208,2.31746,2.32051,793
2025-04-09 07:45:00,2.32049,2.32137,2.31733,2.3176,777
2025-04-09 07:50:00,2.3176,2.3176,2.31481,2.31622,855
2025-04-09 07:55:00,2.3162,2.31823,2.3152,2.31782,727
2025-04-09 08:00:00,2.31781,2.31968,2.31678,2.31921,975
2025-04-09 08:05:00,2.31929,2.31952,2.31705,2.31817,923
2025-04-09 08:10:00,2.31821,2.31958,2.31784,2.31941,844
2025-04-09 08:15:00,2.31933,2.31984,2.3184,2.31932,901
2025-04-09 08:20:00,2.3193,2.31966,2.31834,2.31949,857
2025-04-09 08:25:00,2.31945,2.32065,2.31916,2.31976,700
2025-04-09 08:30:00,2.31976,2.32087,2.31953,2.32083,739
2025-04-09 08:35:00,2.32081,2.3210100000000002,2.31953,2.32008,819
2025-04-09 08:40:00,2.32008,2.32022,2.31813,2.31924,837
2025-04-09 08:45:00,2.31926,2.32123,2.31895,2.31907,807
2025-04-09 08:50:00,2.31896,2.3202,2.31743,2.31993,854
2025-04-09 08:55:00,2.31987,2.3199199999999998,2.31707,2.31761,899
2025-04-09 09:00:00,2.31768,2.31818,2.31649,2.31654,963
2025-04-09 09:05:00,2.3165,2.31732,2.31439,2.31578,938
2025-04-09 09:10:00,2.31569,2.31644,2.31299,2.31307,973
2025-04-09 09:15:00,2.31291,2.31422,2.31069,2.3138199999999998,1091
2025-04-09 09:20:00,2.31372,2.31489,2.3123,2.31241,999
2025-04-09 09:25:00,2.31239,2.31498,2.31239,2.31442,941
2025-04-09 09:30:00,2.31451,2.31457,2.30967,2.31035,1090
2025-04-09 09:35:00,2.31046,2.31152,2.30941,2.31011,982
2025-04-09 09:40:00,2.31004,2.31097,2.30817,2.31052,940
2025-04-09 09:45:00,2.31052,2.31134,2.3089399999999998,2.3113,871
2025-04-09 09:50:00,2.31128,2.31178,2.30903,2.31174,934
2025-04-09 09:55:00,2.31175,2.31346,2.31078,2.31108,1057
2025-04-09 10:00:00,2.31114,2.31386,2.30896,2.31175,1263
2025-04-09 10:05:00,2.31173,2.31274,2.31032,2.3124000000000002,1246
2025-04-09 10:10:00,2.31242,2.31381,2.31115,2.31159,1109
2025-04-09 10:15:00,2.3115,2.31218,2.30859,2.30915,1043
2025-04-09 10:20:00,2.30915,2.31055,2.30719,2.30719,1003
2025-04-09 10:25:00,2.30721,2.3076499999999998,2.30319,2.30332,1016
2025-04-09 10:30:00,2.30323,2.30577,2.30323,2.304,1010
2025-04-09 10:35:00,2.304,2.30601,2.30363,2.30536,868
2025-04-09 10:40:00,2.30536,2.30825,2.3045,2.30724,978
2025-04-09 10:45:00,2.30725,2.30782,2.30517,2.30722,1052
2025-04-09 10:50:00,2.30726,2.30836,2.30463,2.30561,1056
2025-04-09 10:55:00,2.3056,2.30565,2.29993,2.30029,1115
2025-04-09 11:00:00,2.30029,2.30103,2.29889,2.29938,1086
2025-04-09 11:05:00,2.29938,2.30168,2.29936,2.30167,908
2025-04-09 11:10:00,2.30163,2.30219,2.30098,2.30185,862
2025-04-09 11:15:00,2.30185,2.30492,2.30151,2.30487,800
2025-04-09 11:20:00,2.30485,2.30504,2.30235,2.3025,885
2025-04-09 11:25:00,2.30248,2.30572,2.30213,2.30537,920
2025-04-09 11:30:00,2.30532,2.30791,2.30522,2.30758,944
2025-04-09 11:35:00,2.3076,2.30773,2.30669,2.30773,869
2025-04-09 11:40:00,2.3078,2.3093,2.30747,2.30787,748
2025-04-09 11:45:00,2.30784,2.30884,2.3059,2.30672,807
2025-04-09 11:50:00,2.30671,2.3075,2.30404,2.30411,779
2025-04-09 11:55:00,2.30409,2.30607,2.304,2.30566,747
2025-04-09 12:00:00,2.30567,2.3074,2.30565,2.30719,821
2025-04-09 12:05:00,2.30721,2.30938,2.30716,2.30883,704
2025-04-09 12:10:00,2.30883,2.30888,2.30694,2.30715,745
2025-04-09 12:15:00,2.30717,2.30797,2.30685,2.30699,686
2025-04-09 12:20:00,2.30701,2.30716,2.30456,2.3066,773
2025-04-09 12:25:00,2.30662,2.30822,2.30651,2.3077199999999998,602
2025-04-09 12:30:00,2.3077199999999998,2.30821,2.3069100000000002,2.30754,715
2025-04-09 12:35:00,2.3075200000000002,2.30867,2.30749,2.30819,598
2025-04-09 12:40:00,2.30818,2.30909,2.30756,2.30762,702
2025-04-09 12:45:00,2.30762,2.3078,2.30653,2.30744,533
2025-04-09 12:50:00,2.30744,2.30794,2.30626,2.30731,604
2025-04-09 12:55:00,2.30736,2.30867,2.30702,2.30861,773
2025-04-09 13:00:00,2.30861,2.31036,2.30845,2.3098,705
2025-04-09 13:05:00,2.30978,2.30982,2.30594,2.3076,792
2025-04-09 13:10:00,2.30758,2.30835,2.30631,2.30696,790
2025-04-09 13:15:00,2.30701,2.30762,2.30561,2.30602,666
2025-04-09 13:20:00,2.30604,2.30641,2.30434,2.30454,730
2025-04-09 13:25:00,2.30452,2.30475,2.30151,2.30213,753
2025-04-09 13:30:00,2.30213,2.30266,2.30049,2.30056,698
2025-04-09 13:35:00,2.30056,2.30133,2.30023,2.30088,653
2025-04-09 13:40:00,2.30084,2.30227,2.30084,2.30138,759
2025-04-09 13:45:00,2.30139,2.30297,2.30125,2.30227,699
2025-04-09 13:50:00,2.30231,2.30239,2.29954,2.30032,789
2025-04-09 13:55:00,2.30037,2.30261,2.2974,2.30126,734
2025-04-09 14:00:00,2.30092,2.30943,2.30085,2.30554,1334
2025-04-09 14:05:00,2.30553,2.31021,2.30533,2.30797,1156
2025-04-09 14:10:00,2.30816,2.30827,2.30524,2.30632,1108
2025-04-09 14:15:00,2.30632,2.3083299999999998,2.30544,2.30798,1097
2025-04-09 14:20:00,2.30798,2.30946,2.30686,2.30871,868
2025-04-09 14:25:00,2.3087,2.30883,2.30609,2.307,918
2025-04-09 14:30:00,2.30702,2.30811,2.30656,2.30798,1031
2025-04-09 14:35:00,2.30798,2.3081300000000002,2.30609,2.30727,944
2025-04-09 14:40:00,2.30729,2.3074500000000002,2.30418,2.30549,967
2025-04-09 14:45:00,2.30546,2.3056,2.30178,2.30209,1059
2025-04-09 14:50:00,2.30195,2.30327,2.3005,2.30076,1072
2025-04-09 14:55:00,2.30063,2.301,2.29921,2.30006,947
2025-04-09 15:00:00,2.29997,2.30145,2.29875,2.29889,1097
2025-04-09 15:05:00,2.29889,2.30018,2.29885,2.29956,932
2025-04-09 15:10:00,2.29956,2.2997,2.29701,2.29778,997
2025-04-09 15:15:00,2.2977600000000002,2.29864,2.29682,2.29734,957
2025-04-09 15:20:00,2.2974,2.29765,2.29529,2.29557,1097
2025-04-09 15:25:00,2.29553,2.29625,2.29441,2.29579,878
2025-04-09 15:30:00,2.29581,2.29601,2.29467,2.29499,1043
2025-04-09 15:35:00,2.29495,2.29621,2.29492,2.29539,922
2025-04-09 15:40:00,2.29539,2.29774,2.29529,2.29774,859
2025-04-09 15:45:00,2.2977,2.29878,2.29701,2.2971,910
2025-04-09 15:50:00,2.2971,2.2977,2.29441,2.29533,991
2025-04-09 15:55:00,2.2954,2.29579,2.29374,2.29384,991
2025-04-09 16:00:00,2.2938,2.29635,2.29248,2.29405,1148
2025-04-09 16:05:00,2.29405,2.29431,2.29131,2.2914,1030
2025-04-09 16:10:00,2.29133,2.29168,2.28755,2.2878600000000002,972
2025-04-09 16:15:00,2.2878600000000002,2.28826,2.28633,2.28818,878
2025-04-09 16:20:00,2.28818,2.29059,2.28804,2.28991,834
2025-04-09 16:25:00,2.28993,2.29058,2.28853,2.28861,849
2025-04-09 16:30:00,2.28866,2.28971,2.28743,2.2895,1120
2025-04-09 16:35:00,2.28948,2.2898,2.28703,2.28832,1109
2025-04-09 16:40:00,2.28825,2.28879,2.28593,2.28704,1117
2025-04-09 16:45:00,2.287,2.2892799999999998,2.28679,2.28717,958
2025-04-09 16:50:00,2.28712,2.28761,2.2861000000000002,2.28661,926
2025-04-09 16:55:00,2.28661,2.28751,2.28448,2.28454,978
2025-04-09 17:00:00,2.28458,2.28478,2.282,2.28357,1050
2025-04-09 17:05:00,2.28353,2.28678,2.28348,2.286,986
2025-04-09 17:10:00,2.28602,2.28999,2.28592,2.28962,993
2025-04-09 17:15:00,2.2896,2.29125,2.28886,2.29066,884
2025-04-09 17:20:00,2.29064,2.29165,2.28952,2.29022,868
2025-04-09 17:25:00,2.2902,2.29251,2.28941,2.29244,859
2025-04-09 17:30:00,2.29247,2.29248,2.29021,2.29062,872
2025-04-09 17:35:00,2.2906,2.29374,2.28991,2.29319,768
2025-04-09 17:40:00,2.2932,2.2948399999999998,2.29307,2.2947100000000002,827
2025-04-09 17:45:00,2.29472,2.29627,2.29425,2.29512,849
2025-04-09 17:50:00,2.29512,2.29649,2.29438,2.29604,892
2025-04-09 17:55:00,2.29612,2.29969,2.29595,2.29767,1041
2025-04-09 18:00:00,2.29763,2.29882,2.29729,2.29812,1047
2025-04-09 18:05:00,2.29812,2.29869,2.29726,2.29765,813
2025-04-09 18:10:00,2.2976,2.29779,2.29661,2.29674,732
2025-04-09 18:15:00,2.29674,2.29746,2.29608,2.29619,794
2025-04-09 18:20:00,2.29619,2.2971500000000002,2.29585,2.29618,646
2025-04-09 18:25:00,2.29618,2.29744,2.29618,2.29652,591
2025-04-09 18:30:00,2.29652,2.29857,2.29607,2.29839,682
2025-04-09 18:35:00,2.29839,2.2999,2.29763,2.29989,727
2025-04-09 18:40:00,2.29997,2.30008,2.29817,2.29896,781
2025-04-09 18:45:00,2.29896,2.29935,2.29657,2.2971,808
2025-04-09 18:50:00,2.29712,2.29863,2.29703,2.29826,690
2025-04-09 18:55:00,2.29828,2.29939,2.29665,2.29673,663
2025-04-09 19:00:00,2.29671,2.29719,2.29528,2.29569,735
2025-04-09 19:05:00,2.29567,2.29594,2.2943,2.29463,676
2025-04-09 19:10:00,2.29463,2.29536,2.29388,2.29457,765
2025-04-09 19:15:00,2.29459,2.29475,2.29346,2.29434,632
2025-04-09 19:20:00,2.29434,2.2957,2.29336,2.29389,549
2025-04-09 19:25:00,2.2939,2.29434,2.2935,2.29369,583
2025-04-09 19:30:00,2.29373,2.29408,2.2923999999999998,2.29255,560
2025-04-09 19:35:00,2.29263,2.29293,2.29151,2.2917199999999998,537
2025-04-09 19:40:00,2.29173,2.29276,2.29147,2.29205,630
2025-04-09 19:45:00,2.29209,2.29224,2.29103,2.29103,468
2025-04-09 19:50:00,2.29103,2.29122,2.29035,2.29059,597
2025-04-09 19:55:00,2.29063,2.2911099999999998,2.28971,2.29089,656
2025-04-09 20:00:00,2.29089,2.29135,2.28652,2.28836,1097
2025-04-09 20:05:00,2.28845,2.28994,2.2881299999999998,2.28903,841
2025-04-09 20:10:00,2.28903,2.28979,2.28826,2.28886,699
2025-04-09 20:15:00,2.28884,2.2909,2.27849,2.27881,979
2025-04-09 20:20:00,2.27867,2.28124,2.27516,2.27516,1410
2025-04-09 20:25:00,2.27528,2.27587,2.26618,2.27267,1393
2025-04-09 20:30:00,2.27277,2.27459,2.26909,2.26933,1303
2025-04-09 20:35:00,2.26935,2.27593,2.26375,2.2759,1269
2025-04-09 20:40:00,2.27593,2.27766,2.26724,2.2684,1236
2025-04-09 20:45:00,2.26853,2.26867,2.26309,2.26863,1270
2025-04-09 20:50:00,2.26865,2.27285,2.26412,2.27243,1271
2025-04-09 20:55:00,2.2724,2.2732,2.26631,2.26697,1130
2025-04-09 21:00:00,2.26662,2.26663,2.26052,2.26084,1223
2025-04-09 21:05:00,2.26083,2.26369,2.26083,2.26361,1300
2025-04-09 21:10:00,2.2635899999999998,2.26594,2.26162,2.26514,1324
2025-04-09 21:15:00,2.26518,2.26825,2.26403,2.26451,1265
2025-04-09 21:20:00,2.2646100000000002,2.26617,2.26243,2.26365,1246
2025-04-09 21:25:00,2.2635899999999998,2.26617,2.2635899999999998,2.26517,1174
2025-04-09 21:30:00,2.26513,2.2670500000000002,2.2641299999999998,2.26489,1200
2025-04-09 21:35:00,2.26469,2.26526,2.26204,2.26265,1138
2025-04-09 21:40:00,2.26267,2.26783,2.26229,2.26746,1196
2025-04-09 21:45:00,2.26737,2.26912,2.26626,2.26667,1120
2025-04-09 21:50:00,2.26673,2.26764,2.26445,2.26682,923
2025-04-09 21:55:00,2.26798,2.26893,2.26667,2.26671,520
2025-04-09 22:00:00,2.26661,2.27016,2.26652,2.26866,1050
2025-04-09 22:05:00,2.2687,2.27001,2.26828,2.26987,1032
2025-04-09 22:10:00,2.26989,2.26999,2.2681,2.2691,1053
2025-04-09 22:15:00,2.26906,2.26978,2.26839,2.26862,982
2025-04-09 22:20:00,2.26864,2.26878,2.26676,2.2675,1099
2025-04-09 22:25:00,2.26751,2.26751,2.26479,2.2664,1041
2025-04-09 22:30:00,2.2664,2.26642,2.26433,2.26552,1016
2025-04-09 22:35:00,2.26554,2.26774,2.26515,2.26692,1023
2025-04-09 22:40:00,2.26692,2.26979,2.26661,2.26928,1067
2025-04-09 22:45:00,2.26926,2.2701700000000002,2.2688800000000002,2.26961,1027
2025-04-09 22:50:00,2.26937,2.27256,2.26929,2.27256,965
2025-04-09 22:55:00,2.27252,2.27253,2.26989,2.26993,969
2025-04-09 23:00:00,2.26991,2.2720000000000002,2.26902,2.27166,1008
2025-04-09 23:05:00,2.27166,2.27298,2.26939,2.26968,935
2025-04-09 23:10:00,2.26972,2.27137,2.26966,2.27055,717
2025-04-09 23:15:00,2.27052,2.27182,2.27043,2.27084,721
2025-04-09 23:20:00,2.2708,2.27227,2.2704,2.27058,785
2025-04-09 23:25:00,2.27058,2.27246,2.27021,2.27227,907
2025-04-09 23:30:00,2.27227,2.27411,2.2717,2.27201,956
2025-04-09 23:35:00,2.27209,2.27385,2.27181,2.2732,991
2025-04-09 23:40:00,2.2732,2.2732,2.26963,2.27147,900
2025-04-09 23:45:00,2.27151,2.27198,2.2706,2.27087,553
2025-04-09 23:50:00,2.27084,2.27086,2.26905,2.27001,439
2025-04-09 23:55:00,2.26999,2.27103,2.26876,2.27036,563
2025-04-10 00:00:00,2.27043,2.27043,2.2617,2.26432,8
2025-04-10 00:05:00,2.26901,2.2704,2.26551,2.27003,47
2025-04-10 00:10:00,2.26666,2.267,2.26492,2.2666399999999998,51
2025-04-10 00:15:00,2.2666399999999998,2.26708,2.26512,2.26652,37
2025-04-10 00:20:00,2.26652,2.26899,2.26652,2.26896,40
2025-04-10 00:25:00,2.26896,2.26914,2.26845,2.26914,86
2025-04-10 00:30:00,2.26911,2.26944,2.269,2.26942,109
2025-04-10 00:35:00,2.26942,2.26947,2.26869,2.26877,90
2025-04-10 00:40:00,2.26877,2.26935,2.26873,2.26909,103
2025-04-10 00:45:00,2.26909,2.2693,2.2688800000000002,2.26914,117
2025-04-10 00:50:00,2.26918,2.26932,2.26574,2.2685,282
2025-04-10 00:55:00,2.2685,2.26887,2.26674,2.26688,150
2025-04-10 01:00:00,2.2683,2.26838,2.2646,2.26823,999
2025-04-10 01:05:00,2.26832,2.26927,2.26722,2.26753,360
2025-04-10 01:10:00,2.26751,2.26875,2.26715,2.2682700000000002,363
2025-04-10 01:15:00,2.26831,2.26861,2.26747,2.26784,690
2025-04-10 01:20:00,2.26791,2.26824,2.2654199999999998,2.2663,835
2025-04-10 01:25:00,2.26634,2.26669,2.26557,2.26557,661
2025-04-10 01:30:00,2.26564,2.26728,2.26517,2.26653,741
2025-04-10 01:35:00,2.26649,2.26744,2.26576,2.26729,630
2025-04-10 01:40:00,2.26729,2.26815,2.26709,2.26722,593
2025-04-10 01:45:00,2.26722,2.26973,2.2671200000000002,2.26959,648
2025-04-10 01:50:00,2.26953,2.27123,2.26943,2.27114,565
2025-04-10 01:55:00,2.27118,2.27186,2.2698,2.27034,577
2025-04-10 02:00:00,2.27018,2.27248,2.26964,2.27244,735
2025-04-10 02:05:00,2.27241,2.27243,2.27103,2.27188,507
2025-04-10 02:10:00,2.27188,2.27201,2.27127,2.27144,412
2025-04-10 02:15:00,2.27144,2.27157,2.27028,2.27116,435
2025-04-10 02:20:00,2.27116,2.27229,2.27066,2.27219,612
2025-04-10 02:25:00,2.27217,2.27326,2.27188,2.27222,463
2025-04-10 02:30:00,2.27226,2.2724,2.27149,2.27222,473
2025-04-10 02:35:00,2.27218,2.27354,2.27216,2.27327,553
2025-04-10 02:40:00,2.27325,2.27328,2.2721999999999998,2.27234,566
2025-04-10 02:45:00,2.27234,2.273,2.27162,2.27211,607
2025-04-10 02:50:00,2.27211,2.27226,2.2709,2.2713900000000002,671
2025-04-10 02:55:00,2.27135,2.27512,2.2713,2.2749800000000002,735
2025-04-10 03:00:00,2.27502,2.27504,2.27268,2.27273,1051
2025-04-10 03:05:00,2.27268,2.27334,2.27128,2.27302,812
2025-04-10 03:10:00,2.27297,2.27324,2.27082,2.27082,813
2025-04-10 03:15:00,2.27092,2.27226,2.27021,2.27062,780
2025-04-10 03:20:00,2.27064,2.27125,2.26916,2.27031,800
2025-04-10 03:25:00,2.27034,2.2719300000000002,2.2701700000000002,2.27053,827
2025-04-10 03:30:00,2.27049,2.27308,2.27038,2.2716,840
2025-04-10 03:35:00,2.27173,2.27443,2.27171,2.27363,745
2025-04-10 03:40:00,2.27365,2.27535,2.27363,2.27441,802
2025-04-10 03:45:00,2.27441,2.27643,2.27433,2.27622,884
2025-04-10 03:50:00,2.27622,2.27669,2.27462,2.27528,755
2025-04-10 03:55:00,2.27508,2.27547,2.27445,2.27502,762
2025-04-10 04:00:00,2.27508,2.27521,2.27211,2.2739599999999998,890
2025-04-10 04:05:00,2.2739599999999998,2.2770799999999998,2.2731,2.27673,915
2025-04-10 04:10:00,2.2768,2.27714,2.27603,2.2762700000000002,832
2025-04-10 04:15:00,2.27625,2.27697,2.27538,2.27671,955
2025-04-10 04:20:00,2.27674,2.27716,2.27506,2.27625,964
2025-04-10 04:25:00,2.27624,2.2775,2.27591,2.27667,811
2025-04-10 04:30:00,2.27661,2.27724,2.27545,2.27649,802
2025-04-10 04:35:00,2.27653,2.27783,2.2762000000000002,2.27742,710
2025-04-10 04:40:00,2.27742,2.27806,2.27655,2.27684,743
2025-04-10 04:45:00,2.2768,2.27831,2.27633,2.27637,806
2025-04-10 04:50:00,2.27639,2.27743,2.2759,2.27715,817
2025-04-10 04:55:00,2.27711,2.27799,2.27643,2.2774,729
2025-04-10 05:00:00,2.27744,2.27799,2.27661,2.27697,913
2025-04-10 05:05:00,2.27695,2.27738,2.27534,2.27547,777
2025-04-10 05:10:00,2.27545,2.27545,2.27257,2.2728,713
2025-04-10 05:15:00,2.2728,2.27297,2.2715,2.27225,707
2025-04-10 05:20:00,2.27225,2.27235,2.27086,2.27144,660
2025-04-10 05:25:00,2.27144,2.27201,2.2698,2.27011,648
2025-04-10 05:30:00,2.27011,2.27196,2.26983,2.27169,723
2025-04-10 05:35:00,2.27165,2.27208,2.27022,2.27031,593
2025-04-10 05:40:00,2.27039,2.2709799999999998,2.26916,2.26922,618
2025-04-10 05:45:00,2.26926,2.26936,2.26716,2.2673,634
2025-04-10 05:50:00,2.2672,2.26791,2.26625,2.26677,519
2025-04-10 05:55:00,2.26683,2.2678599999999998,2.2664400000000002,2.26726,570
2025-04-10 06:00:00,2.2673,2.26858,2.26558,2.26566,668
2025-04-10 06:05:00,2.26566,2.26578,2.26408,2.26557,547
2025-04-10 06:10:00,2.26555,2.26577,2.26349,2.2635899999999998,521
2025-04-10 06:15:00,2.2635899999999998,2.26543,2.2617,2.2637,661
2025-04-10 06:20:00,2.2637,2.2637,2.26162,2.26162,573
2025-04-10 06:25:00,2.26162,2.26303,2.26146,2.26259,602
2025-04-10 06:30:00,2.2626,2.26412,2.262,2.26384,529
2025-04-10 06:35:00,2.2639,2.2640000000000002,2.26224,2.26279,503
2025-04-10 06:40:00,2.26279,2.26289,2.26114,2.26118,641
2025-04-10 06:45:00,2.26113,2.26113,2.25938,2.26035,489
2025-04-10 06:50:00,2.26037,2.26048,2.25915,2.25992,542
2025-04-10 06:55:00,2.25995,2.26013,2.258,2.25893,566
2025-04-10 07:00:00,2.25895,2.26089,2.2578,2.26082,649
2025-04-10 07:05:00,2.26082,2.26092,2.25974,2.26025,555
2025-04-10 07:10:00,2.26017,2.26017,2.25785,2.25785,569
2025-04-10 07:15:00,2.25785,2.25793,2.25647,2.25769,489
2025-04-10 07:20:00,2.25773,2.25876,2.25773,2.25808,368
2025-04-10 07:25:00,2.258,2.25879,2.25714,2.25863,486
2025-04-10 07:30:00,2.25863,2.26003,2.25849,2.25997,486
2025-04-10 07:35:00,2.25997,2.26007,2.25903,2.25961,404
2025-04-10 07:40:00,2.25959,2.25978,2.25842,2.25855,435
2025-04-10 07:45:00,2.25855,2.25879,2.25711,2.25824,477
2025-04-10 07:50:00,2.25828,2.25915,2.25704,2.25906,458
2025-04-10 07:55:00,2.25906,2.25919,2.25696,2.25751,555
2025-04-10 08:00:00,2.25744,2.25898,2.25734,2.25884,493
2025-04-10 08:05:00,2.25883,2.25929,2.25759,2.2585,455
2025-04-10 08:10:00,2.2585,2.25879,2.25772,2.25779,390
2025-04-10 08:15:00,2.25779,2.25792,2.25671,2.2572200000000002,478
2025-04-10 08:20:00,2.2572,2.25799,2.25638,2.25785,508
2025-04-10 08:25:00,2.25789,2.25907,2.25787,2.25816,498
2025-04-10 08:30:00,2.25816,2.2587099999999998,2.25738,2.25764,655
2025-04-10 08:35:00,2.25764,2.25861,2.25714,2.25755,564
2025-04-10 08:40:00,2.25759,2.25764,2.25628,2.2566100000000002,633
2025-04-10 08:45:00,2.2567,2.25705,2.25353,2.25429,651
2025-04-10 08:50:00,2.25433,2.25586,2.25383,2.25568,607
2025-04-10 08:55:00,2.25568,2.25641,2.25515,2.25604,593
2025-04-10 09:00:00,2.25601,2.25709,2.25526,2.25622,826
2025-04-10 09:05:00,2.25622,2.25631,2.25459,2.2558,749
2025-04-10 09:10:00,2.2558,2.2560000000000002,2.25473,2.2548500000000002,628
2025-04-10 09:15:00,2.25483,2.25515,2.25351,2.25451,642
2025-04-10 09:20:00,2.25451,2.25511,2.25282,2.25324,694
2025-04-10 09:25:00,2.25326,2.25463,2.25211,2.25443,682
2025-04-10 09:30:00,2.25443,2.25875,2.2542400000000002,2.25848,780
2025-04-10 09:35:00,2.25847,2.26182,2.25847,2.26102,752
2025-04-10 09:40:00,2.26098,2.26145,2.26014,2.26113,754
2025-04-10 09:45:00,2.26113,2.2619,2.26003,2.26075,650
2025-04-10 09:50:00,2.26075,2.26147,2.2602,2.26127,693
2025-04-10 09:55:00,2.26131,2.26144,2.25781,2.25843,843
2025-04-10 10:00:00,2.25837,2.25875,2.25643,2.25769,1002
2025-04-10 10:05:00,2.25767,2.25938,2.25746,2.25824,922
2025-04-10 10:10:00,2.25822,2.25827,2.25601,2.25731,882
2025-04-10 10:15:00,2.2572900000000002,2.2591,2.2562699999999998,2.25895,809
2025-04-10 10:20:00,2.25896,2.25997,2.25872,2.2591200000000002,908
2025-04-10 10:25:00,2.25911,2.26192,2.2591,2.26068,921
2025-04-10 10:30:00,2.2607,2.2665100000000002,2.2607,2.26536,1088
2025-04-10 10:35:00,2.26532,2.26994,2.26494,2.26816,951
2025-04-10 10:40:00,2.26816,2.27111,2.26794,2.27072,961
2025-04-10 10:45:00,2.27072,2.27072,2.26717,2.2675,835
2025-04-10 10:50:00,2.26747,2.26792,2.26623,2.26645,806
2025-04-10 10:55:00,2.26654,2.26792,2.26601,2.26606,838
2025-04-10 11:00:00,2.26606,2.26743,2.26525,2.26675,888
2025-04-10 11:05:00,2.26675,2.2689,2.26656,2.26872,883
2025-04-10 11:10:00,2.26875,2.2697,2.26737,2.26892,780
2025-04-10 11:15:00,2.2689,2.26995,2.2677899999999998,2.26988,764
2025-04-10 11:20:00,2.2699,2.2719300000000002,2.26946,2.2719300000000002,796
2025-04-10 11:25:00,2.27199,2.27306,2.27048,2.27101,766
2025-04-10 11:30:00,2.2709799999999998,2.27106,2.26918,2.26933,876
2025-04-10 11:35:00,2.26936,2.27214,2.26858,2.27163,935
2025-04-10 11:40:00,2.2715899999999998,2.27161,2.26899,2.26948,776
2025-04-10 11:45:00,2.26939,2.27029,2.26926,2.2701700000000002,670
2025-04-10 11:50:00,2.2701700000000002,2.2701700000000002,2.26723,2.26755,751
2025-04-10 11:55:00,2.26757,2.26821,2.26654,2.26798,753
2025-04-10 12:00:00,2.26798,2.2695600000000002,2.26686,2.26881,820
2025-04-10 12:05:00,2.26882,2.26997,2.2671,2.26735,744
2025-04-10 12:10:00,2.26735,2.26735,2.26432,2.26463,656
2025-04-10 12:15:00,2.26466,2.26584,2.26316,2.26345,678
2025-04-10 12:20:00,2.2633,2.26458,2.26299,2.26392,725
2025-04-10 12:25:00,2.2639,2.2641,2.26212,2.26215,704
2025-04-10 12:30:00,2.2621700000000002,2.2637,2.26197,2.26362,738
2025-04-10 12:35:00,2.26362,2.266,2.26337,2.26591,657
2025-04-10 12:40:00,2.26591,2.26787,2.26586,2.26724,647
2025-04-10 12:45:00,2.26726,2.26855,2.26678,2.26829,592
2025-04-10 12:50:00,2.26819,2.27074,2.26787,2.27043,705
2025-04-10 12:55:00,2.27043,2.2716,2.2696,2.26967,719
2025-04-10 13:00:00,2.26971,2.26971,2.26465,2.26478,957
2025-04-10 13:05:00,2.26486,2.26507,2.26325,2.26388,840
2025-04-10 13:10:00,2.2639,2.26523,2.26295,2.26518,798
2025-04-10 13:15:00,2.26521,2.26679,2.26455,2.26662,615
2025-04-10 13:20:00,2.26659,2.26893,2.26534,2.26877,686
2025-04-10 13:25:00,2.26877,2.2692,2.26753,2.26876,833
2025-04-10 13:30:00,2.26879,2.26904,2.26702,2.26788,858
2025-04-10 13:35:00,2.26787,2.26879,2.26672,2.26796,890
2025-04-10 13:40:00,2.26798,2.26963,2.26745,2.26905,899
2025-04-10 13:45:00,2.26909,2.26912,2.26721,2.26755,782
2025-04-10 13:50:00,2.26751,2.26979,2.26734,2.26913,701
2025-04-10 13:55:00,2.26903,2.26942,2.26838,2.26897,780
2025-04-10 14:00:00,2.26901,2.26958,2.2678,2.26952,877
2025-04-10 14:05:00,2.26952,2.27144,2.26887,2.27064,720
2025-04-10 14:10:00,2.27064,2.27079,2.26924,2.27018,747
2025-04-10 14:15:00,2.27016,2.27155,2.26998,2.27101,667
2025-04-10 14:20:00,2.27097,2.27124,2.2695600000000002,2.26959,663
2025-04-10 14:25:00,2.26959,2.27001,2.26886,2.26997,706
2025-04-10 14:30:00,2.26997,2.27012,2.26826,2.26829,799
2025-04-10 14:35:00,2.26829,2.26829,2.2665100000000002,2.26694,714
2025-04-10 14:40:00,2.2669,2.26802,2.26592,2.2677,669
2025-04-10 14:45:00,2.2677,2.26817,2.26553,2.26553,689
2025-04-10 14:50:00,2.26543,2.26726,2.26543,2.2665,685
2025-04-10 14:55:00,2.2665,2.26738,2.26588,2.26679,756
2025-04-10 15:00:00,2.26679,2.26886,2.26669,2.26721,865
2025-04-10 15:05:00,2.26717,2.2673,2.26478,2.2652200000000002,732
2025-04-10 15:10:00,2.26509,2.26545,2.26396,2.26414,688
2025-04-10 15:15:00,2.2640700000000002,2.26541,2.26406,2.26493,668
2025-04-10 15:20:00,2.26493,2.26493,2.26332,2.26383,799
2025-04-10 15:25:00,2.26379,2.26397,2.2594,2.2594,726
2025-04-10 15:30:00,2.26072,2.26373,2.25628,2.26177,1266
2025-04-10 15:35:00,2.26179,2.2647,2.26179,2.26429,1178
2025-04-10 15:40:00,2.26426,2.26829,2.26421,2.26678,1152
2025-04-10 15:45:00,2.26673,2.26736,2.26585,2.26633,1032
2025-04-10 15:50:00,2.26632,2.26703,2.26505,2.26593,916
2025-04-10 15:55:00,2.26595,2.26632,2.26464,2.26549,878
2025-04-10 16:00:00,2.2655,2.26613,2.2648,2.26523,978
2025-04-10 16:05:00,2.26521,2.2654,2.26065,2.26081,916
2025-04-10 16:10:00,2.26084,2.26306,2.26072,2.2617,812
2025-04-10 16:15:00,2.2617,2.2617,2.25696,2.25696,827
2025-04-10 16:20:00,2.25696,2.25816,2.25588,2.25645,872
2025-04-10 16:25:00,2.25643,2.25848,2.25612,2.25787,840
2025-04-10 16:30:00,2.2579000000000002,2.25795,2.25522,2.25624,1167
2025-04-10 16:35:00,2.2563,2.25849,2.2560000000000002,2.25824,1128
2025-04-10 16:40:00,2.25824,2.26132,2.25824,2.26015,961
2025-04-10 16:45:00,2.26016,2.26139,2.25987,2.26139,892
2025-04-10 16:50:00,2.26138,2.26456,2.26134,2.26377,1021
2025-04-10 16:55:00,2.26387,2.2652200000000002,2.26351,2.2643,969
2025-04-10 17:00:00,2.26435,2.26612,2.26275,2.26612,1071
2025-04-10 17:05:00,2.26614,2.2683400000000002,2.2651,2.2676,990
2025-04-10 17:10:00,2.26764,2.26877,2.26658,2.26695,918
2025-04-10 17:15:00,2.26695,2.26695,2.26449,2.26533,953
2025-04-10 17:20:00,2.26537,2.26656,2.26439,2.26518,926
2025-04-10 17:25:00,2.26518,2.26536,2.26345,2.26361,846
2025-04-10 17:30:00,2.2635899999999998,2.26382,2.26187,2.26188,862
2025-04-10 17:35:00,2.26188,2.26243,2.25985,2.26138,896
2025-04-10 17:40:00,2.26138,2.26138,2.25855,2.25943,943
2025-04-10 17:45:00,2.25943,2.26057,2.2592499999999998,2.25952,860
2025-04-10 17:50:00,2.25948,2.2604,2.25839,2.25929,1024
2025-04-10 17:55:00,2.25929,2.2593,2.25674,2.25736,1172
2025-04-10 18:00:00,2.25737,2.25926,2.25513,2.2557,1166
2025-04-10 18:05:00,2.25569,2.25621,2.25176,2.25205,969
2025-04-10 18:10:00,2.25205,2.25523,2.25204,2.25509,891
2025-04-10 18:15:00,2.25509,2.25714,2.25488,2.25565,895
2025-04-10 18:20:00,2.25567,2.25714,2.25551,2.25692,876
2025-04-10 18:25:00,2.25694,2.25939,2.2560000000000002,2.25857,898
2025-04-10 18:30:00,2.2585,2.25956,2.25823,2.25874,954
2025-04-10 18:35:00,2.25872,2.25899,2.25714,2.25774,932
2025-04-10 18:40:00,2.25772,2.25968,2.25699,2.25908,1168
2025-04-10 18:45:00,2.25914,2.26002,2.25845,2.25994,1047
2025-04-10 18:50:00,2.2599299999999998,2.26085,2.25937,2.25984,1093
2025-04-10 18:55:00,2.25988,2.26263,2.2597300000000002,2.26129,1042
2025-04-10 19:00:00,2.26128,2.26347,2.26069,2.26203,1079
2025-04-10 19:05:00,2.26202,2.26305,2.26185,2.26203,1028
2025-04-10 19:10:00,2.26206,2.26308,2.26204,2.26256,1003
2025-04-10 19:15:00,2.26257,2.26462,2.26223,2.2638,949
2025-04-10 19:20:00,2.2638,2.26582,2.26357,2.2640700000000002,1006
2025-04-10 19:25:00,2.26412,2.26628,2.26399,2.26597,1053
2025-04-10 19:30:00,2.26592,2.26613,2.26274,2.26312,1076
2025-04-10 19:35:00,2.26313,2.26403,2.26166,2.26235,960
2025-04-10 19:40:00,2.2623699999999998,2.26416,2.2617599999999998,2.26234,1014
2025-04-10 19:45:00,2.2623699999999998,2.26366,2.26132,2.26183,924
2025-04-10 19:50:00,2.26185,2.26303,2.26141,2.26274,947
2025-04-10 19:55:00,2.26276,2.26306,2.26161,2.2621700000000002,836
2025-04-10 20:00:00,2.26221,2.26241,2.25858,2.2598,1056
2025-04-10 20:05:00,2.25981,2.26129,2.25942,2.26119,1025
2025-04-10 20:10:00,2.26119,2.26271,2.26058,2.2618,979
2025-04-10 20:15:00,2.2617599999999998,2.26314,2.26131,2.26135,918
2025-04-10 20:20:00,2.26128,2.26209,2.26006,2.26035,820
2025-04-10 20:25:00,2.26033,2.26043,2.25812,2.2584400000000002,811
2025-04-10 20:30:00,2.25843,2.25882,2.25752,2.25805,784
2025-04-10 20:35:00,2.25815,2.25856,2.25746,2.25817,815
2025-04-10 20:40:00,2.25811,2.25836,2.25651,2.25655,797
2025-04-10 20:45:00,2.25655,2.25849,2.25594,2.25739,827
2025-04-10 20:50:00,2.25735,2.25822,2.25675,2.25696,825
2025-04-10 20:55:00,2.25705,2.25726,2.25634,2.2569,682
2025-04-10 21:00:00,2.25693,2.25745,2.25421,2.25526,897
2025-04-10 21:05:00,2.25528,2.25593,2.25381,2.25593,891
2025-04-10 21:10:00,2.25597,2.25804,2.25552,2.25763,822
2025-04-10 21:15:00,2.2576,2.25769,2.25561,2.25565,821
2025-04-10 21:20:00,2.25553,2.25572,2.25392,2.25454,905
2025-04-10 21:25:00,2.25454,2.25506,2.2535,2.25411,866
2025-04-10 21:30:00,2.25422,2.25465,2.2531,2.2543699999999998,842
2025-04-10 21:35:00,2.25441,2.25532,2.25349,2.254,793
2025-04-10 21:40:00,2.25398,2.2546,2.25291,2.25432,710
2025-04-10 21:45:00,2.25428,2.25662,2.25419,2.25558,771
2025-04-10 21:50:00,2.2555899999999998,2.25623,2.25504,2.2560700000000002,763
2025-04-10 21:55:00,2.2560700000000002,2.25659,2.25558,2.2561999999999998,778
2025-04-10 22:00:00,2.25619,2.2563,2.25422,2.25513,816
2025-04-10 22:05:00,2.25517,2.25789,2.25515,2.2575,841
2025-04-10 22:10:00,2.25748,2.25804,2.25723,2.2579000000000002,925
2025-04-10 22:15:00,2.25792,2.25807,2.2563,2.25642,933
2025-04-10 22:20:00,2.25633,2.25732,2.25567,2.25679,864
2025-04-10 22:25:00,2.25676,2.25847,2.25634,2.25772,854
2025-04-10 22:30:00,2.25772,2.25817,2.2568,2.25777,886
2025-04-10 22:35:00,2.25777,2.2582,2.25731,2.25791,716
2025-04-10 22:40:00,2.25791,2.26013,2.25715,2.25989,867
2025-04-10 22:45:00,2.25989,2.26,2.2585,2.25956,884
2025-04-10 22:50:00,2.25953,2.26013,2.25819,2.25834,852
2025-04-10 22:55:00,2.25826,2.25954,2.25809,2.2588,860
2025-04-10 23:00:00,2.25882,2.25882,2.25617,2.2566800000000002,717
2025-04-10 23:05:00,2.25665,2.25699,2.25415,2.25514,459
2025-04-10 23:10:00,2.25514,2.25582,2.25452,2.25538,533
2025-04-10 23:15:00,2.25538,2.2557,2.25473,2.25516,481
2025-04-10 23:20:00,2.25516,2.25686,2.2551,2.25671,414
2025-04-10 23:25:00,2.25672,2.25737,2.25619,2.2571,443
2025-04-10 23:30:00,2.2571,2.25765,2.25629,2.25746,413
2025-04-10 23:35:00,2.25746,2.25906,2.2572900000000002,2.25887,418
2025-04-10 23:40:00,2.25887,2.25887,2.25594,2.25623,326
2025-04-10 23:45:00,2.25621,2.25664,2.2558,2.25591,374
2025-04-10 23:50:00,2.25591,2.25611,2.25534,2.25565,369
2025-04-10 23:55:00,2.25565,2.25939,2.25553,2.25908,452
2025-04-11 00:00:00,2.25963,2.25963,2.25561,2.25949,20
2025-04-11 00:05:00,2.25948,2.25954,2.25579,2.25946,56
2025-04-11 00:10:00,2.25946,2.25947,2.25697,2.25697,46
2025-04-11 00:15:00,2.25697,2.25707,2.25689,2.25707,19
2025-04-11 00:20:00,2.25707,2.25761,2.25671,2.25673,64
2025-04-11 00:25:00,2.25679,2.25776,2.25679,2.25773,48
2025-04-11 00:30:00,2.25768,2.2577,2.25735,2.25741,86
2025-04-11 00:35:00,2.25741,2.2575,2.25588,2.2572900000000002,121
2025-04-11 00:40:00,2.2572200000000002,2.2575,2.25658,2.25705,92
2025-04-11 00:45:00,2.25703,2.2574,2.25588,2.25598,62
2025-04-11 00:50:00,2.25598,2.25697,2.25598,2.25694,105
2025-04-11 00:55:00,2.25694,2.25786,2.25685,2.25719,139
2025-04-11 01:00:00,2.25719,2.25919,2.25652,2.2584400000000002,481
2025-04-11 01:05:00,2.2584400000000002,2.25859,2.25748,2.25768,395
2025-04-11 01:10:00,2.2577,2.25807,2.25704,2.25772,364
2025-04-11 01:15:00,2.25774,2.25782,2.25673,2.25708,530
2025-04-11 01:20:00,2.25705,2.2577,2.25652,2.25733,562
2025-04-11 01:25:00,2.25731,2.2586399999999998,2.25684,2.25852,510
2025-04-11 01:30:00,2.25858,2.26,2.25791,2.25931,609
2025-04-11 01:35:00,2.25931,2.25943,2.25845,2.2588,499
2025-04-11 01:40:00,2.25882,2.25924,2.25845,2.25894,496
2025-04-11 01:45:00,2.25894,2.25915,2.25812,2.25841,578
2025-04-11 01:50:00,2.25845,2.2593,2.25798,2.25802,470
2025-04-11 01:55:00,2.25802,2.2585,2.25779,2.25837,461
2025-04-11 02:00:00,2.25825,2.25959,2.25753,2.25768,706
2025-04-11 02:05:00,2.25768,2.25778,2.25654,2.25666,622
2025-04-11 02:10:00,2.25664,2.25914,2.25652,2.25863,535
2025-04-11 02:15:00,2.25867,2.25979,2.25845,2.2597,473
2025-04-11 02:20:00,2.2597,2.2599299999999998,2.25854,2.25959,504
2025-04-11 02:25:00,2.25959,2.25976,2.25845,2.25854,394
2025-04-11 02:30:00,2.25846,2.25907,2.25789,2.25826,638
2025-04-11 02:35:00,2.25822,2.25936,2.25792,2.25927,656
2025-04-11 02:40:00,2.25939,2.2597300000000002,2.25823,2.25909,770
2025-04-11 02:45:00,2.25909,2.26003,2.25856,2.25997,565
2025-04-11 02:50:00,2.25997,2.26039,2.2591,2.25947,766
2025-04-11 02:55:00,2.25945,2.26077,2.25913,2.26018,762
2025-04-11 03:00:00,2.26013,2.26042,2.2573,2.25775,1014
2025-04-11 03:05:00,2.2577,2.25998,2.25743,2.25866,796
2025-04-11 03:10:00,2.25863,2.25896,2.2572200000000002,2.25874,971
2025-04-11 03:15:00,2.2587,2.26166,2.25839,2.26122,841
2025-04-11 03:20:00,2.26122,2.26132,2.2589,2.25956,957
2025-04-11 03:25:00,2.25956,2.26276,2.25936,2.26221,979
2025-04-11 03:30:00,2.26225,2.26422,2.26145,2.26265,1201
2025-04-11 03:35:00,2.26263,2.26311,2.26042,2.26055,1152
2025-04-11 03:40:00,2.26053,2.26228,2.258,2.26098,1116
2025-04-11 03:45:00,2.2608800000000002,2.2636,2.26049,2.26332,1171
2025-04-11 03:50:00,2.26331,2.26511,2.26273,2.26316,1164
2025-04-11 03:55:00,2.26309,2.26351,2.26111,2.26122,1081
2025-04-11 04:00:00,2.26117,2.2615600000000002,2.25698,2.2588,1049
2025-04-11 04:05:00,2.25882,2.25882,2.2544399999999998,2.25464,946
2025-04-11 04:10:00,2.25468,2.25531,2.25297,2.25361,1043
2025-04-11 04:15:00,2.25357,2.25468,2.25253,2.25365,1043
2025-04-11 04:20:00,2.25369,2.25438,2.25317,2.25371,1015
2025-04-11 04:25:00,2.25373,2.25393,2.25165,2.25288,930
2025-04-11 04:30:00,2.25288,2.25451,2.25273,2.25387,1067
2025-04-11 04:35:00,2.25372,2.25399,2.2509,2.25196,963
2025-04-11 04:40:00,2.25198,2.25279,2.24928,2.25054,1083
2025-04-11 04:45:00,2.2507,2.25178,2.24973,2.25019,992
2025-04-11 04:50:00,2.25019,2.25147,2.24983,2.25104,879
2025-04-11 04:55:00,2.25104,2.25129,2.25016,2.25111,906
2025-04-11 05:00:00,2.25111,2.25331,2.25066,2.25217,940
2025-04-11 05:05:00,2.2522,2.25488,2.2522,2.25445,797
2025-04-11 05:10:00,2.25452,2.25456,2.25343,2.25439,897
2025-04-11 05:15:00,2.25432,2.2544399999999998,2.2495,2.24982,832
2025-04-11 05:20:00,2.24982,2.25028,2.24844,2.24876,853
2025-04-11 05:25:00,2.24875,2.2492,2.24737,2.24845,842
2025-04-11 05:30:00,2.24847,2.24895,2.24706,2.24714,872
2025-04-11 05:35:00,2.24714,2.24753,2.24592,2.24638,774
2025-04-11 05:40:00,2.24623,2.24689,2.2442,2.24606,718
2025-04-11 05:45:00,2.2461,2.24862,2.2455600000000002,2.24858,691
2025-04-11 05:50:00,2.24858,2.24938,2.24741,2.24924,777
2025-04-11 05:55:00,2.24939,2.24998,2.24767,2.24779,770
2025-04-11 06:00:00,2.24775,2.24871,2.2468,2.24871,672
2025-04-11 06:05:00,2.24871,2.24956,2.2476,2.24879,732
2025-04-11 06:10:00,2.24881,2.25139,2.2485,2.25129,746
2025-04-11 06:15:00,2.25129,2.2513,2.24995,2.25065,620
2025-04-11 06:20:00,2.2506399999999998,2.25095,2.24954,2.25013,655
2025-04-11 06:25:00,2.25015,2.25164,2.24979,2.25052,708
2025-04-11 06:30:00,2.25052,2.2519,2.25048,2.25115,852
2025-04-11 06:35:00,2.2511900000000002,2.25316,2.25109,2.25214,749
2025-04-11 06:40:00,2.25216,2.25327,2.25162,2.2519299999999998,800
2025-04-11 06:45:00,2.25195,2.25195,2.24942,2.25,794
2025-04-11 06:50:00,2.25,2.25034,2.2485,2.24901,670
2025-04-11 06:55:00,2.249,2.24996,2.24809,2.24896,699
2025-04-11 07:00:00,2.24896,2.24941,2.2482,2.24875,769
2025-04-11 07:05:00,2.24873,2.24878,2.24752,2.24773,653
2025-04-11 07:10:00,2.24769,2.24775,2.24602,2.24739,731
2025-04-11 07:15:00,2.24739,2.25093,2.24731,2.25054,786
2025-04-11 07:20:00,2.25059,2.25113,2.24962,2.25083,686
2025-04-11 07:25:00,2.25082,2.25158,2.24979,2.25157,569
2025-04-11 07:30:00,2.25157,2.25307,2.25129,2.25303,733
2025-04-11 07:35:00,2.25299,2.25563,2.2526,2.25534,725
2025-04-11 07:40:00,2.2553,2.25561,2.25407,2.25473,743
2025-04-11 07:45:00,2.25473,2.25572,2.25422,2.2544,581
2025-04-11 07:50:00,2.2544,2.25684,2.2544,2.25599,662
2025-04-11 07:55:00,2.25605,2.25765,2.25555,2.25738,781
2025-04-11 08:00:00,2.25743,2.25866,2.25632,2.25665,856
2025-04-11 08:05:00,2.25664,2.25881,2.25554,2.25776,803
2025-04-11 08:10:00,2.25764,2.25852,2.25601,2.25644,738
2025-04-11 08:15:00,2.25648,2.25682,2.25557,2.25605,646
2025-04-11 08:20:00,2.25605,2.2560700000000002,2.25317,2.25326,803
2025-04-11 08:25:00,2.25309,2.25419,2.25189,2.25237,780
2025-04-11 08:30:00,2.25237,2.25345,2.25144,2.25162,794
2025-04-11 08:35:00,2.25158,2.25202,2.24991,2.25088,738
2025-04-11 08:40:00,2.25092,2.25342,2.25092,2.2523,827
2025-04-11 08:45:00,2.25232,2.25392,2.2518599999999998,2.25364,693
2025-04-11 08:50:00,2.25369,2.25408,2.2531,2.2534,803
2025-04-11 08:55:00,2.25343,2.25395,2.2514,2.2521,800
2025-04-11 09:00:00,2.2529,2.253,2.24853,2.2492900000000002,978
2025-04-11 09:05:00,2.24925,2.25314,2.24855,2.25282,897
2025-04-11 09:10:00,2.25288,2.25489,2.25178,2.25191,969
2025-04-11 09:15:00,2.25185,2.25361,2.25163,2.25294,809
2025-04-11 09:20:00,2.2529500000000002,2.25373,2.25196,2.253,685
2025-04-11 09:25:00,2.25294,2.25447,2.2526,2.25343,841
2025-04-11 09:30:00,2.25343,2.255,2.25319,2.2548500000000002,837
2025-04-11 09:35:00,2.2548500000000002,2.25672,2.2541700000000002,2.25599,804
2025-04-11 09:40:00,2.25591,2.2566,2.25501,2.25523,792
2025-04-11 09:45:00,2.25527,2.25632,2.254,2.2548,878
2025-04-11 09:50:00,2.25476,2.25494,2.25306,2.25407,889
2025-04-11 09:55:00,2.25409,2.2589,2.25407,2.25858,825
2025-04-11 10:00:00,2.25858,2.2602,2.25807,2.25858,975
2025-04-11 10:05:00,2.2586,2.25901,2.25649,2.25649,1084
2025-04-11 10:10:00,2.25645,2.2577,2.25606,2.2568,1052
2025-04-11 10:15:00,2.2568099999999998,2.25706,2.25538,2.25592,858
2025-04-11 10:20:00,2.25602,2.2574899999999998,2.25474,2.25521,830
2025-04-11 10:25:00,2.2550499999999998,2.25596,2.2542,2.25563,904
2025-04-11 10:30:00,2.25564,2.25639,2.25483,2.25548,984
2025-04-11 10:35:00,2.25552,2.25623,2.25338,2.25462,947
2025-04-11 10:40:00,2.25463,2.25543,2.25337,2.2549,920
2025-04-11 10:45:00,2.2549,2.2558,2.25407,2.25499,838
2025-04-11 10:50:00,2.255,2.2561999999999998,2.2541,2.2557,907
2025-04-11 10:55:00,2.25574,2.25596,2.25393,2.25428,886
2025-04-11 11:00:00,2.25426,2.25937,2.25372,2.25798,1314
2025-04-11 11:05:00,2.2579000000000002,2.25858,2.25426,2.25519,1128
2025-04-11 11:10:00,2.25519,2.25604,2.25435,2.25483,1068
2025-04-11 11:15:00,2.25482,2.25671,2.25474,2.25589,1006
2025-04-11 11:20:00,2.25575,2.25726,2.25501,2.25641,985
2025-04-11 11:25:00,2.25639,2.2597300000000002,2.25611,2.25951,908
2025-04-11 11:30:00,2.2595,2.26111,2.25944,2.26052,981
2025-04-11 11:35:00,2.2605399999999998,2.26059,2.25834,2.25893,996
2025-04-11 11:40:00,2.25893,2.26112,2.25873,2.2608800000000002,1032
2025-04-11 11:45:00,2.26087,2.26093,2.25874,2.25899,963
2025-04-11 11:50:00,2.25904,2.26015,2.2576,2.25839,1149
2025-04-11 11:55:00,2.25836,2.25845,2.2546,2.25565,959
2025-04-11 12:00:00,2.25563,2.25594,2.25301,2.25301,1044
2025-04-11 12:05:00,2.25296,2.25327,2.2512499999999998,2.25209,1000
2025-04-11 12:10:00,2.25209,2.25224,2.25016,2.25154,974
2025-04-11 12:15:00,2.25144,2.2548,2.25077,2.25457,859
2025-04-11 12:20:00,2.25457,2.25523,2.25314,2.25324,786
2025-04-11 12:25:00,2.25324,2.25396,2.2529,2.25375,833
2025-04-11 12:30:00,2.25371,2.25396,2.25121,2.25121,878
2025-04-11 12:35:00,2.25111,2.25396,2.2511,2.25339,848
2025-04-11 12:40:00,2.25337,2.25418,2.2525399999999998,2.2537,704
2025-04-11 12:45:00,2.2537,2.25723,2.25342,2.25699,832
2025-04-11 12:50:00,2.25699,2.25988,2.25699,2.25862,916
2025-04-11 12:55:00,2.25862,2.25872,2.25603,2.25618,884
2025-04-11 13:00:00,2.25614,2.25629,2.25285,2.25479,1085
2025-04-11 13:05:00,2.2548,2.2578,2.25445,2.25761,851
2025-04-11 13:10:00,2.2577,2.25776,2.25621,2.2568799999999998,824
2025-04-11 13:15:00,2.2568799999999998,2.2568799999999998,2.25452,2.25606,780
2025-04-11 13:20:00,2.2561,2.25701,2.25479,2.25602,826
2025-04-11 13:25:00,2.25603,2.25823,2.2553900000000002,2.25804,824
2025-04-11 13:30:00,2.25807,2.25935,2.25743,2.25891,729
2025-04-11 13:35:00,2.25901,2.26062,2.25895,2.25967,853
2025-04-11 13:40:00,2.25974,2.25974,2.25772,2.25785,925
2025-04-11 13:45:00,2.25781,2.25782,2.25684,2.25747,767
2025-04-11 13:50:00,2.25752,2.25761,2.25618,2.25733,746
2025-04-11 13:55:00,2.25734,2.25751,2.25431,2.25455,947
2025-04-11 14:00:00,2.25454,2.25486,2.25267,2.25267,884
2025-04-11 14:05:00,2.25266,2.25296,2.25187,2.25216,664
2025-04-11 14:10:00,2.25219,2.25382,2.2512,2.25322,706
2025-04-11 14:15:00,2.25322,2.25389,2.25238,2.2532,731
2025-04-11 14:20:00,2.2532,2.25419,2.25285,2.2536300000000002,731
2025-04-11 14:25:00,2.2536300000000002,2.25399,2.25291,2.25327,803
2025-04-11 14:30:00,2.25332,2.25337,2.25158,2.25276,689
2025-04-11 14:35:00,2.2527,2.253,2.25158,2.25256,645
2025-04-11 14:40:00,2.25256,2.25278,2.25093,2.25216,742
2025-04-11 14:45:00,2.25216,2.25271,2.25143,2.25206,743
2025-04-11 14:50:00,2.25206,2.2531499999999998,2.25171,2.25312,736
2025-04-11 14:55:00,2.2531499999999998,2.25621,2.25291,2.25603,930
2025-04-11 15:00:00,2.25606,2.25689,2.25481,2.25656,909
2025-04-11 15:05:00,2.25656,2.25812,2.2558,2.25782,848
2025-04-11 15:10:00,2.25774,2.26035,2.25739,2.25928,853
2025-04-11 15:15:00,2.25929,2.25988,2.25884,2.25904,816
2025-04-11 15:20:00,2.259,2.259,2.2543699999999998,2.25438,921
2025-04-11 15:25:00,2.25439,2.25543,2.25208,2.25212,799
2025-04-11 15:30:00,2.25214,2.25699,2.2519,2.25528,1131
2025-04-11 15:35:00,2.25533,2.25564,2.25343,2.25394,999
2025-04-11 15:40:00,2.25394,2.25415,2.25217,2.25249,918
2025-04-11 15:45:00,2.25249,2.25251,2.25118,2.252,987
2025-04-11 15:50:00,2.252,2.25279,2.25164,2.25271,1040
2025-04-11 15:55:00,2.25282,2.2543699999999998,2.25256,2.25401,935
2025-04-11 16:00:00,2.25401,2.25602,2.25375,2.25465,979
2025-04-11 16:05:00,2.25477,2.25548,2.25345,2.25513,917
2025-04-11 16:10:00,2.25511,2.25623,2.25435,2.25525,953
2025-04-11 16:15:00,2.25523,2.2553,2.25413,2.25503,844
2025-04-11 16:20:00,2.25504,2.25601,2.25455,2.25488,854
2025-04-11 16:25:00,2.2549,2.25542,2.25334,2.25414,894
2025-04-11 16:30:00,2.25418,2.25434,2.25267,2.25311,1068
2025-04-11 16:35:00,2.25308,2.25334,2.24975,2.25055,1132
2025-04-11 16:40:00,2.2505,2.25108,2.24323,2.24465,1224
2025-04-11 16:45:00,2.2446,2.24552,2.23989,2.24466,1219
2025-04-11 16:50:00,2.24488,2.25037,2.24465,2.24993,1215
2025-04-11 16:55:00,2.24999,2.25703,2.24964,2.25415,1213
2025-04-11 17:00:00,2.25468,2.26006,2.25388,2.25942,1266
2025-04-11 17:05:00,2.25944,2.2601,2.25727,2.25777,1167
2025-04-11 17:10:00,2.25776,2.25886,2.2568099999999998,2.25848,1098
2025-04-11 17:15:00,2.2585100000000002,2.26068,2.2577,2.26044,981
2025-04-11 17:20:00,2.2604,2.26104,2.25926,2.25944,1059
2025-04-11 17:25:00,2.25944,2.25952,2.25594,2.25594,941
2025-04-11 17:30:00,2.25594,2.25621,2.25347,2.25415,1082
2025-04-11 17:35:00,2.25421,2.2554600000000002,2.25335,2.2535,1014
2025-04-11 17:40:00,2.2535,2.2542,2.2524100000000002,2.2525,1061
2025-04-11 17:45:00,2.25253,2.25432,2.24995,2.25429,939
2025-04-11 17:50:00,2.25429,2.25712,2.25386,2.25441,1150
2025-04-11 17:55:00,2.2544,2.25552,2.25273,2.25361,1121
2025-04-11 18:00:00,2.25371,2.25451,2.25209,2.25362,1226
2025-04-11 18:05:00,2.25365,2.25596,2.25318,2.25386,1040
2025-04-11 18:10:00,2.25388,2.2550499999999998,2.25294,2.25405,1003
2025-04-11 18:15:00,2.25412,2.2554,2.25333,2.25536,1006
2025-04-11 18:20:00,2.25536,2.25596,2.2548,2.25541,999
2025-04-11 18:25:00,2.25545,2.25813,2.25499,2.2578300000000002,841
2025-04-11 18:30:00,2.2578300000000002,2.25814,2.25634,2.25635,721
2025-04-11 18:35:00,2.25639,2.2566,2.25366,2.25388,889
2025-04-11 18:40:00,2.2539,2.25439,2.25265,2.25335,840
2025-04-11 18:45:00,2.25338,2.2535600000000002,2.25195,2.2525,838
2025-04-11 18:50:00,2.2523400000000002,2.25369,2.25068,2.2535,816
2025-04-11 18:55:00,2.25337,2.25344,2.25097,2.25122,797
2025-04-11 19:00:00,2.25129,2.25351,2.25085,2.25347,933
2025-04-11 19:05:00,2.25347,2.25487,2.25225,2.25472,741
2025-04-11 19:10:00,2.25474,2.25493,2.25283,2.25329,712
2025-04-11 19:15:00,2.25327,2.25343,2.25208,2.253,762
2025-04-11 19:20:00,2.25306,2.25316,2.25146,2.25262,818
2025-04-11 19:25:00,2.25268,2.25438,2.25233,2.25294,880
2025-04-11 19:30:00,2.25292,2.2529500000000002,2.25168,2.25225,782
2025-04-11 19:35:00,2.25229,2.25232,2.25006,2.25108,856
2025-04-11 19:40:00,2.25108,2.2517,2.24951,2.24951,769
2025-04-11 19:45:00,2.24947,2.24995,2.24905,2.24944,758
2025-04-11 19:50:00,2.24945,2.25042,2.24941,2.25028,687
2025-04-11 19:55:00,2.25025,2.25136,2.2495,2.2496,677
2025-04-11 20:00:00,2.24953,2.2508,2.24902,2.25045,701
2025-04-11 20:05:00,2.25036,2.25117,2.25025,2.2505800000000002,647
2025-04-11 20:10:00,2.2505800000000002,2.25126,2.25046,2.25108,547
2025-04-11 20:15:00,2.25107,2.25188,2.25085,2.25152,657
2025-04-11 20:20:00,2.25152,2.25243,2.25138,2.25222,660
2025-04-11 20:25:00,2.25222,2.25243,2.25116,2.25167,682
2025-04-11 20:30:00,2.25163,2.25171,2.25032,2.25032,612
2025-04-11 20:35:00,2.25033,2.25069,2.24798,2.24897,777
2025-04-11 20:40:00,2.24889,2.24945,2.24803,2.24867,977
2025-04-11 20:45:00,2.24867,2.24946,2.24726,2.24748,830
2025-04-11 20:50:00,2.24755,2.24828,2.24639,2.24656,818
2025-04-11 20:55:00,2.24659,2.24748,2.24582,2.24687,870
2025-04-11 21:00:00,2.24687,2.24762,2.24582,2.24611,799
2025-04-11 21:05:00,2.24615,2.24714,2.24535,2.24641,679
2025-04-11 21:10:00,2.24645,2.24707,2.24561,2.24599,692
2025-04-11 21:15:00,2.24599,2.24655,2.24548,2.24623,640
2025-04-11 21:20:00,2.24621,2.24665,2.24568,2.24587,653
2025-04-11 21:25:00,2.24587,2.24625,2.24472,2.24541,644
2025-04-11 21:30:00,2.24541,2.24637,2.2452,2.24612,654
2025-04-11 21:35:00,2.2461,2.24637,2.24512,2.24515,722
2025-04-11 21:40:00,2.24517,2.24549,2.2441,2.24416,737
2025-04-11 21:45:00,2.24411,2.24427,2.24238,2.24277,552
2025-04-11 21:50:00,2.24273,2.24405,2.24273,2.2431,638
2025-04-11 21:55:00,2.24315,2.24379,2.24258,2.24341,655
2025-04-11 22:00:00,2.2434,2.24351,2.24224,2.24241,556
2025-04-11 22:05:00,2.24241,2.24294,2.24162,2.24194,469
2025-04-11 22:10:00,2.24196,2.24196,2.24096,2.24181,450
2025-04-11 22:15:00,2.24181,2.24245,2.24122,2.24224,527
2025-04-11 22:20:00,2.24226,2.24321,2.24185,2.24314,527
2025-04-11 22:25:00,2.24315,2.2435,2.24199,2.24295,596
2025-04-11 22:30:00,2.24295,2.24338,2.24232,2.24297,427
2025-04-11 22:35:00,2.24295,2.24345,2.24187,2.24187,527
2025-04-11 22:40:00,2.24189,2.24324,2.24169,2.24216,483
2025-04-11 22:45:00,2.24216,2.24295,2.24207,2.24247,457
2025-04-11 22:50:00,2.24232,2.24301,2.24188,2.24258,541
2025-04-11 22:55:00,2.24248,2.24289,2.242,2.24216,635
2025-04-11 23:00:00,2.24221,2.24296,2.24206,2.2423,489
2025-04-11 23:05:00,2.2423,2.24267,2.24159,2.24185,315
2025-04-11 23:10:00,2.24192,2.2421,2.24119,2.24168,387
2025-04-11 23:15:00,2.24164,2.24306,2.24163,2.24292,221
2025-04-11 23:20:00,2.24292,2.24502,2.24285,2.24445,363
2025-04-11 23:25:00,2.24445,2.24462,2.24352,2.24416,282
2025-04-11 23:30:00,2.24415,2.24465,2.24351,2.24369,450
2025-04-11 23:35:00,2.24367,2.24409,2.24316,2.24394,302
2025-04-11 23:40:00,2.24394,2.24394,2.24085,2.24127,212
2025-04-11 23:45:00,2.24125,2.24212,2.24086,2.24187,175
2025-04-11 23:50:00,2.24191,2.24229,2.24102,2.24125,172
2025-04-11 23:55:00,2.24107,2.24576,2.24086,2.2438,168
2025-04-14 00:00:00,2.2495,2.2495,2.2449,2.24559,18
2025-04-14 00:05:00,2.24559,2.24562,2.24382,2.24456,72
2025-04-14 00:10:00,2.24452,2.24454,2.2403399999999998,2.2403399999999998,55
2025-04-14 00:15:00,2.24035,2.24184,2.24035,2.2416,75
2025-04-14 00:20:00,2.2416,2.24257,2.24136,2.24249,88
2025-04-14 00:25:00,2.24187,2.24277,2.24184,2.24202,38
2025-04-14 00:30:00,2.24202,2.2425100000000002,2.24182,2.2423,60
2025-04-14 00:35:00,2.24229,2.24229,2.24018,2.24036,173
2025-04-14 00:40:00,2.24036,2.2415,2.24024,2.24106,107
2025-04-14 00:45:00,2.24106,2.24164,2.24094,2.24112,47
2025-04-14 00:50:00,2.24112,2.24204,2.24112,2.2414,268
2025-04-14 00:55:00,2.2414,2.24236,2.24015,2.24192,116
2025-04-14 01:00:00,2.24162,2.24174,2.23799,2.23937,868
2025-04-14 01:05:00,2.23934,2.24097,2.23876,2.24022,330
2025-04-14 01:10:00,2.24022,2.24255,2.24022,2.24231,332
2025-04-14 01:15:00,2.24228,2.24372,2.24228,2.24266,832
2025-04-14 01:20:00,2.2428,2.24334,2.24189,2.24227,678
2025-04-14 01:25:00,2.24225,2.24272,2.24154,2.24269,720
2025-04-14 01:30:00,2.24269,2.24367,2.24148,2.24352,753
2025-04-14 01:35:00,2.24352,2.24501,2.24352,2.24418,598
2025-04-14 01:40:00,2.24418,2.24465,2.24344,2.24351,672
2025-04-14 01:45:00,2.24352,2.24352,2.24132,2.24136,543
2025-04-14 01:50:00,2.24136,2.24245,2.24126,2.24195,487
2025-04-14 01:55:00,2.24195,2.24325,2.24161,2.24318,518
2025-04-14 02:00:00,2.2432,2.24438,2.24219,2.24417,616
2025-04-14 02:05:00,2.24419,2.2444,2.24302,2.24315,492
2025-04-14 02:10:00,2.24315,2.24387,2.24157,2.2416,529
2025-04-14 02:15:00,2.2416,2.24202,2.24099,2.24148,539
2025-04-14 02:20:00,2.24146,2.24154,2.24081,2.24103,579
2025-04-14 02:25:00,2.24102,2.24174,2.24069,2.24166,546
2025-04-14 02:30:00,2.24166,2.24198,2.2409,2.24134,572
2025-04-14 02:35:00,2.24139,2.24187,2.24098,2.24173,464
2025-04-14 02:40:00,2.24167,2.24219,2.24,2.24009,466
2025-04-14 02:45:00,2.24015,2.2406,2.23883,2.24017,669
2025-04-14 02:50:00,2.24013,2.2413,2.24011,2.24096,538
2025-04-14 02:55:00,2.24098,2.24305,2.24047,2.24196,515
2025-04-14 03:00:00,2.24204,2.24213,2.23979,2.23986,986
2025-04-14 03:05:00,2.23986,2.24001,2.23837,2.23968,820
2025-04-14 03:10:00,2.23967,2.24108,2.2394600000000002,2.24066,865
2025-04-14 03:15:00,2.24064,2.24064,2.23869,2.23932,668
2025-04-14 03:20:00,2.23929,2.24099,2.23903,2.24089,789
2025-04-14 03:25:00,2.24093,2.2418,2.23981,2.24012,611
2025-04-14 03:30:00,2.24016,2.2402,2.23799,2.23811,667
2025-04-14 03:35:00,2.23813,2.2382,2.23715,2.23815,580
2025-04-14 03:40:00,2.23815,2.23893,2.23799,2.23859,592
2025-04-14 03:45:00,2.23859,2.24023,2.2373,2.24011,662
2025-04-14 03:50:00,2.24,2.24087,2.23954,2.24022,774
2025-04-14 03:55:00,2.24008,2.24133,2.23996,2.2409,937
2025-04-14 04:00:00,2.24092,2.24134,2.23905,2.24023,758
2025-04-14 04:05:00,2.24016,2.24106,2.23883,2.2394600000000002,673
2025-04-14 04:10:00,2.2394600000000002,2.2400700000000002,2.23813,2.23988,804
2025-04-14 04:15:00,2.23989,2.24123,2.23952,2.24091,860
2025-04-14 04:20:00,2.24092,2.24158,2.23974,2.23986,878
2025-04-14 04:25:00,2.23988,2.24011,2.2379,2.23848,787
2025-04-14 04:30:00,2.23847,2.23869,2.23749,2.23842,770
2025-04-14 04:35:00,2.23842,2.24014,2.23828,2.23994,722
2025-04-14 04:40:00,2.23996,2.24168,2.2395,2.241,859
2025-04-14 04:45:00,2.24105,2.24151,2.24022,2.24107,820
2025-04-14 04:50:00,2.24107,2.24289,2.24103,2.24264,833
2025-04-14 04:55:00,2.2427,2.24441,2.24254,2.24415,719
2025-04-14 05:00:00,2.24411,2.24572,2.2436,2.24568,711
2025-04-14 05:05:00,2.24568,2.24672,2.2442,2.24427,631
2025-04-14 05:10:00,2.24435,2.24586,2.24394,2.24577,626
2025-04-14 05:15:00,2.24577,2.24647,2.24525,2.2457,632
2025-04-14 05:20:00,2.2457,2.24634,2.2449500000000002,2.24607,637
2025-04-14 05:25:00,2.24604,2.24655,2.24503,2.24615,779
2025-04-14 05:30:00,2.24615,2.24681,2.24567,2.24598,701
2025-04-14 05:35:00,2.2459,2.24627,2.24487,2.24497,666
2025-04-14 05:40:00,2.24504,2.2451,2.24322,2.24336,661
2025-04-14 05:45:00,2.24337,2.2439,2.24192,2.24206,509
2025-04-14 05:50:00,2.24203,2.24218,2.24047,2.24094,462
2025-04-14 05:55:00,2.24094,2.24134,2.24017,2.24114,591
2025-04-14 06:00:00,2.24121,2.24121,2.24032,2.24119,580
2025-04-14 06:05:00,2.24123,2.24296,2.24084,2.24203,661
2025-04-14 06:10:00,2.24203,2.24311,2.24119,2.24305,716
2025-04-14 06:15:00,2.24305,2.24439,2.24274,2.24439,579
2025-04-14 06:20:00,2.24437,2.24604,2.24417,2.2459,686
2025-04-14 06:25:00,2.2459,2.24592,2.24456,2.24504,523
2025-04-14 06:30:00,2.24508,2.2454,2.24439,2.24477,505
2025-04-14 06:35:00,2.24478,2.2455,2.24467,2.24502,529
2025-04-14 06:40:00,2.24502,2.24542,2.2446099999999998,2.24496,507
2025-04-14 06:45:00,2.24498,2.24536,2.24432,2.24534,403
2025-04-14 06:50:00,2.2453,2.24535,2.24366,2.24382,417
2025-04-14 06:55:00,2.2438,2.24421,2.2425,2.2427,399
2025-04-14 07:00:00,2.2427,2.24293,2.24228,2.24242,457
2025-04-14 07:05:00,2.24241,2.24261,2.24191,2.24193,383
2025-04-14 07:10:00,2.24193,2.24233,2.24131,2.24135,362
2025-04-14 07:15:00,2.24137,2.24167,2.24074,2.24082,406
2025-04-14 07:20:00,2.24082,2.24103,2.24011,2.2403,440
2025-04-14 07:25:00,2.24037,2.2413,2.24017,2.24047,499
2025-04-14 07:30:00,2.24035,2.24079,2.24013,2.24062,384
2025-04-14 07:35:00,2.24057,2.24088,2.23943,2.23955,425
2025-04-14 07:40:00,2.23959,2.24058,2.2394600000000002,2.2403,291
2025-04-14 07:45:00,2.2403,2.24047,2.23962,2.23967,457
2025-04-14 07:50:00,2.23965,2.23972,2.23891,2.23916,356
2025-04-14 07:55:00,2.2391199999999998,2.23936,2.23781,2.23797,352
2025-04-14 08:00:00,2.23795,2.23929,2.23788,2.23813,426
2025-04-14 08:05:00,2.23813,2.23821,2.23689,2.23718,483
2025-04-14 08:10:00,2.23713,2.2372199999999998,2.23554,2.23569,433
2025-04-14 08:15:00,2.23577,2.23628,2.23542,2.23601,382
2025-04-14 08:20:00,2.23599,2.23705,2.23595,2.23652,275
2025-04-14 08:25:00,2.23655,2.2378,2.23642,2.2378,377
2025-04-14 08:30:00,2.23769,2.2385,2.23764,2.23827,383
2025-04-14 08:35:00,2.23827,2.2397,2.23816,2.23945,371
2025-04-14 08:40:00,2.23953,2.24049,2.239,2.2403,590
2025-04-14 08:45:00,2.2403,2.24033,2.23917,2.23971,465
2025-04-14 08:50:00,2.2397,2.24057,2.2394600000000002,2.24033,469
2025-04-14 08:55:00,2.24037,2.24146,2.23994,2.24135,553
2025-04-14 09:00:00,2.2414,2.24152,2.2401,2.24116,756
2025-04-14 09:05:00,2.24116,2.24297,2.24096,2.24282,830
2025-04-14 09:10:00,2.24284,2.24318,2.24188,2.24252,735
2025-04-14 09:15:00,2.24253,2.24274,2.2416,2.24237,763
2025-04-14 09:20:00,2.24237,2.24291,2.2419000000000002,2.24291,771
2025-04-14 09:25:00,2.24291,2.24354,2.2422,2.24344,698
2025-04-14 09:30:00,2.24344,2.24412,2.243,2.24316,737
2025-04-14 09:35:00,2.24314,2.24317,2.2408,2.24107,719
2025-04-14 09:40:00,2.24107,2.24147,2.23781,2.2379,739
2025-04-14 09:45:00,2.23798,2.23872,2.23746,2.23779,681
2025-04-14 09:50:00,2.23782,2.23839,2.23627,2.23635,649
2025-04-14 09:55:00,2.23639,2.23715,2.23611,2.23687,708
2025-04-14 10:00:00,2.23688,2.23695,2.23542,2.23668,846
2025-04-14 10:05:00,2.23668,2.23723,2.23623,2.2366099999999998,710
2025-04-14 10:10:00,2.23665,2.23833,2.2363,2.23774,708
2025-04-14 10:15:00,2.23781,2.23785,2.23572,2.2368,749
2025-04-14 10:20:00,2.23684,2.23817,2.23622,2.23816,710
2025-04-14 10:25:00,2.23808,2.23847,2.23706,2.23836,626
2025-04-14 10:30:00,2.23838,2.23917,2.23747,2.23881,674
2025-04-14 10:35:00,2.23879,2.2407,2.2387,2.23933,700
2025-04-14 10:40:00,2.2393,2.24112,2.23866,2.24108,706
2025-04-14 10:45:00,2.24108,2.24144,2.2401,2.24083,661
2025-04-14 10:50:00,2.24074,2.24143,2.23933,2.24013,669
2025-04-14 10:55:00,2.24011,2.24096,2.23939,2.24087,749
2025-04-14 11:00:00,2.24087,2.24116,2.23966,2.24018,601
2025-04-14 11:05:00,2.2402,2.2407,2.2395,2.24064,594
2025-04-14 11:10:00,2.2406800000000002,2.24077,2.23957,2.23971,605
2025-04-14 11:15:00,2.23976,2.23976,2.23876,2.23929,677
2025-04-14 11:20:00,2.23929,2.23954,2.23733,2.23883,569
2025-04-14 11:25:00,2.23883,2.23985,2.23864,2.23924,588
2025-04-14 11:30:00,2.23924,2.24009,2.2388500000000002,2.23899,739
2025-04-14 11:35:00,2.23895,2.23921,2.2376,2.23767,720
2025-04-14 11:40:00,2.23767,2.23805,2.23631,2.23734,580
2025-04-14 11:45:00,2.23734,2.2387,2.23713,2.23725,551
2025-04-14 11:50:00,2.23727,2.2395,2.23685,2.23906,636
2025-04-14 11:55:00,2.23918,2.23929,2.23793,2.23805,580
2025-04-14 12:00:00,2.23805,2.23858,2.237,2.23857,579
2025-04-14 12:05:00,2.23857,2.23952,2.23845,2.23939,587
2025-04-14 12:10:00,2.23944,2.24003,2.23941,2.23967,606
2025-04-14 12:15:00,2.23967,2.24144,2.23967,2.24132,636
2025-04-14 12:20:00,2.24134,2.24261,2.24119,2.24228,608
2025-04-14 12:25:00,2.2423,2.2427799999999998,2.24197,2.24253,568
2025-04-14 12:30:00,2.24253,2.24343,2.24215,2.24297,531
2025-04-14 12:35:00,2.24297,2.2439,2.24252,2.24302,510
2025-04-14 12:40:00,2.24307,2.24324,2.2419000000000002,2.24263,617
2025-04-14 12:45:00,2.24261,2.2439999999999998,2.24224,2.24248,620
2025-04-14 12:50:00,2.2425,2.24318,2.24199,2.24271,640
2025-04-14 12:55:00,2.24274,2.24451,2.24264,2.24408,591
2025-04-14 13:00:00,2.24406,2.24406,2.24141,2.24169,696
2025-04-14 13:05:00,2.24169,2.24245,2.24144,2.2421,651
2025-04-14 13:10:00,2.24214,2.24252,2.24133,2.24145,653
2025-04-14 13:15:00,2.24132,2.24275,2.24132,2.24261,561
2025-04-14 13:20:00,2.24261,2.24329,2.24245,2.24288,525
2025-04-14 13:25:00,2.24288,2.24363,2.24271,2.2433899999999998,526
2025-04-14 13:30:00,2.24341,2.24482,2.24296,2.24459,615
2025-04-14 13:35:00,2.24463,2.24695,2.24453,2.24648,589
2025-04-14 13:40:00,2.24652,2.24724,2.24568,2.2468500000000002,562
2025-04-14 13:45:00,2.24684,2.24703,2.24554,2.24638,527
2025-04-14 13:50:00,2.24638,2.24721,2.24589,2.24642,571
2025-04-14 13:55:00,2.2464399999999998,2.24789,2.24568,2.24741,641
2025-04-14 14:00:00,2.24739,2.24739,2.24531,2.24547,535
2025-04-14 14:05:00,2.24549,2.24607,2.2451,2.24543,474
2025-04-14 14:10:00,2.24543,2.24678,2.24475,2.24554,482
2025-04-14 14:15:00,2.24554,2.24649,2.24545,2.24624,395
2025-04-14 14:20:00,2.24624,2.24695,2.24593,2.2468,395
2025-04-14 14:25:00,2.24686,2.24689,2.24579,2.2458,456
2025-04-14 14:30:00,2.24586,2.24621,2.24532,2.24572,413
2025-04-14 14:35:00,2.24574,2.24655,2.24551,2.24655,334
2025-04-14 14:40:00,2.24655,2.24696,2.24601,2.2461,469
2025-04-14 14:45:00,2.24604,2.24651,2.24525,2.24651,467
2025-04-14 14:50:00,2.24649,2.24785,2.24643,2.24763,473
2025-04-14 14:55:00,2.24765,2.24897,2.24687,2.24687,742
2025-04-14 15:00:00,2.2469,2.24815,2.24653,2.24802,729
2025-04-14 15:05:00,2.24804,2.2496,2.24791,2.24872,712
2025-04-14 15:10:00,2.24879,2.24907,2.24812,2.24863,677
2025-04-14 15:15:00,2.24858,2.24897,2.24802,2.24873,528
2025-04-14 15:20:00,2.24873,2.24919,2.24782,2.24832,730
2025-04-14 15:25:00,2.24836,2.24846,2.24717,2.24732,563
2025-04-14 15:30:00,2.24731,2.24785,2.2466,2.2470499999999998,680
2025-04-14 15:35:00,2.2470499999999998,2.2471,2.24613,2.24628,701
2025-04-14 15:40:00,2.24624,2.24657,2.24503,2.24523,715
2025-04-14 15:45:00,2.24527,2.24681,2.245,2.24629,729
2025-04-14 15:50:00,2.24631,2.24695,2.24609,2.24681,705
2025-04-14 15:55:00,2.24684,2.24852,2.24658,2.24824,928
2025-04-14 16:00:00,2.24822,2.24939,2.24718,2.24803,944
2025-04-14 16:05:00,2.24796,2.24914,2.24758,2.249,899
2025-04-14 16:10:00,2.24909,2.25031,2.24855,2.24911,892
2025-04-14 16:15:00,2.24907,2.24935,2.24841,2.2487,739
2025-04-14 16:20:00,2.24867,2.25002,2.24851,2.24944,885
2025-04-14 16:25:00,2.24944,2.24966,2.24841,2.24877,784
2025-04-14 16:30:00,2.24882,2.2493,2.24637,2.24674,959
2025-04-14 16:35:00,2.24675,2.24725,2.24622,2.24651,912
2025-04-14 16:40:00,2.24646,2.24831,2.24642,2.24779,966
2025-04-14 16:45:00,2.24781,2.24782,2.24512,2.24553,838
2025-04-14 16:50:00,2.24553,2.24694,2.24502,2.24519,821
2025-04-14 16:55:00,2.24523,2.24619,2.24513,2.24603,805
2025-04-14 17:00:00,2.24598,2.24599,2.24466,2.24479,838
2025-04-14 17:05:00,2.24479,2.24577,2.24437,2.24454,744
2025-04-14 17:10:00,2.2446099999999998,2.24501,2.24265,2.24266,738
2025-04-14 17:15:00,2.24264,2.24313,2.24182,2.24187,794
2025-04-14 17:20:00,2.24187,2.24305,2.2413,2.24196,781
2025-04-14 17:25:00,2.24196,2.24318,2.2419000000000002,2.24245,721
2025-04-14 17:30:00,2.24238,2.24367,2.24228,2.2433,817
2025-04-14 17:35:00,2.2433,2.24414,2.24311,2.24411,704
2025-04-14 17:40:00,2.24407,2.24607,2.24341,2.24348,630
2025-04-14 17:45:00,2.24348,2.24369,2.24243,2.24271,707
2025-04-14 17:50:00,2.24271,2.24285,2.24048,2.24058,749
2025-04-14 17:55:00,2.24055,2.24211,2.24002,2.2416,994
2025-04-14 18:00:00,2.24159,2.2421,2.23914,2.2398,868
2025-04-14 18:05:00,2.23974,2.24103,2.23919,2.24073,819
2025-04-14 18:10:00,2.24073,2.24152,2.24003,2.24152,766
2025-04-14 18:15:00,2.24152,2.24198,2.24097,2.24152,709
2025-04-14 18:20:00,2.24152,2.24228,2.24098,2.24191,676
2025-04-14 18:25:00,2.24191,2.24261,2.24114,2.24257,714
2025-04-14 18:30:00,2.24255,2.24306,2.2415599999999998,2.24212,684
2025-04-14 18:35:00,2.242,2.24298,2.24185,2.24284,721
2025-04-14 18:40:00,2.24291,2.24402,2.24273,2.24328,748
2025-04-14 18:45:00,2.2434,2.24478,2.2428,2.24455,757
2025-04-14 18:50:00,2.24457,2.24477,2.24359,2.24396,744
2025-04-14 18:55:00,2.24393,2.24559,2.24368,2.24553,778
2025-04-14 19:00:00,2.24532,2.24588,2.24385,2.24385,799
2025-04-14 19:05:00,2.24385,2.24535,2.2438,2.24438,702
2025-04-14 19:10:00,2.24439,2.24598,2.2443400000000002,2.2451,756
2025-04-14 19:15:00,2.2451,2.24518,2.24378,2.24457,790
2025-04-14 19:20:00,2.24457,2.24511,2.24387,2.24503,917
2025-04-14 19:25:00,2.24505,2.24561,2.24473,2.24528,688
2025-04-14 19:30:00,2.24528,2.24629,2.2443400000000002,2.24446,727
2025-04-14 19:35:00,2.24446,2.24571,2.24426,2.24527,605
2025-04-14 19:40:00,2.24529,2.24555,2.24392,2.24399,635
2025-04-14 19:45:00,2.24399,2.24454,2.24375,2.24441,664
2025-04-14 19:50:00,2.24439,2.24488,2.24397,2.24432,722
2025-04-14 19:55:00,2.24431,2.24509,2.2437,2.2448,768
2025-04-14 20:00:00,2.2448,2.24491,2.24318,2.2439999999999998,958
2025-04-14 20:05:00,2.2439999999999998,2.24416,2.24317,2.24387,757
2025-04-14 20:10:00,2.24377,2.24395,2.24289,2.24302,653
2025-04-14 20:15:00,2.24306,2.24371,2.24258,2.24347,542
2025-04-14 20:20:00,2.24347,2.24347,2.24245,2.24281,529
2025-04-14 20:25:00,2.24292,2.24358,2.24285,2.24348,514
2025-04-14 20:30:00,2.24352,2.24399,2.24198,2.24203,615
2025-04-14 20:35:00,2.24207,2.24228,2.24091,2.24172,558
2025-04-14 20:40:00,2.24172,2.24258,2.24127,2.2425100000000002,598
2025-04-14 20:45:00,2.24248,2.24263,2.24178,2.24198,497
2025-04-14 20:50:00,2.24202,2.2424,2.24162,2.24167,636
2025-04-14 20:55:00,2.24167,2.24288,2.2415599999999998,2.24263,546
2025-04-14 21:00:00,2.24263,2.24274,2.24138,2.24166,597
2025-04-14 21:05:00,2.24168,2.24229,2.24135,2.24194,543
2025-04-14 21:10:00,2.24194,2.24246,2.2415599999999998,2.24228,598
2025-04-14 21:15:00,2.24228,2.24282,2.24195,2.24231,518
2025-04-14 21:20:00,2.24231,2.24248,2.24174,2.24201,378
2025-04-14 21:25:00,2.24205,2.24219,2.24149,2.24167,535
2025-04-14 21:30:00,2.24169,2.24204,2.24127,2.24181,489
2025-04-14 21:35:00,2.24185,2.242,2.2414,2.24196,485
2025-04-14 21:40:00,2.24192,2.24207,2.24133,2.24146,454
2025-04-14 21:45:00,2.24146,2.24214,2.24116,2.24116,397
2025-04-14 21:50:00,2.2412,2.24175,2.2411,2.24149,437
2025-04-14 21:55:00,2.24141,2.24177,2.2409499999999998,2.24125,618
2025-04-14 22:00:00,2.24125,2.24209,2.241,2.24164,582
2025-04-14 22:05:00,2.24164,2.24178,2.2409,2.24163,318
2025-04-14 22:10:00,2.24163,2.24189,2.24114,2.24123,316
2025-04-14 22:15:00,2.24127,2.24205,2.24122,2.24154,450
2025-04-14 22:20:00,2.24152,2.24167,2.24085,2.24106,357
2025-04-14 22:25:00,2.24108,2.24126,2.24058,2.24101,427
2025-04-14 22:30:00,2.24102,2.24174,2.24101,2.24148,403
2025-04-14 22:35:00,2.24144,2.24173,2.24101,2.24101,307
2025-04-14 22:40:00,2.24101,2.24127,2.24012,2.24086,371
2025-04-14 22:45:00,2.24087,2.24093,2.24001,2.24062,321
2025-04-14 22:50:00,2.24061,2.24147,2.24051,2.24139,397
2025-04-14 22:55:00,2.24127,2.24183,2.24083,2.24103,549
2025-04-14 23:00:00,2.24104,2.24195,2.24076,2.24187,451
2025-04-14 23:05:00,2.24185,2.2426,2.24167,2.24236,339
2025-04-14 23:10:00,2.24236,2.24249,2.24179,2.24238,254
2025-04-14 23:15:00,2.24224,2.24347,2.24219,2.24314,293
2025-04-14 23:20:00,2.24314,2.24452,2.24311,2.24408,287
2025-04-14 23:25:00,2.24408,2.24441,2.24374,2.24385,427
2025-04-14 23:30:00,2.24388,2.24424,2.24364,2.24395,367
2025-04-14 23:35:00,2.24399,2.2442,2.2435,2.24376,365
2025-04-14 23:40:00,2.24372,2.24372,2.24036,2.24088,214
2025-04-14 23:45:00,2.24084,2.24086,2.24056,2.24078,258
2025-04-14 23:50:00,2.24074,2.24087,2.24057,2.24063,273
2025-04-14 23:55:00,2.24065,2.24388,2.2405,2.24388,290
2025-04-15 00:00:00,2.24404,2.24594,2.2427799999999998,2.24293,13
2025-04-15 00:05:00,2.2421,2.24389,2.24088,2.2409,14
2025-04-15 00:10:00,2.2409,2.24106,2.24051,2.24054,40
2025-04-15 00:15:00,2.24054,2.24309,2.2404,2.24309,35
2025-04-15 00:20:00,2.24309,2.24328,2.24183,2.24224,37
2025-04-15 00:25:00,2.24224,2.24226,2.2412,2.24194,37
2025-04-15 00:30:00,2.24194,2.24229,2.24163,2.242,111
2025-04-15 00:35:00,2.242,2.24364,2.24192,2.24341,55
2025-04-15 00:40:00,2.24341,2.24343,2.24318,2.24337,36
2025-04-15 00:45:00,2.24341,2.24368,2.24338,2.24356,49
2025-04-15 00:50:00,2.24354,2.24409,2.24322,2.24405,51
2025-04-15 00:55:00,2.24405,2.24427,2.24275,2.24281,124
2025-04-15 01:00:00,2.2439,2.24558,2.24284,2.24541,380
2025-04-15 01:05:00,2.24541,2.24542,2.24438,2.24478,235
2025-04-15 01:10:00,2.24474,2.24474,2.24318,2.24332,320
2025-04-15 01:15:00,2.24332,2.24413,2.24323,2.24402,508
2025-04-15 01:20:00,2.2439999999999998,2.24525,2.24393,2.2452,339
2025-04-15 01:25:00,2.2452,2.24543,2.24493,2.24526,264
2025-04-15 01:30:00,2.2452199999999998,2.24527,2.24376,2.24418,304
2025-04-15 01:35:00,2.24418,2.24424,2.24252,2.2427,201
2025-04-15 01:40:00,2.24266,2.24355,2.2425100000000002,2.2432,221
2025-04-15 01:45:00,2.2432,2.24406,2.24315,2.24326,208
2025-04-15 01:50:00,2.24326,2.24361,2.243,2.24313,156
2025-04-15 01:55:00,2.24313,2.24382,2.24313,2.24342,306
2025-04-15 02:00:00,2.2434,2.24367,2.24233,2.24242,383
2025-04-15 02:05:00,2.24247,2.24247,2.24154,2.24196,310
2025-04-15 02:10:00,2.24198,2.24256,2.24139,2.2424,308
2025-04-15 02:15:00,2.24233,2.24274,2.24213,2.24221,289
2025-04-15 02:20:00,2.24223,2.24242,2.24193,2.24216,295
2025-04-15 02:25:00,2.24216,2.24256,2.24183,2.24226,254
2025-04-15 02:30:00,2.24227,2.24233,2.2415,2.24226,309
2025-04-15 02:35:00,2.24226,2.24352,2.24223,2.24324,273
2025-04-15 02:40:00,2.24325,2.2433899999999998,2.24188,2.2426,453
2025-04-15 02:45:00,2.2426,2.24489,2.2426,2.24426,419
2025-04-15 02:50:00,2.24426,2.24658,2.24419,2.24618,375
2025-04-15 02:55:00,2.24616,2.24651,2.24467,2.24565,389
2025-04-15 03:00:00,2.24565,2.24565,2.24321,2.2439,737
2025-04-15 03:05:00,2.2439,2.24411,2.2418,2.24194,642
2025-04-15 03:10:00,2.24198,2.24236,2.24081,2.24115,520
2025-04-15 03:15:00,2.24117,2.24161,2.24069,2.24086,581
2025-04-15 03:20:00,2.24086,2.24102,2.23888,2.23896,459
2025-04-15 03:25:00,2.2389,2.24035,2.2388,2.23978,570
2025-04-15 03:30:00,2.23978,2.24048,2.23932,2.24048,511
2025-04-15 03:35:00,2.24058,2.24074,2.23985,2.24031,521
2025-04-15 03:40:00,2.2403399999999998,2.24058,2.2393,2.2393,472
2025-04-15 03:45:00,2.23932,2.23951,2.23814,2.23905,439
2025-04-15 03:50:00,2.23909,2.23917,2.23828,2.23907,585
2025-04-15 03:55:00,2.23899,2.23929,2.23804,2.2383,492
2025-04-15 04:00:00,2.23837,2.23862,2.23708,2.23734,522
2025-04-15 04:05:00,2.2374,2.23808,2.23675,2.23677,479
2025-04-15 04:10:00,2.23677,2.23704,2.23586,2.23597,460
2025-04-15 04:15:00,2.23597,2.23609,2.2346,2.23495,493
2025-04-15 04:20:00,2.23492,2.23548,2.23388,2.23435,572
2025-04-15 04:25:00,2.23435,2.23467,2.23375,2.23425,471
2025-04-15 04:30:00,2.23427,2.23529,2.23361,2.23379,544
2025-04-15 04:35:00,2.23372,2.23573,2.23288,2.23554,610
2025-04-15 04:40:00,2.23554,2.23572,2.23426,2.2353,623
2025-04-15 04:45:00,2.23533,2.23562,2.23483,2.2351900000000002,624
2025-04-15 04:50:00,2.23522,2.23621,2.23497,2.23613,464
2025-04-15 04:55:00,2.23613,2.23666,2.23509,2.23657,397
2025-04-15 05:00:00,2.23655,2.23689,2.23514,2.23526,436
2025-04-15 05:05:00,2.23537,2.23709,2.23504,2.23669,519
2025-04-15 05:10:00,2.23671,2.23676,2.2338,2.2344,598
2025-04-15 05:15:00,2.2344,2.2346,2.23304,2.23308,467
2025-04-15 05:20:00,2.23308,2.23501,2.23286,2.2344,563
2025-04-15 05:25:00,2.23442,2.23529,2.23361,2.2341,457
2025-04-15 05:30:00,2.2341,2.23439,2.23296,2.23377,474
2025-04-15 05:35:00,2.23378,2.23584,2.23378,2.2358000000000002,377
2025-04-15 05:40:00,2.23582,2.23611,2.23501,2.23545,480
2025-04-15 05:45:00,2.23545,2.23548,2.23058,2.2308,545
2025-04-15 05:50:00,2.23081,2.23196,2.23081,2.23192,552
2025-04-15 05:55:00,2.23192,2.23292,2.23074,2.23259,490
2025-04-15 06:00:00,2.23261,2.23305,2.23183,2.23287,519
2025-04-15 06:05:00,2.23287,2.23294,2.23097,2.23127,528
2025-04-15 06:10:00,2.2311199999999998,2.2335599999999998,2.2309,2.23332,419
2025-04-15 06:15:00,2.23339,2.23425,2.23302,2.23421,376
2025-04-15 06:20:00,2.23421,2.23456,2.23299,2.23403,420
2025-04-15 06:25:00,2.234,2.23451,2.23358,2.23392,366
2025-04-15 06:30:00,2.23396,2.23449,2.2337,2.23436,383
2025-04-15 06:35:00,2.23436,2.23464,2.23346,2.23379,301
2025-04-15 06:40:00,2.23379,2.23386,2.23264,2.23297,316
2025-04-15 06:45:00,2.23292,2.23331,2.23242,2.23317,309
2025-04-15 06:50:00,2.23317,2.2333600000000002,2.23266,2.2329499999999998,303
2025-04-15 06:55:00,2.23301,2.23305,2.23183,2.23235,340
2025-04-15 07:00:00,2.23239,2.23262,2.23221,2.23231,249
2025-04-15 07:05:00,2.23229,2.23237,2.23128,2.23154,237
2025-04-15 07:10:00,2.23154,2.23163,2.2309,2.23102,269
2025-04-15 07:15:00,2.23102,2.23102,2.22994,2.23061,296
2025-04-15 07:20:00,2.2306,2.23082,2.22896,2.22913,396
2025-04-15 07:25:00,2.2290200000000002,2.23065,2.22883,2.23065,496
2025-04-15 07:30:00,2.23065,2.23101,2.22904,2.22993,425
2025-04-15 07:35:00,2.22992,2.2305099999999998,2.22873,2.23009,505
2025-04-15 07:40:00,2.23009,2.23034,2.2286799999999998,2.22885,537
2025-04-15 07:45:00,2.22885,2.22961,2.22881,2.22934,491
2025-04-15 07:50:00,2.2293,2.22971,2.22891,2.22903,465
2025-04-15 07:55:00,2.22908,2.23049,2.22906,2.23019,445
2025-04-15 08:00:00,2.23019,2.23066,2.22957,2.2305099999999998,464
2025-04-15 08:05:00,2.2305099999999998,2.23071,2.22997,2.23028,450
2025-04-15 08:10:00,2.23022,2.23128,2.23012,2.23026,440
2025-04-15 08:15:00,2.23026,2.23097,2.22994,2.23022,369
2025-04-15 08:20:00,2.23022,2.23055,2.22967,2.23032,457
2025-04-15 08:25:00,2.2303,2.23074,2.23017,2.23036,430
2025-04-15 08:30:00,2.23036,2.23092,2.23007,2.23073,569
2025-04-15 08:35:00,2.23078,2.23138,2.23042,2.23095,491
2025-04-15 08:40:00,2.23096,2.23154,2.23077,2.2314,466
2025-04-15 08:45:00,2.23131,2.23182,2.23048,2.23176,439
2025-04-15 08:50:00,2.23176,2.23246,2.2317,2.23232,395
2025-04-15 08:55:00,2.23232,2.23561,2.23232,2.23507,533
2025-04-15 09:00:00,2.23481,2.23531,2.23329,2.23329,753
2025-04-15 09:05:00,2.2333,2.23551,2.2333,2.23545,609
2025-04-15 09:10:00,2.23543,2.23594,2.23507,2.23574,475
2025-04-15 09:15:00,2.23574,2.23635,2.23474,2.23501,506
2025-04-15 09:20:00,2.23511,2.2359,2.23494,2.23571,456
2025-04-15 09:25:00,2.23575,2.23591,2.2345800000000002,2.2346,614
2025-04-15 09:30:00,2.2346,2.23503,2.23378,2.23453,526
2025-04-15 09:35:00,2.23453,2.23467,2.23206,2.23228,566
2025-04-15 09:40:00,2.23225,2.23288,2.23145,2.23203,718
2025-04-15 09:45:00,2.23222,2.23232,2.23148,2.23189,609
2025-04-15 09:50:00,2.23182,2.23337,2.2318,2.23294,563
2025-04-15 09:55:00,2.23294,2.23311,2.23167,2.23207,807
2025-04-15 10:00:00,2.23208,2.23239,2.23057,2.23097,940
2025-04-15 10:05:00,2.23093,2.23253,2.23082,2.23182,700
2025-04-15 10:10:00,2.23182,2.2332,2.23159,2.23216,744
2025-04-15 10:15:00,2.23216,2.2322,2.23101,2.23179,613
2025-04-15 10:20:00,2.23179,2.23181,2.23052,2.23099,622
2025-04-15 10:25:00,2.23101,2.232,2.23034,2.23195,605
2025-04-15 10:30:00,2.23192,2.23232,2.23108,2.23207,601
2025-04-15 10:35:00,2.23207,2.2324,2.2311199999999998,2.2317299999999998,669
2025-04-15 10:40:00,2.23167,2.23369,2.2315,2.23362,602
2025-04-15 10:45:00,2.23362,2.23488,2.23346,2.23466,607
2025-04-15 10:50:00,2.23466,2.2353,2.23385,2.23491,560
2025-04-15 10:55:00,2.23489,2.23506,2.23306,2.23464,503
2025-04-15 11:00:00,2.23473,2.23884,2.23466,2.23737,872
2025-04-15 11:05:00,2.23736,2.23876,2.237,2.23873,625
2025-04-15 11:10:00,2.2388,2.24016,2.23826,2.23991,627
2025-04-15 11:15:00,2.23991,2.24038,2.23937,2.23985,628
2025-04-15 11:20:00,2.23985,2.23989,2.23686,2.23704,560
2025-04-15 11:25:00,2.23704,2.23892,2.23694,2.23849,649
2025-04-15 11:30:00,2.23847,2.23878,2.23773,2.2385,588
2025-04-15 11:35:00,2.23854,2.23942,2.23826,2.23826,503
2025-04-15 11:40:00,2.2382400000000002,2.2392,2.238,2.2386,664
2025-04-15 11:45:00,2.23859,2.23919,2.23817,2.2383,455
2025-04-15 11:50:00,2.2383,2.23953,2.23792,2.23945,545
2025-04-15 11:55:00,2.23944,2.24066,2.23905,2.23956,430
2025-04-15 12:00:00,2.23954,2.2409499999999998,2.23939,2.24005,582
2025-04-15 12:05:00,2.24008,2.24019,2.23909,2.23913,600
2025-04-15 12:10:00,2.23917,2.2397299999999998,2.23859,2.23871,542
2025-04-15 12:15:00,2.23871,2.24032,2.23852,2.23929,461
2025-04-15 12:20:00,2.23929,2.23937,2.23796,2.23817,381
2025-04-15 12:25:00,2.23825,2.23911,2.23726,2.23749,481
2025-04-15 12:30:00,2.23751,2.23823,2.23734,2.23797,486
2025-04-15 12:35:00,2.238,2.23952,2.23766,2.23943,414
2025-04-15 12:40:00,2.2394600000000002,2.24075,2.23883,2.24052,496
2025-04-15 12:45:00,2.24052,2.24057,2.23947,2.23997,428
2025-04-15 12:50:00,2.23999,2.23999,2.23879,2.2391,402
2025-04-15 12:55:00,2.2391,2.23952,2.23877,2.23936,499
2025-04-15 13:00:00,2.23934,2.23934,2.23832,2.23887,428
2025-04-15 13:05:00,2.23887,2.23904,2.23713,2.23718,451
2025-04-15 13:10:00,2.2372199999999998,2.23774,2.23638,2.23674,387
2025-04-15 13:15:00,2.23674,2.23697,2.23627,2.2364100000000002,409
2025-04-15 13:20:00,2.2364100000000002,2.23677,2.23589,2.23648,473
2025-04-15 13:25:00,2.23648,2.23822,2.23642,2.23792,384
2025-04-15 13:30:00,2.23792,2.23809,2.23697,2.23727,448
2025-04-15 13:35:00,2.23727,2.23751,2.2364100000000002,2.23659,501
2025-04-15 13:40:00,2.23656,2.23752,2.23652,2.23684,521
2025-04-15 13:45:00,2.2368,2.23682,2.23616,2.23634,368
2025-04-15 13:50:00,2.23637,2.23637,2.23501,2.23535,488
2025-04-15 13:55:00,2.23538,2.23608,2.23463,2.23489,395
2025-04-15 14:00:00,2.23462,2.23556,2.23457,2.235,385
2025-04-15 14:05:00,2.23498,2.23564,2.23457,2.2346,385
2025-04-15 14:10:00,2.2346,2.23461,2.23291,2.23296,372
2025-04-15 14:15:00,2.23296,2.23301,2.23211,2.233,353
2025-04-15 14:20:00,2.233,2.23438,2.23281,2.23387,469
2025-04-15 14:25:00,2.23398,2.23434,2.23325,2.23398,567
2025-04-15 14:30:00,2.23398,2.23487,2.23385,2.234,487
2025-04-15 14:35:00,2.23402,2.23479,2.23386,2.23419,539
2025-04-15 14:40:00,2.23423,2.23438,2.23311,2.23348,534
2025-04-15 14:45:00,2.2335,2.23511,2.2331,2.23472,575
2025-04-15 14:50:00,2.23473,2.2348,2.23342,2.23362,572
2025-04-15 14:55:00,2.23362,2.23434,2.23312,2.23347,521
2025-04-15 15:00:00,2.23349,2.23432,2.23258,2.23318,551
2025-04-15 15:05:00,2.23318,2.23332,2.23192,2.232,496
2025-04-15 15:10:00,2.23204,2.23242,2.23052,2.23233,461
2025-04-15 15:15:00,2.23235,2.23334,2.23162,2.2321400000000002,510
2025-04-15 15:20:00,2.23183,2.23189,2.22941,2.22977,667
2025-04-15 15:25:00,2.22978,2.23104,2.22884,2.22977,527
2025-04-15 15:30:00,2.22988,2.23117,2.22886,2.22897,817
2025-04-15 15:35:00,2.2289,2.2292899999999998,2.22842,2.2292,717
2025-04-15 15:40:00,2.22923,2.22946,2.22778,2.22801,720
2025-04-15 15:45:00,2.22801,2.23007,2.22787,2.22878,685
2025-04-15 15:50:00,2.22875,2.22892,2.22744,2.22832,665
2025-04-15 15:55:00,2.22832,2.2296,2.22813,2.22832,868
2025-04-15 16:00:00,2.22832,2.22856,2.2272,2.22778,790
2025-04-15 16:05:00,2.22782,2.22895,2.22782,2.22871,625
2025-04-15 16:10:00,2.2287,2.22922,2.22847,2.22886,636
2025-04-15 16:15:00,2.22886,2.22909,2.22697,2.22715,611
2025-04-15 16:20:00,2.22715,2.22766,2.22604,2.22726,599
2025-04-15 16:25:00,2.2273,2.22779,2.22655,2.22655,609
2025-04-15 16:30:00,2.22651,2.22702,2.22535,2.22698,780
2025-04-15 16:35:00,2.22695,2.22711,2.22602,2.22625,726
2025-04-15 16:40:00,2.22623,2.22656,2.22555,2.22646,765
2025-04-15 16:45:00,2.22655,2.22745,2.22535,2.22558,773
2025-04-15 16:50:00,2.22558,2.22582,2.22469,2.22531,758
2025-04-15 16:55:00,2.22527,2.22818,2.22513,2.22816,740
2025-04-15 17:00:00,2.22814,2.22994,2.22707,2.22994,722
2025-04-15 17:05:00,2.22996,2.23265,2.22958,2.23238,778
2025-04-15 17:10:00,2.23243,2.23243,2.22936,2.23053,875
2025-04-15 17:15:00,2.2305099999999998,2.23165,2.22962,2.23159,921
2025-04-15 17:20:00,2.23164,2.23164,2.22852,2.2302,971
2025-04-15 17:25:00,2.23022,2.23144,2.22982,2.23033,758
2025-04-15 17:30:00,2.23033,2.23033,2.22953,2.23002,629
2025-04-15 17:35:00,2.23001,2.23131,2.23,2.23101,775
2025-04-15 17:40:00,2.23104,2.2317,2.23043,2.23124,743
2025-04-15 17:45:00,2.23138,2.23283,2.23097,2.23283,862
2025-04-15 17:50:00,2.23279,2.23298,2.23161,2.23293,746
2025-04-15 17:55:00,2.2328,2.23322,2.23166,2.23308,869
2025-04-15 18:00:00,2.23302,2.23304,2.23185,2.23231,773
2025-04-15 18:05:00,2.23231,2.23457,2.23229,2.23385,752
2025-04-15 18:10:00,2.23385,2.23425,2.23284,2.23322,606
2025-04-15 18:15:00,2.23322,2.23346,2.23232,2.2323399999999998,555
2025-04-15 18:20:00,2.23238,2.23342,2.23188,2.23289,600
2025-04-15 18:25:00,2.23294,2.23372,2.23271,2.2336,561
2025-04-15 18:30:00,2.2336,2.23492,2.23353,2.23419,576
2025-04-15 18:35:00,2.23421,2.23466,2.23377,2.234,634
2025-04-15 18:40:00,2.234,2.23443,2.23358,2.23403,589
2025-04-15 18:45:00,2.23403,2.23552,2.23363,2.23482,769
2025-04-15 18:50:00,2.23482,2.23587,2.23451,2.23562,729
2025-04-15 18:55:00,2.23563,2.23576,2.23448,2.2346,714
2025-04-15 19:00:00,2.23463,2.23463,2.23282,2.23326,599
2025-04-15 19:05:00,2.23326,2.23459,2.23304,2.2344,557
2025-04-15 19:10:00,2.2344,2.2344,2.2333600000000002,2.23418,513
2025-04-15 19:15:00,2.23418,2.23432,2.2333600000000002,2.23371,595
2025-04-15 19:20:00,2.23371,2.23408,2.23321,2.23321,621
2025-04-15 19:25:00,2.23325,2.23485,2.23325,2.23482,559
2025-04-15 19:30:00,2.2348,2.23527,2.23389,2.23523,623
2025-04-15 19:35:00,2.23523,2.23666,2.2352,2.23555,642
2025-04-15 19:40:00,2.23553,2.23601,2.23466,2.23494,598
2025-04-15 19:45:00,2.2349,2.23583,2.23486,2.23535,551
2025-04-15 19:50:00,2.2353,2.23698,2.23502,2.23683,565
2025-04-15 19:55:00,2.23683,2.23742,2.23603,2.2364,445
2025-04-15 20:00:00,2.2364,2.23854,2.23623,2.23753,636
2025-04-15 20:05:00,2.23754,2.23826,2.23733,2.23799,545
2025-04-15 20:10:00,2.23797,2.23839,2.23699,2.23705,516
2025-04-15 20:15:00,2.23706,2.23752,2.23675,2.23688,529
2025-04-15 20:20:00,2.23694,2.23815,2.2369,2.23812,492
2025-04-15 20:25:00,2.23813,2.23918,2.23776,2.23907,476
2025-04-15 20:30:00,2.2391,2.2391199999999998,2.2376300000000002,2.23798,509
2025-04-15 20:35:00,2.23798,2.23852,2.23721,2.23788,512
2025-04-15 20:40:00,2.23792,2.23861,2.23775,2.23838,439
2025-04-15 20:45:00,2.23834,2.23853,2.23757,2.23784,468
2025-04-15 20:50:00,2.23785,2.23849,2.23749,2.23825,477
2025-04-15 20:55:00,2.23818,2.23847,2.23756,2.23823,494
2025-04-15 21:00:00,2.23821,2.24029,2.23821,2.23916,614
2025-04-15 21:05:00,2.2392,2.2397,2.23884,2.23968,476
2025-04-15 21:10:00,2.23966,2.24066,2.23955,2.24062,432
2025-04-15 21:15:00,2.24062,2.24111,2.23948,2.23991,475
2025-04-15 21:20:00,2.23991,2.24021,2.23936,2.23994,478
2025-04-15 21:25:00,2.23996,2.24045,2.23915,2.24033,493
2025-04-15 21:30:00,2.24037,2.24062,2.23984,2.23993,400
2025-04-15 21:35:00,2.23995,2.23995,2.23911,2.23943,421
2025-04-15 21:40:00,2.23945,2.23957,2.23852,2.23901,387
2025-04-15 21:45:00,2.23901,2.23944,2.23889,2.23933,362
2025-04-15 21:50:00,2.23944,2.24019,2.23914,2.23998,397
2025-04-15 21:55:00,2.23999,2.2409,2.23952,2.24042,535
2025-04-15 22:00:00,2.24052,2.24069,2.23965,2.23987,510
2025-04-15 22:05:00,2.23987,2.24059,2.23965,2.24054,335
2025-04-15 22:10:00,2.24054,2.2408,2.24,2.24051,378
2025-04-15 22:15:00,2.24049,2.24075,2.24001,2.24042,319
2025-04-15 22:20:00,2.24038,2.24055,2.23992,2.24037,344
2025-04-15 22:25:00,2.24043,2.24059,2.23997,2.24035,392
2025-04-15 22:30:00,2.24035,2.24079,2.24003,2.24028,337
2025-04-15 22:35:00,2.24028,2.24045,2.23987,2.24032,308
2025-04-15 22:40:00,2.24042,2.24055,2.24,2.24047,253
2025-04-15 22:45:00,2.24047,2.24083,2.24017,2.24025,292
2025-04-15 22:50:00,2.24031,2.24056,2.24,2.24055,297
2025-04-15 22:55:00,2.24055,2.2418,2.24044,2.24173,358
2025-04-15 23:00:00,2.24173,2.24252,2.24135,2.24242,427
2025-04-15 23:05:00,2.24243,2.24314,2.2424,2.24292,272
2025-04-15 23:10:00,2.24292,2.24313,2.24277,2.24306,160
2025-04-15 23:15:00,2.24305,2.24317,2.24268,2.24302,223
2025-04-15 23:20:00,2.243,2.24325,2.24267,2.24298,264
2025-04-15 23:25:00,2.24298,2.24304,2.24165,2.2419000000000002,229
2025-04-15 23:30:00,2.24186,2.24228,2.24109,2.24109,226
2025-04-15 23:35:00,2.24109,2.24198,2.24101,2.2417,305
2025-04-15 23:40:00,2.2417,2.2417,2.23894,2.23921,214
2025-04-15 23:45:00,2.23923,2.23999,2.23923,2.23998,300
2025-04-15 23:50:00,2.23998,2.23998,2.23944,2.23953,291
2025-04-15 23:55:00,2.23949,2.24271,2.23929,2.24172,473
2025-04-16 00:00:00,2.24173,2.24173,2.23926,2.23932,16
2025-04-16 00:05:00,2.23805,2.2387,2.23531,2.23796,122
2025-04-16 00:10:00,2.23796,2.23957,2.23796,2.23898,135
2025-04-16 00:15:00,2.23898,2.23921,2.2388500000000002,2.23915,60
2025-04-16 00:20:00,2.23915,2.2392,2.2377,2.23833,175
2025-04-16 00:25:00,2.23834,2.23948,2.2382,2.23926,167
2025-04-16 00:30:00,2.23922,2.23965,2.2389,2.23961,127
2025-04-16 00:35:00,2.23961,2.2398,2.2394600000000002,2.23966,106
2025-04-16 00:40:00,2.23966,2.24024,2.23891,2.24,209
2025-04-16 00:45:00,2.24,2.24118,2.23996,2.2409499999999998,198
2025-04-16 00:50:00,2.24107,2.24225,2.24099,2.24225,157
2025-04-16 00:55:00,2.2421699999999998,2.24279,2.24171,2.24249,235
2025-04-16 01:00:00,2.2428,2.24505,2.24208,2.24485,505
2025-04-16 01:05:00,2.24485,2.24638,2.24485,2.24492,206
2025-04-16 01:10:00,2.24492,2.2451,2.24441,2.2449500000000002,237
2025-04-16 01:15:00,2.24494,2.24552,2.24445,2.24515,212
2025-04-16 01:20:00,2.24515,2.24604,2.245,2.24569,254
2025-04-16 01:25:00,2.24568,2.24571,2.24471,2.24535,287
2025-04-16 01:30:00,2.24533,2.24539,2.24315,2.24323,326
2025-04-16 01:35:00,2.24327,2.24415,2.24294,2.24415,233
2025-04-16 01:40:00,2.24415,2.24443,2.24302,2.24302,249
2025-04-16 01:45:00,2.24302,2.24327,2.24281,2.24303,170
2025-04-16 01:50:00,2.24303,2.2432,2.24258,2.24262,248
2025-04-16 01:55:00,2.24266,2.24292,2.24222,2.24233,249
2025-04-16 02:00:00,2.24235,2.24237,2.24134,2.24211,309
2025-04-16 02:05:00,2.24207,2.24626,2.24127,2.2446,564
2025-04-16 02:10:00,2.24466,2.24602,2.2443,2.24488,477
2025-04-16 02:15:00,2.24488,2.24625,2.24488,2.24625,351
2025-04-16 02:20:00,2.24611,2.24625,2.24429,2.24447,356
2025-04-16 02:25:00,2.24447,2.24455,2.2432,2.24367,316
2025-04-16 02:30:00,2.24364,2.2437,2.24201,2.24248,326
2025-04-16 02:35:00,2.2425,2.24378,2.24193,2.2437,346
2025-04-16 02:40:00,2.24374,2.2438,2.24252,2.24262,278
2025-04-16 02:45:00,2.24266,2.2435,2.24242,2.2431,348
2025-04-16 02:50:00,2.2431200000000002,2.24356,2.24283,2.24327,248
2025-04-16 02:55:00,2.24327,2.2448,2.24271,2.24428,329
2025-04-16 03:00:00,2.24428,2.2446099999999998,2.24282,2.24301,718
2025-04-16 03:05:00,2.24301,2.24306,2.24155,2.24188,506
2025-04-16 03:10:00,2.24184,2.2423,2.24102,2.24198,689
2025-04-16 03:15:00,2.24201,2.24412,2.2416,2.24402,621
2025-04-16 03:20:00,2.24407,2.24564,2.24368,2.24368,591
2025-04-16 03:25:00,2.24365,2.24474,2.24341,2.2446099999999998,534
2025-04-16 03:30:00,2.2446099999999998,2.24647,2.24457,2.24589,569
2025-04-16 03:35:00,2.24589,2.24617,2.24541,2.24615,574
2025-04-16 03:40:00,2.24615,2.24647,2.24542,2.24601,540
2025-04-16 03:45:00,2.24606,2.24703,2.24506,2.2468,515
2025-04-16 03:50:00,2.24679,2.2484,2.24589,2.2474,671
2025-04-16 03:55:00,2.24748,2.24832,2.2462,2.24642,647
2025-04-16 04:00:00,2.2464399999999998,2.2464399999999998,2.245,2.24565,610
2025-04-16 04:05:00,2.24561,2.24595,2.24477,2.24544,562
2025-04-16 04:10:00,2.24544,2.24549,2.24489,2.24536,461
2025-04-16 04:15:00,2.24538,2.24558,2.24462,2.24515,571
2025-04-16 04:20:00,2.24519,2.24519,2.24397,2.24416,461
2025-04-16 04:25:00,2.24416,2.24484,2.24238,2.24272,531
2025-04-16 04:30:00,2.24272,2.24491,2.2425,2.24348,613
2025-04-16 04:35:00,2.24348,2.24393,2.24306,2.24391,529
2025-04-16 04:40:00,2.24393,2.24512,2.24372,2.24449,481
2025-04-16 04:45:00,2.24453,2.24454,2.2433899999999998,2.24437,412
2025-04-16 04:50:00,2.24437,2.24546,2.24395,2.2453,408
2025-04-16 04:55:00,2.24532,2.24572,2.24467,2.24492,397
2025-04-16 05:00:00,2.24481,2.24537,2.24391,2.24415,693
2025-04-16 05:05:00,2.24415,2.24417,2.24236,2.24305,616
2025-04-16 05:10:00,2.24307,2.24368,2.24271,2.24289,511
2025-04-16 05:15:00,2.24289,2.24483,2.24225,2.24463,537
2025-04-16 05:20:00,2.24463,2.24503,2.24383,2.2446,479
2025-04-16 05:25:00,2.24459,2.24659,2.24398,2.24638,541
2025-04-16 05:30:00,2.2464399999999998,2.24664,2.24426,2.24436,578
2025-04-16 05:35:00,2.24436,2.24611,2.24404,2.24601,404
2025-04-16 05:40:00,2.24605,2.2476,2.24588,2.24745,474
2025-04-16 05:45:00,2.24749,2.24773,2.24608,2.2470499999999998,541
2025-04-16 05:50:00,2.24703,2.2473,2.2466,2.2473,402
2025-04-16 05:55:00,2.2473,2.24738,2.2445,2.24526,547
2025-04-16 06:00:00,2.2453,2.24567,2.24421,2.24425,565
2025-04-16 06:05:00,2.24425,2.24477,2.24409,2.24441,493
2025-04-16 06:10:00,2.24433,2.24437,2.24289,2.24302,500
2025-04-16 06:15:00,2.24299,2.24412,2.24279,2.2439,429
2025-04-16 06:20:00,2.2439,2.24506,2.24305,2.24485,616
2025-04-16 06:25:00,2.24487,2.24517,2.24448,2.2447,554
2025-04-16 06:30:00,2.24471,2.24521,2.24423,2.24514,508
2025-04-16 06:35:00,2.24516,2.24533,2.24402,2.24431,526
2025-04-16 06:40:00,2.24431,2.2448,2.24411,2.24439,545
2025-04-16 06:45:00,2.24439,2.2445,2.24388,2.24446,318
2025-04-16 06:50:00,2.24443,2.24443,2.24329,2.24368,378
2025-04-16 06:55:00,2.24368,2.24375,2.24281,2.24309,379
2025-04-16 07:00:00,2.24304,2.24311,2.24218,2.24245,579
2025-04-16 07:05:00,2.24245,2.24295,2.24219,2.24266,416
2025-04-16 07:10:00,2.24265,2.24296,2.24229,2.24258,388
2025-04-16 07:15:00,2.2426,2.24295,2.24238,2.24245,357
2025-04-16 07:20:00,2.24237,2.2425100000000002,2.24125,2.24143,394
2025-04-16 07:25:00,2.24143,2.24176,2.24101,2.2417,469
2025-04-16 07:30:00,2.24166,2.24207,2.24146,2.24195,477
2025-04-16 07:35:00,2.24193,2.24199,2.24142,2.24167,364
2025-04-16 07:40:00,2.24172,2.24172,2.23978,2.23986,438
2025-04-16 07:45:00,2.23984,2.24062,2.23976,2.24002,541
2025-04-16 07:50:00,2.2401,2.24069,2.2399,2.24045,455
2025-04-16 07:55:00,2.24049,2.24059,2.23976,2.23995,405
2025-04-16 08:00:00,2.23995,2.24054,2.23949,2.23992,606
2025-04-16 08:05:00,2.23992,2.24104,2.23986,2.24056,534
2025-04-16 08:10:00,2.24063,2.24116,2.24032,2.24101,565
2025-04-16 08:15:00,2.24098,2.24209,2.24079,2.24183,543
2025-04-16 08:20:00,2.24177,2.24189,2.24102,2.24177,628
2025-04-16 08:25:00,2.24181,2.24201,2.24128,2.24201,623
2025-04-16 08:30:00,2.24206,2.24211,2.24067,2.24075,710
2025-04-16 08:35:00,2.24072,2.24126,2.24069,2.24098,435
2025-04-16 08:40:00,2.24102,2.24143,2.24043,2.24064,510
2025-04-16 08:45:00,2.24063,2.24186,2.24063,2.2412,460
2025-04-16 08:50:00,2.2412,2.24125,2.23963,2.23963,548
2025-04-16 08:55:00,2.23965,2.24224,2.23938,2.2415599999999998,810
2025-04-16 09:00:00,2.24165,2.24181,2.24052,2.24089,830
2025-04-16 09:05:00,2.24091,2.24244,2.24085,2.24214,712
2025-04-16 09:10:00,2.24214,2.24356,2.24166,2.24317,672
2025-04-16 09:15:00,2.24321,2.24354,2.24253,2.24354,654
2025-04-16 09:20:00,2.24352,2.24544,2.2433899999999998,2.24519,609
2025-04-16 09:25:00,2.24519,2.24549,2.24269,2.24319,558
2025-04-16 09:30:00,2.2431,2.24326,2.24206,2.24233,711
2025-04-16 09:35:00,2.24229,2.2432,2.2421,2.24257,618
2025-04-16 09:40:00,2.2426,2.2426,2.24102,2.24106,544
2025-04-16 09:45:00,2.24112,2.24161,2.24048,2.24048,523
2025-04-16 09:50:00,2.24054,2.24152,2.24037,2.24056,504
2025-04-16 09:55:00,2.24059,2.24104,2.24004,2.2406,550
2025-04-16 10:00:00,2.2406,2.24084,2.23962,2.24079,677
2025-04-16 10:05:00,2.24079,2.24193,2.2405,2.24162,581
2025-04-16 10:10:00,2.2416,2.2424,2.24115,2.24183,658
2025-04-16 10:15:00,2.24183,2.2429,2.24161,2.24286,610
2025-04-16 10:20:00,2.24286,2.24356,2.24254,2.24319,673
2025-04-16 10:25:00,2.24319,2.24343,2.24235,2.24268,614
2025-04-16 10:30:00,2.24266,2.24266,2.24069,2.24099,653
2025-04-16 10:35:00,2.24099,2.24258,2.24099,2.24238,553
2025-04-16 10:40:00,2.24241,2.24286,2.24206,2.24245,558
2025-04-16 10:45:00,2.24245,2.24402,2.24214,2.24369,497
2025-04-16 10:50:00,2.2437,2.24484,2.24345,2.24472,475
2025-04-16 10:55:00,2.24475,2.24518,2.24381,2.24403,557
2025-04-16 11:00:00,2.24407,2.24566,2.24387,2.24483,614
2025-04-16 11:05:00,2.24485,2.24499,2.24405,2.24472,415
2025-04-16 11:10:00,2.24464,2.24565,2.24409,2.24541,610
2025-04-16 11:15:00,2.24538,2.24541,2.24447,2.24517,438
2025-04-16 11:20:00,2.24517,2.2455,2.2449500000000002,2.2455,454
2025-04-16 11:25:00,2.24552,2.24598,2.23922,2.2419000000000002,855
2025-04-16 11:30:00,2.24196,2.24209,2.23928,2.24055,1080
2025-04-16 11:35:00,2.24055,2.24199,2.24025,2.24181,925
2025-04-16 11:40:00,2.24182,2.242,2.23996,2.24069,994
2025-04-16 11:45:00,2.24067,2.24242,2.24067,2.24242,796
2025-04-16 11:50:00,2.24244,2.24377,2.24154,2.24315,777
2025-04-16 11:55:00,2.24315,2.24444,2.24314,2.24404,628
2025-04-16 12:00:00,2.24409,2.24457,2.24332,2.24347,590
2025-04-16 12:05:00,2.24345,2.24429,2.24296,2.24325,660
2025-04-16 12:10:00,2.24335,2.24427,2.24324,2.24425,560
2025-04-16 12:15:00,2.24421,2.24433,2.24303,2.24308,540
2025-04-16 12:20:00,2.24308,2.24324,2.24142,2.24274,625
2025-04-16 12:25:00,2.24276,2.24323,2.24198,2.24221,667
2025-04-16 12:30:00,2.24225,2.24285,2.24137,2.24152,636
2025-04-16 12:35:00,2.24152,2.24255,2.24134,2.24243,576
2025-04-16 12:40:00,2.24247,2.24369,2.24226,2.24276,653
2025-04-16 12:45:00,2.24276,2.24374,2.24259,2.2437300000000002,618
2025-04-16 12:50:00,2.24376,2.24439,2.24329,2.24358,652
2025-04-16 12:55:00,2.24358,2.2441,2.24326,2.24368,627
2025-04-16 13:00:00,2.24377,2.24454,2.24337,2.24404,688
2025-04-16 13:05:00,2.24404,2.24468,2.24364,2.24444,497
2025-04-16 13:10:00,2.2444,2.24467,2.24319,2.24371,659
2025-04-16 13:15:00,2.24359,2.24381,2.24192,2.24277,562
2025-04-16 13:20:00,2.24282,2.24406,2.24265,2.24294,653
2025-04-16 13:25:00,2.24292,2.24305,2.24215,2.24219,590
2025-04-16 13:30:00,2.24215,2.24328,2.24207,2.24301,611
2025-04-16 13:35:00,2.24305,2.24325,2.24219,2.24243,595
2025-04-16 13:40:00,2.24243,2.24417,2.24208,2.24409,591
2025-04-16 13:45:00,2.24409,2.24421,2.24306,2.24325,521
2025-04-16 13:50:00,2.24334,2.24397,2.24295,2.2433899999999998,496
2025-04-16 13:55:00,2.24342,2.24395,2.24266,2.2428,596
2025-04-16 14:00:00,2.2428,2.2428,2.2417,2.24234,527
2025-04-16 14:05:00,2.24235,2.2431,2.24192,2.24256,473
2025-04-16 14:10:00,2.24256,2.24319,2.24237,2.24271,487
2025-04-16 14:15:00,2.24271,2.24332,2.24214,2.24314,454
2025-04-16 14:20:00,2.24316,2.24376,2.24262,2.24376,505
2025-04-16 14:25:00,2.24376,2.24383,2.24263,2.24372,490
2025-04-16 14:30:00,2.24372,2.24391,2.24296,2.24298,433
2025-04-16 14:35:00,2.24296,2.24392,2.24296,2.24378,452
2025-04-16 14:40:00,2.24378,2.24392,2.24325,2.24375,461
2025-04-16 14:45:00,2.24375,2.24404,2.24327,2.2438,460
2025-04-16 14:50:00,2.24378,2.24438,2.24372,2.24382,533
2025-04-16 14:55:00,2.24387,2.24433,2.24353,2.24368,485
2025-04-16 15:00:00,2.24367,2.24436,2.24283,2.24318,592
2025-04-16 15:05:00,2.24318,2.24326,2.24209,2.24212,446
2025-04-16 15:10:00,2.24212,2.24367,2.24212,2.24367,530
2025-04-16 15:15:00,2.24367,2.2439,2.24277,2.2428,517
2025-04-16 15:20:00,2.2428,2.24305,2.24213,2.24213,547
2025-04-16 15:25:00,2.24219,2.24219,2.2409,2.24143,428
2025-04-16 15:30:00,2.24136,2.2431200000000002,2.24061,2.2431200000000002,852
2025-04-16 15:35:00,2.2431200000000002,2.24381,2.24256,2.2434,723
2025-04-16 15:40:00,2.2433899999999998,2.24375,2.24246,2.24354,692
2025-04-16 15:45:00,2.24352,2.24456,2.24317,2.24429,693
2025-04-16 15:50:00,2.24429,2.2459,2.24413,2.24544,796
2025-04-16 15:55:00,2.24544,2.2456,2.24458,2.24535,730
2025-04-16 16:00:00,2.24537,2.24635,2.24505,2.24529,657
2025-04-16 16:05:00,2.24531,2.24608,2.24508,2.2456,650
2025-04-16 16:10:00,2.2456,2.24593,2.24506,2.24577,595
2025-04-16 16:15:00,2.24584,2.24647,2.24547,2.24612,588
2025-04-16 16:20:00,2.24612,2.24627,2.24496,2.24496,564
2025-04-16 16:25:00,2.24497,2.24619,2.2448,2.24617,585
2025-04-16 16:30:00,2.24611,2.24663,2.24468,2.24639,820
2025-04-16 16:35:00,2.24639,2.2467,2.24579,2.24607,763
2025-04-16 16:40:00,2.24607,2.24651,2.24504,2.24518,508
2025-04-16 16:45:00,2.24521,2.24567,2.24408,2.24442,803
2025-04-16 16:50:00,2.2444,2.2447,2.24318,2.24449,803
2025-04-16 16:55:00,2.24455,2.2446,2.24262,2.24313,671
2025-04-16 17:00:00,2.24317,2.24342,2.24075,2.24175,746
2025-04-16 17:05:00,2.24177,2.24269,2.24163,2.24231,746
2025-04-16 17:10:00,2.24238,2.24409,2.2417,2.2439999999999998,721
2025-04-16 17:15:00,2.24399,2.24447,2.24192,2.24196,634
2025-04-16 17:20:00,2.24204,2.24351,2.24198,2.24296,655
2025-04-16 17:25:00,2.24296,2.24296,2.24087,2.24132,550
2025-04-16 17:30:00,2.2413,2.24289,2.24094,2.24254,571
2025-04-16 17:35:00,2.24257,2.24275,2.24171,2.24173,585
2025-04-16 17:40:00,2.24171,2.24247,2.24078,2.24082,573
2025-04-16 17:45:00,2.24082,2.24143,2.24053,2.24099,674
2025-04-16 17:50:00,2.24101,2.24136,2.23996,2.24021,755
2025-04-16 17:55:00,2.24021,2.24047,2.23886,2.23939,847
2025-04-16 18:00:00,2.23935,2.23936,2.23841,2.23841,721
2025-04-16 18:05:00,2.23841,2.23848,2.23694,2.23756,647
2025-04-16 18:10:00,2.23752,2.23756,2.23637,2.23642,554
2025-04-16 18:15:00,2.23634,2.23732,2.23571,2.23635,536
2025-04-16 18:20:00,2.23635,2.23646,2.2329,2.23309,714
2025-04-16 18:25:00,2.23309,2.23371,2.23247,2.23309,562
2025-04-16 18:30:00,2.23312,2.23341,2.23211,2.23259,477
2025-04-16 18:35:00,2.23258,2.23292,2.23171,2.23201,453
2025-04-16 18:40:00,2.23198,2.23297,2.23198,2.23215,500
2025-04-16 18:45:00,2.23211,2.23344,2.23211,2.2334,470
2025-04-16 18:50:00,2.23338,2.23439,2.23304,2.2342,528
2025-04-16 18:55:00,2.23423,2.23423,2.23319,2.23406,516
2025-04-16 19:00:00,2.2338,2.23442,2.2331,2.2333,593
2025-04-16 19:05:00,2.23334,2.23423,2.23293,2.23418,488
2025-04-16 19:10:00,2.23403,2.23423,2.23348,2.23359,437
2025-04-16 19:15:00,2.2336,2.23425,2.23337,2.23354,463
2025-04-16 19:20:00,2.23357,2.23394,2.2327500000000002,2.23305,476
2025-04-16 19:25:00,2.2331,2.23376,2.23298,2.23313,469
2025-04-16 19:30:00,2.23321,2.2341,2.23235,2.23255,495
2025-04-16 19:35:00,2.23255,2.23279,2.23215,2.23228,500
2025-04-16 19:40:00,2.23235,2.23276,2.23156,2.23176,483
2025-04-16 19:45:00,2.23176,2.23207,2.23137,2.23175,445
2025-04-16 19:50:00,2.2316,2.23229,2.23141,2.23222,455
2025-04-16 19:55:00,2.23224,2.23261,2.23197,2.23244,436
2025-04-16 20:00:00,2.23241,2.2328,2.23144,2.2315,597
2025-04-16 20:05:00,2.2315,2.23184,2.2312,2.23162,540
2025-04-16 20:10:00,2.23164,2.23208,2.23133,2.23141,488
2025-04-16 20:15:00,2.2314,2.23158,2.23088,2.23088,477
2025-04-16 20:20:00,2.23091,2.23226,2.23085,2.23215,430
2025-04-16 20:25:00,2.23218,2.23232,2.23172,2.23197,358
2025-04-16 20:30:00,2.23197,2.23376,2.23165,2.23324,960
2025-04-16 20:35:00,2.23331,2.23387,2.23271,2.23359,860
2025-04-16 20:40:00,2.23362,2.23436,2.2335,2.2342,837
2025-04-16 20:45:00,2.2343,2.23541,2.23371,2.23502,803
2025-04-16 20:50:00,2.23508,2.23569,2.23441,2.23548,898
2025-04-16 20:55:00,2.23549,2.23617,2.23497,2.23549,859
2025-04-16 21:00:00,2.23551,2.23565,2.23396,2.23428,954
2025-04-16 21:05:00,2.23424,2.23479,2.23381,2.23423,814
2025-04-16 21:10:00,2.23427,2.23449,2.23331,2.23421,744
2025-04-16 21:15:00,2.23421,2.23501,2.23413,2.23477,692
2025-04-16 21:20:00,2.23481,2.23504,2.23273,2.23284,625
2025-04-16 21:25:00,2.23285,2.23375,2.23243,2.2334,565
2025-04-16 21:30:00,2.2334,2.23406,2.23313,2.2333600000000002,600
2025-04-16 21:35:00,2.23334,2.23396,2.23266,2.23349,522
2025-04-16 21:40:00,2.23345,2.23372,2.23283,2.233,600
2025-04-16 21:45:00,2.23293,2.2329499999999998,2.23144,2.23176,593
2025-04-16 21:50:00,2.23176,2.23239,2.23157,2.2317,628
2025-04-16 21:55:00,2.2317,2.23233,2.23117,2.23229,614
2025-04-16 22:00:00,2.23229,2.2326,2.23155,2.23207,654
2025-04-16 22:05:00,2.23207,2.23306,2.23166,2.23246,567
2025-04-16 22:10:00,2.2325,2.2339,2.23249,2.2339,452
2025-04-16 22:15:00,2.23392,2.23499,2.2338,2.23469,484
2025-04-16 22:20:00,2.23473,2.23531,2.2336,2.23365,527
2025-04-16 22:25:00,2.23365,2.23405,2.23299,2.23308,564
2025-04-16 22:30:00,2.23313,2.23347,2.23232,2.23345,712
2025-04-16 22:35:00,2.23345,2.23353,2.23247,2.23279,612
2025-04-16 22:40:00,2.23276,2.23327,2.23238,2.23319,570
2025-04-16 22:45:00,2.23309,2.23309,2.23199,2.23229,490
2025-04-16 22:50:00,2.23203,2.23212,2.23115,2.23182,540
2025-04-16 22:55:00,2.23185,2.23225,2.23094,2.23166,481
2025-04-16 23:00:00,2.2317,2.23233,2.23097,2.23107,503
2025-04-16 23:05:00,2.23107,2.23111,2.23036,2.23058,385
2025-04-16 23:10:00,2.23058,2.23079,2.22979,2.23005,504
2025-04-16 23:15:00,2.23003,2.23077,2.22974,2.23029,489
2025-04-16 23:20:00,2.23029,2.23032,2.22971,2.22996,371
2025-04-16 23:25:00,2.22992,2.23008,2.22941,2.22941,268
2025-04-16 23:30:00,2.22938,2.22976,2.22927,2.2295,342
2025-04-16 23:35:00,2.22946,2.23039,2.22941,2.23039,336
2025-04-16 23:40:00,2.23039,2.23039,2.22704,2.22729,214
2025-04-16 23:45:00,2.22736,2.22775,2.22718,2.22764,218
2025-04-16 23:50:00,2.22768,2.22832,2.22758,2.22759,273
2025-04-16 23:55:00,2.22759,2.23152,2.22735,2.23145,379
2025-04-17 00:00:00,2.23083,2.23116,2.22921,2.22921,14
2025-04-17 00:05:00,2.2325,2.2325,2.22921,2.22985,38
2025-04-17 00:10:00,2.22951,2.22951,2.2273,2.2284,197
2025-04-17 00:15:00,2.22858,2.22896,2.2273,2.2273,222
2025-04-17 00:20:00,2.2273,2.2278000000000002,2.22688,2.22741,24
2025-04-17 00:25:00,2.22743,2.22886,2.22714,2.22882,127
2025-04-17 00:30:00,2.22884,2.23165,2.2286799999999998,2.23165,205
2025-04-17 00:35:00,2.23165,2.23167,2.22949,2.22959,128
2025-04-17 00:40:00,2.22959,2.22985,2.22905,2.2293,150
2025-04-17 00:45:00,2.22927,2.23148,2.2283,2.23138,293
2025-04-17 00:50:00,2.23138,2.23144,2.22956,2.22968,303
2025-04-17 00:55:00,2.22966,2.22971,2.22782,2.22971,334
2025-04-17 01:00:00,2.22971,2.23136,2.22971,2.23105,308
2025-04-17 01:05:00,2.23104,2.23131,2.23053,2.23057,103
2025-04-17 01:10:00,2.23057,2.2307,2.23007,2.23025,216
2025-04-17 01:15:00,2.23029,2.23094,2.23027,2.2304,226
2025-04-17 01:20:00,2.23044,2.23074,2.2302400000000002,2.23043,152
2025-04-17 01:25:00,2.23043,2.23044,2.22978,2.2302400000000002,201
2025-04-17 01:30:00,2.2302400000000002,2.2302400000000002,2.22953,2.22975,263
2025-04-17 01:35:00,2.2297,2.22977,2.22907,2.22911,156
2025-04-17 01:40:00,2.22915,2.22957,2.22869,2.22869,242
2025-04-17 01:45:00,2.22823,2.22983,2.22537,2.22945,272
2025-04-17 01:50:00,2.22945,2.22967,2.22743,2.22762,273
2025-04-17 01:55:00,2.22762,2.22941,2.2276,2.22857,191
2025-04-17 02:00:00,2.22864,2.22875,2.22717,2.22743,320
2025-04-17 02:05:00,2.22743,2.22905,2.22725,2.22887,209
2025-04-17 02:10:00,2.22887,2.22898,2.22811,2.22827,169
2025-04-17 02:15:00,2.22827,2.2289,2.22826,2.22887,209
2025-04-17 02:20:00,2.22887,2.22894,2.22811,2.22831,205
2025-04-17 02:25:00,2.22831,2.22844,2.22792,2.22811,240
2025-04-17 02:30:00,2.22811,2.22878,2.22698,2.22728,294
2025-04-17 02:35:00,2.22723,2.22899,2.22721,2.22899,341
2025-04-17 02:40:00,2.22895,2.22901,2.22813,2.22839,296
2025-04-17 02:45:00,2.2284,2.22877,2.22802,2.22856,426
2025-04-17 02:50:00,2.22855,2.22936,2.22855,2.22921,343
2025-04-17 02:55:00,2.22932,2.22969,2.22863,2.22885,380
2025-04-17 03:00:00,2.22885,2.2296,2.22695,2.22742,1019
2025-04-17 03:05:00,2.22742,2.22744,2.22643,2.22738,909
2025-04-17 03:10:00,2.22737,2.22793,2.22683,2.22781,606
2025-04-17 03:15:00,2.22781,2.22918,2.22747,2.22911,674
2025-04-17 03:20:00,2.22911,2.22924,2.22785,2.22838,596
2025-04-17 03:25:00,2.22842,2.22914,2.228,2.22894,357
2025-04-17 03:30:00,2.22895,2.23007,2.22831,2.22993,574
2025-04-17 03:35:00,2.2298999999999998,2.23099,2.2293,2.23094,529
2025-04-17 03:40:00,2.23093,2.23099,2.22982,2.23077,432
2025-04-17 03:45:00,2.23073,2.23097,2.2298999999999998,2.23073,570
2025-04-17 03:50:00,2.23073,2.23132,2.23004,2.2308,651
2025-04-17 03:55:00,2.23079,2.2317,2.23052,2.23071,576
2025-04-17 04:00:00,2.23073,2.2325,2.23059,2.23211,621
2025-04-17 04:05:00,2.23219,2.23306,2.2317,2.23305,567
2025-04-17 04:10:00,2.23309,2.2341699999999998,2.23243,2.23383,553
2025-04-17 04:15:00,2.23374,2.23406,2.23296,2.23324,682
2025-04-17 04:20:00,2.23324,2.23403,2.23316,2.23374,551
2025-04-17 04:25:00,2.23374,2.23433,2.23319,2.23351,540
2025-04-17 04:30:00,2.23363,2.23374,2.23194,2.23367,631
2025-04-17 04:35:00,2.23367,2.23465,2.23289,2.23401,673
2025-04-17 04:40:00,2.23401,2.23501,2.23378,2.23378,563
2025-04-17 04:45:00,2.2338,2.23415,2.23321,2.23401,578
2025-04-17 04:50:00,2.23403,2.23455,2.23377,2.23379,536
2025-04-17 04:55:00,2.23379,2.23483,2.23351,2.2345,460
2025-04-17 05:00:00,2.23454,2.23489,2.23355,2.23454,559
2025-04-17 05:05:00,2.23454,2.23468,2.23401,2.23424,473
2025-04-17 05:10:00,2.23424,2.23445,2.23366,2.23423,429
2025-04-17 05:15:00,2.23425,2.23435,2.23221,2.23413,524
2025-04-17 05:20:00,2.2341699999999998,2.23557,2.2341,2.23474,460
2025-04-17 05:25:00,2.23459,2.23477,2.23165,2.23171,409
2025-04-17 05:30:00,2.23171,2.23325,2.23162,2.23298,426
2025-04-17 05:35:00,2.233,2.23345,2.23272,2.23324,384
2025-04-17 05:40:00,2.23324,2.2334,2.23206,2.23242,577
2025-04-17 05:45:00,2.23242,2.23307,2.23219,2.23296,506
2025-04-17 05:50:00,2.23292,2.23378,2.23261,2.23374,452
2025-04-17 05:55:00,2.23374,2.23406,2.23319,2.23327,370
2025-04-17 06:00:00,2.23319,2.23385,2.23268,2.23293,431
2025-04-17 06:05:00,2.23293,2.23375,2.23244,2.23361,417
2025-04-17 06:10:00,2.23361,2.23375,2.23257,2.23287,340
2025-04-17 06:15:00,2.23287,2.2331,2.23222,2.2323399999999998,425
2025-04-17 06:20:00,2.23238,2.23319,2.23227,2.23274,540
2025-04-17 06:25:00,2.23274,2.2339700000000002,2.23274,2.23389,523
2025-04-17 06:30:00,2.23387,2.23392,2.23326,2.23378,436
2025-04-17 06:35:00,2.23382,2.23413,2.23333,2.23367,344
2025-04-17 06:40:00,2.23361,2.23454,2.23344,2.23354,346
2025-04-17 06:45:00,2.2335,2.23354,2.23276,2.23304,318
2025-04-17 06:50:00,2.23304,2.23316,2.23255,2.23312,304
2025-04-17 06:55:00,2.23312,2.23412,2.23243,2.23403,350
2025-04-17 07:00:00,2.23403,2.23447,2.23348,2.23428,366
2025-04-17 07:05:00,2.23428,2.23489,2.23426,2.23456,187
2025-04-17 07:10:00,2.23454,2.23487,2.23405,2.23462,215
2025-04-17 07:15:00,2.23459,2.2347,2.23415,2.23427,225
2025-04-17 07:20:00,2.23431,2.23486,2.23409,2.23477,239
2025-04-17 07:25:00,2.23479,2.23483,2.23366,2.2338,335
2025-04-17 07:30:00,2.23384,2.23435,2.2338,2.23432,302
2025-04-17 07:35:00,2.23432,2.23449,2.23294,2.23325,374
2025-04-17 07:40:00,2.23321,2.23413,2.23317,2.23404,344
2025-04-17 07:45:00,2.23393,2.23424,2.23342,2.23365,308
2025-04-17 07:50:00,2.23365,2.23512,2.23365,2.23509,317
2025-04-17 07:55:00,2.23511,2.23576,2.23461,2.23489,415
2025-04-17 08:00:00,2.23485,2.23545,2.2344,2.23511,420
2025-04-17 08:05:00,2.23511,2.23517,2.23439,2.23453,359
2025-04-17 08:10:00,2.2345800000000002,2.23499,2.23383,2.23481,423
2025-04-17 08:15:00,2.23481,2.23498,2.23423,2.2344,338
2025-04-17 08:20:00,2.23442,2.23537,2.23435,2.23518,340
2025-04-17 08:25:00,2.23522,2.23638,2.2352,2.23619,340
2025-04-17 08:30:00,2.23623,2.23648,2.23562,2.23579,488
2025-04-17 08:35:00,2.23587,2.23607,2.23541,2.23577,468
2025-04-17 08:40:00,2.23575,2.23627,2.23518,2.23612,530
2025-04-17 08:45:00,2.23616,2.237,2.23552,2.23563,535
2025-04-17 08:50:00,2.23564,2.23606,2.23526,2.23602,457
2025-04-17 08:55:00,2.23602,2.23615,2.23514,2.23517,376
2025-04-17 09:00:00,2.23527,2.23721,2.23504,2.23717,513
2025-04-17 09:05:00,2.23717,2.2379,2.2370200000000002,2.23744,628
2025-04-17 09:10:00,2.23742,2.2375,2.23668,2.23687,689
2025-04-17 09:15:00,2.23689,2.23817,2.2364100000000002,2.23789,572
2025-04-17 09:20:00,2.23787,2.2385099999999998,2.23754,2.2382400000000002,536
2025-04-17 09:25:00,2.2382400000000002,2.23857,2.2376,2.23805,512
2025-04-17 09:30:00,2.23805,2.23949,2.23791,2.23894,427
2025-04-17 09:35:00,2.23877,2.23978,2.23874,2.2394600000000002,526
2025-04-17 09:40:00,2.2394600000000002,2.2399,2.23924,2.23968,425
2025-04-17 09:45:00,2.23968,2.24043,2.23958,2.23978,489
2025-04-17 09:50:00,2.23976,2.2415,2.23965,2.24142,546
2025-04-17 09:55:00,2.2414,2.24202,2.24081,2.24104,607
2025-04-17 10:00:00,2.24106,2.24127,2.24022,2.241,600
2025-04-17 10:05:00,2.24086,2.24162,2.23985,2.24035,560
2025-04-17 10:10:00,2.24041,2.24164,2.24016,2.24087,609
2025-04-17 10:15:00,2.24088,2.24102,2.2399,2.24032,696
2025-04-17 10:20:00,2.24035,2.24074,2.23933,2.23983,640
2025-04-17 10:25:00,2.23979,2.24009,2.23848,2.23855,551
2025-04-17 10:30:00,2.23855,2.23868,2.23812,2.2383,646
2025-04-17 10:35:00,2.2382400000000002,2.23832,2.23758,2.23793,558
2025-04-17 10:40:00,2.23796,2.23833,2.2373,2.23788,503
2025-04-17 10:45:00,2.23788,2.238,2.23676,2.23691,491
2025-04-17 10:50:00,2.23689,2.23724,2.23625,2.23687,515
2025-04-17 10:55:00,2.23685,2.23778,2.23683,2.23743,606
2025-04-17 11:00:00,2.23746,2.2376,2.23679,2.23733,608
2025-04-17 11:05:00,2.23733,2.23812,2.23705,2.23755,500
2025-04-17 11:10:00,2.2375,2.23816,2.2370200000000002,2.23792,426
2025-04-17 11:15:00,2.23792,2.23809,2.23704,2.23738,375
2025-04-17 11:20:00,2.23742,2.2377,2.23696,2.23716,583
2025-04-17 11:25:00,2.23716,2.23775,2.23656,2.2367,417
2025-04-17 11:30:00,2.23672,2.23686,2.23593,2.23616,454
2025-04-17 11:35:00,2.23616,2.2362,2.23487,2.23529,486
2025-04-17 11:40:00,2.23531,2.23541,2.23449,2.2352,587
2025-04-17 11:45:00,2.23516,2.2352,2.23389,2.23432,529
2025-04-17 11:50:00,2.23434,2.2347799999999998,2.23408,2.23449,459
2025-04-17 11:55:00,2.23453,2.23459,2.23359,2.23376,442
2025-04-17 12:00:00,2.23384,2.23444,2.23374,2.23433,409
2025-04-17 12:05:00,2.23433,2.23474,2.23376,2.234,399
2025-04-17 12:10:00,2.23398,2.23461,2.23372,2.23403,451
2025-04-17 12:15:00,2.23385,2.23413,2.23326,2.23359,404
2025-04-17 12:20:00,2.23364,2.23371,2.23213,2.2325,442
2025-04-17 12:25:00,2.2325,2.23362,2.23246,2.23323,399
2025-04-17 12:30:00,2.23323,2.23372,2.23294,2.2332,359
2025-04-17 12:35:00,2.2332,2.23377,2.23285,2.23316,442
2025-04-17 12:40:00,2.2332,2.23352,2.23286,2.23311,404
2025-04-17 12:45:00,2.23315,2.23376,2.23309,2.23328,444
2025-04-17 12:50:00,2.23312,2.23404,2.23299,2.23343,461
2025-04-17 12:55:00,2.23343,2.23367,2.23305,2.23334,530
2025-04-17 13:00:00,2.23334,2.23348,2.23225,2.23267,473
2025-04-17 13:05:00,2.23271,2.23283,2.23169,2.2321,469
2025-04-17 13:10:00,2.2321,2.23279,2.23152,2.23208,649
2025-04-17 13:15:00,2.23203,2.23207,2.23145,2.2318,557
2025-04-17 13:20:00,2.23183,2.23183,2.23053,2.23063,573
2025-04-17 13:25:00,2.23063,2.23119,2.23016,2.23034,452
2025-04-17 13:30:00,2.23034,2.23083,2.22934,2.22961,539
2025-04-17 13:35:00,2.22962,2.23034,2.22956,2.23021,452
2025-04-17 13:40:00,2.23022,2.23078,2.23005,2.23029,485
2025-04-17 13:45:00,2.23031,2.2305,2.22936,2.22942,425
2025-04-17 13:50:00,2.22942,2.22986,2.22915,2.22952,443
2025-04-17 13:55:00,2.22947,2.2297,2.22789,2.22867,523
2025-04-17 14:00:00,2.2286799999999998,2.22887,2.22806,2.22826,539
2025-04-17 14:05:00,2.22828,2.22859,2.22749,2.22803,420
2025-04-17 14:10:00,2.22793,2.22824,2.22743,2.22772,390
2025-04-17 14:15:00,2.22773,2.22781,2.22727,2.22732,376
2025-04-17 14:20:00,2.22738,2.22772,2.22692,2.22753,412
2025-04-17 14:25:00,2.22753,2.22776,2.22717,2.22756,348
2025-04-17 14:30:00,2.22755,2.22896,2.22751,2.22881,372
2025-04-17 14:35:00,2.2288,2.22912,2.22791,2.2284100000000002,440
2025-04-17 14:40:00,2.2284100000000002,2.22882,2.22808,2.22831,342
2025-04-17 14:45:00,2.22832,2.22839,2.22732,2.22752,400
2025-04-17 14:50:00,2.22752,2.22847,2.22739,2.22815,386
2025-04-17 14:55:00,2.22818,2.2283,2.22702,2.22729,513
2025-04-17 15:00:00,2.22728,2.22732,2.22547,2.22618,711
2025-04-17 15:05:00,2.22618,2.22637,2.22526,2.22598,510
2025-04-17 15:10:00,2.2259,2.2274599999999998,2.22551,2.22655,513
2025-04-17 15:15:00,2.22661,2.22712,2.2254,2.22576,816
2025-04-17 15:20:00,2.22576,2.22581,2.22484,2.22484,843
2025-04-17 15:25:00,2.22486,2.22508,2.22386,2.22386,551
2025-04-17 15:30:00,2.2233,2.22487,2.2232,2.22483,757
2025-04-17 15:35:00,2.22479,2.22523,2.2244099999999998,2.22514,674
2025-04-17 15:40:00,2.22508,2.22549,2.22411,2.2241400000000002,670
2025-04-17 15:45:00,2.2241400000000002,2.22488,2.22351,2.22434,602
2025-04-17 15:50:00,2.22434,2.22448,2.22333,2.22408,708
2025-04-17 15:55:00,2.22402,2.22419,2.22206,2.22239,856
2025-04-17 16:00:00,2.22244,2.22377,2.22204,2.22374,850
2025-04-17 16:05:00,2.22376,2.22477,2.22372,2.22437,713
2025-04-17 16:10:00,2.22437,2.22539,2.22422,2.22451,662
2025-04-17 16:15:00,2.22451,2.22488,2.22308,2.2235300000000002,564
2025-04-17 16:20:00,2.2235300000000002,2.22393,2.2225,2.22294,658
2025-04-17 16:25:00,2.22299,2.22366,2.22283,2.22336,582
2025-04-17 16:30:00,2.22328,2.22328,2.22096,2.22139,852
2025-04-17 16:35:00,2.22142,2.2229,2.22134,2.22143,736
2025-04-17 16:40:00,2.22148,2.22189,2.22088,2.22107,650
2025-04-17 16:45:00,2.2210900000000002,2.22204,2.2204,2.22055,679
2025-04-17 16:50:00,2.22055,2.22117,2.21982,2.22046,777
2025-04-17 16:55:00,2.22046,2.22096,2.2201,2.22066,723
2025-04-17 17:00:00,2.22071,2.22345,2.22065,2.22289,689
2025-04-17 17:05:00,2.22278,2.2231899999999998,2.22222,2.22239,624
2025-04-17 17:10:00,2.22239,2.22239,2.2201,2.22078,617
2025-04-17 17:15:00,2.22081,2.22234,2.22069,2.22209,633
2025-04-17 17:20:00,2.22215,2.22239,2.22125,2.2218999999999998,669
2025-04-17 17:25:00,2.22188,2.22261,2.2217000000000002,2.22232,650
2025-04-17 17:30:00,2.22234,2.22288,2.22161,2.22192,650
2025-04-17 17:35:00,2.22192,2.22303,2.2217000000000002,2.22277,704
2025-04-17 17:40:00,2.22275,2.22315,2.22157,2.2229200000000002,579
2025-04-17 17:45:00,2.2229200000000002,2.22379,2.22226,2.22256,588
2025-04-17 17:50:00,2.22256,2.22258,2.22014,2.22019,775
2025-04-17 17:55:00,2.22019,2.22121,2.2196,2.22072,1057
2025-04-17 18:00:00,2.22069,2.22121,2.21973,2.21996,892
2025-04-17 18:05:00,2.21993,2.22035,2.21957,2.21967,624
2025-04-17 18:10:00,2.2197,2.22039,2.21936,2.21979,532
2025-04-17 18:15:00,2.21977,2.22062,2.21961,2.2203,539
2025-04-17 18:20:00,2.22038,2.22075,2.21918,2.21921,476
2025-04-17 18:25:00,2.21923,2.21957,2.21894,2.21954,410
2025-04-17 18:30:00,2.21952,2.22028,2.21932,2.22015,435
2025-04-17 18:35:00,2.22015,2.22042,2.21938,2.22003,546
2025-04-17 18:40:00,2.22003,2.2204,2.21979,2.2201,552
2025-04-17 18:45:00,2.22013,2.22077,2.21989,2.22029,571
2025-04-17 18:50:00,2.2203,2.22074,2.22,2.2205,608
2025-04-17 18:55:00,2.22049,2.22085,2.21975,2.22072,515
2025-04-17 19:00:00,2.22057,2.22059,2.21954,2.22028,594
2025-04-17 19:05:00,2.22028,2.22056,2.2193,2.22045,868
2025-04-17 19:10:00,2.22045,2.22065,2.21956,2.21968,711
2025-04-17 19:15:00,2.21964,2.21985,2.21847,2.21874,582
2025-04-17 19:20:00,2.21874,2.21925,2.21814,2.21915,626
2025-04-17 19:25:00,2.21903,2.21996,2.21884,2.21983,585
2025-04-17 19:30:00,2.21983,2.22045,2.21972,2.22039,499
2025-04-17 19:35:00,2.22039,2.22135,2.22015,2.22076,626
2025-04-17 19:40:00,2.22083,2.22239,2.22061,2.22182,604
2025-04-17 19:45:00,2.22185,2.22221,2.22028,2.22082,454
2025-04-17 19:50:00,2.22083,2.22119,2.22041,2.22056,405
2025-04-17 19:55:00,2.22052,2.22066,2.21955,2.21996,524
2025-04-17 20:00:00,2.21996,2.22,2.21922,2.21953,500
2025-04-17 20:05:00,2.21949,2.21973,2.21846,2.21869,355
2025-04-17 20:10:00,2.21874,2.21883,2.21836,2.21856,349
2025-04-17 20:15:00,2.21856,2.219,2.21838,2.21897,292
2025-04-17 20:20:00,2.21895,2.22026,2.21891,2.21971,377
2025-04-17 20:25:00,2.21974,2.22037,2.21961,2.22021,318
2025-04-17 20:30:00,2.22016,2.22025,2.21965,2.2198,329
2025-04-17 20:35:00,2.21985,2.22009,2.21942,2.21985,346
2025-04-17 20:40:00,2.21974,2.2206799999999998,2.2197,2.21979,371
2025-04-17 20:45:00,2.21978,2.22002,2.21931,2.2194,425
2025-04-17 20:50:00,2.21947,2.2199,2.2192,2.21969,386
2025-04-17 20:55:00,2.21972,2.21991,2.21947,2.21948,395
2025-04-17 21:00:00,2.21951,2.22001,2.21933,2.2196,417
2025-04-17 21:05:00,2.21961,2.21961,2.21869,2.21891,428
2025-04-17 21:10:00,2.21891,2.21974,2.21882,2.2192,505
2025-04-17 21:15:00,2.21922,2.21985,2.2191,2.21974,392
2025-04-17 21:20:00,2.21977,2.21993,2.21935,2.21971,321
2025-04-17 21:25:00,2.2197,2.22005,2.21899,2.21981,404
2025-04-17 21:30:00,2.21973,2.21977,2.21879,2.21904,322
2025-04-17 21:35:00,2.219,2.2191,2.21827,2.2186500000000002,330
2025-04-17 21:40:00,2.21863,2.21877,2.21828,2.21857,305
2025-04-17 21:45:00,2.21857,2.21938,2.2182399999999998,2.21933,509
2025-04-17 21:50:00,2.21933,2.22031,2.21919,2.22015,455
2025-04-17 21:55:00,2.22015,2.22036,2.21962,2.22002,497
2025-04-17 22:00:00,2.22,2.22042,2.21947,2.21979,438
2025-04-17 22:05:00,2.21975,2.21993,2.21894,2.21897,353
2025-04-17 22:10:00,2.21897,2.2198700000000002,2.21896,2.21964,374
2025-04-17 22:15:00,2.21964,2.22005,2.21938,2.21984,315
2025-04-17 22:20:00,2.21984,2.22026,2.21923,2.21958,317
2025-04-17 22:25:00,2.21958,2.22076,2.21958,2.22044,353
2025-04-17 22:30:00,2.22046,2.22052,2.21998,2.22012,321
2025-04-17 22:35:00,2.22016,2.22029,2.2193,2.21964,292
2025-04-17 22:40:00,2.21964,2.21997,2.21928,2.21954,337
2025-04-17 22:45:00,2.21958,2.22029,2.21954,2.22028,293
2025-04-17 22:50:00,2.22032,2.22052,2.22006,2.22011,368
2025-04-17 22:55:00,2.22014,2.22086,2.22014,2.2206,377
2025-04-17 23:00:00,2.2206,2.22095,2.22037,2.22074,261
2025-04-17 23:05:00,2.22071,2.22102,2.22056,2.22063,153
2025-04-17 23:10:00,2.22063,2.22092,2.22018,2.22036,183
2025-04-17 23:15:00,2.22036,2.2204,2.2200699999999998,2.22031,155
2025-04-17 23:20:00,2.22031,2.22056,2.22021,2.22051,167
2025-04-17 23:25:00,2.22051,2.22095,2.22049,2.22086,170
2025-04-17 23:30:00,2.22091,2.22117,2.22076,2.22087,107
2025-04-17 23:35:00,2.2209,2.22142,2.22083,2.22117,124
2025-04-17 23:40:00,2.22117,2.22117,2.21858,2.21862,125
2025-04-17 23:45:00,2.21862,2.21886,2.21827,2.21829,226
2025-04-17 23:50:00,2.2182399999999998,2.21834,2.21803,2.21819,187
2025-04-17 23:55:00,2.21821,2.22041,2.21821,2.22036,309
2025-04-18 00:00:00,2.22021,2.2247,2.22021,2.22456,19
2025-04-18 00:05:00,2.2218,2.2218,2.22042,2.22042,15
2025-04-18 00:10:00,2.22042,2.2205,2.21658,2.21736,87
2025-04-18 00:15:00,2.21724,2.22035,2.21658,2.2179,255
2025-04-18 00:20:00,2.2179,2.21862,2.217,2.21798,141
2025-04-18 00:25:00,2.21798,2.21995,2.21788,2.21852,69
2025-04-18 00:30:00,2.21852,2.2192,2.21776,2.21909,169
2025-04-18 00:35:00,2.21909,2.22181,2.21873,2.21972,293
2025-04-18 00:40:00,2.2198700000000002,2.22216,2.21969,2.22126,108
2025-04-18 00:45:00,2.22127,2.22131,2.21964,2.22074,138
2025-04-18 00:50:00,2.22078,2.22288,2.22033,2.22191,125
2025-04-18 00:55:00,2.22191,2.22191,2.22049,2.221,154
2025-04-18 01:00:00,2.2212,2.2221,2.22094,2.22114,608
2025-04-18 01:05:00,2.22116,2.22143,2.22054,2.2211,225
2025-04-18 01:10:00,2.2224,2.22255,2.22102,2.22143,372
2025-04-18 01:15:00,2.22143,2.22207,2.22072,2.22132,297
2025-04-18 01:20:00,2.22152,2.22215,2.22008,2.22119,313
2025-04-18 01:25:00,2.22128,2.22229,2.22005,2.22101,329
2025-04-18 01:30:00,2.22101,2.22208,2.21984,2.22042,879
2025-04-18 01:35:00,2.22044,2.22216,2.21992,2.21992,475
2025-04-18 01:40:00,2.21992,2.22136,2.21992,2.2211,186
2025-04-18 01:45:00,2.22114,2.22122,2.22012,2.22016,301
2025-04-18 01:50:00,2.22016,2.2222,2.21992,2.22107,223
2025-04-18 01:55:00,2.22112,2.22112,2.21984,2.21995,569
2025-04-18 02:00:00,2.21995,2.2221,2.21935,2.2218,392
2025-04-18 02:05:00,2.2218,2.22271,2.2198700000000002,2.22014,263
2025-04-18 02:10:00,2.22017,2.22128,2.22015,2.22121,222
2025-04-18 02:15:00,2.22121,2.22136,2.22034,2.22054,289
2025-04-18 02:20:00,2.2212899999999998,2.22217,2.22029,2.22057,200
2025-04-18 02:25:00,2.22057,2.22061,2.21893,2.21916,206
2025-04-18 02:30:00,2.21867,2.22045,2.21855,2.21958,264
2025-04-18 02:35:00,2.21954,2.22105,2.2192600000000002,2.22005,121
2025-04-18 02:40:00,2.22019,2.22031,2.21958,2.21988,108
2025-04-18 02:45:00,2.21994,2.22002,2.21969,2.21973,251
2025-04-18 02:50:00,2.22042,2.22132,2.21971,2.22126,374
2025-04-18 02:55:00,2.22124,2.22209,2.22062,2.22099,305
2025-04-18 03:00:00,2.221,2.22218,2.221,2.22218,330
2025-04-18 03:05:00,2.22221,2.22368,2.22083,2.22121,432
2025-04-18 03:10:00,2.22121,2.22309,2.22119,2.22293,436
2025-04-18 03:15:00,2.22304,2.22338,2.2221,2.22216,459
2025-04-18 03:20:00,2.22216,2.22327,2.22151,2.22323,378
2025-04-18 03:25:00,2.22324,2.22398,2.22298,2.22389,236
2025-04-18 03:30:00,2.22368,2.22412,2.22243,2.22296,366
2025-04-18 03:35:00,2.22283,2.22352,2.22052,2.22192,668
2025-04-18 03:40:00,2.22184,2.22305,2.22184,2.22294,1326
2025-04-18 03:45:00,2.22283,2.22412,2.22267,2.22395,1316
2025-04-18 03:50:00,2.224,2.22409,2.22307,2.2231,1282
2025-04-18 03:55:00,2.22264,2.22387,2.22264,2.22346,1294
2025-04-18 04:00:00,2.2235,2.22463,2.22321,2.22402,1337
2025-04-18 04:05:00,2.22407,2.22509,2.22377,2.2244,1255
2025-04-18 04:10:00,2.22447,2.2246,2.2234,2.22397,1314
2025-04-18 04:15:00,2.22395,2.2241,2.22345,2.22366,1239
2025-04-18 04:20:00,2.22363,2.22395,2.22323,2.22358,1159
2025-04-18 04:25:00,2.22358,2.2241400000000002,2.22343,2.22402,1217
2025-04-18 04:30:00,2.22394,2.22408,2.2234,2.22367,1277
2025-04-18 04:35:00,2.22365,2.22412,2.22346,2.22386,1288
2025-04-18 04:40:00,2.22386,2.22472,2.22368,2.22428,1289
2025-04-18 04:45:00,2.2242,2.22483,2.22391,2.22463,1231
2025-04-18 04:50:00,2.22456,2.22512,2.22405,2.22466,1232
2025-04-18 04:55:00,2.22464,2.22483,2.22385,2.22437,1307
2025-04-18 05:00:00,2.22434,2.2249,2.22397,2.22482,1283
2025-04-18 05:05:00,2.22482,2.22517,2.22406,2.2244,1197
2025-04-18 05:10:00,2.22444,2.22493,2.22356,2.22464,1718
2025-04-18 05:15:00,2.22459,2.22483,2.22374,2.22386,1303
2025-04-18 05:20:00,2.22386,2.22483,2.22368,2.22469,1300
2025-04-18 05:25:00,2.22471,2.22602,2.22431,2.22571,1432
2025-04-18 05:30:00,2.22582,2.22677,2.22503,2.22616,1191
2025-04-18 05:35:00,2.2262,2.22732,2.22596,2.22602,1163
2025-04-18 05:40:00,2.22606,2.22921,2.22557,2.22771,1235
2025-04-18 05:45:00,2.22766,2.23128,2.2273,2.23059,1358
2025-04-18 05:50:00,2.23061,2.23193,2.22958,2.23184,1245
2025-04-18 05:55:00,2.23179,2.23624,2.23163,2.23554,1282
2025-04-18 06:00:00,2.23556,2.23873,2.23529,2.23586,1300
2025-04-18 06:05:00,2.23585,2.23789,2.23532,2.237,1277
2025-04-18 06:10:00,2.237,2.23731,2.23562,2.23613,1241
2025-04-18 06:15:00,2.23615,2.23638,2.23376,2.23384,1274
2025-04-18 06:20:00,2.23388,2.23427,2.23327,2.23388,1313
2025-04-18 06:25:00,2.23391,2.23446,2.2336,2.23416,1269
2025-04-18 06:30:00,2.23412,2.23426,2.23252,2.23272,1218
2025-04-18 06:35:00,2.2327,2.23339,2.23254,2.23299,1200
2025-04-18 06:40:00,2.23306,2.23373,2.23278,2.23352,1337
2025-04-18 06:45:00,2.23352,2.2349,2.23338,2.23466,1286
2025-04-18 06:50:00,2.2347,2.23533,2.23443,2.23495,1450
2025-04-18 06:55:00,2.23484,2.23545,2.23482,2.23537,1286
2025-04-18 07:00:00,2.23535,2.23598,2.23484,2.23513,1411
2025-04-18 07:05:00,2.23517,2.23564,2.23427,2.23502,1310
2025-04-18 07:10:00,2.23495,2.23542,2.23461,2.23522,1341
2025-04-18 07:15:00,2.23522,2.2359999999999998,2.23504,2.23558,1285
2025-04-18 07:20:00,2.23564,2.23583,2.23464,2.2347799999999998,1331
2025-04-18 07:25:00,2.23481,2.23492,2.23425,2.23476,1339
2025-04-18 07:30:00,2.23472,2.23484,2.23357,2.23388,1318
2025-04-18 07:35:00,2.23368,2.23463,2.23349,2.23398,1271
2025-04-18 07:40:00,2.23402,2.23456,2.23369,2.23441,1316
2025-04-18 07:45:00,2.23452,2.2347,2.23385,2.23402,1268
2025-04-18 07:50:00,2.23402,2.23408,2.23346,2.23364,1235
2025-04-18 07:55:00,2.2336,2.23452,2.23353,2.23418,1240
2025-04-18 08:00:00,2.23423,2.23488,2.23392,2.23468,1270
2025-04-18 08:05:00,2.23475,2.23703,2.23461,2.23685,1221
2025-04-18 08:10:00,2.23689,2.23696,2.23536,2.23568,1240
2025-04-18 08:15:00,2.23573,2.23667,2.23553,2.2364,1262
2025-04-18 08:20:00,2.23638,2.23664,2.2361,2.23651,1232
2025-04-18 08:25:00,2.2365,2.23682,2.23549,2.23632,1262
2025-04-18 08:30:00,2.23627,2.23631,2.23571,2.23589,1215
2025-04-18 08:35:00,2.23588,2.23723,2.23558,2.23713,1283
2025-04-18 08:40:00,2.23718,2.23727,2.23662,2.23683,1249
2025-04-18 08:45:00,2.23683,2.23802,2.23622,2.2378,1244
2025-04-18 08:50:00,2.23784,2.23841,2.23764,2.23834,1279
2025-04-18 08:55:00,2.23832,2.23839,2.23529,2.23579,1243
2025-04-18 09:00:00,2.23587,2.23602,2.23452,2.23479,1091
2025-04-18 09:05:00,2.23481,2.23521,2.23425,2.23491,1214
2025-04-18 09:10:00,2.23491,2.23581,2.23486,2.23512,1220
2025-04-18 09:15:00,2.23512,2.23551,2.23448,2.23469,1136
2025-04-18 09:20:00,2.2347,2.23536,2.23437,2.23495,1231
2025-04-18 09:25:00,2.23494,2.23621,2.23459,2.23597,1220
2025-04-18 09:30:00,2.23601,2.23654,2.2353899999999998,2.23634,1233
2025-04-18 09:35:00,2.23629,2.2365,2.23555,2.23628,1245
2025-04-18 09:40:00,2.23623,2.23651,2.234,2.23577,1296
2025-04-18 09:45:00,2.23572,2.23793,2.23542,2.23664,1283
2025-04-18 09:50:00,2.23662,2.23704,2.23517,2.23532,1328
2025-04-18 09:55:00,2.2353,2.2356,2.23323,2.2335599999999998,1256
2025-04-18 10:00:00,2.23338,2.23373,2.23035,2.23246,754
2025-04-18 10:05:00,2.23246,2.23434,2.23213,2.23406,1171
2025-04-18 10:10:00,2.2341,2.23819,2.2335599999999998,2.2370200000000002,1215
2025-04-18 10:15:00,2.23691,2.23721,2.23584,2.23635,1245
2025-04-18 10:20:00,2.23636,2.23668,2.23544,2.23566,1254
2025-04-18 10:25:00,2.23566,2.23621,2.2352,2.23601,1252
2025-04-18 10:30:00,2.23601,2.23615,2.23516,2.23556,1247
2025-04-18 10:35:00,2.23553,2.23629,2.23522,2.23563,1172
2025-04-18 10:40:00,2.23563,2.23642,2.23533,2.23622,1174
2025-04-18 10:45:00,2.23623,2.23732,2.23582,2.23696,1177
2025-04-18 10:50:00,2.23696,2.23767,2.23646,2.23665,1223
2025-04-18 10:55:00,2.2366099999999998,2.23742,2.23635,2.23716,1213
2025-04-18 11:00:00,2.23712,2.23723,2.23623,2.23666,1272
2025-04-18 11:05:00,2.23663,2.23752,2.23642,2.2365,1255
2025-04-18 11:10:00,2.23649,2.23672,2.23568,2.23591,1265
2025-04-18 11:15:00,2.23617,2.23671,2.23575,2.23589,1279
2025-04-18 11:20:00,2.23582,2.23636,2.23561,2.23595,1230
2025-04-18 11:25:00,2.23599,2.23646,2.23536,2.23616,1312
2025-04-18 11:30:00,2.23622,2.23733,2.23595,2.23657,1280
2025-04-18 11:35:00,2.23659,2.23747,2.23632,2.23655,1270
2025-04-18 11:40:00,2.23657,2.23693,2.23611,2.23676,1202
2025-04-18 11:45:00,2.23671,2.23753,2.23644,2.2372199999999998,1151
2025-04-18 11:50:00,2.23716,2.2382,2.23682,2.23785,1153
2025-04-18 11:55:00,2.23792,2.2395,2.2378,2.23894,1158
2025-04-18 12:00:00,2.23895,2.2394,2.23736,2.23742,1259
2025-04-18 12:05:00,2.23749,2.23821,2.23717,2.23739,1306
2025-04-18 12:10:00,2.23752,2.23757,2.23631,2.23659,1329
2025-04-18 12:15:00,2.2365,2.2376300000000002,2.23638,2.23753,1282
2025-04-18 12:20:00,2.23756,2.23822,2.23731,2.23797,1272
2025-04-18 12:25:00,2.2379,2.2387,2.2377,2.23797,1279
2025-04-18 12:30:00,2.23797,2.23807,2.23689,2.23709,1134
2025-04-18 12:35:00,2.23705,2.23753,2.23673,2.23675,1063
2025-04-18 12:40:00,2.23677,2.23695,2.2361,2.23644,1189
2025-04-18 12:45:00,2.23638,2.23656,2.23546,2.23557,1212
2025-04-18 12:50:00,2.23555,2.23558,2.23464,2.23534,1287
2025-04-18 12:55:00,2.23518,2.23651,2.23516,2.23645,1278
2025-04-18 13:00:00,2.23645,2.23678,2.23553,2.23554,1309
2025-04-18 13:05:00,2.23565,2.23597,2.23525,2.23574,1276
2025-04-18 13:10:00,2.23569,2.2357,2.23431,2.2346,1303
2025-04-18 13:15:00,2.23463,2.23471,2.23375,2.2339,1319
2025-04-18 13:20:00,2.23389,2.2345800000000002,2.23337,2.23451,1343
2025-04-18 13:25:00,2.2345800000000002,2.23543,2.23441,2.23525,1278
2025-04-18 13:30:00,2.23527,2.23619,2.23456,2.23585,1246
2025-04-18 13:35:00,2.23585,2.23597,2.23457,2.23503,1284
2025-04-18 13:40:00,2.23503,2.2352,2.23423,2.23483,1266
2025-04-18 13:45:00,2.23485,2.23556,2.23454,2.23543,1279
2025-04-18 13:50:00,2.23555,2.23724,2.23526,2.23724,1272
2025-04-18 13:55:00,2.23726,2.23764,2.23672,2.23764,1203
2025-04-18 14:00:00,2.23767,2.2382400000000002,2.23692,2.23707,1171
2025-04-18 14:05:00,2.23714,2.23729,2.23677,2.23718,1212
2025-04-18 14:10:00,2.23719,2.23729,2.23675,2.23684,1207
2025-04-18 14:15:00,2.23689,2.23746,2.2368,2.23731,1206
2025-04-18 14:20:00,2.23729,2.23762,2.23717,2.23731,1085
2025-04-18 14:25:00,2.23731,2.23742,2.23693,2.23738,1162
2025-04-18 14:30:00,2.23736,2.23744,2.23672,2.23699,1246
2025-04-18 14:35:00,2.23705,2.23734,2.23673,2.23705,1076
2025-04-18 14:40:00,2.23701,2.23716,2.23668,2.23685,1081
2025-04-18 14:45:00,2.23693,2.23712,2.23658,2.23698,1293
2025-04-18 14:50:00,2.23697,2.2370200000000002,2.2365,2.2369,1293
2025-04-18 14:55:00,2.23692,2.23709,2.2366,2.2370200000000002,1219
2025-04-18 15:00:00,2.2370200000000002,2.23748,2.2364100000000002,2.23725,1238
2025-04-18 15:05:00,2.23727,2.23737,2.2364,2.23657,1151
2025-04-18 15:10:00,2.23653,2.23708,2.23645,2.23681,1232
2025-04-18 15:15:00,2.23686,2.23724,2.2366099999999998,2.23708,1155
2025-04-18 15:20:00,2.23698,2.23774,2.23682,2.2372199999999998,1239
2025-04-18 15:25:00,2.23718,2.23791,2.23699,2.23784,1119
2025-04-18 15:30:00,2.23788,2.23801,2.23739,2.23776,1174
2025-04-18 15:35:00,2.23776,2.23808,2.23747,2.2378,1151
2025-04-18 15:40:00,2.2378,2.2379,2.23731,2.23739,1154
2025-04-18 15:45:00,2.2374,2.23794,2.23738,2.23784,1152
2025-04-18 15:50:00,2.23779,2.23822,2.23764,2.2382,1226
2025-04-18 15:55:00,2.23818,2.23832,2.23749,2.23755,1013
2025-04-18 16:00:00,2.23757,2.23776,2.23699,2.2371,1041
2025-04-18 16:05:00,2.23707,2.23764,2.23677,2.23719,1030
2025-04-18 16:10:00,2.23725,2.2373,2.2367,2.2368,1096
2025-04-18 16:15:00,2.23682,2.23737,2.23678,2.23715,910
2025-04-18 16:20:00,2.23713,2.2376300000000002,2.23706,2.2372199999999998,275
2025-04-18 16:25:00,2.2372199999999998,2.23728,2.23676,2.23697,252
2025-04-18 16:30:00,2.23689,2.23849,2.23686,2.23843,894
2025-04-18 16:35:00,2.23842,2.23855,2.23786,2.23815,1137
2025-04-18 16:40:00,2.23817,2.2383,2.2377,2.23785,1059
2025-04-18 16:45:00,2.23791,2.23802,2.23729,2.23738,1042
2025-04-18 16:50:00,2.23738,2.23742,2.23694,2.23695,855
2025-04-18 16:55:00,2.23695,2.23725,2.23691,2.23714,862
2025-04-18 17:00:00,2.23711,2.2373,2.23687,2.23708,565
2025-04-18 17:05:00,2.23704,2.23749,2.23689,2.23735,996
2025-04-18 17:10:00,2.23729,2.23759,2.237,2.23704,1141
2025-04-18 17:15:00,2.23703,2.23745,2.23692,2.23734,1017
2025-04-18 17:20:00,2.23732,2.23823,2.23728,2.23772,1170
2025-04-18 17:25:00,2.23769,2.23805,2.23758,2.23796,1161
2025-04-18 17:30:00,2.23796,2.23821,2.2378,2.23796,1177
2025-04-18 17:35:00,2.23798,2.23856,2.23796,2.2385099999999998,763
2025-04-18 17:40:00,2.23858,2.23879,2.23833,2.2385099999999998,946
2025-04-18 17:45:00,2.23848,2.23899,2.23841,2.23897,1064
2025-04-18 17:50:00,2.23897,2.23905,2.23831,2.23846,676
2025-04-18 17:55:00,2.23844,2.23864,2.238,2.23833,998
2025-04-18 18:00:00,2.2382400000000002,2.23835,2.23778,2.23807,959
2025-04-18 18:05:00,2.23807,2.23816,2.23743,2.23757,1020
2025-04-18 18:10:00,2.23761,2.23774,2.23655,2.23692,1053
2025-04-18 18:15:00,2.23699,2.23775,2.23655,2.23762,1223
2025-04-18 18:20:00,2.23771,2.23782,2.23698,2.23721,1235
2025-04-18 18:25:00,2.23719,2.23744,2.23686,2.23694,1231
2025-04-18 18:30:00,2.23696,2.23719,2.23647,2.23708,1263
2025-04-18 18:35:00,2.23708,2.23735,2.23662,2.23707,1253
2025-04-18 18:40:00,2.23705,2.23754,2.23685,2.23715,1228
2025-04-18 18:45:00,2.23721,2.23745,2.23692,2.23716,1199
2025-04-18 18:50:00,2.23712,2.23752,2.23683,2.23714,1201
2025-04-18 18:55:00,2.23713,2.23766,2.2371,2.23741,1105
2025-04-18 19:00:00,2.23733,2.23753,2.23701,2.23715,1126
2025-04-18 19:05:00,2.2371,2.23756,2.23703,2.23735,1004
2025-04-18 19:10:00,2.23731,2.23774,2.23714,2.23764,1168
2025-04-18 19:15:00,2.23767,2.23832,2.23742,2.23816,1092
2025-04-18 19:20:00,2.23816,2.23843,2.2376300000000002,2.23772,1146
2025-04-18 19:25:00,2.23774,2.23839,2.23765,2.23825,1108
2025-04-18 19:30:00,2.23826,2.23855,2.23806,2.23823,867
2025-04-18 19:35:00,2.23823,2.23841,2.23802,2.23823,861
2025-04-18 19:40:00,2.23821,2.23834,2.23787,2.23803,1084
2025-04-18 19:45:00,2.23803,2.23832,2.23786,2.2379,1002
2025-04-18 19:50:00,2.23789,2.23838,2.23783,2.23822,1004
2025-04-18 19:55:00,2.23821,2.23858,2.23806,2.23842,983
2025-04-18 20:00:00,2.23837,2.23859,2.23816,2.23834,837
2025-04-18 20:05:00,2.23833,2.23868,2.23812,2.2382400000000002,1013
2025-04-18 20:10:00,2.23831,2.23861,2.23806,2.2381,1078
2025-04-18 20:15:00,2.23807,2.23817,2.2378,2.23791,1045
2025-04-18 20:20:00,2.23793,2.23832,2.23778,2.23823,1053
2025-04-18 20:25:00,2.23819,2.23853,2.2379,2.23843,1027
2025-04-18 20:30:00,2.2384,2.2385,2.23781,2.23795,945
2025-04-18 20:35:00,2.23796,2.23817,2.23689,2.23711,1036
2025-04-18 20:40:00,2.23711,2.23718,2.23639,2.23659,1057
2025-04-18 20:45:00,2.23659,2.2367,2.23535,2.23583,1078
2025-04-18 20:50:00,2.23586,2.23586,2.23521,2.23545,1124
2025-04-18 20:55:00,2.23545,2.23591,2.23498,2.23568,1104
2025-04-18 21:00:00,2.23562,2.23589,2.23514,2.23531,923
2025-04-18 21:05:00,2.23535,2.23551,2.23454,2.23508,966
2025-04-18 21:10:00,2.23506,2.23558,2.23448,2.23529,908
2025-04-18 21:15:00,2.23529,2.23587,2.23487,2.23582,1051
2025-04-18 21:20:00,2.23574,2.23684,2.23531,2.23637,1162
2025-04-18 21:25:00,2.23626,2.23677,2.23583,2.23628,1087
2025-04-18 21:30:00,2.2363,2.23713,2.23602,2.23703,827
2025-04-18 21:35:00,2.23701,2.23766,2.23698,2.23734,914
2025-04-18 21:40:00,2.23726,2.23735,2.23672,2.23704,1178
2025-04-18 21:45:00,2.23705,2.23725,2.23658,2.23716,1173
2025-04-18 21:50:00,2.23715,2.23736,2.23669,2.23711,1087
2025-04-18 21:55:00,2.23704,2.23775,2.23689,2.23767,1163
2025-04-18 22:00:00,2.2377,2.23788,2.23708,2.2375,1025
2025-04-18 22:05:00,2.23748,2.23773,2.23718,2.23745,916
2025-04-18 22:10:00,2.23745,2.23765,2.23697,2.23725,753
2025-04-18 22:15:00,2.23729,2.23755,2.23709,2.23716,806
2025-04-18 22:20:00,2.23716,2.2375,2.23658,2.23683,1116
2025-04-18 22:25:00,2.23682,2.23726,2.23631,2.23689,1073
2025-04-18 22:30:00,2.23692,2.23723,2.2358000000000002,2.23657,742
2025-04-18 22:35:00,2.23657,2.23691,2.23631,2.23682,1017
2025-04-18 22:40:00,2.23682,2.23704,2.23629,2.23676,1069
2025-04-18 22:45:00,2.23677,2.23694,2.23624,2.23658,1129
2025-04-18 22:50:00,2.23656,2.23796,2.23638,2.23668,900
2025-04-18 22:55:00,2.23668,2.237,2.23633,2.2366,937
2025-04-18 23:00:00,2.2366,2.2370200000000002,2.23642,2.23662,864
2025-04-18 23:05:00,2.23666,2.2367,2.23596,2.23634,974
2025-04-18 23:10:00,2.23634,2.23798,2.23628,2.23778,731
2025-04-18 23:15:00,2.2378,2.23817,2.23618,2.23786,915
2025-04-18 23:20:00,2.23801,2.2382,2.23584,2.23673,783
2025-04-18 23:25:00,2.23673,2.23781,2.23594,2.23776,885
2025-04-18 23:30:00,2.23773,2.23807,2.23703,2.23792,797
2025-04-18 23:35:00,2.23792,2.23848,2.23781,2.23815,588
2025-04-18 23:40:00,2.23815,2.23815,2.2353899999999998,2.23563,539
2025-04-18 23:45:00,2.23563,2.23584,2.2347799999999998,2.23531,949
2025-04-18 23:50:00,2.23528,2.23718,2.23492,2.23675,328
2025-04-18 23:55:00,2.23767,2.23816,2.23676,2.23815,129
2025-04-21 00:00:00,2.23855,2.23855,2.23621,2.23621,2
2025-04-21 00:05:00,2.23476,2.2368,2.23476,2.23544,105
2025-04-21 00:10:00,2.23542,2.23606,2.2351,2.23556,82
2025-04-21 00:15:00,2.23556,2.23692,2.2354,2.23658,48
2025-04-21 00:20:00,2.23658,2.23712,2.23616,2.23616,51
2025-04-21 00:25:00,2.23616,2.2363,2.2361,2.2362,63
2025-04-21 00:30:00,2.2362,2.23784,2.23618,2.23676,84
2025-04-21 00:35:00,2.23676,2.23678,2.23636,2.23636,50
2025-04-21 00:40:00,2.23636,2.23713,2.23632,2.23676,259
2025-04-21 00:45:00,2.23692,2.2372,2.23602,2.2367,63
2025-04-21 00:50:00,2.23672,2.2372,2.23621,2.23674,127
2025-04-21 00:55:00,2.23718,2.23724,2.23516,2.23534,136
2025-04-21 01:00:00,2.23334,2.23492,2.23242,2.23396,572
2025-04-21 01:05:00,2.23398,2.23572,2.23364,2.23444,533
2025-04-21 01:10:00,2.2344,2.23443,2.23274,2.23331,551
2025-04-21 01:15:00,2.23319,2.23507,2.23308,2.2345,551
2025-04-21 01:20:00,2.23453,2.23628,2.23411,2.23622,578
2025-04-21 01:25:00,2.23622,2.23626,2.23533,2.23602,337
2025-04-21 01:30:00,2.23609,2.23643,2.23451,2.23471,353
2025-04-21 01:35:00,2.23475,2.23635,2.23468,2.23485,386
2025-04-21 01:40:00,2.23485,2.23621,2.2341,2.23433,527
2025-04-21 01:45:00,2.23429,2.235,2.23427,2.23464,448
2025-04-21 01:50:00,2.23464,2.23594,2.23445,2.23535,336
2025-04-21 01:55:00,2.2353899999999998,2.23585,2.23453,2.23479,695
2025-04-21 02:00:00,2.23455,2.235,2.23339,2.23361,786
2025-04-21 02:05:00,2.23351,2.23408,2.23304,2.23376,468
2025-04-21 02:10:00,2.23377,2.2343,2.2334,2.23367,477
2025-04-21 02:15:00,2.23367,2.23416,2.23365,2.23413,437
2025-04-21 02:20:00,2.2341,2.23439,2.2334,2.2335599999999998,301
2025-04-21 02:25:00,2.23347,2.23469,2.23339,2.23447,339
2025-04-21 02:30:00,2.23447,2.23491,2.23393,2.23414,349
2025-04-21 02:35:00,2.23421,2.2343,2.23352,2.23382,432
2025-04-21 02:40:00,2.23381,2.2339700000000002,2.23333,2.23368,340
2025-04-21 02:45:00,2.23368,2.23432,2.23331,2.23403,439
2025-04-21 02:50:00,2.23403,2.23486,2.23403,2.23434,423
2025-04-21 02:55:00,2.23434,2.23443,2.23323,2.23335,404
2025-04-21 03:00:00,2.23343,2.23451,2.23319,2.23352,592
2025-04-21 03:05:00,2.23352,2.23536,2.23331,2.23488,702
2025-04-21 03:10:00,2.23488,2.23532,2.23442,2.23528,643
2025-04-21 03:15:00,2.2353,2.23738,2.23512,2.23673,614
2025-04-21 03:20:00,2.23676,2.23694,2.2357,2.23602,685
2025-04-21 03:25:00,2.23594,2.237,2.23594,2.23607,578
2025-04-21 03:30:00,2.2361,2.23638,2.2353,2.23575,551
2025-04-21 03:35:00,2.23575,2.23656,2.23556,2.23633,560
2025-04-21 03:40:00,2.2363,2.2372,2.2361,2.23717,506
2025-04-21 03:45:00,2.2372,2.23827,2.23678,2.23778,580
2025-04-21 03:50:00,2.23778,2.239,2.23721,2.23893,518
2025-04-21 03:55:00,2.23889,2.23889,2.23772,2.23825,652
2025-04-21 04:00:00,2.23825,2.23834,2.23743,2.23804,573
2025-04-21 04:05:00,2.238,2.23931,2.238,2.23834,477
2025-04-21 04:10:00,2.23834,2.2388500000000002,2.23796,2.23847,411
2025-04-21 04:15:00,2.23847,2.23899,2.23823,2.23849,369
2025-04-21 04:20:00,2.2385099999999998,2.23949,2.23804,2.23805,501
2025-04-21 04:25:00,2.23809,2.23874,2.23792,2.23825,418
2025-04-21 04:30:00,2.23825,2.2387,2.23728,2.2374,403
2025-04-21 04:35:00,2.2374,2.23799,2.23685,2.23746,482
2025-04-21 04:40:00,2.23744,2.23849,2.23744,2.23841,431
2025-04-21 04:45:00,2.23837,2.23862,2.23785,2.23823,405
2025-04-21 04:50:00,2.23821,2.23827,2.23757,2.23778,464
2025-04-21 04:55:00,2.2378,2.23784,2.23682,2.23699,447
2025-04-21 05:00:00,2.23695,2.23712,2.23622,2.23628,468
2025-04-21 05:05:00,2.23626,2.23732,2.23612,2.23721,432
2025-04-21 05:10:00,2.23721,2.23743,2.23637,2.2364100000000002,387
2025-04-21 05:15:00,2.23645,2.23776,2.23597,2.23775,472
2025-04-21 05:20:00,2.23771,2.23773,2.2365,2.2365,450
2025-04-21 05:25:00,2.23652,2.23802,2.23586,2.23704,695
2025-04-21 05:30:00,2.237,2.23724,2.23646,2.23715,708
2025-04-21 05:35:00,2.23719,2.23773,2.23688,2.23764,536
2025-04-21 05:40:00,2.23765,2.23796,2.23695,2.2376,486
2025-04-21 05:45:00,2.23762,2.23794,2.23611,2.23623,533
2025-04-21 05:50:00,2.23623,2.23664,2.23553,2.23581,450
2025-04-21 05:55:00,2.23585,2.23599,2.23477,2.23546,457
2025-04-21 06:00:00,2.23538,2.23591,2.23475,2.23479,412
2025-04-21 06:05:00,2.23477,2.23501,2.23346,2.2335599999999998,358
2025-04-21 06:10:00,2.2335599999999998,2.23389,2.23246,2.23313,421
2025-04-21 06:15:00,2.23317,2.23468,2.23308,2.23454,436
2025-04-21 06:20:00,2.23454,2.2347,2.23213,2.23294,490
2025-04-21 06:25:00,2.2329,2.23338,2.23159,2.23263,395
2025-04-21 06:30:00,2.23263,2.23323,2.23232,2.23247,444
2025-04-21 06:35:00,2.23251,2.23274,2.22976,2.2298999999999998,393
2025-04-21 06:40:00,2.22987,2.23066,2.22952,2.23036,500
2025-04-21 06:45:00,2.23038,2.23053,2.22897,2.23004,389
2025-04-21 06:50:00,2.23004,2.2301,2.2286,2.22887,391
2025-04-21 06:55:00,2.22882,2.22891,2.22822,2.22885,355
2025-04-21 07:00:00,2.2288,2.22957,2.22828,2.22946,545
2025-04-21 07:05:00,2.22953,2.23091,2.22953,2.23071,412
2025-04-21 07:10:00,2.23071,2.23115,2.23045,2.23065,376
2025-04-21 07:15:00,2.23069,2.23186,2.23067,2.23168,379
2025-04-21 07:20:00,2.23168,2.2325,2.23123,2.23239,337
2025-04-21 07:25:00,2.23235,2.23353,2.23222,2.23328,356
2025-04-21 07:30:00,2.23328,2.23331,2.23223,2.23236,346
2025-04-21 07:35:00,2.23232,2.23367,2.23232,2.23364,289
2025-04-21 07:40:00,2.23364,2.23372,2.23226,2.23285,377
2025-04-21 07:45:00,2.23285,2.23319,2.23222,2.23231,290
2025-04-21 07:50:00,2.23231,2.23237,2.23098,2.23105,318
2025-04-21 07:55:00,2.23101,2.23161,2.23058,2.23068,236
2025-04-21 08:00:00,2.23071,2.23141,2.23046,2.23141,359
2025-04-21 08:05:00,2.23137,2.23196,2.23129,2.23191,371
2025-04-21 08:10:00,2.23191,2.2322,2.23077,2.231,358
2025-04-21 08:15:00,2.231,2.23166,2.23081,2.23166,327
2025-04-21 08:20:00,2.23166,2.23185,2.23124,2.23133,234
2025-04-21 08:25:00,2.23133,2.23139,2.2298999999999998,2.23012,285
2025-04-21 08:30:00,2.23012,2.23081,2.22918,2.22944,568
2025-04-21 08:35:00,2.22942,2.23001,2.22898,2.2292899999999998,452
2025-04-21 08:40:00,2.22925,2.22974,2.2286,2.22882,449
2025-04-21 08:45:00,2.2288,2.2290200000000002,2.22706,2.22762,365
2025-04-21 08:50:00,2.22766,2.228,2.22725,2.22736,474
2025-04-21 08:55:00,2.22737,2.22769,2.22625,2.22731,514
2025-04-21 09:00:00,2.22732,2.22805,2.22646,2.2277,632
2025-04-21 09:05:00,2.22768,2.22801,2.22663,2.22791,483
2025-04-21 09:10:00,2.22795,2.22869,2.2277,2.22867,583
2025-04-21 09:15:00,2.22865,2.22927,2.22825,2.22923,527
2025-04-21 09:20:00,2.22927,2.22948,2.22835,2.22895,518
2025-04-21 09:25:00,2.22891,2.229,2.22823,2.22853,406
2025-04-21 09:30:00,2.22858,2.22959,2.2278000000000002,2.22945,360
2025-04-21 09:35:00,2.22945,2.22973,2.22824,2.22849,448
2025-04-21 09:40:00,2.22849,2.22923,2.22775,2.22904,417
2025-04-21 09:45:00,2.22904,2.22987,2.22886,2.22975,372
2025-04-21 09:50:00,2.22977,2.23039,2.22937,2.23027,421
2025-04-21 09:55:00,2.23027,2.23031,2.22927,2.22945,434
2025-04-21 10:00:00,2.22944,2.22944,2.22825,2.22934,590
2025-04-21 10:05:00,2.22931,2.23033,2.22914,2.23031,454
2025-04-21 10:10:00,2.23031,2.2304,2.22924,2.22948,406
2025-04-21 10:15:00,2.22946,2.23021,2.22905,2.22905,403
2025-04-21 10:20:00,2.22911,2.2295,2.22855,2.22946,547
2025-04-21 10:25:00,2.22944,2.23098,2.22939,2.23071,534
2025-04-21 10:30:00,2.23072,2.2309,2.22957,2.23001,536
2025-04-21 10:35:00,2.23007,2.23031,2.22863,2.22893,433
2025-04-21 10:40:00,2.22893,2.22906,2.22782,2.2288,424
2025-04-21 10:45:00,2.22874,2.2289,2.22736,2.22749,528
2025-04-21 10:50:00,2.22749,2.22857,2.22744,2.228,467
2025-04-21 10:55:00,2.228,2.2292899999999998,2.22729,2.22896,761
2025-04-21 11:00:00,2.22896,2.23029,2.22896,2.22987,727
2025-04-21 11:05:00,2.22991,2.23001,2.22839,2.22921,498
2025-04-21 11:10:00,2.22921,2.22948,2.2281,2.22857,533
2025-04-21 11:15:00,2.2285,2.2288,2.22767,2.22817,570
2025-04-21 11:20:00,2.22813,2.22823,2.22737,2.22771,528
2025-04-21 11:25:00,2.22769,2.22791,2.22726,2.22778,486
2025-04-21 11:30:00,2.22781,2.22864,2.22732,2.2283,513
2025-04-21 11:35:00,2.22826,2.22893,2.2277,2.2277,444
2025-04-21 11:40:00,2.22768,2.22812,2.22721,2.22804,386
2025-04-21 11:45:00,2.22805,2.2296,2.228,2.22912,442
2025-04-21 11:50:00,2.22912,2.22933,2.2286,2.22933,439
2025-04-21 11:55:00,2.22933,2.22981,2.2291,2.22938,447
2025-04-21 12:00:00,2.22938,2.22982,2.22913,2.22944,455
2025-04-21 12:05:00,2.2294,2.23006,2.2294,2.22993,387
2025-04-21 12:10:00,2.22993,2.23032,2.22942,2.22962,568
2025-04-21 12:15:00,2.22962,2.23014,2.22941,2.2296,507
2025-04-21 12:20:00,2.2296,2.22983,2.22895,2.22908,505
2025-04-21 12:25:00,2.22898,2.23002,2.2289,2.22991,469
2025-04-21 12:30:00,2.22991,2.23003,2.22913,2.22924,405
2025-04-21 12:35:00,2.22926,2.22926,2.2285,2.22875,455
2025-04-21 12:40:00,2.22873,2.22876,2.2271900000000002,2.22782,403
2025-04-21 12:45:00,2.22782,2.22896,2.22772,2.2287,454
2025-04-21 12:50:00,2.2286799999999998,2.22908,2.2285,2.22873,509
2025-04-21 12:55:00,2.22873,2.22908,2.22856,2.22874,387
2025-04-21 13:00:00,2.22876,2.22913,2.22851,2.2290200000000002,412
2025-04-21 13:05:00,2.229,2.22941,2.22849,2.22927,386
2025-04-21 13:10:00,2.2292,2.22973,2.22901,2.22905,418
2025-04-21 13:15:00,2.22905,2.2296300000000002,2.22891,2.22927,300
2025-04-21 13:20:00,2.22925,2.22964,2.22892,2.22904,300
2025-04-21 13:25:00,2.22904,2.23016,2.22883,2.22995,348
2025-04-21 13:30:00,2.22999,2.23011,2.22926,2.22975,436
2025-04-21 13:35:00,2.22976,2.22978,2.229,2.22943,444
2025-04-21 13:40:00,2.22945,2.23019,2.22922,2.22932,416
2025-04-21 13:45:00,2.22931,2.22946,2.22894,2.22908,361
2025-04-21 13:50:00,2.22909,2.22909,2.22793,2.22848,446
2025-04-21 13:55:00,2.2285,2.22866,2.2275,2.22806,516
2025-04-21 14:00:00,2.22806,2.22806,2.22617,2.22639,501
2025-04-21 14:05:00,2.2265,2.22824,2.22596,2.22752,494
2025-04-21 14:10:00,2.22755,2.22834,2.22731,2.22808,382
2025-04-21 14:15:00,2.22814,2.22825,2.22741,2.22786,447
2025-04-21 14:20:00,2.22781,2.22836,2.22742,2.22789,489
2025-04-21 14:25:00,2.22793,2.22844,2.22776,2.22815,381
2025-04-21 14:30:00,2.22805,2.22836,2.2273,2.22762,465
2025-04-21 14:35:00,2.22762,2.22804,2.22711,2.22755,502
2025-04-21 14:40:00,2.22756,2.22761,2.22637,2.22641,486
2025-04-21 14:45:00,2.22643,2.22708,2.22609,2.2269,470
2025-04-21 14:50:00,2.22688,2.22793,2.22653,2.22785,470
2025-04-21 14:55:00,2.22781,2.2288,2.22771,2.22831,536
2025-04-21 15:00:00,2.22836,2.22842,2.2273,2.22792,583
2025-04-21 15:05:00,2.22792,2.22847,2.22783,2.22798,483
2025-04-21 15:10:00,2.2281,2.22925,2.22804,2.2286799999999998,499
2025-04-21 15:15:00,2.22874,2.22907,2.22792,2.22886,516
2025-04-21 15:20:00,2.2286799999999998,2.22932,2.22851,2.22893,511
2025-04-21 15:25:00,2.22891,2.22956,2.22886,2.22916,485
2025-04-21 15:30:00,2.22916,2.2293,2.22787,2.2282,501
2025-04-21 15:35:00,2.22817,2.2282,2.22633,2.22633,451
2025-04-21 15:40:00,2.22622,2.22689,2.2256,2.22688,501
2025-04-21 15:45:00,2.22684,2.22699,2.22584,2.22637,503
2025-04-21 15:50:00,2.22637,2.22664,2.22573,2.22638,469
2025-04-21 15:55:00,2.22637,2.22698,2.22587,2.22696,583
2025-04-21 16:00:00,2.22692,2.22725,2.22628,2.22647,474
2025-04-21 16:05:00,2.22644,2.22702,2.22621,2.22637,544
2025-04-21 16:10:00,2.22637,2.22744,2.22587,2.22734,460
2025-04-21 16:15:00,2.22734,2.22742,2.22677,2.22691,516
2025-04-21 16:20:00,2.22693,2.22731,2.22657,2.22704,639
2025-04-21 16:25:00,2.22706,2.22741,2.22656,2.22717,633
2025-04-21 16:30:00,2.22718,2.22867,2.22678,2.22839,706
2025-04-21 16:35:00,2.22837,2.2291,2.22815,2.22843,681
2025-04-21 16:40:00,2.22851,2.22887,2.22798,2.22849,716
2025-04-21 16:45:00,2.2285,2.22946,2.22845,2.2288,636
2025-04-21 16:50:00,2.22876,2.22914,2.22786,2.22864,688
2025-04-21 16:55:00,2.2287,2.22998,2.22846,2.22997,547
2025-04-21 17:00:00,2.22984,2.2306,2.22911,2.23012,682
2025-04-21 17:05:00,2.23011,2.23026,2.22906,2.22919,624
2025-04-21 17:10:00,2.22921,2.23028,2.22869,2.22982,635
2025-04-21 17:15:00,2.2298,2.23015,2.22855,2.22892,651
2025-04-21 17:20:00,2.22888,2.23053,2.22871,2.23,619
2025-04-21 17:25:00,2.22998,2.23023,2.2288,2.22947,692
2025-04-21 17:30:00,2.22948,2.23016,2.22916,2.22979,600
2025-04-21 17:35:00,2.22983,2.23046,2.22879,2.22891,736
2025-04-21 17:40:00,2.22895,2.22905,2.22778,2.22819,660
2025-04-21 17:45:00,2.22819,2.22886,2.22737,2.2283,540
2025-04-21 17:50:00,2.22828,2.22957,2.2276,2.22903,625
2025-04-21 17:55:00,2.2290200000000002,2.22958,2.22836,2.22904,683
2025-04-21 18:00:00,2.22904,2.22987,2.22865,2.22932,587
2025-04-21 18:05:00,2.22926,2.23002,2.22884,2.22949,583
2025-04-21 18:10:00,2.22949,2.22999,2.2289,2.22999,560
2025-04-21 18:15:00,2.22995,2.23055,2.22931,2.22968,501
2025-04-21 18:20:00,2.22966,2.23115,2.22935,2.23073,568
2025-04-21 18:25:00,2.23073,2.23128,2.22991,2.22992,467
2025-04-21 18:30:00,2.22993,2.23047,2.22967,2.23038,504
2025-04-21 18:35:00,2.23038,2.23078,2.22988,2.23006,429
2025-04-21 18:40:00,2.23007,2.23029,2.22977,2.22983,520
2025-04-21 18:45:00,2.22974,2.23033,2.22954,2.23005,559
2025-04-21 18:50:00,2.23,2.23082,2.22981,2.23015,449
2025-04-21 18:55:00,2.22988,2.23029,2.22952,2.22979,407
2025-04-21 19:00:00,2.22973,2.22974,2.22921,2.22935,401
2025-04-21 19:05:00,2.22936,2.22937,2.22867,2.22894,311
2025-04-21 19:10:00,2.22894,2.2294,2.22854,2.22896,396
2025-04-21 19:15:00,2.2289,2.22901,2.22855,2.22881,375
2025-04-21 19:20:00,2.22879,2.22917,2.22854,2.22867,321
2025-04-21 19:25:00,2.22867,2.22887,2.22839,2.22855,332
2025-04-21 19:30:00,2.22855,2.22934,2.2284100000000002,2.22876,414
2025-04-21 19:35:00,2.22877,2.22914,2.22859,2.22901,402
2025-04-21 19:40:00,2.22897,2.22934,2.22862,2.22906,357
2025-04-21 19:45:00,2.22907,2.2294,2.2285,2.22857,358
2025-04-21 19:50:00,2.22857,2.22887,2.22823,2.22863,371
2025-04-21 19:55:00,2.22864,2.2290200000000002,2.22835,2.22867,396
2025-04-21 20:00:00,2.22867,2.23001,2.22848,2.22968,445
2025-04-21 20:05:00,2.22972,2.2298,2.22921,2.22928,341
2025-04-21 20:10:00,2.22924,2.2296300000000002,2.2286799999999998,2.2287,348
2025-04-21 20:15:00,2.22871,2.22896,2.22848,2.22881,445
2025-04-21 20:20:00,2.22877,2.22894,2.22843,2.22877,349
2025-04-21 20:25:00,2.22879,2.22957,2.22875,2.22892,420
2025-04-21 20:30:00,2.22895,2.22935,2.22888,2.22917,266
2025-04-21 20:35:00,2.22923,2.2295,2.22888,2.22893,304
2025-04-21 20:40:00,2.22894,2.22918,2.22879,2.22892,324
2025-04-21 20:45:00,2.22892,2.22934,2.22864,2.22926,245
2025-04-21 20:50:00,2.22926,2.22926,2.22869,2.22884,317
2025-04-21 20:55:00,2.22885,2.22944,2.22865,2.22917,329
2025-04-21 21:00:00,2.22917,2.22949,2.22908,2.22938,371
2025-04-21 21:05:00,2.22933,2.22956,2.22915,2.22946,371
2025-04-21 21:10:00,2.22946,2.2296,2.22885,2.22887,373
2025-04-21 21:15:00,2.22887,2.22893,2.22846,2.22866,280
2025-04-21 21:20:00,2.22869,2.22899,2.22834,2.22886,265
2025-04-21 21:25:00,2.22887,2.22889,2.22797,2.2282,282
2025-04-21 21:30:00,2.22819,2.22843,2.2275,2.2275,347
2025-04-21 21:35:00,2.22751,2.22786,2.22723,2.22771,316
2025-04-21 21:40:00,2.22771,2.22826,2.22764,2.22786,334
2025-04-21 21:45:00,2.22784,2.22795,2.22711,2.22718,327
2025-04-21 21:50:00,2.22713,2.2274599999999998,2.22689,2.22732,337
2025-04-21 21:55:00,2.22735,2.2279,2.22709,2.22734,395
2025-04-21 22:00:00,2.22736,2.22766,2.22445,2.22456,484
2025-04-21 22:05:00,2.22455,2.2272,2.22455,2.2272,339
2025-04-21 22:10:00,2.2272,2.22764,2.22711,2.22764,277
2025-04-21 22:15:00,2.22772,2.22832,2.22749,2.22817,231
2025-04-21 22:20:00,2.22817,2.2284,2.22784,2.22834,276
2025-04-21 22:25:00,2.22833,2.22833,2.22771,2.22819,233
2025-04-21 22:30:00,2.22811,2.22834,2.22758,2.22787,260
2025-04-21 22:35:00,2.22789,2.22821,2.22769,2.22806,328
2025-04-21 22:40:00,2.22801,2.22811,2.22716,2.22801,310
2025-04-21 22:45:00,2.22801,2.2284,2.22785,2.22793,253
2025-04-21 22:50:00,2.22802,2.22828,2.22759,2.22773,298
2025-04-21 22:55:00,2.22771,2.22795,2.22728,2.2278000000000002,346
2025-04-21 23:00:00,2.2278000000000002,2.22865,2.2278000000000002,2.22863,276
2025-04-21 23:05:00,2.22866,2.22899,2.22839,2.22877,159
2025-04-21 23:10:00,2.22874,2.22915,2.22869,2.22882,207
2025-04-21 23:15:00,2.22878,2.22888,2.22844,2.22853,136
2025-04-21 23:20:00,2.22851,2.22851,2.22782,2.22782,152
2025-04-21 23:25:00,2.22783,2.22787,2.22738,2.22747,115
2025-04-21 23:30:00,2.22747,2.22784,2.22734,2.2278000000000002,92
2025-04-21 23:35:00,2.2278000000000002,2.22834,2.2278000000000002,2.22834,127
2025-04-21 23:40:00,2.22834,2.22834,2.22588,2.22688,338
2025-04-21 23:45:00,2.22688,2.22712,2.22678,2.22699,321
2025-04-21 23:50:00,2.22699,2.22706,2.22675,2.22682,321
2025-04-21 23:55:00,2.22678,2.22913,2.22636,2.22857,501
2025-04-22 00:00:00,2.22897,2.22903,2.22581,2.22641,12
2025-04-22 00:05:00,2.22641,2.22818,2.22572,2.22722,68
2025-04-22 00:10:00,2.22722,2.22745,2.22649,2.22699,151
2025-04-22 00:15:00,2.22699,2.22765,2.22696,2.22724,64
2025-04-22 00:20:00,2.22724,2.22735,2.22608,2.22633,86
2025-04-22 00:25:00,2.22633,2.22733,2.22614,2.22697,136
2025-04-22 00:30:00,2.22712,2.22793,2.22712,2.22787,134
2025-04-22 00:35:00,2.22787,2.2284,2.22745,2.22799,132
2025-04-22 00:40:00,2.22799,2.22915,2.22791,2.22899,121
2025-04-22 00:45:00,2.22891,2.22927,2.22891,2.22905,112
2025-04-22 00:50:00,2.22905,2.22943,2.22893,2.22903,89
2025-04-22 00:55:00,2.22907,2.23009,2.22886,2.22977,95
2025-04-22 01:00:00,2.2304,2.23076,2.22762,2.23069,369
2025-04-22 01:05:00,2.23063,2.23084,2.23032,2.23048,144
2025-04-22 01:10:00,2.23046,2.23052,2.23003,2.23015,177
2025-04-22 01:15:00,2.23015,2.2302,2.22982,2.22995,155
2025-04-22 01:20:00,2.22994,2.23069,2.22978,2.23057,177
2025-04-22 01:25:00,2.2306,2.23076,2.23016,2.23048,273
2025-04-22 01:30:00,2.23048,2.23055,2.22889,2.22989,311
2025-04-22 01:35:00,2.22989,2.23008,2.22957,2.23001,314
2025-04-22 01:40:00,2.23001,2.23006,2.22954,2.2297,183
2025-04-22 01:45:00,2.2298,2.2304,2.22949,2.23034,148
2025-04-22 01:50:00,2.23034,2.23053,2.22997,2.23053,206
2025-04-22 01:55:00,2.23053,2.23117,2.23023,2.23045,158
2025-04-22 02:00:00,2.23036,2.23055,2.22993,2.23002,204
2025-04-22 02:05:00,2.23002,2.23032,2.22973,2.2303,211
2025-04-22 02:10:00,2.2303,2.23056,2.22998,2.23011,188
2025-04-22 02:15:00,2.23011,2.23015,2.22975,2.23013,180
2025-04-22 02:20:00,2.2301,2.23015,2.2296,2.22976,233
2025-04-22 02:25:00,2.22976,2.22976,2.22926,2.2293,200
2025-04-22 02:30:00,2.22934,2.22994,2.22922,2.22945,259
2025-04-22 02:35:00,2.22945,2.22959,2.22916,2.22946,228
2025-04-22 02:40:00,2.22956,2.23042,2.22943,2.23036,261
2025-04-22 02:45:00,2.23028,2.2303,2.22917,2.22923,353
2025-04-22 02:50:00,2.22925,2.22995,2.22871,2.22946,434
2025-04-22 02:55:00,2.2295,2.22969,2.22879,2.22908,394
2025-04-22 03:00:00,2.22904,2.22971,2.22881,2.22894,641
2025-04-22 03:05:00,2.22897,2.22907,2.22731,2.228,460
2025-04-22 03:10:00,2.22804,2.2292899999999998,2.22753,2.22925,597
2025-04-22 03:15:00,2.22925,2.23067,2.22919,2.23048,603
2025-04-22 03:20:00,2.2305,2.23142,2.22983,2.23142,513
2025-04-22 03:25:00,2.23142,2.2326,2.23074,2.23091,489
2025-04-22 03:30:00,2.23093,2.23172,2.23015,2.23166,642
2025-04-22 03:35:00,2.23177,2.23314,2.23148,2.23281,628
2025-04-22 03:40:00,2.23281,2.23289,2.23164,2.23197,507
2025-04-22 03:45:00,2.23184,2.23216,2.23116,2.23184,473
2025-04-22 03:50:00,2.23188,2.23369,2.23158,2.23369,619
2025-04-22 03:55:00,2.23354,2.23354,2.23168,2.23219,565
2025-04-22 04:00:00,2.23217,2.23217,2.22977,2.23038,431
2025-04-22 04:05:00,2.23038,2.23102,2.23005,2.23091,461
2025-04-22 04:10:00,2.23094,2.23138,2.23057,2.2307,387
2025-04-22 04:15:00,2.23075,2.23105,2.22948,2.22977,603
2025-04-22 04:20:00,2.22973,2.22988,2.229,2.22948,516
2025-04-22 04:25:00,2.22948,2.23019,2.22928,2.2295,437
2025-04-22 04:30:00,2.22954,2.22956,2.22855,2.22885,579
2025-04-22 04:35:00,2.22885,2.22928,2.22797,2.22891,492
2025-04-22 04:40:00,2.22891,2.22965,2.22881,2.22954,528
2025-04-22 04:45:00,2.22954,2.2296,2.22848,2.22888,486
2025-04-22 04:50:00,2.22884,2.23006,2.22871,2.23,409
2025-04-22 04:55:00,2.23,2.23042,2.22939,2.23002,377
2025-04-22 05:00:00,2.22994,2.23116,2.2298999999999998,2.23075,450
2025-04-22 05:05:00,2.23077,2.23092,2.22919,2.22924,387
2025-04-22 05:10:00,2.22924,2.22958,2.22833,2.22839,273
2025-04-22 05:15:00,2.22837,2.22913,2.22792,2.22876,288
2025-04-22 05:20:00,2.22869,2.22901,2.22789,2.22818,442
2025-04-22 05:25:00,2.22816,2.22882,2.228,2.22851,351
2025-04-22 05:30:00,2.22851,2.22906,2.22822,2.22822,342
2025-04-22 05:35:00,2.22822,2.22987,2.22794,2.22987,252
2025-04-22 05:40:00,2.22985,2.23036,2.22952,2.22993,392
2025-04-22 05:45:00,2.22995,2.23011,2.22923,2.2301,357
2025-04-22 05:50:00,2.22999,2.23019,2.22909,2.22978,309
2025-04-22 05:55:00,2.22978,2.22984,2.22844,2.2289,422
2025-04-22 06:00:00,2.2290200000000002,2.22918,2.2274599999999998,2.22854,468
2025-04-22 06:05:00,2.22847,2.22847,2.22662,2.22751,493
2025-04-22 06:10:00,2.22751,2.22753,2.22609,2.22671,566
2025-04-22 06:15:00,2.22675,2.22715,2.22636,2.22674,410
2025-04-22 06:20:00,2.2268,2.22706,2.22648,2.22686,407
2025-04-22 06:25:00,2.22684,2.22799,2.22671,2.22736,423
2025-04-22 06:30:00,2.22739,2.22817,2.22739,2.22747,453
2025-04-22 06:35:00,2.22738,2.22753,2.22643,2.22643,360
2025-04-22 06:40:00,2.22643,2.22704,2.22604,2.22702,361
2025-04-22 06:45:00,2.22702,2.2283,2.2268,2.22803,289
2025-04-22 06:50:00,2.22803,2.22822,2.2273,2.22799,385
2025-04-22 06:55:00,2.22784,2.2279,2.22676,2.22684,320
2025-04-22 07:00:00,2.22684,2.22741,2.22676,2.22709,230
2025-04-22 07:05:00,2.22709,2.22716,2.22523,2.22622,274
2025-04-22 07:10:00,2.22626,2.22701,2.22599,2.22698,340
2025-04-22 07:15:00,2.22702,2.22723,2.22621,2.22637,235
2025-04-22 07:20:00,2.22638,2.22682,2.22604,2.22676,245
2025-04-22 07:25:00,2.2268,2.22682,2.22539,2.22585,262
2025-04-22 07:30:00,2.22589,2.22652,2.22572,2.22626,219
2025-04-22 07:35:00,2.2263,2.22721,2.22615,2.22692,293
2025-04-22 07:40:00,2.22695,2.22701,2.22588,2.22594,343
2025-04-22 07:45:00,2.22593,2.22633,2.22569,2.22599,310
2025-04-22 07:50:00,2.22599,2.22609,2.22511,2.2259700000000002,251
2025-04-22 07:55:00,2.226,2.22615,2.22534,2.22538,310
2025-04-22 08:00:00,2.22538,2.22606,2.22533,2.22606,338
2025-04-22 08:05:00,2.22603,2.22671,2.22585,2.22585,366
2025-04-22 08:10:00,2.22587,2.22687,2.2256299999999998,2.22682,442
2025-04-22 08:15:00,2.22682,2.22732,2.22584,2.22585,367
2025-04-22 08:20:00,2.22584,2.22637,2.22553,2.22618,427
2025-04-22 08:25:00,2.22616,2.22627,2.22505,2.2256,498
2025-04-22 08:30:00,2.22561,2.22826,2.22509,2.2280699999999998,622
2025-04-22 08:35:00,2.2280699999999998,2.22998,2.2280699999999998,2.22887,649
2025-04-22 08:40:00,2.22891,2.22893,2.22786,2.22858,536
2025-04-22 08:45:00,2.22862,2.22864,2.22718,2.22766,446
2025-04-22 08:50:00,2.22762,2.22801,2.22672,2.22737,598
2025-04-22 08:55:00,2.2274599999999998,2.22806,2.22619,2.2263,543
2025-04-22 09:00:00,2.22628,2.22688,2.22545,2.22666,725
2025-04-22 09:05:00,2.22666,2.2276,2.22664,2.22749,484
2025-04-22 09:10:00,2.22749,2.22845,2.22723,2.22828,548
2025-04-22 09:15:00,2.22828,2.22921,2.2282,2.22921,548
2025-04-22 09:20:00,2.22918,2.22989,2.22869,2.22891,618
2025-04-22 09:25:00,2.2289,2.23022,2.22778,2.22898,646
2025-04-22 09:30:00,2.229,2.23003,2.22878,2.22976,537
2025-04-22 09:35:00,2.22974,2.23108,2.2296,2.2306,719
2025-04-22 09:40:00,2.2306,2.23094,2.22982,2.22985,624
2025-04-22 09:45:00,2.22987,2.23033,2.22876,2.22878,583
2025-04-22 09:50:00,2.22878,2.23019,2.22876,2.22982,621
2025-04-22 09:55:00,2.22982,2.23073,2.22875,2.23061,802
2025-04-22 10:00:00,2.23061,2.23094,2.22869,2.22907,850
2025-04-22 10:05:00,2.22911,2.22921,2.228,2.22898,667
2025-04-22 10:10:00,2.22901,2.22912,2.2284,2.22891,699
2025-04-22 10:15:00,2.22893,2.22906,2.22769,2.2278000000000002,643
2025-04-22 10:20:00,2.22779,2.22968,2.22758,2.22835,586
2025-04-22 10:25:00,2.22835,2.22872,2.2271,2.2271,520
2025-04-22 10:30:00,2.22723,2.22779,2.22628,2.22632,588
2025-04-22 10:35:00,2.22636,2.22795,2.2259700000000002,2.2276,541
2025-04-22 10:40:00,2.22755,2.2276,2.22534,2.2266,663
2025-04-22 10:45:00,2.2265800000000002,2.22761,2.2263,2.22643,652
2025-04-22 10:50:00,2.22647,2.22655,2.22548,2.22593,520
2025-04-22 10:55:00,2.22593,2.22758,2.22564,2.22642,619
2025-04-22 11:00:00,2.22642,2.22675,2.22526,2.22601,657
2025-04-22 11:05:00,2.22601,2.2264,2.22492,2.22554,566
2025-04-22 11:10:00,2.22556,2.22608,2.22512,2.22564,558
2025-04-22 11:15:00,2.22562,2.22664,2.22541,2.22646,471
2025-04-22 11:20:00,2.22643,2.22698,2.22537,2.22544,542
2025-04-22 11:25:00,2.22547,2.22633,2.2253600000000002,2.2259,528
2025-04-22 11:30:00,2.22588,2.2264,2.2246,2.22474,571
2025-04-22 11:35:00,2.22477,2.22657,2.22459,2.22649,537
2025-04-22 11:40:00,2.22648,2.22681,2.22556,2.2267,563
2025-04-22 11:45:00,2.22666,2.22699,2.22591,2.22678,532
2025-04-22 11:50:00,2.22678,2.22792,2.22651,2.2279,452
2025-04-22 11:55:00,2.2279,2.22921,2.22759,2.22906,668
2025-04-22 12:00:00,2.22904,2.22936,2.22851,2.22892,634
2025-04-22 12:05:00,2.22886,2.22913,2.22828,2.22879,464
2025-04-22 12:10:00,2.22879,2.22907,2.22771,2.22777,477
2025-04-22 12:15:00,2.22777,2.22818,2.22727,2.2273,481
2025-04-22 12:20:00,2.22727,2.2277,2.22691,2.22734,520
2025-04-22 12:25:00,2.22734,2.22738,2.22656,2.22703,421
2025-04-22 12:30:00,2.22703,2.22715,2.22603,2.22667,525
2025-04-22 12:35:00,2.22665,2.22711,2.22588,2.22595,502
2025-04-22 12:40:00,2.2259700000000002,2.22614,2.22528,2.22567,467
2025-04-22 12:45:00,2.22568,2.22679,2.22567,2.22607,417
2025-04-22 12:50:00,2.22611,2.22614,2.22457,2.22492,603
2025-04-22 12:55:00,2.22492,2.22674,2.22491,2.22585,663
2025-04-22 13:00:00,2.22587,2.22613,2.22498,2.22602,584
2025-04-22 13:05:00,2.22595,2.22595,2.22469,2.22551,521
2025-04-22 13:10:00,2.22551,2.2264,2.22494,2.2262,462
2025-04-22 13:15:00,2.2262,2.22644,2.22512,2.2252,500
2025-04-22 13:20:00,2.22524,2.22565,2.22489,2.22541,420
2025-04-22 13:25:00,2.22545,2.22659,2.22489,2.22613,477
2025-04-22 13:30:00,2.22609,2.22671,2.22577,2.2261,530
2025-04-22 13:35:00,2.22602,2.22727,2.22576,2.22634,465
2025-04-22 13:40:00,2.2263,2.22731,2.22611,2.22703,430
2025-04-22 13:45:00,2.22703,2.22745,2.22652,2.22738,410
2025-04-22 13:50:00,2.22738,2.22738,2.22656,2.22695,468
2025-04-22 13:55:00,2.22696,2.22715,2.22623,2.22702,457
2025-04-22 14:00:00,2.227,2.2280699999999998,2.227,2.22798,505
2025-04-22 14:05:00,2.22798,2.22905,2.22791,2.22883,409
2025-04-22 14:10:00,2.22889,2.22914,2.22801,2.22827,402
2025-04-22 14:15:00,2.22831,2.22985,2.22827,2.22979,452
2025-04-22 14:20:00,2.22974,2.22991,2.22893,2.22941,462
2025-04-22 14:25:00,2.22941,2.22973,2.2289,2.22916,357
2025-04-22 14:30:00,2.22913,2.22969,2.22844,2.22966,448
2025-04-22 14:35:00,2.22966,2.23078,2.22962,2.23041,378
2025-04-22 14:40:00,2.23043,2.23105,2.23009,2.23091,379
2025-04-22 14:45:00,2.23092,2.23108,2.22979,2.22999,349
2025-04-22 14:50:00,2.22999,2.23029,2.22921,2.2292899999999998,428
2025-04-22 14:55:00,2.22944,2.2311,2.22944,2.23085,780
2025-04-22 15:00:00,2.23082,2.23184,2.22986,2.22986,824
2025-04-22 15:05:00,2.22986,2.23012,2.22878,2.22909,568
2025-04-22 15:10:00,2.22908,2.22908,2.2285,2.22862,548
2025-04-22 15:15:00,2.22869,2.2292,2.22818,2.22912,673
2025-04-22 15:20:00,2.22904,2.23031,2.22887,2.2302400000000002,684
2025-04-22 15:25:00,2.23028,2.23138,2.22987,2.23012,679
2025-04-22 15:30:00,2.23012,2.23032,2.22957,2.22973,513
2025-04-22 15:35:00,2.22973,2.23003,2.22885,2.22906,475
2025-04-22 15:40:00,2.22906,2.22974,2.22906,2.22943,452
2025-04-22 15:45:00,2.22943,2.23007,2.22892,2.22999,523
2025-04-22 15:50:00,2.23003,2.23064,2.22897,2.23055,519
2025-04-22 15:55:00,2.23057,2.2312,2.23034,2.23108,551
2025-04-22 16:00:00,2.23107,2.23323,2.23079,2.23321,659
2025-04-22 16:05:00,2.23323,2.23328,2.23205,2.2323399999999998,679
2025-04-22 16:10:00,2.23236,2.23311,2.23151,2.23244,612
2025-04-22 16:15:00,2.2325,2.23344,2.23183,2.23249,580
2025-04-22 16:20:00,2.23249,2.23269,2.23167,2.23174,552
2025-04-22 16:25:00,2.23174,2.23174,2.231,2.23122,568
2025-04-22 16:30:00,2.23119,2.23129,2.2298,2.2302,622
2025-04-22 16:35:00,2.23027,2.231,2.23009,2.23074,648
2025-04-22 16:40:00,2.23076,2.2308,2.2297,2.23072,680
2025-04-22 16:45:00,2.23072,2.23159,2.23055,2.23135,670
2025-04-22 16:50:00,2.23138,2.23139,2.23016,2.23045,658
2025-04-22 16:55:00,2.23047,2.2316,2.2304,2.23131,673
2025-04-22 17:00:00,2.23136,2.23147,2.2301,2.2305099999999998,633
2025-04-22 17:05:00,2.2305099999999998,2.2323,2.23047,2.23222,607
2025-04-22 17:10:00,2.23224,2.23372,2.23185,2.23369,545
2025-04-22 17:15:00,2.23372,2.23376,2.23289,2.23332,484
2025-04-22 17:20:00,2.23328,2.2337,2.2322,2.23255,522
2025-04-22 17:25:00,2.23257,2.23325,2.23226,2.23313,569
2025-04-22 17:30:00,2.23313,2.23339,2.23161,2.23167,571
2025-04-22 17:35:00,2.23169,2.23194,2.23059,2.23129,597
2025-04-22 17:40:00,2.23129,2.23137,2.23031,2.23092,620
2025-04-22 17:45:00,2.23101,2.2317299999999998,2.2302,2.23164,625
2025-04-22 17:50:00,2.23164,2.23254,2.23133,2.2321400000000002,595
2025-04-22 17:55:00,2.23216,2.23223,2.23068,2.23087,762
2025-04-22 18:00:00,2.23093,2.23093,2.22968,2.23018,763
2025-04-22 18:05:00,2.23018,2.23085,2.22939,2.23039,578
2025-04-22 18:10:00,2.23041,2.23058,2.22985,2.23007,473
2025-04-22 18:15:00,2.23007,2.23094,2.22968,2.23058,525
2025-04-22 18:20:00,2.23056,2.23106,2.23049,2.23063,506
2025-04-22 18:25:00,2.23063,2.23144,2.23041,2.23076,456
2025-04-22 18:30:00,2.23076,2.23166,2.23061,2.23096,474
2025-04-22 18:35:00,2.23096,2.2317,2.23076,2.23166,405
2025-04-22 18:40:00,2.2316,2.23257,2.2316,2.23231,518
2025-04-22 18:45:00,2.23231,2.23346,2.23222,2.23303,499
2025-04-22 18:50:00,2.2329499999999998,2.23317,2.23238,2.23243,397
2025-04-22 18:55:00,2.23243,2.23283,2.23102,2.23123,576
2025-04-22 19:00:00,2.23119,2.23141,2.22969,2.23018,1015
2025-04-22 19:05:00,2.23016,2.23132,2.22977,2.2305099999999998,745
2025-04-22 19:10:00,2.23054,2.23054,2.22828,2.22848,645
2025-04-22 19:15:00,2.22848,2.22926,2.22846,2.22889,647
2025-04-22 19:20:00,2.22882,2.22886,2.2264,2.22661,757
2025-04-22 19:25:00,2.22661,2.22774,2.22661,2.22748,520
2025-04-22 19:30:00,2.22748,2.22825,2.22724,2.22809,506
2025-04-22 19:35:00,2.22811,2.22926,2.22763,2.22867,547
2025-04-22 19:40:00,2.22867,2.22931,2.22839,2.22861,437
2025-04-22 19:45:00,2.22863,2.22896,2.2284,2.22852,470
2025-04-22 19:50:00,2.22852,2.22876,2.22814,2.22863,430
2025-04-22 19:55:00,2.22863,2.2292,2.22768,2.2282,594
2025-04-22 20:00:00,2.22818,2.22863,2.2267,2.22703,513
2025-04-22 20:05:00,2.22699,2.22765,2.2265800000000002,2.22707,536
2025-04-22 20:10:00,2.22701,2.22898,2.227,2.22804,638
2025-04-22 20:15:00,2.228,2.23028,2.22798,2.22978,681
2025-04-22 20:20:00,2.22978,2.23072,2.2296,2.23062,613
2025-04-22 20:25:00,2.23061,2.23154,2.2295,2.23072,687
2025-04-22 20:30:00,2.23068,2.23123,2.23018,2.23106,648
2025-04-22 20:35:00,2.23108,2.23111,2.22938,2.22971,599
2025-04-22 20:40:00,2.22969,2.22999,2.22925,2.22952,537
2025-04-22 20:45:00,2.22952,2.22968,2.22906,2.22933,495
2025-04-22 20:50:00,2.22933,2.22959,2.22858,2.2286,485
2025-04-22 20:55:00,2.22871,2.22928,2.22857,2.22922,475
2025-04-22 21:00:00,2.22922,2.22936,2.22857,2.22895,404
2025-04-22 21:05:00,2.22895,2.22923,2.22863,2.22875,341
2025-04-22 21:10:00,2.22877,2.22884,2.22849,2.22861,289
2025-04-22 21:15:00,2.22857,2.2289,2.22837,2.22856,284
2025-04-22 21:20:00,2.22854,2.2289,2.22799,2.22808,358
2025-04-22 21:25:00,2.22808,2.22889,2.22796,2.2287,318
2025-04-22 21:30:00,2.2287,2.22894,2.2284,2.22852,279
2025-04-22 21:35:00,2.2285,2.22856,2.22802,2.22838,317
2025-04-22 21:40:00,2.22835,2.22879,2.22799,2.2285,353
2025-04-22 21:45:00,2.22849,2.22956,2.2283,2.22912,331
2025-04-22 21:50:00,2.22912,2.23029,2.22899,2.22991,427
2025-04-22 21:55:00,2.22989,2.23044,2.22968,2.23026,471
2025-04-22 22:00:00,2.23012,2.23049,2.22979,2.23,434
2025-04-22 22:05:00,2.23012,2.23097,2.23012,2.23076,307
2025-04-22 22:10:00,2.23077,2.23084,2.22994,2.23012,292
2025-04-22 22:15:00,2.2301,2.23119,2.22997,2.23104,306
2025-04-22 22:20:00,2.23108,2.23145,2.23085,2.23127,299
2025-04-22 22:25:00,2.2313,2.2316,2.2311199999999998,2.23152,294
2025-04-22 22:30:00,2.23152,2.23293,2.23144,2.23293,376
2025-04-22 22:35:00,2.23293,2.23293,2.23194,2.23233,317
2025-04-22 22:40:00,2.2323,2.23261,2.23196,2.23217,313
2025-04-22 22:45:00,2.23217,2.23237,2.23199,2.23224,295
2025-04-22 22:50:00,2.23228,2.234,2.23218,2.234,468
2025-04-22 22:55:00,2.23398,2.23424,2.23319,2.23325,473
2025-04-22 23:00:00,2.23326,2.2334,2.23267,2.233,305
2025-04-22 23:05:00,2.233,2.23354,2.2327500000000002,2.23329,314
2025-04-22 23:10:00,2.23329,2.23405,2.23321,2.23382,190
2025-04-22 23:15:00,2.23382,2.23383,2.23341,2.23367,148
2025-04-22 23:20:00,2.23373,2.23387,2.2336,2.23365,141
2025-04-22 23:25:00,2.23365,2.23441,2.23364,2.23411,120
2025-04-22 23:30:00,2.2341,2.23433,2.23402,2.23422,92
2025-04-22 23:35:00,2.23418,2.23418,2.23394,2.23396,120
2025-04-22 23:40:00,2.23396,2.23396,2.2312,2.23149,148
2025-04-22 23:45:00,2.23147,2.23147,2.23115,2.23124,138
2025-04-22 23:50:00,2.23109,2.23192,2.23107,2.23178,176
2025-04-22 23:55:00,2.23175,2.23439,2.2298,2.23282,211
2025-04-23 00:00:00,2.2328,2.23473,2.23081,2.23101,14
2025-04-23 00:05:00,2.23101,2.23251,2.23041,2.23154,21
2025-04-23 00:10:00,2.23154,2.23283,2.23144,2.23283,44
2025-04-23 00:15:00,2.23294,2.23301,2.2309,2.2309,88
2025-04-23 00:20:00,2.23092,2.23291,2.23092,2.2326,147
2025-04-23 00:25:00,2.2326,2.23266,2.22994,2.2302400000000002,247
2025-04-23 00:30:00,2.22984,2.23182,2.2284,2.22866,322
2025-04-23 00:35:00,2.22866,2.22876,2.2246,2.22669,365
2025-04-23 00:40:00,2.22669,2.22682,2.22512,2.22576,279
2025-04-23 00:45:00,2.22576,2.22899,2.22573,2.22829,235
2025-04-23 00:50:00,2.22827,2.22907,2.22642,2.22698,205
2025-04-23 00:55:00,2.22698,2.22852,2.22306,2.22398,279
2025-04-23 01:00:00,2.22602,2.23116,2.22596,2.23021,718
2025-04-23 01:05:00,2.23066,2.2317,2.22962,2.23083,581
2025-04-23 01:10:00,2.23088,2.23267,2.23023,2.23023,567
2025-04-23 01:15:00,2.23018,2.23066,2.22981,2.2305099999999998,594
2025-04-23 01:20:00,2.23043,2.23261,2.22992,2.23122,600
2025-04-23 01:25:00,2.23115,2.23149,2.22905,2.22926,795
2025-04-23 01:30:00,2.2292,2.23033,2.22717,2.22847,689
2025-04-23 01:35:00,2.22843,2.22927,2.22779,2.22795,615
2025-04-23 01:40:00,2.22793,2.22793,2.22615,2.2265800000000002,615
2025-04-23 01:45:00,2.2265800000000002,2.22779,2.22587,2.226,496
2025-04-23 01:50:00,2.226,2.22814,2.2252,2.22729,496
2025-04-23 01:55:00,2.22729,2.22768,2.22647,2.22656,436
2025-04-23 02:00:00,2.2265800000000002,2.22752,2.22611,2.2266,537
2025-04-23 02:05:00,2.22663,2.22766,2.22614,2.22766,408
2025-04-23 02:10:00,2.22766,2.22768,2.2263,2.22645,498
2025-04-23 02:15:00,2.22645,2.22743,2.22645,2.22691,443
2025-04-23 02:20:00,2.22695,2.22798,2.22662,2.2273,493
2025-04-23 02:25:00,2.22721,2.22769,2.22659,2.22742,565
2025-04-23 02:30:00,2.2274599999999998,2.22797,2.22714,2.22762,503
2025-04-23 02:35:00,2.2276,2.2283,2.22711,2.22735,352
2025-04-23 02:40:00,2.22738,2.22758,2.22684,2.22755,483
2025-04-23 02:45:00,2.22755,2.22813,2.22675,2.22675,491
2025-04-23 02:50:00,2.22673,2.22713,2.22555,2.22622,700
2025-04-23 02:55:00,2.2262,2.22739,2.22589,2.22659,448
2025-04-23 03:00:00,2.22654,2.22662,2.22515,2.22613,885
2025-04-23 03:05:00,2.22613,2.22665,2.2252,2.22527,728
2025-04-23 03:10:00,2.22511,2.22698,2.22489,2.22513,687
2025-04-23 03:15:00,2.22515,2.22559,2.22466,2.22555,681
2025-04-23 03:20:00,2.22555,2.22587,2.22499,2.22554,566
2025-04-23 03:25:00,2.22554,2.22592,2.225,2.22589,547
2025-04-23 03:30:00,2.2259,2.22599,2.22506,2.22579,637
2025-04-23 03:35:00,2.22579,2.22579,2.22423,2.22552,626
2025-04-23 03:40:00,2.22552,2.22552,2.22382,2.22409,450
2025-04-23 03:45:00,2.22409,2.22437,2.22258,2.2227,526
2025-04-23 03:50:00,2.22268,2.22342,2.2222,2.2232,583
2025-04-23 03:55:00,2.22322,2.22446,2.22277,2.22334,560
2025-04-23 04:00:00,2.22337,2.22429,2.22208,2.2231,735
2025-04-23 04:05:00,2.22306,2.22337,2.22209,2.22333,420
2025-04-23 04:10:00,2.22333,2.22361,2.22255,2.2231,560
2025-04-23 04:15:00,2.22311,2.22443,2.22264,2.22439,600
2025-04-23 04:20:00,2.22435,2.22445,2.22258,2.22362,589
2025-04-23 04:25:00,2.22359,2.22376,2.22257,2.2235300000000002,449
2025-04-23 04:30:00,2.22363,2.22599,2.22359,2.22598,615
2025-04-23 04:35:00,2.22598,2.22628,2.22455,2.22459,621
2025-04-23 04:40:00,2.22463,2.22578,2.22448,2.22554,599
2025-04-23 04:45:00,2.22562,2.22631,2.22542,2.2262399999999998,517
2025-04-23 04:50:00,2.22627,2.2273,2.22609,2.22709,406
2025-04-23 04:55:00,2.22709,2.22778,2.2259,2.22612,438
2025-04-23 05:00:00,2.22608,2.22687,2.22532,2.22659,503
2025-04-23 05:05:00,2.22659,2.22712,2.22575,2.22662,381
2025-04-23 05:10:00,2.22662,2.22766,2.22653,2.22743,459
2025-04-23 05:15:00,2.22739,2.22817,2.22698,2.22716,382
2025-04-23 05:20:00,2.2272,2.22748,2.22651,2.2267,461
2025-04-23 05:25:00,2.2267,2.22694,2.22623,2.22648,351
2025-04-23 05:30:00,2.22648,2.22788,2.22648,2.22763,458
2025-04-23 05:35:00,2.2277,2.22813,2.22731,2.22773,432
2025-04-23 05:40:00,2.22773,2.22918,2.22752,2.22881,497
2025-04-23 05:45:00,2.22879,2.22881,2.22684,2.22704,384
2025-04-23 05:50:00,2.22704,2.2284100000000002,2.22698,2.22816,401
2025-04-23 05:55:00,2.22814,2.22861,2.22809,2.22829,399
2025-04-23 06:00:00,2.22829,2.22867,2.22708,2.22758,385
2025-04-23 06:05:00,2.22758,2.22773,2.22699,2.22735,275
2025-04-23 06:10:00,2.22734,2.22797,2.22728,2.22771,364
2025-04-23 06:15:00,2.22773,2.22924,2.22773,2.22913,412
2025-04-23 06:20:00,2.22915,2.22915,2.22788,2.22878,425
2025-04-23 06:25:00,2.22877,2.22878,2.22747,2.22758,456
2025-04-23 06:30:00,2.22758,2.22767,2.22594,2.22636,428
2025-04-23 06:35:00,2.22634,2.22751,2.22583,2.22736,436
2025-04-23 06:40:00,2.22736,2.22736,2.22587,2.22654,298
2025-04-23 06:45:00,2.22653,2.22697,2.2261,2.22613,408
2025-04-23 06:50:00,2.22615,2.22634,2.22541,2.22561,444
2025-04-23 06:55:00,2.22552,2.22564,2.22505,2.22555,376
2025-04-23 07:00:00,2.22557,2.22613,2.22473,2.22601,430
2025-04-23 07:05:00,2.22605,2.22656,2.22586,2.22645,286
2025-04-23 07:10:00,2.2264,2.22704,2.22617,2.22687,315
2025-04-23 07:15:00,2.22687,2.22688,2.22422,2.22431,301
2025-04-23 07:20:00,2.22431,2.22469,2.22392,2.22405,345
2025-04-23 07:25:00,2.22405,2.2244099999999998,2.22288,2.22305,327
2025-04-23 07:30:00,2.22305,2.2231899999999998,2.22216,2.22264,325
2025-04-23 07:35:00,2.22264,2.22439,2.22264,2.22391,313
2025-04-23 07:40:00,2.22395,2.22481,2.22376,2.22424,370
2025-04-23 07:45:00,2.22424,2.2245,2.22334,2.22338,341
2025-04-23 07:50:00,2.22338,2.22354,2.22306,2.22339,235
2025-04-23 07:55:00,2.22347,2.2244,2.22304,2.22426,291
2025-04-23 08:00:00,2.22427,2.22615,2.22427,2.22504,353
2025-04-23 08:05:00,2.22506,2.22544,2.22487,2.22518,430
2025-04-23 08:10:00,2.22515,2.22569,2.22447,2.22567,417
2025-04-23 08:15:00,2.22564,2.22608,2.22492,2.22595,364
2025-04-23 08:20:00,2.226,2.22626,2.22379,2.22426,393
2025-04-23 08:25:00,2.22426,2.22519,2.22408,2.22424,301
2025-04-23 08:30:00,2.22427,2.22575,2.2234,2.22567,428
2025-04-23 08:35:00,2.2256,2.22581,2.22455,2.2247,441
2025-04-23 08:40:00,2.2247500000000002,2.22499,2.22431,2.22484,459
2025-04-23 08:45:00,2.22482,2.22484,2.22387,2.22439,438
2025-04-23 08:50:00,2.22447,2.22579,2.22447,2.22549,467
2025-04-23 08:55:00,2.22549,2.22582,2.22185,2.22214,484
2025-04-23 09:00:00,2.22201,2.22284,2.21955,2.21959,651
2025-04-23 09:05:00,2.21959,2.22079,2.21955,2.22034,571
2025-04-23 09:10:00,2.22034,2.22125,2.21909,2.22077,656
2025-04-23 09:15:00,2.22079,2.22112,2.22045,2.22112,616
2025-04-23 09:20:00,2.22112,2.22122,2.22005,2.22057,702
2025-04-23 09:25:00,2.22057,2.22086,2.21986,2.22054,565
2025-04-23 09:30:00,2.22054,2.22172,2.22025,2.22166,622
2025-04-23 09:35:00,2.22162,2.22238,2.22114,2.22175,487
2025-04-23 09:40:00,2.22179,2.22183,2.22021,2.22088,667
2025-04-23 09:45:00,2.2209,2.22151,2.22041,2.22111,559
2025-04-23 09:50:00,2.22115,2.22196,2.22084,2.22192,598
2025-04-23 09:55:00,2.22192,2.22251,2.22144,2.22147,638
2025-04-23 10:00:00,2.22143,2.22301,2.22126,2.2228,818
2025-04-23 10:05:00,2.22272,2.22385,2.22235,2.22378,691
2025-04-23 10:10:00,2.22376,2.22401,2.22262,2.2235,739
2025-04-23 10:15:00,2.22346,2.22504,2.22316,2.22461,641
2025-04-23 10:20:00,2.22459,2.22472,2.2232,2.22399,630
2025-04-23 10:25:00,2.22394,2.22533,2.22389,2.22437,586
2025-04-23 10:30:00,2.22437,2.22551,2.22406,2.22487,731
2025-04-23 10:35:00,2.22487,2.2253600000000002,2.22437,2.2246,624
2025-04-23 10:40:00,2.2246,2.22477,2.22375,2.22438,704
2025-04-23 10:45:00,2.22438,2.22484,2.22361,2.22403,708
2025-04-23 10:50:00,2.22409,2.22413,2.22325,2.22342,623
2025-04-23 10:55:00,2.22342,2.22348,2.22219,2.22276,640
2025-04-23 11:00:00,2.22277,2.22277,2.22117,2.22121,661
2025-04-23 11:05:00,2.22121,2.22216,2.22115,2.22211,576
2025-04-23 11:10:00,2.22212,2.22267,2.22185,2.22217,675
2025-04-23 11:15:00,2.22218,2.2234,2.22174,2.22323,593
2025-04-23 11:20:00,2.22326,2.22378,2.22303,2.22326,606
2025-04-23 11:25:00,2.22326,2.22423,2.22233,2.22233,600
2025-04-23 11:30:00,2.22235,2.2234,2.21808,2.22336,725
2025-04-23 11:35:00,2.22339,2.22436,2.22283,2.22373,564
2025-04-23 11:40:00,2.22373,2.22507,2.22365,2.2250199999999998,495
2025-04-23 11:45:00,2.22505,2.22627,2.22492,2.22627,505
2025-04-23 11:50:00,2.22627,2.22659,2.22547,2.22561,582
2025-04-23 11:55:00,2.2256,2.22576,2.22408,2.22427,589
2025-04-23 12:00:00,2.22426,2.22428,2.22291,2.22308,654
2025-04-23 12:05:00,2.22308,2.22399,2.22255,2.22378,589
2025-04-23 12:10:00,2.22378,2.22477,2.22336,2.22463,607
2025-04-23 12:15:00,2.2246,2.22488,2.22419,2.22448,549
2025-04-23 12:20:00,2.22456,2.22519,2.22381,2.22444,658
2025-04-23 12:25:00,2.22444,2.22466,2.224,2.22445,393
2025-04-23 12:30:00,2.22451,2.2248,2.22379,2.2241,542
2025-04-23 12:35:00,2.2241,2.22452,2.22337,2.22349,512
2025-04-23 12:40:00,2.22349,2.22381,2.22219,2.22225,492
2025-04-23 12:45:00,2.22225,2.22228,2.22118,2.22153,416
2025-04-23 12:50:00,2.22151,2.2223,2.22126,2.22206,514
2025-04-23 12:55:00,2.2221,2.22255,2.22177,2.22182,599
2025-04-23 13:00:00,2.22186,2.22242,2.22141,2.22226,624
2025-04-23 13:05:00,2.22223,2.22369,2.22206,2.22336,451
2025-04-23 13:10:00,2.22336,2.2234,2.2221,2.22269,613
2025-04-23 13:15:00,2.22269,2.22308,2.22188,2.22196,538
2025-04-23 13:20:00,2.22198,2.22285,2.22193,2.22228,518
2025-04-23 13:25:00,2.22228,2.22266,2.22162,2.22235,562
2025-04-23 13:30:00,2.22242,2.22275,2.22187,2.22205,611
2025-04-23 13:35:00,2.22202,2.22252,2.22145,2.22203,553
2025-04-23 13:40:00,2.22196,2.22259,2.22186,2.22206,456
2025-04-23 13:45:00,2.22196,2.22214,2.22154,2.22202,439
2025-04-23 13:50:00,2.222,2.22236,2.22164,2.222,496
2025-04-23 13:55:00,2.22202,2.22238,2.22093,2.22115,506
2025-04-23 14:00:00,2.22107,2.22167,2.2206799999999998,2.22077,485
2025-04-23 14:05:00,2.22077,2.22176,2.22065,2.2216,495
2025-04-23 14:10:00,2.2216,2.2223100000000002,2.22126,2.22226,538
2025-04-23 14:15:00,2.22226,2.22281,2.22211,2.22279,491
2025-04-23 14:20:00,2.22281,2.22345,2.22263,2.22312,511
2025-04-23 14:25:00,2.22318,2.22321,2.22196,2.22248,499
2025-04-23 14:30:00,2.22248,2.22282,2.22206,2.22253,517
2025-04-23 14:35:00,2.22257,2.22263,2.22136,2.2215,438
2025-04-23 14:40:00,2.2215,2.22182,2.22002,2.22011,444
2025-04-23 14:45:00,2.22011,2.22038,2.21975,2.2198700000000002,401
2025-04-23 14:50:00,2.21985,2.22059,2.2198,2.22047,477
2025-04-23 14:55:00,2.2204800000000002,2.22093,2.21971,2.22028,556
2025-04-23 15:00:00,2.22027,2.22073,2.21938,2.22065,638
2025-04-23 15:05:00,2.22065,2.22185,2.22051,2.22154,503
2025-04-23 15:10:00,2.22155,2.22155,2.21996,2.21996,512
2025-04-23 15:15:00,2.21996,2.22064,2.21972,2.22033,494
2025-04-23 15:20:00,2.22033,2.22066,2.2194,2.21985,457
2025-04-23 15:25:00,2.21988,2.22025,2.21935,2.21959,431
2025-04-23 15:30:00,2.2196,2.22011,2.21905,2.21933,484
2025-04-23 15:35:00,2.21933,2.22006,2.21918,2.21976,467
2025-04-23 15:40:00,2.21978,2.22002,2.21826,2.21826,395
2025-04-23 15:45:00,2.21826,2.21871,2.21786,2.21825,449
2025-04-23 15:50:00,2.21832,2.21883,2.21758,2.2183,468
2025-04-23 15:55:00,2.21828,2.2186500000000002,2.21764,2.21792,553
2025-04-23 16:00:00,2.21786,2.21879,2.21646,2.21853,586
2025-04-23 16:05:00,2.21853,2.21921,2.21789,2.2181,584
2025-04-23 16:10:00,2.21812,2.21822,2.21695,2.218,514
2025-04-23 16:15:00,2.21798,2.21832,2.21758,2.21821,377
2025-04-23 16:20:00,2.21821,2.21847,2.21736,2.21826,495
2025-04-23 16:25:00,2.21819,2.21891,2.21801,2.21881,524
2025-04-23 16:30:00,2.21879,2.22084,2.21841,2.22076,805
2025-04-23 16:35:00,2.22067,2.22096,2.2134,2.21895,1005
2025-04-23 16:40:00,2.21876,2.22108,2.21793,2.21799,1185
2025-04-23 16:45:00,2.21807,2.22229,2.21798,2.22215,1027
2025-04-23 16:50:00,2.22214,2.22407,2.22065,2.22084,1077
2025-04-23 16:55:00,2.22086,2.22155,2.21972,2.2202,913
2025-04-23 17:00:00,2.22022,2.22201,2.21875,2.21992,1112
2025-04-23 17:05:00,2.2199,2.22075,2.21832,2.22031,998
2025-04-23 17:10:00,2.2203,2.22079,2.21922,2.21942,972
2025-04-23 17:15:00,2.21933,2.221,2.21867,2.21875,993
2025-04-23 17:20:00,2.21876,2.22042,2.21771,2.21795,914
2025-04-23 17:25:00,2.21795,2.21855,2.21615,2.21665,902
2025-04-23 17:30:00,2.21667,2.2168,2.21553,2.21575,895
2025-04-23 17:35:00,2.21579,2.21655,2.21498,2.21646,830
2025-04-23 17:40:00,2.21649,2.21836,2.21631,2.21822,773
2025-04-23 17:45:00,2.21822,2.21884,2.2172,2.2174,853
2025-04-23 17:50:00,2.21744,2.2202,2.2168200000000002,2.21712,923
2025-04-23 17:55:00,2.21724,2.21895,2.21724,2.21802,1056
2025-04-23 18:00:00,2.218,2.21892,2.21658,2.21892,1073
2025-04-23 18:05:00,2.21892,2.21897,2.21762,2.21814,756
2025-04-23 18:10:00,2.21809,2.21998,2.21718,2.21984,644
2025-04-23 18:15:00,2.21984,2.2211,2.21869,2.22101,686
2025-04-23 18:20:00,2.22097,2.22278,2.21933,2.21959,909
2025-04-23 18:25:00,2.21956,2.22388,2.21943,2.22285,886
2025-04-23 18:30:00,2.2229200000000002,2.22365,2.2223,2.22259,695
2025-04-23 18:35:00,2.22257,2.2227,2.22163,2.22211,684
2025-04-23 18:40:00,2.22211,2.22254,2.22166,2.22223,745
2025-04-23 18:45:00,2.22221,2.22251,2.22143,2.22223,653
2025-04-23 18:50:00,2.22223,2.22375,2.22203,2.22334,691
2025-04-23 18:55:00,2.22332,2.22356,2.22195,2.22237,695
2025-04-23 19:00:00,2.22239,2.22385,2.22202,2.22379,774
2025-04-23 19:05:00,2.22385,2.22488,2.22358,2.22481,568
2025-04-23 19:10:00,2.22479,2.2265800000000002,2.22477,2.2262,795
2025-04-23 19:15:00,2.2262,2.22708,2.22564,2.22683,691
2025-04-23 19:20:00,2.2269,2.22762,2.22656,2.22659,675
2025-04-23 19:25:00,2.22662,2.22694,2.22543,2.22554,561
2025-04-23 19:30:00,2.22553,2.22565,2.2239,2.22398,598
2025-04-23 19:35:00,2.22399,2.22422,2.22362,2.2237,592
2025-04-23 19:40:00,2.2237,2.22514,2.22369,2.22466,496
2025-04-23 19:45:00,2.22464,2.2249,2.22394,2.22439,521
2025-04-23 19:50:00,2.22443,2.22527,2.22432,2.2249,550
2025-04-23 19:55:00,2.22492,2.22524,2.22443,2.22465,507
2025-04-23 20:00:00,2.22469,2.22568,2.22431,2.22453,657
2025-04-23 20:05:00,2.22456,2.22501,2.22416,2.22455,500
2025-04-23 20:10:00,2.22457,2.22586,2.22455,2.2250199999999998,473
2025-04-23 20:15:00,2.22505,2.22599,2.225,2.22541,450
2025-04-23 20:20:00,2.22541,2.22631,2.22525,2.226,569
2025-04-23 20:25:00,2.22598,2.22696,2.22593,2.2269,543
2025-04-23 20:30:00,2.22698,2.22698,2.22592,2.22592,536
2025-04-23 20:35:00,2.22594,2.22702,2.22583,2.22669,534
2025-04-23 20:40:00,2.22669,2.22718,2.22612,2.22615,546
2025-04-23 20:45:00,2.22615,2.22752,2.22604,2.22751,526
2025-04-23 20:50:00,2.22751,2.2278000000000002,2.22631,2.22635,547
2025-04-23 20:55:00,2.22633,2.22645,2.22562,2.2262,485
2025-04-23 21:00:00,2.2262399999999998,2.22657,2.2256,2.22603,579
2025-04-23 21:05:00,2.22601,2.22601,2.22517,2.22569,558
2025-04-23 21:10:00,2.22574,2.2259,2.22501,2.2250199999999998,557
2025-04-23 21:15:00,2.22496,2.22592,2.22481,2.22539,420
2025-04-23 21:20:00,2.22539,2.22641,2.22497,2.22617,441
2025-04-23 21:25:00,2.22614,2.22687,2.22595,2.22683,401
2025-04-23 21:30:00,2.22684,2.22688,2.22603,2.22614,378
2025-04-23 21:35:00,2.22616,2.22709,2.22608,2.22706,384
2025-04-23 21:40:00,2.22709,2.22737,2.22674,2.22711,484
2025-04-23 21:45:00,2.22711,2.22738,2.22678,2.22709,386
2025-04-23 21:50:00,2.22709,2.22758,2.22698,2.22737,371
2025-04-23 21:55:00,2.22732,2.22743,2.22683,2.2271,424
2025-04-23 22:00:00,2.22709,2.22741,2.22657,2.22722,408
2025-04-23 22:05:00,2.22724,2.22724,2.22643,2.22673,382
2025-04-23 22:10:00,2.22676,2.22727,2.2265,2.22722,351
2025-04-23 22:15:00,2.22725,2.2277,2.22705,2.22755,393
2025-04-23 22:20:00,2.22757,2.22777,2.22734,2.22762,383
2025-04-23 22:25:00,2.22758,2.22788,2.22733,2.22764,333
2025-04-23 22:30:00,2.22764,2.22834,2.22748,2.22773,419
2025-04-23 22:35:00,2.22773,2.22889,2.22771,2.2286,416
2025-04-23 22:40:00,2.22863,2.22931,2.22855,2.22864,445
2025-04-23 22:45:00,2.22864,2.22878,2.22809,2.22856,325
2025-04-23 22:50:00,2.22844,2.2286,2.22789,2.22798,299
2025-04-23 22:55:00,2.22799,2.22872,2.22782,2.22865,371
2025-04-23 23:00:00,2.22866,2.22912,2.22825,2.2290200000000002,352
2025-04-23 23:05:00,2.2290200000000002,2.22913,2.22849,2.22849,155
2025-04-23 23:10:00,2.22843,2.22886,2.22843,2.22862,177
2025-04-23 23:15:00,2.22862,2.22877,2.22812,2.22829,227
2025-04-23 23:20:00,2.22829,2.22873,2.22787,2.2283,335
2025-04-23 23:25:00,2.22828,2.2286,2.22791,2.22826,288
2025-04-23 23:30:00,2.22822,2.22852,2.22801,2.22821,266
2025-04-23 23:35:00,2.22825,2.22837,2.22811,2.22823,208
2025-04-23 23:40:00,2.22823,2.22823,2.2252,2.22556,199
2025-04-23 23:45:00,2.22556,2.22607,2.22532,2.22556,152
2025-04-23 23:50:00,2.22551,2.22613,2.22551,2.22584,335
2025-04-23 23:55:00,2.22586,2.22873,2.22584,2.22838,457
2025-04-24 00:00:00,2.22856,2.22856,2.22621,2.22621,8
2025-04-24 00:05:00,2.22621,2.2279,2.22591,2.22601,25
2025-04-24 00:10:00,2.22601,2.22625,2.22592,2.22592,43
2025-04-24 00:15:00,2.22592,2.22665,2.2259,2.22622,30
2025-04-24 00:20:00,2.22622,2.22634,2.2262,2.22634,22
2025-04-24 00:25:00,2.22634,2.22662,2.22625,2.22625,82
2025-04-24 00:30:00,2.22629,2.22631,2.22615,2.2262,67
2025-04-24 00:35:00,2.2262,2.22635,2.2262,2.22634,46
2025-04-24 00:40:00,2.22634,2.22646,2.2262399999999998,2.22643,32
2025-04-24 00:45:00,2.22639,2.22666,2.22634,2.22666,52
2025-04-24 00:50:00,2.22659,2.22693,2.22601,2.22691,53
2025-04-24 00:55:00,2.2269,2.22791,2.2265,2.22701,217
2025-04-24 01:00:00,2.22748,2.22853,2.22564,2.22794,534
2025-04-24 01:05:00,2.22792,2.2283,2.22722,2.22803,400
2025-04-24 01:10:00,2.22798,2.22888,2.22781,2.22877,306
2025-04-24 01:15:00,2.22875,2.22911,2.22815,2.22824,362
2025-04-24 01:20:00,2.22829,2.22904,2.22801,2.22818,288
2025-04-24 01:25:00,2.22818,2.22888,2.22797,2.22888,240
2025-04-24 01:30:00,2.2289,2.22914,2.22785,2.22833,330
2025-04-24 01:35:00,2.22836,2.2286,2.22808,2.22842,256
2025-04-24 01:40:00,2.22844,2.22861,2.22789,2.22859,300
2025-04-24 01:45:00,2.2287,2.22941,2.22847,2.22936,247
2025-04-24 01:50:00,2.22934,2.22971,2.22932,2.22957,223
2025-04-24 01:55:00,2.22949,2.22986,2.22903,2.22914,275
2025-04-24 02:00:00,2.22927,2.22978,2.229,2.22944,273
2025-04-24 02:05:00,2.22945,2.22981,2.22921,2.22947,277
2025-04-24 02:10:00,2.22947,2.22959,2.22884,2.22928,275
2025-04-24 02:15:00,2.22927,2.2296,2.22898,2.2291,263
2025-04-24 02:20:00,2.22914,2.22925,2.22832,2.22862,225
2025-04-24 02:25:00,2.22862,2.22924,2.22845,2.22917,232
2025-04-24 02:30:00,2.22917,2.2293,2.22844,2.22879,216
2025-04-24 02:35:00,2.22879,2.22937,2.22871,2.22905,179
2025-04-24 02:40:00,2.22905,2.22911,2.2278000000000002,2.2280699999999998,228
2025-04-24 02:45:00,2.22805,2.22816,2.22744,2.22762,224
2025-04-24 02:50:00,2.22762,2.22793,2.22697,2.22773,277
2025-04-24 02:55:00,2.22775,2.22884,2.22762,2.22871,305
2025-04-24 03:00:00,2.22873,2.22891,2.22657,2.22733,539
2025-04-24 03:05:00,2.22734,2.22827,2.22733,2.22751,378
2025-04-24 03:10:00,2.22751,2.22863,2.22741,2.22844,442
2025-04-24 03:15:00,2.22842,2.22991,2.22834,2.22969,410
2025-04-24 03:20:00,2.22969,2.2305,2.22943,2.23039,337
2025-04-24 03:25:00,2.23039,2.23095,2.22997,2.2302400000000002,401
2025-04-24 03:30:00,2.23026,2.23149,2.2301,2.23142,376
2025-04-24 03:35:00,2.23166,2.23191,2.23093,2.23161,417
2025-04-24 03:40:00,2.23159,2.23165,2.23087,2.2313,461
2025-04-24 03:45:00,2.2313,2.23143,2.22992,2.23099,449
2025-04-24 03:50:00,2.23103,2.23138,2.23006,2.23116,519
2025-04-24 03:55:00,2.23119,2.23131,2.22988,2.23049,450
2025-04-24 04:00:00,2.23047,2.23107,2.2296300000000002,2.2304,383
2025-04-24 04:05:00,2.23038,2.2312,2.23012,2.23084,254
2025-04-24 04:10:00,2.23087,2.23196,2.23061,2.23109,475
2025-04-24 04:15:00,2.23109,2.23233,2.23101,2.2321,558
2025-04-24 04:20:00,2.23213,2.2328,2.23171,2.23219,533
2025-04-24 04:25:00,2.23219,2.23232,2.23133,2.23186,423
2025-04-24 04:30:00,2.2319,2.23334,2.23152,2.23334,503
2025-04-24 04:35:00,2.23334,2.23335,2.23087,2.23106,514
2025-04-24 04:40:00,2.23101,2.23192,2.23073,2.23114,525
2025-04-24 04:45:00,2.23117,2.23224,2.23114,2.23188,481
2025-04-24 04:50:00,2.23189,2.23248,2.23093,2.23179,138
2025-04-24 04:55:00,2.23183,2.23304,2.23162,2.23293,298
2025-04-24 05:00:00,2.2329499999999998,2.234,2.23281,2.23285,509
2025-04-24 05:05:00,2.23285,2.23338,2.23161,2.23196,465
2025-04-24 05:10:00,2.23196,2.23197,2.2307,2.23108,318
2025-04-24 05:15:00,2.23096,2.23148,2.2304,2.23118,275
2025-04-24 05:20:00,2.23118,2.23121,2.23039,2.23065,330
2025-04-24 05:25:00,2.23064,2.2307,2.22951,2.22955,320
2025-04-24 05:30:00,2.22961,2.22986,2.22908,2.22974,381
2025-04-24 05:35:00,2.22978,2.22996,2.22925,2.22986,287
2025-04-24 05:40:00,2.22986,2.2302400000000002,2.22903,2.22913,255
2025-04-24 05:45:00,2.22913,2.2297,2.22894,2.22916,252
2025-04-24 05:50:00,2.22916,2.2293,2.22837,2.22842,299
2025-04-24 05:55:00,2.22842,2.22873,2.22748,2.22756,371
2025-04-24 06:00:00,2.22758,2.22804,2.22715,2.22757,313
2025-04-24 06:05:00,2.22757,2.22799,2.22713,2.2271900000000002,330
2025-04-24 06:10:00,2.22726,2.22793,2.22711,2.22753,284
2025-04-24 06:15:00,2.22753,2.22779,2.22682,2.22709,329
2025-04-24 06:20:00,2.22709,2.2273,2.22687,2.22711,342
2025-04-24 06:25:00,2.22713,2.2284,2.22683,2.22836,288
2025-04-24 06:30:00,2.22836,2.23006,2.22801,2.22995,398
2025-04-24 06:35:00,2.22991,2.2305099999999998,2.22911,2.2296300000000002,397
2025-04-24 06:40:00,2.2296300000000002,2.23034,2.22951,2.22981,353
2025-04-24 06:45:00,2.22981,2.22984,2.22875,2.2290200000000002,291
2025-04-24 06:50:00,2.22876,2.22913,2.22867,2.22899,330
2025-04-24 06:55:00,2.22897,2.2291,2.22821,2.2286,306
2025-04-24 07:00:00,2.22864,2.22967,2.22831,2.22904,415
2025-04-24 07:05:00,2.229,2.229,2.22801,2.2280699999999998,271
2025-04-24 07:10:00,2.2280699999999998,2.2281,2.22711,2.22767,370
2025-04-24 07:15:00,2.22771,2.22878,2.22737,2.22865,325
2025-04-24 07:20:00,2.22865,2.22906,2.22855,2.22875,342
2025-04-24 07:25:00,2.22875,2.22913,2.22828,2.22911,221
2025-04-24 07:30:00,2.22911,2.22913,2.22793,2.2284,237
2025-04-24 07:35:00,2.22844,2.22854,2.22788,2.22824,298
2025-04-24 07:40:00,2.22828,2.2284,2.22703,2.2276,265
2025-04-24 07:45:00,2.22758,2.22836,2.22715,2.22826,295
2025-04-24 07:50:00,2.22824,2.22878,2.2281,2.22878,319
2025-04-24 07:55:00,2.22874,2.22878,2.22814,2.22814,357
2025-04-24 08:00:00,2.22816,2.22933,2.22814,2.22928,325
2025-04-24 08:05:00,2.22928,2.22967,2.22885,2.22928,366
2025-04-24 08:10:00,2.22917,2.22947,2.229,2.22919,328
2025-04-24 08:15:00,2.22919,2.22973,2.22878,2.22915,332
2025-04-24 08:20:00,2.22923,2.23003,2.22909,2.22986,433
2025-04-24 08:25:00,2.22988,2.22992,2.22916,2.22955,369
2025-04-24 08:30:00,2.2295,2.22986,2.2287,2.22896,452
2025-04-24 08:35:00,2.22892,2.22968,2.22888,2.22962,330
2025-04-24 08:40:00,2.22962,2.22975,2.22851,2.22911,513
2025-04-24 08:45:00,2.22912,2.22945,2.22881,2.22931,345
2025-04-24 08:50:00,2.22934,2.22996,2.229,2.22996,394
2025-04-24 08:55:00,2.22995,2.23233,2.22993,2.23195,544
2025-04-24 09:00:00,2.23185,2.23186,2.23055,2.23087,628
2025-04-24 09:05:00,2.23084,2.23113,2.2298,2.23017,475
2025-04-24 09:10:00,2.23017,2.23071,2.22978,2.22984,569
2025-04-24 09:15:00,2.22981,2.22986,2.2292,2.22949,429
2025-04-24 09:20:00,2.22942,2.23023,2.22936,2.22968,404
2025-04-24 09:25:00,2.22968,2.22978,2.22817,2.22836,513
2025-04-24 09:30:00,2.22834,2.2288,2.22701,2.22704,531
2025-04-24 09:35:00,2.22704,2.2272,2.22645,2.22696,459
2025-04-24 09:40:00,2.22696,2.22775,2.22687,2.22745,428
2025-04-24 09:45:00,2.22747,2.22763,2.22707,2.2271,337
2025-04-24 09:50:00,2.22706,2.22729,2.22568,2.22675,438
2025-04-24 09:55:00,2.22676,2.22704,2.22567,2.22605,486
2025-04-24 10:00:00,2.22605,2.22614,2.22493,2.22514,657
2025-04-24 10:05:00,2.22497,2.22579,2.22445,2.22567,649
2025-04-24 10:10:00,2.22565,2.22643,2.22487,2.2261,585
2025-04-24 10:15:00,2.2261,2.2266,2.2258,2.22617,547
2025-04-24 10:20:00,2.22617,2.22655,2.22567,2.22608,516
2025-04-24 10:25:00,2.22607,2.22639,2.22527,2.22581,519
2025-04-24 10:30:00,2.22588,2.22635,2.22519,2.22526,487
2025-04-24 10:35:00,2.22524,2.22674,2.22509,2.2263,411
2025-04-24 10:40:00,2.22633,2.2269,2.22556,2.22566,386
2025-04-24 10:45:00,2.22566,2.22679,2.22547,2.22678,386
2025-04-24 10:50:00,2.22671,2.22682,2.22525,2.2255,424
2025-04-24 10:55:00,2.22554,2.22586,2.22512,2.22534,441
2025-04-24 11:00:00,2.22537,2.22608,2.22438,2.22461,547
2025-04-24 11:05:00,2.22463,2.22616,2.22453,2.22604,571
2025-04-24 11:10:00,2.22605,2.22654,2.22573,2.22644,498
2025-04-24 11:15:00,2.2264,2.2265,2.2257,2.22625,429
2025-04-24 11:20:00,2.22625,2.2264,2.2256,2.22604,385
2025-04-24 11:25:00,2.226,2.22607,2.22489,2.22513,385
2025-04-24 11:30:00,2.2251,2.2256,2.22447,2.22474,430
2025-04-24 11:35:00,2.22472,2.22548,2.22431,2.2253600000000002,576
2025-04-24 11:40:00,2.22538,2.22568,2.22478,2.22515,676
2025-04-24 11:45:00,2.22517,2.22618,2.2250199999999998,2.22581,496
2025-04-24 11:50:00,2.22575,2.22623,2.22491,2.22621,529
2025-04-24 11:55:00,2.22616,2.22633,2.22562,2.2258,522
2025-04-24 12:00:00,2.2258,2.22673,2.22579,2.22596,545
2025-04-24 12:05:00,2.2259700000000002,2.22619,2.22557,2.22572,392
2025-04-24 12:10:00,2.22574,2.22634,2.22552,2.22569,472
2025-04-24 12:15:00,2.22567,2.22583,2.22503,2.22523,393
2025-04-24 12:20:00,2.2252,2.22553,2.22473,2.2251,453
2025-04-24 12:25:00,2.2251,2.22581,2.22488,2.22531,388
2025-04-24 12:30:00,2.22523,2.22632,2.22522,2.22584,472
2025-04-24 12:35:00,2.22584,2.22623,2.22515,2.22558,382
2025-04-24 12:40:00,2.22552,2.226,2.22483,2.22515,393
2025-04-24 12:45:00,2.22509,2.22575,2.22493,2.22545,396
2025-04-24 12:50:00,2.22545,2.22638,2.22545,2.22623,320
2025-04-24 12:55:00,2.22619,2.22634,2.22518,2.22567,383
2025-04-24 13:00:00,2.22567,2.22583,2.22463,2.225,381
2025-04-24 13:05:00,2.22495,2.22599,2.2249,2.22586,445
2025-04-24 13:10:00,2.22586,2.2262,2.22566,2.22595,410
2025-04-24 13:15:00,2.22595,2.22667,2.22588,2.22639,437
2025-04-24 13:20:00,2.22637,2.22661,2.2261,2.22656,438
2025-04-24 13:25:00,2.22654,2.22659,2.2256299999999998,2.22592,366
2025-04-24 13:30:00,2.22588,2.2265,2.22567,2.22634,420
2025-04-24 13:35:00,2.22634,2.22642,2.2256299999999998,2.22568,379
2025-04-24 13:40:00,2.22572,2.22659,2.22558,2.22625,403
2025-04-24 13:45:00,2.22623,2.22645,2.22532,2.22539,434
2025-04-24 13:50:00,2.22535,2.22535,2.22455,2.22462,437
2025-04-24 13:55:00,2.22462,2.2251,2.22432,2.22478,634
2025-04-24 14:00:00,2.2248,2.22553,2.22426,2.22484,555
2025-04-24 14:05:00,2.2249,2.22527,2.22466,2.22494,321
2025-04-24 14:10:00,2.22494,2.22531,2.22453,2.22471,328
2025-04-24 14:15:00,2.2248,2.22635,2.2246,2.22609,304
2025-04-24 14:20:00,2.22609,2.22672,2.22562,2.22653,331
2025-04-24 14:25:00,2.22654,2.22682,2.22618,2.2268,265
2025-04-24 14:30:00,2.2268,2.2268,2.22611,2.22627,341
2025-04-24 14:35:00,2.22627,2.22711,2.22595,2.22696,379
2025-04-24 14:40:00,2.22694,2.22779,2.22668,2.22727,468
2025-04-24 14:45:00,2.22729,2.22781,2.22686,2.22729,457
2025-04-24 14:50:00,2.22736,2.22792,2.22723,2.22759,426
2025-04-24 14:55:00,2.22758,2.22785,2.22646,2.22729,549
2025-04-24 15:00:00,2.22721,2.2274599999999998,2.22511,2.22565,512
2025-04-24 15:05:00,2.2257,2.22573,2.22448,2.22466,481
2025-04-24 15:10:00,2.22469,2.22486,2.22427,2.22486,399
2025-04-24 15:15:00,2.2248,2.22488,2.22413,2.22453,403
2025-04-24 15:20:00,2.22448,2.22488,2.22417,2.22472,471
2025-04-24 15:25:00,2.22473,2.22485,2.22335,2.22345,467
2025-04-24 15:30:00,2.22345,2.22544,2.2232,2.2249,612
2025-04-24 15:35:00,2.2249,2.22535,2.22368,2.22429,522
2025-04-24 15:40:00,2.22429,2.22483,2.2236,2.22401,533
2025-04-24 15:45:00,2.22401,2.22545,2.22401,2.2254,529
2025-04-24 15:50:00,2.2254,2.22634,2.2254,2.22593,484
2025-04-24 15:55:00,2.22595,2.22626,2.2252,2.22605,493
2025-04-24 16:00:00,2.22603,2.22659,2.22518,2.22544,551
2025-04-24 16:05:00,2.2254,2.22549,2.22453,2.22504,533
2025-04-24 16:10:00,2.22503,2.22568,2.22483,2.22503,457
2025-04-24 16:15:00,2.22503,2.2262399999999998,2.22481,2.22554,508
2025-04-24 16:20:00,2.22554,2.2256,2.22466,2.22494,385
2025-04-24 16:25:00,2.22494,2.22574,2.22483,2.22534,427
2025-04-24 16:30:00,2.22534,2.22567,2.22467,2.22557,563
2025-04-24 16:35:00,2.22557,2.22627,2.22548,2.22594,468
2025-04-24 16:40:00,2.22595,2.22667,2.22591,2.22598,463
2025-04-24 16:45:00,2.22598,2.22715,2.22593,2.22683,548
2025-04-24 16:50:00,2.2268499999999998,2.22765,2.22656,2.2268499999999998,501
2025-04-24 16:55:00,2.2268,2.22695,2.22569,2.22601,486
2025-04-24 17:00:00,2.22603,2.22615,2.22442,2.22495,609
2025-04-24 17:05:00,2.22497,2.22542,2.22438,2.22454,569
2025-04-24 17:10:00,2.2246,2.22519,2.22439,2.22507,657
2025-04-24 17:15:00,2.22506,2.22578,2.22506,2.22578,497
2025-04-24 17:20:00,2.22578,2.22583,2.22509,2.22519,475
2025-04-24 17:25:00,2.22515,2.22546,2.22438,2.22484,546
2025-04-24 17:30:00,2.22484,2.22568,2.22419,2.22455,576
2025-04-24 17:35:00,2.22455,2.22477,2.22361,2.22362,576
2025-04-24 17:40:00,2.2236,2.22455,2.22337,2.22449,615
2025-04-24 17:45:00,2.22449,2.22595,2.22449,2.22593,714
2025-04-24 17:50:00,2.22574,2.22611,2.22392,2.22399,874
2025-04-24 17:55:00,2.22395,2.22459,2.2229200000000002,2.22356,867
2025-04-24 18:00:00,2.22352,2.22383,2.2221,2.22236,769
2025-04-24 18:05:00,2.22234,2.22283,2.22187,2.22245,563
2025-04-24 18:10:00,2.22245,2.22342,2.22185,2.22329,500
2025-04-24 18:15:00,2.22331,2.22337,2.22224,2.2227,656
2025-04-24 18:20:00,2.22273,2.22278,2.22187,2.22206,537
2025-04-24 18:25:00,2.22205,2.22275,2.22134,2.22166,498
2025-04-24 18:30:00,2.22166,2.22262,2.22149,2.22203,466
2025-04-24 18:35:00,2.22205,2.22272,2.2217000000000002,2.22263,459
2025-04-24 18:40:00,2.22263,2.22358,2.22248,2.22291,457
2025-04-24 18:45:00,2.22286,2.22289,2.2221,2.2221,490
2025-04-24 18:50:00,2.2221,2.22304,2.2221,2.2229,443
2025-04-24 18:55:00,2.2229200000000002,2.22331,2.22236,2.22314,511
2025-04-24 19:00:00,2.22308,2.22308,2.22218,2.2227,435
2025-04-24 19:05:00,2.22274,2.22346,2.22264,2.22291,446
2025-04-24 19:10:00,2.2229,2.22336,2.22258,2.22302,475
2025-04-24 19:15:00,2.22304,2.22331,2.22262,2.22296,431
2025-04-24 19:20:00,2.223,2.22311,2.22255,2.22307,394
2025-04-24 19:25:00,2.22309,2.22347,2.22256,2.2227,607
2025-04-24 19:30:00,2.22274,2.22378,2.22267,2.22323,473
2025-04-24 19:35:00,2.2231899999999998,2.22361,2.22282,2.22309,416
2025-04-24 19:40:00,2.22307,2.22385,2.22282,2.22365,467
2025-04-24 19:45:00,2.22361,2.22389,2.2232,2.22368,458
2025-04-24 19:50:00,2.22362,2.22379,2.22314,2.22374,412
2025-04-24 19:55:00,2.22376,2.22377,2.22285,2.22333,417
2025-04-24 20:00:00,2.22332,2.22369,2.223,2.22362,417
2025-04-24 20:05:00,2.22358,2.22395,2.22343,2.2236,360
2025-04-24 20:10:00,2.22362,2.22405,2.22342,2.22371,350
2025-04-24 20:15:00,2.22372,2.2241400000000002,2.22365,2.22396,350
2025-04-24 20:20:00,2.22396,2.22433,2.22374,2.22423,322
2025-04-24 20:25:00,2.22433,2.2247500000000002,2.22408,2.22449,370
2025-04-24 20:30:00,2.22451,2.22493,2.22399,2.22466,406
2025-04-24 20:35:00,2.22462,2.22507,2.22438,2.22473,393
2025-04-24 20:40:00,2.22473,2.22484,2.22425,2.22461,362
2025-04-24 20:45:00,2.22461,2.22506,2.2244,2.22491,289
2025-04-24 20:50:00,2.22492,2.22492,2.22452,2.22473,290
2025-04-24 20:55:00,2.22473,2.22488,2.22426,2.22442,336
2025-04-24 21:00:00,2.22442,2.22453,2.22403,2.2244,407
2025-04-24 21:05:00,2.22438,2.22457,2.22397,2.22419,265
2025-04-24 21:10:00,2.22415,2.2244099999999998,2.2239,2.22397,279
2025-04-24 21:15:00,2.22397,2.22432,2.22381,2.22398,280
2025-04-24 21:20:00,2.22398,2.22413,2.22349,2.22404,263
2025-04-24 21:25:00,2.22393,2.22442,2.22375,2.22385,288
2025-04-24 21:30:00,2.22385,2.22423,2.22378,2.22415,227
2025-04-24 21:35:00,2.22415,2.22442,2.22384,2.22396,250
2025-04-24 21:40:00,2.22396,2.22421,2.22376,2.22387,243
2025-04-24 21:45:00,2.22387,2.22425,2.2235300000000002,2.22357,231
2025-04-24 21:50:00,2.22355,2.22405,2.22355,2.22375,156
2025-04-24 21:55:00,2.22375,2.22406,2.2236,2.22379,271
2025-04-24 22:00:00,2.2237999999999998,2.22399,2.22344,2.2236,314
2025-04-24 22:05:00,2.2236,2.22413,2.22344,2.22385,234
2025-04-24 22:10:00,2.22385,2.22462,2.22379,2.22429,285
2025-04-24 22:15:00,2.22427,2.22453,2.2239,2.22395,258
2025-04-24 22:20:00,2.22399,2.22405,2.22352,2.22393,302
2025-04-24 22:25:00,2.224,2.224,2.22334,2.22373,301
2025-04-24 22:30:00,2.22373,2.22382,2.22312,2.22351,363
2025-04-24 22:35:00,2.22355,2.22388,2.22327,2.22382,396
2025-04-24 22:40:00,2.22382,2.22422,2.22358,2.22369,264
2025-04-24 22:45:00,2.2237,2.22467,2.22357,2.22467,272
2025-04-24 22:50:00,2.22459,2.22491,2.22417,2.22425,283
2025-04-24 22:55:00,2.22427,2.22427,2.22348,2.22386,280
2025-04-24 23:00:00,2.22388,2.22444,2.22329,2.22342,325
2025-04-24 23:05:00,2.22342,2.22409,2.2234,2.22394,140
2025-04-24 23:10:00,2.22394,2.2242,2.22378,2.22384,129
2025-04-24 23:15:00,2.22384,2.22423,2.22384,2.22417,143
2025-04-24 23:20:00,2.22418,2.22487,2.22418,2.22483,75
2025-04-24 23:25:00,2.22483,2.22504,2.22433,2.2247,139
2025-04-24 23:30:00,2.2247,2.22471,2.2236,2.22386,182
2025-04-24 23:35:00,2.2239,2.22417,2.22371,2.22402,177
2025-04-24 23:40:00,2.22402,2.22402,2.22135,2.22192,171
2025-04-24 23:45:00,2.22192,2.22193,2.22156,2.22159,134
2025-04-24 23:50:00,2.22157,2.22191,2.22144,2.22161,256
2025-04-24 23:55:00,2.22165,2.22406,2.22092,2.22384,391
2025-04-25 00:00:00,2.22523,2.22531,2.22131,2.2237999999999998,33
2025-04-25 00:05:00,2.22442,2.22442,2.2188499999999998,2.22012,38
2025-04-25 00:10:00,2.22012,2.22195,2.22012,2.2217000000000002,35
2025-04-25 00:15:00,2.2217000000000002,2.2218999999999998,2.22162,2.22164,19
2025-04-25 00:20:00,2.22164,2.22194,2.22148,2.22192,37
2025-04-25 00:25:00,2.22192,2.22194,2.22168,2.22176,26
2025-04-25 00:30:00,2.2217000000000002,2.22182,2.2206,2.2206,51
2025-04-25 00:35:00,2.2206,2.22189,2.22049,2.22178,230
2025-04-25 00:40:00,2.22158,2.22273,2.22155,2.22209,209
2025-04-25 00:45:00,2.22209,2.22214,2.2210900000000002,2.22143,74
2025-04-25 00:50:00,2.22143,2.22227,2.22116,2.22205,78
2025-04-25 00:55:00,2.22205,2.22328,2.22096,2.22114,518
2025-04-25 01:00:00,2.22364,2.22364,2.22092,2.22244,313
2025-04-25 01:05:00,2.22246,2.2228,2.22196,2.2226,185
2025-04-25 01:10:00,2.22256,2.2239,2.22229,2.22387,215
2025-04-25 01:15:00,2.22385,2.2245,2.22358,2.22445,292
2025-04-25 01:20:00,2.22449,2.22471,2.2243,2.22461,300
2025-04-25 01:25:00,2.2247,2.22488,2.22442,2.22447,220
2025-04-25 01:30:00,2.22451,2.22456,2.22388,2.22394,163
2025-04-25 01:35:00,2.22394,2.2244099999999998,2.22363,2.22372,95
2025-04-25 01:40:00,2.22372,2.22373,2.22332,2.22364,136
2025-04-25 01:45:00,2.22364,2.22384,2.22337,2.22361,132
2025-04-25 01:50:00,2.22363,2.22427,2.22349,2.22412,107
2025-04-25 01:55:00,2.22412,2.22456,2.22406,2.22433,181
2025-04-25 02:00:00,2.22434,2.22491,2.22425,2.22462,201
2025-04-25 02:05:00,2.22462,2.22466,2.22417,2.22433,157
2025-04-25 02:10:00,2.22435,2.22478,2.22411,2.22477,202
2025-04-25 02:15:00,2.22477,2.22517,2.22456,2.22504,197
2025-04-25 02:20:00,2.22505,2.22505,2.22419,2.22427,208
2025-04-25 02:25:00,2.22427,2.22492,2.22422,2.22458,229
2025-04-25 02:30:00,2.22458,2.22467,2.22405,2.22437,353
2025-04-25 02:35:00,2.22423,2.22445,2.22409,2.22436,239
2025-04-25 02:40:00,2.22436,2.22446,2.22406,2.22433,334
2025-04-25 02:45:00,2.22426,2.22455,2.22402,2.22451,229
2025-04-25 02:50:00,2.22444,2.22513,2.22443,2.2249,141
2025-04-25 02:55:00,2.22486,2.22547,2.22473,2.22527,190
2025-04-25 03:00:00,2.22527,2.22527,2.224,2.22438,557
2025-04-25 03:05:00,2.22437,2.22446,2.22399,2.22422,403
2025-04-25 03:10:00,2.22423,2.22471,2.22416,2.22446,417
2025-04-25 03:15:00,2.22446,2.22454,2.22369,2.22383,442
2025-04-25 03:20:00,2.22383,2.22401,2.22326,2.22343,437
2025-04-25 03:25:00,2.22335,2.22359,2.22307,2.22317,468
2025-04-25 03:30:00,2.22317,2.22327,2.22256,2.22313,500
2025-04-25 03:35:00,2.22313,2.22356,2.22288,2.22356,380
2025-04-25 03:40:00,2.22356,2.22385,2.22289,2.22317,373
2025-04-25 03:45:00,2.22317,2.2234,2.22246,2.22251,336
2025-04-25 03:50:00,2.22251,2.22331,2.22222,2.2232,462
2025-04-25 03:55:00,2.2232,2.2232,2.22241,2.22274,582
2025-04-25 04:00:00,2.2228,2.22289,2.22226,2.22232,553
2025-04-25 04:05:00,2.22232,2.22263,2.22201,2.22218,299
2025-04-25 04:10:00,2.22218,2.22237,2.22156,2.22191,375
2025-04-25 04:15:00,2.22191,2.22222,2.22172,2.22199,417
2025-04-25 04:20:00,2.222,2.22214,2.22136,2.22194,266
2025-04-25 04:25:00,2.22195,2.22239,2.22175,2.22199,364
2025-04-25 04:30:00,2.22199,2.22258,2.22174,2.22232,356
2025-04-25 04:35:00,2.22232,2.22239,2.22166,2.22183,277
2025-04-25 04:40:00,2.22183,2.22225,2.22164,2.22188,374
2025-04-25 04:45:00,2.22188,2.22291,2.22178,2.2224,431
2025-04-25 04:50:00,2.2224,2.2234,2.22239,2.22277,369
2025-04-25 04:55:00,2.22277,2.22328,2.2224,2.22273,420
2025-04-25 05:00:00,2.22265,2.22286,2.22214,2.22257,368
2025-04-25 05:05:00,2.22257,2.22283,2.22205,2.22275,391
2025-04-25 05:10:00,2.22267,2.22308,2.22228,2.22308,366
2025-04-25 05:15:00,2.22307,2.22314,2.22224,2.22235,309
2025-04-25 05:20:00,2.22235,2.22283,2.22224,2.22272,286
2025-04-25 05:25:00,2.2227,2.22312,2.22255,2.22307,237
2025-04-25 05:30:00,2.22299,2.22351,2.2228,2.22309,371
2025-04-25 05:35:00,2.22307,2.22316,2.22256,2.22306,307
2025-04-25 05:40:00,2.22304,2.22336,2.22286,2.22336,223
2025-04-25 05:45:00,2.22336,2.22387,2.22327,2.22374,224
2025-04-25 05:50:00,2.22374,2.22376,2.22306,2.22328,272
2025-04-25 05:55:00,2.2233,2.22333,2.2224,2.22244,371
2025-04-25 06:00:00,2.22244,2.22257,2.22173,2.22223,356
2025-04-25 06:05:00,2.22223,2.22236,2.22142,2.22194,268
2025-04-25 06:10:00,2.22192,2.22232,2.22148,2.22168,325
2025-04-25 06:15:00,2.22171,2.22171,2.22088,2.22089,339
2025-04-25 06:20:00,2.22092,2.22135,2.21893,2.22097,714
2025-04-25 06:25:00,2.22101,2.22123,2.22001,2.22045,456
2025-04-25 06:30:00,2.22043,2.22076,2.21979,2.2198700000000002,470
2025-04-25 06:35:00,2.2198700000000002,2.22012,2.21877,2.21884,544
2025-04-25 06:40:00,2.21881,2.221,2.2186500000000002,2.22081,579
2025-04-25 06:45:00,2.2209,2.22141,2.22024,2.2208,532
2025-04-25 06:50:00,2.22076,2.2211,2.21975,2.21977,430
2025-04-25 06:55:00,2.21976,2.2200699999999998,2.21875,2.21923,485
2025-04-25 07:00:00,2.21919,2.22045,2.2189,2.2198700000000002,637
2025-04-25 07:05:00,2.2198700000000002,2.21991,2.21848,2.21895,437
2025-04-25 07:10:00,2.21902,2.22034,2.21899,2.22025,404
2025-04-25 07:15:00,2.22028,2.22119,2.22001,2.22005,364
2025-04-25 07:20:00,2.22005,2.22054,2.21972,2.2199,328
2025-04-25 07:25:00,2.2199,2.22025,2.21954,2.21997,349
2025-04-25 07:30:00,2.21995,2.22065,2.2197,2.22037,357
2025-04-25 07:35:00,2.22037,2.22172,2.22037,2.22164,293
2025-04-25 07:40:00,2.22164,2.22193,2.22138,2.22142,289
2025-04-25 07:45:00,2.22142,2.22232,2.2210900000000002,2.22207,210
2025-04-25 07:50:00,2.22207,2.22258,2.22183,2.22237,287
2025-04-25 07:55:00,2.22233,2.22255,2.2218,2.22211,257
2025-04-25 08:00:00,2.22211,2.22245,2.2214,2.22228,302
2025-04-25 08:05:00,2.22224,2.22276,2.22213,2.22265,220
2025-04-25 08:10:00,2.22265,2.22335,2.2223100000000002,2.22262,283
2025-04-25 08:15:00,2.22262,2.22334,2.2226,2.22321,279
2025-04-25 08:20:00,2.22321,2.22448,2.22307,2.22425,492
2025-04-25 08:25:00,2.22425,2.22442,2.22369,2.22375,387
2025-04-25 08:30:00,2.22375,2.22446,2.22344,2.22443,390
2025-04-25 08:35:00,2.22443,2.22445,2.22337,2.22392,368
2025-04-25 08:40:00,2.2239,2.22504,2.22375,2.22407,403
2025-04-25 08:45:00,2.22403,2.22469,2.2236,2.22442,437
2025-04-25 08:50:00,2.2244,2.22538,2.22437,2.22465,588
2025-04-25 08:55:00,2.22465,2.22548,2.2244,2.22484,414
2025-04-25 09:00:00,2.2247,2.22633,2.22466,2.2259700000000002,551
2025-04-25 09:05:00,2.22602,2.22704,2.22547,2.22694,458
2025-04-25 09:10:00,2.22698,2.22721,2.22611,2.22677,501
2025-04-25 09:15:00,2.22682,2.22725,2.22654,2.2268499999999998,445
2025-04-25 09:20:00,2.2268499999999998,2.22802,2.22656,2.22788,412
2025-04-25 09:25:00,2.22788,2.22802,2.22702,2.22749,399
2025-04-25 09:30:00,2.22749,2.22878,2.22741,2.2283,622
2025-04-25 09:35:00,2.2283,2.2283,2.22693,2.22704,577
2025-04-25 09:40:00,2.22708,2.22761,2.22661,2.22724,535
2025-04-25 09:45:00,2.22726,2.2274599999999998,2.22671,2.22715,363
2025-04-25 09:50:00,2.22715,2.22752,2.22695,2.22737,430
2025-04-25 09:55:00,2.22728,2.22742,2.22635,2.22721,401
2025-04-25 10:00:00,2.22721,2.22732,2.22543,2.22595,564
2025-04-25 10:05:00,2.2259,2.22604,2.2244,2.22582,585
2025-04-25 10:10:00,2.22582,2.22783,2.22549,2.22705,738
2025-04-25 10:15:00,2.22705,2.22765,2.22551,2.22594,770
2025-04-25 10:20:00,2.22591,2.22671,2.22516,2.22655,689
2025-04-25 10:25:00,2.22655,2.22674,2.22554,2.22581,535
2025-04-25 10:30:00,2.22583,2.22631,2.22554,2.22567,585
2025-04-25 10:35:00,2.22566,2.22696,2.22564,2.22644,507
2025-04-25 10:40:00,2.22647,2.22678,2.22586,2.22604,456
2025-04-25 10:45:00,2.22604,2.22656,2.22591,2.2262399999999998,478
2025-04-25 10:50:00,2.22622,2.2268499999999998,2.22583,2.22668,489
2025-04-25 10:55:00,2.22672,2.22678,2.22545,2.22562,476
2025-04-25 11:00:00,2.22562,2.22663,2.22508,2.22636,325
2025-04-25 11:05:00,2.22636,2.2274,2.22545,2.2271900000000002,414
2025-04-25 11:10:00,2.22715,2.22827,2.22713,2.22776,476
2025-04-25 11:15:00,2.2278000000000002,2.22844,2.22765,2.22785,454
2025-04-25 11:20:00,2.22785,2.22879,2.22774,2.22863,363
2025-04-25 11:25:00,2.22864,2.2287,2.2281,2.22835,317
2025-04-25 11:30:00,2.22835,2.22857,2.22645,2.22648,389
2025-04-25 11:35:00,2.22643,2.22741,2.22643,2.22714,301
2025-04-25 11:40:00,2.22712,2.22937,2.22677,2.22928,395
2025-04-25 11:45:00,2.2293,2.2293,2.22823,2.22899,449
2025-04-25 11:50:00,2.22899,2.2298,2.22894,2.2292899999999998,371
2025-04-25 11:55:00,2.2292899999999998,2.23015,2.22882,2.23011,462
2025-04-25 12:00:00,2.23004,2.23037,2.22972,2.22992,469
2025-04-25 12:05:00,2.22999,2.23077,2.22976,2.23069,356
2025-04-25 12:10:00,2.23069,2.23105,2.23045,2.23091,389
2025-04-25 12:15:00,2.23091,2.23189,2.23065,2.23146,292
2025-04-25 12:20:00,2.23146,2.23184,2.23114,2.23151,366
2025-04-25 12:25:00,2.23151,2.23179,2.23107,2.23122,371
2025-04-25 12:30:00,2.23127,2.23158,2.23096,2.23118,361
2025-04-25 12:35:00,2.23118,2.2323399999999998,2.23084,2.2323,335
2025-04-25 12:40:00,2.2323,2.23403,2.23216,2.2327500000000002,385
2025-04-25 12:45:00,2.2327500000000002,2.23422,2.23236,2.2339700000000002,323
2025-04-25 12:50:00,2.2339700000000002,2.23406,2.23332,2.23399,342
2025-04-25 12:55:00,2.23403,2.23434,2.23329,2.23428,366
2025-04-25 13:00:00,2.23428,2.2345,2.23305,2.23371,388
2025-04-25 13:05:00,2.23371,2.2339700000000002,2.23325,2.23371,290
2025-04-25 13:10:00,2.23373,2.23383,2.23278,2.23299,283
2025-04-25 13:15:00,2.23304,2.23367,2.23265,2.23289,607
2025-04-25 13:20:00,2.23291,2.23387,2.2326,2.23291,645
2025-04-25 13:25:00,2.23291,2.23354,2.23258,2.23325,354
2025-04-25 13:30:00,2.23325,2.23443,2.2329,2.23443,446
2025-04-25 13:35:00,2.23436,2.23515,2.23398,2.23436,426
2025-04-25 13:40:00,2.23439,2.23463,2.23376,2.23431,342
2025-04-25 13:45:00,2.23431,2.23447,2.23349,2.23407,371
2025-04-25 13:50:00,2.23407,2.23476,2.23407,2.2346,331
2025-04-25 13:55:00,2.23462,2.2359999999999998,2.23449,2.2357,382
2025-04-25 14:00:00,2.23564,2.23581,2.23498,2.2352,348
2025-04-25 14:05:00,2.23518,2.23593,2.23505,2.23571,362
2025-04-25 14:10:00,2.23571,2.23571,2.2347,2.23536,290
2025-04-25 14:15:00,2.23536,2.23631,2.23495,2.2356,325
2025-04-25 14:20:00,2.2356,2.23568,2.23381,2.23416,414
2025-04-25 14:25:00,2.23416,2.23422,2.23332,2.23383,254
2025-04-25 14:30:00,2.23382,2.2344,2.23363,2.23407,281
2025-04-25 14:35:00,2.23406,2.23464,2.23403,2.23439,229
2025-04-25 14:40:00,2.23441,2.23457,2.23393,2.23399,260
2025-04-25 14:45:00,2.23399,2.23433,2.23372,2.23412,278
2025-04-25 14:50:00,2.23412,2.2351,2.2335599999999998,2.23464,223
2025-04-25 14:55:00,2.2346,2.2346,2.23315,2.23375,457
2025-04-25 15:00:00,2.23375,2.23423,2.23307,2.23423,417
2025-04-25 15:05:00,2.23423,2.23483,2.23358,2.23426,341
2025-04-25 15:10:00,2.23431,2.23467,2.23382,2.23435,388
2025-04-25 15:15:00,2.23433,2.23507,2.23406,2.23506,384
2025-04-25 15:20:00,2.23507,2.23616,2.23499,2.23612,470
2025-04-25 15:25:00,2.23612,2.23675,2.23603,2.23628,379
2025-04-25 15:30:00,2.23644,2.23669,2.23571,2.23616,422
2025-04-25 15:35:00,2.23618,2.23631,2.23498,2.23507,357
2025-04-25 15:40:00,2.23507,2.23534,2.23455,2.23503,377
2025-04-25 15:45:00,2.23503,2.23623,2.23503,2.23623,302
2025-04-25 15:50:00,2.2362,2.23645,2.23589,2.23612,432
2025-04-25 15:55:00,2.23614,2.23639,2.23595,2.23623,385
2025-04-25 16:00:00,2.23626,2.23675,2.23556,2.23578,564
2025-04-25 16:05:00,2.23578,2.23622,2.2347799999999998,2.23589,486
2025-04-25 16:10:00,2.23591,2.23613,2.23497,2.23541,439
2025-04-25 16:15:00,2.23542,2.23625,2.23532,2.23622,374
2025-04-25 16:20:00,2.23613,2.23621,2.23561,2.23563,434
2025-04-25 16:25:00,2.23563,2.23664,2.23561,2.23642,497
2025-04-25 16:30:00,2.23642,2.23688,2.23529,2.23533,645
2025-04-25 16:35:00,2.23531,2.23549,2.23441,2.23451,554
2025-04-25 16:40:00,2.23446,2.23507,2.23431,2.23461,537
2025-04-25 16:45:00,2.23461,2.23516,2.23401,2.23409,514
2025-04-25 16:50:00,2.23406,2.23419,2.23286,2.23383,547
2025-04-25 16:55:00,2.23383,2.23448,2.23332,2.23332,496
2025-04-25 17:00:00,2.23297,2.23374,2.23212,2.23212,587
2025-04-25 17:05:00,2.23215,2.23264,2.23152,2.2317,547
2025-04-25 17:10:00,2.2317299999999998,2.23239,2.23057,2.23229,504
2025-04-25 17:15:00,2.23233,2.23245,2.23178,2.2322,478
2025-04-25 17:20:00,2.2322,2.23284,2.23207,2.23212,575
2025-04-25 17:25:00,2.2321400000000002,2.23218,2.23158,2.23183,511
2025-04-25 17:30:00,2.23178,2.23225,2.23144,2.23156,467
2025-04-25 17:35:00,2.23155,2.23243,2.23147,2.23177,463
2025-04-25 17:40:00,2.23175,2.23181,2.23046,2.23102,453
2025-04-25 17:45:00,2.23099,2.23169,2.23066,2.23096,511
2025-04-25 17:50:00,2.23096,2.23107,2.23012,2.23097,596
2025-04-25 17:55:00,2.23097,2.23171,2.23095,2.23171,589
2025-04-25 18:00:00,2.23174,2.23212,2.23107,2.23174,480
2025-04-25 18:05:00,2.23174,2.23209,2.23099,2.23099,510
2025-04-25 18:10:00,2.23101,2.23184,2.23066,2.23182,432
2025-04-25 18:15:00,2.23182,2.2321400000000002,2.23126,2.23208,427
2025-04-25 18:20:00,2.2321,2.23211,2.2311199999999998,2.23156,445
2025-04-25 18:25:00,2.2315300000000002,2.2332,2.2315300000000002,2.23298,354
2025-04-25 18:30:00,2.23298,2.23299,2.23231,2.23254,360
2025-04-25 18:35:00,2.23255,2.23303,2.23217,2.23231,376
2025-04-25 18:40:00,2.23229,2.23231,2.23176,2.23206,319
2025-04-25 18:45:00,2.23206,2.23307,2.23196,2.23289,386
2025-04-25 18:50:00,2.23291,2.23326,2.23271,2.2327500000000002,482
2025-04-25 18:55:00,2.23277,2.23344,2.23253,2.23329,354
2025-04-25 19:00:00,2.2333600000000002,2.23366,2.2327500000000002,2.23301,378
2025-04-25 19:05:00,2.23297,2.23328,2.23264,2.23292,331
2025-04-25 19:10:00,2.23294,2.23352,2.23281,2.23352,287
2025-04-25 19:15:00,2.23343,2.23354,2.23268,2.23345,371
2025-04-25 19:20:00,2.23341,2.23388,2.23322,2.23368,353
2025-04-25 19:25:00,2.23366,2.2337,2.23283,2.23315,291
2025-04-25 19:30:00,2.23314,2.23368,2.23306,2.23322,364
2025-04-25 19:35:00,2.2332,2.23335,2.2327,2.23312,274
2025-04-25 19:40:00,2.23308,2.23331,2.2329499999999998,2.23297,341
2025-04-25 19:45:00,2.23297,2.23317,2.23258,2.23283,306
2025-04-25 19:50:00,2.23283,2.2329,2.23229,2.23238,258
2025-04-25 19:55:00,2.2323399999999998,2.23242,2.23186,2.23212,383
2025-04-25 20:00:00,2.23215,2.23235,2.2318,2.2323,334
2025-04-25 20:05:00,2.2323,2.23244,2.23171,2.23182,295
2025-04-25 20:10:00,2.23184,2.23232,2.23157,2.23186,372
2025-04-25 20:15:00,2.23182,2.23195,2.23101,2.23179,342
2025-04-25 20:20:00,2.23179,2.23265,2.23179,2.23259,274
2025-04-25 20:25:00,2.23263,2.23265,2.2321,2.23221,231
2025-04-25 20:30:00,2.23225,2.2324,2.23194,2.23227,275
2025-04-25 20:35:00,2.23227,2.23302,2.23176,2.23269,412
2025-04-25 20:40:00,2.23269,2.23328,2.2323,2.23307,468
2025-04-25 20:45:00,2.23305,2.23333,2.23259,2.23278,341
2025-04-25 20:50:00,2.23279,2.2339,2.2327500000000002,2.23379,395
2025-04-25 20:55:00,2.23377,2.23476,2.23373,2.23373,337
2025-04-25 21:00:00,2.23373,2.23386,2.23289,2.23299,339
2025-04-25 21:05:00,2.23299,2.2331,2.2325,2.23256,214
2025-04-25 21:10:00,2.23256,2.23266,2.23198,2.2322,307
2025-04-25 21:15:00,2.2322,2.23268,2.23204,2.23209,229
2025-04-25 21:20:00,2.23211,2.2325,2.23197,2.23218,241
2025-04-25 21:25:00,2.23218,2.23254,2.23197,2.23211,266
2025-04-25 21:30:00,2.23211,2.23228,2.23162,2.23182,208
2025-04-25 21:35:00,2.23184,2.23219,2.23167,2.23184,184
2025-04-25 21:40:00,2.23184,2.23184,2.2313,2.23136,168
2025-04-25 21:45:00,2.23136,2.23208,2.23136,2.23184,213
2025-04-25 21:50:00,2.23183,2.23225,2.23175,2.23225,208
2025-04-25 21:55:00,2.23226,2.23261,2.23191,2.23232,295
2025-04-25 22:00:00,2.2323,2.23253,2.2321400000000002,2.23249,220
2025-04-25 22:05:00,2.23242,2.23266,2.2323399999999998,2.23266,173
2025-04-25 22:10:00,2.23266,2.23312,2.23241,2.23309,167
2025-04-25 22:15:00,2.23311,2.23314,2.23274,2.23283,154
2025-04-25 22:20:00,2.23283,2.23316,2.23256,2.23316,172
2025-04-25 22:25:00,2.23316,2.23323,2.23287,2.23312,153
2025-04-25 22:30:00,2.23313,2.23329,2.23271,2.23309,219
2025-04-25 22:35:00,2.23315,2.2333,2.2329,2.23305,183
2025-04-25 22:40:00,2.23306,2.23317,2.23278,2.23293,247
2025-04-25 22:45:00,2.23291,2.23338,2.23281,2.23318,260
2025-04-25 22:50:00,2.23313,2.23313,2.2323399999999998,2.23238,270
2025-04-25 22:55:00,2.2324,2.23292,2.23228,2.23254,448
2025-04-25 23:00:00,2.23254,2.23277,2.2322,2.23264,264
2025-04-25 23:05:00,2.23259,2.23277,2.23228,2.2327,142
2025-04-25 23:10:00,2.23272,2.23287,2.2323,2.2323,181
2025-04-25 23:15:00,2.23229,2.23239,2.2319,2.23201,149
2025-04-25 23:20:00,2.23201,2.23253,2.23201,2.23224,84
2025-04-25 23:25:00,2.23224,2.23237,2.23206,2.23237,97
2025-04-25 23:30:00,2.2323,2.23253,2.2323,2.23237,77
2025-04-25 23:35:00,2.2323399999999998,2.23294,2.23187,2.23294,100
2025-04-25 23:40:00,2.23294,2.23294,2.22982,2.23006,234
2025-04-25 23:45:00,2.23007,2.23039,2.22974,2.2298,140
2025-04-25 23:50:00,2.22982,2.23053,2.22978,2.23031,158
2025-04-25 23:55:00,2.23049,2.23049,2.22758,2.22863,827
2025-04-28 00:00:00,2.2318,2.232,2.22992,2.22992,3
2025-04-28 00:05:00,2.22989,2.23016,2.22989,2.23014,16
2025-04-28 00:10:00,2.23014,2.23014,2.23008,2.2301,10
2025-04-28 00:15:00,2.2301,2.23018,2.23004,2.23018,15
2025-04-28 00:20:00,2.23018,2.2302,2.22976,2.23018,15
2025-04-28 00:25:00,2.23018,2.2302,2.22742,2.22742,51
2025-04-28 00:30:00,2.22744,2.22764,2.22622,2.22622,78
2025-04-28 00:35:00,2.22622,2.22705,2.22622,2.22646,27
2025-04-28 00:40:00,2.22646,2.22657,2.22637,2.22637,24
2025-04-28 00:45:00,2.22637,2.23018,2.22631,2.22722,52
2025-04-28 00:50:00,2.2272,2.22908,2.2267,2.22816,55
2025-04-28 00:55:00,2.22816,2.22816,2.228,2.22814,41
2025-04-28 01:00:00,2.22982,2.2311199999999998,2.22872,2.2311199999999998,159
2025-04-28 01:05:00,2.2311199999999998,2.23216,2.23078,2.23201,120
2025-04-28 01:10:00,2.23201,2.23203,2.23107,2.23171,130
2025-04-28 01:15:00,2.23168,2.2324,2.23128,2.2316,266
2025-04-28 01:20:00,2.2316,2.23168,2.23103,2.23157,288
2025-04-28 01:25:00,2.23157,2.23162,2.231,2.23158,204
2025-04-28 01:30:00,2.23154,2.23319,2.23149,2.23289,271
2025-04-28 01:35:00,2.233,2.23352,2.23225,2.2327500000000002,264
2025-04-28 01:40:00,2.23279,2.23317,2.23231,2.23288,179
2025-04-28 01:45:00,2.23284,2.23312,2.23255,2.23279,163
2025-04-28 01:50:00,2.23279,2.23311,2.23247,2.23255,213
2025-04-28 01:55:00,2.23255,2.23308,2.23238,2.23304,152
2025-04-28 02:00:00,2.233,2.23325,2.23257,2.2327500000000002,217
2025-04-28 02:05:00,2.23277,2.23372,2.23277,2.23347,228
2025-04-28 02:10:00,2.23347,2.23363,2.23292,2.23348,234
2025-04-28 02:15:00,2.23348,2.23376,2.23329,2.23346,196
2025-04-28 02:20:00,2.23351,2.2347799999999998,2.23351,2.23428,165
2025-04-28 02:25:00,2.23428,2.23441,2.23352,2.23423,166
2025-04-28 02:30:00,2.23416,2.23462,2.2339,2.2346,138
2025-04-28 02:35:00,2.2346,2.23473,2.23332,2.23358,172
2025-04-28 02:40:00,2.23362,2.23463,2.23333,2.23459,214
2025-04-28 02:45:00,2.23459,2.23473,2.23343,2.23405,260
2025-04-28 02:50:00,2.23405,2.23409,2.23321,2.23328,206
2025-04-28 02:55:00,2.23328,2.23398,2.23327,2.23351,277
2025-04-28 03:00:00,2.23353,2.23424,2.233,2.23404,557
2025-04-28 03:05:00,2.23405,2.23439,2.23332,2.23423,449
2025-04-28 03:10:00,2.23424,2.2348,2.23364,2.23384,412
2025-04-28 03:15:00,2.23384,2.23409,2.23333,2.23403,385
2025-04-28 03:20:00,2.23407,2.23422,2.23328,2.23354,386
2025-04-28 03:25:00,2.23355,2.23409,2.23311,2.23365,353
2025-04-28 03:30:00,2.2335599999999998,2.2338,2.2329,2.23331,404
2025-04-28 03:35:00,2.2333600000000002,2.23368,2.2327,2.23322,361
2025-04-28 03:40:00,2.23319,2.23402,2.23302,2.23401,330
2025-04-28 03:45:00,2.23398,2.23398,2.23281,2.23302,334
2025-04-28 03:50:00,2.23302,2.23345,2.23244,2.2332,511
2025-04-28 03:55:00,2.23343,2.2335599999999998,2.23284,2.2335,454
2025-04-28 04:00:00,2.23346,2.23363,2.23245,2.2328,403
2025-04-28 04:05:00,2.23278,2.23283,2.23182,2.23193,356
2025-04-28 04:10:00,2.23193,2.23207,2.23155,2.23192,349
2025-04-28 04:15:00,2.23192,2.23266,2.23164,2.2319,414
2025-04-28 04:20:00,2.23188,2.23191,2.2313,2.23177,353
2025-04-28 04:25:00,2.23181,2.23194,2.23119,2.23128,334
2025-04-28 04:30:00,2.23133,2.23152,2.23088,2.2314,427
2025-04-28 04:35:00,2.2314,2.23241,2.23106,2.23203,387
2025-04-28 04:40:00,2.23201,2.23252,2.23168,2.23211,457
2025-04-28 04:45:00,2.23211,2.23344,2.23199,2.23335,440
2025-04-28 04:50:00,2.23334,2.23358,2.23231,2.23255,409
2025-04-28 04:55:00,2.23256,2.23406,2.23227,2.2338,414
2025-04-28 05:00:00,2.23378,2.23388,2.23243,2.23243,532
2025-04-28 05:05:00,2.23245,2.23338,2.2323399999999998,2.23315,382
2025-04-28 05:10:00,2.23315,2.23394,2.23266,2.23374,438
2025-04-28 05:15:00,2.23363,2.23394,2.23283,2.23306,343
2025-04-28 05:20:00,2.23306,2.23328,2.23211,2.2323,283
2025-04-28 05:25:00,2.23222,2.23263,2.23199,2.23244,257
2025-04-28 05:30:00,2.23244,2.23283,2.23206,2.23258,314
2025-04-28 05:35:00,2.23258,2.23301,2.23228,2.2326,291
2025-04-28 05:40:00,2.2326,2.23399,2.23209,2.23327,310
2025-04-28 05:45:00,2.23327,2.23358,2.2321400000000002,2.2325,261
2025-04-28 05:50:00,2.23251,2.2328,2.23213,2.2328,310
2025-04-28 05:55:00,2.23278,2.23374,2.23265,2.23366,232
2025-04-28 06:00:00,2.23368,2.23546,2.23363,2.23521,361
2025-04-28 06:05:00,2.23521,2.23522,2.23456,2.23512,288
2025-04-28 06:10:00,2.23512,2.23516,2.23349,2.23357,337
2025-04-28 06:15:00,2.23355,2.23383,2.23253,2.23297,318
2025-04-28 06:20:00,2.23297,2.23331,2.23227,2.2332,280
2025-04-28 06:25:00,2.2332,2.23327,2.23259,2.23291,299
2025-04-28 06:30:00,2.2331,2.23324,2.23216,2.23224,261
2025-04-28 06:35:00,2.2323,2.23239,2.23146,2.23156,229
2025-04-28 06:40:00,2.23163,2.23205,2.23137,2.23152,257
2025-04-28 06:45:00,2.23152,2.23179,2.23106,2.23122,257
2025-04-28 06:50:00,2.23122,2.23251,2.23122,2.23238,231
2025-04-28 06:55:00,2.23238,2.23273,2.23202,2.23217,259
2025-04-28 07:00:00,2.2322,2.23235,2.23119,2.2316,277
2025-04-28 07:05:00,2.23159,2.23164,2.23032,2.23049,201
2025-04-28 07:10:00,2.23049,2.23154,2.23017,2.23058,287
2025-04-28 07:15:00,2.23057,2.23089,2.22996,2.23087,245
2025-04-28 07:20:00,2.23091,2.2312,2.23042,2.2306,183
2025-04-28 07:25:00,2.23056,2.23095,2.2297,2.23083,288
2025-04-28 07:30:00,2.23087,2.23111,2.2304,2.23098,265
2025-04-28 07:35:00,2.23097,2.2311,2.23037,2.23063,340
2025-04-28 07:40:00,2.23063,2.2307,2.22954,2.23003,397
2025-04-28 07:45:00,2.23002,2.23107,2.22993,2.23107,339
2025-04-28 07:50:00,2.23105,2.23132,2.2305099999999998,2.23121,337
2025-04-28 07:55:00,2.23125,2.23141,2.23069,2.23078,320
2025-04-28 08:00:00,2.23084,2.23178,2.23076,2.23157,357
2025-04-28 08:05:00,2.23157,2.232,2.23132,2.23194,290
2025-04-28 08:10:00,2.23194,2.23198,2.23059,2.23126,337
2025-04-28 08:15:00,2.23129,2.23166,2.23108,2.23151,349
2025-04-28 08:20:00,2.23151,2.23225,2.23107,2.23223,317
2025-04-28 08:25:00,2.23226,2.23229,2.23145,2.23193,319
2025-04-28 08:30:00,2.23191,2.23309,2.2318,2.23307,354
2025-04-28 08:35:00,2.23311,2.23322,2.23197,2.23197,344
2025-04-28 08:40:00,2.23182,2.23299,2.23128,2.23293,423
2025-04-28 08:45:00,2.23297,2.23309,2.23238,2.23252,392
2025-04-28 08:50:00,2.2324,2.23244,2.23067,2.23152,387
2025-04-28 08:55:00,2.23157,2.23174,2.23045,2.2311,498
2025-04-28 09:00:00,2.23085,2.23171,2.23058,2.23171,482
2025-04-28 09:05:00,2.23169,2.23219,2.23117,2.23213,425
2025-04-28 09:10:00,2.232,2.23326,2.23198,2.23324,526
2025-04-28 09:15:00,2.23322,2.23378,2.2327500000000002,2.23307,526
2025-04-28 09:20:00,2.23305,2.23396,2.23305,2.2337,470
2025-04-28 09:25:00,2.23373,2.23444,2.23366,2.23431,557
2025-04-28 09:30:00,2.23431,2.23552,2.23431,2.23524,499
2025-04-28 09:35:00,2.23524,2.23533,2.2345,2.23469,436
2025-04-28 09:40:00,2.23469,2.2352,2.23383,2.23515,619
2025-04-28 09:45:00,2.2351900000000002,2.23521,2.23434,2.23499,468
2025-04-28 09:50:00,2.23501,2.23613,2.23488,2.23594,526
2025-04-28 09:55:00,2.23586,2.2365,2.23494,2.23612,705
2025-04-28 10:00:00,2.23609,2.23832,2.23596,2.23798,675
2025-04-28 10:05:00,2.23798,2.23809,2.23696,2.23696,502
2025-04-28 10:10:00,2.23696,2.23783,2.23632,2.23744,548
2025-04-28 10:15:00,2.23742,2.23858,2.2374,2.23803,452
2025-04-28 10:20:00,2.23804,2.23865,2.23724,2.23794,443
2025-04-28 10:25:00,2.23794,2.23837,2.23662,2.23679,539
2025-04-28 10:30:00,2.23682,2.23779,2.23638,2.23639,507
2025-04-28 10:35:00,2.23621,2.23678,2.23567,2.23628,425
2025-04-28 10:40:00,2.23628,2.23796,2.23628,2.23771,435
2025-04-28 10:45:00,2.23773,2.23917,2.23773,2.23917,382
2025-04-28 10:50:00,2.23918,2.23918,2.23797,2.23853,369
2025-04-28 10:55:00,2.23857,2.24144,2.23839,2.24109,513
2025-04-28 11:00:00,2.24116,2.2428,2.24105,2.24275,626
2025-04-28 11:05:00,2.24271,2.24335,2.24215,2.24245,533
2025-04-28 11:10:00,2.24233,2.2424,2.24141,2.24189,397
2025-04-28 11:15:00,2.24191,2.24418,2.24159,2.24357,461
2025-04-28 11:20:00,2.24358,2.24415,2.24311,2.2431200000000002,418
2025-04-28 11:25:00,2.24316,2.24427,2.24274,2.24382,382
2025-04-28 11:30:00,2.24382,2.24418,2.24321,2.24358,470
2025-04-28 11:35:00,2.24359,2.24457,2.24308,2.24392,410
2025-04-28 11:40:00,2.24392,2.24485,2.24354,2.24418,458
2025-04-28 11:45:00,2.24419,2.24455,2.24352,2.24408,404
2025-04-28 11:50:00,2.24408,2.24416,2.24342,2.24388,335
2025-04-28 11:55:00,2.24383,2.24509,2.24383,2.24405,466
2025-04-28 12:00:00,2.24407,2.24515,2.24385,2.24407,468
2025-04-28 12:05:00,2.24411,2.24457,2.24344,2.24437,476
2025-04-28 12:10:00,2.24431,2.24431,2.24317,2.24321,473
2025-04-28 12:15:00,2.24318,2.24393,2.24222,2.2431,390
2025-04-28 12:20:00,2.2431,2.2436,2.24222,2.24244,490
2025-04-28 12:25:00,2.24252,2.24311,2.24201,2.24231,516
2025-04-28 12:30:00,2.24233,2.24271,2.2418,2.24206,552
2025-04-28 12:35:00,2.24201,2.24286,2.24181,2.24256,433
2025-04-28 12:40:00,2.24254,2.24269,2.24161,2.24176,449
2025-04-28 12:45:00,2.24176,2.24187,2.24047,2.2407,395
2025-04-28 12:50:00,2.24076,2.24164,2.24059,2.24138,412
2025-04-28 12:55:00,2.24128,2.24191,2.2411,2.24122,442
2025-04-28 13:00:00,2.2412900000000002,2.24175,2.24081,2.24134,362
2025-04-28 13:05:00,2.24137,2.24138,2.24036,2.24097,422
2025-04-28 13:10:00,2.24096,2.24116,2.24051,2.24058,392
2025-04-28 13:15:00,2.24056,2.24123,2.24011,2.24119,351
2025-04-28 13:20:00,2.24119,2.24163,2.24099,2.24112,381
2025-04-28 13:25:00,2.24112,2.24138,2.24047,2.24058,349
2025-04-28 13:30:00,2.24059,2.24134,2.24025,2.24072,400
2025-04-28 13:35:00,2.24074,2.2409499999999998,2.24011,2.24043,393
2025-04-28 13:40:00,2.24041,2.24131,2.24037,2.24091,231
2025-04-28 13:45:00,2.24091,2.2421,2.24083,2.24196,321
2025-04-28 13:50:00,2.24193,2.24247,2.24185,2.2422,292
2025-04-28 13:55:00,2.2422,2.24263,2.24144,2.24209,497
2025-04-28 14:00:00,2.24196,2.24213,2.24107,2.24138,469
2025-04-28 14:05:00,2.24134,2.2423,2.24131,2.24153,275
2025-04-28 14:10:00,2.24153,2.2417,2.24113,2.24117,279
2025-04-28 14:15:00,2.24117,2.2421699999999998,2.24097,2.24216,357
2025-04-28 14:20:00,2.2421699999999998,2.24233,2.2414,2.24233,357
2025-04-28 14:25:00,2.24241,2.24277,2.24199,2.24218,299
2025-04-28 14:30:00,2.24218,2.24292,2.24196,2.24241,334
2025-04-28 14:35:00,2.24244,2.24244,2.24136,2.2416,290
2025-04-28 14:40:00,2.2416,2.24174,2.24106,2.24141,339
2025-04-28 14:45:00,2.24142,2.24152,2.24102,2.24146,404
2025-04-28 14:50:00,2.24144,2.242,2.24099,2.24194,466
2025-04-28 14:55:00,2.24194,2.2427799999999998,2.24169,2.24266,436
2025-04-28 15:00:00,2.24258,2.24314,2.24212,2.2421699999999998,477
2025-04-28 15:05:00,2.24219,2.24299,2.24179,2.24219,543
2025-04-28 15:10:00,2.24219,2.2422,2.24133,2.24152,500
2025-04-28 15:15:00,2.24152,2.2419000000000002,2.2412900000000002,2.2415,412
2025-04-28 15:20:00,2.24153,2.24153,2.24002,2.24057,567
2025-04-28 15:25:00,2.24057,2.24124,2.24017,2.24084,416
2025-04-28 15:30:00,2.24084,2.24104,2.2400700000000002,2.24071,434
2025-04-28 15:35:00,2.24074,2.24118,2.23975,2.24084,420
2025-04-28 15:40:00,2.24084,2.24126,2.2402,2.24097,454
2025-04-28 15:45:00,2.24099,2.24173,2.24077,2.2415,398
2025-04-28 15:50:00,2.24151,2.24199,2.24104,2.2417,441
2025-04-28 15:55:00,2.24172,2.24295,2.24159,2.24283,433
2025-04-28 16:00:00,2.24287,2.24385,2.2426,2.24347,538
2025-04-28 16:05:00,2.24345,2.24372,2.24277,2.24343,518
2025-04-28 16:10:00,2.24343,2.24356,2.2421699999999998,2.2422,415
2025-04-28 16:15:00,2.24223,2.24305,2.24199,2.243,458
2025-04-28 16:20:00,2.243,2.24301,2.2415599999999998,2.24175,409
2025-04-28 16:25:00,2.24175,2.24279,2.2417,2.24192,365
2025-04-28 16:30:00,2.24185,2.24255,2.24093,2.24243,699
2025-04-28 16:35:00,2.24244,2.24334,2.24227,2.24313,513
2025-04-28 16:40:00,2.24318,2.24338,2.24066,2.24071,677
2025-04-28 16:45:00,2.24069,2.24247,2.24069,2.24203,663
2025-04-28 16:50:00,2.24207,2.24246,2.24154,2.24191,588
2025-04-28 16:55:00,2.24191,2.24288,2.2417,2.24247,557
2025-04-28 17:00:00,2.24254,2.24372,2.2423,2.24267,573
2025-04-28 17:05:00,2.24266,2.24334,2.24222,2.24328,533
2025-04-28 17:10:00,2.24327,2.24336,2.24269,2.24305,542
2025-04-28 17:15:00,2.24303,2.24317,2.2424,2.24258,467
2025-04-28 17:20:00,2.24258,2.24314,2.24205,2.24207,481
2025-04-28 17:25:00,2.24203,2.2433,2.24165,2.24304,592
2025-04-28 17:30:00,2.24308,2.24315,2.24153,2.24252,563
2025-04-28 17:35:00,2.24252,2.24252,2.24073,2.24246,696
2025-04-28 17:40:00,2.24246,2.24355,2.24231,2.24294,815
2025-04-28 17:45:00,2.24296,2.2437300000000002,2.24273,2.2437300000000002,676
2025-04-28 17:50:00,2.24374,2.24387,2.24099,2.24103,790
2025-04-28 17:55:00,2.24098,2.24155,2.23934,2.23996,871
2025-04-28 18:00:00,2.23996,2.24087,2.23931,2.23997,732
2025-04-28 18:05:00,2.24004,2.24105,2.23972,2.24071,542
2025-04-28 18:10:00,2.24071,2.2409499999999998,2.23989,2.23998,559
2025-04-28 18:15:00,2.23999,2.24151,2.23999,2.24149,435
2025-04-28 18:20:00,2.24147,2.24234,2.24123,2.24174,520
2025-04-28 18:25:00,2.24171,2.24288,2.24128,2.24256,523
2025-04-28 18:30:00,2.24252,2.24356,2.2422,2.24351,571
2025-04-28 18:35:00,2.24355,2.24477,2.24344,2.2447,466
2025-04-28 18:40:00,2.24468,2.24545,2.2446099999999998,2.24538,475
2025-04-28 18:45:00,2.24538,2.24545,2.24443,2.24526,438
2025-04-28 18:50:00,2.24527,2.24536,2.2449,2.24523,463
2025-04-28 18:55:00,2.24519,2.24579,2.24512,2.24553,464
2025-04-28 19:00:00,2.24553,2.246,2.245,2.24592,463
2025-04-28 19:05:00,2.24584,2.24597,2.24526,2.24539,428
2025-04-28 19:10:00,2.2454,2.2458299999999998,2.24502,2.2453,481
2025-04-28 19:15:00,2.2453,2.24574,2.24492,2.24516,396
2025-04-28 19:20:00,2.24516,2.24578,2.24506,2.24561,500
2025-04-28 19:25:00,2.24558,2.24641,2.24537,2.24623,454
2025-04-28 19:30:00,2.24621,2.24648,2.24601,2.24643,444
2025-04-28 19:35:00,2.24643,2.24682,2.24623,2.24668,417
2025-04-28 19:40:00,2.24677,2.24702,2.24614,2.24673,416
2025-04-28 19:45:00,2.24673,2.24699,2.24638,2.2468500000000002,435
2025-04-28 19:50:00,2.24689,2.24703,2.24616,2.2468500000000002,458
2025-04-28 19:55:00,2.24683,2.24704,2.24649,2.24661,600
2025-04-28 20:00:00,2.24665,2.2476,2.24657,2.24729,439
2025-04-28 20:05:00,2.24731,2.24855,2.24727,2.24833,414
2025-04-28 20:10:00,2.24833,2.24854,2.24786,2.24799,459
2025-04-28 20:15:00,2.24799,2.24833,2.2477,2.24803,394
2025-04-28 20:20:00,2.24801,2.24864,2.24781,2.24855,388
2025-04-28 20:25:00,2.24855,2.24917,2.2484,2.24889,381
2025-04-28 20:30:00,2.24884,2.24971,2.24871,2.24948,420
2025-04-28 20:35:00,2.24944,2.24954,2.24869,2.2488,385
2025-04-28 20:40:00,2.24886,2.24973,2.24872,2.2493,314
2025-04-28 20:45:00,2.24934,2.24962,2.24859,2.24881,259
2025-04-28 20:50:00,2.24882,2.24971,2.24882,2.24916,312
2025-04-28 20:55:00,2.24916,2.24939,2.24871,2.24884,315
2025-04-28 21:00:00,2.24892,2.24915,2.2484,2.2488799999999998,347
2025-04-28 21:05:00,2.2489,2.2489,2.24804,2.24811,330
2025-04-28 21:10:00,2.24811,2.24887,2.24798,2.24854,325
2025-04-28 21:15:00,2.2485,2.2488,2.24829,2.2487,282
2025-04-28 21:20:00,2.2487,2.24884,2.24795,2.24806,289
2025-04-28 21:25:00,2.24806,2.24821,2.2475,2.24777,219
2025-04-28 21:30:00,2.2478,2.24863,2.2477,2.24862,332
2025-04-28 21:35:00,2.24865,2.24884,2.24833,2.24867,311
2025-04-28 21:40:00,2.24865,2.24947,2.2486,2.24932,297
2025-04-28 21:45:00,2.24932,2.24946,2.24921,2.2494,260
2025-04-28 21:50:00,2.24941,2.2496,2.24915,2.24934,269
2025-04-28 21:55:00,2.24933,2.24944,2.24893,2.24926,353
2025-04-28 22:00:00,2.24924,2.24947,2.24879,2.24905,416
2025-04-28 22:05:00,2.24908,2.24939,2.24881,2.24906,242
2025-04-28 22:10:00,2.24904,2.24904,2.2485,2.24866,278
2025-04-28 22:15:00,2.2486800000000002,2.24911,2.24838,2.24843,201
2025-04-28 22:20:00,2.24843,2.24843,2.24776,2.24776,238
2025-04-28 22:25:00,2.24776,2.24821,2.24753,2.24805,288
2025-04-28 22:30:00,2.2480700000000002,2.24866,2.24794,2.24856,351
2025-04-28 22:35:00,2.24854,2.24876,2.2480700000000002,2.24821,250
2025-04-28 22:40:00,2.2482,2.24822,2.24736,2.24737,257
2025-04-28 22:45:00,2.24733,2.24752,2.24683,2.24694,174
2025-04-28 22:50:00,2.24688,2.24733,2.24676,2.24683,248
2025-04-28 22:55:00,2.2469,2.2478,2.24663,2.24736,332
2025-04-28 23:00:00,2.24735,2.2482699999999998,2.24707,2.24823,204
2025-04-28 23:05:00,2.24823,2.24838,2.24721,2.24727,250
2025-04-28 23:10:00,2.24723,2.24787,2.24723,2.24783,215
2025-04-28 23:15:00,2.24782,2.24809,2.24762,2.2479,164
2025-04-28 23:20:00,2.2479,2.24839,2.24788,2.24829,151
2025-04-28 23:25:00,2.2482699999999998,2.2482699999999998,2.24764,2.24803,202
2025-04-28 23:30:00,2.24803,2.24818,2.24794,2.24806,136
2025-04-28 23:35:00,2.24806,2.24855,2.24806,2.24853,200
2025-04-28 23:40:00,2.24853,2.24853,2.24562,2.24582,158
2025-04-28 23:45:00,2.2458,2.24592,2.24504,2.24513,172
2025-04-28 23:50:00,2.24513,2.24546,2.24474,2.24539,172
2025-04-28 23:55:00,2.24539,2.24795,2.24507,2.24709,300
2025-04-29 00:00:00,2.24578,2.24672,2.24395,2.24499,15
2025-04-29 00:05:00,2.24654,2.24659,2.2443,2.24561,20
2025-04-29 00:10:00,2.24561,2.24612,2.2455600000000002,2.24594,38
2025-04-29 00:15:00,2.24594,2.24608,2.24502,2.24567,80
2025-04-29 00:20:00,2.24565,2.24569,2.24529,2.24567,78
2025-04-29 00:25:00,2.24567,2.24592,2.2454,2.24566,54
2025-04-29 00:30:00,2.24568,2.24604,2.24563,2.24594,48
2025-04-29 00:35:00,2.24594,2.24594,2.24562,2.24564,60
2025-04-29 00:40:00,2.24564,2.24602,2.2456,2.24602,38
2025-04-29 00:45:00,2.246,2.24646,2.24593,2.24605,36
2025-04-29 00:50:00,2.24605,2.24606,2.2448,2.24562,69
2025-04-29 00:55:00,2.24569,2.24621,2.24546,2.24548,111
2025-04-29 01:00:00,2.24546,2.2481,2.24535,2.24806,213
2025-04-29 01:05:00,2.2480700000000002,2.24812,2.24738,2.24784,131
2025-04-29 01:10:00,2.24784,2.24908,2.24782,2.2488799999999998,184
2025-04-29 01:15:00,2.24891,2.24947,2.24873,2.2493,217
2025-04-29 01:20:00,2.24927,2.24959,2.24921,2.2492900000000002,226
2025-04-29 01:25:00,2.24927,2.2492900000000002,2.24861,2.24876,186
2025-04-29 01:30:00,2.24876,2.24881,2.24749,2.24787,287
2025-04-29 01:35:00,2.24779,2.24897,2.24744,2.24892,262
2025-04-29 01:40:00,2.24877,2.24905,2.24847,2.24862,183
2025-04-29 01:45:00,2.24862,2.24891,2.24796,2.24885,208
2025-04-29 01:50:00,2.24878,2.24878,2.24817,2.2482699999999998,136
2025-04-29 01:55:00,2.2482699999999998,2.24865,2.24803,2.24837,141
2025-04-29 02:00:00,2.24842,2.24901,2.24815,2.24854,285
2025-04-29 02:05:00,2.24854,2.24934,2.24845,2.24913,390
2025-04-29 02:10:00,2.24912,2.24977,2.24911,2.2494,274
2025-04-29 02:15:00,2.2494,2.24978,2.24891,2.24967,224
2025-04-29 02:20:00,2.24956,2.24956,2.24886,2.24947,198
2025-04-29 02:25:00,2.2495,2.24967,2.24908,2.24944,184
2025-04-29 02:30:00,2.24933,2.2494,2.24867,2.24889,145
2025-04-29 02:35:00,2.24889,2.2496,2.2488799999999998,2.24959,99
2025-04-29 02:40:00,2.24959,2.24966,2.24891,2.24895,179
2025-04-29 02:45:00,2.24895,2.24906,2.2487,2.24883,174
2025-04-29 02:50:00,2.24883,2.24921,2.24864,2.24916,221
2025-04-29 02:55:00,2.24915,2.24992,2.24894,2.24976,239
2025-04-29 03:00:00,2.24973,2.25055,2.24961,2.25049,467
2025-04-29 03:05:00,2.25039,2.25097,2.25009,2.25084,285
2025-04-29 03:10:00,2.25084,2.25108,2.25027,2.2506399999999998,417
2025-04-29 03:15:00,2.2506399999999998,2.2516,2.25054,2.25142,374
2025-04-29 03:20:00,2.2514,2.25179,2.251,2.25118,447
2025-04-29 03:25:00,2.25116,2.25223,2.251,2.25209,378
2025-04-29 03:30:00,2.25209,2.2525399999999998,2.25161,2.25243,316
2025-04-29 03:35:00,2.25243,2.25269,2.25202,2.25235,290
2025-04-29 03:40:00,2.25237,2.25272,2.25197,2.25225,329
2025-04-29 03:45:00,2.25219,2.25267,2.25187,2.2519299999999998,339
2025-04-29 03:50:00,2.2519299999999998,2.2522,2.25115,2.25126,348
2025-04-29 03:55:00,2.2513,2.2517,2.25076,2.25134,320
2025-04-29 04:00:00,2.25142,2.25176,2.2508,2.2513199999999998,319
2025-04-29 04:05:00,2.2513199999999998,2.25151,2.25074,2.25084,333
2025-04-29 04:10:00,2.25091,2.25124,2.25008,2.25045,404
2025-04-29 04:15:00,2.25045,2.25126,2.25039,2.25108,403
2025-04-29 04:20:00,2.25113,2.252,2.25059,2.25182,486
2025-04-29 04:25:00,2.25178,2.25212,2.2507099999999998,2.25099,335
2025-04-29 04:30:00,2.25101,2.25118,2.25054,2.25084,429
2025-04-29 04:35:00,2.25085,2.2511200000000002,2.24984,2.24988,367
2025-04-29 04:40:00,2.24994,2.2505100000000002,2.24983,2.25013,387
2025-04-29 04:45:00,2.25017,2.25018,2.24912,2.24941,442
2025-04-29 04:50:00,2.2494,2.24977,2.2488799999999998,2.24961,419
2025-04-29 04:55:00,2.24956,2.24968,2.24912,2.24932,328
2025-04-29 05:00:00,2.24932,2.24932,2.24808,2.24856,454
2025-04-29 05:05:00,2.24858,2.24878,2.24691,2.2476599999999998,422
2025-04-29 05:10:00,2.2476599999999998,2.24772,2.24466,2.24532,618
2025-04-29 05:15:00,2.24532,2.24698,2.24466,2.24697,567
2025-04-29 05:20:00,2.24695,2.2478,2.24684,2.24764,413
2025-04-29 05:25:00,2.24764,2.2477,2.24675,2.2475,399
2025-04-29 05:30:00,2.2475,2.24784,2.24669,2.24722,501
2025-04-29 05:35:00,2.24724,2.24796,2.24673,2.24754,441
2025-04-29 05:40:00,2.24754,2.24852,2.24717,2.24789,453
2025-04-29 05:45:00,2.24783,2.24919,2.24742,2.2488799999999998,509
2025-04-29 05:50:00,2.24892,2.24957,2.24886,2.24957,429
2025-04-29 05:55:00,2.24957,2.25134,2.24954,2.25095,459
2025-04-29 06:00:00,2.25099,2.25227,2.25036,2.252,472
2025-04-29 06:05:00,2.25215,2.25232,2.25147,2.25205,322
2025-04-29 06:10:00,2.25209,2.25299,2.25166,2.25297,344
2025-04-29 06:15:00,2.25287,2.25339,2.25215,2.25251,414
2025-04-29 06:20:00,2.25247,2.25325,2.25194,2.2527,429
2025-04-29 06:25:00,2.2527,2.25307,2.25154,2.25169,437
2025-04-29 06:30:00,2.25163,2.25214,2.25143,2.25197,335
2025-04-29 06:35:00,2.25197,2.25298,2.25184,2.2529,291
2025-04-29 06:40:00,2.2529,2.25297,2.25178,2.25196,277
2025-04-29 06:45:00,2.25196,2.25297,2.25159,2.25287,394
2025-04-29 06:50:00,2.2528,2.2529500000000002,2.25232,2.25256,336
2025-04-29 06:55:00,2.2525399999999998,2.2525399999999998,2.25199,2.2523400000000002,244
2025-04-29 07:00:00,2.25232,2.2524100000000002,2.25085,2.2522,248
2025-04-29 07:05:00,2.2522,2.25299,2.2522,2.25299,148
2025-04-29 07:10:00,2.25299,2.25323,2.25267,2.25275,195
2025-04-29 07:15:00,2.25275,2.25307,2.25236,2.25307,182
2025-04-29 07:20:00,2.25311,2.25334,2.25276,2.25299,258
2025-04-29 07:25:00,2.25299,2.25308,2.2524100000000002,2.25308,232
2025-04-29 07:30:00,2.25312,2.25347,2.2526,2.2534,240
2025-04-29 07:35:00,2.2534,2.25364,2.25283,2.25288,282
2025-04-29 07:40:00,2.25288,2.25378,2.25283,2.2536300000000002,367
2025-04-29 07:45:00,2.2536300000000002,2.25392,2.25231,2.25261,404
2025-04-29 07:50:00,2.25262,2.25281,2.25083,2.25106,375
2025-04-29 07:55:00,2.25106,2.25106,2.25005,2.2508,273
2025-04-29 08:00:00,2.25083,2.25123,2.25008,2.25032,374
2025-04-29 08:05:00,2.25026,2.25138,2.25011,2.25136,333
2025-04-29 08:10:00,2.25136,2.2517,2.25076,2.25099,188
2025-04-29 08:15:00,2.25098,2.25121,2.2506399999999998,2.25114,240
2025-04-29 08:20:00,2.25114,2.25163,2.25056,2.25163,287
2025-04-29 08:25:00,2.25163,2.25164,2.25089,2.25141,235
2025-04-29 08:30:00,2.25141,2.2525399999999998,2.25116,2.25176,282
2025-04-29 08:35:00,2.25179,2.25215,2.25147,2.25215,279
2025-04-29 08:40:00,2.25212,2.25215,2.25121,2.25148,290
2025-04-29 08:45:00,2.25147,2.25222,2.25114,2.25214,341
2025-04-29 08:50:00,2.25199,2.25231,2.25164,2.2519299999999998,265
2025-04-29 08:55:00,2.25191,2.25199,2.25116,2.25121,261
2025-04-29 09:00:00,2.25129,2.25147,2.2505,2.25086,449
2025-04-29 09:05:00,2.25088,2.25122,2.2500999999999998,2.25106,426
2025-04-29 09:10:00,2.25108,2.25126,2.24979,2.25002,513
2025-04-29 09:15:00,2.2500299999999998,2.25042,2.24885,2.24935,443
2025-04-29 09:20:00,2.24938,2.24989,2.24909,2.24909,410
2025-04-29 09:25:00,2.24917,2.2492,2.24851,2.24866,360
2025-04-29 09:30:00,2.24863,2.24882,2.24745,2.24755,359
2025-04-29 09:35:00,2.24759,2.24798,2.24707,2.24767,347
2025-04-29 09:40:00,2.24764,2.24819,2.24675,2.24811,382
2025-04-29 09:45:00,2.2481,2.24903,2.248,2.24845,383
2025-04-29 09:50:00,2.24849,2.24879,2.24812,2.24863,390
2025-04-29 09:55:00,2.2487,2.24908,2.24832,2.24855,556
2025-04-29 10:00:00,2.24854,2.24956,2.2476599999999998,2.2483,588
2025-04-29 10:05:00,2.24828,2.24874,2.24778,2.24852,531
2025-04-29 10:10:00,2.24859,2.24896,2.24814,2.24839,449
2025-04-29 10:15:00,2.24842,2.24879,2.24708,2.24708,545
2025-04-29 10:20:00,2.24712,2.24731,2.2455600000000002,2.24604,479
2025-04-29 10:25:00,2.24603,2.24678,2.24552,2.24565,480
2025-04-29 10:30:00,2.24567,2.24568,2.24458,2.24528,470
2025-04-29 10:35:00,2.2453,2.2468,2.24476,2.24661,471
2025-04-29 10:40:00,2.24657,2.24682,2.2456,2.24604,420
2025-04-29 10:45:00,2.24602,2.24602,2.2446,2.24465,485
2025-04-29 10:50:00,2.24466,2.2449,2.24408,2.24473,549
2025-04-29 10:55:00,2.24473,2.24562,2.24468,2.24524,507
2025-04-29 11:00:00,2.24525,2.2455,2.24474,2.24532,496
2025-04-29 11:05:00,2.24535,2.24691,2.24505,2.2468,518
2025-04-29 11:10:00,2.24676,2.24694,2.24619,2.24633,636
2025-04-29 11:15:00,2.24633,2.24649,2.24578,2.24615,524
2025-04-29 11:20:00,2.24613,2.24748,2.24607,2.24728,397
2025-04-29 11:25:00,2.24725,2.24736,2.24602,2.24639,359
2025-04-29 11:30:00,2.24643,2.24768,2.24641,2.2474600000000002,433
2025-04-29 11:35:00,2.24748,2.24751,2.24606,2.24686,395
2025-04-29 11:40:00,2.24693,2.24726,2.2463,2.24667,517
2025-04-29 11:45:00,2.24666,2.24711,2.246,2.2461,370
2025-04-29 11:50:00,2.24604,2.24712,2.24599,2.24694,461
2025-04-29 11:55:00,2.24696,2.24753,2.24676,2.24726,479
2025-04-29 12:00:00,2.24722,2.24735,2.24662,2.24694,442
2025-04-29 12:05:00,2.24694,2.24784,2.2468500000000002,2.24764,439
2025-04-29 12:10:00,2.24764,2.2489,2.24728,2.24878,423
2025-04-29 12:15:00,2.24871,2.24906,2.24834,2.24853,383
2025-04-29 12:20:00,2.24851,2.24905,2.24823,2.24863,401
2025-04-29 12:25:00,2.24863,2.2486800000000002,2.24749,2.24783,360
2025-04-29 12:30:00,2.24779,2.24847,2.2477,2.24806,441
2025-04-29 12:35:00,2.24806,2.24837,2.24777,2.24797,374
2025-04-29 12:40:00,2.24797,2.24814,2.24737,2.24737,354
2025-04-29 12:45:00,2.24737,2.24851,2.24691,2.24851,467
2025-04-29 12:50:00,2.2484,2.24844,2.24731,2.24755,401
2025-04-29 12:55:00,2.24755,2.24825,2.24745,2.24815,343
2025-04-29 13:00:00,2.24815,2.24824,2.24753,2.24822,421
2025-04-29 13:05:00,2.24822,2.24824,2.24763,2.24808,313
2025-04-29 13:10:00,2.2481,2.24877,2.24808,2.24824,340
2025-04-29 13:15:00,2.24828,2.24828,2.24693,2.24729,409
2025-04-29 13:20:00,2.2473,2.2473,2.24594,2.2466,384
2025-04-29 13:25:00,2.24657,2.24657,2.24569,2.24613,381
2025-04-29 13:30:00,2.24622,2.24695,2.24612,2.24688,380
2025-04-29 13:35:00,2.24682,2.24718,2.24616,2.24628,400
2025-04-29 13:40:00,2.24631,2.2470499999999998,2.24617,2.24671,325
2025-04-29 13:45:00,2.24667,2.24754,2.24647,2.24717,341
2025-04-29 13:50:00,2.24719,2.2478,2.24684,2.2476599999999998,353
2025-04-29 13:55:00,2.2476599999999998,2.24924,2.2476599999999998,2.24917,514
2025-04-29 14:00:00,2.24915,2.24941,2.24829,2.2484,439
2025-04-29 14:05:00,2.24838,2.24877,2.2479,2.24877,306
2025-04-29 14:10:00,2.2487,2.24917,2.24837,2.24875,284
2025-04-29 14:15:00,2.24873,2.24894,2.24845,2.24866,258
2025-04-29 14:20:00,2.24866,2.24924,2.2482699999999998,2.24909,341
2025-04-29 14:25:00,2.24905,2.24958,2.24897,2.24958,260
2025-04-29 14:30:00,2.24958,2.25007,2.24883,2.24904,332
2025-04-29 14:35:00,2.24904,2.24904,2.24853,2.24893,297
2025-04-29 14:40:00,2.24895,2.24917,2.24837,2.24899,293
2025-04-29 14:45:00,2.24907,2.2493,2.2486,2.24878,223
2025-04-29 14:50:00,2.24875,2.24931,2.24852,2.2492,271
2025-04-29 14:55:00,2.24919,2.24936,2.24872,2.24883,355
2025-04-29 15:00:00,2.24884,2.24894,2.2476,2.24826,346
2025-04-29 15:05:00,2.24828,2.24852,2.24765,2.24765,280
2025-04-29 15:10:00,2.24771,2.24782,2.2473,2.24777,270
2025-04-29 15:15:00,2.24779,2.24875,2.24759,2.24845,259
2025-04-29 15:20:00,2.24847,2.24852,2.24797,2.24843,326
2025-04-29 15:25:00,2.24843,2.2488799999999998,2.24824,2.24858,392
2025-04-29 15:30:00,2.24864,2.24866,2.24803,2.2484,393
2025-04-29 15:35:00,2.2484,2.24935,2.24815,2.2488799999999998,361
2025-04-29 15:40:00,2.2488799999999998,2.24937,2.24835,2.24919,447
2025-04-29 15:45:00,2.24919,2.24937,2.24846,2.24916,576
2025-04-29 15:50:00,2.24914,2.25007,2.2491,2.24974,545
2025-04-29 15:55:00,2.24974,2.25094,2.24954,2.25076,636
2025-04-29 16:00:00,2.25076,2.25383,2.25039,2.25314,667
2025-04-29 16:05:00,2.25318,2.2543,2.25261,2.25427,541
2025-04-29 16:10:00,2.25423,2.2554,2.25371,2.25491,536
2025-04-29 16:15:00,2.25491,2.25491,2.25347,2.25361,458
2025-04-29 16:20:00,2.25357,2.25465,2.25317,2.25432,469
2025-04-29 16:25:00,2.25432,2.25526,2.25404,2.25463,450
2025-04-29 16:30:00,2.25459,2.25523,2.25429,2.25479,478
2025-04-29 16:35:00,2.25479,2.25503,2.25446,2.25486,489
2025-04-29 16:40:00,2.2548,2.2548,2.25377,2.25419,535
2025-04-29 16:45:00,2.25419,2.25771,2.2541700000000002,2.25755,540
2025-04-29 16:50:00,2.25754,2.2586,2.25689,2.25692,777
2025-04-29 16:55:00,2.2568099999999998,2.2575,2.25649,2.2566100000000002,561
2025-04-29 17:00:00,2.25604,2.25984,2.25558,2.25866,816
2025-04-29 17:05:00,2.2586399999999998,2.25956,2.25852,2.25931,703
2025-04-29 17:10:00,2.25931,2.25979,2.25887,2.25945,593
2025-04-29 17:15:00,2.25943,2.25976,2.25893,2.25962,569
2025-04-29 17:20:00,2.25962,2.2605399999999998,2.25956,2.26,522
2025-04-29 17:25:00,2.25999,2.2614,2.25978,2.2614,495
2025-04-29 17:30:00,2.2614,2.26143,2.26031,2.26052,583
2025-04-29 17:35:00,2.26052,2.26082,2.2594,2.2598599999999998,543
2025-04-29 17:40:00,2.25982,2.26014,2.25918,2.25937,518
2025-04-29 17:45:00,2.25935,2.25956,2.25855,2.25937,552
2025-04-29 17:50:00,2.25926,2.25979,2.2576,2.25772,656
2025-04-29 17:55:00,2.25774,2.25774,2.25594,2.2566100000000002,713
2025-04-29 18:00:00,2.25659,2.25707,2.25594,2.25656,672
2025-04-29 18:05:00,2.2566,2.25702,2.25616,2.25632,496
2025-04-29 18:10:00,2.25634,2.2564,2.2556,2.2557,420
2025-04-29 18:15:00,2.25569,2.25569,2.25457,2.2550499999999998,403
2025-04-29 18:20:00,2.2550499999999998,2.25523,2.25426,2.25455,418
2025-04-29 18:25:00,2.25453,2.25502,2.25405,2.25495,371
2025-04-29 18:30:00,2.25497,2.25678,2.25497,2.25674,390
2025-04-29 18:35:00,2.25674,2.25693,2.25586,2.25671,437
2025-04-29 18:40:00,2.25671,2.25677,2.2554,2.25555,390
2025-04-29 18:45:00,2.25554,2.25569,2.25503,2.25525,424
2025-04-29 18:50:00,2.25531,2.25549,2.25488,2.25525,396
2025-04-29 18:55:00,2.25521,2.25551,2.25472,2.25537,454
2025-04-29 19:00:00,2.2553900000000002,2.25549,2.25454,2.25466,447
2025-04-29 19:05:00,2.25466,2.25516,2.25432,2.25514,430
2025-04-29 19:10:00,2.25516,2.25522,2.25408,2.25443,435
2025-04-29 19:15:00,2.25439,2.25563,2.25435,2.25545,461
2025-04-29 19:20:00,2.2554600000000002,2.25584,2.25455,2.25455,467
2025-04-29 19:25:00,2.2546,2.2556599999999998,2.25439,2.2553900000000002,481
2025-04-29 19:30:00,2.2553900000000002,2.25586,2.25481,2.2548500000000002,322
2025-04-29 19:35:00,2.2548500000000002,2.25525,2.25468,2.25511,370
2025-04-29 19:40:00,2.25511,2.25536,2.25462,2.2549,331
2025-04-29 19:45:00,2.2549,2.25573,2.2548500000000002,2.2554600000000002,360
2025-04-29 19:50:00,2.25548,2.25548,2.25489,2.2549799999999998,340
2025-04-29 19:55:00,2.25497,2.25596,2.25496,2.25574,366
2025-04-29 20:00:00,2.2558,2.25603,2.2554600000000002,2.25595,335
2025-04-29 20:05:00,2.25597,2.25606,2.25555,2.25587,267
2025-04-29 20:10:00,2.25589,2.25626,2.25544,2.2554600000000002,339
2025-04-29 20:15:00,2.2554600000000002,2.2556599999999998,2.25514,2.25552,316
2025-04-29 20:20:00,2.25552,2.25552,2.25443,2.25451,292
2025-04-29 20:25:00,2.25448,2.25503,2.2542400000000002,2.25431,341
2025-04-29 20:30:00,2.25433,2.25504,2.25431,2.25495,234
2025-04-29 20:35:00,2.25496,2.2555899999999998,2.25496,2.25553,226
2025-04-29 20:40:00,2.25544,2.25551,2.25426,2.25442,280
2025-04-29 20:45:00,2.2544,2.2548,2.25367,2.25383,305
2025-04-29 20:50:00,2.25381,2.25416,2.25355,2.2541,228
2025-04-29 20:55:00,2.2541,2.2541,2.25332,2.25381,291
2025-04-29 21:00:00,2.25381,2.25474,2.25381,2.25463,331
2025-04-29 21:05:00,2.25461,2.25481,2.25443,2.25474,335
2025-04-29 21:10:00,2.25474,2.25588,2.25469,2.25563,426
2025-04-29 21:15:00,2.25561,2.25605,2.25526,2.25591,294
2025-04-29 21:20:00,2.25585,2.25601,2.2553900000000002,2.25589,341
2025-04-29 21:25:00,2.25589,2.25591,2.25535,2.25542,265
2025-04-29 21:30:00,2.25541,2.25549,2.25507,2.25509,242
2025-04-29 21:35:00,2.25509,2.25518,2.25458,2.25469,212
2025-04-29 21:40:00,2.25465,2.25525,2.25454,2.25521,346
2025-04-29 21:45:00,2.25523,2.2554,2.2549799999999998,2.2554,277
2025-04-29 21:50:00,2.2554,2.2560000000000002,2.25531,2.2554,233
2025-04-29 21:55:00,2.25541,2.25603,2.25515,2.25598,333
2025-04-29 22:00:00,2.25618,2.25621,2.25519,2.2557,339
2025-04-29 22:05:00,2.25568,2.25569,2.25497,2.25527,309
2025-04-29 22:10:00,2.25527,2.25594,2.25514,2.25586,258
2025-04-29 22:15:00,2.25586,2.25592,2.25552,2.25556,206
2025-04-29 22:20:00,2.25556,2.25611,2.25556,2.25576,164
2025-04-29 22:25:00,2.25576,2.25643,2.25574,2.25635,258
2025-04-29 22:30:00,2.25631,2.25644,2.25582,2.25639,224
2025-04-29 22:35:00,2.2564,2.25698,2.25622,2.25633,189
2025-04-29 22:40:00,2.25632,2.25659,2.25611,2.25648,184
2025-04-29 22:45:00,2.25648,2.25676,2.25626,2.25643,237
2025-04-29 22:50:00,2.25624,2.25714,2.25608,2.25712,258
2025-04-29 22:55:00,2.25714,2.25743,2.25643,2.257,303
2025-04-29 23:00:00,2.25704,2.25743,2.2568,2.25728,154
2025-04-29 23:05:00,2.25726,2.25775,2.25726,2.25773,113
2025-04-29 23:10:00,2.25773,2.25791,2.25726,2.25741,155
2025-04-29 23:15:00,2.25741,2.2574899999999998,2.25678,2.25723,112
2025-04-29 23:20:00,2.25716,2.2574199999999998,2.25714,2.25735,132
2025-04-29 23:25:00,2.25735,2.2578,2.25734,2.25757,123
2025-04-29 23:30:00,2.25757,2.25781,2.25754,2.25754,125
2025-04-29 23:35:00,2.25754,2.25762,2.25712,2.25756,157
2025-04-29 23:40:00,2.25756,2.25756,2.25495,2.25533,123
2025-04-29 23:45:00,2.25535,2.25535,2.2549,2.25501,170
2025-04-29 23:50:00,2.255,2.25792,2.25484,2.25732,213
2025-04-29 23:55:00,2.25727,2.26019,2.25727,2.25969,312
2025-04-30 00:00:00,2.25975,2.25975,2.25281,2.25321,11
2025-04-30 00:05:00,2.25583,2.25892,2.25334,2.25368,69
2025-04-30 00:10:00,2.2537,2.25398,2.25338,2.25352,48
2025-04-30 00:15:00,2.25352,2.25576,2.25338,2.25572,57
2025-04-30 00:20:00,2.25572,2.25575,2.25569,2.25574,23
2025-04-30 00:25:00,2.25574,2.25586,2.25271,2.25509,66
2025-04-30 00:30:00,2.25507,2.25521,2.25475,2.25497,111
2025-04-30 00:35:00,2.25497,2.25645,2.25493,2.25624,140
2025-04-30 00:40:00,2.25624,2.25748,2.25592,2.25735,104
2025-04-30 00:45:00,2.25735,2.25865,2.25732,2.25855,155
2025-04-30 00:50:00,2.2586399999999998,2.25865,2.2579000000000002,2.25814,84
2025-04-30 00:55:00,2.25814,2.2585,2.25788,2.25839,94
2025-04-30 01:00:00,2.2585,2.26049,2.2585,2.25926,219
2025-04-30 01:05:00,2.25936,2.25936,2.25836,2.25859,143
2025-04-30 01:10:00,2.25859,2.25916,2.25858,2.2591200000000002,98
2025-04-30 01:15:00,2.2591200000000002,2.25928,2.2589,2.25923,228
2025-04-30 01:20:00,2.2592499999999998,2.25933,2.25875,2.25927,192
2025-04-30 01:25:00,2.25931,2.25975,2.25914,2.25971,126
2025-04-30 01:30:00,2.2597300000000002,2.26011,2.25956,2.25996,151
2025-04-30 01:35:00,2.25996,2.26009,2.25964,2.25991,110
2025-04-30 01:40:00,2.25991,2.26038,2.25989,2.26021,151
2025-04-30 01:45:00,2.26031,2.26033,2.2598599999999998,2.26004,137
2025-04-30 01:50:00,2.26004,2.26015,2.25972,2.25994,125
2025-04-30 01:55:00,2.25996,2.26013,2.25962,2.26002,141
2025-04-30 02:00:00,2.26005,2.26005,2.25967,2.25985,239
2025-04-30 02:05:00,2.25989,2.25998,2.25972,2.2599,172
2025-04-30 02:10:00,2.25992,2.25995,2.25929,2.25941,135
2025-04-30 02:15:00,2.25943,2.25948,2.25868,2.25868,224
2025-04-30 02:20:00,2.25868,2.25903,2.25856,2.2587099999999998,212
2025-04-30 02:25:00,2.2587099999999998,2.25884,2.25788,2.25813,198
2025-04-30 02:30:00,2.25817,2.25825,2.25766,2.25772,207
2025-04-30 02:35:00,2.25775,2.25801,2.25748,2.25781,153
2025-04-30 02:40:00,2.25781,2.25859,2.25767,2.2584400000000002,139
2025-04-30 02:45:00,2.25849,2.25902,2.25834,2.25875,150
2025-04-30 02:50:00,2.25873,2.25876,2.25813,2.25849,159
2025-04-30 02:55:00,2.25841,2.25891,2.25805,2.25809,245
2025-04-30 03:00:00,2.25816,2.2587099999999998,2.2579000000000002,2.25866,460
2025-04-30 03:05:00,2.2586399999999998,2.25869,2.2580999999999998,2.25842,316
2025-04-30 03:10:00,2.25842,2.25868,2.25809,2.25835,319
2025-04-30 03:15:00,2.2583,2.25876,2.25796,2.2587099999999998,289
2025-04-30 03:20:00,2.25869,2.2594,2.25852,2.25892,293
2025-04-30 03:25:00,2.25894,2.25908,2.25854,2.2589,261
2025-04-30 03:30:00,2.25898,2.25961,2.2586399999999998,2.25947,308
2025-04-30 03:35:00,2.2595,2.25959,2.25899,2.25936,253
2025-04-30 03:40:00,2.2594,2.25948,2.25866,2.25942,307
2025-04-30 03:45:00,2.25945,2.25997,2.25918,2.2598,248
2025-04-30 03:50:00,2.2598,2.2602,2.25907,2.26015,513
2025-04-30 03:55:00,2.26024,2.26062,2.2596600000000002,2.25992,501
2025-04-30 04:00:00,2.26001,2.26071,2.2595,2.25954,317
2025-04-30 04:05:00,2.25952,2.26049,2.25944,2.25971,279
2025-04-30 04:10:00,2.25959,2.25992,2.2592,2.25961,322
2025-04-30 04:15:00,2.2596,2.25965,2.25879,2.25898,466
2025-04-30 04:20:00,2.25894,2.25971,2.25883,2.25945,239
2025-04-30 04:25:00,2.25933,2.26007,2.2588,2.25896,290
2025-04-30 04:30:00,2.25885,2.25955,2.25542,2.25635,637
2025-04-30 04:35:00,2.25635,2.25824,2.25625,2.25811,483
2025-04-30 04:40:00,2.25811,2.25845,2.25675,2.25736,448
2025-04-30 04:45:00,2.2574,2.25798,2.25685,2.2574199999999998,404
2025-04-30 04:50:00,2.25746,2.25872,2.2563,2.25839,538
2025-04-30 04:55:00,2.25842,2.25937,2.25694,2.25797,550
2025-04-30 05:00:00,2.25795,2.25799,2.25611,2.2565,496
2025-04-30 05:05:00,2.25643,2.2572,2.25639,2.25716,317
2025-04-30 05:10:00,2.25718,2.25821,2.25679,2.25793,356
2025-04-30 05:15:00,2.25793,2.25807,2.25685,2.25698,287
2025-04-30 05:20:00,2.257,2.25719,2.25634,2.25674,347
2025-04-30 05:25:00,2.25682,2.25721,2.2561,2.25699,312
2025-04-30 05:30:00,2.25703,2.25765,2.2567,2.25741,423
2025-04-30 05:35:00,2.25743,2.2582,2.25728,2.25776,247
2025-04-30 05:40:00,2.2578,2.25939,2.25769,2.25884,305
2025-04-30 05:45:00,2.25887,2.25916,2.25767,2.25788,226
2025-04-30 05:50:00,2.25792,2.25827,2.25761,2.25811,378
2025-04-30 05:55:00,2.25815,2.25881,2.2577,2.2584400000000002,287
2025-04-30 06:00:00,2.25847,2.25853,2.25759,2.25801,373
2025-04-30 06:05:00,2.25805,2.25898,2.25801,2.25881,283
2025-04-30 06:10:00,2.25881,2.2591,2.25835,2.25888,286
2025-04-30 06:15:00,2.25885,2.25885,2.25755,2.2578300000000002,265
2025-04-30 06:20:00,2.25779,2.25819,2.25754,2.25777,318
2025-04-30 06:25:00,2.25778,2.25804,2.25705,2.25771,242
2025-04-30 06:30:00,2.25775,2.25898,2.25746,2.25894,339
2025-04-30 06:35:00,2.25896,2.25931,2.25823,2.25858,402
2025-04-30 06:40:00,2.2586,2.25936,2.25781,2.25927,324
2025-04-30 06:45:00,2.25928,2.2594,2.25865,2.25883,253
2025-04-30 06:50:00,2.25886,2.25886,2.25771,2.25778,261
2025-04-30 06:55:00,2.2578,2.25782,2.25614,2.25638,241
2025-04-30 07:00:00,2.2564,2.25641,2.25552,2.25586,272
2025-04-30 07:05:00,2.25586,2.25677,2.25586,2.25641,221
2025-04-30 07:10:00,2.25638,2.25674,2.2553900000000002,2.2553900000000002,275
2025-04-30 07:15:00,2.25543,2.25619,2.25501,2.25606,269
2025-04-30 07:20:00,2.2561,2.25667,2.2560000000000002,2.25641,223
2025-04-30 07:25:00,2.25639,2.25654,2.25533,2.25553,214
2025-04-30 07:30:00,2.25553,2.2567,2.2554,2.2567,240
2025-04-30 07:35:00,2.2567,2.25761,2.25667,2.25743,237
2025-04-30 07:40:00,2.25739,2.2574899999999998,2.25673,2.25693,296
2025-04-30 07:45:00,2.25693,2.25697,2.25591,2.25612,248
2025-04-30 07:50:00,2.25612,2.25651,2.2550499999999998,2.25642,237
2025-04-30 07:55:00,2.25642,2.25645,2.25542,2.25616,222
2025-04-30 08:00:00,2.25616,2.2567,2.25588,2.25647,214
2025-04-30 08:05:00,2.25651,2.25659,2.25552,2.25558,143
2025-04-30 08:10:00,2.25553,2.25585,2.25523,2.25548,196
2025-04-30 08:15:00,2.2555,2.25593,2.2552,2.25542,240
2025-04-30 08:20:00,2.25542,2.25571,2.25513,2.25534,253
2025-04-30 08:25:00,2.25534,2.25551,2.25487,2.255,247
2025-04-30 08:30:00,2.25502,2.25572,2.25489,2.25558,233
2025-04-30 08:35:00,2.2555,2.25584,2.25525,2.25569,241
2025-04-30 08:40:00,2.25569,2.25587,2.25513,2.25515,199
2025-04-30 08:45:00,2.25503,2.25527,2.25431,2.25435,169
2025-04-30 08:50:00,2.25428,2.25439,2.25349,2.2537,264
2025-04-30 08:55:00,2.25372,2.25411,2.25362,2.25388,348
2025-04-30 09:00:00,2.25373,2.2542,2.25321,2.25403,415
2025-04-30 09:05:00,2.25396,2.25453,2.25304,2.25346,394
2025-04-30 09:10:00,2.25349,2.25349,2.25236,2.25264,485
2025-04-30 09:15:00,2.25266,2.2529,2.2518000000000002,2.25278,412
2025-04-30 09:20:00,2.2528,2.25282,2.25216,2.25239,473
2025-04-30 09:25:00,2.25243,2.25267,2.25176,2.25216,453
2025-04-30 09:30:00,2.25218,2.25404,2.25217,2.25396,386
2025-04-30 09:35:00,2.254,2.25538,2.25398,2.25519,439
2025-04-30 09:40:00,2.25516,2.25657,2.25503,2.25593,478
2025-04-30 09:45:00,2.25618,2.25643,2.2555899999999998,2.25583,461
2025-04-30 09:50:00,2.25592,2.25701,2.25589,2.25664,440
2025-04-30 09:55:00,2.25664,2.25671,2.25536,2.2562699999999998,276
2025-04-30 10:00:00,2.25625,2.25769,2.25595,2.25641,442
2025-04-30 10:05:00,2.25643,2.25804,2.25643,2.25709,499
2025-04-30 10:10:00,2.25711,2.2589,2.25706,2.25881,484
2025-04-30 10:15:00,2.25882,2.25897,2.25821,2.25882,420
2025-04-30 10:20:00,2.25886,2.25891,2.25799,2.25873,456
2025-04-30 10:25:00,2.25867,2.25877,2.25791,2.25847,436
2025-04-30 10:30:00,2.2585100000000002,2.25979,2.25836,2.25874,538
2025-04-30 10:35:00,2.25876,2.26006,2.2587,2.25964,495
2025-04-30 10:40:00,2.25962,2.26006,2.25889,2.26004,399
2025-04-30 10:45:00,2.26004,2.26106,2.25957,2.25984,522
2025-04-30 10:50:00,2.25981,2.26026,2.25924,2.25935,300
2025-04-30 10:55:00,2.25945,2.25945,2.25856,2.25883,407
2025-04-30 11:00:00,2.25903,2.25961,2.25821,2.25915,619
2025-04-30 11:05:00,2.25915,2.2592499999999998,2.25782,2.25802,506
2025-04-30 11:10:00,2.25802,2.25838,2.25753,2.25822,334
2025-04-30 11:15:00,2.25818,2.25824,2.25748,2.2576,370
2025-04-30 11:20:00,2.25755,2.25841,2.25727,2.25792,434
2025-04-30 11:25:00,2.25792,2.25859,2.25788,2.25848,521
2025-04-30 11:30:00,2.25847,2.25853,2.25737,2.25775,494
2025-04-30 11:35:00,2.2577,2.25831,2.25755,2.25792,460
2025-04-30 11:40:00,2.25792,2.25852,2.25738,2.25757,466
2025-04-30 11:45:00,2.25755,2.25819,2.2572900000000002,2.25747,465
2025-04-30 11:50:00,2.25745,2.25793,2.25682,2.25768,513
2025-04-30 11:55:00,2.2577,2.25796,2.25718,2.2579000000000002,450
2025-04-30 12:00:00,2.25788,2.25806,2.25649,2.25655,506
2025-04-30 12:05:00,2.25655,2.25669,2.25524,2.25587,514
2025-04-30 12:10:00,2.25589,2.2568099999999998,2.25571,2.25673,402
2025-04-30 12:15:00,2.25672,2.2568799999999998,2.25614,2.25652,355
2025-04-30 12:20:00,2.25652,2.25725,2.25647,2.25652,320
2025-04-30 12:25:00,2.2566,2.25717,2.25592,2.25592,378
2025-04-30 12:30:00,2.25592,2.2564,2.25514,2.2555,525
2025-04-30 12:35:00,2.2555,2.25621,2.2555,2.2558,323
2025-04-30 12:40:00,2.2558,2.25586,2.2545,2.25466,314
2025-04-30 12:45:00,2.25467,2.25473,2.25405,2.25462,342
2025-04-30 12:50:00,2.25462,2.25523,2.25401,2.25443,314
2025-04-30 12:55:00,2.25438,2.25463,2.254,2.25428,466
2025-04-30 13:00:00,2.25433,2.25477,2.2535,2.25448,532
2025-04-30 13:05:00,2.25441,2.2556,2.25441,2.2556,351
2025-04-30 13:10:00,2.2556,2.25669,2.25543,2.25664,396
2025-04-30 13:15:00,2.25665,2.25693,2.2562699999999998,2.25633,358
2025-04-30 13:20:00,2.25635,2.25727,2.25613,2.25683,467
2025-04-30 13:25:00,2.2568099999999998,2.25702,2.25574,2.25592,391
2025-04-30 13:30:00,2.25592,2.25625,2.25572,2.25585,415
2025-04-30 13:35:00,2.25585,2.25619,2.25543,2.25545,437
2025-04-30 13:40:00,2.25549,2.2562699999999998,2.25541,2.25577,421
2025-04-30 13:45:00,2.25568,2.25637,2.25545,2.25606,305
2025-04-30 13:50:00,2.25606,2.25652,2.25564,2.2560700000000002,340
2025-04-30 13:55:00,2.25609,2.25656,2.25558,2.25575,396
2025-04-30 14:00:00,2.25575,2.25689,2.25561,2.25678,460
2025-04-30 14:05:00,2.25678,2.25708,2.25629,2.25662,342
2025-04-30 14:10:00,2.25663,2.25736,2.25634,2.25717,425
2025-04-30 14:15:00,2.25709,2.25741,2.25591,2.2561,324
2025-04-30 14:20:00,2.25614,2.25638,2.25532,2.25557,343
2025-04-30 14:25:00,2.25555,2.25562,2.2545,2.25456,321
2025-04-30 14:30:00,2.25457,2.25586,2.25436,2.25582,353
2025-04-30 14:35:00,2.25582,2.25632,2.25564,2.25608,368
2025-04-30 14:40:00,2.2561,2.25649,2.25578,2.25584,364
2025-04-30 14:45:00,2.25585,2.25587,2.25516,2.25537,332
2025-04-30 14:50:00,2.25535,2.25578,2.25507,2.25562,404
2025-04-30 14:55:00,2.25564,2.25564,2.25494,2.25523,370
2025-04-30 15:00:00,2.25527,2.25631,2.25492,2.25611,420
2025-04-30 15:05:00,2.25609,2.2562699999999998,2.25555,2.2560000000000002,407
2025-04-30 15:10:00,2.2560000000000002,2.25619,2.2554,2.25589,311
2025-04-30 15:15:00,2.25609,2.25671,2.25503,2.25615,641
2025-04-30 15:20:00,2.25615,2.25703,2.2557,2.257,560
2025-04-30 15:25:00,2.25696,2.25772,2.25565,2.25565,425
2025-04-30 15:30:00,2.25598,2.2593199999999998,2.25462,2.25827,864
2025-04-30 15:35:00,2.25827,2.26025,2.25818,2.26012,833
2025-04-30 15:40:00,2.2601,2.26163,2.25987,2.26109,849
2025-04-30 15:45:00,2.26103,2.2612,2.25952,2.25985,831
2025-04-30 15:50:00,2.25987,2.25988,2.2582,2.25832,704
2025-04-30 15:55:00,2.25832,2.25907,2.25766,2.25858,586
2025-04-30 16:00:00,2.25858,2.25989,2.25849,2.25946,626
2025-04-30 16:05:00,2.25948,2.25951,2.25807,2.2584,446
2025-04-30 16:10:00,2.25842,2.25842,2.25664,2.25732,618
2025-04-30 16:15:00,2.25736,2.25808,2.25703,2.25723,584
2025-04-30 16:20:00,2.25723,2.25731,2.25556,2.25583,526
2025-04-30 16:25:00,2.25586,2.25587,2.25328,2.25378,622
2025-04-30 16:30:00,2.25377,2.25561,2.25374,2.25513,718
2025-04-30 16:35:00,2.25513,2.25696,2.25496,2.25675,622
2025-04-30 16:40:00,2.25675,2.25694,2.2558,2.25585,604
2025-04-30 16:45:00,2.25601,2.25669,2.25269,2.25271,579
2025-04-30 16:50:00,2.25271,2.25507,2.25271,2.25499,702
2025-04-30 16:55:00,2.25496,2.25605,2.25393,2.25558,621
2025-04-30 17:00:00,2.25558,2.25569,2.25339,2.25465,829
2025-04-30 17:05:00,2.25469,2.25617,2.2543,2.25473,752
2025-04-30 17:10:00,2.25473,2.25475,2.25326,2.25366,689
2025-04-30 17:15:00,2.25374,2.25419,2.2531499999999998,2.25349,661
2025-04-30 17:20:00,2.25349,2.25461,2.2534,2.2538,682
2025-04-30 17:25:00,2.2538,2.25381,2.2529,2.25321,517
2025-04-30 17:30:00,2.25317,2.25338,2.2512,2.25137,534
2025-04-30 17:35:00,2.25141,2.2515,2.25072,2.25072,520
2025-04-30 17:40:00,2.25068,2.25068,2.2482699999999998,2.24884,654
2025-04-30 17:45:00,2.24886,2.2488799999999998,2.24722,2.24726,652
2025-04-30 17:50:00,2.24731,2.25052,2.2473,2.24921,941
2025-04-30 17:55:00,2.24917,2.25048,2.24845,2.25015,1000
2025-04-30 18:00:00,2.25015,2.25084,2.24934,2.2500299999999998,932
2025-04-30 18:05:00,2.2500299999999998,2.25041,2.24925,2.24977,483
2025-04-30 18:10:00,2.24969,2.25027,2.24916,2.25022,563
2025-04-30 18:15:00,2.25017,2.2504,2.24945,2.25026,535
2025-04-30 18:20:00,2.25039,2.25039,2.24781,2.24782,787
2025-04-30 18:25:00,2.24781,2.24817,2.24751,2.24759,761
2025-04-30 18:30:00,2.24761,2.24922,2.24743,2.24919,762
2025-04-30 18:35:00,2.24919,2.24988,2.24874,2.24963,616
2025-04-30 18:40:00,2.24963,2.25017,2.24857,2.24921,655
2025-04-30 18:45:00,2.24918,2.24945,2.24806,2.24818,640
2025-04-30 18:50:00,2.24816,2.24924,2.24811,2.24874,527
2025-04-30 18:55:00,2.24883,2.24911,2.2481,2.24879,518
2025-04-30 19:00:00,2.24877,2.24909,2.24815,2.24873,538
2025-04-30 19:05:00,2.24873,2.24908,2.24815,2.24836,436
2025-04-30 19:10:00,2.2484,2.24935,2.24833,2.24934,397
2025-04-30 19:15:00,2.24934,2.25007,2.24913,2.24994,490
2025-04-30 19:20:00,2.24994,2.25033,2.2494,2.24952,478
2025-04-30 19:25:00,2.24952,2.24972,2.24878,2.24899,497
2025-04-30 19:30:00,2.24898,2.25007,2.2489,2.24991,410
2025-04-30 19:35:00,2.24991,2.25061,2.24989,2.25039,379
2025-04-30 19:40:00,2.25038,2.25038,2.24984,2.25007,389
2025-04-30 19:45:00,2.25007,2.25032,2.24978,2.25013,337
2025-04-30 19:50:00,2.25009,2.2502,2.24951,2.24971,298
2025-04-30 19:55:00,2.24973,2.25,2.2495,2.24979,318
2025-04-30 20:00:00,2.24981,2.25008,2.24914,2.2492900000000002,412
2025-04-30 20:05:00,2.2492900000000002,2.24941,2.24864,2.24879,419
2025-04-30 20:10:00,2.24887,2.2493,2.24873,2.2488,400
2025-04-30 20:15:00,2.2488,2.2498,2.24856,2.24935,370
2025-04-30 20:20:00,2.24939,2.24959,2.24915,2.24919,336
2025-04-30 20:25:00,2.24919,2.24948,2.24824,2.24836,320
2025-04-30 20:30:00,2.24836,2.24849,2.24793,2.24822,346
2025-04-30 20:35:00,2.24822,2.24848,2.24744,2.24804,362
2025-04-30 20:40:00,2.24806,2.24858,2.24806,2.24832,288
2025-04-30 20:45:00,2.2482699999999998,2.2486,2.24808,2.24835,252
2025-04-30 20:50:00,2.24837,2.24845,2.2475,2.24776,364
2025-04-30 20:55:00,2.24776,2.2484,2.24758,2.24782,434
2025-04-30 21:00:00,2.24786,2.24834,2.24739,2.24757,354
2025-04-30 21:05:00,2.24757,2.24769,2.24501,2.24674,620
2025-04-30 21:10:00,2.24678,2.24692,2.24578,2.24626,499
2025-04-30 21:15:00,2.24626,2.24648,2.24487,2.24567,419
2025-04-30 21:20:00,2.24567,2.24627,2.2455600000000002,2.24621,355
2025-04-30 21:25:00,2.24622,2.2467,2.24604,2.2463,311
2025-04-30 21:30:00,2.24633,2.24672,2.2458,2.24601,368
2025-04-30 21:35:00,2.24605,2.24695,2.24603,2.24686,286
2025-04-30 21:40:00,2.24688,2.2469,2.24569,2.24607,251
2025-04-30 21:45:00,2.24605,2.2462,2.24527,2.2453,232
2025-04-30 21:50:00,2.24526,2.24542,2.24497,2.24514,212
2025-04-30 21:55:00,2.24516,2.24588,2.24497,2.24575,328
2025-04-30 22:00:00,2.24618,2.2462,2.24418,2.24433,331
2025-04-30 22:05:00,2.24433,2.24436,2.24368,2.24392,293
2025-04-30 22:10:00,2.24384,2.24406,2.24324,2.24328,284
2025-04-30 22:15:00,2.24327,2.24405,2.24321,2.24399,311
2025-04-30 22:20:00,2.24399,2.24429,2.24378,2.24421,249
2025-04-30 22:25:00,2.24425,2.24484,2.24415,2.24465,254
2025-04-30 22:30:00,2.2446099999999998,2.24505,2.24458,2.24496,340
2025-04-30 22:35:00,2.24506,2.2451,2.24447,2.24486,263
2025-04-30 22:40:00,2.24484,2.24507,2.24428,2.2447,253
2025-04-30 22:45:00,2.24466,2.2447,2.24356,2.24433,261
2025-04-30 22:50:00,2.24426,2.24426,2.24311,2.24324,333
2025-04-30 22:55:00,2.2433,2.24347,2.2427799999999998,2.2434,436
2025-04-30 23:00:00,2.24324,2.24421,2.24242,2.24417,510
2025-04-30 23:05:00,2.24418,2.24418,2.24269,2.24292,407
2025-04-30 23:10:00,2.24289,2.24382,2.24275,2.24379,204
2025-04-30 23:15:00,2.24379,2.24379,2.24303,2.24305,151
2025-04-30 23:20:00,2.24308,2.24308,2.24262,2.24286,223
2025-04-30 23:25:00,2.24292,2.24422,2.24287,2.2441,245
2025-04-30 23:30:00,2.24413,2.2448,2.24402,2.2447,248
2025-04-30 23:35:00,2.24466,2.24526,2.24447,2.24473,269
2025-04-30 23:40:00,2.24473,2.24551,2.24186,2.24477,181
2025-04-30 23:45:00,2.24266,2.2427799999999998,2.24234,2.24242,216
2025-04-30 23:50:00,2.24243,2.2425100000000002,2.24203,2.24237,275
2025-04-30 23:55:00,2.24235,2.24599,2.24224,2.2452199999999998,274
2025-05-01 00:00:00,2.24486,2.24634,2.24272,2.24272,44
2025-05-01 00:05:00,2.24224,2.24608,2.24224,2.24606,77
2025-05-01 00:10:00,2.24603,2.24603,2.23901,2.24209,67
2025-05-01 00:15:00,2.24209,2.24213,2.24152,2.24204,48
2025-05-01 00:20:00,2.24206,2.24228,2.24162,2.2417,38
2025-05-01 00:25:00,2.2417,2.24228,2.24148,2.24182,41
2025-05-01 00:30:00,2.24182,2.24242,2.2413,2.24212,91
2025-05-01 00:35:00,2.24212,2.24284,2.24176,2.24284,69
2025-05-01 00:40:00,2.24282,2.24304,2.24282,2.24301,31
2025-05-01 00:45:00,2.24294,2.24307,2.2424,2.24275,114
2025-05-01 00:50:00,2.24275,2.24289,2.24268,2.24275,108
2025-05-01 00:55:00,2.24273,2.24289,2.24232,2.24246,167
2025-05-01 01:00:00,2.24264,2.24424,2.24201,2.24375,439
2025-05-01 01:05:00,2.24375,2.2449500000000002,2.24375,2.24441,163
2025-05-01 01:10:00,2.24443,2.2448,2.24412,2.24441,199
2025-05-01 01:15:00,2.24443,2.24451,2.2436,2.2437,201
2025-05-01 01:20:00,2.24368,2.24406,2.24343,2.24391,161
2025-05-01 01:25:00,2.24392,2.24396,2.24352,2.24392,106
2025-05-01 01:30:00,2.24398,2.24398,2.24299,2.24299,148
2025-05-01 01:35:00,2.24302,2.24309,2.24224,2.24309,188
2025-05-01 01:40:00,2.24309,2.2431200000000002,2.24272,2.24302,115
2025-05-01 01:45:00,2.24305,2.24365,2.24301,2.24361,124
2025-05-01 01:50:00,2.24361,2.2438,2.2433899999999998,2.24377,98
2025-05-01 01:55:00,2.24377,2.24398,2.24325,2.24362,169
2025-05-01 02:00:00,2.24354,2.2438,2.24307,2.2438,246
2025-05-01 02:05:00,2.2438,2.24448,2.24368,2.2443400000000002,150
2025-05-01 02:10:00,2.24435,2.24498,2.24407,2.2449500000000002,189
2025-05-01 02:15:00,2.24499,2.24516,2.24444,2.24466,212
2025-05-01 02:20:00,2.24468,2.24508,2.24452,2.24471,174
2025-05-01 02:25:00,2.24471,2.24471,2.24412,2.2444,197
2025-05-01 02:30:00,2.2443400000000002,2.24484,2.24421,2.2446,250
2025-05-01 02:35:00,2.2446099999999998,2.24465,2.24413,2.24424,183
2025-05-01 02:40:00,2.24427,2.2443,2.24344,2.24364,200
2025-05-01 02:45:00,2.24364,2.24378,2.24208,2.24219,156
2025-05-01 02:50:00,2.24219,2.24291,2.24193,2.24248,182
2025-05-01 02:55:00,2.24249,2.24377,2.24232,2.24359,182
2025-05-01 03:00:00,2.24352,2.24352,2.24259,2.24276,526
2025-05-01 03:05:00,2.24276,2.24337,2.24261,2.24328,219
2025-05-01 03:10:00,2.24328,2.24358,2.24284,2.24346,309
2025-05-01 03:15:00,2.24348,2.2436,2.24282,2.24299,287
2025-05-01 03:20:00,2.24299,2.24347,2.24187,2.24226,331
2025-05-01 03:25:00,2.24228,2.24266,2.24182,2.2425100000000002,332
2025-05-01 03:30:00,2.2424,2.24268,2.24152,2.24222,292
2025-05-01 03:35:00,2.24226,2.24265,2.24166,2.24171,256
2025-05-01 03:40:00,2.24173,2.24194,2.24086,2.24089,313
2025-05-01 03:45:00,2.24089,2.24127,2.2403,2.24052,423
2025-05-01 03:50:00,2.24048,2.2412900000000002,2.24026,2.24098,474
2025-05-01 03:55:00,2.24104,2.24116,2.2399,2.24001,403
2025-05-01 04:00:00,2.24009,2.24138,2.23996,2.24138,297
2025-05-01 04:05:00,2.24132,2.24192,2.2406,2.24077,353
2025-05-01 04:10:00,2.24078,2.2417,2.24043,2.24093,411
2025-05-01 04:15:00,2.24091,2.24177,2.24087,2.24151,281
2025-05-01 04:20:00,2.24153,2.2416,2.24057,2.2411,265
2025-05-01 04:25:00,2.24112,2.24143,2.2407,2.24126,293
2025-05-01 04:30:00,2.2412900000000002,2.24152,2.24071,2.241,316
2025-05-01 04:35:00,2.24101,2.24152,2.24054,2.24119,198
2025-05-01 04:40:00,2.24121,2.24167,2.24104,2.24134,326
2025-05-01 04:45:00,2.24134,2.24232,2.24103,2.24194,238
2025-05-01 04:50:00,2.24198,2.24232,2.24123,2.2414,345
2025-05-01 04:55:00,2.24144,2.24184,2.24123,2.2416,257
2025-05-01 05:00:00,2.24162,2.24173,2.24103,2.24168,232
2025-05-01 05:05:00,2.24168,2.24168,2.24057,2.24124,223
2025-05-01 05:10:00,2.24123,2.24177,2.24086,2.24132,224
2025-05-01 05:15:00,2.24132,2.24147,2.24088,2.24113,179
2025-05-01 05:20:00,2.24117,2.24123,2.24024,2.24041,227
2025-05-01 05:25:00,2.24037,2.24098,2.24037,2.24081,217
2025-05-01 05:30:00,2.24074,2.24083,2.23909,2.23921,242
2025-05-01 05:35:00,2.23919,2.23921,2.23684,2.23697,260
2025-05-01 05:40:00,2.2371,2.23814,2.23684,2.23788,247
2025-05-01 05:45:00,2.23792,2.23893,2.23768,2.2387,217
2025-05-01 05:50:00,2.23866,2.23918,2.23842,2.23875,163
2025-05-01 05:55:00,2.23872,2.23872,2.23807,2.23811,170
2025-05-01 06:00:00,2.23822,2.23908,2.23821,2.23879,461
2025-05-01 06:05:00,2.2387,2.24059,2.23818,2.24057,463
2025-05-01 06:10:00,2.2407,2.24092,2.23962,2.24003,365
2025-05-01 06:15:00,2.24003,2.24021,2.23905,2.23951,369
2025-05-01 06:20:00,2.23953,2.23988,2.23896,2.23903,315
2025-05-01 06:25:00,2.23901,2.24,2.23881,2.23943,259
2025-05-01 06:30:00,2.23945,2.23974,2.23883,2.23965,427
2025-05-01 06:35:00,2.23967,2.23969,2.23814,2.23825,429
2025-05-01 06:40:00,2.23832,2.23942,2.23819,2.23857,357
2025-05-01 06:45:00,2.23861,2.2388,2.2377,2.23805,374
2025-05-01 06:50:00,2.23801,2.23819,2.23695,2.23709,314
2025-05-01 06:55:00,2.23709,2.23784,2.23672,2.23781,239
2025-05-01 07:00:00,2.23781,2.23787,2.23699,2.23783,347
2025-05-01 07:05:00,2.23783,2.23914,2.23761,2.23772,262
2025-05-01 07:10:00,2.23761,2.23775,2.23717,2.23729,257
2025-05-01 07:15:00,2.23729,2.23788,2.23723,2.23733,223
2025-05-01 07:20:00,2.2374,2.23901,2.23725,2.23884,327
2025-05-01 07:25:00,2.23884,2.23886,2.23814,2.23823,278
2025-05-01 07:30:00,2.23823,2.23833,2.23686,2.23716,282
2025-05-01 07:35:00,2.2372,2.23778,2.23664,2.23677,275
2025-05-01 07:40:00,2.23679,2.2374,2.23674,2.2372199999999998,254
2025-05-01 07:45:00,2.23723,2.23781,2.2369,2.23757,224
2025-05-01 07:50:00,2.23757,2.23784,2.23728,2.23769,234
2025-05-01 07:55:00,2.23767,2.23778,2.23682,2.23682,308
2025-05-01 08:00:00,2.23682,2.2369,2.23614,2.23668,301
2025-05-01 08:05:00,2.23668,2.23787,2.23664,2.2374,277
2025-05-01 08:10:00,2.2374,2.2381,2.23692,2.23778,243
2025-05-01 08:15:00,2.23782,2.23797,2.23693,2.23737,244
2025-05-01 08:20:00,2.23737,2.23927,2.23735,2.23891,368
2025-05-01 08:25:00,2.23896,2.23966,2.23869,2.23949,477
2025-05-01 08:30:00,2.23949,2.24038,2.23933,2.23963,432
2025-05-01 08:35:00,2.23963,2.23972,2.23866,2.23905,260
2025-05-01 08:40:00,2.23905,2.23994,2.23866,2.23992,331
2025-05-01 08:45:00,2.23992,2.2412900000000002,2.23992,2.24092,254
2025-05-01 08:50:00,2.24096,2.24206,2.24085,2.24135,351
2025-05-01 08:55:00,2.24131,2.24151,2.24097,2.24126,333
2025-05-01 09:00:00,2.24116,2.24149,2.24056,2.24111,384
2025-05-01 09:05:00,2.24112,2.24112,2.23932,2.23978,409
2025-05-01 09:10:00,2.23978,2.24061,2.23959,2.24045,371
2025-05-01 09:15:00,2.24045,2.24081,2.23992,2.24009,357
2025-05-01 09:20:00,2.24009,2.24037,2.23968,2.23992,369
2025-05-01 09:25:00,2.23992,2.24018,2.23904,2.2391199999999998,294
2025-05-01 09:30:00,2.23907,2.24043,2.23907,2.24011,451
2025-05-01 09:35:00,2.2401,2.24043,2.23978,2.24003,393
2025-05-01 09:40:00,2.24003,2.24023,2.23952,2.24004,425
2025-05-01 09:45:00,2.24004,2.2400700000000002,2.23901,2.23916,529
2025-05-01 09:50:00,2.23916,2.23974,2.23888,2.23892,521
2025-05-01 09:55:00,2.23892,2.23949,2.23887,2.23915,596
2025-05-01 10:00:00,2.23917,2.23986,2.23877,2.23907,727
2025-05-01 10:05:00,2.23911,2.24089,2.23876,2.24036,637
2025-05-01 10:10:00,2.24036,2.24113,2.24028,2.24074,422
2025-05-01 10:15:00,2.24079,2.2409,2.23978,2.2408,446
2025-05-01 10:20:00,2.24082,2.24219,2.24069,2.2421699999999998,474
2025-05-01 10:25:00,2.2421699999999998,2.24231,2.24136,2.24183,336
2025-05-01 10:30:00,2.24189,2.24246,2.24109,2.24246,421
2025-05-01 10:35:00,2.24244,2.24364,2.24199,2.24355,513
2025-05-01 10:40:00,2.24353,2.24396,2.243,2.24358,360
2025-05-01 10:45:00,2.24354,2.24411,2.24328,2.24398,439
2025-05-01 10:50:00,2.2439999999999998,2.24463,2.24365,2.24445,355
2025-05-01 10:55:00,2.24445,2.24545,2.24444,2.24534,404
2025-05-01 11:00:00,2.24531,2.24626,2.24531,2.24619,496
2025-05-01 11:05:00,2.24619,2.24681,2.24557,2.24667,498
2025-05-01 11:10:00,2.24671,2.24696,2.24608,2.24651,358
2025-05-01 11:15:00,2.24653,2.24667,2.24589,2.24621,372
2025-05-01 11:20:00,2.24621,2.24689,2.24595,2.24633,502
2025-05-01 11:25:00,2.24629,2.24663,2.24539,2.24574,325
2025-05-01 11:30:00,2.2458,2.24683,2.24572,2.24679,376
2025-05-01 11:35:00,2.24677,2.24754,2.24662,2.2474600000000002,343
2025-05-01 11:40:00,2.2474600000000002,2.24811,2.24739,2.24784,382
2025-05-01 11:45:00,2.24778,2.24825,2.24772,2.24814,319
2025-05-01 11:50:00,2.24814,2.24836,2.2475,2.24824,378
2025-05-01 11:55:00,2.24824,2.24833,2.24712,2.24731,307
2025-05-01 12:00:00,2.24731,2.24736,2.24588,2.24674,426
2025-05-01 12:05:00,2.24671,2.2472,2.24643,2.24703,357
2025-05-01 12:10:00,2.24703,2.24792,2.24701,2.24785,394
2025-05-01 12:15:00,2.24785,2.24817,2.2474,2.2474,458
2025-05-01 12:20:00,2.24742,2.24802,2.2474,2.24777,336
2025-05-01 12:25:00,2.24784,2.24816,2.24751,2.24798,335
2025-05-01 12:30:00,2.248,2.24817,2.24743,2.24802,383
2025-05-01 12:35:00,2.24804,2.2486,2.24796,2.24835,260
2025-05-01 12:40:00,2.24839,2.24853,2.24806,2.24826,277
2025-05-01 12:45:00,2.24828,2.24933,2.24808,2.24902,269
2025-05-01 12:50:00,2.24901,2.24921,2.2485,2.24874,266
2025-05-01 12:55:00,2.24886,2.25036,2.24873,2.25009,502
2025-05-01 13:00:00,2.25012,2.25105,2.24985,2.25086,434
2025-05-01 13:05:00,2.25086,2.2515,2.25067,2.2509,259
2025-05-01 13:10:00,2.25089,2.2512,2.2504,2.25095,267
2025-05-01 13:15:00,2.25096,2.25138,2.2505100000000002,2.25136,270
2025-05-01 13:20:00,2.25136,2.2518599999999998,2.251,2.2517,308
2025-05-01 13:25:00,2.25166,2.25175,2.25115,2.25167,373
2025-05-01 13:30:00,2.25167,2.25179,2.25087,2.25121,344
2025-05-01 13:35:00,2.2512499999999998,2.25148,2.24994,2.2502,370
2025-05-01 13:40:00,2.25016,2.2507099999999998,2.24946,2.2495,367
2025-05-01 13:45:00,2.24953,2.25011,2.2493,2.24932,417
2025-05-01 13:50:00,2.24932,2.24934,2.2484,2.24842,402
2025-05-01 13:55:00,2.24842,2.24892,2.2483,2.24866,415
2025-05-01 14:00:00,2.24862,2.24952,2.24857,2.24881,482
2025-05-01 14:05:00,2.24883,2.25019,2.24853,2.25005,375
2025-05-01 14:10:00,2.2500299999999998,2.2503,2.24932,2.24985,286
2025-05-01 14:15:00,2.24983,2.24993,2.24902,2.2494899999999998,448
2025-05-01 14:20:00,2.24957,2.24989,2.24884,2.24956,377
2025-05-01 14:25:00,2.24956,2.24971,2.24904,2.2496,267
2025-05-01 14:30:00,2.24959,2.24982,2.2493,2.24938,277
2025-05-01 14:35:00,2.24938,2.24954,2.24832,2.24889,240
2025-05-01 14:40:00,2.24892,2.24935,2.24866,2.24913,288
2025-05-01 14:45:00,2.24913,2.24961,2.249,2.24933,325
2025-05-01 14:50:00,2.24935,2.24947,2.24786,2.24928,341
2025-05-01 14:55:00,2.24932,2.24936,2.24842,2.24846,342
2025-05-01 15:00:00,2.24846,2.24969,2.24846,2.24952,371
2025-05-01 15:05:00,2.24952,2.24979,2.24896,2.24938,339
2025-05-01 15:10:00,2.24941,2.24991,2.24885,2.24898,462
2025-05-01 15:15:00,2.24903,2.2495,2.24872,2.24897,419
2025-05-01 15:20:00,2.24897,2.24978,2.24866,2.24971,474
2025-05-01 15:25:00,2.24973,2.25142,2.24957,2.25049,421
2025-05-01 15:30:00,2.25068,2.25168,2.24921,2.24986,843
2025-05-01 15:35:00,2.24986,2.25033,2.24898,2.24982,689
2025-05-01 15:40:00,2.24982,2.24989,2.2489,2.2495,652
2025-05-01 15:45:00,2.2495,2.24976,2.2489,2.24913,586
2025-05-01 15:50:00,2.24913,2.24924,2.24833,2.24866,567
2025-05-01 15:55:00,2.24858,2.24996,2.24852,2.24985,462
2025-05-01 16:00:00,2.24991,2.2507099999999998,2.24979,2.25041,515
2025-05-01 16:05:00,2.2504,2.25062,2.2487,2.24885,504
2025-05-01 16:10:00,2.24886,2.24973,2.24873,2.24951,451
2025-05-01 16:15:00,2.24951,2.25073,2.2494899999999998,2.25017,479
2025-05-01 16:20:00,2.25017,2.25023,2.24848,2.24852,475
2025-05-01 16:25:00,2.24854,2.24882,2.24804,2.2483,453
2025-05-01 16:30:00,2.24832,2.2495,2.24822,2.24945,601
2025-05-01 16:35:00,2.24945,2.24989,2.24877,2.24973,516
2025-05-01 16:40:00,2.24964,2.25011,2.24896,2.24926,412
2025-05-01 16:45:00,2.24926,2.24972,2.24896,2.24907,541
2025-05-01 16:50:00,2.24906,2.24928,2.24814,2.24841,529
2025-05-01 16:55:00,2.24837,2.24982,2.24837,2.24907,435
2025-05-01 17:00:00,2.24903,2.25043,2.2484,2.24983,784
2025-05-01 17:05:00,2.2498,2.25097,2.24814,2.25085,839
2025-05-01 17:10:00,2.25091,2.25278,2.2506399999999998,2.2517300000000002,801
2025-05-01 17:15:00,2.25169,2.25203,2.25067,2.25105,641
2025-05-01 17:20:00,2.25105,2.25191,2.25103,2.25143,635
2025-05-01 17:25:00,2.25142,2.25151,2.25007,2.25106,652
2025-05-01 17:30:00,2.25106,2.25181,2.24992,2.25011,685
2025-05-01 17:35:00,2.25011,2.25044,2.24889,2.24891,569
2025-05-01 17:40:00,2.24893,2.24918,2.24839,2.24866,656
2025-05-01 17:45:00,2.24866,2.24948,2.24825,2.24833,604
2025-05-01 17:50:00,2.24831,2.24962,2.24785,2.2494899999999998,730
2025-05-01 17:55:00,2.24954,2.24995,2.24914,2.24982,708
2025-05-01 18:00:00,2.2498,2.2500999999999998,2.24752,2.248,737
2025-05-01 18:05:00,2.24812,2.24833,2.24724,2.24826,530
2025-05-01 18:10:00,2.24821,2.24882,2.24772,2.2484,525
2025-05-01 18:15:00,2.2484,2.24859,2.24809,2.24834,645
2025-05-01 18:20:00,2.24834,2.24866,2.24791,2.24831,451
2025-05-01 18:25:00,2.24831,2.24847,2.24711,2.24745,384
2025-05-01 18:30:00,2.24753,2.24877,2.24736,2.2484,414
2025-05-01 18:35:00,2.2484,2.2492,2.24836,2.24899,357
2025-05-01 18:40:00,2.24901,2.25034,2.24897,2.25001,302
2025-05-01 18:45:00,2.25001,2.25048,2.24895,2.24918,528
2025-05-01 18:50:00,2.24919,2.24994,2.24902,2.24968,464
2025-05-01 18:55:00,2.24968,2.24997,2.24923,2.24937,543
2025-05-01 19:00:00,2.24938,2.24976,2.24907,2.24965,541
2025-05-01 19:05:00,2.24969,2.24988,2.2488799999999998,2.24958,415
2025-05-01 19:10:00,2.24956,2.24963,2.24857,2.24898,445
2025-05-01 19:15:00,2.24898,2.24983,2.24895,2.24944,390
2025-05-01 19:20:00,2.24944,2.24948,2.24883,2.24927,386
2025-05-01 19:25:00,2.24927,2.24957,2.2491,2.2494,327
2025-05-01 19:30:00,2.24939,2.24978,2.24926,2.24966,243
2025-05-01 19:35:00,2.24964,2.2498,2.24913,2.24922,222
2025-05-01 19:40:00,2.24924,2.24951,2.24917,2.24939,144
2025-05-01 19:45:00,2.24892,2.24956,2.24891,2.24944,246
2025-05-01 19:50:00,2.24944,2.24958,2.24893,2.24958,301
2025-05-01 19:55:00,2.24956,2.24996,2.24921,2.24927,297
2025-05-01 20:00:00,2.24925,2.24925,2.24829,2.24856,393
2025-05-01 20:05:00,2.24855,2.24881,2.24825,2.2484,192
2025-05-01 20:10:00,2.24836,2.2486800000000002,2.24798,2.24851,246
2025-05-01 20:15:00,2.24849,2.24849,2.24769,2.24803,228
2025-05-01 20:20:00,2.24803,2.24817,2.24734,2.24735,229
2025-05-01 20:25:00,2.24736,2.24803,2.2472,2.24793,280
2025-05-01 20:30:00,2.24798,2.24824,2.24739,2.24748,299
2025-05-01 20:35:00,2.24748,2.24774,2.2473,2.24765,229
2025-05-01 20:40:00,2.24765,2.2484,2.24762,2.2482,252
2025-05-01 20:45:00,2.2482,2.24897,2.24816,2.24882,308
2025-05-01 20:50:00,2.24884,2.24884,2.24779,2.2480700000000002,241
2025-05-01 20:55:00,2.2480700000000002,2.24834,2.24763,2.24801,282
2025-05-01 21:00:00,2.24791,2.24861,2.24791,2.24843,376
2025-05-01 21:05:00,2.24843,2.24871,2.24797,2.24814,227
2025-05-01 21:10:00,2.24814,2.2482699999999998,2.24754,2.2479,313
2025-05-01 21:15:00,2.24797,2.2480700000000002,2.24711,2.2476599999999998,332
2025-05-01 21:20:00,2.24768,2.24796,2.24723,2.24773,481
2025-05-01 21:25:00,2.24773,2.24814,2.24758,2.24781,374
2025-05-01 21:30:00,2.24781,2.24789,2.24743,2.24757,397
2025-05-01 21:35:00,2.24757,2.24768,2.24673,2.24708,364
2025-05-01 21:40:00,2.24707,2.24711,2.2463,2.24641,308
2025-05-01 21:45:00,2.2464399999999998,2.24662,2.24602,2.24623,250
2025-05-01 21:50:00,2.24625,2.24704,2.24619,2.24682,398
2025-05-01 21:55:00,2.24686,2.24716,2.24653,2.24714,301
2025-05-01 22:00:00,2.24734,2.24763,2.24702,2.24741,265
2025-05-01 22:05:00,2.24741,2.24786,2.24723,2.2476599999999998,301
2025-05-01 22:10:00,2.24758,2.24798,2.24754,2.2476599999999998,217
2025-05-01 22:15:00,2.24772,2.24779,2.24712,2.24722,233
2025-05-01 22:20:00,2.2472,2.24729,2.24694,2.24717,224
2025-05-01 22:25:00,2.24719,2.24724,2.24683,2.24697,143
2025-05-01 22:30:00,2.24697,2.247,2.24607,2.24632,235
2025-05-01 22:35:00,2.2464,2.2467,2.246,2.24653,252
2025-05-01 22:40:00,2.24659,2.24679,2.24609,2.24662,320
2025-05-01 22:45:00,2.24662,2.24674,2.24641,2.24651,247
2025-05-01 22:50:00,2.24651,2.24707,2.24651,2.2468,260
2025-05-01 22:55:00,2.24684,2.24741,2.24645,2.24729,266
2025-05-01 23:00:00,2.24729,2.24773,2.24702,2.24765,225
2025-05-01 23:05:00,2.24765,2.24788,2.24736,2.24788,166
2025-05-01 23:10:00,2.24792,2.24806,2.24749,2.24754,125
2025-05-01 23:15:00,2.24754,2.24792,2.24747,2.24792,143
2025-05-01 23:20:00,2.24792,2.24792,2.2471,2.24717,102
2025-05-01 23:25:00,2.24717,2.24803,2.24717,2.24781,129
2025-05-01 23:30:00,2.24777,2.248,2.24742,2.24777,173
2025-05-01 23:35:00,2.24777,2.24792,2.24748,2.24758,85
2025-05-01 23:40:00,2.24758,2.24758,2.24504,2.2454,164
2025-05-01 23:45:00,2.24543,2.24543,2.24456,2.2446,138
2025-05-01 23:50:00,2.24458,2.24466,2.24418,2.2446,179
2025-05-01 23:55:00,2.2446099999999998,2.24765,2.2446099999999998,2.24697,218
2025-05-02 00:00:00,2.24701,2.24762,2.24451,2.24451,11
2025-05-02 00:05:00,2.24451,2.24708,2.24334,2.24708,31
2025-05-02 00:10:00,2.24403,2.24426,2.24332,2.24421,53
2025-05-02 00:15:00,2.24362,2.24442,2.24336,2.24394,80
2025-05-02 00:20:00,2.24394,2.24444,2.24364,2.24444,95
2025-05-02 00:25:00,2.24444,2.24444,2.24388,2.24404,48
2025-05-02 00:30:00,2.24404,2.2448,2.24404,2.24456,85
2025-05-02 00:35:00,2.24456,2.24578,2.24442,2.24577,79
2025-05-02 00:40:00,2.24577,2.24626,2.24571,2.24621,45
2025-05-02 00:45:00,2.24621,2.24621,2.24427,2.2443,107
2025-05-02 00:50:00,2.24429,2.24547,2.24415,2.24541,98
2025-05-02 00:55:00,2.24537,2.24572,2.24395,2.24447,95
2025-05-02 01:00:00,2.24468,2.24737,2.24449,2.24719,209
2025-05-02 01:05:00,2.24721,2.24757,2.24708,2.24748,160
2025-05-02 01:10:00,2.24742,2.24834,2.2474,2.24813,177
2025-05-02 01:15:00,2.24811,2.2482,2.24741,2.24771,303
2025-05-02 01:20:00,2.24773,2.24809,2.24755,2.24755,299
2025-05-02 01:25:00,2.24755,2.24797,2.24755,2.2476,229
2025-05-02 01:30:00,2.24762,2.24865,2.24752,2.2486,197
2025-05-02 01:35:00,2.2486,2.24874,2.24784,2.24834,154
2025-05-02 01:40:00,2.24837,2.24897,2.24812,2.2488799999999998,217
2025-05-02 01:45:00,2.24884,2.24916,2.2487,2.2488,115
2025-05-02 01:50:00,2.24881,2.24894,2.24857,2.24871,197
2025-05-02 01:55:00,2.24872,2.2488799999999998,2.24832,2.2488799999999998,185
2025-05-02 02:00:00,2.2488,2.24882,2.24824,2.24865,208
2025-05-02 02:05:00,2.24867,2.24906,2.24844,2.24893,143
2025-05-02 02:10:00,2.24895,2.24913,2.24832,2.24855,136
2025-05-02 02:15:00,2.24856,2.24858,2.24769,2.24771,112
2025-05-02 02:20:00,2.24771,2.24778,2.24692,2.2470499999999998,126
2025-05-02 02:25:00,2.2470499999999998,2.24759,2.247,2.24752,106
2025-05-02 02:30:00,2.24747,2.24799,2.24738,2.2474600000000002,113
2025-05-02 02:35:00,2.2474600000000002,2.24812,2.2474600000000002,2.24812,123
2025-05-02 02:40:00,2.24816,2.24833,2.2477,2.24792,162
2025-05-02 02:45:00,2.24791,2.24793,2.24688,2.24701,209
2025-05-02 02:50:00,2.24701,2.24702,2.2456,2.2456,254
2025-05-02 02:55:00,2.24564,2.24666,2.24558,2.24655,255
2025-05-02 03:00:00,2.24652,2.24743,2.24571,2.2469,378
2025-05-02 03:05:00,2.2468500000000002,2.24759,2.24625,2.24699,332
2025-05-02 03:10:00,2.24697,2.24768,2.2468500000000002,2.24727,346
2025-05-02 03:15:00,2.2473,2.24737,2.24533,2.24546,419
2025-05-02 03:20:00,2.24531,2.24626,2.24492,2.24565,567
2025-05-02 03:25:00,2.2455600000000002,2.2459,2.24431,2.24458,472
2025-05-02 03:30:00,2.2446099999999998,2.24503,2.24361,2.24361,585
2025-05-02 03:35:00,2.2436,2.2444,2.24318,2.24417,551
2025-05-02 03:40:00,2.24418,2.24467,2.2437,2.2441,476
2025-05-02 03:45:00,2.24416,2.24429,2.24177,2.24211,512
2025-05-02 03:50:00,2.24209,2.24215,2.24084,2.24134,587
2025-05-02 03:55:00,2.24136,2.24233,2.24065,2.241,511
2025-05-02 04:00:00,2.24091,2.24152,2.24042,2.24089,602
2025-05-02 04:05:00,2.24083,2.24131,2.24035,2.24105,440
2025-05-02 04:10:00,2.24113,2.24185,2.24096,2.24142,491
2025-05-02 04:15:00,2.24146,2.24227,2.24089,2.24221,532
2025-05-02 04:20:00,2.24225,2.24238,2.24138,2.242,454
2025-05-02 04:25:00,2.24206,2.2429,2.24199,2.24252,315
2025-05-02 04:30:00,2.2425,2.24353,2.24236,2.24345,523
2025-05-02 04:35:00,2.24347,2.24365,2.24298,2.24347,512
2025-05-02 04:40:00,2.24343,2.24403,2.24317,2.24386,578
2025-05-02 04:45:00,2.24386,2.24432,2.24338,2.24399,458
2025-05-02 04:50:00,2.24393,2.24406,2.24285,2.24307,480
2025-05-02 04:55:00,2.24306,2.24356,2.24269,2.24319,461
2025-05-02 05:00:00,2.24322,2.2433899999999998,2.24198,2.24213,464
2025-05-02 05:05:00,2.24213,2.2425,2.24155,2.24192,364
2025-05-02 05:10:00,2.242,2.24244,2.24155,2.24176,354
2025-05-02 05:15:00,2.24177,2.24284,2.2417,2.24266,386
2025-05-02 05:20:00,2.24276,2.24329,2.2419000000000002,2.24234,441
2025-05-02 05:25:00,2.24236,2.24298,2.24227,2.24274,393
2025-05-02 05:30:00,2.24277,2.24305,2.24182,2.24195,277
2025-05-02 05:35:00,2.24195,2.24246,2.24153,2.24179,348
2025-05-02 05:40:00,2.24182,2.24182,2.24099,2.24114,266
2025-05-02 05:45:00,2.24115,2.24187,2.24091,2.24181,237
2025-05-02 05:50:00,2.24185,2.24358,2.24172,2.24335,204
2025-05-02 05:55:00,2.24335,2.24364,2.24244,2.24255,249
2025-05-02 06:00:00,2.24259,2.24304,2.24194,2.24239,283
2025-05-02 06:05:00,2.24239,2.24273,2.24163,2.24268,186
2025-05-02 06:10:00,2.24272,2.24356,2.24238,2.2431200000000002,313
2025-05-02 06:15:00,2.24315,2.24348,2.2427,2.24303,254
2025-05-02 06:20:00,2.24306,2.2432,2.24158,2.24179,223
2025-05-02 06:25:00,2.24179,2.24211,2.24108,2.24211,347
2025-05-02 06:30:00,2.24213,2.24386,2.24182,2.24301,423
2025-05-02 06:35:00,2.24306,2.24331,2.24215,2.2425,320
2025-05-02 06:40:00,2.24254,2.24292,2.24147,2.24281,356
2025-05-02 06:45:00,2.24285,2.24317,2.24236,2.24295,224
2025-05-02 06:50:00,2.24297,2.2434,2.24229,2.2427799999999998,330
2025-05-02 06:55:00,2.24272,2.2433899999999998,2.24262,2.24334,352
2025-05-02 07:00:00,2.24334,2.24631,2.24309,2.24463,631
2025-05-02 07:05:00,2.24467,2.24488,2.24314,2.24329,337
2025-05-02 07:10:00,2.2433,2.24388,2.24269,2.24301,376
2025-05-02 07:15:00,2.24305,2.24313,2.24237,2.24276,346
2025-05-02 07:20:00,2.24276,2.24299,2.24169,2.2421,444
2025-05-02 07:25:00,2.2421,2.24222,2.24152,2.24207,318
2025-05-02 07:30:00,2.24206,2.24421,2.24204,2.24351,343
2025-05-02 07:35:00,2.24355,2.24374,2.24254,2.24283,328
2025-05-02 07:40:00,2.24283,2.24326,2.24238,2.24326,316
2025-05-02 07:45:00,2.24322,2.24366,2.24286,2.24333,348
2025-05-02 07:50:00,2.24333,2.2446099999999998,2.24333,2.24426,348
2025-05-02 07:55:00,2.24428,2.24435,2.24243,2.2427799999999998,337
2025-05-02 08:00:00,2.24289,2.24403,2.24273,2.2437,312
2025-05-02 08:05:00,2.24372,2.2448,2.24319,2.24437,280
2025-05-02 08:10:00,2.24441,2.2447,2.24364,2.2438,411
2025-05-02 08:15:00,2.24379,2.24424,2.24358,2.24377,296
2025-05-02 08:20:00,2.24377,2.24432,2.24348,2.24407,236
2025-05-02 08:25:00,2.2439999999999998,2.24422,2.24346,2.24401,283
2025-05-02 08:30:00,2.24401,2.24431,2.24326,2.24382,320
2025-05-02 08:35:00,2.24378,2.24422,2.24356,2.24396,383
2025-05-02 08:40:00,2.24398,2.24426,2.24343,2.24385,297
2025-05-02 08:45:00,2.24387,2.24406,2.24313,2.24391,422
2025-05-02 08:50:00,2.24391,2.24422,2.24338,2.24343,367
2025-05-02 08:55:00,2.2435,2.24418,2.24323,2.24356,434
2025-05-02 09:00:00,2.24359,2.24716,2.24307,2.24691,640
2025-05-02 09:05:00,2.24692,2.24737,2.24431,2.24438,512
2025-05-02 09:10:00,2.24441,2.2461,2.24362,2.24577,543
2025-05-02 09:15:00,2.24581,2.24588,2.24438,2.24484,518
2025-05-02 09:20:00,2.24486,2.24507,2.24377,2.24483,554
2025-05-02 09:25:00,2.24485,2.24533,2.24368,2.24395,440
2025-05-02 09:30:00,2.2439999999999998,2.24435,2.24343,2.24368,507
2025-05-02 09:35:00,2.24372,2.24412,2.24258,2.24284,449
2025-05-02 09:40:00,2.24288,2.24323,2.2421,2.24214,395
2025-05-02 09:45:00,2.24214,2.24241,2.24139,2.24165,515
2025-05-02 09:50:00,2.24165,2.24408,2.24158,2.24315,380
2025-05-02 09:55:00,2.24323,2.24354,2.24296,2.24296,389
2025-05-02 10:00:00,2.24296,2.24483,2.24248,2.24314,641
2025-05-02 10:05:00,2.24316,2.24325,2.242,2.242,458
2025-05-02 10:10:00,2.24203,2.24218,2.24141,2.24183,425
2025-05-02 10:15:00,2.24183,2.24207,2.24086,2.2409499999999998,458
2025-05-02 10:20:00,2.24104,2.24147,2.23976,2.2398,469
2025-05-02 10:25:00,2.2398,2.24127,2.23882,2.24116,337
2025-05-02 10:30:00,2.24122,2.2425100000000002,2.24101,2.24238,420
2025-05-02 10:35:00,2.24242,2.24321,2.24209,2.24276,502
2025-05-02 10:40:00,2.24276,2.24288,2.24189,2.24253,505
2025-05-02 10:45:00,2.24255,2.24412,2.24174,2.24379,529
2025-05-02 10:50:00,2.24378,2.24425,2.24329,2.24399,426
2025-05-02 10:55:00,2.24394,2.24574,2.24306,2.24562,493
2025-05-02 11:00:00,2.2456,2.24676,2.2452199999999998,2.24614,513
2025-05-02 11:05:00,2.24614,2.24634,2.2451,2.24515,452
2025-05-02 11:10:00,2.24515,2.24577,2.24381,2.24415,415
2025-05-02 11:15:00,2.24415,2.2448,2.24383,2.24467,390
2025-05-02 11:20:00,2.24465,2.24562,2.24425,2.24451,456
2025-05-02 11:25:00,2.24451,2.24481,2.24345,2.24472,472
2025-05-02 11:30:00,2.24476,2.24491,2.24356,2.24366,371
2025-05-02 11:35:00,2.24366,2.24381,2.24232,2.2429,453
2025-05-02 11:40:00,2.2429,2.24424,2.2429,2.24424,361
2025-05-02 11:45:00,2.24417,2.24417,2.24308,2.24335,470
2025-05-02 11:50:00,2.24335,2.24389,2.24303,2.24319,429
2025-05-02 11:55:00,2.24319,2.24336,2.24245,2.24284,283
2025-05-02 12:00:00,2.24284,2.24315,2.24179,2.2423,543
2025-05-02 12:05:00,2.24223,2.24342,2.2422,2.24261,497
2025-05-02 12:10:00,2.24261,2.2429,2.24213,2.24227,328
2025-05-02 12:20:00,2.24265,2.24265,2.24166,2.24176,289
2025-05-02 12:25:00,2.24176,2.24199,2.24045,2.24083,472
2025-05-02 12:30:00,2.24083,2.2409,2.23942,2.23992,602
2025-05-02 12:35:00,2.2399,2.24106,2.2394600000000002,2.24101,519
2025-05-02 12:40:00,2.24101,2.24105,2.23857,2.23897,620
2025-05-02 12:45:00,2.23899,2.23908,2.23761,2.23831,636
2025-05-02 12:50:00,2.23831,2.23859,2.23703,2.23769,534
2025-05-02 12:55:00,2.23767,2.23901,2.23748,2.23884,548
2025-05-02 13:00:00,2.23871,2.24001,2.23828,2.23954,679
2025-05-02 13:05:00,2.23954,2.23961,2.23845,2.23873,548
2025-05-02 13:10:00,2.23861,2.23971,2.23836,2.23951,431
2025-05-02 13:15:00,2.23949,2.2401,2.23937,2.2396,372
2025-05-02 13:20:00,2.23958,2.24016,2.2392,2.23992,394
2025-05-02 13:25:00,2.23992,2.2404,2.23938,2.23953,380
2025-05-02 13:30:00,2.23953,2.24013,2.23904,2.2393,404
2025-05-02 13:35:00,2.2393,2.23945,2.23872,2.23931,428
2025-05-02 13:40:00,2.23931,2.23941,2.2385099999999998,2.2387,409
2025-05-02 13:45:00,2.23874,2.23886,2.23822,2.23829,411
2025-05-02 13:50:00,2.23831,2.23844,2.23735,2.23765,399
2025-05-02 13:55:00,2.23771,2.23811,2.23706,2.23728,354
2025-05-02 14:00:00,2.23731,2.23802,2.23713,2.23747,370
2025-05-02 14:05:00,2.23747,2.23749,2.23676,2.23728,337
2025-05-02 14:10:00,2.23728,2.23741,2.23671,2.23727,310
2025-05-02 14:15:00,2.23727,2.2373,2.23631,2.23644,314
2025-05-02 14:20:00,2.2364100000000002,2.23688,2.23584,2.23602,403
2025-05-02 14:25:00,2.23602,2.23674,2.23591,2.23655,311
2025-05-02 14:30:00,2.23655,2.23736,2.23642,2.23712,345
2025-05-02 14:35:00,2.23714,2.23756,2.23699,2.23734,358
2025-05-02 14:40:00,2.23734,2.23767,2.23684,2.23727,401
2025-05-02 14:45:00,2.23727,2.23751,2.23633,2.2366099999999998,389
2025-05-02 14:50:00,2.23666,2.23694,2.23607,2.23613,407
2025-05-02 14:55:00,2.23609,2.23723,2.23609,2.23715,435
2025-05-02 15:00:00,2.23718,2.23761,2.23673,2.23737,429
2025-05-02 15:05:00,2.23737,2.23755,2.23537,2.23543,410
2025-05-02 15:10:00,2.23543,2.23624,2.23504,2.23586,384
2025-05-02 15:15:00,2.23585,2.23698,2.23572,2.2366,345
2025-05-02 15:20:00,2.23656,2.23657,2.23554,2.23639,385
2025-05-02 15:25:00,2.23639,2.23639,2.23534,2.23577,400
2025-05-02 15:30:00,2.23368,2.23564,2.2305,2.2341,1146
2025-05-02 15:35:00,2.23408,2.23446,2.23041,2.23056,1013
2025-05-02 15:40:00,2.23065,2.23261,2.23048,2.23177,938
2025-05-02 15:45:00,2.23179,2.23279,2.23134,2.23198,815
2025-05-02 15:50:00,2.23207,2.23379,2.23177,2.23201,810
2025-05-02 15:55:00,2.23201,2.23317,2.23184,2.23314,810
2025-05-02 16:00:00,2.23314,2.2337,2.23208,2.23284,778
2025-05-02 16:05:00,2.23288,2.23355,2.23237,2.23298,685
2025-05-02 16:10:00,2.23302,2.23302,2.23199,2.23204,572
2025-05-02 16:15:00,2.23205,2.23267,2.2315,2.23166,652
2025-05-02 16:20:00,2.23166,2.23249,2.23143,2.23237,649
2025-05-02 16:25:00,2.23236,2.23326,2.2323399999999998,2.2327,782
2025-05-02 16:30:00,2.23266,2.23287,2.23174,2.2323,752
2025-05-02 16:35:00,2.23233,2.2338,2.23198,2.23251,798
2025-05-02 16:40:00,2.23249,2.23251,2.23048,2.23066,861
2025-05-02 16:45:00,2.2307,2.23127,2.22981,2.23063,835
2025-05-02 16:50:00,2.23065,2.23179,2.23018,2.23104,906
2025-05-02 16:55:00,2.23106,2.23175,2.23053,2.23144,658
2025-05-02 17:00:00,2.2314,2.23182,2.23089,2.2311,776
2025-05-02 17:05:00,2.2311199999999998,2.23169,2.23058,2.23148,848
2025-05-02 17:10:00,2.23149,2.23149,2.23073,2.23079,832
2025-05-02 17:15:00,2.23079,2.23113,2.22904,2.22921,723
2025-05-02 17:20:00,2.22921,2.22994,2.22817,2.22822,592
2025-05-02 17:25:00,2.22826,2.2285,2.22668,2.22804,697
2025-05-02 17:30:00,2.22808,2.23009,2.22806,2.22915,674
2025-05-02 17:35:00,2.22919,2.23025,2.22908,2.23023,593
2025-05-02 17:40:00,2.23016,2.23082,2.22879,2.22933,644
2025-05-02 17:45:00,2.22933,2.22933,2.22832,2.22908,588
2025-05-02 17:50:00,2.22908,2.22984,2.22879,2.22922,606
2025-05-02 17:55:00,2.2292,2.22997,2.22876,2.22979,725
2025-05-02 18:00:00,2.2298999999999998,2.23125,2.22986,2.23115,731
2025-05-02 18:05:00,2.23115,2.2315,2.23069,2.2314,621
2025-05-02 18:10:00,2.23139,2.2315,2.23059,2.23075,615
2025-05-02 18:15:00,2.23075,2.2319,2.23072,2.23181,481
2025-05-02 18:20:00,2.23188,2.2329,2.23151,2.23217,671
2025-05-02 18:25:00,2.23217,2.23259,2.23178,2.23236,662
2025-05-02 18:30:00,2.23236,2.23293,2.23176,2.2321400000000002,619
2025-05-02 18:35:00,2.23213,2.23246,2.2314,2.23204,539
2025-05-02 18:40:00,2.23199,2.23247,2.23089,2.23166,579
2025-05-02 18:45:00,2.23168,2.23188,2.23035,2.23056,476
2025-05-02 18:50:00,2.23059,2.23075,2.22994,2.23046,553
2025-05-02 18:55:00,2.23048,2.2305,2.22999,2.23027,493
2025-05-02 19:00:00,2.23023,2.23092,2.22862,2.23065,870
2025-05-02 19:05:00,2.23078,2.23086,2.22965,2.22984,663
2025-05-02 19:10:00,2.22988,2.23022,2.22903,2.22969,573
2025-05-02 19:15:00,2.22969,2.23031,2.22953,2.22978,480
2025-05-02 19:20:00,2.22974,2.22995,2.22907,2.22924,516
2025-05-02 19:25:00,2.22921,2.22957,2.22885,2.22899,431
2025-05-02 19:30:00,2.22899,2.23011,2.22862,2.2298,523
2025-05-02 19:35:00,2.22983,2.23021,2.22946,2.22988,491
2025-05-02 19:40:00,2.22985,2.23074,2.2297,2.23062,426
2025-05-02 19:45:00,2.23061,2.23138,2.23058,2.23138,583
2025-05-02 19:50:00,2.23138,2.23187,2.23102,2.23138,642
2025-05-02 19:55:00,2.23138,2.23156,2.23089,2.23145,534
2025-05-02 20:00:00,2.23145,2.23211,2.23121,2.23198,479
2025-05-02 20:05:00,2.232,2.23271,2.23181,2.23236,506
2025-05-02 20:10:00,2.23233,2.2328,2.232,2.23231,500
2025-05-02 20:15:00,2.23232,2.23268,2.23184,2.23235,504
2025-05-02 20:20:00,2.23235,2.23256,2.23164,2.23256,395
2025-05-02 20:25:00,2.23256,2.23292,2.23203,2.23282,401
2025-05-02 20:30:00,2.23272,2.23272,2.23194,2.23232,356
2025-05-02 20:35:00,2.23232,2.23278,2.23225,2.2327,390
2025-05-02 20:40:00,2.23268,2.23268,2.23155,2.23162,579
2025-05-02 20:45:00,2.23164,2.2329499999999998,2.23162,2.23276,454
2025-05-02 20:50:00,2.23276,2.23278,2.23207,2.23267,396
2025-05-02 20:55:00,2.23267,2.23267,2.23162,2.23176,487
2025-05-02 21:00:00,2.2318,2.23216,2.23128,2.23132,466
2025-05-02 21:05:00,2.23132,2.23177,2.23118,2.23139,397
2025-05-02 21:10:00,2.23139,2.23163,2.23102,2.23138,310
2025-05-02 21:15:00,2.23138,2.23216,2.23126,2.23199,349
2025-05-02 21:20:00,2.23195,2.23235,2.2318,2.23194,434
2025-05-02 21:25:00,2.23196,2.2322,2.23157,2.23185,250
2025-05-02 21:30:00,2.23189,2.23225,2.23147,2.2318,274
2025-05-02 21:35:00,2.2318,2.23205,2.23134,2.23203,402
2025-05-02 21:40:00,2.23203,2.23253,2.23193,2.2324,506
2025-05-02 21:45:00,2.23244,2.23354,2.23206,2.23339,416
2025-05-02 21:50:00,2.23339,2.2336,2.2329,2.23312,408
2025-05-02 21:55:00,2.23309,2.23339,2.23262,2.23308,431
2025-05-02 22:00:00,2.23306,2.23344,2.23301,2.23334,321
2025-05-02 22:05:00,2.23334,2.23402,2.23317,2.23376,263
2025-05-02 22:10:00,2.2338,2.23426,2.23368,2.23402,211
2025-05-02 22:15:00,2.23404,2.23404,2.23329,2.2333600000000002,170
2025-05-02 22:20:00,2.2333600000000002,2.2336,2.23311,2.23325,201
2025-05-02 22:25:00,2.23325,2.23339,2.23299,2.23312,229
2025-05-02 22:30:00,2.23312,2.23314,2.23254,2.23272,241
2025-05-02 22:35:00,2.23277,2.2329,2.23212,2.23249,198
2025-05-02 22:40:00,2.23249,2.2326,2.23205,2.23257,186
2025-05-02 22:45:00,2.23257,2.23263,2.23199,2.23225,165
2025-05-02 22:50:00,2.23217,2.2326,2.23194,2.23237,253
2025-05-02 22:55:00,2.23237,2.23269,2.23227,2.23252,299
2025-05-02 23:00:00,2.23252,2.23263,2.23174,2.23206,219
2025-05-02 23:05:00,2.23205,2.23211,2.23133,2.23155,197
2025-05-02 23:10:00,2.23158,2.23192,2.2311199999999998,2.23188,124
2025-05-02 23:15:00,2.23188,2.23205,2.23135,2.2318,109
2025-05-02 23:20:00,2.23163,2.23178,2.2313,2.23163,163
2025-05-02 23:25:00,2.23163,2.23178,2.23121,2.2315,159
2025-05-02 23:30:00,2.23152,2.2317,2.23081,2.23103,151
2025-05-02 23:35:00,2.23103,2.23107,2.23007,2.2302400000000002,191
2025-05-02 23:40:00,2.2302400000000002,2.2302400000000002,2.22718,2.22722,229
2025-05-02 23:45:00,2.22723,2.22784,2.22715,2.22761,183
2025-05-02 23:50:00,2.22761,2.22845,2.22761,2.22825,87
2025-05-02 23:55:00,2.22871,2.22871,2.22754,2.22856,128
2025-05-05 00:00:00,2.2266,2.22673,2.22526,2.22673,4
2025-05-05 00:05:00,2.2266,2.22673,2.22514,2.22515,13
2025-05-05 00:10:00,2.2251,2.22524,2.22486,2.22516,17
2025-05-05 00:15:00,2.22516,2.22524,2.22476,2.22494,16
2025-05-05 00:20:00,2.22494,2.22494,2.22428,2.22428,9
2025-05-05 00:25:00,2.22428,2.22428,2.22346,2.22366,51
2025-05-05 00:30:00,2.22366,2.22425,2.22066,2.22168,84
2025-05-05 00:35:00,2.22168,2.22426,2.22131,2.22424,619
2025-05-05 00:40:00,2.22424,2.22468,2.22424,2.22448,7
2025-05-05 00:45:00,2.22448,2.2264,2.22424,2.2264,50
2025-05-05 00:50:00,2.2264,2.22764,2.22638,2.22764,35
2025-05-05 00:55:00,2.22764,2.22878,2.22718,2.22718,27
2025-05-05 01:00:00,2.22878,2.23099,2.2283,2.23019,321
2025-05-05 01:05:00,2.23021,2.23117,2.22987,2.23042,233
2025-05-05 01:10:00,2.23045,2.2305,2.22964,2.22996,184
2025-05-05 01:15:00,2.22992,2.22992,2.22917,2.22928,263
2025-05-05 01:20:00,2.22928,2.23008,2.22905,2.2298999999999998,269
2025-05-05 01:25:00,2.22993,2.23043,2.22952,2.22952,142
2025-05-05 01:30:00,2.22954,2.2296300000000002,2.22761,2.22785,234
2025-05-05 01:35:00,2.22787,2.22866,2.22775,2.22852,180
2025-05-05 01:40:00,2.22852,2.2286,2.22671,2.22687,168
2025-05-05 01:45:00,2.22687,2.2274,2.22675,2.22723,127
2025-05-05 01:50:00,2.22723,2.22732,2.2262399999999998,2.22667,171
2025-05-05 01:55:00,2.2267,2.22679,2.22572,2.22617,189
2025-05-05 02:00:00,2.22616,2.22773,2.22601,2.22762,228
2025-05-05 02:05:00,2.22765,2.22796,2.22734,2.22763,201
2025-05-05 02:10:00,2.22759,2.22774,2.22712,2.22738,110
2025-05-05 02:15:00,2.22736,2.22778,2.22735,2.22761,166
2025-05-05 02:20:00,2.22759,2.22796,2.22726,2.22757,244
2025-05-05 02:25:00,2.22757,2.22792,2.22708,2.22728,219
2025-05-05 02:30:00,2.22728,2.22784,2.22726,2.2278000000000002,323
2025-05-05 02:35:00,2.22785,2.22816,2.2276,2.22793,316
2025-05-05 02:40:00,2.22793,2.2284100000000002,2.22749,2.2284,249
2025-05-05 02:45:00,2.22834,2.22894,2.2279,2.2289,368
2025-05-05 02:50:00,2.22879,2.22969,2.22849,2.22958,274
2025-05-05 02:55:00,2.22956,2.23,2.22931,2.22996,287
2025-05-05 03:00:00,2.23002,2.23045,2.22935,2.23045,454
2025-05-05 03:05:00,2.23047,2.23098,2.22991,2.23066,459
2025-05-05 03:10:00,2.23064,2.23141,2.23049,2.23106,383
2025-05-05 03:15:00,2.23108,2.23166,2.23084,2.23134,302
2025-05-05 03:20:00,2.23123,2.23123,2.23035,2.23084,302
2025-05-05 03:25:00,2.23078,2.23204,2.23042,2.23204,324
2025-05-05 03:30:00,2.23197,2.23204,2.23146,2.2318,292
2025-05-05 03:35:00,2.23178,2.23203,2.23118,2.23128,281
2025-05-05 03:40:00,2.23133,2.23189,2.23047,2.23052,335
2025-05-05 03:45:00,2.2305,2.23141,2.23045,2.23101,253
2025-05-05 03:50:00,2.23103,2.2311,2.23027,2.23055,291
2025-05-05 03:55:00,2.23055,2.23099,2.23046,2.23057,417
2025-05-05 04:00:00,2.23045,2.23052,2.22663,2.22677,547
2025-05-05 04:05:00,2.2268,2.22693,2.22389,2.22611,535
2025-05-05 04:10:00,2.22609,2.22708,2.22495,2.2254,652
2025-05-05 04:15:00,2.22542,2.22542,2.22359,2.22362,492
2025-05-05 04:20:00,2.22366,2.22391,2.22267,2.22347,561
2025-05-05 04:25:00,2.22345,2.2243,2.22218,2.22271,489
2025-05-05 04:30:00,2.22271,2.22367,2.22158,2.22217,534
2025-05-05 04:35:00,2.22221,2.22417,2.22217,2.22312,460
2025-05-05 04:40:00,2.22315,2.22415,2.22301,2.22331,396
2025-05-05 04:45:00,2.22332,2.22451,2.22325,2.22442,415
2025-05-05 04:50:00,2.22446,2.22474,2.22324,2.22356,404
2025-05-05 04:55:00,2.22356,2.22357,2.22256,2.22337,407
2025-05-05 05:00:00,2.2234,2.22379,2.22306,2.22365,397
2025-05-05 05:05:00,2.22366,2.22433,2.22332,2.22432,427
2025-05-05 05:10:00,2.22417,2.22472,2.22346,2.22405,405
2025-05-05 05:15:00,2.22412,2.2244099999999998,2.22325,2.22359,440
2025-05-05 05:20:00,2.22357,2.22357,2.22252,2.22315,270
2025-05-05 05:25:00,2.22313,2.22341,2.22211,2.22221,291
2025-05-05 05:30:00,2.22223,2.22267,2.22178,2.22244,341
2025-05-05 05:35:00,2.22247,2.22248,2.22151,2.2223,396
2025-05-05 05:40:00,2.2223,2.22285,2.22126,2.22136,316
2025-05-05 05:45:00,2.22136,2.22265,2.22136,2.22256,240
2025-05-05 05:50:00,2.22252,2.22294,2.22249,2.2227,295
2025-05-05 05:55:00,2.2227,2.22312,2.22249,2.22286,307
2025-05-05 06:00:00,2.22275,2.22348,2.22267,2.22337,285
2025-05-05 06:05:00,2.22343,2.22348,2.22286,2.22312,338
2025-05-05 06:10:00,2.22309,2.22371,2.2229200000000002,2.22337,381
2025-05-05 06:15:00,2.22336,2.22385,2.22308,2.22344,235
2025-05-05 06:20:00,2.22344,2.22384,2.22342,2.22365,203
2025-05-05 06:25:00,2.22374,2.22396,2.22334,2.22351,129
2025-05-05 06:30:00,2.22349,2.22396,2.22343,2.22388,199
2025-05-05 06:35:00,2.22391,2.22395,2.22334,2.22362,157
2025-05-05 06:40:00,2.22364,2.22483,2.22364,2.22473,187
2025-05-05 06:45:00,2.2247500000000002,2.2249,2.22419,2.22488,165
2025-05-05 06:50:00,2.2249,2.22518,2.22456,2.22515,174
2025-05-05 06:55:00,2.22518,2.22584,2.22498,2.22581,198
2025-05-05 07:00:00,2.22584,2.22605,2.22567,2.22585,167
2025-05-05 07:05:00,2.22583,2.22583,2.22478,2.22526,276
2025-05-05 07:10:00,2.22526,2.22593,2.22524,2.22542,242
2025-05-05 07:15:00,2.22542,2.22591,2.22533,2.22572,172
2025-05-05 07:20:00,2.22572,2.22608,2.22499,2.22515,195
2025-05-05 07:25:00,2.22518,2.22543,2.22409,2.22452,189
2025-05-05 07:30:00,2.22448,2.22495,2.22446,2.22483,187
2025-05-05 07:35:00,2.22485,2.22576,2.2248,2.22568,165
2025-05-05 07:40:00,2.22569,2.22583,2.22542,2.22564,222
2025-05-05 07:45:00,2.22565,2.22571,2.22517,2.22548,237
2025-05-05 07:50:00,2.2255,2.22576,2.22518,2.22556,259
2025-05-05 07:55:00,2.22556,2.22562,2.22462,2.22493,321
2025-05-05 08:00:00,2.22491,2.225,2.2229,2.22342,311
2025-05-05 08:05:00,2.22333,2.2235300000000002,2.22072,2.22098,354
2025-05-05 08:10:00,2.22097,2.22114,2.21978,2.22031,379
2025-05-05 08:15:00,2.2203,2.22061,2.2193,2.21931,325
2025-05-05 08:20:00,2.2193,2.22173,2.2193,2.22102,434
2025-05-05 08:25:00,2.22091,2.22115,2.21981,2.22087,303
2025-05-05 08:30:00,2.22087,2.22116,2.2197,2.2203,267
2025-05-05 08:35:00,2.22029,2.22097,2.2194599999999998,2.22078,378
2025-05-05 08:40:00,2.22074,2.22119,2.22022,2.22104,417
2025-05-05 08:45:00,2.22108,2.222,2.2209,2.22161,311
2025-05-05 08:50:00,2.22159,2.22193,2.22069,2.22076,280
2025-05-05 08:55:00,2.22078,2.22089,2.21996,2.22043,388
2025-05-05 09:00:00,2.22025,2.22092,2.2199,2.22041,573
2025-05-05 09:05:00,2.22043,2.22072,2.22006,2.22043,488
2025-05-05 09:10:00,2.22041,2.22174,2.22034,2.22134,460
2025-05-05 09:15:00,2.22136,2.22241,2.22111,2.2221,403
2025-05-05 09:20:00,2.22209,2.22318,2.22195,2.22287,491
2025-05-05 09:25:00,2.22287,2.22411,2.22278,2.22327,406
2025-05-05 09:30:00,2.22325,2.22482,2.2232,2.22434,629
2025-05-05 09:35:00,2.22431,2.22431,2.22337,2.22359,492
2025-05-05 09:40:00,2.22356,2.22462,2.22293,2.22433,504
2025-05-05 09:45:00,2.22431,2.22506,2.22422,2.22491,452
2025-05-05 09:50:00,2.22504,2.22507,2.22345,2.22359,446
2025-05-05 09:55:00,2.22359,2.2239,2.22334,2.22355,479
2025-05-05 10:00:00,2.22351,2.22437,2.22332,2.22385,666
2025-05-05 10:05:00,2.22386,2.225,2.22377,2.22483,453
2025-05-05 10:10:00,2.22482,2.22504,2.22429,2.22458,409
2025-05-05 10:15:00,2.2246,2.22494,2.22408,2.22421,392
2025-05-05 10:20:00,2.22421,2.22473,2.22396,2.22446,322
2025-05-05 10:25:00,2.22453,2.22457,2.22359,2.22368,360
2025-05-05 10:30:00,2.22372,2.22465,2.22362,2.22437,411
2025-05-05 10:35:00,2.22437,2.22477,2.22417,2.22439,350
2025-05-05 10:40:00,2.2244099999999998,2.22517,2.22433,2.2249,372
2025-05-05 10:45:00,2.2249,2.22571,2.22457,2.22553,354
2025-05-05 10:50:00,2.22553,2.22576,2.22506,2.22574,411
2025-05-05 10:55:00,2.22574,2.22718,2.22558,2.22683,403
2025-05-05 11:00:00,2.22683,2.22706,2.22546,2.22553,536
2025-05-05 11:05:00,2.22555,2.22611,2.22528,2.22556,423
2025-05-05 11:10:00,2.22556,2.22608,2.2252,2.22556,318
2025-05-05 11:15:00,2.22556,2.22587,2.22515,2.22534,361
2025-05-05 11:20:00,2.22535,2.22584,2.22495,2.22495,383
2025-05-05 11:25:00,2.22497,2.2254,2.22417,2.22428,349
2025-05-05 11:30:00,2.22428,2.22449,2.22369,2.22394,430
2025-05-05 11:35:00,2.22394,2.22415,2.22288,2.22304,345
2025-05-05 11:40:00,2.22313,2.2235300000000002,2.2224,2.22293,446
2025-05-05 11:45:00,2.22289,2.22316,2.22186,2.22315,526
2025-05-05 11:50:00,2.2231899999999998,2.22402,2.2228,2.22397,482
2025-05-05 11:55:00,2.22397,2.22444,2.22361,2.22433,459
2025-05-05 12:00:00,2.22431,2.22431,2.22234,2.22269,439
2025-05-05 12:05:00,2.22269,2.22364,2.22224,2.2234,413
2025-05-05 12:10:00,2.2234,2.2237,2.22274,2.22347,360
2025-05-05 12:15:00,2.22347,2.22382,2.2231,2.22381,387
2025-05-05 12:20:00,2.22381,2.22451,2.2237999999999998,2.22426,350
2025-05-05 12:25:00,2.22426,2.2245,2.22344,2.22347,308
2025-05-05 12:30:00,2.22346,2.22432,2.22346,2.22376,523
2025-05-05 12:35:00,2.22376,2.22383,2.22234,2.22277,588
2025-05-05 12:40:00,2.22279,2.223,2.22182,2.22215,449
2025-05-05 12:45:00,2.22216,2.22281,2.22203,2.22249,430
2025-05-05 12:50:00,2.22249,2.22315,2.22233,2.22252,401
2025-05-05 12:55:00,2.22253,2.2226,2.22178,2.22241,369
2025-05-05 13:00:00,2.22235,2.2231,2.22197,2.223,526
2025-05-05 13:05:00,2.223,2.22321,2.22244,2.22275,347
2025-05-05 13:10:00,2.22275,2.22327,2.22238,2.22246,378
2025-05-05 13:15:00,2.22253,2.22342,2.22251,2.22328,290
2025-05-05 13:20:00,2.22325,2.22421,2.22295,2.22409,406
2025-05-05 13:25:00,2.22409,2.22458,2.22387,2.22403,343
2025-05-05 13:30:00,2.22403,2.22407,2.22311,2.22342,390
2025-05-05 13:35:00,2.22342,2.22413,2.2233,2.22398,289
2025-05-05 13:40:00,2.22387,2.22445,2.22362,2.22408,301
2025-05-05 13:45:00,2.22416,2.22494,2.22386,2.22481,339
2025-05-05 13:50:00,2.22484,2.22505,2.22432,2.22451,356
2025-05-05 13:55:00,2.22451,2.22505,2.22406,2.22482,352
2025-05-05 14:00:00,2.22481,2.22494,2.22416,2.2244,376
2025-05-05 14:05:00,2.22448,2.22483,2.22402,2.2244099999999998,410
2025-05-05 14:10:00,2.2244099999999998,2.22485,2.2239,2.22416,453
2025-05-05 14:15:00,2.22419,2.22487,2.22398,2.22447,349
2025-05-05 14:20:00,2.22447,2.22477,2.22407,2.22425,349
2025-05-05 14:25:00,2.22433,2.22486,2.22425,2.22448,363
2025-05-05 14:30:00,2.22457,2.22531,2.2242,2.22472,431
2025-05-05 14:35:00,2.22472,2.2250199999999998,2.2243,2.22446,399
2025-05-05 14:40:00,2.22449,2.22466,2.22397,2.22436,334
2025-05-05 14:45:00,2.22436,2.22462,2.22418,2.22425,383
2025-05-05 14:50:00,2.22425,2.22487,2.224,2.22438,276
2025-05-05 14:55:00,2.22436,2.22465,2.22409,2.22444,395
2025-05-05 15:00:00,2.22444,2.22476,2.22392,2.22435,499
2025-05-05 15:05:00,2.22439,2.2252,2.22381,2.22466,421
2025-05-05 15:10:00,2.22468,2.22538,2.22454,2.22498,458
2025-05-05 15:15:00,2.22494,2.22514,2.22417,2.22456,413
2025-05-05 15:20:00,2.22459,2.22473,2.22379,2.22401,486
2025-05-05 15:25:00,2.22403,2.22431,2.22343,2.22365,524
2025-05-05 15:30:00,2.2236,2.22436,2.22288,2.22336,482
2025-05-05 15:35:00,2.22338,2.22374,2.22273,2.22318,442
2025-05-05 15:40:00,2.22318,2.22397,2.22298,2.22349,482
2025-05-05 15:45:00,2.2235,2.22383,2.223,2.22346,336
2025-05-05 15:50:00,2.22346,2.2244,2.2234,2.22425,435
2025-05-05 15:55:00,2.22425,2.22464,2.22398,2.22449,425
2025-05-05 16:00:00,2.22454,2.2247,2.22405,2.22435,417
2025-05-05 16:05:00,2.22446,2.22473,2.22408,2.22448,415
2025-05-05 16:10:00,2.22446,2.22456,2.22369,2.22405,433
2025-05-05 16:15:00,2.22401,2.2248,2.22394,2.22472,475
2025-05-05 16:20:00,2.22464,2.22478,2.22392,2.22463,442
2025-05-05 16:25:00,2.22463,2.22494,2.22444,2.22461,437
2025-05-05 16:30:00,2.22468,2.22509,2.22439,2.22455,657
2025-05-05 16:35:00,2.22455,2.22531,2.22448,2.22524,554
2025-05-05 16:40:00,2.22526,2.22622,2.22478,2.22534,610
2025-05-05 16:45:00,2.22534,2.22592,2.22526,2.22586,543
2025-05-05 16:50:00,2.22582,2.22635,2.22506,2.22539,575
2025-05-05 16:55:00,2.22543,2.2276,2.22531,2.22701,585
2025-05-05 17:00:00,2.22701,2.22701,2.22348,2.22569,960
2025-05-05 17:05:00,2.22571,2.22611,2.22551,2.22611,734
2025-05-05 17:10:00,2.22611,2.22687,2.22571,2.22679,657
2025-05-05 17:15:00,2.22676,2.22683,2.22533,2.22552,582
2025-05-05 17:20:00,2.22552,2.2261,2.22501,2.2258,578
2025-05-05 17:25:00,2.22582,2.22615,2.2254,2.22555,579
2025-05-05 17:30:00,2.22552,2.22659,2.2252,2.22613,644
2025-05-05 17:35:00,2.22613,2.22637,2.22546,2.22567,563
2025-05-05 17:40:00,2.2256299999999998,2.22569,2.22465,2.22497,563
2025-05-05 17:45:00,2.22493,2.22522,2.22409,2.22417,542
2025-05-05 17:50:00,2.22417,2.22434,2.22311,2.2235,577
2025-05-05 17:55:00,2.2235,2.224,2.22277,2.22312,536
2025-05-05 18:00:00,2.22318,2.22573,2.22318,2.22567,572
2025-05-05 18:05:00,2.22565,2.22605,2.22535,2.22538,496
2025-05-05 18:10:00,2.2254,2.22544,2.224,2.22416,465
2025-05-05 18:15:00,2.22416,2.22506,2.22413,2.22468,360
2025-05-05 18:20:00,2.22472,2.22478,2.22409,2.22428,400
2025-05-05 18:25:00,2.22428,2.22479,2.2241400000000002,2.22452,335
2025-05-05 18:30:00,2.2244,2.22497,2.22422,2.2246,399
2025-05-05 18:35:00,2.22464,2.22509,2.22434,2.22509,399
2025-05-05 18:40:00,2.22508,2.22508,2.22416,2.22428,475
2025-05-05 18:45:00,2.22428,2.22468,2.22426,2.22458,323
2025-05-05 18:50:00,2.2246,2.22465,2.22402,2.22424,370
2025-05-05 18:55:00,2.2242,2.22458,2.2235300000000002,2.22355,499
2025-05-05 19:00:00,2.22358,2.22384,2.22264,2.2233,482
2025-05-05 19:05:00,2.2233,2.224,2.22308,2.22367,474
2025-05-05 19:10:00,2.22369,2.22477,2.22363,2.2247500000000002,387
2025-05-05 19:15:00,2.22471,2.22493,2.22445,2.22472,332
2025-05-05 19:20:00,2.2247,2.22497,2.22429,2.22484,275
2025-05-05 19:25:00,2.22482,2.22515,2.22457,2.22496,309
2025-05-05 19:30:00,2.2250199999999998,2.22527,2.22476,2.22525,321
2025-05-05 19:35:00,2.22525,2.22538,2.22476,2.22538,302
2025-05-05 19:40:00,2.22538,2.22538,2.2247,2.22477,334
2025-05-05 19:45:00,2.22478,2.22501,2.22449,2.22493,296
2025-05-05 19:50:00,2.22491,2.22518,2.22463,2.22512,301
2025-05-05 19:55:00,2.22512,2.22555,2.22494,2.22526,374
2025-05-05 20:00:00,2.22528,2.22534,2.22489,2.22523,292
2025-05-05 20:05:00,2.22525,2.22551,2.22511,2.2253,313
2025-05-05 20:10:00,2.2253,2.22577,2.22527,2.2257,261
2025-05-05 20:15:00,2.22568,2.22603,2.2255,2.22584,301
2025-05-05 20:20:00,2.22584,2.22625,2.22554,2.22595,287
2025-05-05 20:25:00,2.22589,2.2264,2.22582,2.22584,289
2025-05-05 20:30:00,2.22582,2.22617,2.22571,2.226,241
2025-05-05 20:35:00,2.226,2.22655,2.22593,2.22606,235
2025-05-05 20:40:00,2.22608,2.22656,2.22602,2.22634,258
2025-05-05 20:45:00,2.22634,2.22669,2.22617,2.22656,284
2025-05-05 20:50:00,2.22662,2.22678,2.22633,2.22637,272
2025-05-05 20:55:00,2.2264,2.22675,2.22619,2.22635,256
2025-05-05 21:00:00,2.22634,2.22677,2.2263,2.22676,236
2025-05-05 21:05:00,2.22676,2.22697,2.22655,2.22689,269
2025-05-05 21:10:00,2.22691,2.2274,2.22672,2.22734,237
2025-05-05 21:15:00,2.22734,2.22747,2.22715,2.2273,205
2025-05-05 21:20:00,2.2273,2.22762,2.22723,2.2275,240
2025-05-05 21:25:00,2.22751,2.22766,2.22716,2.22716,282
2025-05-05 21:30:00,2.22716,2.2274,2.22708,2.22724,203
2025-05-05 21:35:00,2.22724,2.22731,2.22693,2.22724,204
2025-05-05 21:40:00,2.22728,2.2274,2.22665,2.22678,225
2025-05-05 21:45:00,2.22678,2.22714,2.22672,2.22703,153
2025-05-05 21:50:00,2.22703,2.22775,2.22687,2.22771,227
2025-05-05 21:55:00,2.22771,2.22771,2.22711,2.2273,345
2025-05-05 22:00:00,2.22728,2.22768,2.22663,2.22689,301
2025-05-05 22:05:00,2.22689,2.22697,2.22634,2.22641,274
2025-05-05 22:10:00,2.22645,2.22672,2.2262399999999998,2.22665,288
2025-05-05 22:15:00,2.22665,2.22728,2.22643,2.22693,263
2025-05-05 22:20:00,2.22693,2.22706,2.22663,2.22688,225
2025-05-05 22:25:00,2.22692,2.22708,2.22638,2.22681,228
2025-05-05 22:30:00,2.22681,2.22703,2.22665,2.22689,198
2025-05-05 22:35:00,2.22691,2.22701,2.22651,2.22671,186
2025-05-05 22:40:00,2.22665,2.22695,2.22654,2.22692,190
2025-05-05 22:45:00,2.22688,2.22702,2.22656,2.22687,222
2025-05-05 22:50:00,2.22687,2.22754,2.22652,2.22743,281
2025-05-05 22:55:00,2.22743,2.22788,2.22721,2.22773,359
2025-05-05 23:00:00,2.22775,2.22776,2.2271,2.22747,191
2025-05-05 23:05:00,2.22743,2.2275,2.2271,2.2271,177
2025-05-05 23:10:00,2.22713,2.22794,2.22711,2.22776,151
2025-05-05 23:15:00,2.22777,2.22805,2.22752,2.22792,98
2025-05-05 23:20:00,2.22795,2.22846,2.22788,2.22846,126
2025-05-05 23:25:00,2.22846,2.22885,2.22829,2.22882,132
2025-05-05 23:30:00,2.22878,2.22893,2.2287,2.22883,96
2025-05-05 23:35:00,2.22887,2.22893,2.22857,2.22887,160
2025-05-05 23:40:00,2.22887,2.22887,2.2259700000000002,2.22598,116
2025-05-05 23:45:00,2.22598,2.22616,2.22586,2.22616,118
2025-05-05 23:50:00,2.22616,2.22622,2.2250199999999998,2.2250199999999998,135
2025-05-05 23:55:00,2.2250199999999998,2.22784,2.2250199999999998,2.2272,325
2025-05-06 00:00:00,2.2246,2.2253,2.22458,2.22461,15
2025-05-06 00:05:00,2.22547,2.22547,2.2233,2.22542,24
2025-05-06 00:10:00,2.22529,2.22578,2.22478,2.22544,41
2025-05-06 00:15:00,2.22544,2.22549,2.22392,2.22392,79
2025-05-06 00:20:00,2.22392,2.225,2.2239,2.22471,31
2025-05-06 00:25:00,2.22471,2.22498,2.22467,2.22498,27
2025-05-06 00:30:00,2.22495,2.22566,2.22478,2.2256299999999998,89
2025-05-06 00:35:00,2.2256299999999998,2.22583,2.22537,2.22537,60
2025-05-06 00:40:00,2.22537,2.22578,2.22537,2.22574,62
2025-05-06 00:45:00,2.22577,2.22612,2.22571,2.2259,66
2025-05-06 00:50:00,2.22588,2.22592,2.22559,2.2257,64
2025-05-06 00:55:00,2.2257,2.22572,2.22493,2.22508,67
2025-05-06 01:00:00,2.22518,2.22808,2.22518,2.22786,202
2025-05-06 01:05:00,2.22786,2.2280699999999998,2.22779,2.22785,88
2025-05-06 01:10:00,2.22783,2.22818,2.22776,2.22813,99
2025-05-06 01:15:00,2.22809,2.22834,2.22798,2.22834,179
2025-05-06 01:20:00,2.22832,2.22834,2.22783,2.22799,180
2025-05-06 01:25:00,2.22797,2.22805,2.22783,2.22799,99
2025-05-06 01:30:00,2.22799,2.22824,2.22774,2.22809,48
2025-05-06 01:35:00,2.22805,2.22866,2.22802,2.22861,49
2025-05-06 01:40:00,2.22866,2.22943,2.22854,2.2294,93
2025-05-06 01:45:00,2.2294,2.22949,2.2293,2.22936,39
2025-05-06 01:50:00,2.22938,2.22953,2.22899,2.22953,69
2025-05-06 01:55:00,2.22957,2.22966,2.22914,2.22928,72
2025-05-06 02:00:00,2.22935,2.22955,2.22835,2.22932,69
2025-05-06 02:05:00,2.22932,2.2295,2.22911,2.22926,75
2025-05-06 02:10:00,2.22921,2.22952,2.22921,2.22952,34
2025-05-06 02:15:00,2.22948,2.22972,2.22924,2.22924,90
2025-05-06 02:20:00,2.22916,2.22953,2.22887,2.22953,89
2025-05-06 02:25:00,2.22957,2.22999,2.22945,2.22978,89
2025-05-06 02:30:00,2.22978,2.23,2.22961,2.22968,125
2025-05-06 02:35:00,2.22967,2.22996,2.22967,2.22989,92
2025-05-06 02:40:00,2.22993,2.23001,2.22916,2.22916,94
2025-05-06 02:45:00,2.22924,2.22968,2.22901,2.22912,148
2025-05-06 02:50:00,2.22911,2.22948,2.2286799999999998,2.22886,149
2025-05-06 02:55:00,2.22889,2.22948,2.22856,2.22924,113
2025-05-06 03:00:00,2.22924,2.22925,2.22847,2.22854,305
2025-05-06 03:05:00,2.22854,2.2293,2.22849,2.22925,207
2025-05-06 03:10:00,2.22927,2.22975,2.22912,2.22937,247
2025-05-06 03:15:00,2.22936,2.23015,2.22936,2.22953,421
2025-05-06 03:20:00,2.22953,2.23069,2.22953,2.23065,507
2025-05-06 03:25:00,2.23062,2.23085,2.2296,2.22977,380
2025-05-06 03:30:00,2.2298,2.23072,2.22957,2.23059,358
2025-05-06 03:35:00,2.23059,2.23176,2.23052,2.23138,347
2025-05-06 03:40:00,2.23139,2.23175,2.23119,2.23156,281
2025-05-06 03:45:00,2.23159,2.23162,2.2304,2.23056,338
2025-05-06 03:50:00,2.23059,2.23092,2.23014,2.23042,309
2025-05-06 03:55:00,2.23044,2.23046,2.22983,2.23036,315
2025-05-06 04:00:00,2.23027,2.2307,2.22961,2.2298999999999998,533
2025-05-06 04:05:00,2.22992,2.23014,2.22854,2.22875,508
2025-05-06 04:10:00,2.22876,2.22977,2.22815,2.22972,443
2025-05-06 04:15:00,2.22977,2.23042,2.2294,2.22996,509
2025-05-06 04:20:00,2.22996,2.23056,2.22956,2.22967,449
2025-05-06 04:25:00,2.2296300000000002,2.23018,2.22931,2.22955,412
2025-05-06 04:30:00,2.22954,2.23061,2.22936,2.2294,489
2025-05-06 04:35:00,2.2294,2.23052,2.22927,2.2304,421
2025-05-06 04:40:00,2.23041,2.23052,2.22875,2.22915,456
2025-05-06 04:45:00,2.22912,2.22987,2.22907,2.22972,337
2025-05-06 04:50:00,2.22972,2.22972,2.22913,2.22946,339
2025-05-06 04:55:00,2.22947,2.22983,2.22921,2.22975,329
2025-05-06 05:00:00,2.22978,2.22988,2.2285,2.22883,425
2025-05-06 05:05:00,2.22883,2.22937,2.22837,2.22879,421
2025-05-06 05:10:00,2.22882,2.2296,2.22862,2.22909,298
2025-05-06 05:15:00,2.22907,2.22926,2.22825,2.22828,325
2025-05-06 05:20:00,2.22832,2.22894,2.22797,2.22891,451
2025-05-06 05:25:00,2.22887,2.229,2.22813,2.22823,309
2025-05-06 05:30:00,2.22821,2.2284100000000002,2.22774,2.22781,303
2025-05-06 05:35:00,2.2278000000000002,2.22818,2.22732,2.22747,326
2025-05-06 05:40:00,2.2274,2.22762,2.22654,2.22732,292
2025-05-06 05:45:00,2.2273,2.22731,2.22676,2.22706,178
2025-05-06 05:50:00,2.22708,2.22711,2.22664,2.22709,282
2025-05-06 05:55:00,2.22707,2.22762,2.22656,2.22711,292
2025-05-06 06:00:00,2.22715,2.22815,2.22662,2.22811,350
2025-05-06 06:05:00,2.2280699999999998,2.2286,2.2280699999999998,2.22851,324
2025-05-06 06:10:00,2.22847,2.22856,2.22802,2.22827,293
2025-05-06 06:15:00,2.22829,2.22836,2.22703,2.22743,326
2025-05-06 06:20:00,2.22741,2.22791,2.22741,2.22781,293
2025-05-06 06:25:00,2.22776,2.22797,2.22725,2.22769,342
2025-05-06 06:30:00,2.22766,2.22815,2.22709,2.22742,385
2025-05-06 06:35:00,2.22735,2.22772,2.22731,2.2276,301
2025-05-06 06:40:00,2.22758,2.22764,2.22698,2.22728,338
2025-05-06 06:45:00,2.2273,2.22748,2.22702,2.2271,307
2025-05-06 06:50:00,2.22712,2.22724,2.22642,2.22661,285
2025-05-06 06:55:00,2.22663,2.22666,2.22638,2.22652,264
2025-05-06 07:00:00,2.22652,2.22652,2.22553,2.22618,202
2025-05-06 07:05:00,2.2262,2.22623,2.22537,2.22609,218
2025-05-06 07:10:00,2.22613,2.22627,2.2259,2.2259,197
2025-05-06 07:15:00,2.22591,2.22619,2.22525,2.22532,306
2025-05-06 07:20:00,2.22537,2.22581,2.22531,2.22561,235
2025-05-06 07:25:00,2.22567,2.22586,2.2248,2.2253600000000002,232
2025-05-06 07:30:00,2.22532,2.22566,2.22489,2.22499,199
2025-05-06 07:35:00,2.22495,2.22501,2.22342,2.22349,258
2025-05-06 07:40:00,2.22351,2.22351,2.22265,2.22317,230
2025-05-06 07:45:00,2.22317,2.22398,2.22296,2.22387,211
2025-05-06 07:50:00,2.22385,2.22405,2.22289,2.2232,268
2025-05-06 07:55:00,2.22316,2.2235300000000002,2.22281,2.22344,263
2025-05-06 08:00:00,2.22344,2.22437,2.22335,2.22406,270
2025-05-06 08:05:00,2.22409,2.2241400000000002,2.22357,2.22363,237
2025-05-06 08:10:00,2.22363,2.22368,2.22252,2.22254,221
2025-05-06 08:15:00,2.22252,2.22312,2.22247,2.22299,289
2025-05-06 08:20:00,2.22297,2.22361,2.22269,2.22313,289
2025-05-06 08:25:00,2.22311,2.22339,2.22185,2.22244,186
2025-05-06 08:30:00,2.22245,2.22269,2.22185,2.22246,220
2025-05-06 08:35:00,2.22248,2.22341,2.22213,2.22321,229
2025-05-06 08:40:00,2.22321,2.22434,2.22317,2.2243,321
2025-05-06 08:45:00,2.22428,2.22442,2.2237999999999998,2.22401,271
2025-05-06 08:50:00,2.22397,2.2256,2.22358,2.22557,391
2025-05-06 08:55:00,2.22557,2.22578,2.22498,2.2250199999999998,403
2025-05-06 09:00:00,2.22503,2.22607,2.22481,2.22589,501
2025-05-06 09:05:00,2.22587,2.22587,2.22457,2.22506,400
2025-05-06 09:10:00,2.22506,2.22568,2.22442,2.22542,409
2025-05-06 09:15:00,2.22547,2.22615,2.22542,2.22614,447
2025-05-06 09:20:00,2.22617,2.22651,2.22594,2.22605,434
2025-05-06 09:25:00,2.22609,2.22688,2.22556,2.22579,421
2025-05-06 09:30:00,2.22571,2.22606,2.22513,2.22581,420
2025-05-06 09:35:00,2.22581,2.226,2.2246,2.22498,497
2025-05-06 09:40:00,2.225,2.225,2.22367,2.22405,504
2025-05-06 09:45:00,2.22398,2.2245,2.22376,2.22399,403
2025-05-06 09:50:00,2.22399,2.22431,2.2233,2.22336,342
2025-05-06 09:55:00,2.22336,2.22429,2.22326,2.22351,346
2025-05-06 10:00:00,2.22359,2.22494,2.22359,2.22384,638
2025-05-06 10:05:00,2.22373,2.22421,2.22318,2.224,494
2025-05-06 10:10:00,2.22408,2.2243,2.22339,2.22368,468
2025-05-06 10:15:00,2.22368,2.22451,2.22315,2.22445,543
2025-05-06 10:20:00,2.22444,2.22485,2.22405,2.22467,518
2025-05-06 10:25:00,2.22467,2.2249,2.22412,2.2244,574
2025-05-06 10:30:00,2.22438,2.22559,2.22407,2.22472,633
2025-05-06 10:35:00,2.22472,2.22604,2.22449,2.22513,636
2025-05-06 10:40:00,2.22511,2.22616,2.22489,2.22583,550
2025-05-06 10:45:00,2.22588,2.22588,2.22467,2.22495,576
2025-05-06 10:50:00,2.22488,2.22488,2.22426,2.22472,488
2025-05-06 10:55:00,2.22472,2.22514,2.2242,2.22473,622
2025-05-06 11:00:00,2.22473,2.22627,2.22445,2.22598,578
2025-05-06 11:05:00,2.226,2.22689,2.2259,2.22656,730
2025-05-06 11:10:00,2.22647,2.22653,2.22505,2.22569,642
2025-05-06 11:15:00,2.22569,2.22573,2.225,2.22523,611
2025-05-06 11:20:00,2.22525,2.22606,2.22507,2.22546,619
2025-05-06 11:25:00,2.2255,2.226,2.22508,2.22584,419
2025-05-06 11:30:00,2.22582,2.22699,2.22569,2.22644,500
2025-05-06 11:35:00,2.22643,2.22691,2.22585,2.22637,461
2025-05-06 11:40:00,2.22637,2.2266,2.2258,2.22592,442
2025-05-06 11:45:00,2.22593,2.22704,2.22576,2.22694,439
2025-05-06 11:50:00,2.22698,2.2271,2.22609,2.22694,452
2025-05-06 11:55:00,2.22695,2.22707,2.22601,2.22665,428
2025-05-06 12:00:00,2.22667,2.22755,2.22657,2.22693,479
2025-05-06 12:05:00,2.22693,2.22765,2.2265800000000002,2.22697,476
2025-05-06 12:10:00,2.22697,2.22851,2.22697,2.22838,465
2025-05-06 12:15:00,2.22839,2.22861,2.2274599999999998,2.22765,530
2025-05-06 12:20:00,2.22772,2.22932,2.22749,2.2292899999999998,467
2025-05-06 12:25:00,2.22932,2.22972,2.22869,2.22945,480
2025-05-06 12:30:00,2.22947,2.22964,2.22879,2.22946,523
2025-05-06 12:35:00,2.22947,2.22974,2.22885,2.22908,483
2025-05-06 12:40:00,2.22916,2.23001,2.22857,2.22967,430
2025-05-06 12:45:00,2.22962,2.23044,2.2294,2.23017,428
2025-05-06 12:50:00,2.23017,2.23121,2.22984,2.2308,487
2025-05-06 12:55:00,2.23084,2.2311,2.23016,2.23069,515
2025-05-06 13:00:00,2.23069,2.23073,2.22991,2.23009,411
2025-05-06 13:05:00,2.23008,2.2308,2.22987,2.23062,386
2025-05-06 13:10:00,2.23061,2.23117,2.2305099999999998,2.231,423
2025-05-06 13:15:00,2.231,2.23113,2.22999,2.23031,314
2025-05-06 13:20:00,2.23035,2.23078,2.22991,2.23029,391
2025-05-06 13:25:00,2.2303,2.2311,2.23026,2.2308,315
2025-05-06 13:30:00,2.23084,2.23164,2.23073,2.23155,425
2025-05-06 13:35:00,2.23155,2.232,2.23139,2.23144,355
2025-05-06 13:40:00,2.23143,2.23304,2.23137,2.23258,464
2025-05-06 13:45:00,2.23257,2.23287,2.23168,2.23224,384
2025-05-06 13:50:00,2.23224,2.23313,2.23198,2.23271,394
2025-05-06 13:55:00,2.2327,2.23324,2.23228,2.23247,442
2025-05-06 14:00:00,2.23247,2.23371,2.23246,2.23314,440
2025-05-06 14:05:00,2.23313,2.23339,2.23219,2.23277,305
2025-05-06 14:10:00,2.23279,2.23381,2.2326,2.23299,434
2025-05-06 14:15:00,2.23296,2.23404,2.2327,2.23389,357
2025-05-06 14:20:00,2.2339,2.23481,2.2335599999999998,2.23468,380
2025-05-06 14:25:00,2.23479,2.23481,2.23391,2.23436,425
2025-05-06 14:30:00,2.23438,2.23456,2.2336,2.23396,421
2025-05-06 14:35:00,2.23396,2.23499,2.23396,2.23475,358
2025-05-06 14:40:00,2.2348,2.23525,2.23449,2.23503,296
2025-05-06 14:45:00,2.23503,2.23541,2.23486,2.23507,353
2025-05-06 14:50:00,2.23494,2.23555,2.23464,2.23499,402
2025-05-06 14:55:00,2.23497,2.23511,2.23371,2.23376,513
2025-05-06 15:00:00,2.23378,2.23483,2.23378,2.23472,534
2025-05-06 15:05:00,2.2347799999999998,2.23503,2.23353,2.23413,535
2025-05-06 15:10:00,2.23412,2.23468,2.23389,2.23424,456
2025-05-06 15:15:00,2.23435,2.23581,2.23435,2.23566,393
2025-05-06 15:20:00,2.23564,2.23625,2.2356,2.23586,400
2025-05-06 15:25:00,2.23586,2.23636,2.2357,2.23612,373
2025-05-06 15:30:00,2.23615,2.23637,2.23561,2.23595,482
2025-05-06 15:35:00,2.23595,2.23656,2.23595,2.23635,391
2025-05-06 15:40:00,2.23638,2.23646,2.2355,2.23602,439
2025-05-06 15:45:00,2.23603,2.23691,2.23598,2.23656,332
2025-05-06 15:50:00,2.23656,2.23693,2.23574,2.23608,412
2025-05-06 15:55:00,2.23604,2.23735,2.23604,2.23662,581
2025-05-06 16:00:00,2.23662,2.23681,2.23609,2.23645,622
2025-05-06 16:05:00,2.23647,2.2375,2.2362,2.23726,524
2025-05-06 16:10:00,2.23726,2.23778,2.23687,2.23696,453
2025-05-06 16:15:00,2.23695,2.23716,2.23617,2.23647,360
2025-05-06 16:20:00,2.23649,2.23723,2.23627,2.23711,456
2025-05-06 16:25:00,2.23711,2.23761,2.23668,2.23673,462
2025-05-06 16:30:00,2.23658,2.23708,2.23534,2.23551,626
2025-05-06 16:35:00,2.23551,2.23555,2.2345800000000002,2.23508,519
2025-05-06 16:40:00,2.23504,2.2355,2.23484,2.23487,451
2025-05-06 16:45:00,2.23486,2.23502,2.23389,2.23479,614
2025-05-06 16:50:00,2.2348,2.23511,2.23428,2.23487,578
2025-05-06 16:55:00,2.23488,2.23501,2.23349,2.2336,472
2025-05-06 17:00:00,2.2336,2.23383,2.23255,2.23364,634
2025-05-06 17:05:00,2.23361,2.23367,2.23302,2.23319,494
2025-05-06 17:10:00,2.23319,2.2333,2.23187,2.23213,561
2025-05-06 17:15:00,2.23215,2.23231,2.23145,2.23161,737
2025-05-06 17:20:00,2.23163,2.23194,2.23116,2.2314,569
2025-05-06 17:25:00,2.23144,2.23237,2.23123,2.23181,480
2025-05-06 17:30:00,2.23181,2.23243,2.23156,2.23162,607
2025-05-06 17:35:00,2.23162,2.23215,2.23162,2.23184,498
2025-05-06 17:40:00,2.2317299999999998,2.23193,2.23115,2.23118,485
2025-05-06 17:45:00,2.2312,2.23172,2.22938,2.22946,543
2025-05-06 17:50:00,2.22946,2.22968,2.22875,2.22901,511
2025-05-06 17:55:00,2.22898,2.23005,2.22844,2.23004,608
2025-05-06 18:00:00,2.23004,2.2303,2.22925,2.22955,574
2025-05-06 18:05:00,2.22955,2.2298,2.22896,2.2295,453
2025-05-06 18:10:00,2.22951,2.22954,2.22723,2.22723,484
2025-05-06 18:15:00,2.22728,2.2275,2.22652,2.22716,499
2025-05-06 18:20:00,2.22714,2.22718,2.22645,2.22663,496
2025-05-06 18:25:00,2.2265800000000002,2.22689,2.22619,2.2267,431
2025-05-06 18:30:00,2.22669,2.22687,2.22569,2.2257,436
2025-05-06 18:35:00,2.22573,2.22645,2.22569,2.22601,398
2025-05-06 18:40:00,2.22601,2.22614,2.22545,2.22591,386
2025-05-06 18:45:00,2.22589,2.22643,2.22556,2.22638,365
2025-05-06 18:50:00,2.22639,2.22751,2.22612,2.22744,401
2025-05-06 18:55:00,2.22744,2.22755,2.2265,2.22652,405
2025-05-06 19:00:00,2.22652,2.22688,2.22641,2.22673,355
2025-05-06 19:05:00,2.22675,2.22682,2.22623,2.22652,418
2025-05-06 19:10:00,2.22651,2.22709,2.2257,2.2257,548
2025-05-06 19:15:00,2.22575,2.22592,2.22481,2.22527,557
2025-05-06 19:20:00,2.22527,2.22569,2.22481,2.22523,647
2025-05-06 19:25:00,2.22525,2.22567,2.22463,2.22503,521
2025-05-06 19:30:00,2.22503,2.22537,2.22456,2.22461,456
2025-05-06 19:35:00,2.22463,2.22509,2.22406,2.2243,497
2025-05-06 19:40:00,2.22432,2.22497,2.22403,2.22482,512
2025-05-06 19:45:00,2.22482,2.22522,2.2245,2.22505,442
2025-05-06 19:50:00,2.2250199999999998,2.22527,2.22461,2.22479,388
2025-05-06 19:55:00,2.22479,2.22626,2.22446,2.22593,388
2025-05-06 20:00:00,2.22588,2.22604,2.2252,2.2252,417
2025-05-06 20:05:00,2.22521,2.22578,2.22515,2.22529,473
2025-05-06 20:10:00,2.22526,2.22583,2.225,2.22537,483
2025-05-06 20:15:00,2.22541,2.22612,2.22522,2.22579,372
2025-05-06 20:20:00,2.22581,2.2265800000000002,2.22578,2.2259,414
2025-05-06 20:25:00,2.2259,2.22639,2.22543,2.22555,375
2025-05-06 20:30:00,2.22565,2.2262399999999998,2.22544,2.2262399999999998,398
2025-05-06 20:35:00,2.2262399999999998,2.22661,2.22602,2.22642,345
2025-05-06 20:40:00,2.2262399999999998,2.22715,2.22622,2.227,321
2025-05-06 20:45:00,2.22699,2.22804,2.22695,2.2276,340
2025-05-06 20:50:00,2.22758,2.22783,2.2271900000000002,2.2272,362
2025-05-06 20:55:00,2.22722,2.22747,2.22692,2.22725,371
2025-05-06 21:00:00,2.22727,2.22733,2.22635,2.22645,519
2025-05-06 21:05:00,2.22648,2.22694,2.22632,2.22664,370
2025-05-06 21:10:00,2.2266,2.22706,2.22625,2.22657,355
2025-05-06 21:15:00,2.22656,2.22684,2.2263,2.22659,342
2025-05-06 21:20:00,2.22659,2.22679,2.22611,2.22635,431
2025-05-06 21:25:00,2.22638,2.22653,2.22592,2.2261,427
2025-05-06 21:30:00,2.22607,2.22635,2.22546,2.22632,393
2025-05-06 21:35:00,2.22628,2.22648,2.22569,2.22612,322
2025-05-06 21:40:00,2.2261,2.22666,2.22595,2.22612,273
2025-05-06 21:45:00,2.22603,2.22622,2.2256299999999998,2.226,294
2025-05-06 21:50:00,2.22602,2.22649,2.2258,2.22607,324
2025-05-06 21:55:00,2.22611,2.22618,2.2255,2.22594,416
2025-05-06 22:00:00,2.22601,2.22657,2.22582,2.22648,344
2025-05-06 22:05:00,2.22648,2.22656,2.226,2.22636,244
2025-05-06 22:10:00,2.22636,2.2264,2.22587,2.22612,301
2025-05-06 22:15:00,2.22612,2.22642,2.22582,2.22632,249
2025-05-06 22:20:00,2.22632,2.22643,2.22584,2.22592,305
2025-05-06 22:25:00,2.22594,2.22607,2.22571,2.22586,240
2025-05-06 22:30:00,2.22586,2.22639,2.22581,2.22584,333
2025-05-06 22:35:00,2.22589,2.22623,2.22567,2.22581,221
2025-05-06 22:40:00,2.22581,2.22601,2.2253600000000002,2.22569,285
2025-05-06 22:45:00,2.22577,2.22629,2.2256,2.22591,326
2025-05-06 22:50:00,2.22593,2.22593,2.22538,2.22584,390
2025-05-06 22:55:00,2.22583,2.22589,2.22507,2.22549,383
2025-05-06 23:00:00,2.22547,2.22575,2.2251,2.22546,288
2025-05-06 23:05:00,2.22534,2.22567,2.22493,2.22514,243
2025-05-06 23:10:00,2.22515,2.22543,2.22493,2.2253600000000002,256
2025-05-06 23:15:00,2.22534,2.22543,2.2249,2.22492,230
2025-05-06 23:20:00,2.22484,2.2249,2.22448,2.22473,134
2025-05-06 23:25:00,2.22471,2.22472,2.22374,2.22421,313
2025-05-06 23:30:00,2.22423,2.22529,2.22373,2.22498,434
2025-05-06 23:35:00,2.2250199999999998,2.2253600000000002,2.2242,2.22434,267
2025-05-06 23:40:00,2.22434,2.22434,2.22167,2.22229,226
2025-05-06 23:45:00,2.22226,2.2228,2.22226,2.22257,210
2025-05-06 23:50:00,2.22257,2.22267,2.22216,2.22245,222
2025-05-06 23:55:00,2.22241,2.22499,2.22191,2.2243,329
2025-05-07 00:00:00,2.22315,2.22315,2.22171,2.22266,10
2025-05-07 00:05:00,2.22266,2.22412,2.22114,2.22188,50
2025-05-07 00:10:00,2.22188,2.22212,2.22122,2.2221,65
2025-05-07 00:15:00,2.2223,2.2225,2.22105,2.22106,250
2025-05-07 00:20:00,2.22106,2.2212,2.22071,2.22088,145
2025-05-07 00:25:00,2.22088,2.22137,2.22074,2.22123,228
2025-05-07 00:30:00,2.22124,2.22469,2.22115,2.22469,229
2025-05-07 00:35:00,2.22456,2.22542,2.22454,2.22519,147
2025-05-07 00:40:00,2.22519,2.22526,2.22449,2.2247,99
2025-05-07 00:45:00,2.22459,2.22483,2.22368,2.22422,159
2025-05-07 00:50:00,2.22422,2.22436,2.22334,2.22336,68
2025-05-07 00:55:00,2.22336,2.22374,2.22293,2.2231899999999998,79
2025-05-07 01:00:00,2.22364,2.22562,2.22251,2.22324,721
2025-05-07 01:05:00,2.22326,2.22332,2.22015,2.22073,520
2025-05-07 01:10:00,2.22073,2.22219,2.22018,2.22219,406
2025-05-07 01:15:00,2.22227,2.22235,2.21993,2.22065,438
2025-05-07 01:20:00,2.22065,2.22098,2.21889,2.2189,405
2025-05-07 01:25:00,2.21882,2.21937,2.21794,2.21886,381
2025-05-07 01:30:00,2.21889,2.22076,2.21852,2.22056,386
2025-05-07 01:35:00,2.22058,2.22181,2.21935,2.21989,347
2025-05-07 01:40:00,2.21989,2.2215,2.21959,2.22082,223
2025-05-07 01:45:00,2.22026,2.22182,2.21749,2.21996,354
2025-05-07 01:50:00,2.2201,2.22069,2.21965,2.22023,216
2025-05-07 01:55:00,2.22023,2.22042,2.21928,2.22036,201
2025-05-07 02:00:00,2.22038,2.22079,2.21838,2.21879,336
2025-05-07 02:05:00,2.21873,2.22016,2.21867,2.21929,307
2025-05-07 02:10:00,2.2193,2.22022,2.21901,2.21992,228
2025-05-07 02:15:00,2.21988,2.22111,2.21981,2.22088,249
2025-05-07 02:20:00,2.22088,2.22093,2.21867,2.21883,237
2025-05-07 02:25:00,2.21883,2.21903,2.21856,2.21893,199
2025-05-07 02:30:00,2.21896,2.21965,2.21864,2.21906,217
2025-05-07 02:35:00,2.21906,2.21978,2.2189,2.21929,127
2025-05-07 02:40:00,2.21925,2.22029,2.21907,2.2199,283
2025-05-07 02:45:00,2.2199,2.22045,2.21938,2.2195,251
2025-05-07 02:50:00,2.2195,2.22032,2.21937,2.21974,255
2025-05-07 02:55:00,2.21974,2.22104,2.21974,2.22041,273
2025-05-07 03:00:00,2.22039,2.22039,2.2189,2.21949,496
2025-05-07 03:05:00,2.21956,2.22132,2.21903,2.22103,438
2025-05-07 03:10:00,2.22101,2.22216,2.22091,2.22097,491
2025-05-07 03:15:00,2.22099,2.22115,2.21912,2.21967,434
2025-05-07 03:20:00,2.21969,2.22153,2.21964,2.22051,620
2025-05-07 03:25:00,2.22056,2.22096,2.21994,2.22017,518
2025-05-07 03:30:00,2.22013,2.22045,2.21931,2.21989,586
2025-05-07 03:35:00,2.2198700000000002,2.22051,2.21947,2.21966,433
2025-05-07 03:40:00,2.2197,2.21983,2.21886,2.21932,412
2025-05-07 03:45:00,2.21935,2.2199,2.2192,2.21954,489
2025-05-07 03:50:00,2.21952,2.21956,2.2179,2.21854,578
2025-05-07 03:55:00,2.21842,2.21939,2.21821,2.2189,464
2025-05-07 04:00:00,2.2189,2.21938,2.21818,2.21897,576
2025-05-07 04:05:00,2.21919,2.22049,2.21913,2.21923,546
2025-05-07 04:10:00,2.21924,2.21924,2.2176299999999998,2.21886,653
2025-05-07 04:15:00,2.21891,2.22188,2.21879,2.22181,583
2025-05-07 04:20:00,2.22183,2.22384,2.2215,2.22372,604
2025-05-07 04:25:00,2.22372,2.2243,2.22271,2.22271,499
2025-05-07 04:30:00,2.22275,2.22379,2.22244,2.22315,693
2025-05-07 04:35:00,2.22315,2.22346,2.22273,2.22286,527
2025-05-07 04:40:00,2.22293,2.22315,2.2221,2.22216,537
2025-05-07 04:45:00,2.22214,2.22254,2.22157,2.22165,488
2025-05-07 04:50:00,2.22165,2.22191,2.22116,2.22127,583
2025-05-07 04:55:00,2.22128,2.22278,2.2212,2.22278,433
2025-05-07 05:00:00,2.2228,2.22474,2.22271,2.22469,558
2025-05-07 05:05:00,2.22468,2.2254,2.22364,2.2254,404
2025-05-07 05:10:00,2.2254,2.22577,2.22474,2.22572,420
2025-05-07 05:15:00,2.22572,2.22625,2.22456,2.22458,411
2025-05-07 05:20:00,2.2246,2.2254,2.22425,2.22517,495
2025-05-07 05:25:00,2.2251,2.2259700000000002,2.22482,2.22588,547
2025-05-07 05:30:00,2.22588,2.22605,2.22497,2.22524,569
2025-05-07 05:35:00,2.22524,2.22548,2.22492,2.22526,467
2025-05-07 05:40:00,2.22524,2.22584,2.22524,2.2256299999999998,414
2025-05-07 05:45:00,2.22564,2.22716,2.22533,2.22639,477
2025-05-07 05:50:00,2.22639,2.22646,2.22534,2.22564,358
2025-05-07 05:55:00,2.2256,2.22569,2.22484,2.22491,309
2025-05-07 06:00:00,2.22493,2.22524,2.22428,2.22451,299
2025-05-07 06:05:00,2.2244099999999998,2.22443,2.22356,2.22382,402
2025-05-07 06:10:00,2.22383,2.22433,2.22361,2.22425,375
2025-05-07 06:15:00,2.2242,2.2247,2.22409,2.2246,326
2025-05-07 06:20:00,2.2246,2.2246,2.22383,2.22393,363
2025-05-07 06:25:00,2.22393,2.22433,2.22368,2.22429,344
2025-05-07 06:30:00,2.22427,2.22444,2.22347,2.22381,363
2025-05-07 06:35:00,2.22375,2.22377,2.2232,2.22347,285
2025-05-07 06:40:00,2.2235,2.22376,2.22305,2.22372,358
2025-05-07 06:45:00,2.22379,2.22406,2.22283,2.22299,239
2025-05-07 06:50:00,2.22296,2.22303,2.22236,2.22284,239
2025-05-07 06:55:00,2.22289,2.22289,2.22215,2.22252,294
2025-05-07 07:00:00,2.22254,2.2227,2.22211,2.22213,307
2025-05-07 07:05:00,2.22211,2.22278,2.22187,2.22198,320
2025-05-07 07:10:00,2.22196,2.22225,2.22106,2.22145,353
2025-05-07 07:15:00,2.22148,2.22182,2.22117,2.22155,288
2025-05-07 07:20:00,2.22159,2.22218,2.22159,2.22206,238
2025-05-07 07:25:00,2.22207,2.22207,2.22126,2.22144,249
2025-05-07 07:30:00,2.2215,2.22263,2.2215,2.22236,257
2025-05-07 07:35:00,2.22241,2.2229,2.22224,2.22257,215
2025-05-07 07:40:00,2.22259,2.2226,2.22169,2.22215,190
2025-05-07 07:45:00,2.22215,2.22323,2.22215,2.22323,293
2025-05-07 07:50:00,2.22331,2.22348,2.22255,2.22266,264
2025-05-07 07:55:00,2.22266,2.22322,2.22225,2.22322,314
2025-05-07 08:00:00,2.22318,2.22464,2.22308,2.22384,378
2025-05-07 08:05:00,2.22384,2.22403,2.2234,2.2237,343
2025-05-07 08:10:00,2.22377,2.22443,2.22368,2.22424,275
2025-05-07 08:15:00,2.22426,2.22446,2.22385,2.22398,217
2025-05-07 08:20:00,2.2239,2.22513,2.22368,2.22492,267
2025-05-07 08:25:00,2.22494,2.22494,2.22375,2.22402,312
2025-05-07 08:30:00,2.22401,2.22505,2.22352,2.22505,324
2025-05-07 08:35:00,2.22507,2.22577,2.22378,2.22378,326
2025-05-07 08:40:00,2.22378,2.2239,2.22286,2.22385,339
2025-05-07 08:45:00,2.22385,2.22434,2.22333,2.22369,267
2025-05-07 08:50:00,2.22358,2.22451,2.22302,2.22413,383
2025-05-07 08:55:00,2.22409,2.2245,2.22306,2.22322,376
2025-05-07 09:00:00,2.2232,2.2237,2.2223100000000002,2.22279,516
2025-05-07 09:05:00,2.22279,2.22321,2.22247,2.22262,434
2025-05-07 09:10:00,2.22262,2.22375,2.22256,2.22327,427
2025-05-07 09:15:00,2.22327,2.22355,2.2224,2.22277,445
2025-05-07 09:20:00,2.22277,2.22307,2.22251,2.22285,434
2025-05-07 09:25:00,2.22281,2.22367,2.22281,2.2236,439
2025-05-07 09:30:00,2.22366,2.22468,2.22361,2.22449,413
2025-05-07 09:35:00,2.22449,2.22452,2.22302,2.22324,342
2025-05-07 09:40:00,2.22318,2.22421,2.22245,2.22403,503
2025-05-07 09:45:00,2.22405,2.22428,2.22344,2.22427,402
2025-05-07 09:50:00,2.22426,2.22454,2.22399,2.22425,439
2025-05-07 09:55:00,2.22425,2.22523,2.22408,2.22516,440
2025-05-07 10:00:00,2.22526,2.22576,2.2247,2.22568,624
2025-05-07 10:05:00,2.22566,2.22601,2.2254,2.22578,523
2025-05-07 10:10:00,2.22575,2.22638,2.22569,2.22613,547
2025-05-07 10:15:00,2.22612,2.22619,2.22528,2.22566,544
2025-05-07 10:20:00,2.22566,2.22566,2.22401,2.22413,505
2025-05-07 10:25:00,2.22412,2.22438,2.22361,2.22436,509
2025-05-07 10:30:00,2.22445,2.22476,2.2237999999999998,2.22411,499
2025-05-07 10:35:00,2.22411,2.22446,2.22369,2.22427,516
2025-05-07 10:40:00,2.22426,2.22471,2.22365,2.22411,519
2025-05-07 10:45:00,2.22411,2.22455,2.22352,2.22406,480
2025-05-07 10:50:00,2.22406,2.22467,2.22402,2.22417,460
2025-05-07 10:55:00,2.2242,2.22425,2.22327,2.22357,498
2025-05-07 11:00:00,2.22361,2.22415,2.22287,2.22381,630
2025-05-07 11:05:00,2.22381,2.22395,2.22302,2.2239,422
2025-05-07 11:10:00,2.2239,2.22488,2.22388,2.22484,506
2025-05-07 11:15:00,2.22484,2.22519,2.22434,2.22517,436
2025-05-07 11:20:00,2.22515,2.22523,2.22425,2.22442,434
2025-05-07 11:25:00,2.2244099999999998,2.22467,2.22423,2.22466,302
2025-05-07 11:30:00,2.22466,2.2250199999999998,2.22408,2.2250199999999998,318
2025-05-07 11:35:00,2.2250199999999998,2.22562,2.22495,2.22537,359
2025-05-07 11:40:00,2.22539,2.22549,2.2239,2.22411,455
2025-05-07 11:45:00,2.22411,2.22447,2.22316,2.2243,557
2025-05-07 11:50:00,2.22431,2.22449,2.22365,2.22421,524
2025-05-07 11:55:00,2.2241400000000002,2.2247500000000002,2.22345,2.22473,509
2025-05-07 12:00:00,2.2247,2.22527,2.2242,2.22513,470
2025-05-07 12:05:00,2.22512,2.22613,2.22491,2.22596,496
2025-05-07 12:10:00,2.22594,2.22635,2.22576,2.2262,453
2025-05-07 12:15:00,2.22619,2.22634,2.22555,2.2258,402
2025-05-07 12:20:00,2.22586,2.22766,2.22577,2.22726,544
2025-05-07 12:25:00,2.22726,2.2276,2.22674,2.22748,502
2025-05-07 12:30:00,2.22744,2.22749,2.227,2.22707,374
2025-05-07 12:35:00,2.22713,2.22774,2.22703,2.2273,281
2025-05-07 12:40:00,2.22731,2.2278000000000002,2.22694,2.22731,322
2025-05-07 12:45:00,2.22729,2.22729,2.22664,2.22694,268
2025-05-07 12:50:00,2.22694,2.22777,2.22668,2.22706,368
2025-05-07 12:55:00,2.22706,2.22765,2.22703,2.22762,344
2025-05-07 13:00:00,2.22751,2.2285,2.2274599999999998,2.22812,322
2025-05-07 13:05:00,2.22812,2.2285,2.22792,2.22835,373
2025-05-07 13:10:00,2.2284,2.22859,2.22792,2.22852,436
2025-05-07 13:15:00,2.22848,2.22857,2.22772,2.22772,364
2025-05-07 13:20:00,2.22778,2.2282,2.22773,2.22793,354
2025-05-07 13:25:00,2.22787,2.22872,2.22771,2.22835,283
2025-05-07 13:30:00,2.22828,2.2288,2.22797,2.22869,322
2025-05-07 13:35:00,2.22869,2.22875,2.22787,2.22817,311
2025-05-07 13:40:00,2.22819,2.22892,2.22809,2.22887,396
2025-05-07 13:45:00,2.2289,2.22911,2.22799,2.22799,356
2025-05-07 13:50:00,2.228,2.22823,2.22756,2.2276,368
2025-05-07 13:55:00,2.2276,2.22772,2.22671,2.22691,333
2025-05-07 14:00:00,2.22691,2.22724,2.22647,2.2267,351
2025-05-07 14:05:00,2.22671,2.22792,2.22671,2.2279,280
2025-05-07 14:10:00,2.22787,2.22839,2.22779,2.22801,294
2025-05-07 14:15:00,2.22808,2.22877,2.22806,2.22848,292
2025-05-07 14:20:00,2.22846,2.22879,2.22792,2.22837,398
2025-05-07 14:25:00,2.22839,2.22847,2.22794,2.2280699999999998,325
2025-05-07 14:30:00,2.22805,2.2284100000000002,2.22753,2.22826,385
2025-05-07 14:35:00,2.22826,2.22891,2.22826,2.22865,241
2025-05-07 14:40:00,2.22865,2.22912,2.22862,2.22911,380
2025-05-07 14:45:00,2.22911,2.22993,2.2290200000000002,2.22981,351
2025-05-07 14:50:00,2.22982,2.22986,2.22853,2.22856,389
2025-05-07 14:55:00,2.22856,2.22949,2.22855,2.22935,525
2025-05-07 15:00:00,2.22935,2.22968,2.22881,2.22954,395
2025-05-07 15:05:00,2.22954,2.23008,2.22919,2.22984,367
2025-05-07 15:10:00,2.22986,2.23032,2.22932,2.22971,406
2025-05-07 15:15:00,2.2297,2.23069,2.22969,2.2302400000000002,429
2025-05-07 15:20:00,2.2302,2.23083,2.23017,2.23062,431
2025-05-07 15:25:00,2.23062,2.231,2.23031,2.23089,408
2025-05-07 15:30:00,2.23089,2.23152,2.23076,2.23104,429
2025-05-07 15:35:00,2.23106,2.23245,2.23068,2.23228,413
2025-05-07 15:40:00,2.23224,2.23271,2.23211,2.23224,354
2025-05-07 15:45:00,2.23224,2.23307,2.23219,2.23279,404
2025-05-07 15:50:00,2.23283,2.23318,2.23247,2.2329499999999998,364
2025-05-07 15:55:00,2.23293,2.23366,2.23253,2.23364,388
2025-05-07 16:00:00,2.2336,2.23437,2.23325,2.23423,496
2025-05-07 16:05:00,2.23421,2.2343,2.23365,2.2339,436
2025-05-07 16:10:00,2.23391,2.23395,2.23335,2.23367,395
2025-05-07 16:15:00,2.23368,2.23471,2.2336,2.2345,400
2025-05-07 16:20:00,2.23454,2.23487,2.2341,2.23469,431
2025-05-07 16:25:00,2.23473,2.23547,2.2345800000000002,2.23507,425
2025-05-07 16:30:00,2.23503,2.23531,2.23333,2.23365,576
2025-05-07 16:35:00,2.23369,2.23447,2.23359,2.2339700000000002,407
2025-05-07 16:40:00,2.2339700000000002,2.23407,2.23326,2.23351,511
2025-05-07 16:45:00,2.23351,2.23361,2.23287,2.23299,441
2025-05-07 16:50:00,2.23301,2.23314,2.23137,2.23156,554
2025-05-07 16:55:00,2.23156,2.23172,2.23028,2.23049,697
2025-05-07 17:00:00,2.23049,2.2318,2.23023,2.23163,531
2025-05-07 17:05:00,2.23169,2.23258,2.23128,2.23218,552
2025-05-07 17:10:00,2.2321400000000002,2.23345,2.23208,2.23316,463
2025-05-07 17:15:00,2.23316,2.2339700000000002,2.23299,2.23382,546
2025-05-07 17:20:00,2.23375,2.2339700000000002,2.2323399999999998,2.23253,458
2025-05-07 17:25:00,2.23253,2.23306,2.23225,2.23297,382
2025-05-07 17:30:00,2.2329499999999998,2.23338,2.23282,2.23307,389
2025-05-07 17:35:00,2.2331,2.23436,2.23282,2.23432,378
2025-05-07 17:40:00,2.23435,2.23474,2.234,2.23463,416
2025-05-07 17:45:00,2.23456,2.23489,2.23344,2.23366,420
2025-05-07 17:50:00,2.23368,2.23523,2.23347,2.2345800000000002,516
2025-05-07 17:55:00,2.23459,2.23461,2.23277,2.23327,689
2025-05-07 18:00:00,2.23331,2.23413,2.23305,2.23411,740
2025-05-07 18:05:00,2.23412,2.23483,2.23391,2.23432,544
2025-05-07 18:10:00,2.23435,2.23477,2.23401,2.23427,458
2025-05-07 18:15:00,2.23423,2.23442,2.23352,2.2339,472
2025-05-07 18:20:00,2.2339,2.23407,2.23256,2.23331,575
2025-05-07 18:25:00,2.23331,2.23331,2.23266,2.23302,432
2025-05-07 18:30:00,2.23302,2.23344,2.23259,2.23288,526
2025-05-07 18:35:00,2.23292,2.23307,2.23188,2.23255,458
2025-05-07 18:40:00,2.23259,2.2329,2.23231,2.23269,393
2025-05-07 18:45:00,2.23269,2.23332,2.23265,2.23304,416
2025-05-07 18:50:00,2.23304,2.23323,2.23246,2.23282,393
2025-05-07 18:55:00,2.23282,2.2329499999999998,2.23206,2.23258,392
2025-05-07 19:00:00,2.23258,2.23332,2.23235,2.23328,505
2025-05-07 19:05:00,2.23324,2.23357,2.23288,2.23322,456
2025-05-07 19:10:00,2.23322,2.23382,2.23314,2.23367,398
2025-05-07 19:15:00,2.23363,2.23422,2.23354,2.23388,427
2025-05-07 19:20:00,2.23388,2.23425,2.23347,2.23391,431
2025-05-07 19:25:00,2.23393,2.23403,2.23345,2.23371,334
2025-05-07 19:30:00,2.23367,2.23369,2.23297,2.23337,359
2025-05-07 19:35:00,2.23322,2.23421,2.23322,2.23409,307
2025-05-07 19:40:00,2.23409,2.23431,2.23357,2.23361,300
2025-05-07 19:45:00,2.23364,2.23416,2.2333600000000002,2.23384,410
2025-05-07 19:50:00,2.23386,2.23402,2.2335,2.23379,392
2025-05-07 19:55:00,2.23375,2.23405,2.2334,2.23346,344
2025-05-07 20:00:00,2.23344,2.23392,2.23327,2.23351,371
2025-05-07 20:05:00,2.23351,2.23384,2.23335,2.23368,282
2025-05-07 20:10:00,2.23353,2.23395,2.23346,2.23387,287
2025-05-07 20:15:00,2.2338,2.2338,2.23292,2.23307,262
2025-05-07 20:20:00,2.23307,2.2336,2.2329,2.23294,247
2025-05-07 20:25:00,2.23298,2.23347,2.23298,2.23347,258
2025-05-07 20:30:00,2.23346,2.23431,2.23331,2.23425,273
2025-05-07 20:35:00,2.23429,2.23437,2.23371,2.23416,225
2025-05-07 20:40:00,2.23408,2.23409,2.23294,2.2338,286
2025-05-07 20:45:00,2.23377,2.23401,2.23348,2.23362,287
2025-05-07 20:50:00,2.23364,2.23424,2.23307,2.23392,538
2025-05-07 20:55:00,2.23392,2.23405,2.2316,2.2316,319
2025-05-07 21:00:00,2.23164,2.234,2.23076,2.23294,685
2025-05-07 21:05:00,2.23299,2.23362,2.23245,2.23307,820
2025-05-07 21:10:00,2.23307,2.2334,2.23254,2.23328,754
2025-05-07 21:15:00,2.23328,2.23442,2.23299,2.23376,638
2025-05-07 21:20:00,2.2337,2.23418,2.23308,2.23339,515
2025-05-07 21:25:00,2.23349,2.23358,2.23289,2.23314,492
2025-05-07 21:30:00,2.23313,2.2336,2.23152,2.23159,669
2025-05-07 21:35:00,2.23154,2.23246,2.2309,2.23221,850
2025-05-07 21:40:00,2.23228,2.2325,2.23124,2.23177,883
2025-05-07 21:45:00,2.23175,2.23314,2.23109,2.23229,697
2025-05-07 21:50:00,2.2321400000000002,2.23339,2.23182,2.23331,859
2025-05-07 21:55:00,2.23331,2.23439,2.2326,2.23395,872
2025-05-07 22:00:00,2.23409,2.23487,2.2336,2.23451,770
2025-05-07 22:05:00,2.23455,2.23576,2.23443,2.23523,633
2025-05-07 22:10:00,2.23528,2.2376,2.23503,2.23678,831
2025-05-07 22:15:00,2.23676,2.23804,2.23668,2.23675,809
2025-05-07 22:20:00,2.23677,2.23835,2.23671,2.23749,736
2025-05-07 22:25:00,2.23754,2.23874,2.23723,2.2386,613
2025-05-07 22:30:00,2.23864,2.23866,2.23706,2.23771,600
2025-05-07 22:35:00,2.23776,2.23785,2.23653,2.23675,509
2025-05-07 22:40:00,2.23674,2.23714,2.23504,2.23579,842
2025-05-07 22:45:00,2.23574,2.23649,2.23525,2.23645,726
2025-05-07 22:50:00,2.23646,2.23714,2.23564,2.23649,659
2025-05-07 22:55:00,2.2365,2.23683,2.23538,2.23629,495
2025-05-07 23:00:00,2.23629,2.23697,2.23564,2.23685,446
2025-05-07 23:05:00,2.23685,2.23789,2.23682,2.23753,297
2025-05-07 23:10:00,2.23752,2.23754,2.23685,2.23751,298
2025-05-07 23:15:00,2.23751,2.23757,2.2368,2.2368,293
2025-05-07 23:20:00,2.23672,2.23729,2.2363,2.23713,230
2025-05-07 23:25:00,2.23717,2.23764,2.23713,2.23744,241
2025-05-07 23:30:00,2.23742,2.23753,2.2369,2.23745,208
2025-05-07 23:35:00,2.23745,2.23748,2.23664,2.23686,203
2025-05-07 23:40:00,2.23686,2.23686,2.23389,2.23412,243
2025-05-07 23:45:00,2.23409,2.23429,2.23364,2.23378,194
2025-05-07 23:50:00,2.23378,2.23481,2.23369,2.23447,228
2025-05-07 23:55:00,2.2345,2.23732,2.23426,2.23677,341
2025-05-08 00:00:00,2.23683,2.23683,2.23161,2.2338,16
2025-05-08 00:05:00,2.2338,2.23494,2.23288,2.23403,46
2025-05-08 00:10:00,2.23403,2.23421,2.23334,2.23401,26
2025-05-08 00:15:00,2.23345,2.23411,2.23345,2.234,47
2025-05-08 00:20:00,2.234,2.23497,2.23006,2.23274,96
2025-05-08 00:25:00,2.2327,2.23461,2.2327,2.23461,68
2025-05-08 00:30:00,2.23454,2.23575,2.23449,2.23573,142
2025-05-08 00:35:00,2.23573,2.23575,2.23496,2.235,76
2025-05-08 00:40:00,2.235,2.23523,2.23469,2.23469,89
2025-05-08 00:45:00,2.23471,2.23515,2.23471,2.23508,55
2025-05-08 00:50:00,2.23508,2.23511,2.23498,2.23504,31
2025-05-08 00:55:00,2.23507,2.23516,2.23506,2.23512,38
2025-05-08 01:00:00,2.23526,2.23708,2.23464,2.2364,364
2025-05-08 01:05:00,2.23642,2.23701,2.23428,2.23667,325
2025-05-08 01:10:00,2.2367,2.23721,2.23655,2.2368,119
2025-05-08 01:15:00,2.23683,2.23725,2.23651,2.23666,173
2025-05-08 01:20:00,2.23666,2.23684,2.23649,2.23656,176
2025-05-08 01:25:00,2.23659,2.23684,2.23644,2.23665,325
2025-05-08 01:30:00,2.23665,2.23695,2.23648,2.23676,209
2025-05-08 01:35:00,2.23675,2.237,2.23647,2.23696,94
2025-05-08 01:40:00,2.237,2.23708,2.23633,2.23672,123
2025-05-08 01:45:00,2.23672,2.23679,2.23612,2.23637,72
2025-05-08 01:50:00,2.2364100000000002,2.23724,2.23622,2.2372,225
2025-05-08 01:55:00,2.23724,2.23728,2.23672,2.23704,173
2025-05-08 02:00:00,2.2370200000000002,2.23751,2.23635,2.23672,148
2025-05-08 02:05:00,2.23672,2.2373,2.2363,2.2373,113
2025-05-08 02:10:00,2.23735,2.23775,2.23709,2.23739,120
2025-05-08 02:15:00,2.23739,2.23753,2.23701,2.23718,95
2025-05-08 02:20:00,2.23734,2.23737,2.23685,2.2370200000000002,155
2025-05-08 02:25:00,2.23699,2.23753,2.23696,2.2372199999999998,91
2025-05-08 02:30:00,2.23726,2.23746,2.23713,2.23739,146
2025-05-08 02:35:00,2.23739,2.23741,2.2365,2.23721,124
2025-05-08 02:40:00,2.23729,2.2377,2.23688,2.23751,184
2025-05-08 02:45:00,2.23755,2.23816,2.23715,2.23743,168
2025-05-08 02:50:00,2.23745,2.23775,2.23725,2.23734,132
2025-05-08 02:55:00,2.23734,2.23775,2.23711,2.23735,280
2025-05-08 03:00:00,2.23735,2.23765,2.23676,2.23688,405
2025-05-08 03:05:00,2.23692,2.23733,2.23651,2.23655,238
2025-05-08 03:10:00,2.23657,2.23667,2.23574,2.23604,294
2025-05-08 03:15:00,2.23602,2.23694,2.23602,2.23694,235
2025-05-08 03:20:00,2.23681,2.2369,2.23598,2.23621,301
2025-05-08 03:25:00,2.23621,2.23736,2.23621,2.23732,260
2025-05-08 03:30:00,2.23734,2.23752,2.23676,2.23705,271
2025-05-08 03:35:00,2.23703,2.23713,2.23647,2.23648,269
2025-05-08 03:40:00,2.23647,2.23714,2.23643,2.23712,303
2025-05-08 03:45:00,2.23711,2.23731,2.23621,2.2370200000000002,288
2025-05-08 03:50:00,2.2370200000000002,2.23703,2.23643,2.23692,360
2025-05-08 03:55:00,2.23694,2.23705,2.23373,2.23467,766
2025-05-08 04:00:00,2.23463,2.23514,2.23372,2.23471,667
2025-05-08 04:05:00,2.23475,2.23497,2.23429,2.23479,495
2025-05-08 04:10:00,2.23477,2.23573,2.23421,2.2347,492
2025-05-08 04:15:00,2.23477,2.23527,2.23413,2.23454,478
2025-05-08 04:20:00,2.23455,2.23557,2.23414,2.23555,417
2025-05-08 04:25:00,2.23555,2.23617,2.23531,2.23578,470
2025-05-08 04:30:00,2.23574,2.2359999999999998,2.23449,2.23505,502
2025-05-08 04:35:00,2.23505,2.23544,2.23457,2.23474,358
2025-05-08 04:40:00,2.2347,2.23529,2.23399,2.23508,397
2025-05-08 04:45:00,2.2351,2.23516,2.23366,2.23366,476
2025-05-08 04:50:00,2.23369,2.23714,2.23324,2.23707,679
2025-05-08 04:55:00,2.23707,2.23794,2.23633,2.23756,487
2025-05-08 05:00:00,2.23753,2.23776,2.23609,2.23649,469
2025-05-08 05:05:00,2.23649,2.23713,2.23498,2.23504,386
2025-05-08 05:10:00,2.23497,2.23592,2.23401,2.23586,435
2025-05-08 05:15:00,2.23584,2.23589,2.23435,2.23476,365
2025-05-08 05:20:00,2.23471,2.23516,2.23438,2.23454,347
2025-05-08 05:25:00,2.23454,2.2353,2.23409,2.23474,301
2025-05-08 05:30:00,2.2348,2.23536,2.23416,2.23495,404
2025-05-08 05:35:00,2.23498,2.23541,2.23448,2.23489,264
2025-05-08 05:40:00,2.23489,2.23576,2.23439,2.23542,410
2025-05-08 05:45:00,2.23544,2.23626,2.2351,2.23621,369
2025-05-08 05:50:00,2.23621,2.23683,2.23613,2.23633,258
2025-05-08 05:55:00,2.23631,2.23657,2.23568,2.23606,325
2025-05-08 06:00:00,2.23608,2.23622,2.23522,2.23622,359
2025-05-08 06:05:00,2.23622,2.23623,2.2351900000000002,2.23556,313
2025-05-08 06:10:00,2.23554,2.23618,2.23485,2.23575,312
2025-05-08 06:15:00,2.23578,2.2358000000000002,2.23512,2.23529,252
2025-05-08 06:20:00,2.23525,2.23609,2.23494,2.2357,273
2025-05-08 06:25:00,2.2357,2.23578,2.23481,2.23538,259
2025-05-08 06:30:00,2.23536,2.23542,2.23479,2.23522,268
2025-05-08 06:35:00,2.23522,2.23535,2.23498,2.23522,227
2025-05-08 06:40:00,2.23522,2.23557,2.2347799999999998,2.23501,267
2025-05-08 06:45:00,2.23505,2.23544,2.23481,2.23536,360
2025-05-08 06:50:00,2.23542,2.23553,2.23501,2.23526,277
2025-05-08 06:55:00,2.23526,2.23587,2.2349,2.23587,220
2025-05-08 07:00:00,2.23582,2.23598,2.23532,2.23574,234
2025-05-08 07:05:00,2.23574,2.23581,2.23534,2.23557,191
2025-05-08 07:10:00,2.23559,2.2356,2.23496,2.23542,222
2025-05-08 07:15:00,2.2354,2.23566,2.23522,2.2355,200
2025-05-08 07:20:00,2.23548,2.23551,2.23454,2.23516,208
2025-05-08 07:25:00,2.23516,2.23516,2.23441,2.2345800000000002,231
2025-05-08 07:30:00,2.2345800000000002,2.23476,2.23364,2.23365,174
2025-05-08 07:35:00,2.23361,2.23385,2.23342,2.23374,134
2025-05-08 07:40:00,2.23376,2.23379,2.23326,2.23353,286
2025-05-08 07:45:00,2.2335599999999998,2.23383,2.23323,2.23333,285
2025-05-08 07:50:00,2.23333,2.23392,2.23324,2.23377,173
2025-05-08 07:55:00,2.2338,2.23382,2.2329499999999998,2.23369,305
2025-05-08 08:00:00,2.23373,2.23385,2.23284,2.23303,350
2025-05-08 08:05:00,2.23304,2.23367,2.23267,2.2335,373
2025-05-08 08:10:00,2.23344,2.2338,2.23242,2.23254,588
2025-05-08 08:15:00,2.23254,2.23383,2.23229,2.23369,464
2025-05-08 08:20:00,2.23373,2.23438,2.23335,2.23436,434
2025-05-08 08:25:00,2.23427,2.23472,2.23387,2.23445,363
2025-05-08 08:30:00,2.23445,2.23561,2.23429,2.2349,504
2025-05-08 08:35:00,2.23487,2.23554,2.23453,2.23552,319
2025-05-08 08:40:00,2.23552,2.23616,2.2347,2.23533,352
2025-05-08 08:45:00,2.23537,2.23579,2.23491,2.23492,318
2025-05-08 08:50:00,2.23496,2.23578,2.23487,2.23536,392
2025-05-08 08:55:00,2.23532,2.23588,2.23499,2.23588,448
2025-05-08 09:00:00,2.23585,2.2359,2.23413,2.23483,533
2025-05-08 09:05:00,2.23483,2.23483,2.23339,2.2339700000000002,448
2025-05-08 09:10:00,2.23399,2.23557,2.23368,2.23515,618
2025-05-08 09:15:00,2.2351900000000002,2.23603,2.23499,2.23547,711
2025-05-08 09:20:00,2.23547,2.23578,2.23485,2.23555,625
2025-05-08 09:25:00,2.23557,2.23605,2.2347,2.23522,540
2025-05-08 09:30:00,2.2351900000000002,2.23762,2.23508,2.23748,730
2025-05-08 09:35:00,2.23752,2.2389,2.23737,2.2385099999999998,595
2025-05-08 09:40:00,2.2385099999999998,2.2397,2.23828,2.23952,633
2025-05-08 09:45:00,2.23952,2.23999,2.23881,2.23978,551
2025-05-08 09:50:00,2.23978,2.24019,2.23915,2.23965,548
2025-05-08 09:55:00,2.23964,2.24165,2.23936,2.24114,573
2025-05-08 10:00:00,2.24114,2.2426,2.24085,2.24203,789
2025-05-08 10:05:00,2.24203,2.2425100000000002,2.24037,2.24088,622
2025-05-08 10:10:00,2.24091,2.24186,2.24072,2.24147,535
2025-05-08 10:15:00,2.24147,2.24187,2.24109,2.24162,572
2025-05-08 10:20:00,2.24164,2.24181,2.24115,2.24115,456
2025-05-08 10:25:00,2.24115,2.2421,2.24113,2.24133,479
2025-05-08 10:30:00,2.24133,2.24164,2.2409,2.2415,381
2025-05-08 10:35:00,2.24153,2.24167,2.24061,2.24069,499
2025-05-08 10:40:00,2.24071,2.24115,2.24037,2.24088,495
2025-05-08 10:45:00,2.24084,2.24141,2.24073,2.24135,545
2025-05-08 10:50:00,2.24137,2.24253,2.24117,2.2425100000000002,465
2025-05-08 10:55:00,2.2425100000000002,2.24277,2.24203,2.24216,476
2025-05-08 11:00:00,2.2422,2.2425100000000002,2.24115,2.24158,579
2025-05-08 11:05:00,2.24158,2.24192,2.24104,2.24171,470
2025-05-08 11:10:00,2.24173,2.24212,2.24008,2.24099,591
2025-05-08 11:15:00,2.24099,2.24147,2.24047,2.24147,545
2025-05-08 11:20:00,2.24143,2.24162,2.23994,2.24003,529
2025-05-08 11:25:00,2.24003,2.24021,2.23905,2.23928,584
2025-05-08 11:30:00,2.23916,2.24014,2.23898,2.23961,530
2025-05-08 11:35:00,2.2396,2.24096,2.2395,2.23968,484
2025-05-08 11:40:00,2.23959,2.2403399999999998,2.23906,2.23936,496
2025-05-08 11:45:00,2.23931,2.24026,2.23916,2.23927,522
2025-05-08 11:50:00,2.23927,2.24017,2.23887,2.23956,586
2025-05-08 11:55:00,2.2396,2.24072,2.23921,2.24033,567
2025-05-08 12:00:00,2.24033,2.24084,2.23951,2.24038,487
2025-05-08 12:05:00,2.24038,2.24065,2.23982,2.23992,420
2025-05-08 12:10:00,2.2399,2.24046,2.23977,2.23993,448
2025-05-08 12:15:00,2.23996,2.24025,2.23916,2.23972,489
2025-05-08 12:20:00,2.23963,2.2400700000000002,2.23942,2.23979,416
2025-05-08 12:25:00,2.23981,2.2403,2.23937,2.23945,408
2025-05-08 12:30:00,2.2394600000000002,2.2406800000000002,2.23916,2.2406,449
2025-05-08 12:35:00,2.2406,2.24164,2.24059,2.24151,491
2025-05-08 12:40:00,2.24153,2.24222,2.24086,2.24128,425
2025-05-08 12:45:00,2.24127,2.24172,2.24092,2.2409499999999998,461
2025-05-08 12:50:00,2.2409499999999998,2.2411,2.24001,2.24003,364
2025-05-08 12:55:00,2.24005,2.24189,2.24,2.24175,453
2025-05-08 13:00:00,2.24175,2.24175,2.24025,2.24027,507
2025-05-08 13:05:00,2.24027,2.24192,2.24021,2.2417,443
2025-05-08 13:10:00,2.24169,2.24223,2.24119,2.2414,450
2025-05-08 13:15:00,2.24138,2.24154,2.2397299999999998,2.23986,417
2025-05-08 13:20:00,2.23986,2.23995,2.239,2.23914,445
2025-05-08 13:25:00,2.23914,2.23987,2.2391,2.2398,375
2025-05-08 13:30:00,2.23984,2.24009,2.23918,2.23943,427
2025-05-08 13:35:00,2.23943,2.24013,2.2391,2.23939,474
2025-05-08 13:40:00,2.23939,2.2397299999999998,2.23899,2.2397299999999998,321
2025-05-08 13:45:00,2.2397299999999998,2.24059,2.23956,2.24013,387
2025-05-08 13:50:00,2.24006,2.24028,2.23964,2.24001,473
2025-05-08 13:55:00,2.24003,2.24037,2.23686,2.23697,574
2025-05-08 14:00:00,2.23695,2.24579,2.23362,2.24453,1040
2025-05-08 14:05:00,2.24458,2.24661,2.2442,2.24593,744
2025-05-08 14:10:00,2.24601,2.24797,2.24589,2.2466,631
2025-05-08 14:15:00,2.2466,2.24718,2.24557,2.24672,555
2025-05-08 14:20:00,2.24672,2.2477,2.24657,2.24742,510
2025-05-08 14:25:00,2.2474600000000002,2.24749,2.24637,2.24732,403
2025-05-08 14:30:00,2.24734,2.24815,2.2473,2.24768,436
2025-05-08 14:35:00,2.24768,2.24821,2.24627,2.24684,445
2025-05-08 14:40:00,2.24687,2.24808,2.24681,2.24801,411
2025-05-08 14:45:00,2.248,2.24865,2.24778,2.24843,454
2025-05-08 14:50:00,2.24843,2.2492900000000002,2.24814,2.24925,488
2025-05-08 14:55:00,2.24925,2.24954,2.24848,2.24871,456
2025-05-08 15:00:00,2.24876,2.24947,2.24846,2.24927,586
2025-05-08 15:05:00,2.24923,2.24943,2.24853,2.24913,457
2025-05-08 15:10:00,2.2491,2.25052,2.24896,2.24992,535
2025-05-08 15:15:00,2.24973,2.25099,2.24964,2.2508,469
2025-05-08 15:20:00,2.25078,2.25113,2.24971,2.24986,450
2025-05-08 15:25:00,2.2499000000000002,2.25005,2.24902,2.24928,407
2025-05-08 15:30:00,2.24927,2.24952,2.24846,2.24941,648
2025-05-08 15:35:00,2.24945,2.24969,2.2476,2.24779,742
2025-05-08 15:40:00,2.24782,2.24799,2.24621,2.24649,694
2025-05-08 15:45:00,2.24656,2.24753,2.2464,2.24716,562
2025-05-08 15:50:00,2.24716,2.2473,2.24622,2.24627,510
2025-05-08 15:55:00,2.24637,2.24663,2.24572,2.24633,597
2025-05-08 16:00:00,2.24635,2.24695,2.24591,2.24636,592
2025-05-08 16:05:00,2.2464,2.24647,2.2455600000000002,2.24559,574
2025-05-08 16:10:00,2.24552,2.2462,2.24493,2.24589,508
2025-05-08 16:15:00,2.24589,2.24665,2.24568,2.24609,481
2025-05-08 16:20:00,2.24609,2.24697,2.2459,2.24624,455
2025-05-08 16:25:00,2.2462,2.24659,2.24549,2.24586,488
2025-05-08 16:30:00,2.24568,2.24658,2.24544,2.24658,607
2025-05-08 16:35:00,2.24654,2.24776,2.24634,2.24732,590
2025-05-08 16:40:00,2.24724,2.24756,2.2466,2.24736,588
2025-05-08 16:45:00,2.24738,2.24795,2.24689,2.24699,573
2025-05-08 16:50:00,2.24699,2.24711,2.2462,2.24691,532
2025-05-08 16:55:00,2.24695,2.24719,2.2451,2.2451,568
2025-05-08 17:00:00,2.24511,2.24582,2.24464,2.24508,608
2025-05-08 17:05:00,2.24514,2.24582,2.24488,2.24542,426
2025-05-08 17:10:00,2.24541,2.24577,2.24458,2.24475,511
2025-05-08 17:15:00,2.2448,2.24499,2.24397,2.24397,480
2025-05-08 17:20:00,2.24397,2.24468,2.24376,2.24419,486
2025-05-08 17:25:00,2.24406,2.24419,2.243,2.24307,579
2025-05-08 17:30:00,2.24307,2.24381,2.24268,2.24362,603
2025-05-08 17:35:00,2.24365,2.2445,2.2433899999999998,2.24435,540
2025-05-08 17:40:00,2.24435,2.24449,2.24383,2.24387,463
2025-05-08 17:45:00,2.24387,2.24483,2.24376,2.24474,516
2025-05-08 17:50:00,2.24474,2.24658,2.24429,2.2464399999999998,884
2025-05-08 17:55:00,2.24641,2.24647,2.24529,2.24594,913
2025-05-08 18:00:00,2.24589,2.24651,2.24571,2.24588,848
2025-05-08 18:05:00,2.24586,2.24631,2.2449500000000002,2.24499,660
2025-05-08 18:10:00,2.24502,2.24646,2.24498,2.24646,651
2025-05-08 18:15:00,2.2465,2.24656,2.24474,2.24564,592
2025-05-08 18:20:00,2.24564,2.24567,2.24428,2.24428,817
2025-05-08 18:25:00,2.24428,2.24473,2.2436,2.24403,644
2025-05-08 18:30:00,2.24399,2.24478,2.24342,2.24408,770
2025-05-08 18:35:00,2.24414,2.24416,2.24229,2.24238,632
2025-05-08 18:40:00,2.24238,2.24239,2.24127,2.24197,739
2025-05-08 18:45:00,2.24194,2.24307,2.24185,2.24194,789
2025-05-08 18:50:00,2.24189,2.24273,2.24146,2.24236,881
2025-05-08 18:55:00,2.24236,2.24341,2.24165,2.2431,741
2025-05-08 19:00:00,2.24285,2.24383,2.24269,2.24345,689
2025-05-08 19:05:00,2.24343,2.24427,2.24341,2.24367,590
2025-05-08 19:10:00,2.24367,2.24432,2.24358,2.24396,702
2025-05-08 19:15:00,2.24393,2.24446,2.24319,2.24426,571
2025-05-08 19:20:00,2.24426,2.24476,2.24418,2.24462,535
2025-05-08 19:25:00,2.24462,2.24462,2.24399,2.24437,618
2025-05-08 19:30:00,2.2443400000000002,2.24438,2.24332,2.24411,570
2025-05-08 19:35:00,2.24417,2.24448,2.24333,2.24362,453
2025-05-08 19:40:00,2.2436,2.24366,2.24296,2.24336,471
2025-05-08 19:45:00,2.24336,2.24358,2.24304,2.24306,436
2025-05-08 19:50:00,2.24302,2.24333,2.24198,2.24237,466
2025-05-08 19:55:00,2.24236,2.24283,2.24218,2.24271,522
2025-05-08 20:00:00,2.24271,2.24287,2.24219,2.24225,488
2025-05-08 20:05:00,2.24225,2.24276,2.24189,2.24264,490
2025-05-08 20:10:00,2.24264,2.24336,2.24237,2.24326,400
2025-05-08 20:15:00,2.24326,2.24337,2.24289,2.24291,335
2025-05-08 20:20:00,2.24294,2.2433,2.24261,2.2431,290
2025-05-08 20:25:00,2.24314,2.2436,2.24283,2.24337,409
2025-05-08 20:30:00,2.24335,2.24376,2.24299,2.24353,405
2025-05-08 20:35:00,2.24353,2.24364,2.24309,2.2436,388
2025-05-08 20:40:00,2.24364,2.24376,2.24287,2.24295,426
2025-05-08 20:45:00,2.24295,2.2435,2.24284,2.24341,370
2025-05-08 20:50:00,2.24341,2.24369,2.24309,2.2434,382
2025-05-08 20:55:00,2.2434,2.24353,2.24292,2.24338,424
2025-05-08 21:00:00,2.24336,2.24351,2.24299,2.24321,441
2025-05-08 21:05:00,2.2432,2.24391,2.2431,2.24363,381
2025-05-08 21:10:00,2.24365,2.24423,2.24345,2.24409,361
2025-05-08 21:15:00,2.24409,2.24413,2.24353,2.24396,319
2025-05-08 21:20:00,2.24396,2.24431,2.24374,2.24388,260
2025-05-08 21:25:00,2.24388,2.2446099999999998,2.24384,2.24433,272
2025-05-08 21:30:00,2.24433,2.24447,2.24368,2.24368,287
2025-05-08 21:35:00,2.24368,2.24438,2.24368,2.24419,259
2025-05-08 21:40:00,2.24417,2.24474,2.24395,2.24435,289
2025-05-08 21:45:00,2.24433,2.24477,2.2442,2.24454,239
2025-05-08 21:50:00,2.24462,2.24492,2.24424,2.24436,312
2025-05-08 21:55:00,2.24437,2.24498,2.24426,2.24477,279
2025-05-08 22:00:00,2.24484,2.24501,2.24408,2.24436,408
2025-05-08 22:05:00,2.24439,2.24477,2.24429,2.24468,246
2025-05-08 22:10:00,2.2447,2.24473,2.24415,2.24433,282
2025-05-08 22:15:00,2.24433,2.24444,2.24359,2.2436,331
2025-05-08 22:20:00,2.24364,2.24388,2.24295,2.243,390
2025-05-08 22:25:00,2.24301,2.24315,2.24187,2.24223,439
2025-05-08 22:30:00,2.24223,2.24257,2.24168,2.24193,435
2025-05-08 22:35:00,2.2419000000000002,2.24241,2.24173,2.24241,377
2025-05-08 22:40:00,2.24243,2.24281,2.24201,2.24242,362
2025-05-08 22:45:00,2.24233,2.24286,2.24229,2.2427799999999998,334
2025-05-08 22:50:00,2.24264,2.24326,2.24245,2.24279,413
2025-05-08 22:55:00,2.24283,2.24369,2.2427,2.24303,410
2025-05-08 23:00:00,2.24303,2.24335,2.24256,2.24261,253
2025-05-08 23:05:00,2.24257,2.24259,2.24172,2.24179,164
2025-05-08 23:10:00,2.24186,2.24218,2.24181,2.24216,136
2025-05-08 23:15:00,2.24207,2.24221,2.24184,2.242,172
2025-05-08 23:20:00,2.24184,2.2424,2.24168,2.24225,259
2025-05-08 23:25:00,2.2421699999999998,2.24295,2.24214,2.24286,174
2025-05-08 23:30:00,2.2429,2.2429,2.24205,2.2423,166
2025-05-08 23:35:00,2.24228,2.24234,2.24155,2.24178,131
2025-05-08 23:40:00,2.24178,2.24178,2.2391199999999998,2.2396,157
2025-05-08 23:45:00,2.23961,2.23984,2.2395,2.23953,148
2025-05-08 23:50:00,2.23953,2.23994,2.23937,2.23989,207
2025-05-08 23:55:00,2.23989,2.24236,2.23955,2.24215,463
2025-05-09 00:00:00,2.24239,2.24286,2.24151,2.2422,14
2025-05-09 00:05:00,2.2422,2.2422,2.24035,2.24102,239
2025-05-09 00:10:00,2.24104,2.2411,2.24025,2.241,118
2025-05-09 00:15:00,2.24102,2.24107,2.24056,2.24057,66
2025-05-09 00:20:00,2.24057,2.24142,2.24055,2.24081,120
2025-05-09 00:25:00,2.24081,2.24199,2.2408,2.24127,123
2025-05-09 00:30:00,2.24127,2.2413,2.24092,2.24107,93
2025-05-09 00:35:00,2.24107,2.24169,2.24101,2.24148,75
2025-05-09 00:40:00,2.24148,2.24209,2.24118,2.2415,155
2025-05-09 00:45:00,2.24155,2.24173,2.24096,2.24117,114
2025-05-09 00:50:00,2.24117,2.24187,2.24114,2.24177,99
2025-05-09 00:55:00,2.24179,2.24228,2.24116,2.2416,147
2025-05-09 01:00:00,2.24172,2.24329,2.24172,2.24279,253
2025-05-09 01:05:00,2.24292,2.24318,2.2427,2.24303,86
2025-05-09 01:10:00,2.24303,2.2433,2.24284,2.24305,113
2025-05-09 01:15:00,2.24302,2.24307,2.2428,2.24297,109
2025-05-09 01:20:00,2.24297,2.24335,2.24297,2.24314,112
2025-05-09 01:25:00,2.2431200000000002,2.24314,2.24272,2.2427799999999998,97
2025-05-09 01:30:00,2.24276,2.24375,2.24272,2.24286,204
2025-05-09 01:35:00,2.2429,2.24323,2.24288,2.24319,141
2025-05-09 01:40:00,2.24318,2.2433899999999998,2.24232,2.24327,143
2025-05-09 01:45:00,2.24329,2.24334,2.24262,2.24272,71
2025-05-09 01:50:00,2.24272,2.24276,2.24243,2.24256,57
2025-05-09 01:55:00,2.24256,2.24276,2.24241,2.24259,86
2025-05-09 02:00:00,2.24255,2.24298,2.24241,2.24265,162
2025-05-09 02:05:00,2.24273,2.24288,2.24243,2.24268,144
2025-05-09 02:10:00,2.24268,2.243,2.24266,2.24277,146
2025-05-09 02:15:00,2.24277,2.24363,2.24252,2.24356,158
2025-05-09 02:20:00,2.24352,2.24377,2.2433899999999998,2.24354,152
2025-05-09 02:25:00,2.24357,2.24403,2.24352,2.2438,105
2025-05-09 02:30:00,2.24386,2.24407,2.24353,2.2436,141
2025-05-09 02:35:00,2.24362,2.24363,2.24298,2.24325,85
2025-05-09 02:40:00,2.24336,2.24344,2.24291,2.24305,107
2025-05-09 02:45:00,2.24305,2.24322,2.24275,2.24286,141
2025-05-09 02:50:00,2.24284,2.24371,2.24264,2.2436,212
2025-05-09 02:55:00,2.2436,2.24395,2.24322,2.24343,252
2025-05-09 03:00:00,2.24351,2.2436,2.24257,2.24299,440
2025-05-09 03:05:00,2.2431,2.24328,2.2426,2.24296,303
2025-05-09 03:10:00,2.24299,2.24351,2.24226,2.24281,453
2025-05-09 03:15:00,2.24277,2.24308,2.24227,2.24252,363
2025-05-09 03:20:00,2.24252,2.2432,2.24238,2.2429,465
2025-05-09 03:25:00,2.2429,2.24367,2.2428,2.24353,304
2025-05-09 03:30:00,2.24349,2.24431,2.24349,2.2443,369
2025-05-09 03:35:00,2.2443,2.24503,2.24412,2.24491,295
2025-05-09 03:40:00,2.24491,2.24535,2.2447,2.24478,327
2025-05-09 03:45:00,2.24476,2.24514,2.24435,2.24491,460
2025-05-09 03:50:00,2.24489,2.2458,2.24487,2.24551,419
2025-05-09 03:55:00,2.24555,2.24662,2.24553,2.2465,399
2025-05-09 04:00:00,2.24648,2.24681,2.24617,2.24673,438
2025-05-09 04:05:00,2.24677,2.24688,2.2459,2.24631,359
2025-05-09 04:10:00,2.24631,2.24698,2.24621,2.24643,359
2025-05-09 04:15:00,2.2464399999999998,2.24704,2.24598,2.24691,418
2025-05-09 04:20:00,2.2469,2.2469,2.24613,2.24668,418
2025-05-09 04:25:00,2.24668,2.24719,2.24622,2.24658,504
2025-05-09 04:30:00,2.2466,2.2466,2.24429,2.24568,497
2025-05-09 04:35:00,2.24568,2.24702,2.24568,2.24665,468
2025-05-09 04:40:00,2.24665,2.24699,2.24604,2.24666,417
2025-05-09 04:45:00,2.2468500000000002,2.24707,2.24612,2.24675,437
2025-05-09 04:50:00,2.24675,2.24703,2.24635,2.24648,281
2025-05-09 04:55:00,2.2464399999999998,2.24723,2.24582,2.2459,391
2025-05-09 05:00:00,2.2459,2.24743,2.24579,2.24723,462
2025-05-09 05:05:00,2.24724,2.24903,2.24695,2.24843,534
2025-05-09 05:10:00,2.2485,2.25014,2.2484,2.24946,538
2025-05-09 05:15:00,2.24948,2.24974,2.248,2.24857,478
2025-05-09 05:20:00,2.24855,2.24882,2.24773,2.24821,415
2025-05-09 05:25:00,2.2483,2.24894,2.24792,2.24792,378
2025-05-09 05:30:00,2.24786,2.2480700000000002,2.24703,2.24715,430
2025-05-09 05:35:00,2.24711,2.24767,2.24659,2.24682,507
2025-05-09 05:40:00,2.2468500000000002,2.24703,2.24634,2.24667,405
2025-05-09 05:45:00,2.2466,2.24711,2.24636,2.2468500000000002,341
2025-05-09 05:50:00,2.2468500000000002,2.2474600000000002,2.24654,2.24671,385
2025-05-09 05:55:00,2.24671,2.24793,2.24657,2.24725,399
2025-05-09 06:00:00,2.2472,2.24727,2.24513,2.24548,682
2025-05-09 06:05:00,2.24548,2.2463,2.24534,2.24603,462
2025-05-09 06:10:00,2.24593,2.24645,2.24544,2.24567,378
2025-05-09 06:15:00,2.24569,2.24609,2.24542,2.24582,339
2025-05-09 06:20:00,2.24584,2.24613,2.24531,2.24573,412
2025-05-09 06:25:00,2.24575,2.24621,2.24533,2.2458,368
2025-05-09 06:30:00,2.24579,2.24585,2.24489,2.2452,405
2025-05-09 06:35:00,2.24501,2.24547,2.24458,2.2453,291
2025-05-09 06:40:00,2.24545,2.24592,2.24519,2.24563,356
2025-05-09 06:45:00,2.24567,2.24572,2.24504,2.24557,284
2025-05-09 06:50:00,2.2456,2.24579,2.24486,2.24506,268
2025-05-09 06:55:00,2.24506,2.24513,2.24418,2.24439,298
2025-05-09 07:00:00,2.24435,2.24466,2.24389,2.24432,375
2025-05-09 07:05:00,2.24439,2.24457,2.24351,2.24435,308
2025-05-09 07:10:00,2.24435,2.2453,2.24412,2.24523,278
2025-05-09 07:15:00,2.24521,2.24587,2.24488,2.24559,307
2025-05-09 07:20:00,2.24545,2.24582,2.24514,2.2454,232
2025-05-09 07:25:00,2.24538,2.24548,2.24396,2.24417,344
2025-05-09 07:30:00,2.24418,2.24501,2.24393,2.24466,314
2025-05-09 07:35:00,2.2447,2.245,2.24451,2.24471,279
2025-05-09 07:40:00,2.24475,2.24493,2.24445,2.24466,266
2025-05-09 07:45:00,2.24469,2.24477,2.2442,2.24459,253
2025-05-09 07:50:00,2.24459,2.24476,2.24402,2.24413,330
2025-05-09 07:55:00,2.24413,2.24447,2.24358,2.24372,326
2025-05-09 08:00:00,2.2437,2.24418,2.2437,2.24403,337
2025-05-09 08:05:00,2.24403,2.24446,2.2436,2.24438,321
2025-05-09 08:10:00,2.24442,2.24492,2.24428,2.24454,286
2025-05-09 08:15:00,2.24456,2.2451,2.24454,2.2449,322
2025-05-09 08:20:00,2.2449500000000002,2.24518,2.24404,2.24473,277
2025-05-09 08:25:00,2.24473,2.24485,2.24431,2.24436,343
2025-05-09 08:30:00,2.24436,2.2444,2.24378,2.2438,317
2025-05-09 08:35:00,2.24384,2.2443400000000002,2.24364,2.24388,295
2025-05-09 08:40:00,2.24383,2.24415,2.24345,2.24404,312
2025-05-09 08:45:00,2.24404,2.24428,2.24329,2.24405,313
2025-05-09 08:50:00,2.24407,2.24425,2.24348,2.24417,267
2025-05-09 08:55:00,2.24419,2.24484,2.24381,2.24454,417
2025-05-09 09:00:00,2.24455,2.24487,2.24414,2.24446,467
2025-05-09 09:05:00,2.24446,2.24485,2.24409,2.24445,342
2025-05-09 09:10:00,2.24446,2.24511,2.24412,2.24471,425
2025-05-09 09:15:00,2.24472,2.24569,2.24471,2.24484,345
2025-05-09 09:20:00,2.24484,2.2458,2.24484,2.24566,412
2025-05-09 09:25:00,2.24566,2.24652,2.24566,2.24631,336
2025-05-09 09:30:00,2.24631,2.24633,2.24523,2.2455600000000002,417
2025-05-09 09:35:00,2.24552,2.24585,2.24494,2.24537,461
2025-05-09 09:40:00,2.24536,2.2463,2.24516,2.2458,456
2025-05-09 09:45:00,2.24574,2.24639,2.2454,2.24625,387
2025-05-09 09:50:00,2.24625,2.2463,2.24557,2.2458,379
2025-05-09 09:55:00,2.2458,2.24702,2.24568,2.24683,369
2025-05-09 10:00:00,2.24683,2.24852,2.24683,2.24836,504
2025-05-09 10:05:00,2.24836,2.24863,2.24696,2.24696,503
2025-05-09 10:10:00,2.24694,2.2478,2.2468500000000002,2.2474,525
2025-05-09 10:15:00,2.2474,2.24783,2.24714,2.2474,437
2025-05-09 10:20:00,2.2474,2.24843,2.24736,2.24786,407
2025-05-09 10:25:00,2.24786,2.24861,2.24764,2.24819,475
2025-05-09 10:30:00,2.2482,2.24835,2.24782,2.24802,423
2025-05-09 10:35:00,2.248,2.24802,2.24621,2.247,556
2025-05-09 10:40:00,2.247,2.24739,2.24654,2.24672,515
2025-05-09 10:45:00,2.24672,2.24674,2.24627,2.24668,416
2025-05-09 10:50:00,2.24668,2.24699,2.24605,2.24605,394
2025-05-09 10:55:00,2.24605,2.24661,2.24593,2.24641,314
2025-05-09 11:00:00,2.24642,2.2471,2.24622,2.24696,477
2025-05-09 11:05:00,2.24696,2.24786,2.24674,2.24782,341
2025-05-09 11:10:00,2.24782,2.24829,2.24753,2.24808,395
2025-05-09 11:15:00,2.2481,2.24893,2.24779,2.24891,376
2025-05-09 11:20:00,2.24887,2.24913,2.24864,2.24893,340
2025-05-09 11:25:00,2.24893,2.24942,2.24881,2.24936,300
2025-05-09 11:30:00,2.24946,2.25004,2.2492900000000002,2.24982,312
2025-05-09 11:35:00,2.24982,2.24998,2.24904,2.24974,305
2025-05-09 11:40:00,2.2497,2.24975,2.24858,2.24933,438
2025-05-09 11:45:00,2.24933,2.25004,2.24925,2.24977,320
2025-05-09 11:50:00,2.24978,2.24979,2.24919,2.24919,397
2025-05-09 11:55:00,2.24918,2.24981,2.24847,2.24875,280
2025-05-09 12:00:00,2.24877,2.24982,2.24847,2.24931,479
2025-05-09 12:05:00,2.24934,2.24997,2.24925,2.24988,372
2025-05-09 12:10:00,2.24986,2.24989,2.24894,2.24938,335
2025-05-09 12:15:00,2.24938,2.24985,2.24927,2.24982,320
2025-05-09 12:20:00,2.24983,2.25114,2.24974,2.25086,279
2025-05-09 12:25:00,2.25086,2.252,2.2508,2.2518000000000002,342
2025-05-09 12:30:00,2.25182,2.25277,2.2518000000000002,2.2526,398
2025-05-09 12:35:00,2.2526,2.25286,2.25153,2.25196,350
2025-05-09 12:40:00,2.25198,2.25242,2.25175,2.25181,292
2025-05-09 12:45:00,2.25181,2.25253,2.25172,2.25227,271
2025-05-09 12:50:00,2.25225,2.25238,2.25181,2.25233,367
2025-05-09 12:55:00,2.25235,2.25274,2.25199,2.25245,405
2025-05-09 13:00:00,2.25247,2.25276,2.25212,2.25245,370
2025-05-09 13:05:00,2.25245,2.25296,2.25231,2.25281,319
2025-05-09 13:10:00,2.25282,2.25353,2.25281,2.25337,336
2025-05-09 13:15:00,2.25336,2.25409,2.25336,2.25386,345
2025-05-09 13:20:00,2.25386,2.25425,2.2536,2.25415,302
2025-05-09 13:25:00,2.25415,2.25493,2.2538,2.25482,350
2025-05-09 13:30:00,2.25482,2.2549799999999998,2.2535600000000002,2.25365,404
2025-05-09 13:35:00,2.2536300000000002,2.2539,2.25347,2.25379,266
2025-05-09 13:40:00,2.25379,2.25396,2.25319,2.25354,258
2025-05-09 13:45:00,2.25354,2.25396,2.25334,2.25366,250
2025-05-09 13:50:00,2.25364,2.2539,2.2532,2.25332,265
2025-05-09 13:55:00,2.25334,2.25357,2.25274,2.25314,336
2025-05-09 14:00:00,2.25322,2.2534,2.2529,2.2531499999999998,297
2025-05-09 14:05:00,2.25317,2.2534,2.25276,2.25326,303
2025-05-09 14:10:00,2.25326,2.25368,2.25261,2.25321,272
2025-05-09 14:15:00,2.25321,2.25326,2.2526,2.25289,254
2025-05-09 14:20:00,2.25289,2.25294,2.25219,2.25246,327
2025-05-09 14:25:00,2.25246,2.2534,2.25203,2.25209,652
2025-05-09 14:30:00,2.25211,2.25264,2.25177,2.25204,527
2025-05-09 14:35:00,2.25205,2.25252,2.25172,2.25228,413
2025-05-09 14:40:00,2.25228,2.25275,2.25135,2.25158,463
2025-05-09 14:45:00,2.25157,2.25199,2.25091,2.25167,380
2025-05-09 14:50:00,2.25167,2.25171,2.25081,2.251,347
2025-05-09 14:55:00,2.25107,2.25218,2.251,2.25208,416
2025-05-09 15:00:00,2.25208,2.25281,2.2517,2.2525,391
2025-05-09 15:05:00,2.2525,2.25337,2.2525,2.25259,375
2025-05-09 15:10:00,2.25259,2.25287,2.2517300000000002,2.2517300000000002,348
2025-05-09 15:15:00,2.25171,2.25187,2.25068,2.25093,369
2025-05-09 15:20:00,2.2509,2.25136,2.25039,2.25099,425
2025-05-09 15:25:00,2.25102,2.25138,2.2502,2.25049,348
2025-05-09 15:30:00,2.25055,2.25135,2.25046,2.25093,366
2025-05-09 15:35:00,2.25092,2.25109,2.2500999999999998,2.25082,379
2025-05-09 15:40:00,2.25082,2.25167,2.25043,2.25145,395
2025-05-09 15:45:00,2.25142,2.25235,2.2513199999999998,2.25233,319
2025-05-09 15:50:00,2.25233,2.25269,2.25189,2.2524100000000002,364
2025-05-09 15:55:00,2.25238,2.25259,2.25147,2.2519,414
2025-05-09 16:00:00,2.25189,2.25189,2.25042,2.2506,435
2025-05-09 16:05:00,2.2506,2.25073,2.24953,2.25053,488
2025-05-09 16:10:00,2.2505,2.25065,2.2497,2.25009,394
2025-05-09 16:15:00,2.25006,2.2506399999999998,2.24928,2.24936,450
2025-05-09 16:20:00,2.24936,2.24995,2.249,2.24928,398
2025-05-09 16:25:00,2.24926,2.24995,2.24882,2.2495,420
2025-05-09 16:30:00,2.24952,2.24992,2.24934,2.24955,534
2025-05-09 16:35:00,2.24955,2.24984,2.24917,2.24928,484
2025-05-09 16:40:00,2.24928,2.24957,2.24808,2.24819,609
2025-05-09 16:45:00,2.24821,2.24862,2.24765,2.2479,483
2025-05-09 16:50:00,2.24795,2.24836,2.24728,2.24783,589
2025-05-09 16:55:00,2.24783,2.24842,2.24734,2.24758,446
2025-05-09 17:00:00,2.24765,2.24794,2.24712,2.24751,525
2025-05-09 17:05:00,2.24753,2.24824,2.24651,2.2476,436
2025-05-09 17:10:00,2.24753,2.24881,2.24753,2.24867,444
2025-05-09 17:15:00,2.24876,2.24886,2.24817,2.24877,426
2025-05-09 17:20:00,2.24873,2.24916,2.24815,2.24913,560
2025-05-09 17:25:00,2.24913,2.2493,2.24801,2.2486800000000002,665
2025-05-09 17:30:00,2.24865,2.24953,2.24832,2.24927,553
2025-05-09 17:35:00,2.24927,2.24968,2.24878,2.24961,510
2025-05-09 17:40:00,2.24967,2.2506399999999998,2.24961,2.25043,587
2025-05-09 17:45:00,2.25046,2.25139,2.25029,2.25117,401
2025-05-09 17:50:00,2.25116,2.25155,2.25079,2.25136,546
2025-05-09 17:55:00,2.25143,2.25202,2.24991,2.25067,696
2025-05-09 18:00:00,2.25067,2.25098,2.24991,2.25007,699
2025-05-09 18:05:00,2.25006,2.25076,2.25002,2.25055,472
2025-05-09 18:10:00,2.25053,2.25085,2.25025,2.25075,388
2025-05-09 18:15:00,2.25077,2.25122,2.25034,2.2508,487
2025-05-09 18:20:00,2.25084,2.25156,2.25037,2.25055,500
2025-05-09 18:25:00,2.2505100000000002,2.2507,2.25019,2.25032,434
2025-05-09 18:30:00,2.25036,2.25096,2.25005,2.25018,522
2025-05-09 18:35:00,2.25007,2.25062,2.24991,2.25027,460
2025-05-09 18:40:00,2.25028,2.2507,2.24925,2.24932,405
2025-05-09 18:45:00,2.24935,2.24937,2.24834,2.24876,414
2025-05-09 18:50:00,2.24872,2.24931,2.24849,2.2492900000000002,365
2025-05-09 18:55:00,2.24932,2.24964,2.24872,2.24942,429
2025-05-09 19:00:00,2.24927,2.2508,2.24918,2.25039,497
2025-05-09 19:05:00,2.25042,2.25108,2.2502,2.2508,456
2025-05-09 19:10:00,2.25079,2.25079,2.24956,2.24994,446
2025-05-09 19:15:00,2.2498,2.25008,2.24937,2.24946,362
2025-05-09 19:20:00,2.2495,2.25009,2.24932,2.24967,370
2025-05-09 19:25:00,2.24973,2.25022,2.24965,2.2500299999999998,360
2025-05-09 19:30:00,2.2500299999999998,2.25039,2.24969,2.25001,382
2025-05-09 19:35:00,2.25002,2.2500999999999998,2.24922,2.24975,295
2025-05-09 19:40:00,2.24973,2.25011,2.24945,2.24995,317
2025-05-09 19:45:00,2.24995,2.25024,2.2497,2.24984,255
2025-05-09 19:50:00,2.24983,2.2504,2.24976,2.25012,336
2025-05-09 19:55:00,2.25012,2.2506399999999998,2.24987,2.2500299999999998,356
2025-05-09 20:00:00,2.2500299999999998,2.25057,2.24993,2.25013,350
2025-05-09 20:05:00,2.25011,2.25035,2.24992,2.25022,315
2025-05-09 20:10:00,2.25024,2.25027,2.24922,2.24992,389
2025-05-09 20:15:00,2.24994,2.24996,2.24921,2.24953,294
2025-05-09 20:20:00,2.24951,2.24971,2.24887,2.24945,422
2025-05-09 20:25:00,2.2494899999999998,2.2502,2.2493,2.25016,286
2025-05-09 20:30:00,2.25026,2.25057,2.2500299999999998,2.25037,284
2025-05-09 20:35:00,2.25037,2.25041,2.24984,2.25018,262
2025-05-09 20:40:00,2.25018,2.25044,2.24987,2.25017,206
2025-05-09 20:45:00,2.25017,2.25045,2.25009,2.25041,284
2025-05-09 20:50:00,2.25041,2.25053,2.25005,2.25026,316
2025-05-09 20:55:00,2.2503,2.25053,2.25005,2.25017,269
2025-05-09 21:00:00,2.25022,2.25038,2.24977,2.25013,401
2025-05-09 21:05:00,2.25013,2.25031,2.24977,2.25001,285
2025-05-09 21:10:00,2.25005,2.25098,2.24996,2.25077,304
2025-05-09 21:15:00,2.25077,2.25117,2.25048,2.25087,287
2025-05-09 21:20:00,2.25087,2.25115,2.2505800000000002,2.25104,200
2025-05-09 21:25:00,2.251,2.25117,2.2505,2.25097,262
2025-05-09 21:30:00,2.25097,2.2511200000000002,2.25054,2.25054,247
2025-05-09 21:35:00,2.25056,2.25123,2.25042,2.25122,243
2025-05-09 21:40:00,2.25122,2.25122,2.25043,2.25061,307
2025-05-09 21:45:00,2.25059,2.25076,2.25039,2.25061,214
2025-05-09 21:50:00,2.25061,2.25074,2.25032,2.25054,204
2025-05-09 21:55:00,2.25046,2.25095,2.25042,2.2508,230
2025-05-09 22:00:00,2.2508,2.2508,2.25017,2.25041,227
2025-05-09 22:05:00,2.25043,2.2506,2.25012,2.25029,165
2025-05-09 22:10:00,2.25029,2.25038,2.25002,2.25013,172
2025-05-09 22:15:00,2.25011,2.25028,2.24979,2.25014,196
2025-05-09 22:20:00,2.25014,2.25037,2.24984,2.25012,187
2025-05-09 22:25:00,2.25011,2.25035,2.24979,2.25006,211
2025-05-09 22:30:00,2.25006,2.25032,2.24978,2.25,251
2025-05-09 22:35:00,2.25006,2.25012,2.24975,2.24995,196
2025-05-09 22:40:00,2.24995,2.25036,2.24982,2.24982,178
2025-05-09 22:45:00,2.24982,2.2502,2.24971,2.25017,159
2025-05-09 22:50:00,2.25016,2.25043,2.24983,2.25043,219
2025-05-09 22:55:00,2.25045,2.25077,2.2502,2.25044,263
2025-05-09 23:00:00,2.25029,2.25044,2.24971,2.25011,245
2025-05-09 23:05:00,2.25011,2.25028,2.24973,2.2498,138
2025-05-09 23:10:00,2.2498,2.25018,2.24973,2.24994,139
2025-05-09 23:15:00,2.24994,2.25012,2.24959,2.24982,101
2025-05-09 23:20:00,2.24981,2.24993,2.24943,2.24977,163
2025-05-09 23:25:00,2.24977,2.24983,2.24925,2.24956,170
2025-05-09 23:30:00,2.24962,2.25008,2.2496,2.25001,114
2025-05-09 23:35:00,2.25001,2.2502,2.24983,2.25018,86
2025-05-09 23:40:00,2.24749,2.2479,2.24749,2.24773,70
2025-05-09 23:45:00,2.24773,2.2481,2.24761,2.24782,193
2025-05-09 23:50:00,2.24783,2.24804,2.2477,2.24791,232
2025-05-09 23:55:00,2.2479,2.24844,2.24634,2.24808,616
2025-05-12 00:00:00,2.239,2.239,2.23589,2.2362,16
2025-05-12 00:05:00,2.23628,2.2367,2.2351,2.23625,97
2025-05-12 00:10:00,2.23625,2.23878,2.23596,2.2381,94
2025-05-12 00:15:00,2.23811,2.239,2.23752,2.23774,70
2025-05-12 00:20:00,2.23774,2.2411,2.23578,2.2359,155
2025-05-12 00:25:00,2.2359,2.23612,2.23523,2.2358000000000002,88
2025-05-12 00:30:00,2.2358000000000002,2.23588,2.2357,2.2357,21
2025-05-12 00:35:00,2.2357,2.23786,2.23537,2.23694,67
2025-05-12 00:40:00,2.23694,2.23736,2.23592,2.2364,43
2025-05-12 00:45:00,2.2364,2.23654,2.23602,2.23618,26
2025-05-12 00:50:00,2.23618,2.2398,2.23584,2.23865,85
2025-05-12 00:55:00,2.23865,2.23882,2.23706,2.23736,153
2025-05-12 01:00:00,2.2388,2.24353,2.23826,2.24302,402
2025-05-12 01:05:00,2.24291,2.24403,2.24253,2.24281,214
2025-05-12 01:10:00,2.24285,2.24307,2.24155,2.24237,277
2025-05-12 01:15:00,2.24238,2.24399,2.24238,2.24397,340
2025-05-12 01:20:00,2.24389,2.24447,2.24347,2.24426,270
2025-05-12 01:25:00,2.24422,2.2459,2.24422,2.24475,261
2025-05-12 01:30:00,2.24472,2.24532,2.24353,2.24393,283
2025-05-12 01:35:00,2.24393,2.24465,2.24368,2.24412,345
2025-05-12 01:40:00,2.24412,2.24451,2.24392,2.2445,209
2025-05-12 01:45:00,2.24451,2.24533,2.24428,2.24455,209
2025-05-12 01:50:00,2.24459,2.24555,2.2444,2.24468,260
2025-05-12 01:55:00,2.24468,2.24472,2.24403,2.2443,207
2025-05-12 02:00:00,2.2443,2.24557,2.2443,2.24453,350
2025-05-12 02:05:00,2.24456,2.2448,2.24403,2.24448,198
2025-05-12 02:10:00,2.24446,2.24466,2.24407,2.24459,231
2025-05-12 02:15:00,2.24459,2.2446,2.24376,2.24424,248
2025-05-12 02:20:00,2.24424,2.24451,2.24327,2.24336,218
2025-05-12 02:25:00,2.24335,2.24376,2.24267,2.24357,233
2025-05-12 02:30:00,2.24352,2.24427,2.24315,2.2442,185
2025-05-12 02:35:00,2.24416,2.24433,2.24305,2.24361,181
2025-05-12 02:40:00,2.24361,2.24391,2.24261,2.24295,229
2025-05-12 02:45:00,2.24268,2.24337,2.24243,2.2432,325
2025-05-12 02:50:00,2.24324,2.24438,2.2432,2.24429,326
2025-05-12 02:55:00,2.24421,2.24462,2.24399,2.24421,284
2025-05-12 03:00:00,2.2442,2.24422,2.24316,2.24335,488
2025-05-12 03:05:00,2.24337,2.24372,2.24288,2.2432,459
2025-05-12 03:10:00,2.2432,2.24378,2.24276,2.2435,455
2025-05-12 03:15:00,2.2435,2.24396,2.24323,2.24396,502
2025-05-12 03:20:00,2.24389,2.24589,2.24364,2.2457,552
2025-05-12 03:25:00,2.2457,2.2473,2.24549,2.24649,461
2025-05-12 03:30:00,2.2465,2.24666,2.24505,2.24542,433
2025-05-12 03:35:00,2.24538,2.24542,2.24428,2.24452,409
2025-05-12 03:40:00,2.24456,2.24533,2.24422,2.24473,459
2025-05-12 03:45:00,2.24477,2.24486,2.2437300000000002,2.24394,417
2025-05-12 03:50:00,2.24394,2.2446,2.24322,2.24359,631
2025-05-12 03:55:00,2.24361,2.24415,2.24334,2.24355,630
2025-05-12 04:00:00,2.2435,2.24401,2.24215,2.24237,652
2025-05-12 04:05:00,2.24239,2.2427,2.24057,2.24092,598
2025-05-12 04:10:00,2.24092,2.24199,2.2406800000000002,2.2414,724
2025-05-12 04:15:00,2.24138,2.24203,2.24027,2.24058,737
2025-05-12 04:20:00,2.24059,2.24134,2.2401,2.2404,693
2025-05-12 04:25:00,2.2404,2.24073,2.23969,2.23999,550
2025-05-12 04:30:00,2.23997,2.24065,2.2388500000000002,2.24047,569
2025-05-12 04:35:00,2.24044,2.242,2.24039,2.24172,652
2025-05-12 04:40:00,2.2417,2.24194,2.24029,2.24065,508
2025-05-12 04:45:00,2.24069,2.24175,2.24057,2.24138,503
2025-05-12 04:50:00,2.24136,2.2417,2.2406800000000002,2.24069,474
2025-05-12 04:55:00,2.2406800000000002,2.2413,2.24014,2.2413,500
2025-05-12 05:00:00,2.24126,2.24275,2.24091,2.24241,498
2025-05-12 05:05:00,2.24241,2.24349,2.24241,2.24288,454
2025-05-12 05:10:00,2.24291,2.2431,2.24206,2.2424,458
2025-05-12 05:15:00,2.24244,2.243,2.24198,2.24285,447
2025-05-12 05:20:00,2.24277,2.24317,2.24237,2.24267,424
2025-05-12 05:25:00,2.24271,2.24313,2.24229,2.24261,363
2025-05-12 05:30:00,2.24258,2.24351,2.24223,2.24328,419
2025-05-12 05:35:00,2.24334,2.24407,2.2429,2.24383,402
2025-05-12 05:40:00,2.24383,2.24402,2.24305,2.24329,383
2025-05-12 05:45:00,2.24334,2.24338,2.24261,2.24269,392
2025-05-12 05:50:00,2.24266,2.24287,2.24207,2.24219,414
2025-05-12 05:55:00,2.24202,2.24202,2.24074,2.24077,307
2025-05-12 06:00:00,2.24078,2.24105,2.24005,2.24028,409
2025-05-12 06:05:00,2.2403,2.24038,2.23958,2.23981,424
2025-05-12 06:10:00,2.23985,2.24036,2.23955,2.24029,359
2025-05-12 06:15:00,2.2403,2.2406,2.23981,2.24008,339
2025-05-12 06:20:00,2.24004,2.24023,2.2393,2.23981,433
2025-05-12 06:25:00,2.23976,2.24031,2.23929,2.23951,284
2025-05-12 06:30:00,2.23945,2.24026,2.23917,2.24014,367
2025-05-12 06:35:00,2.24014,2.24061,2.2396,2.24042,236
2025-05-12 06:40:00,2.24042,2.24062,2.23982,2.24035,287
2025-05-12 06:45:00,2.24037,2.2409,2.23984,2.23995,318
2025-05-12 06:50:00,2.23999,2.24088,2.23983,2.24066,371
2025-05-12 06:55:00,2.2407,2.24075,2.23927,2.23977,339
2025-05-12 07:00:00,2.23977,2.24032,2.23925,2.23944,275
2025-05-12 07:05:00,2.23944,2.24045,2.23939,2.24035,303
2025-05-12 07:10:00,2.24039,2.24042,2.2392,2.23989,310
2025-05-12 07:15:00,2.23988,2.23999,2.23909,2.23911,135
2025-05-12 07:20:00,2.23903,2.23964,2.23897,2.23913,198
2025-05-12 07:25:00,2.23919,2.24041,2.23917,2.24016,187
2025-05-12 07:30:00,2.24014,2.24142,2.24006,2.24134,302
2025-05-12 07:35:00,2.24145,2.24157,2.24105,2.24148,243
2025-05-12 07:40:00,2.24147,2.24163,2.24084,2.24107,278
2025-05-12 07:45:00,2.24107,2.24254,2.24105,2.24236,240
2025-05-12 07:50:00,2.24236,2.24244,2.2409499999999998,2.24116,238
2025-05-12 07:55:00,2.24116,2.24147,2.24103,2.24144,241
2025-05-12 08:00:00,2.2414,2.2414,2.24046,2.24047,264
2025-05-12 08:05:00,2.24046,2.24072,2.23987,2.24037,250
2025-05-12 08:10:00,2.24033,2.2408,2.23992,2.24061,411
2025-05-12 08:15:00,2.24065,2.24163,2.24054,2.24118,358
2025-05-12 08:20:00,2.2412,2.24125,2.24072,2.24094,230
2025-05-12 08:25:00,2.24094,2.24122,2.24011,2.24026,328
2025-05-12 08:30:00,2.24031,2.2409499999999998,2.24026,2.24072,358
2025-05-12 08:35:00,2.24072,2.2409,2.24012,2.2402,294
2025-05-12 08:40:00,2.2402,2.24039,2.2399,2.24004,420
2025-05-12 08:45:00,2.24006,2.24019,2.23903,2.23913,411
2025-05-12 08:50:00,2.23916,2.23992,2.23882,2.23983,477
2025-05-12 08:55:00,2.23984,2.23996,2.23829,2.23898,398
2025-05-12 09:00:00,2.23886,2.23938,2.23861,2.23888,429
2025-05-12 09:05:00,2.23888,2.23971,2.23877,2.23967,375
2025-05-12 09:10:00,2.23967,2.24074,2.23941,2.2407,469
2025-05-12 09:15:00,2.24072,2.24194,2.24072,2.24192,451
2025-05-12 09:20:00,2.2419000000000002,2.24253,2.24064,2.24117,442
2025-05-12 09:25:00,2.24121,2.24181,2.24083,2.24083,499
2025-05-12 09:30:00,2.2407,2.24202,2.2406800000000002,2.24157,567
2025-05-12 09:35:00,2.24158,2.24249,2.24143,2.24205,398
2025-05-12 09:40:00,2.24208,2.2427799999999998,2.24177,2.2425100000000002,450
2025-05-12 09:45:00,2.24248,2.24258,2.24177,2.24228,432
2025-05-12 09:50:00,2.24226,2.24256,2.24204,2.2423,335
2025-05-12 09:55:00,2.24234,2.24338,2.24231,2.24333,316
2025-05-12 10:00:00,2.24334,2.24359,2.23613,2.24123,1282
2025-05-12 10:05:00,2.24124,2.24536,2.23939,2.23999,1043
2025-05-12 10:10:00,2.24005,2.2415,2.23844,2.23932,995
2025-05-12 10:15:00,2.23935,2.24045,2.2384,2.23958,857
2025-05-12 10:20:00,2.23958,2.24099,2.23895,2.23944,973
2025-05-12 10:25:00,2.23944,2.23992,2.23838,2.23967,1010
2025-05-12 10:30:00,2.23974,2.23979,2.23718,2.23842,1015
2025-05-12 10:35:00,2.23843,2.23905,2.2373,2.23865,932
2025-05-12 10:40:00,2.23867,2.24072,2.23809,2.24072,959
2025-05-12 10:45:00,2.24079,2.24128,2.23959,2.23977,875
2025-05-12 10:50:00,2.23977,2.24076,2.23736,2.23796,803
2025-05-12 10:55:00,2.23796,2.23878,2.23749,2.23834,812
2025-05-12 11:00:00,2.23834,2.23987,2.23793,2.23804,839
2025-05-12 11:05:00,2.23816,2.23884,2.23692,2.2376300000000002,782
2025-05-12 11:10:00,2.23772,2.23982,2.23761,2.23939,872
2025-05-12 11:15:00,2.23953,2.24065,2.23903,2.23962,776
2025-05-12 11:20:00,2.23966,2.2409,2.23951,2.24009,804
2025-05-12 11:25:00,2.24012,2.24047,2.2393,2.23983,743
2025-05-12 11:30:00,2.23983,2.24109,2.23914,2.24108,701
2025-05-12 11:35:00,2.24105,2.2415599999999998,2.24049,2.24049,632
2025-05-12 11:40:00,2.24041,2.24065,2.23955,2.23955,653
2025-05-12 11:45:00,2.23957,2.24091,2.23947,2.24039,684
2025-05-12 11:50:00,2.24039,2.24049,2.2395,2.23978,549
2025-05-12 11:55:00,2.2397,2.24004,2.23895,2.23988,626
2025-05-12 12:00:00,2.23986,2.24003,2.2389,2.23908,597
2025-05-12 12:05:00,2.23908,2.24071,2.23892,2.24035,515
2025-05-12 12:10:00,2.24035,2.24103,2.24016,2.24076,502
2025-05-12 12:15:00,2.24076,2.24169,2.24057,2.24087,559
2025-05-12 12:20:00,2.24094,2.24119,2.23993,2.2400700000000002,431
2025-05-12 12:25:00,2.2400700000000002,2.24051,2.23846,2.23864,440
2025-05-12 12:30:00,2.23861,2.23987,2.23837,2.23987,488
2025-05-12 12:35:00,2.23988,2.24173,2.23974,2.24126,490
2025-05-12 12:40:00,2.24128,2.24174,2.24057,2.2416,491
2025-05-12 12:45:00,2.24159,2.24167,2.23945,2.23952,516
2025-05-12 12:50:00,2.23952,2.24065,2.23952,2.24058,453
2025-05-12 12:55:00,2.24059,2.24161,2.24051,2.24062,541
2025-05-12 13:00:00,2.24061,2.24232,2.24049,2.24204,544
2025-05-12 13:05:00,2.24206,2.24298,2.24194,2.24214,585
2025-05-12 13:10:00,2.24215,2.2423,2.24094,2.24157,476
2025-05-12 13:15:00,2.24153,2.24187,2.24108,2.2417,573
2025-05-12 13:20:00,2.2417,2.24349,2.24151,2.24196,579
2025-05-12 13:25:00,2.24196,2.24236,2.24158,2.24203,639
2025-05-12 13:30:00,2.24192,2.24209,2.24141,2.24162,604
2025-05-12 13:35:00,2.24162,2.24183,2.24105,2.24164,622
2025-05-12 13:40:00,2.24165,2.24244,2.24152,2.24159,699
2025-05-12 13:45:00,2.24154,2.24237,2.24141,2.24228,677
2025-05-12 13:50:00,2.24226,2.24253,2.24043,2.24051,597
2025-05-12 13:55:00,2.24054,2.24092,2.24019,2.24049,448
2025-05-12 14:00:00,2.24046,2.24166,2.24008,2.24036,606
2025-05-12 14:05:00,2.24036,2.24147,2.24001,2.24128,517
2025-05-12 14:10:00,2.24127,2.24164,2.23999,2.24035,551
2025-05-12 14:15:00,2.24024,2.24101,2.23998,2.24037,620
2025-05-12 14:20:00,2.24038,2.24067,2.23913,2.24005,464
2025-05-12 14:25:00,2.24003,2.24041,2.23961,2.23961,498
2025-05-12 14:30:00,2.23963,2.24039,2.23961,2.24033,446
2025-05-12 14:35:00,2.2403399999999998,2.24202,2.2403399999999998,2.24201,410
2025-05-12 14:40:00,2.24197,2.24198,2.24062,2.24123,482
2025-05-12 14:45:00,2.24127,2.2417,2.24056,2.24111,528
2025-05-12 14:50:00,2.24088,2.24208,2.24018,2.24096,716
2025-05-12 14:55:00,2.241,2.24141,2.24004,2.24013,633
2025-05-12 15:00:00,2.24017,2.24153,2.24013,2.24148,612
2025-05-12 15:05:00,2.2414,2.24262,2.24094,2.24198,468
2025-05-12 15:10:00,2.24207,2.24369,2.24176,2.24347,482
2025-05-12 15:15:00,2.24338,2.24357,2.24252,2.24342,515
2025-05-12 15:20:00,2.24342,2.24395,2.24282,2.24327,528
2025-05-12 15:25:00,2.24334,2.24334,2.24233,2.24283,389
2025-05-12 15:30:00,2.24283,2.24372,2.24247,2.24349,495
2025-05-12 15:35:00,2.24353,2.24359,2.24274,2.24313,420
2025-05-12 15:40:00,2.2431200000000002,2.2438,2.24234,2.24369,503
2025-05-12 15:45:00,2.24361,2.24491,2.2435,2.24409,555
2025-05-12 15:50:00,2.24404,2.24483,2.24384,2.24445,444
2025-05-12 15:55:00,2.24447,2.24519,2.2443,2.24489,462
2025-05-12 16:00:00,2.24488,2.2452,2.24423,2.24459,544
2025-05-12 16:05:00,2.24463,2.24464,2.24307,2.24369,436
2025-05-12 16:10:00,2.24369,2.24438,2.24323,2.24323,455
2025-05-12 16:15:00,2.24327,2.24345,2.24181,2.24201,534
2025-05-12 16:20:00,2.24201,2.24349,2.24197,2.24325,550
2025-05-12 16:25:00,2.24327,2.24394,2.2432,2.24372,468
2025-05-12 16:30:00,2.24368,2.24384,2.2427,2.24281,751
2025-05-12 16:35:00,2.24279,2.24345,2.24205,2.24313,736
2025-05-12 16:40:00,2.24313,2.24336,2.24263,2.24336,628
2025-05-12 16:45:00,2.24336,2.24382,2.24289,2.2433,630
2025-05-12 16:50:00,2.24326,2.24447,2.24306,2.24433,605
2025-05-12 16:55:00,2.24433,2.24513,2.24409,2.24451,599
2025-05-12 17:00:00,2.24453,2.24525,2.24452,2.24515,686
2025-05-12 17:05:00,2.24514,2.24699,2.24471,2.24648,626
2025-05-12 17:10:00,2.24651,2.24679,2.24568,2.24607,696
2025-05-12 17:15:00,2.24603,2.24643,2.24554,2.24569,627
2025-05-12 17:20:00,2.24575,2.24628,2.24518,2.24555,575
2025-05-12 17:25:00,2.24555,2.24727,2.24551,2.24615,559
2025-05-12 17:30:00,2.24611,2.24664,2.24568,2.2463,644
2025-05-12 17:35:00,2.24627,2.24671,2.24584,2.24652,740
2025-05-12 17:40:00,2.24655,2.24772,2.24616,2.2476599999999998,497
2025-05-12 17:45:00,2.24762,2.24858,2.24744,2.24841,521
2025-05-12 17:50:00,2.24844,2.25043,2.24831,2.2494899999999998,713
2025-05-12 17:55:00,2.2494899999999998,2.25036,2.24914,2.24957,772
2025-05-12 18:00:00,2.2495,2.25207,2.24936,2.25195,681
2025-05-12 18:05:00,2.25195,2.25257,2.25073,2.25098,542
2025-05-12 18:10:00,2.25094,2.25131,2.24999,2.25005,478
2025-05-12 18:15:00,2.2500999999999998,2.25055,2.24964,2.25027,489
2025-05-12 18:20:00,2.25027,2.25121,2.2500299999999998,2.2512,568
2025-05-12 18:25:00,2.2512,2.25136,2.25061,2.2507,596
2025-05-12 18:30:00,2.2507,2.2507,2.24952,2.24975,514
2025-05-12 18:35:00,2.24975,2.25019,2.24925,2.24994,517
2025-05-12 18:40:00,2.24996,2.25223,2.24973,2.25221,459
2025-05-12 18:45:00,2.25221,2.25223,2.25153,2.2518000000000002,474
2025-05-12 18:50:00,2.2518000000000002,2.25192,2.25093,2.25099,495
2025-05-12 18:55:00,2.25095,2.25106,2.2492900000000002,2.24975,438
2025-05-12 19:00:00,2.24988,2.2507099999999998,2.24931,2.2506399999999998,581
2025-05-12 19:05:00,2.2506399999999998,2.25129,2.2505,2.25127,446
2025-05-12 19:10:00,2.25126,2.25182,2.2512499999999998,2.25174,427
2025-05-12 19:15:00,2.25176,2.25228,2.25153,2.25187,502
2025-05-12 19:20:00,2.25183,2.25224,2.25098,2.25148,436
2025-05-12 19:25:00,2.25148,2.25155,2.25037,2.25041,430
2025-05-12 19:30:00,2.25033,2.2511900000000002,2.25031,2.25111,365
2025-05-12 19:35:00,2.25114,2.25153,2.25103,2.25118,414
2025-05-12 19:40:00,2.25122,2.25139,2.25075,2.25118,349
2025-05-12 19:45:00,2.25118,2.25134,2.25052,2.25076,417
2025-05-12 19:50:00,2.25081,2.25115,2.25055,2.25087,361
2025-05-12 19:55:00,2.25086,2.25101,2.25014,2.25039,560
2025-05-12 20:00:00,2.25039,2.25075,2.24987,2.25061,449
2025-05-12 20:05:00,2.25061,2.25082,2.25026,2.25033,377
2025-05-12 20:10:00,2.25033,2.2506,2.24996,2.25038,387
2025-05-12 20:15:00,2.25042,2.2505800000000002,2.2494899999999998,2.24971,394
2025-05-12 20:20:00,2.24971,2.25026,2.24945,2.25022,339
2025-05-12 20:25:00,2.25022,2.25048,2.24993,2.2504,366
2025-05-12 20:30:00,2.25041,2.25069,2.24997,2.25049,503
2025-05-12 20:35:00,2.25031,2.25041,2.24974,2.25026,376
2025-05-12 20:40:00,2.25026,2.25088,2.25014,2.25069,361
2025-05-12 20:45:00,2.25069,2.25102,2.25036,2.25056,336
2025-05-12 20:50:00,2.25056,2.25061,2.24966,2.24987,312
2025-05-12 20:55:00,2.24987,2.2515,2.24965,2.25148,352
2025-05-12 21:00:00,2.25148,2.25157,2.25072,2.25086,324
2025-05-12 21:05:00,2.2509,2.2511,2.2505,2.25097,307
2025-05-12 21:10:00,2.25091,2.25115,2.25068,2.25084,326
2025-05-12 21:15:00,2.25084,2.25099,2.25037,2.25081,369
2025-05-12 21:20:00,2.25079,2.25088,2.25031,2.25077,353
2025-05-12 21:25:00,2.25081,2.25103,2.25032,2.25072,362
2025-05-12 21:30:00,2.25072,2.25098,2.25019,2.25063,413
2025-05-12 21:35:00,2.25062,2.25086,2.25039,2.25077,464
2025-05-12 21:40:00,2.25077,2.25104,2.25024,2.2506399999999998,350
2025-05-12 21:45:00,2.25062,2.25095,2.25016,2.25066,366
2025-05-12 21:50:00,2.2505,2.25104,2.2502,2.2505,458
2025-05-12 21:55:00,2.25049,2.2507,2.25002,2.25044,422
2025-05-12 22:00:00,2.25043,2.25056,2.24957,2.25015,471
2025-05-12 22:05:00,2.25017,2.25042,2.24992,2.25013,339
2025-05-12 22:10:00,2.25014,2.25046,2.24964,2.24975,359
2025-05-12 22:15:00,2.24975,2.24978,2.24905,2.24926,278
2025-05-12 22:20:00,2.24926,2.2493,2.24861,2.24876,250
2025-05-12 22:25:00,2.24876,2.24915,2.24854,2.24905,193
2025-05-12 22:30:00,2.24909,2.24944,2.24854,2.24889,261
2025-05-12 22:35:00,2.24889,2.24918,2.24876,2.24893,214
2025-05-12 22:40:00,2.24893,2.2492900000000002,2.24877,2.24917,264
2025-05-12 22:45:00,2.24917,2.24926,2.24879,2.24909,275
2025-05-12 22:50:00,2.24907,2.24925,2.24846,2.24893,336
2025-05-12 22:55:00,2.24892,2.24931,2.24887,2.24922,221
2025-05-12 23:00:00,2.24924,2.24957,2.24904,2.2492,265
2025-05-12 23:05:00,2.24923,2.24957,2.24912,2.2495,263
2025-05-12 23:10:00,2.24945,2.24964,2.24889,2.24912,275
2025-05-12 23:15:00,2.24913,2.24938,2.24897,2.24936,242
2025-05-12 23:20:00,2.24936,2.24958,2.24922,2.2494,166
2025-05-12 23:25:00,2.2494,2.24947,2.24886,2.24897,174
2025-05-12 23:30:00,2.24901,2.24911,2.24812,2.2486800000000002,223
2025-05-12 23:35:00,2.2486800000000002,2.24942,2.24865,2.24923,197
2025-05-12 23:40:00,2.24923,2.24923,2.24662,2.24676,134
2025-05-12 23:45:00,2.24676,2.24733,2.24665,2.2473,115
2025-05-12 23:50:00,2.2473,2.24767,2.2472,2.2473,140
2025-05-12 23:55:00,2.2473,2.24994,2.24713,2.2496,166
2025-05-13 00:00:00,2.2486800000000002,2.24914,2.24701,2.24905,15
2025-05-13 00:05:00,2.24772,2.24856,2.24692,2.24706,27
2025-05-13 00:10:00,2.24702,2.24865,2.24694,2.24836,156
2025-05-13 00:15:00,2.24836,2.24851,2.24798,2.2483,74
2025-05-13 00:20:00,2.2483,2.24835,2.24756,2.24814,76
2025-05-13 00:25:00,2.24822,2.24851,2.24768,2.24816,105
2025-05-13 00:30:00,2.24826,2.24853,2.24803,2.24812,116
2025-05-13 00:35:00,2.24815,2.24847,2.24741,2.24744,119
2025-05-13 00:40:00,2.24744,2.24756,2.24726,2.2475,78
2025-05-13 00:45:00,2.24751,2.24755,2.24714,2.24722,93
2025-05-13 00:50:00,2.24722,2.24773,2.24646,2.24656,221
2025-05-13 00:55:00,2.24661,2.24684,2.24615,2.24617,148
2025-05-13 01:00:00,2.24628,2.24894,2.24628,2.24849,253
2025-05-13 01:05:00,2.24837,2.24887,2.24804,2.24846,140
2025-05-13 01:10:00,2.24846,2.24946,2.24844,2.24936,112
2025-05-13 01:15:00,2.24934,2.25041,2.24906,2.25022,200
2025-05-13 01:20:00,2.25022,2.25039,2.24969,2.25005,200
2025-05-13 01:25:00,2.25005,2.25041,2.24987,2.2500299999999998,152
2025-05-13 01:30:00,2.2500299999999998,2.2500299999999998,2.24915,2.24942,209
2025-05-13 01:35:00,2.24937,2.24986,2.24907,2.24982,134
2025-05-13 01:40:00,2.24982,2.2499000000000002,2.24905,2.24924,108
2025-05-13 01:45:00,2.24924,2.24969,2.24917,2.24938,92
2025-05-13 01:50:00,2.24937,2.24945,2.24891,2.24935,90
2025-05-13 01:55:00,2.24935,2.24958,2.24876,2.24883,151
2025-05-13 02:00:00,2.24897,2.2492900000000002,2.24874,2.24908,182
2025-05-13 02:05:00,2.24902,2.2495,2.24864,2.2494,271
2025-05-13 02:10:00,2.24942,2.24988,2.24935,2.24959,192
2025-05-13 02:15:00,2.24959,2.24976,2.24853,2.24873,153
2025-05-13 02:20:00,2.24873,2.24878,2.24801,2.24825,166
2025-05-13 02:25:00,2.24823,2.24852,2.24785,2.24812,141
2025-05-13 02:30:00,2.2481,2.24833,2.24754,2.24758,155
2025-05-13 02:35:00,2.24754,2.24811,2.24741,2.24811,171
2025-05-13 02:40:00,2.2481,2.24811,2.24678,2.24689,197
2025-05-13 02:45:00,2.24693,2.2474,2.24693,2.24738,198
2025-05-13 02:50:00,2.24737,2.24743,2.247,2.24724,190
2025-05-13 02:55:00,2.24724,2.24819,2.24724,2.24775,190
2025-05-13 03:00:00,2.24775,2.2483,2.2472,2.24794,483
2025-05-13 03:05:00,2.24794,2.24872,2.24769,2.24863,429
2025-05-13 03:10:00,2.24863,2.24863,2.24703,2.24802,367
2025-05-13 03:15:00,2.24803,2.24814,2.24762,2.24797,302
2025-05-13 03:20:00,2.24795,2.24856,2.24749,2.24848,367
2025-05-13 03:25:00,2.24848,2.24923,2.24843,2.24915,257
2025-05-13 03:30:00,2.24916,2.24972,2.2486,2.2486,401
2025-05-13 03:35:00,2.2486,2.25022,2.24846,2.24978,404
2025-05-13 03:40:00,2.24976,2.25093,2.24953,2.25069,390
2025-05-13 03:45:00,2.2507099999999998,2.25145,2.25063,2.25104,354
2025-05-13 03:50:00,2.25108,2.25131,2.25032,2.2505100000000002,470
2025-05-13 03:55:00,2.25049,2.25153,2.25049,2.2512,437
2025-05-13 04:00:00,2.2512,2.25204,2.25092,2.25128,451
2025-05-13 04:05:00,2.25124,2.25212,2.2512,2.25175,420
2025-05-13 04:10:00,2.25171,2.25187,2.25107,2.25142,410
2025-05-13 04:15:00,2.25148,2.25148,2.2498,2.24999,553
2025-05-13 04:20:00,2.24996,2.25101,2.24987,2.25032,448
2025-05-13 04:25:00,2.25029,2.25152,2.25025,2.25146,409
2025-05-13 04:30:00,2.25138,2.25272,2.25116,2.25213,571
2025-05-13 04:35:00,2.25224,2.25327,2.25211,2.253,462
2025-05-13 04:40:00,2.253,2.2532,2.25146,2.25176,566
2025-05-13 04:45:00,2.25188,2.25212,2.25092,2.25139,526
2025-05-13 04:50:00,2.25131,2.25215,2.2509,2.2517300000000002,461
2025-05-13 04:55:00,2.2517300000000002,2.25178,2.25086,2.25138,405
2025-05-13 05:00:00,2.25138,2.25144,2.2492900000000002,2.24987,442
2025-05-13 05:05:00,2.24985,2.25047,2.24939,2.24982,408
2025-05-13 05:10:00,2.24986,2.24988,2.24893,2.2496,401
2025-05-13 05:15:00,2.2496,2.24967,2.24884,2.24918,347
2025-05-13 05:20:00,2.24916,2.24953,2.2482,2.24884,389
2025-05-13 05:25:00,2.24884,2.2489,2.24754,2.24779,360
2025-05-13 05:30:00,2.24779,2.24794,2.247,2.24725,376
2025-05-13 05:35:00,2.24711,2.24759,2.24661,2.24696,375
2025-05-13 05:40:00,2.247,2.24716,2.24591,2.24619,370
2025-05-13 05:45:00,2.24615,2.24636,2.24565,2.24569,332
2025-05-13 05:50:00,2.24567,2.24633,2.24531,2.24545,465
2025-05-13 05:55:00,2.24546,2.24578,2.24516,2.24547,399
2025-05-13 06:00:00,2.24554,2.24638,2.24525,2.24635,417
2025-05-13 06:05:00,2.24626,2.24635,2.24513,2.24548,398
2025-05-13 06:10:00,2.24546,2.24574,2.24466,2.24493,329
2025-05-13 06:15:00,2.24493,2.24528,2.24451,2.24489,310
2025-05-13 06:20:00,2.24489,2.24521,2.24455,2.24485,258
2025-05-13 06:25:00,2.24487,2.24517,2.2444,2.24458,210
2025-05-13 06:30:00,2.2446,2.24491,2.24381,2.24439,342
2025-05-13 06:35:00,2.24439,2.2453,2.2443400000000002,2.24458,335
2025-05-13 06:40:00,2.24458,2.24519,2.24442,2.24451,312
2025-05-13 06:45:00,2.2445,2.24476,2.24404,2.24458,312
2025-05-13 06:50:00,2.24458,2.2446099999999998,2.24383,2.24399,284
2025-05-13 06:55:00,2.24401,2.24455,2.24372,2.24443,346
2025-05-13 07:00:00,2.24439,2.24448,2.24389,2.24393,288
2025-05-13 07:05:00,2.24397,2.24433,2.2437300000000002,2.24424,268
2025-05-13 07:10:00,2.24428,2.24429,2.24343,2.24351,237
2025-05-13 07:15:00,2.24351,2.24403,2.24338,2.2437,241
2025-05-13 07:20:00,2.24369,2.2439,2.24322,2.24336,244
2025-05-13 07:25:00,2.24332,2.24369,2.24272,2.24276,285
2025-05-13 07:30:00,2.24274,2.24314,2.24247,2.24255,381
2025-05-13 07:35:00,2.24255,2.24266,2.24155,2.24185,328
2025-05-13 07:40:00,2.24181,2.24192,2.24072,2.24115,385
2025-05-13 07:45:00,2.24115,2.24132,2.24065,2.24113,280
2025-05-13 07:50:00,2.24113,2.24162,2.24097,2.24134,256
2025-05-13 07:55:00,2.24135,2.24144,2.24074,2.24114,360
2025-05-13 08:00:00,2.241,2.24115,2.24061,2.24102,370
2025-05-13 08:05:00,2.24102,2.24106,2.2403,2.24074,368
2025-05-13 08:10:00,2.24071,2.24089,2.2397,2.24059,493
2025-05-13 08:15:00,2.24059,2.24116,2.24009,2.24039,434
2025-05-13 08:20:00,2.24037,2.24057,2.24,2.24043,259
2025-05-13 08:25:00,2.24036,2.24101,2.24,2.24075,262
2025-05-13 08:30:00,2.24078,2.24143,2.24059,2.24098,308
2025-05-13 08:35:00,2.24098,2.24149,2.24083,2.24118,325
2025-05-13 08:40:00,2.24117,2.24154,2.24074,2.24135,302
2025-05-13 08:45:00,2.2413,2.24257,2.24097,2.24201,352
2025-05-13 08:50:00,2.24201,2.24218,2.24127,2.24152,315
2025-05-13 08:55:00,2.24152,2.24187,2.24102,2.2412900000000002,409
2025-05-13 09:00:00,2.24051,2.242,2.24027,2.24168,571
2025-05-13 09:05:00,2.24167,2.24228,2.24132,2.24213,490
2025-05-13 09:10:00,2.2421,2.24246,2.24112,2.24142,493
2025-05-13 09:15:00,2.24141,2.24152,2.24064,2.24102,422
2025-05-13 09:20:00,2.24101,2.24105,2.23919,2.23967,539
2025-05-13 09:25:00,2.23969,2.24059,2.23965,2.23999,523
2025-05-13 09:30:00,2.23997,2.24017,2.23896,2.23925,504
2025-05-13 09:35:00,2.23925,2.23947,2.2385099999999998,2.2386,381
2025-05-13 09:40:00,2.23869,2.23877,2.23794,2.23846,421
2025-05-13 09:45:00,2.23846,2.23917,2.2383,2.23881,433
2025-05-13 09:50:00,2.2388,2.23891,2.23788,2.23805,498
2025-05-13 09:55:00,2.23827,2.23899,2.23795,2.23828,591
2025-05-13 10:00:00,2.23825,2.23915,2.2381,2.23838,680
2025-05-13 10:05:00,2.23836,2.23922,2.23809,2.23889,607
2025-05-13 10:10:00,2.23889,2.23939,2.23863,2.23937,651
2025-05-13 10:15:00,2.23939,2.2401,2.23913,2.23965,496
2025-05-13 10:20:00,2.23964,2.23992,2.23887,2.2391,499
2025-05-13 10:25:00,2.2391,2.24006,2.23909,2.23979,485
2025-05-13 10:30:00,2.23979,2.2405,2.23953,2.23956,496
2025-05-13 10:35:00,2.23953,2.24024,2.23921,2.23981,480
2025-05-13 10:40:00,2.23979,2.24004,2.2393,2.23999,507
2025-05-13 10:45:00,2.23995,2.24105,2.23957,2.24091,468
2025-05-13 10:50:00,2.24091,2.24254,2.24067,2.24212,574
2025-05-13 10:55:00,2.24205,2.24257,2.24198,2.24233,521
2025-05-13 11:00:00,2.24231,2.24289,2.24222,2.24266,541
2025-05-13 11:05:00,2.24266,2.24302,2.24226,2.24285,507
2025-05-13 11:10:00,2.24283,2.24302,2.2417,2.2421699999999998,496
2025-05-13 11:15:00,2.24218,2.24352,2.2421699999999998,2.24345,368
2025-05-13 11:20:00,2.24345,2.24358,2.24296,2.2433899999999998,447
2025-05-13 11:25:00,2.2434,2.24364,2.24266,2.24298,458
2025-05-13 11:30:00,2.24295,2.24319,2.24252,2.24291,461
2025-05-13 11:35:00,2.24291,2.24314,2.2425100000000002,2.24288,367
2025-05-13 11:40:00,2.24292,2.24329,2.24273,2.24299,341
2025-05-13 11:45:00,2.24299,2.24372,2.24285,2.2435,316
2025-05-13 11:50:00,2.2435,2.24353,2.243,2.24341,404
2025-05-13 11:55:00,2.24341,2.24359,2.24233,2.2426,421
2025-05-13 12:00:00,2.24259,2.24321,2.24219,2.24293,434
2025-05-13 12:05:00,2.24293,2.24325,2.24248,2.24297,424
2025-05-13 12:10:00,2.24301,2.24301,2.24197,2.2424,412
2025-05-13 12:15:00,2.2424,2.2435,2.24234,2.2435,413
2025-05-13 12:20:00,2.24349,2.2437300000000002,2.24294,2.24297,397
2025-05-13 12:25:00,2.24297,2.24353,2.24297,2.24306,339
2025-05-13 12:30:00,2.24306,2.24316,2.24234,2.2426,430
2025-05-13 12:35:00,2.2426,2.24322,2.24191,2.24311,380
2025-05-13 12:40:00,2.24311,2.24328,2.24247,2.24256,314
2025-05-13 12:45:00,2.24256,2.24261,2.24086,2.24122,375
2025-05-13 12:50:00,2.24115,2.24132,2.24038,2.24055,356
2025-05-13 12:55:00,2.24055,2.24144,2.24041,2.24133,469
2025-05-13 13:00:00,2.24131,2.24245,2.24121,2.24209,324
2025-05-13 13:05:00,2.24211,2.24256,2.24192,2.24239,404
2025-05-13 13:10:00,2.24239,2.24276,2.24074,2.24089,382
2025-05-13 13:15:00,2.24089,2.24159,2.24055,2.24106,394
2025-05-13 13:20:00,2.24106,2.2411,2.24018,2.24056,442
2025-05-13 13:25:00,2.24051,2.24073,2.24006,2.24022,339
2025-05-13 13:30:00,2.24022,2.24047,2.23961,2.2398,347
2025-05-13 13:35:00,2.23979,2.24054,2.23949,2.24054,268
2025-05-13 13:40:00,2.24054,2.24057,2.23958,2.2397299999999998,315
2025-05-13 13:45:00,2.2397299999999998,2.24002,2.2393,2.24,266
2025-05-13 13:50:00,2.23993,2.24067,2.23984,2.24051,451
2025-05-13 13:55:00,2.24042,2.24045,2.23886,2.23904,446
2025-05-13 14:00:00,2.23905,2.23978,2.23879,2.23947,403
2025-05-13 14:05:00,2.23951,2.24031,2.23939,2.24004,303
2025-05-13 14:10:00,2.24001,2.24081,2.23977,2.24021,316
2025-05-13 14:15:00,2.24021,2.24047,2.23989,2.24004,353
2025-05-13 14:20:00,2.24002,2.24061,2.23992,2.24039,325
2025-05-13 14:25:00,2.24037,2.24066,2.24003,2.24016,302
2025-05-13 14:30:00,2.24016,2.24081,2.24013,2.24076,237
2025-05-13 14:35:00,2.24075,2.24087,2.24031,2.24052,236
2025-05-13 14:40:00,2.24051,2.24066,2.23982,2.24062,314
2025-05-13 14:45:00,2.24062,2.24135,2.24049,2.24127,279
2025-05-13 14:50:00,2.2412900000000002,2.24198,2.24128,2.2419000000000002,266
2025-05-13 14:55:00,2.24188,2.24255,2.2414,2.24255,376
2025-05-13 15:00:00,2.24255,2.24324,2.24227,2.24297,406
2025-05-13 15:05:00,2.24305,2.24315,2.2425,2.24313,297
2025-05-13 15:10:00,2.24313,2.24358,2.24079,2.24164,400
2025-05-13 15:15:00,2.24164,2.24214,2.24147,2.24177,407
2025-05-13 15:20:00,2.24177,2.24207,2.24094,2.24112,474
2025-05-13 15:25:00,2.2409,2.24168,2.23974,2.23974,338
2025-05-13 15:30:00,2.23952,2.24108,2.23911,2.24031,1042
2025-05-13 15:35:00,2.2403,2.24067,2.2394,2.24067,687
2025-05-13 15:40:00,2.24065,2.24138,2.2400700000000002,2.24067,690
2025-05-13 15:45:00,2.24072,2.24107,2.23956,2.24003,705
2025-05-13 15:50:00,2.2401,2.24097,2.23967,2.23996,681
2025-05-13 15:55:00,2.23996,2.24049,2.23923,2.23932,550
2025-05-13 16:00:00,2.23952,2.24038,2.23906,2.23952,714
2025-05-13 16:05:00,2.23952,2.23956,2.2378,2.23878,734
2025-05-13 16:10:00,2.23868,2.23929,2.23841,2.23889,717
2025-05-13 16:15:00,2.23897,2.23968,2.23801,2.23881,659
2025-05-13 16:20:00,2.23881,2.23936,2.23861,2.23874,586
2025-05-13 16:25:00,2.23874,2.2391199999999998,2.2385,2.23904,615
2025-05-13 16:30:00,2.23902,2.23918,2.23846,2.23907,694
2025-05-13 16:35:00,2.23905,2.23931,2.23701,2.23756,650
2025-05-13 16:40:00,2.23747,2.23899,2.23731,2.23793,594
2025-05-13 16:45:00,2.23793,2.23903,2.23791,2.23868,676
2025-05-13 16:50:00,2.2387,2.24012,2.23866,2.23974,647
2025-05-13 16:55:00,2.23978,2.2402,2.23937,2.23978,551
2025-05-13 17:00:00,2.23974,2.23984,2.23818,2.23822,570
2025-05-13 17:05:00,2.23826,2.23891,2.23809,2.23852,542
2025-05-13 17:10:00,2.23854,2.23876,2.23782,2.23792,612
2025-05-13 17:15:00,2.23794,2.23819,2.2370200000000002,2.23776,518
2025-05-13 17:20:00,2.23776,2.23803,2.2372199999999998,2.23741,539
2025-05-13 17:25:00,2.23741,2.23803,2.23714,2.23803,562
2025-05-13 17:30:00,2.23801,2.2383,2.23698,2.23706,607
2025-05-13 17:35:00,2.2371,2.23728,2.23535,2.23555,618
2025-05-13 17:40:00,2.23555,2.23573,2.23456,2.23462,619
2025-05-13 17:45:00,2.23451,2.23543,2.23411,2.23418,764
2025-05-13 17:50:00,2.23412,2.23528,2.2339700000000002,2.23504,717
2025-05-13 17:55:00,2.23501,2.23602,2.23429,2.23599,797
2025-05-13 18:00:00,2.23601,2.23667,2.2355,2.2362,817
2025-05-13 18:05:00,2.23621,2.23782,2.23582,2.23746,697
2025-05-13 18:10:00,2.23746,2.23782,2.2366,2.23718,566
2025-05-13 18:15:00,2.23718,2.23795,2.23677,2.23776,530
2025-05-13 18:20:00,2.23776,2.23782,2.23693,2.23737,528
2025-05-13 18:25:00,2.23739,2.23804,2.23735,2.2377,446
2025-05-13 18:30:00,2.2376300000000002,2.23818,2.23735,2.23757,377
2025-05-13 18:35:00,2.23762,2.2377,2.23659,2.23676,453
2025-05-13 18:40:00,2.2368,2.23747,2.23596,2.23602,476
2025-05-13 18:45:00,2.23599,2.23734,2.23598,2.2369,464
2025-05-13 18:50:00,2.2369,2.23724,2.23623,2.2364,427
2025-05-13 18:55:00,2.23643,2.2366,2.23604,2.2363,470
2025-05-13 19:00:00,2.23634,2.23704,2.23559,2.23696,512
2025-05-13 19:05:00,2.23693,2.23723,2.23642,2.23689,507
2025-05-13 19:10:00,2.23686,2.23716,2.23653,2.2370200000000002,388
2025-05-13 19:15:00,2.2370200000000002,2.2377,2.23697,2.23746,370
2025-05-13 19:20:00,2.23746,2.23746,2.2366099999999998,2.23724,351
2025-05-13 19:25:00,2.2373,2.23756,2.2364100000000002,2.23672,336
2025-05-13 19:30:00,2.23668,2.23756,2.23638,2.23717,421
2025-05-13 19:35:00,2.23711,2.23741,2.2366,2.23684,320
2025-05-13 19:40:00,2.23684,2.23705,2.23608,2.23683,432
2025-05-13 19:45:00,2.23683,2.23727,2.23659,2.23709,291
2025-05-13 19:50:00,2.23709,2.23832,2.23705,2.23788,341
2025-05-13 19:55:00,2.23788,2.23887,2.23778,2.23884,338
2025-05-13 20:00:00,2.23884,2.23918,2.23848,2.23876,315
2025-05-13 20:05:00,2.23874,2.23874,2.23786,2.23837,312
2025-05-13 20:10:00,2.23835,2.23874,2.23799,2.23811,309
2025-05-13 20:15:00,2.23812,2.23863,2.23801,2.23863,243
2025-05-13 20:20:00,2.23861,2.23875,2.2382400000000002,2.23831,184
2025-05-13 20:25:00,2.23833,2.23879,2.23817,2.23856,226
2025-05-13 20:30:00,2.2386,2.23868,2.23782,2.23807,262
2025-05-13 20:35:00,2.23805,2.23855,2.23782,2.23855,262
2025-05-13 20:40:00,2.23855,2.23867,2.23833,2.2385,245
2025-05-13 20:45:00,2.23854,2.2388,2.23833,2.2385099999999998,301
2025-05-13 20:50:00,2.2385099999999998,2.23884,2.23839,2.23864,323
2025-05-13 20:55:00,2.23865,2.23925,2.2385099999999998,2.23916,401
2025-05-13 21:00:00,2.23918,2.23932,2.23862,2.23917,403
2025-05-13 21:05:00,2.23917,2.23955,2.23897,2.2395,235
2025-05-13 21:10:00,2.23948,2.23952,2.23892,2.23917,164
2025-05-13 21:15:00,2.23915,2.23936,2.23869,2.23883,283
2025-05-13 21:20:00,2.23883,2.23906,2.23862,2.23892,213
2025-05-13 21:25:00,2.23892,2.23938,2.23883,2.23931,335
2025-05-13 21:30:00,2.23929,2.23933,2.23884,2.23908,268
2025-05-13 21:35:00,2.23908,2.23922,2.23874,2.23896,250
2025-05-13 21:40:00,2.23892,2.23923,2.23852,2.23894,273
2025-05-13 21:45:00,2.2389,2.23917,2.23839,2.2385099999999998,243
2025-05-13 21:50:00,2.2385,2.23876,2.23825,2.23836,215
2025-05-13 21:55:00,2.2384,2.23872,2.23818,2.23835,367
2025-05-13 22:00:00,2.23836,2.23889,2.23811,2.23889,368
2025-05-13 22:05:00,2.23887,2.23905,2.23823,2.23846,270
2025-05-13 22:10:00,2.23848,2.23864,2.23833,2.23845,199
2025-05-13 22:15:00,2.23845,2.23882,2.23828,2.23847,242
2025-05-13 22:20:00,2.23842,2.23854,2.23817,2.23837,218
2025-05-13 22:25:00,2.23837,2.23843,2.23805,2.23811,149
2025-05-13 22:30:00,2.23811,2.23862,2.23807,2.23831,269
2025-05-13 22:35:00,2.23835,2.23873,2.23825,2.23862,178
2025-05-13 22:40:00,2.23862,2.23949,2.23861,2.2393,187
2025-05-13 22:45:00,2.23931,2.23994,2.23914,2.23984,222
2025-05-13 22:50:00,2.23981,2.24045,2.23978,2.24045,292
2025-05-13 22:55:00,2.2403399999999998,2.24052,2.24013,2.24038,347
2025-05-13 23:00:00,2.24033,2.24054,2.23998,2.24005,248
2025-05-13 23:05:00,2.24005,2.2402,2.23983,2.23994,170
2025-05-13 23:10:00,2.2399,2.24053,2.23977,2.24049,183
2025-05-13 23:15:00,2.24049,2.24077,2.24027,2.24035,181
2025-05-13 23:20:00,2.24035,2.24038,2.23967,2.24015,190
2025-05-13 23:25:00,2.24013,2.24036,2.23977,2.23999,198
2025-05-13 23:30:00,2.23999,2.24061,2.23999,2.24031,184
2025-05-13 23:35:00,2.24031,2.24076,2.24015,2.2406,152
2025-05-13 23:40:00,2.2406,2.2406,2.23796,2.23796,165
2025-05-13 23:45:00,2.23796,2.23816,2.2375,2.23766,160
2025-05-13 23:50:00,2.23762,2.23781,2.23739,2.23745,166
2025-05-13 23:55:00,2.23744,2.24038,2.23724,2.24021,208
2025-05-14 00:00:00,2.23966,2.2403399999999998,2.23781,2.24022,24
2025-05-14 00:05:00,2.23926,2.23938,2.23788,2.23796,21
2025-05-14 00:10:00,2.2379,2.23802,2.23788,2.23792,9
2025-05-14 00:15:00,2.23792,2.23833,2.2377,2.23775,61
2025-05-14 00:20:00,2.23775,2.23834,2.23764,2.23829,57
2025-05-14 00:25:00,2.23828,2.23979,2.2381,2.23965,59
2025-05-14 00:30:00,2.23965,2.23983,2.23954,2.23967,50
2025-05-14 00:35:00,2.23986,2.2401,2.23948,2.2397299999999998,97
2025-05-14 00:40:00,2.2397299999999998,2.23983,2.23966,2.2398,77
2025-05-14 00:45:00,2.2398,2.24013,2.23979,2.23979,95
2025-05-14 00:50:00,2.23979,2.23986,2.23957,2.23972,85
2025-05-14 00:55:00,2.23972,2.23995,2.2387,2.23993,197
2025-05-14 01:00:00,2.24002,2.24074,2.2392,2.23969,241
2025-05-14 01:05:00,2.23962,2.24064,2.2393,2.24024,166
2025-05-14 01:10:00,2.24024,2.24024,2.23965,2.2400700000000002,141
2025-05-14 01:15:00,2.24006,2.2409,2.2399,2.24056,245
2025-05-14 01:20:00,2.24056,2.2409,2.24041,2.2408,175
2025-05-14 01:25:00,2.2408,2.2409499999999998,2.24052,2.24087,156
2025-05-14 01:30:00,2.2409,2.24093,2.23992,2.24012,182
2025-05-14 01:35:00,2.24012,2.24041,2.23977,2.24026,156
2025-05-14 01:40:00,2.24026,2.24037,2.23988,2.23995,99
2025-05-14 01:45:00,2.23997,2.24031,2.23981,2.2402,142
2025-05-14 01:50:00,2.24024,2.24082,2.23982,2.24062,246
2025-05-14 01:55:00,2.24062,2.2413,2.2403399999999998,2.2413,239
2025-05-14 02:00:00,2.2413,2.2413,2.2406800000000002,2.24097,264
2025-05-14 02:05:00,2.24096,2.24097,2.24012,2.2403399999999998,271
2025-05-14 02:10:00,2.24032,2.24076,2.23991,2.24008,219
2025-05-14 02:15:00,2.24008,2.24011,2.23959,2.23978,205
2025-05-14 02:20:00,2.23977,2.24033,2.23948,2.23963,172
2025-05-14 02:25:00,2.23963,2.24054,2.23957,2.23998,204
2025-05-14 02:30:00,2.23999,2.24013,2.23969,2.24005,191
2025-05-14 02:35:00,2.24005,2.24016,2.23937,2.23965,195
2025-05-14 02:40:00,2.23968,2.23984,2.23934,2.23949,232
2025-05-14 02:45:00,2.23954,2.24014,2.23922,2.24,289
2025-05-14 02:50:00,2.24,2.24044,2.23984,2.24025,265
2025-05-14 02:55:00,2.24035,2.24113,2.24019,2.2406800000000002,283
2025-05-14 03:00:00,2.24072,2.24073,2.23988,2.2402,542
2025-05-14 03:05:00,2.24009,2.24054,2.23983,2.2400700000000002,373
2025-05-14 03:10:00,2.24011,2.24024,2.23956,2.23964,331
2025-05-14 03:15:00,2.23964,2.23995,2.23937,2.23978,384
2025-05-14 03:20:00,2.23986,2.2405,2.23965,2.24019,362
2025-05-14 03:25:00,2.24019,2.24052,2.23938,2.23966,368
2025-05-14 03:30:00,2.23964,2.24043,2.23938,2.23958,408
2025-05-14 03:35:00,2.23958,2.23958,2.23875,2.23907,329
2025-05-14 03:40:00,2.23903,2.23921,2.23838,2.23881,336
2025-05-14 03:45:00,2.23882,2.23948,2.23858,2.23932,492
2025-05-14 03:50:00,2.23927,2.23995,2.23913,2.23933,609
2025-05-14 03:55:00,2.23934,2.24029,2.23892,2.23955,561
2025-05-14 04:00:00,2.23955,2.24053,2.23924,2.24032,533
2025-05-14 04:05:00,2.24032,2.24088,2.24021,2.24056,459
2025-05-14 04:10:00,2.24056,2.24086,2.23975,2.24071,493
2025-05-14 04:15:00,2.24073,2.24117,2.24044,2.24073,578
2025-05-14 04:20:00,2.24075,2.24103,2.24035,2.24048,475
2025-05-14 04:25:00,2.24048,2.2405,2.23945,2.23976,527
2025-05-14 04:30:00,2.2397299999999998,2.23985,2.2382400000000002,2.23901,786
2025-05-14 04:35:00,2.23901,2.24041,2.23893,2.23968,683
2025-05-14 04:40:00,2.23968,2.23976,2.23849,2.2391,545
2025-05-14 04:45:00,2.23901,2.23905,2.23809,2.23854,474
2025-05-14 04:50:00,2.23854,2.23883,2.23758,2.23771,462
2025-05-14 04:55:00,2.23771,2.23849,2.23742,2.23827,500
2025-05-14 05:00:00,2.23827,2.23923,2.23805,2.23906,551
2025-05-14 05:05:00,2.23911,2.23932,2.23828,2.2389,462
2025-05-14 05:10:00,2.2389,2.23891,2.2379,2.23847,491
2025-05-14 05:15:00,2.2385099999999998,2.23905,2.23793,2.23799,419
2025-05-14 05:20:00,2.23803,2.23811,2.23729,2.23809,380
2025-05-14 05:25:00,2.23809,2.23868,2.23797,2.23863,433
2025-05-14 05:30:00,2.2387,2.23876,2.23768,2.23811,385
2025-05-14 05:35:00,2.23809,2.23892,2.23774,2.23799,439
2025-05-14 05:40:00,2.23799,2.23815,2.23696,2.23724,356
2025-05-14 05:45:00,2.2372199999999998,2.23748,2.23684,2.23708,293
2025-05-14 05:50:00,2.2371,2.23786,2.23704,2.2377,266
2025-05-14 05:55:00,2.2377,2.23775,2.23662,2.23692,360
2025-05-14 06:00:00,2.23692,2.23704,2.23642,2.2370200000000002,318
2025-05-14 06:05:00,2.23709,2.23776,2.23695,2.23758,432
2025-05-14 06:10:00,2.23758,2.23764,2.23646,2.23704,257
2025-05-14 06:15:00,2.237,2.23764,2.23689,2.23732,321
2025-05-14 06:20:00,2.23736,2.23756,2.23711,2.23735,301
2025-05-14 06:25:00,2.23739,2.23764,2.23727,2.23749,233
2025-05-14 06:30:00,2.23749,2.23772,2.23711,2.23731,467
2025-05-14 06:35:00,2.23733,2.23773,2.237,2.23769,330
2025-05-14 06:40:00,2.23769,2.23777,2.2372199999999998,2.23742,355
2025-05-14 06:45:00,2.23743,2.23766,2.23719,2.2375,267
2025-05-14 06:50:00,2.23746,2.23803,2.23691,2.23797,357
2025-05-14 06:55:00,2.23797,2.23807,2.23749,2.23799,309
2025-05-14 07:00:00,2.238,2.23802,2.23752,2.238,338
2025-05-14 07:05:00,2.23802,2.23806,2.23751,2.23803,323
2025-05-14 07:10:00,2.23803,2.23811,2.23771,2.23796,263
2025-05-14 07:15:00,2.23796,2.23869,2.23782,2.23865,234
2025-05-14 07:20:00,2.23866,2.23869,2.23819,2.23853,307
2025-05-14 07:25:00,2.2385,2.23868,2.23804,2.23817,279
2025-05-14 07:30:00,2.23817,2.23883,2.2381,2.23872,349
2025-05-14 07:35:00,2.23876,2.23879,2.23826,2.23838,333
2025-05-14 07:40:00,2.23839,2.23903,2.23827,2.23875,345
2025-05-14 07:45:00,2.23875,2.23891,2.23814,2.2382,253
2025-05-14 07:50:00,2.2382,2.23855,2.23785,2.23852,207
2025-05-14 07:55:00,2.23854,2.23909,2.23847,2.23894,224
2025-05-14 08:00:00,2.23894,2.23929,2.2385,2.23854,252
2025-05-14 08:05:00,2.23855,2.23857,2.23765,2.23801,255
2025-05-14 08:10:00,2.23801,2.2385,2.23749,2.23768,234
2025-05-14 08:15:00,2.23769,2.23776,2.2372,2.23749,270
2025-05-14 08:20:00,2.23751,2.23807,2.23714,2.23791,287
2025-05-14 08:25:00,2.23791,2.23892,2.23773,2.23825,312
2025-05-14 08:30:00,2.2382400000000002,2.23887,2.23782,2.23835,288
2025-05-14 08:35:00,2.23836,2.23857,2.23812,2.23827,265
2025-05-14 08:40:00,2.23822,2.23841,2.23776,2.23822,346
2025-05-14 08:45:00,2.23818,2.23845,2.23751,2.23764,364
2025-05-14 08:50:00,2.23764,2.23907,2.23744,2.23873,444
2025-05-14 08:55:00,2.23873,2.23947,2.2387,2.23945,338
2025-05-14 09:00:00,2.23945,2.2396,2.23831,2.23871,458
2025-05-14 09:05:00,2.23871,2.24035,2.23871,2.23986,501
2025-05-14 09:10:00,2.23983,2.24,2.2393,2.2395,433
2025-05-14 09:15:00,2.23953,2.23994,2.23913,2.23978,446
2025-05-14 09:20:00,2.2398,2.24021,2.23916,2.23969,451
2025-05-14 09:25:00,2.23974,2.23984,2.23866,2.23922,471
2025-05-14 09:30:00,2.23924,2.24006,2.23906,2.23943,497
2025-05-14 09:35:00,2.23939,2.24048,2.23936,2.24044,393
2025-05-14 09:40:00,2.24044,2.24088,2.23927,2.23953,495
2025-05-14 09:45:00,2.2394600000000002,2.23971,2.2391199999999998,2.23963,402
2025-05-14 09:50:00,2.23963,2.24002,2.23937,2.23941,410
2025-05-14 09:55:00,2.23948,2.24004,2.23911,2.23998,572
2025-05-14 10:00:00,2.24002,2.24091,2.23983,2.24027,626
2025-05-14 10:05:00,2.24025,2.24049,2.23955,2.24014,410
2025-05-14 10:10:00,2.24011,2.24085,2.23995,2.24031,559
2025-05-14 10:15:00,2.24026,2.24089,2.23988,2.24024,469
2025-05-14 10:20:00,2.24021,2.24088,2.24012,2.24042,505
2025-05-14 10:25:00,2.24042,2.24134,2.24019,2.24066,558
2025-05-14 10:30:00,2.24063,2.2414,2.2402,2.24125,492
2025-05-14 10:35:00,2.24125,2.24218,2.24083,2.24187,593
2025-05-14 10:40:00,2.24191,2.24249,2.24167,2.24211,618
2025-05-14 10:45:00,2.24209,2.24225,2.24121,2.24147,581
2025-05-14 10:50:00,2.2415,2.24157,2.2397299999999998,2.24027,591
2025-05-14 10:55:00,2.24022,2.24033,2.23932,2.23966,637
2025-05-14 11:00:00,2.23967,2.24029,2.23911,2.2394,789
2025-05-14 11:05:00,2.23935,2.2408,2.23871,2.24019,980
2025-05-14 11:10:00,2.24021,2.24047,2.2382,2.23852,743
2025-05-14 11:15:00,2.23857,2.2393,2.23803,2.23856,675
2025-05-14 11:20:00,2.2386,2.23947,2.2375,2.23799,693
2025-05-14 11:25:00,2.23802,2.23836,2.23705,2.23719,822
2025-05-14 11:30:00,2.23719,2.23827,2.23584,2.23734,719
2025-05-14 11:35:00,2.23741,2.2384,2.23682,2.23793,539
2025-05-14 11:40:00,2.23793,2.23905,2.23785,2.23888,571
2025-05-14 11:45:00,2.23886,2.2391199999999998,2.2382400000000002,2.23905,533
2025-05-14 11:50:00,2.23898,2.23988,2.23884,2.23961,525
2025-05-14 11:55:00,2.23961,2.23975,2.23868,2.23901,681
2025-05-14 12:00:00,2.239,2.2401,2.23883,2.23974,634
2025-05-14 12:05:00,2.23972,2.23986,2.23873,2.23879,524
2025-05-14 12:10:00,2.23883,2.23891,2.23761,2.23859,602
2025-05-14 12:15:00,2.23866,2.23959,2.23846,2.2391,693
2025-05-14 12:20:00,2.23901,2.23978,2.23858,2.23966,769
2025-05-14 12:25:00,2.2397,2.23991,2.23837,2.23847,675
2025-05-14 12:30:00,2.23847,2.23952,2.23826,2.23869,623
2025-05-14 12:35:00,2.23871,2.23907,2.23821,2.23831,535
2025-05-14 12:40:00,2.23831,2.23831,2.23707,2.23737,689
2025-05-14 12:45:00,2.23739,2.23799,2.2368,2.23692,563
2025-05-14 12:50:00,2.23703,2.23837,2.23663,2.23813,656
2025-05-14 12:55:00,2.23815,2.23891,2.23753,2.2387,521
2025-05-14 13:00:00,2.23867,2.23958,2.23858,2.23924,504
2025-05-14 13:05:00,2.23924,2.24043,2.23919,2.24033,454
2025-05-14 13:10:00,2.24026,2.24026,2.23964,2.23994,491
2025-05-14 13:15:00,2.23994,2.24018,2.23963,2.24012,438
2025-05-14 13:20:00,2.24012,2.24015,2.2388500000000002,2.23986,426
2025-05-14 13:25:00,2.23986,2.24058,2.23969,2.24041,380
2025-05-14 13:30:00,2.24041,2.24157,2.24038,2.24125,477
2025-05-14 13:35:00,2.24125,2.24191,2.24111,2.24127,451
2025-05-14 13:40:00,2.2413,2.24143,2.24067,2.24074,390
2025-05-14 13:45:00,2.24076,2.24168,2.24058,2.24149,420
2025-05-14 13:50:00,2.2415,2.24184,2.24126,2.24175,446
2025-05-14 13:55:00,2.24178,2.24243,2.24103,2.24234,372
2025-05-14 14:00:00,2.24238,2.24396,2.24231,2.24322,413
2025-05-14 14:05:00,2.24322,2.2442,2.24309,2.24388,473
2025-05-14 14:10:00,2.2439,2.24399,2.2428,2.24318,420
2025-05-14 14:15:00,2.24318,2.24331,2.24246,2.24258,425
2025-05-14 14:20:00,2.2425100000000002,2.24273,2.24214,2.24247,366
2025-05-14 14:25:00,2.24239,2.24249,2.24184,2.24249,398
2025-05-14 14:30:00,2.24253,2.24253,2.24157,2.24181,404
2025-05-14 14:35:00,2.24179,2.24214,2.24127,2.24132,367
2025-05-14 14:40:00,2.24134,2.24179,2.241,2.24119,335
2025-05-14 14:45:00,2.24119,2.24166,2.24077,2.24151,356
2025-05-14 14:50:00,2.24154,2.24216,2.24106,2.24214,456
2025-05-14 14:55:00,2.24214,2.24218,2.24124,2.24152,513
2025-05-14 15:00:00,2.24154,2.2423,2.24137,2.2421,565
2025-05-14 15:05:00,2.24208,2.24267,2.24163,2.24202,525
2025-05-14 15:10:00,2.24206,2.2421699999999998,2.24122,2.24147,497
2025-05-14 15:15:00,2.24144,2.24188,2.24108,2.24108,526
2025-05-14 15:20:00,2.24112,2.24166,2.24093,2.24146,546
2025-05-14 15:25:00,2.24146,2.24209,2.24106,2.24192,563
2025-05-14 15:30:00,2.24192,2.24205,2.24103,2.24113,548
2025-05-14 15:35:00,2.24113,2.24183,2.24078,2.24175,586
2025-05-14 15:40:00,2.24175,2.24188,2.24108,2.2416,570
2025-05-14 15:45:00,2.24158,2.24191,2.24102,2.24107,531
2025-05-14 15:50:00,2.24103,2.24204,2.24102,2.24176,537
2025-05-14 15:55:00,2.24176,2.2421,2.24143,2.24175,519
2025-05-14 16:00:00,2.24178,2.24234,2.24148,2.24214,607
2025-05-14 16:05:00,2.24216,2.24276,2.24181,2.24203,459
2025-05-14 16:10:00,2.242,2.24289,2.24168,2.24281,541
2025-05-14 16:15:00,2.24282,2.24293,2.24221,2.2427,549
2025-05-14 16:20:00,2.2427,2.2427,2.24221,2.24229,548
2025-05-14 16:25:00,2.24227,2.24269,2.24184,2.24262,574
2025-05-14 16:30:00,2.24262,2.24301,2.24211,2.24224,699
2025-05-14 16:35:00,2.24227,2.2429,2.24218,2.2427,709
2025-05-14 16:40:00,2.2427799999999998,2.2435,2.24234,2.243,640
2025-05-14 16:45:00,2.24292,2.24323,2.24222,2.243,660
2025-05-14 16:50:00,2.243,2.24323,2.24211,2.24299,617
2025-05-14 16:55:00,2.24298,2.24347,2.24253,2.24266,721
2025-05-14 17:00:00,2.24268,2.24385,2.24254,2.24361,629
2025-05-14 17:05:00,2.24363,2.24404,2.24246,2.24322,644
2025-05-14 17:10:00,2.24322,2.24379,2.24275,2.24347,539
2025-05-14 17:15:00,2.24347,2.24402,2.24335,2.24376,667
2025-05-14 17:20:00,2.24381,2.2441,2.2429,2.24326,664
2025-05-14 17:25:00,2.24322,2.24331,2.24264,2.24326,594
2025-05-14 17:30:00,2.24328,2.24393,2.24238,2.24374,640
2025-05-14 17:35:00,2.2437300000000002,2.24378,2.24269,2.24314,622
2025-05-14 17:40:00,2.24314,2.24338,2.24183,2.24222,579
2025-05-14 17:45:00,2.24222,2.24266,2.24188,2.24193,577
2025-05-14 17:50:00,2.24193,2.24244,2.24158,2.24161,742
2025-05-14 17:55:00,2.24166,2.24442,2.24158,2.2443400000000002,830
2025-05-14 18:00:00,2.24436,2.24691,2.24425,2.24658,809
2025-05-14 18:05:00,2.24662,2.24708,2.24611,2.24672,652
2025-05-14 18:10:00,2.24672,2.248,2.24668,2.24785,615
2025-05-14 18:15:00,2.24787,2.24811,2.24729,2.24794,568
2025-05-14 18:20:00,2.24798,2.24842,2.24774,2.24806,540
2025-05-14 18:25:00,2.24806,2.24817,2.2473,2.24755,543
2025-05-14 18:30:00,2.24768,2.24816,2.24716,2.24784,521
2025-05-14 18:35:00,2.24784,2.24859,2.24776,2.24845,441
2025-05-14 18:40:00,2.24847,2.24946,2.24841,2.249,522
2025-05-14 18:45:00,2.249,2.24907,2.24808,2.24845,489
2025-05-14 18:50:00,2.24845,2.2488799999999998,2.24809,2.24821,517
2025-05-14 18:55:00,2.24823,2.24833,2.24764,2.24789,448
2025-05-14 19:00:00,2.24785,2.24819,2.24744,2.24757,454
2025-05-14 19:05:00,2.24755,2.24837,2.24748,2.24831,471
2025-05-14 19:10:00,2.24829,2.2486,2.24806,2.24847,456
2025-05-14 19:15:00,2.24847,2.24897,2.24829,2.24895,491
2025-05-14 19:20:00,2.24892,2.24903,2.2482,2.24858,415
2025-05-14 19:25:00,2.24859,2.24954,2.24847,2.24908,411
2025-05-14 19:30:00,2.24904,2.24908,2.24817,2.2482699999999998,457
2025-05-14 19:35:00,2.2482699999999998,2.24907,2.24816,2.24906,342
2025-05-14 19:40:00,2.2489,2.2497,2.24871,2.24934,1055
2025-05-14 19:45:00,2.2493,2.24944,2.24864,2.24905,756
2025-05-14 19:50:00,2.24909,2.24938,2.2486,2.24919,576
2025-05-14 19:55:00,2.24915,2.24917,2.24825,2.24848,543
2025-05-14 20:00:00,2.24848,2.24884,2.2481,2.24871,486
2025-05-14 20:05:00,2.24873,2.24904,2.2484,2.24902,342
2025-05-14 20:10:00,2.24898,2.24938,2.24884,2.24898,342
2025-05-14 20:15:00,2.24907,2.24916,2.2482,2.24823,379
2025-05-14 20:20:00,2.24829,2.2486,2.24808,2.24854,465
2025-05-14 20:25:00,2.24854,2.24862,2.24762,2.24768,408
2025-05-14 20:30:00,2.2476599999999998,2.24795,2.24734,2.24753,348
2025-05-14 20:35:00,2.24755,2.24793,2.24732,2.24773,343
2025-05-14 20:40:00,2.24764,2.24783,2.24713,2.24732,342
2025-05-14 20:45:00,2.24732,2.24804,2.24719,2.24744,370
2025-05-14 20:50:00,2.2475,2.24755,2.24671,2.24733,327
2025-05-14 20:55:00,2.24733,2.24735,2.24661,2.2468,337
2025-05-14 21:00:00,2.24684,2.2476599999999998,2.24638,2.2476,362
2025-05-14 21:05:00,2.2476,2.24804,2.24711,2.248,359
2025-05-14 21:10:00,2.248,2.24874,2.24775,2.24845,443
2025-05-14 21:15:00,2.24837,2.24879,2.24808,2.2482699999999998,504
2025-05-14 21:20:00,2.24824,2.24837,2.2477,2.24799,408
2025-05-14 21:25:00,2.24795,2.24855,2.24773,2.2484,454
2025-05-14 21:30:00,2.24846,2.24857,2.2477,2.24773,486
2025-05-14 21:35:00,2.24773,2.24804,2.24742,2.24772,370
2025-05-14 21:40:00,2.24772,2.24779,2.24698,2.24723,316
2025-05-14 21:45:00,2.24721,2.24763,2.24712,2.24735,281
2025-05-14 21:50:00,2.24735,2.24822,2.24727,2.24822,282
2025-05-14 21:55:00,2.2482,2.24883,2.24805,2.2486,406
2025-05-14 22:00:00,2.24869,2.24876,2.24788,2.2481,511
2025-05-14 22:05:00,2.24813,2.2487,2.24813,2.24854,393
2025-05-14 22:10:00,2.24853,2.24878,2.24823,2.24848,290
2025-05-14 22:15:00,2.24852,2.24861,2.24814,2.24837,262
2025-05-14 22:20:00,2.24841,2.2485,2.24795,2.24842,323
2025-05-14 22:25:00,2.24842,2.24849,2.24781,2.24806,280
2025-05-14 22:30:00,2.24806,2.2484,2.24792,2.24818,288
2025-05-14 22:35:00,2.24817,2.24881,2.24808,2.24854,253
2025-05-14 22:40:00,2.24851,2.24857,2.24819,2.24847,293
2025-05-14 22:45:00,2.24845,2.24871,2.24821,2.24845,231
2025-05-14 22:50:00,2.24834,2.24835,2.2479,2.24801,304
2025-05-14 22:55:00,2.248,2.24834,2.24767,2.2480700000000002,398
2025-05-14 23:00:00,2.24813,2.24903,2.24802,2.24874,258
2025-05-14 23:05:00,2.24874,2.24898,2.24833,2.24841,247
2025-05-14 23:10:00,2.24845,2.24853,2.24761,2.24775,235
2025-05-14 23:15:00,2.24775,2.24831,2.24775,2.24809,147
2025-05-14 23:20:00,2.24825,2.24833,2.24777,2.24803,139
2025-05-14 23:25:00,2.24803,2.24831,2.2476,2.24786,99
2025-05-14 23:30:00,2.24786,2.24846,2.24763,2.24842,197
2025-05-14 23:35:00,2.2484,2.24866,2.2482,2.24833,179
2025-05-14 23:40:00,2.24833,2.24833,2.24535,2.24543,157
2025-05-14 23:45:00,2.24546,2.24552,2.24523,2.24541,170
2025-05-14 23:50:00,2.24542,2.24563,2.24514,2.24517,197
2025-05-14 23:55:00,2.24519,2.24718,2.24491,2.24702,350
2025-05-15 00:00:00,2.24722,2.24722,2.24181,2.2465,29
2025-05-15 00:05:00,2.2465,2.2469,2.24201,2.24398,79
2025-05-15 00:10:00,2.24398,2.24398,2.2424,2.24302,113
2025-05-15 00:15:00,2.24296,2.24519,2.24234,2.24384,177
2025-05-15 00:20:00,2.24384,2.2452,2.24366,2.24366,131
2025-05-15 00:25:00,2.24366,2.24602,2.24354,2.24602,78
2025-05-15 00:30:00,2.25075,2.25104,2.24294,2.24386,230
2025-05-15 00:35:00,2.24386,2.24492,2.24364,2.24471,142
2025-05-15 00:40:00,2.24452,2.24492,2.24266,2.24266,76
2025-05-15 00:45:00,2.24264,2.24541,2.24222,2.24395,102
2025-05-15 00:50:00,2.24395,2.24477,2.2433,2.24477,92
2025-05-15 00:55:00,2.24476,2.24512,2.24431,2.2445,117
2025-05-15 01:00:00,2.245,2.24819,2.24493,2.24759,261
2025-05-15 01:05:00,2.24763,2.24763,2.24704,2.24736,157
2025-05-15 01:10:00,2.24736,2.24745,2.24695,2.24736,137
2025-05-15 01:15:00,2.24738,2.24777,2.24728,2.24765,239
2025-05-15 01:20:00,2.24764,2.24774,2.24745,2.24747,250
2025-05-15 01:25:00,2.24747,2.24767,2.24707,2.24747,167
2025-05-15 01:30:00,2.24747,2.24812,2.24743,2.24777,197
2025-05-15 01:35:00,2.24777,2.24783,2.24744,2.24749,76
2025-05-15 01:40:00,2.24749,2.24782,2.24747,2.24782,54
2025-05-15 01:45:00,2.24782,2.24836,2.2478,2.24836,75
2025-05-15 01:50:00,2.24836,2.24869,2.24831,2.24854,75
2025-05-15 01:55:00,2.24854,2.24855,2.24836,2.2485,50
2025-05-15 02:00:00,2.24855,2.24919,2.24848,2.24916,152
2025-05-15 02:05:00,2.24914,2.2496,2.24858,2.24953,163
2025-05-15 02:10:00,2.24954,2.24956,2.24878,2.24906,217
2025-05-15 02:15:00,2.24906,2.24955,2.24898,2.24953,162
2025-05-15 02:20:00,2.24953,2.24958,2.2493,2.24953,186
2025-05-15 02:25:00,2.24952,2.25055,2.24952,2.25055,150
2025-05-15 02:30:00,2.25055,2.25102,2.2497,2.25022,169
2025-05-15 02:35:00,2.25022,2.25024,2.24985,2.24992,97
2025-05-15 02:40:00,2.24989,2.25001,2.24951,2.24972,142
2025-05-15 02:45:00,2.24976,2.2506,2.24948,2.24992,192
2025-05-15 02:50:00,2.24992,2.24994,2.24948,2.24978,200
2025-05-15 02:55:00,2.24978,2.24995,2.24874,2.2488,230
2025-05-15 03:00:00,2.24882,2.24993,2.24862,2.24893,414
2025-05-15 03:05:00,2.24893,2.24933,2.24872,2.24898,320
2025-05-15 03:10:00,2.24898,2.24906,2.24826,2.24847,331
2025-05-15 03:15:00,2.24847,2.24892,2.24779,2.24806,354
2025-05-15 03:20:00,2.24798,2.24842,2.24774,2.24833,383
2025-05-15 03:25:00,2.24833,2.24833,2.24739,2.2481,368
2025-05-15 03:30:00,2.2481,2.24852,2.24755,2.24851,534
2025-05-15 03:35:00,2.24847,2.24876,2.24778,2.2481,370
2025-05-15 03:40:00,2.24813,2.2491,2.24804,2.24834,448
2025-05-15 03:45:00,2.24834,2.24881,2.24823,2.24877,400
2025-05-15 03:50:00,2.24874,2.24954,2.2482699999999998,2.24918,427
2025-05-15 03:55:00,2.24918,2.24959,2.24886,2.24944,466
2025-05-15 04:00:00,2.24946,2.24954,2.24677,2.24681,558
2025-05-15 04:05:00,2.24681,2.24859,2.24679,2.24817,479
2025-05-15 04:10:00,2.24811,2.24844,2.24751,2.24756,428
2025-05-15 04:15:00,2.24757,2.24783,2.24716,2.24772,571
2025-05-15 04:20:00,2.24772,2.2482699999999998,2.24695,2.24706,368
2025-05-15 04:25:00,2.24706,2.24784,2.2467,2.24748,409
2025-05-15 04:30:00,2.24748,2.24778,2.24447,2.24715,684
2025-05-15 04:35:00,2.24715,2.24895,2.2468500000000002,2.24702,557
2025-05-15 04:40:00,2.24698,2.2486,2.24681,2.24818,482
2025-05-15 04:45:00,2.24814,2.24918,2.24759,2.249,469
2025-05-15 04:50:00,2.249,2.249,2.24767,2.24824,523
2025-05-15 04:55:00,2.24822,2.2488,2.24732,2.24767,573
2025-05-15 05:00:00,2.24771,2.24911,2.24765,2.24881,473
2025-05-15 05:05:00,2.24881,2.24885,2.24762,2.2477,379
2025-05-15 05:10:00,2.24772,2.24809,2.24691,2.2479,420
2025-05-15 05:15:00,2.24792,2.2489,2.24779,2.24819,509
2025-05-15 05:20:00,2.24819,2.24908,2.24817,2.24841,463
2025-05-15 05:25:00,2.24843,2.24907,2.24753,2.24765,345
2025-05-15 05:30:00,2.24773,2.24821,2.24752,2.24762,324
2025-05-15 05:35:00,2.24762,2.24805,2.24735,2.24745,340
2025-05-15 05:40:00,2.24745,2.24778,2.24704,2.24752,378
2025-05-15 05:45:00,2.24752,2.24756,2.24661,2.24728,339
2025-05-15 05:50:00,2.24728,2.24817,2.24707,2.24796,414
2025-05-15 05:55:00,2.24794,2.24829,2.24722,2.2479,482
2025-05-15 06:00:00,2.24792,2.24826,2.24714,2.2481,411
2025-05-15 06:05:00,2.24811,2.24846,2.24738,2.24742,399
2025-05-15 06:10:00,2.24742,2.24803,2.24732,2.2478,331
2025-05-15 06:15:00,2.24776,2.24809,2.24734,2.24792,373
2025-05-15 06:20:00,2.24792,2.24806,2.24762,2.24787,302
2025-05-15 06:25:00,2.24794,2.24824,2.24755,2.24755,452
2025-05-15 06:30:00,2.24759,2.2482699999999998,2.24741,2.24822,459
2025-05-15 06:35:00,2.2482,2.24845,2.24786,2.24819,424
2025-05-15 06:40:00,2.2482,2.24884,2.24816,2.24864,398
2025-05-15 06:45:00,2.2486800000000002,2.24869,2.24829,2.24852,345
2025-05-15 06:50:00,2.2485,2.2486,2.24791,2.24853,280
2025-05-15 06:55:00,2.24853,2.24893,2.24839,2.24847,249
2025-05-15 07:00:00,2.24847,2.24863,2.2478,2.24798,333
2025-05-15 07:05:00,2.24794,2.24852,2.24794,2.24845,326
2025-05-15 07:10:00,2.24845,2.24867,2.24809,2.24856,282
2025-05-15 07:15:00,2.24854,2.24946,2.24854,2.24943,333
2025-05-15 07:20:00,2.24939,2.24972,2.24882,2.24903,255
2025-05-15 07:25:00,2.24903,2.25059,2.24899,2.25041,330
2025-05-15 07:30:00,2.25041,2.25196,2.2503,2.25176,287
2025-05-15 07:35:00,2.2518000000000002,2.2525399999999998,2.25167,2.25225,329
2025-05-15 07:40:00,2.25225,2.25257,2.25197,2.25201,257
2025-05-15 07:45:00,2.25201,2.2525399999999998,2.25136,2.25232,237
2025-05-15 07:50:00,2.25232,2.25245,2.2519,2.25206,268
2025-05-15 07:55:00,2.2521,2.25247,2.25167,2.25231,346
2025-05-15 08:00:00,2.25231,2.25263,2.25046,2.25053,342
2025-05-15 08:05:00,2.25053,2.25269,2.25018,2.25228,336
2025-05-15 08:10:00,2.25227,2.25285,2.25174,2.25181,455
2025-05-15 08:15:00,2.2518000000000002,2.2525399999999998,2.2515,2.25232,285
2025-05-15 08:20:00,2.25235,2.25343,2.2518000000000002,2.25327,461
2025-05-15 08:25:00,2.25325,2.25392,2.25296,2.25303,383
2025-05-15 08:30:00,2.25303,2.25326,2.25258,2.25287,408
2025-05-15 08:35:00,2.25285,2.25313,2.25242,2.253,482
2025-05-15 08:40:00,2.253,2.25416,2.25237,2.25268,408
2025-05-15 08:45:00,2.2527,2.25305,2.25207,2.25207,408
2025-05-15 08:50:00,2.25212,2.25233,2.25143,2.25156,399
2025-05-15 08:55:00,2.25148,2.25159,2.2507,2.25092,415
2025-05-15 09:00:00,2.25087,2.25211,2.25055,2.25059,461
2025-05-15 09:05:00,2.25059,2.25094,2.24995,2.25094,453
2025-05-15 09:10:00,2.25092,2.25111,2.25028,2.251,478
2025-05-15 09:15:00,2.25104,2.2511200000000002,2.25031,2.25033,382
2025-05-15 09:20:00,2.25033,2.25042,2.24917,2.24958,626
2025-05-15 09:25:00,2.24958,2.25028,2.24919,2.25007,503
2025-05-15 09:30:00,2.25001,2.2513199999999998,2.25001,2.25121,545
2025-05-15 09:35:00,2.25121,2.25126,2.25043,2.2505100000000002,371
2025-05-15 09:40:00,2.25053,2.25185,2.25047,2.25158,445
2025-05-15 09:45:00,2.25156,2.2518000000000002,2.2505800000000002,2.2506,492
2025-05-15 09:50:00,2.2505800000000002,2.25141,2.25054,2.25116,405
2025-05-15 09:55:00,2.25116,2.25127,2.2506,2.2507,479
2025-05-15 10:00:00,2.2507,2.25164,2.25031,2.25162,703
2025-05-15 10:05:00,2.25162,2.25191,2.25109,2.25126,544
2025-05-15 10:10:00,2.25126,2.25143,2.2509,2.25114,507
2025-05-15 10:15:00,2.251,2.25158,2.25075,2.25079,536
2025-05-15 10:20:00,2.25076,2.25209,2.25069,2.25172,429
2025-05-15 10:25:00,2.25174,2.25293,2.25163,2.2519299999999998,491
2025-05-15 10:30:00,2.25197,2.2523400000000002,2.25084,2.2516,521
2025-05-15 10:35:00,2.2516,2.25239,2.2512,2.25212,465
2025-05-15 10:40:00,2.25211,2.25336,2.25182,2.25329,447
2025-05-15 10:45:00,2.25331,2.25428,2.25329,2.25336,603
2025-05-15 10:50:00,2.25328,2.25375,2.25308,2.2533,465
2025-05-15 10:55:00,2.25334,2.25401,2.25278,2.25298,437
2025-05-15 11:00:00,2.25298,2.2534,2.25217,2.2523,570
2025-05-15 11:05:00,2.2523,2.25337,2.25206,2.25328,531
2025-05-15 11:10:00,2.25326,2.25362,2.2525399999999998,2.25264,487
2025-05-15 11:15:00,2.25265,2.25361,2.25256,2.25361,419
2025-05-15 11:20:00,2.25358,2.25368,2.25332,2.25353,330
2025-05-15 11:25:00,2.25353,2.25374,2.25326,2.25332,327
2025-05-15 11:30:00,2.25332,2.25454,2.25332,2.25442,313
2025-05-15 11:35:00,2.25445,2.25492,2.25427,2.25448,379
2025-05-15 11:40:00,2.25448,2.25535,2.25411,2.2551,469
2025-05-15 11:45:00,2.2551,2.25531,2.2545,2.25501,508
2025-05-15 11:50:00,2.25501,2.25508,2.2543699999999998,2.25488,467
2025-05-15 11:55:00,2.25481,2.25564,2.2548,2.25531,411
2025-05-15 12:00:00,2.25535,2.2556,2.25476,2.25529,463
2025-05-15 12:05:00,2.25533,2.25572,2.25489,2.2556599999999998,469
2025-05-15 12:10:00,2.2556599999999998,2.25592,2.25549,2.25565,327
2025-05-15 12:15:00,2.25564,2.25594,2.25538,2.25594,348
2025-05-15 12:20:00,2.25593,2.25629,2.25516,2.25533,366
2025-05-15 12:25:00,2.2553900000000002,2.25622,2.25519,2.25621,347
2025-05-15 12:30:00,2.25626,2.2568099999999998,2.25588,2.25603,387
2025-05-15 12:35:00,2.25603,2.2566,2.25599,2.25643,379
2025-05-15 12:40:00,2.25645,2.2566,2.25578,2.25587,328
2025-05-15 12:45:00,2.25587,2.25621,2.2556,2.25562,343
2025-05-15 12:50:00,2.2556,2.25646,2.2556,2.25642,318
2025-05-15 12:55:00,2.25643,2.25734,2.25639,2.2572900000000002,339
2025-05-15 13:00:00,2.2572900000000002,2.25795,2.25718,2.25754,379
2025-05-15 13:05:00,2.25759,2.25822,2.25744,2.25795,345
2025-05-15 13:10:00,2.25797,2.25886,2.25791,2.25875,328
2025-05-15 13:15:00,2.25874,2.25947,2.25839,2.25909,330
2025-05-15 13:20:00,2.25909,2.26024,2.25901,2.26004,323
2025-05-15 13:25:00,2.26004,2.26042,2.25981,2.25989,428
2025-05-15 13:30:00,2.25987,2.26009,2.25953,2.25972,362
2025-05-15 13:35:00,2.25972,2.2602700000000002,2.25938,2.2598599999999998,348
2025-05-15 13:40:00,2.2598599999999998,2.26048,2.25978,2.25985,273
2025-05-15 13:45:00,2.2598599999999998,2.26092,2.25983,2.26081,347
2025-05-15 13:50:00,2.2608800000000002,2.2609500000000002,2.26005,2.26011,357
2025-05-15 13:55:00,2.26011,2.26075,2.25988,2.26045,436
2025-05-15 14:00:00,2.26041,2.2607,2.25923,2.26004,497
2025-05-15 14:05:00,2.26002,2.26079,2.25998,2.26055,431
2025-05-15 14:10:00,2.26055,2.26089,2.25972,2.25996,382
2025-05-15 14:15:00,2.25996,2.26141,2.25982,2.26133,426
2025-05-15 14:20:00,2.26131,2.26198,2.2604699999999998,2.26067,415
2025-05-15 14:25:00,2.26071,2.26073,2.25985,2.26003,298
2025-05-15 14:30:00,2.26003,2.26012,2.25924,2.25949,398
2025-05-15 14:35:00,2.25949,2.2597300000000002,2.25862,2.25957,463
2025-05-15 14:40:00,2.25961,2.25995,2.25908,2.25972,313
2025-05-15 14:45:00,2.25967,2.25975,2.25865,2.25904,387
2025-05-15 14:50:00,2.25904,2.25911,2.25828,2.25872,458
2025-05-15 14:55:00,2.2587099999999998,2.25913,2.25824,2.2585,485
2025-05-15 15:00:00,2.25852,2.25943,2.25852,2.25927,554
2025-05-15 15:05:00,2.25927,2.25997,2.25904,2.25947,373
2025-05-15 15:10:00,2.25948,2.25976,2.25889,2.25915,351
2025-05-15 15:15:00,2.25915,2.26033,2.2587099999999998,2.26012,401
2025-05-15 15:20:00,2.2602,2.26174,2.25972,2.26172,507
2025-05-15 15:25:00,2.26172,2.2641999999999998,2.26154,2.2629,438
2025-05-15 15:30:00,2.26267,2.26328,2.26123,2.26188,923
2025-05-15 15:35:00,2.26188,2.26253,2.26121,2.26146,539
2025-05-15 15:40:00,2.26146,2.26157,2.2601,2.26055,458
2025-05-15 15:45:00,2.26051,2.2621,2.26021,2.26206,674
2025-05-15 15:50:00,2.26202,2.2622,2.2603,2.26038,736
2025-05-15 15:55:00,2.2604,2.26142,2.26015,2.26136,689
2025-05-15 16:00:00,2.2613,2.26137,2.2604699999999998,2.26126,753
2025-05-15 16:05:00,2.26122,2.26333,2.26117,2.26259,790
2025-05-15 16:10:00,2.26256,2.2635899999999998,2.26256,2.26356,646
2025-05-15 16:15:00,2.26356,2.26356,2.26238,2.26274,677
2025-05-15 16:20:00,2.2627800000000002,2.26398,2.26262,2.2635199999999998,603
2025-05-15 16:25:00,2.2635,2.26429,2.26334,2.26347,638
2025-05-15 16:30:00,2.26349,2.26394,2.26319,2.26375,761
2025-05-15 16:35:00,2.26376,2.26458,2.26333,2.26451,561
2025-05-15 16:40:00,2.26448,2.26472,2.26377,2.26427,668
2025-05-15 16:45:00,2.26431,2.2648,2.26397,2.26455,753
2025-05-15 16:50:00,2.26455,2.26491,2.2634600000000002,2.26373,653
2025-05-15 16:55:00,2.26377,2.26406,2.26306,2.26321,624
2025-05-15 17:00:00,2.26319,2.26396,2.26286,2.2629799999999998,731
2025-05-15 17:05:00,2.26304,2.26341,2.2625,2.26265,613
2025-05-15 17:10:00,2.26265,2.26287,2.2615600000000002,2.2618,701
2025-05-15 17:15:00,2.26182,2.262,2.261,2.2611499999999998,575
2025-05-15 17:20:00,2.26116,2.26135,2.26065,2.26076,620
2025-05-15 17:25:00,2.26087,2.26111,2.2604,2.26087,622
2025-05-15 17:30:00,2.26085,2.2610799999999998,2.26053,2.26107,616
2025-05-15 17:35:00,2.26109,2.26157,2.26092,2.26123,619
2025-05-15 17:40:00,2.26123,2.26253,2.26097,2.26246,533
2025-05-15 17:45:00,2.26244,2.26272,2.26163,2.26272,596
2025-05-15 17:50:00,2.26272,2.26282,2.26161,2.26232,609
2025-05-15 17:55:00,2.26228,2.26314,2.26136,2.26289,816
2025-05-15 18:00:00,2.26288,2.26403,2.26267,2.26379,737
2025-05-15 18:05:00,2.26376,2.26435,2.26324,2.26431,498
2025-05-15 18:10:00,2.26431,2.26536,2.26415,2.26505,568
2025-05-15 18:15:00,2.26507,2.2652900000000002,2.26447,2.26483,578
2025-05-15 18:20:00,2.26487,2.26553,2.26459,2.26473,597
2025-05-15 18:25:00,2.26475,2.2652,2.26419,2.26431,550
2025-05-15 18:30:00,2.26438,2.26531,2.26418,2.26516,481
2025-05-15 18:35:00,2.26507,2.26537,2.2641999999999998,2.2648,459
2025-05-15 18:40:00,2.26476,2.26483,2.26404,2.26409,454
2025-05-15 18:45:00,2.26409,2.26422,2.26335,2.2635,455
2025-05-15 18:50:00,2.2635,2.26371,2.26311,2.26317,447
2025-05-15 18:55:00,2.26321,2.26335,2.26245,2.26252,414
2025-05-15 19:00:00,2.2626,2.2632,2.26247,2.26295,413
2025-05-15 19:05:00,2.26295,2.26342,2.26267,2.26335,362
2025-05-15 19:10:00,2.26335,2.26397,2.26295,2.26397,349
2025-05-15 19:15:00,2.26397,2.2641299999999998,2.2634,2.26411,391
2025-05-15 19:20:00,2.26412,2.26441,2.26386,2.2640700000000002,367
2025-05-15 19:25:00,2.26409,2.26459,2.2636,2.26368,377
2025-05-15 19:30:00,2.26367,2.26393,2.26332,2.26377,382
2025-05-15 19:35:00,2.26377,2.26411,2.26348,2.26375,358
2025-05-15 19:40:00,2.26371,2.26386,2.26327,2.26348,325
2025-05-15 19:45:00,2.26348,2.26392,2.26315,2.26335,284
2025-05-15 19:50:00,2.26331,2.2634600000000002,2.26244,2.26262,407
2025-05-15 19:55:00,2.26266,2.26288,2.26225,2.26262,545
2025-05-15 20:00:00,2.26255,2.26317,2.26229,2.26293,439
2025-05-15 20:05:00,2.26295,2.26328,2.26234,2.26293,418
2025-05-15 20:10:00,2.26293,2.26317,2.26216,2.26258,397
2025-05-15 20:15:00,2.26258,2.26277,2.26212,2.2627,291
2025-05-15 20:20:00,2.26265,2.2628,2.26236,2.26261,303
2025-05-15 20:25:00,2.26262,2.26387,2.26244,2.26373,378
2025-05-15 20:30:00,2.26381,2.2640700000000002,2.2636,2.26391,378
2025-05-15 20:35:00,2.26387,2.26402,2.2634600000000002,2.26389,301
2025-05-15 20:40:00,2.26389,2.26417,2.26366,2.2641,322
2025-05-15 20:45:00,2.26408,2.26417,2.26332,2.26364,292
2025-05-15 20:50:00,2.26365,2.26379,2.26324,2.26362,370
2025-05-15 20:55:00,2.26364,2.26383,2.26341,2.26354,313
2025-05-15 21:00:00,2.26354,2.26414,2.26343,2.26393,357
2025-05-15 21:05:00,2.26397,2.26412,2.26358,2.26405,305
2025-05-15 21:10:00,2.26403,2.26426,2.26388,2.26418,247
2025-05-15 21:15:00,2.26418,2.26454,2.26385,2.26449,226
2025-05-15 21:20:00,2.26443,2.2648,2.2643,2.26463,270
2025-05-15 21:25:00,2.26463,2.26489,2.26415,2.26434,277
2025-05-15 21:30:00,2.26434,2.26482,2.26422,2.2644,287
2025-05-15 21:35:00,2.2644,2.26466,2.26422,2.26446,305
2025-05-15 21:40:00,2.26446,2.2647,2.26389,2.26421,291
2025-05-15 21:45:00,2.26419,2.2647,2.26389,2.26443,264
2025-05-15 21:50:00,2.26442,2.26453,2.26365,2.26387,243
2025-05-15 21:55:00,2.26388,2.26417,2.26329,2.26377,373
2025-05-15 22:00:00,2.26366,2.2640700000000002,2.26354,2.26391,308
2025-05-15 22:05:00,2.26391,2.2640000000000002,2.26338,2.26375,199
2025-05-15 22:10:00,2.26375,2.26408,2.26363,2.26372,254
2025-05-15 22:15:00,2.26378,2.26385,2.26349,2.26377,212
2025-05-15 22:20:00,2.26376,2.26402,2.26358,2.26399,222
2025-05-15 22:25:00,2.26401,2.26478,2.26379,2.2646100000000002,282
2025-05-15 22:30:00,2.2646100000000002,2.26469,2.26412,2.26451,259
2025-05-15 22:35:00,2.26447,2.2647,2.26428,2.26464,228
2025-05-15 22:40:00,2.26466,2.26466,2.26404,2.26421,296
2025-05-15 22:45:00,2.26424,2.26462,2.26405,2.26449,239
2025-05-15 22:50:00,2.26447,2.26466,2.26404,2.26443,184
2025-05-15 22:55:00,2.26443,2.26472,2.26397,2.26397,284
2025-05-15 23:00:00,2.2639,2.26404,2.26321,2.26332,265
2025-05-15 23:05:00,2.26336,2.26366,2.26325,2.26357,219
2025-05-15 23:10:00,2.26357,2.26384,2.26321,2.26372,186
2025-05-15 23:15:00,2.2637,2.26385,2.26341,2.26365,192
2025-05-15 23:20:00,2.26367,2.26367,2.26331,2.26343,150
2025-05-15 23:25:00,2.26343,2.2635899999999998,2.26321,2.26356,119
2025-05-15 23:30:00,2.2635199999999998,2.26439,2.26334,2.26426,196
2025-05-15 23:35:00,2.26422,2.26462,2.2641,2.26462,185
2025-05-15 23:40:00,2.26462,2.26462,2.2617599999999998,2.2619,132
2025-05-15 23:45:00,2.26188,2.2619,2.26143,2.26147,96
2025-05-15 23:50:00,2.26147,2.2616,2.26089,2.2609,161
2025-05-15 23:55:00,2.26092,2.26317,2.26036,2.263,262
2025-05-16 00:00:00,2.26196,2.2625,2.26121,2.26184,12
2025-05-16 00:05:00,2.2622,2.2622,2.25954,2.26074,53
2025-05-16 00:10:00,2.26086,2.2613,2.2607,2.26092,114
2025-05-16 00:15:00,2.26092,2.26123,2.26076,2.26122,33
2025-05-16 00:20:00,2.26122,2.26178,2.26122,2.26148,56
2025-05-16 00:25:00,2.2615,2.26163,2.26107,2.26114,77
2025-05-16 00:30:00,2.2612,2.26252,2.26077,2.2623699999999998,195
2025-05-16 00:35:00,2.26235,2.26236,2.26152,2.26182,197
2025-05-16 00:40:00,2.26184,2.26238,2.26148,2.26233,150
2025-05-16 00:45:00,2.26233,2.26281,2.2622999999999998,2.2627800000000002,141
2025-05-16 00:50:00,2.26283,2.2629799999999998,2.26205,2.26215,56
2025-05-16 00:55:00,2.26213,2.26215,2.26171,2.26171,158
2025-05-16 01:00:00,2.262,2.26478,2.262,2.26368,232
2025-05-16 01:05:00,2.26368,2.26395,2.26355,2.26383,111
2025-05-16 01:10:00,2.26379,2.26445,2.26378,2.26415,92
2025-05-16 01:15:00,2.26414,2.26423,2.2638,2.26414,282
2025-05-16 01:20:00,2.26416,2.26444,2.26377,2.26412,214
2025-05-16 01:25:00,2.26412,2.26433,2.2639,2.26418,156
2025-05-16 01:30:00,2.26414,2.26491,2.26409,2.26489,188
2025-05-16 01:35:00,2.26488,2.26527,2.26476,2.26506,164
2025-05-16 01:40:00,2.26507,2.26509,2.2645,2.26457,119
2025-05-16 01:45:00,2.26457,2.26511,2.26432,2.26509,113
2025-05-16 01:50:00,2.26511,2.26511,2.26438,2.26445,121
2025-05-16 01:55:00,2.26442,2.2646,2.26428,2.26444,140
2025-05-16 02:00:00,2.26446,2.265,2.26377,2.26472,200
2025-05-16 02:05:00,2.2647399999999998,2.26483,2.26429,2.2645,150
2025-05-16 02:10:00,2.26451,2.26455,2.26392,2.26411,124
2025-05-16 02:15:00,2.2640700000000002,2.26454,2.26396,2.26423,137
2025-05-16 02:20:00,2.26423,2.2649,2.26412,2.26485,104
2025-05-16 02:25:00,2.2648099999999998,2.26484,2.26392,2.26412,87
2025-05-16 02:30:00,2.2641299999999998,2.26443,2.26395,2.26442,116
2025-05-16 02:35:00,2.26442,2.26491,2.26419,2.26479,147
2025-05-16 02:40:00,2.26479,2.26528,2.2647399999999998,2.26517,173
2025-05-16 02:45:00,2.26517,2.26581,2.26503,2.26534,170
2025-05-16 02:50:00,2.2654199999999998,2.26572,2.26487,2.2652,163
2025-05-16 02:55:00,2.26513,2.26521,2.26473,2.2649,177
2025-05-16 03:00:00,2.2648,2.26515,2.26434,2.26446,500
2025-05-16 03:05:00,2.26446,2.2652200000000002,2.26408,2.26506,476
2025-05-16 03:10:00,2.26504,2.26565,2.26476,2.2655,404
2025-05-16 03:15:00,2.2655,2.26586,2.26502,2.26559,392
2025-05-16 03:20:00,2.26559,2.26561,2.2651,2.26541,357
2025-05-16 03:25:00,2.26541,2.26619,2.26525,2.26599,279
2025-05-16 03:30:00,2.2659599999999998,2.26609,2.26541,2.26593,452
2025-05-16 03:35:00,2.26594,2.26619,2.26521,2.26619,426
2025-05-16 03:40:00,2.26618,2.26724,2.26571,2.26722,422
2025-05-16 03:45:00,2.26722,2.269,2.2671799999999998,2.269,468
2025-05-16 03:50:00,2.269,2.26906,2.26791,2.26791,398
2025-05-16 03:55:00,2.26782,2.26898,2.26772,2.26865,447
2025-05-16 04:00:00,2.26867,2.26884,2.268,2.26835,401
2025-05-16 04:05:00,2.2682700000000002,2.26868,2.26819,2.2685,285
2025-05-16 04:10:00,2.26848,2.26906,2.26837,2.26892,270
2025-05-16 04:15:00,2.26891,2.26913,2.26787,2.26845,397
2025-05-16 04:20:00,2.26846,2.26852,2.2671799999999998,2.26743,348
2025-05-16 04:25:00,2.26743,2.26777,2.2671,2.26746,414
2025-05-16 04:30:00,2.26742,2.26758,2.26645,2.26659,429
2025-05-16 04:35:00,2.26655,2.26759,2.26623,2.26746,390
2025-05-16 04:40:00,2.26746,2.2675,2.26646,2.26713,331
2025-05-16 04:45:00,2.2671200000000002,2.26723,2.2664400000000002,2.26675,386
2025-05-16 04:50:00,2.26676,2.26695,2.26638,2.26646,340
2025-05-16 04:55:00,2.26645,2.2672499999999998,2.26645,2.26694,415
2025-05-16 05:00:00,2.26694,2.26753,2.26687,2.26689,379
2025-05-16 05:05:00,2.26687,2.26761,2.2665,2.26755,257
2025-05-16 05:10:00,2.26755,2.2678,2.26648,2.26648,324
2025-05-16 05:15:00,2.26666,2.26685,2.26503,2.26555,392
2025-05-16 05:20:00,2.26556,2.26561,2.26402,2.26418,383
2025-05-16 05:25:00,2.26418,2.26548,2.2641299999999998,2.26544,297
2025-05-16 05:30:00,2.26544,2.26555,2.26361,2.26371,337
2025-05-16 05:35:00,2.26374,2.2638,2.26168,2.26173,447
2025-05-16 05:40:00,2.26177,2.2618,2.26022,2.26053,464
2025-05-16 05:45:00,2.26078,2.26127,2.26038,2.26042,297
2025-05-16 05:50:00,2.26038,2.26063,2.25984,2.26011,348
2025-05-16 05:55:00,2.26009,2.26011,2.25915,2.25943,378
2025-05-16 06:00:00,2.25945,2.26042,2.2584400000000002,2.25918,541
2025-05-16 06:05:00,2.25918,2.25921,2.2579000000000002,2.25798,273
2025-05-16 06:10:00,2.25802,2.2599299999999998,2.25751,2.25941,391
2025-05-16 06:15:00,2.25937,2.25948,2.25811,2.25823,251
2025-05-16 06:20:00,2.25823,2.25863,2.25706,2.25716,307
2025-05-16 06:25:00,2.25716,2.25777,2.25542,2.25577,307
2025-05-16 06:30:00,2.25581,2.25639,2.2547,2.25524,354
2025-05-16 06:35:00,2.25524,2.25606,2.2550499999999998,2.2556599999999998,256
2025-05-16 06:40:00,2.25574,2.25585,2.25516,2.25552,223
2025-05-16 06:45:00,2.25552,2.25576,2.25507,2.2553900000000002,174
2025-05-16 06:50:00,2.2553900000000002,2.25572,2.2551,2.25537,167
2025-05-16 06:55:00,2.25533,2.25588,2.2543699999999998,2.25568,347
2025-05-16 07:00:00,2.25565,2.25623,2.25564,2.25609,414
2025-05-16 07:05:00,2.25612,2.25671,2.25581,2.25608,294
2025-05-16 07:10:00,2.25608,2.25611,2.25535,2.2555899999999998,212
2025-05-16 07:15:00,2.2555899999999998,2.25575,2.25483,2.25494,204
2025-05-16 07:20:00,2.25494,2.25506,2.25404,2.2543699999999998,263
2025-05-16 07:25:00,2.2544,2.25467,2.25392,2.25454,278
2025-05-16 07:30:00,2.25454,2.2548500000000002,2.254,2.25441,282
2025-05-16 07:35:00,2.25441,2.25489,2.2543699999999998,2.25486,185
2025-05-16 07:40:00,2.25487,2.25509,2.25442,2.2549,212
2025-05-16 07:45:00,2.2549,2.25496,2.2537,2.25398,279
2025-05-16 07:50:00,2.25398,2.2543699999999998,2.25348,2.25435,272
2025-05-16 07:55:00,2.25432,2.25534,2.25432,2.25523,259
2025-05-16 08:00:00,2.25523,2.2554600000000002,2.25447,2.25488,270
2025-05-16 08:05:00,2.25488,2.25538,2.25459,2.255,344
2025-05-16 08:10:00,2.25506,2.25534,2.25379,2.25401,320
2025-05-16 08:15:00,2.25397,2.25443,2.25346,2.25362,348
2025-05-16 08:20:00,2.2536300000000002,2.2545,2.25355,2.25393,227
2025-05-16 08:25:00,2.25393,2.25431,2.25369,2.25404,309
2025-05-16 08:30:00,2.25405,2.25415,2.25309,2.25312,272
2025-05-16 08:35:00,2.25321,2.25351,2.25258,2.25344,210
2025-05-16 08:40:00,2.25343,2.25377,2.25293,2.25362,312
2025-05-16 08:45:00,2.25362,2.25387,2.25297,2.25307,337
2025-05-16 08:50:00,2.2530200000000002,2.25346,2.2524,2.25331,239
2025-05-16 08:55:00,2.25331,2.25342,2.25282,2.25339,388
2025-05-16 09:00:00,2.25334,2.25393,2.25306,2.25316,476
2025-05-16 09:05:00,2.25318,2.25351,2.25275,2.25314,535
2025-05-16 09:10:00,2.2531499999999998,2.2548500000000002,2.25307,2.25439,495
2025-05-16 09:15:00,2.25439,2.25447,2.25393,2.25426,351
2025-05-16 09:20:00,2.25423,2.25486,2.25416,2.2547,409
2025-05-16 09:25:00,2.2547800000000002,2.25592,2.2547800000000002,2.25579,428
2025-05-16 09:30:00,2.25579,2.25638,2.25459,2.25465,338
2025-05-16 09:35:00,2.25465,2.25551,2.25465,2.25544,360
2025-05-16 09:40:00,2.25544,2.25578,2.25502,2.25571,281
2025-05-16 09:45:00,2.25571,2.25611,2.25523,2.25594,272
2025-05-16 09:50:00,2.25594,2.25612,2.25521,2.25529,281
2025-05-16 09:55:00,2.25515,2.25519,2.25427,2.25465,401
2025-05-16 10:00:00,2.25467,2.25519,2.25436,2.25458,463
2025-05-16 10:05:00,2.25459,2.25495,2.25434,2.25451,400
2025-05-16 10:10:00,2.25451,2.25487,2.25397,2.25408,523
2025-05-16 10:15:00,2.25408,2.25461,2.25349,2.2535600000000002,407
2025-05-16 10:20:00,2.2535600000000002,2.2536,2.25279,2.25328,360
2025-05-16 10:25:00,2.25329,2.2534,2.25275,2.25277,372
2025-05-16 10:30:00,2.25277,2.25355,2.25242,2.25322,441
2025-05-16 10:35:00,2.25326,2.25326,2.25244,2.25252,362
2025-05-16 10:40:00,2.25252,2.25291,2.2519299999999998,2.25214,407
2025-05-16 10:45:00,2.25216,2.25247,2.25133,2.25138,384
2025-05-16 10:50:00,2.25144,2.25157,2.25056,2.2509,390
2025-05-16 10:55:00,2.25094,2.25106,2.25026,2.25085,569
2025-05-16 11:00:00,2.2509,2.25096,2.24977,2.25005,583
2025-05-16 11:05:00,2.25005,2.2519,2.25005,2.25165,432
2025-05-16 11:10:00,2.25169,2.25215,2.25111,2.25134,442
2025-05-16 11:15:00,2.25134,2.2519299999999998,2.25101,2.25113,447
2025-05-16 11:20:00,2.25115,2.25171,2.2508,2.25141,379
2025-05-16 11:25:00,2.25134,2.25179,2.25123,2.25138,459
2025-05-16 11:30:00,2.25138,2.25147,2.25095,2.25147,360
2025-05-16 11:35:00,2.25147,2.25171,2.25106,2.25147,285
2025-05-16 11:40:00,2.25147,2.25197,2.25098,2.2517,464
2025-05-16 11:45:00,2.25172,2.25217,2.25145,2.25195,388
2025-05-16 11:50:00,2.25192,2.2521,2.25162,2.25178,406
2025-05-16 11:55:00,2.25179,2.25191,2.25137,2.25145,389
2025-05-16 12:00:00,2.25147,2.25168,2.251,2.2513,399
2025-05-16 12:05:00,2.25128,2.25151,2.25077,2.25136,300
2025-05-16 12:10:00,2.25137,2.25229,2.25134,2.25142,343
2025-05-16 12:15:00,2.25135,2.25182,2.2511,2.25182,275
2025-05-16 12:20:00,2.25182,2.25201,2.2509,2.2511,368
2025-05-16 12:25:00,2.25111,2.25182,2.25108,2.25163,375
2025-05-16 12:30:00,2.25163,2.25264,2.25163,2.25239,401
2025-05-16 12:35:00,2.25239,2.25267,2.25224,2.2525399999999998,378
2025-05-16 12:40:00,2.25251,2.25268,2.252,2.25263,289
2025-05-16 12:45:00,2.25263,2.2527,2.25161,2.25201,389
2025-05-16 12:50:00,2.25201,2.25248,2.25162,2.25174,420
2025-05-16 12:55:00,2.25174,2.25189,2.25052,2.2509,405
2025-05-16 13:00:00,2.25088,2.25101,2.25052,2.25088,398
2025-05-16 13:05:00,2.25084,2.25084,2.25013,2.25044,419
2025-05-16 13:10:00,2.25044,2.25102,2.25032,2.25065,375
2025-05-16 13:15:00,2.25065,2.25073,2.24999,2.25012,347
2025-05-16 13:20:00,2.25008,2.25045,2.24978,2.24978,276
2025-05-16 13:25:00,2.24979,2.25009,2.24968,2.25005,349
2025-05-16 13:30:00,2.2500299999999998,2.251,2.24977,2.25092,365
2025-05-16 13:35:00,2.25092,2.25129,2.25078,2.25127,426
2025-05-16 13:40:00,2.25133,2.25154,2.25114,2.25129,386
2025-05-16 13:45:00,2.25129,2.25158,2.25097,2.25098,313
2025-05-16 13:50:00,2.25101,2.25117,2.25054,2.2507099999999998,301
2025-05-16 13:55:00,2.2507,2.25117,2.25042,2.2506399999999998,447
2025-05-16 14:00:00,2.2506399999999998,2.25149,2.25018,2.25131,420
2025-05-16 14:05:00,2.25133,2.25211,2.25105,2.25197,391
2025-05-16 14:10:00,2.25199,2.25225,2.25144,2.25219,322
2025-05-16 14:15:00,2.25219,2.25274,2.25209,2.25247,330
2025-05-16 14:20:00,2.25251,2.2528,2.25223,2.2523400000000002,338
2025-05-16 14:25:00,2.25247,2.25284,2.25226,2.25278,307
2025-05-16 14:30:00,2.25278,2.25292,2.25156,2.2518599999999998,295
2025-05-16 14:35:00,2.2518599999999998,2.25227,2.25157,2.25164,256
2025-05-16 14:40:00,2.25157,2.25198,2.25151,2.25198,274
2025-05-16 14:45:00,2.25198,2.2522,2.2516,2.25167,328
2025-05-16 14:50:00,2.25167,2.25199,2.25122,2.25178,395
2025-05-16 14:55:00,2.25178,2.2518000000000002,2.25088,2.25088,466
2025-05-16 15:00:00,2.25092,2.25203,2.25084,2.25177,457
2025-05-16 15:05:00,2.25177,2.25304,2.25144,2.25273,359
2025-05-16 15:10:00,2.25273,2.2535600000000002,2.2526,2.25335,443
2025-05-16 15:15:00,2.25338,2.25358,2.25276,2.2530200000000002,432
2025-05-16 15:20:00,2.2529,2.25346,2.25273,2.25316,371
2025-05-16 15:25:00,2.25316,2.254,2.25312,2.25392,391
2025-05-16 15:30:00,2.25394,2.25421,2.2532,2.2539,454
2025-05-16 15:35:00,2.2539,2.25409,2.25278,2.25285,394
2025-05-16 15:40:00,2.25285,2.2531,2.25227,2.25247,410
2025-05-16 15:45:00,2.25247,2.25263,2.25188,2.25218,368
2025-05-16 15:50:00,2.25218,2.2525,2.25177,2.2519299999999998,419
2025-05-16 15:55:00,2.2519299999999998,2.25246,2.25157,2.25232,342
2025-05-16 16:00:00,2.25232,2.25306,2.25218,2.25281,425
2025-05-16 16:05:00,2.25281,2.25338,2.2526,2.25272,348
2025-05-16 16:10:00,2.25272,2.25398,2.25244,2.25366,369
2025-05-16 16:15:00,2.25367,2.25403,2.25326,2.25336,368
2025-05-16 16:20:00,2.25336,2.254,2.25336,2.25383,392
2025-05-16 16:25:00,2.25385,2.25448,2.25361,2.25416,387
2025-05-16 16:30:00,2.25412,2.25422,2.25348,2.25407,431
2025-05-16 16:35:00,2.25419,2.25419,2.25331,2.25338,428
2025-05-16 16:40:00,2.25339,2.25475,2.25333,2.25403,494
2025-05-16 16:45:00,2.25407,2.25422,2.25336,2.25382,382
2025-05-16 16:50:00,2.25368,2.25427,2.25348,2.25404,518
2025-05-16 16:55:00,2.25406,2.25433,2.2531,2.25348,507
2025-05-16 17:00:00,2.25348,2.25486,2.25339,2.25451,729
2025-05-16 17:05:00,2.25448,2.25469,2.25333,2.25342,599
2025-05-16 17:10:00,2.25341,2.25479,2.25322,2.25458,570
2025-05-16 17:15:00,2.25459,2.25513,2.2544,2.25506,468
2025-05-16 17:20:00,2.25502,2.25502,2.25423,2.25451,417
2025-05-16 17:25:00,2.25451,2.25462,2.2535600000000002,2.2539,514
2025-05-16 17:30:00,2.25388,2.2547800000000002,2.25358,2.2545,586
2025-05-16 17:35:00,2.25448,2.25574,2.25441,2.25524,717
2025-05-16 17:40:00,2.25526,2.25612,2.25518,2.25532,726
2025-05-16 17:45:00,2.25528,2.2555899999999998,2.25458,2.25488,665
2025-05-16 17:50:00,2.25486,2.25574,2.2547,2.25558,654
2025-05-16 17:55:00,2.25558,2.25679,2.25531,2.25679,800
2025-05-16 18:00:00,2.25683,2.25745,2.25666,2.25695,642
2025-05-16 18:05:00,2.25693,2.25771,2.25679,2.25753,480
2025-05-16 18:10:00,2.25753,2.25763,2.25695,2.2574,470
2025-05-16 18:15:00,2.25738,2.25841,2.25714,2.25806,527
2025-05-16 18:20:00,2.25808,2.2587099999999998,2.258,2.2584,545
2025-05-16 18:25:00,2.2584400000000002,2.25866,2.25805,2.25831,462
2025-05-16 18:30:00,2.25817,2.25823,2.25755,2.25806,437
2025-05-16 18:35:00,2.25804,2.25894,2.25791,2.25863,372
2025-05-16 18:40:00,2.25867,2.2594,2.2586399999999998,2.25914,351
2025-05-16 18:45:00,2.25918,2.25926,2.25855,2.25855,342
2025-05-16 18:50:00,2.25855,2.25879,2.2580999999999998,2.2582,427
2025-05-16 18:55:00,2.25821,2.2584,2.25756,2.25757,435
2025-05-16 19:00:00,2.25747,2.25807,2.25718,2.25807,636
2025-05-16 19:05:00,2.25816,2.25852,2.25774,2.25808,511
2025-05-16 19:10:00,2.25804,2.2580999999999998,2.25733,2.25773,429
2025-05-16 19:15:00,2.25773,2.25814,2.25759,2.25814,369
2025-05-16 19:20:00,2.25814,2.25827,2.25769,2.25789,352
2025-05-16 19:25:00,2.25787,2.25813,2.25724,2.25805,334
2025-05-16 19:30:00,2.25804,2.25825,2.25763,2.25821,390
2025-05-16 19:35:00,2.25821,2.25848,2.25796,2.25817,281
2025-05-16 19:40:00,2.25819,2.25841,2.25772,2.25801,342
2025-05-16 19:45:00,2.25801,2.25827,2.25769,2.25799,386
2025-05-16 19:50:00,2.2580299999999998,2.25836,2.25756,2.25784,287
2025-05-16 19:55:00,2.25784,2.25824,2.25771,2.25813,351
2025-05-16 20:00:00,2.25816,2.2583,2.25769,2.25787,322
2025-05-16 20:05:00,2.25772,2.25817,2.2574899999999998,2.25792,334
2025-05-16 20:10:00,2.25792,2.2586399999999998,2.25779,2.25854,266
2025-05-16 20:15:00,2.25852,2.25858,2.25799,2.25811,243
2025-05-16 20:20:00,2.25807,2.25848,2.25798,2.25822,361
2025-05-16 20:25:00,2.25807,2.2585,2.25802,2.2584,230
2025-05-16 20:30:00,2.25822,2.25838,2.25771,2.258,382
2025-05-16 20:35:00,2.25795,2.25831,2.2578,2.25809,307
2025-05-16 20:40:00,2.25813,2.25837,2.25788,2.25831,228
2025-05-16 20:45:00,2.25831,2.25834,2.25751,2.25787,349
2025-05-16 20:50:00,2.25787,2.25812,2.25771,2.25805,282
2025-05-16 20:55:00,2.25807,2.25874,2.25795,2.25853,296
2025-05-16 21:00:00,2.25852,2.25862,2.25799,2.25808,337
2025-05-16 21:05:00,2.25812,2.25841,2.25799,2.25822,228
2025-05-16 21:10:00,2.25822,2.25838,2.25799,2.25833,291
2025-05-16 21:15:00,2.2583,2.25882,2.25818,2.25848,326
2025-05-16 21:20:00,2.25852,2.25866,2.25809,2.25822,230
2025-05-16 21:25:00,2.25825,2.25829,2.25785,2.25807,278
2025-05-16 21:30:00,2.25805,2.25853,2.25779,2.25839,245
2025-05-16 21:35:00,2.25841,2.25841,2.25791,2.2582,301
2025-05-16 21:40:00,2.25818,2.25824,2.25762,2.25792,419
2025-05-16 21:45:00,2.25792,2.25836,2.2578300000000002,2.25814,343
2025-05-16 21:50:00,2.25818,2.25832,2.25776,2.25814,355
2025-05-16 21:55:00,2.25814,2.25829,2.25782,2.258,314
2025-05-16 22:00:00,2.25796,2.25821,2.25767,2.25788,270
2025-05-16 22:05:00,2.25788,2.25807,2.25759,2.25806,258
2025-05-16 22:10:00,2.25804,2.25848,2.25784,2.25845,212
2025-05-16 22:15:00,2.25843,2.25863,2.25817,2.25846,231
2025-05-16 22:20:00,2.2584400000000002,2.25868,2.25817,2.25839,204
2025-05-16 22:25:00,2.25831,2.25867,2.25807,2.25862,245
2025-05-16 22:30:00,2.2586399999999998,2.25873,2.25807,2.25814,202
2025-05-16 22:35:00,2.25814,2.25849,2.25812,2.2584400000000002,141
2025-05-16 22:40:00,2.2584400000000002,2.25865,2.25824,2.2585,185
2025-05-16 22:45:00,2.25848,2.2587,2.25809,2.25821,205
2025-05-16 22:50:00,2.25813,2.25879,2.25809,2.2587,239
2025-05-16 22:55:00,2.25872,2.25891,2.25822,2.2583,364
2025-05-16 23:00:00,2.25828,2.2586399999999998,2.25806,2.25826,256
2025-05-16 23:05:00,2.25826,2.2585,2.25781,2.25814,179
2025-05-16 23:10:00,2.25814,2.25815,2.2578,2.25797,174
2025-05-16 23:15:00,2.25801,2.25817,2.25764,2.25781,157
2025-05-16 23:20:00,2.2578300000000002,2.25795,2.25752,2.25755,207
2025-05-16 23:25:00,2.25759,2.25788,2.2575,2.25771,247
2025-05-16 23:30:00,2.25769,2.25832,2.25762,2.2580299999999998,261
2025-05-16 23:35:00,2.25805,2.25843,2.25794,2.25834,161
2025-05-16 23:40:00,2.25834,2.25834,2.25548,2.25594,339
2025-05-16 23:45:00,2.25592,2.25645,2.25572,2.25618,268
2025-05-16 23:50:00,2.25618,2.25653,2.2553900000000002,2.25587,282
2025-05-16 23:55:00,2.25587,2.25633,2.25433,2.25464,237
2025-05-19 00:00:00,2.2547,2.2548,2.25231,2.25244,19
2025-05-19 00:05:00,2.2524100000000002,2.253,2.25146,2.2526,51
2025-05-19 00:10:00,2.2526,2.25306,2.25232,2.2526,43
2025-05-19 00:15:00,2.2526,2.25334,2.2526,2.25316,18
2025-05-19 00:20:00,2.25306,2.2538,2.25268,2.2538,9
2025-05-19 00:25:00,2.2538,2.2547,2.2538,2.25442,31
2025-05-19 00:30:00,2.25442,2.25501,2.25358,2.255,14
2025-05-19 00:35:00,2.255,2.255,2.255,2.255,5
2025-05-19 00:40:00,2.255,2.2554600000000002,2.25448,2.25482,73
2025-05-19 00:45:00,2.25482,2.2554,2.25482,2.2554,24
2025-05-19 00:50:00,2.2554,2.25542,2.2551,2.25514,19
2025-05-19 00:55:00,2.25514,2.25518,2.25492,2.25492,117
2025-05-19 01:00:00,2.25654,2.25951,2.25574,2.2593199999999998,283
2025-05-19 01:05:00,2.25927,2.25935,2.25775,2.25807,132
2025-05-19 01:10:00,2.25807,2.25875,2.25806,2.25826,127
2025-05-19 01:15:00,2.25827,2.25836,2.25784,2.25784,156
2025-05-19 01:20:00,2.2578300000000002,2.25832,2.25753,2.25765,158
2025-05-19 01:25:00,2.25765,2.25765,2.2568099999999998,2.25716,240
2025-05-19 01:30:00,2.25716,2.25786,2.25697,2.25715,231
2025-05-19 01:35:00,2.25708,2.25737,2.25693,2.25703,176
2025-05-19 01:40:00,2.25703,2.25804,2.25703,2.25792,169
2025-05-19 01:45:00,2.2579000000000002,2.25819,2.25747,2.25781,132
2025-05-19 01:50:00,2.25781,2.25819,2.25776,2.25809,109
2025-05-19 01:55:00,2.25809,2.25821,2.25758,2.25809,197
2025-05-19 02:00:00,2.25806,2.25826,2.25757,2.25799,211
2025-05-19 02:05:00,2.25802,2.25823,2.25759,2.25821,202
2025-05-19 02:10:00,2.25821,2.25823,2.25786,2.25801,121
2025-05-19 02:15:00,2.25801,2.2584400000000002,2.25801,2.25841,100
2025-05-19 02:20:00,2.25843,2.25861,2.25794,2.25835,164
2025-05-19 02:25:00,2.25835,2.25855,2.25809,2.25816,137
2025-05-19 02:30:00,2.2582,2.25865,2.2582,2.2586399999999998,106
2025-05-19 02:35:00,2.2586399999999998,2.2586399999999998,2.25814,2.25826,130
2025-05-19 02:40:00,2.25826,2.25875,2.2580299999999998,2.25818,256
2025-05-19 02:45:00,2.25818,2.25859,2.2580999999999998,2.2584,236
2025-05-19 02:50:00,2.2584,2.25937,2.2584,2.2591,254
2025-05-19 02:55:00,2.2591,2.25997,2.25877,2.2599,228
2025-05-19 03:00:00,2.2598599999999998,2.261,2.2596600000000002,2.26067,493
2025-05-19 03:05:00,2.2606,2.26064,2.25943,2.25958,513
2025-05-19 03:10:00,2.25962,2.25994,2.25938,2.25952,402
2025-05-19 03:15:00,2.25952,2.2599299999999998,2.2594,2.25969,453
2025-05-19 03:20:00,2.25969,2.26009,2.25891,2.25917,415
2025-05-19 03:25:00,2.25916,2.25984,2.25907,2.25951,442
2025-05-19 03:30:00,2.25949,2.26009,2.25934,2.25985,465
2025-05-19 03:35:00,2.25984,2.26033,2.25937,2.25952,478
2025-05-19 03:40:00,2.25952,2.25974,2.25913,2.2592499999999998,351
2025-05-19 03:45:00,2.2592499999999998,2.2594,2.25769,2.25794,467
2025-05-19 03:50:00,2.25794,2.25907,2.2572,2.2589,718
2025-05-19 03:55:00,2.25888,2.25977,2.25817,2.25887,664
2025-05-19 04:00:00,2.25889,2.25892,2.25689,2.2571,619
2025-05-19 04:05:00,2.2571,2.25724,2.25649,2.25716,493
2025-05-19 04:10:00,2.25716,2.25741,2.25645,2.25664,385
2025-05-19 04:15:00,2.25664,2.25761,2.25645,2.2575,397
2025-05-19 04:20:00,2.25754,2.25801,2.25728,2.25759,378
2025-05-19 04:25:00,2.25759,2.25808,2.2575,2.25772,367
2025-05-19 04:30:00,2.25773,2.25811,2.25744,2.25808,357
2025-05-19 04:35:00,2.25807,2.25849,2.25765,2.2578,412
2025-05-19 04:40:00,2.25788,2.25828,2.25679,2.25704,517
2025-05-19 04:45:00,2.25704,2.25757,2.25666,2.25671,450
2025-05-19 04:50:00,2.25673,2.25702,2.2563,2.25673,581
2025-05-19 04:55:00,2.25675,2.25697,2.2563,2.25686,428
2025-05-19 05:00:00,2.25686,2.25721,2.25522,2.25608,501
2025-05-19 05:05:00,2.2561,2.2563,2.25537,2.25603,403
2025-05-19 05:10:00,2.25603,2.25657,2.25598,2.25624,353
2025-05-19 05:15:00,2.25623,2.25623,2.25519,2.25554,280
2025-05-19 05:20:00,2.25554,2.25595,2.25527,2.2554,353
2025-05-19 05:25:00,2.25541,2.25578,2.255,2.255,304
2025-05-19 05:30:00,2.255,2.25556,2.25471,2.25548,572
2025-05-19 05:35:00,2.25547,2.25599,2.25522,2.25594,407
2025-05-19 05:40:00,2.25594,2.25638,2.25578,2.25595,376
2025-05-19 05:45:00,2.25597,2.25667,2.25596,2.2562699999999998,294
2025-05-19 05:50:00,2.2562699999999998,2.25632,2.2553900000000002,2.25558,454
2025-05-19 05:55:00,2.25558,2.25603,2.25551,2.25564,397
2025-05-19 06:00:00,2.25562,2.25603,2.25524,2.25534,373
2025-05-19 06:05:00,2.2554,2.25606,2.25534,2.25541,369
2025-05-19 06:10:00,2.25541,2.25642,2.2554,2.2564,352
2025-05-19 06:15:00,2.25636,2.2565,2.25579,2.25636,299
2025-05-19 06:20:00,2.25636,2.25689,2.2563,2.25686,350
2025-05-19 06:25:00,2.25686,2.25701,2.25615,2.2566,357
2025-05-19 06:30:00,2.2566,2.25684,2.25621,2.25676,381
2025-05-19 06:35:00,2.25674,2.25683,2.25641,2.25665,325
2025-05-19 06:40:00,2.25665,2.25718,2.25657,2.25716,256
2025-05-19 06:45:00,2.25714,2.25733,2.25695,2.2572200000000002,232
2025-05-19 06:50:00,2.25721,2.25736,2.25686,2.25703,274
2025-05-19 06:55:00,2.25705,2.2575,2.25686,2.25727,310
2025-05-19 07:00:00,2.2572,2.2574,2.25696,2.25711,257
2025-05-19 07:05:00,2.25713,2.25778,2.25679,2.25753,240
2025-05-19 07:10:00,2.25757,2.25822,2.25757,2.25761,285
2025-05-19 07:15:00,2.25761,2.25806,2.25744,2.25801,225
2025-05-19 07:20:00,2.25798,2.2580299999999998,2.25715,2.25732,208
2025-05-19 07:25:00,2.25733,2.25785,2.25718,2.25744,265
2025-05-19 07:30:00,2.2574199999999998,2.25815,2.25715,2.25804,255
2025-05-19 07:35:00,2.258,2.25829,2.25759,2.25771,241
2025-05-19 07:40:00,2.25772,2.25825,2.2577,2.25784,238
2025-05-19 07:45:00,2.25782,2.25835,2.25765,2.25825,333
2025-05-19 07:50:00,2.25825,2.25891,2.25813,2.25891,305
2025-05-19 07:55:00,2.25891,2.25941,2.25886,2.2591200000000002,384
2025-05-19 08:00:00,2.2591200000000002,2.2593199999999998,2.25868,2.25915,354
2025-05-19 08:05:00,2.25915,2.25963,2.25915,2.25963,215
2025-05-19 08:10:00,2.25963,2.2597,2.25898,2.25968,270
2025-05-19 08:15:00,2.25968,2.26079,2.25967,2.26079,254
2025-05-19 08:20:00,2.26079,2.26126,2.26067,2.26075,344
2025-05-19 08:25:00,2.26073,2.26121,2.26071,2.26092,259
2025-05-19 08:30:00,2.26089,2.26114,2.26035,2.26058,366
2025-05-19 08:35:00,2.26058,2.26091,2.26038,2.26042,343
2025-05-19 08:40:00,2.26046,2.2607,2.26013,2.2607,319
2025-05-19 08:45:00,2.26071,2.26071,2.26011,2.2604,371
2025-05-19 08:50:00,2.2603400000000002,2.26049,2.25942,2.25971,429
2025-05-19 08:55:00,2.25975,2.26058,2.2593199999999998,2.2603400000000002,387
2025-05-19 09:00:00,2.26019,2.26043,2.25913,2.25937,481
2025-05-19 09:05:00,2.25938,2.25959,2.2587,2.25889,463
2025-05-19 09:10:00,2.25892,2.25969,2.25872,2.25969,427
2025-05-19 09:15:00,2.25969,2.25969,2.25782,2.25812,546
2025-05-19 09:20:00,2.25808,2.25825,2.25731,2.25756,505
2025-05-19 09:25:00,2.25754,2.25892,2.25746,2.25863,472
2025-05-19 09:30:00,2.25865,2.25934,2.2584400000000002,2.25886,522
2025-05-19 09:35:00,2.25886,2.25978,2.25886,2.25958,464
2025-05-19 09:40:00,2.25958,2.25996,2.25922,2.25969,463
2025-05-19 09:45:00,2.2596600000000002,2.2599,2.25855,2.25897,454
2025-05-19 09:50:00,2.2589,2.25904,2.25801,2.25897,412
2025-05-19 09:55:00,2.25892,2.25938,2.2587099999999998,2.2592,520
2025-05-19 10:00:00,2.25918,2.2608,2.25861,2.2605,749
2025-05-19 10:05:00,2.26049,2.26168,2.26049,2.2609,662
2025-05-19 10:10:00,2.2609,2.26238,2.26089,2.26238,620
2025-05-19 10:15:00,2.26231,2.26366,2.26223,2.26283,657
2025-05-19 10:20:00,2.2628,2.2629799999999998,2.26218,2.26257,541
2025-05-19 10:25:00,2.26261,2.26328,2.26236,2.26324,584
2025-05-19 10:30:00,2.26324,2.26377,2.26258,2.26351,612
2025-05-19 10:35:00,2.26351,2.2653,2.26334,2.265,620
2025-05-19 10:40:00,2.26504,2.26586,2.26489,2.26511,670
2025-05-19 10:45:00,2.26514,2.26593,2.2646800000000002,2.26591,548
2025-05-19 10:50:00,2.26595,2.26619,2.26519,2.26588,489
2025-05-19 10:55:00,2.26584,2.26692,2.2657,2.26641,608
2025-05-19 11:00:00,2.2664400000000002,2.26708,2.26615,2.26638,547
2025-05-19 11:05:00,2.2664,2.26722,2.26605,2.26682,427
2025-05-19 11:10:00,2.26685,2.26756,2.26665,2.26737,471
2025-05-19 11:15:00,2.26733,2.26748,2.26688,2.26743,468
2025-05-19 11:20:00,2.26749,2.26794,2.2671799999999998,2.26748,410
2025-05-19 11:25:00,2.26748,2.26792,2.2672499999999998,2.26754,467
2025-05-19 11:30:00,2.26758,2.26758,2.26573,2.26585,438
2025-05-19 11:35:00,2.26587,2.26646,2.26564,2.26617,438
2025-05-19 11:40:00,2.26617,2.26617,2.26543,2.26586,413
2025-05-19 11:45:00,2.26578,2.26653,2.26578,2.26649,318
2025-05-19 11:50:00,2.26649,2.26685,2.26613,2.26627,562
2025-05-19 11:55:00,2.26618,2.26659,2.26485,2.26544,567
2025-05-19 12:00:00,2.26539,2.26573,2.26469,2.26544,521
2025-05-19 12:05:00,2.26548,2.26627,2.26512,2.26532,584
2025-05-19 12:10:00,2.26536,2.26643,2.2647,2.26564,482
2025-05-19 12:15:00,2.26564,2.26618,2.26499,2.26604,452
2025-05-19 12:20:00,2.26604,2.26677,2.26597,2.2663,486
2025-05-19 12:25:00,2.2663,2.26654,2.2659000000000002,2.26611,456
2025-05-19 12:30:00,2.26607,2.26624,2.26543,2.26622,475
2025-05-19 12:35:00,2.26618,2.26625,2.26483,2.26505,506
2025-05-19 12:40:00,2.26504,2.26568,2.2647399999999998,2.26531,531
2025-05-19 12:45:00,2.26533,2.26573,2.26489,2.26527,438
2025-05-19 12:50:00,2.26527,2.26554,2.2648099999999998,2.26549,484
2025-05-19 12:55:00,2.26555,2.26578,2.26475,2.26504,532
2025-05-19 13:00:00,2.26495,2.26606,2.26455,2.26562,604
2025-05-19 13:05:00,2.26554,2.266,2.26546,2.26569,456
2025-05-19 13:10:00,2.26569,2.26605,2.26534,2.26538,474
2025-05-19 13:15:00,2.26536,2.26606,2.26536,2.26561,477
2025-05-19 13:20:00,2.2656,2.26632,2.26549,2.26599,469
2025-05-19 13:25:00,2.26601,2.26653,2.26562,2.26577,482
2025-05-19 13:30:00,2.2658,2.26592,2.26523,2.26589,443
2025-05-19 13:35:00,2.26585,2.2663,2.26517,2.26525,447
2025-05-19 13:40:00,2.26526,2.26545,2.26471,2.26497,397
2025-05-19 13:45:00,2.26494,2.26499,2.2643,2.26482,380
2025-05-19 13:50:00,2.26482,2.26489,2.26382,2.26478,565
2025-05-19 13:55:00,2.26478,2.2648099999999998,2.26341,2.26342,554
2025-05-19 14:00:00,2.26344,2.2635199999999998,2.2629099999999998,2.2629799999999998,467
2025-05-19 14:05:00,2.2629799999999998,2.2635199999999998,2.26285,2.26311,436
2025-05-19 14:10:00,2.26307,2.26309,2.26232,2.26272,357
2025-05-19 14:15:00,2.26272,2.26288,2.26184,2.26202,421
2025-05-19 14:20:00,2.26202,2.26318,2.26135,2.26303,464
2025-05-19 14:25:00,2.26306,2.26309,2.26235,2.26269,376
2025-05-19 14:30:00,2.26269,2.26319,2.26248,2.26279,407
2025-05-19 14:35:00,2.26279,2.2631,2.26258,2.26267,460
2025-05-19 14:40:00,2.26267,2.26287,2.26222,2.26235,389
2025-05-19 14:45:00,2.26234,2.26279,2.26182,2.26229,368
2025-05-19 14:50:00,2.26225,2.26245,2.26161,2.26197,357
2025-05-19 14:55:00,2.26196,2.2621700000000002,2.26131,2.2617599999999998,516
2025-05-19 15:00:00,2.2617599999999998,2.26202,2.26146,2.26184,499
2025-05-19 15:05:00,2.26182,2.26224,2.26161,2.26183,415
2025-05-19 15:10:00,2.26183,2.26266,2.2617,2.26254,420
2025-05-19 15:15:00,2.26252,2.26283,2.26225,2.26241,442
2025-05-19 15:20:00,2.2623699999999998,2.26326,2.26234,2.26275,512
2025-05-19 15:25:00,2.26273,2.26345,2.26261,2.26289,449
2025-05-19 15:30:00,2.26287,2.2629799999999998,2.26238,2.26247,582
2025-05-19 15:35:00,2.26246,2.26324,2.2624,2.26269,453
2025-05-19 15:40:00,2.26276,2.263,2.26255,2.2629,465
2025-05-19 15:45:00,2.26293,2.26389,2.26275,2.26374,452
2025-05-19 15:50:00,2.26374,2.26438,2.2635899999999998,2.26375,453
2025-05-19 15:55:00,2.26374,2.26389,2.26326,2.26358,512
2025-05-19 16:00:00,2.26358,2.2636,2.26275,2.26296,661
2025-05-19 16:05:00,2.26296,2.2633900000000002,2.26245,2.26307,444
2025-05-19 16:10:00,2.26309,2.2632,2.2624,2.26273,617
2025-05-19 16:15:00,2.26275,2.26295,2.26174,2.26175,621
2025-05-19 16:20:00,2.2617599999999998,2.2618,2.26071,2.2611499999999998,597
2025-05-19 16:25:00,2.26118,2.2612,2.26029,2.2604,493
2025-05-19 16:30:00,2.26043,2.26139,2.26025,2.26099,682
2025-05-19 16:35:00,2.2609500000000002,2.2611499999999998,2.26033,2.26041,648
2025-05-19 16:40:00,2.26043,2.26085,2.25946,2.26019,729
2025-05-19 16:45:00,2.2602,2.26071,2.25961,2.2598,660
2025-05-19 16:50:00,2.25972,2.26018,2.2591200000000002,2.25941,601
2025-05-19 16:55:00,2.25945,2.26046,2.25928,2.26012,566
2025-05-19 17:00:00,2.26013,2.26062,2.25929,2.25959,661
2025-05-19 17:05:00,2.25958,2.25983,2.25838,2.25848,532
2025-05-19 17:10:00,2.2585100000000002,2.25936,2.2583,2.25863,479
2025-05-19 17:15:00,2.25861,2.2587,2.25784,2.25827,431
2025-05-19 17:20:00,2.25827,2.2583,2.2568799999999998,2.25699,535
2025-05-19 17:25:00,2.257,2.25768,2.25689,2.25764,562
2025-05-19 17:30:00,2.25764,2.25768,2.25637,2.25676,562
2025-05-19 17:35:00,2.25676,2.25785,2.2566,2.25724,563
2025-05-19 17:40:00,2.25724,2.25724,2.25588,2.25617,560
2025-05-19 17:45:00,2.25624,2.25672,2.25586,2.25652,489
2025-05-19 17:50:00,2.25656,2.25682,2.2555,2.25565,609
2025-05-19 17:55:00,2.25561,2.25604,2.25536,2.25597,663
2025-05-19 18:00:00,2.25598,2.25613,2.25503,2.25535,570
2025-05-19 18:05:00,2.2553,2.2554600000000002,2.2544,2.25486,493
2025-05-19 18:10:00,2.25487,2.25527,2.25389,2.2539,409
2025-05-19 18:15:00,2.25389,2.25466,2.2535600000000002,2.25427,415
2025-05-19 18:20:00,2.25427,2.2544399999999998,2.25389,2.25402,397
2025-05-19 18:25:00,2.25401,2.25403,2.2529,2.25335,374
2025-05-19 18:30:00,2.25335,2.25382,2.25291,2.2538,365
2025-05-19 18:35:00,2.2538,2.25393,2.25339,2.2538,372
2025-05-19 18:40:00,2.25382,2.25434,2.25337,2.25385,436
2025-05-19 18:45:00,2.25383,2.25387,2.25304,2.25327,398
2025-05-19 18:50:00,2.25325,2.25366,2.25304,2.25331,456
2025-05-19 18:55:00,2.25329,2.25387,2.25312,2.2535,552
2025-05-19 19:00:00,2.25349,2.2544399999999998,2.25349,2.25379,568
2025-05-19 19:05:00,2.25378,2.25396,2.25335,2.25352,411
2025-05-19 19:10:00,2.2535600000000002,2.25368,2.253,2.25341,415
2025-05-19 19:15:00,2.25341,2.25349,2.25272,2.25301,308
2025-05-19 19:20:00,2.25306,2.25306,2.25233,2.25271,421
2025-05-19 19:25:00,2.25268,2.25318,2.25261,2.25311,424
2025-05-19 19:30:00,2.25311,2.2533,2.2527,2.25317,481
2025-05-19 19:35:00,2.2531499999999998,2.25378,2.25309,2.25349,345
2025-05-19 19:40:00,2.25349,2.25381,2.25324,2.25369,456
2025-05-19 19:45:00,2.25361,2.25386,2.2533,2.25351,449
2025-05-19 19:50:00,2.25351,2.25368,2.25313,2.25328,421
2025-05-19 19:55:00,2.25332,2.25403,2.25318,2.25396,373
2025-05-19 20:00:00,2.25396,2.25407,2.25335,2.25364,389
2025-05-19 20:05:00,2.25362,2.25379,2.25331,2.2535,315
2025-05-19 20:10:00,2.25358,2.25378,2.25327,2.25357,345
2025-05-19 20:15:00,2.25357,2.2536300000000002,2.25298,2.25344,351
2025-05-19 20:20:00,2.25337,2.25395,2.25317,2.2539,367
2025-05-19 20:25:00,2.25387,2.25413,2.25355,2.25406,420
2025-05-19 20:30:00,2.25406,2.25415,2.25361,2.25368,397
2025-05-19 20:35:00,2.25372,2.25416,2.2537,2.25409,324
2025-05-19 20:40:00,2.25409,2.2543699999999998,2.25381,2.25435,308
2025-05-19 20:45:00,2.25433,2.25439,2.25374,2.25402,365
2025-05-19 20:50:00,2.25402,2.25469,2.25396,2.25466,283
2025-05-19 20:55:00,2.25465,2.25472,2.2543,2.2544,326
2025-05-19 21:00:00,2.25447,2.25476,2.25434,2.25469,390
2025-05-19 21:05:00,2.25469,2.25473,2.2543,2.25459,273
2025-05-19 21:10:00,2.2546,2.25475,2.25431,2.25466,320
2025-05-19 21:15:00,2.25455,2.25507,2.2543699999999998,2.25507,287
2025-05-19 21:20:00,2.25501,2.2553,2.25494,2.25504,251
2025-05-19 21:25:00,2.25508,2.25518,2.25476,2.25512,281
2025-05-19 21:30:00,2.25512,2.25525,2.2548500000000002,2.25502,268
2025-05-19 21:35:00,2.25511,2.25513,2.2544399999999998,2.25477,252
2025-05-19 21:40:00,2.25477,2.2549799999999998,2.25442,2.25466,300
2025-05-19 21:45:00,2.25463,2.25535,2.2546,2.25533,264
2025-05-19 21:50:00,2.25535,2.25536,2.25495,2.25516,221
2025-05-19 21:55:00,2.25522,2.2553,2.25491,2.25497,315
2025-05-19 22:00:00,2.25497,2.2551,2.25471,2.2549799999999998,390
2025-05-19 22:05:00,2.25493,2.25527,2.25473,2.25511,246
2025-05-19 22:10:00,2.25511,2.2553,2.25465,2.2549,246
2025-05-19 22:15:00,2.2549,2.25504,2.2546,2.25479,240
2025-05-19 22:20:00,2.25481,2.25507,2.25449,2.25484,260
2025-05-19 22:25:00,2.25484,2.25506,2.25476,2.25487,220
2025-05-19 22:30:00,2.25489,2.25497,2.25451,2.25453,323
2025-05-19 22:35:00,2.25455,2.2546,2.25405,2.25416,178
2025-05-19 22:40:00,2.25419,2.25457,2.25413,2.25447,176
2025-05-19 22:45:00,2.25451,2.25461,2.25383,2.254,160
2025-05-19 22:50:00,2.25403,2.25412,2.25345,2.25388,281
2025-05-19 22:55:00,2.25388,2.25388,2.2525399999999998,2.25255,354
2025-05-19 23:00:00,2.25265,2.25316,2.25257,2.25304,188
2025-05-19 23:05:00,2.25304,2.25331,2.25262,2.25286,156
2025-05-19 23:10:00,2.25285,2.25319,2.25257,2.2529500000000002,204
2025-05-19 23:15:00,2.2529500000000002,2.25321,2.25259,2.25299,144
2025-05-19 23:20:00,2.25291,2.25306,2.25258,2.25287,153
2025-05-19 23:25:00,2.25287,2.25294,2.2522,2.25246,170
2025-05-19 23:30:00,2.25244,2.25266,2.25194,2.25212,301
2025-05-19 23:35:00,2.25214,2.25253,2.25207,2.25239,195
2025-05-19 23:40:00,2.25239,2.25239,2.24969,2.24992,129
2025-05-19 23:45:00,2.24991,2.25028,2.24989,2.25007,125
2025-05-19 23:50:00,2.25006,2.25021,2.25,2.25008,126
2025-05-19 23:55:00,2.25012,2.25229,2.24942,2.25223,262
2025-05-20 00:00:00,2.25144,2.25236,2.24971,2.25031,29
2025-05-20 00:05:00,2.2504,2.25198,2.25005,2.2506399999999998,39
2025-05-20 00:10:00,2.2506399999999998,2.25074,2.2504,2.2504,23
2025-05-20 00:15:00,2.25037,2.25123,2.25033,2.2511200000000002,90
2025-05-20 00:20:00,2.2511200000000002,2.25146,2.2508,2.25142,121
2025-05-20 00:25:00,2.25142,2.25142,2.24998,2.2507099999999998,179
2025-05-20 00:30:00,2.25069,2.2515,2.25055,2.25143,116
2025-05-20 00:35:00,2.25145,2.2519,2.25139,2.25146,109
2025-05-20 00:40:00,2.25136,2.25138,2.25027,2.25077,103
2025-05-20 00:45:00,2.2505100000000002,2.25133,2.2502,2.25057,153
2025-05-20 00:50:00,2.25059,2.25095,2.25018,2.25094,47
2025-05-20 00:55:00,2.25158,2.25158,2.25065,2.25088,109
2025-05-20 01:00:00,2.25097,2.25275,2.25042,2.25194,200
2025-05-20 01:05:00,2.25194,2.25206,2.25146,2.25174,129
2025-05-20 01:10:00,2.25174,2.25238,2.25157,2.2521,176
2025-05-20 01:15:00,2.25204,2.25282,2.2519,2.25263,301
2025-05-20 01:20:00,2.25263,2.25263,2.25205,2.25231,224
2025-05-20 01:25:00,2.25233,2.25249,2.25212,2.25242,121
2025-05-20 01:30:00,2.25242,2.25251,2.25166,2.25211,126
2025-05-20 01:35:00,2.25211,2.25228,2.2521,2.25228,89
2025-05-20 01:40:00,2.25228,2.25255,2.25211,2.25255,83
2025-05-20 01:45:00,2.25252,2.25272,2.25236,2.25264,114
2025-05-20 01:50:00,2.2526,2.25275,2.25253,2.25271,87
2025-05-20 01:55:00,2.25271,2.25288,2.25246,2.25266,128
2025-05-20 02:00:00,2.25269,2.25281,2.25246,2.25271,121
2025-05-20 02:05:00,2.25271,2.25282,2.25247,2.25262,137
2025-05-20 02:10:00,2.25258,2.25262,2.25232,2.25248,112
2025-05-20 02:15:00,2.25251,2.25258,2.25226,2.25249,136
2025-05-20 02:20:00,2.25251,2.25259,2.25203,2.25237,94
2025-05-20 02:25:00,2.25237,2.25278,2.25212,2.25248,131
2025-05-20 02:30:00,2.25247,2.25288,2.25247,2.25281,164
2025-05-20 02:35:00,2.25279,2.25288,2.25246,2.25268,156
2025-05-20 02:40:00,2.2527,2.25305,2.25252,2.2529500000000002,131
2025-05-20 02:45:00,2.25293,2.2530200000000002,2.25239,2.25242,134
2025-05-20 02:50:00,2.2524100000000002,2.25244,2.25215,2.25233,114
2025-05-20 02:55:00,2.25233,2.25286,2.25229,2.25279,153
2025-05-20 03:00:00,2.25279,2.2535,2.25252,2.25311,384
2025-05-20 03:05:00,2.25311,2.25368,2.25305,2.25316,326
2025-05-20 03:10:00,2.25316,2.25366,2.25291,2.25345,279
2025-05-20 03:15:00,2.25345,2.25392,2.2529,2.25372,394
2025-05-20 03:20:00,2.25371,2.25381,2.25291,2.25327,494
2025-05-20 03:25:00,2.25332,2.2536,2.25258,2.25276,491
2025-05-20 03:30:00,2.25276,2.2529500000000002,2.2517300000000002,2.25211,506
2025-05-20 03:35:00,2.25207,2.25228,2.2517,2.25174,317
2025-05-20 03:40:00,2.25175,2.25278,2.25175,2.25233,399
2025-05-20 03:45:00,2.25233,2.2527,2.25195,2.25263,351
2025-05-20 03:50:00,2.25261,2.25339,2.25257,2.25306,421
2025-05-20 03:55:00,2.25307,2.25469,2.25298,2.25463,440
2025-05-20 04:00:00,2.25472,2.2556599999999998,2.25433,2.25507,613
2025-05-20 04:05:00,2.2551,2.25648,2.2551,2.25616,562
2025-05-20 04:10:00,2.25616,2.25648,2.2555899999999998,2.25632,573
2025-05-20 04:15:00,2.25631,2.25633,2.25528,2.25564,578
2025-05-20 04:20:00,2.25557,2.25603,2.25521,2.25551,553
2025-05-20 04:25:00,2.25552,2.25593,2.25458,2.25519,530
2025-05-20 04:30:00,2.25522,2.25567,2.25486,2.25556,474
2025-05-20 04:35:00,2.2555899999999998,2.25612,2.25543,2.25574,456
2025-05-20 04:40:00,2.25578,2.25664,2.25547,2.2561,533
2025-05-20 04:45:00,2.25603,2.25617,2.2554,2.25577,474
2025-05-20 04:50:00,2.25574,2.25581,2.25529,2.25547,420
2025-05-20 04:55:00,2.25547,2.25626,2.25547,2.25565,477
2025-05-20 05:00:00,2.25567,2.25634,2.25548,2.25596,444
2025-05-20 05:05:00,2.25596,2.25708,2.25593,2.25686,345
2025-05-20 05:10:00,2.25686,2.2572900000000002,2.2566,2.25715,292
2025-05-20 05:15:00,2.25709,2.25807,2.25708,2.2580299999999998,282
2025-05-20 05:20:00,2.25801,2.25811,2.2571,2.25725,378
2025-05-20 05:25:00,2.25725,2.25728,2.25637,2.25692,310
2025-05-20 05:30:00,2.25689,2.25699,2.25644,2.25663,306
2025-05-20 05:35:00,2.25663,2.2568099999999998,2.2563,2.25653,274
2025-05-20 05:40:00,2.25654,2.2568799999999998,2.2562699999999998,2.25671,293
2025-05-20 05:45:00,2.25675,2.25713,2.2565,2.25713,343
2025-05-20 05:50:00,2.25713,2.25785,2.25696,2.25774,315
2025-05-20 05:55:00,2.25775,2.25775,2.25538,2.25595,603
2025-05-20 06:00:00,2.25599,2.25603,2.25548,2.25561,543
2025-05-20 06:05:00,2.25561,2.25672,2.25554,2.25671,400
2025-05-20 06:10:00,2.25673,2.25738,2.25663,2.25735,364
2025-05-20 06:15:00,2.25734,2.25751,2.25704,2.25707,267
2025-05-20 06:20:00,2.25707,2.25712,2.25648,2.25663,256
2025-05-20 06:25:00,2.25663,2.257,2.2565,2.25662,219
2025-05-20 06:30:00,2.25662,2.25667,2.25594,2.25598,213
2025-05-20 06:35:00,2.25598,2.25678,2.25588,2.25673,351
2025-05-20 06:40:00,2.25673,2.2568099999999998,2.2561999999999998,2.25663,387
2025-05-20 06:45:00,2.25663,2.25721,2.25663,2.25715,211
2025-05-20 06:50:00,2.25715,2.25717,2.25644,2.25644,228
2025-05-20 06:55:00,2.25644,2.25678,2.2563,2.25659,300
2025-05-20 07:00:00,2.25663,2.25766,2.25658,2.25756,301
2025-05-20 07:05:00,2.25756,2.25799,2.25743,2.25794,212
2025-05-20 07:10:00,2.25794,2.2584,2.25766,2.25794,235
2025-05-20 07:15:00,2.25798,2.25819,2.2574899999999998,2.25818,240
2025-05-20 07:20:00,2.25818,2.25857,2.25798,2.25842,325
2025-05-20 07:25:00,2.25839,2.25842,2.2576,2.25821,392
2025-05-20 07:30:00,2.25829,2.25937,2.25644,2.25714,747
2025-05-20 07:35:00,2.25718,2.25903,2.25672,2.25863,481
2025-05-20 07:40:00,2.25863,2.25909,2.25762,2.25798,435
2025-05-20 07:45:00,2.25799,2.25841,2.25746,2.25821,300
2025-05-20 07:50:00,2.25821,2.25876,2.25704,2.25762,378
2025-05-20 07:55:00,2.25763,2.25831,2.25663,2.25721,398
2025-05-20 08:00:00,2.25721,2.25753,2.25656,2.25699,560
2025-05-20 08:05:00,2.25691,2.25706,2.2560000000000002,2.25651,487
2025-05-20 08:10:00,2.25651,2.25651,2.25556,2.25587,455
2025-05-20 08:15:00,2.25583,2.25647,2.25583,2.25608,364
2025-05-20 08:20:00,2.25608,2.2566100000000002,2.2556,2.25646,374
2025-05-20 08:25:00,2.25646,2.25651,2.25549,2.25583,479
2025-05-20 08:30:00,2.25583,2.25611,2.25494,2.25578,395
2025-05-20 08:35:00,2.25578,2.25702,2.25526,2.25689,501
2025-05-20 08:40:00,2.25693,2.25967,2.25686,2.25849,675
2025-05-20 08:45:00,2.25854,2.25984,2.25767,2.25938,640
2025-05-20 08:50:00,2.25938,2.26106,2.25934,2.26038,522
2025-05-20 08:55:00,2.26039,2.26087,2.25955,2.26033,606
2025-05-20 09:00:00,2.26033,2.26064,2.25831,2.2591,604
2025-05-20 09:05:00,2.25923,2.25936,2.25766,2.25797,516
2025-05-20 09:10:00,2.25797,2.2591,2.25777,2.25873,536
2025-05-20 09:15:00,2.25873,2.259,2.25782,2.2579000000000002,495
2025-05-20 09:20:00,2.2579000000000002,2.2584,2.25761,2.25785,475
2025-05-20 09:25:00,2.25792,2.2586,2.25758,2.2586,429
2025-05-20 09:30:00,2.25858,2.25896,2.25756,2.25884,503
2025-05-20 09:35:00,2.25882,2.25882,2.25753,2.25779,451
2025-05-20 09:40:00,2.25777,2.25877,2.25773,2.25847,429
2025-05-20 09:45:00,2.25847,2.25861,2.25748,2.25813,435
2025-05-20 09:50:00,2.25817,2.25848,2.25787,2.25842,466
2025-05-20 09:55:00,2.25842,2.2585,2.25793,2.25828,513
2025-05-20 10:00:00,2.2583,2.2583,2.25726,2.25768,581
2025-05-20 10:05:00,2.2576,2.25781,2.25676,2.2572,503
2025-05-20 10:10:00,2.25718,2.2576,2.2562699999999998,2.25638,652
2025-05-20 10:15:00,2.25645,2.25741,2.25635,2.2572,618
2025-05-20 10:20:00,2.25716,2.25761,2.25676,2.25727,536
2025-05-20 10:25:00,2.25731,2.25828,2.25702,2.25763,553
2025-05-20 10:30:00,2.25765,2.25834,2.2576,2.25816,548
2025-05-20 10:35:00,2.2582,2.2582,2.25732,2.25762,435
2025-05-20 10:40:00,2.2576,2.2579000000000002,2.25713,2.2574199999999998,567
2025-05-20 10:45:00,2.25737,2.25895,2.25734,2.25895,471
2025-05-20 10:50:00,2.25895,2.25908,2.25825,2.25896,483
2025-05-20 10:55:00,2.25895,2.25942,2.25878,2.25929,490
2025-05-20 11:00:00,2.25931,2.25977,2.25908,2.25965,528
2025-05-20 11:05:00,2.25967,2.26006,2.25921,2.26,467
2025-05-20 11:10:00,2.26,2.26061,2.26,2.26011,436
2025-05-20 11:15:00,2.26014,2.26022,2.25858,2.25859,454
2025-05-20 11:20:00,2.25857,2.25941,2.25826,2.25884,391
2025-05-20 11:25:00,2.25884,2.25909,2.25822,2.25849,384
2025-05-20 11:30:00,2.25849,2.25893,2.25809,2.25853,413
2025-05-20 11:35:00,2.25859,2.25863,2.25812,2.2585,445
2025-05-20 11:40:00,2.2585,2.25889,2.25815,2.25816,410
2025-05-20 11:45:00,2.25826,2.25914,2.25818,2.2587099999999998,587
2025-05-20 11:50:00,2.2587099999999998,2.25917,2.25829,2.25897,523
2025-05-20 11:55:00,2.25899,2.25957,2.25859,2.25897,487
2025-05-20 12:00:00,2.25893,2.25893,2.25781,2.25842,491
2025-05-20 12:05:00,2.2584,2.25909,2.25828,2.25884,393
2025-05-20 12:10:00,2.25886,2.2599299999999998,2.25884,2.25991,426
2025-05-20 12:15:00,2.25992,2.26013,2.25943,2.2596,414
2025-05-20 12:20:00,2.25963,2.25963,2.2587,2.25883,461
2025-05-20 12:25:00,2.25883,2.25999,2.25873,2.25965,534
2025-05-20 12:30:00,2.25965,2.25981,2.25934,2.2596600000000002,404
2025-05-20 12:35:00,2.2596600000000002,2.25982,2.25942,2.25956,398
2025-05-20 12:40:00,2.25956,2.2597300000000002,2.25906,2.25921,444
2025-05-20 12:45:00,2.25926,2.25984,2.25922,2.25984,393
2025-05-20 12:50:00,2.25984,2.26019,2.25969,2.2598,410
2025-05-20 12:55:00,2.25987,2.25987,2.2593,2.25967,443
2025-05-20 13:00:00,2.25969,2.25979,2.259,2.2594,457
2025-05-20 13:05:00,2.2594,2.25959,2.25907,2.25911,344
2025-05-20 13:10:00,2.25911,2.25923,2.2586399999999998,2.25903,495
2025-05-20 13:15:00,2.25901,2.25919,2.25857,2.25916,457
2025-05-20 13:20:00,2.25916,2.25956,2.2590500000000002,2.25916,423
2025-05-20 13:25:00,2.25926,2.25935,2.25876,2.25884,427
2025-05-20 13:30:00,2.25888,2.25944,2.25868,2.25938,396
2025-05-20 13:35:00,2.25942,2.25976,2.25919,2.2596,430
2025-05-20 13:40:00,2.25958,2.26061,2.25958,2.2603,405
2025-05-20 13:45:00,2.2603,2.26082,2.26013,2.2603,384
2025-05-20 13:50:00,2.2603,2.26072,2.26002,2.26067,401
2025-05-20 13:55:00,2.26072,2.26182,2.26064,2.26123,415
2025-05-20 14:00:00,2.2613,2.26146,2.26082,2.26091,247
2025-05-20 14:10:00,2.26103,2.26125,2.2605,2.26104,301
2025-05-20 14:15:00,2.26104,2.2614900000000002,2.26082,2.26126,319
2025-05-20 14:20:00,2.26128,2.26152,2.26087,2.26134,345
2025-05-20 14:25:00,2.26138,2.26158,2.26087,2.26121,328
2025-05-20 14:30:00,2.26123,2.26137,2.2606,2.26083,458
2025-05-20 14:35:00,2.26083,2.26094,2.2601,2.26042,325
2025-05-20 14:40:00,2.26046,2.26118,2.26031,2.2604,318
2025-05-20 14:45:00,2.26044,2.26065,2.25968,2.26049,298
2025-05-20 14:50:00,2.26049,2.26103,2.2603400000000002,2.26096,280
2025-05-20 14:55:00,2.26098,2.26112,2.2605,2.26102,396
2025-05-20 15:00:00,2.2610799999999998,2.26147,2.26082,2.26133,430
2025-05-20 15:05:00,2.26133,2.26152,2.2607,2.2608,450
2025-05-20 15:10:00,2.26078,2.26209,2.26074,2.26161,513
2025-05-20 15:15:00,2.26163,2.26213,2.26123,2.2615,488
2025-05-20 15:20:00,2.26139,2.26194,2.26121,2.26172,565
2025-05-20 15:25:00,2.26171,2.2617599999999998,2.26113,2.2614900000000002,328
2025-05-20 15:30:00,2.2616,2.26175,2.26078,2.26082,480
2025-05-20 15:35:00,2.26082,2.26222,2.26082,2.26179,427
2025-05-20 15:40:00,2.2618,2.26253,2.2618,2.26208,444
2025-05-20 15:45:00,2.26208,2.26286,2.26174,2.2619,423
2025-05-20 15:50:00,2.26186,2.26194,2.25964,2.2596600000000002,501
2025-05-20 15:55:00,2.25972,2.26081,2.25958,2.26014,455
2025-05-20 16:00:00,2.26016,2.2607,2.25963,2.26009,612
2025-05-20 16:05:00,2.2601,2.26041,2.25964,2.2599299999999998,546
2025-05-20 16:10:00,2.25998,2.26012,2.25898,2.25957,656
2025-05-20 16:15:00,2.25957,2.25995,2.2593199999999998,2.25971,489
2025-05-20 16:20:00,2.25971,2.25987,2.25923,2.25979,471
2025-05-20 16:25:00,2.25976,2.26006,2.25901,2.2593,501
2025-05-20 16:30:00,2.25924,2.25985,2.25896,2.25971,635
2025-05-20 16:35:00,2.25976,2.26072,2.25963,2.26055,680
2025-05-20 16:40:00,2.26059,2.26118,2.26028,2.26101,591
2025-05-20 16:45:00,2.26105,2.26119,2.26038,2.26058,684
2025-05-20 16:50:00,2.26058,2.26141,2.26048,2.26057,617
2025-05-20 16:55:00,2.26053,2.26132,2.26012,2.2608,602
2025-05-20 17:00:00,2.26084,2.26194,2.26039,2.26132,751
2025-05-20 17:05:00,2.26136,2.26274,2.26134,2.26272,736
2025-05-20 17:10:00,2.26272,2.26292,2.26206,2.26212,751
2025-05-20 17:15:00,2.26212,2.26331,2.26179,2.2632,706
2025-05-20 17:20:00,2.26319,2.26336,2.2624,2.26248,643
2025-05-20 17:25:00,2.2625,2.26272,2.2617599999999998,2.26259,593
2025-05-20 17:30:00,2.26258,2.26288,2.262,2.26226,602
2025-05-20 17:35:00,2.26224,2.26288,2.262,2.2626,655
2025-05-20 17:40:00,2.26265,2.26304,2.26164,2.26186,607
2025-05-20 17:45:00,2.26184,2.26221,2.26131,2.26202,551
2025-05-20 17:50:00,2.26202,2.26202,2.26106,2.26154,680
2025-05-20 17:55:00,2.26154,2.26157,2.26073,2.26101,748
2025-05-20 18:00:00,2.26106,2.26211,2.26106,2.26191,716
2025-05-20 18:05:00,2.26193,2.26232,2.26155,2.26178,521
2025-05-20 18:10:00,2.26182,2.26224,2.26167,2.26214,499
2025-05-20 18:15:00,2.26211,2.26277,2.26177,2.26272,565
2025-05-20 18:20:00,2.26271,2.26322,2.26246,2.26312,489
2025-05-20 18:25:00,2.26312,2.26347,2.26295,2.26322,422
2025-05-20 18:30:00,2.26322,2.26342,2.2627800000000002,2.26318,503
2025-05-20 18:35:00,2.26322,2.26377,2.26287,2.26358,461
2025-05-20 18:40:00,2.26356,2.26365,2.263,2.26324,385
2025-05-20 18:45:00,2.26324,2.26336,2.26275,2.2629799999999998,370
2025-05-20 18:50:00,2.2629799999999998,2.26335,2.26259,2.26272,399
2025-05-20 18:55:00,2.26276,2.26331,2.26232,2.26233,459
2025-05-20 19:00:00,2.26227,2.26289,2.26209,2.26283,396
2025-05-20 19:05:00,2.26283,2.26306,2.26245,2.26258,358
2025-05-20 19:10:00,2.26258,2.26274,2.26216,2.26254,408
2025-05-20 19:15:00,2.26259,2.26269,2.2617,2.26174,362
2025-05-20 19:20:00,2.26178,2.26196,2.26086,2.26104,387
2025-05-20 19:25:00,2.26104,2.26114,2.2601,2.26049,415
2025-05-20 19:30:00,2.26049,2.26049,2.25952,2.26011,340
2025-05-20 19:35:00,2.26011,2.26028,2.25924,2.25961,370
2025-05-20 19:40:00,2.25962,2.25997,2.25919,2.25949,405
2025-05-20 19:45:00,2.25948,2.25982,2.25909,2.25944,332
2025-05-20 19:50:00,2.2594,2.25953,2.25891,2.25923,336
2025-05-20 19:55:00,2.25927,2.25927,2.2587099999999998,2.25903,282
2025-05-20 20:00:00,2.25903,2.25922,2.25874,2.25903,282
2025-05-20 20:05:00,2.25903,2.25933,2.25883,2.25908,295
2025-05-20 20:10:00,2.25908,2.25917,2.25875,2.25901,279
2025-05-20 20:15:00,2.2590500000000002,2.25953,2.25885,2.25947,313
2025-05-20 20:20:00,2.25945,2.26006,2.25922,2.25983,376
2025-05-20 20:25:00,2.2598,2.25998,2.2594,2.2597,250
2025-05-20 20:30:00,2.25968,2.2602,2.25942,2.2601,344
2025-05-20 20:35:00,2.26009,2.26048,2.2599299999999998,2.26045,333
2025-05-20 20:40:00,2.26045,2.26064,2.25968,2.2598599999999998,380
2025-05-20 20:45:00,2.2598599999999998,2.25996,2.25931,2.25955,348
2025-05-20 20:50:00,2.25956,2.26003,2.2595,2.25997,379
2025-05-20 20:55:00,2.25997,2.26025,2.25963,2.25996,277
2025-05-20 21:00:00,2.25996,2.26036,2.2597300000000002,2.26022,351
2025-05-20 21:05:00,2.26018,2.26056,2.25995,2.26025,279
2025-05-20 21:10:00,2.26028,2.26098,2.26003,2.26094,380
2025-05-20 21:15:00,2.26096,2.26155,2.26096,2.26133,351
2025-05-20 21:20:00,2.26133,2.2618,2.26091,2.26165,424
2025-05-20 21:25:00,2.2617,2.26202,2.26127,2.26199,400
2025-05-20 21:30:00,2.26197,2.26213,2.26165,2.26191,421
2025-05-20 21:35:00,2.26192,2.26192,2.2611,2.26153,288
2025-05-20 21:40:00,2.26153,2.26225,2.26141,2.26215,334
2025-05-20 21:45:00,2.26216,2.26232,2.26158,2.26183,292
2025-05-20 21:50:00,2.26183,2.26189,2.26129,2.26152,331
2025-05-20 21:55:00,2.26153,2.26157,2.26112,2.26138,353
2025-05-20 22:00:00,2.26139,2.26219,2.26139,2.26216,352
2025-05-20 22:05:00,2.26218,2.2622999999999998,2.26159,2.26166,397
2025-05-20 22:10:00,2.26167,2.26201,2.26147,2.26147,200
2025-05-20 22:15:00,2.26154,2.26175,2.26136,2.2616,256
2025-05-20 22:20:00,2.2616,2.26166,2.2612,2.26143,259
2025-05-20 22:25:00,2.26147,2.2616,2.2611,2.26146,291
2025-05-20 22:30:00,2.26146,2.26146,2.26099,2.26125,217
2025-05-20 22:35:00,2.26119,2.26144,2.26094,2.2613,261
2025-05-20 22:40:00,2.26126,2.2613,2.2609,2.26123,210
2025-05-20 22:45:00,2.26121,2.26158,2.26079,2.2613,285
2025-05-20 22:50:00,2.2613,2.26134,2.26078,2.26091,301
2025-05-20 22:55:00,2.26096,2.2611,2.26048,2.26081,365
2025-05-20 23:00:00,2.26081,2.261,2.26048,2.26078,308
2025-05-20 23:05:00,2.26078,2.26084,2.26037,2.26069,199
2025-05-20 23:10:00,2.26069,2.26077,2.26017,2.26068,212
2025-05-20 23:15:00,2.26068,2.26084,2.26035,2.26077,216
2025-05-20 23:20:00,2.26076,2.26096,2.26051,2.26096,202
2025-05-20 23:25:00,2.26096,2.26118,2.26078,2.26096,125
2025-05-20 23:30:00,2.26094,2.26094,2.26038,2.26087,212
2025-05-20 23:35:00,2.26087,2.26101,2.26065,2.26083,182
2025-05-20 23:40:00,2.26079,2.26093,2.25766,2.25766,159
2025-05-20 23:45:00,2.25767,2.25784,2.25747,2.25759,146
2025-05-20 23:50:00,2.25759,2.25759,2.25746,2.25747,125
2025-05-20 23:55:00,2.25751,2.25978,2.25706,2.25954,210
2025-05-21 00:00:00,2.26016,2.26016,2.25691,2.25731,25
2025-05-21 00:05:00,2.25731,2.2578,2.25588,2.25636,66
2025-05-21 00:10:00,2.25636,2.25678,2.25571,2.25676,131
2025-05-21 00:15:00,2.25676,2.25698,2.25577,2.25585,97
2025-05-21 00:20:00,2.25585,2.25619,2.25582,2.25601,73
2025-05-21 00:25:00,2.25603,2.25693,2.25599,2.25682,45
2025-05-21 00:30:00,2.25687,2.25781,2.25683,2.25779,63
2025-05-21 00:35:00,2.25777,2.25798,2.25644,2.25733,107
2025-05-21 00:40:00,2.25733,2.25746,2.25684,2.25724,127
2025-05-21 00:45:00,2.25727,2.25748,2.25714,2.25744,109
2025-05-21 00:50:00,2.25744,2.25751,2.25736,2.25746,84
2025-05-21 00:55:00,2.25747,2.25767,2.25733,2.2574899999999998,73
2025-05-21 01:00:00,2.25758,2.25937,2.25758,2.25926,216
2025-05-21 01:05:00,2.25909,2.25994,2.25882,2.25994,189
2025-05-21 01:10:00,2.25988,2.26092,2.25955,2.2605399999999998,231
2025-05-21 01:15:00,2.2605399999999998,2.26153,2.26043,2.26118,308
2025-05-21 01:20:00,2.2611499999999998,2.2611499999999998,2.26053,2.26062,240
2025-05-21 01:25:00,2.2606,2.26078,2.26009,2.26043,227
2025-05-21 01:30:00,2.26049,2.26049,2.25957,2.25981,252
2025-05-21 01:35:00,2.25979,2.2599,2.25924,2.25943,181
2025-05-21 01:40:00,2.25944,2.25956,2.25915,2.25919,125
2025-05-21 01:45:00,2.25917,2.2599299999999998,2.25913,2.2597300000000002,121
2025-05-21 01:50:00,2.25967,2.25989,2.25941,2.25967,100
2025-05-21 01:55:00,2.25967,2.25982,2.2594,2.25957,118
2025-05-21 02:00:00,2.25954,2.2597,2.25902,2.25914,185
2025-05-21 02:05:00,2.2591,2.25948,2.25886,2.25933,200
2025-05-21 02:10:00,2.25937,2.2596600000000002,2.25928,2.25935,117
2025-05-21 02:15:00,2.25935,2.25939,2.25893,2.25923,168
2025-05-21 02:20:00,2.2592499999999998,2.25952,2.25902,2.25923,137
2025-05-21 02:25:00,2.25924,2.25981,2.25924,2.25952,168
2025-05-21 02:30:00,2.25948,2.2598599999999998,2.2594,2.2597300000000002,137
2025-05-21 02:35:00,2.25971,2.25983,2.25941,2.25961,92
2025-05-21 02:40:00,2.25961,2.25982,2.2595,2.25959,105
2025-05-21 02:45:00,2.25957,2.25978,2.25938,2.25953,134
2025-05-21 02:50:00,2.25953,2.25983,2.25931,2.2598,198
2025-05-21 02:55:00,2.2598,2.26005,2.25945,2.25967,144
2025-05-21 03:00:00,2.25963,2.25983,2.25916,2.2593,358
2025-05-21 03:05:00,2.2593,2.26,2.25873,2.2598,326
2025-05-21 03:10:00,2.2598,2.25988,2.25955,2.25976,247
2025-05-21 03:15:00,2.25976,2.2598,2.25886,2.2592,384
2025-05-21 03:20:00,2.2592,2.25938,2.25834,2.25852,367
2025-05-21 03:25:00,2.25852,2.25854,2.25756,2.25792,395
2025-05-21 03:30:00,2.25794,2.25847,2.25764,2.25805,348
2025-05-21 03:35:00,2.2578300000000002,2.25791,2.2568099999999998,2.2574199999999998,381
2025-05-21 03:40:00,2.2574199999999998,2.25767,2.25711,2.25744,344
2025-05-21 03:45:00,2.25744,2.2579000000000002,2.25695,2.25768,426
2025-05-21 03:50:00,2.25772,2.25797,2.25721,2.25744,632
2025-05-21 03:55:00,2.2574199999999998,2.25753,2.25695,2.25746,445
2025-05-21 04:00:00,2.2574,2.25753,2.25643,2.25686,686
2025-05-21 04:05:00,2.25682,2.2571,2.2564,2.25647,445
2025-05-21 04:10:00,2.25646,2.25745,2.25631,2.2572900000000002,370
2025-05-21 04:15:00,2.2572900000000002,2.25741,2.25651,2.25732,443
2025-05-21 04:20:00,2.25732,2.25805,2.25732,2.25772,319
2025-05-21 04:25:00,2.25772,2.25823,2.25756,2.25794,401
2025-05-21 04:30:00,2.25796,2.25852,2.25779,2.25784,438
2025-05-21 04:35:00,2.25784,2.25833,2.2578300000000002,2.25805,360
2025-05-21 04:40:00,2.25806,2.25817,2.25725,2.2574899999999998,447
2025-05-21 04:45:00,2.25738,2.25747,2.2568099999999998,2.25719,293
2025-05-21 04:50:00,2.25723,2.25775,2.25715,2.25771,307
2025-05-21 04:55:00,2.25773,2.2586,2.25767,2.25849,391
2025-05-21 05:00:00,2.25849,2.25866,2.25761,2.2577,480
2025-05-21 05:05:00,2.25761,2.25835,2.25708,2.25708,516
2025-05-21 05:10:00,2.25704,2.25806,2.2568,2.25762,512
2025-05-21 05:15:00,2.25757,2.25826,2.25751,2.25788,372
2025-05-21 05:20:00,2.25799,2.25856,2.25753,2.25829,375
2025-05-21 05:25:00,2.25833,2.25868,2.25818,2.2584,537
2025-05-21 05:30:00,2.25838,2.25906,2.25798,2.25901,470
2025-05-21 05:35:00,2.25901,2.26016,2.259,2.26012,439
2025-05-21 05:40:00,2.26014,2.26045,2.25942,2.25992,436
2025-05-21 05:45:00,2.25995,2.26036,2.25954,2.26012,480
2025-05-21 05:50:00,2.2601,2.26045,2.25935,2.26007,432
2025-05-21 05:55:00,2.26014,2.26042,2.25947,2.25984,476
2025-05-21 06:00:00,2.25985,2.26016,2.25949,2.26001,491
2025-05-21 06:05:00,2.26003,2.26013,2.25861,2.2590500000000002,363
2025-05-21 06:10:00,2.25907,2.25917,2.25847,2.25916,322
2025-05-21 06:15:00,2.25916,2.25916,2.25811,2.25825,308
2025-05-21 06:20:00,2.25827,2.25865,2.258,2.2582,381
2025-05-21 06:25:00,2.2582,2.2585100000000002,2.25798,2.25823,399
2025-05-21 06:30:00,2.25808,2.25896,2.25789,2.25891,496
2025-05-21 06:35:00,2.25892,2.25962,2.25866,2.25921,466
2025-05-21 06:40:00,2.25922,2.25942,2.25868,2.25906,393
2025-05-21 06:45:00,2.25906,2.25917,2.25831,2.25831,330
2025-05-21 06:50:00,2.25838,2.25865,2.25746,2.25773,373
2025-05-21 06:55:00,2.2577,2.2583,2.25756,2.25782,377
2025-05-21 07:00:00,2.25782,2.25816,2.25684,2.25809,422
2025-05-21 07:05:00,2.25809,2.25887,2.2579000000000002,2.25832,294
2025-05-21 07:10:00,2.25832,2.25897,2.25797,2.25893,290
2025-05-21 07:15:00,2.25891,2.25949,2.2589,2.25946,244
2025-05-21 07:20:00,2.25946,2.25975,2.25909,2.25909,265
2025-05-21 07:25:00,2.25904,2.25923,2.2586,2.25883,202
2025-05-21 07:30:00,2.25885,2.25919,2.25866,2.25899,225
2025-05-21 07:35:00,2.259,2.25907,2.25758,2.25763,259
2025-05-21 07:40:00,2.25763,2.25769,2.25684,2.25735,291
2025-05-21 07:45:00,2.25738,2.25756,2.25677,2.25703,345
2025-05-21 07:50:00,2.25703,2.25777,2.25701,2.25717,285
2025-05-21 07:55:00,2.25715,2.25735,2.25684,2.25703,317
2025-05-21 08:00:00,2.25706,2.25712,2.25617,2.25637,359
2025-05-21 08:05:00,2.25637,2.25664,2.25596,2.25598,353
2025-05-21 08:10:00,2.25598,2.2566100000000002,2.25563,2.25645,326
2025-05-21 08:15:00,2.25644,2.2571,2.25611,2.25709,302
2025-05-21 08:20:00,2.25708,2.25713,2.25584,2.25591,370
2025-05-21 08:25:00,2.25601,2.25651,2.25581,2.25629,278
2025-05-21 08:30:00,2.25633,2.25741,2.25633,2.25717,367
2025-05-21 08:35:00,2.25717,2.25751,2.25659,2.25745,279
2025-05-21 08:40:00,2.25741,2.25743,2.25655,2.25732,433
2025-05-21 08:45:00,2.25737,2.25824,2.25721,2.25752,478
2025-05-21 08:50:00,2.25752,2.25866,2.2575,2.25838,425
2025-05-21 08:55:00,2.2584,2.25931,2.25756,2.25908,465
2025-05-21 09:00:00,2.25875,2.2614,2.25741,2.25811,828
2025-05-21 09:05:00,2.25817,2.25886,2.25793,2.25862,561
2025-05-21 09:10:00,2.2586,2.2608800000000002,2.25799,2.26077,611
2025-05-21 09:15:00,2.26077,2.26185,2.26007,2.26083,753
2025-05-21 09:20:00,2.26083,2.26183,2.26043,2.2610799999999998,529
2025-05-21 09:25:00,2.2610799999999998,2.26187,2.26074,2.26132,606
2025-05-21 09:30:00,2.26134,2.26184,2.2610799999999998,2.2614,726
2025-05-21 09:35:00,2.2614,2.26178,2.26064,2.26106,586
2025-05-21 09:40:00,2.26106,2.26127,2.26048,2.26062,598
2025-05-21 09:45:00,2.26062,2.2614,2.26009,2.26018,548
2025-05-21 09:50:00,2.26018,2.26062,2.25944,2.26046,585
2025-05-21 09:55:00,2.2605399999999998,2.2610799999999998,2.26006,2.2607,798
2025-05-21 10:00:00,2.26072,2.26161,2.26031,2.26097,899
2025-05-21 10:05:00,2.26097,2.26223,2.26097,2.26194,716
2025-05-21 10:10:00,2.26198,2.26272,2.26137,2.2624,640
2025-05-21 10:15:00,2.2624,2.26318,2.26155,2.26269,612
2025-05-21 10:20:00,2.26269,2.26305,2.26174,2.2618,506
2025-05-21 10:25:00,2.26177,2.26189,2.26062,2.26067,486
2025-05-21 10:30:00,2.26067,2.26142,2.26013,2.26013,526
2025-05-21 10:35:00,2.26013,2.2605,2.259,2.26036,574
2025-05-21 10:40:00,2.26042,2.2610799999999998,2.26004,2.26045,486
2025-05-21 10:45:00,2.26043,2.26063,2.2591,2.25995,603
2025-05-21 10:50:00,2.25997,2.26016,2.25927,2.25928,596
2025-05-21 10:55:00,2.25938,2.25947,2.25875,2.25898,531
2025-05-21 11:00:00,2.25889,2.25927,2.25855,2.25875,447
2025-05-21 11:05:00,2.25873,2.25958,2.25819,2.25831,451
2025-05-21 11:10:00,2.25835,2.25944,2.25834,2.25922,374
2025-05-21 11:15:00,2.25922,2.26103,2.25902,2.26079,394
2025-05-21 11:20:00,2.26079,2.26094,2.26022,2.26073,291
2025-05-21 11:25:00,2.26079,2.2609,2.26025,2.26075,361
2025-05-21 11:30:00,2.26077,2.26118,2.26038,2.2606,435
2025-05-21 11:35:00,2.26061,2.26152,2.26032,2.26128,334
2025-05-21 11:40:00,2.26107,2.26107,2.2602,2.26091,424
2025-05-21 11:45:00,2.26091,2.26114,2.26039,2.2608,346
2025-05-21 11:50:00,2.2608,2.26121,2.25974,2.25987,439
2025-05-21 11:55:00,2.2599299999999998,2.26013,2.25924,2.25972,514
2025-05-21 12:00:00,2.25975,2.25992,2.25914,2.25969,466
2025-05-21 12:05:00,2.25969,2.26018,2.25942,2.25985,355
2025-05-21 12:10:00,2.25985,2.25985,2.25907,2.25951,391
2025-05-21 12:15:00,2.25956,2.25996,2.25935,2.2599,334
2025-05-21 12:20:00,2.2599,2.26002,2.25893,2.25939,326
2025-05-21 12:25:00,2.25941,2.25972,2.25835,2.25923,396
2025-05-21 12:30:00,2.25923,2.25976,2.25899,2.2597,334
2025-05-21 12:35:00,2.25974,2.2606,2.25968,2.26052,347
2025-05-21 12:40:00,2.26052,2.26136,2.26031,2.26126,400
2025-05-21 12:45:00,2.26126,2.26205,2.26106,2.26109,340
2025-05-21 12:50:00,2.26113,2.26184,2.26109,2.26173,385
2025-05-21 12:55:00,2.26173,2.26192,2.26116,2.26116,417
2025-05-21 13:00:00,2.26116,2.26159,2.26069,2.26117,439
2025-05-21 13:05:00,2.26119,2.26132,2.26076,2.26105,374
2025-05-21 13:10:00,2.26104,2.2614900000000002,2.26091,2.26144,412
2025-05-21 13:15:00,2.26142,2.26182,2.26038,2.26038,538
2025-05-21 13:20:00,2.26042,2.26055,2.25984,2.26001,630
2025-05-21 13:25:00,2.26001,2.26018,2.2586399999999998,2.25866,648
2025-05-21 13:30:00,2.25859,2.259,2.25698,2.2571,623
2025-05-21 13:35:00,2.25709,2.25807,2.25667,2.25696,528
2025-05-21 13:40:00,2.25696,2.2589,2.2568,2.25868,510
2025-05-21 13:45:00,2.25868,2.25879,2.25743,2.25802,623
2025-05-21 13:50:00,2.258,2.25802,2.25715,2.2577,524
2025-05-21 13:55:00,2.25767,2.25801,2.25712,2.25779,433
2025-05-21 14:00:00,2.25781,2.2578300000000002,2.25639,2.2565,595
2025-05-21 14:05:00,2.25652,2.2568,2.25596,2.25614,447
2025-05-21 14:10:00,2.25611,2.25624,2.25565,2.25618,334
2025-05-21 14:15:00,2.25615,2.25664,2.2558,2.25655,380
2025-05-21 14:20:00,2.25655,2.25687,2.25634,2.25677,381
2025-05-21 14:25:00,2.25674,2.25711,2.25658,2.25687,413
2025-05-21 14:30:00,2.25686,2.2574199999999998,2.25628,2.25734,437
2025-05-21 14:35:00,2.25734,2.25782,2.2566800000000002,2.25671,400
2025-05-21 14:40:00,2.25671,2.25717,2.25544,2.25553,477
2025-05-21 14:45:00,2.25549,2.25689,2.25542,2.25684,424
2025-05-21 14:50:00,2.25684,2.25821,2.25677,2.25818,517
2025-05-21 14:55:00,2.2580999999999998,2.25943,2.25789,2.25938,803
2025-05-21 15:00:00,2.25937,2.26,2.2576,2.25777,740
2025-05-21 15:05:00,2.2577,2.258,2.25724,2.25724,555
2025-05-21 15:10:00,2.25727,2.25767,2.25658,2.25676,523
2025-05-21 15:15:00,2.25672,2.25764,2.25659,2.25747,601
2025-05-21 15:20:00,2.25746,2.25765,2.25664,2.25696,649
2025-05-21 15:25:00,2.25694,2.25762,2.25683,2.25755,519
2025-05-21 15:30:00,2.25752,2.25757,2.25664,2.25721,608
2025-05-21 15:35:00,2.25719,2.25825,2.25696,2.25813,581
2025-05-21 15:40:00,2.25813,2.25874,2.25763,2.25849,453
2025-05-21 15:45:00,2.2585100000000002,2.2592,2.258,2.25901,484
2025-05-21 15:50:00,2.25901,2.25975,2.25901,2.2592,491
2025-05-21 15:55:00,2.25917,2.25992,2.25867,2.25868,610
2025-05-21 16:00:00,2.2586399999999998,2.25911,2.2578300000000002,2.25807,625
2025-05-21 16:05:00,2.25808,2.25825,2.2574199999999998,2.25766,488
2025-05-21 16:10:00,2.25769,2.25821,2.25747,2.25814,522
2025-05-21 16:15:00,2.25816,2.2590500000000002,2.25773,2.25886,550
2025-05-21 16:20:00,2.25888,2.25974,2.25883,2.2597,546
2025-05-21 16:25:00,2.25974,2.26016,2.25934,2.26006,507
2025-05-21 16:30:00,2.25995,2.26016,2.25952,2.25991,777
2025-05-21 16:35:00,2.25991,2.26018,2.2594,2.26007,678
2025-05-21 16:40:00,2.26003,2.26067,2.25931,2.25956,612
2025-05-21 16:45:00,2.25958,2.26049,2.25946,2.25982,557
2025-05-21 16:50:00,2.25985,2.2599299999999998,2.2585,2.25852,555
2025-05-21 16:55:00,2.25855,2.25906,2.25853,2.25879,648
2025-05-21 17:00:00,2.25875,2.25879,2.25727,2.25764,837
2025-05-21 17:05:00,2.25762,2.25765,2.25682,2.25725,686
2025-05-21 17:10:00,2.25727,2.25739,2.25604,2.25628,590
2025-05-21 17:15:00,2.25632,2.25651,2.25535,2.2556,615
2025-05-21 17:20:00,2.25557,2.25663,2.25532,2.25659,638
2025-05-21 17:25:00,2.2566100000000002,2.25725,2.25638,2.25703,625
2025-05-21 17:30:00,2.25706,2.25773,2.25669,2.25727,554
2025-05-21 17:35:00,2.25726,2.25759,2.2568799999999998,2.25701,463
2025-05-21 17:40:00,2.25701,2.25717,2.2556,2.2556,520
2025-05-21 17:45:00,2.25562,2.2557,2.25481,2.2550499999999998,561
2025-05-21 17:50:00,2.2550499999999998,2.25506,2.25366,2.25398,591
2025-05-21 17:55:00,2.254,2.25508,2.25358,2.25503,652
2025-05-21 18:00:00,2.25504,2.2555,2.25457,2.25511,643
2025-05-21 18:05:00,2.25518,2.25534,2.25443,2.25471,623
2025-05-21 18:10:00,2.25474,2.25526,2.25463,2.25475,538
2025-05-21 18:15:00,2.25475,2.25532,2.25459,2.25465,583
2025-05-21 18:20:00,2.25468,2.25496,2.25407,2.25408,607
2025-05-21 18:25:00,2.25412,2.25452,2.25378,2.25439,465
2025-05-21 18:30:00,2.25435,2.25484,2.25402,2.25408,518
2025-05-21 18:35:00,2.25411,2.25479,2.25398,2.25432,481
2025-05-21 18:40:00,2.2544,2.25457,2.25368,2.25377,418
2025-05-21 18:45:00,2.2538,2.2541,2.25341,2.25377,381
2025-05-21 18:50:00,2.25377,2.25393,2.25333,2.25351,435
2025-05-21 18:55:00,2.25351,2.2541700000000002,2.2532,2.25385,462
2025-05-21 19:00:00,2.2537599999999998,2.25425,2.25328,2.25347,377
2025-05-21 19:05:00,2.25345,2.25371,2.2531,2.25371,452
2025-05-21 19:10:00,2.25371,2.25399,2.25325,2.25348,401
2025-05-21 19:15:00,2.25355,2.25434,2.2535,2.25418,413
2025-05-21 19:20:00,2.25416,2.25433,2.25392,2.25412,402
2025-05-21 19:25:00,2.25414,2.25466,2.25405,2.25463,427
2025-05-21 19:30:00,2.25459,2.25459,2.25366,2.25403,458
2025-05-21 19:35:00,2.25403,2.25433,2.25372,2.25414,345
2025-05-21 19:40:00,2.25418,2.25446,2.25394,2.25408,297
2025-05-21 19:45:00,2.25415,2.2543699999999998,2.25379,2.25427,263
2025-05-21 19:50:00,2.25428,2.25457,2.25403,2.25439,253
2025-05-21 19:55:00,2.25435,2.25458,2.25393,2.25438,349
2025-05-21 20:00:00,2.25442,2.25464,2.25383,2.25415,468
2025-05-21 20:05:00,2.25415,2.25463,2.2537599999999998,2.25452,423
2025-05-21 20:10:00,2.25456,2.25506,2.25426,2.25431,415
2025-05-21 20:15:00,2.2542,2.25594,2.25416,2.25531,632
2025-05-21 20:20:00,2.25528,2.25658,2.25519,2.25612,725
2025-05-21 20:25:00,2.25612,2.25677,2.25592,2.2566100000000002,698
2025-05-21 20:30:00,2.25664,2.25787,2.25658,2.25702,803
2025-05-21 20:35:00,2.25709,2.25738,2.25659,2.25692,585
2025-05-21 20:40:00,2.25692,2.25741,2.25654,2.2568099999999998,570
2025-05-21 20:45:00,2.25682,2.25701,2.25608,2.25665,567
2025-05-21 20:50:00,2.2567,2.25808,2.2566800000000002,2.2578300000000002,491
2025-05-21 20:55:00,2.25781,2.25793,2.2572200000000002,2.25723,402
2025-05-21 21:00:00,2.25723,2.25792,2.25706,2.25751,531
2025-05-21 21:05:00,2.25758,2.25772,2.25643,2.25663,397
2025-05-21 21:10:00,2.25667,2.25737,2.25647,2.25683,415
2025-05-21 21:15:00,2.25683,2.25717,2.25658,2.25707,392
2025-05-21 21:20:00,2.25706,2.2574,2.25687,2.25711,367
2025-05-21 21:25:00,2.25711,2.25718,2.25646,2.25653,349
2025-05-21 21:30:00,2.25655,2.25703,2.25647,2.25674,331
2025-05-21 21:35:00,2.25672,2.25712,2.25649,2.2569,312
2025-05-21 21:40:00,2.25687,2.25695,2.25629,2.25642,320
2025-05-21 21:45:00,2.25644,2.25745,2.2563,2.25732,327
2025-05-21 21:50:00,2.25732,2.25794,2.25726,2.25763,394
2025-05-21 21:55:00,2.25774,2.25876,2.25753,2.25834,435
2025-05-21 22:00:00,2.25838,2.2585,2.25738,2.25758,434
2025-05-21 22:05:00,2.25755,2.2580999999999998,2.25718,2.25808,363
2025-05-21 22:10:00,2.25812,2.25827,2.25763,2.25785,391
2025-05-21 22:15:00,2.25787,2.25875,2.25756,2.25875,367
2025-05-21 22:20:00,2.25874,2.25927,2.25842,2.25874,345
2025-05-21 22:25:00,2.25874,2.25902,2.25848,2.2587,336
2025-05-21 22:30:00,2.25869,2.25887,2.25793,2.25827,486
2025-05-21 22:35:00,2.25834,2.2588,2.25788,2.25821,381
2025-05-21 22:40:00,2.25821,2.25872,2.25817,2.2587099999999998,420
2025-05-21 22:45:00,2.25856,2.25911,2.25847,2.25906,396
2025-05-21 22:50:00,2.25892,2.25959,2.25862,2.25953,405
2025-05-21 22:55:00,2.25951,2.25969,2.25893,2.25933,468
2025-05-21 23:00:00,2.25929,2.2602,2.25921,2.26018,538
2025-05-21 23:05:00,2.26018,2.26018,2.25969,2.26006,197
2025-05-21 23:10:00,2.26004,2.26042,2.25979,2.26033,213
2025-05-21 23:15:00,2.26031,2.26075,2.25991,2.26041,198
2025-05-21 23:20:00,2.26041,2.26071,2.26032,2.26064,194
2025-05-21 23:25:00,2.26064,2.26067,2.26016,2.26018,113
2025-05-21 23:30:00,2.2602,2.26064,2.26005,2.26031,102
2025-05-21 23:35:00,2.26028,2.26031,2.25947,2.25979,135
2025-05-21 23:40:00,2.25979,2.25979,2.25691,2.25699,55
2025-05-21 23:45:00,2.25699,2.25708,2.25663,2.25673,85
2025-05-21 23:50:00,2.25675,2.2568,2.2566100000000002,2.25674,100
2025-05-21 23:55:00,2.25672,2.25904,2.2560700000000002,2.25904,216
2025-05-22 00:00:00,2.25825,2.25903,2.25321,2.2560000000000002,11
2025-05-22 00:05:00,2.2561,2.2561,2.25307,2.25582,36
2025-05-22 00:10:00,2.25582,2.25636,2.25562,2.25594,45
2025-05-22 00:15:00,2.25594,2.2564,2.25496,2.25507,106
2025-05-22 00:20:00,2.2547800000000002,2.2557,2.25368,2.2554,67
2025-05-22 00:25:00,2.2554600000000002,2.25548,2.2551,2.2552,68
2025-05-22 00:30:00,2.25518,2.25642,2.25502,2.25632,88
2025-05-22 00:35:00,2.25632,2.25645,2.25629,2.25635,53
2025-05-22 00:40:00,2.25635,2.25663,2.25554,2.25617,107
2025-05-22 00:45:00,2.25616,2.25751,2.25609,2.25751,66
2025-05-22 00:50:00,2.25751,2.25756,2.25751,2.25755,10
2025-05-22 00:55:00,2.25755,2.25791,2.25743,2.25758,73
2025-05-22 01:00:00,2.2577,2.25975,2.2577,2.25939,220
2025-05-22 01:05:00,2.2594,2.26023,2.2590500000000002,2.26007,197
2025-05-22 01:10:00,2.26007,2.26048,2.25967,2.26018,204
2025-05-22 01:15:00,2.26018,2.2610799999999998,2.25981,2.26007,338
2025-05-22 01:20:00,2.26011,2.26043,2.25953,2.26005,355
2025-05-22 01:25:00,2.26006,2.26025,2.25975,2.26014,268
2025-05-22 01:30:00,2.26009,2.26015,2.25907,2.25911,206
2025-05-22 01:35:00,2.25911,2.2594,2.25895,2.25938,193
2025-05-22 01:40:00,2.25936,2.2597,2.25917,2.2593,196
2025-05-22 01:45:00,2.25928,2.25952,2.25911,2.25931,162
2025-05-22 01:50:00,2.25931,2.25955,2.25886,2.25894,181
2025-05-22 01:55:00,2.25894,2.2597300000000002,2.25894,2.25964,176
2025-05-22 02:00:00,2.25956,2.26014,2.25952,2.26002,204
2025-05-22 02:05:00,2.2599,2.26001,2.2596,2.25982,144
2025-05-22 02:10:00,2.25984,2.25997,2.25961,2.2599,200
2025-05-22 02:15:00,2.2599,2.26015,2.25949,2.26007,153
2025-05-22 02:20:00,2.26007,2.26019,2.25975,2.26015,160
2025-05-22 02:25:00,2.26018,2.26074,2.26014,2.26032,224
2025-05-22 02:30:00,2.26037,2.26097,2.26037,2.26094,235
2025-05-22 02:35:00,2.2609500000000002,2.26132,2.26065,2.26129,245
2025-05-22 02:40:00,2.2613,2.26155,2.26109,2.26135,185
2025-05-22 02:45:00,2.26135,2.26144,2.26044,2.26063,208
2025-05-22 02:50:00,2.26061,2.26102,2.26056,2.26098,257
2025-05-22 02:55:00,2.26098,2.2615600000000002,2.26072,2.26152,230
2025-05-22 03:00:00,2.26155,2.26174,2.26094,2.26145,478
2025-05-22 03:05:00,2.26147,2.26159,2.2609500000000002,2.26132,297
2025-05-22 03:10:00,2.26124,2.26124,2.2597,2.25992,541
2025-05-22 03:15:00,2.25994,2.2604,2.25975,2.26006,514
2025-05-22 03:20:00,2.26004,2.26029,2.25949,2.2601,385
2025-05-22 03:25:00,2.26008,2.26104,2.25977,2.26104,438
2025-05-22 03:30:00,2.26103,2.26253,2.2609,2.26228,509
2025-05-22 03:35:00,2.26228,2.26332,2.26228,2.26313,534
2025-05-22 03:40:00,2.26313,2.26371,2.26287,2.26303,502
2025-05-22 03:45:00,2.26304,2.2635,2.26285,2.26309,447
2025-05-22 03:50:00,2.26304,2.26312,2.26183,2.26197,652
2025-05-22 03:55:00,2.26181,2.26225,2.26162,2.26196,512
2025-05-22 04:00:00,2.26195,2.26231,2.26111,2.2615,666
2025-05-22 04:05:00,2.2615,2.26162,2.26062,2.26131,484
2025-05-22 04:10:00,2.26131,2.26211,2.2605399999999998,2.26168,512
2025-05-22 04:15:00,2.26172,2.26192,2.26077,2.26153,620
2025-05-22 04:20:00,2.26153,2.26158,2.2609,2.2614,648
2025-05-22 04:25:00,2.26142,2.26184,2.26101,2.26179,606
2025-05-22 04:30:00,2.26177,2.26254,2.26131,2.2625,571
2025-05-22 04:35:00,2.2625,2.26389,2.26234,2.26338,455
2025-05-22 04:40:00,2.26336,2.26386,2.26323,2.26354,486
2025-05-22 04:45:00,2.26353,2.26498,2.26349,2.26471,434
2025-05-22 04:50:00,2.26466,2.26562,2.26433,2.26562,462
2025-05-22 04:55:00,2.26553,2.26588,2.26526,2.2656,473
2025-05-22 05:00:00,2.26559,2.26677,2.2651,2.26673,449
2025-05-22 05:05:00,2.26675,2.26678,2.26545,2.26558,453
2025-05-22 05:10:00,2.26558,2.26621,2.26525,2.2654,395
2025-05-22 05:15:00,2.26546,2.2664,2.26532,2.2664,417
2025-05-22 05:20:00,2.26637,2.26675,2.26576,2.26591,411
2025-05-22 05:25:00,2.26593,2.26662,2.26591,2.2664400000000002,307
2025-05-22 05:30:00,2.2664,2.26676,2.26497,2.26527,355
2025-05-22 05:35:00,2.2652900000000002,2.26616,2.26524,2.2661,328
2025-05-22 05:40:00,2.26599,2.26628,2.26493,2.26513,371
2025-05-22 05:45:00,2.26512,2.26551,2.26459,2.26491,469
2025-05-22 05:50:00,2.26489,2.26513,2.26472,2.26504,395
2025-05-22 05:55:00,2.26505,2.26561,2.26505,2.2652200000000002,367
2025-05-22 06:00:00,2.26526,2.26543,2.26459,2.26466,478
2025-05-22 06:05:00,2.26466,2.26528,2.2645,2.26527,331
2025-05-22 06:10:00,2.26527,2.2657,2.26505,2.2654,343
2025-05-22 06:15:00,2.26546,2.26547,2.26499,2.26525,401
2025-05-22 06:20:00,2.26523,2.2654199999999998,2.26467,2.26471,205
2025-05-22 06:25:00,2.26471,2.26487,2.26446,2.2648,216
2025-05-22 06:30:00,2.2648,2.26676,2.2648,2.26654,383
2025-05-22 06:35:00,2.26645,2.26687,2.2657,2.2666,281
2025-05-22 06:40:00,2.26658,2.26709,2.26585,2.26608,278
2025-05-22 06:45:00,2.26609,2.26675,2.26594,2.26632,252
2025-05-22 06:50:00,2.26634,2.26653,2.26556,2.2657,225
2025-05-22 06:55:00,2.26565,2.26572,2.26482,2.26516,187
2025-05-22 07:00:00,2.26509,2.26513,2.26437,2.26496,360
2025-05-22 07:05:00,2.26498,2.265,2.26403,2.26416,266
2025-05-22 07:10:00,2.26416,2.26458,2.26341,2.26456,320
2025-05-22 07:15:00,2.26457,2.26505,2.2638,2.2641,293
2025-05-22 07:20:00,2.26406,2.26455,2.26357,2.26365,219
2025-05-22 07:25:00,2.26365,2.26396,2.26308,2.2637,228
2025-05-22 07:30:00,2.2637,2.26433,2.26327,2.26421,266
2025-05-22 07:35:00,2.26425,2.26449,2.26383,2.26392,253
2025-05-22 07:40:00,2.26395,2.26444,2.26368,2.26389,365
2025-05-22 07:45:00,2.26385,2.26394,2.26266,2.2631,299
2025-05-22 07:50:00,2.2631,2.26331,2.2629099999999998,2.26313,256
2025-05-22 07:55:00,2.26312,2.26362,2.26303,2.26336,235
2025-05-22 08:00:00,2.26336,2.26401,2.26287,2.26379,332
2025-05-22 08:05:00,2.26375,2.26398,2.26343,2.26384,235
2025-05-22 08:10:00,2.26381,2.26478,2.26381,2.2646,368
2025-05-22 08:15:00,2.2646,2.2647399999999998,2.26425,2.26449,263
2025-05-22 08:20:00,2.26446,2.26516,2.26444,2.26516,289
2025-05-22 08:25:00,2.26516,2.26557,2.26484,2.26533,290
2025-05-22 08:30:00,2.2653499999999998,2.26574,2.26478,2.26554,332
2025-05-22 08:35:00,2.26555,2.26606,2.26508,2.26572,380
2025-05-22 08:40:00,2.26572,2.26631,2.26559,2.26587,286
2025-05-22 08:45:00,2.26591,2.26595,2.26442,2.265,383
2025-05-22 08:50:00,2.26496,2.26544,2.2649,2.2654199999999998,419
2025-05-22 08:55:00,2.2654,2.26607,2.26539,2.26585,356
2025-05-22 09:00:00,2.26586,2.26587,2.26418,2.26448,503
2025-05-22 09:05:00,2.26451,2.26549,2.26436,2.26493,568
2025-05-22 09:10:00,2.26487,2.26538,2.26438,2.26534,473
2025-05-22 09:15:00,2.26537,2.26653,2.26531,2.2660299999999998,400
2025-05-22 09:20:00,2.2660299999999998,2.26627,2.26562,2.26621,387
2025-05-22 09:25:00,2.26621,2.26638,2.26556,2.26584,477
2025-05-22 09:30:00,2.26584,2.2662,2.26537,2.2658,467
2025-05-22 09:35:00,2.26584,2.26605,2.2652900000000002,2.26601,413
2025-05-22 09:40:00,2.26609,2.26617,2.26514,2.26537,407
2025-05-22 09:45:00,2.26541,2.26562,2.26487,2.2656,484
2025-05-22 09:50:00,2.26558,2.26595,2.26523,2.26566,458
2025-05-22 09:55:00,2.26568,2.26573,2.26485,2.26487,518
2025-05-22 10:00:00,2.26494,2.26518,2.26456,2.2648099999999998,585
2025-05-22 10:05:00,2.2648099999999998,2.26482,2.2641,2.26455,497
2025-05-22 10:10:00,2.26448,2.26541,2.26439,2.26525,548
2025-05-22 10:15:00,2.26525,2.2657,2.26472,2.26532,542
2025-05-22 10:20:00,2.26528,2.26562,2.26451,2.26485,532
2025-05-22 10:25:00,2.26483,2.2655,2.2647399999999998,2.26497,481
2025-05-22 10:30:00,2.26501,2.26521,2.26421,2.26462,847
2025-05-22 10:35:00,2.26459,2.2648099999999998,2.26418,2.26459,570
2025-05-22 10:40:00,2.26459,2.26543,2.26459,2.26528,690
2025-05-22 10:45:00,2.26521,2.26526,2.26448,2.26475,465
2025-05-22 10:50:00,2.26475,2.2652200000000002,2.26456,2.26462,495
2025-05-22 10:55:00,2.26464,2.2652,2.26421,2.26492,433
2025-05-22 11:00:00,2.2648099999999998,2.26567,2.26384,2.26389,604
2025-05-22 11:05:00,2.26391,2.26394,2.26267,2.26295,756
2025-05-22 11:10:00,2.26294,2.2634600000000002,2.26218,2.26248,630
2025-05-22 11:15:00,2.26248,2.26266,2.26178,2.26188,520
2025-05-22 11:20:00,2.26186,2.26209,2.26133,2.26195,534
2025-05-22 11:25:00,2.26191,2.26284,2.26188,2.26277,381
2025-05-22 11:30:00,2.26283,2.26317,2.26241,2.26273,454
2025-05-22 11:35:00,2.26277,2.2639,2.26263,2.2634600000000002,529
2025-05-22 11:40:00,2.26342,2.26374,2.26307,2.26323,559
2025-05-22 11:45:00,2.2632,2.26415,2.26297,2.26415,562
2025-05-22 11:50:00,2.26415,2.26449,2.26385,2.26405,615
2025-05-22 11:55:00,2.26405,2.26427,2.26328,2.26375,612
2025-05-22 12:00:00,2.26378,2.26556,2.26377,2.26538,665
2025-05-22 12:05:00,2.26538,2.26747,2.26519,2.26723,575
2025-05-22 12:10:00,2.26719,2.26767,2.26662,2.26741,597
2025-05-22 12:15:00,2.26745,2.26857,2.26745,2.26824,448
2025-05-22 12:20:00,2.26821,2.26842,2.26763,2.26777,452
2025-05-22 12:25:00,2.26777,2.26802,2.26704,2.2672,403
2025-05-22 12:30:00,2.2672,2.26755,2.267,2.26721,432
2025-05-22 12:35:00,2.26716,2.26769,2.2671200000000002,2.26734,293
2025-05-22 12:40:00,2.26733,2.26832,2.2670500000000002,2.26821,373
2025-05-22 12:45:00,2.26814,2.26918,2.26812,2.2688800000000002,378
2025-05-22 12:50:00,2.26884,2.26964,2.26884,2.26959,424
2025-05-22 12:55:00,2.26959,2.26997,2.26911,2.26948,390
2025-05-22 13:00:00,2.26948,2.27012,2.26924,2.26961,554
2025-05-22 13:05:00,2.26959,2.27042,2.26938,2.27021,452
2025-05-22 13:10:00,2.27025,2.2706,2.26981,2.27013,457
2025-05-22 13:15:00,2.27013,2.27028,2.26941,2.26954,366
2025-05-22 13:20:00,2.2695600000000002,2.26981,2.26939,2.26979,343
2025-05-22 13:25:00,2.26978,2.26983,2.26917,2.26945,347
2025-05-22 13:30:00,2.26941,2.26977,2.26898,2.26947,420
2025-05-22 13:35:00,2.2695,2.26966,2.26925,2.2695600000000002,340
2025-05-22 13:40:00,2.2695600000000002,2.27021,2.2695600000000002,2.27008,253
2025-05-22 13:45:00,2.27007,2.27155,2.26973,2.27122,363
2025-05-22 13:50:00,2.27124,2.27143,2.27082,2.2713900000000002,351
2025-05-22 13:55:00,2.27137,2.27172,2.27062,2.27074,391
2025-05-22 14:00:00,2.27082,2.27126,2.27029,2.27058,509
2025-05-22 14:05:00,2.27062,2.27118,2.27056,2.2709,451
2025-05-22 14:10:00,2.2709,2.27131,2.27002,2.27013,374
2025-05-22 14:15:00,2.2701700000000002,2.27019,2.26947,2.26978,424
2025-05-22 14:20:00,2.26978,2.26983,2.26932,2.26962,391
2025-05-22 14:25:00,2.26967,2.27013,2.26955,2.26991,335
2025-05-22 14:30:00,2.26991,2.27076,2.26983,2.27064,420
2025-05-22 14:35:00,2.27066,2.27178,2.27015,2.27171,482
2025-05-22 14:40:00,2.27178,2.27247,2.27161,2.27246,419
2025-05-22 14:45:00,2.27246,2.27251,2.27151,2.27174,398
2025-05-22 14:50:00,2.27174,2.27237,2.27154,2.27189,424
2025-05-22 14:55:00,2.27187,2.27251,2.27166,2.27181,563
2025-05-22 15:00:00,2.27179,2.27209,2.27105,2.27198,559
2025-05-22 15:05:00,2.27194,2.27224,2.27151,2.27187,460
2025-05-22 15:10:00,2.2718,2.2726,2.2713900000000002,2.27226,552
2025-05-22 15:15:00,2.2721999999999998,2.27282,2.27188,2.27271,538
2025-05-22 15:20:00,2.27269,2.27273,2.27161,2.27178,553
2025-05-22 15:25:00,2.27178,2.2721999999999998,2.27123,2.2721999999999998,379
2025-05-22 15:30:00,2.27202,2.27239,2.27092,2.27113,605
2025-05-22 15:35:00,2.27111,2.27147,2.27033,2.27058,729
2025-05-22 15:40:00,2.27061,2.27116,2.27036,2.27073,565
2025-05-22 15:45:00,2.27075,2.27075,2.26958,2.26978,509
2025-05-22 15:50:00,2.26977,2.27031,2.26938,2.26992,642
2025-05-22 15:55:00,2.26992,2.27011,2.26932,2.26961,503
2025-05-22 16:00:00,2.26948,2.27038,2.26928,2.26993,677
2025-05-22 16:05:00,2.26993,2.27063,2.2694,2.27047,610
2025-05-22 16:10:00,2.27057,2.27128,2.27046,2.27111,453
2025-05-22 16:15:00,2.27116,2.27219,2.27108,2.27216,456
2025-05-22 16:20:00,2.27216,2.27318,2.27216,2.27293,432
2025-05-22 16:25:00,2.27303,2.27331,2.27242,2.27252,464
2025-05-22 16:30:00,2.27257,2.27344,2.27226,2.27326,633
2025-05-22 16:35:00,2.27326,2.2733,2.27219,2.27246,631
2025-05-22 16:40:00,2.27246,2.27266,2.27096,2.27157,504
2025-05-22 16:45:00,2.27079,2.274,2.27079,2.2738300000000002,868
2025-05-22 16:50:00,2.27373,2.2740299999999998,2.27289,2.27332,786
2025-05-22 16:55:00,2.27334,2.2744400000000002,2.27299,2.27394,702
2025-05-22 17:00:00,2.2739,2.27466,2.27348,2.27447,824
2025-05-22 17:05:00,2.27446,2.27533,2.27388,2.2750500000000002,502
2025-05-22 17:10:00,2.27512,2.27577,2.2740299999999998,2.27415,669
2025-05-22 17:15:00,2.27417,2.27476,2.27372,2.27392,599
2025-05-22 17:20:00,2.27392,2.27418,2.27325,2.27371,635
2025-05-22 17:25:00,2.27371,2.27402,2.27317,2.27317,609
2025-05-22 17:30:00,2.27318,2.27381,2.2731500000000002,2.27379,625
2025-05-22 17:35:00,2.27384,2.27389,2.2726100000000002,2.27287,526
2025-05-22 17:40:00,2.27287,2.27289,2.27142,2.27207,560
2025-05-22 17:45:00,2.27207,2.273,2.27188,2.27293,522
2025-05-22 17:50:00,2.27288,2.27288,2.2719,2.27267,669
2025-05-22 17:55:00,2.27267,2.27334,2.27232,2.27323,726
2025-05-22 18:00:00,2.27323,2.274,2.27293,2.27387,735
2025-05-22 18:05:00,2.27387,2.2744,2.27288,2.27393,739
2025-05-22 18:10:00,2.2739599999999998,2.27435,2.2734199999999998,2.27416,563
2025-05-22 18:15:00,2.27412,2.27527,2.2741,2.27516,525
2025-05-22 18:20:00,2.27516,2.27516,2.27324,2.27329,495
2025-05-22 18:25:00,2.27336,2.27392,2.27278,2.27374,521
2025-05-22 18:30:00,2.27374,2.2738300000000002,2.2728,2.27319,558
2025-05-22 18:35:00,2.27325,2.27354,2.27283,2.27325,461
2025-05-22 18:40:00,2.27325,2.27344,2.27287,2.27313,453
2025-05-22 18:45:00,2.27313,2.27344,2.2728,2.27323,416
2025-05-22 18:50:00,2.27323,2.27327,2.27214,2.27229,388
2025-05-22 18:55:00,2.27229,2.27317,2.27217,2.27287,497
2025-05-22 19:00:00,2.27283,2.27332,2.27256,2.27279,485
2025-05-22 19:05:00,2.2728,2.27311,2.27214,2.27232,494
2025-05-22 19:10:00,2.27236,2.27262,2.27205,2.27232,424
2025-05-22 19:15:00,2.27231,2.27278,2.27201,2.27249,439
2025-05-22 19:20:00,2.27251,2.27278,2.27225,2.27225,409
2025-05-22 19:25:00,2.27227,2.27292,2.2719300000000002,2.27287,333
2025-05-22 19:30:00,2.27291,2.2735,2.2728,2.27344,357
2025-05-22 19:35:00,2.2734199999999998,2.27372,2.27289,2.2729,365
2025-05-22 19:40:00,2.2729,2.27349,2.27278,2.2733499999999998,377
2025-05-22 19:45:00,2.27339,2.27358,2.27299,2.27349,354
2025-05-22 19:50:00,2.27352,2.27356,2.27298,2.27316,303
2025-05-22 19:55:00,2.27314,2.27348,2.27265,2.27282,419
2025-05-22 20:00:00,2.27282,2.2731,2.2721999999999998,2.27231,531
2025-05-22 20:05:00,2.27232,2.2726100000000002,2.27209,2.27248,416
2025-05-22 20:10:00,2.2725,2.27262,2.27187,2.27235,499
2025-05-22 20:15:00,2.27229,2.27243,2.27176,2.27207,396
2025-05-22 20:20:00,2.27207,2.27272,2.27185,2.2723,557
2025-05-22 20:25:00,2.27237,2.27275,2.2721299999999998,2.27229,557
2025-05-22 20:30:00,2.27232,2.2726100000000002,2.27202,2.27235,440
2025-05-22 20:35:00,2.27239,2.2728099999999998,2.27228,2.27257,334
2025-05-22 20:40:00,2.27257,2.27265,2.27222,2.27247,282
2025-05-22 20:45:00,2.27249,2.27288,2.2721999999999998,2.27234,351
2025-05-22 20:50:00,2.27241,2.27268,2.27228,2.27255,271
2025-05-22 20:55:00,2.27257,2.27283,2.27216,2.27265,338
2025-05-22 21:00:00,2.27263,2.27292,2.27247,2.2728,297
2025-05-22 21:05:00,2.2728,2.27286,2.27245,2.2728,296
2025-05-22 21:10:00,2.27276,2.27288,2.27241,2.27255,270
2025-05-22 21:15:00,2.27255,2.27284,2.27222,2.27275,295
2025-05-22 21:20:00,2.2727399999999998,2.27324,2.2725400000000002,2.27295,278
2025-05-22 21:25:00,2.27298,2.27332,2.27289,2.27325,225
2025-05-22 21:30:00,2.27325,2.27372,2.27299,2.27348,288
2025-05-22 21:35:00,2.27352,2.27368,2.27318,2.27348,345
2025-05-22 21:40:00,2.27352,2.274,2.2733499999999998,2.27367,395
2025-05-22 21:45:00,2.27367,2.2738300000000002,2.27317,2.2737,349
2025-05-22 21:50:00,2.2737,2.2741,2.27354,2.27394,371
2025-05-22 21:55:00,2.27397,2.2742,2.27357,2.27409,323
2025-05-22 22:00:00,2.27409,2.27451,2.27391,2.27411,317
2025-05-22 22:05:00,2.27419,2.27473,2.27415,2.27473,203
2025-05-22 22:10:00,2.27473,2.27479,2.2743700000000002,2.2746,224
2025-05-22 22:15:00,2.27463,2.27472,2.27412,2.27412,237
2025-05-22 22:20:00,2.27414,2.27449,2.27408,2.27441,251
2025-05-22 22:25:00,2.27441,2.27465,2.27421,2.27431,288
2025-05-22 22:30:00,2.27435,2.27474,2.2742,2.27465,264
2025-05-22 22:35:00,2.27467,2.2747,2.27417,2.27439,185
2025-05-22 22:40:00,2.27439,2.2745699999999998,2.27413,2.27452,280
2025-05-22 22:45:00,2.27459,2.27489,2.27422,2.27449,290
2025-05-22 22:50:00,2.2743700000000002,2.27484,2.27425,2.27462,289
2025-05-22 22:55:00,2.27463,2.27541,2.27395,2.27414,565
2025-05-22 23:00:00,2.27412,2.27431,2.27331,2.27398,365
2025-05-22 23:05:00,2.27398,2.27438,2.2739,2.27405,245
2025-05-22 23:10:00,2.27409,2.27429,2.27378,2.27428,212
2025-05-22 23:15:00,2.27427,2.27447,2.27413,2.2743700000000002,168
2025-05-22 23:20:00,2.2743700000000002,2.27461,2.27424,2.27446,179
2025-05-22 23:25:00,2.27443,2.27472,2.2743700000000002,2.27448,180
2025-05-22 23:30:00,2.27452,2.27538,2.27435,2.27533,158
2025-05-22 23:35:00,2.27535,2.27545,2.27487,2.27506,139
2025-05-22 23:40:00,2.27506,2.27506,2.27236,2.2726,142
2025-05-22 23:45:00,2.27256,2.2727,2.27222,2.27222,147
2025-05-22 23:50:00,2.27226,2.27226,2.27154,2.27173,119
2025-05-22 23:55:00,2.27173,2.27445,2.27135,2.27414,199
2025-05-23 00:00:00,2.27328,2.27328,2.27001,2.2715,13
2025-05-23 00:05:00,2.2715,2.2715,2.26984,2.27089,59
2025-05-23 00:10:00,2.2709,2.27092,2.27018,2.27038,57
2025-05-23 00:15:00,2.27036,2.2714,2.27028,2.27136,55
2025-05-23 00:20:00,2.27136,2.2731500000000002,2.27102,2.2731500000000002,52
2025-05-23 00:25:00,2.2731500000000002,2.27323,2.27286,2.27311,18
2025-05-23 00:30:00,2.27311,2.27366,2.27205,2.27241,78
2025-05-23 00:35:00,2.27241,2.2727399999999998,2.27134,2.27267,104
2025-05-23 00:40:00,2.27267,2.27273,2.27161,2.2719,310
2025-05-23 00:45:00,2.2719,2.27248,2.27164,2.27164,40
2025-05-23 00:50:00,2.27164,2.27298,2.27164,2.27267,48
2025-05-23 00:55:00,2.27268,2.27394,2.27268,2.27367,132
2025-05-23 01:00:00,2.2738,2.27547,2.27343,2.27547,161
2025-05-23 01:05:00,2.27545,2.27576,2.2740299999999998,2.27491,123
2025-05-23 01:10:00,2.27495,2.2754,2.2742,2.2748,194
2025-05-23 01:15:00,2.27501,2.2758599999999998,2.27501,2.27555,191
2025-05-23 01:20:00,2.27555,2.27556,2.27536,2.27538,128
2025-05-23 01:25:00,2.27538,2.27542,2.27502,2.27517,200
2025-05-23 01:30:00,2.27517,2.27527,2.27491,2.27513,75
2025-05-23 01:35:00,2.27512,2.2751799999999998,2.27441,2.27485,162
2025-05-23 01:40:00,2.27485,2.27535,2.27485,2.27517,122
2025-05-23 01:45:00,2.27519,2.27547,2.27422,2.27461,138
2025-05-23 01:50:00,2.27461,2.27468,2.27442,2.2745,151
2025-05-23 01:55:00,2.27454,2.27501,2.27454,2.27495,108
2025-05-23 02:00:00,2.27495,2.27524,2.27478,2.27508,153
2025-05-23 02:05:00,2.27512,2.27596,2.27488,2.27595,155
2025-05-23 02:10:00,2.27595,2.27609,2.27547,2.27596,157
2025-05-23 02:15:00,2.27596,2.27602,2.27563,2.276,92
2025-05-23 02:20:00,2.276,2.276,2.27556,2.27561,102
2025-05-23 02:25:00,2.27562,2.27574,2.27516,2.2754,136
2025-05-23 02:30:00,2.2754,2.27551,2.2751,2.27544,166
2025-05-23 02:35:00,2.27544,2.27552,2.27517,2.27523,131
2025-05-23 02:40:00,2.27523,2.27542,2.2749,2.27506,113
2025-05-23 02:45:00,2.27508,2.27528,2.27432,2.27477,143
2025-05-23 02:50:00,2.27477,2.27491,2.2745699999999998,2.2749,142
2025-05-23 02:55:00,2.27492,2.27522,2.27479,2.27482,196
2025-05-23 03:00:00,2.27487,2.2754,2.27438,2.27467,450
2025-05-23 03:05:00,2.27467,2.27477,2.27407,2.27456,331
2025-05-23 03:10:00,2.27443,2.275,2.27428,2.27485,354
2025-05-23 03:15:00,2.27486,2.27489,2.2744,2.27477,355
2025-05-23 03:20:00,2.27478,2.27515,2.27449,2.27458,332
2025-05-23 03:25:00,2.27458,2.27519,2.27448,2.27502,240
2025-05-23 03:30:00,2.27502,2.2756,2.27497,2.2752,320
2025-05-23 03:35:00,2.2751799999999998,2.27553,2.27502,2.27539,304
2025-05-23 03:40:00,2.27541,2.27578,2.27519,2.27554,278
2025-05-23 03:45:00,2.27558,2.27573,2.27489,2.2750500000000002,384
2025-05-23 03:50:00,2.2750500000000002,2.27562,2.27485,2.27533,479
2025-05-23 03:55:00,2.27531,2.27548,2.27434,2.27434,440
2025-05-23 04:00:00,2.27438,2.27496,2.2741,2.27418,438
2025-05-23 04:05:00,2.27417,2.27424,2.27317,2.27331,497
2025-05-23 04:10:00,2.27336,2.27363,2.27298,2.27305,449
2025-05-23 04:15:00,2.27309,2.2738,2.27259,2.27377,469
2025-05-23 04:20:00,2.27374,2.2742,2.2736,2.27372,236
2025-05-23 04:25:00,2.27372,2.27377,2.27324,2.27346,220
2025-05-23 04:30:00,2.27346,2.27408,2.27336,2.27408,442
2025-05-23 04:35:00,2.27408,2.2741,2.2728099999999998,2.27305,357
2025-05-23 04:40:00,2.27305,2.27325,2.27259,2.27308,403
2025-05-23 04:45:00,2.2731,2.27347,2.27272,2.27303,303
2025-05-23 04:50:00,2.27303,2.27378,2.273,2.27365,422
2025-05-23 04:55:00,2.27365,2.27373,2.27292,2.2731,450
2025-05-23 05:00:00,2.2731,2.2734199999999998,2.27264,2.273,350
2025-05-23 05:05:00,2.27288,2.27365,2.27288,2.2734199999999998,240
2025-05-23 05:10:00,2.2734199999999998,2.27354,2.27301,2.27325,285
2025-05-23 05:15:00,2.27323,2.2735,2.27298,2.27329,271
2025-05-23 05:20:00,2.27329,2.27372,2.27329,2.27331,240
2025-05-23 05:25:00,2.27332,2.27354,2.27316,2.2734199999999998,208
2025-05-23 05:30:00,2.2734,2.2743700000000002,2.27331,2.27418,319
2025-05-23 05:35:00,2.27418,2.27467,2.27395,2.27439,328
2025-05-23 05:40:00,2.27439,2.27471,2.27421,2.27463,289
2025-05-23 05:45:00,2.27467,2.27482,2.27422,2.2744,211
2025-05-23 05:50:00,2.2744,2.2744,2.27317,2.2735,246
2025-05-23 05:55:00,2.27354,2.27404,2.27336,2.27366,225
2025-05-23 06:00:00,2.27365,2.27392,2.27346,2.27379,252
2025-05-23 06:05:00,2.27382,2.2738300000000002,2.27328,2.27339,243
2025-05-23 06:10:00,2.27343,2.27346,2.27255,2.27273,215
2025-05-23 06:15:00,2.27273,2.27301,2.27217,2.27219,150
2025-05-23 06:20:00,2.27219,2.27223,2.2715899999999998,2.27171,251
2025-05-23 06:25:00,2.27171,2.27208,2.27158,2.27179,207
2025-05-23 06:30:00,2.2717,2.27215,2.2715199999999998,2.27192,201
2025-05-23 06:35:00,2.27194,2.27258,2.27179,2.27249,251
2025-05-23 06:40:00,2.2725,2.27252,2.2720000000000002,2.27216,257
2025-05-23 06:45:00,2.27216,2.27227,2.27175,2.27221,204
2025-05-23 06:50:00,2.27221,2.27225,2.27158,2.27188,194
2025-05-23 06:55:00,2.27191,2.2727,2.27186,2.27268,261
2025-05-23 07:00:00,2.27268,2.27279,2.27162,2.27163,300
2025-05-23 07:05:00,2.27164,2.27188,2.27101,2.27123,241
2025-05-23 07:10:00,2.27123,2.27153,2.27109,2.27116,174
2025-05-23 07:15:00,2.27118,2.27161,2.2709799999999998,2.27142,173
2025-05-23 07:20:00,2.27142,2.27212,2.27135,2.27202,148
2025-05-23 07:25:00,2.27194,2.27217,2.27166,2.27176,165
2025-05-23 07:30:00,2.27173,2.27214,2.27163,2.27175,228
2025-05-23 07:35:00,2.27173,2.27186,2.27143,2.27181,236
2025-05-23 07:40:00,2.27181,2.27266,2.27174,2.27266,278
2025-05-23 07:45:00,2.27266,2.27338,2.27258,2.27331,288
2025-05-23 07:50:00,2.27333,2.27333,2.2727399999999998,2.2732,210
2025-05-23 07:55:00,2.2732,2.27352,2.27298,2.27312,232
2025-05-23 08:00:00,2.2731,2.27334,2.2728099999999998,2.27303,232
2025-05-23 08:05:00,2.27305,2.27305,2.27248,2.27257,200
2025-05-23 08:10:00,2.27256,2.27266,2.2721999999999998,2.27252,144
2025-05-23 08:15:00,2.27242,2.27257,2.27178,2.27235,179
2025-05-23 08:20:00,2.2723,2.27234,2.27202,2.27214,143
2025-05-23 08:25:00,2.27215,2.2727,2.27212,2.27245,155
2025-05-23 08:30:00,2.27247,2.2728,2.27223,2.2725400000000002,245
2025-05-23 08:35:00,2.2726100000000002,2.27306,2.27247,2.27306,277
2025-05-23 08:40:00,2.2732,2.27343,2.27305,2.27316,216
2025-05-23 08:45:00,2.27316,2.27343,2.27286,2.27323,255
2025-05-23 08:50:00,2.27323,2.27323,2.27232,2.27269,267
2025-05-23 08:55:00,2.27273,2.27338,2.27244,2.27289,419
2025-05-23 09:00:00,2.27286,2.27377,2.27275,2.27348,439
2025-05-23 09:05:00,2.2735,2.27384,2.27327,2.27348,373
2025-05-23 09:10:00,2.27348,2.27397,2.27317,2.27325,419
2025-05-23 09:15:00,2.27325,2.27391,2.27311,2.2736,432
2025-05-23 09:20:00,2.27361,2.27387,2.27319,2.27343,353
2025-05-23 09:25:00,2.27338,2.27377,2.27297,2.27297,470
2025-05-23 09:30:00,2.27297,2.27317,2.27247,2.2728,400
2025-05-23 09:35:00,2.2728,2.2733,2.27251,2.27319,409
2025-05-23 09:40:00,2.27312,2.27338,2.2724,2.27257,336
2025-05-23 09:45:00,2.27257,2.27268,2.27192,2.27206,285
2025-05-23 09:50:00,2.27208,2.27251,2.2717,2.27204,346
2025-05-23 09:55:00,2.2720000000000002,2.27246,2.27184,2.27231,376
2025-05-23 10:00:00,2.27229,2.27229,2.2708,2.2711,537
2025-05-23 10:05:00,2.27112,2.2716,2.27001,2.27002,420
2025-05-23 10:10:00,2.27001,2.27035,2.26923,2.2702,516
2025-05-23 10:15:00,2.27022,2.27052,2.2694900000000002,2.26981,449
2025-05-23 10:20:00,2.26979,2.27053,2.26941,2.27014,629
2025-05-23 10:25:00,2.27008,2.27008,2.26866,2.26923,535
2025-05-23 10:30:00,2.26925,2.2695600000000002,2.26825,2.26851,524
2025-05-23 10:35:00,2.2684699999999998,2.26896,2.26791,2.2683400000000002,474
2025-05-23 10:40:00,2.2683400000000002,2.26849,2.26706,2.26713,461
2025-05-23 10:45:00,2.26715,2.26758,2.26672,2.26716,489
2025-05-23 10:50:00,2.2671799999999998,2.26771,2.26663,2.26688,412
2025-05-23 10:55:00,2.26688,2.26763,2.26665,2.26756,378
2025-05-23 11:00:00,2.26756,2.26814,2.26729,2.26776,375
2025-05-23 11:05:00,2.26776,2.26817,2.26761,2.2681,426
2025-05-23 11:10:00,2.26814,2.26843,2.26753,2.26809,534
2025-05-23 11:15:00,2.26809,2.2690799999999998,2.26785,2.26897,444
2025-05-23 11:20:00,2.26889,2.26914,2.26844,2.269,366
2025-05-23 11:25:00,2.269,2.26974,2.26879,2.26954,317
2025-05-23 11:30:00,2.26958,2.26998,2.2695,2.26975,327
2025-05-23 11:35:00,2.26975,2.27033,2.2696,2.26981,287
2025-05-23 11:40:00,2.2698,2.27,2.26946,2.26983,294
2025-05-23 11:45:00,2.26973,2.27025,2.26959,2.2701000000000002,363
2025-05-23 11:50:00,2.27005,2.27029,2.2695600000000002,2.26972,355
2025-05-23 11:55:00,2.26972,2.2699,2.2688800000000002,2.26893,293
2025-05-23 12:00:00,2.26891,2.26927,2.26824,2.26838,439
2025-05-23 12:05:00,2.26838,2.26853,2.26789,2.26817,458
2025-05-23 12:10:00,2.26813,2.26848,2.26794,2.26837,412
2025-05-23 12:15:00,2.26839,2.26857,2.26761,2.26808,371
2025-05-23 12:20:00,2.26808,2.26809,2.26715,2.2678,408
2025-05-23 12:25:00,2.26783,2.26797,2.26708,2.26715,375
2025-05-23 12:30:00,2.26715,2.26715,2.26632,2.26662,346
2025-05-23 12:35:00,2.2666,2.2667,2.26534,2.26574,295
2025-05-23 12:40:00,2.26574,2.2664,2.26571,2.26591,286
2025-05-23 12:45:00,2.26606,2.26622,2.26587,2.2659599999999998,298
2025-05-23 12:50:00,2.2659599999999998,2.26674,2.26566,2.26665,365
2025-05-23 12:55:00,2.26666,2.26693,2.26581,2.26586,436
2025-05-23 13:00:00,2.26586,2.26591,2.26496,2.26504,486
2025-05-23 13:05:00,2.26504,2.26589,2.26492,2.26566,369
2025-05-23 13:10:00,2.26567,2.26625,2.26551,2.26557,454
2025-05-23 13:15:00,2.26556,2.26556,2.26475,2.26524,386
2025-05-23 13:20:00,2.2652,2.26536,2.26486,2.26504,384
2025-05-23 13:25:00,2.26504,2.26526,2.26453,2.26467,263
2025-05-23 13:30:00,2.26455,2.26508,2.2641299999999998,2.26495,274
2025-05-23 13:35:00,2.26492,2.26571,2.26492,2.26561,315
2025-05-23 13:40:00,2.26561,2.26617,2.26533,2.26614,296
2025-05-23 13:45:00,2.26614,2.26656,2.26589,2.26592,243
2025-05-23 13:50:00,2.26592,2.26599,2.26543,2.26545,254
2025-05-23 13:55:00,2.26543,2.26566,2.26514,2.26547,445
2025-05-23 14:00:00,2.26547,2.26619,2.26484,2.26489,426
2025-05-23 14:05:00,2.26497,2.26513,2.26459,2.26466,267
2025-05-23 14:10:00,2.26466,2.26581,2.26466,2.26565,334
2025-05-23 14:15:00,2.26565,2.26579,2.26436,2.26514,404
2025-05-23 14:20:00,2.26532,2.26593,2.26459,2.26472,964
2025-05-23 14:25:00,2.26471,2.26492,2.26393,2.26426,630
2025-05-23 14:30:00,2.26426,2.26439,2.26334,2.26357,542
2025-05-23 14:35:00,2.26354,2.26401,2.2633,2.26368,577
2025-05-23 14:40:00,2.26366,2.26545,2.26326,2.26418,781
2025-05-23 14:45:00,2.26414,2.26454,2.26246,2.26281,1147
2025-05-23 14:50:00,2.26279,2.26472,2.26189,2.26401,1046
2025-05-23 14:55:00,2.26386,2.26561,2.26334,2.2653,887
2025-05-23 15:00:00,2.26527,2.26649,2.26446,2.26551,965
2025-05-23 15:05:00,2.26538,2.26818,2.26519,2.26818,1018
2025-05-23 15:10:00,2.26813,2.26871,2.26707,2.26785,948
2025-05-23 15:15:00,2.26788,2.26819,2.26616,2.26616,776
2025-05-23 15:20:00,2.26613,2.26723,2.2657,2.26716,765
2025-05-23 15:25:00,2.2672,2.26741,2.26611,2.26627,662
2025-05-23 15:30:00,2.26625,2.2675,2.26604,2.26676,722
2025-05-23 15:35:00,2.26676,2.26746,2.26668,2.26716,753
2025-05-23 15:40:00,2.26713,2.26859,2.26696,2.26822,774
2025-05-23 15:45:00,2.2682700000000002,2.26882,2.26762,2.26798,725
2025-05-23 15:50:00,2.26793,2.26821,2.26714,2.26719,712
2025-05-23 15:55:00,2.26723,2.26804,2.26698,2.26719,680
2025-05-23 16:00:00,2.26719,2.26772,2.26631,2.26731,809
2025-05-23 16:05:00,2.26733,2.26853,2.26697,2.26837,662
2025-05-23 16:10:00,2.26833,2.26957,2.26802,2.26868,653
2025-05-23 16:15:00,2.2687,2.26898,2.26752,2.26775,523
2025-05-23 16:20:00,2.26777,2.26794,2.26711,2.26784,603
2025-05-23 16:25:00,2.26784,2.26826,2.26691,2.2670500000000002,602
2025-05-23 16:30:00,2.26703,2.26796,2.26653,2.26717,638
2025-05-23 16:35:00,2.26717,2.26746,2.26604,2.26711,714
2025-05-23 16:40:00,2.26709,2.26743,2.26552,2.26562,688
2025-05-23 16:45:00,2.26558,2.26668,2.2653,2.26551,634
2025-05-23 16:50:00,2.26551,2.2660299999999998,2.26463,2.265,634
2025-05-23 16:55:00,2.265,2.26519,2.26415,2.26488,561
2025-05-23 17:00:00,2.26482,2.26526,2.26391,2.26446,675
2025-05-23 17:05:00,2.26446,2.26482,2.2637,2.26392,591
2025-05-23 17:10:00,2.2639,2.26469,2.26159,2.26185,689
2025-05-23 17:15:00,2.26188,2.26224,2.26127,2.26182,568
2025-05-23 17:20:00,2.26178,2.26239,2.25923,2.25923,667
2025-05-23 17:25:00,2.25923,2.26008,2.2591200000000002,2.25927,592
2025-05-23 17:30:00,2.25927,2.25928,2.25818,2.25872,582
2025-05-23 17:35:00,2.25874,2.26014,2.25874,2.2599,544
2025-05-23 17:40:00,2.2599,2.26022,2.25956,2.25989,561
2025-05-23 17:45:00,2.25989,2.26046,2.25928,2.25954,446
2025-05-23 17:50:00,2.26002,2.26035,2.25898,2.25918,633
2025-05-23 17:55:00,2.25918,2.25945,2.25869,2.25899,714
2025-05-23 18:00:00,2.25897,2.25937,2.25838,2.25899,705
2025-05-23 18:05:00,2.25899,2.25968,2.25879,2.25954,503
2025-05-23 18:10:00,2.25954,2.2599,2.25898,2.25961,457
2025-05-23 18:15:00,2.25961,2.2603400000000002,2.25937,2.26001,446
2025-05-23 18:20:00,2.26001,2.26045,2.2596600000000002,2.26033,481
2025-05-23 18:25:00,2.26025,2.26061,2.25984,2.25984,495
2025-05-23 18:30:00,2.25984,2.26042,2.25953,2.26001,460
2025-05-23 18:35:00,2.26003,2.26105,2.25996,2.26085,526
2025-05-23 18:40:00,2.26085,2.26085,2.26013,2.26046,495
2025-05-23 18:45:00,2.2604,2.26048,2.25975,2.2603,500
2025-05-23 18:50:00,2.2603,2.26099,2.25988,2.26084,561
2025-05-23 18:55:00,2.26074,2.2609,2.26036,2.26037,476
2025-05-23 19:00:00,2.26037,2.26087,2.26019,2.26061,516
2025-05-23 19:05:00,2.26067,2.26124,2.26045,2.26105,406
2025-05-23 19:10:00,2.26089,2.26132,2.26052,2.26071,457
2025-05-23 19:15:00,2.26071,2.26084,2.2602,2.2605,383
2025-05-23 19:20:00,2.2605,2.2608800000000002,2.26033,2.26058,370
2025-05-23 19:25:00,2.26061,2.26118,2.26059,2.26092,302
2025-05-23 19:30:00,2.26101,2.2614,2.26072,2.2614,337
2025-05-23 19:35:00,2.26142,2.26144,2.2608,2.2609,308
2025-05-23 19:40:00,2.2609,2.26096,2.26043,2.26066,298
2025-05-23 19:45:00,2.26066,2.26071,2.25967,2.25987,319
2025-05-23 19:50:00,2.2598599999999998,2.26046,2.25953,2.25953,371
2025-05-23 19:55:00,2.25946,2.26037,2.2584,2.25991,464
2025-05-23 20:00:00,2.25991,2.26105,2.25972,2.25984,546
2025-05-23 20:05:00,2.25987,2.26021,2.25977,2.25997,314
2025-05-23 20:10:00,2.25997,2.25998,2.25937,2.2597300000000002,337
2025-05-23 20:15:00,2.25934,2.25961,2.25907,2.25928,250
2025-05-23 20:20:00,2.25928,2.25953,2.25895,2.25926,353
2025-05-23 20:25:00,2.25926,2.25938,2.25884,2.25922,390
2025-05-23 20:30:00,2.25935,2.25984,2.25923,2.25975,377
2025-05-23 20:35:00,2.25979,2.26007,2.25956,2.25996,334
2025-05-23 20:40:00,2.25995,2.26007,2.2592499999999998,2.25988,311
2025-05-23 20:45:00,2.25988,2.26023,2.25948,2.26007,345
2025-05-23 20:50:00,2.26007,2.26021,2.25965,2.2597,292
2025-05-23 20:55:00,2.25984,2.25997,2.25926,2.25947,347
2025-05-23 21:00:00,2.25945,2.26024,2.25915,2.26016,357
2025-05-23 21:05:00,2.26016,2.26053,2.25974,2.2599299999999998,305
2025-05-23 21:10:00,2.2599299999999998,2.26,2.25942,2.25959,347
2025-05-23 21:15:00,2.25959,2.26006,2.25949,2.25998,372
2025-05-23 21:20:00,2.25987,2.26046,2.25977,2.26007,510
2025-05-23 21:25:00,2.26007,2.26022,2.25974,2.26002,446
2025-05-23 21:30:00,2.26004,2.26021,2.25952,2.25976,372
2025-05-23 21:35:00,2.25978,2.26008,2.25954,2.26005,255
2025-05-23 21:40:00,2.26003,2.26014,2.25927,2.25952,348
2025-05-23 21:45:00,2.2595,2.25958,2.25915,2.2594,304
2025-05-23 21:50:00,2.2594,2.25964,2.25898,2.25928,263
2025-05-23 21:55:00,2.25928,2.25964,2.25906,2.25962,315
2025-05-23 22:00:00,2.25965,2.26005,2.25954,2.25984,304
2025-05-23 22:05:00,2.25983,2.26004,2.25933,2.25951,228
2025-05-23 22:10:00,2.25951,2.25984,2.25945,2.2596,206
2025-05-23 22:15:00,2.2596,2.26011,2.25955,2.25977,208
2025-05-23 22:20:00,2.2597,2.26042,2.25962,2.26037,280
2025-05-23 22:25:00,2.26032,2.2603400000000002,2.25962,2.25977,240
2025-05-23 22:30:00,2.25977,2.25995,2.25961,2.25981,220
2025-05-23 22:35:00,2.25981,2.26001,2.25958,2.25982,219
2025-05-23 22:40:00,2.25982,2.25995,2.25944,2.25977,281
2025-05-23 22:45:00,2.25977,2.25999,2.25954,2.2597300000000002,267
2025-05-23 22:50:00,2.25965,2.25997,2.25928,2.25934,249
2025-05-23 22:55:00,2.25934,2.2598599999999998,2.2593,2.25971,263
2025-05-23 23:00:00,2.2597300000000002,2.25985,2.25943,2.25978,275
2025-05-23 23:05:00,2.2598,2.2599,2.2594,2.25946,206
2025-05-23 23:10:00,2.25946,2.25975,2.25938,2.25941,200
2025-05-23 23:15:00,2.25945,2.26021,2.25935,2.26021,237
2025-05-23 23:20:00,2.26021,2.2603400000000002,2.25982,2.25982,127
2025-05-23 23:25:00,2.25989,2.26017,2.25968,2.25998,193
2025-05-23 23:30:00,2.25999,2.26051,2.25974,2.26046,248
2025-05-23 23:35:00,2.2605,2.26098,2.26018,2.26067,334
2025-05-23 23:40:00,2.26067,2.26067,2.25768,2.25787,145
2025-05-23 23:45:00,2.25787,2.25857,2.2578300000000002,2.25823,116
2025-05-23 23:50:00,2.25827,2.25867,2.25817,2.25858,128
2025-05-23 23:55:00,2.25856,2.25904,2.25773,2.25856,140
2025-05-26 00:00:00,2.25997,2.25997,2.25676,2.25695,12
2025-05-26 00:05:00,2.25695,2.25696,2.25567,2.25613,31
2025-05-26 00:10:00,2.25613,2.25766,2.2557,2.25766,25
2025-05-26 00:15:00,2.25766,2.25766,2.25733,2.25738,17
2025-05-26 00:20:00,2.25738,2.25748,2.25738,2.25743,12
2025-05-26 00:25:00,2.25743,2.25748,2.25743,2.25748,12
2025-05-26 00:30:00,2.25748,2.25754,2.25746,2.2574899999999998,14
2025-05-26 00:35:00,2.2574899999999998,2.25763,2.25748,2.25751,107
2025-05-26 00:40:00,2.25751,2.25752,2.25652,2.25671,31
2025-05-26 00:45:00,2.25671,2.25705,2.25665,2.25666,75
2025-05-26 00:50:00,2.25666,2.25676,2.25655,2.2566100000000002,24
2025-05-26 00:55:00,2.2566100000000002,2.25702,2.2566100000000002,2.25664,63
2025-05-26 01:00:00,2.25736,2.26019,2.25736,2.26018,298
2025-05-26 01:05:00,2.26018,2.26041,2.25887,2.25942,267
2025-05-26 01:10:00,2.25958,2.2599299999999998,2.25847,2.25908,425
2025-05-26 01:15:00,2.25892,2.25929,2.25814,2.25858,575
2025-05-26 01:20:00,2.25858,2.2591200000000002,2.25797,2.25894,474
2025-05-26 01:25:00,2.25894,2.25931,2.25849,2.25886,339
2025-05-26 01:30:00,2.25886,2.25903,2.25637,2.25696,391
2025-05-26 01:35:00,2.2571,2.25831,2.25689,2.25828,288
2025-05-26 01:40:00,2.25824,2.25867,2.25774,2.25806,232
2025-05-26 01:45:00,2.2580999999999998,2.25829,2.25769,2.25777,210
2025-05-26 01:50:00,2.25777,2.2584,2.2574199999999998,2.25805,214
2025-05-26 01:55:00,2.25808,2.25841,2.2579000000000002,2.25827,243
2025-05-26 02:00:00,2.25826,2.25879,2.25819,2.25845,274
2025-05-26 02:05:00,2.2585100000000002,2.25863,2.25772,2.25779,251
2025-05-26 02:10:00,2.25769,2.2591200000000002,2.25763,2.25885,198
2025-05-26 02:15:00,2.25885,2.25921,2.25856,2.2587,179
2025-05-26 02:20:00,2.2587,2.25899,2.25842,2.25865,223
2025-05-26 02:25:00,2.25861,2.25895,2.25853,2.25875,183
2025-05-26 02:30:00,2.25875,2.25877,2.25766,2.2578,204
2025-05-26 02:35:00,2.2578,2.25804,2.25747,2.25768,231
2025-05-26 02:40:00,2.2577,2.25792,2.25741,2.25776,257
2025-05-26 02:45:00,2.25777,2.25893,2.2574,2.25887,274
2025-05-26 02:50:00,2.25887,2.25889,2.25847,2.2586399999999998,286
2025-05-26 02:55:00,2.2586399999999998,2.2592499999999998,2.25834,2.25901,247
2025-05-26 03:00:00,2.25896,2.2598599999999998,2.25875,2.25876,631
2025-05-26 03:05:00,2.25876,2.25898,2.2584,2.2586399999999998,532
2025-05-26 03:10:00,2.25868,2.25974,2.25862,2.2597,543
2025-05-26 03:15:00,2.25971,2.26012,2.25917,2.2597300000000002,583
2025-05-26 03:20:00,2.2597300000000002,2.26018,2.25963,2.26018,525
2025-05-26 03:25:00,2.26017,2.26021,2.25923,2.25975,520
2025-05-26 03:30:00,2.25975,2.25975,2.2592,2.25945,507
2025-05-26 03:35:00,2.25953,2.25988,2.25928,2.25979,345
2025-05-26 03:40:00,2.25976,2.26033,2.25967,2.2602700000000002,329
2025-05-26 03:45:00,2.2602700000000002,2.26059,2.26017,2.26055,266
2025-05-26 03:50:00,2.26055,2.2610799999999998,2.2603,2.26083,545
2025-05-26 03:55:00,2.2609,2.26146,2.26043,2.26143,452
2025-05-26 04:00:00,2.26145,2.2616,2.26016,2.2602,411
2025-05-26 04:05:00,2.2602,2.26069,2.26009,2.26028,384
2025-05-26 04:10:00,2.26024,2.26056,2.2596600000000002,2.26013,380
2025-05-26 04:15:00,2.26019,2.2602700000000002,2.25952,2.25985,511
2025-05-26 04:20:00,2.25982,2.26007,2.25947,2.25974,450
2025-05-26 04:25:00,2.25974,2.25979,2.25883,2.2591200000000002,417
2025-05-26 04:30:00,2.2591200000000002,2.26052,2.25872,2.25928,563
2025-05-26 04:35:00,2.25928,2.25935,2.2574199999999998,2.25748,626
2025-05-26 04:40:00,2.25744,2.2578300000000002,2.25699,2.25726,619
2025-05-26 04:45:00,2.25727,2.2572900000000002,2.25557,2.25599,575
2025-05-26 04:50:00,2.25606,2.25678,2.25565,2.25641,697
2025-05-26 04:55:00,2.25634,2.25646,2.25367,2.2537599999999998,721
2025-05-26 05:00:00,2.25378,2.2556599999999998,2.25351,2.25443,644
2025-05-26 05:05:00,2.25442,2.25463,2.2531,2.25386,560
2025-05-26 05:10:00,2.25386,2.25391,2.25244,2.25331,529
2025-05-26 05:15:00,2.25331,2.25364,2.2524,2.25323,432
2025-05-26 05:20:00,2.25319,2.25448,2.25285,2.25442,396
2025-05-26 05:25:00,2.25446,2.25446,2.2531499999999998,2.25328,421
2025-05-26 05:30:00,2.25328,2.25358,2.25238,2.25348,429
2025-05-26 05:35:00,2.25337,2.25365,2.25287,2.25313,375
2025-05-26 05:40:00,2.2531,2.2533,2.2526,2.25307,369
2025-05-26 05:45:00,2.25307,2.25419,2.25292,2.25419,379
2025-05-26 05:50:00,2.2542,2.25441,2.25368,2.25421,308
2025-05-26 05:55:00,2.25432,2.2548,2.25389,2.25414,335
2025-05-26 06:00:00,2.25414,2.25511,2.25387,2.25506,345
2025-05-26 06:05:00,2.25511,2.25536,2.25427,2.25535,325
2025-05-26 06:10:00,2.25524,2.25563,2.25495,2.25543,452
2025-05-26 06:15:00,2.25543,2.25637,2.25537,2.25603,338
2025-05-26 06:20:00,2.25603,2.25634,2.25554,2.25567,339
2025-05-26 06:25:00,2.25567,2.25567,2.25431,2.2544399999999998,349
2025-05-26 06:30:00,2.25446,2.25452,2.25406,2.25442,459
2025-05-26 06:35:00,2.25442,2.2544399999999998,2.25397,2.25443,288
2025-05-26 06:40:00,2.25443,2.25455,2.25341,2.25367,364
2025-05-26 06:45:00,2.25371,2.25438,2.25354,2.25369,334
2025-05-26 06:50:00,2.25371,2.25452,2.25365,2.25448,327
2025-05-26 06:55:00,2.25449,2.25469,2.2542400000000002,2.25451,295
2025-05-26 07:00:00,2.25449,2.25537,2.25443,2.25513,348
2025-05-26 07:05:00,2.25514,2.25563,2.25509,2.2556,307
2025-05-26 07:10:00,2.25562,2.25587,2.2553900000000002,2.25585,342
2025-05-26 07:15:00,2.25585,2.25623,2.2557,2.2560700000000002,267
2025-05-26 07:20:00,2.25611,2.25611,2.25556,2.25585,335
2025-05-26 07:25:00,2.25581,2.25603,2.25522,2.25531,285
2025-05-26 07:30:00,2.2553,2.25574,2.25514,2.25554,242
2025-05-26 07:35:00,2.25556,2.25575,2.25532,2.25533,292
2025-05-26 07:40:00,2.25534,2.25573,2.25508,2.25554,318
2025-05-26 07:45:00,2.25557,2.25563,2.2547,2.25475,344
2025-05-26 07:50:00,2.25475,2.25479,2.25377,2.25433,277
2025-05-26 07:55:00,2.25428,2.25481,2.2542,2.25481,231
2025-05-26 08:00:00,2.25479,2.25497,2.25427,2.25482,391
2025-05-26 08:05:00,2.25484,2.25673,2.25466,2.25636,389
2025-05-26 08:10:00,2.25636,2.25664,2.25554,2.25645,312
2025-05-26 08:15:00,2.25648,2.25651,2.25584,2.25593,333
2025-05-26 08:20:00,2.25595,2.25601,2.25517,2.25531,276
2025-05-26 08:25:00,2.2553,2.25585,2.2553,2.25574,237
2025-05-26 08:30:00,2.25574,2.25583,2.25524,2.25524,291
2025-05-26 08:35:00,2.25524,2.25576,2.25488,2.25541,239
2025-05-26 08:40:00,2.25541,2.25548,2.25471,2.255,258
2025-05-26 08:45:00,2.255,2.2550499999999998,2.25399,2.25421,316
2025-05-26 08:50:00,2.25421,2.25428,2.25333,2.25364,413
2025-05-26 08:55:00,2.25364,2.25393,2.2533,2.25362,436
2025-05-26 09:00:00,2.25351,2.25403,2.2531,2.25335,509
2025-05-26 09:05:00,2.25335,2.25428,2.2532,2.25414,396
2025-05-26 09:10:00,2.25412,2.25422,2.25358,2.2537599999999998,361
2025-05-26 09:15:00,2.2537599999999998,2.25448,2.2537599999999998,2.2544399999999998,317
2025-05-26 09:20:00,2.25452,2.25529,2.25436,2.25491,481
2025-05-26 09:25:00,2.25491,2.25502,2.25436,2.25482,597
2025-05-26 09:30:00,2.2548,2.25513,2.25407,2.25447,488
2025-05-26 09:35:00,2.25448,2.25448,2.2537,2.25377,502
2025-05-26 09:40:00,2.25379,2.25379,2.25307,2.25314,401
2025-05-26 09:45:00,2.25311,2.25327,2.25277,2.25285,553
2025-05-26 09:50:00,2.25289,2.25346,2.25282,2.253,502
2025-05-26 09:55:00,2.253,2.25322,2.25213,2.25244,519
2025-05-26 10:00:00,2.25248,2.25385,2.25223,2.25374,548
2025-05-26 10:05:00,2.25371,2.25413,2.25348,2.25369,476
2025-05-26 10:10:00,2.25368,2.25474,2.2535600000000002,2.25461,496
2025-05-26 10:15:00,2.2546,2.25464,2.25391,2.25406,470
2025-05-26 10:20:00,2.25416,2.25493,2.25385,2.25489,428
2025-05-26 10:25:00,2.25491,2.25562,2.2547,2.2552,471
2025-05-26 10:30:00,2.25523,2.25523,2.25448,2.25479,523
2025-05-26 10:35:00,2.25479,2.25503,2.25418,2.25436,455
2025-05-26 10:40:00,2.25436,2.25494,2.25419,2.25431,427
2025-05-26 10:45:00,2.25428,2.25454,2.25374,2.25402,354
2025-05-26 10:50:00,2.25405,2.25406,2.25327,2.25348,338
2025-05-26 10:55:00,2.2535600000000002,2.25449,2.25347,2.25434,543
2025-05-26 11:00:00,2.25436,2.25447,2.25327,2.25367,434
2025-05-26 11:05:00,2.25365,2.25413,2.25357,2.25382,392
2025-05-26 11:10:00,2.25382,2.25435,2.25365,2.25393,371
2025-05-26 11:15:00,2.25391,2.25431,2.25388,2.25405,298
2025-05-26 11:20:00,2.25405,2.25439,2.25361,2.25425,407
2025-05-26 11:25:00,2.25425,2.25474,2.25421,2.25454,341
2025-05-26 11:30:00,2.25452,2.25491,2.25355,2.25367,361
2025-05-26 11:35:00,2.25365,2.25402,2.25341,2.25386,325
2025-05-26 11:40:00,2.25387,2.25398,2.25316,2.25334,354
2025-05-26 11:45:00,2.25328,2.25362,2.25278,2.25354,319
2025-05-26 11:50:00,2.25351,2.25359,2.2524,2.2525,249
2025-05-26 11:55:00,2.2525,2.2536300000000002,2.25243,2.25352,375
2025-05-26 12:00:00,2.25353,2.2543699999999998,2.25329,2.25418,375
2025-05-26 12:05:00,2.25414,2.25507,2.25393,2.25492,292
2025-05-26 12:10:00,2.25527,2.25527,2.2541,2.2546,247
2025-05-26 12:15:00,2.25459,2.25515,2.25449,2.25487,233
2025-05-26 12:20:00,2.25486,2.25558,2.25486,2.25511,227
2025-05-26 12:25:00,2.25511,2.2556,2.25471,2.2548500000000002,339
2025-05-26 12:30:00,2.25486,2.25511,2.25436,2.25477,230
2025-05-26 12:35:00,2.25477,2.2551,2.25452,2.25474,246
2025-05-26 12:40:00,2.25474,2.25492,2.25438,2.2545,313
2025-05-26 12:45:00,2.25454,2.25509,2.2543699999999998,2.25477,219
2025-05-26 12:50:00,2.25477,2.25509,2.25442,2.25475,252
2025-05-26 12:55:00,2.25479,2.25535,2.25454,2.2552,230
2025-05-26 13:00:00,2.2552,2.25536,2.25484,2.25504,257
2025-05-26 13:05:00,2.25504,2.25508,2.25446,2.25454,233
2025-05-26 13:10:00,2.25454,2.25471,2.25408,2.25451,346
2025-05-26 13:15:00,2.25457,2.25474,2.254,2.25413,270
2025-05-26 13:20:00,2.25413,2.25438,2.25375,2.2542,245
2025-05-26 13:25:00,2.2542,2.25433,2.25385,2.25429,299
2025-05-26 13:30:00,2.25433,2.25443,2.25354,2.25413,348
2025-05-26 13:35:00,2.25415,2.25435,2.25392,2.25401,336
2025-05-26 13:40:00,2.25404,2.25425,2.2538,2.25408,432
2025-05-26 13:45:00,2.25402,2.25422,2.25362,2.25413,240
2025-05-26 13:50:00,2.25413,2.2544,2.25399,2.25412,221
2025-05-26 13:55:00,2.25412,2.2544,2.25365,2.2542400000000002,307
2025-05-26 14:00:00,2.2543,2.25488,2.25404,2.2542,262
2025-05-26 14:05:00,2.2542,2.25494,2.25413,2.25489,273
2025-05-26 14:10:00,2.25487,2.25487,2.25436,2.2547,278
2025-05-26 14:15:00,2.2547,2.25481,2.25412,2.25428,199
2025-05-26 14:20:00,2.25432,2.25465,2.2541,2.25434,273
2025-05-26 14:25:00,2.25434,2.25454,2.25409,2.25426,260
2025-05-26 14:30:00,2.25426,2.25488,2.25426,2.25479,306
2025-05-26 14:35:00,2.25482,2.25496,2.25453,2.25483,337
2025-05-26 14:40:00,2.25483,2.25487,2.25448,2.25463,270
2025-05-26 14:45:00,2.25459,2.25479,2.2544,2.25442,220
2025-05-26 14:50:00,2.2544399999999998,2.25488,2.25442,2.25471,286
2025-05-26 14:55:00,2.25465,2.25493,2.25426,2.25465,302
2025-05-26 15:00:00,2.25465,2.25467,2.25415,2.25451,313
2025-05-26 15:05:00,2.25453,2.25475,2.25443,2.25467,230
2025-05-26 15:10:00,2.25467,2.25479,2.25443,2.25473,263
2025-05-26 15:15:00,2.25475,2.2547800000000002,2.2542400000000002,2.25431,251
2025-05-26 15:20:00,2.25435,2.25451,2.25404,2.25435,353
2025-05-26 15:25:00,2.25439,2.25483,2.25428,2.2548,341
2025-05-26 15:30:00,2.25482,2.25499,2.25388,2.25404,241
2025-05-26 15:35:00,2.25404,2.2542400000000002,2.25385,2.25412,192
2025-05-26 15:40:00,2.25412,2.25467,2.2539,2.25442,351
2025-05-26 15:45:00,2.25445,2.25497,2.2544399999999998,2.25487,238
2025-05-26 15:50:00,2.25487,2.25499,2.25452,2.25481,209
2025-05-26 15:55:00,2.25481,2.25496,2.25456,2.25489,240
2025-05-26 16:00:00,2.2548500000000002,2.2553,2.2547800000000002,2.25521,319
2025-05-26 16:05:00,2.25521,2.25529,2.2548,2.25512,231
2025-05-26 16:10:00,2.25517,2.25549,2.25481,2.25502,181
2025-05-26 16:15:00,2.2549799999999998,2.25511,2.25464,2.25475,84
2025-05-26 17:35:00,2.25544,2.25544,2.25544,2.25544,1
2025-05-26 17:40:00,2.25544,2.25547,2.25443,2.25461,254
2025-05-26 17:45:00,2.25461,2.25575,2.25461,2.25565,236
2025-05-26 17:50:00,2.25565,2.25616,2.25556,2.25584,216
2025-05-26 17:55:00,2.25588,2.25645,2.25571,2.2559,389
2025-05-26 18:00:00,2.2559,2.25612,2.25528,2.25612,420
2025-05-26 18:05:00,2.2561,2.2566100000000002,2.2559,2.25643,290
2025-05-26 18:10:00,2.25647,2.25657,2.2561,2.25629,275
2025-05-26 18:15:00,2.25629,2.25645,2.25586,2.25609,191
2025-05-26 18:20:00,2.25609,2.25659,2.25589,2.25639,172
2025-05-26 18:25:00,2.25639,2.25678,2.25629,2.25649,162
2025-05-26 18:30:00,2.2565,2.25676,2.2563,2.25672,245
2025-05-26 18:35:00,2.2567,2.25701,2.25656,2.25693,242
2025-05-26 18:40:00,2.25695,2.25728,2.25685,2.25719,180
2025-05-26 18:45:00,2.25719,2.25723,2.25677,2.25696,248
2025-05-26 18:50:00,2.25696,2.25718,2.25674,2.25708,210
2025-05-26 18:55:00,2.25708,2.25792,2.25691,2.25778,268
2025-05-26 19:00:00,2.25779,2.25807,2.25757,2.25774,200
2025-05-26 19:05:00,2.25776,2.25798,2.25761,2.25767,177
2025-05-26 19:10:00,2.25765,2.25796,2.2575,2.25763,172
2025-05-26 19:15:00,2.2576,2.25774,2.25727,2.25772,119
2025-05-26 19:20:00,2.25772,2.25786,2.2574199999999998,2.25784,159
2025-05-26 19:25:00,2.25772,2.25843,2.25772,2.25839,219
2025-05-26 19:30:00,2.25843,2.25867,2.25827,2.2586,178
2025-05-26 19:35:00,2.2586399999999998,2.2588,2.2585,2.25858,198
2025-05-26 19:40:00,2.25861,2.25873,2.25797,2.25806,124
2025-05-26 19:45:00,2.25806,2.25842,2.25788,2.25842,222
2025-05-26 19:50:00,2.2584400000000002,2.25891,2.25825,2.25891,193
2025-05-26 19:55:00,2.25887,2.25902,2.25834,2.25892,244
2025-05-26 20:00:00,2.25875,2.25917,2.25848,2.25869,237
2025-05-26 20:05:00,2.25869,2.25927,2.25856,2.25918,229
2025-05-26 20:10:00,2.25914,2.25933,2.25897,2.25909,140
2025-05-26 20:15:00,2.25911,2.25949,2.25902,2.25926,110
2025-05-26 20:20:00,2.25926,2.25938,2.2591200000000002,2.25931,69
2025-05-26 20:25:00,2.25929,2.25936,2.25863,2.25891,118
2025-05-26 20:30:00,2.25888,2.25901,2.25862,2.25886,114
2025-05-26 20:35:00,2.25889,2.25917,2.2587,2.25898,112
2025-05-26 20:40:00,2.25898,2.25923,2.25888,2.25918,127
2025-05-26 20:45:00,2.25918,2.25935,2.25877,2.2591,118
2025-05-26 20:50:00,2.2591,2.25933,2.25887,2.25924,135
2025-05-26 20:55:00,2.25928,2.25956,2.25913,2.25946,132
2025-05-26 21:00:00,2.25939,2.2595,2.25918,2.2594,131
2025-05-26 21:05:00,2.2594,2.25957,2.25915,2.25956,130
2025-05-26 21:10:00,2.25957,2.25964,2.25918,2.25934,143
2025-05-26 21:15:00,2.25935,2.26001,2.25935,2.26001,112
2025-05-26 21:20:00,2.26001,2.26011,2.25965,2.25982,169
2025-05-26 21:25:00,2.25982,2.2598599999999998,2.25947,2.2596600000000002,158
2025-05-26 21:30:00,2.2596600000000002,2.25972,2.25935,2.25955,169
2025-05-26 21:35:00,2.25955,2.25985,2.25937,2.2598,126
2025-05-26 21:40:00,2.25979,2.2601,2.25949,2.26006,110
2025-05-26 21:45:00,2.26004,2.26004,2.2597,2.25984,76
2025-05-26 21:50:00,2.25982,2.25991,2.25955,2.25984,57
2025-05-26 21:55:00,2.2599,2.26005,2.2596,2.25962,102
2025-05-26 22:00:00,2.25962,2.25987,2.25957,2.25969,145
2025-05-26 22:05:00,2.25969,2.25976,2.25939,2.2597300000000002,104
2025-05-26 22:10:00,2.2597300000000002,2.25979,2.25943,2.2597,95
2025-05-26 22:15:00,2.2597,2.2597300000000002,2.25945,2.25964,87
2025-05-26 22:20:00,2.25965,2.25984,2.25947,2.25962,79
2025-05-26 22:25:00,2.25962,2.25972,2.25931,2.2595,89
2025-05-26 22:30:00,2.25948,2.25965,2.2592499999999998,2.25963,86
2025-05-26 22:35:00,2.25963,2.2596600000000002,2.25928,2.25947,136
2025-05-26 22:40:00,2.25947,2.25958,2.25927,2.25954,125
2025-05-26 22:45:00,2.25954,2.25979,2.25947,2.25979,70
2025-05-26 22:50:00,2.25979,2.25981,2.25951,2.25978,59
2025-05-26 22:55:00,2.25979,2.25989,2.25956,2.25963,89
2025-05-26 23:00:00,2.25964,2.25975,2.25939,2.25958,97
2025-05-26 23:05:00,2.25958,2.25972,2.25931,2.25949,92
2025-05-26 23:10:00,2.25951,2.25961,2.25931,2.25958,82
2025-05-26 23:15:00,2.25958,2.25964,2.25934,2.25947,128
2025-05-26 23:20:00,2.25954,2.25963,2.25926,2.25954,96
2025-05-26 23:25:00,2.25954,2.25954,2.25916,2.25942,91
2025-05-26 23:30:00,2.25942,2.26,2.25921,2.25982,181
2025-05-26 23:35:00,2.25984,2.25995,2.25959,2.25991,132
2025-05-26 23:40:00,2.25991,2.25991,2.25715,2.25717,137
2025-05-26 23:45:00,2.25717,2.25725,2.25701,2.25723,139
2025-05-26 23:50:00,2.25721,2.25773,2.25717,2.25764,59
2025-05-26 23:55:00,2.25768,2.26017,2.2572,2.25975,263
2025-05-27 00:00:00,2.2597300000000002,2.25987,2.25631,2.25631,8
2025-05-27 00:05:00,2.25631,2.2566800000000002,2.25564,2.2566,16
2025-05-27 00:10:00,2.25662,2.25724,2.25652,2.25711,27
2025-05-27 00:15:00,2.25711,2.25764,2.25711,2.2575,34
2025-05-27 00:20:00,2.2575,2.25751,2.25733,2.25745,52
2025-05-27 00:25:00,2.25747,2.25747,2.25687,2.2573,59
2025-05-27 00:30:00,2.25731,2.2578300000000002,2.25731,2.25763,197
2025-05-27 00:35:00,2.25767,2.25772,2.2572200000000002,2.2575,413
2025-05-27 00:40:00,2.25746,2.25781,2.25737,2.2575,273
2025-05-27 00:45:00,2.25746,2.25751,2.25678,2.25699,115
2025-05-27 00:50:00,2.25739,2.25818,2.25699,2.25796,88
2025-05-27 00:55:00,2.25796,2.26,2.25796,2.25969,122
2025-05-27 01:00:00,2.25978,2.26046,2.2589,2.25994,332
2025-05-27 01:05:00,2.25994,2.2605,2.2599,2.26022,144
2025-05-27 01:10:00,2.2602,2.26075,2.25998,2.25998,157
2025-05-27 01:15:00,2.25994,2.26019,2.25961,2.26008,210
2025-05-27 01:20:00,2.26004,2.26084,2.26004,2.26079,192
2025-05-27 01:25:00,2.26079,2.26079,2.26007,2.26008,154
2025-05-27 01:30:00,2.2601,2.26041,2.25989,2.26011,147
2025-05-27 01:35:00,2.26011,2.26136,2.26006,2.26118,141
2025-05-27 01:40:00,2.26118,2.26129,2.2603400000000002,2.26049,157
2025-05-27 01:45:00,2.26052,2.26056,2.26006,2.26045,95
2025-05-27 01:50:00,2.26045,2.26131,2.26044,2.26125,96
2025-05-27 01:55:00,2.26125,2.26141,2.26109,2.26134,70
2025-05-27 02:00:00,2.26135,2.26143,2.26086,2.26106,206
2025-05-27 02:05:00,2.26102,2.26147,2.26102,2.26124,134
2025-05-27 02:10:00,2.26127,2.26167,2.26116,2.26141,122
2025-05-27 02:15:00,2.26139,2.2617,2.26136,2.26167,139
2025-05-27 02:20:00,2.2617,2.26213,2.2616,2.26205,111
2025-05-27 02:25:00,2.26209,2.26243,2.26195,2.26241,154
2025-05-27 02:30:00,2.26241,2.26265,2.2622999999999998,2.26238,156
2025-05-27 02:35:00,2.26238,2.26252,2.26215,2.26227,97
2025-05-27 02:40:00,2.26227,2.26283,2.26212,2.2627800000000002,169
2025-05-27 02:45:00,2.26272,2.26281,2.2617599999999998,2.2617599999999998,121
2025-05-27 02:50:00,2.26173,2.26248,2.26161,2.26241,173
2025-05-27 02:55:00,2.26245,2.26284,2.26244,2.26274,149
2025-05-27 03:00:00,2.26273,2.26273,2.26142,2.26184,428
2025-05-27 03:05:00,2.2619,2.26247,2.26118,2.26188,485
2025-05-27 03:10:00,2.2619,2.26279,2.26186,2.26258,427
2025-05-27 03:15:00,2.26258,2.26302,2.26207,2.2624,384
2025-05-27 03:20:00,2.26245,2.26326,2.2624,2.26274,414
2025-05-27 03:25:00,2.26282,2.26341,2.26247,2.2632,305
2025-05-27 03:30:00,2.2633,2.26351,2.26267,2.26325,282
2025-05-27 03:35:00,2.26325,2.26343,2.26293,2.26293,226
2025-05-27 03:40:00,2.26293,2.26344,2.2629,2.26331,312
2025-05-27 03:45:00,2.26327,2.26354,2.2628,2.26296,258
2025-05-27 03:50:00,2.26296,2.26309,2.2614,2.2624,398
2025-05-27 03:55:00,2.26242,2.26242,2.26118,2.26189,317
2025-05-27 04:00:00,2.26185,2.26235,2.26159,2.26173,294
2025-05-27 04:05:00,2.26173,2.26231,2.26144,2.26207,251
2025-05-27 04:10:00,2.26208,2.26234,2.26137,2.26161,320
2025-05-27 04:15:00,2.26161,2.26266,2.26154,2.26266,370
2025-05-27 04:20:00,2.26266,2.26294,2.26251,2.26289,254
2025-05-27 04:25:00,2.26282,2.26317,2.26254,2.2626,224
2025-05-27 04:30:00,2.26267,2.26272,2.26215,2.26266,348
2025-05-27 04:35:00,2.26257,2.26285,2.26198,2.26229,357
2025-05-27 04:40:00,2.26229,2.2629099999999998,2.26205,2.2627,512
2025-05-27 04:45:00,2.26268,2.26323,2.2626,2.26311,343
2025-05-27 04:50:00,2.26311,2.26347,2.26277,2.26316,336
2025-05-27 04:55:00,2.26318,2.2638,2.26304,2.2635,214
2025-05-27 05:00:00,2.26353,2.2648099999999998,2.26342,2.2646100000000002,372
2025-05-27 05:05:00,2.2646100000000002,2.26496,2.26416,2.26491,340
2025-05-27 05:10:00,2.26491,2.26497,2.2641999999999998,2.26472,355
2025-05-27 05:15:00,2.2647,2.2648,2.2644,2.26452,215
2025-05-27 05:20:00,2.26452,2.26502,2.26429,2.26479,268
2025-05-27 05:25:00,2.26479,2.26581,2.26479,2.2656,188
2025-05-27 05:30:00,2.2656,2.2661,2.2654199999999998,2.2658300000000002,288
2025-05-27 05:35:00,2.2658300000000002,2.2665100000000002,2.26582,2.26605,313
2025-05-27 05:40:00,2.26607,2.26655,2.26595,2.26642,293
2025-05-27 05:45:00,2.2664400000000002,2.26697,2.26623,2.26647,250
2025-05-27 05:50:00,2.26643,2.26667,2.26597,2.26622,291
2025-05-27 05:55:00,2.26622,2.2664,2.26559,2.26574,331
2025-05-27 06:00:00,2.26574,2.26575,2.26471,2.2653,370
2025-05-27 06:05:00,2.26534,2.26558,2.2648,2.26505,257
2025-05-27 06:10:00,2.26501,2.26527,2.26473,2.26494,288
2025-05-27 06:15:00,2.26494,2.26567,2.26488,2.26543,237
2025-05-27 06:20:00,2.26543,2.26606,2.26532,2.26591,203
2025-05-27 06:25:00,2.26592,2.26599,2.26569,2.26572,297
2025-05-27 06:30:00,2.26576,2.26619,2.26572,2.26601,223
2025-05-27 06:35:00,2.26601,2.26647,2.26595,2.26627,211
2025-05-27 06:40:00,2.26626,2.26628,2.26586,2.2661,182
2025-05-27 06:45:00,2.26608,2.26619,2.26551,2.26598,268
2025-05-27 06:50:00,2.2659599999999998,2.2662,2.26557,2.26573,267
2025-05-27 06:55:00,2.26571,2.26585,2.26497,2.26528,242
2025-05-27 07:00:00,2.26528,2.26531,2.26349,2.26349,383
2025-05-27 07:05:00,2.26349,2.26405,2.26331,2.26373,218
2025-05-27 07:10:00,2.26377,2.26394,2.26333,2.26354,282
2025-05-27 07:15:00,2.2635,2.26363,2.26312,2.26327,179
2025-05-27 07:20:00,2.26326,2.26414,2.26326,2.2641,192
2025-05-27 07:25:00,2.2641,2.26472,2.26401,2.26438,219
2025-05-27 07:30:00,2.26438,2.26492,2.26427,2.26477,275
2025-05-27 07:35:00,2.26477,2.26541,2.26477,2.26502,223
2025-05-27 07:40:00,2.265,2.26611,2.26491,2.26584,338
2025-05-27 07:45:00,2.26584,2.26624,2.26552,2.2661,322
2025-05-27 07:50:00,2.26606,2.26636,2.26563,2.26578,409
2025-05-27 07:55:00,2.26578,2.26682,2.26578,2.26675,435
2025-05-27 08:00:00,2.26676,2.26685,2.26565,2.2659599999999998,469
2025-05-27 08:05:00,2.26589,2.26623,2.26544,2.26589,591
2025-05-27 08:10:00,2.26589,2.26631,2.26493,2.26577,599
2025-05-27 08:15:00,2.26577,2.26645,2.26571,2.26606,346
2025-05-27 08:20:00,2.26606,2.2671200000000002,2.26576,2.2671200000000002,417
2025-05-27 08:25:00,2.2671200000000002,2.26808,2.26694,2.26782,563
2025-05-27 08:30:00,2.26775,2.26816,2.2671,2.26749,589
2025-05-27 08:35:00,2.26745,2.26763,2.26662,2.26734,499
2025-05-27 08:40:00,2.26738,2.26738,2.26622,2.26625,473
2025-05-27 08:45:00,2.26625,2.26625,2.26498,2.26597,493
2025-05-27 08:50:00,2.26597,2.26653,2.26568,2.26573,437
2025-05-27 08:55:00,2.26573,2.26577,2.26512,2.26538,455
2025-05-27 09:00:00,2.26512,2.26531,2.26437,2.26467,634
2025-05-27 09:05:00,2.26465,2.26472,2.26303,2.2635199999999998,438
2025-05-27 09:10:00,2.2635199999999998,2.26393,2.26294,2.26308,522
2025-05-27 09:15:00,2.26308,2.2635199999999998,2.26271,2.26347,518
2025-05-27 09:20:00,2.26349,2.2640700000000002,2.26342,2.26398,569
2025-05-27 09:25:00,2.26398,2.26409,2.26269,2.26332,506
2025-05-27 09:30:00,2.26327,2.26446,2.26321,2.26414,485
2025-05-27 09:35:00,2.26416,2.26466,2.2635899999999998,2.2646,495
2025-05-27 09:40:00,2.26454,2.2648,2.26402,2.2641,529
2025-05-27 09:45:00,2.26392,2.26451,2.26358,2.26398,617
2025-05-27 09:50:00,2.26398,2.26513,2.26364,2.26498,688
2025-05-27 09:55:00,2.26494,2.26614,2.2645,2.26614,628
2025-05-27 10:00:00,2.26613,2.26639,2.26558,2.26561,356
2025-05-27 10:05:00,2.26562,2.26618,2.265,2.2654199999999998,141
2025-05-27 10:35:00,2.26559,2.26572,2.2652900000000002,2.2657,155
2025-05-27 10:40:00,2.26568,2.26722,2.26504,2.26694,478
2025-05-27 10:45:00,2.26694,2.2676600000000002,2.26623,2.26761,544
2025-05-27 10:50:00,2.26755,2.26824,2.2673,2.26731,624
2025-05-27 10:55:00,2.26733,2.26853,2.267,2.26824,636
2025-05-27 11:00:00,2.26826,2.26844,2.26727,2.2675,585
2025-05-27 11:05:00,2.26754,2.26781,2.2671,2.26744,401
2025-05-27 11:10:00,2.26744,2.26823,2.26713,2.26814,395
2025-05-27 11:15:00,2.26816,2.26839,2.2677899999999998,2.26802,369
2025-05-27 11:20:00,2.26807,2.26897,2.26801,2.26879,378
2025-05-27 11:25:00,2.26879,2.26945,2.26864,2.26933,446
2025-05-27 11:30:00,2.26933,2.27077,2.26927,2.27049,512
2025-05-27 11:35:00,2.27039,2.27097,2.2702,2.27051,444
2025-05-27 11:40:00,2.27048,2.27092,2.2701000000000002,2.27076,363
2025-05-27 11:45:00,2.2707800000000002,2.27187,2.2707800000000002,2.27173,370
2025-05-27 11:50:00,2.27175,2.27202,2.27154,2.2719,513
2025-05-27 11:55:00,2.27196,2.27203,2.2711,2.27129,301
2025-05-27 12:00:00,2.27133,2.27143,2.26992,2.27031,449
2025-05-27 12:05:00,2.27031,2.27044,2.26957,2.27039,446
2025-05-27 12:10:00,2.27043,2.27086,2.27001,2.27035,449
2025-05-27 12:15:00,2.27035,2.27083,2.2701700000000002,2.27053,364
2025-05-27 12:20:00,2.27053,2.27164,2.2705,2.27129,357
2025-05-27 12:25:00,2.27131,2.27222,2.27121,2.27207,395
2025-05-27 12:30:00,2.27205,2.27249,2.27188,2.27224,450
2025-05-27 12:35:00,2.27224,2.2727,2.27166,2.27196,363
2025-05-27 12:40:00,2.27189,2.27247,2.27186,2.27203,380
2025-05-27 12:45:00,2.27201,2.27248,2.27161,2.27189,341
2025-05-27 12:50:00,2.27189,2.27222,2.27166,2.27185,309
2025-05-27 12:55:00,2.27189,2.27305,2.2718,2.27272,447
2025-05-27 13:00:00,2.2727,2.27325,2.2725,2.27298,433
2025-05-27 13:05:00,2.27295,2.27343,2.27278,2.27314,371
2025-05-27 13:10:00,2.27314,2.27448,2.27311,2.27438,343
2025-05-27 13:15:00,2.2743700000000002,2.27484,2.27352,2.27366,534
2025-05-27 13:20:00,2.27366,2.2744,2.27336,2.2742,433
2025-05-27 13:25:00,2.27418,2.27423,2.27347,2.27382,456
2025-05-27 13:30:00,2.27381,2.27417,2.27341,2.27372,451
2025-05-27 13:35:00,2.27372,2.27382,2.27313,2.27349,278
2025-05-27 13:40:00,2.27343,2.27374,2.27326,2.27341,408
2025-05-27 13:45:00,2.27339,2.27395,2.27275,2.2728,381
2025-05-27 13:50:00,2.2728,2.27336,2.27259,2.27336,408
2025-05-27 13:55:00,2.27328,2.2751,2.27314,2.27493,422
2025-05-27 14:00:00,2.27495,2.27531,2.27454,2.27512,462
2025-05-27 14:05:00,2.27514,2.27536,2.27465,2.27469,443
2025-05-27 14:10:00,2.27472,2.27507,2.27442,2.27493,294
2025-05-27 14:15:00,2.27495,2.27536,2.27473,2.27512,401
2025-05-27 14:20:00,2.27512,2.27522,2.27427,2.27442,353
2025-05-27 14:25:00,2.2744,2.275,2.27401,2.27469,337
2025-05-27 14:30:00,2.27469,2.2749800000000002,2.27369,2.27369,364
2025-05-27 14:35:00,2.27362,2.27442,2.27354,2.27439,293
2025-05-27 14:40:00,2.27439,2.2746,2.27404,2.2745,377
2025-05-27 14:45:00,2.2745,2.27471,2.27414,2.2743,285
2025-05-27 14:50:00,2.27425,2.27435,2.27321,2.27334,254
2025-05-27 14:55:00,2.27334,2.27452,2.27306,2.27436,357
2025-05-27 15:00:00,2.2743700000000002,2.27615,2.27429,2.27609,440
2025-05-27 15:05:00,2.27608,2.27617,2.27545,2.27592,375
2025-05-27 15:10:00,2.27592,2.27611,2.2755900000000002,2.27596,351
2025-05-27 15:15:00,2.27594,2.27664,2.27551,2.27653,321
2025-05-27 15:20:00,2.27653,2.27655,2.27564,2.27585,518
2025-05-27 15:25:00,2.27585,2.27592,2.27481,2.27511,423
2025-05-27 15:30:00,2.27511,2.27534,2.27476,2.27503,410
2025-05-27 15:35:00,2.27489,2.27545,2.27432,2.2745699999999998,440
2025-05-27 15:40:00,2.27455,2.2745699999999998,2.27346,2.27382,468
2025-05-27 15:45:00,2.2736,2.27391,2.27314,2.27343,427
2025-05-27 15:50:00,2.27339,2.27339,2.2721299999999998,2.27239,391
2025-05-27 15:55:00,2.27239,2.2725,2.27162,2.27189,412
2025-05-27 16:00:00,2.2718,2.27221,2.27115,2.2715,588
2025-05-27 16:05:00,2.2715199999999998,2.27184,2.2709,2.27117,471
2025-05-27 16:10:00,2.27114,2.27215,2.27114,2.27201,328
2025-05-27 16:15:00,2.2720000000000002,2.27288,2.27187,2.27275,339
2025-05-27 16:20:00,2.27275,2.27317,2.27229,2.27249,402
2025-05-27 16:25:00,2.27247,2.27257,2.27179,2.27195,435
2025-05-27 16:30:00,2.27186,2.27223,2.27158,2.27207,553
2025-05-27 16:35:00,2.27207,2.2724,2.27164,2.27192,523
2025-05-27 16:40:00,2.27189,2.27223,2.27153,2.2716,485
2025-05-27 16:45:00,2.27156,2.27282,2.27144,2.27265,551
2025-05-27 16:50:00,2.27265,2.27303,2.27228,2.27251,564
2025-05-27 16:55:00,2.27255,2.27373,2.27255,2.27353,480
2025-05-27 17:00:00,2.27359,2.27554,2.2732200000000002,2.27543,849
2025-05-27 17:05:00,2.27544,2.2755,2.27436,2.27445,629
2025-05-27 17:10:00,2.27448,2.2753,2.27448,2.27512,562
2025-05-27 17:15:00,2.27513,2.27533,2.27452,2.27462,573
2025-05-27 17:20:00,2.27462,2.27545,2.27458,2.27497,476
2025-05-27 17:25:00,2.27484,2.27548,2.2744400000000002,2.2751799999999998,638
2025-05-27 17:30:00,2.27519,2.276,2.27496,2.2756,618
2025-05-27 17:35:00,2.2756,2.2763999999999998,2.27448,2.27451,625
2025-05-27 17:40:00,2.27455,2.27467,2.27351,2.2737,577
2025-05-27 17:45:00,2.27372,2.27472,2.27366,2.27419,555
2025-05-27 17:50:00,2.27421,2.27532,2.27417,2.27485,599
2025-05-27 17:55:00,2.27489,2.27494,2.2732200000000002,2.27344,708
2025-05-27 18:00:00,2.2734,2.27377,2.27286,2.273,621
2025-05-27 18:05:00,2.273,2.27367,2.27265,2.27296,426
2025-05-27 18:10:00,2.27292,2.27355,2.27282,2.27331,430
2025-05-27 18:15:00,2.27327,2.27366,2.27288,2.2731,533
2025-05-27 18:20:00,2.27318,2.27346,2.2723,2.27238,494
2025-05-27 18:25:00,2.27241,2.27266,2.27195,2.27241,461
2025-05-27 18:30:00,2.27243,2.27264,2.27174,2.2718,515
2025-05-27 18:35:00,2.2718,2.27182,2.27053,2.27122,484
2025-05-27 18:40:00,2.27126,2.27156,2.27099,2.27147,461
2025-05-27 18:45:00,2.27151,2.27156,2.27056,2.27077,462
2025-05-27 18:50:00,2.27079,2.27124,2.27075,2.27105,398
2025-05-27 18:55:00,2.2711,2.27203,2.27092,2.2719300000000002,431
2025-05-27 19:00:00,2.27194,2.27296,2.27184,2.27296,430
2025-05-27 19:05:00,2.27284,2.27306,2.27228,2.27259,383
2025-05-27 19:10:00,2.27258,2.27309,2.27235,2.27277,351
2025-05-27 19:15:00,2.27277,2.27282,2.27158,2.2720000000000002,415
2025-05-27 19:20:00,2.27198,2.27232,2.27141,2.2716,451
2025-05-27 19:25:00,2.27157,2.27181,2.27129,2.27155,365
2025-05-27 19:30:00,2.27148,2.27154,2.2706,2.27103,295
2025-05-27 19:35:00,2.27088,2.27189,2.27088,2.27151,317
2025-05-27 19:40:00,2.27155,2.2716,2.27055,2.27064,381
2025-05-27 19:45:00,2.27064,2.2709099999999998,2.2704,2.27052,349
2025-05-27 19:50:00,2.2703699999999998,2.2707100000000002,2.26998,2.27021,377
2025-05-27 19:55:00,2.27021,2.27066,2.26986,2.27056,340
2025-05-27 20:00:00,2.27056,2.2707800000000002,2.27009,2.27035,372
2025-05-27 20:05:00,2.2704,2.2704,2.26987,2.27032,274
2025-05-27 20:10:00,2.27032,2.2706,2.2701000000000002,2.2705,240
2025-05-27 20:15:00,2.27054,2.2708,2.27006,2.27036,264
2025-05-27 20:20:00,2.27032,2.27081,2.26999,2.27059,330
2025-05-27 20:25:00,2.27059,2.2707100000000002,2.27025,2.27049,289
2025-05-27 20:30:00,2.27049,2.27094,2.2702999999999998,2.27094,280
2025-05-27 20:35:00,2.27094,2.27134,2.27064,2.27105,239
2025-05-27 20:40:00,2.27112,2.27112,2.27041,2.27062,200
2025-05-27 20:45:00,2.27062,2.27075,2.27026,2.27041,175
2025-05-27 20:50:00,2.27039,2.2707100000000002,2.27021,2.27053,273
2025-05-27 20:55:00,2.27053,2.27073,2.27005,2.27055,275
2025-05-27 21:00:00,2.27055,2.27127,2.27053,2.27124,349
2025-05-27 21:05:00,2.27124,2.27151,2.27087,2.27129,268
2025-05-27 21:10:00,2.27129,2.2713900000000002,2.27079,2.27108,289
2025-05-27 21:15:00,2.27112,2.27135,2.27088,2.27125,371
2025-05-27 21:20:00,2.27129,2.27135,2.2709799999999998,2.27107,305
2025-05-27 21:25:00,2.27103,2.2715,2.27083,2.2713,308
2025-05-27 21:30:00,2.27128,2.27135,2.27084,2.27094,282
2025-05-27 21:35:00,2.27094,2.2709799999999998,2.2705,2.27058,293
2025-05-27 21:40:00,2.2706,2.2708,2.27041,2.2705,224
2025-05-27 21:45:00,2.2705,2.27083,2.27042,2.27079,244
2025-05-27 21:50:00,2.27075,2.2714,2.27063,2.27117,264
2025-05-27 21:55:00,2.27118,2.27207,2.2707100000000002,2.27086,360
2025-05-27 22:00:00,2.27086,2.27119,2.27045,2.27089,347
2025-05-27 22:05:00,2.27092,2.27099,2.27058,2.27075,225
2025-05-27 22:10:00,2.27079,2.27124,2.27074,2.27119,220
2025-05-27 22:15:00,2.27119,2.27135,2.27083,2.27119,261
2025-05-27 22:20:00,2.27119,2.27121,2.27069,2.27086,115
2025-05-27 22:25:00,2.27126,2.27126,2.27092,2.27117,117
2025-05-27 22:30:00,2.27121,2.27127,2.27083,2.2709099999999998,267
2025-05-27 22:35:00,2.27088,2.27109,2.27065,2.2707100000000002,160
2025-05-27 22:40:00,2.2707100000000002,2.2709099999999998,2.27051,2.27065,200
2025-05-27 23:00:00,2.27039,2.27097,2.27024,2.27035,180
2025-05-27 23:05:00,2.27035,2.27039,2.26994,2.27028,230
2025-05-27 23:10:00,2.27028,2.2702999999999998,2.26989,2.27002,154
2025-05-27 23:15:00,2.27002,2.2703699999999998,2.26991,2.27031,115
2025-05-27 23:20:00,2.27031,2.27039,2.26974,2.27023,91
2025-05-27 23:25:00,2.27023,2.27053,2.27013,2.27051,113
2025-05-27 23:30:00,2.27051,2.27051,2.26945,2.26993,259
2025-05-27 23:35:00,2.2699,2.27003,2.26961,2.26974,173
2025-05-27 23:40:00,2.26974,2.26974,2.26702,2.2671799999999998,150
2025-05-27 23:45:00,2.2672,2.26765,2.2671799999999998,2.26758,104
2025-05-27 23:50:00,2.26756,2.26782,2.26756,2.26771,90
2025-05-27 23:55:00,2.26774,2.27057,2.26752,2.2696899999999998,163
2025-05-28 00:00:00,2.2696,2.27047,2.26631,2.26761,7
2025-05-28 00:05:00,2.26678,2.26761,2.26678,2.26754,14
2025-05-28 00:10:00,2.26754,2.26934,2.26754,2.26932,53
2025-05-28 00:15:00,2.26932,2.26944,2.26925,2.2694,95
2025-05-28 00:20:00,2.2694,2.27038,2.26938,2.27036,83
2025-05-28 00:25:00,2.27036,2.27065,2.26614,2.26694,161
2025-05-28 00:30:00,2.26694,2.26921,2.26332,2.26894,79
2025-05-28 00:35:00,2.26894,2.26917,2.26892,2.26902,59
2025-05-28 00:40:00,2.26902,2.26925,2.26897,2.2691,74
2025-05-28 00:45:00,2.26906,2.2691,2.26842,2.26876,61
2025-05-28 00:50:00,2.26876,2.26957,2.26861,2.2694,63
2025-05-28 00:55:00,2.26933,2.26948,2.2687,2.26886,44
2025-05-28 01:00:00,2.26898,2.27034,2.26824,2.27034,135
2025-05-28 01:05:00,2.27027,2.27045,2.2697599999999998,2.27028,110
2025-05-28 01:10:00,2.27029,2.27039,2.2698,2.26991,85
2025-05-28 01:15:00,2.26992,2.27029,2.26984,2.27024,129
2025-05-28 01:20:00,2.27022,2.27026,2.27009,2.27012,78
2025-05-28 01:25:00,2.27012,2.27065,2.27012,2.27058,111
2025-05-28 01:30:00,2.27055,2.27073,2.27016,2.27069,108
2025-05-28 01:35:00,2.27069,2.27107,2.27066,2.2707,41
2025-05-28 01:40:00,2.2707,2.27095,2.2706,2.27063,120
2025-05-28 01:45:00,2.27059,2.27099,2.27053,2.27092,104
2025-05-28 01:50:00,2.27088,2.27103,2.27079,2.27099,67
2025-05-28 01:55:00,2.27099,2.27102,2.27053,2.27086,100
2025-05-28 02:00:00,2.27086,2.27109,2.27054,2.2709799999999998,126
2025-05-28 02:05:00,2.271,2.27125,2.2709099999999998,2.271,99
2025-05-28 02:10:00,2.27087,2.27125,2.27087,2.27108,115
2025-05-28 02:15:00,2.27124,2.27131,2.27077,2.2709,94
2025-05-28 02:20:00,2.2709,2.2713,2.27066,2.27125,141
2025-05-28 02:25:00,2.27125,2.27148,2.27082,2.27087,95
2025-05-28 02:30:00,2.27087,2.27118,2.27086,2.27109,93
2025-05-28 02:35:00,2.27109,2.27125,2.27051,2.2708,51
2025-05-28 02:40:00,2.2708,2.27116,2.27062,2.27087,91
2025-05-28 02:45:00,2.27087,2.2713200000000002,2.27049,2.27131,110
2025-05-28 02:50:00,2.27131,2.27155,2.27105,2.27114,114
2025-05-28 02:55:00,2.27114,2.27182,2.27114,2.2715199999999998,157
2025-05-28 03:00:00,2.27154,2.27161,2.27085,2.27124,367
2025-05-28 03:05:00,2.27123,2.27151,2.27109,2.27142,297
2025-05-28 03:10:00,2.27141,2.27195,2.27102,2.27166,202
2025-05-28 03:15:00,2.27166,2.27247,2.27166,2.27195,261
2025-05-28 03:20:00,2.27195,2.27222,2.27163,2.27187,289
2025-05-28 03:25:00,2.27188,2.27264,2.27169,2.27239,321
2025-05-28 03:30:00,2.2724,2.27355,2.27232,2.27321,346
2025-05-28 03:35:00,2.2732,2.27353,2.27299,2.2734199999999998,266
2025-05-28 03:40:00,2.2734199999999998,2.27379,2.2731500000000002,2.27334,318
2025-05-28 03:45:00,2.27334,2.27346,2.27283,2.27295,283
2025-05-28 03:50:00,2.27295,2.27337,2.27239,2.27294,485
2025-05-28 03:55:00,2.27295,2.2731,2.27236,2.27275,399
2025-05-28 04:00:00,2.27278,2.2728,2.27144,2.27165,423
2025-05-28 04:05:00,2.27168,2.27283,2.27128,2.2726100000000002,633
2025-05-28 04:10:00,2.2726,2.27265,2.2719300000000002,2.27229,604
2025-05-28 04:15:00,2.27229,2.27239,2.27182,2.2720000000000002,407
2025-05-28 04:20:00,2.27204,2.2724,2.27179,2.27214,504
2025-05-28 04:25:00,2.27214,2.27276,2.27181,2.2726100000000002,370
2025-05-28 04:30:00,2.27267,2.2727,2.27146,2.27231,569
2025-05-28 04:35:00,2.27229,2.27293,2.27223,2.27248,513
2025-05-28 04:40:00,2.27249,2.27487,2.27227,2.2743700000000002,653
2025-05-28 04:45:00,2.2743700000000002,2.27533,2.27402,2.27526,628
2025-05-28 04:50:00,2.27526,2.2766,2.27516,2.27595,471
2025-05-28 04:55:00,2.27597,2.27705,2.27422,2.27432,435
2025-05-28 05:00:00,2.27384,2.27561,2.26912,2.27107,779
2025-05-28 05:05:00,2.27109,2.27116,2.26763,2.2678599999999998,603
2025-05-28 05:10:00,2.26784,2.26829,2.26536,2.26539,519
2025-05-28 05:15:00,2.26547,2.26589,2.2622,2.26394,570
2025-05-28 05:20:00,2.26398,2.26485,2.26347,2.26422,476
2025-05-28 05:25:00,2.26422,2.26424,2.26147,2.26348,511
2025-05-28 05:30:00,2.26344,2.2646,2.26344,2.26398,353
2025-05-28 05:35:00,2.26398,2.2654199999999998,2.26294,2.26538,443
2025-05-28 05:40:00,2.26537,2.2654199999999998,2.26379,2.26423,401
2025-05-28 05:45:00,2.26425,2.26536,2.26418,2.26479,358
2025-05-28 05:50:00,2.26479,2.26539,2.26397,2.26457,515
2025-05-28 05:55:00,2.26457,2.26514,2.26424,2.265,567
2025-05-28 06:00:00,2.265,2.26502,2.26425,2.2647399999999998,397
2025-05-28 06:05:00,2.2647,2.26476,2.26059,2.26078,353
2025-05-28 06:10:00,2.26078,2.26087,2.25952,2.26018,366
2025-05-28 06:15:00,2.2602,2.26048,2.25838,2.2591200000000002,424
2025-05-28 06:20:00,2.2591200000000002,2.25937,2.25758,2.25793,425
2025-05-28 06:25:00,2.25793,2.25903,2.25771,2.25867,342
2025-05-28 06:30:00,2.25867,2.25878,2.25753,2.25774,529
2025-05-28 06:35:00,2.25774,2.25774,2.25642,2.25684,609
2025-05-28 06:40:00,2.25686,2.25707,2.25588,2.2561,457
2025-05-28 06:45:00,2.25611,2.25734,2.255,2.25547,432
2025-05-28 06:50:00,2.25555,2.25685,2.25543,2.25655,513
2025-05-28 06:55:00,2.25657,2.25657,2.25523,2.25575,433
2025-05-28 07:00:00,2.25575,2.25689,2.25524,2.25687,361
2025-05-28 07:05:00,2.25702,2.25879,2.25692,2.25847,389
2025-05-28 07:10:00,2.2584,2.25872,2.2579000000000002,2.25841,398
2025-05-28 07:15:00,2.25836,2.2590500000000002,2.25832,2.259,284
2025-05-28 07:20:00,2.259,2.25903,2.25826,2.25854,317
2025-05-28 07:25:00,2.25854,2.2607,2.25854,2.26015,344
2025-05-28 07:30:00,2.26011,2.26124,2.26011,2.26079,345
2025-05-28 07:35:00,2.26079,2.2622,2.26021,2.26188,326
2025-05-28 07:40:00,2.26184,2.26275,2.26181,2.26269,361
2025-05-28 07:45:00,2.26269,2.26309,2.26175,2.2627,274
2025-05-28 07:50:00,2.26274,2.26354,2.26233,2.26349,301
2025-05-28 07:55:00,2.26353,2.2647,2.2633,2.26458,377
2025-05-28 08:00:00,2.26458,2.26476,2.26393,2.26393,409
2025-05-28 08:05:00,2.26392,2.26449,2.26245,2.26428,378
2025-05-28 08:10:00,2.26428,2.26576,2.26412,2.2654,274
2025-05-28 08:15:00,2.2654,2.26565,2.26417,2.26475,433
2025-05-28 08:20:00,2.26475,2.26496,2.26336,2.26416,496
2025-05-28 08:25:00,2.26412,2.26429,2.26307,2.26371,286
2025-05-28 08:30:00,2.26379,2.26406,2.2634,2.26354,324
2025-05-28 08:35:00,2.26351,2.26395,2.26304,2.26306,408
2025-05-28 08:40:00,2.26302,2.26309,2.2621700000000002,2.26239,323
2025-05-28 08:45:00,2.26239,2.2628,2.262,2.26236,448
2025-05-28 08:50:00,2.26236,2.26328,2.26231,2.26258,314
2025-05-28 08:55:00,2.26258,2.2626,2.26056,2.26094,515
2025-05-28 09:00:00,2.26094,2.2623699999999998,2.26052,2.26216,607
2025-05-28 09:05:00,2.26218,2.2631,2.26146,2.26297,472
2025-05-28 09:10:00,2.26297,2.26379,2.26296,2.26321,502
2025-05-28 09:15:00,2.26319,2.26365,2.26193,2.2621,444
2025-05-28 09:20:00,2.2621,2.2623699999999998,2.26141,2.26189,470
2025-05-28 09:25:00,2.26189,2.2621700000000002,2.26134,2.26138,378
2025-05-28 09:30:00,2.26134,2.26134,2.26028,2.26057,464
2025-05-28 09:35:00,2.26056,2.26075,2.2592499999999998,2.25934,318
2025-05-28 09:40:00,2.25934,2.25949,2.25832,2.25927,477
2025-05-28 09:45:00,2.25916,2.26009,2.2587,2.25997,350
2025-05-28 09:50:00,2.2599299999999998,2.26019,2.25913,2.26018,504
2025-05-28 09:55:00,2.26018,2.26155,2.25978,2.26079,518
2025-05-28 10:00:00,2.26071,2.26127,2.25959,2.25991,596
2025-05-28 10:05:00,2.25991,2.26083,2.25961,2.25999,515
2025-05-28 10:10:00,2.26002,2.26056,2.25978,2.26044,547
2025-05-28 10:15:00,2.26048,2.26087,2.26003,2.26006,431
2025-05-28 10:20:00,2.26008,2.26043,2.25979,2.26002,428
2025-05-28 10:25:00,2.2598,2.26072,2.25967,2.26014,466
2025-05-28 10:30:00,2.26015,2.26071,2.25983,2.26052,413
2025-05-28 10:35:00,2.2605399999999998,2.26117,2.26018,2.2609500000000002,356
2025-05-28 10:40:00,2.26096,2.26126,2.2605,2.26064,501
2025-05-28 10:45:00,2.26064,2.26111,2.2596600000000002,2.25978,447
2025-05-28 10:50:00,2.25982,2.2599299999999998,2.25833,2.25897,424
2025-05-28 10:55:00,2.25896,2.2611499999999998,2.25881,2.2609500000000002,442
2025-05-28 11:00:00,2.26092,2.26092,2.2599,2.26031,469
2025-05-28 11:05:00,2.26031,2.262,2.2603,2.26179,374
2025-05-28 11:10:00,2.26179,2.26203,2.26142,2.26167,450
2025-05-28 11:15:00,2.26165,2.26262,2.26147,2.26182,425
2025-05-28 11:20:00,2.26183,2.26299,2.26171,2.26192,458
2025-05-28 11:25:00,2.26191,2.26202,2.2613,2.26177,369
2025-05-28 11:30:00,2.26173,2.26199,2.26085,2.26141,375
2025-05-28 11:35:00,2.26141,2.26191,2.26126,2.26134,341
2025-05-28 11:40:00,2.26134,2.2621700000000002,2.26134,2.26208,406
2025-05-28 11:45:00,2.26209,2.26216,2.26151,2.26154,330
2025-05-28 11:50:00,2.2615600000000002,2.26165,2.26045,2.26061,419
2025-05-28 11:55:00,2.26062,2.26074,2.25959,2.26056,381
2025-05-28 12:00:00,2.26049,2.26194,2.26035,2.26166,457
2025-05-28 12:05:00,2.26164,2.26251,2.26127,2.26247,324
2025-05-28 12:10:00,2.26247,2.26273,2.26194,2.26206,307
2025-05-28 12:15:00,2.26207,2.2622,2.26065,2.26069,352
2025-05-28 12:20:00,2.26069,2.26074,2.25985,2.26008,345
2025-05-28 12:25:00,2.26008,2.26063,2.26001,2.26037,327
2025-05-28 12:30:00,2.2604,2.26059,2.25992,2.26059,287
2025-05-28 12:35:00,2.26055,2.2612,2.26018,2.26116,252
2025-05-28 12:40:00,2.26116,2.26205,2.26116,2.26201,357
2025-05-28 12:45:00,2.26201,2.26232,2.26183,2.26202,270
2025-05-28 12:50:00,2.262,2.26272,2.26191,2.26257,265
2025-05-28 12:55:00,2.26257,2.26266,2.26198,2.26255,335
2025-05-28 13:00:00,2.26255,2.26377,2.26254,2.26361,296
2025-05-28 13:05:00,2.26363,2.26376,2.26199,2.26212,324
2025-05-28 13:10:00,2.26212,2.26213,2.26145,2.26151,352
2025-05-28 13:15:00,2.26151,2.26196,2.2611,2.2617599999999998,294
2025-05-28 13:20:00,2.26171,2.26177,2.26135,2.26159,320
2025-05-28 13:25:00,2.26159,2.26159,2.26062,2.26062,250
2025-05-28 13:30:00,2.26062,2.26123,2.26057,2.26075,263
2025-05-28 13:35:00,2.26073,2.2615,2.26073,2.26096,202
2025-05-28 13:40:00,2.26105,2.26163,2.26045,2.26124,308
2025-05-28 13:45:00,2.26124,2.2617599999999998,2.2608,2.26111,319
2025-05-28 13:50:00,2.26111,2.26126,2.26071,2.26104,366
2025-05-28 13:55:00,2.2610799999999998,2.26136,2.26021,2.26065,455
2025-05-28 14:00:00,2.26065,2.26123,2.2604699999999998,2.26063,465
2025-05-28 14:05:00,2.26066,2.26151,2.2605399999999998,2.26099,334
2025-05-28 14:10:00,2.26099,2.26175,2.26073,2.26168,337
2025-05-28 14:15:00,2.26166,2.26199,2.26143,2.26179,313
2025-05-28 14:20:00,2.26172,2.26193,2.26067,2.26071,312
2025-05-28 14:25:00,2.2607,2.26082,2.2598,2.26013,358
2025-05-28 14:30:00,2.26007,2.2607,2.2597,2.26039,356
2025-05-28 14:35:00,2.26042,2.2607,2.25982,2.26011,331
2025-05-28 14:40:00,2.26017,2.26037,2.2597,2.25985,301
2025-05-28 14:45:00,2.25988,2.2603,2.25964,2.2598,302
2025-05-28 14:50:00,2.25982,2.26009,2.25948,2.25992,363
2025-05-28 14:55:00,2.25997,2.26009,2.2596600000000002,2.26003,479
2025-05-28 15:00:00,2.26,2.26,2.25938,2.25941,411
2025-05-28 15:05:00,2.25938,2.2596600000000002,2.25877,2.25906,327
2025-05-28 15:10:00,2.25906,2.25919,2.25848,2.25867,434
2025-05-28 15:15:00,2.25873,2.2591200000000002,2.25841,2.25857,334
2025-05-28 15:20:00,2.25855,2.25859,2.25777,2.25833,346
2025-05-28 15:25:00,2.25836,2.25924,2.2583,2.25891,348
2025-05-28 15:30:00,2.25891,2.25933,2.25886,2.25913,413
2025-05-28 15:35:00,2.25911,2.26066,2.25911,2.2605,442
2025-05-28 15:40:00,2.26052,2.26106,2.26003,2.26039,451
2025-05-28 15:45:00,2.26039,2.2609,2.25994,2.26038,431
2025-05-28 15:50:00,2.26038,2.26077,2.25994,2.26058,390
2025-05-28 15:55:00,2.26053,2.26129,2.26051,2.2610799999999998,496
2025-05-28 16:00:00,2.2611,2.26203,2.26099,2.26185,546
2025-05-28 16:05:00,2.26185,2.2635899999999998,2.26181,2.2635899999999998,520
2025-05-28 16:10:00,2.26363,2.2645,2.26336,2.26427,561
2025-05-28 16:15:00,2.26439,2.26441,2.26252,2.26257,561
2025-05-28 16:20:00,2.26248,2.26349,2.26245,2.26329,479
2025-05-28 16:25:00,2.26331,2.26345,2.2626,2.26299,465
2025-05-28 16:30:00,2.263,2.26317,2.26175,2.26182,659
2025-05-28 16:35:00,2.2618,2.26301,2.2618,2.26247,612
2025-05-28 16:40:00,2.2625,2.26292,2.26193,2.26232,617
2025-05-28 16:45:00,2.26232,2.26285,2.26136,2.26273,594
2025-05-28 16:50:00,2.26274,2.26293,2.26134,2.26166,598
2025-05-28 16:55:00,2.26171,2.26347,2.26168,2.26335,630
2025-05-28 17:00:00,2.2633900000000002,2.26421,2.26325,2.26351,695
2025-05-28 17:05:00,2.2634600000000002,2.2635,2.26209,2.26226,681
2025-05-28 17:10:00,2.2622999999999998,2.26248,2.261,2.26145,676
2025-05-28 17:15:00,2.26145,2.26243,2.26122,2.26238,531
2025-05-28 17:20:00,2.26241,2.26261,2.26191,2.26204,508
2025-05-28 17:25:00,2.26202,2.26226,2.26124,2.26145,524
2025-05-28 17:30:00,2.26137,2.26198,2.2611499999999998,2.26162,561
2025-05-28 17:35:00,2.26162,2.26209,2.26075,2.26102,549
2025-05-28 17:40:00,2.26102,2.26112,2.26003,2.26084,566
2025-05-28 17:45:00,2.2609,2.26222,2.25962,2.26213,712
2025-05-28 17:50:00,2.2621700000000002,2.26223,2.26018,2.26061,873
2025-05-28 17:55:00,2.26062,2.26127,2.25974,2.2606,834
2025-05-28 18:00:00,2.26058,2.26153,2.26044,2.26074,734
2025-05-28 18:05:00,2.26079,2.26128,2.26074,2.26085,500
2025-05-28 18:10:00,2.26083,2.26125,2.26046,2.26118,486
2025-05-28 18:15:00,2.26121,2.26171,2.26074,2.26162,508
2025-05-28 18:20:00,2.26162,2.26177,2.26086,2.26158,520
2025-05-28 18:25:00,2.26157,2.26174,2.26112,2.26154,474
2025-05-28 18:30:00,2.26154,2.26187,2.26129,2.26163,509
2025-05-28 18:35:00,2.26163,2.26195,2.26126,2.26173,477
2025-05-28 18:40:00,2.26173,2.26224,2.26144,2.26188,432
2025-05-28 18:45:00,2.26184,2.26206,2.26124,2.26137,370
2025-05-28 18:50:00,2.26137,2.2615,2.26086,2.26138,391
2025-05-28 18:55:00,2.2614,2.26154,2.26112,2.26152,450
2025-05-28 19:00:00,2.26146,2.26218,2.26116,2.26182,499
2025-05-28 19:05:00,2.26182,2.26215,2.26144,2.2616899999999998,373
2025-05-28 19:10:00,2.26175,2.26224,2.26145,2.26209,429
2025-05-28 19:15:00,2.26215,2.26215,2.26099,2.26131,313
2025-05-28 19:20:00,2.26131,2.2614,2.26066,2.2608,359
2025-05-28 19:25:00,2.26081,2.26129,2.26057,2.26124,396
2025-05-28 19:30:00,2.26124,2.26142,2.26092,2.26114,385
2025-05-28 19:35:00,2.26114,2.26129,2.26081,2.26117,363
2025-05-28 19:40:00,2.26117,2.26129,2.26064,2.26089,363
2025-05-28 19:45:00,2.26081,2.261,2.26055,2.2606,396
2025-05-28 19:50:00,2.26064,2.26127,2.26058,2.26116,390
2025-05-28 19:55:00,2.26112,2.26177,2.26085,2.26155,387
2025-05-28 20:00:00,2.26155,2.26177,2.26036,2.26045,566
2025-05-28 20:05:00,2.26045,2.26083,2.2603400000000002,2.26056,373
2025-05-28 20:10:00,2.26056,2.26078,2.25991,2.26008,296
2025-05-28 20:15:00,2.26008,2.26017,2.2596600000000002,2.26017,222
2025-05-28 20:20:00,2.26015,2.26025,2.25937,2.25945,300
2025-05-28 20:25:00,2.25946,2.25964,2.25918,2.25931,352
2025-05-28 20:30:00,2.25931,2.2595,2.25897,2.25947,351
2025-05-28 20:35:00,2.25938,2.25943,2.25882,2.25888,260
2025-05-28 20:40:00,2.25892,2.25951,2.25891,2.25951,263
2025-05-28 20:45:00,2.25949,2.25952,2.25886,2.25929,275
2025-05-28 20:50:00,2.2592499999999998,2.25963,2.25913,2.25933,272
2025-05-28 20:55:00,2.25899,2.25938,2.25872,2.25907,275
2025-05-28 21:00:00,2.25907,2.25958,2.25862,2.25885,366
2025-05-28 21:05:00,2.25885,2.2590500000000002,2.25849,2.25874,311
2025-05-28 21:10:00,2.25874,2.25884,2.25838,2.25879,288
2025-05-28 21:15:00,2.25875,2.25897,2.25853,2.25883,270
2025-05-28 21:20:00,2.25886,2.25934,2.2587,2.25913,281
2025-05-28 21:25:00,2.25913,2.2593,2.25877,2.25904,271
2025-05-28 21:30:00,2.259,2.25927,2.2587099999999998,2.25916,252
2025-05-28 21:35:00,2.25916,2.25924,2.25853,2.25875,255
2025-05-28 21:40:00,2.25875,2.25881,2.2584,2.25879,323
2025-05-28 21:45:00,2.25877,2.25881,2.2582,2.25838,339
2025-05-28 21:50:00,2.25838,2.25915,2.25804,2.25907,416
2025-05-28 21:55:00,2.25907,2.25958,2.25874,2.25893,411
2025-05-28 22:00:00,2.25893,2.25906,2.25834,2.25842,341
2025-05-28 22:05:00,2.25825,2.2589,2.25821,2.25862,281
2025-05-28 22:10:00,2.2586399999999998,2.25906,2.25841,2.25849,262
2025-05-28 22:15:00,2.25849,2.25896,2.25837,2.25868,313
2025-05-28 22:20:00,2.25867,2.25894,2.25861,2.25883,280
2025-05-28 22:25:00,2.25883,2.25908,2.25867,2.25894,185
2025-05-28 22:30:00,2.25892,2.25899,2.25841,2.2586399999999998,236
2025-05-28 22:35:00,2.25861,2.25899,2.25848,2.25884,241
2025-05-28 22:40:00,2.25886,2.25914,2.25849,2.25867,252
2025-05-28 22:45:00,2.25863,2.25911,2.25853,2.25907,220
2025-05-28 22:50:00,2.25913,2.25941,2.25891,2.25908,302
2025-05-28 22:55:00,2.25908,2.25934,2.25874,2.25902,344
2025-05-28 23:00:00,2.25899,2.25954,2.25899,2.25934,284
2025-05-28 23:05:00,2.2593199999999998,2.25936,2.25859,2.25896,316
2025-05-28 23:10:00,2.259,2.25951,2.25884,2.2594,181
2025-05-28 23:15:00,2.25937,2.25968,2.25917,2.25954,194
2025-05-28 23:20:00,2.25969,2.25975,2.25866,2.259,275
2025-05-28 23:25:00,2.259,2.25921,2.2584,2.25854,192
2025-05-28 23:30:00,2.25853,2.25875,2.25817,2.25839,165
2025-05-28 23:35:00,2.25839,2.2585,2.25692,2.25719,188
2025-05-28 23:40:00,2.25719,2.25719,2.25367,2.25367,177
2025-05-28 23:45:00,2.25368,2.25454,2.25365,2.25454,190
2025-05-28 23:50:00,2.2545,2.2545,2.2539,2.25413,253
2025-05-28 23:55:00,2.25415,2.25687,2.25387,2.2561999999999998,328
2025-05-29 00:00:00,2.25624,2.25717,2.25501,2.25541,12
2025-05-29 00:05:00,2.25541,2.25541,2.25472,2.25472,20
2025-05-29 00:10:00,2.25472,2.25481,2.25468,2.2548,14
2025-05-29 00:15:00,2.2548,2.25531,2.25476,2.25516,18
2025-05-29 00:20:00,2.25508,2.2554600000000002,2.255,2.25512,17
2025-05-29 00:25:00,2.25512,2.25606,2.25508,2.25547,31
2025-05-29 00:30:00,2.25547,2.25591,2.25547,2.25561,35
2025-05-29 00:35:00,2.25561,2.25599,2.25519,2.2554,36
2025-05-29 00:40:00,2.2554,2.2556,2.2553,2.2555,119
2025-05-29 00:45:00,2.2555,2.25608,2.25545,2.25587,77
2025-05-29 00:50:00,2.25604,2.25616,2.25569,2.25571,77
2025-05-29 00:55:00,2.25571,2.25596,2.25545,2.25552,129
2025-05-29 01:00:00,2.2556,2.25656,2.25486,2.25646,495
2025-05-29 01:05:00,2.25653,2.25711,2.25643,2.25693,76
2025-05-29 01:10:00,2.25693,2.25713,2.25672,2.25693,73
2025-05-29 01:15:00,2.25693,2.25723,2.25672,2.25683,220
2025-05-29 01:20:00,2.2568099999999998,2.25684,2.25659,2.25682,131
2025-05-29 01:25:00,2.25682,2.25712,2.25665,2.257,117
2025-05-29 01:30:00,2.257,2.25721,2.25556,2.2561999999999998,170
2025-05-29 01:35:00,2.2561999999999998,2.25624,2.25593,2.25608,121
2025-05-29 01:40:00,2.25608,2.25636,2.25569,2.25581,178
2025-05-29 01:45:00,2.25583,2.25588,2.25472,2.255,222
2025-05-29 01:50:00,2.25488,2.25537,2.25484,2.2551,210
2025-05-29 01:55:00,2.2551,2.2553,2.25377,2.25387,243
2025-05-29 02:00:00,2.25396,2.2542,2.25258,2.25319,313
2025-05-29 02:05:00,2.25316,2.25368,2.25272,2.25346,331
2025-05-29 02:10:00,2.25346,2.25456,2.25328,2.25342,676
2025-05-29 02:15:00,2.25343,2.25398,2.25303,2.25353,572
2025-05-29 02:20:00,2.25355,2.25422,2.25329,2.25371,488
2025-05-29 02:25:00,2.25371,2.25394,2.25318,2.25377,334
2025-05-29 02:30:00,2.25377,2.25413,2.2521,2.2521,490
2025-05-29 02:35:00,2.25215,2.25392,2.25141,2.25373,840
2025-05-29 02:40:00,2.25388,2.25618,2.25308,2.25573,715
2025-05-29 02:45:00,2.25572,2.25596,2.25348,2.25374,813
2025-05-29 02:50:00,2.25377,2.25419,2.25238,2.25265,679
2025-05-29 02:55:00,2.25267,2.25436,2.25248,2.2541700000000002,694
2025-05-29 03:00:00,2.2542,2.25454,2.25281,2.25281,894
2025-05-29 03:05:00,2.25281,2.2542,2.25262,2.25385,772
2025-05-29 03:10:00,2.25386,2.2549,2.25378,2.25473,658
2025-05-29 03:15:00,2.25473,2.25612,2.25459,2.25569,826
2025-05-29 03:20:00,2.25572,2.25597,2.2546,2.25526,750
2025-05-29 03:25:00,2.25526,2.25526,2.25371,2.25467,539
2025-05-29 03:30:00,2.25468,2.25527,2.25426,2.25432,676
2025-05-29 03:35:00,2.2543699999999998,2.25525,2.25426,2.25474,572
2025-05-29 03:40:00,2.25469,2.25549,2.25433,2.25496,603
2025-05-29 03:45:00,2.2549799999999998,2.25544,2.25462,2.25526,522
2025-05-29 03:50:00,2.25526,2.2554,2.25408,2.25418,622
2025-05-29 03:55:00,2.25421,2.2552,2.25409,2.25501,700
2025-05-29 04:00:00,2.25499,2.25634,2.25489,2.25596,816
2025-05-29 04:05:00,2.2560000000000002,2.25669,2.25521,2.25647,689
2025-05-29 04:10:00,2.25645,2.25699,2.25599,2.25689,631
2025-05-29 04:15:00,2.25685,2.25952,2.25685,2.25946,575
2025-05-29 04:20:00,2.25944,2.25985,2.25883,2.25938,566
2025-05-29 04:25:00,2.25938,2.2602700000000002,2.25938,2.2599299999999998,494
2025-05-29 04:30:00,2.25994,2.26134,2.25994,2.2605399999999998,508
2025-05-29 04:35:00,2.2605399999999998,2.26222,2.26035,2.26165,651
2025-05-29 04:40:00,2.26168,2.2629,2.26121,2.26276,421
2025-05-29 04:45:00,2.26276,2.26462,2.26258,2.26456,430
2025-05-29 04:50:00,2.26455,2.2647399999999998,2.26185,2.26245,481
2025-05-29 04:55:00,2.26243,2.26409,2.26243,2.26281,464
2025-05-29 05:00:00,2.26281,2.2662,2.26277,2.26611,569
2025-05-29 05:05:00,2.26615,2.2669,2.26519,2.26536,457
2025-05-29 05:10:00,2.26536,2.26571,2.26484,2.26495,362
2025-05-29 05:15:00,2.26493,2.26523,2.26436,2.2644,352
2025-05-29 05:20:00,2.2644,2.26493,2.26401,2.26485,413
2025-05-29 05:25:00,2.26486,2.2649,2.26308,2.26312,283
2025-05-29 05:30:00,2.26316,2.26338,2.26229,2.26242,497
2025-05-29 05:35:00,2.26241,2.26302,2.26231,2.26267,340
2025-05-29 05:40:00,2.26271,2.26286,2.26106,2.26137,584
2025-05-29 05:45:00,2.26137,2.26301,2.26135,2.26293,494
2025-05-29 05:50:00,2.26293,2.2634600000000002,2.26266,2.26303,487
2025-05-29 05:55:00,2.26305,2.26379,2.2628,2.26349,405
2025-05-29 06:00:00,2.26349,2.26449,2.26312,2.2644,457
2025-05-29 06:05:00,2.2644,2.26483,2.26351,2.26369,394
2025-05-29 06:10:00,2.26369,2.26412,2.2628,2.26377,350
2025-05-29 06:15:00,2.26377,2.26421,2.26277,2.26316,389
2025-05-29 06:20:00,2.26316,2.2635899999999998,2.26263,2.26264,462
2025-05-29 06:25:00,2.26264,2.26322,2.26262,2.26287,333
2025-05-29 06:30:00,2.26289,2.26324,2.26253,2.26266,332
2025-05-29 06:35:00,2.26272,2.2634600000000002,2.26255,2.26319,411
2025-05-29 06:40:00,2.26322,2.2638,2.26253,2.26306,400
2025-05-29 06:45:00,2.2631,2.2634600000000002,2.26129,2.26151,500
2025-05-29 06:50:00,2.26151,2.2621,2.26119,2.26178,382
2025-05-29 06:55:00,2.26178,2.26231,2.2617599999999998,2.26202,253
2025-05-29 07:00:00,2.26202,2.2624,2.26193,2.26231,319
2025-05-29 07:05:00,2.26232,2.26316,2.26215,2.26292,180
2025-05-29 07:10:00,2.26292,2.26393,2.26287,2.26344,271
2025-05-29 07:15:00,2.26344,2.26366,2.26256,2.26315,276
2025-05-29 07:20:00,2.26315,2.26343,2.26294,2.26327,183
2025-05-29 07:25:00,2.26328,2.26373,2.26293,2.26312,268
2025-05-29 07:30:00,2.26314,2.26314,2.26255,2.26268,301
2025-05-29 07:35:00,2.26261,2.26281,2.26222,2.26245,247
2025-05-29 07:40:00,2.26245,2.26259,2.26152,2.26179,296
2025-05-29 07:45:00,2.26183,2.26186,2.26125,2.26137,304
2025-05-29 07:50:00,2.26139,2.26167,2.26101,2.26133,353
2025-05-29 07:55:00,2.26129,2.26154,2.26096,2.26131,265
2025-05-29 08:00:00,2.26132,2.26168,2.26125,2.26159,344
2025-05-29 08:05:00,2.26159,2.2629099999999998,2.26159,2.26212,244
2025-05-29 08:10:00,2.26212,2.26231,2.2618,2.26212,302
2025-05-29 08:15:00,2.26214,2.26254,2.26203,2.26212,270
2025-05-29 08:20:00,2.26208,2.26215,2.26032,2.26059,303
2025-05-29 08:25:00,2.26053,2.26133,2.26053,2.26131,297
2025-05-29 08:30:00,2.26128,2.26146,2.26059,2.26067,310
2025-05-29 08:35:00,2.26067,2.2611,2.26023,2.2609500000000002,318
2025-05-29 08:40:00,2.26096,2.26165,2.26077,2.26158,330
2025-05-29 08:45:00,2.26165,2.26202,2.26097,2.26194,441
2025-05-29 08:50:00,2.26194,2.26255,2.26148,2.2617599999999998,468
2025-05-29 08:55:00,2.26177,2.26398,2.26155,2.26263,506
2025-05-29 09:00:00,2.26267,2.26345,2.26236,2.26313,530
2025-05-29 09:05:00,2.26313,2.26333,2.26153,2.26158,390
2025-05-29 09:10:00,2.26168,2.26216,2.26112,2.26126,447
2025-05-29 09:15:00,2.26129,2.26147,2.26058,2.2608800000000002,477
2025-05-29 09:20:00,2.2608800000000002,2.26102,2.25942,2.25949,555
2025-05-29 09:25:00,2.25949,2.25956,2.25775,2.25785,552
2025-05-29 09:30:00,2.25782,2.25873,2.25711,2.25859,516
2025-05-29 09:35:00,2.25859,2.25963,2.25829,2.25941,470
2025-05-29 09:40:00,2.25941,2.25998,2.2593199999999998,2.25955,428
2025-05-29 09:45:00,2.25955,2.26008,2.25921,2.25928,403
2025-05-29 09:50:00,2.2593199999999998,2.25996,2.25901,2.25989,420
2025-05-29 09:55:00,2.25989,2.2605,2.25985,2.2602,471
2025-05-29 10:00:00,2.26022,2.2606,2.25884,2.26037,648
2025-05-29 10:05:00,2.26038,2.26076,2.25883,2.25883,509
2025-05-29 10:10:00,2.25883,2.2592,2.25758,2.25771,540
2025-05-29 10:15:00,2.2576,2.2576,2.2565,2.25658,523
2025-05-29 10:20:00,2.25658,2.25684,2.25595,2.25624,442
2025-05-29 10:25:00,2.25624,2.25736,2.25617,2.25711,413
2025-05-29 10:30:00,2.25711,2.25766,2.25707,2.25718,420
2025-05-29 10:35:00,2.25718,2.25763,2.25708,2.25752,436
2025-05-29 10:40:00,2.25752,2.25818,2.25725,2.25762,421
2025-05-29 10:45:00,2.25758,2.2584,2.25743,2.25775,419
2025-05-29 10:50:00,2.25776,2.25782,2.2569,2.25704,422
2025-05-29 10:55:00,2.25696,2.25699,2.25609,2.25609,424
2025-05-29 11:00:00,2.25616,2.25636,2.25551,2.25603,408
2025-05-29 11:05:00,2.25609,2.25647,2.2556,2.25636,360
2025-05-29 11:10:00,2.25639,2.2566100000000002,2.25572,2.25639,486
2025-05-29 11:15:00,2.25639,2.25726,2.25639,2.25718,413
2025-05-29 11:20:00,2.25721,2.25738,2.2568,2.25692,342
2025-05-29 11:25:00,2.25701,2.25715,2.25642,2.25704,376
2025-05-29 11:30:00,2.25706,2.25748,2.25696,2.25732,384
2025-05-29 11:35:00,2.25741,2.25802,2.25726,2.25784,330
2025-05-29 11:40:00,2.2578,2.25829,2.25759,2.25795,386
2025-05-29 11:45:00,2.25799,2.2583,2.25789,2.25827,297
2025-05-29 11:50:00,2.25829,2.25856,2.25799,2.25808,321
2025-05-29 11:55:00,2.2580999999999998,2.25828,2.25775,2.25798,352
2025-05-29 12:00:00,2.25806,2.25873,2.2578,2.25865,407
2025-05-29 12:05:00,2.25865,2.2587,2.25788,2.25817,280
2025-05-29 12:10:00,2.25817,2.25845,2.25789,2.25811,267
2025-05-29 12:15:00,2.25815,2.25835,2.25793,2.25793,296
2025-05-29 12:20:00,2.25793,2.2582,2.25763,2.25774,257
2025-05-29 12:25:00,2.25776,2.2578,2.2568099999999998,2.25694,433
2025-05-29 12:30:00,2.25694,2.25705,2.25601,2.25631,428
2025-05-29 12:35:00,2.25631,2.25663,2.25582,2.25611,358
2025-05-29 12:40:00,2.25609,2.25646,2.2559,2.25621,364
2025-05-29 12:45:00,2.25617,2.25684,2.25617,2.2565,268
2025-05-29 12:50:00,2.2565,2.25702,2.25635,2.25651,407
2025-05-29 12:55:00,2.25651,2.25676,2.25626,2.25656,416
2025-05-29 13:00:00,2.25663,2.25697,2.25609,2.2565,453
2025-05-29 13:05:00,2.25654,2.25706,2.25632,2.25699,379
2025-05-29 13:10:00,2.25699,2.25797,2.25695,2.2578300000000002,400
2025-05-29 13:15:00,2.25779,2.25811,2.25762,2.25798,376
2025-05-29 13:20:00,2.25796,2.25827,2.25738,2.25775,411
2025-05-29 13:25:00,2.25775,2.25776,2.25625,2.25663,462
2025-05-29 13:30:00,2.25656,2.25707,2.25631,2.25704,417
2025-05-29 13:35:00,2.25707,2.25747,2.25671,2.25719,391
2025-05-29 13:40:00,2.25715,2.25731,2.25625,2.25638,433
2025-05-29 13:45:00,2.2564,2.25659,2.2561,2.25646,422
2025-05-29 13:50:00,2.25648,2.25692,2.25617,2.2568099999999998,410
2025-05-29 13:55:00,2.2568,2.25702,2.2561999999999998,2.25656,394
2025-05-29 14:00:00,2.25658,2.2572,2.25624,2.25703,388
2025-05-29 14:05:00,2.25703,2.25743,2.25684,2.25704,346
2025-05-29 14:10:00,2.25707,2.25754,2.25676,2.25683,419
2025-05-29 14:15:00,2.2568099999999998,2.25758,2.25649,2.25748,380
2025-05-29 14:20:00,2.25752,2.25793,2.25725,2.25789,314
2025-05-29 14:25:00,2.25788,2.2580299999999998,2.25748,2.25764,432
2025-05-29 14:30:00,2.25763,2.25768,2.25673,2.25677,475
2025-05-29 14:35:00,2.25677,2.25734,2.25663,2.25734,407
2025-05-29 14:40:00,2.25736,2.25738,2.25665,2.25716,484
2025-05-29 14:45:00,2.25716,2.25778,2.25706,2.25741,445
2025-05-29 14:50:00,2.25741,2.25795,2.2573,2.25768,423
2025-05-29 14:55:00,2.25764,2.25846,2.25746,2.25788,525
2025-05-29 15:00:00,2.25788,2.25816,2.25694,2.25701,518
2025-05-29 15:05:00,2.257,2.25707,2.2555899999999998,2.2555899999999998,705
2025-05-29 15:10:00,2.25561,2.25642,2.2556,2.25615,535
2025-05-29 15:15:00,2.25617,2.25626,2.25577,2.2561999999999998,588
2025-05-29 15:20:00,2.2561999999999998,2.25663,2.2556599999999998,2.25594,580
2025-05-29 15:25:00,2.25599,2.25606,2.25504,2.25504,369
2025-05-29 15:30:00,2.25508,2.25608,2.25438,2.25447,906
2025-05-29 15:35:00,2.25464,2.25554,2.2539,2.2539,752
2025-05-29 15:40:00,2.25395,2.25526,2.25386,2.2551,788
2025-05-29 15:45:00,2.25513,2.25513,2.25381,2.25488,654
2025-05-29 15:50:00,2.25491,2.25553,2.25484,2.25522,741
2025-05-29 15:55:00,2.25529,2.25529,2.25399,2.25429,938
2025-05-29 16:00:00,2.25429,2.25488,2.25375,2.2548,988
2025-05-29 16:05:00,2.25483,2.25525,2.2541700000000002,2.25449,724
2025-05-29 16:10:00,2.25455,2.25517,2.25438,2.25465,645
2025-05-29 16:15:00,2.25465,2.25499,2.25423,2.25454,561
2025-05-29 16:20:00,2.25452,2.25454,2.2537,2.25388,540
2025-05-29 16:25:00,2.25384,2.25401,2.25326,2.25355,551
2025-05-29 16:30:00,2.25353,2.2549,2.25343,2.2546,618
2025-05-29 16:35:00,2.2546,2.25583,2.25419,2.25574,654
2025-05-29 16:40:00,2.25574,2.25652,2.25548,2.25644,624
2025-05-29 16:45:00,2.25644,2.25816,2.25633,2.25814,619
2025-05-29 16:50:00,2.25814,2.25869,2.25797,2.2585,604
2025-05-29 16:55:00,2.25843,2.26001,2.25843,2.25916,637
2025-05-29 17:00:00,2.25916,2.25921,2.25792,2.25894,813
2025-05-29 17:05:00,2.25892,2.25892,2.25726,2.25743,700
2025-05-29 17:10:00,2.25743,2.25745,2.25533,2.25547,642
2025-05-29 17:15:00,2.25547,2.2572200000000002,2.255,2.25705,586
2025-05-29 17:20:00,2.25709,2.25757,2.25655,2.25741,663
2025-05-29 17:25:00,2.25748,2.25821,2.25737,2.25812,561
2025-05-29 17:30:00,2.25812,2.25834,2.25734,2.2574,595
2025-05-29 17:35:00,2.2574,2.25841,2.2569,2.25806,547
2025-05-29 17:40:00,2.25808,2.25875,2.25771,2.25795,536
2025-05-29 17:45:00,2.25795,2.25806,2.25604,2.25625,590
2025-05-29 17:50:00,2.25626,2.2568099999999998,2.25579,2.25583,570
2025-05-29 17:55:00,2.25581,2.25637,2.25526,2.25537,665
2025-05-29 18:00:00,2.25535,2.25558,2.2544399999999998,2.2547,675
2025-05-29 18:05:00,2.25473,2.25541,2.25462,2.25502,503
2025-05-29 18:10:00,2.25506,2.2551,2.25443,2.25497,540
2025-05-29 18:15:00,2.25497,2.25529,2.25409,2.25515,529
2025-05-29 18:20:00,2.25516,2.25538,2.25462,2.25502,504
2025-05-29 18:25:00,2.25501,2.25561,2.25465,2.25541,506
2025-05-29 18:30:00,2.25541,2.25649,2.25522,2.25603,620
2025-05-29 18:35:00,2.25606,2.25621,2.25554,2.25565,492
2025-05-29 18:40:00,2.25564,2.25574,2.25503,2.25509,495
2025-05-29 18:45:00,2.25509,2.25543,2.2549,2.25511,397
2025-05-29 18:50:00,2.2551,2.2552,2.25456,2.2551,368
2025-05-29 18:55:00,2.2551,2.2560700000000002,2.25492,2.2556599999999998,588
2025-05-29 19:00:00,2.2556599999999998,2.25698,2.2555899999999998,2.25682,632
2025-05-29 19:05:00,2.25669,2.25675,2.25579,2.25601,462
2025-05-29 19:10:00,2.25605,2.25638,2.25543,2.25626,433
2025-05-29 19:15:00,2.25626,2.25643,2.25589,2.2561999999999998,457
2025-05-29 19:20:00,2.2561999999999998,2.25629,2.25563,2.25563,370
2025-05-29 19:25:00,2.2556599999999998,2.25601,2.25557,2.25575,363
2025-05-29 19:30:00,2.25579,2.25623,2.25554,2.25611,348
2025-05-29 19:35:00,2.25611,2.25648,2.25589,2.25636,347
2025-05-29 19:40:00,2.2562699999999998,2.25636,2.25567,2.25583,311
2025-05-29 19:45:00,2.25585,2.25596,2.25557,2.25578,312
2025-05-29 19:50:00,2.25582,2.25587,2.25534,2.25549,301
2025-05-29 19:55:00,2.2555,2.25573,2.25508,2.25532,318
2025-05-29 20:00:00,2.25533,2.25613,2.25516,2.25601,447
2025-05-29 20:05:00,2.25601,2.25691,2.25591,2.25678,335
2025-05-29 20:10:00,2.25678,2.25692,2.25637,2.25662,230
2025-05-29 20:15:00,2.25663,2.25671,2.25624,2.25657,287
2025-05-29 20:20:00,2.25655,2.2566800000000002,2.25593,2.25622,257
2025-05-29 20:25:00,2.25619,2.25646,2.25603,2.25641,285
2025-05-29 20:30:00,2.25641,2.25643,2.25578,2.25614,256
2025-05-29 20:35:00,2.25614,2.25621,2.25561,2.25606,319
2025-05-29 20:40:00,2.25605,2.25614,2.25529,2.2556,337
2025-05-29 20:45:00,2.25557,2.25597,2.25542,2.25597,415
2025-05-29 20:50:00,2.25595,2.25601,2.25545,2.25595,366
2025-05-29 20:55:00,2.25595,2.25639,2.25564,2.25604,358
2025-05-29 21:00:00,2.25604,2.2561999999999998,2.25556,2.25567,473
2025-05-29 21:05:00,2.25575,2.25589,2.2554,2.25588,375
2025-05-29 21:10:00,2.25586,2.25599,2.25538,2.25545,292
2025-05-29 21:15:00,2.25545,2.25589,2.25537,2.25568,307
2025-05-29 21:20:00,2.25572,2.25611,2.25558,2.25571,358
2025-05-29 21:25:00,2.25581,2.25599,2.2555,2.25594,352
2025-05-29 21:30:00,2.25597,2.25598,2.25544,2.25579,290
2025-05-29 21:35:00,2.25579,2.25595,2.25532,2.25557,293
2025-05-29 21:40:00,2.25557,2.25581,2.25523,2.2557,326
2025-05-29 21:45:00,2.2557,2.2557,2.25514,2.25536,280
2025-05-29 21:50:00,2.25533,2.25561,2.25521,2.25553,383
2025-05-29 21:55:00,2.25549,2.25567,2.25503,2.25525,307
2025-05-29 22:00:00,2.25534,2.25564,2.25506,2.25528,278
2025-05-29 22:05:00,2.25528,2.25593,2.25528,2.25573,273
2025-05-29 22:10:00,2.25577,2.25619,2.25551,2.25614,322
2025-05-29 22:15:00,2.25614,2.25672,2.25605,2.25645,303
2025-05-29 22:20:00,2.25643,2.25644,2.25598,2.25628,293
2025-05-29 22:25:00,2.25629,2.25647,2.25605,2.25642,253
2025-05-29 22:30:00,2.25647,2.25652,2.25612,2.25632,251
2025-05-29 22:35:00,2.25621,2.25686,2.25621,2.25675,270
2025-05-29 22:40:00,2.25666,2.25686,2.2562699999999998,2.2568099999999998,318
2025-05-29 22:45:00,2.25659,2.25698,2.25643,2.2569,300
2025-05-29 22:50:00,2.2569,2.25732,2.2566800000000002,2.25686,310
2025-05-29 22:55:00,2.25686,2.25697,2.25638,2.25653,328
2025-05-29 23:00:00,2.25649,2.25718,2.25637,2.25716,321
2025-05-29 23:05:00,2.25716,2.25736,2.25684,2.25718,249
2025-05-29 23:10:00,2.25718,2.25752,2.2569,2.25737,281
2025-05-29 23:15:00,2.25737,2.2578300000000002,2.25737,2.25761,173
2025-05-29 23:20:00,2.25765,2.25781,2.25739,2.25747,151
2025-05-29 23:25:00,2.25743,2.25785,2.25725,2.25773,197
2025-05-29 23:30:00,2.25772,2.25805,2.25752,2.25757,214
2025-05-29 23:35:00,2.25761,2.25858,2.25747,2.25853,214
2025-05-29 23:40:00,2.25853,2.25856,2.2560000000000002,2.25734,227
2025-05-29 23:45:00,2.25732,2.25778,2.25725,2.2574,100
2025-05-29 23:50:00,2.2574,2.25763,2.2572200000000002,2.25732,129
2025-05-29 23:55:00,2.25733,2.26043,2.25696,2.26043,258
2025-05-30 00:05:00,2.2598,2.2602,2.25618,2.25672,47
2025-05-30 00:10:00,2.25672,2.26042,2.2567,2.26042,9
2025-05-30 00:15:00,2.25558,2.25676,2.25414,2.25582,447
2025-05-30 00:20:00,2.25582,2.2567,2.25488,2.25618,424
2025-05-30 00:25:00,2.25616,2.25656,2.25462,2.25468,154
2025-05-30 00:30:00,2.25472,2.2549,2.2525,2.25434,205
2025-05-30 00:35:00,2.25432,2.25608,2.25406,2.25552,173
2025-05-30 00:40:00,2.25552,2.25676,2.25496,2.25676,183
2025-05-30 00:45:00,2.25676,2.25857,2.25674,2.25852,163
2025-05-30 00:50:00,2.25852,2.25857,2.25819,2.25831,73
2025-05-30 00:55:00,2.25823,2.25915,2.2574199999999998,2.2574899999999998,140
2025-05-30 01:00:00,2.25822,2.25955,2.25733,2.25935,285
2025-05-30 01:05:00,2.25937,2.25942,2.25701,2.25762,256
2025-05-30 01:10:00,2.25762,2.2578,2.25746,2.25772,111
2025-05-30 01:15:00,2.25772,2.25793,2.25762,2.2578,125
2025-05-30 01:20:00,2.2578,2.25793,2.25758,2.2577,115
2025-05-30 01:25:00,2.25771,2.25808,2.25761,2.25794,269
2025-05-30 01:30:00,2.25791,2.25841,2.25772,2.2579000000000002,135
2025-05-30 01:35:00,2.2579000000000002,2.2579000000000002,2.25738,2.25745,117
2025-05-30 01:40:00,2.25745,2.25773,2.25713,2.25731,180
2025-05-30 01:45:00,2.25732,2.25762,2.25719,2.25745,129
2025-05-30 01:50:00,2.25745,2.25765,2.2574199999999998,2.25763,108
2025-05-30 01:55:00,2.25764,2.2580999999999998,2.25757,2.25809,125
2025-05-30 02:00:00,2.2580999999999998,2.2580999999999998,2.25755,2.25791,269
2025-05-30 02:05:00,2.25795,2.25795,2.25713,2.25728,182
2025-05-30 02:10:00,2.25728,2.2577,2.25721,2.25747,212
2025-05-30 02:15:00,2.25739,2.25744,2.25696,2.25713,206
2025-05-30 02:20:00,2.25715,2.25715,2.25671,2.2568799999999998,212
2025-05-30 02:25:00,2.2568799999999998,2.25755,2.25683,2.25731,136
2025-05-30 02:30:00,2.25743,2.25743,2.2568,2.25704,224
2025-05-30 02:35:00,2.25704,2.25761,2.257,2.25751,186
2025-05-30 02:40:00,2.2574899999999998,2.25801,2.25714,2.25739,215
2025-05-30 02:45:00,2.25751,2.25806,2.25738,2.25801,193
2025-05-30 02:50:00,2.258,2.258,2.25751,2.25794,227
2025-05-30 02:55:00,2.25794,2.25836,2.2578300000000002,2.25827,258
2025-05-30 03:00:00,2.25831,2.25841,2.25663,2.25713,453
2025-05-30 03:05:00,2.25717,2.25828,2.25704,2.25815,360
2025-05-30 03:10:00,2.25811,2.25876,2.25792,2.25827,354
2025-05-30 03:15:00,2.2583,2.25859,2.25748,2.25785,343
2025-05-30 03:20:00,2.25781,2.25785,2.25743,2.25752,305
2025-05-30 03:25:00,2.25752,2.2579000000000002,2.25711,2.25734,388
2025-05-30 03:30:00,2.25738,2.25807,2.25731,2.25765,511
2025-05-30 03:35:00,2.25763,2.25794,2.25743,2.25754,433
2025-05-30 03:40:00,2.2575,2.25774,2.25718,2.25728,362
2025-05-30 03:45:00,2.25726,2.25746,2.25684,2.25739,424
2025-05-30 03:50:00,2.25733,2.25809,2.25692,2.25755,643
2025-05-30 03:55:00,2.25757,2.25757,2.2548,2.2553,663
2025-05-30 04:00:00,2.25526,2.25726,2.25448,2.25696,671
2025-05-30 04:05:00,2.25708,2.25715,2.25589,2.25634,690
2025-05-30 04:10:00,2.25638,2.25747,2.25614,2.2572200000000002,449
2025-05-30 04:15:00,2.2572,2.25737,2.25611,2.2561999999999998,541
2025-05-30 04:20:00,2.25617,2.25632,2.25513,2.25544,620
2025-05-30 04:25:00,2.25548,2.25657,2.25548,2.25644,366
2025-05-30 04:30:00,2.25656,2.25879,2.25643,2.25866,553
2025-05-30 04:35:00,2.25858,2.25896,2.25788,2.25818,593
2025-05-30 04:40:00,2.25822,2.2585,2.25747,2.25779,554
2025-05-30 04:45:00,2.25776,2.25913,2.25772,2.25902,451
2025-05-30 04:50:00,2.25904,2.25958,2.25854,2.25949,490
2025-05-30 04:55:00,2.25949,2.26006,2.25902,2.25984,468
2025-05-30 05:00:00,2.25982,2.26005,2.25931,2.25971,457
2025-05-30 05:05:00,2.25971,2.26015,2.2591,2.25937,355
2025-05-30 05:10:00,2.25938,2.25983,2.25903,2.25956,387
2025-05-30 05:15:00,2.2596,2.2598,2.25903,2.25938,384
2025-05-30 05:20:00,2.25939,2.25948,2.2587,2.25908,401
2025-05-30 05:25:00,2.2590500000000002,2.25936,2.2584400000000002,2.25865,443
2025-05-30 05:30:00,2.25865,2.25936,2.2586399999999998,2.25926,389
2025-05-30 05:35:00,2.25915,2.25981,2.25907,2.25957,360
2025-05-30 05:40:00,2.25959,2.25968,2.25904,2.2592,392
2025-05-30 05:45:00,2.25921,2.2597,2.25917,2.25965,224
2025-05-30 05:50:00,2.25965,2.2599,2.2590500000000002,2.25929,385
2025-05-30 05:55:00,2.25931,2.2596,2.2587,2.25889,310
2025-05-30 06:00:00,2.25889,2.25889,2.25822,2.25832,287
2025-05-30 06:05:00,2.25832,2.25901,2.25823,2.25847,197
2025-05-30 06:10:00,2.25847,2.25874,2.25829,2.2585,213
2025-05-30 06:15:00,2.25848,2.25872,2.25815,2.25852,236
2025-05-30 06:20:00,2.25856,2.25909,2.25846,2.2585100000000002,221
2025-05-30 06:25:00,2.25852,2.25882,2.25846,2.25868,206
2025-05-30 06:30:00,2.25869,2.25891,2.25847,2.25869,232
2025-05-30 06:35:00,2.25873,2.25876,2.25816,2.25824,226
2025-05-30 06:40:00,2.25824,2.25873,2.25814,2.25838,290
2025-05-30 06:45:00,2.25835,2.25856,2.25769,2.25785,320
2025-05-30 06:50:00,2.25788,2.25828,2.25777,2.25805,299
2025-05-30 06:55:00,2.25805,2.25818,2.25774,2.2579000000000002,241
2025-05-30 07:00:00,2.2579000000000002,2.25797,2.25708,2.25767,330
2025-05-30 07:05:00,2.25771,2.25777,2.25732,2.25745,269
2025-05-30 07:10:00,2.25745,2.25762,2.25718,2.25724,265
2025-05-30 07:15:00,2.25724,2.25766,2.25715,2.2574899999999998,198
2025-05-30 07:20:00,2.2574899999999998,2.25755,2.25646,2.25672,250
2025-05-30 07:25:00,2.25672,2.25698,2.2562699999999998,2.25657,314
2025-05-30 07:30:00,2.25657,2.25724,2.25652,2.25697,181
2025-05-30 07:35:00,2.25697,2.25702,2.25602,2.25612,256
2025-05-30 07:40:00,2.25619,2.25646,2.25589,2.25614,310
2025-05-30 07:45:00,2.25611,2.25636,2.25576,2.25596,377
2025-05-30 07:50:00,2.25596,2.25647,2.25573,2.25631,391
2025-05-30 07:55:00,2.25634,2.25639,2.25579,2.25596,298
2025-05-30 08:00:00,2.25596,2.2560000000000002,2.25544,2.25584,314
2025-05-30 08:05:00,2.25586,2.25646,2.25576,2.25625,319
2025-05-30 08:10:00,2.25629,2.25682,2.25613,2.25672,271
2025-05-30 08:15:00,2.25671,2.25684,2.25609,2.25629,228
2025-05-30 08:20:00,2.25633,2.25636,2.25567,2.25578,182
2025-05-30 08:25:00,2.25583,2.25601,2.25494,2.25506,206
2025-05-30 08:30:00,2.2551,2.2552,2.25453,2.2546,221
2025-05-30 08:35:00,2.25458,2.25473,2.25355,2.25358,286
2025-05-30 08:40:00,2.25358,2.25379,2.25275,2.25294,345
2025-05-30 08:45:00,2.2529500000000002,2.25343,2.25276,2.25331,334
2025-05-30 08:50:00,2.25329,2.2537599999999998,2.25318,2.25373,314
2025-05-30 08:55:00,2.2537599999999998,2.25436,2.25362,2.25404,400
2025-05-30 09:00:00,2.25402,2.2556,2.25391,2.25507,427
2025-05-30 09:05:00,2.25507,2.25544,2.25396,2.25442,428
2025-05-30 09:10:00,2.25442,2.25506,2.25396,2.25502,438
2025-05-30 09:15:00,2.25504,2.2556,2.2548500000000002,2.25554,477
2025-05-30 09:20:00,2.25556,2.25584,2.25513,2.25526,443
2025-05-30 09:25:00,2.25526,2.25599,2.25487,2.25599,386
2025-05-30 09:30:00,2.25597,2.25667,2.25586,2.25658,463
2025-05-30 09:35:00,2.25658,2.25718,2.25646,2.25687,321
2025-05-30 09:40:00,2.25687,2.25723,2.25651,2.25701,344
2025-05-30 09:45:00,2.25698,2.25698,2.25621,2.25671,411
2025-05-30 09:50:00,2.25669,2.25768,2.25666,2.25767,345
2025-05-30 09:55:00,2.25764,2.2584,2.25755,2.25814,408
2025-05-30 10:00:00,2.25812,2.25927,2.25765,2.25888,645
2025-05-30 10:05:00,2.25888,2.2596,2.25825,2.25922,574
2025-05-30 10:10:00,2.25926,2.26058,2.25898,2.25977,603
2025-05-30 10:15:00,2.25972,2.26025,2.25946,2.25982,453
2025-05-30 10:20:00,2.25989,2.26062,2.25935,2.25937,527
2025-05-30 10:25:00,2.25937,2.25964,2.25908,2.25928,465
2025-05-30 10:30:00,2.2593199999999998,2.26029,2.259,2.26029,426
2025-05-30 10:35:00,2.2602700000000002,2.26069,2.25994,2.26059,466
2025-05-30 10:40:00,2.26046,2.2607,2.26006,2.26037,391
2025-05-30 10:45:00,2.26046,2.26117,2.26031,2.26079,483
2025-05-30 10:50:00,2.26079,2.2617599999999998,2.26063,2.26168,510
2025-05-30 10:55:00,2.26165,2.26201,2.26128,2.26163,477
2025-05-30 11:00:00,2.26168,2.26205,2.26114,2.26143,527
2025-05-30 11:05:00,2.26143,2.26199,2.26141,2.26185,392
2025-05-30 11:10:00,2.26188,2.26232,2.26161,2.26228,372
2025-05-30 11:15:00,2.26228,2.26262,2.26197,2.26207,364
2025-05-30 11:20:00,2.26206,2.26227,2.26178,2.26187,424
2025-05-30 11:25:00,2.26189,2.26189,2.26142,2.26155,433
2025-05-30 11:30:00,2.26157,2.2626,2.26137,2.26233,499
2025-05-30 11:35:00,2.26231,2.2625,2.26182,2.26214,325
2025-05-30 11:40:00,2.26214,2.2623699999999998,2.26191,2.262,265
2025-05-30 11:45:00,2.262,2.26282,2.26189,2.26251,359
2025-05-30 11:50:00,2.26253,2.26271,2.26179,2.26182,407
2025-05-30 11:55:00,2.26184,2.2622999999999998,2.26175,2.26228,426
2025-05-30 12:00:00,2.26238,2.26277,2.26201,2.26268,463
2025-05-30 12:05:00,2.2627,2.26323,2.26268,2.2627800000000002,296
2025-05-30 12:10:00,2.26283,2.26327,2.26261,2.26303,356
2025-05-30 12:15:00,2.26302,2.26374,2.26296,2.26358,353
2025-05-30 12:20:00,2.26357,2.26369,2.26264,2.26275,253
2025-05-30 12:25:00,2.26277,2.26286,2.26235,2.26249,349
2025-05-30 12:30:00,2.26247,2.26323,2.26238,2.26311,386
2025-05-30 12:35:00,2.26307,2.26323,2.26207,2.26226,366
2025-05-30 12:40:00,2.26226,2.26239,2.26196,2.26221,290
2025-05-30 12:45:00,2.2622,2.26233,2.2608800000000002,2.2609,386
2025-05-30 12:50:00,2.2608800000000002,2.26162,2.26072,2.26162,337
2025-05-30 12:55:00,2.26166,2.26207,2.26134,2.2616899999999998,355
2025-05-30 13:00:00,2.2616899999999998,2.26173,2.26111,2.26119,505
2025-05-30 13:05:00,2.26119,2.26179,2.26119,2.26145,239
2025-05-30 13:10:00,2.26159,2.26189,2.26096,2.26107,295
2025-05-30 13:15:00,2.26103,2.26132,2.26087,2.26118,302
2025-05-30 13:20:00,2.26119,2.26129,2.26066,2.26082,276
2025-05-30 13:25:00,2.26084,2.26144,2.26058,2.26061,327
2025-05-30 13:30:00,2.26061,2.26097,2.26028,2.26089,279
2025-05-30 13:35:00,2.26092,2.26173,2.26065,2.26147,293
2025-05-30 13:40:00,2.26154,2.26186,2.26131,2.26168,317
2025-05-30 13:45:00,2.26165,2.26203,2.2615,2.26174,255
2025-05-30 13:50:00,2.26174,2.2622,2.2616,2.26165,403
2025-05-30 13:55:00,2.26165,2.26177,2.26116,2.26152,457
2025-05-30 14:00:00,2.2615600000000002,2.26197,2.26138,2.2616,467
2025-05-30 14:05:00,2.26158,2.2621,2.2613,2.26206,384
2025-05-30 14:10:00,2.26206,2.26215,2.2615600000000002,2.2619,360
2025-05-30 14:15:00,2.26197,2.26238,2.26157,2.26225,309
2025-05-30 14:20:00,2.26227,2.26257,2.26204,2.26223,327
2025-05-30 14:25:00,2.26226,2.26265,2.262,2.26216,412
2025-05-30 14:30:00,2.26214,2.26245,2.2618,2.2623699999999998,336
2025-05-30 14:35:00,2.26239,2.26264,2.26211,2.26233,318
2025-05-30 14:40:00,2.26233,2.26234,2.26167,2.26183,289
2025-05-30 14:45:00,2.26183,2.26201,2.2616,2.26177,326
2025-05-30 14:50:00,2.26177,2.26183,2.26131,2.26171,360
2025-05-30 14:55:00,2.26186,2.2619,2.26129,2.2615600000000002,435
2025-05-30 15:00:00,2.26162,2.2616899999999998,2.2611,2.26146,408
2025-05-30 15:05:00,2.26142,2.26173,2.26018,2.26023,583
2025-05-30 15:10:00,2.26019,2.26267,2.26013,2.26136,1073
2025-05-30 15:15:00,2.26137,2.26293,2.26131,2.2622,755
2025-05-30 15:20:00,2.26215,2.26248,2.26181,2.26195,650
2025-05-30 15:25:00,2.26195,2.26211,2.26089,2.26098,499
2025-05-30 15:30:00,2.26096,2.26259,2.26082,2.26197,653
2025-05-30 15:35:00,2.26193,2.262,2.26106,2.26151,691
2025-05-30 15:40:00,2.2615600000000002,2.26162,2.2610799999999998,2.2610799999999998,671
2025-05-30 15:45:00,2.26112,2.26222,2.2608800000000002,2.26222,631
2025-05-30 15:50:00,2.2621700000000002,2.26282,2.26208,2.26282,624
2025-05-30 15:55:00,2.26268,2.26349,2.26218,2.26334,588
2025-05-30 16:00:00,2.26334,2.2635899999999998,2.26257,2.26297,600
2025-05-30 16:05:00,2.26301,2.26308,2.2619,2.26232,549
2025-05-30 16:10:00,2.26228,2.26283,2.26204,2.26269,507
2025-05-30 16:15:00,2.26265,2.26312,2.26265,2.26275,547
2025-05-30 16:20:00,2.26276,2.26342,2.26263,2.26328,490
2025-05-30 16:25:00,2.26328,2.26386,2.26309,2.26323,570
2025-05-30 16:30:00,2.26326,2.26353,2.26218,2.26234,661
2025-05-30 16:35:00,2.26238,2.26253,2.26103,2.26139,599
2025-05-30 16:40:00,2.26139,2.26157,2.26051,2.26082,478
2025-05-30 16:45:00,2.26085,2.26193,2.26064,2.26129,743
2025-05-30 16:50:00,2.26131,2.26151,2.2602700000000002,2.26039,658
2025-05-30 16:55:00,2.26043,2.26043,2.25955,2.25971,561
2025-05-30 17:00:00,2.25971,2.26087,2.2593199999999998,2.25985,772
2025-05-30 17:05:00,2.25985,2.26001,2.2580999999999998,2.25854,583
2025-05-30 17:10:00,2.25854,2.25989,2.25848,2.25982,597
2025-05-30 17:15:00,2.25982,2.26001,2.2592,2.25961,568
2025-05-30 17:20:00,2.25961,2.25961,2.25868,2.25902,618
2025-05-30 17:25:00,2.259,2.25908,2.25848,2.25869,583
2025-05-30 17:30:00,2.25867,2.25897,2.25776,2.25883,680
2025-05-30 17:35:00,2.25883,2.25945,2.2580999999999998,2.25921,728
2025-05-30 17:40:00,2.25919,2.26074,2.25919,2.2598599999999998,751
2025-05-30 17:45:00,2.25991,2.26004,2.25811,2.25849,761
2025-05-30 17:50:00,2.25849,2.25909,2.25737,2.25805,953
2025-05-30 17:55:00,2.25817,2.25999,2.25779,2.25779,1022
2025-05-30 18:00:00,2.25772,2.2584,2.25674,2.25692,954
2025-05-30 18:05:00,2.25692,2.25746,2.2566800000000002,2.25727,634
2025-05-30 18:10:00,2.25727,2.25788,2.25698,2.25757,620
2025-05-30 18:15:00,2.25763,2.25809,2.25687,2.25799,631
2025-05-30 18:20:00,2.25797,2.25824,2.25731,2.25737,548
2025-05-30 18:25:00,2.25734,2.25767,2.257,2.25743,494
2025-05-30 18:30:00,2.25755,2.2578300000000002,2.25696,2.25745,558
2025-05-30 18:35:00,2.25745,2.25752,2.25674,2.25697,470
2025-05-30 18:40:00,2.25697,2.25719,2.25637,2.25677,519
2025-05-30 18:45:00,2.25677,2.2568,2.25477,2.25483,416
2025-05-30 18:50:00,2.25488,2.25577,2.2547800000000002,2.25556,443
2025-05-30 18:55:00,2.25562,2.25576,2.2550499999999998,2.25535,484
2025-05-30 19:00:00,2.25532,2.2559,2.25499,2.2553900000000002,510
2025-05-30 19:05:00,2.25547,2.25547,2.25422,2.25448,510
2025-05-30 19:10:00,2.25446,2.25495,2.25431,2.25467,419
2025-05-30 19:15:00,2.25463,2.25554,2.25452,2.25492,471
2025-05-30 19:20:00,2.25495,2.25577,2.25483,2.25561,495
2025-05-30 19:25:00,2.25561,2.25625,2.25515,2.25604,529
2025-05-30 19:30:00,2.25604,2.25643,2.2555,2.25584,611
2025-05-30 19:35:00,2.25584,2.25635,2.2555,2.25561,608
2025-05-30 19:40:00,2.25557,2.25663,2.25545,2.25652,480
2025-05-30 19:45:00,2.25649,2.25697,2.25632,2.25671,436
2025-05-30 19:50:00,2.25675,2.25732,2.25652,2.25724,434
2025-05-30 19:55:00,2.2572200000000002,2.25771,2.257,2.25725,467
2025-05-30 20:00:00,2.2572900000000002,2.25748,2.25644,2.25675,484
2025-05-30 20:05:00,2.25675,2.25686,2.2557,2.25598,381
2025-05-30 20:10:00,2.25595,2.25614,2.2551,2.2553,450
2025-05-30 20:15:00,2.2553,2.25558,2.25483,2.2554600000000002,410
2025-05-30 20:20:00,2.2554600000000002,2.25569,2.2549,2.25502,313
2025-05-30 20:25:00,2.2550499999999998,2.25525,2.2548,2.25504,284
2025-05-30 20:30:00,2.25504,2.25504,2.25421,2.25462,344
2025-05-30 20:35:00,2.25462,2.25477,2.2542400000000002,2.25443,262
2025-05-30 20:40:00,2.25445,2.25456,2.25409,2.25453,330
2025-05-30 20:45:00,2.25453,2.25454,2.25397,2.25448,383
2025-05-30 20:50:00,2.2545,2.25455,2.25403,2.2544,401
2025-05-30 20:55:00,2.2544,2.25462,2.25415,2.25439,407
2025-05-30 21:00:00,2.25439,2.25489,2.25388,2.2547800000000002,373
2025-05-30 21:05:00,2.2547800000000002,2.25488,2.25396,2.25414,361
2025-05-30 21:10:00,2.2541700000000002,2.25428,2.25379,2.25412,323
2025-05-30 21:15:00,2.25416,2.25455,2.2536300000000002,2.2536300000000002,310
2025-05-30 21:20:00,2.2537,2.25401,2.25342,2.2536300000000002,328
2025-05-30 21:25:00,2.25365,2.25372,2.25316,2.25352,351
2025-05-30 21:30:00,2.2535600000000002,2.25415,2.25343,2.25413,350
2025-05-30 21:35:00,2.25415,2.2542,2.25364,2.25397,383
2025-05-30 21:40:00,2.25393,2.25441,2.25368,2.2543,419
2025-05-30 21:45:00,2.25415,2.2543,2.2536300000000002,2.25369,340
2025-05-30 21:50:00,2.25369,2.25408,2.25367,2.25396,350
2025-05-30 21:55:00,2.25392,2.25423,2.2537,2.25407,467
2025-05-30 22:00:00,2.25407,2.25423,2.25379,2.2539,359
2025-05-30 22:05:00,2.25393,2.2544399999999998,2.2537599999999998,2.25435,263
2025-05-30 22:10:00,2.25439,2.25474,2.25419,2.25469,264
2025-05-30 22:15:00,2.25469,2.25497,2.25442,2.25468,270
2025-05-30 22:20:00,2.25468,2.25494,2.25457,2.25487,337
2025-05-30 22:25:00,2.25491,2.25499,2.25453,2.25481,351
2025-05-30 22:30:00,2.25481,2.2551,2.25468,2.25488,241
2025-05-30 22:35:00,2.25484,2.25492,2.25425,2.25457,322
2025-05-30 22:40:00,2.25457,2.25491,2.2543699999999998,2.2546,354
2025-05-30 22:45:00,2.2546,2.25496,2.25438,2.25482,293
2025-05-30 22:50:00,2.25482,2.25499,2.25443,2.25495,330
2025-05-30 22:55:00,2.25495,2.25499,2.25418,2.25466,450
2025-05-30 23:00:00,2.2547,2.2547,2.25392,2.25443,441
2025-05-30 23:05:00,2.25443,2.25463,2.25423,2.25447,210
2025-05-30 23:10:00,2.25447,2.25468,2.25416,2.2542400000000002,203
2025-05-30 23:15:00,2.2542400000000002,2.25445,2.25392,2.25425,207
2025-05-30 23:20:00,2.25429,2.25451,2.25396,2.25446,168
2025-05-30 23:25:00,2.25446,2.25454,2.25409,2.25428,201
2025-05-30 23:30:00,2.25425,2.25459,2.25399,2.25452,161
2025-05-30 23:35:00,2.25452,2.25489,2.25435,2.25475,182
2025-05-30 23:40:00,2.25475,2.25517,2.25207,2.2544399999999998,201
2025-05-30 23:45:00,2.25448,2.25455,2.25219,2.25258,297
2025-05-30 23:50:00,2.2526,2.2527,2.25174,2.25195,162
2025-05-30 23:55:00,2.25206,2.2526,2.25068,2.25238,218
2025-06-02 00:00:00,2.2566,2.2566,2.25523,2.25527,11
2025-06-02 00:05:00,2.25639,2.25641,2.2537,2.25446,30
2025-06-02 00:10:00,2.25446,2.25496,2.25352,2.25416,31
2025-06-02 00:15:00,2.25416,2.25416,2.25382,2.25382,15
2025-06-02 00:20:00,2.25382,2.25382,2.25276,2.25282,39
2025-06-02 00:25:00,2.25282,2.25324,2.25268,2.25268,29
2025-06-02 00:30:00,2.25268,2.25268,2.25222,2.25258,37
2025-06-02 00:35:00,2.25256,2.25258,2.25128,2.25208,110
2025-06-02 00:40:00,2.25206,2.2521,2.2496,2.2496,91
2025-06-02 00:45:00,2.24961,2.25004,2.24884,2.2496,123
2025-06-02 00:50:00,2.2496,2.24964,2.2492,2.24924,63
2025-06-02 00:55:00,2.24928,2.2494,2.24918,2.24918,55
2025-06-02 01:00:00,2.2502,2.25344,2.2502,2.25342,314
2025-06-02 01:05:00,2.25342,2.25359,2.25306,2.25327,205
2025-06-02 01:10:00,2.25324,2.25378,2.25311,2.25357,233
2025-06-02 01:15:00,2.25355,2.25369,2.25275,2.253,316
2025-06-02 01:20:00,2.25292,2.25326,2.25255,2.25324,234
2025-06-02 01:25:00,2.25324,2.25344,2.25309,2.25335,266
2025-06-02 01:30:00,2.25334,2.25414,2.25317,2.25382,294
2025-06-02 01:35:00,2.25382,2.25413,2.25357,2.25387,154
2025-06-02 01:40:00,2.25387,2.25402,2.25324,2.25343,142
2025-06-02 01:45:00,2.25343,2.25365,2.25312,2.2535600000000002,226
2025-06-02 01:50:00,2.2535600000000002,2.2538,2.25298,2.25374,282
2025-06-02 01:55:00,2.25371,2.25385,2.2530200000000002,2.25311,205
2025-06-02 02:00:00,2.25311,2.25311,2.2525,2.25285,226
2025-06-02 02:05:00,2.25283,2.25305,2.25251,2.25299,256
2025-06-02 02:10:00,2.25299,2.25358,2.25297,2.25348,175
2025-06-02 02:15:00,2.25348,2.25359,2.25331,2.25334,175
2025-06-02 02:20:00,2.25334,2.25351,2.25313,2.25327,128
2025-06-02 02:25:00,2.25321,2.25337,2.25279,2.2529500000000002,127
2025-06-02 02:30:00,2.2529500000000002,2.2529500000000002,2.25236,2.25284,187
2025-06-02 02:35:00,2.25284,2.2529,2.2524,2.2529,161
2025-06-02 02:40:00,2.25286,2.25327,2.25271,2.25321,164
2025-06-02 02:45:00,2.25321,2.25362,2.2526,2.25331,236
2025-06-02 02:50:00,2.25331,2.25402,2.25326,2.2539,140
2025-06-02 02:55:00,2.2539,2.2544,2.2538,2.25434,183
2025-06-02 03:00:00,2.25434,2.25434,2.25279,2.25357,441
2025-06-02 03:05:00,2.25359,2.2537599999999998,2.2523,2.25249,361
2025-06-02 03:10:00,2.25249,2.25271,2.25187,2.25262,439
2025-06-02 03:15:00,2.25262,2.25265,2.25141,2.25183,377
2025-06-02 03:20:00,2.25181,2.2524,2.25155,2.25208,391
2025-06-02 03:25:00,2.2521,2.25252,2.2518000000000002,2.2518599999999998,353
2025-06-02 03:30:00,2.2518599999999998,2.25269,2.25163,2.25199,467
2025-06-02 03:35:00,2.252,2.25217,2.2515,2.2519299999999998,401
2025-06-02 03:40:00,2.2519299999999998,2.25228,2.25142,2.25158,391
2025-06-02 03:45:00,2.25147,2.25159,2.25066,2.2511200000000002,407
2025-06-02 03:50:00,2.25108,2.25108,2.24936,2.24955,551
2025-06-02 03:55:00,2.24954,2.25053,2.24947,2.25011,536
2025-06-02 04:00:00,2.25014,2.25025,2.24945,2.24961,558
2025-06-02 04:05:00,2.24959,2.24965,2.24819,2.24822,453
2025-06-02 04:10:00,2.24821,2.24917,2.24778,2.24821,478
2025-06-02 04:15:00,2.24821,2.24852,2.24763,2.24815,474
2025-06-02 04:20:00,2.24811,2.2485,2.24727,2.24758,516
2025-06-02 04:25:00,2.24739,2.24784,2.24675,2.24715,590
2025-06-02 04:30:00,2.24712,2.24789,2.24677,2.24716,597
2025-06-02 04:35:00,2.2471,2.24893,2.24698,2.24771,557
2025-06-02 04:40:00,2.24774,2.24846,2.24758,2.24763,442
2025-06-02 04:45:00,2.24761,2.24879,2.24737,2.24849,475
2025-06-02 04:50:00,2.24853,2.24871,2.24801,2.24864,501
2025-06-02 04:55:00,2.24864,2.2494,2.2485,2.2493,451
2025-06-02 05:00:00,2.24928,2.24956,2.24849,2.24863,462
2025-06-02 05:05:00,2.2486,2.24867,2.24725,2.24732,551
2025-06-02 05:10:00,2.24737,2.24801,2.24723,2.24737,371
2025-06-02 05:15:00,2.24735,2.24777,2.24687,2.24771,281
2025-06-02 05:20:00,2.24771,2.24776,2.24674,2.24694,379
2025-06-02 05:25:00,2.24692,2.24715,2.24567,2.24643,374
2025-06-02 05:30:00,2.24639,2.2464399999999998,2.24549,2.24625,406
2025-06-02 05:35:00,2.24625,2.24694,2.24622,2.24664,263
2025-06-02 05:40:00,2.24664,2.24714,2.24659,2.24659,260
2025-06-02 05:45:00,2.24656,2.24673,2.2464,2.24665,200
2025-06-02 05:50:00,2.24665,2.24699,2.24653,2.24681,303
2025-06-02 05:55:00,2.24677,2.24722,2.24652,2.24672,318
2025-06-02 06:00:00,2.24675,2.24713,2.24636,2.2464399999999998,371
2025-06-02 06:05:00,2.2464399999999998,2.24724,2.24627,2.24707,389
2025-06-02 06:10:00,2.24703,2.24804,2.24703,2.248,348
2025-06-02 06:15:00,2.24802,2.24837,2.24792,2.24833,266
2025-06-02 06:20:00,2.24832,2.24837,2.24779,2.24834,295
2025-06-02 06:25:00,2.24834,2.24917,2.24821,2.24917,358
2025-06-02 06:30:00,2.24907,2.24921,2.24828,2.24849,347
2025-06-02 06:35:00,2.24853,2.24894,2.24833,2.24854,277
2025-06-02 06:40:00,2.24858,2.24876,2.24819,2.24846,304
2025-06-02 06:45:00,2.24842,2.24886,2.24816,2.2482,375
2025-06-02 06:50:00,2.24826,2.2491,2.24825,2.24904,311
2025-06-02 06:55:00,2.24904,2.24943,2.24891,2.24908,320
2025-06-02 07:00:00,2.24908,2.24984,2.24884,2.24964,375
2025-06-02 07:05:00,2.24964,2.24979,2.2494,2.24971,307
2025-06-02 07:10:00,2.24971,2.24988,2.24907,2.24987,351
2025-06-02 07:15:00,2.24987,2.25016,2.24971,2.24988,273
2025-06-02 07:20:00,2.24973,2.24997,2.2492,2.24961,283
2025-06-02 07:25:00,2.24964,2.24981,2.24935,2.24969,294
2025-06-02 07:30:00,2.24969,2.24995,2.24928,2.24983,289
2025-06-02 07:35:00,2.24983,2.25018,2.24946,2.25007,312
2025-06-02 07:40:00,2.25009,2.25026,2.24924,2.24939,373
2025-06-02 07:45:00,2.24939,2.24969,2.24885,2.24889,294
2025-06-02 07:50:00,2.24889,2.24966,2.24886,2.24942,398
2025-06-02 07:55:00,2.24942,2.24959,2.24917,2.24951,312
2025-06-02 08:00:00,2.2494899999999998,2.2494899999999998,2.24886,2.2493,355
2025-06-02 08:05:00,2.24928,2.24952,2.24889,2.2491,291
2025-06-02 08:10:00,2.2491,2.25018,2.24906,2.25009,309
2025-06-02 08:15:00,2.25011,2.25018,2.24968,2.25006,252
2025-06-02 08:20:00,2.2500299999999998,2.25028,2.24987,2.25009,237
2025-06-02 08:25:00,2.25009,2.25019,2.24974,2.25016,205
2025-06-02 08:30:00,2.25012,2.25089,2.25008,2.25037,299
2025-06-02 08:35:00,2.2503,2.25041,2.24963,2.24989,211
2025-06-02 08:40:00,2.24989,2.24994,2.24897,2.24906,224
2025-06-02 08:45:00,2.24908,2.24923,2.24804,2.2491,405
2025-06-02 08:50:00,2.2491,2.25079,2.24908,2.25075,374
2025-06-02 08:55:00,2.25072,2.25122,2.25024,2.25065,407
2025-06-02 09:00:00,2.25054,2.25243,2.2504,2.25239,364
2025-06-02 09:05:00,2.25239,2.25281,2.25195,2.25213,390
2025-06-02 09:10:00,2.25215,2.25243,2.25171,2.25236,355
2025-06-02 09:15:00,2.25236,2.25251,2.25086,2.251,417
2025-06-02 09:20:00,2.25097,2.25239,2.2506399999999998,2.25194,485
2025-06-02 09:25:00,2.25198,2.25282,2.25189,2.25227,348
2025-06-02 09:30:00,2.25231,2.25332,2.25144,2.25321,511
2025-06-02 09:35:00,2.25323,2.25323,2.2519,2.25262,466
2025-06-02 09:40:00,2.25262,2.2529,2.25188,2.25199,518
2025-06-02 09:45:00,2.25199,2.25285,2.25187,2.25248,503
2025-06-02 09:50:00,2.25233,2.253,2.252,2.25296,506
2025-06-02 09:55:00,2.25292,2.25324,2.25278,2.2531499999999998,533
2025-06-02 10:00:00,2.2531499999999998,2.25318,2.2517,2.25187,502
2025-06-02 10:05:00,2.25195,2.25242,2.25181,2.252,443
2025-06-02 10:10:00,2.25199,2.2522,2.25118,2.25128,432
2025-06-02 10:15:00,2.25124,2.2517,2.25039,2.25043,539
2025-06-02 10:20:00,2.25047,2.25078,2.24969,2.24984,555
2025-06-02 10:25:00,2.24984,2.25045,2.24919,2.25044,520
2025-06-02 10:30:00,2.25041,2.25046,2.24871,2.24984,618
2025-06-02 10:35:00,2.24981,2.25061,2.24976,2.25041,501
2025-06-02 10:40:00,2.25041,2.25085,2.24962,2.24975,463
2025-06-02 10:45:00,2.2497,2.24985,2.24832,2.24835,611
2025-06-02 10:50:00,2.2484,2.25012,2.24824,2.24988,619
2025-06-02 10:55:00,2.24984,2.25044,2.24937,2.24992,597
2025-06-02 11:00:00,2.24992,2.25004,2.24904,2.24999,612
2025-06-02 11:05:00,2.25001,2.25041,2.24975,2.2500299999999998,580
2025-06-02 11:10:00,2.2500299999999998,2.25039,2.24965,2.2498,569
2025-06-02 11:15:00,2.24973,2.25082,2.24946,2.25078,448
2025-06-02 11:20:00,2.25078,2.25144,2.25036,2.25137,518
2025-06-02 11:25:00,2.25137,2.25138,2.25067,2.25102,440
2025-06-02 11:30:00,2.25094,2.25144,2.25005,2.25028,450
2025-06-02 11:35:00,2.25036,2.25059,2.2499000000000002,2.2504,509
2025-06-02 11:40:00,2.25043,2.25095,2.25016,2.25067,593
2025-06-02 11:45:00,2.2506,2.2511200000000002,2.25022,2.25089,439
2025-06-02 11:50:00,2.25092,2.25123,2.25053,2.25055,406
2025-06-02 11:55:00,2.25054,2.25135,2.25013,2.25128,517
2025-06-02 12:00:00,2.25128,2.2515,2.25066,2.25104,512
2025-06-02 12:05:00,2.25104,2.25128,2.24993,2.24998,410
2025-06-02 12:10:00,2.25,2.25055,2.24981,2.25054,464
2025-06-02 12:15:00,2.25054,2.25068,2.24998,2.25008,368
2025-06-02 12:20:00,2.25006,2.25033,2.2498,2.25014,472
2025-06-02 12:25:00,2.25014,2.25023,2.24964,2.24991,466
2025-06-02 12:30:00,2.24989,2.25098,2.24915,2.25098,512
2025-06-02 12:35:00,2.25093,2.25114,2.25015,2.2503,475
2025-06-02 12:40:00,2.25026,2.25037,2.2498,2.2499000000000002,448
2025-06-02 12:45:00,2.24992,2.25004,2.24921,2.24931,416
2025-06-02 12:50:00,2.24931,2.24962,2.24879,2.24905,485
2025-06-02 12:55:00,2.24899,2.24946,2.24897,2.24916,569
2025-06-02 13:00:00,2.24924,2.2498,2.24872,2.24883,433
2025-06-02 13:05:00,2.24883,2.2492,2.24852,2.24894,422
2025-06-02 13:10:00,2.249,2.24932,2.24843,2.2489,496
2025-06-02 13:15:00,2.2489,2.24896,2.24808,2.2482,410
2025-06-02 13:20:00,2.24824,2.2485,2.24779,2.24783,436
2025-06-02 13:25:00,2.24781,2.24837,2.24763,2.24788,383
2025-06-02 13:30:00,2.24786,2.24819,2.2476599999999998,2.24784,512
2025-06-02 13:35:00,2.24781,2.24788,2.24735,2.24764,331
2025-06-02 13:40:00,2.24753,2.2477,2.24723,2.24742,431
2025-06-02 13:45:00,2.2474,2.24796,2.24734,2.24785,246
2025-06-02 13:50:00,2.24783,2.24805,2.24762,2.24793,351
2025-06-02 13:55:00,2.24795,2.24803,2.24723,2.24787,500
2025-06-02 14:00:00,2.24787,2.24853,2.24752,2.24752,456
2025-06-02 14:05:00,2.24752,2.24847,2.24741,2.24818,463
2025-06-02 14:10:00,2.2481,2.24843,2.24782,2.24814,488
2025-06-02 14:15:00,2.24814,2.24857,2.24794,2.24835,420
2025-06-02 14:20:00,2.24833,2.2486800000000002,2.24818,2.24826,381
2025-06-02 14:25:00,2.2483,2.24914,2.24826,2.2488,389
2025-06-02 14:30:00,2.24883,2.24924,2.2483,2.24922,372
2025-06-02 14:35:00,2.24922,2.24922,2.24852,2.24901,301
2025-06-02 14:40:00,2.24901,2.24951,2.24901,2.24946,360
2025-06-02 14:45:00,2.24946,2.25037,2.24924,2.25015,388
2025-06-02 14:50:00,2.25015,2.25053,2.24973,2.24982,400
2025-06-02 14:55:00,2.24977,2.2506,2.24977,2.25048,436
2025-06-02 15:00:00,2.25046,2.25108,2.24999,2.25008,567
2025-06-02 15:05:00,2.25008,2.2502,2.24911,2.24923,530
2025-06-02 15:10:00,2.24925,2.2497,2.24892,2.24942,491
2025-06-02 15:15:00,2.24939,2.2495,2.24882,2.24884,405
2025-06-02 15:20:00,2.24876,2.24891,2.24831,2.24875,366
2025-06-02 15:25:00,2.24878,2.24965,2.24861,2.24942,463
2025-06-02 15:30:00,2.24944,2.24966,2.24905,2.24941,438
2025-06-02 15:35:00,2.24941,2.24988,2.24926,2.24982,487
2025-06-02 15:40:00,2.24982,2.25005,2.24939,2.24995,416
2025-06-02 15:45:00,2.24991,2.25049,2.24975,2.24977,509
2025-06-02 15:50:00,2.24983,2.24996,2.24876,2.24917,517
2025-06-02 15:55:00,2.24917,2.24972,2.24908,2.24959,472
2025-06-02 16:00:00,2.24964,2.2507099999999998,2.24945,2.25069,542
2025-06-02 16:05:00,2.2507099999999998,2.2513,2.25049,2.2509,482
2025-06-02 16:10:00,2.2509,2.2509,2.25021,2.25039,511
2025-06-02 16:15:00,2.25039,2.25106,2.25022,2.25098,508
2025-06-02 16:20:00,2.25089,2.25103,2.25022,2.25034,429
2025-06-02 16:25:00,2.25037,2.25073,2.24993,2.25016,529
2025-06-02 16:30:00,2.25017,2.25128,2.2500999999999998,2.2505,599
2025-06-02 16:35:00,2.2505,2.25066,2.24918,2.24959,604
2025-06-02 16:40:00,2.2495,2.24978,2.24872,2.2489,547
2025-06-02 16:45:00,2.24896,2.24952,2.24881,2.24927,545
2025-06-02 16:50:00,2.24927,2.24944,2.24884,2.24915,677
2025-06-02 16:55:00,2.24916,2.24964,2.24832,2.24832,556
2025-06-02 17:00:00,2.24806,2.24953,2.24632,2.2489,969
2025-06-02 17:05:00,2.24887,2.24957,2.24873,2.24939,777
2025-06-02 17:10:00,2.24943,2.2495,2.24824,2.24839,725
2025-06-02 17:15:00,2.24839,2.2485,2.24787,2.24813,723
2025-06-02 17:20:00,2.24812,2.24903,2.24812,2.24882,615
2025-06-02 17:25:00,2.2488,2.24884,2.24802,2.2487,689
2025-06-02 17:30:00,2.2487,2.24938,2.24857,2.2488,637
2025-06-02 17:35:00,2.24877,2.24913,2.24736,2.24803,715
2025-06-02 17:40:00,2.24808,2.24854,2.24743,2.24781,683
2025-06-02 17:45:00,2.2478,2.24816,2.24571,2.24575,599
2025-06-02 17:50:00,2.24575,2.2461,2.24414,2.24426,756
2025-06-02 17:55:00,2.24422,2.24547,2.2441,2.24534,655
2025-06-02 18:00:00,2.24543,2.24566,2.24487,2.2455600000000002,716
2025-06-02 18:05:00,2.24552,2.24607,2.24526,2.2457,546
2025-06-02 18:10:00,2.2457,2.24591,2.24469,2.24534,550
2025-06-02 18:15:00,2.24535,2.24549,2.24433,2.24456,577
2025-06-02 18:20:00,2.24454,2.2448,2.24389,2.24433,507
2025-06-02 18:25:00,2.24437,2.24529,2.24417,2.24513,519
2025-06-02 18:30:00,2.24509,2.24519,2.24445,2.24491,678
2025-06-02 18:35:00,2.24492,2.24546,2.24468,2.24501,676
2025-06-02 18:40:00,2.24494,2.24509,2.24463,2.24494,552
2025-06-02 18:45:00,2.2449,2.24595,2.24473,2.2458299999999998,522
2025-06-02 18:50:00,2.24579,2.24596,2.24545,2.2459,518
2025-06-02 18:55:00,2.24588,2.24671,2.24503,2.24507,438
2025-06-02 19:00:00,2.24509,2.24517,2.24427,2.24454,643
2025-06-02 19:05:00,2.2445,2.24528,2.24448,2.24485,528
2025-06-02 19:10:00,2.24487,2.24557,2.24476,2.24544,461
2025-06-02 19:15:00,2.2454,2.24567,2.24476,2.24487,379
2025-06-02 19:20:00,2.24487,2.24514,2.24448,2.24488,390
2025-06-02 19:25:00,2.24484,2.2455600000000002,2.24475,2.24512,492
2025-06-02 19:30:00,2.24512,2.24547,2.24477,2.24485,477
2025-06-02 19:35:00,2.24489,2.24547,2.24483,2.24532,419
2025-06-02 19:40:00,2.24525,2.24568,2.24477,2.24549,502
2025-06-02 19:45:00,2.24551,2.2458299999999998,2.24517,2.24567,370
2025-06-02 19:50:00,2.24552,2.24568,2.24426,2.24442,368
2025-06-02 19:55:00,2.24442,2.24487,2.24421,2.24451,414
2025-06-02 20:00:00,2.24448,2.24493,2.2443,2.24466,503
2025-06-02 20:05:00,2.24464,2.24484,2.24421,2.24468,331
2025-06-02 20:10:00,2.24468,2.24483,2.24435,2.2446099999999998,353
2025-06-02 20:15:00,2.24462,2.24491,2.24439,2.24474,324
2025-06-02 20:20:00,2.24477,2.24491,2.2444,2.24468,312
2025-06-02 20:25:00,2.24464,2.24507,2.24451,2.24491,252
2025-06-02 20:30:00,2.24491,2.245,2.2446,2.24463,312
2025-06-02 20:35:00,2.24463,2.24501,2.2445,2.24463,293
2025-06-02 20:40:00,2.24463,2.2451,2.24459,2.24491,308
2025-06-02 20:45:00,2.24496,2.2451,2.24444,2.24466,224
2025-06-02 20:50:00,2.24466,2.24502,2.24456,2.24487,251
2025-06-02 20:55:00,2.24489,2.24492,2.2442,2.24428,353
2025-06-02 21:00:00,2.2443,2.24514,2.24425,2.24479,427
2025-06-02 21:05:00,2.24482,2.24521,2.24449,2.24499,373
2025-06-02 21:10:00,2.245,2.24505,2.24429,2.24454,278
2025-06-02 21:15:00,2.24454,2.24459,2.24424,2.24435,313
2025-06-02 21:20:00,2.24438,2.2447,2.24404,2.24426,254
2025-06-02 21:25:00,2.24423,2.24431,2.24393,2.24411,289
2025-06-02 21:30:00,2.24414,2.24437,2.24388,2.24411,314
2025-06-02 21:35:00,2.2441,2.24453,2.24407,2.2443400000000002,244
2025-06-02 21:40:00,2.2443400000000002,2.24445,2.24338,2.24356,310
2025-06-02 21:45:00,2.24356,2.24394,2.24352,2.24365,293
2025-06-02 21:50:00,2.2435,2.24396,2.24335,2.2437,354
2025-06-02 21:55:00,2.2437,2.24374,2.24332,2.24343,379
2025-06-02 22:00:00,2.24347,2.2436,2.24288,2.24301,439
2025-06-02 22:05:00,2.24301,2.2433,2.24298,2.24326,274
2025-06-02 22:10:00,2.24318,2.24348,2.24291,2.24302,217
2025-06-02 22:15:00,2.24302,2.24345,2.24275,2.24314,233
2025-06-02 22:20:00,2.24314,2.24344,2.24282,2.24304,262
2025-06-02 22:25:00,2.24304,2.24324,2.24265,2.24284,252
2025-06-02 22:30:00,2.24284,2.24305,2.24255,2.24272,264
2025-06-02 22:35:00,2.24273,2.24314,2.24273,2.24299,204
2025-06-02 22:40:00,2.24299,2.24313,2.24262,2.24277,198
2025-06-02 22:45:00,2.24277,2.24286,2.24235,2.24266,201
2025-06-02 22:50:00,2.24258,2.24286,2.24233,2.24249,229
2025-06-02 22:55:00,2.24249,2.24259,2.24115,2.24127,387
2025-06-02 23:00:00,2.24126,2.24153,2.2409,2.24118,235
2025-06-02 23:05:00,2.24114,2.24186,2.24101,2.24165,159
2025-06-02 23:10:00,2.24166,2.24192,2.24142,2.2417,224
2025-06-02 23:15:00,2.24167,2.24198,2.24157,2.24197,276
2025-06-02 23:20:00,2.24197,2.24197,2.24136,2.24145,210
2025-06-02 23:25:00,2.24149,2.24195,2.24145,2.24186,156
2025-06-02 23:30:00,2.24192,2.24213,2.24151,2.24213,147
2025-06-02 23:35:00,2.24213,2.24249,2.24183,2.24239,198
2025-06-02 23:40:00,2.23975,2.2398,2.23956,2.2396,96
2025-06-02 23:45:00,2.23961,2.2403399999999998,2.23961,2.2403,106
2025-06-02 23:50:00,2.2403,2.24043,2.24002,2.24028,133
2025-06-02 23:55:00,2.24027,2.2437300000000002,2.2401,2.24372,308
2025-06-03 00:00:00,2.24355,2.24449,2.24151,2.24181,15
2025-06-03 00:05:00,2.2441,2.2441,2.2416,2.24234,21
2025-06-03 00:10:00,2.24234,2.24242,2.24155,2.24155,15
2025-06-03 00:15:00,2.24155,2.24172,2.24127,2.24171,21
2025-06-03 00:20:00,2.24171,2.24235,2.24166,2.24168,30
2025-06-03 00:25:00,2.24171,2.24214,2.2417,2.2417,68
2025-06-03 00:30:00,2.2417,2.24215,2.24123,2.2415,47
2025-06-03 00:35:00,2.2415,2.24211,2.24104,2.24168,50
2025-06-03 00:40:00,2.24168,2.24253,2.24168,2.24253,311
2025-06-03 00:45:00,2.24256,2.2428,2.24196,2.24255,150
2025-06-03 00:50:00,2.24257,2.24265,2.24244,2.24265,85
2025-06-03 00:55:00,2.24262,2.24266,2.2422,2.24226,46
2025-06-03 01:00:00,2.24228,2.24441,2.24228,2.24427,336
2025-06-03 01:05:00,2.24427,2.2445,2.24374,2.2442,91
2025-06-03 01:10:00,2.2442,2.2442,2.24366,2.24395,114
2025-06-03 01:15:00,2.24395,2.24395,2.24316,2.24344,116
2025-06-03 01:20:00,2.24346,2.24396,2.2431200000000002,2.2434,188
2025-06-03 01:25:00,2.2433899999999998,2.24369,2.24325,2.24358,148
2025-06-03 01:30:00,2.24358,2.24382,2.24333,2.24377,103
2025-06-03 01:35:00,2.24377,2.24393,2.24349,2.24365,93
2025-06-03 01:40:00,2.24361,2.24418,2.24349,2.24417,70
2025-06-03 01:45:00,2.24417,2.24439,2.24393,2.24416,116
2025-06-03 01:50:00,2.24416,2.2444,2.24357,2.2436,84
2025-06-03 01:55:00,2.2436,2.24416,2.24345,2.24412,124
2025-06-03 02:00:00,2.24412,2.24428,2.24374,2.2439999999999998,127
2025-06-03 02:05:00,2.2439999999999998,2.24418,2.24384,2.24388,160
2025-06-03 02:10:00,2.24386,2.24419,2.2437,2.24397,125
2025-06-03 02:15:00,2.24397,2.24406,2.24357,2.24404,184
2025-06-03 02:20:00,2.24402,2.24409,2.24371,2.24386,104
2025-06-03 02:25:00,2.24386,2.24425,2.24334,2.24342,268
2025-06-03 02:30:00,2.24344,2.24367,2.24322,2.24343,164
2025-06-03 02:35:00,2.24351,2.24356,2.2425100000000002,2.24265,177
2025-06-03 02:40:00,2.24277,2.24292,2.24141,2.24176,223
2025-06-03 02:45:00,2.24176,2.24254,2.24145,2.24145,221
2025-06-03 02:50:00,2.24137,2.24158,2.24103,2.24126,165
2025-06-03 02:55:00,2.24119,2.24149,2.24099,2.2411,198
2025-06-03 03:00:00,2.2411,2.24114,2.24058,2.24083,401
2025-06-03 03:05:00,2.24079,2.24122,2.2405,2.2409,289
2025-06-03 03:10:00,2.24092,2.2409499999999998,2.24024,2.24056,330
2025-06-03 03:15:00,2.24056,2.24128,2.24044,2.2406800000000002,306
2025-06-03 03:20:00,2.2406800000000002,2.24147,2.2406800000000002,2.24114,282
2025-06-03 03:25:00,2.24126,2.24132,2.23965,2.23974,261
2025-06-03 03:30:00,2.23981,2.23983,2.23914,2.23962,284
2025-06-03 03:35:00,2.23961,2.23962,2.23905,2.23926,241
2025-06-03 03:40:00,2.23929,2.23955,2.2376300000000002,2.23765,325
2025-06-03 03:45:00,2.2376300000000002,2.23844,2.23753,2.23841,395
2025-06-03 03:50:00,2.23842,2.23877,2.2381,2.2385,473
2025-06-03 03:55:00,2.23849,2.23856,2.23786,2.23817,372
2025-06-03 04:00:00,2.23814,2.23818,2.23719,2.23793,493
2025-06-03 04:05:00,2.23794,2.23845,2.2372,2.23807,512
2025-06-03 04:10:00,2.23807,2.23921,2.23793,2.23921,466
2025-06-03 04:15:00,2.23921,2.24086,2.23901,2.24045,656
2025-06-03 04:20:00,2.24048,2.24096,2.2401,2.24056,561
2025-06-03 04:25:00,2.24056,2.24096,2.23975,2.2401,525
2025-06-03 04:30:00,2.2401,2.24019,2.23817,2.23897,554
2025-06-03 04:35:00,2.23897,2.23985,2.23897,2.23954,545
2025-06-03 04:40:00,2.2395,2.23964,2.2388,2.23905,479
2025-06-03 04:45:00,2.23905,2.24064,2.23905,2.24013,478
2025-06-03 04:50:00,2.24019,2.24097,2.23905,2.24087,404
2025-06-03 04:55:00,2.24078,2.24108,2.2402,2.24062,417
2025-06-03 05:00:00,2.24058,2.24077,2.24005,2.24041,457
2025-06-03 05:05:00,2.24041,2.24203,2.24019,2.24196,474
2025-06-03 05:10:00,2.24198,2.24268,2.24148,2.24177,488
2025-06-03 05:15:00,2.24174,2.24228,2.24144,2.24192,445
2025-06-03 05:20:00,2.24192,2.2422,2.24153,2.24188,353
2025-06-03 05:25:00,2.24184,2.24363,2.24183,2.24361,363
2025-06-03 05:30:00,2.24361,2.24469,2.24355,2.24403,302
2025-06-03 05:35:00,2.24403,2.24615,2.24402,2.2458299999999998,400
2025-06-03 05:40:00,2.24587,2.2473,2.24581,2.24586,480
2025-06-03 05:45:00,2.24587,2.24668,2.24574,2.24667,444
2025-06-03 05:50:00,2.2466,2.24764,2.24614,2.24753,367
2025-06-03 05:55:00,2.24753,2.24883,2.24753,2.2480700000000002,406
2025-06-03 06:00:00,2.24828,2.24893,2.24757,2.24779,434
2025-06-03 06:05:00,2.24779,2.24819,2.24565,2.2459,338
2025-06-03 06:10:00,2.246,2.2478,2.24592,2.2475,325
2025-06-03 06:15:00,2.2475,2.24758,2.24684,2.24726,315
2025-06-03 06:20:00,2.24726,2.24772,2.24682,2.24715,343
2025-06-03 06:25:00,2.24715,2.24767,2.24692,2.2476,348
2025-06-03 06:30:00,2.2476,2.24795,2.24557,2.24575,361
2025-06-03 06:35:00,2.24575,2.24719,2.24574,2.24693,462
2025-06-03 06:40:00,2.24693,2.2477,2.24635,2.24768,439
2025-06-03 06:45:00,2.2476599999999998,2.24774,2.2468500000000002,2.24702,385
2025-06-03 06:50:00,2.24702,2.24731,2.24674,2.24717,385
2025-06-03 06:55:00,2.24717,2.2475,2.24678,2.24713,390
2025-06-03 07:00:00,2.24717,2.24811,2.24717,2.24805,352
2025-06-03 07:05:00,2.24805,2.24838,2.24733,2.24748,327
2025-06-03 07:10:00,2.24745,2.24784,2.2473,2.24745,318
2025-06-03 07:15:00,2.24747,2.24835,2.2474600000000002,2.24771,235
2025-06-03 07:20:00,2.24773,2.24799,2.24737,2.24775,265
2025-06-03 07:25:00,2.24776,2.24796,2.24722,2.24732,268
2025-06-03 07:30:00,2.24735,2.24821,2.24723,2.24803,465
2025-06-03 07:35:00,2.248,2.24893,2.24799,2.24881,364
2025-06-03 07:40:00,2.24881,2.24913,2.24859,2.24895,263
2025-06-03 07:45:00,2.24896,2.2492,2.24853,2.24865,254
2025-06-03 07:50:00,2.24865,2.24885,2.24845,2.24845,313
2025-06-03 07:55:00,2.24849,2.24865,2.24796,2.24816,294
2025-06-03 08:00:00,2.24816,2.24866,2.24777,2.24864,337
2025-06-03 08:05:00,2.24862,2.24898,2.24838,2.24886,195
2025-06-03 08:10:00,2.24886,2.24892,2.24834,2.24874,230
2025-06-03 08:15:00,2.24865,2.24968,2.24865,2.24924,264
2025-06-03 08:20:00,2.24927,2.24942,2.24873,2.24909,304
2025-06-03 08:25:00,2.24909,2.25128,2.24881,2.25113,496
2025-06-03 08:30:00,2.25111,2.25209,2.25061,2.25085,327
2025-06-03 08:35:00,2.25084,2.25086,2.24968,2.25019,359
2025-06-03 08:40:00,2.25023,2.25041,2.24965,2.25013,366
2025-06-03 08:45:00,2.25017,2.25062,2.24946,2.25035,437
2025-06-03 08:50:00,2.25033,2.25067,2.24955,2.24986,382
2025-06-03 08:55:00,2.24988,2.25037,2.24963,2.25012,396
2025-06-03 09:00:00,2.2500299999999998,2.25244,2.2500299999999998,2.25142,409
2025-06-03 09:05:00,2.25142,2.25347,2.25142,2.25335,397
2025-06-03 09:10:00,2.2533,2.25574,2.2530200000000002,2.25554,456
2025-06-03 09:15:00,2.25551,2.25693,2.25535,2.25665,434
2025-06-03 09:20:00,2.25665,2.25678,2.25588,2.25639,486
2025-06-03 09:25:00,2.25637,2.25663,2.25599,2.25633,317
2025-06-03 09:30:00,2.25634,2.2569,2.25563,2.2566,316
2025-06-03 09:35:00,2.2566,2.25718,2.25637,2.257,345
2025-06-03 09:40:00,2.25709,2.25744,2.25678,2.2572200000000002,375
2025-06-03 09:45:00,2.25725,2.25777,2.25705,2.25727,429
2025-06-03 09:50:00,2.25731,2.25753,2.2561999999999998,2.25653,401
2025-06-03 09:55:00,2.25647,2.25647,2.25378,2.25393,496
2025-06-03 10:00:00,2.25397,2.25397,2.25303,2.2539,611
2025-06-03 10:05:00,2.25386,2.2539,2.2525399999999998,2.25284,433
2025-06-03 10:10:00,2.25284,2.25309,2.25218,2.25289,535
2025-06-03 10:15:00,2.25287,2.25366,2.25279,2.25339,578
2025-06-03 10:20:00,2.25335,2.25419,2.25328,2.25414,541
2025-06-03 10:25:00,2.25414,2.25421,2.25331,2.25355,492
2025-06-03 10:30:00,2.25355,2.25375,2.25308,2.25368,468
2025-06-03 10:35:00,2.25364,2.25425,2.25334,2.25395,435
2025-06-03 10:40:00,2.25399,2.25403,2.25303,2.25323,406
2025-06-03 10:45:00,2.25331,2.25333,2.25281,2.2531499999999998,402
2025-06-03 10:50:00,2.25309,2.25361,2.25299,2.25322,348
2025-06-03 10:55:00,2.25318,2.25383,2.25283,2.25326,374
2025-06-03 11:00:00,2.25326,2.2544399999999998,2.25301,2.25308,563
2025-06-03 11:05:00,2.25308,2.25319,2.25255,2.25299,492
2025-06-03 11:10:00,2.25303,2.25347,2.25262,2.2531,452
2025-06-03 11:15:00,2.25309,2.25325,2.25244,2.25267,540
2025-06-03 11:20:00,2.25267,2.25288,2.25188,2.25233,505
2025-06-03 11:25:00,2.25226,2.25243,2.25194,2.2522,405
2025-06-03 11:30:00,2.2522,2.25224,2.2513,2.2513,392
2025-06-03 11:35:00,2.2513,2.25168,2.25107,2.2515,391
2025-06-03 11:40:00,2.2515,2.25197,2.25105,2.25197,324
2025-06-03 11:45:00,2.25198,2.25213,2.25105,2.2511900000000002,273
2025-06-03 11:50:00,2.2511900000000002,2.25208,2.25118,2.25167,383
2025-06-03 11:55:00,2.25167,2.25261,2.25129,2.25259,218
2025-06-03 12:00:00,2.25263,2.2528,2.2517300000000002,2.25174,441
2025-06-03 12:05:00,2.25174,2.25192,2.2513199999999998,2.25169,417
2025-06-03 12:10:00,2.2517300000000002,2.25199,2.25113,2.25124,328
2025-06-03 12:15:00,2.25124,2.25167,2.25086,2.2509,256
2025-06-03 12:20:00,2.25086,2.25099,2.25042,2.25079,309
2025-06-03 12:25:00,2.25079,2.25085,2.25028,2.25055,328
2025-06-03 12:30:00,2.25063,2.25095,2.25036,2.25069,344
2025-06-03 12:35:00,2.25067,2.25072,2.25009,2.25025,297
2025-06-03 12:40:00,2.25025,2.25039,2.24981,2.24995,376
2025-06-03 12:45:00,2.24995,2.25056,2.24991,2.25035,423
2025-06-03 12:50:00,2.25037,2.25055,2.24985,2.25032,396
2025-06-03 12:55:00,2.25034,2.25049,2.24995,2.25002,428
2025-06-03 13:00:00,2.25002,2.25081,2.24988,2.25043,363
2025-06-03 13:05:00,2.2504,2.25096,2.25023,2.25079,314
2025-06-03 13:10:00,2.25079,2.25097,2.25038,2.25072,291
2025-06-03 13:15:00,2.25072,2.25091,2.25032,2.25055,313
2025-06-03 13:20:00,2.2505800000000002,2.25134,2.25028,2.2512,243
2025-06-03 13:25:00,2.2512,2.25134,2.2507,2.2507099999999998,236
2025-06-03 13:30:00,2.25077,2.25114,2.25041,2.25067,443
2025-06-03 13:35:00,2.25067,2.2516,2.25067,2.25155,263
2025-06-03 13:40:00,2.25155,2.2519,2.2513199999999998,2.2518599999999998,399
2025-06-03 13:45:00,2.2519,2.25261,2.2518599999999998,2.25256,377
2025-06-03 13:50:00,2.25256,2.25274,2.25233,2.25245,300
2025-06-03 13:55:00,2.25247,2.2525399999999998,2.25111,2.25156,419
2025-06-03 14:00:00,2.25145,2.25216,2.25129,2.25171,417
2025-06-03 14:05:00,2.25175,2.25245,2.25175,2.25216,342
2025-06-03 14:10:00,2.25219,2.25245,2.25194,2.2522,352
2025-06-03 14:15:00,2.2522,2.25255,2.25196,2.2522,340
2025-06-03 14:20:00,2.25222,2.25232,2.25089,2.2513199999999998,403
2025-06-03 14:25:00,2.2513199999999998,2.25143,2.25031,2.25036,441
2025-06-03 14:30:00,2.25036,2.25056,2.2497,2.24972,416
2025-06-03 14:35:00,2.24976,2.24986,2.24925,2.24936,341
2025-06-03 14:40:00,2.24934,2.24965,2.24905,2.24954,336
2025-06-03 14:45:00,2.24954,2.24997,2.24935,2.2496,295
2025-06-03 14:50:00,2.2496,2.25004,2.24941,2.24984,346
2025-06-03 14:55:00,2.24982,2.25109,2.2497,2.25099,396
2025-06-03 15:00:00,2.25098,2.25128,2.25045,2.2505800000000002,427
2025-06-03 15:05:00,2.2505800000000002,2.25174,2.25055,2.25145,408
2025-06-03 15:10:00,2.25145,2.25156,2.25066,2.25114,448
2025-06-03 15:15:00,2.2511200000000002,2.25252,2.2511200000000002,2.25223,356
2025-06-03 15:20:00,2.25224,2.25268,2.2521,2.25264,428
2025-06-03 15:25:00,2.25264,2.25294,2.25224,2.25268,349
2025-06-03 15:30:00,2.25274,2.25333,2.25219,2.25228,409
2025-06-03 15:35:00,2.25232,2.2526,2.25187,2.25196,419
2025-06-03 15:40:00,2.25196,2.25226,2.25159,2.25226,405
2025-06-03 15:45:00,2.25226,2.25281,2.25197,2.25279,389
2025-06-03 15:50:00,2.25279,2.25306,2.25206,2.25216,403
2025-06-03 15:55:00,2.25221,2.25288,2.25183,2.2523400000000002,459
2025-06-03 16:00:00,2.25233,2.25233,2.25016,2.25033,465
2025-06-03 16:05:00,2.25033,2.25042,2.24965,2.24973,466
2025-06-03 16:10:00,2.24973,2.25053,2.2497,2.25033,383
2025-06-03 16:15:00,2.25032,2.25127,2.25015,2.25104,396
2025-06-03 16:20:00,2.251,2.25179,2.25077,2.25114,542
2025-06-03 16:25:00,2.25116,2.2521,2.25109,2.25203,431
2025-06-03 16:30:00,2.25203,2.25262,2.25183,2.25198,577
2025-06-03 16:35:00,2.252,2.2525,2.25101,2.25126,656
2025-06-03 16:40:00,2.25123,2.25226,2.2512,2.25174,541
2025-06-03 16:45:00,2.25176,2.25281,2.25167,2.25259,596
2025-06-03 16:50:00,2.25259,2.25289,2.25209,2.25237,563
2025-06-03 16:55:00,2.25238,2.25289,2.25145,2.25145,488
2025-06-03 17:00:00,2.25152,2.25316,2.25028,2.25188,759
2025-06-03 17:05:00,2.25188,2.25331,2.25188,2.25298,843
2025-06-03 17:10:00,2.25298,2.25307,2.25199,2.25209,749
2025-06-03 17:15:00,2.25207,2.2525,2.24965,2.24989,711
2025-06-03 17:20:00,2.24989,2.25106,2.24976,2.25084,633
2025-06-03 17:25:00,2.25087,2.2511900000000002,2.24978,2.25024,589
2025-06-03 17:30:00,2.25024,2.25195,2.2502,2.25111,698
2025-06-03 17:35:00,2.25113,2.2522,2.25106,2.25205,642
2025-06-03 17:40:00,2.25202,2.253,2.25176,2.25266,613
2025-06-03 17:45:00,2.25264,2.25303,2.25189,2.25285,587
2025-06-03 17:50:00,2.25287,2.25307,2.25185,2.25303,604
2025-06-03 17:55:00,2.25297,2.25355,2.2525399999999998,2.25269,613
2025-06-03 18:00:00,2.25271,2.25301,2.25201,2.25301,611
2025-06-03 18:05:00,2.25301,2.25428,2.25291,2.25392,579
2025-06-03 18:10:00,2.25398,2.25449,2.25357,2.2544,561
2025-06-03 18:15:00,2.2543699999999998,2.25442,2.25354,2.25377,525
2025-06-03 18:20:00,2.25377,2.25404,2.25301,2.25309,508
2025-06-03 18:25:00,2.25311,2.25326,2.25272,2.25304,472
2025-06-03 18:30:00,2.25308,2.25328,2.25272,2.25293,487
2025-06-03 18:35:00,2.25293,2.25426,2.25272,2.25404,463
2025-06-03 18:40:00,2.254,2.25447,2.25398,2.25427,384
2025-06-03 18:45:00,2.25427,2.25453,2.2536,2.25443,484
2025-06-03 18:50:00,2.25439,2.25474,2.25422,2.2544399999999998,530
2025-06-03 18:55:00,2.2544399999999998,2.25449,2.25367,2.25385,401
2025-06-03 19:00:00,2.25381,2.2541700000000002,2.25335,2.25353,435
2025-06-03 19:05:00,2.25355,2.25358,2.25283,2.2529500000000002,372
2025-06-03 19:10:00,2.2529500000000002,2.25345,2.25291,2.25313,417
2025-06-03 19:15:00,2.25313,2.25338,2.25285,2.25326,350
2025-06-03 19:20:00,2.25324,2.25352,2.253,2.25338,333
2025-06-03 19:25:00,2.25338,2.25377,2.2531499999999998,2.25352,370
2025-06-03 19:30:00,2.25352,2.25381,2.2533,2.2537599999999998,490
2025-06-03 19:35:00,2.2537,2.25373,2.25308,2.25349,354
2025-06-03 19:40:00,2.25349,2.25372,2.25314,2.2533,389
2025-06-03 19:45:00,2.25331,2.25344,2.25266,2.25288,400
2025-06-03 19:50:00,2.25288,2.25306,2.25244,2.25275,307
2025-06-03 19:55:00,2.25277,2.25313,2.25232,2.25297,425
2025-06-03 20:00:00,2.2529,2.2529,2.25233,2.25233,394
2025-06-03 20:05:00,2.25233,2.25256,2.25203,2.25248,303
2025-06-03 20:10:00,2.25251,2.25282,2.25211,2.25249,337
2025-06-03 20:15:00,2.25245,2.25289,2.25224,2.25252,322
2025-06-03 20:20:00,2.25257,2.25262,2.25122,2.25147,366
2025-06-03 20:25:00,2.25152,2.252,2.25138,2.25178,294
2025-06-03 20:30:00,2.25178,2.252,2.25142,2.25178,306
2025-06-03 20:35:00,2.25182,2.25188,2.25149,2.25177,246
2025-06-03 20:40:00,2.25177,2.25201,2.25157,2.25185,256
2025-06-03 20:45:00,2.25182,2.25197,2.25161,2.2518000000000002,242
2025-06-03 20:50:00,2.25184,2.25202,2.25155,2.25191,279
2025-06-03 20:55:00,2.25191,2.25257,2.25176,2.25243,374
2025-06-03 21:00:00,2.25242,2.25323,2.25232,2.25283,445
2025-06-03 21:05:00,2.25281,2.25336,2.25272,2.25305,231
2025-06-03 21:10:00,2.25305,2.25344,2.253,2.25344,260
2025-06-03 21:15:00,2.25344,2.25366,2.25311,2.25324,211
2025-06-03 21:20:00,2.2531,2.25348,2.2529,2.25344,217
2025-06-03 21:25:00,2.25344,2.2535,2.2529,2.25297,216
2025-06-03 21:30:00,2.25297,2.25333,2.25293,2.25317,258
2025-06-03 21:35:00,2.25312,2.25328,2.25281,2.25286,232
2025-06-03 21:40:00,2.2529,2.25311,2.25262,2.25276,271
2025-06-03 21:45:00,2.25276,2.25284,2.25242,2.25265,274
2025-06-03 21:50:00,2.25263,2.25283,2.25221,2.25238,250
2025-06-03 21:55:00,2.25236,2.2526,2.2517300000000002,2.25178,282
2025-06-03 22:00:00,2.25188,2.25231,2.25168,2.25223,216
2025-06-03 22:05:00,2.25217,2.25269,2.25196,2.25247,203
2025-06-03 22:10:00,2.25249,2.25282,2.25231,2.25244,228
2025-06-03 22:15:00,2.25249,2.25277,2.25232,2.25249,178
2025-06-03 22:20:00,2.25243,2.25251,2.25214,2.25226,214
2025-06-03 22:25:00,2.25226,2.25251,2.25199,2.25251,133
2025-06-03 22:30:00,2.25247,2.2526,2.25185,2.25218,204
2025-06-03 22:35:00,2.25218,2.25222,2.25174,2.25194,144
2025-06-03 22:40:00,2.25202,2.25205,2.25172,2.25184,165
2025-06-03 22:45:00,2.25188,2.25225,2.25171,2.25202,227
2025-06-03 22:50:00,2.25204,2.25268,2.252,2.25258,296
2025-06-03 22:55:00,2.2525,2.25303,2.25246,2.25271,268
2025-06-03 23:00:00,2.25267,2.25276,2.25233,2.2523400000000002,220
2025-06-03 23:05:00,2.25236,2.25264,2.25223,2.25257,104
2025-06-03 23:10:00,2.25257,2.2526,2.25201,2.25221,103
2025-06-03 23:15:00,2.25221,2.25239,2.252,2.25239,121
2025-06-03 23:20:00,2.25239,2.25244,2.25216,2.25232,139
2025-06-03 23:25:00,2.25232,2.25245,2.25197,2.2522,115
2025-06-03 23:30:00,2.25221,2.25233,2.25165,2.2518000000000002,92
2025-06-03 23:35:00,2.25183,2.25187,2.2515,2.25181,77
2025-06-03 23:40:00,2.25181,2.25181,2.24919,2.24934,82
2025-06-03 23:45:00,2.24936,2.24997,2.24934,2.24995,67
2025-06-03 23:50:00,2.24997,2.2505800000000002,2.24997,2.2505800000000002,69
2025-06-03 23:55:00,2.2506,2.25323,2.25037,2.25313,278
2025-06-04 00:00:00,2.254,2.254,2.24991,2.24991,5
2025-06-04 00:05:00,2.24991,2.25277,2.24988,2.25076,23
2025-06-04 00:10:00,2.25073,2.25114,2.2505800000000002,2.25107,41
2025-06-04 00:15:00,2.25107,2.25124,2.25107,2.25121,34
2025-06-04 00:20:00,2.25108,2.25184,2.25106,2.25171,22
2025-06-04 00:25:00,2.25159,2.25203,2.25106,2.25137,64
2025-06-04 00:30:00,2.2514,2.2517,2.25115,2.25122,107
2025-06-04 00:35:00,2.25123,2.25171,2.25123,2.25151,116
2025-06-04 00:40:00,2.25151,2.25172,2.25138,2.25167,232
2025-06-04 00:45:00,2.25169,2.25185,2.25143,2.25163,131
2025-06-04 00:50:00,2.25163,2.2522,2.25152,2.25204,67
2025-06-04 00:55:00,2.25206,2.25211,2.25154,2.25154,126
2025-06-04 01:00:00,2.2516,2.25335,2.2516,2.25293,223
2025-06-04 01:05:00,2.25293,2.2530200000000002,2.25227,2.25229,133
2025-06-04 01:10:00,2.25231,2.25253,2.25222,2.25245,147
2025-06-04 01:15:00,2.25245,2.25252,2.25221,2.25236,174
2025-06-04 01:20:00,2.2524,2.2524100000000002,2.25192,2.25224,112
2025-06-04 01:25:00,2.25228,2.25235,2.25176,2.25202,98
2025-06-04 01:30:00,2.25202,2.25225,2.25142,2.25202,174
2025-06-04 01:35:00,2.25202,2.25244,2.25188,2.25223,84
2025-06-04 01:40:00,2.25222,2.2523400000000002,2.2519299999999998,2.2521,113
2025-06-04 01:45:00,2.25208,2.25223,2.25185,2.25223,75
2025-06-04 01:50:00,2.25223,2.25227,2.25195,2.25215,110
2025-06-04 01:55:00,2.25215,2.25232,2.25197,2.2521,118
2025-06-04 02:00:00,2.25215,2.25226,2.25165,2.25181,175
2025-06-04 02:05:00,2.25185,2.25204,2.25184,2.25197,126
2025-06-04 02:10:00,2.252,2.25267,2.25194,2.2525399999999998,147
2025-06-04 02:15:00,2.25259,2.25289,2.25251,2.25286,129
2025-06-04 02:20:00,2.25283,2.25298,2.25265,2.25293,116
2025-06-04 02:25:00,2.25296,2.25319,2.25273,2.25285,101
2025-06-04 02:30:00,2.25284,2.25292,2.2524100000000002,2.25272,131
2025-06-04 02:35:00,2.25272,2.25323,2.25272,2.2532,115
2025-06-04 02:40:00,2.25304,2.25338,2.25263,2.25294,142
2025-06-04 02:45:00,2.25292,2.25313,2.25271,2.25306,217
2025-06-04 02:50:00,2.2529500000000002,2.25311,2.25269,2.25292,206
2025-06-04 02:55:00,2.25294,2.253,2.25222,2.2527,209
2025-06-04 03:00:00,2.25272,2.2529500000000002,2.25214,2.25262,507
2025-06-04 03:05:00,2.25262,2.25397,2.25251,2.25397,362
2025-06-04 03:10:00,2.25397,2.25459,2.2539,2.25457,419
2025-06-04 03:15:00,2.25453,2.25477,2.25423,2.25467,326
2025-06-04 03:20:00,2.25467,2.2548,2.25401,2.25421,430
2025-06-04 03:25:00,2.2542,2.25466,2.254,2.25429,386
2025-06-04 03:30:00,2.25429,2.2545,2.25386,2.25418,442
2025-06-04 03:35:00,2.25418,2.25447,2.25399,2.25407,226
2025-06-04 03:40:00,2.25407,2.25462,2.25407,2.2544,307
2025-06-04 03:45:00,2.25436,2.25438,2.25333,2.25341,372
2025-06-04 03:50:00,2.25341,2.25345,2.2524100000000002,2.25263,533
2025-06-04 03:55:00,2.25261,2.25344,2.2525,2.25322,604
2025-06-04 04:00:00,2.25326,2.25419,2.25293,2.25311,634
2025-06-04 04:05:00,2.25307,2.25318,2.25255,2.25276,385
2025-06-04 04:10:00,2.25276,2.25276,2.25189,2.25225,375
2025-06-04 04:15:00,2.25225,2.25252,2.25183,2.25232,494
2025-06-04 04:20:00,2.25239,2.25263,2.25172,2.25181,492
2025-06-04 04:25:00,2.25183,2.25294,2.25179,2.25245,400
2025-06-04 04:30:00,2.25242,2.25402,2.25153,2.25201,614
2025-06-04 04:35:00,2.25202,2.25224,2.25109,2.25203,652
2025-06-04 04:40:00,2.25203,2.25387,2.25184,2.25378,509
2025-06-04 04:45:00,2.25378,2.25425,2.25344,2.25364,437
2025-06-04 04:50:00,2.25364,2.25456,2.25353,2.25353,498
2025-06-04 04:55:00,2.25354,2.25382,2.25288,2.25342,605
2025-06-04 05:00:00,2.25326,2.25389,2.25045,2.25134,616
2025-06-04 05:05:00,2.2511900000000002,2.25157,2.2507,2.25099,381
2025-06-04 05:10:00,2.25099,2.25192,2.25066,2.2519,392
2025-06-04 05:15:00,2.2519,2.25207,2.25142,2.25178,352
2025-06-04 05:20:00,2.25178,2.25231,2.25145,2.25197,328
2025-06-04 05:25:00,2.25195,2.25245,2.25143,2.25237,283
2025-06-04 05:30:00,2.2523400000000002,2.25321,2.25231,2.25314,343
2025-06-04 05:35:00,2.25312,2.25343,2.25238,2.2525399999999998,296
2025-06-04 05:40:00,2.25255,2.25312,2.25237,2.2526,317
2025-06-04 05:45:00,2.25259,2.2529,2.25214,2.25242,234
2025-06-04 05:50:00,2.25239,2.25271,2.25177,2.25185,274
2025-06-04 05:55:00,2.25185,2.25261,2.25149,2.25255,270
2025-06-04 06:00:00,2.25255,2.25258,2.25195,2.25216,245
2025-06-04 06:05:00,2.25216,2.25223,2.25166,2.25201,265
2025-06-04 06:10:00,2.25201,2.25228,2.25187,2.25227,212
2025-06-04 06:15:00,2.25223,2.25281,2.25223,2.25271,218
2025-06-04 06:20:00,2.25265,2.25329,2.2525399999999998,2.25311,281
2025-06-04 06:25:00,2.25313,2.25342,2.25273,2.25313,266
2025-06-04 06:30:00,2.25312,2.25338,2.2528,2.25293,410
2025-06-04 06:35:00,2.25293,2.25304,2.2525399999999998,2.25263,295
2025-06-04 06:40:00,2.25263,2.2530200000000002,2.25249,2.25267,335
2025-06-04 06:45:00,2.25267,2.25308,2.25262,2.25271,272
2025-06-04 06:50:00,2.25271,2.25273,2.25184,2.25201,272
2025-06-04 06:55:00,2.25207,2.25239,2.2516,2.25165,273
2025-06-04 07:00:00,2.25165,2.25229,2.25144,2.25192,375
2025-06-04 07:05:00,2.25192,2.2526,2.25162,2.25256,329
2025-06-04 07:10:00,2.25256,2.25287,2.25235,2.2528,247
2025-06-04 07:15:00,2.2528,2.25346,2.2528,2.25342,330
2025-06-04 07:20:00,2.25335,2.25372,2.2527,2.25276,244
2025-06-04 07:25:00,2.25275,2.25281,2.2523,2.25269,294
2025-06-04 07:30:00,2.25269,2.253,2.25247,2.2528,218
2025-06-04 07:35:00,2.2528,2.25354,2.25275,2.25307,208
2025-06-04 07:40:00,2.25307,2.25344,2.25264,2.25273,287
2025-06-04 07:45:00,2.25271,2.25287,2.25246,2.2528,209
2025-06-04 07:50:00,2.25279,2.25308,2.25261,2.25274,239
2025-06-04 07:55:00,2.2527,2.25297,2.25265,2.25291,244
2025-06-04 08:00:00,2.25287,2.25308,2.25249,2.25284,339
2025-06-04 08:05:00,2.25288,2.25291,2.25197,2.2521,219
2025-06-04 08:10:00,2.2521,2.2524,2.25208,2.25235,230
2025-06-04 08:15:00,2.25233,2.2529500000000002,2.25225,2.25286,224
2025-06-04 08:20:00,2.25286,2.25313,2.25262,2.25269,263
2025-06-04 08:25:00,2.25266,2.2528,2.25242,2.25267,226
2025-06-04 08:30:00,2.25272,2.25318,2.25233,2.25256,377
2025-06-04 08:35:00,2.25256,2.25283,2.25209,2.25221,404
2025-06-04 08:40:00,2.25224,2.25236,2.25153,2.25172,359
2025-06-04 08:45:00,2.25172,2.25199,2.25155,2.25179,242
2025-06-04 08:50:00,2.25187,2.25222,2.25169,2.25178,381
2025-06-04 08:55:00,2.2518000000000002,2.25272,2.25137,2.25261,480
2025-06-04 09:00:00,2.25253,2.2529500000000002,2.25188,2.25206,457
2025-06-04 09:05:00,2.25206,2.25276,2.25189,2.25233,441
2025-06-04 09:10:00,2.25233,2.25248,2.25115,2.25151,471
2025-06-04 09:15:00,2.2515,2.25184,2.25108,2.25159,534
2025-06-04 09:20:00,2.25159,2.25256,2.25159,2.25225,495
2025-06-04 09:25:00,2.25225,2.25246,2.25167,2.25188,515
2025-06-04 09:30:00,2.25189,2.2519299999999998,2.25096,2.2513,484
2025-06-04 09:35:00,2.25128,2.25141,2.25073,2.25114,423
2025-06-04 09:40:00,2.25114,2.25175,2.2511200000000002,2.25162,419
2025-06-04 09:45:00,2.25162,2.25175,2.25113,2.2513,387
2025-06-04 09:50:00,2.2513,2.25189,2.25106,2.25188,387
2025-06-04 09:55:00,2.25189,2.25318,2.25177,2.25301,424
2025-06-04 10:00:00,2.25297,2.25342,2.25225,2.25227,506
2025-06-04 10:05:00,2.25233,2.25238,2.25165,2.25178,388
2025-06-04 10:10:00,2.2518000000000002,2.25229,2.25168,2.25216,323
2025-06-04 10:15:00,2.25214,2.25279,2.25192,2.25262,393
2025-06-04 10:20:00,2.25256,2.25297,2.25225,2.25252,405
2025-06-04 10:25:00,2.25252,2.25268,2.25214,2.25245,264
2025-06-04 10:30:00,2.25245,2.25245,2.25121,2.2512499999999998,378
2025-06-04 10:35:00,2.25127,2.2518599999999998,2.25078,2.25168,391
2025-06-04 10:40:00,2.25172,2.25211,2.25146,2.25185,460
2025-06-04 10:45:00,2.25185,2.25251,2.25161,2.25228,345
2025-06-04 10:50:00,2.25227,2.25293,2.25182,2.25285,433
2025-06-04 10:55:00,2.25281,2.25389,2.25262,2.25343,525
2025-06-04 11:00:00,2.25342,2.25383,2.25313,2.2537,379
2025-06-04 11:05:00,2.2537,2.25453,2.25364,2.25372,407
2025-06-04 11:10:00,2.25372,2.25447,2.25334,2.25404,378
2025-06-04 11:15:00,2.25403,2.25406,2.25355,2.2535600000000002,309
2025-06-04 11:20:00,2.2535600000000002,2.25365,2.25275,2.253,342
2025-06-04 11:25:00,2.2530200000000002,2.25316,2.25246,2.25256,308
2025-06-04 11:30:00,2.25268,2.25288,2.25201,2.25221,344
2025-06-04 11:35:00,2.25213,2.2527,2.25188,2.2524100000000002,333
2025-06-04 11:40:00,2.25246,2.25267,2.25147,2.25147,364
2025-06-04 11:45:00,2.25149,2.25159,2.25117,2.2513199999999998,357
2025-06-04 11:50:00,2.2513199999999998,2.25172,2.2507099999999998,2.2509,346
2025-06-04 11:55:00,2.2509,2.25144,2.25069,2.25129,464
2025-06-04 12:00:00,2.25129,2.25197,2.25113,2.2519299999999998,419
2025-06-04 12:05:00,2.25191,2.25215,2.25113,2.25121,359
2025-06-04 12:10:00,2.25123,2.25123,2.25034,2.2505,346
2025-06-04 12:15:00,2.25053,2.25098,2.25036,2.25089,420
2025-06-04 12:20:00,2.25089,2.25101,2.25021,2.25052,372
2025-06-04 12:25:00,2.2505,2.25054,2.24944,2.2496,286
2025-06-04 12:30:00,2.2496,2.25009,2.24952,2.24973,351
2025-06-04 12:35:00,2.24973,2.25076,2.24967,2.25073,320
2025-06-04 12:40:00,2.25073,2.25093,2.25017,2.25039,381
2025-06-04 12:45:00,2.25039,2.25091,2.25025,2.25048,272
2025-06-04 12:50:00,2.25048,2.25048,2.24992,2.25016,323
2025-06-04 12:55:00,2.25016,2.25152,2.25013,2.25144,369
2025-06-04 13:00:00,2.25126,2.25133,2.25036,2.25093,503
2025-06-04 13:05:00,2.25091,2.2513,2.2506399999999998,2.25082,362
2025-06-04 13:10:00,2.25083,2.25083,2.25015,2.25055,394
2025-06-04 13:15:00,2.25049,2.25049,2.24962,2.24972,310
2025-06-04 13:20:00,2.24978,2.25015,2.2496,2.25009,299
2025-06-04 13:25:00,2.25007,2.25045,2.24984,2.25023,291
2025-06-04 13:30:00,2.25021,2.25043,2.25002,2.25012,406
2025-06-04 13:35:00,2.25008,2.25025,2.24951,2.24975,304
2025-06-04 13:40:00,2.24975,2.24992,2.24879,2.24905,268
2025-06-04 13:45:00,2.24902,2.24953,2.24872,2.2494,374
2025-06-04 13:50:00,2.2494,2.2496,2.24915,2.24936,393
2025-06-04 13:55:00,2.2494,2.24966,2.24906,2.24911,250
2025-06-04 14:00:00,2.24915,2.24942,2.24896,2.24905,320
2025-06-04 14:05:00,2.24912,2.2496,2.24886,2.24932,380
2025-06-04 14:10:00,2.24928,2.24937,2.24877,2.24891,326
2025-06-04 14:15:00,2.24889,2.2492,2.24854,2.24866,407
2025-06-04 14:20:00,2.24862,2.24892,2.24845,2.24876,326
2025-06-04 14:25:00,2.24878,2.2492,2.24862,2.24869,331
2025-06-04 14:30:00,2.24869,2.24875,2.24799,2.24809,263
2025-06-04 14:35:00,2.24809,2.24816,2.24686,2.24686,370
2025-06-04 14:40:00,2.24686,2.24772,2.24676,2.24703,360
2025-06-04 14:45:00,2.247,2.247,2.24588,2.246,395
2025-06-04 14:50:00,2.24593,2.24674,2.24592,2.24646,382
2025-06-04 14:55:00,2.24646,2.24728,2.24638,2.2468,454
2025-06-04 15:00:00,2.24682,2.24684,2.24625,2.24672,426
2025-06-04 15:05:00,2.24673,2.24713,2.24648,2.24701,349
2025-06-04 15:10:00,2.24701,2.24737,2.24632,2.24632,335
2025-06-04 15:15:00,2.2464,2.24726,2.24606,2.24631,792
2025-06-04 15:20:00,2.24631,2.24682,2.24599,2.24662,815
2025-06-04 15:25:00,2.24661,2.24768,2.24647,2.24761,632
2025-06-04 15:30:00,2.24761,2.24791,2.24725,2.24747,656
2025-06-04 15:35:00,2.24743,2.24773,2.24657,2.2468,598
2025-06-04 15:40:00,2.2468,2.24731,2.24658,2.2473,575
2025-06-04 15:45:00,2.24733,2.24814,2.24703,2.24787,637
2025-06-04 15:50:00,2.24789,2.2486,2.24786,2.24832,626
2025-06-04 15:55:00,2.24832,2.24857,2.24799,2.24801,594
2025-06-04 16:00:00,2.24803,2.24968,2.24799,2.24953,587
2025-06-04 16:05:00,2.2494899999999998,2.24962,2.2477,2.24782,543
2025-06-04 16:10:00,2.24782,2.24844,2.24779,2.24844,455
2025-06-04 16:15:00,2.24844,2.24936,2.24823,2.24923,466
2025-06-04 16:20:00,2.24923,2.24969,2.24907,2.24915,488
2025-06-04 16:25:00,2.24919,2.24919,2.24848,2.24864,368
2025-06-04 16:30:00,2.24863,2.24902,2.2480700000000002,2.2488799999999998,552
2025-06-04 16:35:00,2.24884,2.24892,2.24813,2.24836,620
2025-06-04 16:40:00,2.24833,2.24876,2.24787,2.24848,468
2025-06-04 16:45:00,2.24846,2.24895,2.24817,2.24872,662
2025-06-04 16:50:00,2.24874,2.2493,2.24834,2.24858,618
2025-06-04 16:55:00,2.2486,2.24967,2.24848,2.24849,637
2025-06-04 17:00:00,2.2478,2.24998,2.2478,2.24933,934
2025-06-04 17:05:00,2.24937,2.25022,2.24914,2.24914,876
2025-06-04 17:10:00,2.24901,2.24959,2.2483,2.24857,806
2025-06-04 17:15:00,2.24854,2.24855,2.24773,2.24833,622
2025-06-04 17:20:00,2.24826,2.24845,2.24781,2.24826,636
2025-06-04 17:25:00,2.24826,2.24892,2.24813,2.24834,611
2025-06-04 17:30:00,2.24834,2.249,2.24823,2.24873,608
2025-06-04 17:35:00,2.24877,2.24943,2.24864,2.24941,633
2025-06-04 17:40:00,2.24941,2.25009,2.24911,2.2497,594
2025-06-04 17:45:00,2.24974,2.2507,2.24946,2.25048,593
2025-06-04 17:50:00,2.25048,2.25073,2.25011,2.25042,646
2025-06-04 17:55:00,2.25042,2.25108,2.25024,2.25047,584
2025-06-04 18:00:00,2.25048,2.25093,2.25028,2.25054,528
2025-06-04 18:05:00,2.2505,2.25103,2.25045,2.25068,524
2025-06-04 18:10:00,2.25068,2.25076,2.25015,2.25045,472
2025-06-04 18:15:00,2.25045,2.25124,2.25025,2.25077,479
2025-06-04 18:20:00,2.25077,2.25156,2.25057,2.25105,538
2025-06-04 18:25:00,2.25105,2.25111,2.25053,2.25076,389
2025-06-04 18:30:00,2.25076,2.25117,2.2506,2.25093,465
2025-06-04 18:35:00,2.25093,2.25093,2.2500299999999998,2.25046,544
2025-06-04 18:40:00,2.25046,2.25076,2.2503,2.25039,456
2025-06-04 18:45:00,2.25028,2.25075,2.24996,2.25035,460
2025-06-04 18:50:00,2.25037,2.25042,2.24935,2.24953,407
2025-06-04 18:55:00,2.24955,2.24967,2.24915,2.24948,462
2025-06-04 19:00:00,2.2494899999999998,2.24953,2.2485,2.24855,492
2025-06-04 19:05:00,2.24851,2.24879,2.24783,2.24833,439
2025-06-04 19:10:00,2.24831,2.24881,2.24804,2.24861,397
2025-06-04 19:15:00,2.24862,2.2486800000000002,2.24812,2.24857,367
2025-06-04 19:20:00,2.24855,2.24885,2.24832,2.2486800000000002,321
2025-06-04 19:25:00,2.2486800000000002,2.24881,2.24803,2.24813,309
2025-06-04 19:30:00,2.24813,2.24826,2.24738,2.24764,363
2025-06-04 19:35:00,2.24762,2.24789,2.24725,2.24734,291
2025-06-04 19:40:00,2.24736,2.24739,2.24657,2.24689,424
2025-06-04 19:45:00,2.24693,2.24703,2.24646,2.2467,324
2025-06-04 19:50:00,2.24678,2.24745,2.24659,2.24724,353
2025-06-04 19:55:00,2.24726,2.24769,2.2468500000000002,2.24747,338
2025-06-04 20:00:00,2.24747,2.24791,2.2474600000000002,2.24769,318
2025-06-04 20:05:00,2.24767,2.24814,2.24744,2.2477,330
2025-06-04 20:10:00,2.2477,2.24777,2.24733,2.24756,248
2025-06-04 20:15:00,2.2476,2.24762,2.24677,2.24688,325
2025-06-04 20:20:00,2.24692,2.24707,2.2464,2.24682,323
2025-06-04 20:25:00,2.2468,2.24716,2.24661,2.24713,277
2025-06-04 20:30:00,2.24713,2.24721,2.24668,2.24713,265
2025-06-04 20:35:00,2.24717,2.24717,2.24662,2.24699,263
2025-06-04 20:40:00,2.24699,2.24702,2.24647,2.24677,305
2025-06-04 20:45:00,2.24677,2.247,2.24642,2.247,235
2025-06-04 20:50:00,2.24698,2.24711,2.24666,2.24688,307
2025-06-04 20:55:00,2.24689,2.24691,2.24594,2.24612,312
2025-06-04 21:00:00,2.24614,2.24717,2.24598,2.24708,438
2025-06-04 21:05:00,2.24704,2.24706,2.24639,2.24678,356
2025-06-04 21:10:00,2.24678,2.24699,2.24615,2.24628,225
2025-06-04 21:15:00,2.24628,2.2468,2.24626,2.24679,193
2025-06-04 21:20:00,2.24679,2.24693,2.24636,2.24676,244
2025-06-04 21:25:00,2.24678,2.24689,2.24643,2.24677,283
2025-06-04 21:30:00,2.24678,2.24684,2.24626,2.24657,272
2025-06-04 21:35:00,2.24659,2.247,2.24632,2.24694,276
2025-06-04 21:40:00,2.24691,2.24718,2.24666,2.24699,293
2025-06-04 21:45:00,2.24699,2.24699,2.24634,2.24681,205
2025-06-04 21:50:00,2.24681,2.24696,2.24658,2.24684,201
2025-06-04 21:55:00,2.24686,2.24761,2.2466,2.24753,313
2025-06-04 22:00:00,2.24755,2.24761,2.24658,2.24675,325
2025-06-04 22:05:00,2.24675,2.24686,2.24643,2.24669,156
2025-06-04 22:10:00,2.24669,2.24669,2.24588,2.24608,177
2025-06-04 22:15:00,2.24606,2.24632,2.24594,2.2461,142
2025-06-04 22:20:00,2.2461,2.2464,2.24577,2.24629,217
2025-06-04 22:25:00,2.24632,2.24667,2.24617,2.24661,186
2025-06-04 22:30:00,2.24661,2.24661,2.24603,2.24617,252
2025-06-04 22:35:00,2.24617,2.24665,2.2461,2.24645,305
2025-06-04 22:40:00,2.24648,2.24682,2.2464,2.24672,241
2025-06-04 22:45:00,2.24672,2.24675,2.24635,2.24661,227
2025-06-04 22:50:00,2.24659,2.24688,2.24629,2.24668,298
2025-06-04 22:55:00,2.24664,2.24674,2.24629,2.24669,204
2025-06-04 23:00:00,2.2468,2.24696,2.24658,2.24676,203
2025-06-04 23:05:00,2.24676,2.24711,2.24661,2.24686,172
2025-06-04 23:10:00,2.24686,2.24699,2.24662,2.24692,154
2025-06-04 23:15:00,2.24694,2.2471,2.24663,2.24697,183
2025-06-04 23:20:00,2.24693,2.24727,2.24693,2.24726,88
2025-06-04 23:25:00,2.24724,2.24751,2.2470499999999998,2.24747,98
2025-06-04 23:30:00,2.24747,2.24752,2.24677,2.24701,109
2025-06-04 23:35:00,2.24702,2.24734,2.24693,2.24728,175
2025-06-04 23:40:00,2.2447,2.2447,2.24433,2.24451,105
2025-06-04 23:45:00,2.24458,2.24501,2.24447,2.24501,150
2025-06-04 23:50:00,2.24501,2.24555,2.24493,2.24546,77
2025-06-04 23:55:00,2.2455,2.24863,2.2455,2.24823,246
2025-06-05 00:00:00,2.25002,2.25002,2.24601,2.24621,10
2025-06-05 00:05:00,2.24598,2.24643,2.24541,2.24603,30
2025-06-05 00:10:00,2.246,2.24627,2.24574,2.24582,54
2025-06-05 00:15:00,2.24582,2.24603,2.24574,2.24582,50
2025-06-05 00:20:00,2.24582,2.24607,2.24581,2.24593,25
2025-06-05 00:25:00,2.24593,2.24616,2.24589,2.24606,48
2025-06-05 00:30:00,2.24613,2.24621,2.24576,2.24593,43
2025-06-05 00:35:00,2.24593,2.24608,2.24564,2.24586,91
2025-06-05 00:40:00,2.24584,2.24742,2.24577,2.24717,106
2025-06-05 00:45:00,2.24717,2.24722,2.2467,2.24679,137
2025-06-05 00:50:00,2.24676,2.24681,2.24641,2.24645,44
2025-06-05 00:55:00,2.24646,2.24658,2.2464,2.24642,79
2025-06-05 01:00:00,2.24646,2.24836,2.24646,2.24806,188
2025-06-05 01:05:00,2.24799,2.24813,2.24784,2.24804,72
2025-06-05 01:10:00,2.24804,2.2482699999999998,2.24789,2.24804,74
2025-06-05 01:15:00,2.24805,2.24805,2.24761,2.24779,82
2025-06-05 01:20:00,2.24782,2.24799,2.24773,2.24784,75
2025-06-05 01:25:00,2.24784,2.24797,2.24718,2.24728,56
2025-06-05 01:30:00,2.24728,2.24728,2.24684,2.24687,71
2025-06-05 01:35:00,2.24687,2.247,2.24662,2.24698,74
2025-06-05 01:40:00,2.24697,2.24703,2.24652,2.24681,90
2025-06-05 01:45:00,2.24679,2.24681,2.24663,2.24673,58
2025-06-05 01:50:00,2.24673,2.24674,2.24604,2.24637,105
2025-06-05 01:55:00,2.24637,2.24695,2.24634,2.24687,85
2025-06-05 02:00:00,2.24674,2.24722,2.24667,2.24712,138
2025-06-05 02:05:00,2.24719,2.24749,2.24691,2.24721,128
2025-06-05 02:10:00,2.24721,2.24769,2.24721,2.24743,60
2025-06-05 02:15:00,2.24743,2.24762,2.24681,2.24704,126
2025-06-05 02:20:00,2.2470499999999998,2.24752,2.24687,2.2475,207
2025-06-05 02:25:00,2.24752,2.24776,2.24735,2.24762,126
2025-06-05 02:30:00,2.2476,2.24794,2.24755,2.24773,181
2025-06-05 02:35:00,2.24774,2.24786,2.24755,2.24768,112
2025-06-05 02:40:00,2.24769,2.24826,2.2474600000000002,2.2482,185
2025-06-05 02:45:00,2.2482,2.24831,2.24784,2.24799,156
2025-06-05 02:50:00,2.24799,2.24799,2.24772,2.24782,121
2025-06-05 02:55:00,2.24781,2.24845,2.24776,2.24833,167
2025-06-05 03:00:00,2.24833,2.24833,2.24694,2.24709,498
2025-06-05 03:05:00,2.24709,2.24791,2.24708,2.2477,319
2025-06-05 03:10:00,2.2477,2.2477,2.24655,2.24656,330
2025-06-05 03:15:00,2.24654,2.24728,2.24654,2.24711,287
2025-06-05 03:20:00,2.24711,2.24715,2.24575,2.24592,316
2025-06-05 03:25:00,2.24595,2.24597,2.24524,2.24567,296
2025-06-05 03:30:00,2.24571,2.24587,2.24488,2.24511,358
2025-06-05 03:35:00,2.24518,2.24536,2.24478,2.24513,285
2025-06-05 03:40:00,2.24515,2.24582,2.24512,2.24526,397
2025-06-05 03:45:00,2.24526,2.2455600000000002,2.24488,2.24549,367
2025-06-05 03:50:00,2.24548,2.24575,2.24487,2.24493,389
2025-06-05 03:55:00,2.24504,2.2462,2.24489,2.24617,424
2025-06-05 04:00:00,2.24617,2.24625,2.24437,2.24459,499
2025-06-05 04:05:00,2.24459,2.24515,2.24459,2.24498,367
2025-06-05 04:10:00,2.24498,2.24553,2.24464,2.24549,354
2025-06-05 04:15:00,2.24547,2.2458,2.24526,2.24569,381
2025-06-05 04:20:00,2.24569,2.24593,2.24552,2.24576,369
2025-06-05 04:25:00,2.24574,2.24589,2.24497,2.24538,435
2025-06-05 04:30:00,2.24538,2.2455600000000002,2.24506,2.24552,421
2025-06-05 04:35:00,2.24552,2.24559,2.24485,2.24498,435
2025-06-05 04:40:00,2.24498,2.24547,2.24482,2.24542,404
2025-06-05 04:45:00,2.2454,2.24601,2.24387,2.24388,428
2025-06-05 04:50:00,2.24388,2.24525,2.2438,2.24512,394
2025-06-05 04:55:00,2.24512,2.24552,2.24486,2.24512,395
2025-06-05 05:00:00,2.24519,2.24566,2.24498,2.24535,372
2025-06-05 05:05:00,2.24542,2.24618,2.24542,2.24595,379
2025-06-05 05:10:00,2.24591,2.24603,2.24429,2.24536,417
2025-06-05 05:15:00,2.24534,2.24562,2.2449500000000002,2.24507,321
2025-06-05 05:20:00,2.24507,2.24521,2.24489,2.24516,238
2025-06-05 05:25:00,2.24515,2.24517,2.24379,2.24432,340
2025-06-05 05:30:00,2.24431,2.24455,2.24409,2.24443,374
2025-06-05 05:35:00,2.24445,2.24502,2.24432,2.24491,212
2025-06-05 05:40:00,2.24493,2.24531,2.24457,2.24468,350
2025-06-05 05:45:00,2.24466,2.24476,2.24416,2.24442,253
2025-06-05 05:50:00,2.24442,2.24466,2.24408,2.24419,274
2025-06-05 05:55:00,2.24419,2.2442,2.24352,2.24399,285
2025-06-05 06:00:00,2.24397,2.24508,2.24329,2.24356,369
2025-06-05 06:05:00,2.24354,2.24429,2.24341,2.24425,198
2025-06-05 06:10:00,2.24427,2.24475,2.24404,2.24416,270
2025-06-05 06:15:00,2.24417,2.2449,2.24399,2.24422,257
2025-06-05 06:20:00,2.24423,2.24447,2.2436,2.24395,257
2025-06-05 06:25:00,2.24395,2.24442,2.24346,2.24404,379
2025-06-05 06:30:00,2.24408,2.24446,2.24302,2.24446,375
2025-06-05 06:35:00,2.24438,2.24462,2.24394,2.24417,456
2025-06-05 06:40:00,2.24417,2.24444,2.2436,2.24407,397
2025-06-05 06:45:00,2.24409,2.24479,2.24389,2.24462,323
2025-06-05 06:50:00,2.24462,2.24587,2.24458,2.24578,453
2025-06-05 06:55:00,2.24575,2.2461,2.24559,2.24571,501
2025-06-05 07:00:00,2.24572,2.24647,2.24571,2.24622,445
2025-06-05 07:05:00,2.24621,2.24648,2.24586,2.24636,344
2025-06-05 07:10:00,2.24636,2.24638,2.24578,2.24624,318
2025-06-05 07:15:00,2.24624,2.24708,2.24622,2.24643,360
2025-06-05 07:20:00,2.24639,2.24648,2.2461,2.24615,342
2025-06-05 07:25:00,2.2462,2.24634,2.2457,2.24603,298
2025-06-05 07:30:00,2.2462,2.24639,2.2458299999999998,2.2459,274
2025-06-05 07:35:00,2.24594,2.246,2.24562,2.2457,190
2025-06-05 07:40:00,2.2457,2.24581,2.24529,2.24551,218
2025-06-05 07:45:00,2.24551,2.24619,2.24519,2.24619,185
2025-06-05 07:50:00,2.24622,2.24646,2.24579,2.24592,178
2025-06-05 07:55:00,2.24592,2.24595,2.2452199999999998,2.24544,254
2025-06-05 08:00:00,2.24544,2.24585,2.24523,2.24564,340
2025-06-05 08:05:00,2.24564,2.24635,2.24562,2.24601,261
2025-06-05 08:10:00,2.24601,2.2461,2.24565,2.24581,222
2025-06-05 08:15:00,2.24585,2.24665,2.24562,2.246,376
2025-06-05 08:20:00,2.246,2.24612,2.24567,2.24582,279
2025-06-05 08:25:00,2.24582,2.2459,2.24537,2.24549,248
2025-06-05 08:30:00,2.24546,2.2459,2.24534,2.24579,272
2025-06-05 08:35:00,2.24582,2.24586,2.2453,2.24546,320
2025-06-05 08:40:00,2.24549,2.24575,2.24505,2.24521,282
2025-06-05 08:45:00,2.24523,2.24617,2.24502,2.2461,268
2025-06-05 08:50:00,2.24612,2.24638,2.24588,2.24633,277
2025-06-05 08:55:00,2.24634,2.24703,2.24593,2.24677,411
2025-06-05 09:00:00,2.24682,2.24724,2.24593,2.24615,313
2025-06-05 09:05:00,2.24617,2.24651,2.24577,2.24639,351
2025-06-05 09:10:00,2.24637,2.24655,2.2458,2.24586,393
2025-06-05 09:15:00,2.24586,2.2459,2.24538,2.24545,346
2025-06-05 09:20:00,2.24545,2.24633,2.24525,2.24604,261
2025-06-05 09:25:00,2.24602,2.24659,2.24579,2.24636,262
2025-06-05 09:30:00,2.24642,2.24657,2.24611,2.24627,359
2025-06-05 09:35:00,2.24627,2.24643,2.2456,2.24612,418
2025-06-05 09:40:00,2.24612,2.24612,2.24554,2.24586,410
2025-06-05 09:45:00,2.24586,2.24596,2.24535,2.2458299999999998,362
2025-06-05 09:50:00,2.24582,2.24589,2.24528,2.24545,295
2025-06-05 09:55:00,2.24546,2.24571,2.24534,2.24555,484
2025-06-05 10:00:00,2.24555,2.24594,2.24516,2.24535,516
2025-06-05 10:05:00,2.24535,2.24535,2.24463,2.24509,383
2025-06-05 10:10:00,2.24509,2.24531,2.2438,2.24382,413
2025-06-05 10:15:00,2.24383,2.24439,2.24376,2.24409,403
2025-06-05 10:20:00,2.24412,2.24632,2.24412,2.24628,508
2025-06-05 10:25:00,2.24628,2.24646,2.24592,2.24632,324
2025-06-05 10:30:00,2.24632,2.2464,2.24559,2.24612,334
2025-06-05 10:35:00,2.24615,2.24641,2.2458299999999998,2.24613,386
2025-06-05 10:40:00,2.24613,2.2468,2.24604,2.24673,385
2025-06-05 10:45:00,2.24677,2.24681,2.24626,2.24636,374
2025-06-05 10:50:00,2.24636,2.24664,2.24607,2.24641,256
2025-06-05 10:55:00,2.24641,2.24693,2.24595,2.24687,413
2025-06-05 11:00:00,2.24688,2.24696,2.2463,2.24684,430
2025-06-05 11:05:00,2.24684,2.24713,2.24651,2.2471,331
2025-06-05 11:10:00,2.24713,2.24744,2.24652,2.24652,398
2025-06-05 11:15:00,2.24656,2.24724,2.24631,2.24715,331
2025-06-05 11:20:00,2.24717,2.24802,2.24703,2.24787,349
2025-06-05 11:25:00,2.24786,2.24845,2.24773,2.24814,254
2025-06-05 11:30:00,2.24814,2.2482699999999998,2.24745,2.24754,290
2025-06-05 11:35:00,2.24754,2.24769,2.2471,2.24755,227
2025-06-05 11:40:00,2.24755,2.24773,2.24693,2.24694,296
2025-06-05 11:45:00,2.24698,2.24704,2.24593,2.24598,282
2025-06-05 11:50:00,2.24597,2.2461,2.24526,2.2453,252
2025-06-05 11:55:00,2.2453,2.24576,2.24494,2.24571,293
2025-06-05 12:00:00,2.24571,2.24575,2.24435,2.24465,448
2025-06-05 12:05:00,2.24467,2.24515,2.24423,2.24437,331
2025-06-05 12:10:00,2.2444,2.2444,2.24372,2.24384,377
2025-06-05 12:15:00,2.24384,2.24402,2.24253,2.24275,336
2025-06-05 12:20:00,2.24274,2.24304,2.24238,2.24272,348
2025-06-05 12:25:00,2.2427,2.24316,2.24253,2.2428,389
2025-06-05 12:30:00,2.2427799999999998,2.24332,2.24215,2.24303,439
2025-06-05 12:35:00,2.24304,2.24326,2.24265,2.24289,275
2025-06-05 12:40:00,2.24276,2.2427799999999998,2.24213,2.24247,230
2025-06-05 12:45:00,2.24247,2.24302,2.24205,2.24213,360
2025-06-05 12:50:00,2.24211,2.24262,2.24205,2.24235,406
2025-06-05 12:55:00,2.24235,2.24319,2.24227,2.24294,382
2025-06-05 13:00:00,2.24298,2.24349,2.24227,2.24258,381
2025-06-05 13:05:00,2.24258,2.24369,2.24228,2.24357,360
2025-06-05 13:10:00,2.24352,2.24382,2.24341,2.24362,319
2025-06-05 13:15:00,2.24366,2.24392,2.2433899999999998,2.24348,267
2025-06-05 13:20:00,2.24348,2.24366,2.24328,2.24344,217
2025-06-05 13:25:00,2.24343,2.24349,2.24263,2.24286,315
2025-06-05 13:30:00,2.24286,2.24327,2.2428,2.24315,271
2025-06-05 13:35:00,2.2431200000000002,2.24323,2.24255,2.24265,324
2025-06-05 13:40:00,2.24261,2.24309,2.24255,2.24271,311
2025-06-05 13:45:00,2.24271,2.24271,2.24205,2.2423,220
2025-06-05 13:50:00,2.24225,2.24341,2.24218,2.24337,318
2025-06-05 13:55:00,2.24333,2.24419,2.24298,2.24413,401
2025-06-05 14:00:00,2.24406,2.2445,2.2433899999999998,2.24353,454
2025-06-05 14:05:00,2.24353,2.24379,2.24314,2.24357,345
2025-06-05 14:10:00,2.24357,2.24406,2.24343,2.24352,290
2025-06-05 14:15:00,2.24354,2.24409,2.24324,2.2437,358
2025-06-05 14:20:00,2.2437,2.24446,2.2437,2.24374,395
2025-06-05 14:25:00,2.24378,2.24399,2.24328,2.24381,460
2025-06-05 14:30:00,2.2438,2.24472,2.24377,2.24442,393
2025-06-05 14:35:00,2.24442,2.24482,2.2444,2.24468,307
2025-06-05 14:40:00,2.24468,2.24501,2.24438,2.24448,383
2025-06-05 14:45:00,2.24448,2.24455,2.24341,2.24354,305
2025-06-05 14:50:00,2.24356,2.24387,2.2431200000000002,2.24375,346
2025-06-05 14:55:00,2.24375,2.24425,2.24366,2.24408,424
2025-06-05 15:00:00,2.24406,2.24413,2.24355,2.24378,438
2025-06-05 15:05:00,2.24377,2.24436,2.24332,2.24337,350
2025-06-05 15:10:00,2.24335,2.24395,2.24329,2.24336,375
2025-06-05 15:15:00,2.2434,2.24416,2.24275,2.24298,596
2025-06-05 15:20:00,2.24292,2.2438,2.24282,2.24348,670
2025-06-05 15:25:00,2.24351,2.24377,2.24203,2.2437,594
2025-06-05 15:30:00,2.2437,2.24383,2.24262,2.24329,984
2025-06-05 15:35:00,2.24327,2.2436,2.24307,2.2432,705
2025-06-05 15:40:00,2.24324,2.24374,2.24272,2.24276,628
2025-06-05 15:45:00,2.2427799999999998,2.24334,2.24118,2.24233,707
2025-06-05 15:50:00,2.24235,2.2431200000000002,2.24201,2.24247,1029
2025-06-05 15:55:00,2.24247,2.24263,2.24149,2.24226,814
2025-06-05 16:00:00,2.24221,2.24255,2.24083,2.24103,773
2025-06-05 16:05:00,2.24098,2.24193,2.24066,2.24153,817
2025-06-05 16:10:00,2.24153,2.24254,2.2411,2.24115,878
2025-06-05 16:15:00,2.24117,2.2416,2.2401,2.24023,708
2025-06-05 16:20:00,2.24024,2.24087,2.23954,2.24009,881
2025-06-05 16:25:00,2.24009,2.24023,2.2393,2.2398,884
2025-06-05 16:30:00,2.23981,2.23981,2.23785,2.23829,923
2025-06-05 16:35:00,2.23833,2.23855,2.23787,2.2383,849
2025-06-05 16:40:00,2.23829,2.23883,2.23784,2.23817,752
2025-06-05 16:45:00,2.23818,2.24062,2.23784,2.24056,812
2025-06-05 16:50:00,2.24056,2.24085,2.23984,2.24021,782
2025-06-05 16:55:00,2.24019,2.24241,2.23989,2.24175,706
2025-06-05 17:00:00,2.24185,2.24335,2.24167,2.24264,718
2025-06-05 17:05:00,2.24264,2.24364,2.24248,2.24302,761
2025-06-05 17:10:00,2.24302,2.24328,2.24236,2.24304,569
2025-06-05 17:15:00,2.24306,2.24306,2.24239,2.24269,580
2025-06-05 17:20:00,2.24269,2.24287,2.24197,2.24198,605
2025-06-05 17:25:00,2.24198,2.24232,2.2417,2.24193,595
2025-06-05 17:30:00,2.24192,2.24288,2.24172,2.24268,598
2025-06-05 17:35:00,2.24273,2.24358,2.24214,2.24261,737
2025-06-05 17:40:00,2.24237,2.24303,2.2416,2.24288,823
2025-06-05 17:45:00,2.24288,2.2433,2.2413,2.24283,892
2025-06-05 17:50:00,2.24285,2.24451,2.24266,2.2441,778
2025-06-05 17:55:00,2.24413,2.24433,2.24344,2.2436,772
2025-06-05 18:00:00,2.24359,2.24484,2.24354,2.24436,725
2025-06-05 18:05:00,2.24436,2.24551,2.24425,2.24471,761
2025-06-05 18:10:00,2.24468,2.24632,2.24468,2.24599,659
2025-06-05 18:15:00,2.24599,2.2468,2.24547,2.24565,646
2025-06-05 18:20:00,2.24565,2.24586,2.24513,2.24571,563
2025-06-05 18:25:00,2.24575,2.2464,2.24536,2.24612,525
2025-06-05 18:30:00,2.24615,2.24659,2.24565,2.2464,540
2025-06-05 18:35:00,2.24639,2.24696,2.2458299999999998,2.2468500000000002,561
2025-06-05 18:40:00,2.2468500000000002,2.24739,2.24646,2.24714,547
2025-06-05 18:45:00,2.24714,2.24753,2.24659,2.24734,526
2025-06-05 18:50:00,2.24733,2.2476,2.24684,2.24717,522
2025-06-05 18:55:00,2.24719,2.24742,2.24675,2.24712,490
2025-06-05 19:00:00,2.24709,2.24744,2.24673,2.24686,557
2025-06-05 19:05:00,2.24689,2.24715,2.24665,2.24687,402
2025-06-05 19:10:00,2.24689,2.24693,2.24627,2.24671,355
2025-06-05 19:15:00,2.24672,2.24798,2.24656,2.24759,518
2025-06-05 19:20:00,2.24755,2.24797,2.24725,2.24734,514
2025-06-05 19:25:00,2.24738,2.24781,2.24708,2.2476599999999998,459
2025-06-05 19:30:00,2.2476599999999998,2.24772,2.24723,2.24733,460
2025-06-05 19:35:00,2.24736,2.24798,2.24708,2.24798,391
2025-06-05 19:40:00,2.24798,2.24802,2.24733,2.24763,290
2025-06-05 19:45:00,2.24762,2.24817,2.24757,2.24804,402
2025-06-05 19:50:00,2.248,2.24806,2.24714,2.24727,533
2025-06-05 19:55:00,2.24725,2.24781,2.24721,2.24755,398
2025-06-05 20:00:00,2.24757,2.24813,2.24748,2.24782,386
2025-06-05 20:05:00,2.24782,2.24794,2.24696,2.2473,303
2025-06-05 20:10:00,2.2473,2.24753,2.24707,2.24727,352
2025-06-05 20:15:00,2.24727,2.24736,2.24665,2.24691,385
2025-06-05 20:20:00,2.24675,2.24695,2.24634,2.24662,374
2025-06-05 20:25:00,2.24656,2.24699,2.24645,2.24675,319
2025-06-05 20:30:00,2.24675,2.24682,2.2463,2.24668,330
2025-06-05 20:35:00,2.24674,2.24694,2.24652,2.24682,285
2025-06-05 20:40:00,2.2468500000000002,2.24694,2.24656,2.24674,284
2025-06-05 20:45:00,2.24673,2.24708,2.24663,2.24687,273
2025-06-05 20:50:00,2.24687,2.2474,2.24667,2.2468500000000002,333
2025-06-05 20:55:00,2.24682,2.24725,2.24666,2.2472,388
2025-06-05 21:00:00,2.2472,2.24724,2.2467,2.24722,409
2025-06-05 21:05:00,2.24722,2.2475,2.24695,2.24702,382
2025-06-05 21:10:00,2.24702,2.24761,2.24693,2.24737,365
2025-06-05 21:15:00,2.24741,2.24794,2.24694,2.24708,351
2025-06-05 21:20:00,2.24704,2.24731,2.2468,2.24699,350
2025-06-05 21:25:00,2.247,2.24724,2.24667,2.24719,329
2025-06-05 21:30:00,2.24723,2.2475,2.247,2.24707,390
2025-06-05 21:35:00,2.24707,2.24752,2.2468500000000002,2.24731,303
2025-06-05 21:40:00,2.24733,2.24756,2.24701,2.24714,248
2025-06-05 21:45:00,2.24715,2.2474600000000002,2.24689,2.24741,297
2025-06-05 21:50:00,2.24745,2.24799,2.2472,2.24784,341
2025-06-05 21:55:00,2.24784,2.24789,2.24733,2.24789,368
2025-06-05 22:00:00,2.24779,2.24791,2.2472,2.24757,342
2025-06-05 22:05:00,2.24759,2.24759,2.24694,2.24722,370
2025-06-05 22:10:00,2.24724,2.2476599999999998,2.24688,2.24762,405
2025-06-05 22:15:00,2.2476,2.24817,2.24733,2.24763,453
2025-06-05 22:20:00,2.24765,2.24776,2.24706,2.24743,397
2025-06-05 22:25:00,2.24743,2.24757,2.24686,2.24745,472
2025-06-05 22:30:00,2.24742,2.24756,2.24679,2.2470499999999998,463
2025-06-05 22:35:00,2.24709,2.24711,2.24643,2.2469,404
2025-06-05 22:40:00,2.24694,2.24748,2.24669,2.24738,296
2025-06-05 22:45:00,2.24737,2.24776,2.24732,2.24749,272
2025-06-05 22:50:00,2.24753,2.24795,2.2473,2.24737,346
2025-06-05 22:55:00,2.24749,2.24809,2.24709,2.24784,358
2025-06-05 23:00:00,2.24784,2.24795,2.2475,2.24773,283
2025-06-05 23:05:00,2.24776,2.24784,2.24735,2.24777,186
2025-06-05 23:10:00,2.2478,2.24784,2.24732,2.2474600000000002,126
2025-06-05 23:15:00,2.24744,2.24783,2.24741,2.24761,226
2025-06-05 23:20:00,2.24757,2.24776,2.2473,2.24751,163
2025-06-05 23:25:00,2.24751,2.2476,2.24706,2.24728,200
2025-06-05 23:30:00,2.24728,2.24752,2.24713,2.24749,145
2025-06-05 23:35:00,2.24747,2.2477,2.24733,2.24761,172
2025-06-05 23:40:00,2.24502,2.24509,2.24477,2.24489,107
2025-06-05 23:45:00,2.24489,2.2449500000000002,2.24471,2.24489,113
2025-06-05 23:50:00,2.24489,2.24575,2.24485,2.24568,142
2025-06-05 23:55:00,2.24572,2.24781,2.2454,2.24772,236
2025-06-06 00:00:00,2.24926,2.24926,2.24586,2.2465,14
2025-06-06 00:05:00,2.24806,2.24806,2.24596,2.24599,35
2025-06-06 00:10:00,2.24599,2.2466,2.24587,2.24637,44
2025-06-06 00:15:00,2.24641,2.24641,2.24559,2.24563,39
2025-06-06 00:20:00,2.24563,2.24578,2.24559,2.2457,31
2025-06-06 00:25:00,2.2457,2.24592,2.2457,2.24577,45
2025-06-06 00:30:00,2.24577,2.24585,2.24567,2.24578,28
2025-06-06 00:35:00,2.24581,2.24658,2.24544,2.24648,207
2025-06-06 00:40:00,2.2464399999999998,2.24668,2.24639,2.24663,158
2025-06-06 00:45:00,2.2466,2.24663,2.2463,2.24639,164
2025-06-06 00:50:00,2.24639,2.24727,2.24615,2.2468,248
2025-06-06 00:55:00,2.24684,2.2473,2.24675,2.24707,218
2025-06-06 01:00:00,2.24707,2.24875,2.24707,2.24825,240
2025-06-06 01:05:00,2.24817,2.2487,2.2480700000000002,2.24863,78
2025-06-06 01:10:00,2.24862,2.24865,2.24798,2.24809,155
2025-06-06 01:15:00,2.2480700000000002,2.2482,2.24794,2.2482,95
2025-06-06 01:20:00,2.24819,2.24834,2.24798,2.2482,206
2025-06-06 01:25:00,2.24821,2.24826,2.24773,2.2481,147
2025-06-06 01:30:00,2.24811,2.24845,2.2480700000000002,2.24831,158
2025-06-06 01:35:00,2.24831,2.24841,2.24759,2.24793,113
2025-06-06 01:40:00,2.24793,2.24805,2.24772,2.24797,109
2025-06-06 01:45:00,2.24797,2.24811,2.24776,2.24798,104
2025-06-06 01:50:00,2.24801,2.24834,2.2478,2.2481,120
2025-06-06 01:55:00,2.2481,2.24831,2.24806,2.24817,115
2025-06-06 02:00:00,2.24817,2.24828,2.24769,2.24769,216
2025-06-06 02:05:00,2.24769,2.24776,2.24708,2.24722,162
2025-06-06 02:10:00,2.24723,2.24728,2.24699,2.24707,115
2025-06-06 02:15:00,2.24707,2.24739,2.2468500000000002,2.24724,137
2025-06-06 02:20:00,2.24726,2.24749,2.24713,2.24738,86
2025-06-06 02:25:00,2.24738,2.24744,2.24714,2.24733,87
2025-06-06 02:30:00,2.24733,2.24735,2.24698,2.2473,106
2025-06-06 02:35:00,2.2473,2.24753,2.24679,2.24682,123
2025-06-06 02:40:00,2.24686,2.24699,2.24679,2.2469,108
2025-06-06 02:45:00,2.24689,2.24725,2.24656,2.24718,146
2025-06-06 02:50:00,2.24718,2.24747,2.24653,2.2466,168
2025-06-06 02:55:00,2.2466,2.24752,2.2466,2.24725,231
2025-06-06 03:00:00,2.24726,2.24726,2.24596,2.24621,439
2025-06-06 03:05:00,2.24621,2.2465,2.24574,2.24581,320
2025-06-06 03:10:00,2.2458299999999998,2.24586,2.2452199999999998,2.24539,357
2025-06-06 03:15:00,2.24539,2.24572,2.24492,2.24498,366
2025-06-06 03:20:00,2.24493,2.24594,2.24493,2.24564,282
2025-06-06 03:25:00,2.24562,2.24589,2.24528,2.24541,252
2025-06-06 03:30:00,2.24532,2.24602,2.24518,2.2458,268
2025-06-06 03:35:00,2.2458,2.24591,2.24548,2.24575,277
2025-06-06 03:40:00,2.24571,2.24601,2.24545,2.2458,250
2025-06-06 03:45:00,2.2458,2.24584,2.24497,2.24513,238
2025-06-06 03:50:00,2.24513,2.24584,2.245,2.24573,367
2025-06-06 03:55:00,2.24573,2.24661,2.24569,2.2464,314
2025-06-06 04:00:00,2.2464399999999998,2.24667,2.24482,2.24494,296
2025-06-06 04:05:00,2.24501,2.24581,2.245,2.24576,316
2025-06-06 04:10:00,2.24576,2.2458,2.24487,2.24498,289
2025-06-06 04:15:00,2.24499,2.24529,2.24452,2.24508,367
2025-06-06 04:20:00,2.2451,2.24534,2.24489,2.24498,365
2025-06-06 04:25:00,2.245,2.24528,2.24446,2.24475,315
2025-06-06 04:30:00,2.24475,2.2464399999999998,2.24458,2.24616,518
2025-06-06 04:35:00,2.24623,2.24631,2.24572,2.24597,396
2025-06-06 04:40:00,2.24592,2.24622,2.24564,2.24599,278
2025-06-06 04:45:00,2.24599,2.24606,2.24506,2.24529,249
2025-06-06 04:50:00,2.24527,2.24608,2.24527,2.24582,257
2025-06-06 04:55:00,2.24584,2.2464399999999998,2.24568,2.24625,316
2025-06-06 05:00:00,2.24624,2.24794,2.24619,2.2473,407
2025-06-06 05:05:00,2.2473,2.24782,2.24643,2.24782,309
2025-06-06 05:10:00,2.2478,2.2481,2.24765,2.24797,385
2025-06-06 05:15:00,2.24797,2.24836,2.24778,2.24812,375
2025-06-06 05:20:00,2.2481,2.24961,2.2481,2.24961,398
2025-06-06 05:25:00,2.24959,2.24978,2.24883,2.24898,345
2025-06-06 05:30:00,2.24902,2.24927,2.24855,2.24893,339
2025-06-06 05:35:00,2.24893,2.25027,2.24889,2.25023,306
2025-06-06 05:40:00,2.25025,2.25087,2.25012,2.25034,188
2025-06-06 05:45:00,2.25034,2.25038,2.24838,2.24839,252
2025-06-06 05:50:00,2.24839,2.24866,2.2479,2.24842,314
2025-06-06 05:55:00,2.24844,2.24851,2.24761,2.24843,269
2025-06-06 06:00:00,2.24847,2.24851,2.24757,2.24777,318
2025-06-06 06:05:00,2.24781,2.24814,2.24758,2.24814,237
2025-06-06 06:10:00,2.24813,2.24885,2.24751,2.2476599999999998,324
2025-06-06 06:15:00,2.2476599999999998,2.24811,2.24721,2.24724,324
2025-06-06 06:20:00,2.24722,2.2474600000000002,2.24634,2.24648,332
2025-06-06 06:25:00,2.24649,2.24654,2.24541,2.24625,287
2025-06-06 06:30:00,2.24625,2.2468,2.2457,2.24595,319
2025-06-06 06:35:00,2.24597,2.24677,2.24597,2.24652,209
2025-06-06 06:40:00,2.24652,2.24668,2.24613,2.24645,190
2025-06-06 06:45:00,2.24641,2.24661,2.24633,2.24638,196
2025-06-06 06:50:00,2.24636,2.24639,2.24596,2.24598,199
2025-06-06 06:55:00,2.24595,2.24604,2.2456,2.24585,254
2025-06-06 07:00:00,2.24585,2.24595,2.24513,2.24526,284
2025-06-06 07:05:00,2.24526,2.24561,2.2452,2.24539,207
2025-06-06 07:10:00,2.24539,2.24578,2.24528,2.24576,257
2025-06-06 07:15:00,2.24574,2.24579,2.24507,2.24509,225
2025-06-06 07:20:00,2.24509,2.24534,2.24486,2.24525,273
2025-06-06 07:25:00,2.24533,2.24536,2.24493,2.24493,306
2025-06-06 07:30:00,2.24493,2.24497,2.24427,2.24456,269
2025-06-06 07:35:00,2.24456,2.24487,2.24431,2.24436,240
2025-06-06 07:40:00,2.24436,2.2446099999999998,2.24407,2.2442,241
2025-06-06 07:45:00,2.2442,2.2444,2.24407,2.24417,212
2025-06-06 07:50:00,2.24414,2.24426,2.24376,2.24403,255
2025-06-06 07:55:00,2.24403,2.24403,2.24352,2.24392,195
2025-06-06 08:00:00,2.24393,2.24512,2.24389,2.24473,288
2025-06-06 08:05:00,2.24473,2.24491,2.24454,2.24469,288
2025-06-06 08:10:00,2.24469,2.24505,2.24457,2.24503,260
2025-06-06 08:15:00,2.24502,2.24518,2.24465,2.2448,281
2025-06-06 08:20:00,2.2448,2.24525,2.2446,2.24517,315
2025-06-06 08:25:00,2.24514,2.2454,2.24509,2.2452199999999998,321
2025-06-06 08:30:00,2.24531,2.24545,2.24488,2.24503,383
2025-06-06 08:35:00,2.2449500000000002,2.2449500000000002,2.24445,2.24476,244
2025-06-06 08:40:00,2.24474,2.24496,2.24449,2.24494,182
2025-06-06 08:45:00,2.24491,2.2452199999999998,2.2445,2.24497,208
2025-06-06 08:50:00,2.245,2.24527,2.24485,2.2449,256
2025-06-06 08:55:00,2.24483,2.24502,2.24438,2.2446,284
2025-06-06 09:00:00,2.24463,2.2451,2.24451,2.24474,311
2025-06-06 09:05:00,2.24473,2.24505,2.24463,2.24475,210
2025-06-06 09:10:00,2.2447,2.24512,2.2438,2.24394,296
2025-06-06 09:15:00,2.2438,2.24407,2.24345,2.2439999999999998,279
2025-06-06 09:20:00,2.2439999999999998,2.24417,2.2433,2.24334,400
2025-06-06 09:25:00,2.24331,2.2433899999999998,2.24261,2.24298,447
2025-06-06 09:30:00,2.24302,2.2432,2.24256,2.243,480
2025-06-06 09:35:00,2.243,2.24346,2.24287,2.24305,442
2025-06-06 09:40:00,2.24307,2.24368,2.24301,2.24355,408
2025-06-06 09:45:00,2.24355,2.24405,2.2434,2.24375,349
2025-06-06 09:50:00,2.24379,2.24445,2.2437300000000002,2.24426,337
2025-06-06 09:55:00,2.24428,2.24462,2.24386,2.2439,430
2025-06-06 10:00:00,2.24388,2.24388,2.24169,2.24187,568
2025-06-06 10:05:00,2.24187,2.24212,2.24124,2.24169,372
2025-06-06 10:10:00,2.24168,2.24185,2.24076,2.2412,454
2025-06-06 10:15:00,2.24119,2.24188,2.24114,2.24177,370
2025-06-06 10:20:00,2.24181,2.24201,2.24109,2.24133,396
2025-06-06 10:25:00,2.2413,2.24269,2.24126,2.24245,417
2025-06-06 10:30:00,2.24246,2.24313,2.24235,2.24259,403
2025-06-06 10:35:00,2.24259,2.24261,2.24187,2.24203,344
2025-06-06 10:40:00,2.24204,2.24244,2.24183,2.24209,348
2025-06-06 10:45:00,2.24206,2.24222,2.24177,2.24183,361
2025-06-06 10:50:00,2.24187,2.24192,2.2408,2.24115,356
2025-06-06 10:55:00,2.24118,2.24211,2.24085,2.24205,379
2025-06-06 11:00:00,2.24209,2.24368,2.24209,2.24318,463
2025-06-06 11:05:00,2.24321,2.2443,2.24318,2.24428,421
2025-06-06 11:10:00,2.24428,2.2443,2.24371,2.2439999999999998,307
2025-06-06 11:15:00,2.2439999999999998,2.24409,2.24291,2.24302,268
2025-06-06 11:20:00,2.24302,2.2448,2.24302,2.24453,332
2025-06-06 11:25:00,2.24453,2.24507,2.24452,2.24498,372
2025-06-06 11:30:00,2.24499,2.24552,2.24453,2.24552,401
2025-06-06 11:35:00,2.2455,2.24611,2.24541,2.24609,290
2025-06-06 11:40:00,2.24613,2.24645,2.24564,2.24585,336
2025-06-06 11:45:00,2.24581,2.24652,2.24575,2.24629,420
2025-06-06 11:50:00,2.24639,2.24639,2.24577,2.24613,305
2025-06-06 11:55:00,2.24612,2.2464,2.2458,2.24625,208
2025-06-06 12:00:00,2.24623,2.24686,2.24618,2.24648,369
2025-06-06 12:05:00,2.2464399999999998,2.24692,2.24636,2.24669,254
2025-06-06 12:10:00,2.24668,2.24684,2.24587,2.24587,326
2025-06-06 12:15:00,2.24587,2.24638,2.2454,2.24596,362
2025-06-06 12:20:00,2.24596,2.24659,2.24573,2.24645,260
2025-06-06 12:25:00,2.24645,2.24649,2.24597,2.24597,296
2025-06-06 12:30:00,2.24597,2.24597,2.24447,2.2451,269
2025-06-06 12:35:00,2.24504,2.2451,2.24437,2.24464,239
2025-06-06 12:40:00,2.24464,2.24543,2.2444,2.24497,436
2025-06-06 12:45:00,2.24497,2.24526,2.24455,2.24462,325
2025-06-06 12:50:00,2.24459,2.24463,2.24396,2.24436,316
2025-06-06 12:55:00,2.24436,2.24499,2.24397,2.24499,237
2025-06-06 13:00:00,2.24499,2.24528,2.24484,2.24502,367
2025-06-06 13:05:00,2.24502,2.2452,2.24487,2.24501,229
2025-06-06 13:10:00,2.24501,2.24543,2.245,2.24543,158
2025-06-06 13:15:00,2.24543,2.24611,2.24508,2.24592,273
2025-06-06 13:20:00,2.246,2.24618,2.24565,2.24589,323
2025-06-06 13:25:00,2.24589,2.24602,2.24547,2.24559,389
2025-06-06 13:30:00,2.24559,2.24567,2.24497,2.24529,217
2025-06-06 13:35:00,2.24526,2.24555,2.24504,2.24544,266
2025-06-06 13:40:00,2.24539,2.2458,2.24493,2.24536,239
2025-06-06 13:45:00,2.24538,2.24553,2.24469,2.24474,236
2025-06-06 13:50:00,2.24474,2.24494,2.24426,2.24482,290
2025-06-06 13:55:00,2.24484,2.24506,2.24463,2.24503,288
2025-06-06 14:00:00,2.24503,2.2452199999999998,2.24429,2.24456,408
2025-06-06 14:05:00,2.2446,2.24494,2.24418,2.24449,287
2025-06-06 14:10:00,2.2445,2.24455,2.24399,2.24428,299
2025-06-06 14:15:00,2.24431,2.24431,2.24354,2.24386,267
2025-06-06 14:20:00,2.24386,2.24499,2.24381,2.24465,296
2025-06-06 14:25:00,2.24465,2.24502,2.24414,2.24436,254
2025-06-06 14:30:00,2.24436,2.24451,2.24397,2.24413,294
2025-06-06 14:35:00,2.24417,2.24541,2.24391,2.24532,321
2025-06-06 14:40:00,2.24532,2.24562,2.24512,2.24529,292
2025-06-06 14:45:00,2.24527,2.24568,2.24498,2.24546,327
2025-06-06 14:50:00,2.24547,2.2462,2.24536,2.24605,348
2025-06-06 14:55:00,2.24605,2.24673,2.24584,2.24666,484
2025-06-06 15:00:00,2.24666,2.24735,2.24654,2.24729,458
2025-06-06 15:05:00,2.24728,2.24741,2.24621,2.24706,332
2025-06-06 15:10:00,2.24706,2.2478,2.24697,2.24722,461
2025-06-06 15:15:00,2.24722,2.24752,2.24679,2.24731,522
2025-06-06 15:20:00,2.2473,2.24742,2.24616,2.24679,483
2025-06-06 15:25:00,2.24679,2.24687,2.24307,2.24307,541
2025-06-06 15:30:00,2.24338,2.2464399999999998,2.24138,2.24425,1220
2025-06-06 15:35:00,2.24423,2.24575,2.24352,2.24541,1104
2025-06-06 15:40:00,2.24548,2.24555,2.24302,2.24317,1007
2025-06-06 15:45:00,2.24319,2.24425,2.24269,2.24389,918
2025-06-06 15:50:00,2.24387,2.24451,2.24367,2.24438,846
2025-06-06 15:55:00,2.2444,2.24658,2.24436,2.24635,848
2025-06-06 16:00:00,2.24632,2.2475,2.24629,2.24724,911
2025-06-06 16:05:00,2.24729,2.2476599999999998,2.24673,2.24689,872
2025-06-06 16:10:00,2.24688,2.24717,2.24558,2.24595,702
2025-06-06 16:15:00,2.24597,2.24715,2.24562,2.24691,710
2025-06-06 16:20:00,2.24691,2.24791,2.24661,2.24737,834
2025-06-06 16:25:00,2.24735,2.24762,2.24681,2.2474,730
2025-06-06 16:30:00,2.2474600000000002,2.2482699999999998,2.24672,2.24708,834
2025-06-06 16:35:00,2.24708,2.24727,2.24664,2.24711,738
2025-06-06 16:40:00,2.24709,2.24749,2.24648,2.24704,747
2025-06-06 16:45:00,2.2470499999999998,2.24781,2.24624,2.24632,721
2025-06-06 16:50:00,2.24633,2.24697,2.24613,2.24649,765
2025-06-06 16:55:00,2.24652,2.24773,2.24651,2.24747,790
2025-06-06 17:00:00,2.24738,2.24961,2.24695,2.24959,818
2025-06-06 17:05:00,2.24957,2.24972,2.24748,2.2475,760
2025-06-06 17:10:00,2.24753,2.24808,2.24688,2.24744,804
2025-06-06 17:15:00,2.24745,2.24797,2.24708,2.24786,724
2025-06-06 17:20:00,2.24786,2.24817,2.24704,2.24717,683
2025-06-06 17:25:00,2.2471,2.24789,2.24649,2.24688,734
2025-06-06 17:30:00,2.24691,2.24715,2.24659,2.24696,644
2025-06-06 17:35:00,2.24707,2.24735,2.24659,2.24719,603
2025-06-06 17:40:00,2.24725,2.24752,2.2468,2.24713,601
2025-06-06 17:45:00,2.24717,2.24864,2.247,2.24848,658
2025-06-06 17:50:00,2.24848,2.24944,2.24848,2.24877,689
2025-06-06 17:55:00,2.2488,2.24936,2.24828,2.24914,695
2025-06-06 18:00:00,2.2491,2.25021,2.24894,2.25005,679
2025-06-06 18:05:00,2.25009,2.25031,2.24915,2.2496,745
2025-06-06 18:10:00,2.24962,2.25007,2.24911,2.24948,586
2025-06-06 18:15:00,2.24952,2.24963,2.24843,2.24956,681
2025-06-06 18:20:00,2.24956,2.24996,2.24906,2.2492,623
2025-06-06 18:25:00,2.2492,2.24958,2.24899,2.24917,539
2025-06-06 18:30:00,2.24917,2.24928,2.2487,2.24899,521
2025-06-06 18:35:00,2.24899,2.24901,2.24814,2.24821,555
2025-06-06 18:40:00,2.24821,2.24894,2.24821,2.24862,550
2025-06-06 18:45:00,2.24865,2.24876,2.24822,2.24844,417
2025-06-06 18:50:00,2.24844,2.24844,2.24785,2.24801,425
2025-06-06 18:55:00,2.24799,2.2483,2.24751,2.24796,464
2025-06-06 19:00:00,2.24794,2.24856,2.2479,2.24828,524
2025-06-06 19:05:00,2.24826,2.24855,2.24774,2.24811,451
2025-06-06 19:10:00,2.24811,2.24848,2.24791,2.24833,437
2025-06-06 19:15:00,2.24832,2.24887,2.24823,2.24869,389
2025-06-06 19:20:00,2.24873,2.24895,2.24786,2.24818,448
2025-06-06 19:25:00,2.24819,2.24831,2.2478,2.24802,383
2025-06-06 19:30:00,2.248,2.24825,2.24767,2.24777,464
2025-06-06 19:35:00,2.24781,2.24832,2.2475,2.2483,404
2025-06-06 19:40:00,2.2483,2.2484,2.24787,2.24787,390
2025-06-06 19:45:00,2.24789,2.24835,2.24789,2.24825,366
2025-06-06 19:50:00,2.24818,2.24892,2.24805,2.24892,412
2025-06-06 19:55:00,2.2489,2.24925,2.24866,2.24903,396
2025-06-06 20:00:00,2.24904,2.24905,2.2482699999999998,2.24847,454
2025-06-06 20:05:00,2.24844,2.24862,2.24757,2.24759,388
2025-06-06 20:10:00,2.2476599999999998,2.24783,2.24739,2.24754,366
2025-06-06 20:15:00,2.24758,2.24789,2.24738,2.24755,307
2025-06-06 20:20:00,2.24755,2.24816,2.24728,2.24814,298
2025-06-06 20:25:00,2.24813,2.24841,2.24785,2.24791,311
2025-06-06 20:30:00,2.24793,2.24819,2.24767,2.24796,311
2025-06-06 20:35:00,2.24796,2.248,2.24749,2.24786,419
2025-06-06 20:40:00,2.24784,2.24803,2.24719,2.24734,424
2025-06-06 20:45:00,2.24732,2.24744,2.24701,2.24712,303
2025-06-06 20:50:00,2.24712,2.24743,2.247,2.24728,383
2025-06-06 20:55:00,2.24725,2.24733,2.2469,2.24714,329
2025-06-06 21:00:00,2.24718,2.24741,2.24681,2.24699,409
2025-06-06 21:05:00,2.2470499999999998,2.24731,2.24681,2.24723,289
2025-06-06 21:10:00,2.24719,2.24743,2.24695,2.24711,325
2025-06-06 21:15:00,2.24711,2.24711,2.24633,2.2464,320
2025-06-06 21:20:00,2.24642,2.24682,2.24624,2.24677,334
2025-06-06 21:25:00,2.24679,2.24709,2.24669,2.24676,383
2025-06-06 21:30:00,2.24676,2.24676,2.246,2.24629,411
2025-06-06 21:35:00,2.24629,2.2465,2.24589,2.24631,332
2025-06-06 21:40:00,2.24631,2.24662,2.24595,2.2464399999999998,321
2025-06-06 21:45:00,2.24647,2.24691,2.24627,2.24663,329
2025-06-06 21:50:00,2.2467,2.24701,2.24648,2.24674,329
2025-06-06 21:55:00,2.24678,2.24678,2.24608,2.24627,332
2025-06-06 22:00:00,2.24623,2.24668,2.24618,2.24664,238
2025-06-06 22:05:00,2.24661,2.24681,2.24639,2.24675,215
2025-06-06 22:10:00,2.24675,2.2468,2.24636,2.24673,260
2025-06-06 22:15:00,2.24673,2.24682,2.24636,2.24661,219
2025-06-06 22:20:00,2.2466,2.24675,2.24638,2.24662,335
2025-06-06 22:25:00,2.2466,2.24727,2.24638,2.24718,372
2025-06-06 22:30:00,2.24711,2.24726,2.24683,2.24697,328
2025-06-06 22:35:00,2.24697,2.24712,2.24665,2.24708,218
2025-06-06 22:40:00,2.24708,2.24708,2.24665,2.24693,217
2025-06-06 22:45:00,2.24693,2.24728,2.24656,2.24722,209
2025-06-06 22:50:00,2.24718,2.24723,2.24672,2.24721,244
2025-06-06 22:55:00,2.2472,2.24813,2.24713,2.24784,284
2025-06-06 23:00:00,2.24729,2.24787,2.24715,2.24756,198
2025-06-06 23:05:00,2.24756,2.24772,2.24738,2.24758,182
2025-06-06 23:10:00,2.24758,2.24762,2.24676,2.2468,124
2025-06-06 23:15:00,2.24682,2.24712,2.24652,2.24669,105
2025-06-06 23:20:00,2.24665,2.24669,2.24614,2.24637,112
2025-06-06 23:25:00,2.24629,2.24681,2.24619,2.24673,138
2025-06-06 23:30:00,2.24675,2.24708,2.24663,2.24691,86
2025-06-06 23:35:00,2.24691,2.24744,2.2469,2.24736,95
2025-06-06 23:40:00,2.24472,2.24497,2.24441,2.24497,46
2025-06-06 23:45:00,2.24497,2.24524,2.24497,2.24523,44
2025-06-06 23:50:00,2.24521,2.24521,2.24478,2.24489,89
2025-06-06 23:55:00,2.2449,2.2458,2.24486,2.24516,258
2025-06-09 00:00:00,2.24994,2.2502,2.24972,2.24972,13
2025-06-09 00:05:00,2.2492900000000002,2.2492900000000002,2.2427,2.2427,46
2025-06-09 00:10:00,2.2427,2.2427,2.2421,2.24224,45
2025-06-09 00:15:00,2.24224,2.24372,2.2422,2.24358,70
2025-06-09 00:20:00,2.24358,2.24358,2.24346,2.24354,40
2025-06-09 00:25:00,2.24354,2.2438,2.24354,2.2436,29
2025-06-09 00:30:00,2.24372,2.24382,2.2432,2.24324,151
2025-06-09 00:35:00,2.24324,2.24364,2.243,2.243,110
2025-06-09 00:40:00,2.243,2.2433,2.24258,2.24284,78
2025-06-09 00:45:00,2.24284,2.24332,2.24216,2.2433,75
2025-06-09 00:50:00,2.2433,2.24372,2.24326,2.24356,150
2025-06-09 00:55:00,2.24354,2.24414,2.24264,2.24286,127
2025-06-09 01:00:00,2.24291,2.24758,2.24291,2.24758,147
2025-06-09 01:05:00,2.24758,2.24792,2.24667,2.24761,79
2025-06-09 01:10:00,2.24762,2.24794,2.24666,2.24696,131
2025-06-09 01:15:00,2.24696,2.24742,2.24696,2.24735,216
2025-06-09 01:20:00,2.24737,2.24742,2.24709,2.24714,182
2025-06-09 01:25:00,2.24716,2.24719,2.24671,2.2469,139
2025-06-09 01:30:00,2.2469,2.24695,2.24609,2.24652,145
2025-06-09 01:35:00,2.24655,2.24706,2.24638,2.247,116
2025-06-09 01:40:00,2.247,2.24712,2.24664,2.24694,141
2025-06-09 01:45:00,2.24694,2.24703,2.24666,2.24675,86
2025-06-09 01:50:00,2.24675,2.24691,2.24664,2.24679,73
2025-06-09 01:55:00,2.24679,2.24683,2.24609,2.24627,153
2025-06-09 02:00:00,2.24627,2.2465,2.24609,2.24624,200
2025-06-09 02:05:00,2.24624,2.24655,2.2458,2.24655,117
2025-06-09 02:10:00,2.24655,2.24671,2.24602,2.24634,159
2025-06-09 02:15:00,2.24634,2.24654,2.2462,2.24649,85
2025-06-09 02:20:00,2.24649,2.2466,2.24558,2.24561,128
2025-06-09 02:25:00,2.24561,2.24609,2.24553,2.24589,84
2025-06-09 02:30:00,2.2459,2.24654,2.24589,2.24647,125
2025-06-09 02:35:00,2.2464399999999998,2.24673,2.24627,2.24668,97
2025-06-09 02:40:00,2.24667,2.24709,2.24651,2.24703,95
2025-06-09 02:45:00,2.24703,2.2473,2.24684,2.2473,74
2025-06-09 02:50:00,2.24728,2.24736,2.24672,2.24688,109
2025-06-09 02:55:00,2.24688,2.24748,2.24677,2.24748,181
2025-06-09 03:00:00,2.24747,2.24751,2.24652,2.2467,317
2025-06-09 03:05:00,2.2467,2.24745,2.2466,2.24735,237
2025-06-09 03:10:00,2.24735,2.24813,2.24733,2.24794,307
2025-06-09 03:15:00,2.24791,2.24863,2.2478,2.2486,279
2025-06-09 03:20:00,2.2486,2.24926,2.24858,2.24872,205
2025-06-09 03:25:00,2.24872,2.24879,2.24803,2.24809,228
2025-06-09 03:30:00,2.24809,2.24821,2.24777,2.24812,244
2025-06-09 03:35:00,2.24812,2.24815,2.24732,2.24788,219
2025-06-09 03:40:00,2.24788,2.24823,2.2475,2.24801,281
2025-06-09 03:45:00,2.24801,2.2485,2.24768,2.24799,291
2025-06-09 03:50:00,2.24796,2.2480700000000002,2.2470499999999998,2.2475,242
2025-06-09 03:55:00,2.2474600000000002,2.24858,2.24725,2.24814,414
2025-06-09 04:00:00,2.24814,2.24814,2.24701,2.24719,353
2025-06-09 04:05:00,2.24719,2.24762,2.24704,2.24713,248
2025-06-09 04:10:00,2.24713,2.24721,2.24639,2.24669,329
2025-06-09 04:15:00,2.24673,2.24673,2.24604,2.24609,276
2025-06-09 04:20:00,2.24611,2.24611,2.24551,2.24582,291
2025-06-09 04:25:00,2.2458,2.24654,2.24566,2.24615,281
2025-06-09 04:30:00,2.24615,2.247,2.24588,2.24626,279
2025-06-09 04:35:00,2.2462,2.24658,2.24592,2.24642,411
2025-06-09 04:40:00,2.24642,2.24706,2.24628,2.24654,325
2025-06-09 04:45:00,2.24652,2.24708,2.24605,2.2462,387
2025-06-09 04:50:00,2.24621,2.24655,2.246,2.24611,308
2025-06-09 04:55:00,2.24609,2.24625,2.24499,2.24602,327
2025-06-09 05:00:00,2.24602,2.24613,2.24448,2.2455600000000002,416
2025-06-09 05:05:00,2.2455600000000002,2.246,2.24503,2.24561,438
2025-06-09 05:10:00,2.24561,2.24592,2.24429,2.2455,426
2025-06-09 05:15:00,2.24546,2.24613,2.24534,2.24592,376
2025-06-09 05:20:00,2.24588,2.24598,2.24416,2.24478,388
2025-06-09 05:25:00,2.24474,2.24523,2.24407,2.2452,369
2025-06-09 05:30:00,2.24517,2.24546,2.24475,2.24523,337
2025-06-09 05:35:00,2.24523,2.24666,2.24507,2.24666,287
2025-06-09 05:40:00,2.24666,2.24727,2.24632,2.2472,296
2025-06-09 05:45:00,2.2472,2.24738,2.24687,2.24704,284
2025-06-09 05:50:00,2.24707,2.24707,2.24638,2.24652,258
2025-06-09 05:55:00,2.24652,2.24688,2.24607,2.24655,262
2025-06-09 06:00:00,2.24651,2.24662,2.24586,2.2461,423
2025-06-09 06:05:00,2.2461,2.24652,2.24595,2.24638,235
2025-06-09 06:10:00,2.24638,2.24656,2.24545,2.24557,195
2025-06-09 06:15:00,2.24558,2.24601,2.24546,2.24593,197
2025-06-09 06:20:00,2.24593,2.24607,2.24533,2.24535,245
2025-06-09 06:25:00,2.24536,2.24552,2.24503,2.24533,299
2025-06-09 06:30:00,2.24533,2.24536,2.24442,2.24466,303
2025-06-09 06:35:00,2.24468,2.24542,2.24459,2.24523,266
2025-06-09 06:40:00,2.24525,2.24544,2.24474,2.24512,269
2025-06-09 06:45:00,2.24512,2.24512,2.24479,2.24498,194
2025-06-09 06:50:00,2.2449,2.24511,2.2446,2.24484,174
2025-06-09 06:55:00,2.24484,2.24501,2.24451,2.24483,243
2025-06-09 07:00:00,2.24483,2.24498,2.2443,2.24443,252
2025-06-09 07:05:00,2.24444,2.24484,2.24439,2.24482,175
2025-06-09 07:10:00,2.24482,2.24587,2.24472,2.2458299999999998,197
2025-06-09 07:15:00,2.24581,2.24625,2.24536,2.24581,162
2025-06-09 07:20:00,2.24577,2.24582,2.24546,2.24562,164
2025-06-09 07:25:00,2.24559,2.2461,2.2455,2.24601,187
2025-06-09 07:30:00,2.24601,2.24637,2.2459,2.24599,190
2025-06-09 07:35:00,2.24596,2.24605,2.24561,2.2458,190
2025-06-09 07:40:00,2.24579,2.24604,2.24567,2.24591,215
2025-06-09 07:45:00,2.24593,2.2461,2.24529,2.24539,222
2025-06-09 07:50:00,2.24538,2.24542,2.24503,2.24507,208
2025-06-09 07:55:00,2.24509,2.24514,2.2448,2.24496,154
2025-06-09 08:00:00,2.24496,2.24498,2.24413,2.24436,178
2025-06-09 08:05:00,2.24436,2.24506,2.24432,2.2446099999999998,146
2025-06-09 08:10:00,2.24466,2.2452199999999998,2.24443,2.24451,260
2025-06-09 08:15:00,2.24448,2.2447,2.24411,2.24437,196
2025-06-09 08:20:00,2.24437,2.24468,2.24425,2.24457,184
2025-06-09 08:25:00,2.24464,2.24485,2.24436,2.24449,229
2025-06-09 08:30:00,2.24449,2.24491,2.24403,2.2448,318
2025-06-09 08:35:00,2.24486,2.2458299999999998,2.24473,2.24532,327
2025-06-09 08:40:00,2.24533,2.24592,2.24533,2.24574,295
2025-06-09 08:45:00,2.24566,2.24574,2.24472,2.24491,275
2025-06-09 08:50:00,2.24491,2.24544,2.24482,2.24518,262
2025-06-09 08:55:00,2.24518,2.24544,2.24491,2.24535,267
2025-06-09 09:00:00,2.24543,2.24569,2.24509,2.24514,323
2025-06-09 09:05:00,2.24514,2.24558,2.24455,2.24525,255
2025-06-09 09:10:00,2.24525,2.24535,2.24454,2.24454,310
2025-06-09 09:15:00,2.24453,2.24517,2.24439,2.24504,300
2025-06-09 09:20:00,2.24502,2.24524,2.24431,2.24475,310
2025-06-09 09:25:00,2.24475,2.24517,2.24442,2.2446099999999998,236
2025-06-09 09:30:00,2.2446099999999998,2.24483,2.24399,2.24446,298
2025-06-09 09:35:00,2.24449,2.24459,2.24416,2.24421,274
2025-06-09 09:40:00,2.24421,2.24425,2.24344,2.24366,340
2025-06-09 09:45:00,2.2437300000000002,2.24378,2.24297,2.24305,309
2025-06-09 09:50:00,2.24305,2.24405,2.24305,2.24388,391
2025-06-09 09:55:00,2.2439,2.24412,2.24344,2.24394,381
2025-06-09 10:00:00,2.24392,2.24392,2.24323,2.24336,382
2025-06-09 10:05:00,2.24333,2.24353,2.24305,2.2431,298
2025-06-09 10:10:00,2.24304,2.2431200000000002,2.24189,2.24189,337
2025-06-09 10:15:00,2.24189,2.24234,2.24173,2.24193,343
2025-06-09 10:20:00,2.24191,2.24285,2.24186,2.2425100000000002,423
2025-06-09 10:25:00,2.24247,2.24321,2.2423,2.24293,303
2025-06-09 10:30:00,2.24298,2.24322,2.24245,2.24272,396
2025-06-09 10:35:00,2.2427,2.24282,2.24226,2.24272,315
2025-06-09 10:40:00,2.24276,2.2432,2.24253,2.24255,427
2025-06-09 10:45:00,2.24254,2.24274,2.24224,2.24261,377
2025-06-09 10:50:00,2.24261,2.24307,2.24241,2.24252,362
2025-06-09 10:55:00,2.24253,2.24276,2.24189,2.24223,357
2025-06-09 11:00:00,2.24214,2.24228,2.24179,2.24199,450
2025-06-09 11:05:00,2.24199,2.242,2.24065,2.24094,378
2025-06-09 11:10:00,2.24093,2.24106,2.24022,2.24032,342
2025-06-09 11:15:00,2.24032,2.24083,2.24023,2.24052,342
2025-06-09 11:20:00,2.24052,2.24056,2.24012,2.24035,369
2025-06-09 11:25:00,2.2404,2.24042,2.23967,2.23985,416
2025-06-09 11:30:00,2.23988,2.23998,2.23873,2.239,448
2025-06-09 11:35:00,2.239,2.23906,2.23775,2.238,380
2025-06-09 11:40:00,2.23799,2.23847,2.23792,2.23813,364
2025-06-09 11:45:00,2.23813,2.23939,2.23799,2.23927,340
2025-06-09 11:50:00,2.23927,2.24003,2.23898,2.23978,391
2025-06-09 11:55:00,2.2398,2.24027,2.23905,2.2401,392
2025-06-09 12:00:00,2.2401,2.24063,2.23995,2.24032,401
2025-06-09 12:05:00,2.24032,2.24083,2.24002,2.24027,327
2025-06-09 12:10:00,2.24022,2.24027,2.23923,2.23929,328
2025-06-09 12:15:00,2.23926,2.23971,2.23926,2.23963,393
2025-06-09 12:20:00,2.23963,2.2397299999999998,2.2392,2.23962,382
2025-06-09 12:25:00,2.23959,2.2398,2.23934,2.23978,253
2025-06-09 12:30:00,2.2398,2.23997,2.23957,2.2396,309
2025-06-09 12:35:00,2.2396,2.23961,2.2386,2.23862,256
2025-06-09 12:40:00,2.23862,2.2392,2.23837,2.2385099999999998,240
2025-06-09 12:45:00,2.23852,2.2388,2.2383,2.23877,199
2025-06-09 12:50:00,2.23873,2.23896,2.23817,2.23864,302
2025-06-09 12:55:00,2.23861,2.23897,2.23815,2.23897,364
2025-06-09 13:00:00,2.23897,2.23903,2.23816,2.23838,403
2025-06-09 13:05:00,2.23841,2.23892,2.23819,2.23882,296
2025-06-09 13:10:00,2.23882,2.2389,2.23848,2.23876,312
2025-06-09 13:15:00,2.23876,2.2391199999999998,2.23852,2.23862,289
2025-06-09 13:20:00,2.23865,2.23894,2.23854,2.23886,347
2025-06-09 13:25:00,2.2388500000000002,2.23941,2.2388500000000002,2.23938,220
2025-06-09 13:30:00,2.23939,2.23955,2.2391,2.23952,261
2025-06-09 13:35:00,2.23952,2.24,2.23943,2.2395,323
2025-06-09 13:40:00,2.23952,2.2398,2.23915,2.23955,334
2025-06-09 13:45:00,2.23953,2.23978,2.23909,2.23934,507
2025-06-09 13:50:00,2.2393,2.23951,2.2389,2.23914,395
2025-06-09 13:55:00,2.23914,2.23918,2.2387,2.23894,288
2025-06-09 14:00:00,2.23887,2.23939,2.23872,2.23877,406
2025-06-09 14:05:00,2.23877,2.23907,2.23862,2.23898,278
2025-06-09 14:10:00,2.23898,2.23928,2.2388500000000002,2.23913,369
2025-06-09 14:15:00,2.23913,2.23931,2.23864,2.23866,385
2025-06-09 14:20:00,2.23868,2.2393,2.23857,2.23893,445
2025-06-09 14:25:00,2.23893,2.23974,2.2388500000000002,2.23925,393
2025-06-09 14:30:00,2.23926,2.24071,2.23914,2.24067,511
2025-06-09 14:35:00,2.24067,2.24104,2.24044,2.24078,481
2025-06-09 14:40:00,2.24077,2.24144,2.24048,2.24117,454
2025-06-09 14:45:00,2.24117,2.24133,2.24091,2.2412900000000002,391
2025-06-09 14:50:00,2.2412900000000002,2.24186,2.24106,2.24111,440
2025-06-09 14:55:00,2.2411,2.24151,2.24057,2.2412,463
2025-06-09 15:00:00,2.2412,2.24138,2.2407,2.24097,553
2025-06-09 15:05:00,2.24106,2.24112,2.23978,2.24009,579
2025-06-09 15:10:00,2.24004,2.24012,2.23905,2.23981,327
2025-06-09 15:15:00,2.23979,2.24012,2.23955,2.23994,351
2025-06-09 15:20:00,2.23985,2.24006,2.23931,2.23964,373
2025-06-09 15:25:00,2.23964,2.23995,2.23952,2.23983,349
2025-06-09 15:30:00,2.23985,2.24056,2.23969,2.24024,479
2025-06-09 15:35:00,2.24031,2.24079,2.24024,2.24044,356
2025-06-09 15:40:00,2.24044,2.24069,2.24,2.24054,391
2025-06-09 15:45:00,2.24054,2.24092,2.24044,2.24092,413
2025-06-09 15:50:00,2.24085,2.24146,2.24071,2.24133,435
2025-06-09 15:55:00,2.24127,2.2413,2.24031,2.24041,390
2025-06-09 16:00:00,2.24041,2.24171,2.24027,2.24147,381
2025-06-09 16:05:00,2.24142,2.24159,2.24115,2.24128,487
2025-06-09 16:10:00,2.24128,2.2415,2.24088,2.2413,432
2025-06-09 16:15:00,2.24123,2.24134,2.24037,2.24051,421
2025-06-09 16:20:00,2.24048,2.24056,2.23983,2.24015,493
2025-06-09 16:25:00,2.24015,2.24026,2.23898,2.23953,381
2025-06-09 16:30:00,2.23951,2.24094,2.23925,2.2406800000000002,505
2025-06-09 16:35:00,2.24069,2.24103,2.24051,2.24074,510
2025-06-09 16:40:00,2.24071,2.24146,2.24036,2.24107,508
2025-06-09 16:45:00,2.24113,2.24153,2.24096,2.24131,493
2025-06-09 16:50:00,2.24131,2.24131,2.24035,2.24042,548
2025-06-09 16:55:00,2.24044,2.2409499999999998,2.24029,2.2409,579
2025-06-09 17:00:00,2.2409,2.24092,2.23969,2.23995,509
2025-06-09 17:05:00,2.23995,2.24025,2.23943,2.23964,437
2025-06-09 17:10:00,2.23962,2.23976,2.23895,2.23905,452
2025-06-09 17:15:00,2.23907,2.24041,2.23898,2.24036,435
2025-06-09 17:20:00,2.24038,2.24039,2.23963,2.23984,482
2025-06-09 17:25:00,2.2398,2.23999,2.23934,2.23953,434
2025-06-09 17:30:00,2.23953,2.23953,2.23869,2.2388500000000002,533
2025-06-09 17:35:00,2.23889,2.24,2.23877,2.23987,582
2025-06-09 17:40:00,2.23987,2.23987,2.23848,2.23882,489
2025-06-09 17:45:00,2.2388,2.23993,2.23874,2.23974,528
2025-06-09 17:50:00,2.23976,2.24035,2.23956,2.24011,552
2025-06-09 17:55:00,2.24015,2.24096,2.24008,2.24062,507
2025-06-09 18:00:00,2.24062,2.24073,2.23941,2.23968,514
2025-06-09 18:05:00,2.23968,2.24008,2.23932,2.23936,469
2025-06-09 18:10:00,2.23934,2.23936,2.2388500000000002,2.23918,401
2025-06-09 18:15:00,2.23918,2.23947,2.23887,2.23911,486
2025-06-09 18:20:00,2.2391199999999998,2.23937,2.23858,2.23866,469
2025-06-09 18:25:00,2.23863,2.23898,2.2381,2.23826,469
2025-06-09 18:30:00,2.2383,2.23906,2.23821,2.2388,347
2025-06-09 18:35:00,2.2388,2.23905,2.23843,2.23866,340
2025-06-09 18:40:00,2.23868,2.23883,2.23843,2.23861,331
2025-06-09 18:45:00,2.23861,2.23913,2.23837,2.23902,303
2025-06-09 18:50:00,2.23904,2.23933,2.2388500000000002,2.23897,390
2025-06-09 18:55:00,2.23899,2.2395,2.23882,2.23944,349
2025-06-09 19:00:00,2.23941,2.24002,2.23916,2.23994,342
2025-06-09 19:05:00,2.23998,2.24002,2.23933,2.23954,322
2025-06-09 19:10:00,2.23954,2.23987,2.23934,2.23945,293
2025-06-09 19:15:00,2.23943,2.23974,2.23917,2.23967,299
2025-06-09 19:20:00,2.23952,2.23989,2.23933,2.23959,297
2025-06-09 19:25:00,2.23961,2.23978,2.23937,2.23976,223
2025-06-09 19:30:00,2.23978,2.24027,2.23968,2.23978,325
2025-06-09 19:35:00,2.23978,2.24,2.23957,2.2399,320
2025-06-09 19:40:00,2.23986,2.2401,2.23948,2.2397299999999998,293
2025-06-09 19:45:00,2.2397299999999998,2.23991,2.23915,2.23951,300
2025-06-09 19:50:00,2.23952,2.23976,2.23916,2.2397299999999998,370
2025-06-09 19:55:00,2.23981,2.23994,2.23947,2.2398,344
2025-06-09 20:00:00,2.23979,2.23988,2.2394600000000002,2.23976,329
2025-06-09 20:05:00,2.23979,2.24004,2.23962,2.23986,293
2025-06-09 20:10:00,2.23986,2.24008,2.23959,2.2397299999999998,300
2025-06-09 20:15:00,2.23974,2.24015,2.23957,2.2398,212
2025-06-09 20:20:00,2.2398,2.24011,2.23971,2.23994,196
2025-06-09 20:25:00,2.23994,2.23999,2.23941,2.23962,229
2025-06-09 20:30:00,2.23962,2.23995,2.23944,2.23966,286
2025-06-09 20:35:00,2.23969,2.23974,2.23932,2.23955,261
2025-06-09 20:40:00,2.23951,2.23966,2.23917,2.23926,221
2025-06-09 20:45:00,2.23933,2.23977,2.2392,2.23967,265
2025-06-09 20:50:00,2.23971,2.23994,2.23955,2.23983,206
2025-06-09 20:55:00,2.23983,2.2401,2.23966,2.23977,288
2025-06-09 21:00:00,2.23977,2.23996,2.23965,2.23994,265
2025-06-09 21:05:00,2.23992,2.23996,2.2395,2.23968,232
2025-06-09 21:10:00,2.23969,2.23985,2.23938,2.23974,214
2025-06-09 21:15:00,2.23974,2.23994,2.23955,2.23957,242
2025-06-09 21:20:00,2.23961,2.23987,2.23929,2.23951,227
2025-06-09 21:25:00,2.23951,2.23957,2.23913,2.23948,257
2025-06-09 21:30:00,2.23953,2.23953,2.23879,2.23903,305
2025-06-09 21:35:00,2.23907,2.23927,2.23876,2.2392,273
2025-06-09 21:40:00,2.23922,2.23938,2.239,2.23905,232
2025-06-09 21:45:00,2.23909,2.23933,2.23888,2.23918,182
2025-06-09 21:50:00,2.23921,2.23943,2.239,2.23943,189
2025-06-09 21:55:00,2.2394,2.23947,2.23911,2.23947,265
2025-06-09 22:00:00,2.2394600000000002,2.23976,2.23917,2.23975,252
2025-06-09 22:05:00,2.23976,2.23993,2.23951,2.23971,140
2025-06-09 22:10:00,2.23967,2.23981,2.23939,2.23967,216
2025-06-09 22:15:00,2.23967,2.23995,2.23952,2.23993,150
2025-06-09 22:20:00,2.23993,2.24019,2.2397,2.23994,259
2025-06-09 22:25:00,2.23991,2.2401,2.23971,2.24001,180
2025-06-09 22:30:00,2.24005,2.24014,2.23969,2.23984,182
2025-06-09 22:35:00,2.23986,2.24006,2.23954,2.23997,173
2025-06-09 22:40:00,2.23999,2.24024,2.23969,2.24018,199
2025-06-09 22:45:00,2.24018,2.24022,2.23943,2.23975,199
2025-06-09 22:50:00,2.23976,2.24014,2.23962,2.23991,229
2025-06-09 22:55:00,2.23985,2.24004,2.23959,2.23981,255
2025-06-09 23:00:00,2.23986,2.24022,2.2397,2.23991,158
2025-06-09 23:05:00,2.23989,2.24008,2.23957,2.23976,169
2025-06-09 23:10:00,2.23978,2.23994,2.23958,2.23987,112
2025-06-09 23:15:00,2.23991,2.24022,2.23969,2.24014,113
2025-06-09 23:20:00,2.24017,2.24027,2.23989,2.23989,90
2025-06-09 23:25:00,2.23992,2.24023,2.23981,2.24021,148
2025-06-09 23:30:00,2.24019,2.24033,2.24003,2.24022,118
2025-06-09 23:35:00,2.24022,2.2403399999999998,2.23966,2.23983,160
2025-06-09 23:40:00,2.23983,2.23983,2.23693,2.23708,175
2025-06-09 23:45:00,2.2371,2.23761,2.23699,2.2374,71
2025-06-09 23:50:00,2.23742,2.23769,2.23739,2.23749,125
2025-06-09 23:55:00,2.23749,2.24025,2.23748,2.2402,187
2025-06-10 00:00:00,2.24017,2.24017,2.23741,2.23761,10
2025-06-10 00:05:00,2.23731,2.23818,2.23615,2.23726,48
2025-06-10 00:10:00,2.23761,2.2382400000000002,2.237,2.23726,142
2025-06-10 00:15:00,2.23728,2.23747,2.23696,2.23731,90
2025-06-10 00:20:00,2.23731,2.23904,2.237,2.23884,119
2025-06-10 00:25:00,2.23882,2.23964,2.2385099999999998,2.2391,166
2025-06-10 00:30:00,2.23907,2.23927,2.23897,2.23909,132
2025-06-10 00:35:00,2.23909,2.23932,2.23855,2.23909,219
2025-06-10 00:40:00,2.23909,2.24027,2.23879,2.24011,200
2025-06-10 00:45:00,2.24011,2.24011,2.23896,2.23924,593
2025-06-10 00:50:00,2.23916,2.23953,2.23855,2.23871,423
2025-06-10 00:55:00,2.23871,2.23948,2.23861,2.23935,222
2025-06-10 01:00:00,2.23935,2.24098,2.23935,2.24028,166
2025-06-10 01:05:00,2.24028,2.24057,2.24024,2.24026,57
2025-06-10 01:10:00,2.2402,2.24031,2.23991,2.24017,101
2025-06-10 01:15:00,2.24017,2.24018,2.23964,2.23965,218
2025-06-10 01:20:00,2.23966,2.23972,2.23953,2.23966,246
2025-06-10 01:25:00,2.23966,2.24049,2.23966,2.24049,101
2025-06-10 01:30:00,2.24045,2.24061,2.24018,2.24053,107
2025-06-10 01:35:00,2.24056,2.2406,2.24015,2.24045,78
2025-06-10 01:40:00,2.24045,2.24067,2.2404,2.24063,80
2025-06-10 01:45:00,2.24063,2.24085,2.24053,2.24063,138
2025-06-10 01:50:00,2.24065,2.2408,2.2406,2.24077,69
2025-06-10 01:55:00,2.24071,2.24083,2.24004,2.24014,123
2025-06-10 02:00:00,2.24019,2.24066,2.23984,2.24043,118
2025-06-10 02:05:00,2.24045,2.2409,2.23995,2.24,127
2025-06-10 02:10:00,2.24,2.24027,2.23982,2.2401,169
2025-06-10 02:15:00,2.24008,2.24019,2.23944,2.23955,162
2025-06-10 02:20:00,2.23955,2.24,2.23953,2.2397,127
2025-06-10 02:25:00,2.2397,2.23986,2.23941,2.23954,142
2025-06-10 02:30:00,2.23956,2.23984,2.2395,2.23977,153
2025-06-10 02:35:00,2.23977,2.24003,2.23958,2.23975,168
2025-06-10 02:40:00,2.23975,2.23994,2.23958,2.23991,157
2025-06-10 02:45:00,2.23989,2.24016,2.23988,2.2400700000000002,137
2025-06-10 02:50:00,2.24002,2.24004,2.2396,2.23962,169
2025-06-10 02:55:00,2.23965,2.24037,2.23964,2.24025,195
2025-06-10 03:00:00,2.24026,2.24026,2.23952,2.23984,372
2025-06-10 03:05:00,2.23984,2.23994,2.23905,2.23925,261
2025-06-10 03:10:00,2.23925,2.23947,2.2389,2.23899,281
2025-06-10 03:15:00,2.23899,2.23922,2.23892,2.23914,205
2025-06-10 03:20:00,2.23914,2.23929,2.23881,2.23881,316
2025-06-10 03:25:00,2.23882,2.23895,2.23813,2.23827,220
2025-06-10 03:30:00,2.23832,2.23859,2.23802,2.2384,273
2025-06-10 03:35:00,2.2384,2.23901,2.23837,2.23867,243
2025-06-10 03:40:00,2.23868,2.2387,2.23825,2.23827,237
2025-06-10 03:45:00,2.23827,2.23831,2.2377,2.23807,282
2025-06-10 03:50:00,2.23807,2.23882,2.2378,2.23845,419
2025-06-10 03:55:00,2.23847,2.23886,2.23821,2.23861,378
2025-06-10 04:00:00,2.23863,2.23869,2.2373,2.23738,400
2025-06-10 04:05:00,2.23738,2.23849,2.23733,2.23849,420
2025-06-10 04:10:00,2.23849,2.23876,2.23817,2.2384,418
2025-06-10 04:15:00,2.2384,2.2387,2.23791,2.23796,317
2025-06-10 04:20:00,2.23792,2.23834,2.2376,2.23777,377
2025-06-10 04:25:00,2.23778,2.23852,2.23774,2.23826,397
2025-06-10 04:30:00,2.23826,2.23918,2.23797,2.23905,442
2025-06-10 04:35:00,2.23907,2.23982,2.23903,2.23977,490
2025-06-10 04:40:00,2.23982,2.23983,2.23922,2.23949,407
2025-06-10 04:45:00,2.2394600000000002,2.24036,2.2394600000000002,2.24033,381
2025-06-10 04:50:00,2.24028,2.24131,2.24021,2.24076,574
2025-06-10 04:55:00,2.24074,2.24115,2.24041,2.24097,420
2025-06-10 05:00:00,2.24097,2.24265,2.24097,2.24168,649
2025-06-10 05:05:00,2.24169,2.24188,2.24076,2.241,363
2025-06-10 05:10:00,2.241,2.24127,2.23997,2.24019,562
2025-06-10 05:15:00,2.24019,2.2405,2.23997,2.24014,423
2025-06-10 05:20:00,2.24014,2.24096,2.23967,2.24071,473
2025-06-10 05:25:00,2.24067,2.24236,2.24054,2.24232,448
2025-06-10 05:30:00,2.24225,2.243,2.24186,2.24227,445
2025-06-10 05:35:00,2.24219,2.24279,2.24103,2.24124,501
2025-06-10 05:40:00,2.24119,2.24169,2.24073,2.24169,455
2025-06-10 05:45:00,2.24169,2.24191,2.24111,2.24133,373
2025-06-10 05:50:00,2.24133,2.24193,2.24116,2.24177,424
2025-06-10 05:55:00,2.24177,2.24182,2.24053,2.24104,286
2025-06-10 06:00:00,2.241,2.24131,2.24045,2.24048,340
2025-06-10 06:05:00,2.24048,2.24063,2.23964,2.24039,300
2025-06-10 06:10:00,2.2404,2.24152,2.24039,2.24113,382
2025-06-10 06:15:00,2.24112,2.2418,2.24112,2.24134,359
2025-06-10 06:20:00,2.24136,2.24202,2.24061,2.24074,345
2025-06-10 06:25:00,2.24074,2.24093,2.23988,2.23989,246
2025-06-10 06:30:00,2.23993,2.23993,2.2385,2.2394600000000002,404
2025-06-10 06:35:00,2.2394600000000002,2.24003,2.23904,2.23977,318
2025-06-10 06:40:00,2.23985,2.24018,2.23844,2.2387,379
2025-06-10 06:45:00,2.23867,2.23867,2.23729,2.23793,242
2025-06-10 06:50:00,2.23789,2.23794,2.23674,2.2368,219
2025-06-10 06:55:00,2.2368,2.2368,2.23619,2.23638,203
2025-06-10 07:00:00,2.23637,2.23637,2.2358000000000002,2.23619,266
2025-06-10 07:05:00,2.23617,2.23654,2.23578,2.23654,196
2025-06-10 07:10:00,2.23654,2.23699,2.23608,2.2363,279
2025-06-10 07:15:00,2.2363,2.2365,2.23596,2.23614,271
2025-06-10 07:20:00,2.23616,2.2370200000000002,2.23599,2.237,319
2025-06-10 07:25:00,2.237,2.23707,2.23645,2.23687,299
2025-06-10 07:30:00,2.23685,2.23701,2.23646,2.23664,287
2025-06-10 07:35:00,2.23664,2.23724,2.23664,2.23718,210
2025-06-10 07:40:00,2.23721,2.23739,2.23667,2.23726,313
2025-06-10 07:45:00,2.23725,2.23731,2.23686,2.23718,185
2025-06-10 07:50:00,2.2372199999999998,2.23732,2.23696,2.23696,229
2025-06-10 07:55:00,2.23696,2.23764,2.23694,2.23751,320
2025-06-10 08:00:00,2.23751,2.23751,2.23648,2.23668,326
2025-06-10 08:05:00,2.23675,2.23719,2.23653,2.23668,355
2025-06-10 08:10:00,2.23668,2.23733,2.23634,2.23713,428
2025-06-10 08:15:00,2.23712,2.23741,2.23692,2.23729,404
2025-06-10 08:20:00,2.23735,2.23877,2.23727,2.2385,502
2025-06-10 08:25:00,2.23861,2.24029,2.23823,2.23974,524
2025-06-10 08:30:00,2.23974,2.24032,2.23923,2.23966,825
2025-06-10 08:35:00,2.23972,2.24037,2.23949,2.23978,621
2025-06-10 08:40:00,2.2397,2.24066,2.23951,2.23985,604
2025-06-10 08:45:00,2.23986,2.24178,2.23986,2.24137,592
2025-06-10 08:50:00,2.24137,2.24232,2.24036,2.24043,559
2025-06-10 08:55:00,2.2402,2.24062,2.23891,2.24011,518
2025-06-10 09:00:00,2.24016,2.24025,2.23904,2.23942,658
2025-06-10 09:05:00,2.23944,2.24052,2.23933,2.23985,557
2025-06-10 09:10:00,2.2399,2.24025,2.23931,2.24023,560
2025-06-10 09:15:00,2.24021,2.24021,2.23736,2.23741,558
2025-06-10 09:20:00,2.23741,2.23755,2.23638,2.2372,551
2025-06-10 09:25:00,2.23716,2.23797,2.23712,2.23729,526
2025-06-10 09:30:00,2.23735,2.23757,2.23479,2.23483,663
2025-06-10 09:35:00,2.23482,2.23488,2.23385,2.23393,563
2025-06-10 09:40:00,2.2339700000000002,2.23414,2.23316,2.23341,521
2025-06-10 09:45:00,2.23337,2.23344,2.23242,2.2329499999999998,530
2025-06-10 09:50:00,2.23292,2.23377,2.23285,2.23325,561
2025-06-10 09:55:00,2.23324,2.23406,2.23282,2.23389,518
2025-06-10 10:00:00,2.2339,2.23454,2.23158,2.23194,763
2025-06-10 10:05:00,2.23198,2.23278,2.23064,2.23071,729
2025-06-10 10:10:00,2.23071,2.23161,2.23071,2.23096,611
2025-06-10 10:15:00,2.23096,2.23103,2.23026,2.231,559
2025-06-10 10:20:00,2.23111,2.23174,2.23061,2.23143,627
2025-06-10 10:25:00,2.23145,2.23222,2.2309,2.2315300000000002,463
2025-06-10 10:30:00,2.23151,2.23197,2.23092,2.23097,443
2025-06-10 10:35:00,2.23097,2.23157,2.23083,2.23131,474
2025-06-10 10:40:00,2.23143,2.2327,2.23137,2.23249,397
2025-06-10 10:45:00,2.23251,2.23262,2.2312,2.23129,533
2025-06-10 10:50:00,2.23135,2.2317299999999998,2.23101,2.2314,400
2025-06-10 10:55:00,2.2314,2.23277,2.23137,2.23272,512
2025-06-10 11:00:00,2.23272,2.23301,2.23229,2.23261,516
2025-06-10 11:05:00,2.23261,2.23265,2.232,2.23208,315
2025-06-10 11:10:00,2.2321,2.23287,2.23148,2.23277,506
2025-06-10 11:15:00,2.23281,2.23307,2.23209,2.23306,459
2025-06-10 11:20:00,2.23308,2.2335599999999998,2.23241,2.23249,368
2025-06-10 11:25:00,2.23249,2.23326,2.23223,2.23302,458
2025-06-10 11:30:00,2.23302,2.23349,2.23258,2.23324,330
2025-06-10 11:35:00,2.23324,2.2337,2.2328,2.23322,387
2025-06-10 11:40:00,2.23325,2.2333600000000002,2.23254,2.23319,318
2025-06-10 11:45:00,2.23319,2.23319,2.23194,2.2323399999999998,387
2025-06-10 11:50:00,2.23231,2.23266,2.23175,2.23176,351
2025-06-10 11:55:00,2.23179,2.23183,2.23099,2.23099,396
2025-06-10 12:00:00,2.23114,2.233,2.2308,2.23286,395
2025-06-10 12:05:00,2.23286,2.23287,2.2322,2.23249,368
2025-06-10 12:10:00,2.23249,2.2327,2.23207,2.23245,314
2025-06-10 12:15:00,2.23244,2.23276,2.23224,2.23249,293
2025-06-10 12:20:00,2.23249,2.23259,2.23134,2.23158,361
2025-06-10 12:25:00,2.23164,2.23216,2.23161,2.23172,355
2025-06-10 12:30:00,2.23174,2.23189,2.23106,2.23124,289
2025-06-10 12:35:00,2.23122,2.23152,2.23096,2.23113,324
2025-06-10 12:40:00,2.23115,2.23122,2.23061,2.2311199999999998,295
2025-06-10 12:45:00,2.2311,2.2313,2.23064,2.23067,345
2025-06-10 12:50:00,2.23066,2.23135,2.23065,2.23102,397
2025-06-10 12:55:00,2.23105,2.2311,2.23035,2.23071,322
2025-06-10 13:00:00,2.23073,2.23091,2.23013,2.2302400000000002,311
2025-06-10 13:05:00,2.23027,2.23028,2.2294,2.23025,241
2025-06-10 13:10:00,2.23029,2.23082,2.23005,2.23055,315
2025-06-10 13:15:00,2.23055,2.23083,2.23031,2.23065,284
2025-06-10 13:20:00,2.2306,2.2311,2.23054,2.23063,257
2025-06-10 13:25:00,2.23063,2.23107,2.23047,2.23074,314
2025-06-10 13:30:00,2.23074,2.23111,2.23007,2.23014,314
2025-06-10 13:35:00,2.23014,2.23068,2.23007,2.23052,310
2025-06-10 13:40:00,2.2305099999999998,2.23143,2.23045,2.23141,332
2025-06-10 13:45:00,2.23143,2.23148,2.23093,2.23143,244
2025-06-10 13:50:00,2.23143,2.23211,2.23123,2.2317,379
2025-06-10 13:55:00,2.23171,2.23279,2.23159,2.23266,367
2025-06-10 14:00:00,2.23259,2.23294,2.23222,2.23243,401
2025-06-10 14:05:00,2.23243,2.23246,2.23096,2.23103,302
2025-06-10 14:10:00,2.23106,2.23106,2.23013,2.2302,334
2025-06-10 14:15:00,2.2302,2.23066,2.2297,2.23062,439
2025-06-10 14:20:00,2.23067,2.23138,2.2306,2.23076,390
2025-06-10 14:25:00,2.23076,2.2311,2.23056,2.23066,336
2025-06-10 14:30:00,2.2307,2.2307,2.22971,2.23002,439
2025-06-10 14:35:00,2.22998,2.23017,2.22944,2.22989,435
2025-06-10 14:40:00,2.22989,2.23004,2.22933,2.2295,396
2025-06-10 14:45:00,2.22948,2.23075,2.2292899999999998,2.23058,338
2025-06-10 14:50:00,2.23058,2.2308,2.23011,2.23056,473
2025-06-10 14:55:00,2.23057,2.23136,2.2302400000000002,2.23114,532
2025-06-10 15:00:00,2.2311199999999998,2.23142,2.23044,2.23138,566
2025-06-10 15:05:00,2.23145,2.23149,2.23035,2.23044,392
2025-06-10 15:10:00,2.23047,2.23101,2.22992,2.23084,455
2025-06-10 15:15:00,2.23084,2.23141,2.23081,2.23139,376
2025-06-10 15:20:00,2.23136,2.23198,2.23113,2.23131,354
2025-06-10 15:25:00,2.23129,2.23161,2.23089,2.2313,408
2025-06-10 15:30:00,2.23137,2.23209,2.23107,2.23192,517
2025-06-10 15:35:00,2.23196,2.23219,2.23151,2.2317,396
2025-06-10 15:40:00,2.2317,2.23221,2.23127,2.23221,457
2025-06-10 15:45:00,2.23223,2.23262,2.23201,2.2323,411
2025-06-10 15:50:00,2.2323399999999998,2.23325,2.23202,2.23297,372
2025-06-10 15:55:00,2.23298,2.23334,2.23259,2.23317,450
2025-06-10 16:00:00,2.23319,2.23348,2.23264,2.23279,547
2025-06-10 16:05:00,2.23281,2.23344,2.23264,2.23305,538
2025-06-10 16:10:00,2.23307,2.23337,2.2326,2.23308,478
2025-06-10 16:15:00,2.2331,2.23355,2.23282,2.23314,420
2025-06-10 16:20:00,2.23314,2.2335,2.23264,2.23298,472
2025-06-10 16:25:00,2.23298,2.23422,2.23296,2.23392,487
2025-06-10 16:30:00,2.23382,2.23395,2.23309,2.23345,636
2025-06-10 16:35:00,2.23343,2.23373,2.23281,2.23299,502
2025-06-10 16:40:00,2.23294,2.23357,2.23279,2.23325,555
2025-06-10 16:45:00,2.23324,2.23402,2.23297,2.23382,521
2025-06-10 16:50:00,2.23382,2.23463,2.23378,2.23431,530
2025-06-10 16:55:00,2.23435,2.23445,2.2338,2.23415,565
2025-06-10 17:00:00,2.23414,2.23469,2.23409,2.23432,480
2025-06-10 17:05:00,2.23427,2.2345800000000002,2.23376,2.23454,532
2025-06-10 17:10:00,2.23456,2.23477,2.23386,2.23449,554
2025-06-10 17:15:00,2.23449,2.23492,2.23418,2.23453,495
2025-06-10 17:20:00,2.23453,2.23507,2.23451,2.23479,452
2025-06-10 17:25:00,2.23483,2.23499,2.23412,2.23451,474
2025-06-10 17:30:00,2.23448,2.23467,2.2336,2.2346,475
2025-06-10 17:35:00,2.2346,2.23482,2.23404,2.23406,326
2025-06-10 17:40:00,2.23403,2.23418,2.23346,2.23364,371
2025-06-10 17:45:00,2.23366,2.23456,2.23355,2.23442,541
2025-06-10 17:50:00,2.23442,2.23499,2.23436,2.23491,546
2025-06-10 17:55:00,2.23493,2.2351,2.23428,2.23452,573
2025-06-10 18:00:00,2.23453,2.2353,2.23442,2.23476,565
2025-06-10 18:05:00,2.23482,2.23551,2.23465,2.23534,402
2025-06-10 18:10:00,2.23534,2.23556,2.23502,2.23533,389
2025-06-10 18:15:00,2.23538,2.2359,2.23517,2.23525,374
2025-06-10 18:20:00,2.23525,2.23588,2.23504,2.23546,362
2025-06-10 18:25:00,2.23546,2.2356,2.23502,2.23521,384
2025-06-10 18:30:00,2.23521,2.23636,2.23509,2.23622,581
2025-06-10 18:35:00,2.23622,2.23682,2.23594,2.23615,476
2025-06-10 18:40:00,2.23613,2.2363,2.23547,2.23556,423
2025-06-10 18:45:00,2.23552,2.23609,2.23543,2.23592,354
2025-06-10 18:50:00,2.23588,2.23595,2.23527,2.23545,494
2025-06-10 18:55:00,2.23548,2.2356,2.23441,2.2348,485
2025-06-10 19:00:00,2.2348,2.23497,2.23421,2.23461,362
2025-06-10 19:05:00,2.23464,2.23532,2.23457,2.23517,320
2025-06-10 19:10:00,2.23514,2.23545,2.23481,2.2351,395
2025-06-10 19:15:00,2.23511,2.23511,2.23464,2.23489,334
2025-06-10 19:20:00,2.23487,2.23518,2.23469,2.23482,289
2025-06-10 19:25:00,2.23482,2.23506,2.23441,2.23466,331
2025-06-10 19:30:00,2.23462,2.235,2.23427,2.23444,253
2025-06-10 19:35:00,2.23446,2.23457,2.23381,2.23431,236
2025-06-10 19:40:00,2.23425,2.23433,2.2338,2.23384,291
2025-06-10 19:45:00,2.23384,2.23399,2.23342,2.23364,210
2025-06-10 19:50:00,2.23364,2.23377,2.23339,2.23362,235
2025-06-10 19:55:00,2.23366,2.23381,2.23327,2.23332,316
2025-06-10 20:00:00,2.23337,2.23381,2.23316,2.23371,306
2025-06-10 20:05:00,2.2336,2.23415,2.23359,2.23412,329
2025-06-10 20:10:00,2.23412,2.23431,2.23375,2.23405,275
2025-06-10 20:15:00,2.23406,2.23453,2.23403,2.23435,256
2025-06-10 20:20:00,2.23433,2.23447,2.23408,2.23439,267
2025-06-10 20:25:00,2.23443,2.23444,2.23401,2.23436,235
2025-06-10 20:30:00,2.23438,2.23447,2.23413,2.23435,219
2025-06-10 20:35:00,2.23433,2.23435,2.23353,2.23371,229
2025-06-10 20:40:00,2.23367,2.23414,2.23367,2.23404,292
2025-06-10 20:45:00,2.23404,2.23416,2.23378,2.23406,218
2025-06-10 20:50:00,2.23404,2.23405,2.23368,2.23394,216
2025-06-10 20:55:00,2.23395,2.23421,2.23379,2.23401,215
2025-06-10 21:00:00,2.23401,2.23464,2.23401,2.23442,347
2025-06-10 21:05:00,2.23446,2.23463,2.23381,2.23399,312
2025-06-10 21:10:00,2.2339700000000002,2.23403,2.23373,2.23387,211
2025-06-10 21:15:00,2.23384,2.2339700000000002,2.23343,2.23373,231
2025-06-10 21:20:00,2.23374,2.23379,2.23337,2.2336,324
2025-06-10 21:25:00,2.23357,2.23367,2.23331,2.23354,237
2025-06-10 21:30:00,2.23354,2.23383,2.23315,2.23379,264
2025-06-10 21:35:00,2.23379,2.23379,2.23334,2.23355,255
2025-06-10 21:40:00,2.23355,2.23362,2.23323,2.23339,239
2025-06-10 21:45:00,2.23339,2.23361,2.23315,2.23328,208
2025-06-10 21:50:00,2.23335,2.23342,2.233,2.23334,204
2025-06-10 21:55:00,2.23333,2.23339,2.23265,2.23271,336
2025-06-10 22:00:00,2.23266,2.23299,2.23253,2.23278,287
2025-06-10 22:05:00,2.23279,2.2336,2.23266,2.23333,237
2025-06-10 22:10:00,2.23331,2.23338,2.23267,2.2329499999999998,205
2025-06-10 22:15:00,2.2329499999999998,2.23311,2.23248,2.23259,246
2025-06-10 22:20:00,2.23263,2.23264,2.23204,2.23241,255
2025-06-10 22:25:00,2.23243,2.23282,2.2323399999999998,2.23269,226
2025-06-10 22:30:00,2.23269,2.23285,2.23226,2.23239,259
2025-06-10 22:35:00,2.23239,2.2325,2.23211,2.23226,181
2025-06-10 22:40:00,2.23226,2.23236,2.23159,2.23196,232
2025-06-10 22:45:00,2.23198,2.23208,2.23163,2.23197,259
2025-06-10 22:50:00,2.23193,2.2321400000000002,2.23169,2.23195,268
2025-06-10 22:55:00,2.2319,2.23191,2.23113,2.23138,279
2025-06-10 23:00:00,2.2314,2.23172,2.23116,2.23167,224
2025-06-10 23:05:00,2.23167,2.23171,2.23105,2.2314,162
2025-06-10 23:10:00,2.23138,2.23148,2.23107,2.23125,114
2025-06-10 23:15:00,2.23125,2.23138,2.23077,2.23087,181
2025-06-10 23:20:00,2.23087,2.23113,2.23062,2.23084,198
2025-06-10 23:25:00,2.23092,2.23149,2.2308,2.23116,189
2025-06-10 23:30:00,2.23114,2.23141,2.23089,2.2312,238
2025-06-10 23:35:00,2.23113,2.23138,2.23093,2.23121,129
2025-06-10 23:40:00,2.23121,2.23121,2.22813,2.22818,155
2025-06-10 23:45:00,2.22814,2.2282,2.22756,2.22765,139
2025-06-10 23:50:00,2.22765,2.22765,2.22743,2.22754,149
2025-06-10 23:55:00,2.22754,2.23034,2.22722,2.23,204
2025-06-11 00:00:00,2.23008,2.23008,2.22721,2.22756,9
2025-06-11 00:05:00,2.22859,2.2303,2.226,2.2282,38
2025-06-11 00:10:00,2.2282,2.22901,2.22815,2.22842,140
2025-06-11 00:15:00,2.22844,2.22844,2.22662,2.22737,152
2025-06-11 00:20:00,2.22737,2.22773,2.22687,2.22773,157
2025-06-11 00:25:00,2.22773,2.22852,2.22773,2.22776,131
2025-06-11 00:30:00,2.22759,2.2292,2.22757,2.22836,164
2025-06-11 00:35:00,2.22836,2.22894,2.2282,2.22861,257
2025-06-11 00:40:00,2.22861,2.2288,2.22833,2.2284,133
2025-06-11 00:45:00,2.22842,2.22842,2.22832,2.22834,25
2025-06-11 00:50:00,2.22834,2.2286,2.22813,2.22825,99
2025-06-11 00:55:00,2.22823,2.22879,2.22818,2.22852,147
2025-06-11 01:00:00,2.22852,2.23012,2.22848,2.23001,234
2025-06-11 01:05:00,2.23001,2.23025,2.22985,2.23019,66
2025-06-11 01:10:00,2.23008,2.23073,2.22996,2.23039,137
2025-06-11 01:15:00,2.23041,2.23063,2.23039,2.2305,92
2025-06-11 01:20:00,2.23052,2.23071,2.23043,2.23063,95
2025-06-11 01:25:00,2.23063,2.23069,2.23032,2.23033,74
2025-06-11 01:30:00,2.23025,2.23041,2.23014,2.2303,138
2025-06-11 01:35:00,2.23028,2.23047,2.22973,2.23046,165
2025-06-11 01:40:00,2.2305,2.23074,2.22996,2.22996,166
2025-06-11 01:45:00,2.22996,2.23038,2.22996,2.23025,71
2025-06-11 01:50:00,2.23026,2.23052,2.22943,2.22946,102
2025-06-11 01:55:00,2.22946,2.22973,2.22916,2.22966,114
2025-06-11 02:00:00,2.22961,2.22996,2.22911,2.22952,197
2025-06-11 02:05:00,2.22952,2.22975,2.22886,2.22956,242
2025-06-11 02:10:00,2.22956,2.22976,2.22806,2.22849,302
2025-06-11 02:15:00,2.22845,2.22863,2.22784,2.22798,318
2025-06-11 02:20:00,2.22797,2.22905,2.22794,2.22905,193
2025-06-11 02:25:00,2.22893,2.22901,2.22817,2.22823,174
2025-06-11 02:30:00,2.22819,2.22829,2.22769,2.22769,226
2025-06-11 02:35:00,2.22769,2.22889,2.22769,2.22883,249
2025-06-11 02:40:00,2.22877,2.22885,2.22828,2.22828,259
2025-06-11 02:45:00,2.22828,2.22882,2.22808,2.22869,201
2025-06-11 02:50:00,2.22854,2.22906,2.22849,2.22898,229
2025-06-11 02:55:00,2.22895,2.22932,2.22847,2.2286,206
2025-06-11 03:00:00,2.22858,2.22981,2.22848,2.22977,550
2025-06-11 03:05:00,2.22974,2.22995,2.22926,2.22926,333
2025-06-11 03:10:00,2.22928,2.22943,2.22845,2.22848,367
2025-06-11 03:15:00,2.22853,2.2293,2.22805,2.2292,536
2025-06-11 03:20:00,2.22922,2.23045,2.22914,2.2302,354
2025-06-11 03:25:00,2.2302400000000002,2.23102,2.22999,2.2301,432
2025-06-11 03:30:00,2.23009,2.23047,2.22921,2.23041,422
2025-06-11 03:35:00,2.23032,2.23115,2.22987,2.23108,396
2025-06-11 03:40:00,2.23106,2.23163,2.23078,2.23088,408
2025-06-11 03:45:00,2.23088,2.23132,2.2304,2.23097,383
2025-06-11 03:50:00,2.231,2.2311,2.23026,2.23036,450
2025-06-11 03:55:00,2.23044,2.23139,2.23037,2.23058,514
2025-06-11 04:00:00,2.23059,2.23079,2.23008,2.23023,552
2025-06-11 04:05:00,2.23025,2.23043,2.22991,2.23011,372
2025-06-11 04:10:00,2.23011,2.23031,2.22935,2.23022,531
2025-06-11 04:15:00,2.23022,2.23081,2.23,2.23006,390
2025-06-11 04:20:00,2.23006,2.23062,2.22987,2.23061,335
2025-06-11 04:25:00,2.23059,2.23107,2.23028,2.23058,311
2025-06-11 04:30:00,2.23058,2.23136,2.23056,2.23135,350
2025-06-11 04:35:00,2.23135,2.23174,2.23103,2.2317299999999998,435
2025-06-11 04:40:00,2.23174,2.23182,2.2311,2.23148,359
2025-06-11 04:45:00,2.23148,2.23315,2.23128,2.23294,457
2025-06-11 04:50:00,2.233,2.233,2.23225,2.23259,468
2025-06-11 04:55:00,2.23259,2.23301,2.23198,2.23278,427
2025-06-11 05:00:00,2.23276,2.23282,2.23194,2.23268,365
2025-06-11 05:05:00,2.23269,2.23311,2.23225,2.23231,320
2025-06-11 05:10:00,2.23232,2.23305,2.23187,2.23298,369
2025-06-11 05:15:00,2.23301,2.23337,2.23271,2.23337,263
2025-06-11 05:20:00,2.23337,2.23337,2.23242,2.23243,250
2025-06-11 05:25:00,2.23245,2.23354,2.23233,2.23326,363
2025-06-11 05:30:00,2.23326,2.23361,2.23308,2.23345,333
2025-06-11 05:35:00,2.23347,2.23414,2.2333,2.23396,291
2025-06-11 05:40:00,2.234,2.23441,2.23376,2.23415,341
2025-06-11 05:45:00,2.23415,2.23479,2.23407,2.23465,295
2025-06-11 05:50:00,2.23465,2.23471,2.23422,2.23459,226
2025-06-11 05:55:00,2.23453,2.23537,2.23439,2.23504,264
2025-06-11 06:00:00,2.23507,2.23607,2.23507,2.23595,361
2025-06-11 06:05:00,2.23597,2.23615,2.23525,2.23547,348
2025-06-11 06:10:00,2.23554,2.23577,2.23516,2.23538,314
2025-06-11 06:15:00,2.23541,2.23577,2.23473,2.2348,256
2025-06-11 06:20:00,2.23488,2.23534,2.23462,2.23482,234
2025-06-11 06:25:00,2.23481,2.23535,2.23481,2.23524,291
2025-06-11 06:30:00,2.23524,2.23524,2.23451,2.23487,304
2025-06-11 06:35:00,2.23487,2.23521,2.23466,2.23514,323
2025-06-11 06:40:00,2.23514,2.23514,2.23421,2.23443,282
2025-06-11 06:45:00,2.23443,2.23448,2.2339,2.23409,294
2025-06-11 06:50:00,2.23409,2.23428,2.23358,2.23376,250
2025-06-11 06:55:00,2.23378,2.23381,2.23334,2.23345,307
2025-06-11 07:00:00,2.23341,2.23384,2.23314,2.23355,294
2025-06-11 07:05:00,2.23353,2.2335599999999998,2.233,2.23328,201
2025-06-11 07:10:00,2.23328,2.23351,2.23271,2.23287,240
2025-06-11 07:15:00,2.23286,2.23304,2.2323,2.23263,230
2025-06-11 07:20:00,2.23263,2.23358,2.23256,2.23333,220
2025-06-11 07:25:00,2.23333,2.23357,2.23301,2.23344,265
2025-06-11 07:30:00,2.23347,2.23394,2.23342,2.23392,217
2025-06-11 07:35:00,2.23392,2.234,2.23357,2.23369,242
2025-06-11 07:40:00,2.23372,2.23421,2.23364,2.2342,176
2025-06-11 07:45:00,2.23416,2.23423,2.23357,2.23376,165
2025-06-11 07:50:00,2.23372,2.23406,2.23345,2.2339,254
2025-06-11 07:55:00,2.23392,2.23447,2.23374,2.2341699999999998,339
2025-06-11 08:00:00,2.23413,2.23429,2.23369,2.23429,310
2025-06-11 08:05:00,2.23422,2.23463,2.23402,2.23421,203
2025-06-11 08:10:00,2.23423,2.23434,2.23386,2.23422,173
2025-06-11 08:15:00,2.23411,2.23443,2.23383,2.23401,270
2025-06-11 08:20:00,2.23398,2.23435,2.23357,2.23387,260
2025-06-11 08:25:00,2.23385,2.23408,2.23346,2.23376,231
2025-06-11 08:30:00,2.23372,2.23407,2.23329,2.23339,282
2025-06-11 08:35:00,2.2334,2.23358,2.23322,2.23354,282
2025-06-11 08:40:00,2.23355,2.23362,2.23296,2.23327,364
2025-06-11 08:45:00,2.2333,2.23333,2.2323399999999998,2.2326,348
2025-06-11 08:50:00,2.2326,2.2339,2.23251,2.23388,378
2025-06-11 08:55:00,2.23383,2.23481,2.23383,2.23455,350
2025-06-11 09:00:00,2.23465,2.2349,2.2342,2.23473,357
2025-06-11 09:05:00,2.23471,2.23516,2.23471,2.2349,249
2025-06-11 09:10:00,2.23489,2.23497,2.23453,2.2347799999999998,313
2025-06-11 09:15:00,2.2348,2.235,2.23456,2.23479,401
2025-06-11 09:20:00,2.23481,2.23553,2.23441,2.23529,326
2025-06-11 09:25:00,2.23529,2.23574,2.23469,2.23556,457
2025-06-11 09:30:00,2.2356,2.23565,2.23455,2.2347799999999998,405
2025-06-11 09:35:00,2.2347799999999998,2.23574,2.23466,2.23483,241
2025-06-11 09:40:00,2.23479,2.23488,2.23401,2.23427,314
2025-06-11 09:45:00,2.23425,2.23436,2.23319,2.2336,269
2025-06-11 09:50:00,2.23358,2.23382,2.23303,2.23372,331
2025-06-11 09:55:00,2.23372,2.23372,2.23253,2.23261,394
2025-06-11 10:00:00,2.23263,2.23308,2.23225,2.23292,511
2025-06-11 10:05:00,2.23292,2.23393,2.23286,2.23393,462
2025-06-11 10:10:00,2.23393,2.2343,2.23377,2.23386,360
2025-06-11 10:15:00,2.2338,2.23404,2.23353,2.23359,363
2025-06-11 10:20:00,2.23359,2.23416,2.23322,2.23345,371
2025-06-11 10:25:00,2.23345,2.23409,2.2332,2.23334,380
2025-06-11 10:30:00,2.23333,2.23363,2.23296,2.23354,400
2025-06-11 10:35:00,2.23358,2.23468,2.2335,2.23441,359
2025-06-11 10:40:00,2.23441,2.23491,2.23441,2.23456,299
2025-06-11 10:45:00,2.23454,2.23456,2.23407,2.23425,338
2025-06-11 10:50:00,2.23423,2.23438,2.23354,2.23382,417
2025-06-11 10:55:00,2.23387,2.23484,2.23381,2.23484,463
2025-06-11 11:00:00,2.23485,2.23559,2.23438,2.23546,384
2025-06-11 11:05:00,2.23543,2.23601,2.23534,2.2359999999999998,292
2025-06-11 11:10:00,2.23604,2.2367,2.23602,2.2366,370
2025-06-11 11:15:00,2.23658,2.23726,2.23634,2.23657,313
2025-06-11 11:20:00,2.2366099999999998,2.23671,2.23525,2.2354,299
2025-06-11 11:25:00,2.23537,2.23559,2.23497,2.23518,391
2025-06-11 11:30:00,2.23525,2.23588,2.23502,2.23574,328
2025-06-11 11:35:00,2.23574,2.23604,2.23531,2.23602,296
2025-06-11 11:40:00,2.23602,2.23644,2.23567,2.23583,322
2025-06-11 11:45:00,2.23587,2.23681,2.23587,2.23644,388
2025-06-11 11:50:00,2.2364,2.23718,2.2364,2.23667,389
2025-06-11 11:55:00,2.23673,2.23673,2.23601,2.23652,371
2025-06-11 12:00:00,2.23649,2.23703,2.2361,2.23622,436
2025-06-11 12:05:00,2.23622,2.23628,2.23545,2.23588,412
2025-06-11 12:10:00,2.23589,2.23602,2.23532,2.2356,403
2025-06-11 12:15:00,2.23561,2.2358000000000002,2.23524,2.23528,265
2025-06-11 12:20:00,2.23528,2.23564,2.23466,2.2347799999999998,230
2025-06-11 12:25:00,2.2347,2.23493,2.23422,2.23449,302
2025-06-11 12:30:00,2.23445,2.23482,2.23412,2.23447,307
2025-06-11 12:35:00,2.23447,2.23529,2.2344,2.23517,309
2025-06-11 12:40:00,2.23515,2.23572,2.23514,2.23551,328
2025-06-11 12:45:00,2.23551,2.23599,2.23541,2.23592,316
2025-06-11 12:50:00,2.23591,2.23594,2.23499,2.23505,358
2025-06-11 12:55:00,2.23506,2.23567,2.23477,2.23542,376
2025-06-11 13:00:00,2.23542,2.23611,2.23529,2.23571,364
2025-06-11 13:05:00,2.23571,2.23632,2.2351,2.2351900000000002,218
2025-06-11 13:10:00,2.23523,2.23535,2.23486,2.23491,203
2025-06-11 13:15:00,2.23493,2.23679,2.23493,2.23671,197
2025-06-11 13:20:00,2.23671,2.23677,2.23616,2.23633,343
2025-06-11 13:25:00,2.2363,2.23699,2.2362,2.23683,319
2025-06-11 13:30:00,2.2368,2.23744,2.23678,2.23697,315
2025-06-11 13:35:00,2.23697,2.23709,2.23666,2.23673,226
2025-06-11 13:40:00,2.23677,2.23693,2.23625,2.23637,271
2025-06-11 13:45:00,2.2364100000000002,2.23735,2.23635,2.23727,272
2025-06-11 13:50:00,2.23726,2.23781,2.23724,2.23731,321
2025-06-11 13:55:00,2.23728,2.23758,2.2371,2.2371,229
2025-06-11 14:00:00,2.23707,2.2375,2.23663,2.2371,357
2025-06-11 14:05:00,2.23713,2.23754,2.2368,2.23747,346
2025-06-11 14:10:00,2.23754,2.23774,2.23719,2.23771,313
2025-06-11 14:15:00,2.23773,2.23785,2.23712,2.23738,330
2025-06-11 14:20:00,2.23738,2.23757,2.23705,2.2372199999999998,372
2025-06-11 14:25:00,2.23724,2.23732,2.23669,2.23698,369
2025-06-11 14:30:00,2.23698,2.23727,2.2365,2.23718,402
2025-06-11 14:35:00,2.23718,2.23781,2.2371,2.2375,366
2025-06-11 14:40:00,2.2375,2.23827,2.23744,2.23815,379
2025-06-11 14:45:00,2.23823,2.23876,2.23799,2.23815,332
2025-06-11 14:50:00,2.23817,2.23826,2.23773,2.23789,349
2025-06-11 14:55:00,2.23789,2.23849,2.23751,2.23819,397
2025-06-11 15:00:00,2.23815,2.23877,2.23619,2.23688,578
2025-06-11 15:05:00,2.23696,2.23857,2.23689,2.23809,702
2025-06-11 15:10:00,2.23812,2.23972,2.2381,2.23964,485
2025-06-11 15:15:00,2.23967,2.23971,2.23893,2.2395,477
2025-06-11 15:20:00,2.23945,2.23945,2.23873,2.23896,449
2025-06-11 15:25:00,2.23895,2.23966,2.23788,2.23789,454
2025-06-11 15:30:00,2.23877,2.2388,2.23512,2.2353899999999998,1183
2025-06-11 15:35:00,2.23535,2.23543,2.23304,2.2342,1086
2025-06-11 15:40:00,2.2342,2.23453,2.23281,2.23319,951
2025-06-11 15:45:00,2.23322,2.23389,2.233,2.23368,798
2025-06-11 15:50:00,2.23366,2.23369,2.23286,2.23303,729
2025-06-11 15:55:00,2.23301,2.23402,2.23251,2.23334,741
2025-06-11 16:00:00,2.23335,2.23624,2.2329,2.23596,889
2025-06-11 16:05:00,2.23594,2.23614,2.23495,2.23527,779
2025-06-11 16:10:00,2.23528,2.23578,2.23507,2.2354,708
2025-06-11 16:15:00,2.2354,2.23633,2.2351900000000002,2.23615,710
2025-06-11 16:20:00,2.23617,2.23678,2.23582,2.2366099999999998,707
2025-06-11 16:25:00,2.2366099999999998,2.23705,2.23595,2.23654,620
2025-06-11 16:30:00,2.23659,2.23755,2.2364,2.23706,703
2025-06-11 16:35:00,2.23707,2.23709,2.23575,2.23595,631
2025-06-11 16:40:00,2.23595,2.2369,2.23587,2.23665,648
2025-06-11 16:45:00,2.23669,2.23707,2.23637,2.23672,664
2025-06-11 16:50:00,2.23671,2.23671,2.23577,2.23657,592
2025-06-11 16:55:00,2.2366099999999998,2.23728,2.2362,2.23716,626
2025-06-11 17:00:00,2.23716,2.2382400000000002,2.23706,2.23807,655
2025-06-11 17:05:00,2.23811,2.23872,2.23738,2.23784,638
2025-06-11 17:10:00,2.23785,2.23927,2.23785,2.23884,444
2025-06-11 17:15:00,2.23891,2.23911,2.23825,2.23897,590
2025-06-11 17:20:00,2.23894,2.23904,2.23804,2.23812,569
2025-06-11 17:25:00,2.23812,2.23901,2.2381,2.23874,458
2025-06-11 17:30:00,2.23884,2.2394,2.2386,2.23868,508
2025-06-11 17:35:00,2.23869,2.23907,2.23843,2.23895,514
2025-06-11 17:40:00,2.23899,2.2393,2.23852,2.23889,472
2025-06-11 17:45:00,2.23887,2.23962,2.23881,2.23929,600
2025-06-11 17:50:00,2.23931,2.23982,2.23904,2.23974,599
2025-06-11 17:55:00,2.23972,2.2409499999999998,2.23949,2.24091,676
2025-06-11 18:00:00,2.2409,2.24108,2.24019,2.24069,562
2025-06-11 18:05:00,2.2406800000000002,2.24248,2.24052,2.24222,579
2025-06-11 18:10:00,2.24222,2.24232,2.2413,2.24176,521
2025-06-11 18:15:00,2.24176,2.24266,2.24164,2.24247,533
2025-06-11 18:20:00,2.24247,2.24276,2.24221,2.24271,471
2025-06-11 18:25:00,2.24272,2.2429,2.24183,2.24247,387
2025-06-11 18:30:00,2.24248,2.24296,2.24233,2.24245,449
2025-06-11 18:35:00,2.24245,2.2433899999999998,2.24231,2.24282,519
2025-06-11 18:40:00,2.2428,2.24296,2.24233,2.24253,428
2025-06-11 18:45:00,2.24252,2.24296,2.24226,2.24244,548
2025-06-11 18:50:00,2.24244,2.24269,2.24112,2.2421,458
2025-06-11 18:55:00,2.2421,2.24254,2.24174,2.24181,364
2025-06-11 19:00:00,2.24182,2.242,2.2414,2.24171,426
2025-06-11 19:05:00,2.24171,2.24268,2.24158,2.24257,430
2025-06-11 19:10:00,2.24255,2.24291,2.2421699999999998,2.24239,419
2025-06-11 19:15:00,2.24241,2.24263,2.24187,2.24258,389
2025-06-11 19:20:00,2.24258,2.24269,2.24219,2.24263,341
2025-06-11 19:25:00,2.24254,2.24256,2.24143,2.24149,377
2025-06-11 19:30:00,2.24151,2.24194,2.24119,2.24183,368
2025-06-11 19:35:00,2.24184,2.24276,2.24171,2.24258,396
2025-06-11 19:40:00,2.24254,2.2426,2.24207,2.24218,401
2025-06-11 19:45:00,2.24222,2.2424,2.2417,2.24187,371
2025-06-11 19:50:00,2.24191,2.24212,2.24151,2.242,305
2025-06-11 19:55:00,2.24201,2.24206,2.24165,2.24196,280
2025-06-11 20:00:00,2.24196,2.24198,2.24064,2.24086,393
2025-06-11 20:05:00,2.24082,2.24138,2.24073,2.2409499999999998,328
2025-06-11 20:10:00,2.24091,2.24109,2.2406,2.24086,271
2025-06-11 20:15:00,2.2409499999999998,2.24116,2.2405,2.24062,256
2025-06-11 20:20:00,2.24066,2.24109,2.24039,2.24109,295
2025-06-11 20:25:00,2.24109,2.24201,2.2409,2.2419000000000002,300
2025-06-11 20:30:00,2.2419000000000002,2.24258,2.24184,2.24239,304
2025-06-11 20:35:00,2.24239,2.24266,2.24209,2.24254,333
2025-06-11 20:40:00,2.24254,2.24297,2.24226,2.24296,337
2025-06-11 20:45:00,2.24294,2.2431200000000002,2.24252,2.24303,297
2025-06-11 20:50:00,2.24299,2.24392,2.2429,2.24336,238
2025-06-11 20:55:00,2.24342,2.24432,2.24337,2.24413,290
2025-06-11 21:00:00,2.24406,2.24533,2.24375,2.2452199999999998,443
2025-06-11 21:05:00,2.2452,2.24525,2.24369,2.24387,414
2025-06-11 21:10:00,2.24387,2.24501,2.24363,2.24484,493
2025-06-11 21:15:00,2.24477,2.2464,2.24473,2.24593,532
2025-06-11 21:20:00,2.24593,2.24603,2.24535,2.24595,488
2025-06-11 21:25:00,2.24595,2.24652,2.24562,2.24639,399
2025-06-11 21:30:00,2.24643,2.24677,2.24504,2.24572,568
2025-06-11 21:35:00,2.24569,2.24598,2.24516,2.2453,375
2025-06-11 21:40:00,2.24533,2.24581,2.24505,2.2452199999999998,352
2025-06-11 21:45:00,2.24488,2.2449500000000002,2.24403,2.24437,260
2025-06-11 21:50:00,2.24437,2.24474,2.24386,2.24465,352
2025-06-11 21:55:00,2.24474,2.2455,2.2445,2.24459,398
2025-06-11 22:00:00,2.24464,2.24488,2.24409,2.24467,436
2025-06-11 22:05:00,2.24472,2.24524,2.24455,2.245,345
2025-06-11 22:10:00,2.24503,2.24547,2.24467,2.24507,249
2025-06-11 22:15:00,2.24507,2.24555,2.24507,2.24539,210
2025-06-11 22:20:00,2.24538,2.24582,2.24535,2.24565,234
2025-06-11 22:25:00,2.24566,2.2466,2.24547,2.24624,275
2025-06-11 22:30:00,2.24628,2.24639,2.24548,2.24594,241
2025-06-11 22:35:00,2.24592,2.24616,2.24564,2.24595,238
2025-06-11 22:40:00,2.24595,2.24648,2.24575,2.24616,209
2025-06-11 22:45:00,2.24616,2.24665,2.24592,2.2465,234
2025-06-11 22:50:00,2.2465,2.2471,2.24613,2.24622,332
2025-06-11 22:55:00,2.24622,2.24625,2.24531,2.24531,360
2025-06-11 23:00:00,2.24535,2.2459,2.24511,2.24539,255
2025-06-11 23:05:00,2.24539,2.24659,2.2452199999999998,2.24651,188
2025-06-11 23:10:00,2.24646,2.24663,2.24623,2.24642,141
2025-06-11 23:15:00,2.24636,2.24651,2.24573,2.24593,152
2025-06-11 23:20:00,2.24599,2.24659,2.24599,2.24623,176
2025-06-11 23:25:00,2.24623,2.24623,2.24557,2.24584,172
2025-06-11 23:30:00,2.2458299999999998,2.24606,2.24529,2.24554,172
2025-06-11 23:35:00,2.24552,2.24586,2.24544,2.24582,174
2025-06-11 23:40:00,2.24327,2.24363,2.24311,2.24356,141
2025-06-11 23:45:00,2.24358,2.24369,2.2433899999999998,2.24341,143
2025-06-11 23:50:00,2.24341,2.24397,2.24336,2.24397,116
2025-06-11 23:55:00,2.24391,2.24641,2.24381,2.24513,248
2025-06-12 00:00:00,2.24515,2.24667,2.24341,2.24518,13
2025-06-12 00:05:00,2.24352,2.24426,2.24351,2.24392,26
2025-06-12 00:10:00,2.24392,2.24426,2.24392,2.24426,26
2025-06-12 00:15:00,2.24426,2.24435,2.24417,2.24426,28
2025-06-12 00:20:00,2.24426,2.24496,2.2441,2.24451,21
2025-06-12 00:25:00,2.24451,2.24497,2.24444,2.24497,11
2025-06-12 00:30:00,2.24497,2.24515,2.24444,2.24473,46
2025-06-12 00:35:00,2.24473,2.24493,2.24387,2.24444,108
2025-06-12 00:40:00,2.24444,2.24472,2.2443,2.2445,102
2025-06-12 00:45:00,2.24435,2.24471,2.24432,2.24442,122
2025-06-12 00:50:00,2.24446,2.24463,2.2443400000000002,2.24453,156
2025-06-12 00:55:00,2.24453,2.24541,2.24432,2.24519,111
2025-06-12 01:00:00,2.24544,2.24727,2.24526,2.24681,232
2025-06-12 01:05:00,2.24678,2.2468500000000002,2.24613,2.24628,197
2025-06-12 01:10:00,2.24628,2.24673,2.24604,2.2467,151
2025-06-12 01:15:00,2.24666,2.24691,2.24637,2.24656,143
2025-06-12 01:20:00,2.24656,2.24673,2.24605,2.24668,176
2025-06-12 01:25:00,2.24668,2.24708,2.24651,2.24695,135
2025-06-12 01:30:00,2.24698,2.24698,2.24661,2.2468500000000002,116
2025-06-12 01:35:00,2.2468500000000002,2.24688,2.24636,2.24643,139
2025-06-12 01:40:00,2.24642,2.2467,2.2463,2.24645,64
2025-06-12 01:45:00,2.24645,2.24714,2.24633,2.24687,137
2025-06-12 01:50:00,2.24687,2.24737,2.24655,2.24729,159
2025-06-12 01:55:00,2.24737,2.24774,2.24699,2.24744,247
2025-06-12 02:00:00,2.2474,2.24756,2.24676,2.24739,284
2025-06-12 02:05:00,2.24739,2.24801,2.24735,2.24793,296
2025-06-12 02:10:00,2.24793,2.24799,2.24758,2.24769,171
2025-06-12 02:15:00,2.2476599999999998,2.24797,2.2476,2.24791,159
2025-06-12 02:20:00,2.24792,2.24828,2.24769,2.24821,147
2025-06-12 02:25:00,2.24821,2.24826,2.24768,2.248,119
2025-06-12 02:30:00,2.248,2.2482,2.2476,2.2482,181
2025-06-12 02:35:00,2.24819,2.24824,2.24703,2.24712,177
2025-06-12 02:40:00,2.24712,2.2474,2.24679,2.24723,227
2025-06-12 02:45:00,2.24716,2.24727,2.24687,2.24718,237
2025-06-12 02:50:00,2.24718,2.24736,2.24638,2.24694,227
2025-06-12 02:55:00,2.24692,2.24747,2.24682,2.24744,213
2025-06-12 03:00:00,2.24737,2.24757,2.24674,2.2474600000000002,480
2025-06-12 03:05:00,2.2474600000000002,2.24788,2.2474,2.2475,357
2025-06-12 03:10:00,2.2475,2.24834,2.2474,2.24825,427
2025-06-12 03:15:00,2.24824,2.24839,2.24759,2.2482,297
2025-06-12 03:20:00,2.24819,2.24911,2.24803,2.24817,355
2025-06-12 03:25:00,2.24817,2.24951,2.24816,2.24936,369
2025-06-12 03:30:00,2.24938,2.24976,2.24919,2.24968,455
2025-06-12 03:35:00,2.24968,2.24969,2.2488799999999998,2.24923,490
2025-06-12 03:40:00,2.24924,2.25036,2.24902,2.25036,599
2025-06-12 03:45:00,2.25039,2.25081,2.24991,2.2506399999999998,516
2025-06-12 03:50:00,2.25067,2.25136,2.25059,2.25092,560
2025-06-12 03:55:00,2.25092,2.25176,2.25088,2.25106,454
2025-06-12 04:00:00,2.25106,2.25174,2.25085,2.25123,625
2025-06-12 04:05:00,2.25121,2.25157,2.25084,2.25087,421
2025-06-12 04:10:00,2.25084,2.25131,2.25031,2.25116,426
2025-06-12 04:15:00,2.25118,2.25146,2.2505100000000002,2.25131,439
2025-06-12 04:20:00,2.25131,2.25205,2.25091,2.25172,467
2025-06-12 04:25:00,2.25159,2.25314,2.2513199999999998,2.25278,487
2025-06-12 04:30:00,2.25278,2.25301,2.25229,2.25281,532
2025-06-12 04:35:00,2.25279,2.25457,2.25257,2.25378,604
2025-06-12 04:40:00,2.25378,2.25615,2.25378,2.25613,732
2025-06-12 04:45:00,2.25603,2.25684,2.25582,2.25606,506
2025-06-12 04:50:00,2.25608,2.25656,2.25562,2.25621,503
2025-06-12 04:55:00,2.2561999999999998,2.25642,2.25497,2.25504,453
2025-06-12 05:00:00,2.25502,2.25531,2.2541,2.2543699999999998,553
2025-06-12 05:05:00,2.2543699999999998,2.25578,2.2543699999999998,2.25515,447
2025-06-12 05:10:00,2.25516,2.25529,2.25368,2.25402,382
2025-06-12 05:15:00,2.25402,2.25412,2.25327,2.25347,425
2025-06-12 05:20:00,2.2535,2.2537,2.25287,2.25353,446
2025-06-12 05:25:00,2.25358,2.25457,2.25357,2.25431,347
2025-06-12 05:30:00,2.25432,2.2549799999999998,2.25403,2.2541,342
2025-06-12 05:35:00,2.2541,2.25431,2.25361,2.25392,335
2025-06-12 05:40:00,2.25392,2.25418,2.25369,2.25392,327
2025-06-12 05:45:00,2.25392,2.25451,2.25375,2.25402,226
2025-06-12 05:50:00,2.25402,2.25416,2.25362,2.25409,418
2025-06-12 05:55:00,2.25409,2.25439,2.25354,2.25372,419
2025-06-12 06:00:00,2.25371,2.2543699999999998,2.25343,2.25425,402
2025-06-12 06:05:00,2.25429,2.2543,2.25303,2.25313,325
2025-06-12 06:10:00,2.25307,2.25346,2.2526,2.25296,250
2025-06-12 06:15:00,2.25301,2.25301,2.25228,2.25257,234
2025-06-12 06:20:00,2.25256,2.25261,2.2511,2.2511900000000002,311
2025-06-12 06:25:00,2.25122,2.2513199999999998,2.25038,2.25062,286
2025-06-12 06:30:00,2.25062,2.25093,2.24952,2.24965,406
2025-06-12 06:35:00,2.24967,2.24973,2.24884,2.24927,417
2025-06-12 06:40:00,2.24924,2.24947,2.24821,2.2484,379
2025-06-12 06:45:00,2.24842,2.24847,2.24777,2.24803,312
2025-06-12 06:50:00,2.24801,2.24896,2.24789,2.2486800000000002,386
2025-06-12 06:55:00,2.24864,2.24895,2.24831,2.24886,348
2025-06-12 07:00:00,2.24886,2.24904,2.24806,2.24899,347
2025-06-12 07:05:00,2.24905,2.24935,2.24874,2.24926,254
2025-06-12 07:10:00,2.24924,2.24995,2.24896,2.24958,329
2025-06-12 07:15:00,2.24959,2.25001,2.24921,2.24997,248
2025-06-12 07:20:00,2.24997,2.24999,2.2493,2.24998,247
2025-06-12 07:25:00,2.24996,2.2503,2.24979,2.25027,257
2025-06-12 07:30:00,2.25027,2.25104,2.25019,2.25102,238
2025-06-12 07:35:00,2.25106,2.25109,2.25052,2.25096,293
2025-06-12 07:40:00,2.25096,2.2513199999999998,2.25011,2.25027,349
2025-06-12 07:45:00,2.25027,2.25035,2.24987,2.2500999999999998,308
2025-06-12 07:50:00,2.25018,2.2504,2.2498,2.25004,337
2025-06-12 07:55:00,2.24992,2.25086,2.24971,2.25083,348
2025-06-12 08:00:00,2.25086,2.25117,2.25,2.25014,425
2025-06-12 08:05:00,2.25019,2.2506,2.24987,2.25001,276
2025-06-12 08:10:00,2.25001,2.25092,2.24997,2.2507,265
2025-06-12 08:15:00,2.2507,2.25074,2.25011,2.25041,259
2025-06-12 08:20:00,2.25042,2.25084,2.25004,2.25016,356
2025-06-12 08:25:00,2.25016,2.25057,2.25005,2.25037,403
2025-06-12 08:30:00,2.25041,2.25079,2.25009,2.25012,403
2025-06-12 08:35:00,2.25012,2.25038,2.24978,2.25004,345
2025-06-12 08:40:00,2.25008,2.2505100000000002,2.24974,2.24999,374
2025-06-12 08:45:00,2.24999,2.25008,2.24845,2.24917,388
2025-06-12 08:50:00,2.24917,2.24937,2.24874,2.24886,434
2025-06-12 08:55:00,2.24886,2.24916,2.24824,2.24887,434
2025-06-12 09:00:00,2.249,2.249,2.24509,2.24516,669
2025-06-12 09:05:00,2.2452,2.24584,2.24511,2.24518,512
2025-06-12 09:10:00,2.24518,2.24605,2.24518,2.2459,598
2025-06-12 09:15:00,2.24592,2.24659,2.24568,2.24568,543
2025-06-12 09:20:00,2.24568,2.24601,2.24515,2.24546,450
2025-06-12 09:25:00,2.24544,2.24626,2.24527,2.2462,441
2025-06-12 09:30:00,2.24621,2.24641,2.2452,2.24523,526
2025-06-12 09:35:00,2.24523,2.24569,2.24443,2.24498,488
2025-06-12 09:40:00,2.24502,2.24601,2.245,2.24593,403
2025-06-12 09:45:00,2.24588,2.24742,2.24569,2.24734,420
2025-06-12 09:50:00,2.24731,2.24758,2.24663,2.24747,483
2025-06-12 09:55:00,2.24747,2.24977,2.2474,2.24969,539
2025-06-12 10:00:00,2.2497,2.25082,2.2493,2.2493,686
2025-06-12 10:05:00,2.24931,2.24944,2.2486,2.24862,495
2025-06-12 10:10:00,2.24856,2.24922,2.24832,2.24905,532
2025-06-12 10:15:00,2.24905,2.24954,2.24847,2.24885,499
2025-06-12 10:20:00,2.24885,2.24994,2.24834,2.2495,486
2025-06-12 10:25:00,2.24961,2.25076,2.24933,2.24972,406
2025-06-12 10:30:00,2.24972,2.2507,2.24932,2.25017,486
2025-06-12 10:35:00,2.25018,2.25094,2.25013,2.2508,465
2025-06-12 10:40:00,2.25079,2.25182,2.25059,2.25153,580
2025-06-12 10:45:00,2.25151,2.2519299999999998,2.25079,2.25103,584
2025-06-12 10:50:00,2.25107,2.25222,2.25099,2.25128,591
2025-06-12 10:55:00,2.25128,2.25229,2.2512,2.25151,628
2025-06-12 11:00:00,2.25151,2.25154,2.24924,2.24951,516
2025-06-12 11:05:00,2.24955,2.24961,2.24872,2.24879,449
2025-06-12 11:10:00,2.24875,2.24978,2.24865,2.24915,466
2025-06-12 11:15:00,2.24917,2.24967,2.2483,2.24902,538
2025-06-12 11:20:00,2.24906,2.24938,2.24882,2.24924,402
2025-06-12 11:25:00,2.24921,2.24972,2.24904,2.24971,331
2025-06-12 11:30:00,2.24971,2.25033,2.24951,2.24972,432
2025-06-12 11:35:00,2.24976,2.24994,2.24912,2.24923,357
2025-06-12 11:40:00,2.24918,2.24974,2.24873,2.24961,534
2025-06-12 11:45:00,2.24963,2.24974,2.24841,2.24848,501
2025-06-12 11:50:00,2.24845,2.24867,2.24752,2.24756,467
2025-06-12 11:55:00,2.24756,2.24787,2.2470499999999998,2.24784,464
2025-06-12 12:00:00,2.24787,2.24858,2.2476599999999998,2.24769,404
2025-06-12 12:05:00,2.24767,2.24782,2.24615,2.24629,420
2025-06-12 12:10:00,2.24629,2.24682,2.24615,2.24643,468
2025-06-12 12:15:00,2.24641,2.24694,2.246,2.24675,435
2025-06-12 12:20:00,2.24676,2.24723,2.2462,2.24719,446
2025-06-12 12:25:00,2.24731,2.24786,2.24725,2.24739,294
2025-06-12 12:30:00,2.24738,2.24784,2.24706,2.24782,371
2025-06-12 12:35:00,2.24782,2.2483,2.24772,2.2480700000000002,322
2025-06-12 12:40:00,2.2480700000000002,2.24896,2.24764,2.24879,294
2025-06-12 12:45:00,2.24881,2.24894,2.24757,2.24773,385
2025-06-12 12:50:00,2.24769,2.2488,2.24769,2.24844,509
2025-06-12 12:55:00,2.24847,2.24968,2.24812,2.24962,639
2025-06-12 13:00:00,2.24962,2.24971,2.24866,2.24928,548
2025-06-12 13:05:00,2.24927,2.24999,2.24912,2.2493,458
2025-06-12 13:10:00,2.24927,2.2494,2.24814,2.24821,316
2025-06-12 13:15:00,2.24821,2.24823,2.24637,2.24668,595
2025-06-12 13:20:00,2.24669,2.24674,2.24513,2.24521,480
2025-06-12 13:25:00,2.24514,2.2456,2.24427,2.24485,560
2025-06-12 13:30:00,2.24485,2.24485,2.2438,2.24436,634
2025-06-12 13:35:00,2.24435,2.24487,2.24389,2.24453,487
2025-06-12 13:40:00,2.24457,2.24537,2.24453,2.2452199999999998,397
2025-06-12 13:45:00,2.24517,2.24553,2.24458,2.24533,494
2025-06-12 13:50:00,2.24532,2.2465,2.24506,2.24609,658
2025-06-12 13:55:00,2.24609,2.24641,2.24576,2.24577,508
2025-06-12 14:00:00,2.24576,2.24621,2.24507,2.24508,565
2025-06-12 14:05:00,2.24517,2.24599,2.24509,2.24513,462
2025-06-12 14:10:00,2.24515,2.24591,2.24486,2.24557,459
2025-06-12 14:15:00,2.2455,2.24599,2.24532,2.24537,420
2025-06-12 14:20:00,2.24537,2.24552,2.24489,2.24525,447
2025-06-12 14:25:00,2.24525,2.24528,2.24412,2.24421,543
2025-06-12 14:30:00,2.2442,2.24421,2.24237,2.24266,599
2025-06-12 14:35:00,2.24266,2.24327,2.24265,2.24321,507
2025-06-12 14:40:00,2.24322,2.24369,2.2428,2.24309,533
2025-06-12 14:45:00,2.24309,2.24368,2.24279,2.24294,450
2025-06-12 14:50:00,2.24293,2.2445,2.24292,2.24393,445
2025-06-12 14:55:00,2.24389,2.24539,2.24389,2.24518,458
2025-06-12 15:00:00,2.24521,2.24521,2.24326,2.24347,481
2025-06-12 15:05:00,2.2434,2.24416,2.24333,2.24387,471
2025-06-12 15:10:00,2.24393,2.2442,2.24343,2.24367,483
2025-06-12 15:15:00,2.24365,2.24379,2.24247,2.2425,524
2025-06-12 15:20:00,2.24252,2.24367,2.24229,2.24331,548
2025-06-12 15:25:00,2.24327,2.24422,2.24259,2.24388,532
2025-06-12 15:30:00,2.24416,2.24482,2.24268,2.24284,998
2025-06-12 15:35:00,2.24284,2.24389,2.24258,2.243,808
2025-06-12 15:40:00,2.24299,2.24316,2.24228,2.24279,790
2025-06-12 15:45:00,2.24276,2.24367,2.24214,2.24354,733
2025-06-12 15:50:00,2.24351,2.24389,2.24304,2.24376,701
2025-06-12 15:55:00,2.24378,2.24442,2.24378,2.24422,628
2025-06-12 16:00:00,2.24421,2.24529,2.24418,2.24489,676
2025-06-12 16:05:00,2.24491,2.24573,2.24482,2.2455600000000002,628
2025-06-12 16:10:00,2.2456,2.246,2.24528,2.24539,686
2025-06-12 16:15:00,2.24541,2.24684,2.24531,2.24616,579
2025-06-12 16:20:00,2.24616,2.2464399999999998,2.24561,2.24562,542
2025-06-12 16:25:00,2.24552,2.24617,2.24518,2.24569,512
2025-06-12 16:30:00,2.24561,2.24643,2.24514,2.24523,735
2025-06-12 16:35:00,2.24527,2.2458299999999998,2.24438,2.24445,710
2025-06-12 16:40:00,2.24453,2.24453,2.24381,2.24385,604
2025-06-12 16:45:00,2.24385,2.24498,2.24382,2.24482,551
2025-06-12 16:50:00,2.24482,2.24519,2.24359,2.24394,695
2025-06-12 16:55:00,2.24401,2.24462,2.24355,2.24457,641
2025-06-12 17:00:00,2.24457,2.24485,2.24397,2.2443,744
2025-06-12 17:05:00,2.24439,2.24439,2.24314,2.24383,664
2025-06-12 17:10:00,2.24379,2.24443,2.2436,2.24419,621
2025-06-12 17:15:00,2.24424,2.24531,2.24417,2.2452199999999998,608
2025-06-12 17:20:00,2.2452199999999998,2.24543,2.24427,2.24438,590
2025-06-12 17:25:00,2.24445,2.24506,2.24426,2.24466,484
2025-06-12 17:30:00,2.24466,2.24487,2.24431,2.24479,501
2025-06-12 17:35:00,2.24479,2.24509,2.24402,2.24406,468
2025-06-12 17:40:00,2.24407,2.2443400000000002,2.24363,2.24375,573
2025-06-12 17:45:00,2.24375,2.24398,2.2426,2.24329,574
2025-06-12 17:50:00,2.24331,2.24354,2.24239,2.24269,598
2025-06-12 17:55:00,2.24269,2.24272,2.24123,2.24164,506
2025-06-12 18:00:00,2.24162,2.24175,2.24108,2.24164,602
2025-06-12 18:05:00,2.24162,2.24165,2.24079,2.24088,505
2025-06-12 18:10:00,2.24082,2.24088,2.24013,2.24054,533
2025-06-12 18:15:00,2.24054,2.24104,2.24028,2.24028,645
2025-06-12 18:20:00,2.24028,2.24075,2.23971,2.24072,657
2025-06-12 18:25:00,2.2407,2.24184,2.24058,2.24151,583
2025-06-12 18:30:00,2.24151,2.24155,2.24069,2.24082,540
2025-06-12 18:35:00,2.24082,2.24146,2.2407,2.24135,452
2025-06-12 18:40:00,2.24122,2.24178,2.2406,2.2408,541
2025-06-12 18:45:00,2.2408,2.24133,2.24036,2.24092,413
2025-06-12 18:50:00,2.2409499999999998,2.24104,2.24032,2.2403399999999998,472
2025-06-12 18:55:00,2.24038,2.24144,2.24038,2.2412,522
2025-06-12 19:00:00,2.24114,2.24146,2.24094,2.24125,546
2025-06-12 19:05:00,2.24121,2.24144,2.24101,2.24132,430
2025-06-12 19:10:00,2.24134,2.24134,2.24064,2.24098,419
2025-06-12 19:15:00,2.24098,2.24115,2.24055,2.2409,403
2025-06-12 19:20:00,2.24094,2.2411,2.24045,2.24106,398
2025-06-12 19:25:00,2.24104,2.24141,2.24064,2.24069,378
2025-06-12 19:30:00,2.24071,2.24118,2.24052,2.2409,442
2025-06-12 19:35:00,2.2409,2.24116,2.2406800000000002,2.24099,357
2025-06-12 19:40:00,2.24099,2.24123,2.2408,2.24099,334
2025-06-12 19:45:00,2.2409499999999998,2.24191,2.24078,2.24168,420
2025-06-12 19:50:00,2.24167,2.24185,2.24136,2.24169,289
2025-06-12 19:55:00,2.24169,2.24186,2.24107,2.24151,465
2025-06-12 20:00:00,2.24149,2.24213,2.24126,2.24148,541
2025-06-12 20:05:00,2.2415,2.24204,2.24146,2.24195,355
2025-06-12 20:10:00,2.24191,2.24245,2.24189,2.24199,357
2025-06-12 20:15:00,2.24199,2.24268,2.24199,2.24232,327
2025-06-12 20:20:00,2.24239,2.24266,2.24227,2.24241,335
2025-06-12 20:25:00,2.24241,2.24292,2.24212,2.24283,271
2025-06-12 20:30:00,2.24291,2.24294,2.24239,2.2428,270
2025-06-12 20:35:00,2.2428,2.24291,2.24231,2.24252,238
2025-06-12 20:40:00,2.2425,2.2425,2.24161,2.24188,347
2025-06-12 20:45:00,2.24184,2.24192,2.24122,2.24122,267
2025-06-12 20:50:00,2.24117,2.24184,2.24111,2.24176,288
2025-06-12 20:55:00,2.24177,2.24208,2.24152,2.24186,278
2025-06-12 21:00:00,2.24182,2.24197,2.24146,2.24161,342
2025-06-12 21:05:00,2.24159,2.24203,2.24124,2.2414,260
2025-06-12 21:10:00,2.24125,2.24178,2.24125,2.24177,191
2025-06-12 21:15:00,2.2418,2.24206,2.24159,2.24178,190
2025-06-12 21:20:00,2.24182,2.24194,2.24152,2.24171,242
2025-06-12 21:25:00,2.24169,2.24193,2.24155,2.24183,224
2025-06-12 21:30:00,2.24186,2.24201,2.24146,2.24174,213
2025-06-12 21:35:00,2.24174,2.24211,2.24141,2.24146,222
2025-06-12 21:40:00,2.24147,2.24212,2.24146,2.24208,265
2025-06-12 21:45:00,2.24205,2.24215,2.24177,2.24208,186
2025-06-12 21:50:00,2.24208,2.24236,2.24192,2.24236,219
2025-06-12 21:55:00,2.24232,2.24245,2.24144,2.24146,238
2025-06-12 22:00:00,2.2416,2.24185,2.2414,2.24181,252
2025-06-12 22:05:00,2.24181,2.2421699999999998,2.24165,2.2421,214
2025-06-12 22:10:00,2.2421,2.24223,2.24187,2.24205,169
2025-06-12 22:15:00,2.24206,2.24239,2.2419000000000002,2.2423,236
2025-06-12 22:20:00,2.24228,2.24243,2.24198,2.24236,220
2025-06-12 22:25:00,2.24236,2.24239,2.24168,2.24179,167
2025-06-12 22:30:00,2.24179,2.2422,2.24178,2.24204,198
2025-06-12 22:35:00,2.24204,2.24216,2.24173,2.24204,159
2025-06-12 22:40:00,2.24196,2.24254,2.24187,2.24244,253
2025-06-12 22:45:00,2.24243,2.24287,2.24226,2.24267,191
2025-06-12 22:50:00,2.24271,2.24296,2.24231,2.24293,231
2025-06-12 22:55:00,2.24295,2.24295,2.24244,2.24261,275
2025-06-12 23:00:00,2.24241,2.24283,2.24231,2.2425,187
2025-06-12 23:05:00,2.24248,2.24257,2.24195,2.24206,144
2025-06-12 23:10:00,2.24206,2.24227,2.2418,2.24197,161
2025-06-12 23:15:00,2.24198,2.24241,2.2418,2.24241,145
2025-06-12 23:20:00,2.24247,2.24299,2.24218,2.24288,162
2025-06-12 23:25:00,2.24291,2.24326,2.2426,2.24326,195
2025-06-12 23:30:00,2.24324,2.24346,2.24291,2.24313,113
2025-06-12 23:35:00,2.24317,2.24347,2.24292,2.24319,203
2025-06-12 23:40:00,2.24319,2.24319,2.2406800000000002,2.24138,147
2025-06-12 23:45:00,2.24142,2.24163,2.2414,2.24153,112
2025-06-12 23:50:00,2.2416,2.24186,2.24133,2.24154,239
2025-06-12 23:55:00,2.24152,2.24248,2.23995,2.24225,298
2025-06-13 00:00:00,2.24222,2.24222,2.23985,2.24061,19
2025-06-13 00:05:00,2.24061,2.24173,2.23971,2.24118,71
2025-06-13 00:10:00,2.24118,2.24118,2.24053,2.24076,37
2025-06-13 00:15:00,2.24074,2.2408,2.2407,2.2408,11
2025-06-13 00:20:00,2.24081,2.24088,2.24075,2.24086,44
2025-06-13 00:25:00,2.24084,2.2416,2.24083,2.24142,38
2025-06-13 00:30:00,2.24153,2.24153,2.24121,2.24121,43
2025-06-13 00:35:00,2.24121,2.2416,2.24121,2.2415599999999998,39
2025-06-13 00:40:00,2.2415599999999998,2.24182,2.24143,2.24159,160
2025-06-13 00:45:00,2.24163,2.24178,2.24147,2.24169,138
2025-06-13 00:50:00,2.24169,2.24181,2.24144,2.24144,104
2025-06-13 00:55:00,2.24144,2.24198,2.24144,2.24169,128
2025-06-13 01:00:00,2.24169,2.24403,2.24169,2.24386,172
2025-06-13 01:05:00,2.24383,2.24405,2.2436,2.2439,162
2025-06-13 01:10:00,2.2439,2.24395,2.24364,2.24364,240
2025-06-13 01:15:00,2.24378,2.24386,2.24349,2.24371,220
2025-06-13 01:20:00,2.24366,2.24422,2.24352,2.2442,135
2025-06-13 01:25:00,2.2442,2.24426,2.2437,2.24391,130
2025-06-13 01:30:00,2.24391,2.24432,2.24365,2.24385,179
2025-06-13 01:35:00,2.24385,2.24397,2.24314,2.24352,262
2025-06-13 01:40:00,2.24352,2.2436,2.24326,2.24354,183
2025-06-13 01:45:00,2.24358,2.24397,2.24336,2.2438,237
2025-06-13 01:50:00,2.2438,2.2439,2.2433899999999998,2.24358,235
2025-06-13 01:55:00,2.24357,2.24413,2.24331,2.24413,181
2025-06-13 02:00:00,2.24414,2.24428,2.24368,2.24412,203
2025-06-13 02:05:00,2.24416,2.24472,2.24388,2.24463,201
2025-06-13 02:10:00,2.24463,2.24473,2.24419,2.24466,179
2025-06-13 02:15:00,2.2446099999999998,2.24471,2.24414,2.24433,141
2025-06-13 02:20:00,2.24435,2.24442,2.2437,2.24378,178
2025-06-13 02:25:00,2.24378,2.24444,2.24368,2.24429,184
2025-06-13 02:30:00,2.24431,2.24445,2.24391,2.24429,158
2025-06-13 02:35:00,2.24429,2.24429,2.24392,2.24412,125
2025-06-13 02:40:00,2.24412,2.24458,2.24383,2.24438,230
2025-06-13 02:45:00,2.24438,2.24489,2.24421,2.24485,230
2025-06-13 02:50:00,2.24488,2.24624,2.24488,2.24624,221
2025-06-13 02:55:00,2.24627,2.24665,2.24575,2.24659,419
2025-06-13 03:00:00,2.2466,2.25175,2.24649,2.25135,1029
2025-06-13 03:05:00,2.25129,2.25199,2.25059,2.25198,1021
2025-06-13 03:10:00,2.25203,2.25259,2.2509,2.2513199999999998,1095
2025-06-13 03:15:00,2.25128,2.25327,2.25128,2.25316,1093
2025-06-13 03:20:00,2.25313,2.25447,2.25252,2.2537,910
2025-06-13 03:25:00,2.25373,2.25433,2.25346,2.25368,843
2025-06-13 03:30:00,2.25366,2.25432,2.25322,2.25384,969
2025-06-13 03:35:00,2.25384,2.25602,2.25341,2.25598,1020
2025-06-13 03:40:00,2.25578,2.25648,2.2546,2.25557,938
2025-06-13 03:45:00,2.25553,2.25632,2.25405,2.25526,903
2025-06-13 03:50:00,2.25526,2.2566,2.25518,2.25569,944
2025-06-13 03:55:00,2.25564,2.25676,2.25532,2.25598,848
2025-06-13 04:00:00,2.25613,2.25778,2.25557,2.25728,880
2025-06-13 04:05:00,2.25733,2.25873,2.25664,2.2566800000000002,861
2025-06-13 04:10:00,2.2566800000000002,2.25738,2.25379,2.25383,727
2025-06-13 04:15:00,2.25384,2.25547,2.25299,2.25499,706
2025-06-13 04:20:00,2.25497,2.25616,2.25267,2.25378,718
2025-06-13 04:25:00,2.25381,2.25487,2.253,2.25351,651
2025-06-13 04:30:00,2.25351,2.2557,2.25305,2.25568,729
2025-06-13 04:35:00,2.25564,2.25577,2.2535,2.2538,730
2025-06-13 04:40:00,2.2537599999999998,2.25465,2.25357,2.25394,581
2025-06-13 04:45:00,2.25383,2.25407,2.25001,2.25184,686
2025-06-13 04:50:00,2.25194,2.25227,2.2485,2.24893,694
2025-06-13 04:55:00,2.24892,2.2504,2.24858,2.24932,708
2025-06-13 05:00:00,2.24933,2.2505,2.24874,2.24878,774
2025-06-13 05:05:00,2.24878,2.2489,2.24714,2.24734,563
2025-06-13 05:10:00,2.24738,2.24743,2.2462,2.24639,538
2025-06-13 05:15:00,2.24637,2.24679,2.24436,2.24513,609
2025-06-13 05:20:00,2.24512,2.24578,2.24412,2.24555,681
2025-06-13 05:25:00,2.24555,2.24665,2.24502,2.24598,627
2025-06-13 05:30:00,2.24587,2.24663,2.2452199999999998,2.24626,671
2025-06-13 05:35:00,2.2462,2.24752,2.24606,2.24688,544
2025-06-13 05:40:00,2.24688,2.24992,2.24688,2.2492900000000002,708
2025-06-13 05:45:00,2.24934,2.2497,2.24798,2.2493,711
2025-06-13 05:50:00,2.24931,2.25001,2.24876,2.24908,664
2025-06-13 05:55:00,2.24919,2.25043,2.24877,2.24999,695
2025-06-13 06:00:00,2.2500999999999998,2.25089,2.2495,2.25004,676
2025-06-13 06:05:00,2.25004,2.25104,2.24937,2.24999,602
2025-06-13 06:10:00,2.24999,2.25131,2.24994,2.25107,556
2025-06-13 06:15:00,2.2511200000000002,2.25167,2.2505100000000002,2.25063,494
2025-06-13 06:20:00,2.25063,2.2508,2.24886,2.24941,474
2025-06-13 06:25:00,2.24943,2.25048,2.24925,2.25034,537
2025-06-13 06:30:00,2.25038,2.25069,2.24974,2.25012,494
2025-06-13 06:35:00,2.25012,2.2511,2.24843,2.24854,520
2025-06-13 06:40:00,2.24863,2.2487,2.24773,2.24799,500
2025-06-13 06:45:00,2.24803,2.2494,2.24762,2.24809,454
2025-06-13 06:50:00,2.2480700000000002,2.24817,2.24692,2.24726,478
2025-06-13 06:55:00,2.24726,2.24906,2.24726,2.24892,473
2025-06-13 07:00:00,2.2489,2.24943,2.24818,2.2494,491
2025-06-13 07:05:00,2.2494,2.24953,2.24881,2.24928,432
2025-06-13 07:10:00,2.24921,2.2498,2.24909,2.24968,559
2025-06-13 07:15:00,2.2497,2.25032,2.24935,2.24936,466
2025-06-13 07:20:00,2.24936,2.25042,2.24927,2.25027,403
2025-06-13 07:25:00,2.25022,2.25092,2.24986,2.25045,421
2025-06-13 07:30:00,2.25049,2.25059,2.24959,2.2500999999999998,475
2025-06-13 07:35:00,2.2500999999999998,2.25069,2.24993,2.2500999999999998,569
2025-06-13 07:40:00,2.25015,2.25059,2.24987,2.25023,515
2025-06-13 07:45:00,2.25024,2.2508,2.24991,2.2505800000000002,360
2025-06-13 07:50:00,2.2506399999999998,2.25166,2.25036,2.25147,414
2025-06-13 07:55:00,2.25151,2.25248,2.25083,2.25221,413
2025-06-13 08:00:00,2.25224,2.2531,2.2521,2.25246,618
2025-06-13 08:05:00,2.25246,2.25246,2.24932,2.24984,604
2025-06-13 08:10:00,2.24984,2.2507099999999998,2.2496,2.25053,453
2025-06-13 08:15:00,2.25054,2.25163,2.2505,2.25153,425
2025-06-13 08:20:00,2.25156,2.25214,2.25122,2.25204,563
2025-06-13 08:25:00,2.25201,2.25224,2.25133,2.25171,664
2025-06-13 08:30:00,2.2517300000000002,2.25255,2.25162,2.25229,550
2025-06-13 08:35:00,2.25227,2.2525,2.25057,2.2507,470
2025-06-13 08:40:00,2.2507,2.25218,2.25044,2.2516,517
2025-06-13 08:45:00,2.25161,2.25175,2.25065,2.25118,432
2025-06-13 08:50:00,2.25118,2.25144,2.2503,2.25127,518
2025-06-13 08:55:00,2.25116,2.25182,2.25089,2.25171,393
2025-06-13 09:00:00,2.25182,2.2519,2.25059,2.25059,623
2025-06-13 09:05:00,2.2507,2.25105,2.25008,2.2508,618
2025-06-13 09:10:00,2.25078,2.25078,2.24925,2.25027,604
2025-06-13 09:15:00,2.25027,2.25083,2.24989,2.25033,553
2025-06-13 09:20:00,2.25035,2.2507099999999998,2.24984,2.2502,488
2025-06-13 09:25:00,2.2502,2.25124,2.25018,2.2505800000000002,478
2025-06-13 09:30:00,2.2505800000000002,2.25059,2.24908,2.24939,488
2025-06-13 09:35:00,2.24933,2.25012,2.24905,2.24919,527
2025-06-13 09:40:00,2.24921,2.25045,2.24918,2.25033,624
2025-06-13 09:45:00,2.25036,2.25171,2.2503,2.25052,661
2025-06-13 09:50:00,2.25048,2.25152,2.2500299999999998,2.25106,542
2025-06-13 09:55:00,2.25106,2.25109,2.25018,2.25068,606
2025-06-13 10:00:00,2.25066,2.25136,2.25009,2.25127,821
2025-06-13 10:05:00,2.25128,2.25259,2.25121,2.25201,706
2025-06-13 10:10:00,2.25201,2.25261,2.25046,2.25099,734
2025-06-13 10:15:00,2.25102,2.25298,2.25102,2.25258,737
2025-06-13 10:20:00,2.25258,2.25465,2.25256,2.25421,644
2025-06-13 10:25:00,2.25419,2.25529,2.25396,2.25504,589
2025-06-13 10:30:00,2.25503,2.25541,2.25348,2.25373,574
2025-06-13 10:35:00,2.25373,2.25394,2.25313,2.25368,475
2025-06-13 10:40:00,2.25368,2.25387,2.25259,2.25265,407
2025-06-13 10:45:00,2.25269,2.25392,2.25253,2.25372,473
2025-06-13 10:50:00,2.25372,2.25438,2.25367,2.25408,591
2025-06-13 10:55:00,2.25411,2.25471,2.25364,2.2541700000000002,508
2025-06-13 11:00:00,2.25412,2.25462,2.25296,2.25335,586
2025-06-13 11:05:00,2.25335,2.25353,2.25211,2.25227,378
2025-06-13 11:10:00,2.25225,2.2523400000000002,2.25065,2.25082,461
2025-06-13 11:15:00,2.25083,2.25133,2.25035,2.25109,505
2025-06-13 11:20:00,2.25109,2.25163,2.25094,2.25144,408
2025-06-13 11:25:00,2.25146,2.25182,2.2511,2.2512499999999998,501
2025-06-13 11:30:00,2.25123,2.25227,2.2512,2.25161,413
2025-06-13 11:35:00,2.25161,2.25246,2.2511900000000002,2.25227,526
2025-06-13 11:40:00,2.25228,2.25343,2.2518599999999998,2.25298,489
2025-06-13 11:45:00,2.2530200000000002,2.25353,2.2524100000000002,2.25275,369
2025-06-13 11:50:00,2.25275,2.25331,2.25262,2.25267,473
2025-06-13 11:55:00,2.25267,2.253,2.25161,2.25227,369
2025-06-13 12:00:00,2.25227,2.2529,2.25142,2.2529,531
2025-06-13 12:05:00,2.2529,2.25355,2.25201,2.25286,444
2025-06-13 12:10:00,2.25282,2.25288,2.25203,2.25275,470
2025-06-13 12:15:00,2.25277,2.2535,2.25249,2.25293,570
2025-06-13 12:20:00,2.25293,2.25345,2.25278,2.2529500000000002,508
2025-06-13 12:25:00,2.2529500000000002,2.25326,2.25251,2.25299,415
2025-06-13 12:30:00,2.25303,2.25329,2.25259,2.253,461
2025-06-13 12:35:00,2.25297,2.25316,2.2526,2.25309,333
2025-06-13 12:40:00,2.25311,2.2541,2.25297,2.25394,474
2025-06-13 12:45:00,2.2539,2.25404,2.25308,2.25338,372
2025-06-13 12:50:00,2.25338,2.25366,2.25284,2.2534,461
2025-06-13 12:55:00,2.2534,2.25365,2.2529,2.253,484
2025-06-13 13:00:00,2.25298,2.2537599999999998,2.25294,2.25323,570
2025-06-13 13:05:00,2.25332,2.25545,2.2533,2.25541,434
2025-06-13 13:10:00,2.25542,2.25552,2.25449,2.25455,371
2025-06-13 13:15:00,2.25455,2.25512,2.25427,2.25466,421
2025-06-13 13:20:00,2.25467,2.25504,2.25409,2.25504,456
2025-06-13 13:25:00,2.25493,2.25547,2.25471,2.255,461
2025-06-13 13:30:00,2.25493,2.25601,2.25471,2.25598,447
2025-06-13 13:35:00,2.25599,2.25623,2.25507,2.25524,561
2025-06-13 13:40:00,2.25524,2.25567,2.25463,2.25567,453
2025-06-13 13:45:00,2.25567,2.25591,2.25503,2.25522,641
2025-06-13 13:50:00,2.25543,2.25605,2.25516,2.25574,502
2025-06-13 13:55:00,2.25574,2.25599,2.25535,2.25577,489
2025-06-13 14:00:00,2.25579,2.2558,2.25503,2.25518,544
2025-06-13 14:05:00,2.25512,2.25526,2.25462,2.25468,515
2025-06-13 14:10:00,2.25466,2.25519,2.25427,2.25508,578
2025-06-13 14:15:00,2.2551,2.25523,2.25406,2.25445,498
2025-06-13 14:20:00,2.25445,2.25481,2.2536,2.25378,524
2025-06-13 14:25:00,2.25367,2.25377,2.25307,2.25352,508
2025-06-13 14:30:00,2.25352,2.25372,2.2524100000000002,2.25253,561
2025-06-13 14:35:00,2.25256,2.25331,2.25218,2.2532,539
2025-06-13 14:40:00,2.2532,2.25343,2.2529,2.25332,402
2025-06-13 14:45:00,2.25341,2.25387,2.25261,2.25378,474
2025-06-13 14:50:00,2.25378,2.25432,2.25358,2.25415,435
2025-06-13 14:55:00,2.25415,2.25423,2.25342,2.25371,479
2025-06-13 15:00:00,2.25372,2.25401,2.25313,2.25322,446
2025-06-13 15:05:00,2.25324,2.2535600000000002,2.2529500000000002,2.25334,447
2025-06-13 15:10:00,2.25334,2.25343,2.25289,2.2533,420
2025-06-13 15:15:00,2.2533,2.25334,2.25245,2.25247,350
2025-06-13 15:20:00,2.2526,2.2532,2.25157,2.25289,590
2025-06-13 15:25:00,2.25288,2.25288,2.25204,2.25245,451
2025-06-13 15:30:00,2.25246,2.25271,2.2519299999999998,2.25235,498
2025-06-13 15:35:00,2.25235,2.25271,2.25213,2.2525,430
2025-06-13 15:40:00,2.25244,2.25313,2.25206,2.25296,401
2025-06-13 15:45:00,2.25292,2.253,2.252,2.25216,306
2025-06-13 15:50:00,2.2522,2.25333,2.25158,2.25266,410
2025-06-13 15:55:00,2.25266,2.25272,2.25152,2.25216,412
2025-06-13 16:00:00,2.25224,2.25263,2.25199,2.25257,499
2025-06-13 16:05:00,2.25255,2.25296,2.25243,2.2525,402
2025-06-13 16:10:00,2.25248,2.25296,2.25194,2.25236,565
2025-06-13 16:15:00,2.25247,2.25258,2.25184,2.25245,476
2025-06-13 16:20:00,2.25245,2.25267,2.25206,2.25255,392
2025-06-13 16:25:00,2.25257,2.25289,2.25206,2.25217,452
2025-06-13 16:30:00,2.25213,2.25267,2.25057,2.25092,584
2025-06-13 16:35:00,2.25088,2.25093,2.24895,2.24914,666
2025-06-13 16:40:00,2.24914,2.25009,2.24843,2.24843,560
2025-06-13 16:45:00,2.24843,2.24966,2.24843,2.24917,513
2025-06-13 16:50:00,2.24917,2.24963,2.24843,2.24943,529
2025-06-13 16:55:00,2.24943,2.25006,2.24911,2.24972,522
2025-06-13 17:00:00,2.24964,2.24971,2.24808,2.24882,666
2025-06-13 17:05:00,2.24882,2.24904,2.24785,2.24792,621
2025-06-13 17:10:00,2.24793,2.24885,2.24738,2.24854,716
2025-06-13 17:15:00,2.24853,2.24859,2.24719,2.24784,595
2025-06-13 17:20:00,2.24784,2.24848,2.2471,2.24788,569
2025-06-13 17:25:00,2.24788,2.24857,2.2474600000000002,2.24823,548
2025-06-13 17:30:00,2.24823,2.24863,2.24794,2.2482699999999998,512
2025-06-13 17:35:00,2.24823,2.24846,2.24679,2.24696,513
2025-06-13 17:40:00,2.24696,2.2486,2.24676,2.24832,518
2025-06-13 17:45:00,2.24829,2.25041,2.24782,2.24991,626
2025-06-13 17:50:00,2.24991,2.25031,2.24922,2.24945,705
2025-06-13 17:55:00,2.24945,2.2512499999999998,2.24937,2.2512499999999998,749
2025-06-13 18:00:00,2.25123,2.25208,2.25092,2.25164,662
2025-06-13 18:05:00,2.25177,2.25205,2.25107,2.25147,539
2025-06-13 18:10:00,2.25145,2.25236,2.25105,2.2512,557
2025-06-13 18:15:00,2.2512499999999998,2.2515,2.25077,2.25135,507
2025-06-13 18:20:00,2.25135,2.2518000000000002,2.25069,2.25148,488
2025-06-13 18:25:00,2.25148,2.2521,2.25142,2.25188,530
2025-06-13 18:30:00,2.25196,2.25218,2.25108,2.25155,477
2025-06-13 18:35:00,2.25155,2.2521,2.25107,2.25204,451
2025-06-13 18:40:00,2.25208,2.2527,2.25189,2.25265,397
2025-06-13 18:45:00,2.25265,2.25265,2.25134,2.25203,476
2025-06-13 18:50:00,2.25207,2.25225,2.2515,2.25218,580
2025-06-13 18:55:00,2.25217,2.25232,2.25171,2.25184,490
2025-06-13 19:00:00,2.25182,2.25232,2.2515,2.25207,414
2025-06-13 19:05:00,2.25211,2.25225,2.25133,2.2516,392
2025-06-13 19:10:00,2.25161,2.25183,2.25114,2.25129,353
2025-06-13 19:15:00,2.25127,2.25178,2.25117,2.25167,342
2025-06-13 19:20:00,2.25167,2.25176,2.25128,2.25148,217
2025-06-13 19:25:00,2.25148,2.25169,2.25097,2.25133,299
2025-06-13 19:30:00,2.25136,2.25136,2.25057,2.251,299
2025-06-13 19:35:00,2.25098,2.2512499999999998,2.2506,2.25092,274
2025-06-13 19:40:00,2.25094,2.25157,2.25085,2.25147,300
2025-06-13 19:45:00,2.25147,2.25165,2.25121,2.25165,297
2025-06-13 19:50:00,2.25165,2.2517,2.25076,2.25084,365
2025-06-13 19:55:00,2.25088,2.25152,2.2507099999999998,2.25134,339
2025-06-13 20:00:00,2.25136,2.2514,2.25037,2.2509,373
2025-06-13 20:05:00,2.25093,2.25161,2.25067,2.25143,319
2025-06-13 20:10:00,2.25143,2.25214,2.25122,2.25181,383
2025-06-13 20:15:00,2.25185,2.25223,2.25161,2.252,383
2025-06-13 20:20:00,2.25204,2.25238,2.25174,2.25225,423
2025-06-13 20:25:00,2.25228,2.25237,2.25185,2.25204,320
2025-06-13 20:30:00,2.25194,2.25209,2.25152,2.25209,372
2025-06-13 20:35:00,2.25212,2.25296,2.25199,2.25273,383
2025-06-13 20:40:00,2.25273,2.25305,2.25237,2.25296,343
2025-06-13 20:45:00,2.25293,2.25325,2.25266,2.25311,212
2025-06-13 20:50:00,2.25311,2.25319,2.25261,2.25307,352
2025-06-13 20:55:00,2.25313,2.25388,2.25279,2.25337,302
2025-06-13 21:00:00,2.25337,2.25372,2.2527,2.25366,363
2025-06-13 21:05:00,2.25368,2.25398,2.25339,2.25372,423
2025-06-13 21:10:00,2.25364,2.25373,2.25301,2.2534,323
2025-06-13 21:15:00,2.25338,2.25443,2.25336,2.25389,287
2025-06-13 21:20:00,2.25388,2.25413,2.2535600000000002,2.2539,180
2025-06-13 21:25:00,2.25389,2.2548,2.2538,2.2544,402
2025-06-13 21:30:00,2.25442,2.25449,2.25362,2.25399,489
2025-06-13 21:35:00,2.25394,2.2544399999999998,2.2535600000000002,2.25364,339
2025-06-13 21:40:00,2.2536300000000002,2.25529,2.25343,2.25525,385
2025-06-13 21:45:00,2.25525,2.25525,2.25403,2.25438,337
2025-06-13 21:50:00,2.25433,2.25441,2.25359,2.25387,439
2025-06-13 21:55:00,2.25389,2.25395,2.25282,2.25286,410
2025-06-13 22:00:00,2.2529500000000002,2.25358,2.25264,2.25342,361
2025-06-13 22:05:00,2.25343,2.25369,2.2527,2.25299,350
2025-06-13 22:10:00,2.253,2.25325,2.25273,2.2529500000000002,279
2025-06-13 22:15:00,2.25297,2.25305,2.2523400000000002,2.25265,321
2025-06-13 22:20:00,2.2527,2.25312,2.25261,2.25298,324
2025-06-13 22:25:00,2.25321,2.25327,2.25272,2.25283,165
2025-06-13 22:30:00,2.25283,2.2531499999999998,2.25244,2.25292,230
2025-06-13 22:35:00,2.25292,2.25343,2.25284,2.25337,311
2025-06-13 22:40:00,2.25343,2.25353,2.25297,2.25301,230
2025-06-13 22:45:00,2.25305,2.25383,2.25305,2.25365,284
2025-06-13 22:50:00,2.25365,2.25404,2.25336,2.25355,340
2025-06-13 22:55:00,2.25358,2.25402,2.25299,2.25301,454
2025-06-13 23:00:00,2.25299,2.25377,2.25297,2.25354,379
2025-06-13 23:05:00,2.25354,2.25381,2.25329,2.25355,203
2025-06-13 23:10:00,2.25355,2.25388,2.25317,2.2535,298
2025-06-13 23:15:00,2.25349,2.254,2.25349,2.25382,151
2025-06-13 23:20:00,2.25394,2.25438,2.2538,2.25429,128
2025-06-13 23:25:00,2.25429,2.25449,2.25413,2.25435,182
2025-06-13 23:30:00,2.25439,2.25468,2.25384,2.2546,152
2025-06-13 23:35:00,2.25462,2.25479,2.25414,2.25421,97
2025-06-13 23:40:00,2.25421,2.25421,2.25129,2.25185,262
2025-06-13 23:45:00,2.25187,2.25195,2.25117,2.25134,262
2025-06-13 23:50:00,2.25137,2.25261,2.25137,2.25233,223
2025-06-13 23:55:00,2.25235,2.25245,2.25072,2.25216,272
2025-06-16 00:00:00,2.25709,2.25723,2.25291,2.25464,19
2025-06-16 00:05:00,2.2557,2.2557,2.25022,2.25208,73
2025-06-16 00:10:00,2.25208,2.25208,2.25068,2.25074,122
2025-06-16 00:15:00,2.25072,2.25072,2.25007,2.25016,75
2025-06-16 00:20:00,2.25016,2.2504,2.24884,2.25022,32
2025-06-16 00:25:00,2.25024,2.25028,2.24904,2.24928,55
2025-06-16 00:30:00,2.25008,2.2526,2.24902,2.25226,152
2025-06-16 00:35:00,2.25226,2.25252,2.24952,2.2497,98
2025-06-16 00:40:00,2.24966,2.25146,2.24904,2.24938,208
2025-06-16 00:45:00,2.24936,2.25014,2.24933,2.24956,120
2025-06-16 00:50:00,2.24956,2.25342,2.24956,2.25288,831
2025-06-16 00:55:00,2.25288,2.25288,2.24928,2.25018,187
2025-06-16 01:00:00,2.25166,2.25262,2.25108,2.25114,379
2025-06-16 01:05:00,2.2511200000000002,2.25271,2.25035,2.25219,271
2025-06-16 01:10:00,2.25219,2.2526,2.25098,2.25218,284
2025-06-16 01:15:00,2.2521,2.25229,2.25137,2.25199,933
2025-06-16 01:20:00,2.25197,2.25281,2.25171,2.25176,510
2025-06-16 01:25:00,2.25176,2.25263,2.25166,2.25232,384
2025-06-16 01:30:00,2.25239,2.25336,2.25178,2.25293,625
2025-06-16 01:35:00,2.25293,2.25346,2.25244,2.25301,551
2025-06-16 01:40:00,2.25301,2.25355,2.25268,2.25281,653
2025-06-16 01:45:00,2.25281,2.25311,2.25247,2.25283,586
2025-06-16 01:50:00,2.25283,2.25464,2.25253,2.25404,718
2025-06-16 01:55:00,2.25389,2.25451,2.25357,2.25447,1011
2025-06-16 02:00:00,2.25441,2.2549,2.25409,2.25483,445
2025-06-16 02:05:00,2.25486,2.25491,2.25411,2.25442,412
2025-06-16 02:10:00,2.25438,2.25535,2.25421,2.25429,297
2025-06-16 02:15:00,2.25432,2.25452,2.25319,2.2533,367
2025-06-16 02:20:00,2.2533,2.25377,2.25316,2.25346,365
2025-06-16 02:25:00,2.25343,2.25398,2.25336,2.25365,262
2025-06-16 02:30:00,2.25365,2.25425,2.25344,2.25366,306
2025-06-16 02:35:00,2.25365,2.2537599999999998,2.25326,2.25339,321
2025-06-16 02:40:00,2.25339,2.25362,2.25262,2.25262,326
2025-06-16 02:45:00,2.25266,2.25307,2.25226,2.25243,278
2025-06-16 02:50:00,2.25244,2.25244,2.25176,2.25189,359
2025-06-16 02:55:00,2.25187,2.2519299999999998,2.25096,2.25104,346
2025-06-16 03:00:00,2.25109,2.2516,2.25061,2.25089,551
2025-06-16 03:05:00,2.25089,2.25113,2.24989,2.24993,361
2025-06-16 03:10:00,2.24996,2.25016,2.24927,2.2498,506
2025-06-16 03:15:00,2.2498,2.25094,2.24979,2.25069,350
2025-06-16 03:20:00,2.2505800000000002,2.25086,2.24956,2.24977,437
2025-06-16 03:25:00,2.24976,2.24985,2.24927,2.2496,413
2025-06-16 03:30:00,2.2496,2.24983,2.24887,2.24915,435
2025-06-16 03:35:00,2.24915,2.24917,2.24845,2.24866,342
2025-06-16 03:40:00,2.2487,2.24896,2.24844,2.24867,462
2025-06-16 03:45:00,2.2486,2.24918,2.24839,2.24901,386
2025-06-16 03:50:00,2.24901,2.2495,2.24857,2.24875,499
2025-06-16 03:55:00,2.24876,2.24952,2.24876,2.24933,453
2025-06-16 04:00:00,2.2494,2.24973,2.24884,2.2495,598
2025-06-16 04:05:00,2.24947,2.24993,2.24917,2.24975,527
2025-06-16 04:10:00,2.2498,2.24984,2.24934,2.2497,440
2025-06-16 04:15:00,2.24966,2.25061,2.24925,2.25054,509
2025-06-16 04:20:00,2.25053,2.25096,2.25005,2.25081,426
2025-06-16 04:25:00,2.25081,2.25107,2.25044,2.25096,504
2025-06-16 04:30:00,2.25099,2.25215,2.25023,2.25207,600
2025-06-16 04:35:00,2.25212,2.253,2.25192,2.25203,548
2025-06-16 04:40:00,2.25203,2.25252,2.25118,2.25158,506
2025-06-16 04:45:00,2.25162,2.25208,2.2512,2.25152,523
2025-06-16 04:50:00,2.25156,2.25169,2.25025,2.25042,609
2025-06-16 04:55:00,2.25028,2.2505800000000002,2.24995,2.25024,537
2025-06-16 05:00:00,2.25006,2.25124,2.24954,2.25108,558
2025-06-16 05:05:00,2.25111,2.25206,2.2511,2.25172,521
2025-06-16 05:10:00,2.25172,2.25182,2.24918,2.25024,546
2025-06-16 05:15:00,2.25023,2.25026,2.24893,2.24956,558
2025-06-16 05:20:00,2.24956,2.25054,2.24938,2.25007,586
2025-06-16 05:25:00,2.25011,2.25048,2.24943,2.24972,503
2025-06-16 05:30:00,2.24974,2.25001,2.2494899999999998,2.24987,516
2025-06-16 05:35:00,2.24987,2.25011,2.24946,2.24991,408
2025-06-16 05:40:00,2.24989,2.25038,2.24973,2.25002,490
2025-06-16 05:45:00,2.2500999999999998,2.2505100000000002,2.24978,2.25042,434
2025-06-16 05:50:00,2.25031,2.25056,2.2494,2.24972,470
2025-06-16 05:55:00,2.24971,2.25031,2.24964,2.25012,421
2025-06-16 06:00:00,2.25018,2.25047,2.24959,2.24989,466
2025-06-16 06:05:00,2.24988,2.25065,2.24925,2.25046,425
2025-06-16 06:10:00,2.25044,2.25136,2.24987,2.2511900000000002,605
2025-06-16 06:15:00,2.25115,2.25227,2.25095,2.25223,476
2025-06-16 06:20:00,2.25223,2.25262,2.2513,2.2514,522
2025-06-16 06:25:00,2.25141,2.25176,2.25092,2.25148,511
2025-06-16 06:30:00,2.25151,2.25197,2.2508,2.25094,494
2025-06-16 06:35:00,2.25101,2.25401,2.25077,2.25351,465
2025-06-16 06:40:00,2.25354,2.25409,2.25157,2.25175,448
2025-06-16 06:45:00,2.25177,2.25191,2.2513199999999998,2.25169,456
2025-06-16 06:50:00,2.25165,2.25271,2.2515,2.2525,466
2025-06-16 06:55:00,2.2525399999999998,2.25272,2.2517,2.2518000000000002,387
2025-06-16 07:00:00,2.25184,2.25184,2.25052,2.25069,476
2025-06-16 07:05:00,2.25069,2.25174,2.25044,2.25093,440
2025-06-16 07:10:00,2.25095,2.25196,2.25075,2.2518000000000002,468
2025-06-16 07:15:00,2.25182,2.25251,2.2517,2.25189,395
2025-06-16 07:20:00,2.25185,2.25235,2.25146,2.25223,384
2025-06-16 07:25:00,2.25225,2.2524100000000002,2.2516,2.25176,388
2025-06-16 07:30:00,2.25176,2.25202,2.25137,2.2516,379
2025-06-16 07:35:00,2.25159,2.25255,2.25157,2.2518000000000002,320
2025-06-16 07:40:00,2.25184,2.25229,2.25175,2.25214,273
2025-06-16 07:45:00,2.25212,2.25232,2.25175,2.25213,388
2025-06-16 07:50:00,2.25213,2.25261,2.25192,2.25211,357
2025-06-16 07:55:00,2.25203,2.25231,2.2513199999999998,2.25167,337
2025-06-16 08:00:00,2.25171,2.2517300000000002,2.25096,2.25169,512
2025-06-16 08:05:00,2.25167,2.25182,2.25086,2.25106,475
2025-06-16 08:10:00,2.25106,2.25138,2.2508,2.2513199999999998,468
2025-06-16 08:15:00,2.25136,2.25156,2.25069,2.251,576
2025-06-16 08:20:00,2.25098,2.25103,2.24991,2.25002,517
2025-06-16 08:25:00,2.25002,2.25086,2.24993,2.2505800000000002,524
2025-06-16 08:30:00,2.25057,2.25075,2.25004,2.2507099999999998,578
2025-06-16 08:35:00,2.25068,2.2509,2.25016,2.25055,529
2025-06-16 08:40:00,2.2506,2.25082,2.24999,2.25034,517
2025-06-16 08:45:00,2.25034,2.25104,2.25022,2.25102,336
2025-06-16 08:50:00,2.25103,2.25123,2.25013,2.25095,516
2025-06-16 08:55:00,2.251,2.25161,2.25067,2.2512499999999998,505
2025-06-16 09:00:00,2.2511900000000002,2.25128,2.25007,2.25032,625
2025-06-16 09:05:00,2.25034,2.25102,2.2500999999999998,2.25102,440
2025-06-16 09:10:00,2.25101,2.25148,2.25055,2.25093,449
2025-06-16 09:15:00,2.25095,2.25203,2.25092,2.25202,469
2025-06-16 09:20:00,2.25202,2.2531499999999998,2.25167,2.25267,509
2025-06-16 09:25:00,2.25267,2.25282,2.2518599999999998,2.25268,506
2025-06-16 09:30:00,2.25268,2.25351,2.25232,2.2534,513
2025-06-16 09:35:00,2.2534,2.25426,2.25319,2.25366,419
2025-06-16 09:40:00,2.25366,2.25374,2.25262,2.25322,482
2025-06-16 09:45:00,2.25324,2.25326,2.25205,2.25279,398
2025-06-16 09:50:00,2.25265,2.25323,2.25194,2.25269,589
2025-06-16 09:55:00,2.25269,2.25304,2.25206,2.25271,612
2025-06-16 10:00:00,2.25263,2.25373,2.25263,2.25283,593
2025-06-16 10:05:00,2.25283,2.2532,2.25248,2.25313,510
2025-06-16 10:10:00,2.25307,2.2535,2.25264,2.25294,589
2025-06-16 10:15:00,2.2529500000000002,2.25321,2.25255,2.2532,530
2025-06-16 10:20:00,2.25323,2.25338,2.25268,2.253,560
2025-06-16 10:25:00,2.25299,2.2532,2.252,2.25207,545
2025-06-16 10:30:00,2.25208,2.2522,2.25162,2.25182,547
2025-06-16 10:35:00,2.25182,2.25205,2.25161,2.25172,383
2025-06-16 10:40:00,2.25174,2.25228,2.25141,2.25221,460
2025-06-16 10:45:00,2.25216,2.2522,2.25113,2.25197,366
2025-06-16 10:50:00,2.25197,2.25257,2.25154,2.25157,438
2025-06-16 10:55:00,2.25157,2.25283,2.25131,2.25273,464
2025-06-16 11:00:00,2.25279,2.25316,2.25218,2.25272,453
2025-06-16 11:05:00,2.25271,2.25274,2.2518599999999998,2.25203,410
2025-06-16 11:10:00,2.25197,2.25238,2.25155,2.25163,462
2025-06-16 11:15:00,2.25166,2.25174,2.25141,2.25151,425
2025-06-16 11:20:00,2.25148,2.25259,2.25105,2.2524,427
2025-06-16 11:25:00,2.25236,2.25263,2.25188,2.252,381
2025-06-16 11:30:00,2.25199,2.2525,2.25163,2.25183,409
2025-06-16 11:35:00,2.25185,2.25222,2.25129,2.2516,426
2025-06-16 11:40:00,2.25156,2.25156,2.25039,2.25043,421
2025-06-16 11:45:00,2.25043,2.25043,2.24931,2.24931,403
2025-06-16 11:50:00,2.2492900000000002,2.24943,2.24799,2.24846,413
2025-06-16 11:55:00,2.24842,2.24853,2.24795,2.24824,442
2025-06-16 12:00:00,2.24817,2.24894,2.24815,2.2483,534
2025-06-16 12:05:00,2.2483,2.24864,2.24763,2.24809,408
2025-06-16 12:10:00,2.24813,2.24869,2.24788,2.2484,352
2025-06-16 12:15:00,2.24838,2.24859,2.24809,2.24852,405
2025-06-16 12:20:00,2.2485,2.24886,2.2483,2.24838,374
2025-06-16 12:25:00,2.24838,2.24849,2.2476,2.24805,277
2025-06-16 12:30:00,2.24805,2.24843,2.24765,2.24841,307
2025-06-16 12:35:00,2.24841,2.24942,2.24836,2.24918,372
2025-06-16 12:40:00,2.24918,2.2492,2.24858,2.24865,368
2025-06-16 12:45:00,2.24869,2.24873,2.24801,2.24811,287
2025-06-16 12:50:00,2.24811,2.24849,2.24767,2.24782,354
2025-06-16 12:55:00,2.24776,2.24806,2.24737,2.24784,411
2025-06-16 13:00:00,2.2478,2.24817,2.24749,2.24801,322
2025-06-16 13:05:00,2.24803,2.24832,2.24783,2.24824,296
2025-06-16 13:10:00,2.24824,2.24834,2.24775,2.24817,306
2025-06-16 13:15:00,2.24818,2.24826,2.2475,2.24767,315
2025-06-16 13:20:00,2.24763,2.24769,2.24713,2.24717,278
2025-06-16 13:25:00,2.24715,2.24729,2.247,2.24706,273
2025-06-16 13:30:00,2.2471,2.2473,2.24668,2.24698,311
2025-06-16 13:35:00,2.24695,2.247,2.24654,2.24661,282
2025-06-16 13:40:00,2.24661,2.24688,2.24626,2.2463,239
2025-06-16 13:45:00,2.24626,2.24677,2.24608,2.24673,228
2025-06-16 13:50:00,2.24679,2.24699,2.24609,2.24636,348
2025-06-16 13:55:00,2.24627,2.24675,2.24591,2.24659,490
2025-06-16 14:00:00,2.24659,2.24666,2.24606,2.2464,439
2025-06-16 14:05:00,2.24627,2.24679,2.24617,2.24669,301
2025-06-16 14:10:00,2.24673,2.2470499999999998,2.24632,2.24639,292
2025-06-16 14:15:00,2.24639,2.24688,2.24631,2.24665,304
2025-06-16 14:20:00,2.24672,2.24673,2.2462,2.24639,345
2025-06-16 14:25:00,2.24641,2.2465,2.24592,2.24615,341
2025-06-16 14:30:00,2.24615,2.24659,2.24593,2.24625,282
2025-06-16 14:35:00,2.24623,2.24643,2.24577,2.24591,394
2025-06-16 14:40:00,2.24591,2.24608,2.24507,2.24513,411
2025-06-16 14:45:00,2.24502,2.24516,2.24454,2.24474,350
2025-06-16 14:50:00,2.24473,2.24481,2.24343,2.24345,383
2025-06-16 14:55:00,2.24343,2.24356,2.24247,2.24257,485
2025-06-16 15:00:00,2.2425,2.24336,2.24232,2.24249,558
2025-06-16 15:05:00,2.24249,2.24269,2.24176,2.24219,454
2025-06-16 15:10:00,2.24221,2.24296,2.24205,2.2423,419
2025-06-16 15:15:00,2.24229,2.24238,2.24144,2.24193,399
2025-06-16 15:20:00,2.24195,2.24221,2.24167,2.24183,423
2025-06-16 15:25:00,2.24186,2.24276,2.24147,2.24253,476
2025-06-16 15:30:00,2.24253,2.24307,2.24226,2.24292,616
2025-06-16 15:35:00,2.24292,2.24317,2.24182,2.24205,476
2025-06-16 15:40:00,2.24205,2.24221,2.24164,2.24193,524
2025-06-16 15:45:00,2.24195,2.24237,2.24178,2.24198,395
2025-06-16 15:50:00,2.24202,2.24273,2.24186,2.24209,479
2025-06-16 15:55:00,2.24208,2.24235,2.24111,2.2414,462
2025-06-16 16:00:00,2.2414,2.24245,2.24132,2.24236,558
2025-06-16 16:05:00,2.24241,2.24327,2.2421699999999998,2.24273,676
2025-06-16 16:10:00,2.24258,2.24277,2.24153,2.24187,542
2025-06-16 16:15:00,2.24187,2.24235,2.24152,2.24191,461
2025-06-16 16:20:00,2.24198,2.24268,2.24151,2.24224,530
2025-06-16 16:25:00,2.24228,2.24252,2.2419000000000002,2.24196,521
2025-06-16 16:30:00,2.24192,2.24194,2.24027,2.24093,587
2025-06-16 16:35:00,2.24097,2.24147,2.24061,2.24114,640
2025-06-16 16:40:00,2.24109,2.24227,2.24109,2.24123,623
2025-06-16 16:45:00,2.24121,2.24157,2.24051,2.24074,674
2025-06-16 16:50:00,2.24074,2.24118,2.2401,2.24061,758
2025-06-16 16:55:00,2.24063,2.24119,2.23998,2.24042,876
2025-06-16 17:00:00,2.24036,2.24076,2.2384,2.23848,893
2025-06-16 17:05:00,2.23848,2.23883,2.23789,2.23844,702
2025-06-16 17:10:00,2.23845,2.23863,2.23677,2.23743,674
2025-06-16 17:15:00,2.23747,2.23837,2.23742,2.23782,626
2025-06-16 17:20:00,2.23786,2.23874,2.23756,2.23761,623
2025-06-16 17:25:00,2.23761,2.23803,2.23703,2.23772,632
2025-06-16 17:30:00,2.23775,2.23869,2.23759,2.23835,638
2025-06-16 17:35:00,2.23839,2.23894,2.23798,2.23853,622
2025-06-16 17:40:00,2.23854,2.23887,2.23799,2.23816,669
2025-06-16 17:45:00,2.23816,2.23923,2.23799,2.23843,760
2025-06-16 17:50:00,2.23848,2.23919,2.23793,2.23811,694
2025-06-16 17:55:00,2.23806,2.23835,2.23766,2.23801,718
2025-06-16 18:00:00,2.23801,2.23826,2.23734,2.23771,714
2025-06-16 18:05:00,2.23768,2.23789,2.23655,2.23668,560
2025-06-16 18:10:00,2.23667,2.23743,2.23618,2.23717,497
2025-06-16 18:15:00,2.2372199999999998,2.23888,2.2372199999999998,2.23849,500
2025-06-16 18:20:00,2.23849,2.23881,2.23813,2.2385,513
2025-06-16 18:25:00,2.23854,2.23883,2.23794,2.23861,474
2025-06-16 18:30:00,2.23863,2.23863,2.23756,2.23804,524
2025-06-16 18:35:00,2.23807,2.23836,2.2377,2.23795,515
2025-06-16 18:40:00,2.23799,2.23806,2.23707,2.23748,417
2025-06-16 18:45:00,2.2373,2.23787,2.23713,2.23785,453
2025-06-16 18:50:00,2.23785,2.2391,2.23774,2.23889,505
2025-06-16 18:55:00,2.23889,2.23943,2.23849,2.23915,470
2025-06-16 19:00:00,2.23921,2.23951,2.23856,2.23916,376
2025-06-16 19:05:00,2.23916,2.23941,2.23819,2.23835,353
2025-06-16 19:10:00,2.23832,2.23832,2.23708,2.23755,399
2025-06-16 19:15:00,2.23755,2.23839,2.23748,2.23816,391
2025-06-16 19:20:00,2.23816,2.23836,2.23753,2.23817,390
2025-06-16 19:25:00,2.23822,2.2384,2.23781,2.23799,412
2025-06-16 19:30:00,2.23803,2.23821,2.23766,2.23801,359
2025-06-16 19:35:00,2.23801,2.2388,2.23781,2.23867,371
2025-06-16 19:40:00,2.23869,2.23923,2.23845,2.23862,422
2025-06-16 19:45:00,2.23856,2.23866,2.23783,2.238,329
2025-06-16 19:50:00,2.23796,2.23812,2.23718,2.2372199999999998,279
2025-06-16 19:55:00,2.2372199999999998,2.23839,2.23699,2.23828,286
2025-06-16 20:00:00,2.2383,2.23895,2.2383,2.2388,414
2025-06-16 20:05:00,2.2388,2.23926,2.23858,2.23858,390
2025-06-16 20:10:00,2.23856,2.23871,2.23781,2.23809,411
2025-06-16 20:15:00,2.23805,2.23836,2.23764,2.23768,275
2025-06-16 20:20:00,2.23772,2.23819,2.2377,2.23784,271
2025-06-16 20:25:00,2.23791,2.23815,2.23754,2.23769,295
2025-06-16 20:30:00,2.23777,2.23819,2.23733,2.23795,389
2025-06-16 20:35:00,2.23799,2.23862,2.23792,2.23838,320
2025-06-16 20:40:00,2.23835,2.23871,2.23801,2.23869,274
2025-06-16 20:45:00,2.23869,2.23896,2.23834,2.23893,327
2025-06-16 20:50:00,2.23893,2.23908,2.23867,2.23893,296
2025-06-16 20:55:00,2.2388500000000002,2.23918,2.23847,2.23883,310
2025-06-16 21:00:00,2.2388500000000002,2.23921,2.23854,2.23866,408
2025-06-16 21:05:00,2.23873,2.23883,2.23837,2.23883,329
2025-06-16 21:10:00,2.23879,2.23902,2.23853,2.2388,255
2025-06-16 21:15:00,2.23879,2.23889,2.23832,2.23873,245
2025-06-16 21:20:00,2.23862,2.23878,2.23836,2.23868,268
2025-06-16 21:25:00,2.23868,2.23909,2.23845,2.23893,349
2025-06-16 21:30:00,2.23897,2.2391,2.23865,2.2389,313
2025-06-16 21:35:00,2.23894,2.23918,2.23883,2.2391199999999998,292
2025-06-16 21:40:00,2.2391199999999998,2.23939,2.23875,2.23896,192
2025-06-16 21:45:00,2.23896,2.23955,2.23895,2.23942,244
2025-06-16 21:50:00,2.2394600000000002,2.23972,2.23917,2.23938,266
2025-06-16 21:55:00,2.23939,2.23969,2.23919,2.23944,316
2025-06-16 22:00:00,2.23941,2.23996,2.23894,2.2391,403
2025-06-16 22:05:00,2.2391199999999998,2.23914,2.23867,2.23881,277
2025-06-16 22:10:00,2.23886,2.23901,2.23832,2.2389,311
2025-06-16 22:15:00,2.2389,2.23911,2.2387,2.23908,326
2025-06-16 22:20:00,2.23903,2.23947,2.23887,2.23918,296
2025-06-16 22:25:00,2.23922,2.2395,2.23903,2.23947,192
2025-06-16 22:30:00,2.2394,2.2397,2.23914,2.23957,239
2025-06-16 22:35:00,2.23955,2.2397,2.23916,2.23948,261
2025-06-16 22:40:00,2.23951,2.23974,2.2393,2.23969,275
2025-06-16 22:45:00,2.23967,2.2398,2.23944,2.23964,314
2025-06-16 22:50:00,2.23969,2.24023,2.23952,2.23971,385
2025-06-16 22:55:00,2.23966,2.24021,2.23956,2.23972,434
2025-06-16 23:00:00,2.23972,2.24021,2.2396,2.23991,312
2025-06-16 23:05:00,2.23989,2.24029,2.23949,2.2400700000000002,144
2025-06-16 23:10:00,2.2401,2.24051,2.24001,2.24018,184
2025-06-16 23:15:00,2.24018,2.2408,2.24014,2.24072,232
2025-06-16 23:20:00,2.24072,2.24084,2.24013,2.24053,170
2025-06-16 23:25:00,2.24038,2.24109,2.24038,2.24089,154
2025-06-16 23:30:00,2.24089,2.24118,2.24075,2.24102,141
2025-06-16 23:35:00,2.24102,2.24124,2.24067,2.2412,83
2025-06-16 23:40:00,2.23862,2.23863,2.23756,2.23768,136
2025-06-16 23:45:00,2.23768,2.23778,2.2372199999999998,2.23725,162
2025-06-16 23:50:00,2.2372199999999998,2.23742,2.23711,2.2373,123
2025-06-16 23:55:00,2.23726,2.2397,2.23697,2.23951,353
2025-06-17 00:00:00,2.23957,2.23957,2.23614,2.23614,13
2025-06-17 00:05:00,2.2366,2.23774,2.23579,2.23648,87
2025-06-17 00:10:00,2.23648,2.23655,2.2353899999999998,2.23624,112
2025-06-17 00:15:00,2.23623,2.23945,2.23538,2.23907,73
2025-06-17 00:20:00,2.23907,2.2396,2.23907,2.23957,35
2025-06-17 00:25:00,2.23957,2.23997,2.2395,2.23969,26
2025-06-17 00:30:00,2.23969,2.24025,2.23822,2.23968,65
2025-06-17 00:35:00,2.23968,2.2397299999999998,2.23879,2.23894,188
2025-06-17 00:40:00,2.23894,2.24016,2.23834,2.23982,247
2025-06-17 00:45:00,2.23974,2.24036,2.23897,2.23919,178
2025-06-17 00:50:00,2.23897,2.23954,2.2370200000000002,2.23945,129
2025-06-17 00:55:00,2.23947,2.23975,2.23818,2.23821,158
2025-06-17 01:00:00,2.23894,2.24045,2.23786,2.23978,933
2025-06-17 01:05:00,2.23977,2.24038,2.2391,2.23982,189
2025-06-17 01:10:00,2.23978,2.24037,2.23978,2.24009,174
2025-06-17 01:15:00,2.24013,2.24039,2.23999,2.24039,293
2025-06-17 01:20:00,2.24043,2.24052,2.24017,2.24038,134
2025-06-17 01:25:00,2.24036,2.24043,2.2401,2.2403,150
2025-06-17 01:30:00,2.2403,2.2419000000000002,2.24011,2.24141,373
2025-06-17 01:35:00,2.24141,2.24171,2.24082,2.24144,270
2025-06-17 01:40:00,2.24144,2.2417,2.24092,2.24126,307
2025-06-17 01:45:00,2.2413,2.24177,2.24113,2.24148,312
2025-06-17 01:50:00,2.24159,2.24188,2.24097,2.24154,237
2025-06-17 01:55:00,2.24146,2.24163,2.24097,2.24123,244
2025-06-17 02:00:00,2.24123,2.24157,2.23972,2.23985,345
2025-06-17 02:05:00,2.23984,2.24004,2.23941,2.23981,206
2025-06-17 02:10:00,2.23981,2.24002,2.2395,2.23992,206
2025-06-17 02:15:00,2.23991,2.24014,2.23937,2.24014,279
2025-06-17 02:20:00,2.24019,2.2405,2.2398,2.23986,231
2025-06-17 02:25:00,2.23989,2.24024,2.2398,2.24021,218
2025-06-17 02:30:00,2.2403,2.24084,2.23999,2.24044,277
2025-06-17 02:35:00,2.24043,2.24065,2.24003,2.24026,309
2025-06-17 02:40:00,2.2403399999999998,2.24044,2.23981,2.24017,288
2025-06-17 02:45:00,2.24006,2.24073,2.24002,2.24043,353
2025-06-17 02:50:00,2.24047,2.24087,2.24029,2.24081,229
2025-06-17 02:55:00,2.24086,2.2425100000000002,2.24084,2.2412900000000002,516
2025-06-17 03:00:00,2.2412900000000002,2.24238,2.2406,2.24179,687
2025-06-17 03:05:00,2.2418,2.24209,2.24098,2.24145,535
2025-06-17 03:10:00,2.24133,2.24192,2.24067,2.24178,504
2025-06-17 03:15:00,2.24176,2.24222,2.24054,2.24092,563
2025-06-17 03:20:00,2.24092,2.2418,2.24091,2.24122,473
2025-06-17 03:25:00,2.24121,2.24168,2.24069,2.24092,478
2025-06-17 03:30:00,2.24096,2.24212,2.24096,2.24187,501
2025-06-17 03:35:00,2.24186,2.24234,2.24159,2.24195,391
2025-06-17 03:40:00,2.24203,2.24221,2.24137,2.24173,374
2025-06-17 03:45:00,2.24176,2.242,2.24116,2.24164,398
2025-06-17 03:50:00,2.24168,2.24194,2.24108,2.2412900000000002,542
2025-06-17 03:55:00,2.24132,2.24233,2.24073,2.24089,541
2025-06-17 04:00:00,2.24084,2.24163,2.24076,2.24127,580
2025-06-17 04:05:00,2.24127,2.24195,2.2409499999999998,2.24189,451
2025-06-17 04:10:00,2.24189,2.24235,2.24162,2.24183,506
2025-06-17 04:15:00,2.24183,2.24205,2.24045,2.24101,556
2025-06-17 04:20:00,2.24088,2.24199,2.2408,2.24149,429
2025-06-17 04:25:00,2.24151,2.24165,2.24063,2.24126,447
2025-06-17 04:30:00,2.24125,2.24141,2.24041,2.24041,527
2025-06-17 04:35:00,2.24046,2.2414,2.24033,2.2407,455
2025-06-17 04:40:00,2.2406800000000002,2.2406800000000002,2.23969,2.23987,394
2025-06-17 04:45:00,2.23987,2.24015,2.23928,2.2394600000000002,310
2025-06-17 04:50:00,2.2394600000000002,2.23948,2.23866,2.2392,485
2025-06-17 04:55:00,2.23921,2.23945,2.23857,2.23896,422
2025-06-17 05:00:00,2.23896,2.23907,2.23846,2.23882,476
2025-06-17 05:05:00,2.23883,2.2398,2.23855,2.23898,442
2025-06-17 05:10:00,2.23898,2.23927,2.23882,2.23909,409
2025-06-17 05:15:00,2.23909,2.2391,2.23777,2.23832,453
2025-06-17 05:20:00,2.2383,2.23871,2.23819,2.2385099999999998,320
2025-06-17 05:25:00,2.2385099999999998,2.23855,2.23807,2.2382,349
2025-06-17 05:30:00,2.2382,2.23832,2.23772,2.23795,423
2025-06-17 05:35:00,2.23797,2.23853,2.23776,2.23845,345
2025-06-17 05:40:00,2.23845,2.23901,2.2381,2.23822,296
2025-06-17 05:45:00,2.23822,2.23887,2.23806,2.23882,233
2025-06-17 05:50:00,2.23882,2.23909,2.23726,2.23748,696
2025-06-17 05:55:00,2.2375,2.238,2.23667,2.23709,630
2025-06-17 06:00:00,2.23711,2.23765,2.23678,2.23712,579
2025-06-17 06:05:00,2.23714,2.23746,2.23689,2.23723,465
2025-06-17 06:10:00,2.2372,2.23752,2.23652,2.23718,443
2025-06-17 06:15:00,2.23715,2.23802,2.23714,2.23786,301
2025-06-17 06:20:00,2.23786,2.23834,2.23779,2.23789,301
2025-06-17 06:25:00,2.23789,2.23802,2.23644,2.23667,377
2025-06-17 06:30:00,2.23667,2.23713,2.23634,2.23679,565
2025-06-17 06:35:00,2.23675,2.23698,2.23627,2.23696,431
2025-06-17 06:40:00,2.23696,2.23703,2.23604,2.23631,326
2025-06-17 06:45:00,2.23629,2.2374,2.23609,2.2372199999999998,332
2025-06-17 06:50:00,2.23714,2.23734,2.23625,2.23666,387
2025-06-17 06:55:00,2.23666,2.23677,2.23602,2.23654,330
2025-06-17 07:00:00,2.23654,2.23704,2.23644,2.23704,345
2025-06-17 07:05:00,2.23704,2.23737,2.23664,2.2373,261
2025-06-17 07:10:00,2.23733,2.23756,2.23646,2.23675,329
2025-06-17 07:15:00,2.23674,2.23691,2.2361,2.23627,355
2025-06-17 07:20:00,2.2363,2.23692,2.23576,2.23651,327
2025-06-17 07:25:00,2.23651,2.23658,2.23602,2.23644,286
2025-06-17 07:30:00,2.23645,2.23694,2.23632,2.23669,404
2025-06-17 07:35:00,2.23677,2.2371,2.23636,2.23688,361
2025-06-17 07:40:00,2.23692,2.23716,2.23657,2.23709,359
2025-06-17 07:45:00,2.23709,2.2371,2.23651,2.23669,296
2025-06-17 07:50:00,2.23669,2.23678,2.2359,2.23635,320
2025-06-17 07:55:00,2.23631,2.23676,2.23624,2.23664,327
2025-06-17 08:00:00,2.23664,2.23672,2.23618,2.2367,384
2025-06-17 08:05:00,2.23664,2.23683,2.23638,2.23683,326
2025-06-17 08:10:00,2.23682,2.2371,2.23653,2.23677,300
2025-06-17 08:15:00,2.23677,2.23754,2.2366,2.23676,405
2025-06-17 08:20:00,2.23678,2.23701,2.23655,2.23676,309
2025-06-17 08:25:00,2.23676,2.23719,2.23672,2.23716,324
2025-06-17 08:30:00,2.23712,2.2376300000000002,2.23655,2.23747,485
2025-06-17 08:35:00,2.23747,2.2376,2.23608,2.23632,400
2025-06-17 08:40:00,2.23636,2.23723,2.23633,2.23712,396
2025-06-17 08:45:00,2.23719,2.23728,2.23664,2.2370200000000002,387
2025-06-17 08:50:00,2.2370200000000002,2.23743,2.23671,2.23741,382
2025-06-17 08:55:00,2.2374,2.23772,2.23687,2.23767,454
2025-06-17 09:00:00,2.23767,2.23793,2.23727,2.23728,458
2025-06-17 09:05:00,2.23731,2.2376,2.23685,2.23716,269
2025-06-17 09:10:00,2.23716,2.23734,2.23672,2.23705,312
2025-06-17 09:15:00,2.23705,2.23778,2.23694,2.23755,398
2025-06-17 09:20:00,2.23753,2.2377,2.23724,2.23733,352
2025-06-17 09:25:00,2.23733,2.2378,2.23699,2.23706,398
2025-06-17 09:30:00,2.23707,2.2372199999999998,2.23612,2.23615,436
2025-06-17 09:35:00,2.23615,2.23695,2.23585,2.23677,301
2025-06-17 09:40:00,2.23675,2.23683,2.23579,2.23622,480
2025-06-17 09:45:00,2.23626,2.23626,2.23541,2.23548,445
2025-06-17 09:50:00,2.23551,2.23622,2.23524,2.23528,481
2025-06-17 09:55:00,2.23526,2.23528,2.23479,2.23485,499
2025-06-17 10:00:00,2.23487,2.23505,2.2335599999999998,2.23492,653
2025-06-17 10:05:00,2.235,2.23579,2.23461,2.23492,538
2025-06-17 10:10:00,2.23492,2.23567,2.2347,2.23516,540
2025-06-17 10:15:00,2.23516,2.23528,2.23378,2.23408,490
2025-06-17 10:20:00,2.23407,2.23475,2.23374,2.23427,520
2025-06-17 10:25:00,2.23427,2.2346,2.23385,2.2339,474
2025-06-17 10:30:00,2.23392,2.23457,2.23367,2.23444,470
2025-06-17 10:35:00,2.23444,2.23475,2.23394,2.23466,445
2025-06-17 10:40:00,2.23466,2.23488,2.23411,2.23471,475
2025-06-17 10:45:00,2.23471,2.23491,2.23384,2.23431,506
2025-06-17 10:50:00,2.2343,2.2345,2.23383,2.23395,520
2025-06-17 10:55:00,2.23401,2.23471,2.23351,2.23455,377
2025-06-17 11:00:00,2.23451,2.23459,2.23287,2.23337,524
2025-06-17 11:05:00,2.23337,2.23377,2.23309,2.23363,346
2025-06-17 11:10:00,2.23363,2.23368,2.23304,2.23354,360
2025-06-17 11:15:00,2.23355,2.23399,2.23305,2.23309,290
2025-06-17 11:20:00,2.23305,2.23309,2.23242,2.23287,394
2025-06-17 11:25:00,2.23286,2.23331,2.23246,2.23253,416
2025-06-17 11:30:00,2.23255,2.23288,2.23196,2.23213,407
2025-06-17 11:35:00,2.23213,2.23323,2.23176,2.23321,360
2025-06-17 11:40:00,2.23321,2.23325,2.23271,2.2328,365
2025-06-17 11:45:00,2.2328,2.23352,2.2323,2.23352,329
2025-06-17 11:50:00,2.23352,2.2336,2.23281,2.23331,412
2025-06-17 11:55:00,2.23332,2.23341,2.2323399999999998,2.23249,444
2025-06-17 12:00:00,2.23249,2.23251,2.23099,2.23161,462
2025-06-17 12:05:00,2.23161,2.23409,2.23161,2.23395,489
2025-06-17 12:10:00,2.23395,2.23409,2.23342,2.23348,373
2025-06-17 12:15:00,2.23348,2.2335,2.23293,2.23305,346
2025-06-17 12:20:00,2.23308,2.23323,2.23217,2.23239,427
2025-06-17 12:25:00,2.23239,2.23252,2.23193,2.2321,381
2025-06-17 12:30:00,2.23212,2.23322,2.23188,2.23311,385
2025-06-17 12:35:00,2.23311,2.23378,2.23292,2.23366,314
2025-06-17 12:40:00,2.23371,2.23391,2.23285,2.23315,343
2025-06-17 12:45:00,2.23315,2.23315,2.23243,2.2328,380
2025-06-17 12:50:00,2.23279,2.2332,2.23261,2.23299,286
2025-06-17 12:55:00,2.23304,2.23376,2.23276,2.23365,391
2025-06-17 13:00:00,2.23358,2.23363,2.23236,2.23255,444
2025-06-17 13:05:00,2.23256,2.23338,2.2324,2.23319,219
2025-06-17 13:10:00,2.23318,2.23342,2.23253,2.23287,358
2025-06-17 13:15:00,2.23291,2.23319,2.2327500000000002,2.23305,304
2025-06-17 13:20:00,2.23305,2.23333,2.23283,2.23333,309
2025-06-17 13:25:00,2.23333,2.23373,2.23328,2.2335,243
2025-06-17 13:30:00,2.2335,2.23375,2.23311,2.23349,320
2025-06-17 13:35:00,2.23351,2.23373,2.23318,2.23331,346
2025-06-17 13:40:00,2.2334,2.2335599999999998,2.23287,2.23294,280
2025-06-17 13:45:00,2.23292,2.23301,2.23244,2.23246,363
2025-06-17 13:50:00,2.23246,2.23291,2.23212,2.23281,350
2025-06-17 13:55:00,2.23282,2.23285,2.23227,2.23259,356
2025-06-17 14:00:00,2.23257,2.23257,2.23182,2.23222,405
2025-06-17 14:05:00,2.2322,2.23244,2.23158,2.2324,339
2025-06-17 14:10:00,2.23237,2.23255,2.23161,2.23198,409
2025-06-17 14:15:00,2.23198,2.23243,2.23157,2.23211,305
2025-06-17 14:20:00,2.23209,2.23263,2.23205,2.23244,326
2025-06-17 14:25:00,2.23241,2.23251,2.23188,2.23202,337
2025-06-17 14:30:00,2.232,2.23204,2.23158,2.23183,392
2025-06-17 14:35:00,2.23187,2.23205,2.23134,2.23151,372
2025-06-17 14:40:00,2.23154,2.23228,2.23101,2.23225,377
2025-06-17 14:45:00,2.23225,2.2327500000000002,2.23217,2.23273,308
2025-06-17 14:50:00,2.2327500000000002,2.23326,2.23255,2.23312,403
2025-06-17 14:55:00,2.23312,2.23317,2.23223,2.23251,489
2025-06-17 15:00:00,2.23251,2.2332,2.23206,2.2332,462
2025-06-17 15:05:00,2.2332,2.23352,2.23279,2.23296,410
2025-06-17 15:10:00,2.23296,2.23316,2.23237,2.23267,406
2025-06-17 15:15:00,2.2327,2.23343,2.23266,2.23327,385
2025-06-17 15:20:00,2.23323,2.23351,2.23274,2.23281,358
2025-06-17 15:25:00,2.23281,2.23287,2.23157,2.23157,332
2025-06-17 15:30:00,2.23191,2.2335,2.23109,2.2333,852
2025-06-17 15:35:00,2.23333,2.23436,2.23332,2.23428,663
2025-06-17 15:40:00,2.23434,2.23434,2.23344,2.23395,607
2025-06-17 15:45:00,2.23394,2.23541,2.23388,2.235,478
2025-06-17 15:50:00,2.23508,2.23617,2.23501,2.23514,571
2025-06-17 15:55:00,2.23524,2.2356,2.23491,2.23495,577
2025-06-17 16:00:00,2.23495,2.23523,2.2341699999999998,2.2343,691
2025-06-17 16:05:00,2.23431,2.2349,2.23384,2.23482,484
2025-06-17 16:10:00,2.23488,2.235,2.23337,2.23389,511
2025-06-17 16:15:00,2.23389,2.23408,2.23293,2.23318,477
2025-06-17 16:20:00,2.23322,2.23325,2.23252,2.23265,387
2025-06-17 16:25:00,2.23269,2.23282,2.23194,2.23244,463
2025-06-17 16:30:00,2.23243,2.23366,2.23222,2.23288,630
2025-06-17 16:35:00,2.23286,2.23306,2.23146,2.23175,556
2025-06-17 16:40:00,2.23179,2.23277,2.23109,2.23147,663
2025-06-17 16:45:00,2.23147,2.23229,2.23146,2.23163,593
2025-06-17 16:50:00,2.23166,2.23175,2.23054,2.23091,570
2025-06-17 16:55:00,2.23095,2.231,2.22994,2.23044,490
2025-06-17 17:00:00,2.23044,2.23117,2.22982,2.23106,638
2025-06-17 17:05:00,2.23107,2.23116,2.22934,2.22945,531
2025-06-17 17:10:00,2.22948,2.22985,2.22917,2.22917,527
2025-06-17 17:15:00,2.22909,2.22985,2.22863,2.22974,677
2025-06-17 17:20:00,2.2298,2.2307,2.22955,2.23068,674
2025-06-17 17:25:00,2.2307,2.23191,2.23053,2.23122,626
2025-06-17 17:30:00,2.23122,2.23311,2.23062,2.23281,870
2025-06-17 17:35:00,2.23287,2.2333,2.23184,2.23219,708
2025-06-17 17:40:00,2.23219,2.23276,2.23186,2.23242,628
2025-06-17 17:45:00,2.2324,2.23355,2.23213,2.23283,760
2025-06-17 17:50:00,2.23284,2.23419,2.23244,2.23381,701
2025-06-17 17:55:00,2.23378,2.23455,2.23366,2.23413,681
2025-06-17 18:00:00,2.23416,2.23434,2.2329499999999998,2.23333,700
2025-06-17 18:05:00,2.23333,2.23406,2.23286,2.23366,545
2025-06-17 18:10:00,2.23366,2.23369,2.23218,2.23225,530
2025-06-17 18:15:00,2.23226,2.23267,2.23193,2.23193,477
2025-06-17 18:20:00,2.23196,2.23248,2.23187,2.23242,547
2025-06-17 18:25:00,2.23245,2.23253,2.23169,2.23229,592
2025-06-17 18:30:00,2.23229,2.23339,2.23227,2.23315,563
2025-06-17 18:35:00,2.23312,2.23344,2.23274,2.23314,571
2025-06-17 18:40:00,2.23318,2.23318,2.23244,2.2327500000000002,572
2025-06-17 18:45:00,2.2327500000000002,2.23303,2.23236,2.23241,489
2025-06-17 18:50:00,2.23242,2.23244,2.23175,2.23202,389
2025-06-17 18:55:00,2.23202,2.23218,2.23158,2.23179,384
2025-06-17 19:00:00,2.23181,2.23181,2.2298999999999998,2.23045,435
2025-06-17 19:05:00,2.23041,2.23099,2.23033,2.23065,470
2025-06-17 19:10:00,2.23068,2.23127,2.23056,2.23088,399
2025-06-17 19:15:00,2.23072,2.23111,2.23031,2.23057,367
2025-06-17 19:20:00,2.23055,2.231,2.23025,2.23028,416
2025-06-17 19:25:00,2.23031,2.23063,2.22988,2.23039,532
2025-06-17 19:30:00,2.23045,2.23071,2.22935,2.22939,488
2025-06-17 19:35:00,2.22939,2.22989,2.22906,2.22987,408
2025-06-17 19:40:00,2.22991,2.23063,2.22969,2.23046,427
2025-06-17 19:45:00,2.23044,2.2305099999999998,2.22892,2.22932,538
2025-06-17 19:50:00,2.22928,2.23073,2.22883,2.23049,541
2025-06-17 19:55:00,2.23044,2.23146,2.2298999999999998,2.2314,529
2025-06-17 20:00:00,2.23138,2.23169,2.23095,2.23162,516
2025-06-17 20:05:00,2.23163,2.23203,2.23076,2.2311,497
2025-06-17 20:10:00,2.2311,2.23164,2.23087,2.23152,444
2025-06-17 20:15:00,2.23152,2.23218,2.2312,2.23159,598
2025-06-17 20:20:00,2.23161,2.23222,2.23152,2.23167,518
2025-06-17 20:25:00,2.23167,2.23243,2.23148,2.23225,563
2025-06-17 20:30:00,2.23226,2.23278,2.23191,2.2325,500
2025-06-17 20:35:00,2.2325,2.23269,2.2321400000000002,2.23238,451
2025-06-17 20:40:00,2.2324,2.2326,2.23195,2.23244,431
2025-06-17 20:45:00,2.2325,2.23255,2.23142,2.23158,763
2025-06-17 20:50:00,2.23162,2.23318,2.2315,2.23273,651
2025-06-17 20:55:00,2.23273,2.23339,2.23225,2.23313,583
2025-06-17 21:00:00,2.23313,2.2333,2.23254,2.2329499999999998,559
2025-06-17 21:05:00,2.23288,2.23299,2.23208,2.2327,455
2025-06-17 21:10:00,2.23268,2.2331,2.23246,2.23305,420
2025-06-17 21:15:00,2.23304,2.2335599999999998,2.23269,2.23318,452
2025-06-17 21:20:00,2.23314,2.23419,2.23308,2.23404,369
2025-06-17 21:25:00,2.23398,2.23448,2.23377,2.23396,466
2025-06-17 21:30:00,2.23396,2.2339700000000002,2.23323,2.23335,509
2025-06-17 21:35:00,2.23335,2.2339700000000002,2.23324,2.23389,344
2025-06-17 21:40:00,2.23393,2.23447,2.23382,2.23391,454
2025-06-17 21:45:00,2.23391,2.23479,2.2338,2.23442,457
2025-06-17 21:50:00,2.23442,2.23489,2.2337,2.23451,409
2025-06-17 21:55:00,2.23451,2.23483,2.23216,2.23236,581
2025-06-17 22:00:00,2.23236,2.23335,2.23235,2.23322,401
2025-06-17 22:05:00,2.23318,2.23329,2.23254,2.2329,354
2025-06-17 22:10:00,2.23292,2.23332,2.23242,2.2326,406
2025-06-17 22:15:00,2.23242,2.23267,2.23197,2.23205,353
2025-06-17 22:20:00,2.23203,2.23265,2.23183,2.23196,386
2025-06-17 22:25:00,2.23198,2.23292,2.23194,2.23256,349
2025-06-17 22:30:00,2.23256,2.23305,2.23222,2.23287,272
2025-06-17 22:35:00,2.23287,2.23337,2.23284,2.23297,262
2025-06-17 22:40:00,2.23297,2.23391,2.2329499999999998,2.23352,402
2025-06-17 22:45:00,2.23337,2.23398,2.23325,2.23357,377
2025-06-17 22:50:00,2.2336,2.23369,2.23095,2.23126,404
2025-06-17 22:55:00,2.23148,2.23219,2.23123,2.23155,549
2025-06-17 23:00:00,2.23155,2.23211,2.23119,2.23211,292
2025-06-17 23:05:00,2.23211,2.23211,2.23144,2.23157,260
2025-06-17 23:10:00,2.23161,2.23203,2.2312,2.23156,298
2025-06-17 23:15:00,2.23156,2.23202,2.23117,2.23174,286
2025-06-17 23:20:00,2.23172,2.2323399999999998,2.23152,2.23229,295
2025-06-17 23:25:00,2.23231,2.23297,2.23223,2.23251,303
2025-06-17 23:30:00,2.23249,2.23265,2.2321400000000002,2.23231,245
2025-06-17 23:35:00,2.23231,2.23285,2.23222,2.23283,220
2025-06-17 23:40:00,2.23283,2.23283,2.22995,2.23002,249
2025-06-17 23:45:00,2.23004,2.2302400000000002,2.22981,2.22981,214
2025-06-17 23:50:00,2.22983,2.22987,2.22896,2.22925,373
2025-06-17 23:55:00,2.22924,2.23213,2.22896,2.23196,344
2025-06-18 00:00:00,2.23233,2.23233,2.23233,2.23233,1
2025-06-18 00:05:00,2.22847,2.22847,2.22592,2.22714,39
2025-06-18 00:10:00,2.22714,2.23058,2.22674,2.2302400000000002,91
2025-06-18 00:15:00,2.2302400000000002,2.23027,2.22588,2.22737,73
2025-06-18 00:20:00,2.22738,2.23035,2.22641,2.22928,77
2025-06-18 00:25:00,2.22928,2.23011,2.22895,2.22999,54
2025-06-18 00:30:00,2.22965,2.23158,2.22965,2.23148,47
2025-06-18 00:35:00,2.23149,2.23181,2.23137,2.23137,93
2025-06-18 00:40:00,2.23137,2.23155,2.22967,2.22967,102
2025-06-18 00:45:00,2.22971,2.2306,2.22964,2.2305099999999998,94
2025-06-18 00:50:00,2.2305099999999998,2.23089,2.22895,2.22974,224
2025-06-18 00:55:00,2.22976,2.22976,2.22633,2.22633,166
2025-06-18 01:00:00,2.22772,2.2324,2.2265800000000002,2.2324,477
2025-06-18 01:05:00,2.23228,2.23388,2.2321400000000002,2.23323,174
2025-06-18 01:10:00,2.23325,2.2335,2.23298,2.23306,151
2025-06-18 01:15:00,2.23306,2.23334,2.23261,2.23273,244
2025-06-18 01:20:00,2.23277,2.23298,2.23257,2.2329499999999998,230
2025-06-18 01:25:00,2.23298,2.2333,2.23284,2.2329499999999998,180
2025-06-18 01:30:00,2.23288,2.23318,2.23274,2.23287,256
2025-06-18 01:35:00,2.23283,2.23325,2.23273,2.23312,191
2025-06-18 01:40:00,2.23315,2.23318,2.23242,2.23291,236
2025-06-18 01:45:00,2.23292,2.23357,2.23265,2.2335,246
2025-06-18 01:50:00,2.2335,2.23369,2.2329499999999998,2.23348,205
2025-06-18 01:55:00,2.23348,2.23358,2.23289,2.23316,232
2025-06-18 02:00:00,2.23318,2.23329,2.2325,2.23284,304
2025-06-18 02:05:00,2.23281,2.23284,2.2323,2.23263,269
2025-06-18 02:10:00,2.23261,2.23312,2.23254,2.23305,275
2025-06-18 02:15:00,2.23305,2.23307,2.23261,2.23289,267
2025-06-18 02:20:00,2.2329,2.23332,2.23269,2.23288,233
2025-06-18 02:25:00,2.23288,2.23294,2.23251,2.23264,226
2025-06-18 02:30:00,2.23271,2.23311,2.23236,2.23287,244
2025-06-18 02:35:00,2.23287,2.23294,2.23228,2.23253,273
2025-06-18 02:40:00,2.23253,2.23276,2.2323,2.23255,184
2025-06-18 02:45:00,2.23257,2.23267,2.23175,2.23191,285
2025-06-18 02:50:00,2.23188,2.23205,2.23075,2.23133,446
2025-06-18 02:55:00,2.23133,2.23151,2.23054,2.23069,412
2025-06-18 03:00:00,2.23073,2.23081,2.2298,2.22995,782
2025-06-18 03:05:00,2.22995,2.23107,2.22957,2.22985,719
2025-06-18 03:10:00,2.22989,2.23067,2.22973,2.23017,636
2025-06-18 03:15:00,2.23016,2.23118,2.23004,2.23023,439
2025-06-18 03:20:00,2.23023,2.23131,2.22993,2.2307,533
2025-06-18 03:25:00,2.23071,2.23132,2.22992,2.2301,543
2025-06-18 03:30:00,2.23014,2.23041,2.22969,2.22998,492
2025-06-18 03:35:00,2.22996,2.23036,2.22951,2.22996,412
2025-06-18 03:40:00,2.23,2.23027,2.22941,2.22973,519
2025-06-18 03:45:00,2.22968,2.23067,2.2294,2.23026,592
2025-06-18 03:50:00,2.23023,2.2318,2.23023,2.23089,755
2025-06-18 03:55:00,2.23081,2.23167,2.23023,2.23058,689
2025-06-18 04:00:00,2.23053,2.23053,2.22836,2.22867,621
2025-06-18 04:05:00,2.22867,2.22955,2.22817,2.22933,426
2025-06-18 04:10:00,2.2292899999999998,2.22988,2.22867,2.22952,510
2025-06-18 04:15:00,2.22946,2.23026,2.22866,2.22971,478
2025-06-18 04:20:00,2.22975,2.22983,2.22869,2.2298,474
2025-06-18 04:25:00,2.2298,2.22983,2.22829,2.2286799999999998,499
2025-06-18 04:30:00,2.2286799999999998,2.22903,2.22784,2.2287,453
2025-06-18 04:35:00,2.2287,2.22961,2.22864,2.2293,368
2025-06-18 04:40:00,2.2292899999999998,2.2295,2.22877,2.2294,453
2025-06-18 04:45:00,2.2294,2.23082,2.22923,2.23066,511
2025-06-18 04:50:00,2.23067,2.23073,2.22984,2.23007,498
2025-06-18 04:55:00,2.22999,2.23022,2.22906,2.23019,500
2025-06-18 05:00:00,2.23019,2.23087,2.2297,2.22974,398
2025-06-18 05:05:00,2.22974,2.23065,2.22972,2.23042,339
2025-06-18 05:10:00,2.23041,2.23059,2.22987,2.23049,271
2025-06-18 05:15:00,2.23054,2.23093,2.23022,2.2306,404
2025-06-18 05:20:00,2.23058,2.2306,2.22907,2.2293,538
2025-06-18 05:25:00,2.22933,2.2295,2.22878,2.22893,435
2025-06-18 05:30:00,2.22892,2.22921,2.22836,2.22866,428
2025-06-18 05:35:00,2.22864,2.22922,2.22851,2.22907,361
2025-06-18 05:40:00,2.22904,2.22923,2.22863,2.22885,367
2025-06-18 05:45:00,2.22885,2.22896,2.22835,2.22871,386
2025-06-18 05:50:00,2.22871,2.22901,2.22853,2.22882,362
2025-06-18 05:55:00,2.22881,2.22943,2.22859,2.22916,391
2025-06-18 06:00:00,2.22914,2.22934,2.22869,2.22922,279
2025-06-18 06:05:00,2.2292,2.22922,2.22836,2.22847,260
2025-06-18 06:10:00,2.22847,2.22888,2.22847,2.22874,274
2025-06-18 06:15:00,2.22873,2.22927,2.22838,2.22921,332
2025-06-18 06:20:00,2.22922,2.22955,2.2290200000000002,2.2292899999999998,233
2025-06-18 06:25:00,2.2293,2.22987,2.2289,2.22961,329
2025-06-18 06:30:00,2.22961,2.23,2.2292,2.22949,361
2025-06-18 06:35:00,2.22953,2.22995,2.22947,2.22985,256
2025-06-18 06:40:00,2.2298999999999998,2.23006,2.22947,2.22978,275
2025-06-18 06:45:00,2.22978,2.22982,2.22915,2.22932,249
2025-06-18 06:50:00,2.22936,2.23008,2.22928,2.23008,312
2025-06-18 06:55:00,2.23004,2.2301,2.22939,2.22955,329
2025-06-18 07:00:00,2.22961,2.22989,2.22948,2.2298,310
2025-06-18 07:05:00,2.2298,2.23004,2.22939,2.22953,322
2025-06-18 07:10:00,2.22953,2.23042,2.22938,2.23042,312
2025-06-18 07:15:00,2.23041,2.23044,2.2295,2.2296,274
2025-06-18 07:20:00,2.22962,2.23017,2.22944,2.23001,245
2025-06-18 07:25:00,2.23005,2.23013,2.22962,2.22969,262
2025-06-18 07:30:00,2.22969,2.23014,2.22954,2.22997,320
2025-06-18 07:35:00,2.22996,2.23008,2.22895,2.23008,427
2025-06-18 07:40:00,2.23008,2.23008,2.22898,2.22905,382
2025-06-18 07:45:00,2.22901,2.22938,2.22866,2.22904,379
2025-06-18 07:50:00,2.22889,2.22893,2.22817,2.22835,322
2025-06-18 07:55:00,2.22839,2.2285,2.22731,2.22737,362
2025-06-18 08:00:00,2.22736,2.22789,2.22678,2.22689,314
2025-06-18 08:05:00,2.2268499999999998,2.22747,2.22678,2.22723,268
2025-06-18 08:10:00,2.22712,2.22752,2.22707,2.22711,283
2025-06-18 08:15:00,2.227,2.22708,2.22659,2.22692,254
2025-06-18 08:20:00,2.22696,2.22731,2.22664,2.22726,251
2025-06-18 08:25:00,2.22727,2.22728,2.2266,2.22691,337
2025-06-18 08:30:00,2.22691,2.22702,2.22654,2.22681,430
2025-06-18 08:35:00,2.22688,2.22806,2.22677,2.22783,379
2025-06-18 08:40:00,2.22783,2.22834,2.22747,2.22802,363
2025-06-18 08:45:00,2.2281,2.22845,2.22789,2.22795,350
2025-06-18 08:50:00,2.22796,2.22849,2.22771,2.22828,341
2025-06-18 08:55:00,2.2283,2.22904,2.2280699999999998,2.22873,473
2025-06-18 09:00:00,2.22876,2.23058,2.22813,2.23013,681
2025-06-18 09:05:00,2.23017,2.23056,2.22971,2.23043,483
2025-06-18 09:10:00,2.23046,2.23062,2.22922,2.22949,519
2025-06-18 09:15:00,2.22947,2.23028,2.22915,2.23016,563
2025-06-18 09:20:00,2.2302,2.23046,2.22904,2.22935,470
2025-06-18 09:25:00,2.22931,2.22993,2.22927,2.22975,441
2025-06-18 09:30:00,2.2297,2.23022,2.22941,2.22946,469
2025-06-18 09:35:00,2.22945,2.22968,2.22891,2.22893,434
2025-06-18 09:40:00,2.22896,2.23028,2.22893,2.23026,444
2025-06-18 09:45:00,2.23022,2.2303,2.22992,2.23011,385
2025-06-18 09:50:00,2.23011,2.23085,2.22996,2.23055,429
2025-06-18 09:55:00,2.23048,2.23096,2.23026,2.2306,437
2025-06-18 10:00:00,2.23062,2.2316,2.23046,2.23143,657
2025-06-18 10:05:00,2.23143,2.23143,2.22986,2.23068,549
2025-06-18 10:10:00,2.23072,2.23216,2.23067,2.23205,364
2025-06-18 10:15:00,2.23198,2.23212,2.23127,2.2319,407
2025-06-18 10:20:00,2.23188,2.23189,2.23116,2.23139,410
2025-06-18 10:25:00,2.23134,2.23166,2.23126,2.23137,322
2025-06-18 10:30:00,2.23137,2.2317,2.23094,2.2316,415
2025-06-18 10:35:00,2.23162,2.23187,2.2311,2.23145,369
2025-06-18 10:40:00,2.23145,2.23166,2.23101,2.23134,330
2025-06-18 10:45:00,2.23134,2.23191,2.23104,2.23168,386
2025-06-18 10:50:00,2.23168,2.23226,2.23168,2.23225,326
2025-06-18 10:55:00,2.23222,2.23256,2.23202,2.23238,391
2025-06-18 11:00:00,2.23238,2.23276,2.23157,2.23177,415
2025-06-18 11:05:00,2.23182,2.2327,2.2317299999999998,2.23242,391
2025-06-18 11:10:00,2.23242,2.23265,2.23199,2.23261,415
2025-06-18 11:15:00,2.2326,2.23277,2.23218,2.23254,428
2025-06-18 11:20:00,2.23254,2.23297,2.23225,2.23239,415
2025-06-18 11:25:00,2.23236,2.2325,2.23204,2.23239,324
2025-06-18 11:30:00,2.23239,2.23297,2.23231,2.2325,408
2025-06-18 11:35:00,2.2326,2.23269,2.23218,2.23246,366
2025-06-18 11:40:00,2.23246,2.23251,2.2317,2.23198,280
2025-06-18 11:45:00,2.23198,2.23217,2.23168,2.23185,238
2025-06-18 11:50:00,2.23185,2.23233,2.23184,2.2321400000000002,338
2025-06-18 11:55:00,2.2322,2.23225,2.23161,2.2318,379
2025-06-18 12:00:00,2.23178,2.23282,2.23147,2.232,404
2025-06-18 12:05:00,2.232,2.23224,2.23156,2.23189,411
2025-06-18 12:10:00,2.23182,2.23247,2.23178,2.23225,324
2025-06-18 12:15:00,2.23225,2.23286,2.2317299999999998,2.23266,259
2025-06-18 12:20:00,2.23265,2.2329,2.23252,2.23278,222
2025-06-18 12:25:00,2.23279,2.23297,2.23232,2.23262,303
2025-06-18 12:30:00,2.23258,2.23278,2.2317,2.23185,359
2025-06-18 12:35:00,2.23185,2.2321400000000002,2.2315,2.23171,306
2025-06-18 12:40:00,2.23171,2.23242,2.23164,2.2322,271
2025-06-18 12:45:00,2.2322,2.23328,2.23209,2.23281,302
2025-06-18 12:50:00,2.23282,2.23311,2.2325,2.23282,384
2025-06-18 12:55:00,2.23282,2.23296,2.23231,2.23263,272
2025-06-18 13:00:00,2.23265,2.23298,2.23228,2.23253,437
2025-06-18 13:05:00,2.23251,2.23319,2.23249,2.2329499999999998,277
2025-06-18 13:10:00,2.23299,2.23308,2.23248,2.23294,329
2025-06-18 13:15:00,2.23294,2.23303,2.23236,2.23284,289
2025-06-18 13:20:00,2.23291,2.23337,2.23267,2.23311,348
2025-06-18 13:25:00,2.23311,2.23319,2.23227,2.23244,325
2025-06-18 13:30:00,2.23242,2.23259,2.23205,2.23248,451
2025-06-18 13:35:00,2.2325,2.23299,2.23232,2.23279,340
2025-06-18 13:40:00,2.23279,2.23294,2.23218,2.23218,355
2025-06-18 13:45:00,2.23221,2.23248,2.23198,2.23246,246
2025-06-18 13:50:00,2.23247,2.23296,2.2321400000000002,2.23285,405
2025-06-18 13:55:00,2.23285,2.2331,2.23238,2.23271,431
2025-06-18 14:00:00,2.2327500000000002,2.23282,2.23222,2.23235,410
2025-06-18 14:05:00,2.23224,2.2327500000000002,2.23189,2.23253,347
2025-06-18 14:10:00,2.23253,2.23279,2.23226,2.23253,280
2025-06-18 14:15:00,2.23252,2.23317,2.2325,2.23272,268
2025-06-18 14:20:00,2.23268,2.23317,2.232,2.23227,267
2025-06-18 14:25:00,2.23213,2.23243,2.23198,2.23232,376
2025-06-18 14:30:00,2.23233,2.23233,2.23139,2.23167,386
2025-06-18 14:35:00,2.23167,2.23179,2.23119,2.23161,305
2025-06-18 14:40:00,2.23161,2.23267,2.23155,2.23267,297
2025-06-18 14:45:00,2.23267,2.23279,2.23218,2.2324,348
2025-06-18 14:50:00,2.23236,2.23246,2.23178,2.23196,321
2025-06-18 14:55:00,2.23196,2.23198,2.23132,2.2315300000000002,452
2025-06-18 15:00:00,2.23157,2.23238,2.23157,2.2317,462
2025-06-18 15:05:00,2.2317,2.23291,2.2316,2.23269,383
2025-06-18 15:10:00,2.23269,2.23292,2.2323,2.23263,371
2025-06-18 15:15:00,2.23263,2.23272,2.23201,2.23217,381
2025-06-18 15:20:00,2.23217,2.23217,2.23085,2.23123,412
2025-06-18 15:25:00,2.23119,2.23212,2.23108,2.23155,473
2025-06-18 15:30:00,2.23176,2.23176,2.2306,2.23116,486
2025-06-18 15:35:00,2.23115,2.23137,2.23075,2.23125,460
2025-06-18 15:40:00,2.23123,2.23152,2.23097,2.23133,382
2025-06-18 15:45:00,2.23133,2.23151,2.23075,2.23075,499
2025-06-18 15:50:00,2.23075,2.23084,2.22991,2.23074,444
2025-06-18 15:55:00,2.23074,2.23084,2.23044,2.23072,431
2025-06-18 16:00:00,2.23073,2.23115,2.23032,2.23043,474
2025-06-18 16:05:00,2.23043,2.23066,2.23011,2.2302400000000002,390
2025-06-18 16:10:00,2.23031,2.2307,2.22976,2.2307,403
2025-06-18 16:15:00,2.23072,2.23115,2.23049,2.23078,409
2025-06-18 16:20:00,2.23078,2.23078,2.22979,2.22985,454
2025-06-18 16:25:00,2.22986,2.23016,2.22954,2.22974,400
2025-06-18 16:30:00,2.22974,2.23092,2.22964,2.23092,631
2025-06-18 16:35:00,2.23092,2.23149,2.22982,2.23001,659
2025-06-18 16:40:00,2.2298999999999998,2.23121,2.2298,2.23023,652
2025-06-18 16:45:00,2.23023,2.23023,2.22881,2.2294,571
2025-06-18 16:50:00,2.22945,2.22976,2.22874,2.22926,554
2025-06-18 16:55:00,2.2293,2.22998,2.22847,2.22985,635
2025-06-18 17:00:00,2.22982,2.23023,2.22706,2.22785,956
2025-06-18 17:05:00,2.22776,2.22825,2.22721,2.22804,911
2025-06-18 17:10:00,2.22802,2.22866,2.22762,2.22784,693
2025-06-18 17:15:00,2.22784,2.22803,2.2272,2.22773,644
2025-06-18 17:20:00,2.22773,2.22932,2.22762,2.22918,620
2025-06-18 17:25:00,2.22918,2.22957,2.22857,2.22909,801
2025-06-18 17:30:00,2.22909,2.22915,2.2274,2.22758,687
2025-06-18 17:35:00,2.2276,2.22845,2.22742,2.22754,554
2025-06-18 17:40:00,2.22756,2.22831,2.22734,2.22767,667
2025-06-18 17:45:00,2.22773,2.22773,2.22626,2.22644,638
2025-06-18 17:50:00,2.22644,2.22717,2.22614,2.22664,732
2025-06-18 17:55:00,2.22667,2.22759,2.22652,2.22694,800
2025-06-18 18:00:00,2.22695,2.22721,2.22623,2.22625,665
2025-06-18 18:05:00,2.2262399999999998,2.22686,2.22602,2.22674,525
2025-06-18 18:10:00,2.22666,2.22712,2.22653,2.22709,502
2025-06-18 18:15:00,2.22707,2.22728,2.22679,2.227,501
2025-06-18 18:20:00,2.227,2.22732,2.22656,2.22714,507
2025-06-18 18:25:00,2.2271900000000002,2.22744,2.22665,2.22717,555
2025-06-18 18:30:00,2.2271900000000002,2.22747,2.2265,2.22681,543
2025-06-18 18:35:00,2.22681,2.22792,2.2267,2.22778,534
2025-06-18 18:40:00,2.22778,2.22845,2.22759,2.22789,522
2025-06-18 18:45:00,2.22797,2.22797,2.22721,2.22721,407
2025-06-18 18:50:00,2.22717,2.22723,2.22678,2.2269,391
2025-06-18 18:55:00,2.22693,2.22805,2.22665,2.22783,509
2025-06-18 19:00:00,2.22779,2.22814,2.22752,2.22758,442
2025-06-18 19:05:00,2.22758,2.22787,2.2271900000000002,2.22766,346
2025-06-18 19:10:00,2.22767,2.22778,2.22689,2.22723,447
2025-06-18 19:15:00,2.22723,2.2281,2.2272,2.22786,427
2025-06-18 19:20:00,2.22784,2.2280699999999998,2.22745,2.22768,440
2025-06-18 19:25:00,2.22772,2.22786,2.22733,2.22761,469
2025-06-18 19:30:00,2.22759,2.22839,2.2275,2.22834,437
2025-06-18 19:35:00,2.22834,2.2285,2.22761,2.22827,457
2025-06-18 19:40:00,2.22825,2.22861,2.22781,2.22804,416
2025-06-18 19:45:00,2.22804,2.22826,2.22783,2.22813,322
2025-06-18 19:50:00,2.22813,2.22828,2.22769,2.22813,295
2025-06-18 19:55:00,2.2281,2.22837,2.22776,2.22791,307
2025-06-18 20:00:00,2.22793,2.22834,2.22752,2.22776,409
2025-06-18 20:05:00,2.2278000000000002,2.22824,2.22758,2.22799,329
2025-06-18 20:10:00,2.22792,2.2280699999999998,2.22737,2.22747,327
2025-06-18 20:15:00,2.22749,2.22763,2.22695,2.2271900000000002,253
2025-06-18 20:20:00,2.2271900000000002,2.22773,2.22687,2.22768,209
2025-06-18 20:25:00,2.22768,2.22779,2.22729,2.22738,275
2025-06-18 20:30:00,2.22738,2.2279,2.22721,2.22742,363
2025-06-18 20:35:00,2.22739,2.22793,2.22707,2.22734,343
2025-06-18 20:40:00,2.22727,2.22754,2.22688,2.22707,342
2025-06-18 20:45:00,2.22715,2.2274599999999998,2.22688,2.22732,284
2025-06-18 20:50:00,2.22717,2.22736,2.22686,2.22694,300
2025-06-18 20:55:00,2.22696,2.22732,2.22592,2.22592,408
2025-06-18 21:00:00,2.22378,2.22676,2.22242,2.2259700000000002,1140
2025-06-18 21:05:00,2.22593,2.22603,2.2236,2.22429,1047
2025-06-18 21:10:00,2.22429,2.22531,2.22421,2.22433,961
2025-06-18 21:15:00,2.22433,2.22522,2.22386,2.22519,831
2025-06-18 21:20:00,2.2252,2.2254,2.22435,2.22466,841
2025-06-18 21:25:00,2.22466,2.22492,2.22399,2.22452,755
2025-06-18 21:30:00,2.22448,2.22491,2.2241400000000002,2.2244099999999998,664
2025-06-18 21:35:00,2.2244099999999998,2.22594,2.22436,2.22493,811
2025-06-18 21:40:00,2.22487,2.22593,2.22412,2.22524,806
2025-06-18 21:45:00,2.22524,2.22594,2.2251,2.22571,716
2025-06-18 21:50:00,2.22571,2.22604,2.22522,2.22573,891
2025-06-18 21:55:00,2.22577,2.22723,2.22547,2.22673,816
2025-06-18 22:00:00,2.22671,2.22762,2.22584,2.22584,868
2025-06-18 22:05:00,2.22586,2.22654,2.2252,2.22629,712
2025-06-18 22:10:00,2.22626,2.2267,2.22494,2.22528,818
2025-06-18 22:15:00,2.22532,2.22598,2.2248,2.22503,791
2025-06-18 22:20:00,2.22499,2.22518,2.22449,2.22473,707
2025-06-18 22:25:00,2.22476,2.22635,2.22462,2.22605,684
2025-06-18 22:30:00,2.2261,2.22639,2.2247500000000002,2.22504,667
2025-06-18 22:35:00,2.22504,2.22558,2.22481,2.22552,489
2025-06-18 22:40:00,2.22552,2.22586,2.22508,2.22515,494
2025-06-18 22:45:00,2.22519,2.22552,2.22492,2.22537,465
2025-06-18 22:50:00,2.2253,2.22567,2.22499,2.22538,588
2025-06-18 22:55:00,2.22542,2.22556,2.22507,2.22523,548
2025-06-18 23:00:00,2.2252,2.22562,2.22503,2.22522,396
2025-06-18 23:05:00,2.22532,2.22538,2.22468,2.22499,283
2025-06-18 23:10:00,2.22497,2.22524,2.22464,2.22511,289
2025-06-18 23:15:00,2.22504,2.22541,2.22495,2.22534,247
2025-06-18 23:20:00,2.22535,2.22539,2.2249,2.22539,157
2025-06-18 23:25:00,2.22539,2.22542,2.22495,2.22512,205
2025-06-18 23:30:00,2.22512,2.22545,2.22497,2.22523,174
2025-06-18 23:35:00,2.22521,2.2253,2.22487,2.22523,167
2025-06-18 23:40:00,2.22263,2.22283,2.22244,2.22259,231
2025-06-18 23:45:00,2.22259,2.22308,2.22259,2.223,149
2025-06-18 23:50:00,2.22296,2.22321,2.22288,2.22304,210
2025-06-18 23:55:00,2.22306,2.2256,2.22296,2.22535,219
2025-06-19 00:00:00,2.22546,2.22546,2.22176,2.22236,36
2025-06-19 00:05:00,2.22211,2.22435,2.22211,2.224,91
2025-06-19 00:10:00,2.22399,2.22411,2.22244,2.22409,240
2025-06-19 00:15:00,2.2241400000000002,2.2242,2.22321,2.22332,104
2025-06-19 00:20:00,2.22332,2.22525,2.22324,2.22403,114
2025-06-19 00:25:00,2.22403,2.22413,2.22334,2.22336,60
2025-06-19 00:30:00,2.22336,2.2235300000000002,2.22313,2.22314,98
2025-06-19 00:35:00,2.22314,2.22389,2.22313,2.22334,255
2025-06-19 00:40:00,2.22334,2.22351,2.22247,2.22275,290
2025-06-19 00:45:00,2.22275,2.22409,2.22219,2.22395,228
2025-06-19 00:50:00,2.22395,2.22418,2.22279,2.22287,141
2025-06-19 00:55:00,2.22289,2.22428,2.22217,2.22428,120
2025-06-19 01:00:00,2.22428,2.22619,2.22389,2.22602,312
2025-06-19 01:05:00,2.22602,2.2261,2.22528,2.22557,156
2025-06-19 01:10:00,2.22554,2.22621,2.22545,2.22608,170
2025-06-19 01:15:00,2.22608,2.22608,2.22537,2.22561,378
2025-06-19 01:20:00,2.22562,2.22612,2.22545,2.22566,309
2025-06-19 01:25:00,2.22566,2.22593,2.22546,2.22567,165
2025-06-19 01:30:00,2.22567,2.22626,2.22541,2.22605,235
2025-06-19 01:35:00,2.22603,2.22605,2.22554,2.22585,183
2025-06-19 01:40:00,2.22585,2.22586,2.22401,2.22404,252
2025-06-19 01:45:00,2.22354,2.22643,2.22354,2.22593,236
2025-06-19 01:50:00,2.22594,2.22632,2.22568,2.2258,240
2025-06-19 01:55:00,2.2258,2.22587,2.22532,2.22545,227
2025-06-19 02:00:00,2.22546,2.2258,2.2247500000000002,2.22491,357
2025-06-19 02:05:00,2.22491,2.22503,2.22455,2.2250199999999998,237
2025-06-19 02:10:00,2.2250199999999998,2.22523,2.22423,2.22454,185
2025-06-19 02:15:00,2.22455,2.22462,2.22413,2.22438,203
2025-06-19 02:20:00,2.22434,2.22488,2.2242,2.22453,302
2025-06-19 02:25:00,2.22452,2.22467,2.22399,2.2244,288
2025-06-19 02:30:00,2.2244,2.22467,2.22398,2.22444,280
2025-06-19 02:35:00,2.22442,2.22484,2.22433,2.22461,238
2025-06-19 02:40:00,2.22463,2.22477,2.22418,2.22466,312
2025-06-19 02:45:00,2.22468,2.22482,2.22431,2.22469,257
2025-06-19 02:50:00,2.22464,2.22489,2.22447,2.22469,294
2025-06-19 02:55:00,2.22468,2.22496,2.22442,2.22489,303
2025-06-19 03:00:00,2.22489,2.22512,2.22424,2.22504,560
2025-06-19 03:05:00,2.22503,2.22511,2.22421,2.22468,501
2025-06-19 03:10:00,2.22466,2.22544,2.22454,2.22525,516
2025-06-19 03:15:00,2.22526,2.2257,2.22506,2.22545,387
2025-06-19 03:20:00,2.22548,2.22551,2.22488,2.22525,386
2025-06-19 03:25:00,2.22518,2.22562,2.22496,2.22496,457
2025-06-19 03:30:00,2.22501,2.22617,2.22496,2.22613,460
2025-06-19 03:35:00,2.22618,2.22662,2.22608,2.2263,374
2025-06-19 03:40:00,2.2263,2.22637,2.22595,2.2262,325
2025-06-19 03:45:00,2.22625,2.22735,2.22618,2.22728,379
2025-06-19 03:50:00,2.2273,2.22776,2.22716,2.22776,413
2025-06-19 03:55:00,2.22774,2.22844,2.22748,2.2282,441
2025-06-19 04:00:00,2.2282,2.23028,2.22816,2.23028,577
2025-06-19 04:05:00,2.23055,2.23147,2.23019,2.23061,809
2025-06-19 04:10:00,2.23065,2.23101,2.22974,2.2305099999999998,558
2025-06-19 04:15:00,2.23053,2.23059,2.22933,2.22967,633
2025-06-19 04:20:00,2.2296,2.23037,2.22948,2.2298,471
2025-06-19 04:25:00,2.22981,2.23019,2.22941,2.22973,362
2025-06-19 04:30:00,2.22992,2.23094,2.229,2.22961,608
2025-06-19 04:35:00,2.2296300000000002,2.23012,2.22873,2.22977,516
2025-06-19 04:40:00,2.22979,2.23049,2.22954,2.22975,536
2025-06-19 04:45:00,2.22978,2.23094,2.22974,2.23031,412
2025-06-19 04:50:00,2.23031,2.23176,2.23009,2.23111,524
2025-06-19 04:55:00,2.23111,2.23396,2.23099,2.23386,723
2025-06-19 05:00:00,2.23388,2.23422,2.23211,2.2323399999999998,683
2025-06-19 05:05:00,2.23238,2.23318,2.23189,2.23316,555
2025-06-19 05:10:00,2.23314,2.23394,2.2328,2.23386,595
2025-06-19 05:15:00,2.23393,2.23408,2.23267,2.23303,563
2025-06-19 05:20:00,2.23301,2.23517,2.23291,2.23498,482
2025-06-19 05:25:00,2.23493,2.23615,2.23455,2.23584,465
2025-06-19 05:30:00,2.23581,2.2375,2.23556,2.23717,439
2025-06-19 05:35:00,2.23717,2.23759,2.2364,2.23671,372
2025-06-19 05:40:00,2.23671,2.23687,2.23584,2.2359,512
2025-06-19 05:45:00,2.23588,2.23648,2.23543,2.23553,368
2025-06-19 05:50:00,2.23551,2.23563,2.23395,2.234,426
2025-06-19 05:55:00,2.23399,2.23461,2.23378,2.23449,428
2025-06-19 06:00:00,2.23447,2.23468,2.2341,2.23418,458
2025-06-19 06:05:00,2.23421,2.23472,2.23384,2.23415,430
2025-06-19 06:10:00,2.23407,2.23408,2.23338,2.23361,435
2025-06-19 06:15:00,2.23369,2.23433,2.23357,2.23402,378
2025-06-19 06:20:00,2.23403,2.23434,2.23362,2.23364,323
2025-06-19 06:25:00,2.23365,2.23424,2.2335599999999998,2.23414,399
2025-06-19 06:30:00,2.23413,2.23418,2.23367,2.23407,416
2025-06-19 06:35:00,2.23408,2.2342,2.2333600000000002,2.23366,426
2025-06-19 06:40:00,2.23369,2.23439,2.23332,2.23439,333
2025-06-19 06:45:00,2.23439,2.23476,2.2341699999999998,2.23456,265
2025-06-19 06:50:00,2.23456,2.23491,2.23439,2.23443,314
2025-06-19 06:55:00,2.23443,2.23578,2.23425,2.23563,454
2025-06-19 07:00:00,2.23564,2.23627,2.2347,2.23529,571
2025-06-19 07:05:00,2.23525,2.23547,2.23456,2.23492,335
2025-06-19 07:10:00,2.23492,2.23496,2.23424,2.23451,399
2025-06-19 07:15:00,2.23455,2.23525,2.23432,2.23477,339
2025-06-19 07:20:00,2.23477,2.23514,2.23437,2.23512,272
2025-06-19 07:25:00,2.23504,2.23555,2.23438,2.23477,249
2025-06-19 07:30:00,2.2348,2.23561,2.23464,2.23553,345
2025-06-19 07:35:00,2.23553,2.2364100000000002,2.23538,2.23614,209
2025-06-19 07:40:00,2.23614,2.23675,2.23572,2.23591,321
2025-06-19 07:45:00,2.2359,2.23595,2.23506,2.23545,354
2025-06-19 07:50:00,2.23543,2.23572,2.2351900000000002,2.23527,234
2025-06-19 07:55:00,2.23527,2.23611,2.23522,2.23609,299
2025-06-19 08:00:00,2.23623,2.23707,2.23605,2.23684,285
2025-06-19 08:05:00,2.23686,2.23757,2.2364,2.23746,384
2025-06-19 08:10:00,2.23747,2.239,2.23746,2.23823,371
2025-06-19 08:15:00,2.2382,2.23826,2.23785,2.23816,276
2025-06-19 08:20:00,2.23813,2.23848,2.23765,2.23825,389
2025-06-19 08:25:00,2.23823,2.2385,2.2378,2.2383,234
2025-06-19 08:30:00,2.23833,2.239,2.23823,2.23876,317
2025-06-19 08:35:00,2.23876,2.23882,2.23816,2.23864,278
2025-06-19 08:40:00,2.23872,2.23874,2.23822,2.23865,283
2025-06-19 08:45:00,2.23867,2.24015,2.23855,2.2398,332
2025-06-19 08:50:00,2.2398,2.24256,2.2394600000000002,2.24187,531
2025-06-19 08:55:00,2.24187,2.24225,2.24142,2.24179,528
2025-06-19 09:00:00,2.24168,2.24273,2.24137,2.24201,528
2025-06-19 09:05:00,2.24206,2.2424,2.24178,2.2418,466
2025-06-19 09:10:00,2.24182,2.24215,2.24063,2.24138,440
2025-06-19 09:15:00,2.2414,2.24195,2.24123,2.24195,413
2025-06-19 09:20:00,2.24197,2.24334,2.24196,2.24321,547
2025-06-19 09:25:00,2.24321,2.24337,2.24234,2.24271,383
2025-06-19 09:30:00,2.24271,2.24361,2.24231,2.24283,513
2025-06-19 09:35:00,2.24281,2.24378,2.24264,2.24342,499
2025-06-19 09:40:00,2.24344,2.24388,2.24309,2.24362,497
2025-06-19 09:45:00,2.2436,2.24505,2.24354,2.24496,431
2025-06-19 09:50:00,2.24499,2.24543,2.24338,2.24454,505
2025-06-19 09:55:00,2.2445,2.24475,2.24405,2.2442,459
2025-06-19 10:00:00,2.24419,2.24476,2.24402,2.24413,478
2025-06-19 10:05:00,2.24413,2.2454,2.2435,2.24439,418
2025-06-19 10:10:00,2.24441,2.24446,2.24356,2.24396,387
2025-06-19 10:15:00,2.24399,2.2441,2.24284,2.2431200000000002,402
2025-06-19 10:20:00,2.2431,2.24363,2.24258,2.24357,503
2025-06-19 10:25:00,2.24357,2.24395,2.24313,2.24317,370
2025-06-19 10:30:00,2.24318,2.24381,2.24316,2.24371,479
2025-06-19 10:35:00,2.24371,2.24501,2.24371,2.24482,444
2025-06-19 10:40:00,2.24482,2.24529,2.24449,2.24512,459
2025-06-19 10:45:00,2.24513,2.24563,2.24484,2.2452199999999998,427
2025-06-19 10:50:00,2.2452199999999998,2.24594,2.24515,2.24532,487
2025-06-19 10:55:00,2.2453,2.24608,2.24436,2.24442,505
2025-06-19 11:00:00,2.2444,2.24448,2.24288,2.2432,682
2025-06-19 11:05:00,2.24321,2.24362,2.24296,2.24325,448
2025-06-19 11:10:00,2.24325,2.24392,2.24325,2.24377,393
2025-06-19 11:15:00,2.24382,2.24383,2.24247,2.24305,426
2025-06-19 11:20:00,2.24305,2.24327,2.24258,2.24261,417
2025-06-19 11:25:00,2.24258,2.24314,2.24236,2.2431200000000002,364
2025-06-19 11:30:00,2.2431200000000002,2.24345,2.24287,2.24302,394
2025-06-19 11:35:00,2.24306,2.24317,2.24262,2.24272,354
2025-06-19 11:40:00,2.24271,2.24301,2.24222,2.24244,393
2025-06-19 11:45:00,2.24242,2.24269,2.24226,2.24242,401
2025-06-19 11:50:00,2.24238,2.24259,2.24209,2.24256,476
2025-06-19 11:55:00,2.24256,2.24336,2.24213,2.24319,392
2025-06-19 12:00:00,2.24326,2.24336,2.24163,2.2419000000000002,453
2025-06-19 12:05:00,2.24187,2.24298,2.24183,2.24286,320
2025-06-19 12:10:00,2.2429,2.24335,2.24265,2.24307,232
2025-06-19 12:15:00,2.24306,2.2437300000000002,2.24301,2.24343,360
2025-06-19 12:20:00,2.24341,2.24394,2.2433,2.2434,342
2025-06-19 12:25:00,2.24336,2.24338,2.24284,2.24327,262
2025-06-19 12:30:00,2.24321,2.24348,2.24255,2.24341,357
2025-06-19 12:35:00,2.24341,2.24405,2.24333,2.24403,321
2025-06-19 12:40:00,2.24401,2.24526,2.2437300000000002,2.24516,351
2025-06-19 12:45:00,2.24513,2.2456,2.2449,2.24502,276
2025-06-19 12:50:00,2.24502,2.24569,2.24486,2.24562,307
2025-06-19 12:55:00,2.24567,2.2463,2.2453,2.24573,387
2025-06-19 13:00:00,2.24573,2.24677,2.24558,2.24665,516
2025-06-19 13:05:00,2.24659,2.24667,2.24602,2.24629,294
2025-06-19 13:10:00,2.24626,2.24678,2.24616,2.24641,377
2025-06-19 13:15:00,2.24641,2.24662,2.24566,2.24656,312
2025-06-19 13:20:00,2.24658,2.24738,2.24634,2.24738,390
2025-06-19 13:25:00,2.24738,2.24779,2.2469,2.24734,347
2025-06-19 13:30:00,2.24734,2.248,2.24731,2.24796,361
2025-06-19 13:35:00,2.24796,2.24838,2.24763,2.24775,228
2025-06-19 13:40:00,2.24775,2.24799,2.24725,2.24726,372
2025-06-19 13:45:00,2.24726,2.24797,2.24718,2.24793,267
2025-06-19 13:50:00,2.24793,2.24854,2.24791,2.24851,346
2025-06-19 13:55:00,2.24854,2.2486,2.24708,2.24708,407
2025-06-19 14:00:00,2.24706,2.24706,2.24458,2.24473,667
2025-06-19 14:05:00,2.24473,2.24679,2.24471,2.24631,470
2025-06-19 14:10:00,2.24631,2.24654,2.2458,2.24609,429
2025-06-19 14:15:00,2.24605,2.24629,2.24525,2.24529,439
2025-06-19 14:20:00,2.24531,2.24618,2.24474,2.24585,437
2025-06-19 14:25:00,2.24589,2.24662,2.24549,2.24601,525
2025-06-19 14:30:00,2.24601,2.24659,2.24554,2.24646,489
2025-06-19 14:35:00,2.24646,2.24779,2.24643,2.24739,491
2025-06-19 14:40:00,2.24742,2.24758,2.24633,2.24667,402
2025-06-19 14:45:00,2.24659,2.247,2.24642,2.24672,331
2025-06-19 14:50:00,2.24672,2.24676,2.24553,2.24621,333
2025-06-19 14:55:00,2.2462,2.2481,2.2462,2.24799,494
2025-06-19 15:00:00,2.248,2.24855,2.24671,2.24674,521
2025-06-19 15:05:00,2.24672,2.24716,2.24662,2.24664,412
2025-06-19 15:10:00,2.24666,2.24706,2.2458,2.2458,409
2025-06-19 15:15:00,2.24582,2.24624,2.2453,2.24616,416
2025-06-19 15:20:00,2.24616,2.24632,2.24569,2.24611,415
2025-06-19 15:25:00,2.24611,2.24633,2.24576,2.2462,434
2025-06-19 15:30:00,2.2462,2.24783,2.2462,2.24771,368
2025-06-19 15:35:00,2.24773,2.2486,2.24708,2.24858,423
2025-06-19 15:40:00,2.24856,2.24973,2.248,2.24973,408
2025-06-19 15:45:00,2.24973,2.25,2.24882,2.2497,440
2025-06-19 15:50:00,2.24974,2.24996,2.24925,2.24976,468
2025-06-19 15:55:00,2.24977,2.25053,2.24964,2.25007,377
2025-06-19 16:00:00,2.25004,2.25009,2.24957,2.24965,459
2025-06-19 16:05:00,2.24967,2.24987,2.2486800000000002,2.24873,433
2025-06-19 16:10:00,2.2488,2.24883,2.24739,2.24744,364
2025-06-19 16:15:00,2.24744,2.24744,2.24615,2.24615,371
2025-06-19 16:20:00,2.24616,2.24636,2.24578,2.24631,333
2025-06-19 16:25:00,2.24635,2.24645,2.24585,2.24633,366
2025-06-19 16:30:00,2.24634,2.24753,2.24619,2.24731,450
2025-06-19 16:35:00,2.24735,2.24826,2.24682,2.24802,519
2025-06-19 16:40:00,2.24802,2.24829,2.24742,2.24811,524
2025-06-19 16:45:00,2.2480700000000002,2.24844,2.24728,2.24773,493
2025-06-19 16:50:00,2.24777,2.24822,2.24734,2.24817,463
2025-06-19 16:55:00,2.24815,2.24892,2.24797,2.24892,518
2025-06-19 17:00:00,2.24892,2.2494899999999998,2.24828,2.24856,572
2025-06-19 17:05:00,2.24852,2.24966,2.24851,2.24934,409
2025-06-19 17:10:00,2.24932,2.25056,2.24932,2.25048,394
2025-06-19 17:15:00,2.25048,2.251,2.25022,2.25062,332
2025-06-19 17:20:00,2.2506399999999998,2.25203,2.25019,2.25194,449
2025-06-19 17:25:00,2.25204,2.25227,2.25108,2.25178,551
2025-06-19 17:30:00,2.25179,2.25179,2.25078,2.25083,490
2025-06-19 17:35:00,2.25085,2.25118,2.25017,2.25033,415
2025-06-19 17:40:00,2.25032,2.25072,2.25014,2.25046,434
2025-06-19 17:45:00,2.25046,2.25103,2.25011,2.2505800000000002,522
2025-06-19 17:50:00,2.2505800000000002,2.25134,2.24982,2.25015,481
2025-06-19 17:55:00,2.2500999999999998,2.25043,2.24941,2.25017,559
2025-06-19 18:00:00,2.25017,2.25081,2.24972,2.2505100000000002,525
2025-06-19 18:05:00,2.2505100000000002,2.2511200000000002,2.25015,2.25027,424
2025-06-19 18:10:00,2.25027,2.25048,2.2499000000000002,2.25005,373
2025-06-19 18:15:00,2.25005,2.25018,2.24953,2.24959,285
2025-06-19 18:20:00,2.24964,2.25006,2.24943,2.24971,303
2025-06-19 18:25:00,2.24975,2.24976,2.24926,2.24969,261
2025-06-19 18:30:00,2.24968,2.2499000000000002,2.24921,2.24955,274
2025-06-19 18:35:00,2.24955,2.24955,2.24878,2.24902,265
2025-06-19 18:40:00,2.24907,2.24947,2.249,2.24917,288
2025-06-19 18:45:00,2.24915,2.24938,2.24882,2.24916,325
2025-06-19 18:50:00,2.2492,2.24961,2.2488799999999998,2.24939,312
2025-06-19 18:55:00,2.2494,2.24998,2.24905,2.24981,375
2025-06-19 19:00:00,2.24983,2.25015,2.24952,2.24979,323
2025-06-19 19:05:00,2.24987,2.24987,2.24908,2.2492900000000002,287
2025-06-19 19:10:00,2.24931,2.24959,2.24913,2.24958,225
2025-06-19 19:15:00,2.2494899999999998,2.24953,2.2489,2.24919,269
2025-06-19 19:20:00,2.24919,2.24942,2.2488799999999998,2.24907,196
2025-06-19 19:25:00,2.24911,2.24941,2.24895,2.24931,181
2025-06-19 19:30:00,2.24928,2.24994,2.24913,2.24974,230
2025-06-19 19:35:00,2.24976,2.25033,2.24974,2.25023,139
2025-06-19 19:40:00,2.25025,2.25025,2.24969,2.24986,167
2025-06-19 19:45:00,2.24992,2.24998,2.24954,2.24979,125
2025-06-19 19:50:00,2.2498,2.2498,2.24918,2.24945,210
2025-06-19 19:55:00,2.24945,2.24996,2.24945,2.24987,176
2025-06-19 20:00:00,2.24987,2.25008,2.2494899999999998,2.24978,164
2025-06-19 20:05:00,2.2498,2.24982,2.24907,2.24915,173
2025-06-19 20:10:00,2.24915,2.24932,2.24851,2.24871,183
2025-06-19 20:15:00,2.24875,2.24937,2.24849,2.24925,143
2025-06-19 20:20:00,2.24927,2.2493,2.24882,2.24895,201
2025-06-19 20:25:00,2.24895,2.24917,2.24878,2.24915,89
2025-06-19 20:30:00,2.2491,2.24923,2.24845,2.24878,163
2025-06-19 20:35:00,2.24878,2.24917,2.24853,2.24892,274
2025-06-19 20:40:00,2.24894,2.24923,2.24867,2.24886,256
2025-06-19 20:45:00,2.24887,2.24902,2.24832,2.24867,255
2025-06-19 20:50:00,2.2487,2.2488,2.24805,2.24813,259
2025-06-19 20:55:00,2.24815,2.24871,2.24794,2.24817,285
2025-06-19 21:00:00,2.24811,2.24847,2.24797,2.24823,209
2025-06-19 21:05:00,2.24825,2.24845,2.24782,2.24821,216
2025-06-19 21:10:00,2.24822,2.24847,2.24793,2.24838,337
2025-06-19 21:15:00,2.24835,2.24853,2.24808,2.2483,213
2025-06-19 21:20:00,2.24832,2.24843,2.24792,2.24814,166
2025-06-19 21:25:00,2.24814,2.24818,2.2478,2.24815,155
2025-06-19 21:30:00,2.24815,2.24833,2.24768,2.24824,138
2025-06-19 21:35:00,2.24824,2.24847,2.24804,2.24818,227
2025-06-19 21:40:00,2.24818,2.24828,2.24785,2.24816,156
2025-06-19 21:45:00,2.24813,2.24813,2.24761,2.2480700000000002,123
2025-06-19 21:50:00,2.24799,2.24814,2.24781,2.24803,131
2025-06-19 21:55:00,2.24809,2.24818,2.24777,2.24796,174
2025-06-19 22:00:00,2.24796,2.24799,2.24762,2.24775,227
2025-06-19 22:05:00,2.24775,2.2479,2.24754,2.24769,217
2025-06-19 22:10:00,2.24769,2.24783,2.24737,2.24755,266
2025-06-19 22:15:00,2.24755,2.24771,2.24732,2.24751,171
2025-06-19 22:20:00,2.24749,2.24755,2.24704,2.24736,182
2025-06-19 22:25:00,2.24736,2.24751,2.24704,2.24734,195
2025-06-19 22:30:00,2.24738,2.2478,2.2473,2.24758,259
2025-06-19 22:35:00,2.2476,2.24769,2.24728,2.24758,176
2025-06-19 22:40:00,2.2476,2.24775,2.24729,2.24767,222
2025-06-19 22:45:00,2.24767,2.24796,2.24736,2.2475,200
2025-06-19 22:50:00,2.2475,2.2475,2.24697,2.24702,223
2025-06-19 22:55:00,2.24706,2.24738,2.247,2.24721,229
2025-06-19 23:00:00,2.24724,2.24775,2.24721,2.24767,178
2025-06-19 23:05:00,2.24767,2.24795,2.24759,2.24791,107
2025-06-19 23:10:00,2.24791,2.24811,2.24759,2.24792,201
2025-06-19 23:15:00,2.24792,2.24803,2.24774,2.24795,100
2025-06-19 23:20:00,2.24758,2.2479,2.2474600000000002,2.2477,99
2025-06-19 23:25:00,2.2477,2.2478,2.24726,2.2476599999999998,99
2025-06-19 23:30:00,2.2476599999999998,2.24783,2.24729,2.24751,161
2025-06-19 23:35:00,2.24753,2.24773,2.24739,2.2477,116
2025-06-19 23:40:00,2.2477,2.2477,2.24486,2.2449,133
2025-06-19 23:45:00,2.24492,2.24524,2.24479,2.2452,88
2025-06-19 23:50:00,2.24514,2.24531,2.24439,2.24475,130
2025-06-19 23:55:00,2.2447,2.24649,2.24427,2.24449,200
2025-06-20 00:00:00,2.24928,2.24928,2.24616,2.24626,7
2025-06-20 00:05:00,2.249,2.249,2.24352,2.24476,41
2025-06-20 00:10:00,2.24482,2.24486,2.24214,2.24272,182
2025-06-20 00:15:00,2.24357,2.2443400000000002,2.24355,2.24417,62
2025-06-20 00:20:00,2.24417,2.24545,2.24417,2.24529,145
2025-06-20 00:25:00,2.24529,2.24571,2.24517,2.2452199999999998,80
2025-06-20 00:30:00,2.24517,2.24659,2.24517,2.24647,49
2025-06-20 00:35:00,2.24647,2.24696,2.24633,2.24695,145
2025-06-20 00:40:00,2.24696,2.24706,2.24568,2.24575,147
2025-06-20 00:45:00,2.24577,2.24579,2.2437,2.24466,135
2025-06-20 00:50:00,2.24466,2.24511,2.24466,2.24492,85
2025-06-20 00:55:00,2.24492,2.24511,2.24448,2.2449500000000002,96
2025-06-20 01:00:00,2.2449500000000002,2.24678,2.2449500000000002,2.24625,330
2025-06-20 01:05:00,2.2462,2.24719,2.2462,2.24703,148
2025-06-20 01:10:00,2.24703,2.24712,2.24634,2.24675,243
2025-06-20 01:15:00,2.24676,2.24712,2.24659,2.24672,312
2025-06-20 01:20:00,2.24672,2.24679,2.24606,2.24672,172
2025-06-20 01:25:00,2.24672,2.24701,2.24658,2.24687,159
2025-06-20 01:30:00,2.24686,2.24693,2.24637,2.24669,246
2025-06-20 01:35:00,2.2467,2.24698,2.24615,2.24696,234
2025-06-20 01:40:00,2.24698,2.24703,2.24615,2.24671,226
2025-06-20 01:45:00,2.2467,2.2467,2.24596,2.24624,268
2025-06-20 01:50:00,2.24616,2.24628,2.24579,2.24612,261
2025-06-20 01:55:00,2.24635,2.24641,2.24596,2.24629,262
2025-06-20 02:00:00,2.24629,2.24648,2.24558,2.24578,282
2025-06-20 02:05:00,2.24579,2.24614,2.24563,2.24565,292
2025-06-20 02:10:00,2.24561,2.24594,2.24555,2.24561,192
2025-06-20 02:15:00,2.24557,2.24588,2.24537,2.24554,264
2025-06-20 02:20:00,2.24554,2.24619,2.24547,2.24599,256
2025-06-20 02:25:00,2.24599,2.24632,2.24584,2.24598,194
2025-06-20 02:30:00,2.24602,2.24699,2.24573,2.24673,297
2025-06-20 02:35:00,2.24673,2.24682,2.24642,2.24658,232
2025-06-20 02:40:00,2.24661,2.24679,2.24632,2.24642,292
2025-06-20 02:45:00,2.24638,2.24653,2.2457,2.24582,255
2025-06-20 02:50:00,2.24581,2.24606,2.24542,2.24591,259
2025-06-20 02:55:00,2.24598,2.24611,2.24529,2.24563,350
2025-06-20 03:00:00,2.24565,2.24641,2.2452199999999998,2.24608,588
2025-06-20 03:05:00,2.24614,2.24627,2.24524,2.2454,414
2025-06-20 03:10:00,2.2454,2.24553,2.2447,2.24512,513
2025-06-20 03:15:00,2.24512,2.2459,2.24479,2.24532,416
2025-06-20 03:20:00,2.24531,2.2459,2.2451,2.24588,411
2025-06-20 03:25:00,2.24587,2.24654,2.24576,2.2464399999999998,397
2025-06-20 03:30:00,2.2464399999999998,2.24659,2.24606,2.2464399999999998,357
2025-06-20 03:35:00,2.2464399999999998,2.24651,2.2457,2.24616,408
2025-06-20 03:40:00,2.24616,2.24625,2.24542,2.24608,432
2025-06-20 03:45:00,2.24607,2.24641,2.24587,2.24608,416
2025-06-20 03:50:00,2.24612,2.24648,2.2459,2.24648,487
2025-06-20 03:55:00,2.24646,2.2467,2.24628,2.2465,406
2025-06-20 04:00:00,2.2465,2.24674,2.24575,2.24649,564
2025-06-20 04:05:00,2.24645,2.24784,2.2463,2.24744,469
2025-06-20 04:10:00,2.24748,2.24902,2.24743,2.24872,574
2025-06-20 04:15:00,2.24874,2.24883,2.24737,2.24737,556
2025-06-20 04:20:00,2.24737,2.24842,2.24735,2.24829,530
2025-06-20 04:25:00,2.24829,2.24852,2.2473,2.24787,455
2025-06-20 04:30:00,2.24789,2.24903,2.24758,2.24899,476
2025-06-20 04:35:00,2.24903,2.2494,2.24854,2.24905,454
2025-06-20 04:40:00,2.24904,2.24977,2.24899,2.24943,415
2025-06-20 04:45:00,2.24936,2.24936,2.24826,2.2492,410
2025-06-20 04:50:00,2.24914,2.24965,2.24874,2.24899,434
2025-06-20 04:55:00,2.24898,2.24985,2.24852,2.24978,540
2025-06-20 05:00:00,2.24978,2.25002,2.24879,2.24936,514
2025-06-20 05:05:00,2.24947,2.25019,2.24912,2.24993,375
2025-06-20 05:10:00,2.24993,2.25033,2.24957,2.24986,295
2025-06-20 05:15:00,2.24986,2.25081,2.24958,2.24958,480
2025-06-20 05:20:00,2.24958,2.25044,2.24945,2.25014,355
2025-06-20 05:25:00,2.25014,2.25039,2.24983,2.2502,349
2025-06-20 05:30:00,2.2502,2.25031,2.2496,2.25001,467
2025-06-20 05:35:00,2.25001,2.2503,2.24958,2.24993,383
2025-06-20 05:40:00,2.24993,2.25031,2.2497,2.24984,371
2025-06-20 05:45:00,2.24984,2.2500299999999998,2.24939,2.24962,218
2025-06-20 05:50:00,2.24963,2.25022,2.24924,2.2502,271
2025-06-20 05:55:00,2.25021,2.25063,2.24996,2.25008,310
2025-06-20 06:00:00,2.25008,2.25017,2.24967,2.24974,406
2025-06-20 06:05:00,2.24978,2.25019,2.24962,2.24982,365
2025-06-20 06:10:00,2.24983,2.25012,2.2495,2.24984,333
2025-06-20 06:15:00,2.24981,2.25008,2.24941,2.24982,352
2025-06-20 06:20:00,2.24982,2.25001,2.24952,2.24978,345
2025-06-20 06:25:00,2.24974,2.24985,2.24879,2.24907,351
2025-06-20 06:30:00,2.24906,2.24919,2.24859,2.24874,344
2025-06-20 06:35:00,2.24874,2.2492,2.24869,2.24869,385
2025-06-20 06:40:00,2.24869,2.24874,2.24806,2.24853,349
2025-06-20 06:45:00,2.24853,2.24916,2.2484,2.24856,447
2025-06-20 06:50:00,2.24856,2.24881,2.2474,2.2475,371
2025-06-20 06:55:00,2.2475,2.24826,2.24716,2.24742,426
2025-06-20 07:00:00,2.24741,2.24785,2.24718,2.24765,484
2025-06-20 07:05:00,2.24763,2.24823,2.24664,2.24681,321
2025-06-20 07:10:00,2.24681,2.2476,2.2467,2.24683,255
2025-06-20 07:15:00,2.24683,2.24696,2.24641,2.2468,311
2025-06-20 07:20:00,2.2468,2.2476,2.24651,2.24757,273
2025-06-20 07:25:00,2.24756,2.24764,2.24713,2.24728,303
2025-06-20 07:30:00,2.24728,2.24763,2.24708,2.24721,354
2025-06-20 07:35:00,2.24721,2.24737,2.24682,2.247,337
2025-06-20 07:40:00,2.247,2.24724,2.24658,2.24689,294
2025-06-20 07:45:00,2.2469,2.24698,2.24661,2.24677,290
2025-06-20 07:50:00,2.24677,2.24698,2.24638,2.24651,262
2025-06-20 07:55:00,2.24653,2.24692,2.24629,2.24681,272
2025-06-20 08:00:00,2.2468,2.24749,2.24667,2.24704,290
2025-06-20 08:05:00,2.24708,2.24793,2.24696,2.24755,305
2025-06-20 08:10:00,2.24757,2.24852,2.24731,2.24851,358
2025-06-20 08:15:00,2.24851,2.24867,2.24756,2.24765,379
2025-06-20 08:20:00,2.24761,2.24837,2.24749,2.24812,474
2025-06-20 08:25:00,2.2480700000000002,2.24898,2.24803,2.24818,376
2025-06-20 08:30:00,2.24818,2.24841,2.24765,2.24816,455
2025-06-20 08:35:00,2.2482,2.24845,2.24783,2.24841,277
2025-06-20 08:40:00,2.24848,2.24862,2.2477,2.24791,282
2025-06-20 08:45:00,2.24791,2.24822,2.24776,2.24806,356
2025-06-20 08:50:00,2.2480700000000002,2.2483,2.24761,2.24788,345
2025-06-20 08:55:00,2.2479,2.24798,2.24572,2.24612,446
2025-06-20 09:00:00,2.24589,2.24589,2.24385,2.24428,652
2025-06-20 09:05:00,2.24425,2.24565,2.24415,2.2455,514
2025-06-20 09:10:00,2.24552,2.24558,2.24479,2.2451,460
2025-06-20 09:15:00,2.2451,2.24588,2.24443,2.24447,471
2025-06-20 09:20:00,2.24446,2.24598,2.24433,2.24572,461
2025-06-20 09:25:00,2.24571,2.2463,2.24528,2.24623,367
2025-06-20 09:30:00,2.24621,2.24715,2.24595,2.24618,515
2025-06-20 09:35:00,2.24618,2.24726,2.24573,2.24602,475
2025-06-20 09:40:00,2.24605,2.24625,2.24528,2.24539,389
2025-06-20 09:45:00,2.24539,2.24616,2.2453,2.24604,433
2025-06-20 09:50:00,2.24604,2.24651,2.24529,2.24532,356
2025-06-20 09:55:00,2.24532,2.2466,2.24532,2.24607,494
2025-06-20 10:00:00,2.24605,2.24666,2.2458299999999998,2.24616,506
2025-06-20 10:05:00,2.24615,2.24735,2.24592,2.24692,480
2025-06-20 10:10:00,2.24694,2.24715,2.24669,2.24696,392
2025-06-20 10:15:00,2.24696,2.24696,2.24571,2.24662,358
2025-06-20 10:20:00,2.24666,2.24666,2.2458,2.24611,391
2025-06-20 10:25:00,2.24609,2.24709,2.24609,2.24689,372
2025-06-20 10:30:00,2.24687,2.24798,2.24687,2.24798,405
2025-06-20 10:35:00,2.24799,2.24814,2.24744,2.24788,463
2025-06-20 10:40:00,2.24787,2.24806,2.24716,2.24741,386
2025-06-20 10:45:00,2.24741,2.24797,2.24717,2.24719,306
2025-06-20 10:50:00,2.24722,2.24756,2.24684,2.24706,353
2025-06-20 10:55:00,2.24707,2.24771,2.24704,2.2470499999999998,415
2025-06-20 11:00:00,2.2470499999999998,2.2470499999999998,2.24627,2.24665,455
2025-06-20 11:05:00,2.24662,2.24667,2.24576,2.24605,382
2025-06-20 11:10:00,2.24605,2.2468,2.24598,2.24637,486
2025-06-20 11:15:00,2.24637,2.24722,2.24637,2.24712,430
2025-06-20 11:20:00,2.24712,2.24757,2.24674,2.2475,406
2025-06-20 11:25:00,2.2475,2.2482,2.24716,2.24802,382
2025-06-20 11:30:00,2.24804,2.24859,2.24804,2.24856,384
2025-06-20 11:35:00,2.24857,2.24869,2.24797,2.2483,399
2025-06-20 11:40:00,2.24828,2.24912,2.24822,2.24891,392
2025-06-20 11:45:00,2.24895,2.24947,2.24885,2.2492,322
2025-06-20 11:50:00,2.2492,2.24948,2.24873,2.24922,345
2025-06-20 11:55:00,2.24924,2.25022,2.24924,2.24985,433
2025-06-20 12:00:00,2.24984,2.24994,2.2488,2.24895,503
2025-06-20 12:05:00,2.24891,2.24921,2.24826,2.24852,444
2025-06-20 12:10:00,2.24848,2.24883,2.24784,2.24857,382
2025-06-20 12:15:00,2.24853,2.24898,2.24849,2.2487,287
2025-06-20 12:20:00,2.24878,2.24943,2.24862,2.24943,268
2025-06-20 12:25:00,2.24943,2.2497,2.24895,2.24916,303
2025-06-20 12:30:00,2.24918,2.24945,2.249,2.24914,252
2025-06-20 12:35:00,2.24914,2.24921,2.24815,2.24844,330
2025-06-20 12:40:00,2.24845,2.24863,2.24796,2.2484,367
2025-06-20 12:45:00,2.2484,2.24856,2.24812,2.24848,259
2025-06-20 12:50:00,2.24848,2.24871,2.24819,2.2482699999999998,313
2025-06-20 12:55:00,2.24829,2.24908,2.24824,2.24902,348
2025-06-20 13:00:00,2.24902,2.24932,2.24869,2.24905,347
2025-06-20 13:05:00,2.24905,2.2496,2.24895,2.24958,217
2025-06-20 13:10:00,2.24958,2.24966,2.2488799999999998,2.24918,243
2025-06-20 13:15:00,2.24918,2.2497,2.24918,2.24966,232
2025-06-20 13:20:00,2.24966,2.25009,2.24955,2.25006,230
2025-06-20 13:25:00,2.25001,2.25007,2.24958,2.24985,256
2025-06-20 13:30:00,2.24985,2.25077,2.24983,2.25056,344
2025-06-20 13:35:00,2.25056,2.2505800000000002,2.24984,2.24994,268
2025-06-20 13:40:00,2.24983,2.25001,2.24945,2.25001,272
2025-06-20 13:45:00,2.25001,2.25086,2.2497,2.25085,257
2025-06-20 13:50:00,2.25085,2.25184,2.25085,2.25162,243
2025-06-20 13:55:00,2.25163,2.25206,2.25149,2.25195,245
2025-06-20 14:00:00,2.25183,2.2526,2.25183,2.25226,378
2025-06-20 14:05:00,2.25231,2.25248,2.25177,2.25191,316
2025-06-20 14:10:00,2.25191,2.25248,2.25166,2.25197,230
2025-06-20 14:15:00,2.252,2.25253,2.25191,2.25239,314
2025-06-20 14:20:00,2.25236,2.25301,2.25221,2.25291,275
2025-06-20 14:25:00,2.25287,2.25293,2.2521,2.2521,315
2025-06-20 14:30:00,2.25206,2.25251,2.25139,2.25168,337
2025-06-20 14:35:00,2.2517,2.25223,2.25153,2.25202,321
2025-06-20 14:40:00,2.252,2.25243,2.25178,2.25191,360
2025-06-20 14:45:00,2.25188,2.25195,2.25005,2.25082,714
2025-06-20 14:50:00,2.25082,2.25202,2.25062,2.25194,476
2025-06-20 14:55:00,2.25194,2.2527,2.25153,2.2523400000000002,477
2025-06-20 15:00:00,2.25232,2.25255,2.25177,2.2519,468
2025-06-20 15:05:00,2.25185,2.25224,2.25144,2.25205,462
2025-06-20 15:10:00,2.25207,2.25217,2.25131,2.25146,398
2025-06-20 15:15:00,2.25146,2.25179,2.25115,2.2511900000000002,367
2025-06-20 15:20:00,2.25116,2.25192,2.25116,2.25168,350
2025-06-20 15:25:00,2.25172,2.25179,2.25137,2.25157,436
2025-06-20 15:30:00,2.2516,2.2518000000000002,2.25046,2.25057,715
2025-06-20 15:35:00,2.25055,2.25211,2.25055,2.25201,767
2025-06-20 15:40:00,2.25201,2.25283,2.25167,2.25265,781
2025-06-20 15:45:00,2.25261,2.25272,2.25129,2.2521,623
2025-06-20 15:50:00,2.25208,2.25277,2.25178,2.25191,671
2025-06-20 15:55:00,2.2519299999999998,2.25292,2.25178,2.25277,554
2025-06-20 16:00:00,2.25264,2.25323,2.25263,2.25323,502
2025-06-20 16:05:00,2.25323,2.2535,2.25293,2.25313,467
2025-06-20 16:10:00,2.25313,2.25326,2.25279,2.25311,427
2025-06-20 16:15:00,2.2531,2.25345,2.25283,2.2531,420
2025-06-20 16:20:00,2.2531,2.25354,2.25267,2.25273,454
2025-06-20 16:25:00,2.2527,2.25324,2.25224,2.25316,472
2025-06-20 16:30:00,2.25318,2.25331,2.25259,2.25314,512
2025-06-20 16:35:00,2.25316,2.25368,2.25272,2.25344,612
2025-06-20 16:40:00,2.25346,2.25381,2.25304,2.25367,681
2025-06-20 16:45:00,2.25371,2.2544,2.25305,2.25394,490
2025-06-20 16:50:00,2.25394,2.25534,2.2537599999999998,2.25501,633
2025-06-20 16:55:00,2.25503,2.2562699999999998,2.25468,2.25486,587
2025-06-20 17:00:00,2.25487,2.25528,2.2542,2.2548500000000002,650
2025-06-20 17:05:00,2.25481,2.25549,2.25472,2.25491,602
2025-06-20 17:10:00,2.25487,2.25535,2.25466,2.25496,512
2025-06-20 17:15:00,2.25483,2.25536,2.25465,2.25536,461
2025-06-20 17:20:00,2.25538,2.25623,2.25523,2.25595,522
2025-06-20 17:25:00,2.25595,2.25616,2.25533,2.2554,474
2025-06-20 17:30:00,2.25538,2.2566,2.25531,2.25616,533
2025-06-20 17:35:00,2.25616,2.25616,2.25519,2.25527,470
2025-06-20 17:40:00,2.25525,2.25586,2.25484,2.25518,671
2025-06-20 17:45:00,2.2552,2.25561,2.25468,2.25484,588
2025-06-20 17:50:00,2.25487,2.2554600000000002,2.25462,2.2551,648
2025-06-20 17:55:00,2.2551,2.25587,2.25436,2.25443,971
2025-06-20 18:00:00,2.25442,2.25531,2.2538,2.25502,837
2025-06-20 18:05:00,2.25502,2.25502,2.25386,2.25425,633
2025-06-20 18:10:00,2.25425,2.25511,2.25369,2.25484,686
2025-06-20 18:15:00,2.25487,2.255,2.25435,2.25459,482
2025-06-20 18:20:00,2.25459,2.25497,2.25421,2.25427,468
2025-06-20 18:25:00,2.25432,2.25492,2.25404,2.25482,547
2025-06-20 18:30:00,2.25482,2.25533,2.2547,2.25506,564
2025-06-20 18:35:00,2.2549799999999998,2.25568,2.25477,2.2553,463
2025-06-20 18:40:00,2.2553,2.25581,2.25476,2.25576,509
2025-06-20 18:45:00,2.25567,2.2559,2.25532,2.25563,447
2025-06-20 18:50:00,2.25563,2.25641,2.25545,2.25602,429
2025-06-20 18:55:00,2.25602,2.25615,2.25548,2.25603,439
2025-06-20 19:00:00,2.25604,2.2560700000000002,2.25552,2.25595,422
2025-06-20 19:05:00,2.25595,2.25599,2.25524,2.25544,388
2025-06-20 19:10:00,2.25545,2.25562,2.255,2.25533,433
2025-06-20 19:15:00,2.25533,2.2560700000000002,2.2551,2.2559,402
2025-06-20 19:20:00,2.2559,2.2560700000000002,2.25493,2.25513,479
2025-06-20 19:25:00,2.25517,2.25535,2.25465,2.25473,374
2025-06-20 19:30:00,2.25483,2.25501,2.2544399999999998,2.25454,437
2025-06-20 19:35:00,2.25455,2.25511,2.25436,2.2551,317
2025-06-20 19:40:00,2.25508,2.25511,2.25436,2.2549799999999998,355
2025-06-20 19:45:00,2.25495,2.25513,2.2545,2.25509,433
2025-06-20 19:50:00,2.2550499999999998,2.25521,2.25469,2.25512,475
2025-06-20 19:55:00,2.25515,2.25521,2.25409,2.25439,473
2025-06-20 20:00:00,2.25439,2.25455,2.25387,2.25451,438
2025-06-20 20:05:00,2.25455,2.25461,2.25395,2.2543,316
2025-06-20 20:10:00,2.25434,2.2545,2.25411,2.25448,445
2025-06-20 20:15:00,2.25445,2.25462,2.25411,2.25439,443
2025-06-20 20:20:00,2.2543699999999998,2.25476,2.25418,2.25466,345
2025-06-20 20:25:00,2.2547,2.2551,2.2544,2.25502,315
2025-06-20 20:30:00,2.25506,2.25519,2.25476,2.25496,368
2025-06-20 20:35:00,2.25497,2.2556,2.25468,2.25551,336
2025-06-20 20:40:00,2.25551,2.25595,2.25511,2.25587,415
2025-06-20 20:45:00,2.25585,2.25585,2.25511,2.25518,370
2025-06-20 20:50:00,2.25518,2.25551,2.25504,2.25542,341
2025-06-20 20:55:00,2.25545,2.25549,2.25457,2.25467,292
2025-06-20 21:00:00,2.25467,2.25501,2.25426,2.2547800000000002,359
2025-06-20 21:05:00,2.25482,2.25494,2.25451,2.25473,268
2025-06-20 21:10:00,2.25471,2.25512,2.25457,2.25484,227
2025-06-20 21:15:00,2.25484,2.25517,2.25448,2.25468,263
2025-06-20 21:20:00,2.25466,2.2547800000000002,2.25421,2.25436,312
2025-06-20 21:25:00,2.25436,2.25466,2.25428,2.2543,237
2025-06-20 21:30:00,2.25425,2.25457,2.25415,2.25455,233
2025-06-20 21:35:00,2.25451,2.25487,2.25439,2.25473,257
2025-06-20 21:40:00,2.25472,2.25523,2.25461,2.2547800000000002,351
2025-06-20 21:45:00,2.2548,2.255,2.2545,2.2549,344
2025-06-20 21:50:00,2.2549799999999998,2.25526,2.25452,2.2552,305
2025-06-20 21:55:00,2.25518,2.25558,2.25475,2.25496,345
2025-06-20 22:00:00,2.25496,2.25517,2.25464,2.2549,359
2025-06-20 22:05:00,2.25482,2.25496,2.25449,2.25467,308
2025-06-20 22:10:00,2.25469,2.25495,2.25453,2.25495,199
2025-06-20 22:15:00,2.25495,2.2549799999999998,2.25445,2.25464,229
2025-06-20 22:20:00,2.25464,2.2549,2.2544399999999998,2.2548,268
2025-06-20 22:25:00,2.2548,2.2549799999999998,2.25463,2.2548500000000002,184
2025-06-20 22:30:00,2.25481,2.25503,2.25468,2.25484,169
2025-06-20 22:35:00,2.25484,2.25501,2.2545,2.2549,233
2025-06-20 22:40:00,2.25494,2.25507,2.25475,2.25484,187
2025-06-20 22:45:00,2.25484,2.25516,2.2543,2.25451,319
2025-06-20 22:50:00,2.25451,2.25453,2.25378,2.25391,360
2025-06-20 22:55:00,2.25379,2.25404,2.25324,2.25345,427
2025-06-20 23:00:00,2.25345,2.25382,2.25323,2.25361,333
2025-06-20 23:05:00,2.25359,2.25389,2.25327,2.25364,256
2025-06-20 23:10:00,2.25372,2.25392,2.25348,2.2537,206
2025-06-20 23:15:00,2.25366,2.25393,2.25337,2.25389,197
2025-06-20 23:20:00,2.25393,2.25404,2.25326,2.25379,185
2025-06-20 23:25:00,2.25383,2.25389,2.253,2.25326,230
2025-06-20 23:30:00,2.25326,2.25359,2.25276,2.25318,172
2025-06-20 23:35:00,2.25324,2.25381,2.25322,2.25346,189
2025-06-20 23:40:00,2.25346,2.25346,2.25014,2.25018,123
2025-06-20 23:45:00,2.25018,2.25068,2.25015,2.25066,319
2025-06-20 23:50:00,2.25062,2.25067,2.2503,2.25056,145
2025-06-20 23:55:00,2.25068,2.25101,2.24898,2.24972,188
2025-06-23 00:00:00,2.2536300000000002,2.2536300000000002,2.25087,2.25246,15
2025-06-23 00:05:00,2.25239,2.25245,2.24995,2.24995,33
2025-06-23 00:10:00,2.24995,2.25084,2.2493,2.25009,44
2025-06-23 00:15:00,2.25012,2.25098,2.24948,2.25093,29
2025-06-23 00:20:00,2.25093,2.25093,2.25054,2.25085,29
2025-06-23 00:25:00,2.25087,2.25087,2.2506,2.25062,10
2025-06-23 00:30:00,2.25063,2.25188,2.24886,2.24886,76
2025-06-23 00:35:00,2.24886,2.2513199999999998,2.24873,2.2507,36
2025-06-23 00:40:00,2.2507,2.25074,2.25068,2.2507099999999998,22
2025-06-23 00:45:00,2.2507099999999998,2.25208,2.2498,2.25204,19
2025-06-23 00:50:00,2.25204,2.25294,2.25204,2.25253,39
2025-06-23 00:55:00,2.25261,2.25292,2.2513199999999998,2.2513199999999998,67
2025-06-23 01:00:00,2.2525,2.25812,2.25244,2.25624,594
2025-06-23 01:05:00,2.25653,2.25748,2.25587,2.25632,508
2025-06-23 01:10:00,2.25635,2.2575,2.25579,2.25703,382
2025-06-23 01:15:00,2.25705,2.25747,2.25618,2.25704,598
2025-06-23 01:20:00,2.25704,2.2574,2.25598,2.25662,531
2025-06-23 01:25:00,2.25671,2.25708,2.2561999999999998,2.25643,445
2025-06-23 01:30:00,2.25639,2.25726,2.25533,2.25683,583
2025-06-23 01:35:00,2.25684,2.2569,2.25528,2.2553,596
2025-06-23 01:40:00,2.2553,2.25548,2.25347,2.2539,465
2025-06-23 01:45:00,2.2539,2.25407,2.25321,2.25344,349
2025-06-23 01:50:00,2.2534,2.25394,2.25308,2.25372,424
2025-06-23 01:55:00,2.25374,2.25403,2.25245,2.25339,429
2025-06-23 02:00:00,2.25335,2.25349,2.25192,2.25215,406
2025-06-23 02:05:00,2.25219,2.25276,2.25191,2.2525,493
2025-06-23 02:10:00,2.25248,2.25276,2.2519299999999998,2.25235,563
2025-06-23 02:15:00,2.25237,2.25243,2.25133,2.25144,450
2025-06-23 02:20:00,2.25143,2.25165,2.25083,2.25121,434
2025-06-23 02:25:00,2.2511900000000002,2.25273,2.2511900000000002,2.25268,424
2025-06-23 02:30:00,2.2527,2.25297,2.25196,2.25245,379
2025-06-23 02:35:00,2.25245,2.25277,2.25203,2.2525399999999998,296
2025-06-23 02:40:00,2.2525399999999998,2.25409,2.25242,2.25409,351
2025-06-23 02:45:00,2.25405,2.25411,2.25348,2.25372,382
2025-06-23 02:50:00,2.2537599999999998,2.2539,2.25331,2.25371,299
2025-06-23 02:55:00,2.25344,2.25357,2.25306,2.25324,408
2025-06-23 03:00:00,2.25323,2.25329,2.25228,2.25286,677
2025-06-23 03:05:00,2.25288,2.25327,2.25194,2.2524,660
2025-06-23 03:10:00,2.25243,2.2525,2.25118,2.25174,594
2025-06-23 03:15:00,2.25176,2.25205,2.25096,2.251,519
2025-06-23 03:20:00,2.25102,2.25201,2.25101,2.25161,693
2025-06-23 03:25:00,2.25159,2.25317,2.25149,2.25296,434
2025-06-23 03:30:00,2.25296,2.25565,2.25296,2.25397,645
2025-06-23 03:35:00,2.254,2.25504,2.25399,2.25439,579
2025-06-23 03:40:00,2.25435,2.25459,2.25343,2.25425,567
2025-06-23 03:45:00,2.25425,2.2548500000000002,2.25387,2.25439,530
2025-06-23 03:50:00,2.2542400000000002,2.25494,2.25318,2.2532,672
2025-06-23 03:55:00,2.25311,2.25409,2.25311,2.25409,595
2025-06-23 04:00:00,2.25409,2.25409,2.25255,2.25346,669
2025-06-23 04:05:00,2.25344,2.2537,2.2531,2.25355,455
2025-06-23 04:10:00,2.25351,2.25401,2.25289,2.25329,608
2025-06-23 04:15:00,2.25325,2.2548500000000002,2.25317,2.25473,611
2025-06-23 04:20:00,2.25486,2.2555899999999998,2.2543699999999998,2.25525,604
2025-06-23 04:25:00,2.25525,2.2568799999999998,2.25502,2.2567,562
2025-06-23 04:30:00,2.2567,2.25708,2.25585,2.2566100000000002,624
2025-06-23 04:35:00,2.25654,2.25693,2.25554,2.25577,527
2025-06-23 04:40:00,2.25572,2.25628,2.25543,2.25589,595
2025-06-23 04:45:00,2.25583,2.25621,2.25534,2.25589,554
2025-06-23 04:50:00,2.25587,2.25695,2.25573,2.25684,514
2025-06-23 04:55:00,2.2569,2.25817,2.25678,2.2568799999999998,521
2025-06-23 05:00:00,2.2568799999999998,2.25723,2.25574,2.25601,616
2025-06-23 05:05:00,2.25601,2.25731,2.25561,2.25724,529
2025-06-23 05:10:00,2.25714,2.25761,2.25662,2.25683,598
2025-06-23 05:15:00,2.25687,2.25833,2.25657,2.25828,493
2025-06-23 05:20:00,2.25823,2.25881,2.25797,2.25846,533
2025-06-23 05:25:00,2.25842,2.25884,2.2579000000000002,2.25811,543
2025-06-23 05:30:00,2.25806,2.25947,2.25765,2.25921,475
2025-06-23 05:35:00,2.2592,2.25978,2.25876,2.25895,465
2025-06-23 05:40:00,2.25895,2.25941,2.25841,2.2593,445
2025-06-23 05:45:00,2.25928,2.25976,2.2589,2.25974,446
2025-06-23 05:50:00,2.25976,2.26005,2.25931,2.26003,495
2025-06-23 05:55:00,2.26003,2.26109,2.25989,2.26056,427
2025-06-23 06:00:00,2.26052,2.26212,2.26,2.26152,489
2025-06-23 06:05:00,2.26153,2.26221,2.26071,2.26214,518
2025-06-23 06:10:00,2.2621,2.2638,2.2621,2.26378,608
2025-06-23 06:15:00,2.2640000000000002,2.26436,2.26294,2.26333,523
2025-06-23 06:20:00,2.26334,2.26375,2.26261,2.2635199999999998,500
2025-06-23 06:25:00,2.26354,2.26469,2.26328,2.26459,499
2025-06-23 06:30:00,2.26459,2.26506,2.26399,2.26472,528
2025-06-23 06:35:00,2.26471,2.26479,2.2641999999999998,2.2644,404
2025-06-23 06:40:00,2.26444,2.26549,2.26434,2.2652200000000002,409
2025-06-23 06:45:00,2.26519,2.26666,2.26515,2.26604,458
2025-06-23 06:50:00,2.2661,2.26646,2.26578,2.26579,469
2025-06-23 06:55:00,2.26579,2.2658,2.26464,2.26477,370
2025-06-23 07:00:00,2.26478,2.26484,2.26375,2.26416,449
2025-06-23 07:05:00,2.26416,2.26469,2.26368,2.26388,433
2025-06-23 07:10:00,2.26389,2.26504,2.26383,2.2646100000000002,557
2025-06-23 07:15:00,2.26464,2.26472,2.26399,2.26454,457
2025-06-23 07:20:00,2.26455,2.26497,2.26438,2.2647399999999998,560
2025-06-23 07:25:00,2.26473,2.26483,2.26417,2.26459,368
2025-06-23 07:30:00,2.26456,2.2648099999999998,2.26411,2.26455,385
2025-06-23 07:35:00,2.26453,2.26479,2.26389,2.26445,377
2025-06-23 07:40:00,2.26444,2.26574,2.26441,2.2646800000000002,422
2025-06-23 07:45:00,2.2646800000000002,2.265,2.26396,2.26414,531
2025-06-23 07:50:00,2.26414,2.26447,2.26398,2.26403,359
2025-06-23 07:55:00,2.26401,2.26454,2.26388,2.26406,418
2025-06-23 08:00:00,2.26405,2.26454,2.26381,2.26439,477
2025-06-23 08:05:00,2.26442,2.26505,2.26414,2.2644,468
2025-06-23 08:10:00,2.2644,2.26582,2.26434,2.26574,475
2025-06-23 08:15:00,2.26578,2.2658,2.26459,2.26538,478
2025-06-23 08:20:00,2.26536,2.26719,2.26513,2.26719,525
2025-06-23 08:25:00,2.2671200000000002,2.26745,2.26611,2.2663,459
2025-06-23 08:30:00,2.2663,2.26686,2.26578,2.26632,581
2025-06-23 08:35:00,2.26636,2.26695,2.26549,2.26669,579
2025-06-23 08:40:00,2.26669,2.26753,2.26626,2.26724,555
2025-06-23 08:45:00,2.2672499999999998,2.26806,2.2666399999999998,2.26756,594
2025-06-23 08:50:00,2.26756,2.26796,2.26726,2.2677,515
2025-06-23 08:55:00,2.26772,2.26795,2.26634,2.26678,545
2025-06-23 09:00:00,2.26693,2.2674,2.26628,2.26702,637
2025-06-23 09:05:00,2.26698,2.26713,2.26585,2.26627,577
2025-06-23 09:10:00,2.26625,2.26635,2.26536,2.26544,600
2025-06-23 09:15:00,2.26548,2.26607,2.26536,2.2660299999999998,459
2025-06-23 09:20:00,2.2660299999999998,2.2664400000000002,2.26558,2.26635,627
2025-06-23 09:25:00,2.26633,2.26856,2.26609,2.268,508
2025-06-23 09:30:00,2.26802,2.2682700000000002,2.26614,2.2662,526
2025-06-23 09:35:00,2.26624,2.26709,2.26614,2.26645,459
2025-06-23 09:40:00,2.26643,2.26713,2.26614,2.26694,448
2025-06-23 09:45:00,2.26694,2.26737,2.26649,2.26663,322
2025-06-23 09:50:00,2.2666,2.26683,2.26568,2.26588,420
2025-06-23 09:55:00,2.26588,2.26593,2.2648,2.26541,651
2025-06-23 10:00:00,2.26541,2.26607,2.26507,2.26564,771
2025-06-23 10:05:00,2.26566,2.2659599999999998,2.26526,2.26537,534
2025-06-23 10:10:00,2.26536,2.26629,2.26523,2.26605,558
2025-06-23 10:15:00,2.26557,2.26618,2.26541,2.26579,523
2025-06-23 10:20:00,2.26586,2.26617,2.26482,2.26488,553
2025-06-23 10:25:00,2.26492,2.26558,2.26424,2.26545,509
2025-06-23 10:30:00,2.26537,2.26602,2.26516,2.26576,548
2025-06-23 10:35:00,2.26575,2.26612,2.2652200000000002,2.26548,523
2025-06-23 10:40:00,2.26554,2.26574,2.26504,2.2652900000000002,501
2025-06-23 10:45:00,2.26527,2.26667,2.2652200000000002,2.2666,490
2025-06-23 10:50:00,2.2665699999999998,2.26686,2.26615,2.26674,471
2025-06-23 10:55:00,2.26669,2.26669,2.26595,2.26656,550
2025-06-23 11:00:00,2.26647,2.26721,2.26619,2.26706,617
2025-06-23 11:05:00,2.2670500000000002,2.26746,2.26677,2.26685,502
2025-06-23 11:10:00,2.26683,2.26729,2.2667,2.2671200000000002,423
2025-06-23 11:15:00,2.26708,2.2679,2.26696,2.26768,473
2025-06-23 11:20:00,2.26768,2.26823,2.26767,2.26808,364
2025-06-23 11:25:00,2.26803,2.26811,2.26662,2.26674,534
2025-06-23 11:30:00,2.26673,2.26856,2.26666,2.26783,453
2025-06-23 11:35:00,2.26785,2.26849,2.26783,2.26849,320
2025-06-23 11:40:00,2.26849,2.2691,2.26836,2.26879,520
2025-06-23 11:45:00,2.26872,2.26897,2.26784,2.26785,411
2025-06-23 11:50:00,2.26787,2.26858,2.26787,2.26823,486
2025-06-23 11:55:00,2.26823,2.26862,2.26783,2.26801,434
2025-06-23 12:00:00,2.26802,2.26869,2.26714,2.26735,546
2025-06-23 12:05:00,2.26738,2.26862,2.26704,2.26807,660
2025-06-23 12:10:00,2.26806,2.2695,2.26795,2.26846,678
2025-06-23 12:15:00,2.26846,2.26929,2.26805,2.26874,582
2025-06-23 12:20:00,2.2688,2.27006,2.26856,2.26932,732
2025-06-23 12:25:00,2.2692,2.2701000000000002,2.26853,2.26998,622
2025-06-23 12:30:00,2.26996,2.27093,2.26946,2.26995,786
2025-06-23 12:35:00,2.26996,2.2709799999999998,2.26951,2.27092,535
2025-06-23 12:40:00,2.27092,2.27182,2.2707800000000002,2.27165,547
2025-06-23 12:45:00,2.27161,2.27165,2.2704,2.2708,464
2025-06-23 12:50:00,2.2708,2.2711,2.27007,2.27086,461
2025-06-23 12:55:00,2.27085,2.27178,2.26998,2.2715899999999998,610
2025-06-23 13:00:00,2.2715899999999998,2.27239,2.27052,2.27057,677
2025-06-23 13:05:00,2.27057,2.27203,2.27027,2.27202,517
2025-06-23 13:10:00,2.27199,2.2729,2.27195,2.27251,470
2025-06-23 13:15:00,2.27253,2.27301,2.27195,2.27287,388
2025-06-23 13:20:00,2.27287,2.2731500000000002,2.27225,2.27241,436
2025-06-23 13:25:00,2.27242,2.27257,2.2713,2.27142,428
2025-06-23 13:30:00,2.27146,2.27196,2.27113,2.2713,466
2025-06-23 13:35:00,2.2713,2.27148,2.27061,2.27073,450
2025-06-23 13:40:00,2.27067,2.27161,2.27061,2.27106,482
2025-06-23 13:45:00,2.27106,2.27203,2.27103,2.2719300000000002,494
2025-06-23 13:50:00,2.27188,2.27201,2.27114,2.27174,456
2025-06-23 13:55:00,2.27174,2.27201,2.2709,2.27184,441
2025-06-23 14:00:00,2.27196,2.27236,2.27133,2.27187,512
2025-06-23 14:05:00,2.27187,2.27318,2.2717,2.27312,503
2025-06-23 14:10:00,2.27316,2.2732200000000002,2.27202,2.27217,463
2025-06-23 14:15:00,2.27217,2.27255,2.27187,2.27217,374
2025-06-23 14:20:00,2.2721299999999998,2.27222,2.2713200000000002,2.2714,484
2025-06-23 14:25:00,2.27142,2.27146,2.27063,2.27112,463
2025-06-23 14:30:00,2.27112,2.27264,2.2711,2.27224,436
2025-06-23 14:35:00,2.27228,2.27232,2.27162,2.2721999999999998,404
2025-06-23 14:40:00,2.27227,2.27308,2.27222,2.27233,466
2025-06-23 14:45:00,2.27233,2.27255,2.27134,2.27196,483
2025-06-23 14:50:00,2.27195,2.27223,2.27065,2.2709099999999998,547
2025-06-23 14:55:00,2.2709,2.27126,2.27038,2.27051,662
2025-06-23 15:00:00,2.27055,2.27058,2.2691,2.27011,595
2025-06-23 15:05:00,2.27011,2.27045,2.26951,2.27032,606
2025-06-23 15:10:00,2.27036,2.2705,2.26988,2.27002,504
2025-06-23 15:15:00,2.27004,2.27029,2.26941,2.26999,472
2025-06-23 15:20:00,2.27003,2.27043,2.26947,2.27042,521
2025-06-23 15:25:00,2.2704,2.2704,2.26944,2.2696,469
2025-06-23 15:30:00,2.2696,2.2708,2.26955,2.2707,636
2025-06-23 15:35:00,2.2707,2.27079,2.26983,2.27059,614
2025-06-23 15:40:00,2.27057,2.27114,2.27035,2.27066,533
2025-06-23 15:45:00,2.27069,2.27099,2.27029,2.27036,571
2025-06-23 15:50:00,2.2704,2.27058,2.26986,2.27019,495
2025-06-23 15:55:00,2.27019,2.27082,2.26999,2.27029,448
2025-06-23 16:00:00,2.27029,2.271,2.26998,2.27068,565
2025-06-23 16:05:00,2.27067,2.27089,2.27038,2.27063,486
2025-06-23 16:10:00,2.27061,2.27149,2.27046,2.27084,497
2025-06-23 16:15:00,2.2709099999999998,2.27221,2.27086,2.27214,473
2025-06-23 16:20:00,2.27212,2.27219,2.27146,2.27202,449
2025-06-23 16:25:00,2.27206,2.2721,2.27144,2.27171,450
2025-06-23 16:30:00,2.27171,2.27379,2.27155,2.27312,700
2025-06-23 16:35:00,2.27312,2.27325,2.27209,2.27273,734
2025-06-23 16:40:00,2.27272,2.27339,2.27227,2.27234,682
2025-06-23 16:45:00,2.27234,2.27293,2.27131,2.27158,785
2025-06-23 16:50:00,2.27164,2.27184,2.2702,2.27021,779
2025-06-23 16:55:00,2.2701700000000002,2.2702,2.26876,2.26968,688
2025-06-23 17:00:00,2.26963,2.27024,2.26842,2.26881,1082
2025-06-23 17:05:00,2.26873,2.26989,2.26873,2.2697,909
2025-06-23 17:10:00,2.26974,2.26983,2.26817,2.26905,903
2025-06-23 17:15:00,2.26894,2.26982,2.26894,2.26965,794
2025-06-23 17:20:00,2.26967,2.27013,2.26911,2.2696899999999998,861
2025-06-23 17:25:00,2.2696899999999998,2.27063,2.26957,2.27041,869
2025-06-23 17:30:00,2.27031,2.27086,2.26946,2.26984,828
2025-06-23 17:35:00,2.26988,2.27022,2.26937,2.26984,703
2025-06-23 17:40:00,2.26984,2.27058,2.26964,2.2701000000000002,691
2025-06-23 17:45:00,2.27014,2.2705,2.26941,2.2696,733
2025-06-23 17:50:00,2.26959,2.2696899999999998,2.26778,2.26784,642
2025-06-23 17:55:00,2.26781,2.26862,2.26748,2.26841,901
2025-06-23 18:00:00,2.26842,2.269,2.26797,2.2689500000000002,798
2025-06-23 18:05:00,2.2689500000000002,2.26921,2.26824,2.26839,629
2025-06-23 18:10:00,2.26835,2.26845,2.26791,2.26806,567
2025-06-23 18:15:00,2.26804,2.26811,2.26722,2.2674,578
2025-06-23 18:20:00,2.26736,2.26789,2.26714,2.26741,592
2025-06-23 18:25:00,2.26743,2.26802,2.2673,2.26772,656
2025-06-23 18:30:00,2.26769,2.26828,2.26735,2.26783,653
2025-06-23 18:35:00,2.26782,2.26878,2.26777,2.26873,530
2025-06-23 18:40:00,2.2687,2.26906,2.26843,2.26879,552
2025-06-23 18:45:00,2.26883,2.26912,2.26849,2.26906,529
2025-06-23 18:50:00,2.26906,2.27027,2.26885,2.27027,557
2025-06-23 18:55:00,2.2702,2.27103,2.26991,2.27103,663
2025-06-23 19:00:00,2.27099,2.27142,2.27008,2.27045,597
2025-06-23 19:05:00,2.27048,2.27079,2.26961,2.26982,544
2025-06-23 19:10:00,2.26984,2.27016,2.26931,2.26985,487
2025-06-23 19:15:00,2.26994,2.27034,2.26939,2.26939,501
2025-06-23 19:20:00,2.26939,2.27056,2.26904,2.27028,434
2025-06-23 19:25:00,2.27033,2.27067,2.26998,2.2703699999999998,571
2025-06-23 19:30:00,2.27039,2.2715,2.27039,2.27109,631
2025-06-23 19:35:00,2.27111,2.2726,2.27101,2.27101,806
2025-06-23 19:40:00,2.27106,2.27133,2.26918,2.26931,796
2025-06-23 19:45:00,2.26929,2.26967,2.26838,2.26931,795
2025-06-23 19:50:00,2.26925,2.2705,2.26925,2.27022,713
2025-06-23 19:55:00,2.27024,2.27104,2.27006,2.27079,697
2025-06-23 20:00:00,2.27077,2.27145,2.26859,2.26885,807
2025-06-23 20:05:00,2.26886,2.26938,2.26793,2.26793,632
2025-06-23 20:10:00,2.26798,2.268,2.26674,2.26692,626
2025-06-23 20:15:00,2.26692,2.26723,2.26635,2.2667,622
2025-06-23 20:20:00,2.26672,2.26717,2.26605,2.26661,630
2025-06-23 20:25:00,2.26663,2.26686,2.26594,2.26613,602
2025-06-23 20:30:00,2.26613,2.26685,2.26566,2.26673,654
2025-06-23 20:35:00,2.26673,2.26693,2.26543,2.26585,598
2025-06-23 20:40:00,2.26587,2.26652,2.26545,2.2659000000000002,638
2025-06-23 20:45:00,2.26581,2.26633,2.26548,2.26579,558
2025-06-23 20:50:00,2.26575,2.26612,2.26547,2.26606,491
2025-06-23 20:55:00,2.26608,2.26611,2.2652200000000002,2.26564,495
2025-06-23 21:00:00,2.2656,2.26582,2.26502,2.26526,502
2025-06-23 21:05:00,2.2653,2.26554,2.26475,2.26479,479
2025-06-23 21:10:00,2.26475,2.26524,2.2644,2.26491,459
2025-06-23 21:15:00,2.26491,2.26555,2.26414,2.26455,476
2025-06-23 21:20:00,2.26453,2.26507,2.26423,2.2647399999999998,486
2025-06-23 21:25:00,2.2647399999999998,2.2654,2.26449,2.26528,434
2025-06-23 21:30:00,2.26523,2.26581,2.26496,2.26513,565
2025-06-23 21:35:00,2.26511,2.26534,2.26433,2.2647399999999998,445
2025-06-23 21:40:00,2.26469,2.2649,2.26384,2.26425,495
2025-06-23 21:45:00,2.26429,2.26445,2.26365,2.26392,425
2025-06-23 21:50:00,2.26396,2.26422,2.26357,2.26368,476
2025-06-23 21:55:00,2.26368,2.26388,2.26252,2.26272,495
2025-06-23 22:00:00,2.26273,2.26307,2.26203,2.26275,451
2025-06-23 22:05:00,2.26275,2.26335,2.26263,2.2629799999999998,315
2025-06-23 22:10:00,2.2629799999999998,2.2634600000000002,2.26284,2.2632,356
2025-06-23 22:15:00,2.2631,2.2638,2.2631,2.26371,382
2025-06-23 22:20:00,2.26373,2.26403,2.26347,2.26396,337
2025-06-23 22:25:00,2.26394,2.2641999999999998,2.26349,2.26369,307
2025-06-23 22:30:00,2.26368,2.26374,2.26321,2.26363,332
2025-06-23 22:35:00,2.26363,2.26405,2.26353,2.26396,288
2025-06-23 22:40:00,2.2640000000000002,2.26435,2.26372,2.26408,276
2025-06-23 22:45:00,2.2641,2.26421,2.26369,2.26376,253
2025-06-23 22:50:00,2.2635,2.26383,2.26332,2.26343,384
2025-06-23 22:55:00,2.26347,2.2635899999999998,2.26285,2.26336,435
2025-06-23 23:00:00,2.26338,2.2634600000000002,2.26272,2.2629099999999998,309
2025-06-23 23:05:00,2.2629099999999998,2.26296,2.26211,2.2622,219
2025-06-23 23:10:00,2.26212,2.26231,2.26177,2.26204,205
2025-06-23 23:15:00,2.26203,2.26247,2.2614900000000002,2.26179,238
2025-06-23 23:20:00,2.26181,2.26235,2.2617599999999998,2.262,221
2025-06-23 23:25:00,2.26206,2.26221,2.26179,2.26183,198
2025-06-23 23:30:00,2.26183,2.26219,2.26168,2.26192,220
2025-06-23 23:35:00,2.26192,2.2622999999999998,2.26185,2.26204,190
2025-06-23 23:40:00,2.26204,2.26204,2.25934,2.25972,176
2025-06-23 23:45:00,2.25972,2.25996,2.25948,2.25994,165
2025-06-23 23:50:00,2.25996,2.26028,2.25984,2.26012,219
2025-06-23 23:55:00,2.2601,2.26209,2.25965,2.26182,215
2025-06-24 00:00:00,2.26175,2.26658,2.25931,2.26021,10
2025-06-24 00:05:00,2.25981,2.26071,2.25781,2.26,76
2025-06-24 00:10:00,2.26,2.26123,2.25911,2.26122,62
2025-06-24 00:15:00,2.26122,2.26155,2.26103,2.26144,36
2025-06-24 00:20:00,2.26144,2.26157,2.26042,2.26109,129
2025-06-24 00:25:00,2.26109,2.26125,2.2604699999999998,2.26104,112
2025-06-24 00:30:00,2.2611499999999998,2.26174,2.26071,2.26109,40
2025-06-24 00:35:00,2.26109,2.26206,2.26105,2.26137,144
2025-06-24 00:40:00,2.26135,2.26141,2.26084,2.26093,259
2025-06-24 00:45:00,2.26106,2.2611,2.26058,2.2608,148
2025-06-24 00:50:00,2.2608,2.2608800000000002,2.26071,2.26083,63
2025-06-24 00:55:00,2.26079,2.26128,2.26066,2.26103,146
2025-06-24 01:00:00,2.26103,2.26294,2.26072,2.26179,329
2025-06-24 01:05:00,2.26213,2.2622,2.26084,2.26153,381
2025-06-24 01:10:00,2.26154,2.26181,2.26089,2.26131,276
2025-06-24 01:15:00,2.26119,2.26158,2.26082,2.26111,280
2025-06-24 01:20:00,2.26113,2.26201,2.2610799999999998,2.26143,426
2025-06-24 01:25:00,2.26143,2.26162,2.26052,2.26076,395
2025-06-24 01:30:00,2.26075,2.26129,2.26028,2.26091,416
2025-06-24 01:35:00,2.26091,2.26092,2.25994,2.26008,314
2025-06-24 01:40:00,2.26004,2.2610799999999998,2.25983,2.26101,376
2025-06-24 01:45:00,2.26101,2.26153,2.2607,2.26102,325
2025-06-24 01:50:00,2.26104,2.26117,2.26063,2.2608,159
2025-06-24 01:55:00,2.26078,2.26141,2.26078,2.26118,183
2025-06-24 02:00:00,2.26122,2.26122,2.26029,2.26085,432
2025-06-24 02:05:00,2.26085,2.26109,2.26026,2.2606,324
2025-06-24 02:10:00,2.26061,2.2607,2.25977,2.25985,340
2025-06-24 02:15:00,2.25985,2.26017,2.25873,2.25887,406
2025-06-24 02:20:00,2.25887,2.25924,2.25785,2.25815,496
2025-06-24 02:25:00,2.25815,2.25852,2.25776,2.2580299999999998,377
2025-06-24 02:30:00,2.25811,2.25897,2.25762,2.25888,351
2025-06-24 02:35:00,2.25888,2.25906,2.25768,2.25796,379
2025-06-24 02:40:00,2.25815,2.25876,2.25795,2.25834,352
2025-06-24 02:45:00,2.25836,2.25854,2.25789,2.25791,322
2025-06-24 02:50:00,2.25795,2.25911,2.25793,2.25907,347
2025-06-24 02:55:00,2.25907,2.25948,2.25845,2.25944,478
2025-06-24 03:00:00,2.25945,2.25946,2.25768,2.25847,639
2025-06-24 03:05:00,2.25847,2.25929,2.25839,2.2591,530
2025-06-24 03:10:00,2.2591,2.25921,2.25866,2.2588,507
2025-06-24 03:15:00,2.2588,2.25978,2.25874,2.25924,533
2025-06-24 03:20:00,2.25922,2.25941,2.25882,2.25913,391
2025-06-24 03:25:00,2.25913,2.25935,2.25875,2.25911,409
2025-06-24 03:30:00,2.25911,2.2596600000000002,2.25814,2.25936,491
2025-06-24 03:35:00,2.25933,2.25977,2.25874,2.2596600000000002,460
2025-06-24 03:40:00,2.25967,2.26001,2.2588,2.25894,457
2025-06-24 03:45:00,2.25892,2.25971,2.25843,2.25955,581
2025-06-24 03:50:00,2.25957,2.2603400000000002,2.258,2.25855,864
2025-06-24 03:55:00,2.25849,2.25885,2.25831,2.25872,622
2025-06-24 04:00:00,2.25874,2.26023,2.2587,2.26,601
2025-06-24 04:05:00,2.26002,2.26007,2.25855,2.25898,446
2025-06-24 04:10:00,2.25897,2.25923,2.2579000000000002,2.25906,418
2025-06-24 04:15:00,2.25909,2.25947,2.25862,2.2592,463
2025-06-24 04:20:00,2.25919,2.2598,2.25902,2.25978,506
2025-06-24 04:25:00,2.25978,2.25989,2.25934,2.25965,357
2025-06-24 04:30:00,2.25968,2.26022,2.25931,2.25991,543
2025-06-24 04:35:00,2.25994,2.2603400000000002,2.25959,2.2596600000000002,446
2025-06-24 04:40:00,2.25962,2.25987,2.25809,2.25825,498
2025-06-24 04:45:00,2.25833,2.2588,2.25795,2.25832,537
2025-06-24 04:50:00,2.25832,2.25908,2.25807,2.25827,521
2025-06-24 04:55:00,2.25826,2.25889,2.25816,2.25835,525
2025-06-24 05:00:00,2.25828,2.25872,2.25752,2.2579000000000002,481
2025-06-24 05:05:00,2.25788,2.25937,2.25785,2.2591,437
2025-06-24 05:10:00,2.2592,2.25944,2.25732,2.25739,517
2025-06-24 05:15:00,2.25741,2.258,2.257,2.25776,409
2025-06-24 05:20:00,2.25778,2.25822,2.25752,2.25785,436
2025-06-24 05:25:00,2.25785,2.25842,2.25771,2.25806,417
2025-06-24 05:30:00,2.25805,2.25825,2.25731,2.25733,482
2025-06-24 05:35:00,2.25733,2.25738,2.25625,2.25641,325
2025-06-24 05:40:00,2.25641,2.2568,2.25517,2.25573,322
2025-06-24 05:45:00,2.25574,2.25618,2.25462,2.25503,375
2025-06-24 05:50:00,2.255,2.25587,2.255,2.25574,366
2025-06-24 05:55:00,2.25578,2.25578,2.2550499999999998,2.2551,299
2025-06-24 06:00:00,2.25507,2.25581,2.25461,2.25514,341
2025-06-24 06:05:00,2.25515,2.25591,2.25511,2.25528,277
2025-06-24 06:10:00,2.25523,2.25582,2.2548,2.25511,311
2025-06-24 06:15:00,2.25513,2.25636,2.25489,2.25635,335
2025-06-24 06:20:00,2.25635,2.25682,2.25561,2.25677,387
2025-06-24 06:25:00,2.25674,2.25676,2.25613,2.25632,288
2025-06-24 06:30:00,2.25633,2.2566,2.25549,2.25633,384
2025-06-24 06:35:00,2.2563,2.25745,2.2562699999999998,2.25734,298
2025-06-24 06:40:00,2.25733,2.25738,2.25675,2.25698,359
2025-06-24 06:45:00,2.25691,2.2571,2.25665,2.2568099999999998,367
2025-06-24 06:50:00,2.25684,2.2573,2.25654,2.25678,315
2025-06-24 06:55:00,2.25685,2.25808,2.25684,2.25785,365
2025-06-24 07:00:00,2.2578300000000002,2.25839,2.25771,2.25831,382
2025-06-24 07:05:00,2.25833,2.2586399999999998,2.258,2.25861,305
2025-06-24 07:10:00,2.25861,2.25865,2.25813,2.25822,309
2025-06-24 07:15:00,2.25822,2.25872,2.25767,2.2584400000000002,294
2025-06-24 07:20:00,2.25838,2.25845,2.25813,2.25833,286
2025-06-24 07:25:00,2.2583,2.25854,2.25727,2.25739,330
2025-06-24 07:30:00,2.25736,2.25738,2.25658,2.25708,280
2025-06-24 07:35:00,2.25706,2.25706,2.25636,2.25652,283
2025-06-24 07:40:00,2.25648,2.25656,2.2554,2.25586,270
2025-06-24 07:45:00,2.25586,2.25589,2.25482,2.25482,378
2025-06-24 07:50:00,2.25481,2.2553900000000002,2.25479,2.25509,361
2025-06-24 07:55:00,2.2550499999999998,2.25508,2.25454,2.25469,384
2025-06-24 08:00:00,2.25468,2.2555899999999998,2.25454,2.2554600000000002,410
2025-06-24 08:05:00,2.25549,2.25582,2.25535,2.25575,293
2025-06-24 08:10:00,2.25575,2.25666,2.25571,2.25653,347
2025-06-24 08:15:00,2.25656,2.25677,2.25628,2.25663,311
2025-06-24 08:20:00,2.25663,2.25677,2.25617,2.25669,281
2025-06-24 08:25:00,2.25666,2.2568799999999998,2.2565,2.25659,239
2025-06-24 08:30:00,2.25662,2.25691,2.2561,2.25639,422
2025-06-24 08:35:00,2.25639,2.2566,2.25569,2.25576,379
2025-06-24 08:40:00,2.25576,2.25659,2.25525,2.25543,401
2025-06-24 08:45:00,2.25541,2.25612,2.25526,2.25562,392
2025-06-24 08:50:00,2.25561,2.25653,2.2556,2.25629,425
2025-06-24 08:55:00,2.2562699999999998,2.2564,2.25563,2.25577,409
2025-06-24 09:00:00,2.25593,2.25674,2.25524,2.25616,638
2025-06-24 09:05:00,2.25616,2.25626,2.25521,2.25563,413
2025-06-24 09:10:00,2.25565,2.25585,2.25514,2.25514,466
2025-06-24 09:15:00,2.25516,2.25525,2.25349,2.25401,633
2025-06-24 09:20:00,2.25406,2.2541700000000002,2.25195,2.25278,713
2025-06-24 09:25:00,2.25278,2.2544399999999998,2.25264,2.2544,547
2025-06-24 09:30:00,2.25438,2.2547,2.25337,2.25396,562
2025-06-24 09:35:00,2.25396,2.2545,2.25306,2.25426,488
2025-06-24 09:40:00,2.2542400000000002,2.2542400000000002,2.2527,2.25317,553
2025-06-24 09:45:00,2.2532,2.2533,2.25209,2.25326,472
2025-06-24 09:50:00,2.25321,2.25378,2.25216,2.25246,589
2025-06-24 09:55:00,2.25255,2.25255,2.25175,2.25178,626
2025-06-24 10:00:00,2.25177,2.25303,2.25155,2.25262,666
2025-06-24 10:05:00,2.25267,2.25298,2.25206,2.25293,666
2025-06-24 10:10:00,2.25293,2.25326,2.25213,2.25304,582
2025-06-24 10:15:00,2.25304,2.25318,2.25223,2.25301,525
2025-06-24 10:20:00,2.25318,2.25388,2.25289,2.25377,564
2025-06-24 10:25:00,2.2538,2.25404,2.25297,2.2531,588
2025-06-24 10:30:00,2.253,2.25393,2.25252,2.25389,926
2025-06-24 10:35:00,2.25383,2.25449,2.25346,2.25399,546
2025-06-24 10:40:00,2.25399,2.25582,2.25397,2.25582,467
2025-06-24 10:45:00,2.25583,2.25659,2.25577,2.25651,433
2025-06-24 10:50:00,2.25653,2.25723,2.25591,2.2568799999999998,745
2025-06-24 10:55:00,2.25692,2.25799,2.25665,2.25776,544
2025-06-24 11:00:00,2.25774,2.25777,2.25654,2.25705,578
2025-06-24 11:05:00,2.25705,2.25776,2.2566800000000002,2.25754,489
2025-06-24 11:10:00,2.25746,2.25798,2.2572200000000002,2.25778,429
2025-06-24 11:15:00,2.25778,2.25863,2.25728,2.25812,425
2025-06-24 11:20:00,2.25804,2.25916,2.25727,2.25736,620
2025-06-24 11:25:00,2.2574,2.2584,2.25648,2.25839,518
2025-06-24 11:30:00,2.25839,2.25873,2.25817,2.25832,564
2025-06-24 11:35:00,2.25832,2.25858,2.25814,2.25826,473
2025-06-24 11:40:00,2.25826,2.25846,2.25797,2.25818,498
2025-06-24 11:45:00,2.25818,2.25881,2.25806,2.25841,521
2025-06-24 11:50:00,2.25841,2.25893,2.25805,2.25825,463
2025-06-24 11:55:00,2.25826,2.25839,2.25717,2.25778,524
2025-06-24 12:00:00,2.25774,2.25785,2.25666,2.25673,475
2025-06-24 12:05:00,2.25678,2.25707,2.25636,2.25638,372
2025-06-24 12:10:00,2.25646,2.25699,2.25537,2.2553900000000002,437
2025-06-24 12:15:00,2.25535,2.25622,2.25511,2.25589,444
2025-06-24 12:20:00,2.25589,2.25619,2.25405,2.25408,430
2025-06-24 12:25:00,2.25393,2.25523,2.25384,2.25512,418
2025-06-24 12:30:00,2.25514,2.25602,2.2551,2.2555,344
2025-06-24 12:35:00,2.25543,2.2556,2.25476,2.25481,304
2025-06-24 12:40:00,2.25481,2.25513,2.2541,2.25431,451
2025-06-24 12:45:00,2.25433,2.25496,2.2543,2.25435,424
2025-06-24 12:50:00,2.25435,2.2557,2.25435,2.25523,492
2025-06-24 12:55:00,2.25527,2.25592,2.25507,2.25564,333
2025-06-24 13:00:00,2.25564,2.2563,2.25541,2.25583,408
2025-06-24 13:05:00,2.25583,2.2560000000000002,2.25549,2.25581,336
2025-06-24 13:10:00,2.25586,2.25623,2.25579,2.25611,286
2025-06-24 13:15:00,2.2560700000000002,2.25655,2.25598,2.25622,263
2025-06-24 13:20:00,2.25618,2.25618,2.2557,2.25582,340
2025-06-24 13:25:00,2.25582,2.25606,2.25562,2.25572,269
2025-06-24 13:30:00,2.25572,2.25601,2.2556,2.2558,251
2025-06-24 13:35:00,2.25583,2.2559,2.25558,2.25572,253
2025-06-24 13:40:00,2.25573,2.25573,2.2549,2.25511,214
2025-06-24 13:45:00,2.25515,2.2556,2.25503,2.25533,268
2025-06-24 13:50:00,2.25524,2.25565,2.2550499999999998,2.25554,286
2025-06-24 13:55:00,2.25554,2.25611,2.2553,2.25609,417
2025-06-24 14:00:00,2.25614,2.25628,2.2558,2.2560700000000002,394
2025-06-24 14:05:00,2.25596,2.25633,2.2558,2.25631,325
2025-06-24 14:10:00,2.25631,2.25665,2.25613,2.25651,307
2025-06-24 14:15:00,2.25651,2.25666,2.25578,2.25588,317
2025-06-24 14:20:00,2.25589,2.25615,2.2556599999999998,2.25579,401
2025-06-24 14:25:00,2.25577,2.25597,2.25534,2.25545,420
2025-06-24 14:30:00,2.25544,2.25674,2.2549799999999998,2.25667,511
2025-06-24 14:35:00,2.25669,2.25695,2.25645,2.25693,380
2025-06-24 14:40:00,2.25695,2.25695,2.25614,2.25616,327
2025-06-24 14:45:00,2.25616,2.25637,2.25583,2.25601,376
2025-06-24 14:50:00,2.25601,2.2566800000000002,2.25573,2.25646,375
2025-06-24 14:55:00,2.25642,2.25695,2.25593,2.25665,470
2025-06-24 15:00:00,2.25667,2.25714,2.25662,2.25685,445
2025-06-24 15:05:00,2.25685,2.25685,2.25554,2.25636,356
2025-06-24 15:10:00,2.25639,2.25645,2.25551,2.25598,349
2025-06-24 15:15:00,2.2560000000000002,2.25666,2.25581,2.25628,431
2025-06-24 15:20:00,2.25616,2.25643,2.25555,2.2561999999999998,485
2025-06-24 15:25:00,2.2561999999999998,2.25643,2.25586,2.25612,345
2025-06-24 15:30:00,2.25612,2.25714,2.25604,2.25693,638
2025-06-24 15:35:00,2.25685,2.25743,2.25664,2.25683,544
2025-06-24 15:40:00,2.25687,2.25691,2.25609,2.25623,440
2025-06-24 15:45:00,2.25616,2.2574899999999998,2.25616,2.25677,478
2025-06-24 15:50:00,2.25673,2.25733,2.25654,2.25711,403
2025-06-24 15:55:00,2.25713,2.25774,2.25693,2.25747,478
2025-06-24 16:00:00,2.25747,2.2578300000000002,2.25708,2.2576,531
2025-06-24 16:05:00,2.25762,2.25856,2.25731,2.2585100000000002,484
2025-06-24 16:10:00,2.2585100000000002,2.2591,2.25814,2.25823,524
2025-06-24 16:15:00,2.25813,2.25961,2.25804,2.25897,636
2025-06-24 16:20:00,2.25897,2.2596,2.25883,2.2593,488
2025-06-24 16:25:00,2.2593,2.2597,2.25902,2.25907,500
2025-06-24 16:30:00,2.25916,2.26019,2.25868,2.26002,603
2025-06-24 16:35:00,2.26002,2.26052,2.25952,2.26006,634
2025-06-24 16:40:00,2.26006,2.26159,2.25987,2.26143,609
2025-06-24 16:45:00,2.26143,2.26144,2.26032,2.26104,585
2025-06-24 16:50:00,2.26104,2.26126,2.26041,2.26072,562
2025-06-24 16:55:00,2.26072,2.26179,2.26069,2.26167,545
2025-06-24 17:00:00,2.2617,2.26184,2.26055,2.26065,607
2025-06-24 17:05:00,2.26059,2.26075,2.25931,2.25946,720
2025-06-24 17:10:00,2.25946,2.26031,2.2591200000000002,2.25956,700
2025-06-24 17:15:00,2.25956,2.25999,2.25867,2.25867,829
2025-06-24 17:20:00,2.25867,2.25901,2.25741,2.25839,863
2025-06-24 17:25:00,2.25842,2.25927,2.25829,2.25903,874
2025-06-24 17:30:00,2.25903,2.25913,2.25791,2.25884,841
2025-06-24 17:35:00,2.25889,2.26072,2.25884,2.26028,700
2025-06-24 17:40:00,2.26021,2.26032,2.25911,2.25936,598
2025-06-24 17:45:00,2.25935,2.26038,2.25919,2.26001,659
2025-06-24 17:50:00,2.26001,2.2604699999999998,2.2597,2.2601,738
2025-06-24 17:55:00,2.26012,2.26132,2.26012,2.26128,790
2025-06-24 18:00:00,2.26117,2.2614,2.25943,2.25965,788
2025-06-24 18:05:00,2.2596,2.25997,2.25893,2.25971,614
2025-06-24 18:10:00,2.25971,2.25974,2.25897,2.25924,630
2025-06-24 18:15:00,2.25928,2.25968,2.25849,2.25957,513
2025-06-24 18:20:00,2.25959,2.25972,2.25889,2.25972,579
2025-06-24 18:25:00,2.25969,2.26043,2.25958,2.26014,500
2025-06-24 18:30:00,2.26014,2.26121,2.2599299999999998,2.26092,585
2025-06-24 18:35:00,2.26092,2.26158,2.26089,2.26134,480
2025-06-24 18:40:00,2.26134,2.26227,2.26096,2.26193,496
2025-06-24 18:45:00,2.26193,2.26306,2.26184,2.26288,371
2025-06-24 18:50:00,2.26289,2.26295,2.26238,2.2627800000000002,573
2025-06-24 18:55:00,2.2627800000000002,2.2635199999999998,2.26249,2.26338,528
2025-06-24 19:00:00,2.26322,2.26392,2.2631,2.26383,479
2025-06-24 19:05:00,2.26385,2.2641299999999998,2.26364,2.26383,441
2025-06-24 19:10:00,2.26383,2.26423,2.26368,2.26384,357
2025-06-24 19:15:00,2.2638,2.26434,2.26348,2.2638,371
2025-06-24 19:20:00,2.2638,2.26396,2.2633,2.26356,332
2025-06-24 19:25:00,2.26355,2.26384,2.26323,2.26363,372
2025-06-24 19:30:00,2.26358,2.26362,2.26296,2.26335,315
2025-06-24 19:35:00,2.26335,2.26367,2.26311,2.26325,339
2025-06-24 19:40:00,2.26319,2.26344,2.26269,2.2632,338
2025-06-24 19:45:00,2.26322,2.26348,2.26273,2.2628,370
2025-06-24 19:50:00,2.26276,2.26302,2.26259,2.26281,305
2025-06-24 19:55:00,2.26281,2.2629099999999998,2.2624,2.26271,353
2025-06-24 20:00:00,2.26271,2.26301,2.26249,2.2629099999999998,319
2025-06-24 20:05:00,2.26292,2.26372,2.2627800000000002,2.26372,304
2025-06-24 20:10:00,2.2636,2.26394,2.26326,2.26384,316
2025-06-24 20:15:00,2.26384,2.26391,2.26319,2.26326,353
2025-06-24 20:20:00,2.26315,2.26368,2.26305,2.26368,427
2025-06-24 20:25:00,2.26368,2.26384,2.26338,2.26372,269
2025-06-24 20:30:00,2.26366,2.26378,2.26312,2.2637,289
2025-06-24 20:35:00,2.26371,2.26382,2.26334,2.26335,308
2025-06-24 20:40:00,2.26338,2.2637,2.26315,2.26338,275
2025-06-24 20:45:00,2.2634,2.26374,2.26319,2.26368,228
2025-06-24 20:50:00,2.26368,2.2637,2.26329,2.26362,256
2025-06-24 20:55:00,2.26364,2.26422,2.2635199999999998,2.26412,299
2025-06-24 21:00:00,2.26418,2.26449,2.26361,2.26438,372
2025-06-24 21:05:00,2.26438,2.2645,2.26393,2.26408,343
2025-06-24 21:10:00,2.26408,2.26415,2.26361,2.2641,301
2025-06-24 21:15:00,2.26409,2.26415,2.26356,2.2640000000000002,270
2025-06-24 21:20:00,2.2640000000000002,2.26403,2.26324,2.26366,290
2025-06-24 21:25:00,2.26368,2.26429,2.26341,2.26406,273
2025-06-24 21:30:00,2.26405,2.26421,2.26372,2.26394,256
2025-06-24 21:35:00,2.26402,2.26427,2.26353,2.26355,299
2025-06-24 21:40:00,2.2635899999999998,2.26389,2.2633900000000002,2.26355,288
2025-06-24 21:45:00,2.26361,2.26386,2.26347,2.26384,170
2025-06-24 21:50:00,2.26382,2.26399,2.26356,2.26388,298
2025-06-24 21:55:00,2.26388,2.26457,2.26382,2.26452,360
2025-06-24 22:00:00,2.26451,2.26451,2.26364,2.2637,381
2025-06-24 22:05:00,2.2637,2.26389,2.26304,2.26315,229
2025-06-24 22:10:00,2.26323,2.26367,2.26317,2.26362,208
2025-06-24 22:15:00,2.26362,2.26415,2.26362,2.26409,246
2025-06-24 22:20:00,2.26405,2.2641,2.26332,2.2636,255
2025-06-24 22:25:00,2.2636,2.26405,2.26353,2.26389,197
2025-06-24 22:30:00,2.26395,2.26446,2.26376,2.26436,214
2025-06-24 22:35:00,2.26441,2.26467,2.26422,2.26452,198
2025-06-24 22:40:00,2.26454,2.26463,2.26424,2.26448,191
2025-06-24 22:45:00,2.26452,2.26473,2.26406,2.26438,208
2025-06-24 22:50:00,2.2644,2.26489,2.26429,2.26489,244
2025-06-24 22:55:00,2.26489,2.2655,2.26475,2.26511,380
2025-06-24 23:00:00,2.26508,2.2658300000000002,2.26492,2.26548,318
2025-06-24 23:05:00,2.26547,2.26576,2.2647,2.26559,245
2025-06-24 23:10:00,2.26563,2.26594,2.2652900000000002,2.26588,212
2025-06-24 23:15:00,2.26588,2.2660299999999998,2.26547,2.26577,174
2025-06-24 23:20:00,2.26572,2.26579,2.26525,2.26574,230
2025-06-24 23:25:00,2.26571,2.26649,2.26557,2.26612,174
2025-06-24 23:30:00,2.26614,2.26622,2.26585,2.26585,136
2025-06-24 23:35:00,2.26589,2.26605,2.26558,2.26594,164
2025-06-24 23:40:00,2.26594,2.26594,2.26329,2.26342,95
2025-06-24 23:45:00,2.2635,2.26362,2.26332,2.2636,127
2025-06-24 23:50:00,2.26358,2.2636,2.26337,2.2634600000000002,140
2025-06-24 23:55:00,2.2635199999999998,2.26621,2.26336,2.26621,243
2025-06-25 00:00:00,2.26624,2.26736,2.26447,2.26485,23
2025-06-25 00:05:00,2.26482,2.26504,2.26393,2.26501,45
2025-06-25 00:10:00,2.26501,2.26562,2.2635899999999998,2.26361,78
2025-06-25 00:15:00,2.26361,2.26368,2.26343,2.26349,34
2025-06-25 00:20:00,2.26349,2.26375,2.2633,2.26375,63
2025-06-25 00:25:00,2.26375,2.26397,2.2635199999999998,2.26375,81
2025-06-25 00:30:00,2.26375,2.2641299999999998,2.26375,2.26412,80
2025-06-25 00:35:00,2.26412,2.26412,2.26397,2.26411,65
2025-06-25 00:40:00,2.26411,2.26415,2.26404,2.26408,62
2025-06-25 00:45:00,2.26408,2.26411,2.26396,2.26404,60
2025-06-25 00:50:00,2.26404,2.26463,2.26371,2.26379,75
2025-06-25 00:55:00,2.26387,2.26397,2.26375,2.26388,65
2025-06-25 01:00:00,2.26388,2.26571,2.26388,2.26538,188
2025-06-25 01:05:00,2.26537,2.26559,2.26532,2.26541,116
2025-06-25 01:10:00,2.26541,2.26608,2.26541,2.26608,111
2025-06-25 01:15:00,2.26604,2.26668,2.26604,2.2666399999999998,111
2025-06-25 01:20:00,2.2666399999999998,2.2666399999999998,2.26607,2.26645,132
2025-06-25 01:25:00,2.26648,2.2665699999999998,2.26536,2.2656,91
2025-06-25 01:30:00,2.26559,2.26591,2.26539,2.26573,121
2025-06-25 01:35:00,2.26571,2.26625,2.2657,2.26607,133
2025-06-25 01:40:00,2.26608,2.26629,2.26568,2.26568,141
2025-06-25 01:45:00,2.2657,2.26609,2.26567,2.26606,197
2025-06-25 01:50:00,2.26607,2.26669,2.26582,2.26588,76
2025-06-25 01:55:00,2.26586,2.26618,2.26567,2.26618,112
2025-06-25 02:00:00,2.26613,2.26613,2.26534,2.2655,155
2025-06-25 02:05:00,2.2655,2.26578,2.26537,2.26571,82
2025-06-25 02:10:00,2.26567,2.26604,2.26546,2.26581,128
2025-06-25 02:15:00,2.26579,2.26604,2.2654199999999998,2.2654199999999998,115
2025-06-25 02:20:00,2.26543,2.26559,2.26533,2.26552,145
2025-06-25 02:25:00,2.26552,2.26601,2.2653499999999998,2.2659599999999998,78
2025-06-25 02:30:00,2.26587,2.26594,2.2652200000000002,2.2653499999999998,130
2025-06-25 02:35:00,2.2653499999999998,2.26565,2.26491,2.2655,125
2025-06-25 02:40:00,2.2655,2.26562,2.26502,2.26562,142
2025-06-25 02:45:00,2.2656,2.26567,2.26482,2.26486,172
2025-06-25 02:50:00,2.26482,2.26509,2.26445,2.2647,290
2025-06-25 02:55:00,2.26472,2.26503,2.26435,2.26447,242
2025-06-25 03:00:00,2.26447,2.26457,2.26353,2.2639,400
2025-06-25 03:05:00,2.26394,2.26409,2.2636,2.26365,290
2025-06-25 03:10:00,2.26363,2.26418,2.26347,2.26393,413
2025-06-25 03:15:00,2.2639,2.26439,2.26381,2.26436,338
2025-06-25 03:20:00,2.26436,2.26483,2.26434,2.26483,365
2025-06-25 03:25:00,2.26483,2.26499,2.26455,2.26458,345
2025-06-25 03:30:00,2.26455,2.26508,2.26399,2.2641999999999998,442
2025-06-25 03:35:00,2.26422,2.26449,2.2640700000000002,2.26445,267
2025-06-25 03:40:00,2.26443,2.26447,2.26345,2.26355,272
2025-06-25 03:45:00,2.26355,2.26379,2.26243,2.26253,338
2025-06-25 03:50:00,2.2626,2.26273,2.26191,2.26198,385
2025-06-25 03:55:00,2.26197,2.26202,2.26111,2.2617599999999998,372
2025-06-25 04:00:00,2.26174,2.26197,2.26125,2.2615600000000002,393
2025-06-25 04:05:00,2.2615600000000002,2.2622,2.26152,2.26175,319
2025-06-25 04:10:00,2.26173,2.26215,2.26107,2.26207,459
2025-06-25 04:15:00,2.26205,2.26276,2.26204,2.26257,391
2025-06-25 04:20:00,2.26253,2.26256,2.26157,2.26187,385
2025-06-25 04:25:00,2.26187,2.26261,2.26174,2.26252,344
2025-06-25 04:30:00,2.26252,2.26335,2.25985,2.26042,809
2025-06-25 04:35:00,2.26038,2.26079,2.25995,2.26033,464
2025-06-25 04:40:00,2.26033,2.26072,2.25923,2.25924,432
2025-06-25 04:45:00,2.25924,2.26093,2.25924,2.26071,496
2025-06-25 04:50:00,2.26069,2.26113,2.25991,2.26002,415
2025-06-25 04:55:00,2.2601,2.26075,2.25991,2.2607,471
2025-06-25 05:00:00,2.26062,2.26143,2.26003,2.26013,443
2025-06-25 05:05:00,2.26013,2.26089,2.26013,2.26071,449
2025-06-25 05:10:00,2.26071,2.26091,2.26012,2.26018,484
2025-06-25 05:15:00,2.2602,2.2607,2.26004,2.26009,349
2025-06-25 05:20:00,2.26009,2.2603,2.25957,2.2601,372
2025-06-25 05:25:00,2.2601,2.2605399999999998,2.25977,2.26016,316
2025-06-25 05:30:00,2.26018,2.26041,2.25963,2.25996,355
2025-06-25 05:35:00,2.25998,2.26032,2.2586,2.25862,247
2025-06-25 05:40:00,2.25862,2.25924,2.25849,2.25849,275
2025-06-25 05:45:00,2.2585100000000002,2.2592499999999998,2.25848,2.25865,246
2025-06-25 05:50:00,2.25869,2.25869,2.2580299999999998,2.25809,237
2025-06-25 05:55:00,2.25793,2.25809,2.25708,2.25719,389
2025-06-25 06:00:00,2.25723,2.25766,2.25671,2.25684,334
2025-06-25 06:05:00,2.25684,2.2572,2.2566800000000002,2.25671,200
2025-06-25 06:10:00,2.25673,2.25674,2.25483,2.2557,268
2025-06-25 06:15:00,2.2557,2.25619,2.2552,2.25553,316
2025-06-25 06:20:00,2.25554,2.25617,2.25512,2.25521,339
2025-06-25 06:25:00,2.25521,2.25554,2.25486,2.25549,331
2025-06-25 06:30:00,2.25549,2.2560700000000002,2.25538,2.25565,297
2025-06-25 06:35:00,2.25565,2.25581,2.25514,2.25553,189
2025-06-25 06:40:00,2.25553,2.25554,2.25458,2.25484,222
2025-06-25 06:45:00,2.25475,2.25569,2.25475,2.2556599999999998,387
2025-06-25 06:50:00,2.25561,2.25676,2.2555899999999998,2.25672,396
2025-06-25 06:55:00,2.25673,2.25739,2.25663,2.2572900000000002,344
2025-06-25 07:00:00,2.2573,2.25786,2.25696,2.25785,384
2025-06-25 07:05:00,2.25786,2.2584,2.25757,2.25799,215
2025-06-25 07:10:00,2.25799,2.25808,2.25724,2.2573,229
2025-06-25 07:15:00,2.25735,2.25767,2.25669,2.25761,261
2025-06-25 07:20:00,2.2576,2.25805,2.25736,2.2578,327
2025-06-25 07:25:00,2.25784,2.2579000000000002,2.25734,2.25752,224
2025-06-25 07:30:00,2.25756,2.25781,2.25717,2.25751,292
2025-06-25 07:35:00,2.2575,2.25797,2.25737,2.25793,239
2025-06-25 07:40:00,2.25793,2.25835,2.25775,2.25831,246
2025-06-25 07:45:00,2.25831,2.25831,2.25734,2.25743,290
2025-06-25 07:50:00,2.25748,2.25804,2.2574199999999998,2.25757,249
2025-06-25 07:55:00,2.25751,2.25811,2.25747,2.25799,266
2025-06-25 08:00:00,2.25806,2.25873,2.25804,2.2587099999999998,266
2025-06-25 08:05:00,2.25867,2.25904,2.25867,2.25895,279
2025-06-25 08:10:00,2.25895,2.25918,2.25843,2.25855,304
2025-06-25 08:15:00,2.25865,2.25906,2.25854,2.25893,289
2025-06-25 08:20:00,2.2589,2.25935,2.25882,2.25931,320
2025-06-25 08:25:00,2.25931,2.25952,2.25919,2.25931,344
2025-06-25 08:30:00,2.25931,2.26004,2.25931,2.25935,287
2025-06-25 08:35:00,2.25935,2.2602700000000002,2.25934,2.2601,274
2025-06-25 08:40:00,2.26007,2.26038,2.25927,2.25934,263
2025-06-25 08:45:00,2.25934,2.25978,2.25914,2.25948,231
2025-06-25 08:50:00,2.25948,2.25983,2.25926,2.25962,245
2025-06-25 08:55:00,2.25962,2.2603,2.25902,2.26008,344
2025-06-25 09:00:00,2.26013,2.26094,2.26013,2.2608800000000002,359
2025-06-25 09:05:00,2.2608,2.2615,2.26061,2.26138,305
2025-06-25 09:10:00,2.26138,2.2614900000000002,2.26057,2.26067,292
2025-06-25 09:15:00,2.26067,2.26199,2.26057,2.26154,353
2025-06-25 09:20:00,2.26155,2.26188,2.26072,2.261,331
2025-06-25 09:25:00,2.26097,2.26189,2.26079,2.26182,448
2025-06-25 09:30:00,2.26182,2.26219,2.26123,2.26135,317
2025-06-25 09:35:00,2.26135,2.26143,2.26062,2.26114,259
2025-06-25 09:40:00,2.26114,2.2613,2.26033,2.26036,272
2025-06-25 09:45:00,2.26036,2.26056,2.25995,2.26,358
2025-06-25 09:50:00,2.26002,2.26041,2.25946,2.2603400000000002,475
2025-06-25 09:55:00,2.26035,2.26212,2.26033,2.262,587
2025-06-25 10:00:00,2.26202,2.26208,2.26096,2.26161,657
2025-06-25 10:05:00,2.26159,2.26161,2.26077,2.2609,377
2025-06-25 10:10:00,2.26089,2.26096,2.26041,2.26089,402
2025-06-25 10:15:00,2.26091,2.26145,2.26071,2.26132,336
2025-06-25 10:20:00,2.26132,2.26132,2.26039,2.26043,394
2025-06-25 10:25:00,2.26042,2.2605399999999998,2.2599,2.26014,373
2025-06-25 10:30:00,2.26014,2.26089,2.25981,2.26059,428
2025-06-25 10:35:00,2.26059,2.26069,2.26009,2.26041,393
2025-06-25 10:40:00,2.26039,2.26073,2.25956,2.26005,455
2025-06-25 10:45:00,2.26003,2.26065,2.2599,2.26055,355
2025-06-25 10:50:00,2.2605399999999998,2.2606,2.25903,2.25934,590
2025-06-25 10:55:00,2.25934,2.26014,2.25903,2.25989,474
2025-06-25 11:00:00,2.25991,2.26133,2.2598599999999998,2.26125,567
2025-06-25 11:05:00,2.26123,2.26162,2.26089,2.26094,355
2025-06-25 11:10:00,2.26093,2.26135,2.26082,2.26106,418
2025-06-25 11:15:00,2.26118,2.26175,2.26096,2.26175,381
2025-06-25 11:20:00,2.26175,2.26202,2.26125,2.26146,370
2025-06-25 11:25:00,2.26145,2.26164,2.26069,2.26087,474
2025-06-25 11:30:00,2.26085,2.2608800000000002,2.2601,2.26076,477
2025-06-25 11:35:00,2.26076,2.2608800000000002,2.26041,2.26061,287
2025-06-25 11:40:00,2.26061,2.26069,2.2602700000000002,2.26049,315
2025-06-25 11:45:00,2.2604699999999998,2.26062,2.26033,2.26035,234
2025-06-25 11:50:00,2.26037,2.26037,2.25975,2.26015,319
2025-06-25 11:55:00,2.26015,2.26076,2.25981,2.26069,348
2025-06-25 12:00:00,2.26071,2.26103,2.26051,2.26079,426
2025-06-25 12:05:00,2.26079,2.26164,2.26077,2.26127,416
2025-06-25 12:10:00,2.26128,2.26212,2.26106,2.26201,553
2025-06-25 12:15:00,2.26199,2.26201,2.26046,2.26058,404
2025-06-25 12:20:00,2.26056,2.26081,2.26014,2.26064,287
2025-06-25 12:25:00,2.26064,2.26144,2.2606,2.26143,425
2025-06-25 12:30:00,2.26136,2.2617599999999998,2.26109,2.26119,374
2025-06-25 12:35:00,2.26119,2.26144,2.26099,2.26124,261
2025-06-25 12:40:00,2.26125,2.26128,2.26078,2.26081,258
2025-06-25 12:45:00,2.26081,2.2611,2.26061,2.26069,203
2025-06-25 12:50:00,2.26069,2.26125,2.2604,2.26113,301
2025-06-25 12:55:00,2.26112,2.26112,2.26059,2.261,366
2025-06-25 13:00:00,2.26099,2.2610799999999998,2.26048,2.26059,435
2025-06-25 13:05:00,2.26055,2.2610799999999998,2.26055,2.261,255
2025-06-25 13:10:00,2.26101,2.26123,2.26074,2.26078,269
2025-06-25 13:15:00,2.26078,2.26087,2.26006,2.26019,257
2025-06-25 13:20:00,2.26012,2.26038,2.25985,2.25997,298
2025-06-25 13:25:00,2.25997,2.26018,2.25942,2.2596,252
2025-06-25 13:30:00,2.2596,2.26006,2.25949,2.25983,302
2025-06-25 13:35:00,2.25983,2.26019,2.25974,2.25991,247
2025-06-25 13:40:00,2.25992,2.25999,2.2589,2.2591200000000002,287
2025-06-25 13:45:00,2.25908,2.26006,2.25908,2.25995,263
2025-06-25 13:50:00,2.25998,2.26016,2.25957,2.25971,270
2025-06-25 13:55:00,2.25971,2.25991,2.2594,2.25964,282
2025-06-25 14:00:00,2.25953,2.25994,2.25911,2.2599,350
2025-06-25 14:05:00,2.25991,2.26042,2.2597300000000002,2.26024,369
2025-06-25 14:10:00,2.26028,2.26051,2.25992,2.26014,371
2025-06-25 14:15:00,2.26014,2.2606,2.25984,2.26028,366
2025-06-25 14:20:00,2.2603,2.26043,2.25951,2.25961,324
2025-06-25 14:25:00,2.25968,2.25982,2.25915,2.25959,482
2025-06-25 14:30:00,2.25959,2.25999,2.25945,2.25999,343
2025-06-25 14:35:00,2.25999,2.26017,2.25951,2.26017,320
2025-06-25 14:40:00,2.26021,2.26071,2.25998,2.26018,323
2025-06-25 14:45:00,2.26017,2.2606,2.25998,2.26033,364
2025-06-25 14:50:00,2.2603400000000002,2.2606,2.2599299999999998,2.26053,385
2025-06-25 14:55:00,2.26051,2.26077,2.25997,2.26023,450
2025-06-25 15:00:00,2.26026,2.2606,2.2599,2.26043,446
2025-06-25 15:05:00,2.26043,2.26104,2.26028,2.26084,359
2025-06-25 15:10:00,2.2608,2.26089,2.26001,2.26001,313
2025-06-25 15:15:00,2.25998,2.26015,2.2594,2.2598,231
2025-06-25 15:20:00,2.2598,2.26006,2.2593199999999998,2.25978,338
2025-06-25 15:25:00,2.25974,2.25982,2.25863,2.25923,330
2025-06-25 15:30:00,2.25918,2.26005,2.25884,2.25981,543
2025-06-25 15:35:00,2.25978,2.2605,2.2596,2.25968,561
2025-06-25 15:40:00,2.25968,2.2604699999999998,2.25951,2.2604699999999998,409
2025-06-25 15:45:00,2.26053,2.2612,2.2599,2.26024,421
2025-06-25 15:50:00,2.26022,2.26059,2.25981,2.26055,444
2025-06-25 15:55:00,2.26055,2.26109,2.2604,2.26055,478
2025-06-25 16:00:00,2.26057,2.2611499999999998,2.26037,2.26066,454
2025-06-25 16:05:00,2.26062,2.26166,2.26055,2.26159,550
2025-06-25 16:10:00,2.26159,2.26281,2.26154,2.26195,447
2025-06-25 16:15:00,2.26196,2.2629799999999998,2.2618,2.26248,317
2025-06-25 16:20:00,2.26252,2.26267,2.26131,2.2614900000000002,402
2025-06-25 16:25:00,2.26146,2.26165,2.26107,2.26163,376
2025-06-25 16:30:00,2.26159,2.26252,2.26144,2.2622999999999998,424
2025-06-25 16:35:00,2.2622999999999998,2.26256,2.262,2.26209,428
2025-06-25 16:40:00,2.26216,2.26242,2.26182,2.26221,412
2025-06-25 16:45:00,2.26219,2.26239,2.26153,2.26212,543
2025-06-25 16:50:00,2.26216,2.26286,2.26175,2.2623699999999998,518
2025-06-25 16:55:00,2.26243,2.2625,2.26154,2.262,438
2025-06-25 17:00:00,2.26203,2.2623699999999998,2.26117,2.2617599999999998,554
2025-06-25 17:05:00,2.26161,2.26177,2.26084,2.26089,515
2025-06-25 17:10:00,2.26089,2.26113,2.26048,2.26082,658
2025-06-25 17:15:00,2.26079,2.26119,2.2605399999999998,2.26072,581
2025-06-25 17:20:00,2.26072,2.26127,2.26039,2.26055,525
2025-06-25 17:25:00,2.26053,2.26069,2.25981,2.26042,549
2025-06-25 17:30:00,2.26039,2.26128,2.26018,2.26037,567
2025-06-25 17:35:00,2.26039,2.2605,2.25974,2.25997,540
2025-06-25 17:40:00,2.25997,2.26018,2.25908,2.25962,551
2025-06-25 17:45:00,2.25962,2.26067,2.25931,2.26052,495
2025-06-25 17:50:00,2.26056,2.26214,2.26056,2.26196,548
2025-06-25 17:55:00,2.26197,2.26269,2.26125,2.26243,709
2025-06-25 18:00:00,2.26246,2.26314,2.26205,2.26262,625
2025-06-25 18:05:00,2.26265,2.26282,2.26233,2.26276,462
2025-06-25 18:10:00,2.26277,2.2627800000000002,2.26197,2.26236,450
2025-06-25 18:15:00,2.2623699999999998,2.2629,2.26218,2.26274,421
2025-06-25 18:20:00,2.26274,2.26292,2.26207,2.2625,358
2025-06-25 18:25:00,2.2625,2.26258,2.2621700000000002,2.26223,380
2025-06-25 18:30:00,2.26223,2.26288,2.26209,2.26279,379
2025-06-25 18:35:00,2.26289,2.26302,2.2624,2.26254,388
2025-06-25 18:40:00,2.26258,2.26274,2.26192,2.2622999999999998,446
2025-06-25 18:45:00,2.26235,2.2629099999999998,2.26225,2.26263,404
2025-06-25 18:50:00,2.26263,2.26303,2.26238,2.26295,303
2025-06-25 18:55:00,2.26295,2.26327,2.26266,2.2632,374
2025-06-25 19:00:00,2.26312,2.26343,2.26265,2.26267,448
2025-06-25 19:05:00,2.26267,2.26334,2.26241,2.26304,357
2025-06-25 19:10:00,2.26306,2.26314,2.26259,2.26282,361
2025-06-25 19:15:00,2.26282,2.2631,2.2624,2.26244,286
2025-06-25 19:20:00,2.26245,2.26284,2.26211,2.26274,371
2025-06-25 19:25:00,2.26275,2.26309,2.26247,2.26272,336
2025-06-25 19:30:00,2.2627,2.26287,2.2622,2.26277,357
2025-06-25 19:35:00,2.2628,2.26286,2.26243,2.2625,361
2025-06-25 19:40:00,2.26243,2.26251,2.262,2.26206,340
2025-06-25 19:45:00,2.26209,2.26239,2.2619,2.2622,296
2025-06-25 19:50:00,2.26218,2.26236,2.26171,2.26232,254
2025-06-25 19:55:00,2.26234,2.2626,2.26199,2.26259,308
2025-06-25 20:00:00,2.26259,2.26323,2.26245,2.26323,363
2025-06-25 20:05:00,2.26323,2.26356,2.26293,2.26351,335
2025-06-25 20:10:00,2.26351,2.26376,2.26325,2.26345,349
2025-06-25 20:15:00,2.26342,2.26353,2.2629799999999998,2.2634,335
2025-06-25 20:20:00,2.2634,2.26345,2.26259,2.26265,291
2025-06-25 20:25:00,2.26265,2.26293,2.26234,2.26264,252
2025-06-25 20:30:00,2.26263,2.2627800000000002,2.26205,2.2625,372
2025-06-25 20:35:00,2.2625,2.26295,2.26246,2.26295,271
2025-06-25 20:40:00,2.26295,2.26354,2.26235,2.26247,339
2025-06-25 20:45:00,2.26251,2.26265,2.26191,2.2623699999999998,319
2025-06-25 20:50:00,2.2623699999999998,2.26309,2.262,2.26282,323
2025-06-25 20:55:00,2.26284,2.26363,2.26281,2.26329,387
2025-06-25 21:00:00,2.26329,2.26331,2.26252,2.26268,404
2025-06-25 21:05:00,2.26268,2.26294,2.26229,2.2629,250
2025-06-25 21:10:00,2.26289,2.26325,2.26261,2.26315,224
2025-06-25 21:15:00,2.263,2.26334,2.26274,2.26328,290
2025-06-25 21:20:00,2.26331,2.26336,2.26263,2.2632,310
2025-06-25 21:25:00,2.26322,2.26322,2.2625,2.26286,238
2025-06-25 21:30:00,2.26286,2.26293,2.26236,2.26261,301
2025-06-25 21:35:00,2.26257,2.2627800000000002,2.26214,2.26242,318
2025-06-25 21:40:00,2.26242,2.26251,2.26184,2.26188,389
2025-06-25 21:45:00,2.26186,2.26199,2.26144,2.26184,282
2025-06-25 21:50:00,2.26184,2.26236,2.2617,2.2622,312
2025-06-25 21:55:00,2.26224,2.26265,2.262,2.26265,441
2025-06-25 22:00:00,2.26262,2.26263,2.26151,2.26175,378
2025-06-25 22:05:00,2.26174,2.26188,2.26131,2.2614900000000002,261
2025-06-25 22:10:00,2.26153,2.2617599999999998,2.26134,2.2614900000000002,350
2025-06-25 22:15:00,2.26147,2.26184,2.26139,2.26173,296
2025-06-25 22:20:00,2.26175,2.26247,2.26158,2.2621700000000002,202
2025-06-25 22:25:00,2.26225,2.26277,2.26196,2.26269,197
2025-06-25 22:30:00,2.26269,2.26296,2.2622999999999998,2.26292,303
2025-06-25 22:35:00,2.26294,2.26315,2.26275,2.26296,193
2025-06-25 22:40:00,2.26296,2.26304,2.26228,2.26247,227
2025-06-25 22:45:00,2.26247,2.2628,2.26232,2.2627800000000002,234
2025-06-25 22:50:00,2.2628,2.26302,2.26248,2.26296,292
2025-06-25 22:55:00,2.2629799999999998,2.2629799999999998,2.26249,2.26272,371
2025-06-25 23:00:00,2.26276,2.26286,2.26233,2.26281,222
2025-06-25 23:05:00,2.26284,2.26329,2.26272,2.26313,185
2025-06-25 23:10:00,2.26308,2.26331,2.26292,2.26325,219
2025-06-25 23:15:00,2.26323,2.26323,2.26272,2.2629799999999998,141
2025-06-25 23:20:00,2.26296,2.26348,2.26292,2.26344,188
2025-06-25 23:25:00,2.26344,2.26355,2.26306,2.26342,127
2025-06-25 23:30:00,2.2635,2.2635899999999998,2.26315,2.26354,139
2025-06-25 23:35:00,2.2635199999999998,2.26355,2.26311,2.26324,127
2025-06-25 23:40:00,2.26324,2.26324,2.25997,2.25998,132
2025-06-25 23:45:00,2.25994,2.26048,2.25992,2.26035,118
2025-06-25 23:50:00,2.26035,2.26045,2.25963,2.25975,247
2025-06-25 23:55:00,2.25977,2.26228,2.25948,2.26139,295
2025-06-26 00:00:00,2.26162,2.26178,2.25921,2.25971,14
2025-06-26 00:05:00,2.25971,2.26035,2.2591200000000002,2.26018,35
2025-06-26 00:10:00,2.26018,2.2602,2.2596600000000002,2.25996,56
2025-06-26 00:15:00,2.25995,2.2602,2.25977,2.26,53
2025-06-26 00:20:00,2.26,2.2605399999999998,2.25991,2.2605399999999998,127
2025-06-26 00:25:00,2.26058,2.26116,2.26038,2.26056,51
2025-06-26 00:30:00,2.26053,2.26128,2.26049,2.26085,62
2025-06-26 00:35:00,2.26081,2.26091,2.25962,2.25994,91
2025-06-26 00:40:00,2.25996,2.26049,2.25992,2.26017,74
2025-06-26 00:45:00,2.26017,2.2603,2.2598599999999998,2.26009,79
2025-06-26 00:50:00,2.26009,2.26062,2.2599,2.25995,46
2025-06-26 00:55:00,2.26006,2.26096,2.2598599999999998,2.26042,187
2025-06-26 01:00:00,2.26042,2.26215,2.26014,2.26192,348
2025-06-26 01:05:00,2.26192,2.26194,2.26174,2.26183,86
2025-06-26 01:10:00,2.26183,2.26205,2.26132,2.26134,96
2025-06-26 01:15:00,2.26134,2.26172,2.26125,2.26155,177
2025-06-26 01:20:00,2.26155,2.26182,2.26148,2.26178,113
2025-06-26 01:25:00,2.2617599999999998,2.26213,2.26161,2.26208,172
2025-06-26 01:30:00,2.26204,2.26219,2.2618,2.26194,148
2025-06-26 01:35:00,2.2619,2.26203,2.2614900000000002,2.26168,174
2025-06-26 01:40:00,2.26168,2.26178,2.26146,2.2615,149
2025-06-26 01:45:00,2.2615,2.26171,2.26136,2.26151,42
2025-06-26 01:50:00,2.26151,2.2617599999999998,2.26151,2.26163,93
2025-06-26 01:55:00,2.26163,2.26175,2.26141,2.26165,86
2025-06-26 02:00:00,2.26168,2.26183,2.26078,2.26103,404
2025-06-26 02:05:00,2.26101,2.2615600000000002,2.2609,2.26121,320
2025-06-26 02:10:00,2.26121,2.26133,2.26083,2.26096,383
2025-06-26 02:15:00,2.26098,2.26118,2.26063,2.26085,470
2025-06-26 02:20:00,2.26085,2.26105,2.26067,2.26097,395
2025-06-26 02:25:00,2.2610799999999998,2.26121,2.2607,2.26097,303
2025-06-26 02:30:00,2.261,2.26136,2.26053,2.2606,319
2025-06-26 02:35:00,2.26057,2.26092,2.26005,2.26065,316
2025-06-26 02:40:00,2.26061,2.26116,2.26035,2.26093,268
2025-06-26 02:45:00,2.26094,2.26157,2.26078,2.26139,251
2025-06-26 02:50:00,2.26139,2.26164,2.2608,2.2609500000000002,287
2025-06-26 02:55:00,2.26093,2.26128,2.2604,2.26107,225
2025-06-26 03:00:00,2.26103,2.2616899999999998,2.2605,2.26084,531
2025-06-26 03:05:00,2.26083,2.26119,2.26055,2.26119,352
2025-06-26 03:10:00,2.26119,2.26148,2.26052,2.26056,405
2025-06-26 03:15:00,2.26057,2.26112,2.26038,2.2605,351
2025-06-26 03:20:00,2.26053,2.26062,2.25991,2.26005,326
2025-06-26 03:25:00,2.26005,2.2606,2.26003,2.2603,236
2025-06-26 03:30:00,2.2603400000000002,2.26097,2.26032,2.26097,319
2025-06-26 03:35:00,2.26097,2.26114,2.2605,2.261,265
2025-06-26 03:40:00,2.261,2.26152,2.2609500000000002,2.2615,200
2025-06-26 03:45:00,2.26144,2.2617599999999998,2.2611499999999998,2.26148,211
2025-06-26 03:50:00,2.26146,2.26199,2.26128,2.26191,433
2025-06-26 03:55:00,2.26188,2.26285,2.26185,2.26281,340
2025-06-26 04:00:00,2.2628,2.26546,2.26277,2.26536,463
2025-06-26 04:05:00,2.26536,2.2666,2.26527,2.26658,403
2025-06-26 04:10:00,2.26662,2.26698,2.26628,2.26639,361
2025-06-26 04:15:00,2.26634,2.26663,2.26577,2.26585,417
2025-06-26 04:20:00,2.26585,2.26768,2.26576,2.26753,401
2025-06-26 04:25:00,2.26757,2.26813,2.2663,2.2665100000000002,365
2025-06-26 04:30:00,2.2665699999999998,2.2673,2.26562,2.26598,402
2025-06-26 04:35:00,2.26597,2.26647,2.26569,2.26577,236
2025-06-26 04:40:00,2.26577,2.26622,2.2652900000000002,2.26557,404
2025-06-26 04:45:00,2.26557,2.2666,2.26489,2.26515,398
2025-06-26 04:50:00,2.26515,2.26555,2.26457,2.26544,427
2025-06-26 04:55:00,2.2654199999999998,2.26591,2.26515,2.26554,318
2025-06-26 05:00:00,2.26548,2.26621,2.26501,2.26564,346
2025-06-26 05:05:00,2.26565,2.26625,2.26533,2.26592,354
2025-06-26 05:10:00,2.26594,2.26594,2.26531,2.26578,318
2025-06-26 05:15:00,2.26578,2.26612,2.2655,2.26609,331
2025-06-26 05:20:00,2.2661,2.26652,2.26502,2.26533,375
2025-06-26 05:25:00,2.26536,2.26536,2.26386,2.26386,354
2025-06-26 05:30:00,2.26382,2.26405,2.26345,2.26368,364
2025-06-26 05:35:00,2.26362,2.2640000000000002,2.26309,2.26369,356
2025-06-26 05:40:00,2.26366,2.26377,2.26316,2.26332,269
2025-06-26 05:45:00,2.26334,2.26412,2.26331,2.2637,281
2025-06-26 05:50:00,2.2637,2.26371,2.26112,2.26138,457
2025-06-26 05:55:00,2.2614,2.26274,2.26099,2.26213,370
2025-06-26 06:00:00,2.2621,2.26226,2.2611,2.26128,434
2025-06-26 06:05:00,2.26132,2.26234,2.26106,2.26127,669
2025-06-26 06:10:00,2.26124,2.26304,2.26094,2.26262,501
2025-06-26 06:15:00,2.26258,2.26306,2.26201,2.26212,380
2025-06-26 06:20:00,2.26212,2.26212,2.26121,2.26132,490
2025-06-26 06:25:00,2.26135,2.2622999999999998,2.26121,2.26195,410
2025-06-26 06:30:00,2.26194,2.26226,2.26136,2.26186,398
2025-06-26 06:35:00,2.26186,2.26311,2.26182,2.26295,483
2025-06-26 06:40:00,2.26295,2.263,2.26228,2.2627,417
2025-06-26 06:45:00,2.26268,2.26293,2.2624,2.2627800000000002,161
2025-06-26 06:50:00,2.2628,2.26289,2.26195,2.2622,309
2025-06-26 06:55:00,2.26227,2.26242,2.26158,2.2617599999999998,369
2025-06-26 07:00:00,2.26174,2.26289,2.26155,2.26234,444
2025-06-26 07:05:00,2.26236,2.26275,2.26189,2.26249,371
2025-06-26 07:10:00,2.26253,2.26284,2.26214,2.26281,434
2025-06-26 07:15:00,2.26281,2.26386,2.26258,2.26361,439
2025-06-26 07:20:00,2.26362,2.26427,2.2629799999999998,2.26409,359
2025-06-26 07:25:00,2.26405,2.26432,2.26318,2.2635899999999998,227
2025-06-26 07:30:00,2.2635899999999998,2.26478,2.26334,2.26451,270
2025-06-26 07:35:00,2.26451,2.26451,2.26373,2.26403,277
2025-06-26 07:40:00,2.26401,2.26426,2.26337,2.26392,324
2025-06-26 07:45:00,2.26388,2.2640700000000002,2.26369,2.26389,202
2025-06-26 07:50:00,2.26389,2.26441,2.26383,2.26439,279
2025-06-26 07:55:00,2.26437,2.26479,2.26408,2.26433,217
2025-06-26 08:00:00,2.26427,2.26569,2.2641299999999998,2.26568,285
2025-06-26 08:05:00,2.2657,2.26623,2.26531,2.26548,374
2025-06-26 08:10:00,2.26548,2.26598,2.26533,2.2658300000000002,332
2025-06-26 08:15:00,2.26588,2.26602,2.26525,2.2653,274
2025-06-26 08:20:00,2.26541,2.26578,2.26503,2.26564,295
2025-06-26 08:25:00,2.26566,2.26586,2.2645,2.26456,342
2025-06-26 08:30:00,2.26448,2.26526,2.26441,2.2652200000000002,396
2025-06-26 08:35:00,2.26521,2.26565,2.26504,2.26554,362
2025-06-26 08:40:00,2.26554,2.26656,2.26546,2.26656,352
2025-06-26 08:45:00,2.26645,2.26675,2.26571,2.2659599999999998,296
2025-06-26 08:50:00,2.266,2.26607,2.26527,2.26531,327
2025-06-26 08:55:00,2.26531,2.26577,2.26516,2.2653,463
2025-06-26 09:00:00,2.26573,2.26655,2.26538,2.26642,520
2025-06-26 09:05:00,2.26646,2.26684,2.26609,2.26625,453
2025-06-26 09:10:00,2.26625,2.26638,2.26526,2.26555,684
2025-06-26 09:15:00,2.26555,2.26577,2.26487,2.26501,493
2025-06-26 09:20:00,2.26501,2.26645,2.265,2.26624,465
2025-06-26 09:25:00,2.26624,2.2670500000000002,2.26623,2.26681,545
2025-06-26 09:30:00,2.26681,2.26691,2.26484,2.26498,547
2025-06-26 09:35:00,2.26501,2.26588,2.26464,2.26588,465
2025-06-26 09:40:00,2.2659000000000002,2.2665,2.2652200000000002,2.2653,500
2025-06-26 09:45:00,2.26532,2.26575,2.2643,2.26572,535
2025-06-26 09:50:00,2.26576,2.2664400000000002,2.2648099999999998,2.26625,526
2025-06-26 09:55:00,2.26628,2.26666,2.26599,2.26647,551
2025-06-26 10:00:00,2.26647,2.26721,2.26617,2.26701,652
2025-06-26 10:05:00,2.26701,2.2677300000000002,2.26636,2.2676600000000002,526
2025-06-26 10:10:00,2.26764,2.26788,2.26709,2.26767,584
2025-06-26 10:15:00,2.26769,2.26769,2.26715,2.26739,727
2025-06-26 10:20:00,2.26736,2.26778,2.26679,2.26741,672
2025-06-26 10:25:00,2.26739,2.26777,2.26682,2.26692,561
2025-06-26 10:30:00,2.26692,2.26805,2.26658,2.26796,637
2025-06-26 10:35:00,2.268,2.26879,2.26791,2.26859,483
2025-06-26 10:40:00,2.26859,2.26915,2.26818,2.26838,517
2025-06-26 10:45:00,2.26838,2.26868,2.26812,2.2684699999999998,503
2025-06-26 10:50:00,2.2684699999999998,2.26873,2.26795,2.26838,513
2025-06-26 10:55:00,2.26838,2.26874,2.26809,2.2684699999999998,465
2025-06-26 11:00:00,2.2684699999999998,2.26894,2.26777,2.26795,633
2025-06-26 11:05:00,2.26792,2.26813,2.26669,2.26678,568
2025-06-26 11:10:00,2.26678,2.26743,2.26669,2.26706,593
2025-06-26 11:15:00,2.26706,2.26768,2.26683,2.2672499999999998,550
2025-06-26 11:20:00,2.26729,2.2676,2.26638,2.26649,451
2025-06-26 11:25:00,2.26641,2.26671,2.26549,2.26567,581
2025-06-26 11:30:00,2.2656,2.26623,2.26525,2.2660299999999998,609
2025-06-26 11:35:00,2.26606,2.26649,2.26576,2.2659599999999998,646
2025-06-26 11:40:00,2.26597,2.26609,2.26559,2.26567,505
2025-06-26 11:45:00,2.26567,2.266,2.26496,2.2652200000000002,574
2025-06-26 11:50:00,2.2652200000000002,2.26568,2.26463,2.26548,586
2025-06-26 11:55:00,2.26547,2.2659000000000002,2.26508,2.26532,532
2025-06-26 12:00:00,2.26532,2.2660299999999998,2.26503,2.26574,490
2025-06-26 12:05:00,2.26574,2.26619,2.26567,2.26616,506
2025-06-26 12:10:00,2.26612,2.26663,2.26587,2.26643,521
2025-06-26 12:15:00,2.2664400000000002,2.26743,2.26624,2.26734,615
2025-06-26 12:20:00,2.26734,2.26794,2.26717,2.26754,673
2025-06-26 12:25:00,2.26747,2.26771,2.26679,2.26711,590
2025-06-26 12:30:00,2.26711,2.26747,2.26681,2.26694,546
2025-06-26 12:35:00,2.26692,2.2672,2.26665,2.26711,475
2025-06-26 12:40:00,2.26711,2.26743,2.26672,2.2670500000000002,348
2025-06-26 12:45:00,2.26703,2.2671200000000002,2.26624,2.2667,428
2025-06-26 12:50:00,2.26669,2.26721,2.26619,2.26685,439
2025-06-26 12:55:00,2.26682,2.2671200000000002,2.26634,2.26686,387
2025-06-26 13:00:00,2.26686,2.26756,2.2665,2.26729,488
2025-06-26 13:05:00,2.26729,2.26748,2.26689,2.26699,445
2025-06-26 13:10:00,2.26698,2.26771,2.26679,2.26708,415
2025-06-26 13:15:00,2.2671,2.26713,2.26591,2.26591,297
2025-06-26 13:20:00,2.26591,2.26652,2.26564,2.26635,377
2025-06-26 13:25:00,2.26635,2.2665,2.26591,2.26601,348
2025-06-26 13:30:00,2.266,2.26677,2.26567,2.2666399999999998,378
2025-06-26 13:35:00,2.26667,2.26695,2.26643,2.26673,351
2025-06-26 13:40:00,2.26673,2.26699,2.26646,2.26675,311
2025-06-26 13:45:00,2.26674,2.26684,2.26615,2.26637,306
2025-06-26 13:50:00,2.26637,2.26646,2.26564,2.26579,331
2025-06-26 13:55:00,2.2658,2.26614,2.26526,2.26526,475
2025-06-26 14:00:00,2.2652900000000002,2.26579,2.2649,2.26504,501
2025-06-26 14:05:00,2.26502,2.26599,2.26491,2.26579,433
2025-06-26 14:10:00,2.2657,2.2657,2.26473,2.26476,409
2025-06-26 14:15:00,2.26478,2.2655,2.26463,2.2651,428
2025-06-26 14:20:00,2.26502,2.2652900000000002,2.26426,2.2645,411
2025-06-26 14:25:00,2.2645,2.26478,2.26418,2.26454,422
2025-06-26 14:30:00,2.26444,2.26524,2.26396,2.26417,499
2025-06-26 14:35:00,2.26417,2.26499,2.26397,2.26499,541
2025-06-26 14:40:00,2.265,2.26513,2.26424,2.26445,371
2025-06-26 14:45:00,2.26443,2.2646100000000002,2.26428,2.26432,413
2025-06-26 14:50:00,2.26434,2.26494,2.2635,2.26484,455
2025-06-26 14:55:00,2.26484,2.26532,2.26477,2.26532,433
2025-06-26 15:00:00,2.2653,2.2653,2.26457,2.26491,496
2025-06-26 15:05:00,2.26491,2.26509,2.26425,2.26453,426
2025-06-26 15:10:00,2.26456,2.26467,2.26403,2.26465,348
2025-06-26 15:15:00,2.26467,2.2647,2.26402,2.26416,388
2025-06-26 15:20:00,2.26417,2.26431,2.26355,2.2641,462
2025-06-26 15:25:00,2.2641,2.26431,2.26337,2.2635199999999998,386
2025-06-26 15:30:00,2.26344,2.26469,2.26341,2.26402,864
2025-06-26 15:35:00,2.26402,2.26466,2.26357,2.26397,805
2025-06-26 15:40:00,2.26392,2.2648099999999998,2.26388,2.26452,723
2025-06-26 15:45:00,2.26452,2.2646100000000002,2.26381,2.26414,683
2025-06-26 15:50:00,2.26414,2.26446,2.26372,2.26417,690
2025-06-26 15:55:00,2.26417,2.265,2.26402,2.26483,660
2025-06-26 16:00:00,2.2648,2.26521,2.26415,2.26449,805
2025-06-26 16:05:00,2.26448,2.26543,2.26444,2.2653,691
2025-06-26 16:10:00,2.26528,2.26624,2.26424,2.2646100000000002,624
2025-06-26 16:15:00,2.2646800000000002,2.26675,2.26453,2.26592,575
2025-06-26 16:20:00,2.26592,2.26612,2.26531,2.2659599999999998,621
2025-06-26 16:25:00,2.26594,2.2661,2.26519,2.26564,645
2025-06-26 16:30:00,2.26551,2.26656,2.26519,2.26647,706
2025-06-26 16:35:00,2.26647,2.26743,2.26639,2.26697,656
2025-06-26 16:40:00,2.26697,2.26728,2.2659599999999998,2.26615,722
2025-06-26 16:45:00,2.26616,2.26658,2.26512,2.2653499999999998,728
2025-06-26 16:50:00,2.26536,2.26567,2.26402,2.26418,649
2025-06-26 16:55:00,2.2641999999999998,2.26512,2.2640700000000002,2.26459,565
2025-06-26 17:00:00,2.26463,2.26527,2.2640000000000002,2.26417,753
2025-06-26 17:05:00,2.26423,2.2645,2.26372,2.26417,613
2025-06-26 17:10:00,2.26417,2.2645,2.2638,2.26411,641
2025-06-26 17:15:00,2.2641,2.26458,2.26239,2.26262,763
2025-06-26 17:20:00,2.26262,2.26385,2.26248,2.26341,802
2025-06-26 17:25:00,2.26341,2.26435,2.26301,2.26382,737
2025-06-26 17:30:00,2.26377,2.26483,2.26363,2.2646,835
2025-06-26 17:35:00,2.2646100000000002,2.26642,2.26432,2.26631,637
2025-06-26 17:40:00,2.26626,2.26636,2.26512,2.26537,755
2025-06-26 17:45:00,2.26539,2.26548,2.26451,2.2652200000000002,649
2025-06-26 17:50:00,2.2652200000000002,2.26551,2.26434,2.26455,850
2025-06-26 17:55:00,2.26451,2.26485,2.26376,2.26415,868
2025-06-26 18:00:00,2.26414,2.26449,2.26344,2.26396,825
2025-06-26 18:05:00,2.26396,2.26419,2.26342,2.26414,605
2025-06-26 18:10:00,2.26414,2.26501,2.26404,2.26459,655
2025-06-26 18:15:00,2.26459,2.26464,2.26411,2.26421,554
2025-06-26 18:20:00,2.26421,2.26498,2.26416,2.26477,557
2025-06-26 18:25:00,2.26477,2.26572,2.26473,2.26562,556
2025-06-26 18:30:00,2.26564,2.2658,2.26505,2.2651,552
2025-06-26 18:35:00,2.26518,2.26579,2.26513,2.26541,472
2025-06-26 18:40:00,2.26541,2.26632,2.26539,2.26605,483
2025-06-26 18:45:00,2.26609,2.2671200000000002,2.26609,2.267,440
2025-06-26 18:50:00,2.26698,2.2671200000000002,2.26627,2.26663,395
2025-06-26 18:55:00,2.26659,2.26662,2.26602,2.26606,440
2025-06-26 19:00:00,2.2661,2.26641,2.26593,2.26619,422
2025-06-26 19:05:00,2.26621,2.26637,2.26566,2.26582,383
2025-06-26 19:10:00,2.26582,2.26582,2.26512,2.2653499999999998,443
2025-06-26 19:15:00,2.26537,2.26563,2.26517,2.26545,432
2025-06-26 19:20:00,2.26541,2.26604,2.26517,2.26572,392
2025-06-26 19:25:00,2.26569,2.26595,2.26533,2.26584,476
2025-06-26 19:30:00,2.26588,2.26641,2.26563,2.26625,516
2025-06-26 19:35:00,2.26625,2.26717,2.2661,2.26696,441
2025-06-26 19:40:00,2.267,2.26701,2.26618,2.26638,427
2025-06-26 19:45:00,2.26642,2.26654,2.26578,2.26609,348
2025-06-26 19:50:00,2.26611,2.26616,2.26552,2.26581,411
2025-06-26 19:55:00,2.26572,2.26643,2.26572,2.26634,404
2025-06-26 20:00:00,2.26634,2.26661,2.26604,2.26643,433
2025-06-26 20:05:00,2.26643,2.26643,2.26573,2.2659000000000002,355
2025-06-26 20:10:00,2.26594,2.26631,2.26567,2.26626,437
2025-06-26 20:15:00,2.26628,2.26661,2.26586,2.2660299999999998,410
2025-06-26 20:20:00,2.26607,2.26607,2.26551,2.26584,378
2025-06-26 20:25:00,2.26586,2.2659000000000002,2.26549,2.2658,310
2025-06-26 20:30:00,2.26591,2.26611,2.26552,2.26599,370
2025-06-26 20:35:00,2.26597,2.2665,2.26582,2.26604,347
2025-06-26 20:40:00,2.26604,2.26614,2.26523,2.2653,298
2025-06-26 20:45:00,2.26532,2.26564,2.26521,2.2653,262
2025-06-26 20:50:00,2.26534,2.26556,2.26505,2.26538,300
2025-06-26 20:55:00,2.26534,2.26573,2.26519,2.2656,407
2025-06-26 21:00:00,2.26563,2.26578,2.26524,2.26544,378
2025-06-26 21:05:00,2.26544,2.26576,2.26511,2.26554,280
2025-06-26 21:10:00,2.2655,2.26571,2.26534,2.26549,298
2025-06-26 21:15:00,2.26546,2.26573,2.26517,2.26536,337
2025-06-26 21:20:00,2.26536,2.2654,2.26465,2.26488,306
2025-06-26 21:25:00,2.26485,2.26527,2.26479,2.26499,305
2025-06-26 21:30:00,2.26495,2.2654,2.26479,2.26512,251
2025-06-26 21:35:00,2.26512,2.26539,2.26467,2.26479,291
2025-06-26 21:40:00,2.26479,2.26521,2.26443,2.2648,296
2025-06-26 21:45:00,2.26479,2.26488,2.26426,2.26439,279
2025-06-26 21:50:00,2.26439,2.26443,2.26368,2.26381,307
2025-06-26 21:55:00,2.26384,2.26432,2.26356,2.2637,286
2025-06-26 22:00:00,2.26374,2.26374,2.26318,2.26329,248
2025-06-26 22:05:00,2.26329,2.26392,2.26325,2.26385,404
2025-06-26 22:10:00,2.26378,2.26432,2.26368,2.26394,345
2025-06-26 22:15:00,2.26394,2.26444,2.26378,2.26425,280
2025-06-26 22:20:00,2.26421,2.26467,2.2640000000000002,2.26435,260
2025-06-26 22:25:00,2.26435,2.26451,2.2640000000000002,2.26442,242
2025-06-26 22:30:00,2.26441,2.26454,2.2640700000000002,2.26411,363
2025-06-26 22:35:00,2.26415,2.26459,2.2640700000000002,2.26439,287
2025-06-26 22:40:00,2.26442,2.2647399999999998,2.26427,2.26452,247
2025-06-26 22:45:00,2.26437,2.26467,2.26416,2.2645,252
2025-06-26 22:50:00,2.2645,2.26497,2.26423,2.26475,385
2025-06-26 22:55:00,2.26477,2.26501,2.26441,2.26448,378
2025-06-26 23:00:00,2.26453,2.26543,2.26453,2.2652,390
2025-06-26 23:05:00,2.26517,2.26553,2.26472,2.26502,234
2025-06-26 23:10:00,2.26495,2.26519,2.26469,2.26512,146
2025-06-26 23:15:00,2.26512,2.26543,2.265,2.26533,186
2025-06-26 23:20:00,2.26523,2.2654,2.26487,2.26503,140
2025-06-26 23:25:00,2.26509,2.26537,2.26493,2.2653,145
2025-06-26 23:30:00,2.26532,2.26576,2.26516,2.26566,206
2025-06-26 23:35:00,2.26566,2.26567,2.26514,2.26545,184
2025-06-26 23:40:00,2.26545,2.26545,2.2628,2.2629,190
2025-06-26 23:45:00,2.2629,2.26315,2.26279,2.26304,153
2025-06-26 23:50:00,2.26304,2.2636,2.26292,2.2636,175
2025-06-26 23:55:00,2.2636,2.26605,2.2632,2.26564,237
2025-06-27 00:00:00,2.26381,2.26591,2.26171,2.26591,10
2025-06-27 00:05:00,2.26591,2.26591,2.2618,2.2618,8
2025-06-27 00:10:00,2.2618,2.26206,2.2612,2.26194,16
2025-06-27 00:15:00,2.26194,2.26338,2.2608800000000002,2.26282,25
2025-06-27 00:20:00,2.26282,2.26361,2.26282,2.26361,16
2025-06-27 00:25:00,2.26361,2.26374,2.26314,2.2636,38
2025-06-27 00:30:00,2.2636,2.26429,2.26357,2.26388,56
2025-06-27 00:35:00,2.26388,2.26439,2.26388,2.26417,165
2025-06-27 00:40:00,2.26417,2.26463,2.26401,2.26428,257
2025-06-27 00:45:00,2.26428,2.26458,2.26323,2.26378,259
2025-06-27 00:50:00,2.26381,2.26452,2.26375,2.26452,121
2025-06-27 00:55:00,2.26444,2.26484,2.2638,2.26414,335
2025-06-27 01:00:00,2.26414,2.26663,2.26414,2.26615,140
2025-06-27 01:05:00,2.26617,2.26617,2.26551,2.26559,159
2025-06-27 01:10:00,2.26566,2.26567,2.26506,2.26512,179
2025-06-27 01:15:00,2.26511,2.26528,2.26501,2.26502,393
2025-06-27 01:20:00,2.26502,2.26543,2.26498,2.26541,283
2025-06-27 01:25:00,2.26536,2.26536,2.26501,2.26511,213
2025-06-27 01:30:00,2.26509,2.26541,2.2649,2.26511,191
2025-06-27 01:35:00,2.26511,2.2653,2.26449,2.26527,220
2025-06-27 01:40:00,2.26527,2.26533,2.26477,2.26517,266
2025-06-27 01:45:00,2.26516,2.26527,2.26464,2.2648099999999998,186
2025-06-27 01:50:00,2.2648099999999998,2.26497,2.26453,2.26476,114
2025-06-27 01:55:00,2.26475,2.26514,2.26469,2.26504,99
2025-06-27 02:00:00,2.26502,2.26531,2.26465,2.26499,179
2025-06-27 02:05:00,2.26496,2.26516,2.2648099999999998,2.26503,118
2025-06-27 02:10:00,2.26505,2.26517,2.26496,2.26505,127
2025-06-27 02:15:00,2.26505,2.26536,2.2649,2.26534,89
2025-06-27 02:20:00,2.2653499999999998,2.2653499999999998,2.26448,2.26462,152
2025-06-27 02:25:00,2.26463,2.2646800000000002,2.26435,2.2645,99
2025-06-27 02:30:00,2.26453,2.26457,2.26416,2.26446,177
2025-06-27 02:35:00,2.26446,2.26471,2.26419,2.26453,181
2025-06-27 02:40:00,2.26453,2.26469,2.26402,2.2640700000000002,182
2025-06-27 02:45:00,2.2640700000000002,2.26494,2.26399,2.26487,185
2025-06-27 02:50:00,2.26487,2.26523,2.26475,2.26491,201
2025-06-27 02:55:00,2.26491,2.26498,2.26442,2.26462,317
2025-06-27 03:00:00,2.2646100000000002,2.26467,2.2633900000000002,2.26357,425
2025-06-27 03:05:00,2.26341,2.26375,2.26283,2.26314,380
2025-06-27 03:10:00,2.26316,2.2635899999999998,2.26283,2.26332,330
2025-06-27 03:15:00,2.26332,2.26343,2.2629,2.2633900000000002,280
2025-06-27 03:20:00,2.26341,2.26396,2.26341,2.26394,244
2025-06-27 03:25:00,2.26391,2.26433,2.26347,2.26399,249
2025-06-27 03:30:00,2.2640000000000002,2.26497,2.26371,2.26486,288
2025-06-27 03:35:00,2.26486,2.26493,2.26422,2.26446,259
2025-06-27 03:40:00,2.26444,2.26456,2.2639,2.26446,302
2025-06-27 03:45:00,2.26446,2.26462,2.26398,2.26402,247
2025-06-27 03:50:00,2.26403,2.26419,2.26302,2.26335,323
2025-06-27 03:55:00,2.26329,2.26343,2.26245,2.26259,429
2025-06-27 04:00:00,2.26256,2.26296,2.26246,2.26248,361
2025-06-27 04:05:00,2.26254,2.2635,2.26254,2.26316,253
2025-06-27 04:10:00,2.26314,2.26314,2.26226,2.26245,333
2025-06-27 04:15:00,2.26245,2.26261,2.2616899999999998,2.26226,421
2025-06-27 04:20:00,2.26226,2.26306,2.26225,2.26285,351
2025-06-27 04:25:00,2.26285,2.26295,2.26251,2.26282,367
2025-06-27 04:30:00,2.26282,2.26443,2.26267,2.26397,516
2025-06-27 04:35:00,2.26393,2.26457,2.26389,2.26423,445
2025-06-27 04:40:00,2.26424,2.26432,2.26316,2.2640000000000002,492
2025-06-27 04:45:00,2.2640000000000002,2.26433,2.26311,2.26319,363
2025-06-27 04:50:00,2.26319,2.26387,2.26243,2.26264,520
2025-06-27 04:55:00,2.26268,2.26305,2.26211,2.26266,516
2025-06-27 05:00:00,2.26276,2.26328,2.26232,2.26326,444
2025-06-27 05:05:00,2.26326,2.26356,2.26299,2.26323,398
2025-06-27 05:10:00,2.26322,2.26381,2.2631,2.26366,396
2025-06-27 05:15:00,2.26364,2.26416,2.2633900000000002,2.26345,260
2025-06-27 05:20:00,2.26345,2.26451,2.26318,2.26432,301
2025-06-27 05:25:00,2.26443,2.26501,2.26414,2.26477,252
2025-06-27 05:30:00,2.26477,2.26482,2.26415,2.26425,259
2025-06-27 05:35:00,2.26421,2.26442,2.26364,2.2637,303
2025-06-27 05:40:00,2.26372,2.26378,2.26299,2.263,355
2025-06-27 05:45:00,2.26303,2.26307,2.26262,2.2628,232
2025-06-27 05:50:00,2.26277,2.26315,2.26277,2.2628,231
2025-06-27 05:55:00,2.26283,2.26308,2.26243,2.26283,351
2025-06-27 06:00:00,2.26281,2.26336,2.2625,2.26266,430
2025-06-27 06:05:00,2.26266,2.26327,2.26264,2.26279,307
2025-06-27 06:10:00,2.2627800000000002,2.26289,2.2622999999999998,2.26263,298
2025-06-27 06:15:00,2.26259,2.2629799999999998,2.26242,2.26253,221
2025-06-27 06:20:00,2.26252,2.26303,2.26221,2.26292,333
2025-06-27 06:25:00,2.26299,2.26303,2.26231,2.26274,289
2025-06-27 06:30:00,2.26277,2.26345,2.26272,2.2634,278
2025-06-27 06:35:00,2.2634,2.26412,2.26321,2.26362,326
2025-06-27 06:40:00,2.26364,2.2638,2.26336,2.2634600000000002,209
2025-06-27 06:45:00,2.2634600000000002,2.26384,2.26338,2.26369,297
2025-06-27 06:50:00,2.26369,2.26387,2.26336,2.26348,533
2025-06-27 06:55:00,2.26349,2.26387,2.26325,2.26377,352
2025-06-27 07:00:00,2.26373,2.26404,2.26334,2.2634600000000002,339
2025-06-27 07:05:00,2.2634600000000002,2.26422,2.26341,2.26411,224
2025-06-27 07:10:00,2.2641299999999998,2.26443,2.26391,2.26426,291
2025-06-27 07:15:00,2.26427,2.26439,2.26378,2.26383,236
2025-06-27 07:20:00,2.26383,2.26404,2.2635899999999998,2.26381,245
2025-06-27 07:25:00,2.26381,2.26426,2.26371,2.26417,197
2025-06-27 07:30:00,2.26412,2.2641999999999998,2.2633900000000002,2.26386,221
2025-06-27 07:35:00,2.26383,2.26424,2.26374,2.26396,219
2025-06-27 07:40:00,2.26392,2.26428,2.26386,2.26419,271
2025-06-27 07:45:00,2.26422,2.26454,2.26389,2.26448,314
2025-06-27 07:50:00,2.26448,2.26484,2.26337,2.2634600000000002,297
2025-06-27 07:55:00,2.26347,2.26425,2.26337,2.26425,307
2025-06-27 08:00:00,2.26409,2.2647,2.26404,2.26433,384
2025-06-27 08:05:00,2.26433,2.26508,2.26432,2.265,302
2025-06-27 08:10:00,2.26502,2.26531,2.26471,2.26477,331
2025-06-27 08:15:00,2.2648099999999998,2.26517,2.26459,2.26505,326
2025-06-27 08:20:00,2.26508,2.26514,2.2647399999999998,2.26512,275
2025-06-27 08:25:00,2.26518,2.2653,2.26458,2.26465,290
2025-06-27 08:30:00,2.2646100000000002,2.26489,2.26457,2.2646100000000002,293
2025-06-27 08:35:00,2.2646100000000002,2.26475,2.26336,2.2637,397
2025-06-27 08:40:00,2.26369,2.26442,2.26362,2.26412,413
2025-06-27 08:45:00,2.26412,2.26502,2.26412,2.26494,254
2025-06-27 08:50:00,2.26494,2.26496,2.26391,2.26396,335
2025-06-27 08:55:00,2.26394,2.26425,2.26271,2.26292,384
2025-06-27 09:00:00,2.2629,2.26377,2.26282,2.26375,406
2025-06-27 09:05:00,2.26375,2.26408,2.26329,2.26369,473
2025-06-27 09:10:00,2.26369,2.26382,2.26263,2.26302,485
2025-06-27 09:15:00,2.26306,2.26337,2.26221,2.26234,420
2025-06-27 09:20:00,2.26238,2.26288,2.26231,2.26238,379
2025-06-27 09:25:00,2.26238,2.26306,2.26226,2.26297,353
2025-06-27 09:30:00,2.2629,2.26293,2.26219,2.2626,337
2025-06-27 09:35:00,2.2626,2.26296,2.26202,2.26277,385
2025-06-27 09:40:00,2.26277,2.26324,2.26227,2.2628,463
2025-06-27 09:45:00,2.26282,2.26286,2.26199,2.26263,444
2025-06-27 09:50:00,2.26263,2.26355,2.26241,2.26341,463
2025-06-27 09:55:00,2.26341,2.26356,2.26286,2.26312,441
2025-06-27 10:00:00,2.26312,2.26333,2.26239,2.26256,577
2025-06-27 10:05:00,2.26267,2.26323,2.26224,2.26232,503
2025-06-27 10:10:00,2.26229,2.2623699999999998,2.26123,2.26157,459
2025-06-27 10:15:00,2.26155,2.26222,2.26138,2.26204,446
2025-06-27 10:20:00,2.26209,2.26254,2.26198,2.26215,396
2025-06-27 10:25:00,2.26219,2.26272,2.26193,2.26199,522
2025-06-27 10:30:00,2.262,2.26249,2.26182,2.26232,439
2025-06-27 10:35:00,2.26228,2.26259,2.26163,2.26228,415
2025-06-27 10:40:00,2.26228,2.26297,2.26225,2.2629099999999998,427
2025-06-27 10:45:00,2.26293,2.26326,2.26272,2.26308,420
2025-06-27 10:50:00,2.26308,2.26327,2.2629099999999998,2.2629099999999998,386
2025-06-27 10:55:00,2.26293,2.2638,2.26293,2.2635,426
2025-06-27 11:00:00,2.2635,2.2635,2.2624,2.26267,406
2025-06-27 11:05:00,2.26267,2.26322,2.26215,2.26219,448
2025-06-27 11:10:00,2.26219,2.26265,2.26188,2.26203,341
2025-06-27 11:15:00,2.26203,2.26264,2.26189,2.26233,346
2025-06-27 11:20:00,2.26233,2.26289,2.26219,2.26235,423
2025-06-27 11:25:00,2.2624,2.26281,2.26236,2.2626,303
2025-06-27 11:30:00,2.26262,2.26262,2.26219,2.26231,299
2025-06-27 11:35:00,2.26235,2.2625,2.26167,2.26189,367
2025-06-27 11:40:00,2.26188,2.26252,2.26161,2.26233,341
2025-06-27 11:45:00,2.26233,2.26252,2.26193,2.26251,348
2025-06-27 11:50:00,2.2625,2.26293,2.26227,2.26284,371
2025-06-27 11:55:00,2.26282,2.26333,2.26266,2.26311,359
2025-06-27 12:00:00,2.26302,2.26377,2.26277,2.26326,404
2025-06-27 12:05:00,2.26327,2.26417,2.26314,2.26347,386
2025-06-27 12:10:00,2.2634600000000002,2.26426,2.2634600000000002,2.26415,421
2025-06-27 12:15:00,2.26415,2.26477,2.26406,2.26452,287
2025-06-27 12:20:00,2.26454,2.26515,2.2645,2.26509,259
2025-06-27 12:25:00,2.26514,2.26536,2.26495,2.26508,278
2025-06-27 12:30:00,2.26508,2.2652200000000002,2.26464,2.26497,448
2025-06-27 12:35:00,2.26497,2.26549,2.26484,2.26515,285
2025-06-27 12:40:00,2.26517,2.26518,2.26448,2.26452,314
2025-06-27 12:45:00,2.2645,2.26462,2.26419,2.26447,324
2025-06-27 12:50:00,2.26449,2.26484,2.26427,2.26443,277
2025-06-27 12:55:00,2.26458,2.26469,2.2640000000000002,2.26422,301
2025-06-27 13:00:00,2.26427,2.26546,2.26423,2.26546,331
2025-06-27 13:05:00,2.26546,2.26628,2.26541,2.26566,349
2025-06-27 13:10:00,2.26566,2.26618,2.26554,2.2658300000000002,330
2025-06-27 13:15:00,2.2658300000000002,2.26632,2.26565,2.26616,422
2025-06-27 13:20:00,2.26615,2.26675,2.26613,2.26659,394
2025-06-27 13:25:00,2.26659,2.26673,2.26624,2.2664,384
2025-06-27 13:30:00,2.26636,2.26638,2.26539,2.26545,370
2025-06-27 13:35:00,2.26537,2.26614,2.26534,2.26552,325
2025-06-27 13:40:00,2.26552,2.26606,2.2653499999999998,2.2660299999999998,224
2025-06-27 13:45:00,2.26602,2.26608,2.2654199999999998,2.26577,283
2025-06-27 13:50:00,2.26575,2.26594,2.26517,2.2652900000000002,343
2025-06-27 13:55:00,2.2652900000000002,2.2652900000000002,2.26459,2.26497,466
2025-06-27 14:00:00,2.26498,2.26538,2.26454,2.26524,534
2025-06-27 14:05:00,2.2652900000000002,2.2661,2.26509,2.26598,331
2025-06-27 14:10:00,2.26598,2.26634,2.26566,2.26615,259
2025-06-27 14:15:00,2.26615,2.26624,2.26574,2.26591,247
2025-06-27 14:20:00,2.26591,2.26598,2.26503,2.26513,331
2025-06-27 14:25:00,2.26514,2.26514,2.2645,2.2647399999999998,358
2025-06-27 14:30:00,2.26473,2.26512,2.26438,2.2651,360
2025-06-27 14:35:00,2.26508,2.26577,2.26508,2.26565,342
2025-06-27 14:40:00,2.26557,2.2656,2.26492,2.26506,362
2025-06-27 14:45:00,2.26513,2.26537,2.26492,2.26499,341
2025-06-27 14:50:00,2.26503,2.26563,2.26484,2.26541,412
2025-06-27 14:55:00,2.26543,2.26568,2.26494,2.26505,460
2025-06-27 15:00:00,2.26503,2.26533,2.26477,2.26515,547
2025-06-27 15:05:00,2.26512,2.26512,2.2641,2.26436,451
2025-06-27 15:10:00,2.2644,2.26488,2.2641,2.26454,544
2025-06-27 15:15:00,2.2646,2.26511,2.26442,2.26486,444
2025-06-27 15:20:00,2.26483,2.2659000000000002,2.26471,2.26581,512
2025-06-27 15:25:00,2.26584,2.26634,2.26456,2.2648099999999998,440
2025-06-27 15:30:00,2.26477,2.26606,2.26445,2.26515,887
2025-06-27 15:35:00,2.26515,2.26558,2.26509,2.2652,677
2025-06-27 15:40:00,2.2652,2.26547,2.26452,2.26493,648
2025-06-27 15:45:00,2.26493,2.26518,2.26394,2.26398,646
2025-06-27 15:50:00,2.26398,2.2641,2.26268,2.26274,612
2025-06-27 15:55:00,2.26273,2.26368,2.26228,2.26331,710
2025-06-27 16:00:00,2.26335,2.26383,2.26281,2.26312,879
2025-06-27 16:05:00,2.26311,2.26394,2.26303,2.26326,601
2025-06-27 16:10:00,2.26329,2.2637,2.26288,2.26368,555
2025-06-27 16:15:00,2.26368,2.26408,2.2635199999999998,2.26376,507
2025-06-27 16:20:00,2.26376,2.26405,2.26345,2.26381,679
2025-06-27 16:25:00,2.26381,2.26438,2.2637,2.26401,576
2025-06-27 16:30:00,2.26403,2.26585,2.2640000000000002,2.26572,714
2025-06-27 16:35:00,2.26576,2.26611,2.26502,2.26508,609
2025-06-27 16:40:00,2.26509,2.2656,2.2646,2.26508,548
2025-06-27 16:45:00,2.26504,2.2653499999999998,2.26398,2.26457,503
2025-06-27 16:50:00,2.26457,2.26487,2.26431,2.26448,422
2025-06-27 16:55:00,2.26446,2.2659599999999998,2.26422,2.26565,523
2025-06-27 17:00:00,2.26557,2.26597,2.26455,2.26462,566
2025-06-27 17:05:00,2.26462,2.26475,2.26398,2.2644,609
2025-06-27 17:10:00,2.2644,2.2651,2.2644,2.26488,583
2025-06-27 17:15:00,2.26493,2.26509,2.26436,2.26436,439
2025-06-27 17:20:00,2.2644,2.26462,2.26388,2.26431,534
2025-06-27 17:25:00,2.26434,2.26441,2.26272,2.2627800000000002,504
2025-06-27 17:30:00,2.26285,2.26351,2.2625,2.2634600000000002,466
2025-06-27 17:35:00,2.2634600000000002,2.26374,2.26242,2.26343,667
2025-06-27 17:40:00,2.26343,2.26387,2.26328,2.26372,621
2025-06-27 17:45:00,2.26372,2.26388,2.26329,2.26337,580
2025-06-27 17:50:00,2.26336,2.26361,2.26281,2.26301,662
2025-06-27 17:55:00,2.26295,2.26396,2.2628,2.2639,700
2025-06-27 18:00:00,2.26393,2.26458,2.26363,2.26456,669
2025-06-27 18:05:00,2.2646,2.26488,2.26396,2.26417,479
2025-06-27 18:10:00,2.2641299999999998,2.26428,2.26284,2.26323,454
2025-06-27 18:15:00,2.26325,2.26379,2.26297,2.26312,493
2025-06-27 18:20:00,2.26314,2.2633900000000002,2.26259,2.26324,463
2025-06-27 18:25:00,2.26325,2.26356,2.2629799999999998,2.26302,416
2025-06-27 18:30:00,2.26302,2.26326,2.26249,2.26275,491
2025-06-27 18:35:00,2.26279,2.26294,2.26206,2.26275,532
2025-06-27 18:40:00,2.26275,2.26325,2.26248,2.263,549
2025-06-27 18:45:00,2.26288,2.26309,2.26221,2.2622999999999998,435
2025-06-27 18:50:00,2.26231,2.26283,2.26201,2.26275,432
2025-06-27 18:55:00,2.26279,2.26321,2.2626,2.26309,533
2025-06-27 19:00:00,2.26313,2.26348,2.26226,2.26233,548
2025-06-27 19:05:00,2.26232,2.26239,2.26185,2.26222,364
2025-06-27 19:10:00,2.26222,2.26269,2.2621700000000002,2.26231,383
2025-06-27 19:15:00,2.26236,2.26264,2.26214,2.26251,449
2025-06-27 19:20:00,2.26251,2.2626,2.26151,2.26152,411
2025-06-27 19:25:00,2.26154,2.2617,2.26104,2.2612,386
2025-06-27 19:30:00,2.26121,2.26138,2.26096,2.26103,424
2025-06-27 19:35:00,2.26103,2.26112,2.26066,2.26103,345
2025-06-27 19:40:00,2.26105,2.2611,2.26067,2.26106,272
2025-06-27 19:45:00,2.26106,2.26114,2.2604699999999998,2.26052,288
2025-06-27 19:50:00,2.26048,2.26091,2.26036,2.2608,359
2025-06-27 19:55:00,2.2609,2.26098,2.25996,2.26052,417
2025-06-27 20:00:00,2.26052,2.26105,2.2605,2.26089,332
2025-06-27 20:05:00,2.26089,2.26117,2.26081,2.26098,308
2025-06-27 20:10:00,2.26098,2.26138,2.26081,2.26137,292
2025-06-27 20:15:00,2.26136,2.26171,2.26116,2.26116,257
2025-06-27 20:20:00,2.26119,2.26153,2.26059,2.26084,309
2025-06-27 20:25:00,2.26087,2.2610799999999998,2.26026,2.26076,348
2025-06-27 20:30:00,2.26076,2.26081,2.26019,2.26067,309
2025-06-27 20:35:00,2.26065,2.26107,2.26051,2.2609,248
2025-06-27 20:40:00,2.2609,2.2616899999999998,2.26086,2.26124,396
2025-06-27 20:45:00,2.26124,2.26301,2.26092,2.26289,926
2025-06-27 20:50:00,2.26283,2.2641,2.26277,2.2641,649
2025-06-27 20:55:00,2.2641,2.26492,2.26325,2.26337,542
2025-06-27 21:00:00,2.26332,2.2644,2.26299,2.26425,525
2025-06-27 21:05:00,2.26424,2.26487,2.26403,2.26456,494
2025-06-27 21:10:00,2.26456,2.26483,2.26422,2.2646100000000002,391
2025-06-27 21:15:00,2.26457,2.2647,2.26394,2.2640700000000002,340
2025-06-27 21:20:00,2.2640700000000002,2.26442,2.26388,2.26415,362
2025-06-27 21:25:00,2.26415,2.26443,2.2637,2.26439,465
2025-06-27 21:30:00,2.26439,2.26512,2.26402,2.2649,491
2025-06-27 21:35:00,2.2649,2.26574,2.26482,2.26561,342
2025-06-27 21:40:00,2.26571,2.26649,2.26567,2.266,454
2025-06-27 21:45:00,2.2659599999999998,2.26597,2.26528,2.26551,401
2025-06-27 21:50:00,2.26551,2.26581,2.26505,2.26509,417
2025-06-27 21:55:00,2.26511,2.26548,2.26486,2.26517,300
2025-06-27 22:00:00,2.26519,2.26546,2.26476,2.2651,284
2025-06-27 22:05:00,2.26508,2.26531,2.26465,2.26528,347
2025-06-27 22:10:00,2.26526,2.26531,2.26494,2.265,224
2025-06-27 22:15:00,2.265,2.26503,2.26465,2.2647,228
2025-06-27 22:20:00,2.2647,2.26498,2.26467,2.2647399999999998,202
2025-06-27 22:25:00,2.26471,2.26492,2.26455,2.26457,205
2025-06-27 22:30:00,2.26459,2.26487,2.26452,2.26467,219
2025-06-27 22:35:00,2.26467,2.26473,2.26441,2.26451,218
2025-06-27 22:40:00,2.26454,2.26463,2.26384,2.26411,321
2025-06-27 22:45:00,2.2641299999999998,2.2647,2.26384,2.2647,262
2025-06-27 22:50:00,2.26469,2.26469,2.26416,2.26445,269
2025-06-27 22:55:00,2.26449,2.26451,2.26391,2.26406,434
2025-06-27 23:00:00,2.26404,2.2647,2.26393,2.26464,306
2025-06-27 23:05:00,2.26459,2.26476,2.26438,2.26449,155
2025-06-27 23:10:00,2.26449,2.26464,2.2641299999999998,2.2643,208
2025-06-27 23:15:00,2.2643,2.26444,2.26394,2.26436,187
2025-06-27 23:20:00,2.26432,2.26449,2.26408,2.26434,156
2025-06-27 23:25:00,2.26434,2.26441,2.26383,2.26397,188
2025-06-27 23:30:00,2.26399,2.26433,2.26394,2.26433,213
2025-06-27 23:35:00,2.26432,2.26435,2.2639,2.2641999999999998,108
2025-06-27 23:40:00,2.2641999999999998,2.2641999999999998,2.26151,2.26164,270
2025-06-27 23:45:00,2.26168,2.26233,2.26161,2.26225,176
2025-06-27 23:50:00,2.26227,2.26227,2.26157,2.26204,296
2025-06-27 23:55:00,2.26207,2.26226,2.25983,2.26104,285
2025-06-30 00:00:00,2.26477,2.2648099999999998,2.25969,2.26167,30
2025-06-30 00:05:00,2.26193,2.26205,2.25984,2.26,53
2025-06-30 00:10:00,2.26,2.26066,2.25994,2.2604,59
2025-06-30 00:15:00,2.2604,2.26134,2.26038,2.26129,34
2025-06-30 00:20:00,2.26128,2.26128,2.26032,2.2604,27
2025-06-30 00:25:00,2.2604,2.26158,2.25946,2.25946,89
2025-06-30 00:30:00,2.25948,2.26024,2.25908,2.25934,141
2025-06-30 00:35:00,2.25934,2.26102,2.25934,2.26067,155
2025-06-30 00:40:00,2.26067,2.26092,2.2602,2.26086,92
2025-06-30 00:45:00,2.26076,2.26079,2.25967,2.25981,60
2025-06-30 00:50:00,2.25982,2.26086,2.25962,2.26048,44
2025-06-30 00:55:00,2.26048,2.26159,2.26045,2.26105,47
2025-06-30 01:00:00,2.26172,2.26296,2.26124,2.26247,539
2025-06-30 01:05:00,2.26242,2.2639,2.26241,2.26343,308
2025-06-30 01:10:00,2.26371,2.26409,2.26318,2.26357,193
2025-06-30 01:15:00,2.26357,2.2635899999999998,2.26295,2.26306,614
2025-06-30 01:20:00,2.26303,2.26372,2.2626,2.26365,726
2025-06-30 01:25:00,2.26365,2.26394,2.26348,2.26372,423
2025-06-30 01:30:00,2.26372,2.26389,2.2634600000000002,2.2635199999999998,241
2025-06-30 01:35:00,2.2635199999999998,2.26356,2.26311,2.26328,299
2025-06-30 01:40:00,2.26328,2.26356,2.26245,2.26275,177
2025-06-30 01:45:00,2.26276,2.26286,2.26256,2.26261,134
2025-06-30 01:50:00,2.26261,2.26309,2.26249,2.263,156
2025-06-30 01:55:00,2.26297,2.26329,2.2629099999999998,2.26311,201
2025-06-30 02:00:00,2.26307,2.26329,2.26243,2.26257,305
2025-06-30 02:05:00,2.26253,2.26285,2.26234,2.26284,261
2025-06-30 02:10:00,2.2628,2.26289,2.26209,2.26256,313
2025-06-30 02:15:00,2.2626,2.26262,2.26168,2.26216,263
2025-06-30 02:20:00,2.2622,2.2625,2.26201,2.26201,210
2025-06-30 02:25:00,2.26201,2.26239,2.26191,2.26191,200
2025-06-30 02:30:00,2.26191,2.26193,2.26154,2.2617,189
2025-06-30 02:35:00,2.2617,2.26187,2.26159,2.26168,145
2025-06-30 02:40:00,2.26167,2.26174,2.26139,2.26171,117
2025-06-30 02:45:00,2.26174,2.26224,2.2617,2.26215,130
2025-06-30 02:50:00,2.26216,2.26229,2.2617,2.26189,156
2025-06-30 02:55:00,2.2619,2.26258,2.26189,2.26249,195
2025-06-30 03:00:00,2.26249,2.26263,2.2615,2.26219,445
2025-06-30 03:05:00,2.26219,2.26224,2.26131,2.26163,351
2025-06-30 03:10:00,2.26165,2.26168,2.26018,2.26024,346
2025-06-30 03:15:00,2.26019,2.26069,2.26014,2.26019,401
2025-06-30 03:20:00,2.2602,2.26044,2.25963,2.26001,401
2025-06-30 03:25:00,2.25996,2.26018,2.2596,2.26005,438
2025-06-30 03:30:00,2.26009,2.26059,2.25989,2.26028,418
2025-06-30 03:35:00,2.26026,2.26036,2.2597,2.26028,333
2025-06-30 03:40:00,2.26031,2.26037,2.25998,2.26009,315
2025-06-30 03:45:00,2.26007,2.26055,2.25989,2.26042,417
2025-06-30 03:50:00,2.26042,2.2621,2.26011,2.26205,536
2025-06-30 03:55:00,2.26201,2.26225,2.26089,2.2609500000000002,547
2025-06-30 04:00:00,2.26099,2.2617,2.26058,2.26071,482
2025-06-30 04:05:00,2.26071,2.26091,2.26018,2.26023,363
2025-06-30 04:10:00,2.26021,2.26046,2.25992,2.26014,429
2025-06-30 04:15:00,2.26014,2.26038,2.2590500000000002,2.26017,428
2025-06-30 04:20:00,2.26014,2.2602700000000002,2.25962,2.2599,389
2025-06-30 04:25:00,2.25992,2.25998,2.25895,2.25939,370
2025-06-30 04:30:00,2.25935,2.2601,2.25909,2.25934,341
2025-06-30 04:35:00,2.2593199999999998,2.2597,2.25907,2.25909,324
2025-06-30 04:40:00,2.25909,2.25939,2.25848,2.25903,395
2025-06-30 04:45:00,2.25903,2.26006,2.25892,2.25977,410
2025-06-30 04:50:00,2.25977,2.26106,2.25956,2.26069,483
2025-06-30 04:55:00,2.26065,2.2609500000000002,2.26049,2.26069,484
2025-06-30 05:00:00,2.26069,2.26135,2.26004,2.26114,582
2025-06-30 05:05:00,2.26116,2.2613,2.25883,2.25965,517
2025-06-30 05:10:00,2.25965,2.26035,2.25957,2.26016,454
2025-06-30 05:15:00,2.2602,2.26053,2.25955,2.25961,634
2025-06-30 05:20:00,2.25963,2.26051,2.2592499999999998,2.26045,498
2025-06-30 05:25:00,2.26043,2.26071,2.26017,2.2605,375
2025-06-30 05:30:00,2.26051,2.26071,2.26031,2.26057,396
2025-06-30 05:35:00,2.26056,2.26144,2.26037,2.26129,321
2025-06-30 05:40:00,2.26129,2.26145,2.26048,2.2607,404
2025-06-30 05:45:00,2.26072,2.26134,2.26069,2.26073,330
2025-06-30 05:50:00,2.26082,2.26197,2.26064,2.26184,337
2025-06-30 05:55:00,2.26189,2.26201,2.26121,2.26197,367
2025-06-30 06:00:00,2.262,2.26215,2.26137,2.26138,310
2025-06-30 06:05:00,2.26138,2.26192,2.26084,2.26093,217
2025-06-30 06:10:00,2.26093,2.2610799999999998,2.2605399999999998,2.26077,251
2025-06-30 06:15:00,2.26078,2.261,2.26017,2.26026,216
2025-06-30 06:20:00,2.26026,2.26057,2.26011,2.26037,304
2025-06-30 06:25:00,2.26033,2.2609500000000002,2.26009,2.2605,265
2025-06-30 06:30:00,2.26056,2.26064,2.26008,2.26046,290
2025-06-30 06:35:00,2.26046,2.2609500000000002,2.26038,2.26091,279
2025-06-30 06:40:00,2.26087,2.261,2.26059,2.26086,298
2025-06-30 06:45:00,2.26086,2.26086,2.26019,2.26026,274
2025-06-30 06:50:00,2.26026,2.2604,2.25991,2.26006,296
2025-06-30 06:55:00,2.26005,2.26058,2.25992,2.26049,251
2025-06-30 07:00:00,2.26048,2.26068,2.25992,2.25992,228
2025-06-30 07:05:00,2.25995,2.26028,2.2598,2.26013,243
2025-06-30 07:10:00,2.26012,2.26021,2.25953,2.25963,249
2025-06-30 07:15:00,2.25961,2.2602700000000002,2.25929,2.26021,287
2025-06-30 07:20:00,2.26025,2.26041,2.26008,2.26021,229
2025-06-30 07:25:00,2.26021,2.26023,2.25971,2.26015,190
2025-06-30 07:30:00,2.26015,2.26035,2.26001,2.2603,176
2025-06-30 07:35:00,2.26031,2.26061,2.26012,2.26042,232
2025-06-30 07:40:00,2.26044,2.2606,2.26019,2.26053,239
2025-06-30 07:45:00,2.26053,2.26056,2.26011,2.26016,268
2025-06-30 07:50:00,2.26016,2.26022,2.25949,2.26011,339
2025-06-30 07:55:00,2.26011,2.26025,2.25989,2.25994,288
2025-06-30 08:00:00,2.25999,2.26001,2.25865,2.25874,334
2025-06-30 08:05:00,2.25876,2.25917,2.25824,2.25827,268
2025-06-30 08:10:00,2.25828,2.25832,2.25714,2.25739,411
2025-06-30 08:15:00,2.25734,2.25748,2.25677,2.25703,408
2025-06-30 08:20:00,2.25703,2.25753,2.25687,2.25715,350
2025-06-30 08:25:00,2.25715,2.25825,2.257,2.25776,276
2025-06-30 08:30:00,2.25773,2.25794,2.25711,2.25732,385
2025-06-30 08:35:00,2.25737,2.25769,2.25691,2.25696,316
2025-06-30 08:40:00,2.25696,2.25734,2.25692,2.25712,309
2025-06-30 08:45:00,2.2571,2.25772,2.25686,2.2577,293
2025-06-30 08:50:00,2.25767,2.25769,2.25677,2.25697,333
2025-06-30 08:55:00,2.25679,2.25691,2.2562699999999998,2.25634,330
2025-06-30 09:00:00,2.2564,2.25726,2.25633,2.25647,346
2025-06-30 09:05:00,2.25649,2.25679,2.25609,2.25671,392
2025-06-30 09:10:00,2.2567,2.2574,2.25644,2.25648,378
2025-06-30 09:15:00,2.25636,2.25678,2.25591,2.25592,403
2025-06-30 09:20:00,2.25592,2.25641,2.25542,2.25638,402
2025-06-30 09:25:00,2.25638,2.2576,2.25619,2.25723,442
2025-06-30 09:30:00,2.25727,2.25813,2.25727,2.25751,453
2025-06-30 09:35:00,2.2574899999999998,2.2578,2.25697,2.25745,352
2025-06-30 09:40:00,2.25745,2.25873,2.25731,2.25835,524
2025-06-30 09:45:00,2.25833,2.2590500000000002,2.2580299999999998,2.2589,455
2025-06-30 09:50:00,2.25892,2.25914,2.25841,2.25846,410
2025-06-30 09:55:00,2.25842,2.2591200000000002,2.25775,2.25776,521
2025-06-30 10:00:00,2.25779,2.25839,2.25615,2.25703,651
2025-06-30 10:05:00,2.25704,2.25846,2.25704,2.25821,563
2025-06-30 10:10:00,2.2582,2.2591,2.25804,2.25863,598
2025-06-30 10:15:00,2.25856,2.25994,2.25819,2.25953,483
2025-06-30 10:20:00,2.25953,2.25957,2.25846,2.25858,445
2025-06-30 10:25:00,2.25862,2.25952,2.25852,2.25854,431
2025-06-30 10:30:00,2.25854,2.25887,2.25786,2.25841,492
2025-06-30 10:35:00,2.25841,2.25859,2.2582,2.2584400000000002,436
2025-06-30 10:40:00,2.2584400000000002,2.25889,2.25823,2.25881,465
2025-06-30 10:45:00,2.25881,2.25944,2.25874,2.25917,471
2025-06-30 10:50:00,2.2592,2.2596,2.25876,2.25939,461
2025-06-30 10:55:00,2.25943,2.26013,2.25878,2.25889,563
2025-06-30 11:00:00,2.25891,2.25893,2.25754,2.2578,663
2025-06-30 11:05:00,2.25782,2.2586399999999998,2.25777,2.25826,445
2025-06-30 11:10:00,2.25826,2.25831,2.25709,2.25775,475
2025-06-30 11:15:00,2.25775,2.2582,2.2572200000000002,2.25775,441
2025-06-30 11:20:00,2.25771,2.25788,2.25735,2.25753,295
2025-06-30 11:25:00,2.25753,2.25813,2.25724,2.2578,411
2025-06-30 11:30:00,2.2578,2.2579000000000002,2.25698,2.25748,407
2025-06-30 11:35:00,2.25748,2.25772,2.25721,2.25743,355
2025-06-30 11:40:00,2.2574,2.25747,2.25703,2.25737,336
2025-06-30 11:45:00,2.25737,2.25756,2.25705,2.25715,304
2025-06-30 11:50:00,2.25715,2.25735,2.25659,2.25659,384
2025-06-30 11:55:00,2.25659,2.25732,2.25649,2.25685,548
2025-06-30 12:00:00,2.25684,2.25712,2.25669,2.25685,485
2025-06-30 12:05:00,2.25689,2.25703,2.25641,2.25671,532
2025-06-30 12:10:00,2.25678,2.25691,2.25635,2.25672,441
2025-06-30 12:15:00,2.25673,2.25673,2.25601,2.25626,345
2025-06-30 12:20:00,2.25626,2.25672,2.25625,2.25655,450
2025-06-30 12:25:00,2.25655,2.25663,2.25596,2.25633,365
2025-06-30 12:30:00,2.25633,2.25741,2.25633,2.25723,473
2025-06-30 12:35:00,2.25719,2.2580999999999998,2.25707,2.25791,455
2025-06-30 12:40:00,2.25791,2.25854,2.2578300000000002,2.25792,335
2025-06-30 12:45:00,2.25792,2.25842,2.2578,2.25827,260
2025-06-30 12:50:00,2.25827,2.2586,2.25812,2.25852,299
2025-06-30 12:55:00,2.25857,2.2597,2.25853,2.25944,501
2025-06-30 13:00:00,2.25944,2.25989,2.25929,2.25975,325
2025-06-30 13:05:00,2.25975,2.25978,2.25914,2.25938,253
2025-06-30 13:10:00,2.25938,2.25955,2.25872,2.25882,285
2025-06-30 13:15:00,2.25885,2.25917,2.2587,2.25879,364
2025-06-30 13:20:00,2.25878,2.25898,2.25848,2.25882,337
2025-06-30 13:25:00,2.25878,2.25928,2.25838,2.25908,335
2025-06-30 13:30:00,2.25908,2.25967,2.25908,2.25955,264
2025-06-30 13:35:00,2.25953,2.2604,2.25948,2.2602700000000002,332
2025-06-30 13:40:00,2.26029,2.26048,2.25984,2.26031,331
2025-06-30 13:45:00,2.26031,2.26041,2.25978,2.26013,304
2025-06-30 13:50:00,2.26008,2.26031,2.25963,2.25981,340
2025-06-30 13:55:00,2.2598,2.25995,2.25884,2.25965,360
2025-06-30 14:00:00,2.25969,2.25994,2.25861,2.25892,410
2025-06-30 14:05:00,2.2589,2.25976,2.2589,2.25972,263
2025-06-30 14:10:00,2.25972,2.25979,2.25928,2.25962,341
2025-06-30 14:15:00,2.25962,2.26001,2.25939,2.25974,308
2025-06-30 14:20:00,2.2597,2.26005,2.25955,2.26005,333
2025-06-30 14:25:00,2.26006,2.26052,2.25984,2.26038,325
2025-06-30 14:30:00,2.26038,2.26076,2.26008,2.26008,313
2025-06-30 14:35:00,2.26008,2.26071,2.25988,2.25997,367
2025-06-30 14:40:00,2.25997,2.2602700000000002,2.2597,2.25996,309
2025-06-30 14:45:00,2.2599299999999998,2.2603400000000002,2.2596600000000002,2.2598,346
2025-06-30 14:50:00,2.25982,2.26097,2.25972,2.26081,321
2025-06-30 14:55:00,2.26082,2.2610799999999998,2.2604,2.2605,393
2025-06-30 15:00:00,2.2605,2.26056,2.25975,2.26025,449
2025-06-30 15:05:00,2.26028,2.2603400000000002,2.25955,2.25978,360
2025-06-30 15:10:00,2.25979,2.2599,2.25901,2.25915,394
2025-06-30 15:15:00,2.25919,2.25998,2.25916,2.25928,458
2025-06-30 15:20:00,2.25922,2.25947,2.25894,2.2590500000000002,420
2025-06-30 15:25:00,2.25909,2.25923,2.25834,2.25896,398
2025-06-30 15:30:00,2.25894,2.25902,2.25802,2.25813,411
2025-06-30 15:35:00,2.25811,2.25841,2.25779,2.25814,388
2025-06-30 15:40:00,2.25814,2.25835,2.25735,2.25761,434
2025-06-30 15:45:00,2.25758,2.2585,2.25758,2.2583,435
2025-06-30 15:50:00,2.2583,2.25902,2.25818,2.25887,378
2025-06-30 15:55:00,2.25888,2.25951,2.25869,2.2594,427
2025-06-30 16:00:00,2.2594,2.2594,2.25874,2.25901,442
2025-06-30 16:05:00,2.25891,2.2593,2.25862,2.25903,437
2025-06-30 16:10:00,2.25903,2.25926,2.25859,2.25887,398
2025-06-30 16:15:00,2.25884,2.2591200000000002,2.25837,2.25847,467
2025-06-30 16:20:00,2.25847,2.25859,2.25773,2.25808,420
2025-06-30 16:25:00,2.2580999999999998,2.25831,2.25769,2.25781,406
2025-06-30 16:30:00,2.2578,2.25813,2.25726,2.25777,502
2025-06-30 16:35:00,2.25777,2.25808,2.25703,2.25736,456
2025-06-30 16:40:00,2.25734,2.25734,2.25603,2.25647,391
2025-06-30 16:45:00,2.25648,2.25694,2.25587,2.25623,577
2025-06-30 16:50:00,2.25623,2.25781,2.2558,2.25715,584
2025-06-30 16:55:00,2.25715,2.25724,2.25477,2.25531,713
2025-06-30 17:00:00,2.25542,2.25579,2.25497,2.25556,822
2025-06-30 17:05:00,2.25557,2.25581,2.25479,2.25492,583
2025-06-30 17:10:00,2.25487,2.25522,2.25462,2.25495,573
2025-06-30 17:15:00,2.25491,2.2556,2.25483,2.25499,543
2025-06-30 17:20:00,2.25492,2.25582,2.25466,2.2554,603
2025-06-30 17:25:00,2.2554,2.25556,2.25434,2.25455,567
2025-06-30 17:30:00,2.25454,2.25489,2.25393,2.25451,610
2025-06-30 17:35:00,2.25451,2.25494,2.25404,2.25456,661
2025-06-30 17:40:00,2.25456,2.2548500000000002,2.25401,2.25448,630
2025-06-30 17:45:00,2.2545,2.25567,2.25412,2.2553,691
2025-06-30 17:50:00,2.25532,2.25584,2.25474,2.2556599999999998,920
2025-06-30 17:55:00,2.25556,2.25828,2.2555,2.25686,1044
2025-06-30 18:00:00,2.25689,2.2572900000000002,2.25601,2.25671,835
2025-06-30 18:05:00,2.25671,2.25753,2.25645,2.2574199999999998,677
2025-06-30 18:10:00,2.2574199999999998,2.25744,2.25591,2.25612,627
2025-06-30 18:15:00,2.25614,2.25648,2.25499,2.25512,613
2025-06-30 18:20:00,2.25512,2.25524,2.25443,2.25466,529
2025-06-30 18:25:00,2.25464,2.25484,2.25428,2.25473,497
2025-06-30 18:30:00,2.25475,2.25486,2.25383,2.25421,550
2025-06-30 18:35:00,2.25428,2.2543,2.25253,2.25328,514
2025-06-30 18:40:00,2.2533,2.25418,2.25318,2.25367,631
2025-06-30 18:45:00,2.25367,2.25383,2.25294,2.25301,702
2025-06-30 18:50:00,2.25299,2.25332,2.25255,2.25298,500
2025-06-30 18:55:00,2.253,2.25322,2.25225,2.25231,523
2025-06-30 19:00:00,2.25233,2.25284,2.25218,2.25249,478
2025-06-30 19:05:00,2.25249,2.25277,2.25217,2.25274,390
2025-06-30 19:10:00,2.25274,2.25333,2.25246,2.25269,440
2025-06-30 19:15:00,2.25271,2.25345,2.25252,2.25332,464
2025-06-30 19:20:00,2.25332,2.25336,2.25257,2.25292,363
2025-06-30 19:25:00,2.25281,2.25298,2.25223,2.25236,398
2025-06-30 19:30:00,2.25236,2.25253,2.25192,2.25233,411
2025-06-30 19:35:00,2.25232,2.25237,2.25163,2.25168,456
2025-06-30 19:40:00,2.25172,2.25182,2.25106,2.25122,411
2025-06-30 19:45:00,2.25122,2.25146,2.25065,2.25099,391
2025-06-30 19:50:00,2.25106,2.25151,2.2508,2.25117,386
2025-06-30 19:55:00,2.25117,2.25165,2.25086,2.25147,416
2025-06-30 20:00:00,2.25147,2.25197,2.2512499999999998,2.25172,443
2025-06-30 20:05:00,2.25174,2.25189,2.25117,2.25118,312
2025-06-30 20:10:00,2.25122,2.25151,2.25077,2.25116,358
2025-06-30 20:15:00,2.2511200000000002,2.25147,2.25084,2.2511200000000002,267
2025-06-30 20:20:00,2.25121,2.25121,2.25037,2.25067,392
2025-06-30 20:25:00,2.25063,2.25117,2.25063,2.25098,325
2025-06-30 20:30:00,2.25097,2.25101,2.2504,2.25088,410
2025-06-30 20:35:00,2.25088,2.25136,2.25073,2.2513199999999998,226
2025-06-30 20:40:00,2.25134,2.2519,2.25122,2.25175,325
2025-06-30 20:45:00,2.25179,2.2519299999999998,2.25129,2.25144,254
2025-06-30 20:50:00,2.25144,2.25172,2.25115,2.25165,295
2025-06-30 20:55:00,2.25151,2.25223,2.2512,2.25208,529
2025-06-30 21:00:00,2.25209,2.2522,2.25153,2.25185,441
2025-06-30 21:05:00,2.25185,2.2519299999999998,2.2513,2.25171,330
2025-06-30 21:10:00,2.25171,2.25195,2.25138,2.2516,355
2025-06-30 21:15:00,2.25163,2.25189,2.2513199999999998,2.25187,414
2025-06-30 21:20:00,2.2518599999999998,2.2518599999999998,2.2512499999999998,2.2514,335
2025-06-30 21:25:00,2.25144,2.25176,2.25098,2.25148,336
2025-06-30 21:30:00,2.25148,2.25156,2.25116,2.25139,292
2025-06-30 21:35:00,2.25139,2.25145,2.25053,2.2507,347
2025-06-30 21:40:00,2.2507099999999998,2.25091,2.25049,2.2507099999999998,301
2025-06-30 21:45:00,2.25067,2.25088,2.25031,2.25044,251
2025-06-30 21:50:00,2.25044,2.2507,2.25018,2.25059,297
2025-06-30 21:55:00,2.25059,2.2508,2.25029,2.2505100000000002,331
2025-06-30 22:00:00,2.25048,2.25081,2.25037,2.25068,312
2025-06-30 22:05:00,2.25068,2.25092,2.25044,2.25073,214
2025-06-30 22:10:00,2.25073,2.25078,2.25024,2.25061,219
2025-06-30 22:15:00,2.25063,2.2511900000000002,2.2505800000000002,2.25088,276
2025-06-30 22:20:00,2.2509,2.25124,2.25073,2.25073,290
2025-06-30 22:25:00,2.25073,2.25095,2.25042,2.2507,249
2025-06-30 22:30:00,2.2507,2.25137,2.25045,2.2512,274
2025-06-30 22:35:00,2.2512,2.25135,2.25068,2.25076,206
2025-06-30 22:40:00,2.25078,2.25131,2.25078,2.2511900000000002,211
2025-06-30 22:45:00,2.25115,2.25131,2.25073,2.25095,229
2025-06-30 22:50:00,2.25099,2.25099,2.25049,2.25082,304
2025-06-30 22:55:00,2.25076,2.2516,2.25063,2.25144,368
2025-06-30 23:00:00,2.25147,2.25175,2.2511,2.25168,279
2025-06-30 23:05:00,2.25164,2.25166,2.2511,2.25149,203
2025-06-30 23:10:00,2.2515,2.25189,2.25135,2.25156,177
2025-06-30 23:15:00,2.25156,2.252,2.2512499999999998,2.25182,156
2025-06-30 23:20:00,2.2518000000000002,2.25191,2.25141,2.25142,127
2025-06-30 23:25:00,2.25142,2.25159,2.2512,2.25135,122
2025-06-30 23:30:00,2.25135,2.25175,2.25103,2.25168,181
2025-06-30 23:35:00,2.25168,2.2517,2.25123,2.25163,182
2025-06-30 23:40:00,2.25163,2.25163,2.24893,2.24895,95
2025-06-30 23:45:00,2.24896,2.24901,2.24867,2.2486800000000002,125
2025-06-30 23:50:00,2.24867,2.24928,2.24863,2.24921,272
2025-06-30 23:55:00,2.24921,2.25229,2.24919,2.25165,311
2025-07-01 00:00:00,2.2548500000000002,2.2548500000000002,2.24811,2.25344,24
2025-07-01 00:05:00,2.24991,2.25081,2.2473,2.25081,42
2025-07-01 00:10:00,2.25081,2.25081,2.24802,2.24977,35
2025-07-01 00:15:00,2.24977,2.25008,2.24954,2.2500299999999998,26
2025-07-01 00:20:00,2.24977,2.25018,2.24943,2.24981,77
2025-07-01 00:25:00,2.24979,2.2511900000000002,2.24976,2.25079,117
2025-07-01 00:30:00,2.25079,2.25104,2.2507099999999998,2.25096,53
2025-07-01 00:35:00,2.25096,2.25158,2.25082,2.25129,241
2025-07-01 00:40:00,2.25129,2.25162,2.25092,2.25094,157
2025-07-01 00:45:00,2.25094,2.25129,2.25068,2.251,129
2025-07-01 00:50:00,2.251,2.2512,2.25092,2.25101,71
2025-07-01 00:55:00,2.25101,2.25163,2.25049,2.25156,290
2025-07-01 01:00:00,2.25156,2.25272,2.25111,2.25226,229
2025-07-01 01:05:00,2.25226,2.25244,2.25205,2.25244,149
2025-07-01 01:10:00,2.25247,2.25278,2.25239,2.25248,165
2025-07-01 01:15:00,2.25245,2.25252,2.25184,2.25248,206
2025-07-01 01:20:00,2.25246,2.25277,2.25243,2.25257,165
2025-07-01 01:25:00,2.25257,2.25272,2.25215,2.25217,103
2025-07-01 01:30:00,2.25222,2.25263,2.25219,2.25251,156
2025-07-01 01:35:00,2.25251,2.25272,2.25221,2.25225,122
2025-07-01 01:40:00,2.25225,2.2523,2.25206,2.25212,82
2025-07-01 01:45:00,2.25216,2.2523,2.25203,2.25215,72
2025-07-01 01:50:00,2.25219,2.25265,2.25214,2.25255,98
2025-07-01 01:55:00,2.25255,2.25262,2.25237,2.2524100000000002,66
2025-07-01 02:00:00,2.25236,2.25256,2.2522,2.25243,119
2025-07-01 02:05:00,2.2525399999999998,2.25267,2.2522,2.2524100000000002,130
2025-07-01 02:10:00,2.25242,2.25246,2.25223,2.25231,80
2025-07-01 02:15:00,2.25216,2.25272,2.25216,2.25271,124
2025-07-01 02:20:00,2.25275,2.2531499999999998,2.2525399999999998,2.2531499999999998,123
2025-07-01 02:25:00,2.2531499999999998,2.25335,2.25283,2.2530200000000002,97
2025-07-01 02:30:00,2.2530200000000002,2.25332,2.25286,2.25307,171
2025-07-01 02:35:00,2.25307,2.25324,2.25282,2.25323,115
2025-07-01 02:40:00,2.25324,2.25338,2.25303,2.25334,99
2025-07-01 02:45:00,2.25336,2.25364,2.25314,2.25355,79
2025-07-01 02:50:00,2.25347,2.25362,2.25309,2.25329,171
2025-07-01 02:55:00,2.25325,2.25381,2.25319,2.25374,209
2025-07-01 03:00:00,2.25379,2.25414,2.25341,2.25377,460
2025-07-01 03:05:00,2.25367,2.2541,2.25334,2.25393,264
2025-07-01 03:10:00,2.25391,2.25463,2.25384,2.25463,236
2025-07-01 03:15:00,2.25463,2.25488,2.25447,2.25465,281
2025-07-01 03:20:00,2.25465,2.25473,2.2542,2.2544399999999998,265
2025-07-01 03:25:00,2.2544399999999998,2.2544399999999998,2.25352,2.25361,251
2025-07-01 03:30:00,2.25358,2.25423,2.25325,2.25416,315
2025-07-01 03:35:00,2.25412,2.25448,2.25406,2.25427,310
2025-07-01 03:40:00,2.25429,2.25466,2.25426,2.25457,275
2025-07-01 03:45:00,2.25457,2.25468,2.25415,2.2543699999999998,280
2025-07-01 03:50:00,2.2543699999999998,2.25503,2.2542400000000002,2.2543,347
2025-07-01 03:55:00,2.25426,2.25473,2.25418,2.25466,349
2025-07-01 04:00:00,2.25479,2.2554600000000002,2.25479,2.25529,333
2025-07-01 04:05:00,2.25527,2.2555899999999998,2.25503,2.25525,269
2025-07-01 04:10:00,2.25525,2.25568,2.25508,2.25518,294
2025-07-01 04:15:00,2.25516,2.2553900000000002,2.2546,2.25482,340
2025-07-01 04:20:00,2.25479,2.25615,2.25479,2.25574,522
2025-07-01 04:25:00,2.25575,2.25635,2.25567,2.25611,354
2025-07-01 04:30:00,2.25609,2.25671,2.25581,2.25616,481
2025-07-01 04:35:00,2.25614,2.25788,2.25614,2.25738,446
2025-07-01 04:40:00,2.25741,2.25797,2.25717,2.25775,380
2025-07-01 04:45:00,2.25778,2.2578,2.25657,2.2566800000000002,246
2025-07-01 04:50:00,2.2566800000000002,2.2575,2.25651,2.25727,413
2025-07-01 04:55:00,2.25731,2.25771,2.25685,2.2569,314
2025-07-01 05:00:00,2.2569,2.25852,2.25682,2.25725,571
2025-07-01 05:05:00,2.25725,2.25752,2.25654,2.25721,311
2025-07-01 05:10:00,2.25725,2.2574899999999998,2.25709,2.25734,294
2025-07-01 05:15:00,2.25734,2.25768,2.25692,2.25764,291
2025-07-01 05:20:00,2.25764,2.25766,2.25697,2.257,312
2025-07-01 05:25:00,2.25702,2.2571,2.25623,2.25641,266
2025-07-01 05:30:00,2.25641,2.25685,2.25628,2.25649,278
2025-07-01 05:35:00,2.25648,2.25682,2.25642,2.25657,215
2025-07-01 05:40:00,2.25657,2.25726,2.25647,2.257,275
2025-07-01 05:45:00,2.25699,2.25715,2.25664,2.25684,207
2025-07-01 05:50:00,2.25684,2.25697,2.25652,2.25669,201
2025-07-01 05:55:00,2.2567,2.25671,2.25628,2.25638,250
2025-07-01 06:00:00,2.25638,2.25683,2.2553,2.25585,364
2025-07-01 06:05:00,2.25587,2.25645,2.25572,2.25642,324
2025-07-01 06:10:00,2.25642,2.25683,2.25598,2.25669,196
2025-07-01 06:15:00,2.25669,2.25699,2.25652,2.25655,212
2025-07-01 06:20:00,2.2566,2.25732,2.25654,2.25731,241
2025-07-01 06:25:00,2.25724,2.2574,2.2569,2.25719,289
2025-07-01 06:30:00,2.2572,2.25727,2.25696,2.25701,235
2025-07-01 06:35:00,2.25697,2.2572200000000002,2.25648,2.25701,208
2025-07-01 06:40:00,2.257,2.25744,2.25698,2.25732,267
2025-07-01 06:45:00,2.25734,2.25734,2.25642,2.25691,198
2025-07-01 06:50:00,2.25691,2.2572,2.25686,2.25702,225
2025-07-01 06:55:00,2.25709,2.25741,2.25651,2.25656,328
2025-07-01 07:00:00,2.25658,2.25724,2.25622,2.2571,365
2025-07-01 07:05:00,2.2571,2.2574,2.25643,2.25648,286
2025-07-01 07:10:00,2.25648,2.25658,2.25582,2.25582,362
2025-07-01 07:15:00,2.25581,2.25588,2.25499,2.25515,278
2025-07-01 07:20:00,2.25515,2.25533,2.25471,2.25496,285
2025-07-01 07:25:00,2.25496,2.25549,2.25494,2.25533,253
2025-07-01 07:30:00,2.25533,2.25585,2.25518,2.25576,359
2025-07-01 07:35:00,2.25576,2.25594,2.25523,2.25571,317
2025-07-01 07:40:00,2.25571,2.25641,2.2556,2.25613,356
2025-07-01 07:45:00,2.25611,2.25613,2.25531,2.2553900000000002,299
2025-07-01 07:50:00,2.2553900000000002,2.2554,2.2548,2.25496,241
2025-07-01 07:55:00,2.25492,2.25501,2.25458,2.25481,205
2025-07-01 08:00:00,2.25479,2.25482,2.25373,2.25383,307
2025-07-01 08:05:00,2.25381,2.25459,2.25368,2.25426,281
2025-07-01 08:10:00,2.25426,2.25427,2.25333,2.25362,308
2025-07-01 08:15:00,2.25349,2.25418,2.25336,2.25386,261
2025-07-01 08:20:00,2.25387,2.25423,2.25353,2.25401,206
2025-07-01 08:25:00,2.25401,2.25403,2.25301,2.25322,254
2025-07-01 08:30:00,2.25326,2.25371,2.253,2.2534,307
2025-07-01 08:35:00,2.25332,2.25348,2.25274,2.2532,272
2025-07-01 08:40:00,2.25316,2.25355,2.2528,2.25297,312
2025-07-01 08:45:00,2.25301,2.25324,2.25282,2.25312,370
2025-07-01 08:50:00,2.2531,2.25365,2.25265,2.25318,320
2025-07-01 08:55:00,2.25318,2.25362,2.25304,2.25353,398
2025-07-01 09:00:00,2.25354,2.25354,2.25223,2.25308,520
2025-07-01 09:05:00,2.2531,2.25368,2.25266,2.25364,457
2025-07-01 09:10:00,2.25366,2.25403,2.25324,2.2539,385
2025-07-01 09:15:00,2.25392,2.25393,2.25309,2.25327,337
2025-07-01 09:20:00,2.25327,2.2543699999999998,2.25298,2.25428,472
2025-07-01 09:25:00,2.25425,2.25532,2.25419,2.25517,342
2025-07-01 09:30:00,2.25517,2.25532,2.25459,2.25532,370
2025-07-01 09:35:00,2.25532,2.25543,2.25379,2.25379,352
2025-07-01 09:40:00,2.2538,2.2541,2.25349,2.25357,356
2025-07-01 09:45:00,2.25357,2.2536300000000002,2.25286,2.25296,407
2025-07-01 09:50:00,2.25301,2.25309,2.25245,2.25298,375
2025-07-01 09:55:00,2.25304,2.2535,2.2522,2.25226,328
2025-07-01 10:00:00,2.25221,2.25245,2.2513199999999998,2.25155,634
2025-07-01 10:05:00,2.25156,2.25236,2.2506399999999998,2.2516,546
2025-07-01 10:10:00,2.2516,2.25282,2.25159,2.25208,464
2025-07-01 10:15:00,2.25208,2.25271,2.25171,2.25246,561
2025-07-01 10:20:00,2.25248,2.25353,2.25235,2.25308,566
2025-07-01 10:25:00,2.25308,2.25328,2.25176,2.25189,384
2025-07-01 10:30:00,2.2519299999999998,2.25215,2.25166,2.252,401
2025-07-01 10:35:00,2.25204,2.25288,2.2517300000000002,2.2526,421
2025-07-01 10:40:00,2.2526,2.25289,2.25178,2.2518000000000002,492
2025-07-01 10:45:00,2.2517300000000002,2.25201,2.25136,2.25185,503
2025-07-01 10:50:00,2.25187,2.25231,2.25144,2.25197,308
2025-07-01 10:55:00,2.25196,2.25204,2.25147,2.25171,375
2025-07-01 11:00:00,2.25174,2.2522,2.25145,2.25184,533
2025-07-01 11:05:00,2.25182,2.25294,2.25144,2.25252,466
2025-07-01 11:10:00,2.25252,2.25367,2.25252,2.25352,518
2025-07-01 11:15:00,2.25349,2.25361,2.25292,2.25331,456
2025-07-01 11:20:00,2.25332,2.25343,2.2518599999999998,2.25197,385
2025-07-01 11:25:00,2.25197,2.25203,2.25129,2.25134,324
2025-07-01 11:30:00,2.25138,2.25158,2.2509,2.25105,491
2025-07-01 11:35:00,2.25101,2.2516,2.25078,2.25139,446
2025-07-01 11:40:00,2.25139,2.25189,2.2513,2.25181,465
2025-07-01 11:45:00,2.25183,2.25194,2.25131,2.25157,525
2025-07-01 11:50:00,2.25157,2.25235,2.25155,2.25235,615
2025-07-01 11:55:00,2.25236,2.25237,2.25138,2.25199,472
2025-07-01 12:00:00,2.25197,2.25204,2.25134,2.25171,447
2025-07-01 12:05:00,2.25167,2.25209,2.25131,2.25174,506
2025-07-01 12:10:00,2.25167,2.25203,2.25158,2.25194,385
2025-07-01 12:15:00,2.25194,2.25206,2.25124,2.25177,614
2025-07-01 12:20:00,2.25177,2.25222,2.25122,2.25172,478
2025-07-01 12:25:00,2.25169,2.25185,2.25108,2.25123,531
2025-07-01 12:30:00,2.25128,2.2516,2.25075,2.25149,730
2025-07-01 12:35:00,2.25149,2.25205,2.25131,2.25188,510
2025-07-01 12:40:00,2.25188,2.25216,2.25155,2.25192,496
2025-07-01 12:45:00,2.25192,2.25215,2.25168,2.25184,482
2025-07-01 12:50:00,2.25184,2.25238,2.25167,2.25223,491
2025-07-01 12:55:00,2.25223,2.2532,2.25223,2.25279,522
2025-07-01 13:00:00,2.25275,2.25329,2.25219,2.2525,616
2025-07-01 13:05:00,2.25244,2.2529500000000002,2.25238,2.25284,392
2025-07-01 13:10:00,2.25284,2.25314,2.25232,2.25277,367
2025-07-01 13:15:00,2.25274,2.25322,2.25262,2.253,317
2025-07-01 13:20:00,2.25303,2.2531499999999998,2.2525399999999998,2.25294,325
2025-07-01 13:25:00,2.25292,2.25298,2.2524100000000002,2.25248,318
2025-07-01 13:30:00,2.25246,2.25262,2.25177,2.25196,342
2025-07-01 13:35:00,2.25201,2.25209,2.25151,2.25191,345
2025-07-01 13:40:00,2.2519299999999998,2.25198,2.25146,2.2517300000000002,362
2025-07-01 13:45:00,2.2517300000000002,2.25224,2.2517300000000002,2.25213,273
2025-07-01 13:50:00,2.25213,2.25231,2.2518599999999998,2.25214,324
2025-07-01 13:55:00,2.25217,2.25245,2.25202,2.25236,334
2025-07-01 14:00:00,2.25239,2.25248,2.25199,2.25201,377
2025-07-01 14:05:00,2.25203,2.25282,2.25194,2.25259,371
2025-07-01 14:10:00,2.25259,2.2529500000000002,2.25215,2.25288,384
2025-07-01 14:15:00,2.25288,2.2531499999999998,2.25208,2.25223,327
2025-07-01 14:20:00,2.25223,2.2529,2.25212,2.25264,374
2025-07-01 14:25:00,2.25264,2.25275,2.25226,2.25235,392
2025-07-01 14:30:00,2.25235,2.25235,2.2518000000000002,2.25224,352
2025-07-01 14:35:00,2.25208,2.25236,2.25191,2.25223,278
2025-07-01 14:40:00,2.25223,2.25296,2.25218,2.25291,407
2025-07-01 14:45:00,2.25291,2.25296,2.25191,2.25229,336
2025-07-01 14:50:00,2.25223,2.25264,2.25108,2.25146,554
2025-07-01 14:55:00,2.25146,2.25147,2.24958,2.24961,610
2025-07-01 15:00:00,2.24963,2.25072,2.24944,2.25021,703
2025-07-01 15:05:00,2.25011,2.25018,2.24963,2.24999,493
2025-07-01 15:10:00,2.24997,2.2509,2.24975,2.25049,460
2025-07-01 15:15:00,2.25049,2.25097,2.25017,2.25065,373
2025-07-01 15:20:00,2.25059,2.25088,2.25009,2.25034,484
2025-07-01 15:25:00,2.25027,2.25198,2.25027,2.25169,495
2025-07-01 15:30:00,2.25171,2.25214,2.25142,2.25198,453
2025-07-01 15:35:00,2.25196,2.25251,2.25192,2.25229,397
2025-07-01 15:40:00,2.25229,2.2525399999999998,2.2518000000000002,2.25219,422
2025-07-01 15:45:00,2.25215,2.25224,2.2516,2.25192,429
2025-07-01 15:50:00,2.25192,2.25203,2.25128,2.25165,368
2025-07-01 15:55:00,2.25172,2.25219,2.25147,2.25216,408
2025-07-01 16:00:00,2.25214,2.25222,2.25117,2.2512,405
2025-07-01 16:05:00,2.25123,2.25153,2.25062,2.25074,431
2025-07-01 16:10:00,2.25074,2.2512,2.25026,2.25107,495
2025-07-01 16:15:00,2.25101,2.25232,2.25101,2.25177,399
2025-07-01 16:20:00,2.25178,2.2518000000000002,2.25062,2.25161,463
2025-07-01 16:25:00,2.25158,2.25202,2.25146,2.25152,357
2025-07-01 16:30:00,2.25151,2.25223,2.25123,2.2517300000000002,305
2025-07-01 16:35:00,2.25174,2.25207,2.2505,2.25053,576
2025-07-01 16:40:00,2.25053,2.25162,2.25031,2.2516,475
2025-07-01 16:45:00,2.25138,2.2523,2.25067,2.25117,706
2025-07-01 16:50:00,2.25114,2.25209,2.2506399999999998,2.25192,768
2025-07-01 16:55:00,2.25194,2.25206,2.25028,2.25028,594
2025-07-01 17:00:00,2.25043,2.25323,2.25017,2.2517,970
2025-07-01 17:05:00,2.25171,2.25225,2.25093,2.25217,837
2025-07-01 17:10:00,2.25217,2.25245,2.25061,2.25134,662
2025-07-01 17:15:00,2.2513,2.25205,2.25129,2.25157,698
2025-07-01 17:20:00,2.25157,2.25167,2.25039,2.25044,609
2025-07-01 17:25:00,2.25046,2.2507,2.24994,2.25041,637
2025-07-01 17:30:00,2.2504,2.2512,2.25033,2.25106,600
2025-07-01 17:35:00,2.25106,2.252,2.25076,2.25098,629
2025-07-01 17:40:00,2.251,2.25199,2.25088,2.25116,666
2025-07-01 17:45:00,2.25116,2.25206,2.25103,2.25108,625
2025-07-01 17:50:00,2.2511,2.25183,2.25075,2.25122,819
2025-07-01 17:55:00,2.2512,2.25148,2.2506,2.2511900000000002,874
2025-07-01 18:00:00,2.2511900000000002,2.25213,2.25096,2.25201,770
2025-07-01 18:05:00,2.25205,2.25298,2.25181,2.25297,600
2025-07-01 18:10:00,2.25297,2.25341,2.25274,2.25303,579
2025-07-01 18:15:00,2.25301,2.2534,2.25239,2.25289,583
2025-07-01 18:20:00,2.25274,2.25344,2.25264,2.25338,583
2025-07-01 18:25:00,2.25336,2.25336,2.25215,2.25269,523
2025-07-01 18:30:00,2.25272,2.25293,2.25206,2.25232,562
2025-07-01 18:35:00,2.25232,2.25347,2.25211,2.25297,482
2025-07-01 18:40:00,2.25297,2.25375,2.25297,2.25327,637
2025-07-01 18:45:00,2.25333,2.25352,2.2528,2.25318,504
2025-07-01 18:50:00,2.25318,2.25366,2.25299,2.2536300000000002,490
2025-07-01 18:55:00,2.2536300000000002,2.2546,2.2535600000000002,2.2544,534
2025-07-01 19:00:00,2.2542,2.25487,2.25412,2.25454,512
2025-07-01 19:05:00,2.25453,2.25522,2.2544,2.2548500000000002,489
2025-07-01 19:10:00,2.2548500000000002,2.2549799999999998,2.25422,2.25461,477
2025-07-01 19:15:00,2.25465,2.25468,2.25375,2.25379,481
2025-07-01 19:20:00,2.25379,2.25452,2.25364,2.25448,345
2025-07-01 19:25:00,2.25449,2.25489,2.25412,2.25445,483
2025-07-01 19:30:00,2.25448,2.25455,2.254,2.25415,403
2025-07-01 19:35:00,2.25415,2.25491,2.2541,2.25491,404
2025-07-01 19:40:00,2.25487,2.25552,2.25469,2.25527,416
2025-07-01 19:45:00,2.25525,2.25577,2.25506,2.25521,358
2025-07-01 19:50:00,2.25521,2.25552,2.25497,2.25525,348
2025-07-01 19:55:00,2.25519,2.25596,2.25489,2.25555,394
2025-07-01 20:00:00,2.2556,2.25604,2.25495,2.25515,442
2025-07-01 20:05:00,2.25519,2.25601,2.25493,2.25601,329
2025-07-01 20:10:00,2.25601,2.25601,2.25537,2.25574,322
2025-07-01 20:15:00,2.25574,2.25602,2.25521,2.25568,409
2025-07-01 20:20:00,2.2557,2.25582,2.25476,2.25489,426
2025-07-01 20:25:00,2.25493,2.2551,2.25462,2.25502,340
2025-07-01 20:30:00,2.25501,2.25507,2.25464,2.25466,249
2025-07-01 20:35:00,2.25469,2.25489,2.2544,2.25463,235
2025-07-01 20:40:00,2.25463,2.2552,2.25443,2.25513,218
2025-07-01 20:45:00,2.25513,2.25513,2.25445,2.25468,279
2025-07-01 20:50:00,2.25466,2.25486,2.25432,2.25462,281
2025-07-01 20:55:00,2.25462,2.2551,2.25452,2.25479,264
2025-07-01 21:00:00,2.25479,2.25488,2.2541700000000002,2.25449,292
2025-07-01 21:05:00,2.25443,2.25466,2.25418,2.2544399999999998,296
2025-07-01 21:10:00,2.2544399999999998,2.255,2.2542,2.25494,241
2025-07-01 21:15:00,2.25494,2.25531,2.25474,2.25521,251
2025-07-01 21:20:00,2.25523,2.25548,2.25523,2.25531,201
2025-07-01 21:25:00,2.25531,2.25531,2.25471,2.25499,233
2025-07-01 21:30:00,2.25501,2.2551,2.25457,2.25483,274
2025-07-01 21:35:00,2.25483,2.25501,2.25459,2.25476,213
2025-07-01 21:40:00,2.25476,2.25513,2.25464,2.25486,261
2025-07-01 21:45:00,2.25484,2.25507,2.25456,2.2546,208
2025-07-01 21:50:00,2.2546,2.25503,2.25446,2.25474,228
2025-07-01 21:55:00,2.25474,2.25543,2.25468,2.25522,419
2025-07-01 22:00:00,2.25529,2.25604,2.25501,2.25527,450
2025-07-01 22:05:00,2.25527,2.25527,2.25473,2.25503,381
2025-07-01 22:10:00,2.25504,2.25504,2.25445,2.25474,352
2025-07-01 22:15:00,2.2547800000000002,2.25495,2.25428,2.25447,307
2025-07-01 22:20:00,2.25452,2.25468,2.25411,2.25464,265
2025-07-01 22:25:00,2.25467,2.25468,2.25427,2.25436,212
2025-07-01 22:30:00,2.25436,2.25492,2.25436,2.25483,188
2025-07-01 22:35:00,2.25483,2.2548500000000002,2.25442,2.25452,210
2025-07-01 22:40:00,2.25454,2.25481,2.25434,2.25452,261
2025-07-01 22:45:00,2.25454,2.25542,2.25449,2.2550499999999998,212
2025-07-01 22:50:00,2.25501,2.25503,2.25448,2.25468,319
2025-07-01 22:55:00,2.2547,2.25491,2.25408,2.25452,323
2025-07-01 23:00:00,2.25453,2.25453,2.25368,2.25377,264
2025-07-01 23:05:00,2.25377,2.25399,2.2535,2.25375,189
2025-07-01 23:10:00,2.25375,2.25418,2.25369,2.25409,155
2025-07-01 23:15:00,2.2541,2.2541700000000002,2.2538,2.25397,128
2025-07-01 23:20:00,2.25397,2.25461,2.25373,2.25452,142
2025-07-01 23:25:00,2.25456,2.25457,2.25409,2.25425,191
2025-07-01 23:30:00,2.25425,2.25442,2.25392,2.25413,267
2025-07-01 23:35:00,2.25413,2.25426,2.25379,2.25403,166
2025-07-01 23:40:00,2.25403,2.25403,2.25129,2.25135,223
2025-07-01 23:45:00,2.25135,2.25154,2.25105,2.2512,182
2025-07-01 23:50:00,2.2512,2.2513,2.25102,2.25129,139
2025-07-01 23:55:00,2.25122,2.25351,2.25091,2.25294,223
2025-07-02 00:00:00,2.25346,2.25346,2.2507099999999998,2.25184,12
2025-07-02 00:05:00,2.25021,2.25089,2.24968,2.25089,20
2025-07-02 00:10:00,2.25089,2.25102,2.25057,2.25099,24
2025-07-02 00:15:00,2.25099,2.25138,2.25095,2.25138,23
2025-07-02 00:20:00,2.25117,2.25156,2.25103,2.25127,21
2025-07-02 00:25:00,2.25127,2.25156,2.25108,2.25142,40
2025-07-02 00:30:00,2.25142,2.25354,2.25142,2.25299,71
2025-07-02 00:35:00,2.25299,2.25334,2.25274,2.25275,87
2025-07-02 00:40:00,2.25275,2.25316,2.25265,2.25266,50
2025-07-02 00:45:00,2.25266,2.25317,2.25264,2.2527,95
2025-07-02 00:50:00,2.2527,2.25271,2.25136,2.25143,93
2025-07-02 00:55:00,2.25143,2.25189,2.25107,2.25164,90
2025-07-02 01:00:00,2.25164,2.25333,2.25164,2.2529500000000002,234
2025-07-02 01:05:00,2.25306,2.25323,2.25256,2.2526,71
2025-07-02 01:10:00,2.2526,2.25299,2.25255,2.25297,74
2025-07-02 01:15:00,2.25297,2.2536,2.25296,2.2531499999999998,250
2025-07-02 01:20:00,2.25313,2.2531499999999998,2.25294,2.25294,79
2025-07-02 01:25:00,2.25294,2.25327,2.25289,2.25304,178
2025-07-02 01:30:00,2.25304,2.25313,2.2524,2.25252,180
2025-07-02 01:35:00,2.25252,2.25255,2.25229,2.25255,101
2025-07-02 01:40:00,2.25255,2.25255,2.25225,2.25226,147
2025-07-02 01:45:00,2.25228,2.25268,2.25227,2.25249,75
2025-07-02 01:50:00,2.25247,2.25284,2.25232,2.25238,125
2025-07-02 01:55:00,2.25238,2.25262,2.2523400000000002,2.25245,59
2025-07-02 02:00:00,2.2525,2.25269,2.25225,2.25247,116
2025-07-02 02:05:00,2.25247,2.25249,2.25227,2.25236,104
2025-07-02 02:10:00,2.25235,2.25301,2.25235,2.25291,98
2025-07-02 02:15:00,2.25291,2.25293,2.25251,2.25261,118
2025-07-02 02:20:00,2.25261,2.253,2.25255,2.25284,126
2025-07-02 02:25:00,2.25286,2.25291,2.25258,2.25284,103
2025-07-02 02:30:00,2.25284,2.25333,2.25276,2.25327,140
2025-07-02 02:35:00,2.25326,2.25342,2.2531499999999998,2.25329,124
2025-07-02 02:40:00,2.25327,2.25328,2.25285,2.2531499999999998,102
2025-07-02 02:45:00,2.25314,2.25339,2.25298,2.25319,200
2025-07-02 02:50:00,2.25313,2.25337,2.25312,2.2532,85
2025-07-02 02:55:00,2.25316,2.25338,2.25261,2.2532,170
2025-07-02 03:00:00,2.2531,2.25313,2.25211,2.25229,439
2025-07-02 03:05:00,2.25229,2.25301,2.25229,2.25275,242
2025-07-02 03:10:00,2.25277,2.25331,2.25271,2.2530200000000002,331
2025-07-02 03:15:00,2.2530200000000002,2.25312,2.25237,2.25251,281
2025-07-02 03:20:00,2.25251,2.25251,2.25159,2.25171,248
2025-07-02 03:25:00,2.25181,2.25231,2.25171,2.25223,299
2025-07-02 03:30:00,2.25223,2.25275,2.25192,2.25226,252
2025-07-02 03:35:00,2.25232,2.25253,2.25201,2.2525,186
2025-07-02 03:40:00,2.2525,2.25262,2.25232,2.25259,229
2025-07-02 03:45:00,2.25261,2.25269,2.25206,2.25211,237
2025-07-02 03:50:00,2.25215,2.25233,2.25179,2.25183,390
2025-07-02 03:55:00,2.25178,2.25189,2.25137,2.25149,369
2025-07-02 04:00:00,2.25153,2.25187,2.25102,2.25177,385
2025-07-02 04:05:00,2.25177,2.25271,2.25168,2.25216,291
2025-07-02 04:10:00,2.25216,2.25258,2.25182,2.25246,248
2025-07-02 04:15:00,2.25242,2.253,2.25212,2.25217,313
2025-07-02 04:20:00,2.25217,2.2523,2.2518599999999998,2.25221,250
2025-07-02 04:25:00,2.25225,2.25285,2.25222,2.25272,330
2025-07-02 04:30:00,2.25228,2.25314,2.25208,2.25248,536
2025-07-02 04:35:00,2.25252,2.25316,2.25214,2.25299,304
2025-07-02 04:40:00,2.25299,2.25332,2.25261,2.25271,284
2025-07-02 04:45:00,2.25268,2.25403,2.25228,2.25367,355
2025-07-02 04:50:00,2.25365,2.25436,2.25327,2.25428,484
2025-07-02 04:55:00,2.25423,2.25462,2.25366,2.25371,472
2025-07-02 05:00:00,2.25379,2.25471,2.25342,2.25448,451
2025-07-02 05:05:00,2.25445,2.25452,2.25394,2.25427,429
2025-07-02 05:10:00,2.25431,2.25452,2.25406,2.25425,315
2025-07-02 05:15:00,2.25425,2.25441,2.25379,2.25397,240
2025-07-02 05:20:00,2.25397,2.2542400000000002,2.25379,2.25395,316
2025-07-02 05:25:00,2.25397,2.25435,2.2538,2.2543,237
2025-07-02 05:30:00,2.25431,2.25462,2.25426,2.25442,222
2025-07-02 05:35:00,2.2543699999999998,2.25456,2.25397,2.25405,202
2025-07-02 05:40:00,2.25406,2.25467,2.25393,2.25463,217
2025-07-02 05:45:00,2.25463,2.25477,2.25441,2.25452,204
2025-07-02 05:50:00,2.25452,2.25456,2.25387,2.25387,291
2025-07-02 05:55:00,2.2539,2.25392,2.2531,2.2535600000000002,279
2025-07-02 06:00:00,2.2535600000000002,2.25407,2.25347,2.25379,335
2025-07-02 06:05:00,2.25382,2.25423,2.2538,2.25395,209
2025-07-02 06:10:00,2.25395,2.25446,2.25395,2.25429,239
2025-07-02 06:15:00,2.25429,2.25462,2.25393,2.25427,281
2025-07-02 06:20:00,2.25431,2.25442,2.25336,2.25351,245
2025-07-02 06:25:00,2.25351,2.25375,2.25339,2.25358,262
2025-07-02 06:30:00,2.25358,2.25359,2.253,2.25334,219
2025-07-02 06:35:00,2.25331,2.2535600000000002,2.25287,2.25321,171
2025-07-02 06:40:00,2.25321,2.25336,2.25291,2.25294,188
2025-07-02 06:45:00,2.25294,2.25298,2.25203,2.25222,202
2025-07-02 06:50:00,2.2522,2.25289,2.25208,2.25256,266
2025-07-02 06:55:00,2.25256,2.25266,2.25185,2.25204,253
2025-07-02 07:00:00,2.252,2.25238,2.25198,2.25228,205
2025-07-02 07:05:00,2.25225,2.25271,2.25142,2.25146,224
2025-07-02 07:10:00,2.25142,2.25197,2.25108,2.25194,183
2025-07-02 07:15:00,2.25197,2.25202,2.2514,2.25163,203
2025-07-02 07:20:00,2.25162,2.25168,2.25094,2.2512499999999998,196
2025-07-02 07:25:00,2.25123,2.25169,2.25113,2.25152,178
2025-07-02 07:30:00,2.25152,2.25207,2.25131,2.25178,264
2025-07-02 07:35:00,2.2516,2.25184,2.25137,2.25167,168
2025-07-02 07:40:00,2.25167,2.25178,2.25136,2.25176,158
2025-07-02 07:45:00,2.25176,2.25225,2.25176,2.25194,139
2025-07-02 07:50:00,2.25194,2.25209,2.25172,2.25188,214
2025-07-02 07:55:00,2.25188,2.25225,2.25149,2.25175,222
2025-07-02 08:00:00,2.25175,2.2523400000000002,2.25171,2.25227,246
2025-07-02 08:05:00,2.25227,2.2527,2.25221,2.25253,248
2025-07-02 08:10:00,2.25259,2.25266,2.25189,2.25201,298
2025-07-02 08:15:00,2.25205,2.25244,2.2519,2.25239,296
2025-07-02 08:20:00,2.25239,2.25284,2.25235,2.2525,239
2025-07-02 08:25:00,2.2525,2.2528,2.25203,2.25265,194
2025-07-02 08:30:00,2.25265,2.25291,2.25196,2.25253,306
2025-07-02 08:35:00,2.25253,2.25338,2.2524100000000002,2.25332,203
2025-07-02 08:40:00,2.25328,2.25375,2.25314,2.2533,226
2025-07-02 08:45:00,2.25327,2.25341,2.25275,2.25283,224
2025-07-02 08:50:00,2.25283,2.25294,2.25212,2.25269,448
2025-07-02 08:55:00,2.25271,2.2537,2.25237,2.25368,368
2025-07-02 09:00:00,2.25368,2.25421,2.25348,2.25409,318
2025-07-02 09:05:00,2.25414,2.25472,2.25386,2.25413,293
2025-07-02 09:10:00,2.2541700000000002,2.25454,2.25393,2.25431,308
2025-07-02 09:15:00,2.25431,2.25496,2.2541700000000002,2.25447,288
2025-07-02 09:20:00,2.25447,2.25468,2.25409,2.25441,336
2025-07-02 09:25:00,2.25446,2.25454,2.25394,2.25407,389
2025-07-02 09:30:00,2.25407,2.25422,2.25361,2.25407,343
2025-07-02 09:35:00,2.25405,2.2543699999999998,2.25347,2.25377,333
2025-07-02 09:40:00,2.25377,2.25398,2.25331,2.25344,473
2025-07-02 09:45:00,2.25346,2.25423,2.25343,2.25407,437
2025-07-02 09:50:00,2.25408,2.25448,2.25384,2.2542,359
2025-07-02 09:55:00,2.25412,2.25524,2.25392,2.25506,429
2025-07-02 10:00:00,2.25503,2.2565,2.25481,2.2562699999999998,588
2025-07-02 10:05:00,2.25629,2.25673,2.25531,2.25549,508
2025-07-02 10:10:00,2.2555,2.25569,2.25446,2.25465,514
2025-07-02 10:15:00,2.25465,2.25518,2.25456,2.25517,477
2025-07-02 10:20:00,2.25518,2.25544,2.25477,2.25495,451
2025-07-02 10:25:00,2.25499,2.25547,2.25465,2.25544,392
2025-07-02 10:30:00,2.2554,2.25569,2.25491,2.25513,477
2025-07-02 10:35:00,2.25513,2.25517,2.25402,2.25455,474
2025-07-02 10:40:00,2.25455,2.25474,2.25389,2.25409,329
2025-07-02 10:45:00,2.25408,2.25435,2.25349,2.25435,356
2025-07-02 10:50:00,2.25431,2.25467,2.25372,2.25396,419
2025-07-02 10:55:00,2.25392,2.25458,2.25387,2.25416,465
2025-07-02 11:00:00,2.25413,2.25479,2.25372,2.25414,510
2025-07-02 11:05:00,2.25411,2.25443,2.25395,2.254,338
2025-07-02 11:10:00,2.254,2.25447,2.25393,2.25447,284
2025-07-02 11:15:00,2.25454,2.25465,2.25398,2.25402,333
2025-07-02 11:20:00,2.25402,2.25446,2.25366,2.25408,434
2025-07-02 11:25:00,2.25404,2.25477,2.25393,2.25458,376
2025-07-02 11:30:00,2.25458,2.25471,2.25389,2.25392,437
2025-07-02 11:35:00,2.25391,2.25418,2.25361,2.25383,371
2025-07-02 11:40:00,2.25381,2.2543699999999998,2.25346,2.2538,420
2025-07-02 11:45:00,2.25378,2.25447,2.25354,2.2537599999999998,372
2025-07-02 11:50:00,2.25373,2.25433,2.25334,2.25368,310
2025-07-02 11:55:00,2.25368,2.25464,2.25345,2.25419,296
2025-07-02 12:00:00,2.2542,2.2544399999999998,2.25387,2.25399,355
2025-07-02 12:05:00,2.25399,2.25426,2.25367,2.25383,309
2025-07-02 12:10:00,2.25383,2.25426,2.25328,2.25343,448
2025-07-02 12:15:00,2.25341,2.25372,2.25303,2.2536300000000002,388
2025-07-02 12:20:00,2.25364,2.25382,2.25287,2.25299,356
2025-07-02 12:25:00,2.253,2.25401,2.2529500000000002,2.25394,476
2025-07-02 12:30:00,2.25392,2.25434,2.25335,2.25422,367
2025-07-02 12:35:00,2.2542400000000002,2.25439,2.25366,2.25426,331
2025-07-02 12:40:00,2.25426,2.25486,2.25414,2.25445,278
2025-07-02 12:45:00,2.25445,2.25497,2.25413,2.25425,404
2025-07-02 12:50:00,2.25428,2.25482,2.25413,2.25419,309
2025-07-02 12:55:00,2.25415,2.25443,2.25375,2.25403,423
2025-07-02 13:00:00,2.25408,2.25463,2.254,2.25428,349
2025-07-02 13:05:00,2.25432,2.25506,2.25427,2.25472,259
2025-07-02 13:10:00,2.25472,2.2554600000000002,2.2547,2.25523,260
2025-07-02 13:15:00,2.25525,2.25549,2.25493,2.25506,276
2025-07-02 13:20:00,2.25506,2.25516,2.25453,2.25491,326
2025-07-02 13:25:00,2.25491,2.25504,2.25455,2.25462,245
2025-07-02 13:30:00,2.25453,2.25519,2.25447,2.25515,312
2025-07-02 13:35:00,2.25517,2.2553,2.25458,2.2548,236
2025-07-02 13:40:00,2.2548,2.25522,2.25473,2.255,300
2025-07-02 13:45:00,2.25497,2.25583,2.25488,2.2556599999999998,310
2025-07-02 13:50:00,2.25563,2.25569,2.255,2.25549,377
2025-07-02 13:55:00,2.25545,2.25618,2.25535,2.25613,317
2025-07-02 14:00:00,2.25614,2.25666,2.25594,2.25637,383
2025-07-02 14:05:00,2.25639,2.2569,2.25636,2.2565,328
2025-07-02 14:10:00,2.2565,2.2567,2.25613,2.2561999999999998,321
2025-07-02 14:15:00,2.25618,2.25643,2.25583,2.25589,285
2025-07-02 14:20:00,2.25589,2.25691,2.25588,2.25669,385
2025-07-02 14:25:00,2.25666,2.25757,2.25658,2.2572900000000002,397
2025-07-02 14:30:00,2.25727,2.25843,2.25713,2.25797,456
2025-07-02 14:35:00,2.25797,2.25815,2.25745,2.25752,398
2025-07-02 14:40:00,2.2575,2.2580999999999998,2.25738,2.25755,410
2025-07-02 14:45:00,2.25756,2.25856,2.25731,2.25812,463
2025-07-02 14:50:00,2.25813,2.25878,2.25682,2.25694,503
2025-07-02 14:55:00,2.25694,2.25705,2.25303,2.25416,874
2025-07-02 15:00:00,2.25418,2.25431,2.25203,2.253,933
2025-07-02 15:05:00,2.25298,2.25481,2.25136,2.25422,775
2025-07-02 15:10:00,2.25425,2.25425,2.25028,2.25028,586
2025-07-02 15:15:00,2.25043,2.25272,2.24945,2.2495,1057
2025-07-02 15:20:00,2.2495,2.24952,2.24742,2.24844,972
2025-07-02 15:25:00,2.24846,2.24895,2.2476599999999998,2.24863,854
2025-07-02 15:30:00,2.24864,2.25005,2.24777,2.24942,948
2025-07-02 15:35:00,2.24943,2.2495,2.2466,2.24698,916
2025-07-02 15:40:00,2.24698,2.24781,2.24543,2.2476,967
2025-07-02 15:45:00,2.24762,2.24884,2.24602,2.24641,763
2025-07-02 15:50:00,2.2464399999999998,2.24646,2.24528,2.2463,673
2025-07-02 15:55:00,2.24627,2.24724,2.24591,2.247,635
2025-07-02 16:00:00,2.247,2.247,2.24474,2.24494,731
2025-07-02 16:05:00,2.24499,2.24547,2.24346,2.2435,718
2025-07-02 16:10:00,2.24343,2.24412,2.24258,2.24284,686
2025-07-02 16:15:00,2.24286,2.24362,2.24192,2.24274,667
2025-07-02 16:20:00,2.24273,2.24336,2.24208,2.24241,627
2025-07-02 16:25:00,2.24242,2.24496,2.2421,2.24448,694
2025-07-02 16:30:00,2.24442,2.24509,2.24301,2.24344,720
2025-07-02 16:35:00,2.2435,2.24423,2.24326,2.24374,652
2025-07-02 16:40:00,2.24377,2.2449500000000002,2.24367,2.24448,605
2025-07-02 16:45:00,2.24448,2.24457,2.24358,2.24395,682
2025-07-02 16:50:00,2.24395,2.24486,2.24371,2.24412,606
2025-07-02 16:55:00,2.2441,2.24456,2.2436,2.24367,728
2025-07-02 17:00:00,2.24367,2.24374,2.24193,2.24213,764
2025-07-02 17:05:00,2.24209,2.2431200000000002,2.2413,2.24211,636
2025-07-02 17:10:00,2.24211,2.24277,2.24111,2.24114,552
2025-07-02 17:15:00,2.24114,2.24128,2.23948,2.24025,573
2025-07-02 17:20:00,2.24048,2.24062,2.23949,2.24022,543
2025-07-02 17:25:00,2.2402,2.24043,2.23938,2.23996,586
2025-07-02 17:30:00,2.23998,2.24039,2.23936,2.2401,566
2025-07-02 17:35:00,2.24017,2.24142,2.23979,2.2412900000000002,487
2025-07-02 17:40:00,2.2412,2.24212,2.24083,2.24188,619
2025-07-02 17:45:00,2.24188,2.24188,2.24044,2.24086,591
2025-07-02 17:50:00,2.24086,2.24164,2.24039,2.2407,687
2025-07-02 17:55:00,2.24066,2.24109,2.23929,2.23979,713
2025-07-02 18:00:00,2.23983,2.23999,2.23887,2.23932,656
2025-07-02 18:05:00,2.23932,2.24013,2.23925,2.23956,535
2025-07-02 18:10:00,2.2396,2.24057,2.23875,2.24002,592
2025-07-02 18:15:00,2.24,2.24081,2.23975,2.24055,569
2025-07-02 18:20:00,2.24055,2.24094,2.24046,2.24059,453
2025-07-02 18:25:00,2.24059,2.24117,2.24031,2.24099,408
2025-07-02 18:30:00,2.24104,2.2411,2.24002,2.24052,522
2025-07-02 18:35:00,2.24052,2.24099,2.24032,2.24036,386
2025-07-02 18:40:00,2.2404,2.24078,2.24,2.24065,390
2025-07-02 18:45:00,2.24065,2.24082,2.2397299999999998,2.24073,420
2025-07-02 18:50:00,2.24071,2.24078,2.2398,2.2404,349
2025-07-02 18:55:00,2.24051,2.24173,2.24042,2.24141,503
2025-07-02 19:00:00,2.24138,2.24172,2.24083,2.24111,423
2025-07-02 19:05:00,2.24109,2.24116,2.2402,2.24053,449
2025-07-02 19:10:00,2.24051,2.24056,2.24002,2.24026,404
2025-07-02 19:15:00,2.24026,2.2404,2.23993,2.24032,365
2025-07-02 19:20:00,2.24032,2.24089,2.23999,2.24063,352
2025-07-02 19:25:00,2.24067,2.241,2.24039,2.24091,408
2025-07-02 19:30:00,2.24091,2.24128,2.24048,2.24063,449
2025-07-02 19:35:00,2.24061,2.2409499999999998,2.24037,2.24037,311
2025-07-02 19:40:00,2.24037,2.24147,2.24032,2.24143,331
2025-07-02 19:45:00,2.24141,2.24169,2.24111,2.24124,367
2025-07-02 19:50:00,2.24124,2.24212,2.24094,2.24197,359
2025-07-02 19:55:00,2.24199,2.24224,2.24165,2.2421699999999998,424
2025-07-02 20:00:00,2.24215,2.24233,2.24179,2.24212,481
2025-07-02 20:05:00,2.2421,2.2421,2.24143,2.24185,452
2025-07-02 20:10:00,2.24186,2.24186,2.24099,2.24118,327
2025-07-02 20:15:00,2.24126,2.24159,2.24105,2.2412900000000002,344
2025-07-02 20:20:00,2.24132,2.24178,2.24119,2.24145,402
2025-07-02 20:25:00,2.24148,2.24161,2.24104,2.24127,350
2025-07-02 20:30:00,2.24116,2.24197,2.24116,2.24186,341
2025-07-02 20:35:00,2.2419000000000002,2.24191,2.24128,2.24141,288
2025-07-02 20:40:00,2.2414,2.24157,2.24111,2.24136,340
2025-07-02 20:45:00,2.24136,2.24161,2.24115,2.24139,293
2025-07-02 20:50:00,2.2414,2.2415599999999998,2.24115,2.24149,336
2025-07-02 20:55:00,2.24149,2.24196,2.24134,2.2415,300
2025-07-02 21:00:00,2.2415,2.24152,2.24092,2.24117,283
2025-07-02 21:05:00,2.24116,2.24133,2.2409499999999998,2.24123,223
2025-07-02 21:10:00,2.24125,2.24128,2.24064,2.24071,250
2025-07-02 21:15:00,2.24071,2.24089,2.24015,2.24025,230
2025-07-02 21:20:00,2.24028,2.24037,2.23945,2.23964,301
2025-07-02 21:25:00,2.23964,2.23968,2.23924,2.23958,233
2025-07-02 21:30:00,2.23958,2.23985,2.23931,2.23951,305
2025-07-02 21:35:00,2.23951,2.24,2.2391,2.23932,259
2025-07-02 21:40:00,2.23936,2.23953,2.2385,2.23875,316
2025-07-02 21:45:00,2.23874,2.23896,2.23815,2.23831,309
2025-07-02 21:50:00,2.2383,2.23922,2.23773,2.23914,278
2025-07-02 21:55:00,2.23916,2.23995,2.23914,2.23962,389
2025-07-02 22:00:00,2.23962,2.2397299999999998,2.23861,2.2387,286
2025-07-02 22:05:00,2.2387,2.2388500000000002,2.23841,2.2388500000000002,193
2025-07-02 22:10:00,2.23888,2.23919,2.23864,2.23901,195
2025-07-02 22:15:00,2.23905,2.23935,2.23899,2.23935,163
2025-07-02 22:20:00,2.23933,2.23943,2.23806,2.23816,282
2025-07-02 22:25:00,2.2382,2.23827,2.23786,2.23814,220
2025-07-02 22:30:00,2.2382,2.23829,2.23778,2.23797,280
2025-07-02 22:35:00,2.23804,2.23817,2.23759,2.23772,300
2025-07-02 22:40:00,2.23771,2.23789,2.23755,2.23783,285
2025-07-02 22:45:00,2.23781,2.23831,2.23768,2.23813,192
2025-07-02 22:50:00,2.23817,2.23821,2.2376,2.23781,276
2025-07-02 22:55:00,2.23781,2.23785,2.2373,2.23769,321
2025-07-02 23:00:00,2.23773,2.23773,2.23714,2.2373,263
2025-07-02 23:05:00,2.2373,2.23789,2.2373,2.23779,181
2025-07-02 23:10:00,2.23781,2.23825,2.2376,2.23816,178
2025-07-02 23:15:00,2.23816,2.23904,2.23798,2.23883,140
2025-07-02 23:20:00,2.23883,2.23887,2.23794,2.23802,103
2025-07-02 23:25:00,2.238,2.23828,2.23776,2.2378,169
2025-07-02 23:30:00,2.23785,2.23802,2.23765,2.23788,145
2025-07-02 23:35:00,2.23785,2.23834,2.23779,2.23808,195
2025-07-02 23:40:00,2.23808,2.23808,2.23557,2.23595,148
2025-07-02 23:45:00,2.23593,2.23664,2.23593,2.23656,102
2025-07-02 23:50:00,2.2366,2.2366,2.23615,2.23628,144
2025-07-02 23:55:00,2.23628,2.23876,2.23595,2.2372,241
2025-07-03 00:00:00,2.23621,2.2402,2.23451,2.23587,28
2025-07-03 00:05:00,2.23853,2.23854,2.23662,2.23747,58
2025-07-03 00:10:00,2.2374,2.23783,2.23726,2.23729,71
2025-07-03 00:15:00,2.23729,2.23853,2.23688,2.23853,98
2025-07-03 00:20:00,2.2383,2.23858,2.23752,2.23752,185
2025-07-03 00:25:00,2.23752,2.23757,2.23687,2.23691,79
2025-07-03 00:30:00,2.23716,2.23858,2.23705,2.23858,101
2025-07-03 00:35:00,2.23858,2.24009,2.23839,2.23976,198
2025-07-03 00:40:00,2.23972,2.24238,2.23972,2.24216,169
2025-07-03 00:45:00,2.24208,2.24243,2.23925,2.24229,239
2025-07-03 00:50:00,2.24229,2.24253,2.23882,2.24094,310
2025-07-03 00:55:00,2.24094,2.24219,2.2401,2.2406800000000002,243
2025-07-03 01:00:00,2.2407,2.24139,2.24013,2.24052,290
2025-07-03 01:05:00,2.24099,2.24124,2.24057,2.24117,159
2025-07-03 01:10:00,2.24115,2.24189,2.24078,2.24086,139
2025-07-03 01:15:00,2.24086,2.24168,2.24084,2.2414,114
2025-07-03 01:20:00,2.2414,2.24163,2.2414,2.24157,108
2025-07-03 01:25:00,2.2416,2.24168,2.24134,2.24139,78
2025-07-03 01:30:00,2.24139,2.24151,2.2412900000000002,2.24134,58
2025-07-03 01:35:00,2.24134,2.24139,2.24083,2.24123,75
2025-07-03 01:40:00,2.24123,2.24125,2.24077,2.24094,84
2025-07-03 01:45:00,2.24094,2.2411,2.24075,2.24102,93
2025-07-03 01:50:00,2.24104,2.2412,2.24086,2.24112,90
2025-07-03 01:55:00,2.24112,2.24117,2.24085,2.24097,110
2025-07-03 02:00:00,2.24104,2.24109,2.24044,2.24044,166
2025-07-03 02:05:00,2.24044,2.24078,2.24044,2.24054,67
2025-07-03 02:10:00,2.24054,2.24117,2.24045,2.24111,91
2025-07-03 02:15:00,2.2411,2.24112,2.24065,2.24065,80
2025-07-03 02:20:00,2.24065,2.24091,2.24051,2.24077,69
2025-07-03 02:25:00,2.24075,2.241,2.24058,2.24084,82
2025-07-03 02:30:00,2.24081,2.24136,2.24062,2.24113,157
2025-07-03 02:35:00,2.24109,2.24127,2.2409,2.24116,91
2025-07-03 02:40:00,2.24114,2.24172,2.24099,2.24168,161
2025-07-03 02:45:00,2.24168,2.24194,2.24131,2.24192,144
2025-07-03 02:50:00,2.24192,2.24222,2.24137,2.24151,166
2025-07-03 02:55:00,2.24152,2.24165,2.24105,2.24123,227
2025-07-03 03:00:00,2.24125,2.24148,2.24047,2.24081,270
2025-07-03 12:10:00,2.24781,2.24838,2.24781,2.2482,265
2025-07-03 12:15:00,2.2482,2.24852,2.248,2.24801,366
2025-07-03 12:20:00,2.24795,2.24841,2.24773,2.24828,333
2025-07-03 12:25:00,2.24824,2.24848,2.248,2.2480700000000002,361
2025-07-03 12:30:00,2.2480700000000002,2.24876,2.24798,2.24861,375
2025-07-03 12:35:00,2.24861,2.24882,2.2481,2.2485,382
2025-07-03 12:40:00,2.2485,2.24946,2.24838,2.24942,470
2025-07-03 12:45:00,2.24947,2.2497,2.24884,2.24925,366
2025-07-03 12:50:00,2.24925,2.24936,2.24841,2.24855,348
2025-07-03 12:55:00,2.24855,2.24873,2.24784,2.24852,475
2025-07-03 13:00:00,2.24852,2.249,2.24774,2.24778,471
2025-07-03 13:05:00,2.24776,2.24783,2.24695,2.24743,376
2025-07-03 13:10:00,2.24743,2.24776,2.24711,2.24711,357
2025-07-03 13:15:00,2.24711,2.2476,2.24674,2.24749,340
2025-07-03 13:20:00,2.24748,2.24758,2.24679,2.24709,366
2025-07-03 13:25:00,2.24709,2.24782,2.24695,2.24743,316
2025-07-03 13:30:00,2.24744,2.24853,2.24729,2.24853,338
2025-07-03 13:35:00,2.24854,2.2492,2.24808,2.24913,379
2025-07-03 13:40:00,2.24915,2.24966,2.24901,2.24954,259
2025-07-03 13:45:00,2.24952,2.24982,2.2492900000000002,2.24951,318
2025-07-03 13:50:00,2.24952,2.24999,2.2494899999999998,2.24965,285
2025-07-03 13:55:00,2.24967,2.25002,2.24928,2.2496,388
2025-07-03 14:00:00,2.24952,2.24955,2.2486,2.24879,361
2025-07-03 14:05:00,2.24879,2.24899,2.24838,2.24886,291
2025-07-03 14:10:00,2.24886,2.24897,2.24845,2.24849,320
2025-07-03 14:15:00,2.24849,2.2486,2.24803,2.24812,270
2025-07-03 14:20:00,2.24812,2.24816,2.24725,2.24725,295
2025-07-03 14:25:00,2.24725,2.24806,2.24721,2.24781,272
2025-07-03 14:30:00,2.24781,2.24873,2.24772,2.2486800000000002,304
2025-07-03 14:35:00,2.24866,2.249,2.2484,2.24859,389
2025-07-03 14:40:00,2.24859,2.24923,2.24841,2.24923,400
2025-07-03 14:45:00,2.24923,2.24959,2.24881,2.24941,330
2025-07-03 14:50:00,2.24938,2.25075,2.24922,2.25065,407
2025-07-03 14:55:00,2.25065,2.25114,2.25017,2.25036,563
2025-07-03 15:00:00,2.25036,2.25041,2.24944,2.2496,490
2025-07-03 15:05:00,2.2496,2.25092,2.2496,2.25037,417
2025-07-03 15:10:00,2.25039,2.25139,2.25039,2.25129,408
2025-07-03 15:15:00,2.25127,2.25157,2.25029,2.25035,403
2025-07-03 15:20:00,2.25028,2.25169,2.25028,2.25114,456
2025-07-03 15:25:00,2.25097,2.25133,2.24918,2.24918,437
2025-07-03 15:30:00,2.24918,2.25486,2.24828,2.25188,1300
2025-07-03 15:35:00,2.25182,2.2523400000000002,2.24969,2.25004,1170
2025-07-03 15:40:00,2.24999,2.25279,2.24999,2.25233,1062
2025-07-03 15:45:00,2.25236,2.25311,2.252,2.25219,950
2025-07-03 15:50:00,2.25223,2.25287,2.25108,2.2519,992
2025-07-03 15:55:00,2.25187,2.25332,2.25161,2.25321,907
2025-07-03 16:00:00,2.25318,2.25487,2.25308,2.25443,965
2025-07-03 16:05:00,2.25432,2.25492,2.25419,2.25439,774
2025-07-03 16:10:00,2.2544,2.25503,2.25351,2.25372,873
2025-07-03 16:15:00,2.25372,2.25408,2.25287,2.25361,883
2025-07-03 16:20:00,2.25371,2.25431,2.25349,2.2536,820
2025-07-03 16:25:00,2.25368,2.25373,2.25317,2.25333,653
2025-07-03 16:30:00,2.25331,2.25365,2.25278,2.25314,755
2025-07-03 16:35:00,2.25314,2.25318,2.25166,2.25188,689
2025-07-03 16:40:00,2.25188,2.25188,2.2507,2.25083,798
2025-07-03 16:45:00,2.25084,2.25133,2.25011,2.25078,747
2025-07-03 16:50:00,2.25076,2.25133,2.24919,2.24948,737
2025-07-03 16:55:00,2.24946,2.25039,2.24872,2.24945,610
2025-07-03 17:00:00,2.2497,2.25086,2.24875,2.25016,946
2025-07-03 17:05:00,2.2502,2.2505,2.24905,2.2492900000000002,846
2025-07-03 17:10:00,2.2493,2.24933,2.24763,2.24787,759
2025-07-03 17:15:00,2.24788,2.24846,2.2476,2.24792,630
2025-07-03 17:20:00,2.24792,2.24876,2.24776,2.24815,734
2025-07-03 17:25:00,2.24813,2.2492,2.24804,2.24845,717
2025-07-03 17:30:00,2.24845,2.24894,2.24795,2.2480700000000002,687
2025-07-03 17:35:00,2.2480700000000002,2.24931,2.248,2.24919,664
2025-07-03 17:40:00,2.24919,2.25044,2.24914,2.25029,660
2025-07-03 17:45:00,2.25029,2.25166,2.25024,2.2513,586
2025-07-03 17:50:00,2.2513,2.25317,2.25094,2.25239,672
2025-07-03 17:55:00,2.25239,2.25331,2.25211,2.25239,707
2025-07-03 18:00:00,2.25237,2.25239,2.25106,2.25171,727
2025-07-03 18:05:00,2.25157,2.25179,2.25114,2.25147,646
2025-07-03 18:10:00,2.25144,2.25155,2.25081,2.25131,632
2025-07-03 18:15:00,2.2513199999999998,2.25143,2.25093,2.25127,543
2025-07-03 18:20:00,2.25127,2.2513199999999998,2.25057,2.25093,555
2025-07-03 18:25:00,2.25097,2.2511,2.25028,2.25059,482
2025-07-03 18:30:00,2.2506,2.2507099999999998,2.25,2.25028,476
2025-07-03 18:35:00,2.25028,2.2507,2.25007,2.25043,441
2025-07-03 18:40:00,2.25041,2.25116,2.25009,2.25079,485
2025-07-03 18:45:00,2.25079,2.25115,2.2505100000000002,2.25055,489
2025-07-03 18:50:00,2.25057,2.25102,2.25019,2.25024,406
2025-07-03 18:55:00,2.25028,2.25061,2.24974,2.25002,561
2025-07-03 19:00:00,2.24999,2.25062,2.24965,2.25047,447
2025-07-03 19:05:00,2.25037,2.25098,2.25035,2.25098,373
2025-07-03 19:10:00,2.25096,2.25098,2.25008,2.25025,379
2025-07-03 19:15:00,2.25025,2.25077,2.25,2.25019,369
2025-07-03 19:20:00,2.25018,2.25046,2.24968,2.24996,256
2025-07-03 19:25:00,2.24998,2.25002,2.24955,2.24982,375
2025-07-03 19:30:00,2.24986,2.2499000000000002,2.24924,2.24931,390
2025-07-03 19:35:00,2.24923,2.24955,2.24906,2.24941,325
2025-07-03 19:40:00,2.24939,2.24948,2.24894,2.24922,334
2025-07-03 19:45:00,2.2492,2.24943,2.24892,2.24921,314
2025-07-03 19:50:00,2.24908,2.2499000000000002,2.24886,2.24979,352
2025-07-03 19:55:00,2.24964,2.25,2.24927,2.24927,441
2025-07-03 20:00:00,2.2492900000000002,2.24932,2.2484,2.24855,362
2025-07-03 20:05:00,2.24859,2.24869,2.24829,2.24845,215
2025-07-03 20:10:00,2.24845,2.24872,2.24841,2.2486800000000002,198
2025-07-03 20:15:00,2.24864,2.2489,2.24848,2.24881,142
2025-07-03 20:20:00,2.24883,2.24896,2.24865,2.2489,122
2025-07-03 20:25:00,2.24886,2.24899,2.24864,2.24899,152
2025-07-03 20:30:00,2.24895,2.24927,2.24869,2.24904,136
2025-07-03 20:35:00,2.24909,2.2495,2.249,2.24935,137
2025-07-03 20:40:00,2.24935,2.2498,2.24934,2.24939,124
2025-07-03 20:45:00,2.24939,2.24939,2.2488,2.2492900000000002,66
2025-07-03 20:50:00,2.2492900000000002,2.24939,2.24889,2.249,222
2025-07-03 20:55:00,2.24904,2.24953,2.24894,2.24943,263
2025-07-03 21:00:00,2.24945,2.24961,2.2492,2.24936,262
2025-07-03 21:05:00,2.24938,2.24953,2.24914,2.24951,139
2025-07-03 21:10:00,2.24953,2.24971,2.24943,2.24943,167
2025-07-03 21:15:00,2.24943,2.24961,2.24908,2.24932,129
2025-07-03 21:20:00,2.24932,2.24934,2.24874,2.24889,145
2025-07-03 21:25:00,2.24891,2.24899,2.24873,2.24889,149
2025-07-03 21:30:00,2.24895,2.24906,2.24862,2.2488799999999998,94
2025-07-03 21:35:00,2.24892,2.24897,2.24836,2.24863,121
2025-07-03 21:40:00,2.24859,2.24861,2.24801,2.24845,159
2025-07-03 21:45:00,2.24849,2.24865,2.24819,2.24834,110
2025-07-03 21:50:00,2.24838,2.24881,2.24815,2.24862,162
2025-07-03 21:55:00,2.24862,2.24881,2.24834,2.24841,235
2025-07-03 22:00:00,2.2484,2.24946,2.24836,2.24943,282
2025-07-03 22:05:00,2.24943,2.24946,2.24907,2.2493,165
2025-07-03 22:10:00,2.24926,2.24931,2.24894,2.24925,141
2025-07-03 22:15:00,2.24925,2.24932,2.24891,2.24923,145
2025-07-03 22:20:00,2.2492,2.24927,2.24897,2.24922,158
2025-07-03 22:25:00,2.24923,2.24925,2.24893,2.24914,110
2025-07-03 22:30:00,2.24917,2.24918,2.24872,2.24891,110
2025-07-03 22:35:00,2.24892,2.24903,2.24864,2.24899,127
2025-07-03 22:40:00,2.24897,2.24902,2.24865,2.24883,100
2025-07-03 22:45:00,2.24883,2.24884,2.24842,2.2486,152
2025-07-03 22:50:00,2.24864,2.24897,2.24855,2.24891,147
2025-07-03 22:55:00,2.24891,2.24963,2.24878,2.24961,212
2025-07-03 23:00:00,2.24957,2.24972,2.24921,2.24941,182
2025-07-03 23:05:00,2.24937,2.24937,2.24856,2.24873,136
2025-07-03 23:10:00,2.24873,2.24924,2.2487,2.24921,164
2025-07-03 23:15:00,2.24919,2.24952,2.24902,2.24943,180
2025-07-03 23:20:00,2.24943,2.24951,2.249,2.24916,223
2025-07-03 23:25:00,2.2492,2.24945,2.24893,2.24905,112
2025-07-03 23:30:00,2.24905,2.24918,2.2486,2.24878,138
2025-07-03 23:35:00,2.24878,2.24883,2.2481,2.24853,122
2025-07-03 23:40:00,2.24596,2.24596,2.2455600000000002,2.24586,228
2025-07-03 23:45:00,2.24587,2.24621,2.24577,2.24619,122
2025-07-03 23:50:00,2.24621,2.24641,2.24598,2.2464,262
2025-07-03 23:55:00,2.24638,2.24885,2.24621,2.24813,192
2025-07-04 00:00:00,2.24762,2.2488799999999998,2.24659,2.24659,14
2025-07-04 00:05:00,2.24739,2.24883,2.2458299999999998,2.24795,65
2025-07-04 00:10:00,2.24795,2.24891,2.24795,2.24884,19
2025-07-04 00:15:00,2.24884,2.24884,2.24761,2.24763,33
2025-07-04 00:20:00,2.2476,2.2476,2.24577,2.247,195
2025-07-04 00:25:00,2.247,2.24709,2.24645,2.24662,96
2025-07-04 00:30:00,2.24666,2.24791,2.24619,2.24761,168
2025-07-04 00:35:00,2.2476599999999998,2.24778,2.24712,2.24717,109
2025-07-04 00:40:00,2.24717,2.24782,2.24714,2.24778,122
2025-07-04 00:45:00,2.24779,2.2482699999999998,2.24778,2.2482,62
2025-07-04 00:50:00,2.24818,2.24834,2.24747,2.24753,72
2025-07-04 00:55:00,2.24753,2.24762,2.24745,2.24762,107
2025-07-04 01:00:00,2.24762,2.24954,2.24736,2.24899,219
2025-07-04 01:05:00,2.24882,2.24887,2.24841,2.24887,76
2025-07-04 01:10:00,2.24881,2.24926,2.24879,2.24904,101
2025-07-04 01:15:00,2.24907,2.24915,2.24879,2.2488799999999998,158
2025-07-04 01:20:00,2.24887,2.24904,2.2488,2.24897,183
2025-07-04 01:25:00,2.24897,2.24906,2.2489,2.24904,201
2025-07-04 01:30:00,2.24906,2.24909,2.24878,2.24891,84
2025-07-04 01:35:00,2.24891,2.24907,2.24883,2.24907,98
2025-07-04 01:40:00,2.24899,2.24904,2.24886,2.24898,101
2025-07-04 01:45:00,2.24898,2.249,2.24883,2.24889,49
2025-07-04 01:50:00,2.24891,2.24907,2.2487,2.24884,59
2025-07-04 01:55:00,2.24884,2.24898,2.24862,2.24876,121
2025-07-04 02:00:00,2.2488,2.24894,2.24869,2.24875,169
2025-07-04 02:05:00,2.24875,2.24878,2.24856,2.24856,95
2025-07-04 02:10:00,2.24854,2.24857,2.2482699999999998,2.24849,96
2025-07-04 02:15:00,2.24853,2.24856,2.24835,2.24854,48
2025-07-04 02:20:00,2.2485,2.24854,2.24804,2.24817,87
2025-07-04 02:25:00,2.24815,2.24834,2.24789,2.24819,111
2025-07-04 02:30:00,2.24819,2.24819,2.2472,2.24775,212
2025-07-04 02:35:00,2.24775,2.24813,2.24772,2.24788,127
2025-07-04 02:40:00,2.2479,2.24866,2.24788,2.24849,186
2025-07-04 02:45:00,2.24853,2.24869,2.24841,2.24857,123
2025-07-04 02:50:00,2.24857,2.24858,2.24782,2.24786,158
2025-07-04 02:55:00,2.24786,2.248,2.24755,2.24769,186
2025-07-04 03:00:00,2.24769,2.24796,2.24683,2.24716,427
2025-07-04 03:05:00,2.24716,2.24781,2.24678,2.2477,312
2025-07-04 03:10:00,2.2477,2.24775,2.2471,2.24726,244
2025-07-04 03:15:00,2.24726,2.24757,2.24667,2.24678,204
2025-07-04 03:20:00,2.2468,2.24711,2.24647,2.2467,197
2025-07-04 03:25:00,2.24667,2.24722,2.24667,2.24689,219
2025-07-04 03:30:00,2.24691,2.24691,2.24617,2.2464,218
2025-07-04 03:35:00,2.24641,2.24754,2.24637,2.24713,222
2025-07-04 03:40:00,2.24713,2.24783,2.24709,2.24771,182
2025-07-04 03:45:00,2.2477,2.24784,2.24716,2.24741,156
2025-07-04 03:50:00,2.24741,2.24768,2.24698,2.24714,266
2025-07-04 03:55:00,2.24716,2.2474,2.2467,2.247,338
2025-07-04 04:00:00,2.24693,2.24786,2.24693,2.24759,374
2025-07-04 10:25:00,2.25305,2.25321,2.25283,2.25286,147
2025-07-04 10:30:00,2.25286,2.25316,2.25242,2.253,504
2025-07-04 10:35:00,2.25301,2.25399,2.25267,2.25373,487
2025-07-04 10:40:00,2.25377,2.25455,2.2530200000000002,2.25406,427
2025-07-04 10:45:00,2.25402,2.2542,2.25346,2.25396,472
2025-07-04 10:50:00,2.25398,2.2546,2.25394,2.25446,450
2025-07-04 10:55:00,2.25451,2.25458,2.25276,2.25314,498
2025-07-04 11:00:00,2.25313,2.25364,2.25277,2.25298,406
2025-07-04 11:05:00,2.25297,2.25316,2.2523,2.25267,435
2025-07-04 11:10:00,2.25267,2.2528,2.25177,2.25198,440
2025-07-04 11:15:00,2.25201,2.25227,2.2515,2.25167,358
2025-07-04 11:20:00,2.25166,2.25251,2.25158,2.25202,401
2025-07-04 11:25:00,2.252,2.25212,2.25165,2.25176,367
2025-07-04 11:30:00,2.25177,2.25224,2.25152,2.25188,428
2025-07-04 11:35:00,2.2519,2.25201,2.25163,2.25185,393
2025-07-04 11:40:00,2.25185,2.25192,2.25097,2.2514,430
2025-07-04 11:45:00,2.25142,2.25244,2.2512499999999998,2.25236,416
2025-07-04 11:50:00,2.25231,2.25263,2.2519299999999998,2.25229,317
2025-07-04 11:55:00,2.25229,2.25276,2.25214,2.25245,426
2025-07-04 12:00:00,2.25244,2.25277,2.25187,2.25208,365
2025-07-04 12:05:00,2.2521,2.25215,2.25114,2.25144,348
2025-07-04 12:10:00,2.25148,2.25174,2.25108,2.25126,360
2025-07-04 12:15:00,2.25127,2.25164,2.25103,2.25123,395
2025-07-04 12:20:00,2.25123,2.25161,2.25102,2.25124,427
2025-07-04 12:25:00,2.25122,2.25133,2.25081,2.25092,379
2025-07-04 12:30:00,2.25096,2.251,2.25041,2.25045,327
2025-07-04 12:35:00,2.25042,2.2507,2.25024,2.2505100000000002,401
2025-07-04 12:40:00,2.25053,2.25095,2.25032,2.25089,396
2025-07-04 12:45:00,2.25088,2.2513,2.25054,2.25116,475
2025-07-04 12:50:00,2.25116,2.2515,2.25066,2.2511900000000002,461
2025-07-04 12:55:00,2.25117,2.2519,2.25116,2.25162,465
2025-07-04 13:00:00,2.25163,2.25201,2.25095,2.25103,463
2025-07-04 13:05:00,2.25101,2.25122,2.2506399999999998,2.25107,442
2025-07-04 13:10:00,2.25107,2.25159,2.25079,2.25124,367
2025-07-04 13:15:00,2.25124,2.25138,2.2507099999999998,2.25098,397
2025-07-04 13:20:00,2.251,2.25108,2.25056,2.25083,412
2025-07-04 13:25:00,2.25083,2.25092,2.25012,2.2504,455
2025-07-04 13:30:00,2.2504,2.25086,2.25001,2.25065,379
2025-07-04 13:35:00,2.25065,2.25121,2.25056,2.25099,390
2025-07-04 13:40:00,2.25107,2.25114,2.25074,2.25107,414
2025-07-04 13:45:00,2.25107,2.25118,2.25069,2.25087,410
2025-07-04 13:50:00,2.25083,2.25128,2.25079,2.251,445
2025-07-04 13:55:00,2.251,2.25113,2.25042,2.25077,382
2025-07-04 14:00:00,2.2506399999999998,2.25166,2.25056,2.25155,365
2025-07-04 14:05:00,2.25155,2.25161,2.25096,2.25113,326
2025-07-04 14:10:00,2.25115,2.25115,2.25028,2.25048,303
2025-07-04 14:15:00,2.25048,2.25091,2.25028,2.25059,322
2025-07-04 14:20:00,2.2505800000000002,2.25095,2.25046,2.25065,322
2025-07-04 14:25:00,2.25063,2.25067,2.25028,2.25038,195
2025-07-04 14:50:00,2.25052,2.25054,2.24954,2.24964,145
2025-07-04 14:55:00,2.24962,2.25065,2.24954,2.25054,404
2025-07-04 15:00:00,2.25056,2.2505800000000002,2.25005,2.25047,311
2025-07-04 15:05:00,2.25047,2.25099,2.25047,2.25057,295
2025-07-04 15:10:00,2.25057,2.2509,2.25029,2.2507,306
2025-07-04 15:15:00,2.25073,2.2511,2.25052,2.25083,248
2025-07-04 15:20:00,2.25083,2.25139,2.25079,2.2511900000000002,294
2025-07-04 15:25:00,2.2511900000000002,2.25129,2.25041,2.2506399999999998,266
2025-07-04 15:30:00,2.2506399999999998,2.25106,2.25026,2.25106,316
2025-07-04 15:35:00,2.25108,2.25108,2.25031,2.25036,257
2025-07-04 15:40:00,2.25036,2.25076,2.25026,2.25053,288
2025-07-04 15:45:00,2.2505,2.25081,2.25027,2.25033,296
2025-07-04 15:50:00,2.25037,2.25057,2.24975,2.2499000000000002,316
2025-07-04 15:55:00,2.2499000000000002,2.25072,2.24986,2.25055,268
2025-07-04 16:00:00,2.25055,2.25061,2.25022,2.25049,299
2025-07-04 16:05:00,2.25049,2.25097,2.25031,2.25095,232
2025-07-04 16:10:00,2.25091,2.2513199999999998,2.25087,2.25121,262
2025-07-04 16:15:00,2.25121,2.2515,2.25091,2.25148,251
2025-07-04 16:20:00,2.25148,2.25174,2.25127,2.25171,254
2025-07-04 16:25:00,2.2517,2.25198,2.25151,2.2518000000000002,230
2025-07-04 16:30:00,2.2518000000000002,2.25262,2.25114,2.2525,292
2025-07-04 16:35:00,2.2525,2.25265,2.25208,2.25215,287
2025-07-04 16:40:00,2.25215,2.25244,2.25179,2.25206,428
2025-07-04 16:45:00,2.25208,2.25264,2.252,2.25262,382
2025-07-04 16:50:00,2.25262,2.25284,2.25239,2.25248,376
2025-07-04 16:55:00,2.25248,2.25331,2.25243,2.25287,340
2025-07-04 17:00:00,2.25288,2.25306,2.252,2.25202,408
2025-07-04 17:05:00,2.25202,2.25238,2.2519299999999998,2.25225,417
2025-07-04 17:10:00,2.25229,2.25287,2.25214,2.25275,375
2025-07-04 17:15:00,2.25274,2.25284,2.25205,2.2523,317
2025-07-04 17:20:00,2.25237,2.25259,2.25205,2.25208,339
2025-07-04 17:25:00,2.2521,2.25264,2.2518599999999998,2.25251,291
2025-07-04 17:30:00,2.25251,2.25288,2.2523400000000002,2.25285,302
2025-07-04 17:35:00,2.25285,2.25316,2.25245,2.25296,254
2025-07-04 17:40:00,2.25293,2.25351,2.2528,2.2534,290
2025-07-04 17:45:00,2.25342,2.25387,2.25328,2.25358,304
2025-07-04 17:50:00,2.25358,2.25364,2.25283,2.25362,427
2025-07-04 17:55:00,2.25366,2.2542400000000002,2.25303,2.2535,493
2025-07-04 18:00:00,2.25349,2.25468,2.25304,2.25459,492
2025-07-04 18:05:00,2.25457,2.2547,2.25393,2.25403,271
2025-07-04 18:10:00,2.25402,2.2542400000000002,2.25335,2.25382,326
2025-07-04 18:15:00,2.25378,2.25403,2.25365,2.2538,286
2025-07-04 18:20:00,2.2538,2.25403,2.2536300000000002,2.25365,163
2025-07-04 18:25:00,2.25365,2.25386,2.25325,2.2534,210
2025-07-04 18:30:00,2.25342,2.2537599999999998,2.2531499999999998,2.2537,271
2025-07-04 18:35:00,2.2537,2.2537599999999998,2.25335,2.2534,174
2025-07-04 18:40:00,2.25336,2.25381,2.25327,2.2533,182
2025-07-04 18:45:00,2.2533,2.25335,2.25303,2.2531,150
2025-07-04 18:50:00,2.2531,2.25314,2.25256,2.25299,205
2025-07-04 18:55:00,2.25299,2.25327,2.25288,2.25319,331
2025-07-04 19:00:00,2.25319,2.25348,2.25294,2.25324,252
2025-07-04 19:05:00,2.25324,2.25366,2.25318,2.25337,182
2025-07-04 19:10:00,2.25341,2.2535600000000002,2.25332,2.25352,153
2025-07-04 19:15:00,2.25353,2.25361,2.25293,2.25316,240
2025-07-04 19:20:00,2.25316,2.25346,2.25305,2.25328,202
2025-07-04 19:25:00,2.25328,2.25328,2.25304,2.2532,158
2025-07-04 19:30:00,2.25326,2.2536,2.2530200000000002,2.2535,180
2025-07-04 19:35:00,2.25352,2.25373,2.25347,2.25371,117
2025-07-04 19:40:00,2.25373,2.25374,2.25344,2.25349,120
2025-07-04 19:45:00,2.25349,2.25362,2.25338,2.25338,153
2025-07-04 19:50:00,2.25342,2.25364,2.25322,2.2536300000000002,195
2025-07-04 19:55:00,2.25357,2.25379,2.25339,2.25346,185
2025-07-04 20:00:00,2.25347,2.25422,2.25347,2.25415,485
2025-07-04 20:05:00,2.25413,2.2544399999999998,2.25399,2.25406,576
2025-07-04 20:10:00,2.25406,2.2542,2.25394,2.25408,448
2025-07-04 20:15:00,2.25411,2.25413,2.25377,2.25405,584
2025-07-04 20:20:00,2.25405,2.25451,2.2537599999999998,2.25449,360
2025-07-04 20:25:00,2.25455,2.25455,2.2541700000000002,2.25432,430
2025-07-04 20:30:00,2.25436,2.25447,2.2541700000000002,2.25436,192
2025-07-04 20:35:00,2.25436,2.2544399999999998,2.25419,2.25432,187
2025-07-04 20:40:00,2.25432,2.25436,2.25401,2.25407,254
2025-07-04 20:45:00,2.25407,2.25426,2.25402,2.25407,164
2025-07-04 20:50:00,2.25415,2.25418,2.2535,2.2536300000000002,233
2025-07-04 20:55:00,2.2536300000000002,2.25377,2.25337,2.25377,267
2025-07-04 21:00:00,2.25375,2.25394,2.25336,2.25344,259
2025-07-04 21:05:00,2.25354,2.2538,2.25325,2.25369,547
2025-07-04 21:10:00,2.25369,2.25391,2.25345,2.25382,628
2025-07-04 21:15:00,2.25371,2.25396,2.25367,2.25385,476
2025-07-04 21:20:00,2.2538,2.25396,2.25366,2.2538,581
2025-07-04 21:25:00,2.25383,2.25396,2.25364,2.25384,295
2025-07-04 21:30:00,2.25379,2.25401,2.25365,2.2539,176
2025-07-04 21:35:00,2.2539,2.254,2.2538,2.25399,174
2025-07-04 21:40:00,2.254,2.254,2.2537599999999998,2.25393,295
2025-07-04 21:45:00,2.25385,2.25431,2.25367,2.25425,344
2025-07-04 21:50:00,2.25423,2.25436,2.25408,2.25427,174
2025-07-04 21:55:00,2.25427,2.2545,2.25411,2.25447,332
2025-07-04 22:00:00,2.25451,2.25458,2.25368,2.25396,563
2025-07-04 22:05:00,2.25396,2.2541,2.25373,2.25392,562
2025-07-04 22:10:00,2.25392,2.25401,2.25353,2.25374,861
2025-07-04 22:15:00,2.25378,2.2539,2.25354,2.25385,793
2025-07-04 22:20:00,2.2537,2.25408,2.25359,2.25394,773
2025-07-04 22:25:00,2.25396,2.25404,2.25335,2.25378,1129
2025-07-04 22:30:00,2.25364,2.254,2.25321,2.25358,1150
2025-07-04 22:35:00,2.25352,2.25396,2.25324,2.25355,1127
2025-07-04 22:40:00,2.25355,2.25396,2.25283,2.25378,1053
2025-07-04 22:45:00,2.25381,2.25399,2.25325,2.25386,920
2025-07-04 22:50:00,2.25391,2.25448,2.25344,2.25423,848
2025-07-04 22:55:00,2.25423,2.25501,2.25338,2.25388,857
2025-07-04 23:00:00,2.25419,2.25448,2.25266,2.25359,1259
2025-07-04 23:05:00,2.25352,2.25438,2.25221,2.25335,1282
2025-07-04 23:10:00,2.2532,2.25423,2.25203,2.25274,1394
2025-07-04 23:15:00,2.25323,2.25405,2.25148,2.25364,1328
2025-07-04 23:20:00,2.25369,2.25459,2.25267,2.25377,1385
2025-07-04 23:25:00,2.25379,2.25405,2.25167,2.25309,1302
2025-07-04 23:30:00,2.25309,2.25322,2.25161,2.25247,1022
2025-07-04 23:35:00,2.25243,2.25284,2.25191,2.25248,1201
2025-07-04 23:40:00,2.25248,2.25248,2.25046,2.25092,1179
2025-07-04 23:45:00,2.25092,2.25181,2.25024,2.25079,927
2025-07-04 23:50:00,2.2505100000000002,2.2511,2.25021,2.2508,1019
2025-07-04 23:55:00,2.25049,2.25049,2.24777,2.24824,38
2025-07-07 00:00:00,2.25198,2.25205,2.25,2.25063,7
2025-07-07 00:05:00,2.25063,2.25063,2.24802,2.24804,60
2025-07-07 00:10:00,2.24804,2.24818,2.24748,2.24818,71
2025-07-07 00:15:00,2.24818,2.24826,2.248,2.2480700000000002,60
2025-07-07 00:20:00,2.2480700000000002,2.2493,2.24784,2.24894,65
2025-07-07 00:25:00,2.24894,2.24932,2.24854,2.24896,58
2025-07-07 00:30:00,2.24898,2.24941,2.247,2.24846,221
2025-07-07 00:35:00,2.24846,2.24962,2.24836,2.24962,93
2025-07-07 00:40:00,2.24961,2.24966,2.24951,2.24955,73
2025-07-07 00:45:00,2.24956,2.2496,2.24923,2.2493,64
2025-07-07 00:50:00,2.2493,2.2494,2.2488799999999998,2.24893,56
2025-07-07 00:55:00,2.24893,2.24911,2.2483,2.2484,122
2025-07-07 01:00:00,2.25014,2.25406,2.24972,2.25399,268
2025-07-07 01:05:00,2.25427,2.25427,2.2533,2.254,119
2025-07-07 01:10:00,2.25403,2.25494,2.25378,2.25443,124
2025-07-07 01:15:00,2.25442,2.2547800000000002,2.25422,2.2547800000000002,180
2025-07-07 01:20:00,2.25474,2.2548,2.2545,2.2547,100
2025-07-07 01:25:00,2.2547,2.25474,2.25434,2.25448,107
2025-07-07 01:30:00,2.25448,2.2547,2.25386,2.25427,194
2025-07-07 01:35:00,2.25427,2.25449,2.25425,2.2544399999999998,125
2025-07-07 01:40:00,2.2544399999999998,2.25465,2.25422,2.25443,109
2025-07-07 01:45:00,2.25443,2.25455,2.25406,2.2544399999999998,95
2025-07-07 01:50:00,2.25442,2.25466,2.25436,2.25466,70
2025-07-07 01:55:00,2.25458,2.25463,2.25422,2.2543699999999998,89
2025-07-07 02:00:00,2.25433,2.25439,2.25387,2.25395,176
2025-07-07 02:05:00,2.25392,2.25408,2.25372,2.25392,156
2025-07-07 02:10:00,2.2539,2.25413,2.25373,2.25409,131
2025-07-07 02:15:00,2.25409,2.25442,2.25405,2.25442,113
2025-07-07 02:20:00,2.25431,2.25445,2.25414,2.25423,125
2025-07-07 02:25:00,2.25421,2.2546,2.25414,2.25458,77
2025-07-07 02:30:00,2.25456,2.25522,2.25448,2.25518,142
2025-07-07 02:35:00,2.25522,2.25542,2.25479,2.25484,197
2025-07-07 02:40:00,2.25487,2.25596,2.25482,2.25584,202
2025-07-07 02:45:00,2.25573,2.25609,2.25551,2.25588,253
2025-07-07 02:50:00,2.25588,2.25609,2.25571,2.25596,220
2025-07-07 02:55:00,2.25598,2.25618,2.25536,2.25594,300
2025-07-07 03:00:00,2.25592,2.25735,2.25587,2.25662,538
2025-07-07 03:05:00,2.25662,2.2568799999999998,2.25622,2.25644,440
2025-07-07 03:10:00,2.25644,2.25659,2.25616,2.25628,357
2025-07-07 03:15:00,2.25626,2.25628,2.2557,2.25576,392
2025-07-07 03:20:00,2.25574,2.25621,2.25567,2.25621,351
2025-07-07 03:25:00,2.2561999999999998,2.25684,2.25616,2.25628,332
2025-07-07 03:30:00,2.25631,2.25707,2.25612,2.25697,418
2025-07-07 03:35:00,2.257,2.25821,2.25682,2.25798,430
2025-07-07 03:40:00,2.25796,2.25862,2.2578300000000002,2.25822,436
2025-07-07 03:45:00,2.25819,2.25867,2.25807,2.25854,403
2025-07-07 03:50:00,2.25854,2.2591,2.25832,2.25887,449
2025-07-07 03:55:00,2.25885,2.25902,2.25855,2.25874,428
2025-07-07 04:00:00,2.25873,2.25988,2.25873,2.25952,524
2025-07-07 04:05:00,2.25955,2.25967,2.25872,2.25872,453
2025-07-07 04:10:00,2.2587,2.2596600000000002,2.25865,2.25911,519
2025-07-07 04:15:00,2.2591200000000002,2.25964,2.2585100000000002,2.25865,470
2025-07-07 04:20:00,2.25869,2.25938,2.25817,2.25817,514
2025-07-07 04:25:00,2.25817,2.25817,2.25676,2.25789,432
2025-07-07 04:30:00,2.25799,2.25849,2.25723,2.25849,535
2025-07-07 04:35:00,2.25849,2.25999,2.25834,2.25984,465
2025-07-07 04:40:00,2.25984,2.26071,2.25984,2.2598599999999998,495
2025-07-07 04:45:00,2.25979,2.25991,2.25896,2.25961,471
2025-07-07 04:50:00,2.25977,2.26019,2.25924,2.2596600000000002,485
2025-07-07 04:55:00,2.25954,2.25992,2.2592,2.25948,450
2025-07-07 05:00:00,2.25946,2.2597,2.2587,2.25918,562
2025-07-07 05:05:00,2.25918,2.2592499999999998,2.25852,2.25886,437
2025-07-07 05:10:00,2.25879,2.25938,2.25845,2.25852,463
2025-07-07 05:15:00,2.25855,2.2594,2.2585100000000002,2.25922,338
2025-07-07 05:20:00,2.25922,2.25936,2.25885,2.25902,359
2025-07-07 05:25:00,2.25902,2.26022,2.259,2.26005,351
2025-07-07 05:30:00,2.26005,2.26282,2.26005,2.26226,591
2025-07-07 05:35:00,2.26226,2.26255,2.26111,2.2616899999999998,480
2025-07-07 05:40:00,2.26171,2.26213,2.26127,2.26138,366
2025-07-07 05:45:00,2.26135,2.2617,2.26066,2.26145,313
2025-07-07 05:50:00,2.26144,2.26198,2.26118,2.26161,396
2025-07-07 05:55:00,2.26161,2.26281,2.26137,2.26242,387
2025-07-07 06:00:00,2.26242,2.263,2.26179,2.26211,441
2025-07-07 06:05:00,2.26211,2.26228,2.26089,2.26105,357
2025-07-07 06:10:00,2.26105,2.26128,2.26081,2.2611,316
2025-07-07 06:15:00,2.26111,2.2617599999999998,2.26111,2.26146,309
2025-07-07 06:20:00,2.26146,2.26216,2.2611,2.26205,391
2025-07-07 06:25:00,2.26206,2.26283,2.26181,2.26244,318
2025-07-07 06:30:00,2.26228,2.26266,2.26181,2.26262,417
2025-07-07 06:35:00,2.26264,2.26322,2.26235,2.26273,427
2025-07-07 06:40:00,2.26272,2.26329,2.26248,2.26283,400
2025-07-07 06:45:00,2.26284,2.26306,2.26254,2.26264,313
2025-07-07 06:50:00,2.26258,2.26275,2.26211,2.2623699999999998,360
2025-07-07 06:55:00,2.26235,2.26348,2.26226,2.2634600000000002,372
2025-07-07 07:00:00,2.2634600000000002,2.26394,2.26258,2.26261,407
2025-07-07 07:05:00,2.26261,2.2632,2.26255,2.26292,343
2025-07-07 07:10:00,2.2629,2.26345,2.26289,2.26317,351
2025-07-07 07:15:00,2.26315,2.26401,2.2629799999999998,2.26375,311
2025-07-07 07:20:00,2.26375,2.2641,2.26345,2.26385,300
2025-07-07 07:25:00,2.26385,2.26425,2.26358,2.26416,325
2025-07-07 07:30:00,2.26416,2.26426,2.26335,2.26417,334
2025-07-07 07:35:00,2.26418,2.265,2.26402,2.26485,260
2025-07-07 07:40:00,2.26485,2.26502,2.26408,2.26491,438
2025-07-07 07:45:00,2.26489,2.26538,2.2648099999999998,2.265,395
2025-07-07 07:50:00,2.26504,2.2651,2.26453,2.26487,329
2025-07-07 07:55:00,2.26491,2.26534,2.26459,2.2653,333
2025-07-07 08:00:00,2.26531,2.2660299999999998,2.26496,2.2659000000000002,457
2025-07-07 08:05:00,2.26585,2.26605,2.2654,2.26557,393
2025-07-07 08:10:00,2.26557,2.2659000000000002,2.2652200000000002,2.26564,405
2025-07-07 08:15:00,2.26564,2.26605,2.26506,2.26584,414
2025-07-07 08:20:00,2.26588,2.2659000000000002,2.2647,2.2648099999999998,481
2025-07-07 08:25:00,2.2648099999999998,2.26513,2.26405,2.26428,424
2025-07-07 08:30:00,2.26424,2.2645,2.2640000000000002,2.26444,395
2025-07-07 08:35:00,2.26446,2.26457,2.26338,2.26351,300
2025-07-07 08:40:00,2.26351,2.26387,2.2631,2.26378,393
2025-07-07 08:45:00,2.26379,2.26464,2.26362,2.26454,351
2025-07-07 08:50:00,2.26456,2.26497,2.26436,2.26445,330
2025-07-07 08:55:00,2.26447,2.2653,2.26445,2.26455,364
2025-07-07 09:00:00,2.26449,2.26541,2.26406,2.26511,534
2025-07-07 09:05:00,2.26509,2.26548,2.2646100000000002,2.26536,477
2025-07-07 09:10:00,2.26536,2.26538,2.26483,2.26489,461
2025-07-07 09:15:00,2.26494,2.2652200000000002,2.26441,2.26453,420
2025-07-07 09:20:00,2.26453,2.26488,2.26424,2.26479,326
2025-07-07 09:25:00,2.26479,2.26509,2.26421,2.26433,438
2025-07-07 09:30:00,2.26433,2.26554,2.2640000000000002,2.26551,568
2025-07-07 09:35:00,2.26556,2.26586,2.26465,2.26521,445
2025-07-07 09:40:00,2.26521,2.2654199999999998,2.2648,2.26512,517
2025-07-07 09:45:00,2.26512,2.26552,2.26453,2.26454,400
2025-07-07 09:50:00,2.26454,2.2646,2.26361,2.26367,420
2025-07-07 09:55:00,2.26367,2.26426,2.2636,2.2639,488
2025-07-07 10:00:00,2.26396,2.2646100000000002,2.26384,2.26428,583
2025-07-07 10:05:00,2.2643,2.26489,2.26376,2.2638,525
2025-07-07 10:10:00,2.26372,2.2640000000000002,2.26316,2.2638,528
2025-07-07 10:15:00,2.26368,2.26401,2.26349,2.26388,449
2025-07-07 10:20:00,2.26385,2.26429,2.26361,2.26376,442
2025-07-07 10:25:00,2.26377,2.26422,2.26354,2.26411,454
2025-07-07 10:30:00,2.26411,2.26472,2.26387,2.26401,394
2025-07-07 10:35:00,2.2640000000000002,2.26458,2.26382,2.2645,442
2025-07-07 10:40:00,2.26454,2.2646,2.26385,2.26441,586
2025-07-07 10:45:00,2.26446,2.26462,2.26405,2.26405,476
2025-07-07 10:50:00,2.26409,2.26494,2.26399,2.26439,582
2025-07-07 10:55:00,2.26441,2.2654199999999998,2.2641,2.26505,523
2025-07-07 11:00:00,2.26502,2.2654199999999998,2.26392,2.2641299999999998,484
2025-07-07 11:05:00,2.2641,2.26493,2.26396,2.26488,510
2025-07-07 11:10:00,2.26488,2.26555,2.26444,2.26453,427
2025-07-07 11:15:00,2.26456,2.26521,2.26447,2.26515,416
2025-07-07 11:20:00,2.26515,2.26528,2.26425,2.26428,406
2025-07-07 11:25:00,2.26434,2.26515,2.26404,2.26454,499
2025-07-07 11:30:00,2.26451,2.26475,2.26412,2.26439,541
2025-07-07 11:35:00,2.26447,2.26447,2.26373,2.2641299999999998,441
2025-07-07 11:40:00,2.2641299999999998,2.26501,2.26373,2.26485,478
2025-07-07 11:45:00,2.26485,2.26534,2.26462,2.26477,453
2025-07-07 11:50:00,2.26477,2.26614,2.2647399999999998,2.2661,493
2025-07-07 11:55:00,2.26612,2.26624,2.26515,2.26599,510
2025-07-07 12:00:00,2.26597,2.26683,2.2657,2.2661,461
2025-07-07 12:05:00,2.2661,2.26659,2.26573,2.26653,350
2025-07-07 12:10:00,2.26654,2.26671,2.26594,2.26627,469
2025-07-07 12:15:00,2.26627,2.26646,2.26515,2.2653499999999998,431
2025-07-07 12:20:00,2.26536,2.26631,2.26504,2.26629,394
2025-07-07 12:25:00,2.26633,2.2667,2.26614,2.26655,439
2025-07-07 12:30:00,2.26654,2.26687,2.26604,2.26628,426
2025-07-07 12:35:00,2.26628,2.26706,2.26617,2.26698,430
2025-07-07 12:40:00,2.267,2.26721,2.2665,2.26704,331
2025-07-07 12:45:00,2.26704,2.26735,2.26652,2.26694,270
2025-07-07 12:50:00,2.26694,2.26802,2.2668,2.2677300000000002,468
2025-07-07 12:55:00,2.26775,2.26901,2.26762,2.26844,733
2025-07-07 13:00:00,2.2684699999999998,2.26849,2.26733,2.26805,477
2025-07-07 13:05:00,2.26807,2.26811,2.26722,2.26738,281
2025-07-07 13:10:00,2.26738,2.26754,2.26701,2.26724,389
2025-07-07 13:15:00,2.26728,2.26774,2.26709,2.26758,389
2025-07-07 13:20:00,2.26758,2.26797,2.26744,2.2677899999999998,321
2025-07-07 13:25:00,2.26782,2.26789,2.26723,2.26753,321
2025-07-07 13:30:00,2.26753,2.26805,2.26736,2.26755,409
2025-07-07 13:35:00,2.2675,2.26763,2.26686,2.26687,343
2025-07-07 13:40:00,2.26687,2.26715,2.26656,2.26702,429
2025-07-07 13:45:00,2.26704,2.26722,2.26665,2.26685,300
2025-07-07 13:50:00,2.26685,2.26731,2.2665100000000002,2.26728,328
2025-07-07 13:55:00,2.26728,2.2676600000000002,2.26719,2.26728,403
2025-07-07 14:00:00,2.26728,2.2679,2.26708,2.2673,320
2025-07-07 14:05:00,2.2673,2.2676,2.26709,2.26751,280
2025-07-07 14:10:00,2.26755,2.26815,2.2674,2.26792,294
2025-07-07 14:15:00,2.26792,2.26825,2.26744,2.26752,350
2025-07-07 14:20:00,2.26752,2.26808,2.26741,2.26801,251
2025-07-07 14:25:00,2.26805,2.26881,2.26743,2.26868,350
2025-07-07 14:30:00,2.26866,2.26892,2.26813,2.2686,338
2025-07-07 14:35:00,2.26858,2.26917,2.26831,2.26902,363
2025-07-07 14:40:00,2.26905,2.26914,2.26809,2.26905,362
2025-07-07 14:45:00,2.26906,2.26925,2.26806,2.26832,365
2025-07-07 14:50:00,2.26832,2.2686,2.26796,2.26829,433
2025-07-07 14:55:00,2.26833,2.26925,2.26818,2.26885,464
2025-07-07 15:00:00,2.26882,2.27065,2.2684699999999998,2.27064,469
2025-07-07 15:05:00,2.27063,2.27063,2.26964,2.27007,423
2025-07-07 15:10:00,2.27007,2.27008,2.26883,2.26892,419
2025-07-07 15:15:00,2.2689500000000002,2.2691,2.26835,2.26839,411
2025-07-07 15:20:00,2.26858,2.26916,2.26848,2.26893,431
2025-07-07 15:25:00,2.26893,2.26925,2.26867,2.26915,387
2025-07-07 15:30:00,2.26919,2.27026,2.26919,2.27023,383
2025-07-07 15:35:00,2.27023,2.27082,2.26998,2.27039,427
2025-07-07 15:40:00,2.27046,2.2707,2.27011,2.27027,379
2025-07-07 15:45:00,2.27031,2.27097,2.27024,2.27084,323
2025-07-07 15:50:00,2.27084,2.2709099999999998,2.27034,2.27077,344
2025-07-07 15:55:00,2.2708,2.27136,2.27024,2.27032,351
2025-07-07 16:00:00,2.27026,2.27049,2.26994,2.27009,436
2025-07-07 16:05:00,2.27009,2.2701000000000002,2.26937,2.26963,376
2025-07-07 16:10:00,2.26963,2.2706,2.2695600000000002,2.27051,348
2025-07-07 16:15:00,2.27049,2.27062,2.26997,2.27032,409
2025-07-07 16:20:00,2.27036,2.27061,2.26977,2.27038,424
2025-07-07 16:25:00,2.27034,2.27074,2.26968,2.2697,407
2025-07-07 16:30:00,2.2697,2.26984,2.26853,2.2691,558
2025-07-07 16:35:00,2.26909,2.26913,2.26763,2.26799,478
2025-07-07 16:40:00,2.26804,2.26805,2.26743,2.26788,453
2025-07-07 16:45:00,2.26788,2.26807,2.2669,2.26776,487
2025-07-07 16:50:00,2.26776,2.26798,2.2661,2.26632,566
2025-07-07 16:55:00,2.26639,2.26675,2.26568,2.2658300000000002,537
2025-07-07 17:00:00,2.2658,2.26649,2.26562,2.26613,545
2025-07-07 17:05:00,2.2662,2.2665699999999998,2.26585,2.2663,437
2025-07-07 17:10:00,2.2663,2.26759,2.26627,2.26732,426
2025-07-07 17:15:00,2.26732,2.26764,2.26701,2.26723,437
2025-07-07 17:20:00,2.26727,2.26812,2.26717,2.26803,372
2025-07-07 17:25:00,2.26803,2.26857,2.26794,2.26848,392
2025-07-07 17:30:00,2.26848,2.26937,2.26832,2.26879,449
2025-07-07 17:35:00,2.26882,2.26883,2.26772,2.26806,450
2025-07-07 17:40:00,2.26798,2.2681,2.26747,2.26785,417
2025-07-07 17:45:00,2.26785,2.26803,2.267,2.2675,384
2025-07-07 17:50:00,2.26746,2.26785,2.2663,2.26659,507
2025-07-07 17:55:00,2.26659,2.26735,2.26642,2.26669,541
2025-07-07 18:00:00,2.26665,2.26722,2.26606,2.26717,509
2025-07-07 18:05:00,2.2671200000000002,2.2678599999999998,2.26688,2.26764,482
2025-07-07 18:10:00,2.26764,2.2683,2.2671799999999998,2.26748,461
2025-07-07 18:15:00,2.26746,2.26868,2.26734,2.26845,501
2025-07-07 18:20:00,2.26845,2.26858,2.2672499999999998,2.2677,448
2025-07-07 18:25:00,2.26774,2.26885,2.26763,2.26823,333
2025-07-07 18:30:00,2.26823,2.26845,2.26764,2.26845,426
2025-07-07 18:35:00,2.26845,2.2687,2.26807,2.2682700000000002,426
2025-07-07 18:40:00,2.26826,2.26879,2.26782,2.26787,352
2025-07-07 18:45:00,2.26788,2.2679,2.26696,2.26713,357
2025-07-07 18:50:00,2.26708,2.2676,2.26691,2.26734,287
2025-07-07 18:55:00,2.26731,2.26785,2.2670500000000002,2.2677300000000002,410
2025-07-07 19:00:00,2.26778,2.26781,2.26721,2.2674,343
2025-07-07 19:05:00,2.26737,2.2675,2.26701,2.2671,290
2025-07-07 19:10:00,2.2671,2.26742,2.26679,2.26704,291
2025-07-07 19:15:00,2.26702,2.26768,2.26683,2.26732,405
2025-07-07 19:20:00,2.26736,2.26778,2.26632,2.26761,942
2025-07-07 19:25:00,2.26757,2.26772,2.26636,2.26687,774
2025-07-07 19:30:00,2.26683,2.26789,2.2664400000000002,2.26768,694
2025-07-07 19:35:00,2.2676600000000002,2.2676600000000002,2.26691,2.26698,544
2025-07-07 19:40:00,2.267,2.26729,2.26659,2.26702,485
2025-07-07 19:45:00,2.26698,2.26854,2.26696,2.2676,610
2025-07-07 19:50:00,2.2677,2.2682700000000002,2.26736,2.26811,605
2025-07-07 19:55:00,2.26815,2.26825,2.26739,2.2676,704
2025-07-07 20:00:00,2.26772,2.26801,2.26689,2.26734,623
2025-07-07 20:05:00,2.26734,2.26761,2.26665,2.26685,422
2025-07-07 20:10:00,2.26685,2.26729,2.26661,2.26729,431
2025-07-07 20:15:00,2.2674,2.26769,2.26709,2.26758,398
2025-07-07 20:20:00,2.26762,2.26764,2.2669,2.2671200000000002,510
2025-07-07 20:25:00,2.26713,2.26743,2.26675,2.26701,433
2025-07-07 20:30:00,2.26702,2.26707,2.26597,2.26604,870
2025-07-07 20:35:00,2.26612,2.26695,2.2661,2.26673,522
2025-07-07 20:40:00,2.26673,2.2671,2.2666,2.26691,493
2025-07-07 20:45:00,2.26693,2.26722,2.2665100000000002,2.2670500000000002,419
2025-07-07 20:50:00,2.26713,2.26755,2.267,2.26727,396
2025-07-07 20:55:00,2.26727,2.26763,2.26721,2.26758,399
2025-07-07 21:00:00,2.26757,2.26767,2.2671200000000002,2.26715,376
2025-07-07 21:05:00,2.26715,2.2677300000000002,2.26692,2.26701,401
2025-07-07 21:10:00,2.26701,2.26746,2.26693,2.26707,370
2025-07-07 21:15:00,2.26707,2.26846,2.26701,2.26809,542
2025-07-07 21:20:00,2.26807,2.26862,2.26788,2.26803,535
2025-07-07 21:25:00,2.268,2.26865,2.26797,2.26857,442
2025-07-07 21:30:00,2.26853,2.26881,2.26822,2.26837,471
2025-07-07 21:35:00,2.26844,2.26859,2.26763,2.2677899999999998,374
2025-07-07 21:40:00,2.26783,2.26811,2.26749,2.2678,435
2025-07-07 21:45:00,2.26782,2.2678599999999998,2.26727,2.26739,315
2025-07-07 21:50:00,2.26739,2.26755,2.26709,2.26724,366
2025-07-07 21:55:00,2.26722,2.26744,2.26694,2.26728,350
2025-07-07 22:00:00,2.26709,2.26728,2.26637,2.26722,408
2025-07-07 22:05:00,2.26726,2.2678,2.26707,2.2678,267
2025-07-07 22:10:00,2.26782,2.26804,2.26748,2.26804,290
2025-07-07 22:15:00,2.26804,2.2681,2.26771,2.26794,331
2025-07-07 22:20:00,2.26796,2.26798,2.2671200000000002,2.26742,323
2025-07-07 22:25:00,2.26746,2.26753,2.267,2.26733,255
2025-07-07 22:30:00,2.26731,2.26739,2.2669,2.2670500000000002,346
2025-07-07 22:35:00,2.26707,2.26731,2.26647,2.26681,284
2025-07-07 22:40:00,2.26681,2.26825,2.26681,2.26774,290
2025-07-07 22:45:00,2.2677300000000002,2.2679,2.26752,2.26777,251
2025-07-07 22:50:00,2.26781,2.26798,2.26745,2.26792,235
2025-07-07 22:55:00,2.26785,2.26791,2.26698,2.26726,257
2025-07-07 23:00:00,2.26726,2.26809,2.26713,2.2679,219
2025-07-07 23:05:00,2.26788,2.26833,2.26778,2.26807,150
2025-07-07 23:10:00,2.26807,2.2685,2.26802,2.26803,240
2025-07-07 23:15:00,2.26803,2.26843,2.26802,2.26831,149
2025-07-07 23:20:00,2.26839,2.2685,2.26808,2.26808,82
2025-07-07 23:25:00,2.26811,2.26861,2.26796,2.26823,169
2025-07-07 23:30:00,2.26823,2.26833,2.26785,2.26814,270
2025-07-07 23:35:00,2.26814,2.26841,2.26793,2.26837,207
2025-07-07 23:40:00,2.26837,2.26837,2.26567,2.26576,202
2025-07-07 23:45:00,2.26576,2.26611,2.26567,2.26599,139
2025-07-07 23:50:00,2.2660299999999998,2.26635,2.2660299999999998,2.26625,160
2025-07-07 23:55:00,2.26627,2.26875,2.26589,2.2683,206
2025-07-08 00:00:00,2.2682700000000002,2.2682700000000002,2.26161,2.26393,22
2025-07-08 00:05:00,2.26688,2.26691,2.26439,2.26631,50
2025-07-08 00:10:00,2.26631,2.26631,2.26465,2.26618,31
2025-07-08 00:15:00,2.26618,2.26653,2.2648099999999998,2.2648099999999998,33
2025-07-08 00:20:00,2.26532,2.26704,2.26462,2.267,59
2025-07-08 00:25:00,2.26704,2.2678599999999998,2.26645,2.26681,128
2025-07-08 00:30:00,2.26681,2.26761,2.26637,2.26722,117
2025-07-08 00:35:00,2.26722,2.26784,2.26715,2.26719,122
2025-07-08 00:40:00,2.2674,2.26756,2.26697,2.26742,49
2025-07-08 00:45:00,2.26742,2.2676600000000002,2.26739,2.26759,78
2025-07-08 00:50:00,2.26759,2.26797,2.26746,2.26757,110
2025-07-08 00:55:00,2.2676,2.2676,2.2656,2.26566,38
2025-07-08 01:00:00,2.26566,2.2685,2.26566,2.26819,200
2025-07-08 01:05:00,2.26811,2.26845,2.26797,2.26838,115
2025-07-08 01:10:00,2.26838,2.26849,2.26822,2.26823,88
2025-07-08 01:15:00,2.26825,2.26837,2.26816,2.2683400000000002,188
2025-07-08 01:20:00,2.26835,2.26853,2.26821,2.26831,166
2025-07-08 01:25:00,2.26831,2.26868,2.26831,2.26851,164
2025-07-08 01:30:00,2.26853,2.26864,2.26787,2.2682,166
2025-07-08 01:35:00,2.2682,2.2683,2.26762,2.26784,211
2025-07-08 01:40:00,2.2678,2.26785,2.26749,2.26761,282
2025-07-08 01:45:00,2.2676,2.26807,2.26747,2.268,192
2025-07-08 01:50:00,2.26807,2.26813,2.26784,2.26784,183
2025-07-08 01:55:00,2.26783,2.2682,2.26783,2.26817,131
2025-07-08 02:00:00,2.26816,2.26833,2.26793,2.2683,226
2025-07-08 02:05:00,2.2683400000000002,2.26869,2.26807,2.26808,223
2025-07-08 02:10:00,2.2681,2.26815,2.2676600000000002,2.26778,151
2025-07-08 02:15:00,2.26778,2.26814,2.26747,2.26809,155
2025-07-08 02:20:00,2.2681,2.26818,2.26778,2.26781,125
2025-07-08 02:25:00,2.2677899999999998,2.26787,2.26743,2.26748,163
2025-07-08 02:30:00,2.26749,2.2678599999999998,2.26739,2.26761,184
2025-07-08 02:35:00,2.26761,2.26796,2.26747,2.26796,164
2025-07-08 02:40:00,2.26796,2.26825,2.26778,2.26782,218
2025-07-08 02:45:00,2.26782,2.26798,2.26713,2.26745,221
2025-07-08 02:50:00,2.26745,2.2677300000000002,2.26706,2.26713,218
2025-07-08 02:55:00,2.26713,2.26753,2.2671,2.26727,231
2025-07-08 03:00:00,2.26727,2.26737,2.26622,2.26622,534
2025-07-08 03:05:00,2.26623,2.26697,2.26621,2.26668,437
2025-07-08 03:10:00,2.2666399999999998,2.26702,2.26609,2.26637,476
2025-07-08 03:15:00,2.2664,2.26691,2.266,2.26661,471
2025-07-08 03:20:00,2.26661,2.26707,2.26621,2.26704,412
2025-07-08 03:25:00,2.26704,2.26734,2.26688,2.26688,335
2025-07-08 03:30:00,2.2669,2.26722,2.26631,2.26655,409
2025-07-08 03:35:00,2.26655,2.26666,2.26581,2.26587,439
2025-07-08 03:40:00,2.26593,2.2661,2.26546,2.26578,343
2025-07-08 03:45:00,2.26579,2.26626,2.26566,2.26604,279
2025-07-08 03:50:00,2.2660299999999998,2.26672,2.26599,2.26646,441
2025-07-08 03:55:00,2.2664,2.2674,2.26625,2.26731,422
2025-07-08 04:00:00,2.26742,2.26748,2.26624,2.26624,478
2025-07-08 04:05:00,2.26624,2.26722,2.26597,2.26704,424
2025-07-08 04:10:00,2.26708,2.2676600000000002,2.26693,2.26704,494
2025-07-08 04:15:00,2.26689,2.26753,2.26665,2.26748,444
2025-07-08 04:20:00,2.26744,2.26752,2.26642,2.26648,378
2025-07-08 04:25:00,2.26647,2.26738,2.26647,2.26728,469
2025-07-08 04:30:00,2.26729,2.26784,2.26707,2.2672499999999998,432
2025-07-08 04:35:00,2.2673,2.2673,2.26642,2.26662,323
2025-07-08 04:40:00,2.26662,2.26677,2.26636,2.26668,325
2025-07-08 04:45:00,2.2667,2.26731,2.26658,2.26726,332
2025-07-08 04:50:00,2.26724,2.26753,2.267,2.26716,356
2025-07-08 04:55:00,2.2671799999999998,2.26774,2.26694,2.2673,368
2025-07-08 05:00:00,2.2673,2.26755,2.26661,2.26683,494
2025-07-08 05:05:00,2.26683,2.26721,2.2667,2.26683,295
2025-07-08 05:10:00,2.26683,2.26724,2.26635,2.26642,331
2025-07-08 05:15:00,2.26643,2.26662,2.26615,2.26625,323
2025-07-08 05:20:00,2.26625,2.26652,2.26601,2.26602,336
2025-07-08 05:25:00,2.26604,2.26624,2.26507,2.26525,334
2025-07-08 05:30:00,2.26517,2.26576,2.26465,2.26563,375
2025-07-08 05:35:00,2.26559,2.26559,2.26428,2.2652200000000002,328
2025-07-08 05:40:00,2.26523,2.26551,2.26475,2.26507,271
2025-07-08 05:45:00,2.26508,2.2653499999999998,2.2648,2.26504,285
2025-07-08 05:50:00,2.26504,2.26551,2.26492,2.26531,246
2025-07-08 05:55:00,2.26531,2.26591,2.26531,2.26549,350
2025-07-08 06:00:00,2.26553,2.26557,2.26483,2.26521,332
2025-07-08 06:05:00,2.26521,2.26544,2.26486,2.26511,272
2025-07-08 06:10:00,2.26509,2.26563,2.26495,2.26551,201
2025-07-08 06:15:00,2.26551,2.2658300000000002,2.26528,2.26573,256
2025-07-08 06:20:00,2.26573,2.26578,2.26493,2.26497,288
2025-07-08 06:25:00,2.26498,2.26544,2.26494,2.26508,247
2025-07-08 06:30:00,2.26506,2.26557,2.26483,2.26554,347
2025-07-08 06:35:00,2.26551,2.266,2.26541,2.26566,233
2025-07-08 06:40:00,2.26562,2.26589,2.26549,2.26582,254
2025-07-08 06:45:00,2.26582,2.26638,2.26582,2.26624,248
2025-07-08 06:50:00,2.2662,2.26663,2.26614,2.2664400000000002,248
2025-07-08 06:55:00,2.2664400000000002,2.26665,2.26608,2.26648,269
2025-07-08 07:00:00,2.26648,2.26709,2.2664400000000002,2.26697,255
2025-07-08 07:05:00,2.2669,2.26717,2.26652,2.26691,223
2025-07-08 07:10:00,2.26691,2.26731,2.26679,2.26689,252
2025-07-08 07:15:00,2.26685,2.26694,2.26663,2.26676,207
2025-07-08 07:20:00,2.26676,2.26694,2.2663,2.26653,203
2025-07-08 07:25:00,2.26649,2.26674,2.26608,2.26608,202
2025-07-08 07:30:00,2.26632,2.26637,2.25997,2.26216,956
2025-07-08 07:35:00,2.2621700000000002,2.26438,2.26215,2.26353,638
2025-07-08 07:40:00,2.26356,2.2649,2.2629799999999998,2.2641999999999998,558
2025-07-08 07:45:00,2.2641999999999998,2.26494,2.2641999999999998,2.26438,455
2025-07-08 07:50:00,2.26433,2.2648,2.26368,2.26432,511
2025-07-08 07:55:00,2.26432,2.26531,2.2641,2.26524,431
2025-07-08 08:00:00,2.26525,2.2652900000000002,2.26435,2.26502,467
2025-07-08 08:05:00,2.26496,2.2661,2.26496,2.26598,505
2025-07-08 08:10:00,2.26599,2.26614,2.26495,2.26507,398
2025-07-08 08:15:00,2.26507,2.26507,2.26417,2.26438,342
2025-07-08 08:20:00,2.26441,2.26568,2.26426,2.26511,401
2025-07-08 08:25:00,2.26511,2.26547,2.26479,2.26488,318
2025-07-08 08:30:00,2.26484,2.26681,2.2647399999999998,2.2664,464
2025-07-08 08:35:00,2.26634,2.26686,2.26553,2.26586,430
2025-07-08 08:40:00,2.26586,2.26659,2.26575,2.26613,435
2025-07-08 08:45:00,2.26613,2.26617,2.26554,2.26574,457
2025-07-08 08:50:00,2.26573,2.26597,2.2649,2.26512,486
2025-07-08 08:55:00,2.26512,2.2655,2.26465,2.26502,449
2025-07-08 09:00:00,2.265,2.26546,2.26425,2.26515,522
2025-07-08 09:05:00,2.26518,2.26576,2.26492,2.26571,498
2025-07-08 09:10:00,2.26572,2.26572,2.26462,2.26499,553
2025-07-08 09:15:00,2.26503,2.26528,2.26395,2.26428,383
2025-07-08 09:20:00,2.26428,2.26498,2.26423,2.2647,435
2025-07-08 09:25:00,2.26473,2.26479,2.26284,2.26347,531
2025-07-08 09:30:00,2.26335,2.26421,2.26322,2.26349,515
2025-07-08 09:35:00,2.26349,2.2647,2.26345,2.26455,441
2025-07-08 09:40:00,2.26444,2.26494,2.26388,2.26494,515
2025-07-08 09:45:00,2.26495,2.26553,2.26489,2.26528,430
2025-07-08 09:50:00,2.26528,2.26673,2.2652200000000002,2.26663,438
2025-07-08 09:55:00,2.26663,2.26671,2.26549,2.2659000000000002,448
2025-07-08 10:00:00,2.2659000000000002,2.26692,2.26555,2.26588,684
2025-07-08 10:05:00,2.26588,2.2664,2.2654199999999998,2.26604,447
2025-07-08 10:10:00,2.26606,2.26672,2.26575,2.2662,524
2025-07-08 10:15:00,2.26624,2.26652,2.26575,2.26594,470
2025-07-08 10:20:00,2.26598,2.266,2.26471,2.26493,430
2025-07-08 10:25:00,2.26495,2.26524,2.2643,2.26449,438
2025-07-08 10:30:00,2.26449,2.26484,2.26345,2.26361,416
2025-07-08 10:35:00,2.26361,2.26399,2.26301,2.26371,410
2025-07-08 10:40:00,2.26371,2.26397,2.26321,2.26393,468
2025-07-08 10:45:00,2.26389,2.26423,2.26329,2.26332,490
2025-07-08 10:50:00,2.26336,2.26362,2.2629099999999998,2.26294,500
2025-07-08 10:55:00,2.2629,2.26332,2.26259,2.26308,506
2025-07-08 11:00:00,2.26306,2.26342,2.26273,2.26285,580
2025-07-08 11:05:00,2.26287,2.26318,2.26247,2.26288,400
2025-07-08 11:10:00,2.26287,2.26311,2.26266,2.26284,456
2025-07-08 11:15:00,2.26286,2.26316,2.26242,2.26304,344
2025-07-08 11:20:00,2.26304,2.26332,2.26268,2.26301,391
2025-07-08 11:25:00,2.26301,2.26301,2.26211,2.26245,445
2025-07-08 11:30:00,2.26242,2.26252,2.26189,2.2625,422
2025-07-08 11:35:00,2.26251,2.26302,2.26218,2.26226,386
2025-07-08 11:40:00,2.26222,2.26232,2.26079,2.26092,496
2025-07-08 11:45:00,2.26092,2.26137,2.26062,2.26135,474
2025-07-08 11:50:00,2.26135,2.26158,2.26065,2.26087,401
2025-07-08 11:55:00,2.26087,2.26094,2.26029,2.26093,421
2025-07-08 12:00:00,2.26093,2.26181,2.26093,2.26132,457
2025-07-08 12:05:00,2.26135,2.2614900000000002,2.26072,2.26074,301
2025-07-08 12:10:00,2.2608,2.26104,2.25988,2.26037,285
2025-07-08 12:15:00,2.2604,2.26094,2.26008,2.2604,316
2025-07-08 12:20:00,2.26026,2.26066,2.25994,2.2602700000000002,320
2025-07-08 12:25:00,2.26028,2.26042,2.25944,2.26017,289
2025-07-08 12:30:00,2.26019,2.2603,2.2597,2.25989,420
2025-07-08 12:35:00,2.25989,2.25998,2.25936,2.25965,336
2025-07-08 12:40:00,2.2596,2.26069,2.25948,2.26061,278
2025-07-08 12:45:00,2.26061,2.26096,2.26013,2.26024,272
2025-07-08 12:50:00,2.26024,2.26031,2.25933,2.25962,438
2025-07-08 12:55:00,2.2596,2.26038,2.25934,2.2603,447
2025-07-08 13:00:00,2.26037,2.26037,2.2596,2.25985,472
2025-07-08 13:05:00,2.25991,2.26001,2.25933,2.25949,414
2025-07-08 13:10:00,2.25949,2.25956,2.25845,2.2586,374
2025-07-08 13:15:00,2.2586,2.2587099999999998,2.25794,2.25794,465
2025-07-08 13:20:00,2.25796,2.25861,2.25781,2.25849,377
2025-07-08 13:25:00,2.2584400000000002,2.2587099999999998,2.25802,2.2587099999999998,333
2025-07-08 13:30:00,2.2587099999999998,2.25893,2.25792,2.25792,362
2025-07-08 13:35:00,2.25794,2.25892,2.2579000000000002,2.25858,351
2025-07-08 13:40:00,2.25854,2.25862,2.25785,2.25787,447
2025-07-08 13:45:00,2.25787,2.2585100000000002,2.25757,2.25812,466
2025-07-08 13:50:00,2.25808,2.2584400000000002,2.2575,2.25829,340
2025-07-08 13:55:00,2.25829,2.25831,2.25753,2.25782,380
2025-07-08 14:00:00,2.25765,2.25781,2.25704,2.25743,329
2025-07-08 14:05:00,2.25741,2.25754,2.2566800000000002,2.25673,330
2025-07-08 14:10:00,2.25673,2.25701,2.25631,2.25642,359
2025-07-08 14:15:00,2.25645,2.2568,2.25633,2.2566,316
2025-07-08 14:20:00,2.25664,2.25669,2.25602,2.25608,367
2025-07-08 14:25:00,2.25609,2.25658,2.25595,2.25631,351
2025-07-08 14:30:00,2.25629,2.25646,2.25579,2.2561,332
2025-07-08 14:35:00,2.2561,2.25647,2.25599,2.25624,315
2025-07-08 14:40:00,2.25624,2.25662,2.25581,2.25647,309
2025-07-08 14:45:00,2.25647,2.25683,2.25626,2.25662,334
2025-07-08 14:50:00,2.25662,2.25765,2.25662,2.25762,351
2025-07-08 14:55:00,2.25765,2.25791,2.25695,2.25725,493
2025-07-08 15:00:00,2.25714,2.25822,2.25714,2.25796,532
2025-07-08 15:05:00,2.25794,2.25881,2.25769,2.2587099999999998,390
2025-07-08 15:10:00,2.2587099999999998,2.25961,2.25817,2.25946,499
2025-07-08 15:15:00,2.25946,2.25978,2.2592499999999998,2.2596600000000002,392
2025-07-08 15:20:00,2.25963,2.26004,2.25936,2.26002,482
2025-07-08 15:25:00,2.25996,2.2603400000000002,2.25971,2.25988,421
2025-07-08 15:30:00,2.2599,2.26002,2.25924,2.2592499999999998,442
2025-07-08 15:35:00,2.25927,2.25954,2.25845,2.25865,391
2025-07-08 15:40:00,2.25865,2.2592,2.25807,2.25825,476
2025-07-08 15:45:00,2.25825,2.25866,2.25785,2.25787,478
2025-07-08 15:50:00,2.25782,2.25782,2.25677,2.25738,427
2025-07-08 15:55:00,2.25736,2.25843,2.25728,2.25843,481
2025-07-08 16:00:00,2.25842,2.25887,2.25828,2.2587099999999998,491
2025-07-08 16:05:00,2.25869,2.25926,2.25829,2.25901,539
2025-07-08 16:10:00,2.25901,2.25913,2.25801,2.25826,488
2025-07-08 16:15:00,2.25824,2.25836,2.25782,2.25798,399
2025-07-08 16:20:00,2.25794,2.25857,2.25768,2.2584,520
2025-07-08 16:25:00,2.2584,2.25853,2.25716,2.25724,540
2025-07-08 16:30:00,2.25718,2.2589,2.25712,2.25878,757
2025-07-08 16:35:00,2.25878,2.25988,2.25839,2.25967,693
2025-07-08 16:40:00,2.25963,2.2598,2.25882,2.25944,670
2025-07-08 16:45:00,2.25944,2.25997,2.25913,2.25978,600
2025-07-08 16:50:00,2.25979,2.26061,2.2597300000000002,2.26033,583
2025-07-08 16:55:00,2.26033,2.26039,2.2596,2.25985,539
2025-07-08 17:00:00,2.25979,2.26002,2.25863,2.25908,578
2025-07-08 17:05:00,2.25908,2.26015,2.25891,2.25964,649
2025-07-08 17:10:00,2.25955,2.2603400000000002,2.25927,2.25994,614
2025-07-08 17:15:00,2.26002,2.26125,2.25975,2.26112,529
2025-07-08 17:20:00,2.26112,2.26207,2.26046,2.26191,668
2025-07-08 17:25:00,2.26191,2.26226,2.26144,2.26148,630
2025-07-08 17:30:00,2.26145,2.26334,2.26142,2.2631,580
2025-07-08 17:35:00,2.26308,2.26463,2.2627,2.26427,615
2025-07-08 17:40:00,2.26428,2.26441,2.26362,2.26398,555
2025-07-08 17:45:00,2.2640000000000002,2.26498,2.26391,2.26406,667
2025-07-08 17:50:00,2.26408,2.26546,2.26408,2.26443,671
2025-07-08 17:55:00,2.26448,2.26475,2.26271,2.26306,769
2025-07-08 18:00:00,2.26304,2.26326,2.26193,2.26228,732
2025-07-08 18:05:00,2.26224,2.26321,2.2622,2.26299,536
2025-07-08 18:10:00,2.26299,2.26324,2.26256,2.2629799999999998,568
2025-07-08 18:15:00,2.2629799999999998,2.26373,2.26251,2.26365,553
2025-07-08 18:20:00,2.26365,2.26426,2.26321,2.2637,513
2025-07-08 18:25:00,2.2637,2.26393,2.26314,2.26338,412
2025-07-08 18:30:00,2.26338,2.26376,2.26328,2.26373,434
2025-07-08 18:35:00,2.26373,2.26421,2.2635199999999998,2.26405,451
2025-07-08 18:40:00,2.26405,2.26433,2.26371,2.26423,529
2025-07-08 18:45:00,2.26423,2.26455,2.26392,2.26427,473
2025-07-08 18:50:00,2.26424,2.2648099999999998,2.26379,2.26443,428
2025-07-08 18:55:00,2.26441,2.2648099999999998,2.26432,2.26464,431
2025-07-08 19:00:00,2.26467,2.26472,2.26381,2.26423,450
2025-07-08 19:05:00,2.26423,2.26469,2.26394,2.26467,412
2025-07-08 19:10:00,2.26467,2.2648099999999998,2.26383,2.2640700000000002,386
2025-07-08 19:15:00,2.26403,2.26412,2.2634,2.26398,350
2025-07-08 19:20:00,2.26401,2.26457,2.26394,2.2643,413
2025-07-08 19:25:00,2.26435,2.26443,2.26372,2.26387,382
2025-07-08 19:30:00,2.26387,2.26526,2.2637,2.26526,722
2025-07-08 19:35:00,2.26517,2.26616,2.26488,2.26515,605
2025-07-08 19:40:00,2.26515,2.2652,2.26454,2.26478,536
2025-07-08 19:45:00,2.2647399999999998,2.26506,2.26445,2.26493,441
2025-07-08 19:50:00,2.26495,2.26577,2.26484,2.26561,420
2025-07-08 19:55:00,2.26567,2.26567,2.26375,2.2645,800
2025-07-08 20:00:00,2.26449,2.2649,2.26355,2.26409,688
2025-07-08 20:05:00,2.2641299999999998,2.26458,2.26316,2.26335,626
2025-07-08 20:10:00,2.26335,2.26345,2.26256,2.26296,517
2025-07-08 20:15:00,2.26292,2.26334,2.26254,2.26333,581
2025-07-08 20:20:00,2.26333,2.26379,2.26286,2.26349,541
2025-07-08 20:25:00,2.2635,2.26378,2.26294,2.26326,452
2025-07-08 20:30:00,2.26326,2.26391,2.26273,2.2636,472
2025-07-08 20:35:00,2.26363,2.26414,2.26329,2.2638,392
2025-07-08 20:40:00,2.26382,2.26412,2.26356,2.26385,418
2025-07-08 20:45:00,2.26386,2.26459,2.2638,2.26446,410
2025-07-08 20:50:00,2.26448,2.26466,2.26377,2.26401,421
2025-07-08 20:55:00,2.26397,2.26406,2.26336,2.26402,374
2025-07-08 21:00:00,2.2640000000000002,2.26443,2.2635899999999998,2.26416,397
2025-07-08 21:05:00,2.26414,2.26433,2.26349,2.26396,338
2025-07-08 21:10:00,2.26396,2.26414,2.26351,2.26401,343
2025-07-08 21:15:00,2.2640000000000002,2.26416,2.26371,2.26392,352
2025-07-08 21:20:00,2.26396,2.26445,2.26388,2.26425,426
2025-07-08 21:25:00,2.26425,2.26456,2.26397,2.26447,362
2025-07-08 21:30:00,2.26448,2.26521,2.26447,2.26517,458
2025-07-08 21:35:00,2.26518,2.2653499999999998,2.26479,2.26526,321
2025-07-08 21:40:00,2.26526,2.26563,2.26505,2.2654,299
2025-07-08 21:45:00,2.2654,2.26551,2.26497,2.26523,363
2025-07-08 21:50:00,2.26523,2.26546,2.26487,2.26517,407
2025-07-08 21:55:00,2.26521,2.26561,2.26505,2.26523,273
2025-07-08 22:00:00,2.26523,2.26594,2.26516,2.26591,309
2025-07-08 22:05:00,2.26594,2.26599,2.2654,2.26563,304
2025-07-08 22:10:00,2.26563,2.26647,2.26558,2.26639,297
2025-07-08 22:15:00,2.26637,2.26641,2.2658,2.2661,253
2025-07-08 22:20:00,2.26609,2.26617,2.26584,2.26606,267
2025-07-08 22:25:00,2.26606,2.26625,2.26571,2.26593,276
2025-07-08 22:30:00,2.2659599999999998,2.26635,2.2658300000000002,2.26631,285
2025-07-08 22:35:00,2.26635,2.26635,2.26591,2.26607,270
2025-07-08 22:40:00,2.26611,2.26626,2.26586,2.26587,230
2025-07-08 22:45:00,2.26587,2.26638,2.26587,2.26632,266
2025-07-08 22:50:00,2.26633,2.26654,2.26617,2.26641,283
2025-07-08 22:55:00,2.26635,2.26635,2.26567,2.266,392
2025-07-08 23:00:00,2.26588,2.26679,2.26584,2.26654,299
2025-07-08 23:05:00,2.26655,2.2667,2.26615,2.26645,168
2025-07-08 23:10:00,2.26645,2.2665699999999998,2.26574,2.26599,178
2025-07-08 23:15:00,2.26602,2.26625,2.26566,2.26581,231
2025-07-08 23:20:00,2.26579,2.26614,2.2657,2.26578,175
2025-07-08 23:25:00,2.26578,2.26585,2.26552,2.26571,148
2025-07-08 23:30:00,2.26567,2.26592,2.26494,2.26503,185
2025-07-08 23:35:00,2.26503,2.2654,2.26486,2.26514,188
2025-07-08 23:40:00,2.26514,2.26514,2.26229,2.26232,114
2025-07-08 23:45:00,2.26234,2.26276,2.26233,2.26276,172
2025-07-08 23:50:00,2.26276,2.26305,2.26263,2.26302,175
2025-07-08 23:55:00,2.26302,2.2659000000000002,2.26287,2.2647399999999998,312
2025-07-09 00:00:00,2.26223,2.26311,2.26206,2.26311,7
2025-07-09 00:05:00,2.26523,2.26523,2.26302,2.26324,225
2025-07-09 00:10:00,2.26324,2.26335,2.26322,2.26326,567
2025-07-09 00:15:00,2.26326,2.26337,2.26276,2.26276,150
2025-07-09 00:20:00,2.26196,2.26272,2.26174,2.26197,46
2025-07-09 00:25:00,2.26197,2.2634,2.26197,2.26336,48
2025-07-09 00:30:00,2.2633,2.26372,2.26266,2.2635899999999998,123
2025-07-09 00:35:00,2.2635899999999998,2.2635899999999998,2.26333,2.26335,67
2025-07-09 00:40:00,2.26335,2.26342,2.26327,2.26332,129
2025-07-09 00:45:00,2.26332,2.26419,2.26301,2.26403,163
2025-07-09 00:50:00,2.26404,2.26497,2.26378,2.26383,103
2025-07-09 00:55:00,2.26383,2.26402,2.26335,2.26344,109
2025-07-09 01:00:00,2.26344,2.26562,2.26344,2.26543,220
2025-07-09 01:05:00,2.2654199999999998,2.26555,2.26509,2.26514,104
2025-07-09 01:10:00,2.26508,2.26548,2.26506,2.26528,139
2025-07-09 01:15:00,2.26528,2.26536,2.26509,2.26534,223
2025-07-09 01:20:00,2.26533,2.26553,2.26511,2.26549,204
2025-07-09 01:25:00,2.26549,2.26567,2.2654,2.2655,121
2025-07-09 01:30:00,2.2655,2.26553,2.26526,2.26526,137
2025-07-09 01:35:00,2.26526,2.26543,2.26496,2.26497,102
2025-07-09 01:40:00,2.26499,2.26526,2.26482,2.2652200000000002,122
2025-07-09 01:45:00,2.2652200000000002,2.26536,2.2652,2.26526,164
2025-07-09 01:50:00,2.26524,2.26558,2.26519,2.26555,147
2025-07-09 01:55:00,2.26557,2.26573,2.26543,2.26566,113
2025-07-09 02:00:00,2.26572,2.26578,2.26539,2.26565,132
2025-07-09 02:05:00,2.26565,2.26605,2.26564,2.26595,127
2025-07-09 02:10:00,2.26595,2.26623,2.26595,2.2661,110
2025-07-09 02:15:00,2.2661,2.26626,2.2659599999999998,2.26597,75
2025-07-09 02:20:00,2.26597,2.26616,2.26589,2.26604,128
2025-07-09 02:25:00,2.26605,2.26605,2.2658300000000002,2.26592,120
2025-07-09 02:30:00,2.26592,2.26614,2.26567,2.2659000000000002,160
2025-07-09 02:35:00,2.2659000000000002,2.26618,2.26558,2.26616,173
2025-07-09 02:40:00,2.26618,2.26658,2.26599,2.26614,173
2025-07-09 02:45:00,2.26613,2.26638,2.26586,2.26617,194
2025-07-09 02:50:00,2.26616,2.26631,2.26597,2.26624,168
2025-07-09 02:55:00,2.26624,2.26681,2.26616,2.26648,221
2025-07-09 03:00:00,2.26637,2.26646,2.26588,2.26594,485
2025-07-09 03:05:00,2.26594,2.26699,2.26563,2.26685,326
2025-07-09 03:10:00,2.26674,2.26721,2.26654,2.26702,498
2025-07-09 03:15:00,2.26704,2.26729,2.2666,2.26668,392
2025-07-09 03:20:00,2.26668,2.26727,2.26615,2.26717,360
2025-07-09 03:25:00,2.26721,2.26723,2.2667,2.26677,311
2025-07-09 03:30:00,2.26676,2.26681,2.26597,2.26655,438
2025-07-09 03:35:00,2.26655,2.26682,2.26641,2.26674,339
2025-07-09 03:40:00,2.26674,2.26686,2.26627,2.26645,258
2025-07-09 03:45:00,2.26647,2.26672,2.26623,2.26643,294
2025-07-09 03:50:00,2.26642,2.26727,2.26634,2.26707,382
2025-07-09 03:55:00,2.26701,2.2674,2.2669,2.26713,333
2025-07-09 04:00:00,2.26709,2.2672499999999998,2.26616,2.26634,351
2025-07-09 04:05:00,2.26635,2.26719,2.26635,2.26708,342
2025-07-09 04:10:00,2.26708,2.26733,2.26653,2.26703,482
2025-07-09 04:15:00,2.26703,2.26707,2.26655,2.26678,431
2025-07-09 04:20:00,2.26681,2.26741,2.26675,2.26687,378
2025-07-09 04:25:00,2.26687,2.26742,2.26605,2.26618,299
2025-07-09 04:30:00,2.26621,2.26732,2.2654,2.26548,363
2025-07-09 04:35:00,2.26548,2.26573,2.26417,2.26489,404
2025-07-09 04:40:00,2.26485,2.26531,2.26427,2.26482,394
2025-07-09 04:45:00,2.26459,2.26568,2.26454,2.26455,387
2025-07-09 04:50:00,2.26455,2.26507,2.26431,2.2644,288
2025-07-09 04:55:00,2.2644,2.26453,2.26262,2.26262,339
2025-07-09 05:00:00,2.26243,2.2649,2.26166,2.26215,631
2025-07-09 05:05:00,2.26214,2.26248,2.25981,2.26036,612
2025-07-09 05:10:00,2.2604,2.26042,2.25893,2.25937,380
2025-07-09 05:15:00,2.25937,2.26211,2.25927,2.26155,405
2025-07-09 05:20:00,2.26155,2.26348,2.26155,2.26348,466
2025-07-09 05:25:00,2.26348,2.26421,2.26348,2.26393,394
2025-07-09 05:30:00,2.26393,2.26444,2.26343,2.26441,365
2025-07-09 05:35:00,2.26441,2.26597,2.26425,2.26566,406
2025-07-09 05:40:00,2.26563,2.26604,2.26495,2.26587,482
2025-07-09 05:45:00,2.26589,2.26828,2.26589,2.26817,404
2025-07-09 05:50:00,2.26817,2.26861,2.2667,2.26684,464
2025-07-09 05:55:00,2.26688,2.26688,2.26625,2.2666,271
2025-07-09 06:00:00,2.2666,2.26882,2.26649,2.26879,506
2025-07-09 06:05:00,2.26875,2.26945,2.2683400000000002,2.26859,432
2025-07-09 06:10:00,2.26855,2.2690799999999998,2.268,2.26869,307
2025-07-09 06:15:00,2.26869,2.26936,2.26835,2.2684,367
2025-07-09 06:20:00,2.2684,2.26896,2.26825,2.26845,407
2025-07-09 06:25:00,2.26845,2.26846,2.26735,2.26746,280
2025-07-09 06:30:00,2.26742,2.26806,2.26687,2.2672,302
2025-07-09 06:35:00,2.2672,2.26752,2.26674,2.26745,207
2025-07-09 06:40:00,2.26745,2.26752,2.2669,2.26735,216
2025-07-09 06:45:00,2.26735,2.26783,2.2670500000000002,2.26744,194
2025-07-09 06:50:00,2.26743,2.26762,2.26656,2.26677,307
2025-07-09 06:55:00,2.26676,2.26681,2.26636,2.26659,346
2025-07-09 07:00:00,2.26652,2.26693,2.26576,2.26577,366
2025-07-09 07:05:00,2.26577,2.26589,2.26496,2.26496,220
2025-07-09 07:10:00,2.26501,2.26523,2.26484,2.26497,225
2025-07-09 07:15:00,2.26497,2.26515,2.26475,2.26483,223
2025-07-09 07:20:00,2.26483,2.26526,2.26449,2.2645,198
2025-07-09 07:25:00,2.26449,2.26467,2.26426,2.26445,140
2025-07-09 07:30:00,2.26445,2.26463,2.26368,2.26389,297
2025-07-09 07:35:00,2.26389,2.26391,2.26202,2.26202,420
2025-07-09 07:40:00,2.262,2.26307,2.2616899999999998,2.26306,359
2025-07-09 07:45:00,2.26306,2.26362,2.26293,2.26321,278
2025-07-09 07:50:00,2.26321,2.2634,2.26235,2.26261,282
2025-07-09 07:55:00,2.26257,2.26327,2.26254,2.26322,284
2025-07-09 08:00:00,2.26322,2.26403,2.26258,2.2640000000000002,345
2025-07-09 08:05:00,2.26401,2.26412,2.26239,2.26306,357
2025-07-09 08:10:00,2.26308,2.26321,2.26242,2.26272,330
2025-07-09 08:15:00,2.26272,2.26283,2.26188,2.26263,308
2025-07-09 08:20:00,2.26258,2.26258,2.2618,2.26243,381
2025-07-09 08:25:00,2.2624,2.26311,2.26219,2.263,296
2025-07-09 08:30:00,2.26303,2.26331,2.2625,2.26277,358
2025-07-09 08:35:00,2.26279,2.26308,2.26238,2.26299,346
2025-07-09 08:40:00,2.26297,2.2634600000000002,2.26277,2.26329,325
2025-07-09 08:45:00,2.26331,2.26396,2.26305,2.26329,326
2025-07-09 08:50:00,2.26329,2.26416,2.26329,2.26397,289
2025-07-09 08:55:00,2.26386,2.26428,2.2636,2.2636,339
2025-07-09 09:00:00,2.26367,2.2652200000000002,2.2635899999999998,2.26441,472
2025-07-09 09:05:00,2.26443,2.26533,2.26416,2.2652200000000002,414
2025-07-09 09:10:00,2.2652200000000002,2.26546,2.26473,2.2649,416
2025-07-09 09:15:00,2.26494,2.2652200000000002,2.26431,2.26486,314
2025-07-09 09:20:00,2.26484,2.26546,2.26451,2.26541,408
2025-07-09 09:25:00,2.26539,2.2658,2.26499,2.26548,434
2025-07-09 09:30:00,2.26544,2.26574,2.26472,2.26476,487
2025-07-09 09:35:00,2.2648,2.26526,2.26449,2.26473,395
2025-07-09 09:40:00,2.26475,2.26533,2.2646800000000002,2.26483,468
2025-07-09 09:45:00,2.26482,2.265,2.26361,2.2638,541
2025-07-09 09:50:00,2.26385,2.26441,2.26322,2.2639,510
2025-07-09 09:55:00,2.26384,2.26451,2.26355,2.26372,490
2025-07-09 10:00:00,2.26374,2.26393,2.26227,2.2624,545
2025-07-09 10:05:00,2.2624,2.2633,2.26199,2.26322,533
2025-07-09 10:10:00,2.26329,2.26425,2.26314,2.26425,489
2025-07-09 10:15:00,2.26425,2.26446,2.26395,2.26408,547
2025-07-09 10:20:00,2.26408,2.26479,2.26395,2.26449,446
2025-07-09 10:25:00,2.26449,2.26475,2.26394,2.26435,404
2025-07-09 10:30:00,2.26433,2.2653499999999998,2.26431,2.26504,486
2025-07-09 10:35:00,2.26504,2.26658,2.26501,2.26655,379
2025-07-09 10:40:00,2.26658,2.2672,2.26648,2.2665,474
2025-07-09 10:45:00,2.2665,2.26662,2.26582,2.26636,416
2025-07-09 10:50:00,2.26633,2.26663,2.26544,2.2664,497
2025-07-09 10:55:00,2.2664400000000002,2.26655,2.26585,2.26631,629
2025-07-09 11:00:00,2.26631,2.26762,2.26628,2.26703,676
2025-07-09 11:05:00,2.2670500000000002,2.26765,2.26686,2.26746,489
2025-07-09 11:10:00,2.26744,2.26791,2.26676,2.26768,406
2025-07-09 11:15:00,2.26772,2.26803,2.26716,2.26742,402
2025-07-09 11:20:00,2.26744,2.26754,2.26698,2.267,410
2025-07-09 11:25:00,2.26698,2.26714,2.26642,2.26666,392
2025-07-09 11:30:00,2.26668,2.26672,2.26577,2.26588,424
2025-07-09 11:35:00,2.26592,2.26637,2.2652,2.2654199999999998,383
2025-07-09 11:40:00,2.2654199999999998,2.26626,2.26534,2.26545,320
2025-07-09 11:45:00,2.26545,2.26592,2.26524,2.26574,372
2025-07-09 11:50:00,2.26574,2.26605,2.26534,2.2660299999999998,520
2025-07-09 11:55:00,2.26606,2.26661,2.26573,2.26646,456
2025-07-09 12:00:00,2.26645,2.26697,2.26602,2.26697,528
2025-07-09 12:05:00,2.26697,2.26703,2.26642,2.26667,376
2025-07-09 12:10:00,2.26671,2.26686,2.26622,2.26647,369
2025-07-09 12:15:00,2.26643,2.26663,2.26574,2.26597,342
2025-07-09 12:20:00,2.26597,2.26615,2.26558,2.26592,413
2025-07-09 12:25:00,2.26593,2.26598,2.26512,2.26551,404
2025-07-09 12:30:00,2.26553,2.26574,2.26518,2.26552,458
2025-07-09 12:35:00,2.26556,2.26569,2.26491,2.26499,396
2025-07-09 12:40:00,2.26503,2.26532,2.26465,2.26509,339
2025-07-09 12:45:00,2.26517,2.2657,2.26508,2.26538,358
2025-07-09 12:50:00,2.26538,2.26544,2.26498,2.26525,399
2025-07-09 12:55:00,2.26524,2.26567,2.26506,2.26562,370
2025-07-09 13:00:00,2.26562,2.26582,2.2653,2.26558,381
2025-07-09 13:05:00,2.26556,2.26562,2.26507,2.26545,326
2025-07-09 13:10:00,2.26539,2.26593,2.26507,2.26548,389
2025-07-09 13:15:00,2.26544,2.26591,2.26485,2.26511,397
2025-07-09 13:20:00,2.26509,2.26516,2.26454,2.26498,427
2025-07-09 13:25:00,2.265,2.26579,2.26497,2.26578,375
2025-07-09 13:30:00,2.26576,2.26658,2.26567,2.26625,362
2025-07-09 13:35:00,2.26623,2.26635,2.26567,2.26585,399
2025-07-09 13:40:00,2.26585,2.26621,2.26559,2.26594,367
2025-07-09 13:45:00,2.26598,2.26681,2.26575,2.2664400000000002,274
2025-07-09 13:50:00,2.2664400000000002,2.26715,2.26618,2.26708,221
2025-07-09 13:55:00,2.26707,2.26723,2.26648,2.2669,350
2025-07-09 14:00:00,2.2669,2.26697,2.26627,2.26662,311
2025-07-09 14:05:00,2.26662,2.26672,2.26634,2.2665699999999998,326
2025-07-09 14:10:00,2.2665699999999998,2.26678,2.26626,2.26674,281
2025-07-09 14:15:00,2.26676,2.26698,2.2665,2.26685,301
2025-07-09 14:20:00,2.26687,2.2677300000000002,2.26686,2.26753,374
2025-07-09 14:25:00,2.26755,2.26774,2.26731,2.26739,296
2025-07-09 14:30:00,2.26738,2.26751,2.26681,2.26701,246
2025-07-09 14:35:00,2.26701,2.26753,2.26673,2.26708,243
2025-07-09 14:40:00,2.26708,2.26815,2.26702,2.26807,284
2025-07-09 14:45:00,2.26807,2.26821,2.26747,2.2677300000000002,265
2025-07-09 14:50:00,2.2677300000000002,2.26831,2.26767,2.26797,331
2025-07-09 14:55:00,2.26804,2.26923,2.26788,2.26923,421
2025-07-09 15:00:00,2.26935,2.26958,2.26865,2.26894,477
2025-07-09 15:05:00,2.26894,2.26897,2.26806,2.2686,436
2025-07-09 15:10:00,2.2686,2.26984,2.26856,2.26957,468
2025-07-09 15:15:00,2.26957,2.27013,2.2691,2.26989,625
2025-07-09 15:20:00,2.26994,2.2709799999999998,2.26978,2.27096,532
2025-07-09 15:25:00,2.27097,2.2713900000000002,2.27056,2.27086,436
2025-07-09 15:30:00,2.27088,2.27115,2.27032,2.27056,384
2025-07-09 15:35:00,2.27056,2.27105,2.27018,2.27027,370
2025-07-09 15:40:00,2.27031,2.27101,2.27019,2.27088,421
2025-07-09 15:45:00,2.27087,2.27201,2.27086,2.27145,376
2025-07-09 15:50:00,2.27145,2.27177,2.27011,2.27064,466
2025-07-09 15:55:00,2.27064,2.27064,2.26872,2.26932,506
2025-07-09 16:00:00,2.26933,2.26987,2.2689,2.2697599999999998,622
2025-07-09 16:05:00,2.26975,2.27011,2.26942,2.26984,495
2025-07-09 16:10:00,2.2698,2.27022,2.26935,2.26999,522
2025-07-09 16:15:00,2.27,2.2701000000000002,2.26855,2.26955,578
2025-07-09 16:20:00,2.26955,2.26989,2.26903,2.26931,541
2025-07-09 16:25:00,2.26923,2.2693,2.26768,2.26792,481
2025-07-09 16:30:00,2.2679,2.26794,2.26551,2.26567,635
2025-07-09 16:35:00,2.26565,2.26622,2.26485,2.2658300000000002,709
2025-07-09 16:40:00,2.2658300000000002,2.26616,2.26541,2.2659000000000002,549
2025-07-09 16:45:00,2.2659000000000002,2.26608,2.2652,2.26536,527
2025-07-09 16:50:00,2.26538,2.26551,2.26488,2.26502,477
2025-07-09 16:55:00,2.26498,2.26503,2.26403,2.26403,607
2025-07-09 17:00:00,2.26406,2.26558,2.26384,2.26551,581
2025-07-09 17:05:00,2.26551,2.26613,2.26477,2.266,588
2025-07-09 17:10:00,2.266,2.2662,2.26464,2.26485,598
2025-07-09 17:15:00,2.26484,2.26564,2.26442,2.26555,604
2025-07-09 17:20:00,2.26567,2.26717,2.26524,2.26665,538
2025-07-09 17:25:00,2.26665,2.26685,2.2661,2.26653,510
2025-07-09 17:30:00,2.26653,2.26734,2.26623,2.26632,567
2025-07-09 17:35:00,2.2663,2.26719,2.26605,2.2669,552
2025-07-09 17:40:00,2.26691,2.26732,2.26659,2.26709,490
2025-07-09 17:45:00,2.26709,2.26746,2.26686,2.26719,416
2025-07-09 17:50:00,2.26722,2.26739,2.26622,2.26682,510
2025-07-09 17:55:00,2.26682,2.2675,2.26653,2.26713,583
2025-07-09 18:00:00,2.26717,2.2677300000000002,2.26709,2.2676600000000002,548
2025-07-09 18:05:00,2.26768,2.26809,2.26745,2.26798,419
2025-07-09 18:10:00,2.26793,2.2686,2.26763,2.26804,459
2025-07-09 18:15:00,2.26808,2.26836,2.26749,2.26772,405
2025-07-09 18:20:00,2.26772,2.2678599999999998,2.2671799999999998,2.2675,406
2025-07-09 18:25:00,2.2675,2.26777,2.2671200000000002,2.26734,311
2025-07-09 18:30:00,2.26737,2.26746,2.26661,2.26695,380
2025-07-09 18:35:00,2.26694,2.26699,2.26623,2.26693,414
2025-07-09 18:40:00,2.26695,2.26729,2.26665,2.26685,308
2025-07-09 18:45:00,2.26678,2.26678,2.26555,2.26633,347
2025-07-09 18:50:00,2.26633,2.2672499999999998,2.26627,2.2671799999999998,393
2025-07-09 18:55:00,2.26719,2.26734,2.26665,2.26697,380
2025-07-09 19:00:00,2.26697,2.26727,2.26601,2.26625,330
2025-07-09 19:05:00,2.26621,2.26632,2.2654,2.2659000000000002,299
2025-07-09 19:10:00,2.26592,2.26631,2.2657,2.26604,318
2025-07-09 19:15:00,2.26606,2.26643,2.26567,2.26635,324
2025-07-09 19:20:00,2.26635,2.26636,2.26575,2.26608,274
2025-07-09 19:25:00,2.26607,2.26622,2.26556,2.26589,279
2025-07-09 19:30:00,2.26589,2.26602,2.2656,2.2659599999999998,233
2025-07-09 19:35:00,2.2659599999999998,2.2663,2.26573,2.26624,218
2025-07-09 19:40:00,2.26622,2.26627,2.26532,2.26561,243
2025-07-09 19:45:00,2.26561,2.2658300000000002,2.26503,2.26526,325
2025-07-09 19:50:00,2.26526,2.2658300000000002,2.26521,2.2655,263
2025-07-09 19:55:00,2.26552,2.26636,2.26552,2.26629,340
2025-07-09 20:00:00,2.26624,2.26645,2.26572,2.26591,406
2025-07-09 20:05:00,2.26587,2.26591,2.26455,2.2646100000000002,336
2025-07-09 20:10:00,2.26463,2.26507,2.26387,2.26416,432
2025-07-09 20:15:00,2.26406,2.26431,2.26367,2.26388,315
2025-07-09 20:20:00,2.2639,2.26437,2.26386,2.26426,310
2025-07-09 20:25:00,2.26427,2.26465,2.26412,2.2644,312
2025-07-09 20:30:00,2.26442,2.2658300000000002,2.26442,2.26577,449
2025-07-09 20:35:00,2.26581,2.266,2.26504,2.26504,352
2025-07-09 20:40:00,2.26502,2.26545,2.26497,2.26503,297
2025-07-09 20:45:00,2.26507,2.26541,2.26482,2.2654,227
2025-07-09 20:50:00,2.26538,2.2665,2.2652200000000002,2.26642,299
2025-07-09 20:55:00,2.26631,2.26674,2.26613,2.26639,280
2025-07-09 21:00:00,2.26634,2.26713,2.26616,2.26675,478
2025-07-09 21:05:00,2.26673,2.26687,2.26589,2.26606,276
2025-07-09 21:10:00,2.26606,2.2663,2.26519,2.26527,231
2025-07-09 21:15:00,2.2653,2.2654,2.26429,2.26442,371
2025-07-09 21:20:00,2.26444,2.26506,2.26437,2.26489,348
2025-07-09 21:25:00,2.26493,2.26536,2.2647,2.26493,315
2025-07-09 21:30:00,2.26497,2.2655,2.26492,2.26512,404
2025-07-09 21:35:00,2.26512,2.26537,2.2646800000000002,2.26503,313
2025-07-09 21:40:00,2.26505,2.26526,2.26472,2.26475,403
2025-07-09 21:45:00,2.26478,2.26504,2.26448,2.26462,328
2025-07-09 21:50:00,2.26464,2.26483,2.26431,2.26449,337
2025-07-09 21:55:00,2.26448,2.26473,2.26412,2.26473,441
2025-07-09 22:00:00,2.26472,2.26513,2.26409,2.26416,374
2025-07-09 22:05:00,2.26401,2.26435,2.26364,2.26389,194
2025-07-09 22:10:00,2.26393,2.26408,2.26364,2.26391,193
2025-07-09 22:15:00,2.26391,2.26393,2.26268,2.2627,271
2025-07-09 22:20:00,2.2626,2.26335,2.26257,2.26321,217
2025-07-09 22:25:00,2.26321,2.26331,2.26293,2.26327,147
2025-07-09 22:30:00,2.26327,2.26388,2.26318,2.26375,181
2025-07-09 22:35:00,2.26373,2.2640700000000002,2.26358,2.26404,175
2025-07-09 22:40:00,2.26398,2.26429,2.26371,2.26376,251
2025-07-09 22:45:00,2.2638,2.26396,2.26357,2.26366,203
2025-07-09 22:50:00,2.26369,2.2639,2.26335,2.26371,243
2025-07-09 22:55:00,2.26379,2.26387,2.26333,2.26361,244
2025-07-09 23:00:00,2.2635899999999998,2.26362,2.2631,2.2635899999999998,234
2025-07-09 23:05:00,2.26355,2.2641999999999998,2.26342,2.26412,176
2025-07-09 23:10:00,2.26408,2.26443,2.26374,2.26437,193
2025-07-09 23:15:00,2.26435,2.26449,2.26394,2.26431,260
2025-07-09 23:20:00,2.26431,2.26521,2.26406,2.2652,270
2025-07-09 23:25:00,2.2652200000000002,2.2652200000000002,2.26458,2.26487,171
2025-07-09 23:30:00,2.26487,2.26514,2.26467,2.26503,179
2025-07-09 23:35:00,2.26501,2.26564,2.26498,2.26554,210
2025-07-09 23:40:00,2.26299,2.26302,2.26238,2.26243,171
2025-07-09 23:45:00,2.26243,2.26247,2.26213,2.26213,96
2025-07-09 23:50:00,2.26211,2.26221,2.26189,2.26212,121
2025-07-09 23:55:00,2.2621,2.26388,2.26155,2.26368,264
2025-07-10 00:00:00,2.26267,2.26309,2.26031,2.26121,16
2025-07-10 00:05:00,2.26071,2.26248,2.2599,2.26056,57
2025-07-10 00:10:00,2.26061,2.26107,2.26031,2.26096,35
2025-07-10 00:15:00,2.26096,2.26111,2.26096,2.26111,13
2025-07-10 00:20:00,2.26105,2.26112,2.26097,2.26097,20
2025-07-10 00:25:00,2.26093,2.26112,2.26082,2.26082,35
2025-07-10 00:30:00,2.26081,2.26138,2.26081,2.26131,52
2025-07-10 00:35:00,2.26131,2.2617,2.26065,2.26085,231
2025-07-10 00:40:00,2.26085,2.26109,2.2605,2.26082,252
2025-07-10 00:45:00,2.26082,2.26131,2.26078,2.2609500000000002,139
2025-07-10 00:50:00,2.2609500000000002,2.2610799999999998,2.26068,2.26071,162
2025-07-10 00:55:00,2.26071,2.26125,2.26061,2.26125,186
2025-07-10 01:00:00,2.26125,2.26418,2.26125,2.26283,367
2025-07-10 01:05:00,2.26283,2.26354,2.26263,2.2634,187
2025-07-10 01:10:00,2.26344,2.2640000000000002,2.26342,2.26398,166
2025-07-10 01:15:00,2.26398,2.26424,2.26344,2.26373,167
2025-07-10 01:20:00,2.26374,2.26387,2.26366,2.2638,209
2025-07-10 01:25:00,2.26381,2.2641299999999998,2.26379,2.2641299999999998,116
2025-07-10 01:30:00,2.26411,2.26437,2.26409,2.26428,101
2025-07-10 01:35:00,2.26428,2.26443,2.26418,2.26427,120
2025-07-10 01:40:00,2.26427,2.26441,2.26417,2.26438,66
2025-07-10 01:45:00,2.26438,2.26487,2.26423,2.2648,141
2025-07-10 01:50:00,2.26476,2.26483,2.26448,2.26465,132
2025-07-10 01:55:00,2.26467,2.26477,2.26444,2.26447,102
2025-07-10 02:00:00,2.26449,2.26511,2.26449,2.26506,200
2025-07-10 02:05:00,2.26506,2.2653,2.26501,2.26517,110
2025-07-10 02:10:00,2.26517,2.2653,2.26505,2.2652200000000002,103
2025-07-10 02:15:00,2.2652200000000002,2.26527,2.26475,2.2648,148
2025-07-10 02:20:00,2.26482,2.26526,2.2647,2.26515,152
2025-07-10 02:25:00,2.26517,2.26534,2.26499,2.26511,123
2025-07-10 02:30:00,2.26514,2.26561,2.26507,2.26561,119
2025-07-10 02:35:00,2.26557,2.26557,2.26526,2.2654199999999998,131
2025-07-10 02:40:00,2.2654199999999998,2.26558,2.26537,2.26547,108
2025-07-10 02:45:00,2.26543,2.26554,2.26517,2.26521,117
2025-07-10 02:50:00,2.26521,2.2658,2.26515,2.26573,244
2025-07-10 02:55:00,2.26573,2.26615,2.26557,2.26612,305
2025-07-10 03:00:00,2.2661,2.26676,2.2659599999999998,2.26646,493
2025-07-10 03:05:00,2.26646,2.26652,2.26585,2.2664,365
2025-07-10 03:10:00,2.26642,2.26656,2.26519,2.2653,429
2025-07-10 03:15:00,2.26531,2.2654199999999998,2.26485,2.26488,334
2025-07-10 03:20:00,2.26488,2.26546,2.26485,2.2652,333
2025-07-10 03:25:00,2.26521,2.2654,2.2646100000000002,2.26482,341
2025-07-10 03:30:00,2.2648099999999998,2.26489,2.2635899999999998,2.26421,612
2025-07-10 03:35:00,2.26419,2.26463,2.2638,2.26455,379
2025-07-10 03:40:00,2.26448,2.26494,2.2643,2.26487,396
2025-07-10 03:45:00,2.26487,2.26495,2.2639,2.26448,333
2025-07-10 03:50:00,2.26447,2.26493,2.26415,2.2646800000000002,495
2025-07-10 03:55:00,2.26466,2.26562,2.2645,2.26559,451
2025-07-10 04:00:00,2.26557,2.26619,2.26557,2.26588,420
2025-07-10 04:05:00,2.26592,2.26604,2.26549,2.26598,351
2025-07-10 04:10:00,2.26598,2.26607,2.26572,2.26595,344
2025-07-10 04:15:00,2.26597,2.2661,2.26539,2.26576,295
2025-07-10 04:20:00,2.26576,2.26621,2.2655,2.26611,266
2025-07-10 04:25:00,2.26618,2.26622,2.26564,2.26589,328
2025-07-10 04:30:00,2.26586,2.2662,2.26552,2.26562,328
2025-07-10 04:35:00,2.26564,2.2657,2.26478,2.26483,264
2025-07-10 04:40:00,2.26484,2.26534,2.26442,2.26523,345
2025-07-10 04:45:00,2.26521,2.26553,2.26475,2.2652900000000002,301
2025-07-10 04:50:00,2.2652900000000002,2.26554,2.26504,2.2654,273
2025-07-10 04:55:00,2.2652900000000002,2.26531,2.26472,2.26492,229
2025-07-10 05:00:00,2.26492,2.26492,2.26417,2.2647399999999998,289
2025-07-10 05:05:00,2.26475,2.26496,2.26435,2.26462,242
2025-07-10 05:10:00,2.2646100000000002,2.26465,2.26412,2.26439,311
2025-07-10 05:15:00,2.26441,2.26485,2.26426,2.26426,241
2025-07-10 05:20:00,2.26428,2.26463,2.26383,2.26423,292
2025-07-10 05:25:00,2.26419,2.26467,2.26415,2.26456,191
2025-07-10 05:30:00,2.26456,2.26465,2.2641299999999998,2.26415,297
2025-07-10 05:35:00,2.26414,2.26454,2.26391,2.2644,319
2025-07-10 05:40:00,2.2644,2.26484,2.26429,2.26475,230
2025-07-10 05:45:00,2.26475,2.26517,2.26424,2.26437,311
2025-07-10 05:50:00,2.26439,2.2646,2.26414,2.26442,302
2025-07-10 05:55:00,2.26446,2.26462,2.26385,2.26409,287
2025-07-10 06:00:00,2.26412,2.2645,2.26392,2.26443,347
2025-07-10 06:05:00,2.26443,2.2646100000000002,2.26419,2.26434,204
2025-07-10 06:10:00,2.2643,2.26463,2.26402,2.26421,316
2025-07-10 06:15:00,2.26425,2.26439,2.26404,2.26411,215
2025-07-10 06:20:00,2.2641299999999998,2.26416,2.26351,2.26354,212
2025-07-10 06:25:00,2.2635899999999998,2.26408,2.2635899999999998,2.26394,264
2025-07-10 06:30:00,2.26394,2.26454,2.2639,2.26431,303
2025-07-10 06:35:00,2.26433,2.26455,2.26398,2.26444,276
2025-07-10 06:40:00,2.26444,2.26467,2.26431,2.26448,309
2025-07-10 06:45:00,2.2645,2.26469,2.26422,2.26436,216
2025-07-10 06:50:00,2.26436,2.26443,2.26414,2.26434,162
2025-07-10 06:55:00,2.26433,2.26518,2.26431,2.26518,256
2025-07-10 07:00:00,2.26516,2.26577,2.26511,2.2656,289
2025-07-10 07:05:00,2.26556,2.26588,2.26543,2.26573,232
2025-07-10 07:10:00,2.26575,2.26579,2.26543,2.26569,215
2025-07-10 07:15:00,2.26554,2.26578,2.26537,2.26552,212
2025-07-10 07:20:00,2.26556,2.26558,2.2651,2.26538,202
2025-07-10 07:25:00,2.26538,2.26562,2.26508,2.26544,181
2025-07-10 07:30:00,2.26546,2.2658,2.26523,2.2652900000000002,256
2025-07-10 07:35:00,2.26531,2.26538,2.26491,2.26497,161
2025-07-10 07:40:00,2.26494,2.26507,2.2646800000000002,2.26469,172
2025-07-10 07:45:00,2.2647,2.26502,2.26467,2.26486,184
2025-07-10 07:50:00,2.26488,2.26496,2.26447,2.26454,161
2025-07-10 07:55:00,2.26454,2.2648,2.26432,2.26445,248
2025-07-10 08:00:00,2.26449,2.2647,2.26415,2.26469,302
2025-07-10 08:05:00,2.26469,2.26501,2.26432,2.26456,198
2025-07-10 08:10:00,2.26457,2.2647,2.26427,2.26455,207
2025-07-10 08:15:00,2.26456,2.26528,2.26445,2.26516,173
2025-07-10 08:20:00,2.26516,2.2653499999999998,2.26496,2.26526,157
2025-07-10 08:25:00,2.26524,2.26536,2.26494,2.265,146
2025-07-10 08:30:00,2.26498,2.26508,2.26427,2.2646100000000002,246
2025-07-10 08:35:00,2.26465,2.26476,2.26424,2.26469,242
2025-07-10 08:40:00,2.26473,2.26473,2.26438,2.2646100000000002,225
2025-07-10 08:45:00,2.2646100000000002,2.26504,2.26451,2.26462,229
2025-07-10 08:50:00,2.26462,2.26488,2.26436,2.26482,281
2025-07-10 08:55:00,2.26484,2.2652,2.26469,2.265,293
2025-07-10 09:00:00,2.26516,2.2652,2.2638,2.26417,488
2025-07-10 09:05:00,2.26418,2.26442,2.26375,2.26422,409
2025-07-10 09:10:00,2.26424,2.26488,2.26399,2.26462,305
2025-07-10 09:15:00,2.26462,2.26493,2.26379,2.26446,369
2025-07-10 09:20:00,2.26449,2.26453,2.2637,2.2638,322
2025-07-10 09:25:00,2.26376,2.2639,2.26301,2.26341,297
2025-07-10 09:30:00,2.26345,2.26391,2.26314,2.26376,417
2025-07-10 09:35:00,2.26365,2.26397,2.26341,2.26355,280
2025-07-10 09:40:00,2.26344,2.26363,2.2632,2.26332,325
2025-07-10 09:45:00,2.26332,2.26382,2.26317,2.26343,237
2025-07-10 09:50:00,2.26343,2.26345,2.26286,2.26311,260
2025-07-10 09:55:00,2.26311,2.26336,2.26257,2.26277,379
2025-07-10 10:00:00,2.2627,2.26306,2.26224,2.26293,451
2025-07-10 10:05:00,2.2629099999999998,2.26334,2.2627,2.26288,429
2025-07-10 10:10:00,2.26288,2.2634,2.26288,2.26319,399
2025-07-10 10:15:00,2.26319,2.2633,2.26195,2.26209,385
2025-07-10 10:20:00,2.26209,2.26219,2.26091,2.26178,406
2025-07-10 10:25:00,2.26178,2.26244,2.2614900000000002,2.26218,376
2025-07-10 10:30:00,2.26215,2.2624,2.26193,2.26235,387
2025-07-10 10:35:00,2.26232,2.26244,2.26171,2.26175,311
2025-07-10 10:40:00,2.26177,2.2623699999999998,2.26159,2.26202,406
2025-07-10 10:45:00,2.26202,2.26215,2.26142,2.26172,364
2025-07-10 10:50:00,2.26168,2.26218,2.26166,2.26184,304
2025-07-10 10:55:00,2.2618,2.26292,2.26166,2.2627,342
2025-07-10 11:00:00,2.26267,2.26307,2.26239,2.26275,423
2025-07-10 11:05:00,2.2627800000000002,2.26283,2.26207,2.26234,292
2025-07-10 11:10:00,2.26247,2.26251,2.26199,2.2622,275
2025-07-10 11:15:00,2.26219,2.2625,2.26196,2.26216,262
2025-07-10 11:20:00,2.26215,2.26254,2.26168,2.26236,279
2025-07-10 11:25:00,2.26227,2.26269,2.26227,2.26247,357
2025-07-10 11:30:00,2.26238,2.26321,2.26234,2.26283,309
2025-07-10 11:35:00,2.26283,2.26344,2.26283,2.2631,277
2025-07-10 11:40:00,2.2631,2.26329,2.26283,2.2631,247
2025-07-10 11:45:00,2.26314,2.26354,2.26289,2.26351,272
2025-07-10 11:50:00,2.2635199999999998,2.26356,2.26265,2.2627,224
2025-07-10 11:55:00,2.26267,2.2627800000000002,2.26224,2.26224,254
2025-07-10 12:00:00,2.26224,2.26268,2.26191,2.26215,300
2025-07-10 12:05:00,2.26215,2.26224,2.26151,2.26161,208
2025-07-10 12:10:00,2.26161,2.26186,2.26136,2.2614900000000002,266
2025-07-10 12:15:00,2.26153,2.2617,2.26118,2.26159,308
2025-07-10 12:20:00,2.26159,2.26185,2.26105,2.26136,254
2025-07-10 12:25:00,2.2614,2.26142,2.2608,2.26081,194
2025-07-10 12:30:00,2.26087,2.26153,2.26083,2.26116,269
2025-07-10 12:35:00,2.26116,2.26124,2.26069,2.26081,236
2025-07-10 12:40:00,2.26086,2.26101,2.2605399999999998,2.26076,246
2025-07-10 12:45:00,2.26074,2.26103,2.26052,2.26082,209
2025-07-10 12:50:00,2.26082,2.26092,2.26041,2.2606,186
2025-07-10 12:55:00,2.2606,2.2609,2.26039,2.26057,195
2025-07-10 13:00:00,2.26049,2.26079,2.26022,2.26079,263
2025-07-10 13:05:00,2.26077,2.26128,2.26044,2.26074,214
2025-07-10 13:10:00,2.2607,2.26078,2.26033,2.26049,195
2025-07-10 13:15:00,2.26044,2.26052,2.26001,2.26024,250
2025-07-10 13:20:00,2.26022,2.26028,2.25939,2.25942,191
2025-07-10 13:25:00,2.25942,2.25951,2.25846,2.25859,297
2025-07-10 13:30:00,2.2586,2.25882,2.2583,2.25868,280
2025-07-10 13:35:00,2.25872,2.25879,2.25827,2.2585100000000002,266
2025-07-10 13:40:00,2.25852,2.25854,2.2573,2.25752,347
2025-07-10 13:45:00,2.25752,2.25791,2.25737,2.25759,243
2025-07-10 13:50:00,2.25754,2.25763,2.25713,2.2574,185
2025-07-10 13:55:00,2.25741,2.25748,2.25697,2.2572200000000002,240
2025-07-10 14:00:00,2.2572200000000002,2.25741,2.25665,2.25693,273
2025-07-10 14:05:00,2.25693,2.25734,2.25684,2.25709,241
2025-07-10 14:10:00,2.25702,2.25726,2.25666,2.2569,387
2025-07-10 14:15:00,2.2568799999999998,2.25708,2.25657,2.25659,191
2025-07-10 14:20:00,2.25659,2.25678,2.25598,2.25609,281
2025-07-10 14:25:00,2.25605,2.25658,2.25603,2.25638,297
2025-07-10 14:30:00,2.2564,2.2564,2.25564,2.25583,375
2025-07-10 14:35:00,2.25581,2.25637,2.25567,2.25573,289
2025-07-10 14:40:00,2.25571,2.25614,2.25561,2.2561,248
2025-07-10 14:45:00,2.25612,2.25659,2.25602,2.25639,262
2025-07-10 14:50:00,2.25639,2.25814,2.2563,2.25788,364
2025-07-10 14:55:00,2.25788,2.25825,2.25747,2.25823,408
2025-07-10 15:00:00,2.25825,2.25921,2.25799,2.25818,357
2025-07-10 15:05:00,2.25818,2.25821,2.25709,2.25713,312
2025-07-10 15:10:00,2.25714,2.2572200000000002,2.25648,2.25704,406
2025-07-10 15:15:00,2.25705,2.25733,2.25674,2.25674,301
2025-07-10 15:20:00,2.25674,2.25703,2.25578,2.25591,391
2025-07-10 15:25:00,2.25581,2.25592,2.25488,2.25531,391
2025-07-10 15:30:00,2.25446,2.25649,2.25434,2.25565,631
2025-07-10 15:35:00,2.25567,2.25787,2.25565,2.25731,536
2025-07-10 15:40:00,2.25731,2.25804,2.25725,2.25789,424
2025-07-10 15:45:00,2.25792,2.25868,2.25789,2.25813,425
2025-07-10 15:50:00,2.25812,2.25829,2.2566100000000002,2.2567,403
2025-07-10 15:55:00,2.2567,2.25689,2.25636,2.2568,428
2025-07-10 16:00:00,2.25684,2.25698,2.25569,2.25648,642
2025-07-10 16:05:00,2.25644,2.25751,2.25639,2.2574899999999998,441
2025-07-10 16:10:00,2.25752,2.25798,2.25726,2.25772,370
2025-07-10 16:15:00,2.25772,2.25777,2.2569,2.25735,363
2025-07-10 16:20:00,2.25735,2.25752,2.2567,2.25736,373
2025-07-10 16:25:00,2.25736,2.25779,2.2572900000000002,2.25748,391
2025-07-10 16:30:00,2.25744,2.25789,2.2572900000000002,2.25757,505
2025-07-10 16:35:00,2.25757,2.258,2.25709,2.25717,429
2025-07-10 16:40:00,2.25713,2.25843,2.25707,2.25801,410
2025-07-10 16:45:00,2.25782,2.25873,2.25778,2.25863,407
2025-07-10 16:50:00,2.25863,2.25908,2.2580299999999998,2.25901,586
2025-07-10 16:55:00,2.25903,2.25941,2.25809,2.25815,555
2025-07-10 17:00:00,2.25815,2.25818,2.2567,2.25674,637
2025-07-10 17:05:00,2.25675,2.25715,2.25648,2.25679,635
2025-07-10 17:10:00,2.25685,2.25699,2.25637,2.25653,558
2025-07-10 17:15:00,2.25648,2.25699,2.25572,2.25572,532
2025-07-10 17:20:00,2.25563,2.2560700000000002,2.25533,2.25582,655
2025-07-10 17:25:00,2.25578,2.25641,2.25545,2.25589,699
2025-07-10 17:30:00,2.25591,2.25665,2.25583,2.25622,674
2025-07-10 17:35:00,2.2561999999999998,2.25707,2.25616,2.25675,646
2025-07-10 17:40:00,2.25675,2.25708,2.25636,2.25648,613
2025-07-10 17:45:00,2.25648,2.25663,2.25541,2.2559,571
2025-07-10 17:50:00,2.2559,2.25664,2.25562,2.25664,593
2025-07-10 17:55:00,2.25658,2.25685,2.25623,2.25675,685
2025-07-10 18:00:00,2.25675,2.25679,2.2557,2.2560000000000002,629
2025-07-10 18:05:00,2.2560000000000002,2.2560700000000002,2.25458,2.25489,533
2025-07-10 18:10:00,2.25489,2.25595,2.25476,2.2559,445
2025-07-10 18:15:00,2.25594,2.25678,2.25577,2.25666,403
2025-07-10 18:20:00,2.25666,2.25694,2.25623,2.2566100000000002,456
2025-07-10 18:25:00,2.25665,2.25666,2.25589,2.25594,461
2025-07-10 18:30:00,2.25592,2.25592,2.25447,2.25479,529
2025-07-10 18:35:00,2.25474,2.25545,2.25471,2.2550499999999998,397
2025-07-10 18:40:00,2.25507,2.25526,2.25456,2.2547,328
2025-07-10 18:45:00,2.25464,2.25474,2.25379,2.2541700000000002,462
2025-07-10 18:50:00,2.25413,2.25419,2.2536300000000002,2.25382,337
2025-07-10 18:55:00,2.25383,2.25406,2.2536300000000002,2.2537599999999998,409
2025-07-10 19:00:00,2.25374,2.25382,2.25304,2.25327,449
2025-07-10 19:05:00,2.25321,2.25327,2.25274,2.25291,276
2025-07-10 19:10:00,2.2528,2.2529500000000002,2.25257,2.25273,339
2025-07-10 19:15:00,2.25273,2.25296,2.25249,2.2528,227
2025-07-10 19:20:00,2.2528,2.25334,2.25275,2.25298,342
2025-07-10 19:25:00,2.25298,2.25306,2.25221,2.2524,356
2025-07-10 19:30:00,2.2524,2.2524100000000002,2.2519299999999998,2.25216,347
2025-07-10 19:35:00,2.25216,2.25224,2.25106,2.25137,328
2025-07-10 19:40:00,2.25137,2.25218,2.25127,2.25204,400
2025-07-10 19:45:00,2.252,2.2528,2.252,2.25267,302
2025-07-10 19:50:00,2.25275,2.25282,2.25206,2.25249,298
2025-07-10 19:55:00,2.25252,2.2525399999999998,2.25198,2.25223,354
2025-07-10 20:00:00,2.25223,2.25231,2.25179,2.25196,357
2025-07-10 20:05:00,2.25199,2.2522,2.2517300000000002,2.25204,323
2025-07-10 20:10:00,2.25188,2.25201,2.2516,2.25198,334
2025-07-10 20:15:00,2.25196,2.25222,2.25178,2.2521,253
2025-07-10 20:20:00,2.25205,2.25229,2.25196,2.25224,304
2025-07-10 20:25:00,2.25226,2.2523400000000002,2.25184,2.25233,246
2025-07-10 20:30:00,2.25232,2.25245,2.25169,2.25179,301
2025-07-10 20:35:00,2.25179,2.25198,2.2516,2.25169,243
2025-07-10 20:40:00,2.25168,2.25224,2.25161,2.25219,228
2025-07-10 20:45:00,2.2522,2.25258,2.25198,2.25245,226
2025-07-10 20:50:00,2.25245,2.25304,2.25243,2.25284,241
2025-07-10 20:55:00,2.25284,2.25303,2.25252,2.25276,215
2025-07-10 21:00:00,2.25272,2.25277,2.2521,2.25232,292
2025-07-10 21:05:00,2.25226,2.25228,2.2518000000000002,2.25184,281
2025-07-10 21:10:00,2.2518000000000002,2.25197,2.25133,2.25191,259
2025-07-10 21:15:00,2.25188,2.2519,2.2513,2.25151,252
2025-07-10 21:20:00,2.25147,2.25165,2.25107,2.25156,299
2025-07-10 21:25:00,2.25156,2.25172,2.25129,2.25166,283
2025-07-10 21:30:00,2.25164,2.25174,2.251,2.25161,285
2025-07-10 21:35:00,2.25165,2.25175,2.25129,2.25146,243
2025-07-10 21:40:00,2.25146,2.25165,2.2511200000000002,2.2512,271
2025-07-10 21:45:00,2.25129,2.25129,2.25078,2.25095,228
2025-07-10 21:50:00,2.25094,2.25101,2.25059,2.2506,235
2025-07-10 21:55:00,2.2506,2.25122,2.25042,2.25104,341
2025-07-10 22:00:00,2.25108,2.25149,2.25104,2.25142,258
2025-07-10 22:05:00,2.25142,2.25146,2.25082,2.25108,202
2025-07-10 22:10:00,2.25108,2.25131,2.25099,2.25105,148
2025-07-10 22:15:00,2.25105,2.25121,2.25078,2.25078,199
2025-07-10 22:20:00,2.25078,2.25091,2.25049,2.25088,160
2025-07-10 22:25:00,2.25088,2.25109,2.25065,2.25081,221
2025-07-10 22:30:00,2.25082,2.25082,2.25019,2.25039,188
2025-07-10 22:35:00,2.25038,2.25063,2.25027,2.25055,103
2025-07-10 22:40:00,2.25055,2.25078,2.25035,2.2507,165
2025-07-10 22:45:00,2.2507,2.251,2.2505800000000002,2.25086,256
2025-07-10 22:50:00,2.2509,2.25103,2.25062,2.25086,268
2025-07-10 22:55:00,2.25086,2.2509,2.24965,2.24986,259
2025-07-10 23:00:00,2.2499000000000002,2.24998,2.2492,2.24976,247
2025-07-10 23:05:00,2.24975,2.25036,2.24974,2.25036,166
2025-07-10 23:10:00,2.25034,2.2507099999999998,2.25034,2.25041,137
2025-07-10 23:15:00,2.25045,2.25068,2.25031,2.2505,139
2025-07-10 23:20:00,2.2505100000000002,2.2505800000000002,2.24978,2.25004,217
2025-07-10 23:25:00,2.25004,2.25031,2.24992,2.25001,152
2025-07-10 23:30:00,2.25001,2.25034,2.24985,2.25,122
2025-07-10 23:35:00,2.24998,2.25011,2.24993,2.2500999999999998,97
2025-07-10 23:40:00,2.2500999999999998,2.2500999999999998,2.24741,2.24752,134
2025-07-10 23:45:00,2.24755,2.24775,2.24731,2.24732,92
2025-07-10 23:50:00,2.24732,2.24743,2.24714,2.24743,189
2025-07-10 23:55:00,2.2474,2.24972,2.24709,2.24908,333
2025-07-11 00:00:00,2.24879,2.24956,2.24741,2.24831,25
2025-07-11 00:05:00,2.24831,2.24911,2.24693,2.24769,36
2025-07-11 00:10:00,2.24769,2.2484,2.24763,2.24819,25
2025-07-11 00:15:00,2.24819,2.2488,2.24819,2.24848,17
2025-07-11 00:20:00,2.2488799999999998,2.24895,2.24876,2.24878,42
2025-07-11 00:25:00,2.24878,2.24898,2.24761,2.24761,75
2025-07-11 00:30:00,2.24764,2.24764,2.24721,2.24724,76
2025-07-11 00:35:00,2.24723,2.24822,2.24723,2.24819,179
2025-07-11 00:40:00,2.24821,2.24824,2.24786,2.24797,269
2025-07-11 00:45:00,2.24797,2.2484,2.24774,2.24839,196
2025-07-11 00:50:00,2.24839,2.25004,2.24776,2.24779,205
2025-07-11 00:55:00,2.24791,2.24806,2.24702,2.24784,285
2025-07-11 01:00:00,2.24784,2.24935,2.24784,2.24916,223
2025-07-11 01:05:00,2.24914,2.24931,2.2491,2.24912,105
2025-07-11 01:10:00,2.24912,2.24936,2.24901,2.24907,173
2025-07-11 01:15:00,2.24904,2.2494,2.24901,2.24917,198
2025-07-11 01:20:00,2.24917,2.2492,2.24874,2.24883,241
2025-07-11 01:25:00,2.24883,2.24896,2.24867,2.24879,109
2025-07-11 01:30:00,2.24875,2.24894,2.2486800000000002,2.24894,169
2025-07-11 01:35:00,2.24894,2.24898,2.24865,2.24867,149
2025-07-11 01:40:00,2.24867,2.24871,2.24838,2.24846,184
2025-07-11 01:45:00,2.24846,2.2486800000000002,2.24832,2.2485,49
2025-07-11 01:50:00,2.2485,2.24859,2.24844,2.2485,118
2025-07-11 01:55:00,2.2485,2.2488,2.2485,2.24873,90
2025-07-11 02:00:00,2.24874,2.24874,2.24713,2.24769,138
2025-07-11 02:05:00,2.24769,2.24788,2.24754,2.24778,113
2025-07-11 02:10:00,2.24778,2.24816,2.24773,2.24793,96
2025-07-11 02:15:00,2.24793,2.2483,2.24793,2.24817,98
2025-07-11 02:20:00,2.2481,2.24832,2.24784,2.24787,112
2025-07-11 02:25:00,2.24786,2.24788,2.24765,2.24774,149
2025-07-11 02:30:00,2.2478,2.24798,2.24762,2.24763,142
2025-07-11 02:35:00,2.24765,2.24785,2.24748,2.24785,127
2025-07-11 02:40:00,2.24784,2.24802,2.24765,2.24802,169
2025-07-11 02:45:00,2.24805,2.24808,2.24748,2.24748,173
2025-07-11 02:50:00,2.2475,2.24758,2.24697,2.24709,186
2025-07-11 02:55:00,2.24709,2.24755,2.24692,2.24751,355
2025-07-11 03:00:00,2.24749,2.24791,2.24717,2.24777,514
2025-07-11 03:05:00,2.24777,2.24894,2.24763,2.24884,589
2025-07-11 03:10:00,2.24884,2.24924,2.24833,2.24924,425
2025-07-11 03:15:00,2.2492,2.2511200000000002,2.24894,2.25095,767
2025-07-11 03:20:00,2.25094,2.25313,2.25083,2.25299,854
2025-07-11 03:25:00,2.25306,2.25361,2.25255,2.25283,624
2025-07-11 03:30:00,2.25281,2.25332,2.25159,2.25165,871
2025-07-11 03:35:00,2.25165,2.25215,2.25091,2.25204,662
2025-07-11 03:40:00,2.25204,2.25328,2.25188,2.25316,502
2025-07-11 03:45:00,2.25319,2.25409,2.25319,2.25346,628
2025-07-11 03:50:00,2.25346,2.2544,2.25323,2.25422,627
2025-07-11 03:55:00,2.25416,2.25461,2.25154,2.25232,866
2025-07-11 04:00:00,2.25237,2.25339,2.25224,2.25329,561
2025-07-11 04:05:00,2.25323,2.25449,2.25293,2.25384,609
2025-07-11 04:10:00,2.25386,2.254,2.25304,2.25346,522
2025-07-11 04:15:00,2.25344,2.25346,2.2524,2.25262,647
2025-07-11 04:20:00,2.25256,2.25312,2.25139,2.2516,578
2025-07-11 04:25:00,2.25162,2.25165,2.24993,2.25026,541
2025-07-11 04:30:00,2.25026,2.25085,2.24992,2.2500999999999998,497
2025-07-11 04:35:00,2.2500999999999998,2.25038,2.24825,2.24828,579
2025-07-11 04:40:00,2.24828,2.24883,2.24778,2.24861,665
2025-07-11 04:45:00,2.24861,2.24906,2.24819,2.24842,431
2025-07-11 04:50:00,2.24839,2.2488799999999998,2.24825,2.24853,486
2025-07-11 04:55:00,2.24843,2.24876,2.24789,2.24824,430
2025-07-11 05:00:00,2.24824,2.24826,2.24756,2.24772,435
2025-07-11 05:05:00,2.24772,2.24883,2.24742,2.24786,506
2025-07-11 05:10:00,2.24786,2.24908,2.24786,2.24882,540
2025-07-11 05:15:00,2.24882,2.24961,2.24845,2.24942,453
2025-07-11 05:20:00,2.2494899999999998,2.2507,2.24923,2.25019,442
2025-07-11 05:25:00,2.25027,2.25146,2.2502,2.25138,337
2025-07-11 05:30:00,2.25138,2.25183,2.25111,2.25143,452
2025-07-11 05:35:00,2.25143,2.2517300000000002,2.251,2.2512,287
2025-07-11 05:40:00,2.2512,2.25147,2.25077,2.25147,358
2025-07-11 05:45:00,2.25147,2.25156,2.25106,2.25152,254
2025-07-11 05:50:00,2.25152,2.25169,2.25101,2.25137,326
2025-07-11 05:55:00,2.25137,2.25197,2.2513,2.2519299999999998,378
2025-07-11 06:00:00,2.25195,2.25225,2.25184,2.25187,315
2025-07-11 06:05:00,2.25185,2.25202,2.25155,2.25198,224
2025-07-11 06:10:00,2.25204,2.25211,2.25165,2.252,369
2025-07-11 06:15:00,2.252,2.2521,2.25165,2.25171,273
2025-07-11 06:20:00,2.25174,2.25195,2.25134,2.25154,348
2025-07-11 06:25:00,2.25154,2.25232,2.25127,2.25184,410
2025-07-11 06:30:00,2.25181,2.25192,2.25107,2.25165,307
2025-07-11 06:35:00,2.25168,2.25185,2.25103,2.25155,228
2025-07-11 06:40:00,2.25156,2.25236,2.2513199999999998,2.25217,246
2025-07-11 06:45:00,2.25217,2.25244,2.25163,2.2518599999999998,271
2025-07-11 06:50:00,2.2518599999999998,2.25239,2.25182,2.25196,348
2025-07-11 06:55:00,2.252,2.25229,2.25185,2.2522,332
2025-07-11 07:00:00,2.2522,2.25288,2.25194,2.25266,312
2025-07-11 07:05:00,2.25268,2.25273,2.25207,2.25244,249
2025-07-11 07:10:00,2.25242,2.25289,2.2523400000000002,2.25268,323
2025-07-11 07:15:00,2.25269,2.25324,2.25263,2.25306,279
2025-07-11 07:20:00,2.25304,2.25326,2.25267,2.25314,320
2025-07-11 07:25:00,2.25314,2.25349,2.25298,2.25325,354
2025-07-11 07:30:00,2.25325,2.25366,2.2530200000000002,2.25365,315
2025-07-11 07:35:00,2.25362,2.2538,2.25321,2.25362,327
2025-07-11 07:40:00,2.25364,2.25393,2.25329,2.25368,303
2025-07-11 07:45:00,2.25368,2.25383,2.25323,2.2533,241
2025-07-11 07:50:00,2.2533,2.25361,2.25309,2.25333,285
2025-07-11 07:55:00,2.25335,2.25351,2.2531499999999998,2.25323,244
2025-07-11 08:00:00,2.25327,2.25349,2.25282,2.25294,383
2025-07-11 08:05:00,2.25298,2.25303,2.25228,2.25299,312
2025-07-11 08:10:00,2.25301,2.25369,2.25293,2.25354,356
2025-07-11 08:15:00,2.25354,2.25375,2.2530200000000002,2.25324,334
2025-07-11 08:20:00,2.25321,2.25341,2.25296,2.2533,418
2025-07-11 08:25:00,2.25322,2.25366,2.25317,2.25359,327
2025-07-11 08:30:00,2.2535600000000002,2.25366,2.25265,2.25292,301
2025-07-11 08:35:00,2.25292,2.2536300000000002,2.25251,2.25276,360
2025-07-11 08:40:00,2.2528,2.25357,2.25262,2.25333,338
2025-07-11 08:45:00,2.25334,2.25334,2.2527,2.25293,312
2025-07-11 08:50:00,2.25293,2.25398,2.25288,2.25391,339
2025-07-11 08:55:00,2.25391,2.25495,2.2537599999999998,2.25459,321
2025-07-11 09:00:00,2.25436,2.25436,2.25192,2.2519299999999998,676
2025-07-11 09:05:00,2.2519299999999998,2.2526,2.25152,2.25172,495
2025-07-11 09:10:00,2.25169,2.25197,2.25024,2.25041,540
2025-07-11 09:15:00,2.25045,2.25115,2.24986,2.25068,468
2025-07-11 09:20:00,2.25068,2.25144,2.25052,2.25124,451
2025-07-11 09:25:00,2.25126,2.25139,2.25055,2.2511,443
2025-07-11 09:30:00,2.25109,2.25109,2.25017,2.25044,527
2025-07-11 09:35:00,2.25042,2.25044,2.24937,2.25011,425
2025-07-11 09:40:00,2.25013,2.25026,2.2491,2.24993,434
2025-07-11 09:45:00,2.24993,2.24999,2.24904,2.24931,557
2025-07-11 09:50:00,2.2493,2.24998,2.24897,2.2499000000000002,480
2025-07-11 09:55:00,2.24991,2.25019,2.24899,2.24936,470
2025-07-11 10:00:00,2.24937,2.24969,2.24887,2.249,466
2025-07-11 10:05:00,2.249,2.25004,2.24898,2.24975,387
2025-07-11 10:10:00,2.24978,2.25053,2.24967,2.25025,491
2025-07-11 10:15:00,2.25023,2.25063,2.24987,2.24999,563
2025-07-11 10:20:00,2.24999,2.25039,2.24893,2.24916,598
2025-07-11 10:25:00,2.24918,2.24942,2.24852,2.24852,557
2025-07-11 10:30:00,2.24854,2.2491,2.24852,2.24902,425
2025-07-11 10:35:00,2.24902,2.24926,2.24862,2.24901,399
2025-07-11 10:40:00,2.24901,2.24939,2.24877,2.24886,373
2025-07-11 10:45:00,2.24886,2.24897,2.24832,2.24846,350
2025-07-11 10:50:00,2.24846,2.24858,2.24751,2.24761,411
2025-07-11 10:55:00,2.24757,2.24775,2.24708,2.24741,463
2025-07-11 11:00:00,2.24742,2.24826,2.24739,2.24806,436
2025-07-11 11:05:00,2.2481,2.24928,2.24808,2.2492,479
2025-07-11 11:10:00,2.2492,2.24946,2.2489,2.2493,426
2025-07-11 11:15:00,2.24934,2.24985,2.24927,2.2494,385
2025-07-11 11:20:00,2.2494,2.25012,2.24935,2.25007,375
2025-07-11 11:25:00,2.25009,2.25044,2.24976,2.2498,348
2025-07-11 11:30:00,2.24983,2.24984,2.249,2.2491,367
2025-07-11 11:35:00,2.2491,2.24955,2.24869,2.24927,337
2025-07-11 11:40:00,2.24927,2.24954,2.24884,2.24946,343
2025-07-11 11:45:00,2.24946,2.24968,2.24893,2.24907,394
2025-07-11 11:50:00,2.24905,2.25033,2.2488,2.25031,364
2025-07-11 11:55:00,2.25029,2.25117,2.25022,2.25117,427
2025-07-11 12:00:00,2.25117,2.25168,2.25092,2.25136,377
2025-07-11 12:05:00,2.25137,2.25172,2.25105,2.25114,343
2025-07-11 12:10:00,2.25114,2.25158,2.25102,2.25106,361
2025-07-11 12:15:00,2.25106,2.25185,2.25097,2.2517,302
2025-07-11 12:20:00,2.2517,2.25214,2.25164,2.25192,273
2025-07-11 12:25:00,2.25192,2.25284,2.25185,2.25227,368
2025-07-11 12:30:00,2.25235,2.25276,2.25215,2.25265,370
2025-07-11 12:35:00,2.25262,2.25266,2.25155,2.25171,354
2025-07-11 12:40:00,2.25168,2.25198,2.25144,2.25175,412
2025-07-11 12:45:00,2.25175,2.25177,2.25068,2.25091,336
2025-07-11 12:50:00,2.25089,2.2509,2.25019,2.25067,366
2025-07-11 12:55:00,2.2507099999999998,2.25143,2.25042,2.25097,416
2025-07-11 13:00:00,2.25098,2.25145,2.25063,2.25131,469
2025-07-11 13:05:00,2.25131,2.25166,2.25065,2.25065,361
2025-07-11 13:10:00,2.25066,2.25077,2.24918,2.2493,371
2025-07-11 13:15:00,2.2493,2.24933,2.24811,2.24822,426
2025-07-11 13:20:00,2.24822,2.24837,2.24774,2.24829,432
2025-07-11 13:25:00,2.2482699999999998,2.24829,2.24767,2.24816,374
2025-07-11 13:30:00,2.24816,2.2486800000000002,2.24797,2.24826,518
2025-07-11 13:35:00,2.24823,2.24863,2.24817,2.24853,281
2025-07-11 13:40:00,2.24853,2.24859,2.24811,2.24828,358
2025-07-11 13:45:00,2.24828,2.24832,2.24786,2.24802,301
2025-07-11 13:50:00,2.248,2.24808,2.2469,2.24777,420
2025-07-11 13:55:00,2.24769,2.24781,2.24665,2.24681,560
2025-07-11 14:00:00,2.24671,2.24723,2.24631,2.2464399999999998,528
2025-07-11 14:05:00,2.2464399999999998,2.24653,2.24608,2.24636,458
2025-07-11 14:10:00,2.24636,2.2471,2.24603,2.2471,438
2025-07-11 14:15:00,2.2471,2.24759,2.24688,2.24755,312
2025-07-11 14:20:00,2.24757,2.2483,2.24744,2.24752,328
2025-07-11 14:25:00,2.24752,2.2477,2.24604,2.24615,520
2025-07-11 14:30:00,2.24621,2.2464399999999998,2.24487,2.24491,488
2025-07-11 14:35:00,2.24491,2.2455600000000002,2.2448,2.2453,315
2025-07-11 14:40:00,2.24546,2.2455,2.24469,2.24483,400
2025-07-11 14:45:00,2.24487,2.24497,2.24405,2.24497,314
2025-07-11 14:50:00,2.2449500000000002,2.24505,2.24439,2.24496,319
2025-07-11 14:55:00,2.245,2.24503,2.24383,2.24491,531
2025-07-11 15:00:00,2.24493,2.24545,2.24482,2.24545,404
2025-07-11 15:05:00,2.24545,2.24655,2.24527,2.24614,447
2025-07-11 15:10:00,2.24614,2.24784,2.24613,2.24759,399
2025-07-11 15:15:00,2.24759,2.24796,2.24719,2.24736,287
2025-07-11 15:20:00,2.24728,2.24759,2.24633,2.24647,464
2025-07-11 15:25:00,2.24647,2.24664,2.24501,2.24502,318
2025-07-11 15:30:00,2.24502,2.24542,2.24401,2.24411,639
2025-07-11 15:35:00,2.24409,2.24415,2.2435,2.24385,599
2025-07-11 15:40:00,2.24385,2.24534,2.2438,2.24534,531
2025-07-11 15:45:00,2.24532,2.2454,2.24472,2.24515,506
2025-07-11 15:50:00,2.24519,2.24564,2.24489,2.24532,470
2025-07-11 15:55:00,2.24517,2.24576,2.2451,2.24537,437
2025-07-11 16:00:00,2.24533,2.24569,2.24487,2.2454,529
2025-07-11 16:05:00,2.24543,2.24604,2.24538,2.24592,449
2025-07-11 16:10:00,2.2459,2.24731,2.24588,2.24704,450
2025-07-11 16:15:00,2.24704,2.24729,2.24653,2.24675,451
2025-07-11 16:20:00,2.24669,2.24704,2.24569,2.24571,450
2025-07-11 16:25:00,2.24571,2.24589,2.2449500000000002,2.2449500000000002,457
2025-07-11 16:30:00,2.24497,2.24597,2.24475,2.24549,599
2025-07-11 16:35:00,2.24549,2.24586,2.24497,2.2455,611
2025-07-11 16:40:00,2.2455,2.24637,2.24493,2.24622,633
2025-07-11 16:45:00,2.24622,2.2468,2.24621,2.24654,521
2025-07-11 16:50:00,2.24655,2.24674,2.24524,2.24587,580
2025-07-11 16:55:00,2.24593,2.24686,2.24565,2.24679,574
2025-07-11 17:00:00,2.24679,2.24697,2.2462,2.24646,674
2025-07-11 17:05:00,2.24648,2.24653,2.24552,2.24595,501
2025-07-11 17:10:00,2.24596,2.24619,2.24513,2.24539,597
2025-07-11 17:15:00,2.24539,2.24578,2.24504,2.24546,610
2025-07-11 17:20:00,2.24548,2.2455,2.24425,2.24453,566
2025-07-11 17:25:00,2.24453,2.24475,2.24404,2.24429,512
2025-07-11 17:30:00,2.24424,2.24507,2.2439999999999998,2.24458,536
2025-07-11 17:35:00,2.24459,2.2456,2.24453,2.24549,514
2025-07-11 17:40:00,2.24551,2.24691,2.24548,2.24691,479
2025-07-11 17:45:00,2.2469,2.2481,2.24688,2.24786,474
2025-07-11 17:50:00,2.24786,2.24922,2.2478,2.24904,549
2025-07-11 17:55:00,2.24904,2.24972,2.24863,2.24873,642
2025-07-11 18:00:00,2.24873,2.24897,2.24784,2.2487,561
2025-07-11 18:05:00,2.24869,2.24889,2.24809,2.24811,393
2025-07-11 18:10:00,2.24813,2.24872,2.24813,2.2486800000000002,335
2025-07-11 18:15:00,2.2486800000000002,2.24898,2.24835,2.24883,314
2025-07-11 18:20:00,2.24878,2.24878,2.24751,2.24771,443
2025-07-11 18:25:00,2.24773,2.24784,2.24697,2.24701,351
2025-07-11 18:30:00,2.24702,2.24756,2.24666,2.24756,468
2025-07-11 18:35:00,2.24752,2.24779,2.24717,2.24729,322
2025-07-11 18:40:00,2.24729,2.24762,2.24653,2.24751,483
2025-07-11 18:45:00,2.2475,2.24768,2.24632,2.24632,379
2025-07-11 18:50:00,2.24632,2.24684,2.24612,2.24665,364
2025-07-11 18:55:00,2.24665,2.24699,2.24643,2.2466,426
2025-07-11 19:00:00,2.24658,2.2468500000000002,2.24625,2.24683,522
2025-07-11 19:05:00,2.2468500000000002,2.24777,2.24678,2.24771,397
2025-07-11 19:10:00,2.24771,2.24798,2.24747,2.24762,461
2025-07-11 19:15:00,2.24767,2.24836,2.24749,2.24829,413
2025-07-11 19:20:00,2.24833,2.24866,2.24799,2.24859,453
2025-07-11 19:25:00,2.24861,2.24881,2.24804,2.24824,406
2025-07-11 19:30:00,2.24824,2.2486800000000002,2.24757,2.24763,303
2025-07-11 19:35:00,2.2476599999999998,2.24787,2.24727,2.24783,249
2025-07-11 19:40:00,2.24787,2.24854,2.24786,2.24798,340
2025-07-11 19:45:00,2.24798,2.24884,2.24765,2.24841,476
2025-07-11 19:50:00,2.24839,2.24849,2.24808,2.24817,370
2025-07-11 19:55:00,2.24822,2.24828,2.24785,2.248,349
2025-07-11 20:00:00,2.248,2.24851,2.24773,2.24846,325
2025-07-11 20:05:00,2.24848,2.24895,2.24817,2.24832,239
2025-07-11 20:10:00,2.24832,2.24848,2.24792,2.24814,313
2025-07-11 20:15:00,2.24818,2.2484,2.24795,2.2482,249
2025-07-11 20:20:00,2.24818,2.24851,2.24779,2.24839,274
2025-07-11 20:25:00,2.24843,2.2485,2.248,2.24808,302
2025-07-11 20:30:00,2.24806,2.24832,2.24783,2.24803,397
2025-07-11 20:35:00,2.24803,2.24853,2.24803,2.24838,299
2025-07-11 20:40:00,2.2484,2.24871,2.24825,2.24848,373
2025-07-11 20:45:00,2.24852,2.24878,2.24823,2.2486800000000002,352
2025-07-11 20:50:00,2.24871,2.24877,2.24808,2.2482699999999998,389
2025-07-11 20:55:00,2.24828,2.24857,2.24803,2.24853,274
2025-07-11 21:00:00,2.24848,2.24891,2.24822,2.24857,384
2025-07-11 21:05:00,2.2486,2.2488,2.24796,2.24811,399
2025-07-11 21:10:00,2.24815,2.24828,2.24784,2.2479,383
2025-07-11 21:15:00,2.2479,2.24815,2.24761,2.24778,317
2025-07-11 21:20:00,2.24775,2.2480700000000002,2.24737,2.24773,288
2025-07-11 21:25:00,2.24774,2.24801,2.24744,2.2476599999999998,363
2025-07-11 21:30:00,2.2477,2.24818,2.24762,2.24804,310
2025-07-11 21:35:00,2.24791,2.2480700000000002,2.24756,2.24784,299
2025-07-11 21:40:00,2.24782,2.24791,2.24755,2.24759,343
2025-07-11 21:45:00,2.24763,2.24803,2.2474600000000002,2.2478,269
2025-07-11 21:50:00,2.24775,2.24794,2.24737,2.24762,321
2025-07-11 21:55:00,2.24764,2.24792,2.24741,2.2477,337
2025-07-11 22:00:00,2.2477,2.24789,2.24727,2.24769,301
2025-07-11 22:05:00,2.24769,2.24781,2.24708,2.24718,230
2025-07-11 22:10:00,2.24725,2.24733,2.24688,2.24706,256
2025-07-11 22:15:00,2.24704,2.24745,2.2469,2.24745,286
2025-07-11 22:20:00,2.24745,2.24748,2.24699,2.24727,258
2025-07-11 22:25:00,2.24727,2.24749,2.24707,2.24744,221
2025-07-11 22:30:00,2.24741,2.24763,2.24709,2.24729,288
2025-07-11 22:35:00,2.24731,2.24765,2.24714,2.24753,269
2025-07-11 22:40:00,2.24753,2.24758,2.24711,2.24739,207
2025-07-11 22:45:00,2.24737,2.24752,2.24711,2.24732,212
2025-07-11 22:50:00,2.24732,2.24769,2.24706,2.24724,227
2025-07-11 22:55:00,2.24726,2.24757,2.24706,2.2472,284
2025-07-11 23:00:00,2.2472,2.24742,2.2468500000000002,2.24698,233
2025-07-11 23:05:00,2.24698,2.247,2.24657,2.24664,194
2025-07-11 23:10:00,2.24668,2.24712,2.2465,2.24689,207
2025-07-11 23:15:00,2.24691,2.24702,2.24655,2.24682,119
2025-07-11 23:20:00,2.24684,2.24695,2.24642,2.24662,216
2025-07-11 23:25:00,2.24664,2.2467,2.24625,2.24656,213
2025-07-11 23:30:00,2.24663,2.24676,2.24613,2.24627,200
2025-07-11 23:35:00,2.24625,2.2466,2.24611,2.24626,187
2025-07-11 23:40:00,2.24626,2.24626,2.24322,2.24341,177
2025-07-11 23:45:00,2.24333,2.24369,2.24299,2.24302,160
2025-07-11 23:50:00,2.24305,2.2433,2.24265,2.24276,150
2025-07-11 23:55:00,2.2428,2.243,2.24115,2.24219,433
2025-07-14 00:00:00,2.24647,2.24647,2.24262,2.24296,9
2025-07-14 00:05:00,2.24407,2.24407,2.24222,2.24238,36
2025-07-14 00:10:00,2.24238,2.24248,2.24186,2.24238,76
2025-07-14 00:15:00,2.24238,2.24338,2.2421,2.24268,61
2025-07-14 00:20:00,2.24268,2.2427,2.2403399999999998,2.24203,43
2025-07-14 00:25:00,2.24207,2.24294,2.24205,2.24277,69
2025-07-14 00:30:00,2.24292,2.24407,2.2426,2.24287,103
2025-07-14 00:35:00,2.24288,2.24488,2.24283,2.2448,78
2025-07-14 00:40:00,2.2448,2.2451,2.24451,2.2451,102
2025-07-14 00:45:00,2.2451,2.2456,2.24493,2.24552,77
2025-07-14 00:50:00,2.24552,2.24628,2.24545,2.24628,68
2025-07-14 00:55:00,2.24626,2.24638,2.24618,2.24618,61
2025-07-14 01:00:00,2.24708,2.24757,2.24577,2.24696,462
2025-07-14 01:05:00,2.2468500000000002,2.2474600000000002,2.24616,2.24651,216
2025-07-14 01:10:00,2.24651,2.24682,2.24627,2.24648,333
2025-07-14 01:15:00,2.24648,2.24666,2.24607,2.24649,338
2025-07-14 01:20:00,2.24653,2.24687,2.24649,2.24663,315
2025-07-14 01:25:00,2.24663,2.24666,2.24606,2.24642,277
2025-07-14 01:30:00,2.24641,2.24709,2.2463,2.2468500000000002,244
2025-07-14 01:35:00,2.2468500000000002,2.24718,2.24658,2.24699,198
2025-07-14 01:40:00,2.24699,2.2472,2.24687,2.24693,172
2025-07-14 01:45:00,2.24695,2.2479,2.24687,2.2476,117
2025-07-14 01:50:00,2.2476,2.24795,2.24747,2.24753,188
2025-07-14 01:55:00,2.24763,2.248,2.24751,2.24793,182
2025-07-14 02:00:00,2.24791,2.24815,2.24777,2.24787,241
2025-07-14 02:05:00,2.24787,2.24837,2.24772,2.24794,214
2025-07-14 02:10:00,2.24794,2.24808,2.24735,2.24756,166
2025-07-14 02:15:00,2.24754,2.24757,2.24679,2.24714,211
2025-07-14 02:20:00,2.24719,2.24759,2.24704,2.24747,231
2025-07-14 02:25:00,2.24747,2.24765,2.2471,2.24735,283
2025-07-14 02:30:00,2.24741,2.2480700000000002,2.24738,2.24784,326
2025-07-14 02:35:00,2.24777,2.24809,2.24747,2.24755,297
2025-07-14 02:40:00,2.24755,2.2476599999999998,2.24646,2.24688,340
2025-07-14 02:45:00,2.24691,2.2472,2.24614,2.24638,227
2025-07-14 02:50:00,2.24638,2.24645,2.24575,2.24607,194
2025-07-14 02:55:00,2.24603,2.2467,2.24593,2.24665,256
2025-07-14 03:00:00,2.24674,2.24689,2.24581,2.24587,544
2025-07-14 03:05:00,2.24587,2.246,2.24523,2.2456,408
2025-07-14 03:10:00,2.24558,2.24611,2.24536,2.2455600000000002,413
2025-07-14 03:15:00,2.2455600000000002,2.24582,2.24513,2.24535,413
2025-07-14 03:20:00,2.24533,2.24601,2.24514,2.24531,362
2025-07-14 03:25:00,2.24531,2.24557,2.24498,2.24523,285
2025-07-14 03:30:00,2.24523,2.24525,2.24476,2.24506,351
2025-07-14 03:35:00,2.24508,2.2452,2.24475,2.24514,316
2025-07-14 03:40:00,2.24517,2.24554,2.24514,2.24543,301
2025-07-14 03:45:00,2.24542,2.24614,2.24525,2.24609,286
2025-07-14 03:50:00,2.24606,2.24712,2.24606,2.24672,522
2025-07-14 03:55:00,2.24671,2.24773,2.24656,2.24659,516
2025-07-14 04:00:00,2.24658,2.24755,2.24612,2.24747,532
2025-07-14 04:05:00,2.24747,2.24861,2.24737,2.24839,483
2025-07-14 04:10:00,2.24842,2.25029,2.24833,2.25024,444
2025-07-14 04:15:00,2.25024,2.25223,2.25019,2.25223,450
2025-07-14 04:20:00,2.25225,2.25333,2.25214,2.2532,583
2025-07-14 04:25:00,2.25321,2.25368,2.25257,2.25292,399
2025-07-14 04:30:00,2.25291,2.25416,2.2526,2.25317,599
2025-07-14 04:35:00,2.25313,2.25373,2.25244,2.2535600000000002,456
2025-07-14 04:40:00,2.25361,2.25361,2.2522,2.25236,491
2025-07-14 04:45:00,2.25231,2.25284,2.25198,2.2521,402
2025-07-14 04:50:00,2.25214,2.25331,2.25208,2.25287,481
2025-07-14 04:55:00,2.2529,2.25321,2.25231,2.25236,523
2025-07-14 05:00:00,2.25232,2.25415,2.25224,2.25415,500
2025-07-14 05:05:00,2.25403,2.25405,2.25335,2.25378,417
2025-07-14 05:10:00,2.25378,2.25421,2.2533,2.25338,335
2025-07-14 05:15:00,2.25338,2.25351,2.25297,2.2531,334
2025-07-14 05:20:00,2.2531,2.2531499999999998,2.252,2.25206,318
2025-07-14 05:25:00,2.25206,2.25238,2.25167,2.25188,274
2025-07-14 05:30:00,2.2519299999999998,2.25252,2.25155,2.25174,251
2025-07-14 05:35:00,2.25174,2.25249,2.25156,2.2524,311
2025-07-14 05:40:00,2.2524,2.25251,2.25126,2.25141,528
2025-07-14 05:45:00,2.25139,2.25143,2.25068,2.2508,349
2025-07-14 05:50:00,2.2508,2.25091,2.25045,2.25046,310
2025-07-14 05:55:00,2.25047,2.25105,2.25037,2.25083,340
2025-07-14 06:00:00,2.25081,2.25121,2.25056,2.25097,349
2025-07-14 06:05:00,2.25093,2.25156,2.25077,2.25131,343
2025-07-14 06:10:00,2.25131,2.25194,2.25114,2.25165,345
2025-07-14 06:15:00,2.25154,2.25243,2.25149,2.25223,310
2025-07-14 06:20:00,2.25225,2.25236,2.25116,2.25153,367
2025-07-14 06:25:00,2.25153,2.25222,2.25151,2.2522,290
2025-07-14 06:30:00,2.25222,2.25228,2.2517,2.25225,305
2025-07-14 06:35:00,2.25225,2.25226,2.25169,2.25175,250
2025-07-14 06:40:00,2.25177,2.25205,2.25127,2.25184,369
2025-07-14 06:45:00,2.25184,2.25203,2.2517300000000002,2.25185,257
2025-07-14 06:50:00,2.25184,2.25184,2.25046,2.25091,558
2025-07-14 06:55:00,2.25093,2.25155,2.25074,2.25123,347
2025-07-14 07:00:00,2.25121,2.2523,2.25121,2.25219,408
2025-07-14 07:05:00,2.25217,2.25296,2.25215,2.25246,301
2025-07-14 07:10:00,2.25245,2.25287,2.25134,2.2514,292
2025-07-14 07:15:00,2.25138,2.2523400000000002,2.25136,2.25226,347
2025-07-14 07:20:00,2.25226,2.25246,2.25134,2.25161,314
2025-07-14 07:25:00,2.25152,2.25196,2.25118,2.2515,316
2025-07-14 07:30:00,2.2515,2.25187,2.2512499999999998,2.25168,280
2025-07-14 07:35:00,2.25166,2.25179,2.25149,2.25171,265
2025-07-14 07:40:00,2.25171,2.2523400000000002,2.25161,2.25228,299
2025-07-14 07:45:00,2.25233,2.2523400000000002,2.25152,2.25222,346
2025-07-14 07:50:00,2.25222,2.25245,2.25209,2.2524,278
2025-07-14 07:55:00,2.2524,2.25299,2.25232,2.25266,282
2025-07-14 08:00:00,2.25266,2.25267,2.25179,2.25182,362
2025-07-14 08:05:00,2.25179,2.2522,2.25093,2.25093,285
2025-07-14 08:10:00,2.25093,2.2511200000000002,2.25033,2.25107,334
2025-07-14 08:15:00,2.25107,2.2519299999999998,2.25107,2.2518599999999998,291
2025-07-14 08:20:00,2.2518599999999998,2.25204,2.25093,2.25135,357
2025-07-14 08:25:00,2.25137,2.25137,2.25034,2.25067,315
2025-07-14 08:30:00,2.25069,2.25073,2.24981,2.25045,357
2025-07-14 08:35:00,2.25049,2.2505800000000002,2.24912,2.24957,384
2025-07-14 08:40:00,2.24955,2.24971,2.24886,2.24924,335
2025-07-14 08:45:00,2.24917,2.24997,2.24907,2.24993,345
2025-07-14 08:50:00,2.24992,2.25084,2.24963,2.24993,388
2025-07-14 08:55:00,2.24993,2.25074,2.24976,2.2507,364
2025-07-14 09:00:00,2.25077,2.25108,2.24956,2.24972,500
2025-07-14 09:05:00,2.24972,2.25016,2.24928,2.24933,327
2025-07-14 09:10:00,2.24931,2.2499000000000002,2.24913,2.24965,366
2025-07-14 09:15:00,2.24965,2.24979,2.24875,2.24959,375
2025-07-14 09:20:00,2.24963,2.24976,2.24902,2.24925,525
2025-07-14 09:25:00,2.24925,2.24946,2.24874,2.24898,410
2025-07-14 09:30:00,2.24901,2.24978,2.24898,2.24928,439
2025-07-14 09:35:00,2.24934,2.24969,2.24884,2.24914,398
2025-07-14 09:40:00,2.24916,2.2492900000000002,2.24826,2.24846,393
2025-07-14 09:45:00,2.24838,2.24856,2.24745,2.24772,364
2025-07-14 09:50:00,2.24772,2.24964,2.24771,2.2496,374
2025-07-14 09:55:00,2.2496,2.24965,2.24902,2.24921,426
2025-07-14 10:00:00,2.24923,2.2517,2.24889,2.25117,522
2025-07-14 10:05:00,2.2512,2.25134,2.25015,2.25027,384
2025-07-14 10:10:00,2.2503,2.2512,2.25016,2.25026,549
2025-07-14 10:15:00,2.25024,2.25117,2.25013,2.25068,430
2025-07-14 10:20:00,2.25069,2.25141,2.25065,2.25109,431
2025-07-14 10:25:00,2.25109,2.25286,2.25098,2.25286,472
2025-07-14 10:30:00,2.25279,2.25316,2.2519,2.25249,584
2025-07-14 10:35:00,2.25249,2.25259,2.2517,2.25206,494
2025-07-14 10:40:00,2.2521,2.25276,2.25077,2.25101,523
2025-07-14 10:45:00,2.25099,2.25107,2.2504,2.25054,531
2025-07-14 10:50:00,2.25055,2.2511900000000002,2.25023,2.25085,492
2025-07-14 10:55:00,2.25083,2.25146,2.25004,2.25036,482
2025-07-14 11:00:00,2.25036,2.25098,2.25022,2.25054,469
2025-07-14 11:05:00,2.25053,2.2507,2.24955,2.24995,380
2025-07-14 11:10:00,2.24995,2.25034,2.24977,2.24998,380
2025-07-14 11:15:00,2.24995,2.25038,2.2496,2.25002,345
2025-07-14 11:20:00,2.25002,2.25066,2.24992,2.2506399999999998,413
2025-07-14 11:25:00,2.25066,2.25083,2.25008,2.25036,275
2025-07-14 11:30:00,2.2504,2.25075,2.24997,2.25075,324
2025-07-14 11:35:00,2.2506399999999998,2.25088,2.25032,2.25088,323
2025-07-14 11:40:00,2.25088,2.25105,2.25013,2.25014,299
2025-07-14 11:45:00,2.25018,2.25076,2.24981,2.25033,372
2025-07-14 11:50:00,2.25029,2.25075,2.25015,2.25059,409
2025-07-14 11:55:00,2.25057,2.25075,2.24959,2.2498,439
2025-07-14 12:00:00,2.24978,2.25036,2.24975,2.25028,355
2025-07-14 12:05:00,2.25036,2.25085,2.24996,2.25052,274
2025-07-14 12:10:00,2.25054,2.25054,2.24971,2.24981,338
2025-07-14 12:15:00,2.24981,2.24989,2.24887,2.24938,345
2025-07-14 12:20:00,2.24937,2.24959,2.24891,2.24924,228
2025-07-14 12:25:00,2.24927,2.24945,2.24867,2.24924,351
2025-07-14 12:30:00,2.24931,2.24936,2.24875,2.24891,396
2025-07-14 12:35:00,2.24891,2.24977,2.2489,2.24945,270
2025-07-14 12:40:00,2.2494899999999998,2.25014,2.2492,2.25013,299
2025-07-14 12:45:00,2.25015,2.25015,2.24942,2.24944,234
2025-07-14 12:50:00,2.24943,2.25069,2.24943,2.25065,251
2025-07-14 12:55:00,2.25068,2.25104,2.25033,2.25033,453
2025-07-14 13:00:00,2.25033,2.25033,2.24945,2.24978,481
2025-07-14 13:05:00,2.24982,2.24997,2.24945,2.24994,307
2025-07-14 13:10:00,2.24994,2.2504,2.24954,2.25035,327
2025-07-14 13:15:00,2.25035,2.25068,2.25005,2.25031,326
2025-07-14 13:20:00,2.25031,2.25031,2.24982,2.24996,238
2025-07-14 13:25:00,2.24998,2.2500999999999998,2.24953,2.24996,213
2025-07-14 13:30:00,2.24999,2.25045,2.24996,2.25035,284
2025-07-14 13:35:00,2.25035,2.2506399999999998,2.25007,2.25052,233
2025-07-14 13:40:00,2.25052,2.25094,2.25044,2.25086,306
2025-07-14 13:45:00,2.25085,2.25189,2.25053,2.25162,308
2025-07-14 13:50:00,2.25164,2.25204,2.25118,2.25165,284
2025-07-14 13:55:00,2.25164,2.25164,2.24994,2.25008,402
2025-07-14 14:00:00,2.25002,2.25031,2.24979,2.25013,329
2025-07-14 14:05:00,2.25013,2.2506,2.24975,2.25001,303
2025-07-14 14:10:00,2.25001,2.25018,2.24986,2.25009,261
2025-07-14 14:15:00,2.25011,2.2502,2.24933,2.24944,273
2025-07-14 14:20:00,2.24946,2.24964,2.24908,2.24952,218
2025-07-14 14:25:00,2.24952,2.2496,2.24899,2.24959,244
2025-07-14 14:30:00,2.24965,2.24995,2.24937,2.2495,348
2025-07-14 14:35:00,2.2495,2.2495,2.24901,2.24922,253
2025-07-14 14:40:00,2.24926,2.24983,2.24898,2.24978,274
2025-07-14 14:45:00,2.24978,2.24978,2.24889,2.24971,402
2025-07-14 14:50:00,2.24973,2.2506,2.24969,2.25055,335
2025-07-14 14:55:00,2.2505800000000002,2.251,2.25007,2.25055,398
2025-07-14 15:00:00,2.25056,2.25117,2.25031,2.25105,402
2025-07-14 15:05:00,2.25101,2.25157,2.25101,2.25157,208
2025-07-14 15:10:00,2.25153,2.25187,2.25128,2.25144,362
2025-07-14 15:15:00,2.25146,2.25157,2.2506,2.25084,345
2025-07-14 15:20:00,2.25084,2.25149,2.25062,2.25098,358
2025-07-14 15:25:00,2.25098,2.2514,2.25085,2.25133,374
2025-07-14 15:30:00,2.2513,2.25154,2.25066,2.25093,478
2025-07-14 15:35:00,2.25093,2.25155,2.25075,2.25115,433
2025-07-14 15:40:00,2.25115,2.25159,2.251,2.25127,400
2025-07-14 15:45:00,2.25127,2.25175,2.25111,2.25167,397
2025-07-14 15:50:00,2.25167,2.25177,2.25134,2.25154,263
2025-07-14 15:55:00,2.25154,2.25197,2.25116,2.2518000000000002,325
2025-07-14 16:00:00,2.2518000000000002,2.25227,2.25165,2.25168,471
2025-07-14 16:05:00,2.2517,2.25195,2.2511,2.25191,394
2025-07-14 16:10:00,2.2519,2.25286,2.25158,2.25278,361
2025-07-14 16:15:00,2.25279,2.25279,2.25194,2.25256,349
2025-07-14 16:20:00,2.2525399999999998,2.25274,2.2519,2.25213,319
2025-07-14 16:25:00,2.25213,2.25235,2.25172,2.25191,365
2025-07-14 16:30:00,2.25187,2.25225,2.25158,2.25177,520
2025-07-14 16:35:00,2.25172,2.25216,2.25145,2.2517300000000002,486
2025-07-14 16:40:00,2.2517300000000002,2.25244,2.25139,2.25211,450
2025-07-14 16:45:00,2.25211,2.25224,2.25127,2.25141,386
2025-07-14 16:50:00,2.25143,2.25165,2.25061,2.25111,447
2025-07-14 16:55:00,2.25111,2.252,2.25108,2.25165,616
2025-07-14 17:00:00,2.25171,2.25215,2.25148,2.25153,593
2025-07-14 17:05:00,2.25153,2.25172,2.2512499999999998,2.2515,388
2025-07-14 17:10:00,2.25154,2.25185,2.2511,2.25183,355
2025-07-14 17:15:00,2.25183,2.2522,2.25162,2.25207,348
2025-07-14 17:20:00,2.25211,2.25226,2.25151,2.25161,320
2025-07-14 17:25:00,2.25161,2.25217,2.25154,2.25199,453
2025-07-14 17:30:00,2.25198,2.25253,2.2518000000000002,2.25201,482
2025-07-14 17:35:00,2.25201,2.25212,2.25107,2.2517300000000002,440
2025-07-14 17:40:00,2.2517300000000002,2.2518000000000002,2.2506,2.2511200000000002,535
2025-07-14 17:45:00,2.2511200000000002,2.25114,2.25031,2.25042,453
2025-07-14 17:50:00,2.25042,2.25067,2.24982,2.24983,553
2025-07-14 17:55:00,2.2498,2.25015,2.24845,2.24908,711
2025-07-14 18:00:00,2.24908,2.24946,2.24871,2.24905,697
2025-07-14 18:05:00,2.24905,2.24923,2.24761,2.24782,489
2025-07-14 18:10:00,2.24779,2.2483,2.24761,2.24781,459
2025-07-14 18:15:00,2.24779,2.24799,2.24747,2.24795,432
2025-07-14 18:20:00,2.24802,2.24831,2.24777,2.2482,437
2025-07-14 18:25:00,2.2482,2.24832,2.24774,2.24774,397
2025-07-14 18:30:00,2.24776,2.24809,2.24753,2.24771,454
2025-07-14 18:35:00,2.24772,2.24811,2.24696,2.24706,479
2025-07-14 18:40:00,2.24706,2.24706,2.24649,2.24689,426
2025-07-14 18:45:00,2.24689,2.24732,2.24674,2.24729,412
2025-07-14 18:50:00,2.24729,2.24765,2.24722,2.24755,385
2025-07-14 18:55:00,2.24756,2.24912,2.24744,2.24912,661
2025-07-14 19:00:00,2.24905,2.24999,2.2488799999999998,2.24957,611
2025-07-14 19:05:00,2.24956,2.24992,2.24935,2.24941,453
2025-07-14 19:10:00,2.24948,2.24982,2.24895,2.2492900000000002,505
2025-07-14 19:15:00,2.24928,2.24947,2.24889,2.24938,430
2025-07-14 19:20:00,2.24936,2.24994,2.24935,2.24991,438
2025-07-14 19:25:00,2.24991,2.25052,2.24977,2.2498,381
2025-07-14 19:30:00,2.24978,2.2502,2.24942,2.24966,398
2025-07-14 19:35:00,2.24966,2.24975,2.24897,2.24966,352
2025-07-14 19:40:00,2.24962,2.25004,2.24938,2.24962,398
2025-07-14 19:45:00,2.24966,2.24993,2.24919,2.24975,315
2025-07-14 19:50:00,2.24978,2.25014,2.24875,2.24897,388
2025-07-14 19:55:00,2.24895,2.24918,2.24856,2.24886,382
2025-07-14 20:00:00,2.24886,2.2489,2.24822,2.24831,367
2025-07-14 20:05:00,2.24831,2.24841,2.24721,2.24755,337
2025-07-14 20:10:00,2.24757,2.24789,2.24726,2.24782,319
2025-07-14 20:15:00,2.2478,2.2478,2.24734,2.2476599999999998,259
2025-07-14 20:20:00,2.2476599999999998,2.24774,2.24708,2.24719,248
2025-07-14 20:25:00,2.24706,2.24738,2.24676,2.24715,265
2025-07-14 20:30:00,2.24708,2.2475,2.24679,2.2474600000000002,282
2025-07-14 20:35:00,2.2474600000000002,2.24791,2.24738,2.24773,222
2025-07-14 20:40:00,2.24775,2.24795,2.2475,2.24772,249
2025-07-14 20:45:00,2.24775,2.24873,2.24773,2.24871,317
2025-07-14 20:50:00,2.24871,2.24884,2.24806,2.24848,231
2025-07-14 20:55:00,2.24852,2.24879,2.24824,2.24847,290
2025-07-14 21:00:00,2.24845,2.24851,2.24801,2.24805,334
2025-07-14 21:05:00,2.24805,2.24808,2.24742,2.24765,237
2025-07-14 21:10:00,2.24764,2.24823,2.24758,2.24804,268
2025-07-14 21:15:00,2.24813,2.24814,2.24764,2.2478,213
2025-07-14 21:20:00,2.24778,2.2480700000000002,2.2476599999999998,2.24784,216
2025-07-14 21:25:00,2.24781,2.24785,2.24723,2.2475,210
2025-07-14 21:30:00,2.2474600000000002,2.24752,2.24698,2.24733,275
2025-07-14 21:35:00,2.24729,2.24748,2.24697,2.2473,302
2025-07-14 21:40:00,2.2473,2.24739,2.24679,2.24731,248
2025-07-14 21:45:00,2.24729,2.24729,2.24663,2.2467,191
2025-07-14 21:50:00,2.24668,2.2468500000000002,2.24634,2.24653,278
2025-07-14 21:55:00,2.24652,2.24718,2.24651,2.24662,281
2025-07-14 22:00:00,2.24669,2.24683,2.24625,2.24646,258
2025-07-14 22:05:00,2.24646,2.24715,2.24637,2.24694,214
2025-07-14 22:10:00,2.24695,2.2477,2.24661,2.24769,198
2025-07-14 22:15:00,2.24769,2.24782,2.24736,2.24751,153
2025-07-14 22:20:00,2.24751,2.24768,2.24703,2.24747,212
2025-07-14 22:25:00,2.24751,2.24759,2.24725,2.2475,144
2025-07-14 22:30:00,2.24754,2.24761,2.24729,2.24753,204
2025-07-14 22:35:00,2.24753,2.24765,2.24686,2.2470499999999998,232
2025-07-14 22:40:00,2.2470499999999998,2.24731,2.24678,2.24703,227
2025-07-14 22:45:00,2.24703,2.24733,2.24665,2.24689,187
2025-07-14 22:50:00,2.24689,2.24696,2.24662,2.24686,206
2025-07-14 22:55:00,2.24686,2.24709,2.24647,2.24674,294
2025-07-14 23:00:00,2.24672,2.24708,2.24657,2.24703,202
2025-07-14 23:05:00,2.24704,2.24761,2.24689,2.24728,132
2025-07-14 23:10:00,2.24729,2.2474600000000002,2.24686,2.2471,137
2025-07-14 23:15:00,2.24712,2.24748,2.24692,2.24748,105
2025-07-14 23:20:00,2.24731,2.24759,2.24722,2.24754,138
2025-07-14 23:25:00,2.24754,2.24761,2.24731,2.24751,57
2025-07-14 23:30:00,2.2475,2.24798,2.24728,2.24794,144
2025-07-14 23:35:00,2.24794,2.24797,2.24771,2.24789,89
2025-07-14 23:40:00,2.24523,2.24526,2.24466,2.24481,71
2025-07-14 23:45:00,2.24482,2.24498,2.24477,2.24477,80
2025-07-14 23:50:00,2.24477,2.2452,2.24462,2.24477,154
2025-07-14 23:55:00,2.24473,2.24765,2.24466,2.24759,212
2025-07-15 00:00:00,2.24733,2.24733,2.24346,2.24436,17
2025-07-15 00:05:00,2.24511,2.24511,2.2446,2.24504,43
2025-07-15 00:10:00,2.24508,2.24526,2.24459,2.24502,50
2025-07-15 00:15:00,2.24502,2.24577,2.24433,2.24555,69
2025-07-15 00:20:00,2.24586,2.24602,2.24576,2.24593,104
2025-07-15 00:25:00,2.24594,2.24606,2.24429,2.24464,62
2025-07-15 00:30:00,2.24432,2.246,2.24429,2.24527,193
2025-07-15 00:35:00,2.24527,2.24572,2.24519,2.2455,128
2025-07-15 00:40:00,2.24545,2.24632,2.2454,2.24617,226
2025-07-15 00:45:00,2.24619,2.24696,2.2459,2.24683,164
2025-07-15 00:50:00,2.24654,2.24694,2.24646,2.2465,236
2025-07-15 00:55:00,2.24652,2.2467,2.24607,2.24618,296
2025-07-15 01:00:00,2.24618,2.24793,2.24618,2.24771,373
2025-07-15 01:05:00,2.24759,2.24774,2.24741,2.2474600000000002,268
2025-07-15 01:10:00,2.24744,2.2478,2.24744,2.24772,154
2025-07-15 01:15:00,2.24769,2.24775,2.24721,2.24751,452
2025-07-15 01:20:00,2.24751,2.24763,2.24747,2.24752,80
2025-07-15 01:25:00,2.24754,2.24777,2.24741,2.24777,152
2025-07-15 01:30:00,2.2478,2.24809,2.2474600000000002,2.24749,169
2025-07-15 01:35:00,2.24749,2.24775,2.24739,2.24761,156
2025-07-15 01:40:00,2.24761,2.24803,2.24751,2.24779,251
2025-07-15 01:45:00,2.24781,2.248,2.24776,2.24791,242
2025-07-15 01:50:00,2.24788,2.24793,2.24752,2.2476599999999998,421
2025-07-15 01:55:00,2.2477,2.24785,2.24728,2.24758,120
2025-07-15 02:00:00,2.24755,2.2480700000000002,2.24743,2.2480700000000002,119
2025-07-15 02:05:00,2.24805,2.24805,2.24739,2.24751,158
2025-07-15 02:10:00,2.24751,2.24783,2.24742,2.24743,126
2025-07-15 02:15:00,2.24743,2.24796,2.24743,2.24796,66
2025-07-15 02:20:00,2.24796,2.24812,2.24783,2.24793,93
2025-07-15 02:25:00,2.24794,2.24822,2.24782,2.24818,165
2025-07-15 02:30:00,2.24818,2.24847,2.24816,2.24816,150
2025-07-15 02:35:00,2.24817,2.24818,2.24784,2.24803,116
2025-07-15 02:40:00,2.24801,2.24823,2.24787,2.24822,136
2025-07-15 02:45:00,2.24815,2.24834,2.24804,2.2482699999999998,102
2025-07-15 02:50:00,2.24823,2.24841,2.24793,2.248,145
2025-07-15 02:55:00,2.248,2.24857,2.24786,2.24846,190
2025-07-15 03:00:00,2.24846,2.24861,2.24663,2.24707,469
2025-07-15 03:05:00,2.24706,2.24716,2.24625,2.24628,297
2025-07-15 03:10:00,2.24632,2.24655,2.24569,2.24578,285
2025-07-15 03:15:00,2.24578,2.2472,2.24574,2.24718,352
2025-07-15 03:20:00,2.24716,2.24744,2.2468500000000002,2.247,255
2025-07-15 03:25:00,2.24698,2.24742,2.24691,2.2473,243
2025-07-15 03:30:00,2.24731,2.2477,2.24717,2.24748,279
2025-07-15 03:35:00,2.24745,2.24745,2.2467,2.24676,258
2025-07-15 03:40:00,2.24676,2.24711,2.24655,2.24701,277
2025-07-15 03:45:00,2.24701,2.24718,2.24674,2.24682,320
2025-07-15 03:50:00,2.24682,2.24731,2.24652,2.24667,424
2025-07-15 03:55:00,2.24669,2.2471,2.24631,2.24698,388
2025-07-15 04:00:00,2.24698,2.24735,2.24651,2.24718,425
2025-07-15 04:05:00,2.24713,2.24758,2.24683,2.24709,306
2025-07-15 04:10:00,2.24706,2.24727,2.2468500000000002,2.24702,295
2025-07-15 04:15:00,2.247,2.24712,2.24669,2.24696,266
2025-07-15 04:20:00,2.24688,2.24734,2.24682,2.24704,283
2025-07-15 04:25:00,2.24709,2.24753,2.24701,2.24734,367
2025-07-15 04:30:00,2.24735,2.24748,2.24658,2.24724,433
2025-07-15 04:35:00,2.24726,2.24736,2.24692,2.24709,275
2025-07-15 04:40:00,2.24709,2.2475,2.24678,2.24682,277
2025-07-15 04:45:00,2.24681,2.24681,2.2453,2.24547,305
2025-07-15 04:50:00,2.2455,2.24578,2.24455,2.24468,581
2025-07-15 04:55:00,2.24462,2.24541,2.24462,2.24537,436
2025-07-15 05:00:00,2.24525,2.24551,2.24476,2.24548,452
2025-07-15 05:05:00,2.24546,2.24548,2.24496,2.24526,367
2025-07-15 05:10:00,2.24527,2.24558,2.24508,2.24542,385
2025-07-15 05:15:00,2.24542,2.24678,2.24535,2.24642,340
2025-07-15 05:20:00,2.2465,2.24675,2.24605,2.24641,308
2025-07-15 05:25:00,2.24641,2.24662,2.24567,2.24581,260
2025-07-15 05:30:00,2.24582,2.24597,2.24536,2.24582,347
2025-07-15 05:35:00,2.24584,2.24622,2.24566,2.24616,322
2025-07-15 05:40:00,2.24616,2.2464,2.24597,2.24637,271
2025-07-15 05:45:00,2.24647,2.24709,2.24633,2.24673,330
2025-07-15 05:50:00,2.24673,2.24692,2.24611,2.24657,380
2025-07-15 05:55:00,2.24659,2.24704,2.24659,2.24677,262
2025-07-15 06:00:00,2.24682,2.2475,2.24666,2.24724,236
2025-07-15 06:05:00,2.24724,2.24738,2.2467,2.24674,218
2025-07-15 06:10:00,2.24674,2.247,2.24657,2.24672,282
2025-07-15 06:15:00,2.24672,2.24711,2.24657,2.2468,223
2025-07-15 06:20:00,2.2468,2.24712,2.24672,2.24703,266
2025-07-15 06:25:00,2.24703,2.2471,2.2464399999999998,2.2464399999999998,237
2025-07-15 06:30:00,2.24652,2.24658,2.24616,2.24645,279
2025-07-15 06:35:00,2.24645,2.24668,2.24641,2.24654,304
2025-07-15 06:40:00,2.24654,2.24663,2.24629,2.24633,179
2025-07-15 06:45:00,2.24633,2.24681,2.24624,2.24681,192
2025-07-15 06:50:00,2.24679,2.24684,2.2466,2.2466,150
2025-07-15 06:55:00,2.24662,2.24677,2.2461,2.24633,253
2025-07-15 07:00:00,2.24629,2.24645,2.2459,2.2462,215
2025-07-15 07:05:00,2.2462,2.24643,2.24595,2.24635,241
2025-07-15 07:10:00,2.24628,2.2464399999999998,2.246,2.2463,286
2025-07-15 07:15:00,2.2463,2.24678,2.24627,2.24657,269
2025-07-15 07:20:00,2.24659,2.24661,2.24613,2.24618,297
2025-07-15 07:25:00,2.24618,2.24639,2.24594,2.24625,230
2025-07-15 07:30:00,2.24625,2.24658,2.24607,2.24648,321
2025-07-15 07:35:00,2.2464399999999998,2.24686,2.24643,2.24662,225
2025-07-15 07:40:00,2.24662,2.24707,2.24645,2.24686,257
2025-07-15 07:45:00,2.24686,2.24686,2.24656,2.24681,217
2025-07-15 07:50:00,2.24681,2.24686,2.24659,2.24681,155
2025-07-15 07:55:00,2.24681,2.24704,2.24669,2.24702,244
2025-07-15 08:00:00,2.24699,2.24738,2.24675,2.24718,259
2025-07-15 08:05:00,2.24721,2.24745,2.24695,2.24709,270
2025-07-15 08:10:00,2.24709,2.24715,2.24663,2.24693,261
2025-07-15 08:15:00,2.24694,2.24699,2.24664,2.24669,249
2025-07-15 08:20:00,2.24669,2.24678,2.24591,2.24619,301
2025-07-15 08:25:00,2.24619,2.24636,2.2459,2.2462,205
2025-07-15 08:30:00,2.24619,2.24642,2.24579,2.24586,265
2025-07-15 08:35:00,2.24586,2.24627,2.24577,2.24588,187
2025-07-15 08:40:00,2.24588,2.24592,2.24538,2.2458299999999998,205
2025-07-15 08:45:00,2.2458299999999998,2.24635,2.24538,2.2462,296
2025-07-15 08:50:00,2.24616,2.2464,2.24568,2.24591,188
2025-07-15 08:55:00,2.24591,2.24597,2.24527,2.24582,389
2025-07-15 09:00:00,2.24604,2.24608,2.24538,2.24569,447
2025-07-15 09:05:00,2.24569,2.24593,2.24536,2.24587,348
2025-07-15 09:10:00,2.24591,2.24612,2.24562,2.24588,355
2025-07-15 09:15:00,2.2458,2.24629,2.24553,2.24553,346
2025-07-15 09:20:00,2.24557,2.24615,2.24538,2.24598,344
2025-07-15 09:25:00,2.24597,2.24639,2.24561,2.24622,373
2025-07-15 09:30:00,2.24621,2.2463,2.24553,2.24603,369
2025-07-15 09:35:00,2.24604,2.24643,2.24575,2.24594,334
2025-07-15 09:40:00,2.2459,2.24609,2.24567,2.24592,265
2025-07-15 09:45:00,2.2459,2.24607,2.2452,2.24581,317
2025-07-15 09:50:00,2.24581,2.24581,2.24516,2.24573,367
2025-07-15 09:55:00,2.24573,2.24576,2.24462,2.24497,382
2025-07-15 10:00:00,2.24499,2.24582,2.2449500000000002,2.24547,460
2025-07-15 10:05:00,2.24547,2.24569,2.24504,2.24528,431
2025-07-15 10:10:00,2.2453,2.24544,2.2448,2.24505,324
2025-07-15 10:15:00,2.24509,2.24513,2.24439,2.24452,325
2025-07-15 10:20:00,2.24442,2.2453,2.24418,2.24528,452
2025-07-15 10:25:00,2.24525,2.24572,2.24493,2.24513,354
2025-07-15 10:30:00,2.24513,2.24578,2.24509,2.24558,471
2025-07-15 10:35:00,2.2456,2.24582,2.24476,2.24489,382
2025-07-15 10:40:00,2.24489,2.24498,2.24422,2.24422,407
2025-07-15 10:45:00,2.24418,2.24443,2.24349,2.24396,450
2025-07-15 10:50:00,2.24396,2.2441,2.24313,2.24334,451
2025-07-15 10:55:00,2.24326,2.2442,2.24274,2.24416,466
2025-07-15 11:00:00,2.24401,2.24401,2.24241,2.24269,496
2025-07-15 11:05:00,2.24268,2.24268,2.24181,2.24208,367
2025-07-15 11:10:00,2.24206,2.24244,2.24146,2.24201,343
2025-07-15 11:15:00,2.24183,2.2425100000000002,2.24159,2.24249,381
2025-07-15 11:20:00,2.24249,2.24284,2.2418,2.24216,365
2025-07-15 11:25:00,2.24216,2.24228,2.24159,2.24177,346
2025-07-15 11:30:00,2.24173,2.24291,2.24154,2.24285,322
2025-07-15 11:35:00,2.24285,2.24288,2.2419000000000002,2.24259,326
2025-07-15 11:40:00,2.24255,2.24264,2.24193,2.24257,330
2025-07-15 11:45:00,2.24246,2.24306,2.24243,2.24258,277
2025-07-15 11:50:00,2.2426,2.24271,2.24195,2.242,273
2025-07-15 11:55:00,2.24205,2.24253,2.24177,2.24224,329
2025-07-15 12:00:00,2.24234,2.2427799999999998,2.2421,2.24265,391
2025-07-15 12:05:00,2.24259,2.24284,2.24239,2.24266,364
2025-07-15 12:10:00,2.24266,2.24283,2.24242,2.24253,281
2025-07-15 12:15:00,2.24253,2.24256,2.24202,2.24234,316
2025-07-15 12:20:00,2.24234,2.24318,2.24226,2.24316,290
2025-07-15 12:25:00,2.24318,2.24318,2.24243,2.24253,242
2025-07-15 12:30:00,2.24258,2.24337,2.24258,2.24324,354
2025-07-15 12:35:00,2.24325,2.24359,2.24207,2.24226,278
2025-07-15 12:40:00,2.24226,2.24334,2.24226,2.24306,348
2025-07-15 12:45:00,2.24308,2.24317,2.2425,2.24291,334
2025-07-15 12:50:00,2.24291,2.24348,2.24243,2.24344,397
2025-07-15 12:55:00,2.24338,2.24382,2.243,2.24319,401
2025-07-15 13:00:00,2.24328,2.24344,2.24274,2.24305,378
2025-07-15 13:05:00,2.24303,2.24326,2.24249,2.2428,331
2025-07-15 13:10:00,2.2428,2.24315,2.24256,2.24272,254
2025-07-15 13:15:00,2.24271,2.24283,2.24186,2.24213,407
2025-07-15 13:20:00,2.24214,2.24222,2.2416,2.24171,340
2025-07-15 13:25:00,2.24176,2.24186,2.24126,2.24154,377
2025-07-15 13:30:00,2.24152,2.24161,2.24076,2.2412900000000002,311
2025-07-15 13:35:00,2.2413,2.24175,2.24121,2.2416,217
2025-07-15 13:40:00,2.2416,2.24215,2.24153,2.24212,285
2025-07-15 13:45:00,2.2421,2.24232,2.24175,2.24194,330
2025-07-15 13:50:00,2.24194,2.24203,2.24168,2.24179,289
2025-07-15 13:55:00,2.24173,2.24205,2.24152,2.242,310
2025-07-15 14:00:00,2.24202,2.24206,2.24154,2.24191,322
2025-07-15 14:05:00,2.24191,2.24302,2.24174,2.24297,325
2025-07-15 14:10:00,2.24297,2.24337,2.24281,2.2432,394
2025-07-15 14:15:00,2.2432,2.24335,2.2426,2.2427799999999998,360
2025-07-15 14:20:00,2.24281,2.24321,2.24238,2.24282,355
2025-07-15 14:25:00,2.24282,2.24327,2.24267,2.24322,257
2025-07-15 14:30:00,2.24324,2.24328,2.2427799999999998,2.24304,285
2025-07-15 14:35:00,2.24305,2.24372,2.24304,2.24367,282
2025-07-15 14:40:00,2.24364,2.2437,2.24323,2.24358,214
2025-07-15 14:45:00,2.24356,2.24369,2.24287,2.24332,357
2025-07-15 14:50:00,2.24338,2.24349,2.24294,2.24326,321
2025-07-15 14:55:00,2.24326,2.24361,2.24295,2.24304,400
2025-07-15 15:00:00,2.24303,2.2436,2.24243,2.24321,460
2025-07-15 15:05:00,2.24323,2.24367,2.24314,2.24355,373
2025-07-15 15:10:00,2.24355,2.24357,2.24283,2.24297,281
2025-07-15 15:15:00,2.24306,2.24398,2.24292,2.24391,330
2025-07-15 15:20:00,2.24378,2.24409,2.2431,2.24337,391
2025-07-15 15:25:00,2.24335,2.2434,2.24202,2.24202,324
2025-07-15 15:30:00,2.2414,2.24242,2.23812,2.24155,1005
2025-07-15 15:35:00,2.24146,2.2432,2.24138,2.24275,879
2025-07-15 15:40:00,2.24269,2.24303,2.24145,2.24191,769
2025-07-15 15:45:00,2.24191,2.24196,2.24149,2.24163,597
2025-07-15 15:50:00,2.24167,2.24173,2.24082,2.24117,617
2025-07-15 15:55:00,2.24115,2.24179,2.2406,2.24126,654
2025-07-15 16:00:00,2.24126,2.24155,2.24019,2.24042,706
2025-07-15 16:05:00,2.24038,2.24081,2.24008,2.24075,674
2025-07-15 16:10:00,2.24075,2.2409,2.23978,2.24017,603
2025-07-15 16:15:00,2.24017,2.24036,2.23989,2.2402,491
2025-07-15 16:20:00,2.24021,2.2409,2.24009,2.24072,545
2025-07-15 16:25:00,2.24072,2.24111,2.2406800000000002,2.24086,541
2025-07-15 16:30:00,2.24089,2.24248,2.24065,2.24227,796
2025-07-15 16:35:00,2.24235,2.24406,2.24233,2.24355,891
2025-07-15 16:40:00,2.24355,2.24477,2.24347,2.24388,777
2025-07-15 16:45:00,2.24388,2.24513,2.24349,2.24467,716
2025-07-15 16:50:00,2.2447,2.2453,2.2442,2.24526,759
2025-07-15 16:55:00,2.24525,2.24561,2.2447,2.24533,713
2025-07-15 17:00:00,2.24535,2.24794,2.24535,2.24764,872
2025-07-15 17:05:00,2.24764,2.24821,2.24711,2.24741,861
2025-07-15 17:10:00,2.24737,2.24802,2.24691,2.24765,789
2025-07-15 17:15:00,2.2477,2.24845,2.24752,2.24788,783
2025-07-15 17:20:00,2.24788,2.24854,2.2474,2.24835,813
2025-07-15 17:25:00,2.24837,2.24891,2.24799,2.24834,708
2025-07-15 17:30:00,2.24831,2.24892,2.24789,2.2482699999999998,786
2025-07-15 17:35:00,2.2482699999999998,2.249,2.2480700000000002,2.24821,613
2025-07-15 17:40:00,2.24825,2.24944,2.2482,2.24914,613
2025-07-15 17:45:00,2.24914,2.24916,2.24829,2.24846,578
2025-07-15 17:50:00,2.24846,2.25127,2.24825,2.25105,748
2025-07-15 17:55:00,2.25103,2.25139,2.25022,2.2508,666
2025-07-15 18:00:00,2.25074,2.25195,2.25047,2.25192,742
2025-07-15 18:05:00,2.25192,2.25284,2.25176,2.25276,553
2025-07-15 18:10:00,2.25276,2.25322,2.25196,2.25322,564
2025-07-15 18:15:00,2.25319,2.25336,2.2525399999999998,2.25298,468
2025-07-15 18:20:00,2.25299,2.2534,2.25269,2.25285,486
2025-07-15 18:25:00,2.25282,2.25323,2.25239,2.25299,516
2025-07-15 18:30:00,2.25299,2.25339,2.2529,2.2531,562
2025-07-15 18:35:00,2.2531,2.25323,2.25224,2.25258,488
2025-07-15 18:40:00,2.25255,2.25263,2.25098,2.2511200000000002,569
2025-07-15 18:45:00,2.2512,2.25211,2.2511200000000002,2.25159,473
2025-07-15 18:50:00,2.25159,2.25166,2.25102,2.25123,512
2025-07-15 18:55:00,2.25127,2.25194,2.25091,2.2513,472
2025-07-15 19:00:00,2.2513,2.25147,2.2507099999999998,2.25102,552
2025-07-15 19:05:00,2.25104,2.2517300000000002,2.25086,2.25126,440
2025-07-15 19:10:00,2.2512499999999998,2.25172,2.25122,2.25168,421
2025-07-15 19:15:00,2.25166,2.25203,2.25124,2.25195,419
2025-07-15 19:20:00,2.25181,2.25242,2.25176,2.2524,459
2025-07-15 19:25:00,2.2524,2.25265,2.25221,2.25248,451
2025-07-15 19:30:00,2.25247,2.25307,2.25211,2.25305,496
2025-07-15 19:35:00,2.25305,2.25328,2.25276,2.25296,499
2025-07-15 19:40:00,2.25298,2.25313,2.25238,2.25268,483
2025-07-15 19:45:00,2.25271,2.25324,2.25268,2.25303,433
2025-07-15 19:50:00,2.2530200000000002,2.25338,2.25255,2.25262,329
2025-07-15 19:55:00,2.25263,2.2532,2.2523400000000002,2.25246,537
2025-07-15 20:00:00,2.25246,2.25246,2.25171,2.25218,473
2025-07-15 20:05:00,2.25211,2.25221,2.25121,2.25141,425
2025-07-15 20:10:00,2.25137,2.25151,2.251,2.2514,378
2025-07-15 20:15:00,2.25144,2.25162,2.25109,2.25151,374
2025-07-15 20:20:00,2.25153,2.2517300000000002,2.25099,2.2511900000000002,363
2025-07-15 20:25:00,2.2511900000000002,2.25141,2.25095,2.25137,350
2025-07-15 20:30:00,2.25135,2.2516,2.25093,2.25101,314
2025-07-15 20:35:00,2.25101,2.25128,2.25076,2.25091,334
2025-07-15 20:40:00,2.25093,2.2512499999999998,2.25072,2.25117,376
2025-07-15 20:45:00,2.2511900000000002,2.25146,2.25083,2.25146,279
2025-07-15 20:50:00,2.25146,2.25158,2.25098,2.251,298
2025-07-15 20:55:00,2.25098,2.25141,2.25076,2.25127,325
2025-07-15 21:00:00,2.25129,2.25156,2.25082,2.25089,401
2025-07-15 21:05:00,2.25093,2.25114,2.25008,2.25033,334
2025-07-15 21:10:00,2.25028,2.25041,2.24997,2.25024,274
2025-07-15 21:15:00,2.25026,2.2505,2.24997,2.25049,257
2025-07-15 21:20:00,2.25049,2.25069,2.25029,2.25042,192
2025-07-15 21:25:00,2.2505,2.25084,2.25035,2.25035,293
2025-07-15 21:30:00,2.25035,2.25087,2.25031,2.25061,236
2025-07-15 21:35:00,2.25061,2.25075,2.25001,2.25014,268
2025-07-15 21:40:00,2.2500999999999998,2.25012,2.24963,2.25001,256
2025-07-15 21:45:00,2.24998,2.25024,2.2497,2.25024,105
2025-07-15 21:50:00,2.2502,2.25072,2.25012,2.2506399999999998,23
2025-07-15 21:55:00,2.25087,2.25126,2.25069,2.25102,22
2025-07-15 22:00:00,2.25075,2.25121,2.25075,2.25113,28
2025-07-15 22:05:00,2.25111,2.25114,2.25066,2.25098,20
2025-07-15 22:10:00,2.25065,2.2509,2.25033,2.2505100000000002,19
2025-07-15 22:15:00,2.25052,2.25065,2.2504,2.25065,19
2025-07-15 22:20:00,2.25054,2.25115,2.25049,2.25115,23
2025-07-15 22:25:00,2.25115,2.25115,2.25094,2.25109,20
2025-07-15 22:30:00,2.25104,2.2511900000000002,2.25089,2.25103,18
2025-07-15 22:35:00,2.2511,2.25135,2.25084,2.25101,20
2025-07-15 22:40:00,2.25095,2.25136,2.25065,2.25103,24
2025-07-15 22:45:00,2.25098,2.25116,2.2508,2.25082,23
2025-07-15 22:50:00,2.25082,2.25151,2.25082,2.25118,21
2025-07-15 22:55:00,2.25115,2.25216,2.25115,2.25189,26
2025-07-15 23:00:00,2.25181,2.25204,2.25151,2.25204,25
2025-07-15 23:05:00,2.25205,2.25211,2.25159,2.25192,17
2025-07-15 23:10:00,2.25192,2.25203,2.25155,2.2518599999999998,19
2025-07-15 23:15:00,2.25197,2.25226,2.2514,2.25182,22
2025-07-15 23:20:00,2.25176,2.25188,2.25157,2.25188,22
2025-07-15 23:25:00,2.25189,2.25217,2.25172,2.25184,21
2025-07-15 23:30:00,2.25222,2.25222,2.2517,2.25188,22
2025-07-15 23:35:00,2.25154,2.25223,2.2514,2.25178,22
2025-07-15 23:40:00,2.24918,2.25196,2.24898,2.24898,24
2025-07-15 23:45:00,2.24894,2.2519299999999998,2.24882,2.24882,14
2025-07-15 23:50:00,2.24876,2.25138,2.24845,2.24854,26
2025-07-15 23:55:00,2.24854,2.25109,2.24814,2.24822,28
2025-07-16 00:00:00,2.24883,2.2488799999999998,2.24791,2.24801,12
2025-07-16 00:05:00,2.24924,2.24925,2.24735,2.24787,13
2025-07-16 00:10:00,2.24787,2.24943,2.24786,2.24786,7
2025-07-16 00:15:00,2.24785,2.24902,2.24732,2.24811,17
2025-07-16 00:20:00,2.24811,2.24906,2.24749,2.24802,14
2025-07-16 00:25:00,2.24802,2.24988,2.24789,2.24979,14
2025-07-16 00:30:00,2.24978,2.24984,2.2481,2.24984,14
2025-07-16 00:35:00,2.24986,2.24988,2.24789,2.24789,34
2025-07-16 00:40:00,2.24789,2.24892,2.24763,2.24839,98
2025-07-16 00:45:00,2.24839,2.24908,2.24816,2.24821,148
2025-07-16 00:50:00,2.24821,2.24855,2.24812,2.24845,212
2025-07-16 00:55:00,2.24845,2.24852,2.24792,2.24793,193
2025-07-16 01:00:00,2.24794,2.25079,2.24794,2.25043,217
2025-07-16 01:05:00,2.25043,2.25083,2.25036,2.25083,106
2025-07-16 01:10:00,2.25083,2.25099,2.25079,2.25092,38
2025-07-16 01:15:00,2.25102,2.25116,2.25088,2.25111,63
2025-07-16 01:20:00,2.25113,2.25127,2.251,2.25111,64
2025-07-16 01:25:00,2.25111,2.25124,2.25105,2.2511,55
2025-07-16 01:30:00,2.2511,2.25143,2.251,2.25135,99
2025-07-16 01:35:00,2.25139,2.2514,2.25103,2.25107,101
2025-07-16 01:40:00,2.25111,2.25136,2.2511,2.25116,108
2025-07-16 01:45:00,2.25116,2.25127,2.251,2.25114,137
2025-07-16 01:50:00,2.25114,2.25131,2.25076,2.25076,91
2025-07-16 01:55:00,2.25076,2.25082,2.25034,2.25046,117
2025-07-16 02:00:00,2.25044,2.25075,2.25016,2.25052,122
2025-07-16 02:05:00,2.25055,2.2505800000000002,2.24987,2.25004,87
2025-07-16 02:10:00,2.25,2.25066,2.25,2.25053,97
2025-07-16 02:15:00,2.25053,2.25053,2.25027,2.25039,98
2025-07-16 02:20:00,2.25037,2.25044,2.24943,2.24952,175
2025-07-16 02:25:00,2.24954,2.24973,2.24942,2.24948,119
2025-07-16 02:30:00,2.24948,2.24963,2.24901,2.24917,126
2025-07-16 02:35:00,2.24917,2.24945,2.24898,2.24898,165
2025-07-16 02:40:00,2.249,2.24914,2.24885,2.24903,217
2025-07-16 02:45:00,2.24903,2.24918,2.24829,2.24835,165
2025-07-16 02:50:00,2.24838,2.24934,2.24832,2.24917,164
2025-07-16 02:55:00,2.24919,2.24946,2.2487,2.24885,195
2025-07-16 03:00:00,2.24885,2.24885,2.24799,2.24821,429
2025-07-16 03:05:00,2.24821,2.24826,2.24756,2.24767,287
2025-07-16 03:10:00,2.24772,2.24792,2.24756,2.2478,347
2025-07-16 03:15:00,2.24784,2.2483,2.24761,2.24776,263
2025-07-16 03:20:00,2.24779,2.24788,2.24732,2.24743,342
2025-07-16 03:25:00,2.24742,2.24761,2.24709,2.24726,251
2025-07-16 03:30:00,2.24722,2.2475,2.24707,2.24736,309
2025-07-16 03:35:00,2.24737,2.24752,2.24587,2.24592,362
2025-07-16 03:40:00,2.24598,2.24614,2.24545,2.246,337
2025-07-16 03:45:00,2.24599,2.24621,2.24521,2.24521,330
2025-07-16 03:50:00,2.24518,2.24582,2.2449,2.24582,457
2025-07-16 03:55:00,2.24581,2.24641,2.24576,2.24628,528
2025-07-16 04:00:00,2.24628,2.24666,2.24577,2.24627,496
2025-07-16 04:05:00,2.24627,2.24678,2.24622,2.24661,371
2025-07-16 04:10:00,2.24674,2.24701,2.24627,2.24647,403
2025-07-16 04:15:00,2.24642,2.247,2.24613,2.24686,359
2025-07-16 04:20:00,2.24686,2.24712,2.2463,2.24707,419
2025-07-16 04:25:00,2.24706,2.24802,2.247,2.24791,329
2025-07-16 04:30:00,2.24785,2.2480700000000002,2.24724,2.24801,439
2025-07-16 04:35:00,2.24797,2.24872,2.24779,2.24865,383
2025-07-16 04:40:00,2.24866,2.24921,2.24846,2.24899,435
2025-07-16 04:45:00,2.24899,2.24983,2.2488799999999998,2.24974,326
2025-07-16 04:50:00,2.24973,2.25016,2.2494,2.2499000000000002,370
2025-07-16 04:55:00,2.24991,2.25007,2.24916,2.24959,351
2025-07-16 05:00:00,2.24961,2.25039,2.24957,2.24987,374
2025-07-16 05:05:00,2.24989,2.25026,2.24958,2.24982,273
2025-07-16 05:10:00,2.2498,2.2507099999999998,2.24977,2.2505,268
2025-07-16 05:15:00,2.2505,2.2505800000000002,2.24976,2.2498,309
2025-07-16 05:20:00,2.24982,2.25004,2.24945,2.24979,251
2025-07-16 05:25:00,2.24979,2.25008,2.24963,2.24996,231
2025-07-16 05:30:00,2.24996,2.25019,2.24956,2.24983,280
2025-07-16 05:35:00,2.24983,2.25046,2.24966,2.25026,185
2025-07-16 05:40:00,2.25026,2.25072,2.2500999999999998,2.2504,301
2025-07-16 05:45:00,2.25038,2.25111,2.25031,2.25059,234
2025-07-16 05:50:00,2.25059,2.25108,2.25049,2.2506,233
2025-07-16 05:55:00,2.2506,2.25089,2.25046,2.2507099999999998,241
2025-07-16 06:00:00,2.25073,2.25084,2.24983,2.24988,311
2025-07-16 06:05:00,2.24988,2.25004,2.24979,2.24984,211
2025-07-16 06:10:00,2.24984,2.25023,2.2498,2.24993,140
2025-07-16 06:15:00,2.24997,2.2500999999999998,2.24961,2.2497,185
2025-07-16 06:20:00,2.2497,2.25036,2.24966,2.25022,254
2025-07-16 06:25:00,2.2502,2.25047,2.25011,2.25043,259
2025-07-16 06:30:00,2.25045,2.25049,2.24988,2.25015,342
2025-07-16 06:35:00,2.25015,2.25069,2.25004,2.25066,296
2025-07-16 06:40:00,2.25066,2.25069,2.25028,2.25047,202
2025-07-16 06:45:00,2.25048,2.251,2.25025,2.25096,352
2025-07-16 06:50:00,2.25098,2.25116,2.25067,2.25108,313
2025-07-16 06:55:00,2.25108,2.25142,2.25099,2.25127,276
2025-07-16 07:00:00,2.25127,2.25136,2.25099,2.25104,226
2025-07-16 07:05:00,2.25107,2.25115,2.25078,2.25095,202
2025-07-16 07:10:00,2.25095,2.25155,2.25082,2.25153,253
2025-07-16 07:15:00,2.25167,2.25183,2.25152,2.25161,266
2025-07-16 07:20:00,2.25161,2.2518599999999998,2.25133,2.25177,291
2025-07-16 07:25:00,2.25177,2.25183,2.25122,2.2512499999999998,205
2025-07-16 07:30:00,2.25124,2.25127,2.2500299999999998,2.25017,258
2025-07-16 07:35:00,2.25017,2.25162,2.25014,2.25162,265
2025-07-16 07:40:00,2.25162,2.25164,2.25113,2.25156,215
2025-07-16 07:45:00,2.25152,2.25163,2.25109,2.25138,224
2025-07-16 07:50:00,2.25139,2.25179,2.25135,2.25155,256
2025-07-16 07:55:00,2.25156,2.25162,2.25085,2.2511200000000002,247
2025-07-16 08:00:00,2.25105,2.25122,2.25025,2.2506,384
2025-07-16 08:05:00,2.25061,2.25078,2.25026,2.25045,268
2025-07-16 08:10:00,2.25041,2.25084,2.25023,2.25055,236
2025-07-16 08:15:00,2.25055,2.25095,2.25052,2.25077,170
2025-07-16 08:20:00,2.25079,2.25082,2.25009,2.25049,251
2025-07-16 08:25:00,2.25049,2.25088,2.25043,2.25088,209
2025-07-16 08:30:00,2.25091,2.25092,2.25045,2.2505,350
2025-07-16 08:35:00,2.2505100000000002,2.251,2.25039,2.25095,228
2025-07-16 08:40:00,2.25093,2.25102,2.25059,2.25083,257
2025-07-16 08:45:00,2.25083,2.2511900000000002,2.25059,2.25059,214
2025-07-16 08:50:00,2.25055,2.25106,2.2500999999999998,2.25091,268
2025-07-16 08:55:00,2.25095,2.25174,2.25095,2.25141,339
2025-07-16 09:00:00,2.25084,2.25347,2.25083,2.2528,666
2025-07-16 09:05:00,2.25278,2.25279,2.25188,2.25238,438
2025-07-16 09:10:00,2.25238,2.25276,2.25216,2.25243,369
2025-07-16 09:15:00,2.25247,2.25267,2.25156,2.25191,376
2025-07-16 09:20:00,2.25191,2.25195,2.25142,2.2519,396
2025-07-16 09:25:00,2.2519,2.25262,2.2518000000000002,2.2525,371
2025-07-16 09:30:00,2.2525,2.25325,2.25215,2.25238,524
2025-07-16 09:35:00,2.2524,2.25298,2.25235,2.25278,481
2025-07-16 09:40:00,2.25278,2.25309,2.25223,2.2530200000000002,459
2025-07-16 09:45:00,2.25306,2.25352,2.2527,2.25332,427
2025-07-16 09:50:00,2.2533,2.25354,2.25281,2.25301,316
2025-07-16 09:55:00,2.25301,2.25314,2.25224,2.25265,411
2025-07-16 10:00:00,2.25265,2.2532,2.25212,2.25291,534
2025-07-16 10:05:00,2.25292,2.25368,2.25288,2.25355,365
2025-07-16 10:10:00,2.25355,2.25395,2.25335,2.25341,370
2025-07-16 10:15:00,2.25345,2.25354,2.25246,2.25263,301
2025-07-16 10:20:00,2.25265,2.25308,2.25264,2.25306,363
2025-07-16 10:25:00,2.25304,2.25347,2.25247,2.25279,461
2025-07-16 10:30:00,2.25276,2.25282,2.25225,2.25266,435
2025-07-16 10:35:00,2.25271,2.25291,2.25227,2.25267,466
2025-07-16 10:40:00,2.25267,2.25282,2.25213,2.2523400000000002,427
2025-07-16 10:45:00,2.2523400000000002,2.25268,2.25208,2.25262,419
2025-07-16 10:50:00,2.25262,2.25293,2.25232,2.25266,496
2025-07-16 10:55:00,2.25267,2.25289,2.25169,2.25202,478
2025-07-16 11:00:00,2.25198,2.25269,2.25159,2.25256,489
2025-07-16 11:05:00,2.25256,2.25316,2.2525399999999998,2.25313,351
2025-07-16 11:10:00,2.25314,2.25331,2.25269,2.25286,454
2025-07-16 11:15:00,2.25283,2.25293,2.25238,2.25258,425
2025-07-16 11:20:00,2.2525399999999998,2.25326,2.25246,2.2531,373
2025-07-16 11:25:00,2.2531,2.25349,2.25264,2.25287,324
2025-07-16 11:30:00,2.25287,2.25392,2.2528,2.25386,392
2025-07-16 11:35:00,2.25386,2.25399,2.25276,2.25278,356
2025-07-16 11:40:00,2.2528,2.25366,2.25246,2.25365,358
2025-07-16 11:45:00,2.25367,2.2543,2.25365,2.25398,374
2025-07-16 11:50:00,2.25398,2.25425,2.25352,2.25358,248
2025-07-16 11:55:00,2.25362,2.2537,2.25272,2.2530200000000002,421
2025-07-16 12:00:00,2.25304,2.25431,2.253,2.25426,383
2025-07-16 12:05:00,2.2542400000000002,2.25465,2.25366,2.25377,299
2025-07-16 12:10:00,2.2537599999999998,2.25412,2.25351,2.25372,360
2025-07-16 12:15:00,2.2537,2.2539,2.25322,2.25332,325
2025-07-16 12:20:00,2.25331,2.25405,2.25326,2.254,311
2025-07-16 12:25:00,2.25398,2.25428,2.25382,2.25412,328
2025-07-16 12:30:00,2.25412,2.25432,2.25384,2.25394,352
2025-07-16 12:35:00,2.25396,2.2546,2.25386,2.25409,331
2025-07-16 12:40:00,2.25409,2.25462,2.25406,2.25454,255
2025-07-16 12:45:00,2.25454,2.25475,2.2542,2.25457,390
2025-07-16 12:50:00,2.25455,2.25535,2.25441,2.25526,410
2025-07-16 12:55:00,2.25523,2.25538,2.2541700000000002,2.2541700000000002,493
2025-07-16 13:00:00,2.25406,2.25439,2.25377,2.25418,366
2025-07-16 13:05:00,2.2542,2.25531,2.25416,2.25488,369
2025-07-16 13:10:00,2.25488,2.25528,2.2547800000000002,2.25528,398
2025-07-16 13:15:00,2.25528,2.25534,2.25472,2.2551,385
2025-07-16 13:20:00,2.2551,2.2553,2.2544399999999998,2.25469,327
2025-07-16 13:25:00,2.25467,2.25474,2.2542400000000002,2.25457,313
2025-07-16 13:30:00,2.25456,2.25463,2.25367,2.25411,332
2025-07-16 13:35:00,2.25415,2.25463,2.25398,2.25448,392
2025-07-16 13:40:00,2.25449,2.25452,2.25378,2.25418,373
2025-07-16 13:45:00,2.25418,2.25452,2.25402,2.2541700000000002,276
2025-07-16 13:50:00,2.25419,2.25492,2.25408,2.25476,329
2025-07-16 13:55:00,2.25481,2.25524,2.2541700000000002,2.25515,286
2025-07-16 14:00:00,2.25512,2.25567,2.25496,2.25542,304
2025-07-16 14:05:00,2.25543,2.25562,2.25518,2.25534,223
2025-07-16 14:10:00,2.25534,2.25568,2.25521,2.25543,242
2025-07-16 14:15:00,2.25543,2.25569,2.25499,2.2554,276
2025-07-16 14:20:00,2.2554,2.25555,2.2548500000000002,2.25519,256
2025-07-16 14:25:00,2.25515,2.25556,2.25501,2.25538,279
2025-07-16 14:30:00,2.2554,2.25556,2.25508,2.25516,265
2025-07-16 14:35:00,2.25516,2.25591,2.25481,2.25489,269
2025-07-16 14:40:00,2.25489,2.25544,2.25476,2.25493,247
2025-07-16 14:45:00,2.25493,2.2549799999999998,2.25458,2.25479,316
2025-07-16 14:50:00,2.25479,2.25528,2.25466,2.25473,377
2025-07-16 14:55:00,2.25472,2.25545,2.25471,2.25511,477
2025-07-16 15:00:00,2.25512,2.25591,2.25495,2.25591,444
2025-07-16 15:05:00,2.25611,2.2561999999999998,2.25451,2.25467,316
2025-07-16 15:10:00,2.2547,2.25524,2.25441,2.25522,297
2025-07-16 15:15:00,2.25523,2.25524,2.2541700000000002,2.25422,327
2025-07-16 15:20:00,2.25428,2.25457,2.25392,2.25432,435
2025-07-16 15:25:00,2.25432,2.25455,2.2537,2.25372,463
2025-07-16 15:30:00,2.25371,2.25445,2.25001,2.25433,986
2025-07-16 15:35:00,2.25427,2.25515,2.2541,2.2550499999999998,720
2025-07-16 15:40:00,2.25507,2.25534,2.25433,2.25496,607
2025-07-16 15:45:00,2.25492,2.25523,2.25463,2.25475,509
2025-07-16 15:50:00,2.25475,2.25543,2.25467,2.2553,547
2025-07-16 15:55:00,2.25532,2.25557,2.25436,2.25451,618
2025-07-16 16:00:00,2.25455,2.2548500000000002,2.25415,2.2543699999999998,588
2025-07-16 16:05:00,2.2543699999999998,2.2547800000000002,2.25394,2.2547,456
2025-07-16 16:10:00,2.2547,2.25518,2.25452,2.25494,490
2025-07-16 16:15:00,2.25494,2.25524,2.25447,2.25466,473
2025-07-16 16:20:00,2.2547,2.25574,2.25456,2.25554,579
2025-07-16 16:25:00,2.25553,2.25598,2.2550499999999998,2.25589,414
2025-07-16 16:30:00,2.25589,2.25612,2.25568,2.25585,552
2025-07-16 16:35:00,2.25592,2.25645,2.2556599999999998,2.25609,604
2025-07-16 16:40:00,2.25609,2.2566100000000002,2.25573,2.25651,549
2025-07-16 16:45:00,2.2565,2.25663,2.25561,2.25651,638
2025-07-16 16:50:00,2.25651,2.2580299999999998,2.25651,2.25763,679
2025-07-16 16:55:00,2.25763,2.2586399999999998,2.25752,2.2583,608
2025-07-16 17:00:00,2.2583,2.25883,2.25802,2.25835,625
2025-07-16 17:05:00,2.25835,2.25943,2.25825,2.25941,554
2025-07-16 17:10:00,2.25936,2.2598,2.2591,2.25936,474
2025-07-16 17:15:00,2.25936,2.26009,2.25915,2.25985,532
2025-07-16 17:20:00,2.2599,2.26023,2.25967,2.26015,440
2025-07-16 17:25:00,2.26015,2.26018,2.25952,2.25963,485
2025-07-16 17:30:00,2.25963,2.26021,2.2593199999999998,2.2596,485
2025-07-16 17:35:00,2.25967,2.26076,2.25967,2.2605,470
2025-07-16 17:40:00,2.2605399999999998,2.26072,2.26,2.2605,423
2025-07-16 17:45:00,2.2605,2.26057,2.2596600000000002,2.2597,452
2025-07-16 17:50:00,2.25968,2.26048,2.2591,2.26038,646
2025-07-16 17:55:00,2.2604,2.26084,2.25927,2.2606,1091
2025-07-16 18:00:00,2.26055,2.26103,2.26,2.26053,992
2025-07-16 18:05:00,2.26056,2.26063,2.2593,2.25989,867
2025-07-16 18:10:00,2.2599,2.26002,2.25911,2.25959,856
2025-07-16 18:15:00,2.25954,2.26118,2.25911,2.2606,1243
2025-07-16 18:20:00,2.26058,2.26126,2.25929,2.25964,1233
2025-07-16 18:25:00,2.2596,2.25965,2.25759,2.25789,1148
2025-07-16 18:30:00,2.2579000000000002,2.25896,2.2561999999999998,2.25751,1266
2025-07-16 18:35:00,2.25754,2.25878,2.25744,2.25823,1145
2025-07-16 18:40:00,2.25827,2.25855,2.25754,2.25798,1055
2025-07-16 18:45:00,2.258,2.25908,2.25791,2.25885,1121
2025-07-16 18:50:00,2.25885,2.25916,2.25829,2.25891,983
2025-07-16 18:55:00,2.25893,2.26086,2.25725,2.25998,1346
2025-07-16 19:00:00,2.26006,2.26089,2.25964,2.25997,1128
2025-07-16 19:05:00,2.25999,2.26013,2.25891,2.25981,1051
2025-07-16 19:10:00,2.25983,2.26018,2.25928,2.25954,975
2025-07-16 19:15:00,2.25954,2.26052,2.25897,2.26011,833
2025-07-16 19:20:00,2.26013,2.26057,2.25943,2.25984,801
2025-07-16 19:25:00,2.25984,2.26019,2.25962,2.26013,698
2025-07-16 19:30:00,2.26013,2.26015,2.25967,2.26,732
2025-07-16 19:35:00,2.25997,2.26036,2.25949,2.25956,574
2025-07-16 19:40:00,2.25956,2.25959,2.2584,2.25856,562
2025-07-16 19:45:00,2.25868,2.25916,2.25771,2.25797,675
2025-07-16 19:50:00,2.258,2.2585,2.25791,2.25804,597
2025-07-16 19:55:00,2.25807,2.25832,2.25755,2.25769,522
2025-07-16 20:00:00,2.25769,2.25776,2.25716,2.25764,523
2025-07-16 20:05:00,2.25764,2.25764,2.25664,2.25727,540
2025-07-16 20:10:00,2.25727,2.25735,2.25655,2.25704,496
2025-07-16 20:15:00,2.25703,2.25797,2.25678,2.2574,523
2025-07-16 20:20:00,2.2574,2.25794,2.25723,2.2574,494
2025-07-16 20:25:00,2.2574199999999998,2.25751,2.2568099999999998,2.25727,538
2025-07-16 20:30:00,2.25717,2.25737,2.25671,2.25719,515
2025-07-16 20:35:00,2.25715,2.25726,2.25648,2.25659,333
2025-07-16 20:40:00,2.25659,2.2568,2.2563,2.25675,316
2025-07-16 20:45:00,2.25671,2.25672,2.25624,2.25651,441
2025-07-16 20:50:00,2.25648,2.25756,2.25644,2.25734,505
2025-07-16 20:55:00,2.25738,2.25758,2.25685,2.25692,355
2025-07-16 21:00:00,2.25694,2.25765,2.2566,2.25728,466
2025-07-16 21:05:00,2.25732,2.25751,2.25685,2.25707,382
2025-07-16 21:10:00,2.25707,2.2572900000000002,2.25673,2.2569,420
2025-07-16 21:15:00,2.25686,2.25699,2.25645,2.25683,370
2025-07-16 21:20:00,2.25682,2.25713,2.25658,2.25679,398
2025-07-16 21:25:00,2.25683,2.25726,2.25653,2.25711,303
2025-07-16 21:30:00,2.25715,2.25733,2.2566100000000002,2.25693,316
2025-07-16 21:35:00,2.25693,2.25693,2.25646,2.25676,245
2025-07-16 21:40:00,2.25676,2.25698,2.2565,2.25691,393
2025-07-16 21:45:00,2.25689,2.25733,2.25665,2.25731,195
2025-07-16 21:50:00,2.25731,2.25752,2.25694,2.2572,306
2025-07-16 21:55:00,2.25724,2.2579000000000002,2.25693,2.25744,447
2025-07-16 22:00:00,2.25758,2.25775,2.25695,2.25718,429
2025-07-16 22:05:00,2.25718,2.25735,2.25679,2.25694,253
2025-07-16 22:10:00,2.25692,2.25713,2.25659,2.25704,235
2025-07-16 22:15:00,2.25702,2.25723,2.2566800000000002,2.2569,296
2025-07-16 22:20:00,2.25691,2.25694,2.2566100000000002,2.25684,244
2025-07-16 22:25:00,2.25682,2.25689,2.25619,2.25634,258
2025-07-16 22:30:00,2.25637,2.25662,2.25605,2.25623,264
2025-07-16 22:35:00,2.25623,2.25646,2.25597,2.2562699999999998,268
2025-07-16 22:40:00,2.2562699999999998,2.25635,2.25567,2.25592,266
2025-07-16 22:45:00,2.25594,2.2560700000000002,2.25564,2.25598,317
2025-07-16 22:50:00,2.25596,2.25642,2.25577,2.25621,325
2025-07-16 22:55:00,2.25624,2.25633,2.25586,2.25605,318
2025-07-16 23:00:00,2.25606,2.25652,2.2560000000000002,2.25647,220
2025-07-16 23:05:00,2.25659,2.25664,2.25619,2.25645,193
2025-07-16 23:10:00,2.2565,2.2566100000000002,2.25612,2.25651,246
2025-07-16 23:15:00,2.25647,2.25667,2.2562699999999998,2.2563,165
2025-07-16 23:20:00,2.25634,2.25663,2.25619,2.25629,132
2025-07-16 23:25:00,2.2562699999999998,2.25656,2.25619,2.25643,140
2025-07-16 23:30:00,2.25639,2.25663,2.25604,2.25638,188
2025-07-16 23:35:00,2.25638,2.25646,2.2560000000000002,2.25621,133
2025-07-16 23:40:00,2.25621,2.25621,2.25325,2.25339,174
2025-07-16 23:45:00,2.25339,2.25365,2.25327,2.25346,129
2025-07-16 23:50:00,2.25346,2.25395,2.25337,2.2536300000000002,249
2025-07-16 23:55:00,2.25362,2.2559,2.25325,2.25584,332
2025-07-17 00:00:00,2.26023,2.26023,2.25141,2.25565,16
2025-07-17 00:05:00,2.25568,2.25569,2.25141,2.25304,46
2025-07-17 00:10:00,2.25304,2.25308,2.25303,2.25307,9
2025-07-17 00:15:00,2.25307,2.25341,2.253,2.25334,12
2025-07-17 00:20:00,2.25245,2.25403,2.25228,2.25242,105
2025-07-17 00:25:00,2.25242,2.25414,2.25203,2.25414,57
2025-07-17 00:30:00,2.25407,2.25426,2.25337,2.25337,63
2025-07-17 00:35:00,2.25337,2.25361,2.25294,2.25343,244
2025-07-17 00:40:00,2.25343,2.25379,2.2533,2.2535,305
2025-07-17 00:45:00,2.25355,2.25387,2.25348,2.25349,286
2025-07-17 00:50:00,2.25349,2.25413,2.25342,2.25403,304
2025-07-17 00:55:00,2.25402,2.25438,2.25381,2.25389,409
2025-07-17 01:00:00,2.25392,2.2561999999999998,2.25392,2.25613,321
2025-07-17 01:05:00,2.25613,2.25623,2.25576,2.25586,130
2025-07-17 01:10:00,2.25582,2.25603,2.25562,2.25592,160
2025-07-17 01:15:00,2.25592,2.25641,2.25575,2.2564,201
2025-07-17 01:20:00,2.25638,2.25678,2.25626,2.25673,165
2025-07-17 01:25:00,2.25673,2.25689,2.25606,2.25625,153
2025-07-17 01:30:00,2.25625,2.25687,2.25621,2.25665,146
2025-07-17 01:35:00,2.2566800000000002,2.25691,2.25637,2.25676,161
2025-07-17 01:40:00,2.25677,2.2568,2.2563,2.2563,168
2025-07-17 01:45:00,2.2562699999999998,2.2562699999999998,2.25561,2.2557,126
2025-07-17 01:50:00,2.25571,2.25622,2.25567,2.25615,83
2025-07-17 01:55:00,2.25611,2.25636,2.25596,2.25613,116
2025-07-17 02:00:00,2.25622,2.25622,2.25575,2.25619,168
2025-07-17 02:05:00,2.25619,2.25625,2.25574,2.25604,114
2025-07-17 02:10:00,2.25603,2.25629,2.25596,2.25626,113
2025-07-17 02:15:00,2.25626,2.25655,2.2561,2.25621,143
2025-07-17 02:20:00,2.25614,2.25628,2.25605,2.2561,159
2025-07-17 02:25:00,2.2561,2.25615,2.25578,2.25598,156
2025-07-17 02:30:00,2.25596,2.25641,2.25596,2.25635,145
2025-07-17 02:35:00,2.25633,2.25639,2.25606,2.25618,147
2025-07-17 02:40:00,2.25618,2.25624,2.25528,2.25528,160
2025-07-17 02:45:00,2.25528,2.25536,2.2547,2.2547,145
2025-07-17 02:50:00,2.2547,2.25522,2.25466,2.25491,315
2025-07-17 02:55:00,2.25491,2.25558,2.25479,2.25552,240
2025-07-17 03:00:00,2.2555,2.25598,2.25511,2.25579,409
2025-07-17 03:05:00,2.25579,2.2564,2.25554,2.25624,379
2025-07-17 03:10:00,2.25624,2.25679,2.2560000000000002,2.25676,343
2025-07-17 03:15:00,2.25676,2.25724,2.25651,2.25703,312
2025-07-17 03:20:00,2.25703,2.25716,2.25648,2.25648,285
2025-07-17 03:25:00,2.25649,2.25657,2.25574,2.25584,342
2025-07-17 03:30:00,2.25584,2.25667,2.25545,2.25666,357
2025-07-17 03:35:00,2.25679,2.25785,2.25679,2.25775,384
2025-07-17 03:40:00,2.25773,2.25849,2.25765,2.25847,370
2025-07-17 03:45:00,2.25843,2.25867,2.25779,2.25794,300
2025-07-17 03:50:00,2.25794,2.25878,2.25782,2.25875,453
2025-07-17 03:55:00,2.2587099999999998,2.25893,2.25757,2.2576,468
2025-07-17 04:00:00,2.25751,2.25751,2.25675,2.25747,434
2025-07-17 04:05:00,2.25747,2.25747,2.25599,2.2561,345
2025-07-17 04:10:00,2.2561,2.25675,2.25595,2.25612,321
2025-07-17 04:15:00,2.25604,2.25672,2.25523,2.25659,408
2025-07-17 04:20:00,2.25659,2.25686,2.25622,2.25635,289
2025-07-17 04:25:00,2.25635,2.25705,2.25611,2.2566100000000002,314
2025-07-17 04:30:00,2.2566100000000002,2.25833,2.25647,2.25816,760
2025-07-17 04:35:00,2.25812,2.25893,2.25792,2.2587,605
2025-07-17 04:40:00,2.2587,2.25918,2.25789,2.25792,589
2025-07-17 04:45:00,2.25792,2.25802,2.2572200000000002,2.25793,405
2025-07-17 04:50:00,2.25793,2.25856,2.25743,2.25804,373
2025-07-17 04:55:00,2.25806,2.25831,2.2574899999999998,2.25817,499
2025-07-17 05:00:00,2.2582,2.25963,2.25804,2.25942,525
2025-07-17 05:05:00,2.25942,2.26084,2.25942,2.26051,401
2025-07-17 05:10:00,2.26051,2.26099,2.25957,2.25975,444
2025-07-17 05:15:00,2.25979,2.26089,2.25962,2.2604,512
2025-07-17 05:20:00,2.2604,2.2610799999999998,2.26013,2.26058,421
2025-07-17 05:25:00,2.26058,2.2611,2.26053,2.261,349
2025-07-17 05:30:00,2.26094,2.26198,2.26093,2.26184,377
2025-07-17 05:35:00,2.26184,2.26212,2.26141,2.26168,304
2025-07-17 05:40:00,2.2616899999999998,2.2623699999999998,2.26126,2.26191,304
2025-07-17 05:45:00,2.26188,2.26301,2.26186,2.26218,242
2025-07-17 05:50:00,2.2622,2.26276,2.26216,2.2627,246
2025-07-17 05:55:00,2.26269,2.26309,2.26247,2.26264,267
2025-07-17 06:00:00,2.26263,2.26365,2.26247,2.26328,303
2025-07-17 06:05:00,2.26324,2.26334,2.26224,2.2631,284
2025-07-17 06:10:00,2.26308,2.26313,2.26263,2.26268,217
2025-07-17 06:15:00,2.26269,2.26288,2.26212,2.26233,262
2025-07-17 06:20:00,2.26235,2.2623699999999998,2.26099,2.26109,372
2025-07-17 06:25:00,2.26109,2.26126,2.26025,2.26026,319
2025-07-17 06:30:00,2.2603,2.2610799999999998,2.26018,2.26052,337
2025-07-17 06:35:00,2.26048,2.26057,2.26002,2.2602,291
2025-07-17 06:40:00,2.2602,2.26064,2.25995,2.26007,285
2025-07-17 06:45:00,2.26007,2.26035,2.25967,2.2598,296
2025-07-17 06:50:00,2.2598,2.2604,2.25978,2.26023,330
2025-07-17 06:55:00,2.26019,2.26043,2.25975,2.26008,398
2025-07-17 07:00:00,2.26008,2.26068,2.25997,2.2602,262
2025-07-17 07:05:00,2.2602,2.26057,2.26008,2.26025,216
2025-07-17 07:10:00,2.26026,2.26078,2.26013,2.2605,301
2025-07-17 07:15:00,2.26062,2.26094,2.2606,2.26084,223
2025-07-17 07:20:00,2.2608,2.261,2.26055,2.26072,198
2025-07-17 07:25:00,2.26072,2.2610799999999998,2.26069,2.26073,186
2025-07-17 07:30:00,2.26073,2.26083,2.26013,2.26018,251
2025-07-17 07:35:00,2.26021,2.2604,2.25979,2.2598,189
2025-07-17 07:40:00,2.25984,2.25984,2.25923,2.25969,199
2025-07-17 07:45:00,2.2596600000000002,2.25968,2.25907,2.2594,174
2025-07-17 07:50:00,2.25948,2.25964,2.25914,2.25942,239
2025-07-17 07:55:00,2.25945,2.25949,2.2587,2.2591200000000002,303
2025-07-17 08:00:00,2.2591200000000002,2.25933,2.25842,2.25878,334
2025-07-17 08:05:00,2.25878,2.25889,2.25852,2.25888,231
2025-07-17 08:10:00,2.25888,2.2589,2.258,2.258,264
2025-07-17 08:15:00,2.25798,2.25814,2.25767,2.25787,197
2025-07-17 08:20:00,2.25787,2.25792,2.25759,2.25772,211
2025-07-17 08:25:00,2.25772,2.2580299999999998,2.25744,2.25748,251
2025-07-17 08:30:00,2.2574899999999998,2.2585,2.25723,2.2585,385
2025-07-17 08:35:00,2.2585,2.25853,2.25751,2.2584,248
2025-07-17 08:40:00,2.2584,2.25847,2.2578300000000002,2.25791,171
2025-07-17 08:45:00,2.25794,2.25819,2.25751,2.25798,221
2025-07-17 08:50:00,2.25798,2.25893,2.25791,2.25884,253
2025-07-17 08:55:00,2.25884,2.25953,2.25866,2.25951,323
2025-07-17 09:00:00,2.25929,2.26056,2.2580999999999998,2.25988,697
2025-07-17 09:05:00,2.25985,2.2608800000000002,2.2596,2.26071,580
2025-07-17 09:10:00,2.26056,2.2621,2.26041,2.2621,560
2025-07-17 09:15:00,2.26209,2.26279,2.26131,2.262,636
2025-07-17 09:20:00,2.26202,2.26249,2.26159,2.26172,667
2025-07-17 09:25:00,2.26174,2.2622999999999998,2.26126,2.2615600000000002,566
2025-07-17 09:30:00,2.2615600000000002,2.26219,2.26113,2.262,654
2025-07-17 09:35:00,2.26204,2.26242,2.2614900000000002,2.262,582
2025-07-17 09:40:00,2.262,2.26222,2.26124,2.26203,550
2025-07-17 09:45:00,2.26203,2.2625,2.2616899999999998,2.26211,416
2025-07-17 09:50:00,2.26207,2.26208,2.26118,2.26164,540
2025-07-17 09:55:00,2.26157,2.26202,2.26124,2.26171,492
2025-07-17 10:00:00,2.26167,2.26388,2.26161,2.2634600000000002,639
2025-07-17 10:05:00,2.26348,2.2644,2.26325,2.26396,562
2025-07-17 10:10:00,2.2640000000000002,2.26439,2.26333,2.26411,611
2025-07-17 10:15:00,2.26411,2.2653,2.26411,2.26487,533
2025-07-17 10:20:00,2.26486,2.2651,2.26434,2.2647,544
2025-07-17 10:25:00,2.2647,2.26527,2.26457,2.26512,402
2025-07-17 10:30:00,2.2651,2.26526,2.26392,2.2649,417
2025-07-17 10:35:00,2.2649,2.26517,2.26389,2.26389,433
2025-07-17 10:40:00,2.26389,2.26401,2.26279,2.2635899999999998,475
2025-07-17 10:45:00,2.2635899999999998,2.26422,2.26344,2.26395,436
2025-07-17 10:50:00,2.26403,2.26424,2.2631,2.26324,522
2025-07-17 10:55:00,2.26324,2.26344,2.26206,2.26227,503
2025-07-17 11:00:00,2.26228,2.2632,2.26213,2.2628,508
2025-07-17 11:05:00,2.26283,2.26288,2.26209,2.26215,393
2025-07-17 11:10:00,2.26218,2.26225,2.26043,2.26116,457
2025-07-17 11:15:00,2.26112,2.26123,2.26014,2.2602700000000002,465
2025-07-17 11:20:00,2.26023,2.26077,2.26001,2.2604,328
2025-07-17 11:25:00,2.26039,2.26126,2.2602700000000002,2.26065,426
2025-07-17 11:30:00,2.26063,2.2614900000000002,2.26062,2.26117,417
2025-07-17 11:35:00,2.26122,2.26186,2.26089,2.26117,404
2025-07-17 11:40:00,2.26118,2.26165,2.26089,2.26142,501
2025-07-17 11:45:00,2.26142,2.26211,2.26138,2.26187,464
2025-07-17 11:50:00,2.26187,2.26216,2.26143,2.26194,408
2025-07-17 11:55:00,2.26194,2.26312,2.26194,2.26294,425
2025-07-17 12:00:00,2.26295,2.26313,2.26239,2.2624,488
2025-07-17 12:05:00,2.26242,2.26284,2.26229,2.26255,340
2025-07-17 12:10:00,2.26255,2.26304,2.26247,2.26261,353
2025-07-17 12:15:00,2.26261,2.2629099999999998,2.26245,2.26277,383
2025-07-17 12:20:00,2.26277,2.2629799999999998,2.26213,2.26215,331
2025-07-17 12:25:00,2.2621700000000002,2.26248,2.26206,2.26224,212
2025-07-17 12:30:00,2.26224,2.26227,2.2617599999999998,2.26184,272
2025-07-17 12:35:00,2.26182,2.2621700000000002,2.2615,2.26185,322
2025-07-17 12:40:00,2.26185,2.26215,2.26162,2.26202,246
2025-07-17 12:45:00,2.26202,2.26226,2.26167,2.26209,320
2025-07-17 12:50:00,2.26209,2.26292,2.26178,2.26286,453
2025-07-17 12:55:00,2.26295,2.26402,2.26279,2.26302,418
2025-07-17 13:00:00,2.26304,2.26314,2.2625,2.26309,362
2025-07-17 13:05:00,2.26309,2.26332,2.2627,2.26322,340
2025-07-17 13:10:00,2.26324,2.26364,2.2629,2.26337,363
2025-07-17 13:15:00,2.2634,2.26389,2.26325,2.26378,409
2025-07-17 13:20:00,2.26375,2.26439,2.26364,2.26418,451
2025-07-17 13:25:00,2.26418,2.26418,2.2632,2.26341,308
2025-07-17 13:30:00,2.26341,2.2634600000000002,2.26294,2.26309,312
2025-07-17 13:35:00,2.26313,2.26349,2.26302,2.26317,237
2025-07-17 13:40:00,2.26317,2.26343,2.2629099999999998,2.26325,303
2025-07-17 13:45:00,2.26322,2.26347,2.26279,2.26288,340
2025-07-17 13:50:00,2.26288,2.2638,2.26287,2.26371,304
2025-07-17 13:55:00,2.26365,2.2646800000000002,2.26332,2.26464,393
2025-07-17 14:00:00,2.26469,2.2652900000000002,2.2645,2.26489,338
2025-07-17 14:05:00,2.26489,2.26506,2.26401,2.26436,258
2025-07-17 14:10:00,2.26434,2.26518,2.26431,2.2646800000000002,316
2025-07-17 14:15:00,2.26466,2.26546,2.26465,2.2654199999999998,341
2025-07-17 14:20:00,2.26541,2.26578,2.26526,2.26558,329
2025-07-17 14:25:00,2.26558,2.26573,2.26483,2.26539,316
2025-07-17 14:30:00,2.26541,2.26572,2.2652,2.26572,288
2025-07-17 14:35:00,2.26573,2.26597,2.26558,2.26569,259
2025-07-17 14:40:00,2.26565,2.26599,2.26545,2.26587,355
2025-07-17 14:45:00,2.26585,2.26591,2.2652900000000002,2.26545,343
2025-07-17 14:50:00,2.26549,2.26608,2.26527,2.26539,296
2025-07-17 14:55:00,2.2653499999999998,2.26615,2.26525,2.26605,436
2025-07-17 15:00:00,2.2660299999999998,2.26629,2.26554,2.26589,439
2025-07-17 15:05:00,2.26591,2.26591,2.26541,2.26559,267
2025-07-17 15:10:00,2.26559,2.26568,2.26497,2.26537,355
2025-07-17 15:15:00,2.26538,2.26551,2.2652200000000002,2.26548,371
2025-07-17 15:20:00,2.26548,2.26617,2.2652900000000002,2.26581,388
2025-07-17 15:25:00,2.26581,2.2662,2.26466,2.2647399999999998,328
2025-07-17 15:30:00,2.26457,2.2663,2.26438,2.26554,931
2025-07-17 15:35:00,2.26557,2.26558,2.26438,2.26447,718
2025-07-17 15:40:00,2.26448,2.26489,2.2641999999999998,2.26472,670
2025-07-17 15:45:00,2.2647,2.26486,2.26409,2.26457,631
2025-07-17 15:50:00,2.26453,2.26483,2.26389,2.26402,495
2025-07-17 15:55:00,2.26402,2.26435,2.26373,2.26428,542
2025-07-17 16:00:00,2.26428,2.26434,2.26344,2.2639,664
2025-07-17 16:05:00,2.26394,2.26419,2.26337,2.26408,622
2025-07-17 16:10:00,2.26406,2.26429,2.2635899999999998,2.26411,563
2025-07-17 16:15:00,2.2641299999999998,2.26514,2.26408,2.265,490
2025-07-17 16:20:00,2.265,2.26557,2.26484,2.26505,552
2025-07-17 16:25:00,2.26501,2.2659599999999998,2.26482,2.26574,455
2025-07-17 16:30:00,2.2657,2.2658,2.26457,2.2653,622
2025-07-17 16:35:00,2.26526,2.26532,2.26435,2.26453,536
2025-07-17 16:40:00,2.26455,2.26469,2.26367,2.26403,543
2025-07-17 16:45:00,2.26402,2.26406,2.26273,2.26281,509
2025-07-17 16:50:00,2.26281,2.2633,2.26193,2.26318,611
2025-07-17 16:55:00,2.26318,2.26318,2.2614,2.26159,437
2025-07-17 17:00:00,2.26159,2.26174,2.26105,2.26172,543
2025-07-17 17:05:00,2.26171,2.26296,2.26164,2.26294,473
2025-07-17 17:10:00,2.2629099999999998,2.26354,2.26253,2.26354,477
2025-07-17 17:15:00,2.26354,2.26459,2.2635,2.26444,533
2025-07-17 17:20:00,2.26444,2.26493,2.26434,2.26442,531
2025-07-17 17:25:00,2.26444,2.26489,2.26419,2.26476,505
2025-07-17 17:30:00,2.26476,2.26513,2.26463,2.26511,486
2025-07-17 17:35:00,2.26513,2.26531,2.2640700000000002,2.26421,474
2025-07-17 17:40:00,2.26421,2.26514,2.2641299999999998,2.26505,451
2025-07-17 17:45:00,2.26504,2.2652200000000002,2.26436,2.26475,468
2025-07-17 17:50:00,2.26472,2.26502,2.26447,2.26452,520
2025-07-17 17:55:00,2.26457,2.26508,2.2641999999999998,2.26449,655
2025-07-17 18:00:00,2.26447,2.26448,2.26314,2.26332,516
2025-07-17 18:05:00,2.26336,2.26336,2.2626,2.2627,384
2025-07-17 18:10:00,2.26266,2.26297,2.26251,2.26282,394
2025-07-17 18:15:00,2.26282,2.26286,2.26221,2.26258,376
2025-07-17 18:20:00,2.26257,2.26297,2.26241,2.26241,421
2025-07-17 18:25:00,2.26241,2.26284,2.26186,2.26197,384
2025-07-17 18:30:00,2.26196,2.26275,2.26185,2.26266,401
2025-07-17 18:35:00,2.26265,2.26287,2.26207,2.26207,296
2025-07-17 18:40:00,2.26208,2.26208,2.26123,2.26181,395
2025-07-17 18:45:00,2.26181,2.26236,2.2616,2.26225,332
2025-07-17 18:50:00,2.26225,2.26228,2.26133,2.26163,397
2025-07-17 18:55:00,2.26167,2.26213,2.26147,2.26206,473
2025-07-17 19:00:00,2.26204,2.26274,2.26178,2.2626,390
2025-07-17 19:05:00,2.2626,2.26263,2.26196,2.2623699999999998,271
2025-07-17 19:10:00,2.26233,2.26235,2.26153,2.26193,269
2025-07-17 19:15:00,2.26198,2.2622,2.26145,2.26218,368
2025-07-17 19:20:00,2.2622,2.26275,2.26194,2.26251,393
2025-07-17 19:25:00,2.26247,2.26261,2.26219,2.26225,369
2025-07-17 19:30:00,2.26226,2.26271,2.26226,2.26254,252
2025-07-17 19:35:00,2.26243,2.26267,2.2621,2.26244,403
2025-07-17 19:40:00,2.26246,2.26277,2.26223,2.26256,404
2025-07-17 19:45:00,2.26258,2.26279,2.26222,2.26247,384
2025-07-17 19:50:00,2.26254,2.26276,2.2621,2.26218,422
2025-07-17 19:55:00,2.26222,2.26226,2.26135,2.26152,442
2025-07-17 20:00:00,2.26147,2.26184,2.26116,2.26167,375
2025-07-17 20:05:00,2.2616899999999998,2.26203,2.26148,2.2616899999999998,306
2025-07-17 20:10:00,2.2616899999999998,2.26194,2.26141,2.26164,264
2025-07-17 20:15:00,2.26166,2.26184,2.26144,2.26171,246
2025-07-17 20:20:00,2.26171,2.26186,2.26137,2.2616,277
2025-07-17 20:25:00,2.26158,2.26197,2.26128,2.26182,348
2025-07-17 20:30:00,2.26174,2.26212,2.26146,2.26162,313
2025-07-17 20:35:00,2.26162,2.26216,2.26147,2.26216,262
2025-07-17 20:40:00,2.2622,2.26223,2.26177,2.26184,280
2025-07-17 20:45:00,2.26185,2.26233,2.26172,2.26204,290
2025-07-17 20:50:00,2.26202,2.26225,2.2616899999999998,2.26202,256
2025-07-17 20:55:00,2.26214,2.2621700000000002,2.26159,2.26191,353
2025-07-17 21:00:00,2.26191,2.26213,2.2616,2.26186,306
2025-07-17 21:05:00,2.2619,2.26212,2.26163,2.26188,299
2025-07-17 21:10:00,2.26188,2.26213,2.26155,2.26212,244
2025-07-17 21:15:00,2.2621,2.26261,2.26193,2.26246,310
2025-07-17 21:20:00,2.26245,2.26259,2.26212,2.26223,319
2025-07-17 21:25:00,2.26227,2.26255,2.26203,2.26235,295
2025-07-17 21:30:00,2.26222,2.2626,2.26213,2.26229,256
2025-07-17 21:35:00,2.26232,2.26252,2.26205,2.26234,218
2025-07-17 21:40:00,2.26234,2.26269,2.26206,2.2626,301
2025-07-17 21:45:00,2.2626,2.2628,2.26229,2.26241,241
2025-07-17 21:50:00,2.26241,2.2628,2.26222,2.26261,285
2025-07-17 21:55:00,2.26265,2.26285,2.26234,2.26279,294
2025-07-17 22:00:00,2.26275,2.26286,2.26225,2.26267,268
2025-07-17 22:05:00,2.26269,2.2627800000000002,2.26232,2.26267,231
2025-07-17 22:10:00,2.26267,2.26276,2.26226,2.26257,186
2025-07-17 22:15:00,2.26253,2.26266,2.2622999999999998,2.2624,205
2025-07-17 22:20:00,2.26236,2.26261,2.2622,2.2622999999999998,179
2025-07-17 22:25:00,2.26234,2.26255,2.26223,2.2625,210
2025-07-17 22:30:00,2.26252,2.26257,2.26208,2.26222,217
2025-07-17 22:35:00,2.26222,2.2622999999999998,2.2617599999999998,2.26199,229
2025-07-17 22:40:00,2.26199,2.2622999999999998,2.26194,2.26221,192
2025-07-17 22:45:00,2.2621700000000002,2.26234,2.26175,2.26202,219
2025-07-17 22:50:00,2.26197,2.26211,2.2616899999999998,2.26204,261
2025-07-17 22:55:00,2.26204,2.26221,2.2617599999999998,2.26196,326
2025-07-17 23:00:00,2.26198,2.2621700000000002,2.2616,2.26201,220
2025-07-17 23:05:00,2.26201,2.2621700000000002,2.26177,2.262,160
2025-07-17 23:10:00,2.26201,2.26211,2.26172,2.26193,179
2025-07-17 23:15:00,2.26192,2.26195,2.26155,2.26175,144
2025-07-17 23:20:00,2.26175,2.26233,2.26175,2.26219,137
2025-07-17 23:25:00,2.26219,2.26227,2.2617,2.26189,147
2025-07-17 23:30:00,2.26189,2.26202,2.26158,2.26165,181
2025-07-17 23:35:00,2.2616899999999998,2.26178,2.26126,2.26132,128
2025-07-17 23:40:00,2.2588,2.2593,2.25878,2.25918,105
2025-07-17 23:45:00,2.25918,2.25919,2.25883,2.25899,108
2025-07-17 23:50:00,2.25899,2.25916,2.25858,2.25869,200
2025-07-17 23:55:00,2.25867,2.26121,2.25854,2.26082,246
2025-07-18 00:00:00,2.25907,2.26155,2.25831,2.25961,19
2025-07-18 00:05:00,2.25961,2.26002,2.25891,2.2598599999999998,56
2025-07-18 00:10:00,2.2598599999999998,2.25994,2.25965,2.25965,39
2025-07-18 00:15:00,2.25965,2.25965,2.25964,2.25964,6
2025-07-18 00:20:00,2.25975,2.25975,2.2592,2.2594,76
2025-07-18 00:25:00,2.25936,2.25948,2.25907,2.25907,72
2025-07-18 00:30:00,2.25904,2.25914,2.25841,2.25867,111
2025-07-18 00:35:00,2.25867,2.2587,2.25796,2.258,111
2025-07-18 00:40:00,2.258,2.25919,2.25796,2.25917,57
2025-07-18 00:45:00,2.25917,2.25943,2.25917,2.25929,136
2025-07-18 00:50:00,2.25929,2.25971,2.25916,2.25951,163
2025-07-18 00:55:00,2.25955,2.25961,2.25866,2.25934,125
2025-07-18 01:00:00,2.25936,2.26151,2.25918,2.26114,286
2025-07-18 01:05:00,2.26111,2.26132,2.26091,2.2611,93
2025-07-18 01:10:00,2.26112,2.26167,2.26104,2.26152,121
2025-07-18 01:15:00,2.2615,2.2616899999999998,2.26113,2.26117,276
2025-07-18 01:20:00,2.26117,2.26129,2.2610799999999998,2.26124,144
2025-07-18 01:25:00,2.26124,2.26137,2.26113,2.26128,249
2025-07-18 01:30:00,2.26121,2.26202,2.26112,2.2617,189
2025-07-18 01:35:00,2.2617,2.26177,2.26105,2.26123,216
2025-07-18 01:40:00,2.26123,2.26133,2.26056,2.26069,227
2025-07-18 01:45:00,2.2607,2.26082,2.25992,2.25999,226
2025-07-18 01:50:00,2.25996,2.26033,2.25989,2.26,201
2025-07-18 01:55:00,2.26001,2.26042,2.25999,2.26021,132
2025-07-18 02:00:00,2.26018,2.26032,2.2597,2.25987,160
2025-07-18 02:05:00,2.25985,2.26017,2.25979,2.25985,124
2025-07-18 02:10:00,2.25985,2.26016,2.25983,2.26013,108
2025-07-18 02:15:00,2.26013,2.26031,2.25996,2.25998,87
2025-07-18 02:20:00,2.25998,2.26031,2.25992,2.26012,121
2025-07-18 02:25:00,2.26009,2.26009,2.25988,2.25989,75
2025-07-18 02:30:00,2.25989,2.26021,2.25959,2.25989,113
2025-07-18 02:35:00,2.25989,2.25991,2.25961,2.2597,83
2025-07-18 02:40:00,2.2597,2.25999,2.25968,2.25983,150
2025-07-18 02:45:00,2.25983,2.25991,2.25962,2.25967,100
2025-07-18 02:50:00,2.25967,2.25977,2.25952,2.25964,110
2025-07-18 02:55:00,2.25965,2.25968,2.25937,2.25946,158
2025-07-18 03:00:00,2.25945,2.25955,2.25826,2.25862,387
2025-07-18 03:05:00,2.25854,2.25875,2.25817,2.25869,226
2025-07-18 03:10:00,2.25865,2.25935,2.25858,2.25928,262
2025-07-18 03:15:00,2.25927,2.25941,2.25888,2.25926,198
2025-07-18 03:20:00,2.25926,2.25926,2.25814,2.25829,254
2025-07-18 03:25:00,2.25828,2.25834,2.25755,2.25786,218
2025-07-18 03:30:00,2.25785,2.25804,2.2572900000000002,2.25732,262
2025-07-18 03:35:00,2.25732,2.25757,2.25592,2.25611,313
2025-07-18 03:40:00,2.2560700000000002,2.25624,2.25563,2.25601,227
2025-07-18 03:45:00,2.25601,2.25605,2.25555,2.25558,221
2025-07-18 03:50:00,2.2555899999999998,2.25663,2.2553900000000002,2.25637,392
2025-07-18 03:55:00,2.25637,2.2566,2.2557,2.25575,429
2025-07-18 04:00:00,2.25575,2.25596,2.25466,2.2549,465
2025-07-18 04:05:00,2.2549,2.25603,2.25481,2.2556599999999998,343
2025-07-18 04:10:00,2.2556599999999998,2.2556599999999998,2.25516,2.25529,275
2025-07-18 04:15:00,2.25529,2.25543,2.25449,2.25476,254
2025-07-18 04:20:00,2.25479,2.25508,2.25463,2.25487,287
2025-07-18 04:25:00,2.25487,2.25494,2.2544399999999998,2.25482,229
2025-07-18 04:30:00,2.25474,2.25507,2.25373,2.25389,312
2025-07-18 04:35:00,2.25393,2.25465,2.25346,2.25415,248
2025-07-18 04:40:00,2.25415,2.2549,2.25397,2.25481,274
2025-07-18 04:45:00,2.25481,2.25496,2.25395,2.25438,391
2025-07-18 04:50:00,2.25438,2.25488,2.2542,2.25432,321
2025-07-18 04:55:00,2.2543699999999998,2.25545,2.25432,2.25518,305
2025-07-18 05:00:00,2.25516,2.25528,2.25454,2.25484,462
2025-07-18 05:05:00,2.25488,2.25618,2.25488,2.25591,342
2025-07-18 05:10:00,2.25589,2.25603,2.25467,2.25506,341
2025-07-18 05:15:00,2.25509,2.25609,2.25507,2.25585,293
2025-07-18 05:20:00,2.25585,2.2560000000000002,2.2549,2.25509,333
2025-07-18 05:25:00,2.25509,2.25554,2.25497,2.2549799999999998,251
2025-07-18 05:30:00,2.2549799999999998,2.25568,2.25493,2.25537,238
2025-07-18 05:35:00,2.25537,2.25561,2.25422,2.25431,271
2025-07-18 05:40:00,2.2543,2.25439,2.25397,2.25412,268
2025-07-18 05:45:00,2.25412,2.2541700000000002,2.25304,2.2531499999999998,229
2025-07-18 05:50:00,2.25311,2.2537599999999998,2.253,2.25332,260
2025-07-18 05:55:00,2.25332,2.2536300000000002,2.25308,2.25343,213
2025-07-18 06:00:00,2.25345,2.25385,2.25326,2.25332,249
2025-07-18 06:05:00,2.25332,2.25353,2.25288,2.25326,174
2025-07-18 06:10:00,2.25322,2.25351,2.25286,2.25346,205
2025-07-18 06:15:00,2.25351,2.25393,2.25333,2.25338,219
2025-07-18 06:20:00,2.25338,2.25362,2.25323,2.25337,228
2025-07-18 06:25:00,2.25337,2.25379,2.25312,2.25346,271
2025-07-18 06:30:00,2.25348,2.25362,2.25305,2.25351,247
2025-07-18 06:35:00,2.25347,2.25355,2.25273,2.25328,205
2025-07-18 06:40:00,2.25324,2.25375,2.25321,2.25348,251
2025-07-18 06:45:00,2.25353,2.25353,2.25313,2.25332,168
2025-07-18 06:50:00,2.25332,2.25407,2.25332,2.25407,179
2025-07-18 06:55:00,2.25407,2.25475,2.25397,2.25457,294
2025-07-18 07:00:00,2.25459,2.2549799999999998,2.25454,2.25486,333
2025-07-18 07:05:00,2.25484,2.2551,2.25451,2.25499,211
2025-07-18 07:10:00,2.25499,2.2552,2.25484,2.25491,269
2025-07-18 07:15:00,2.2549,2.25529,2.25462,2.25468,211
2025-07-18 07:20:00,2.25468,2.25468,2.25428,2.25447,205
2025-07-18 07:25:00,2.25447,2.25479,2.25428,2.25465,236
2025-07-18 07:30:00,2.2546,2.25502,2.25441,2.2549799999999998,209
2025-07-18 07:35:00,2.2549799999999998,2.25537,2.25486,2.25537,201
2025-07-18 07:40:00,2.2553,2.25538,2.255,2.25526,200
2025-07-18 07:45:00,2.25526,2.25549,2.25465,2.25493,170
2025-07-18 07:50:00,2.25495,2.25512,2.2543699999999998,2.25446,207
2025-07-18 07:55:00,2.25439,2.25459,2.2539,2.25426,278
2025-07-18 08:00:00,2.25425,2.25519,2.25425,2.25496,230
2025-07-18 08:05:00,2.25496,2.25523,2.2548,2.2551,160
2025-07-18 08:10:00,2.2551,2.25526,2.25494,2.25503,155
2025-07-18 08:15:00,2.2550499999999998,2.25523,2.25484,2.2551,193
2025-07-18 08:20:00,2.2551,2.25523,2.25469,2.25473,217
2025-07-18 08:25:00,2.25471,2.25514,2.25452,2.25481,257
2025-07-18 08:30:00,2.25481,2.25482,2.25434,2.25471,233
2025-07-18 08:35:00,2.25473,2.25489,2.25407,2.25449,175
2025-07-18 08:40:00,2.25449,2.25467,2.25421,2.25436,185
2025-07-18 08:45:00,2.25436,2.25459,2.25378,2.2541700000000002,217
2025-07-18 08:50:00,2.2541700000000002,2.25459,2.25372,2.25386,230
2025-07-18 08:55:00,2.25383,2.25408,2.25348,2.25378,268
2025-07-18 09:00:00,2.25399,2.25421,2.25355,2.25416,429
2025-07-18 09:05:00,2.25416,2.25465,2.25369,2.25449,394
2025-07-18 09:10:00,2.25449,2.25469,2.25402,2.25413,300
2025-07-18 09:15:00,2.2541,2.25466,2.25408,2.25419,322
2025-07-18 09:20:00,2.25416,2.25461,2.25358,2.25378,372
2025-07-18 09:25:00,2.25379,2.25391,2.25347,2.25379,255
2025-07-18 09:30:00,2.25379,2.25382,2.25289,2.25348,366
2025-07-18 09:35:00,2.25348,2.25409,2.25305,2.25409,315
2025-07-18 09:40:00,2.25409,2.25484,2.25398,2.25476,303
2025-07-18 09:45:00,2.2548,2.25495,2.25426,2.25451,313
2025-07-18 09:50:00,2.25449,2.2547800000000002,2.25414,2.25454,298
2025-07-18 09:55:00,2.25455,2.25477,2.254,2.25468,415
2025-07-18 10:00:00,2.25471,2.25517,2.25419,2.25488,462
2025-07-18 10:05:00,2.2549,2.25541,2.25463,2.2549,460
2025-07-18 10:10:00,2.25486,2.25536,2.25474,2.2549799999999998,419
2025-07-18 10:15:00,2.255,2.25543,2.25484,2.25487,415
2025-07-18 10:20:00,2.25489,2.25531,2.25486,2.25524,432
2025-07-18 10:25:00,2.25526,2.25571,2.25506,2.25523,313
2025-07-18 10:30:00,2.25523,2.25523,2.25461,2.25479,397
2025-07-18 10:35:00,2.25479,2.25524,2.25474,2.25497,381
2025-07-18 10:40:00,2.25493,2.25497,2.25433,2.25464,386
2025-07-18 10:45:00,2.25464,2.2548500000000002,2.2544,2.25466,364
2025-07-18 10:50:00,2.25454,2.25467,2.25423,2.2543,394
2025-07-18 10:55:00,2.25428,2.25443,2.25316,2.25328,537
2025-07-18 11:00:00,2.25325,2.2534,2.25262,2.25331,531
2025-07-18 11:05:00,2.25331,2.2538,2.2528,2.25362,370
2025-07-18 11:10:00,2.25347,2.25393,2.2531,2.25342,407
2025-07-18 11:15:00,2.25344,2.2535600000000002,2.25293,2.25312,393
2025-07-18 11:20:00,2.2531,2.25334,2.25289,2.25314,433
2025-07-18 11:25:00,2.25318,2.25332,2.2529500000000002,2.25306,352
2025-07-18 11:30:00,2.2530200000000002,2.25321,2.25252,2.2529,404
2025-07-18 11:35:00,2.25291,2.2529500000000002,2.25196,2.25285,410
2025-07-18 11:40:00,2.25285,2.25305,2.25247,2.25269,333
2025-07-18 11:45:00,2.25266,2.25269,2.25202,2.25203,438
2025-07-18 11:50:00,2.25203,2.25244,2.25196,2.25238,391
2025-07-18 11:55:00,2.2524,2.2528,2.252,2.25216,421
2025-07-18 12:00:00,2.25214,2.25214,2.25136,2.25176,394
2025-07-18 12:05:00,2.25178,2.2518599999999998,2.25118,2.2518000000000002,318
2025-07-18 12:10:00,2.25181,2.25196,2.25147,2.25167,344
2025-07-18 12:15:00,2.25167,2.25179,2.25108,2.25169,281
2025-07-18 12:20:00,2.25166,2.25228,2.25146,2.25228,319
2025-07-18 12:25:00,2.25228,2.25232,2.25169,2.25209,250
2025-07-18 12:30:00,2.25207,2.25259,2.25194,2.25199,291
2025-07-18 12:35:00,2.25199,2.25237,2.25192,2.25216,235
2025-07-18 12:40:00,2.25215,2.25243,2.25206,2.25223,245
2025-07-18 12:45:00,2.25223,2.2525,2.2519299999999998,2.25235,290
2025-07-18 12:50:00,2.2524100000000002,2.25258,2.25208,2.25212,288
2025-07-18 12:55:00,2.25212,2.25256,2.252,2.25216,323
2025-07-18 13:00:00,2.25221,2.25221,2.25166,2.25191,325
2025-07-18 13:05:00,2.25192,2.25224,2.2517,2.25206,251
2025-07-18 13:10:00,2.25206,2.25228,2.25157,2.2518000000000002,291
2025-07-18 13:15:00,2.2518000000000002,2.25196,2.25149,2.25182,309
2025-07-18 13:20:00,2.25182,2.25255,2.25182,2.25222,309
2025-07-18 13:25:00,2.25222,2.25251,2.25199,2.25199,214
2025-07-18 13:30:00,2.25199,2.25217,2.25175,2.25203,241
2025-07-18 13:35:00,2.25203,2.25206,2.2513199999999998,2.25156,201
2025-07-18 13:40:00,2.25161,2.2518599999999998,2.25127,2.25145,335
2025-07-18 13:45:00,2.25147,2.2519299999999998,2.2511900000000002,2.25128,284
2025-07-18 13:50:00,2.25128,2.2522,2.25124,2.2522,403
2025-07-18 13:55:00,2.25217,2.25239,2.25083,2.25091,344
2025-07-18 14:00:00,2.25081,2.25113,2.25062,2.25086,318
2025-07-18 14:05:00,2.25082,2.25108,2.25072,2.25082,337
2025-07-18 14:10:00,2.25081,2.25198,2.25045,2.25182,349
2025-07-18 14:15:00,2.25182,2.2519,2.25161,2.25168,254
2025-07-18 14:20:00,2.25172,2.25226,2.25139,2.25202,249
2025-07-18 14:25:00,2.25204,2.25232,2.25153,2.25221,293
2025-07-18 14:30:00,2.25225,2.25232,2.25172,2.25185,233
2025-07-18 14:35:00,2.25185,2.25202,2.2516,2.25199,257
2025-07-18 14:40:00,2.25196,2.25231,2.25171,2.2519299999999998,369
2025-07-18 14:45:00,2.2519299999999998,2.25209,2.25109,2.25155,316
2025-07-18 14:50:00,2.25155,2.2519299999999998,2.25121,2.25187,264
2025-07-18 14:55:00,2.25187,2.2521,2.25154,2.25198,368
2025-07-18 15:00:00,2.25198,2.25208,2.25152,2.25178,369
2025-07-18 15:05:00,2.25178,2.25199,2.25107,2.25127,364
2025-07-18 15:10:00,2.25127,2.2523,2.25103,2.25115,473
2025-07-18 15:15:00,2.25116,2.25201,2.25086,2.25196,444
2025-07-18 15:20:00,2.25196,2.25238,2.25156,2.25205,417
2025-07-18 15:25:00,2.25205,2.25213,2.2509,2.25097,378
2025-07-18 15:30:00,2.25095,2.25129,2.2506399999999998,2.25116,432
2025-07-18 15:35:00,2.25116,2.2511900000000002,2.2503,2.25072,423
2025-07-18 15:40:00,2.25072,2.25109,2.25054,2.25085,416
2025-07-18 15:45:00,2.25083,2.25129,2.2507,2.25101,442
2025-07-18 15:50:00,2.25102,2.25106,2.25024,2.25034,386
2025-07-18 15:55:00,2.2503,2.25057,2.25006,2.25023,468
2025-07-18 16:00:00,2.25023,2.25068,2.24938,2.24956,484
2025-07-18 16:05:00,2.24956,2.25023,2.24935,2.24997,391
2025-07-18 16:10:00,2.24997,2.25011,2.24935,2.24942,364
2025-07-18 16:15:00,2.24942,2.24964,2.24842,2.2488,434
2025-07-18 16:20:00,2.2488,2.24925,2.24793,2.24836,568
2025-07-18 16:25:00,2.24836,2.24986,2.24822,2.24974,585
2025-07-18 16:30:00,2.24974,2.24987,2.24918,2.24957,599
2025-07-18 16:35:00,2.24956,2.25017,2.24939,2.24992,517
2025-07-18 16:40:00,2.24995,2.25017,2.24948,2.25005,475
2025-07-18 16:45:00,2.25002,2.25023,2.24961,2.25006,470
2025-07-18 16:50:00,2.25007,2.25035,2.24973,2.24984,529
2025-07-18 16:55:00,2.24985,2.25002,2.248,2.248,555
2025-07-18 17:00:00,2.24812,2.24908,2.24812,2.24839,630
2025-07-18 17:05:00,2.24835,2.24893,2.24796,2.24874,622
2025-07-18 17:10:00,2.24873,2.2491,2.24833,2.24897,594
2025-07-18 17:15:00,2.24897,2.24982,2.24887,2.24975,506
2025-07-18 17:20:00,2.24975,2.2500999999999998,2.24909,2.24994,485
2025-07-18 17:25:00,2.2499000000000002,2.24993,2.24925,2.24953,565
2025-07-18 17:30:00,2.24956,2.25,2.24917,2.2493,584
2025-07-18 17:35:00,2.24926,2.25019,2.24899,2.24998,463
2025-07-18 17:40:00,2.24998,2.24998,2.24907,2.24973,475
2025-07-18 17:45:00,2.24968,2.24983,2.2491,2.24914,493
2025-07-18 17:50:00,2.24918,2.24961,2.2488799999999998,2.24921,560
2025-07-18 17:55:00,2.24925,2.24947,2.24852,2.2492900000000002,673
2025-07-18 18:00:00,2.2493,2.24964,2.24859,2.24895,584
2025-07-18 18:05:00,2.24887,2.24944,2.24873,2.24936,447
2025-07-18 18:10:00,2.24936,2.24937,2.24867,2.24937,486
2025-07-18 18:15:00,2.24935,2.2496,2.24913,2.24947,444
2025-07-18 18:20:00,2.24947,2.24958,2.24885,2.24901,412
2025-07-18 18:25:00,2.24903,2.24908,2.24778,2.24849,382
2025-07-18 18:30:00,2.24847,2.2486,2.2479,2.24797,428
2025-07-18 18:35:00,2.24793,2.24867,2.24784,2.2485,432
2025-07-18 18:40:00,2.24854,2.24858,2.24792,2.2482699999999998,436
2025-07-18 18:45:00,2.24829,2.24844,2.24753,2.2476,384
2025-07-18 18:50:00,2.2476,2.24798,2.24741,2.24796,337
2025-07-18 18:55:00,2.24792,2.2482,2.24772,2.24809,408
2025-07-18 19:00:00,2.2480700000000002,2.24812,2.24738,2.24806,427
2025-07-18 19:05:00,2.24803,2.24816,2.24742,2.24796,406
2025-07-18 19:10:00,2.24798,2.24811,2.24764,2.24798,344
2025-07-18 19:15:00,2.24803,2.24831,2.24774,2.24805,375
2025-07-18 19:20:00,2.24809,2.24846,2.24776,2.24824,636
2025-07-18 19:25:00,2.24824,2.24825,2.24761,2.2478,557
2025-07-18 19:30:00,2.24778,2.24798,2.24747,2.24771,439
2025-07-18 19:35:00,2.2477,2.24794,2.24747,2.24788,320
2025-07-18 19:40:00,2.24776,2.2486,2.24775,2.24789,446
2025-07-18 19:45:00,2.24789,2.24887,2.24779,2.24853,455
2025-07-18 19:50:00,2.24851,2.24911,2.24843,2.24887,428
2025-07-18 19:55:00,2.24887,2.2492,2.24865,2.24893,338
2025-07-18 20:00:00,2.2489,2.24942,2.24865,2.24879,349
2025-07-18 20:05:00,2.24882,2.2491,2.24838,2.24908,289
2025-07-18 20:10:00,2.24907,2.2493,2.24871,2.24916,334
2025-07-18 20:15:00,2.24913,2.2494,2.24903,2.24924,281
2025-07-18 20:20:00,2.24924,2.24973,2.2492,2.24937,270
2025-07-18 20:25:00,2.24939,2.24964,2.24911,2.24943,315
2025-07-18 20:30:00,2.24944,2.24961,2.24917,2.24943,398
2025-07-18 20:35:00,2.24928,2.24971,2.24918,2.24962,343
2025-07-18 20:40:00,2.24955,2.25008,2.24939,2.24992,274
2025-07-18 20:45:00,2.24989,2.25001,2.24947,2.2497,295
2025-07-18 20:50:00,2.2497,2.24992,2.24924,2.24988,263
2025-07-18 20:55:00,2.24991,2.25016,2.24936,2.24954,322
2025-07-18 21:00:00,2.24957,2.24981,2.24942,2.24957,289
2025-07-18 21:05:00,2.24961,2.24989,2.24951,2.24987,221
2025-07-18 21:10:00,2.24983,2.24987,2.24947,2.24974,270
2025-07-18 21:15:00,2.24975,2.24991,2.24952,2.2496,233
2025-07-18 21:20:00,2.24964,2.24997,2.24919,2.24936,271
2025-07-18 21:25:00,2.24937,2.24964,2.24926,2.24957,263
2025-07-18 21:30:00,2.24954,2.24964,2.24918,2.24947,259
2025-07-18 21:35:00,2.2494899999999998,2.24985,2.24932,2.2497,190
2025-07-18 21:40:00,2.2497,2.25009,2.24928,2.24941,166
2025-07-18 21:45:00,2.24941,2.24979,2.2493,2.24947,182
2025-07-18 21:50:00,2.24948,2.24993,2.24939,2.24962,319
2025-07-18 21:55:00,2.24966,2.2502,2.24944,2.25017,289
2025-07-18 22:00:00,2.25009,2.25027,2.2499000000000002,2.25004,193
2025-07-18 22:05:00,2.25006,2.25007,2.24937,2.24969,153
2025-07-18 22:10:00,2.24972,2.2500299999999998,2.24957,2.24975,255
2025-07-18 22:15:00,2.24973,2.24976,2.2494,2.24954,282
2025-07-18 22:20:00,2.24958,2.24982,2.24911,2.24936,233
2025-07-18 22:25:00,2.24936,2.24957,2.24926,2.24941,160
2025-07-18 22:30:00,2.24939,2.24948,2.24918,2.24935,211
2025-07-18 22:35:00,2.24941,2.24951,2.24916,2.24933,145
2025-07-18 22:40:00,2.24937,2.24974,2.24933,2.24969,226
2025-07-18 22:45:00,2.2497,2.24974,2.24934,2.24965,261
2025-07-18 22:50:00,2.24938,2.24986,2.24936,2.24979,199
2025-07-18 22:55:00,2.2498,2.24984,2.24936,2.24951,349
2025-07-18 23:00:00,2.2494899999999998,2.24998,2.24943,2.24989,216
2025-07-18 23:05:00,2.24991,2.25015,2.24973,2.25007,146
2025-07-18 23:10:00,2.25004,2.25014,2.2498,2.24997,139
2025-07-18 23:15:00,2.25001,2.25016,2.24978,2.24993,108
2025-07-18 23:20:00,2.24993,2.25001,2.24957,2.24972,137
2025-07-18 23:25:00,2.2497,2.24988,2.2495,2.24965,124
2025-07-18 23:30:00,2.24966,2.24975,2.24918,2.24932,186
2025-07-18 23:35:00,2.24932,2.24945,2.24914,2.2494,141
2025-07-18 23:40:00,2.24678,2.24691,2.24663,2.24681,221
2025-07-18 23:45:00,2.24683,2.24683,2.2461,2.24664,186
2025-07-18 23:50:00,2.24664,2.24692,2.24649,2.24662,139
2025-07-18 23:55:00,2.24668,2.24674,2.24502,2.2457,369
2025-07-21 00:00:00,2.24702,2.24706,2.24601,2.24608,263
2025-07-21 00:05:00,2.24463,2.24463,2.24216,2.24452,77
2025-07-21 00:10:00,2.2445,2.24452,2.24402,2.2443,79
2025-07-21 00:15:00,2.2443,2.2469,2.2439,2.24636,62
2025-07-21 00:20:00,2.24636,2.24648,2.24594,2.24598,37
2025-07-21 00:25:00,2.24598,2.24706,2.24598,2.24638,35
2025-07-21 00:30:00,2.24648,2.24674,2.24596,2.24616,118
2025-07-21 00:35:00,2.24616,2.24692,2.24558,2.2469,361
2025-07-21 00:40:00,2.24688,2.2479,2.2461,2.24676,217
2025-07-21 00:45:00,2.24678,2.24678,2.24574,2.24636,176
2025-07-21 00:50:00,2.24594,2.24683,2.24585,2.24627,208
2025-07-21 00:55:00,2.24627,2.24634,2.2446,2.24504,173
2025-07-21 01:00:00,2.24504,2.24844,2.24504,2.24828,471
2025-07-21 01:05:00,2.24831,2.24944,2.24794,2.24925,277
2025-07-21 01:10:00,2.24926,2.24954,2.24869,2.24953,331
2025-07-21 01:15:00,2.24918,2.24956,2.24874,2.24897,691
2025-07-21 01:20:00,2.24899,2.2494,2.24877,2.24938,571
2025-07-21 01:25:00,2.24936,2.24957,2.24881,2.249,205
2025-07-21 01:30:00,2.24895,2.24966,2.24856,2.24952,173
2025-07-21 01:35:00,2.24952,2.24967,2.24851,2.24851,159
2025-07-21 01:40:00,2.24851,2.24946,2.24819,2.24865,209
2025-07-21 01:45:00,2.24859,2.25585,2.24855,2.25573,543
2025-07-21 01:50:00,2.25573,2.25628,2.25509,2.2556,294
2025-07-21 01:55:00,2.25564,2.25564,2.25423,2.25462,203
2025-07-21 02:00:00,2.25466,2.2548,2.25404,2.2546,276
2025-07-21 02:05:00,2.25452,2.2551,2.25435,2.25446,135
2025-07-21 02:10:00,2.25433,2.25497,2.25427,2.25472,170
2025-07-21 02:15:00,2.25472,2.25533,2.2542,2.25475,162
2025-07-21 02:20:00,2.25475,2.25529,2.25464,2.2549,169
2025-07-21 02:25:00,2.25497,2.25551,2.25476,2.25526,169
2025-07-21 02:30:00,2.25536,2.25572,2.25472,2.25572,190
2025-07-21 02:35:00,2.25572,2.25591,2.25489,2.25502,185
2025-07-21 02:40:00,2.25502,2.25523,2.25451,2.25459,175
2025-07-21 02:45:00,2.25457,2.25464,2.25423,2.25423,114
2025-07-21 02:50:00,2.25423,2.25452,2.25346,2.25382,233
2025-07-21 02:55:00,2.25374,2.25407,2.25336,2.25347,228
2025-07-21 03:00:00,2.25347,2.25415,2.25311,2.25387,473
2025-07-21 03:05:00,2.25386,2.25467,2.2537599999999998,2.25428,341
2025-07-21 03:10:00,2.25425,2.25433,2.25327,2.25338,343
2025-07-21 03:15:00,2.25336,2.25462,2.25325,2.25458,278
2025-07-21 03:20:00,2.25458,2.2553,2.25441,2.25529,323
2025-07-21 03:25:00,2.25533,2.25579,2.25515,2.2557,228
2025-07-21 03:30:00,2.25577,2.25649,2.25556,2.25601,421
2025-07-21 03:35:00,2.25601,2.25704,2.2558,2.2561999999999998,353
2025-07-21 03:40:00,2.2561999999999998,2.25675,2.25611,2.25634,317
2025-07-21 03:45:00,2.25638,2.25646,2.25526,2.25569,379
2025-07-21 03:50:00,2.25567,2.25568,2.255,2.25513,381
2025-07-21 03:55:00,2.25511,2.2553900000000002,2.25482,2.25492,397
2025-07-21 04:00:00,2.25493,2.25529,2.25469,2.25495,411
2025-07-21 04:05:00,2.25497,2.25543,2.25477,2.2549,310
2025-07-21 04:10:00,2.2549,2.25511,2.25459,2.2549799999999998,253
2025-07-21 04:15:00,2.2549799999999998,2.25558,2.2546,2.25513,357
2025-07-21 04:20:00,2.25521,2.2557,2.25487,2.25544,422
2025-07-21 04:25:00,2.25541,2.25549,2.25468,2.25497,326
2025-07-21 04:30:00,2.25497,2.25536,2.25459,2.2547800000000002,435
2025-07-21 04:35:00,2.2547800000000002,2.2558,2.2543699999999998,2.25527,332
2025-07-21 04:40:00,2.25527,2.25652,2.2550499999999998,2.2565,436
2025-07-21 04:45:00,2.25652,2.25757,2.25599,2.25615,469
2025-07-21 04:50:00,2.2560700000000002,2.2568099999999998,2.25532,2.25633,431
2025-07-21 04:55:00,2.2562699999999998,2.25639,2.25583,2.25608,438
2025-07-21 05:00:00,2.25596,2.25679,2.2559,2.25666,463
2025-07-21 05:05:00,2.25665,2.25669,2.25602,2.2561999999999998,309
2025-07-21 05:10:00,2.25621,2.25635,2.25542,2.25545,385
2025-07-21 05:15:00,2.25549,2.25569,2.2550499999999998,2.25547,348
2025-07-21 05:20:00,2.25545,2.25578,2.25504,2.25524,389
2025-07-21 05:25:00,2.25524,2.2553900000000002,2.25489,2.25517,403
2025-07-21 05:30:00,2.25522,2.25525,2.25465,2.25488,367
2025-07-21 05:35:00,2.25482,2.25523,2.25465,2.2551,346
2025-07-21 05:40:00,2.2551,2.25564,2.2549,2.2556,269
2025-07-21 05:45:00,2.2556,2.25638,2.25548,2.25605,393
2025-07-21 05:50:00,2.25605,2.25613,2.2554,2.25544,252
2025-07-21 05:55:00,2.25542,2.25547,2.25475,2.255,331
2025-07-21 06:00:00,2.25502,2.25502,2.25434,2.25459,283
2025-07-21 06:05:00,2.25459,2.25477,2.25418,2.25433,265
2025-07-21 06:10:00,2.25433,2.25441,2.25359,2.25423,230
2025-07-21 06:15:00,2.25421,2.25476,2.25416,2.25452,165
2025-07-21 06:20:00,2.25452,2.25475,2.25429,2.25466,244
2025-07-21 06:25:00,2.25463,2.25517,2.25411,2.25415,215
2025-07-21 06:30:00,2.25416,2.25452,2.25393,2.25414,203
2025-07-21 06:35:00,2.25418,2.25484,2.25408,2.25445,187
2025-07-21 06:40:00,2.25445,2.25458,2.2537599999999998,2.25402,233
2025-07-21 06:45:00,2.25402,2.25468,2.25402,2.25458,232
2025-07-21 06:50:00,2.25458,2.25502,2.25434,2.25447,230
2025-07-21 06:55:00,2.2545,2.25475,2.25425,2.25457,275
2025-07-21 07:00:00,2.25457,2.25459,2.25393,2.25407,245
2025-07-21 07:05:00,2.25409,2.25428,2.25377,2.2541,205
2025-07-21 07:10:00,2.25406,2.2542,2.2539,2.25409,257
2025-07-21 07:15:00,2.25409,2.2546,2.25409,2.2541700000000002,191
2025-07-21 07:20:00,2.2541700000000002,2.25448,2.25401,2.2544,218
2025-07-21 07:25:00,2.25445,2.25445,2.25397,2.25411,169
2025-07-21 07:30:00,2.25411,2.25433,2.2539,2.25427,229
2025-07-21 07:35:00,2.25422,2.25428,2.25399,2.25422,190
2025-07-21 07:40:00,2.25422,2.25452,2.25401,2.25452,234
2025-07-21 07:45:00,2.25448,2.25468,2.2542,2.2544,321
2025-07-21 07:50:00,2.25445,2.25455,2.25414,2.25416,221
2025-07-21 07:55:00,2.25418,2.25431,2.25403,2.25416,181
2025-07-21 08:00:00,2.25416,2.25445,2.25317,2.25349,260
2025-07-21 08:05:00,2.25349,2.2535,2.25312,2.25328,226
2025-07-21 08:10:00,2.25332,2.2536300000000002,2.25303,2.25334,243
2025-07-21 08:15:00,2.2533,2.2535,2.25298,2.25341,251
2025-07-21 08:20:00,2.2534,2.2537,2.25327,2.25331,222
2025-07-21 08:25:00,2.25334,2.25335,2.25274,2.2529,267
2025-07-21 08:30:00,2.2529,2.25336,2.25276,2.25329,306
2025-07-21 08:35:00,2.25329,2.25329,2.25249,2.25282,251
2025-07-21 08:40:00,2.25282,2.25285,2.2524,2.2526,336
2025-07-21 08:45:00,2.25261,2.25331,2.25217,2.25307,287
2025-07-21 08:50:00,2.25305,2.25346,2.25287,2.25322,310
2025-07-21 08:55:00,2.25322,2.2535,2.25314,2.2532,284
2025-07-21 09:00:00,2.2532,2.25324,2.25232,2.25285,401
2025-07-21 09:05:00,2.25283,2.2531499999999998,2.2527,2.25294,347
2025-07-21 09:10:00,2.25294,2.25305,2.25246,2.25279,413
2025-07-21 09:15:00,2.25275,2.25299,2.25242,2.25291,392
2025-07-21 09:20:00,2.2529500000000002,2.25303,2.25239,2.25283,325
2025-07-21 09:25:00,2.2528,2.25289,2.25224,2.25268,374
2025-07-21 09:30:00,2.25268,2.2527,2.25183,2.25211,592
2025-07-21 09:35:00,2.25213,2.25251,2.25176,2.25195,428
2025-07-21 09:40:00,2.25191,2.25268,2.25182,2.25236,460
2025-07-21 09:45:00,2.25237,2.25306,2.25222,2.25262,338
2025-07-21 09:50:00,2.25262,2.25359,2.25247,2.25359,302
2025-07-21 09:55:00,2.25359,2.25392,2.25341,2.2538,454
2025-07-21 10:00:00,2.25381,2.25389,2.25285,2.2530200000000002,511
2025-07-21 10:05:00,2.25305,2.25423,2.2530200000000002,2.25389,487
2025-07-21 10:10:00,2.25395,2.25457,2.25388,2.25435,432
2025-07-21 10:15:00,2.25435,2.25502,2.25433,2.25467,427
2025-07-21 10:20:00,2.25465,2.25494,2.25438,2.25476,396
2025-07-21 10:25:00,2.25484,2.25514,2.25464,2.25497,363
2025-07-21 10:30:00,2.25497,2.25567,2.25479,2.25565,388
2025-07-21 10:35:00,2.2556,2.25575,2.25548,2.25573,324
2025-07-21 10:40:00,2.25573,2.25644,2.25558,2.25643,410
2025-07-21 10:45:00,2.25643,2.25679,2.25635,2.25651,342
2025-07-21 10:50:00,2.25651,2.25689,2.25641,2.2568099999999998,332
2025-07-21 10:55:00,2.2568099999999998,2.2574,2.2566800000000002,2.25697,478
2025-07-21 11:00:00,2.25698,2.25723,2.25646,2.25707,436
2025-07-21 11:05:00,2.25707,2.25756,2.25652,2.25663,328
2025-07-21 11:10:00,2.25663,2.25702,2.25621,2.2566800000000002,290
2025-07-21 11:15:00,2.2566800000000002,2.25713,2.25648,2.25662,314
2025-07-21 11:20:00,2.25662,2.25705,2.25638,2.25652,279
2025-07-21 11:25:00,2.25656,2.25671,2.25635,2.25667,336
2025-07-21 11:30:00,2.25665,2.25674,2.25577,2.2564,421
2025-07-21 11:35:00,2.25639,2.25696,2.25614,2.25614,534
2025-07-21 11:40:00,2.25603,2.2561999999999998,2.25565,2.25586,434
2025-07-21 11:45:00,2.25587,2.25634,2.25545,2.25555,337
2025-07-21 11:50:00,2.25555,2.25597,2.25536,2.25586,367
2025-07-21 11:55:00,2.25587,2.25587,2.25527,2.25531,367
2025-07-21 12:00:00,2.25531,2.2557,2.25517,2.2554,409
2025-07-21 12:05:00,2.2554,2.25579,2.25515,2.2553900000000002,343
2025-07-21 12:10:00,2.2553900000000002,2.25643,2.25534,2.25631,308
2025-07-21 12:15:00,2.25633,2.25697,2.25631,2.25695,363
2025-07-21 12:20:00,2.25693,2.25739,2.25666,2.25685,352
2025-07-21 12:25:00,2.25687,2.2569,2.25652,2.25669,242
2025-07-21 12:30:00,2.25669,2.2568799999999998,2.25645,2.25672,285
2025-07-21 12:35:00,2.25672,2.25755,2.25669,2.25741,316
2025-07-21 12:40:00,2.25739,2.25824,2.25726,2.25816,400
2025-07-21 12:45:00,2.25817,2.25825,2.2578,2.25811,264
2025-07-21 12:50:00,2.25813,2.25854,2.25801,2.25846,298
2025-07-21 12:55:00,2.25847,2.25921,2.25847,2.25913,313
2025-07-21 13:00:00,2.25915,2.25923,2.25866,2.25875,339
2025-07-21 13:05:00,2.25875,2.25877,2.25811,2.25848,333
2025-07-21 13:10:00,2.2584400000000002,2.25877,2.25826,2.2586399999999998,346
2025-07-21 13:15:00,2.25869,2.25895,2.25793,2.25806,350
2025-07-21 13:20:00,2.258,2.25841,2.25773,2.2578,230
2025-07-21 13:25:00,2.2578,2.25786,2.25708,2.25726,293
2025-07-21 13:30:00,2.25726,2.25726,2.25653,2.25657,300
2025-07-21 13:35:00,2.2566100000000002,2.2566800000000002,2.25638,2.25664,152
2025-07-21 13:40:00,2.25664,2.25677,2.25638,2.25654,267
2025-07-21 13:45:00,2.25654,2.25672,2.25604,2.25608,253
2025-07-21 13:50:00,2.25611,2.25705,2.25608,2.25695,388
2025-07-21 13:55:00,2.25695,2.25723,2.25663,2.25696,405
2025-07-21 14:00:00,2.25691,2.25758,2.25662,2.25732,482
2025-07-21 14:05:00,2.25734,2.2574899999999998,2.2567,2.25689,387
2025-07-21 14:10:00,2.25689,2.25731,2.25652,2.25653,386
2025-07-21 14:15:00,2.25653,2.25743,2.25648,2.2571,383
2025-07-21 14:20:00,2.25711,2.25775,2.25708,2.25768,426
2025-07-21 14:25:00,2.25771,2.25771,2.25695,2.25709,419
2025-07-21 14:30:00,2.25708,2.25743,2.25675,2.25696,382
2025-07-21 14:35:00,2.25694,2.25743,2.25641,2.25658,331
2025-07-21 14:40:00,2.25662,2.25691,2.25622,2.25637,369
2025-07-21 14:45:00,2.2564,2.25643,2.25597,2.25636,420
2025-07-21 14:50:00,2.25628,2.25669,2.25617,2.2566100000000002,371
2025-07-21 14:55:00,2.2566100000000002,2.25693,2.2564,2.25679,456
2025-07-21 15:00:00,2.25679,2.25731,2.2566800000000002,2.25697,383
2025-07-21 15:05:00,2.25695,2.25718,2.25629,2.2565,296
2025-07-21 15:10:00,2.2565,2.25683,2.25586,2.25667,400
2025-07-21 15:15:00,2.25664,2.25674,2.25572,2.25614,417
2025-07-21 15:20:00,2.25608,2.25623,2.2554600000000002,2.25557,372
2025-07-21 15:25:00,2.25555,2.25576,2.25508,2.25569,343
2025-07-21 15:30:00,2.25565,2.2558,2.25529,2.25558,360
2025-07-21 15:35:00,2.25558,2.2556,2.2551,2.2553,379
2025-07-21 15:40:00,2.2553,2.25567,2.25514,2.25544,389
2025-07-21 15:45:00,2.25548,2.2560000000000002,2.25537,2.25593,329
2025-07-21 15:50:00,2.2559,2.25598,2.25545,2.25574,314
2025-07-21 15:55:00,2.25576,2.25737,2.25561,2.2572900000000002,388
2025-07-21 16:00:00,2.2572900000000002,2.25761,2.25667,2.25706,408
2025-07-21 16:05:00,2.25709,2.2578,2.25696,2.25777,389
2025-07-21 16:10:00,2.25779,2.25782,2.25734,2.25776,345
2025-07-21 16:15:00,2.25776,2.25824,2.25727,2.25778,374
2025-07-21 16:20:00,2.25778,2.25826,2.25766,2.2578300000000002,318
2025-07-21 16:25:00,2.25785,2.25818,2.25757,2.25772,327
2025-07-21 16:30:00,2.25774,2.25788,2.25708,2.25754,510
2025-07-21 16:35:00,2.25754,2.25791,2.25721,2.25738,450
2025-07-21 16:40:00,2.2574199999999998,2.25782,2.25737,2.25744,321
2025-07-21 16:45:00,2.25744,2.25884,2.2574,2.25825,451
2025-07-21 16:50:00,2.25825,2.25841,2.25721,2.25744,430
2025-07-21 16:55:00,2.2574199999999998,2.25788,2.25707,2.25754,363
2025-07-21 17:00:00,2.25755,2.25797,2.25621,2.25646,606
2025-07-21 17:05:00,2.25644,2.25652,2.25592,2.25652,552
2025-07-21 17:10:00,2.25652,2.25772,2.25625,2.25732,562
2025-07-21 17:15:00,2.25732,2.25769,2.25702,2.25756,501
2025-07-21 17:20:00,2.25757,2.25782,2.25714,2.2572200000000002,393
2025-07-21 17:25:00,2.25721,2.25745,2.25687,2.25731,352
2025-07-21 17:30:00,2.25731,2.25759,2.2569,2.25755,503
2025-07-21 17:35:00,2.25755,2.25772,2.25652,2.2566,457
2025-07-21 17:40:00,2.2567,2.25706,2.2565,2.257,501
2025-07-21 17:45:00,2.2569,2.25768,2.25649,2.25767,513
2025-07-21 17:50:00,2.25765,2.25812,2.25739,2.25796,519
2025-07-21 17:55:00,2.25796,2.25824,2.25769,2.25796,606
2025-07-21 18:00:00,2.25796,2.25823,2.25752,2.25781,610
2025-07-21 18:05:00,2.25776,2.25842,2.25776,2.2583,525
2025-07-21 18:10:00,2.25834,2.25867,2.25794,2.25858,483
2025-07-21 18:15:00,2.25858,2.25868,2.25823,2.25835,468
2025-07-21 18:20:00,2.25833,2.2584400000000002,2.25676,2.25727,468
2025-07-21 18:25:00,2.2572900000000002,2.25751,2.25708,2.25733,386
2025-07-21 18:30:00,2.2573,2.25753,2.25671,2.25692,479
2025-07-21 18:35:00,2.25692,2.25751,2.25692,2.2574,332
2025-07-21 18:40:00,2.2574199999999998,2.25821,2.25694,2.25787,389
2025-07-21 18:45:00,2.25787,2.25817,2.25769,2.25816,378
2025-07-21 18:50:00,2.25818,2.25818,2.25756,2.25799,321
2025-07-21 18:55:00,2.25799,2.25804,2.25745,2.2574899999999998,473
2025-07-21 19:00:00,2.25733,2.25733,2.25658,2.25701,544
2025-07-21 19:05:00,2.25701,2.25748,2.2568,2.25701,432
2025-07-21 19:10:00,2.25698,2.25719,2.25654,2.25704,459
2025-07-21 19:15:00,2.25708,2.25757,2.25695,2.25744,399
2025-07-21 19:20:00,2.25748,2.2576,2.25702,2.25755,308
2025-07-21 19:25:00,2.25752,2.25777,2.25719,2.25741,382
2025-07-21 19:30:00,2.25746,2.25768,2.25715,2.25768,324
2025-07-21 19:35:00,2.25768,2.25771,2.25691,2.25743,286
2025-07-21 19:40:00,2.2574899999999998,2.25767,2.25712,2.25736,295
2025-07-21 19:45:00,2.25732,2.25756,2.25679,2.25707,314
2025-07-21 19:50:00,2.25713,2.25734,2.25694,2.25714,358
2025-07-21 19:55:00,2.25714,2.25723,2.25634,2.25652,281
2025-07-21 20:00:00,2.25652,2.25711,2.25637,2.25708,418
2025-07-21 20:05:00,2.25709,2.2574199999999998,2.25677,2.2571,308
2025-07-21 20:10:00,2.25708,2.25719,2.25659,2.25678,380
2025-07-21 20:15:00,2.25678,2.25701,2.25666,2.25687,222
2025-07-21 20:20:00,2.25687,2.25707,2.25659,2.25696,269
2025-07-21 20:25:00,2.25696,2.25715,2.2566800000000002,2.25715,319
2025-07-21 20:30:00,2.25717,2.25723,2.25674,2.25694,287
2025-07-21 20:35:00,2.25694,2.25696,2.25649,2.25672,240
2025-07-21 20:40:00,2.2567,2.25717,2.2566,2.25715,247
2025-07-21 20:45:00,2.25715,2.25721,2.25667,2.25695,304
2025-07-21 20:50:00,2.25695,2.25725,2.2568799999999998,2.2572,276
2025-07-21 20:55:00,2.25725,2.25725,2.2566800000000002,2.25697,331
2025-07-21 21:00:00,2.25697,2.2571,2.25666,2.25704,298
2025-07-21 21:05:00,2.25704,2.25738,2.25683,2.2573,252
2025-07-21 21:10:00,2.2573,2.25747,2.25714,2.25733,169
2025-07-21 21:15:00,2.25734,2.25734,2.25695,2.25714,249
2025-07-21 21:20:00,2.25714,2.25721,2.25683,2.25706,145
2025-07-21 21:25:00,2.25702,2.25702,2.25647,2.25671,254
2025-07-21 21:30:00,2.25667,2.25713,2.25657,2.2568,223
2025-07-21 21:35:00,2.25686,2.25699,2.25662,2.25685,193
2025-07-21 21:40:00,2.25685,2.25712,2.25669,2.25691,224
2025-07-21 21:45:00,2.25695,2.25726,2.2566100000000002,2.25697,274
2025-07-21 21:50:00,2.25701,2.25713,2.25662,2.25689,286
2025-07-21 21:55:00,2.25689,2.25733,2.25675,2.2572900000000002,320
2025-07-21 22:00:00,2.2573,2.25754,2.25696,2.25723,280
2025-07-21 22:05:00,2.25723,2.2574,2.25703,2.2574,202
2025-07-21 22:10:00,2.25738,2.2575,2.25706,2.25717,199
2025-07-21 22:15:00,2.25721,2.25756,2.25704,2.25754,176
2025-07-21 22:20:00,2.25756,2.25759,2.25719,2.25752,201
2025-07-21 22:25:00,2.25754,2.25764,2.25724,2.25744,186
2025-07-21 22:30:00,2.25748,2.25764,2.25718,2.2576,180
2025-07-21 22:35:00,2.2576,2.25764,2.25732,2.25762,184
2025-07-21 22:40:00,2.25763,2.2582,2.2575,2.25804,231
2025-07-21 22:45:00,2.25804,2.25815,2.25782,2.2580999999999998,205
2025-07-21 22:50:00,2.25806,2.25817,2.2578,2.25787,302
2025-07-21 22:55:00,2.25787,2.25841,2.25773,2.25788,316
2025-07-21 23:00:00,2.2579000000000002,2.25815,2.25757,2.25811,156
2025-07-21 23:05:00,2.25811,2.2584,2.2578300000000002,2.25831,118
2025-07-21 23:10:00,2.25831,2.25859,2.25807,2.25855,154
2025-07-21 23:15:00,2.25854,2.25881,2.25845,2.25874,184
2025-07-21 23:20:00,2.25874,2.25877,2.25817,2.25858,162
2025-07-21 23:25:00,2.25858,2.2589,2.25841,2.25868,173
2025-07-21 23:30:00,2.25866,2.25877,2.25838,2.2586399999999998,159
2025-07-21 23:35:00,2.2586399999999998,2.2591,2.25849,2.25908,158
2025-07-21 23:40:00,2.25908,2.25908,2.2564,2.25644,73
2025-07-21 23:45:00,2.25644,2.25711,2.25638,2.25692,115
2025-07-21 23:50:00,2.25692,2.25753,2.25682,2.25744,139
2025-07-21 23:55:00,2.25744,2.26028,2.25732,2.26005,290
2025-07-22 00:00:00,2.25931,2.25931,2.25551,2.25571,19
2025-07-22 00:05:00,2.25827,2.25831,2.25512,2.25752,87
2025-07-22 00:10:00,2.25752,2.25793,2.25752,2.25793,10
2025-07-22 00:15:00,2.25793,2.2593199999999998,2.25786,2.25786,14
2025-07-22 00:20:00,2.25786,2.25808,2.25767,2.25795,43
2025-07-22 00:25:00,2.25798,2.25837,2.25794,2.25837,54
2025-07-22 00:30:00,2.25837,2.25861,2.25805,2.25808,119
2025-07-22 00:35:00,2.25808,2.25825,2.25782,2.25815,218
2025-07-22 00:40:00,2.25815,2.25841,2.25802,2.25832,237
2025-07-22 00:45:00,2.2583,2.26014,2.25818,2.2585100000000002,120
2025-07-22 00:50:00,2.25855,2.25855,2.25818,2.25826,91
2025-07-22 00:55:00,2.25829,2.25872,2.25823,2.25845,252
2025-07-22 01:00:00,2.25906,2.26024,2.25889,2.26022,198
2025-07-22 01:05:00,2.26022,2.26053,2.26011,2.26044,69
2025-07-22 01:10:00,2.26044,2.26046,2.26011,2.26017,85
2025-07-22 01:15:00,2.26017,2.26045,2.26017,2.26033,145
2025-07-22 01:20:00,2.26033,2.2605,2.26026,2.2603,103
2025-07-22 01:25:00,2.26026,2.26037,2.26022,2.26022,52
2025-07-22 01:30:00,2.2602,2.2604699999999998,2.2602,2.26046,49
2025-07-22 01:35:00,2.2604699999999998,2.2604699999999998,2.26022,2.26022,49
2025-07-22 01:40:00,2.26022,2.26036,2.26008,2.2601,109
2025-07-22 01:45:00,2.26012,2.26018,2.25988,2.25998,117
2025-07-22 01:50:00,2.25996,2.26008,2.25996,2.26002,110
2025-07-22 01:55:00,2.26002,2.26013,2.25977,2.2598599999999998,140
2025-07-22 02:00:00,2.25987,2.25991,2.25972,2.25981,84
2025-07-22 02:05:00,2.25981,2.25991,2.25957,2.25983,70
2025-07-22 02:10:00,2.2598599999999998,2.25999,2.25952,2.25971,102
2025-07-22 02:15:00,2.25969,2.2598,2.25951,2.25976,180
2025-07-22 02:20:00,2.2598,2.26012,2.25974,2.26012,134
2025-07-22 02:25:00,2.26012,2.26014,2.25975,2.25981,91
2025-07-22 02:30:00,2.25981,2.25982,2.25956,2.25976,73
2025-07-22 02:35:00,2.25976,2.25981,2.25948,2.25953,132
2025-07-22 02:40:00,2.25953,2.2596,2.2594,2.25949,79
2025-07-22 02:45:00,2.25949,2.25955,2.25854,2.25856,135
2025-07-22 02:50:00,2.25856,2.25897,2.25837,2.25897,134
2025-07-22 02:55:00,2.25894,2.25955,2.25877,2.25948,136
2025-07-22 03:00:00,2.25945,2.25967,2.2590500000000002,2.2590500000000002,455
2025-07-22 03:05:00,2.25907,2.25985,2.25898,2.25963,320
2025-07-22 03:10:00,2.25963,2.26001,2.25943,2.25984,338
2025-07-22 03:15:00,2.25985,2.26094,2.25982,2.2608800000000002,332
2025-07-22 03:20:00,2.2609,2.26222,2.2608800000000002,2.26196,207
2025-07-22 03:25:00,2.26196,2.262,2.26139,2.26157,274
2025-07-22 03:30:00,2.26155,2.26183,2.26126,2.26148,262
2025-07-22 03:35:00,2.26148,2.26174,2.26078,2.26087,246
2025-07-22 03:40:00,2.26083,2.26146,2.26083,2.26138,308
2025-07-22 03:45:00,2.26138,2.2615,2.2609500000000002,2.26097,215
2025-07-22 03:50:00,2.26099,2.262,2.26091,2.2617599999999998,317
2025-07-22 03:55:00,2.2617599999999998,2.26212,2.2614900000000002,2.26171,381
2025-07-22 04:00:00,2.26171,2.26171,2.26025,2.26041,325
2025-07-22 04:05:00,2.26041,2.26079,2.2602,2.26031,277
2025-07-22 04:10:00,2.26031,2.26098,2.26026,2.26041,224
2025-07-22 04:15:00,2.26042,2.2605,2.25994,2.26008,240
2025-07-22 04:20:00,2.26008,2.26052,2.2598599999999998,2.26052,286
2025-07-22 04:25:00,2.26058,2.2606,2.26003,2.26018,205
2025-07-22 04:30:00,2.26015,2.26061,2.26002,2.26041,253
2025-07-22 04:35:00,2.2604,2.26143,2.26021,2.26129,332
2025-07-22 04:40:00,2.26129,2.26183,2.26101,2.26183,335
2025-07-22 04:45:00,2.26183,2.26253,2.26157,2.26199,279
2025-07-22 04:50:00,2.26199,2.2623699999999998,2.26178,2.26213,310
2025-07-22 04:55:00,2.26215,2.26215,2.26147,2.26174,375
2025-07-22 05:00:00,2.26174,2.26174,2.26077,2.26081,326
2025-07-22 05:05:00,2.26078,2.26186,2.26071,2.26152,240
2025-07-22 05:10:00,2.26152,2.26162,2.26083,2.26091,202
2025-07-22 05:15:00,2.26091,2.26113,2.26062,2.26062,181
2025-07-22 05:20:00,2.26062,2.26067,2.25998,2.26015,173
2025-07-22 05:25:00,2.26011,2.2609,2.2601,2.26082,310
2025-07-22 05:30:00,2.26078,2.26126,2.26077,2.26112,245
2025-07-22 05:35:00,2.26112,2.26148,2.26103,2.26127,245
2025-07-22 05:40:00,2.26125,2.26138,2.26046,2.26066,225
2025-07-22 05:45:00,2.26064,2.26067,2.2598599999999998,2.26004,269
2025-07-22 05:50:00,2.26004,2.26068,2.25999,2.26068,240
2025-07-22 05:55:00,2.26068,2.2609,2.26048,2.26081,273
2025-07-22 06:00:00,2.26079,2.2611499999999998,2.26067,2.26072,218
2025-07-22 06:05:00,2.26074,2.26093,2.2604,2.2609,234
2025-07-22 06:10:00,2.2609,2.2611499999999998,2.26081,2.261,176
2025-07-22 06:15:00,2.261,2.26132,2.26086,2.261,188
2025-07-22 06:20:00,2.26102,2.26175,2.261,2.26131,232
2025-07-22 06:25:00,2.26131,2.26147,2.26085,2.26112,203
2025-07-22 06:30:00,2.26112,2.2618,2.26112,2.26151,281
2025-07-22 06:35:00,2.26158,2.26213,2.26157,2.26194,255
2025-07-22 06:40:00,2.26193,2.26227,2.26147,2.26147,172
2025-07-22 06:45:00,2.26147,2.26174,2.26128,2.26143,275
2025-07-22 06:50:00,2.26143,2.2616,2.26133,2.2614,201
2025-07-22 06:55:00,2.26137,2.26154,2.26103,2.26132,259
2025-07-22 07:00:00,2.26131,2.2614900000000002,2.2609500000000002,2.26105,272
2025-07-22 07:05:00,2.26103,2.26148,2.26099,2.26125,178
2025-07-22 07:10:00,2.26125,2.26131,2.26091,2.26113,231
2025-07-22 07:15:00,2.26113,2.26125,2.26026,2.26033,258
2025-07-22 07:20:00,2.26029,2.2605399999999998,2.25985,2.25991,227
2025-07-22 07:25:00,2.2599299999999998,2.26031,2.25984,2.25994,264
2025-07-22 07:30:00,2.25995,2.26037,2.25983,2.25991,213
2025-07-22 07:35:00,2.25995,2.26077,2.25991,2.26077,219
2025-07-22 07:40:00,2.26074,2.26074,2.26021,2.26045,123
2025-07-22 07:45:00,2.26045,2.26059,2.26023,2.26051,163
2025-07-22 07:50:00,2.26057,2.2611,2.26051,2.26101,189
2025-07-22 07:55:00,2.26103,2.26138,2.26101,2.26132,233
2025-07-22 08:00:00,2.26133,2.2615600000000002,2.26112,2.26145,313
2025-07-22 08:05:00,2.26145,2.26167,2.26134,2.26153,225
2025-07-22 08:10:00,2.26155,2.26229,2.26138,2.26199,294
2025-07-22 08:15:00,2.26206,2.26206,2.26142,2.26188,273
2025-07-22 08:20:00,2.26188,2.26224,2.26188,2.262,282
2025-07-22 08:25:00,2.26203,2.2622,2.26187,2.26208,195
2025-07-22 08:30:00,2.2621,2.26259,2.26185,2.26257,247
2025-07-22 08:35:00,2.26256,2.26272,2.26185,2.26198,240
2025-07-22 08:40:00,2.26196,2.26271,2.26185,2.2627,241
2025-07-22 08:45:00,2.26266,2.26341,2.26259,2.26324,320
2025-07-22 08:50:00,2.26324,2.26336,2.26254,2.26272,279
2025-07-22 08:55:00,2.26271,2.2638,2.26266,2.26379,400
2025-07-22 09:00:00,2.2638,2.26393,2.26253,2.26288,443
2025-07-22 09:05:00,2.26292,2.2631,2.26252,2.2628,282
2025-07-22 09:10:00,2.2628,2.26313,2.26261,2.26277,277
2025-07-22 09:15:00,2.26282,2.26367,2.26255,2.26341,293
2025-07-22 09:20:00,2.26349,2.2637,2.26317,2.26355,364
2025-07-22 09:25:00,2.26363,2.26371,2.26311,2.26335,353
2025-07-22 09:30:00,2.26342,2.2643,2.26319,2.26416,376
2025-07-22 09:35:00,2.26415,2.2646100000000002,2.26377,2.26429,396
2025-07-22 09:40:00,2.26427,2.26499,2.26412,2.26492,444
2025-07-22 09:45:00,2.26493,2.26508,2.26452,2.26467,331
2025-07-22 09:50:00,2.26469,2.26486,2.26422,2.26444,297
2025-07-22 09:55:00,2.26441,2.26599,2.26437,2.26562,552
2025-07-22 10:00:00,2.26563,2.26594,2.2652,2.26578,552
2025-07-22 10:05:00,2.26582,2.26609,2.26516,2.26525,326
2025-07-22 10:10:00,2.26519,2.26532,2.26452,2.26458,426
2025-07-22 10:15:00,2.26458,2.26493,2.26432,2.2648099999999998,400
2025-07-22 10:20:00,2.26483,2.2653,2.2646100000000002,2.26511,359
2025-07-22 10:25:00,2.26511,2.26546,2.26459,2.26459,315
2025-07-22 10:30:00,2.2646100000000002,2.26486,2.26436,2.26457,350
2025-07-22 10:35:00,2.26453,2.26484,2.26432,2.26476,251
2025-07-22 10:40:00,2.26472,2.26495,2.26438,2.26478,335
2025-07-22 10:45:00,2.26478,2.265,2.2643,2.26486,321
2025-07-22 10:50:00,2.26488,2.26532,2.26466,2.26495,364
2025-07-22 10:55:00,2.26495,2.26639,2.26493,2.26606,476
2025-07-22 11:00:00,2.2661,2.26637,2.26544,2.26622,433
2025-07-22 11:05:00,2.26622,2.26682,2.26597,2.26617,393
2025-07-22 11:10:00,2.26615,2.2665699999999998,2.26579,2.266,292
2025-07-22 11:15:00,2.266,2.26666,2.26532,2.26661,286
2025-07-22 11:20:00,2.2666399999999998,2.26692,2.26626,2.2668,362
2025-07-22 11:25:00,2.26684,2.2671,2.2666,2.2667,386
2025-07-22 11:30:00,2.26678,2.26731,2.26652,2.26726,487
2025-07-22 11:35:00,2.26719,2.26796,2.26717,2.2676600000000002,437
2025-07-22 11:40:00,2.2676600000000002,2.2677899999999998,2.26714,2.26722,385
2025-07-22 11:45:00,2.26722,2.26735,2.26692,2.26735,333
2025-07-22 11:50:00,2.26735,2.26804,2.2672499999999998,2.26764,396
2025-07-22 11:55:00,2.26764,2.26861,2.26757,2.26861,405
2025-07-22 12:00:00,2.26861,2.26863,2.26747,2.26775,429
2025-07-22 12:05:00,2.26771,2.26886,2.26771,2.26878,389
2025-07-22 12:10:00,2.26878,2.26882,2.26785,2.268,333
2025-07-22 12:15:00,2.268,2.26809,2.26763,2.26791,269
2025-07-22 12:20:00,2.26792,2.26792,2.26728,2.26765,274
2025-07-22 12:25:00,2.26765,2.26791,2.26747,2.26777,254
2025-07-22 12:30:00,2.26777,2.26812,2.26761,2.26785,346
2025-07-22 12:35:00,2.26783,2.26789,2.26727,2.26727,255
2025-07-22 12:40:00,2.26727,2.26733,2.26677,2.26687,299
2025-07-22 12:45:00,2.26688,2.26714,2.26636,2.2664400000000002,260
2025-07-22 12:50:00,2.26642,2.26675,2.26615,2.26628,340
2025-07-22 12:55:00,2.26627,2.26674,2.26619,2.26661,306
2025-07-22 13:00:00,2.2666399999999998,2.26687,2.26592,2.26624,435
2025-07-22 13:05:00,2.26624,2.26627,2.26588,2.26607,362
2025-07-22 13:10:00,2.26607,2.26612,2.26548,2.26551,334
2025-07-22 13:15:00,2.26551,2.26581,2.26518,2.26548,231
2025-07-22 13:20:00,2.26553,2.26574,2.2653499999999998,2.26562,288
2025-07-22 13:25:00,2.26566,2.26631,2.26564,2.26599,256
2025-07-22 13:30:00,2.26595,2.26612,2.2657,2.2660299999999998,257
2025-07-22 13:35:00,2.26599,2.26601,2.26547,2.26555,245
2025-07-22 13:40:00,2.26561,2.26598,2.26552,2.26569,240
2025-07-22 13:45:00,2.26569,2.2659599999999998,2.26555,2.26588,237
2025-07-22 13:50:00,2.26588,2.2661,2.26555,2.26559,276
2025-07-22 13:55:00,2.26559,2.26575,2.2648,2.26509,361
2025-07-22 14:00:00,2.26509,2.2660299999999998,2.26493,2.26597,378
2025-07-22 14:05:00,2.26595,2.2661,2.26571,2.26587,233
2025-07-22 14:10:00,2.26594,2.26594,2.26485,2.26509,246
2025-07-22 14:15:00,2.26509,2.26509,2.26379,2.26394,231
2025-07-22 14:20:00,2.26394,2.26408,2.2635199999999998,2.26362,261
2025-07-22 14:25:00,2.26364,2.2638,2.26345,2.26366,286
2025-07-22 14:30:00,2.26366,2.2638,2.26316,2.26337,253
2025-07-22 14:35:00,2.2634,2.26362,2.26279,2.2629,277
2025-07-22 14:40:00,2.26293,2.26326,2.26209,2.2621,427
2025-07-22 14:45:00,2.26209,2.26248,2.26198,2.26248,405
2025-07-22 14:50:00,2.26245,2.26283,2.26226,2.26274,390
2025-07-22 14:55:00,2.26276,2.2633,2.26249,2.26302,521
2025-07-22 15:00:00,2.26301,2.26302,2.26212,2.2622,404
2025-07-22 15:05:00,2.2622,2.26273,2.26216,2.26243,302
2025-07-22 15:10:00,2.26243,2.26243,2.26163,2.26187,373
2025-07-22 15:15:00,2.26189,2.26194,2.2613,2.26144,344
2025-07-22 15:20:00,2.26145,2.26185,2.26113,2.26151,371
2025-07-22 15:25:00,2.26151,2.26164,2.26105,2.26124,251
2025-07-22 15:30:00,2.26124,2.26143,2.26086,2.26105,338
2025-07-22 15:35:00,2.26104,2.26105,2.26066,2.2609500000000002,334
2025-07-22 15:40:00,2.2609500000000002,2.26109,2.2603,2.26033,327
2025-07-22 15:45:00,2.26031,2.2604,2.25969,2.25989,421
2025-07-22 15:50:00,2.25985,2.26022,2.25959,2.26003,452
2025-07-22 15:55:00,2.26003,2.26013,2.25964,2.25974,494
2025-07-22 16:00:00,2.25972,2.26021,2.25938,2.25994,551
2025-07-22 16:05:00,2.25994,2.26021,2.25891,2.259,560
2025-07-22 16:10:00,2.259,2.25915,2.2575,2.25757,547
2025-07-22 16:15:00,2.25761,2.25761,2.25712,2.25735,428
2025-07-22 16:20:00,2.25738,2.25801,2.25725,2.25767,472
2025-07-22 16:25:00,2.25769,2.25789,2.25712,2.25714,483
2025-07-22 16:30:00,2.25717,2.25831,2.25707,2.25827,543
2025-07-22 16:35:00,2.25831,2.25857,2.25763,2.25774,501
2025-07-22 16:40:00,2.25774,2.25774,2.25706,2.25725,516
2025-07-22 16:45:00,2.25725,2.25757,2.25671,2.25741,527
2025-07-22 16:50:00,2.25738,2.25809,2.25724,2.25776,657
2025-07-22 16:55:00,2.25772,2.25809,2.25716,2.25804,702
2025-07-22 17:00:00,2.25806,2.25828,2.2572200000000002,2.25731,736
2025-07-22 17:05:00,2.25731,2.25813,2.25704,2.25811,695
2025-07-22 17:10:00,2.25813,2.25832,2.2575,2.25765,628
2025-07-22 17:15:00,2.25765,2.25774,2.25695,2.25745,554
2025-07-22 17:20:00,2.25747,2.25799,2.2571,2.25755,491
2025-07-22 17:25:00,2.25758,2.25789,2.25724,2.25756,483
2025-07-22 17:30:00,2.25757,2.25762,2.25554,2.25584,538
2025-07-22 17:35:00,2.25588,2.25633,2.25576,2.25587,515
2025-07-22 17:40:00,2.25587,2.25587,2.25368,2.25434,562
2025-07-22 17:45:00,2.25434,2.25467,2.25355,2.25431,630
2025-07-22 17:50:00,2.2543,2.2543,2.2528,2.25389,826
2025-07-22 17:55:00,2.25389,2.25428,2.25353,2.25393,926
2025-07-22 18:00:00,2.25391,2.25429,2.25266,2.25287,757
2025-07-22 18:05:00,2.25291,2.25327,2.25212,2.25235,491
2025-07-22 18:10:00,2.25236,2.2532,2.25198,2.25272,586
2025-07-22 18:15:00,2.25272,2.2531499999999998,2.25243,2.25313,519
2025-07-22 18:20:00,2.25313,2.25319,2.2524100000000002,2.25276,427
2025-07-22 18:25:00,2.25276,2.25414,2.25255,2.25413,427
2025-07-22 18:30:00,2.25413,2.25442,2.25371,2.25386,498
2025-07-22 18:35:00,2.25389,2.25396,2.253,2.25364,527
2025-07-22 18:40:00,2.25366,2.25391,2.25317,2.2535600000000002,480
2025-07-22 18:45:00,2.25352,2.25367,2.25307,2.25333,434
2025-07-22 18:50:00,2.25335,2.2534,2.2529,2.25301,438
2025-07-22 18:55:00,2.25303,2.25303,2.25226,2.25296,417
2025-07-22 19:00:00,2.25297,2.25352,2.25274,2.25336,516
2025-07-22 19:05:00,2.25332,2.25346,2.25251,2.2529,571
2025-07-22 19:10:00,2.2529,2.25339,2.2524100000000002,2.25329,443
2025-07-22 19:15:00,2.25329,2.25385,2.25296,2.25335,417
2025-07-22 19:20:00,2.25334,2.25398,2.25314,2.25384,369
2025-07-22 19:25:00,2.25382,2.25387,2.25301,2.2532,375
2025-07-22 19:30:00,2.25316,2.25353,2.25297,2.25349,370
2025-07-22 19:35:00,2.25353,2.2537599999999998,2.25332,2.25346,385
2025-07-22 19:40:00,2.25346,2.25395,2.25323,2.25364,426
2025-07-22 19:45:00,2.25368,2.25396,2.25351,2.25381,312
2025-07-22 19:50:00,2.25377,2.25394,2.25349,2.25384,375
2025-07-22 19:55:00,2.25386,2.25411,2.25344,2.25407,443
2025-07-22 20:00:00,2.25411,2.25436,2.25381,2.25414,386
2025-07-22 20:05:00,2.25416,2.2544399999999998,2.25384,2.25407,323
2025-07-22 20:10:00,2.25411,2.25463,2.25404,2.25438,348
2025-07-22 20:15:00,2.25441,2.25446,2.25382,2.25411,288
2025-07-22 20:20:00,2.25411,2.25423,2.25378,2.25402,268
2025-07-22 20:25:00,2.25399,2.25404,2.25364,2.25402,362
2025-07-22 20:30:00,2.25398,2.25418,2.25369,2.2541,423
2025-07-22 20:35:00,2.2541,2.25434,2.25394,2.25411,302
2025-07-22 20:40:00,2.25413,2.2542400000000002,2.25368,2.25394,278
2025-07-22 20:45:00,2.25395,2.25408,2.25353,2.25381,281
2025-07-22 20:50:00,2.25381,2.25394,2.25338,2.25384,267
2025-07-22 20:55:00,2.25386,2.2542400000000002,2.2536,2.25412,244
2025-07-22 21:00:00,2.25416,2.25428,2.25383,2.2541,361
2025-07-22 21:05:00,2.25406,2.25448,2.25392,2.25429,290
2025-07-22 21:10:00,2.2542400000000002,2.2543699999999998,2.25383,2.2541700000000002,257
2025-07-22 21:15:00,2.25418,2.25427,2.25381,2.25419,289
2025-07-22 21:20:00,2.25423,2.25432,2.25388,2.25407,316
2025-07-22 21:25:00,2.25407,2.25432,2.25381,2.2541700000000002,295
2025-07-22 21:30:00,2.25419,2.2543,2.25366,2.254,275
2025-07-22 21:35:00,2.254,2.25423,2.25385,2.25407,245
2025-07-22 21:40:00,2.25406,2.25431,2.25386,2.25426,318
2025-07-22 21:45:00,2.2542400000000002,2.25439,2.25382,2.25438,268
2025-07-22 21:50:00,2.2543699999999998,2.25446,2.254,2.25422,275
2025-07-22 21:55:00,2.25426,2.25452,2.25407,2.2541700000000002,312
2025-07-22 22:00:00,2.25435,2.2550499999999998,2.25409,2.25503,300
2025-07-22 22:05:00,2.25495,2.25508,2.25449,2.25462,228
2025-07-22 22:10:00,2.25463,2.25506,2.25446,2.2547,243
2025-07-22 22:15:00,2.2547,2.25474,2.25434,2.25462,237
2025-07-22 22:20:00,2.2546,2.25469,2.25386,2.25402,210
2025-07-22 22:25:00,2.25406,2.2541700000000002,2.25386,2.25413,201
2025-07-22 22:30:00,2.25409,2.25425,2.25375,2.25406,175
2025-07-22 22:35:00,2.25406,2.25436,2.25398,2.25425,195
2025-07-22 22:40:00,2.25427,2.25438,2.25395,2.25396,201
2025-07-22 22:45:00,2.25397,2.25412,2.25377,2.25388,139
2025-07-22 22:50:00,2.25388,2.2542,2.2537,2.25403,311
2025-07-22 22:55:00,2.25403,2.25425,2.2537,2.2537,273
2025-07-22 23:00:00,2.25368,2.25402,2.25348,2.2535600000000002,211
2025-07-22 23:05:00,2.2535600000000002,2.25366,2.2532,2.25351,189
2025-07-22 23:10:00,2.25355,2.25398,2.25351,2.25392,135
2025-07-22 23:15:00,2.25392,2.25392,2.25352,2.25367,158
2025-07-22 23:20:00,2.2536,2.25411,2.25351,2.25393,190
2025-07-22 23:25:00,2.25393,2.25408,2.2536300000000002,2.25407,188
2025-07-22 23:30:00,2.25404,2.25416,2.25343,2.25374,164
2025-07-22 23:35:00,2.25362,2.25385,2.25351,2.25357,131
2025-07-22 23:40:00,2.25357,2.25357,2.25097,2.25114,157
2025-07-22 23:45:00,2.2511200000000002,2.25138,2.25104,2.25136,128
2025-07-22 23:50:00,2.25136,2.2518599999999998,2.25136,2.25179,200
2025-07-22 23:55:00,2.25179,2.25429,2.25175,2.254,257
2025-07-23 00:00:00,2.25397,2.25773,2.25397,2.25765,26
2025-07-23 00:05:00,2.25703,2.25703,2.25268,2.25353,289
2025-07-23 00:10:00,2.25353,2.25452,2.25251,2.25263,36
2025-07-23 00:15:00,2.25259,2.25313,2.25037,2.25297,25
2025-07-23 00:20:00,2.25324,2.25383,2.25283,2.25308,28
2025-07-23 00:25:00,2.25309,2.25499,2.2523400000000002,2.25499,48
2025-07-23 00:30:00,2.25499,2.25504,2.2542,2.25427,35
2025-07-23 00:35:00,2.25427,2.25431,2.25226,2.25291,199
2025-07-23 00:40:00,2.25291,2.25343,2.25265,2.25305,237
2025-07-23 00:45:00,2.25305,2.25367,2.25297,2.25367,182
2025-07-23 00:50:00,2.25367,2.25375,2.25341,2.25344,78
2025-07-23 00:55:00,2.25346,2.2542,2.25343,2.25415,246
2025-07-23 01:00:00,2.25415,2.25503,2.25281,2.25489,238
2025-07-23 01:05:00,2.25489,2.25518,2.25443,2.25448,100
2025-07-23 01:10:00,2.25445,2.25474,2.2543699999999998,2.25471,66
2025-07-23 01:15:00,2.25471,2.25489,2.25459,2.2547,119
2025-07-23 01:20:00,2.2547,2.25482,2.25459,2.25468,138
2025-07-23 01:25:00,2.25468,2.25471,2.25458,2.25463,63
2025-07-23 01:30:00,2.25461,2.25477,2.25446,2.25465,83
2025-07-23 01:35:00,2.25469,2.25474,2.25436,2.25436,144
2025-07-23 01:40:00,2.25436,2.25453,2.25434,2.25453,53
2025-07-23 01:45:00,2.25452,2.25455,2.25419,2.2542400000000002,145
2025-07-23 01:50:00,2.25422,2.2546,2.2541,2.2542400000000002,278
2025-07-23 01:55:00,2.25428,2.25439,2.2541700000000002,2.25419,150
2025-07-23 02:00:00,2.25421,2.25421,2.2529500000000002,2.25301,212
2025-07-23 02:05:00,2.25303,2.25303,2.25283,2.25303,50
2025-07-23 02:10:00,2.25303,2.25337,2.25239,2.25293,291
2025-07-23 02:15:00,2.25293,2.25293,2.25192,2.25204,338
2025-07-23 02:20:00,2.25204,2.25266,2.25188,2.25214,260
2025-07-23 02:25:00,2.25214,2.25258,2.2516,2.25256,309
2025-07-23 02:30:00,2.25255,2.25287,2.25217,2.25247,277
2025-07-23 02:35:00,2.25247,2.25275,2.25242,2.25266,237
2025-07-23 02:40:00,2.25268,2.25289,2.25237,2.2528,113
2025-07-23 02:45:00,2.2531,2.25328,2.2528,2.2532,149
2025-07-23 02:50:00,2.25321,2.25348,2.25297,2.25338,267
2025-07-23 02:55:00,2.25338,2.25386,2.25321,2.2538,256
2025-07-23 03:00:00,2.2538,2.25386,2.25307,2.25327,638
2025-07-23 03:05:00,2.25326,2.2543,2.2532,2.25408,439
2025-07-23 03:10:00,2.25404,2.25462,2.25401,2.25404,453
2025-07-23 03:15:00,2.25406,2.25409,2.25325,2.25381,543
2025-07-23 03:20:00,2.25381,2.25401,2.25314,2.25341,504
2025-07-23 03:25:00,2.25341,2.25381,2.2523400000000002,2.2523400000000002,431
2025-07-23 03:30:00,2.2523400000000002,2.25281,2.25212,2.25258,395
2025-07-23 03:35:00,2.25256,2.25288,2.2521,2.25224,316
2025-07-23 03:40:00,2.25224,2.25282,2.25204,2.25247,277
2025-07-23 03:45:00,2.25245,2.25251,2.25197,2.25221,368
2025-07-23 03:50:00,2.25225,2.25237,2.25184,2.2518599999999998,483
2025-07-23 03:55:00,2.25163,2.25213,2.2514,2.25185,412
2025-07-23 04:00:00,2.25182,2.25223,2.25124,2.25222,499
2025-07-23 04:05:00,2.25222,2.25246,2.25182,2.25182,448
2025-07-23 04:10:00,2.25181,2.25221,2.25153,2.25165,357
2025-07-23 04:15:00,2.25165,2.25181,2.2512499999999998,2.25141,439
2025-07-23 04:20:00,2.25144,2.25244,2.25122,2.2524,455
2025-07-23 04:25:00,2.25238,2.25266,2.25206,2.25239,313
2025-07-23 04:30:00,2.25239,2.25266,2.25197,2.25216,445
2025-07-23 04:35:00,2.25216,2.25244,2.25169,2.2519299999999998,349
2025-07-23 04:40:00,2.25192,2.25228,2.25165,2.25175,379
2025-07-23 04:45:00,2.25176,2.25226,2.25138,2.25223,430
2025-07-23 04:50:00,2.25223,2.25259,2.25081,2.2509,389
2025-07-23 04:55:00,2.25076,2.25138,2.25061,2.25129,401
2025-07-23 05:00:00,2.25131,2.25169,2.25114,2.25159,454
2025-07-23 05:05:00,2.25159,2.25213,2.25159,2.25192,365
2025-07-23 05:10:00,2.2519299999999998,2.25217,2.25164,2.25217,265
2025-07-23 05:15:00,2.25215,2.2523400000000002,2.25115,2.25141,528
2025-07-23 05:20:00,2.25138,2.25177,2.25122,2.25169,602
2025-07-23 05:25:00,2.25164,2.25249,2.25124,2.2523,491
2025-07-23 05:30:00,2.2523,2.2526,2.25189,2.25202,451
2025-07-23 05:35:00,2.25205,2.25231,2.25146,2.25227,405
2025-07-23 05:40:00,2.25221,2.25305,2.25216,2.25304,330
2025-07-23 05:45:00,2.25304,2.2531499999999998,2.2524100000000002,2.25266,288
2025-07-23 05:50:00,2.25272,2.25334,2.25269,2.2533,338
2025-07-23 05:55:00,2.2533,2.25352,2.25285,2.25301,329
2025-07-23 06:00:00,2.2529500000000002,2.25306,2.25236,2.25236,334
2025-07-23 06:05:00,2.25236,2.2526,2.25201,2.25231,246
2025-07-23 06:10:00,2.25232,2.25235,2.25191,2.25201,334
2025-07-23 06:15:00,2.25205,2.25209,2.25126,2.25126,213
2025-07-23 06:20:00,2.25126,2.25159,2.25088,2.25127,322
2025-07-23 06:25:00,2.25127,2.25155,2.25036,2.2505100000000002,337
2025-07-23 06:30:00,2.2505800000000002,2.25066,2.25013,2.25016,369
2025-07-23 06:35:00,2.25016,2.25093,2.24984,2.25067,292
2025-07-23 06:40:00,2.25063,2.25096,2.2500999999999998,2.25061,348
2025-07-23 06:45:00,2.25065,2.25134,2.2505100000000002,2.25103,330
2025-07-23 06:50:00,2.25103,2.25211,2.25087,2.25191,357
2025-07-23 06:55:00,2.25189,2.25213,2.25156,2.2517300000000002,412
2025-07-23 07:00:00,2.2517300000000002,2.2517300000000002,2.25061,2.25069,315
2025-07-23 07:05:00,2.2507099999999998,2.2508,2.25032,2.25059,254
2025-07-23 07:10:00,2.25059,2.25063,2.24979,2.24992,295
2025-07-23 07:15:00,2.24992,2.25004,2.24946,2.24984,240
2025-07-23 07:20:00,2.24984,2.24997,2.24964,2.24964,242
2025-07-23 07:25:00,2.24965,2.24971,2.24927,2.24934,205
2025-07-23 07:30:00,2.2493,2.24937,2.24885,2.24904,272
2025-07-23 07:35:00,2.249,2.24906,2.24854,2.24866,202
2025-07-23 07:40:00,2.24866,2.24885,2.24788,2.24819,220
2025-07-23 07:45:00,2.2482,2.2482699999999998,2.24768,2.24798,280
2025-07-23 07:50:00,2.24787,2.24828,2.24773,2.24828,296
2025-07-23 07:55:00,2.24826,2.24859,2.24817,2.24826,367
2025-07-23 08:00:00,2.24826,2.24862,2.24812,2.24835,304
2025-07-23 08:05:00,2.24835,2.24844,2.24803,2.24818,236
2025-07-23 08:10:00,2.2482,2.24861,2.24804,2.24856,282
2025-07-23 08:15:00,2.24859,2.24861,2.24795,2.2480700000000002,260
2025-07-23 08:20:00,2.2481,2.24825,2.2478,2.24801,277
2025-07-23 08:25:00,2.24801,2.24829,2.24776,2.24782,198
2025-07-23 08:30:00,2.24782,2.24817,2.24747,2.24754,314
2025-07-23 08:35:00,2.24754,2.24761,2.24665,2.24673,323
2025-07-23 08:40:00,2.24667,2.24741,2.2464,2.24722,389
2025-07-23 08:45:00,2.24719,2.24723,2.24665,2.247,274
2025-07-23 08:50:00,2.247,2.24741,2.24673,2.24735,484
2025-07-23 08:55:00,2.24735,2.24797,2.2473,2.24763,359
2025-07-23 09:00:00,2.24759,2.24759,2.24669,2.24669,544
2025-07-23 09:05:00,2.24669,2.24695,2.2463,2.24655,364
2025-07-23 09:10:00,2.24655,2.2471,2.24648,2.247,576
2025-07-23 09:15:00,2.24696,2.24763,2.24684,2.24724,455
2025-07-23 09:20:00,2.24728,2.2474,2.24666,2.24687,404
2025-07-23 09:25:00,2.2469,2.24701,2.24623,2.24656,398
2025-07-23 09:30:00,2.24659,2.24771,2.24628,2.24769,628
2025-07-23 09:35:00,2.24769,2.2482,2.24755,2.24815,438
2025-07-23 09:40:00,2.24815,2.24817,2.24697,2.24716,326
2025-07-23 09:45:00,2.24716,2.24788,2.24716,2.24756,362
2025-07-23 09:50:00,2.24759,2.24787,2.24716,2.24717,278
2025-07-23 09:55:00,2.24717,2.24743,2.24635,2.24652,435
2025-07-23 10:00:00,2.24648,2.24673,2.2461,2.24633,523
2025-07-23 10:05:00,2.24635,2.24659,2.24528,2.24565,476
2025-07-23 10:10:00,2.24565,2.24566,2.24459,2.24462,491
2025-07-23 10:15:00,2.2446099999999998,2.24508,2.24429,2.24506,399
2025-07-23 10:20:00,2.24506,2.24642,2.24496,2.24598,582
2025-07-23 10:25:00,2.24597,2.24613,2.24554,2.2459,455
2025-07-23 10:30:00,2.24586,2.24589,2.24493,2.24506,441
2025-07-23 10:35:00,2.2451,2.24541,2.24474,2.24502,388
2025-07-23 10:40:00,2.24506,2.24553,2.24485,2.24535,351
2025-07-23 10:45:00,2.24535,2.24574,2.2452,2.2455600000000002,407
2025-07-23 10:50:00,2.2455600000000002,2.24602,2.24541,2.24585,390
2025-07-23 10:55:00,2.24586,2.24595,2.24466,2.24511,475
2025-07-23 11:00:00,2.24507,2.24543,2.24474,2.24518,572
2025-07-23 11:05:00,2.24517,2.24537,2.24463,2.24472,433
2025-07-23 11:10:00,2.2447,2.24492,2.24422,2.2443400000000002,344
2025-07-23 11:15:00,2.24439,2.24492,2.2442,2.24479,322
2025-07-23 11:20:00,2.24471,2.24512,2.24456,2.24486,306
2025-07-23 11:25:00,2.2449,2.24528,2.24463,2.24479,317
2025-07-23 11:30:00,2.24479,2.24491,2.24376,2.24392,359
2025-07-23 11:35:00,2.24396,2.24423,2.24333,2.24414,463
2025-07-23 11:40:00,2.24414,2.24419,2.24363,2.24394,366
2025-07-23 11:45:00,2.24395,2.24418,2.24361,2.2437300000000002,354
2025-07-23 11:50:00,2.24385,2.24427,2.24326,2.24421,384
2025-07-23 11:55:00,2.2442,2.24476,2.24382,2.2446099999999998,423
2025-07-23 12:00:00,2.24466,2.24472,2.24395,2.24425,415
2025-07-23 12:05:00,2.24422,2.24452,2.24381,2.24416,310
2025-07-23 12:10:00,2.24417,2.24474,2.24394,2.24465,310
2025-07-23 12:15:00,2.24465,2.2448,2.24405,2.2444,369
2025-07-23 12:20:00,2.2444,2.24441,2.24385,2.24402,301
2025-07-23 12:25:00,2.24401,2.24467,2.24388,2.24405,283
2025-07-23 12:30:00,2.24409,2.24424,2.24345,2.24365,295
2025-07-23 12:35:00,2.24365,2.24376,2.24309,2.24328,193
2025-07-23 12:40:00,2.24331,2.24331,2.24261,2.24281,257
2025-07-23 12:45:00,2.24281,2.24294,2.24241,2.24288,324
2025-07-23 12:50:00,2.24287,2.24311,2.24263,2.24296,257
2025-07-23 12:55:00,2.24304,2.2433,2.24276,2.24281,497
2025-07-23 13:00:00,2.24285,2.24293,2.24226,2.24227,369
2025-07-23 13:05:00,2.24227,2.24227,2.24111,2.24123,325
2025-07-23 13:10:00,2.24125,2.24125,2.24037,2.24076,381
2025-07-23 13:15:00,2.24072,2.2411,2.2403399999999998,2.24099,464
2025-07-23 13:20:00,2.24089,2.24102,2.24044,2.24051,318
2025-07-23 13:25:00,2.24053,2.2408,2.24011,2.24028,435
2025-07-23 13:30:00,2.24035,2.24067,2.23967,2.24065,420
2025-07-23 13:35:00,2.24065,2.24091,2.23989,2.23989,335
2025-07-23 13:40:00,2.23987,2.24005,2.2397299999999998,2.24005,268
2025-07-23 13:45:00,2.24005,2.24045,2.23998,2.24022,306
2025-07-23 13:50:00,2.24022,2.24039,2.23978,2.23995,367
2025-07-23 13:55:00,2.23995,2.24046,2.23969,2.2400700000000002,441
2025-07-23 14:00:00,2.2400700000000002,2.24072,2.2398,2.24003,433
2025-07-23 14:05:00,2.2400700000000002,2.24033,2.23974,2.23976,382
2025-07-23 14:10:00,2.2397299999999998,2.24015,2.23968,2.2401,399
2025-07-23 14:15:00,2.2401,2.2401,2.23934,2.23992,335
2025-07-23 14:20:00,2.23993,2.24019,2.23979,2.23992,331
2025-07-23 14:25:00,2.23992,2.24016,2.23963,2.23989,329
2025-07-23 14:30:00,2.23988,2.23998,2.23959,2.23971,356
2025-07-23 14:35:00,2.23971,2.23979,2.23947,2.2397,221
2025-07-23 14:40:00,2.2397,2.23976,2.23877,2.2389,459
2025-07-23 14:45:00,2.2389,2.23983,2.23883,2.23971,387
2025-07-23 14:50:00,2.2397299999999998,2.23989,2.23932,2.23953,381
2025-07-23 14:55:00,2.23953,2.23992,2.23936,2.23986,424
2025-07-23 15:00:00,2.23982,2.23991,2.23917,2.23928,365
2025-07-23 15:05:00,2.2393,2.23979,2.23923,2.23978,380
2025-07-23 15:10:00,2.23978,2.24005,2.23964,2.23987,299
2025-07-23 15:15:00,2.23987,2.24025,2.23954,2.2396,368
2025-07-23 15:20:00,2.2397,2.24051,2.23952,2.2405,414
2025-07-23 15:25:00,2.2405,2.24083,2.24021,2.24047,298
2025-07-23 15:30:00,2.24045,2.24122,2.24033,2.24121,426
2025-07-23 15:35:00,2.24119,2.24235,2.24096,2.24235,316
2025-07-23 15:40:00,2.24228,2.24244,2.24195,2.24207,301
2025-07-23 15:45:00,2.24207,2.24268,2.24199,2.24262,403
2025-07-23 15:50:00,2.24262,2.24369,2.2426,2.24358,374
2025-07-23 15:55:00,2.24354,2.24435,2.24335,2.24426,472
2025-07-23 16:00:00,2.24427,2.24439,2.24211,2.24245,536
2025-07-23 16:05:00,2.2425,2.24325,2.24181,2.24203,574
2025-07-23 16:10:00,2.24202,2.24207,2.24134,2.24143,467
2025-07-23 16:15:00,2.24143,2.24155,2.24052,2.24096,475
2025-07-23 16:20:00,2.24096,2.24134,2.2406800000000002,2.24072,432
2025-07-23 16:25:00,2.24075,2.24132,2.24046,2.24122,444
2025-07-23 16:30:00,2.24122,2.24195,2.24115,2.24166,633
2025-07-23 16:35:00,2.24168,2.24218,2.24157,2.24173,532
2025-07-23 16:40:00,2.24177,2.24315,2.24168,2.24313,557
2025-07-23 16:45:00,2.24313,2.24361,2.24264,2.24315,540
2025-07-23 16:50:00,2.24311,2.2438,2.24298,2.2437,496
2025-07-23 16:55:00,2.24372,2.24401,2.24298,2.24326,467
2025-07-23 17:00:00,2.24326,2.24381,2.24296,2.24365,468
2025-07-23 17:05:00,2.24367,2.24433,2.24355,2.24422,502
2025-07-23 17:10:00,2.24422,2.24507,2.24408,2.24499,401
2025-07-23 17:15:00,2.24496,2.24499,2.2443,2.24432,507
2025-07-23 17:20:00,2.24432,2.24436,2.24375,2.24381,442
2025-07-23 17:25:00,2.24379,2.24387,2.24317,2.2436,391
2025-07-23 17:30:00,2.24364,2.24491,2.24364,2.24466,435
2025-07-23 17:35:00,2.24466,2.24487,2.24357,2.24401,554
2025-07-23 17:40:00,2.24401,2.24432,2.2424,2.24271,621
2025-07-23 17:45:00,2.24271,2.24398,2.24268,2.24385,450
2025-07-23 17:50:00,2.24389,2.24491,2.24382,2.24443,642
2025-07-23 17:55:00,2.24447,2.24543,2.24416,2.24509,698
2025-07-23 18:00:00,2.24509,2.2458299999999998,2.24476,2.2456,548
2025-07-23 18:05:00,2.2456,2.24637,2.2454,2.24555,408
2025-07-23 18:10:00,2.24555,2.24728,2.24544,2.24723,357
2025-07-23 18:15:00,2.24723,2.24749,2.24687,2.2471,373
2025-07-23 18:20:00,2.24709,2.24769,2.24702,2.24716,354
2025-07-23 18:25:00,2.24714,2.24729,2.24696,2.247,317
2025-07-23 18:30:00,2.24701,2.24702,2.24614,2.24682,451
2025-07-23 18:35:00,2.24684,2.24741,2.24679,2.24687,475
2025-07-23 18:40:00,2.24687,2.24717,2.24659,2.24689,430
2025-07-23 18:45:00,2.24689,2.24708,2.24668,2.2468500000000002,380
2025-07-23 18:50:00,2.2468500000000002,2.24691,2.24575,2.24594,357
2025-07-23 18:55:00,2.24596,2.2467,2.24507,2.24655,1103
2025-07-23 19:00:00,2.24657,2.24658,2.24557,2.24594,877
2025-07-23 19:05:00,2.24594,2.24691,2.24581,2.24652,874
2025-07-23 19:10:00,2.24652,2.24755,2.24622,2.24727,772
2025-07-23 19:15:00,2.24731,2.24772,2.24669,2.24703,656
2025-07-23 19:20:00,2.2470499999999998,2.24771,2.24691,2.24716,526
2025-07-23 19:25:00,2.24716,2.2474600000000002,2.24695,2.24738,491
2025-07-23 19:30:00,2.24745,2.24833,2.24729,2.24822,542
2025-07-23 19:35:00,2.2482699999999998,2.24857,2.24802,2.24844,477
2025-07-23 19:40:00,2.24847,2.24861,2.24799,2.24814,481
2025-07-23 19:45:00,2.24817,2.24848,2.24802,2.24816,354
2025-07-23 19:50:00,2.24819,2.24877,2.24808,2.24877,402
2025-07-23 19:55:00,2.24877,2.24914,2.24856,2.24908,480
2025-07-23 20:00:00,2.24905,2.24941,2.24839,2.24863,601
2025-07-23 20:05:00,2.24861,2.24861,2.24797,2.24826,428
2025-07-23 20:10:00,2.24826,2.2482699999999998,2.24749,2.24764,407
2025-07-23 20:15:00,2.24764,2.24821,2.24756,2.24799,420
2025-07-23 20:20:00,2.24799,2.24801,2.24728,2.24739,369
2025-07-23 20:25:00,2.24743,2.2476599999999998,2.24728,2.24764,340
2025-07-23 20:30:00,2.24763,2.2481,2.24743,2.24785,406
2025-07-23 20:35:00,2.24781,2.2481,2.24764,2.24799,244
2025-07-23 20:40:00,2.24795,2.24824,2.24775,2.24818,267
2025-07-23 20:45:00,2.24816,2.24829,2.24772,2.24773,279
2025-07-23 20:50:00,2.24777,2.24813,2.24661,2.24674,586
2025-07-23 20:55:00,2.24678,2.2473,2.24629,2.2472,522
2025-07-23 21:00:00,2.24715,2.24753,2.2469,2.24703,437
2025-07-23 21:05:00,2.2470499999999998,2.2474,2.24692,2.24716,298
2025-07-23 21:10:00,2.24699,2.24724,2.24646,2.24674,308
2025-07-23 21:15:00,2.2466,2.24689,2.24636,2.24667,300
2025-07-23 21:20:00,2.24669,2.24671,2.24585,2.24616,366
2025-07-23 21:25:00,2.24614,2.24653,2.24586,2.2459,343
2025-07-23 21:30:00,2.2459,2.24625,2.24564,2.24617,356
2025-07-23 21:35:00,2.24617,2.24634,2.24582,2.2462,266
2025-07-23 21:40:00,2.24622,2.24667,2.24604,2.24638,324
2025-07-23 21:45:00,2.24638,2.24668,2.24628,2.24648,220
2025-07-23 21:50:00,2.24648,2.24675,2.24627,2.24652,331
2025-07-23 21:55:00,2.24652,2.24714,2.24637,2.24673,368
2025-07-23 22:00:00,2.24667,2.24682,2.2458,2.24589,341
2025-07-23 22:05:00,2.24585,2.24654,2.24577,2.2463,226
2025-07-23 22:10:00,2.24615,2.2464,2.24573,2.24589,304
2025-07-23 22:15:00,2.24585,2.24597,2.24557,2.24582,291
2025-07-23 22:20:00,2.24582,2.24602,2.24564,2.24591,237
2025-07-23 22:25:00,2.24591,2.24624,2.24578,2.24622,273
2025-07-23 22:30:00,2.24625,2.24646,2.24601,2.24602,237
2025-07-23 22:35:00,2.24602,2.24641,2.24595,2.24634,323
2025-07-23 22:40:00,2.2463,2.24635,2.24592,2.24617,293
2025-07-23 22:45:00,2.24621,2.2464399999999998,2.24597,2.24631,246
2025-07-23 22:50:00,2.24635,2.24643,2.24596,2.24634,253
2025-07-23 22:55:00,2.24634,2.24678,2.2463,2.24675,293
2025-07-23 23:00:00,2.24678,2.24678,2.24602,2.24626,272
2025-07-23 23:05:00,2.24626,2.24629,2.24586,2.24616,217
2025-07-23 23:10:00,2.24612,2.24638,2.2459,2.24602,194
2025-07-23 23:15:00,2.24602,2.24656,2.24584,2.24603,276
2025-07-23 23:20:00,2.24605,2.24609,2.24559,2.24588,180
2025-07-23 23:25:00,2.2459,2.24619,2.24564,2.24611,132
2025-07-23 23:30:00,2.24607,2.24607,2.24545,2.24579,212
2025-07-23 23:35:00,2.24581,2.24596,2.24548,2.24578,206
2025-07-23 23:40:00,2.24578,2.24578,2.24301,2.24322,206
2025-07-23 23:45:00,2.24324,2.24356,2.24322,2.24351,175
2025-07-23 23:50:00,2.24349,2.24351,2.24295,2.24328,311
2025-07-23 23:55:00,2.24324,2.24571,2.24318,2.24552,388
2025-07-24 00:00:00,2.24561,2.24579,2.24281,2.24536,30
2025-07-24 00:05:00,2.24416,2.24561,2.24321,2.24393,19
2025-07-24 00:10:00,2.24393,2.24395,2.24393,2.24394,7
2025-07-24 00:15:00,2.24394,2.24394,2.24393,2.24393,6
2025-07-24 00:20:00,2.24343,2.24382,2.2433899999999998,2.24378,18
2025-07-24 00:25:00,2.24382,2.24388,2.24346,2.24359,46
2025-07-24 00:30:00,2.24356,2.24439,2.24352,2.24353,30
2025-07-24 00:35:00,2.24353,2.24532,2.24353,2.24426,61
2025-07-24 00:40:00,2.24426,2.24467,2.24424,2.24455,68
2025-07-24 00:45:00,2.24455,2.24542,2.24429,2.24527,145
2025-07-24 00:50:00,2.24527,2.24534,2.245,2.245,50
2025-07-24 00:55:00,2.245,2.24547,2.24463,2.2449,80
2025-07-24 01:00:00,2.24558,2.24683,2.24543,2.24683,403
2025-07-24 01:05:00,2.24683,2.24713,2.2468,2.24695,86
2025-07-24 01:10:00,2.24693,2.24728,2.24676,2.24676,102
2025-07-24 01:15:00,2.24678,2.24711,2.24658,2.24711,174
2025-07-24 01:20:00,2.24711,2.24714,2.24674,2.24689,123
2025-07-24 01:25:00,2.24688,2.2469,2.24666,2.24684,217
2025-07-24 01:30:00,2.24684,2.24686,2.24597,2.24623,168
2025-07-24 01:35:00,2.24623,2.24645,2.246,2.24622,66
2025-07-24 01:40:00,2.24621,2.24642,2.24598,2.24606,54
2025-07-24 01:45:00,2.24606,2.24629,2.24606,2.24627,49
2025-07-24 01:50:00,2.24627,2.24658,2.24627,2.2464399999999998,72
2025-07-24 01:55:00,2.2464399999999998,2.24671,2.24619,2.24623,81
2025-07-24 02:00:00,2.24618,2.24629,2.2454,2.24559,129
2025-07-24 02:05:00,2.24563,2.24576,2.24533,2.24542,90
2025-07-24 02:10:00,2.24539,2.24547,2.24532,2.2454,89
2025-07-24 02:15:00,2.24538,2.24543,2.2449,2.2451,87
2025-07-24 02:20:00,2.2451,2.24592,2.24464,2.24591,135
2025-07-24 02:25:00,2.24591,2.24591,2.2453,2.24555,93
2025-07-24 02:30:00,2.24553,2.24566,2.24481,2.24511,171
2025-07-24 02:35:00,2.24511,2.24554,2.24511,2.24547,88
2025-07-24 02:40:00,2.24547,2.24553,2.2452199999999998,2.24547,102
2025-07-24 02:45:00,2.24547,2.24559,2.24505,2.24528,174
2025-07-24 02:50:00,2.24528,2.24552,2.245,2.24552,167
2025-07-24 02:55:00,2.24552,2.24568,2.2449,2.24497,175
2025-07-24 03:00:00,2.2449500000000002,2.24503,2.2443400000000002,2.24456,517
2025-07-24 03:05:00,2.24456,2.24506,2.24443,2.24503,350
2025-07-24 03:10:00,2.24507,2.24548,2.24494,2.24543,394
2025-07-24 03:15:00,2.24539,2.24579,2.24517,2.24528,235
2025-07-24 03:20:00,2.24524,2.2454,2.24491,2.24529,267
2025-07-24 03:25:00,2.24532,2.24536,2.24454,2.2448,294
2025-07-24 03:30:00,2.24476,2.24534,2.24465,2.24525,463
2025-07-24 03:35:00,2.24525,2.24561,2.24518,2.24558,350
2025-07-24 03:40:00,2.24558,2.24598,2.24533,2.24559,411
2025-07-24 03:45:00,2.24559,2.24585,2.24534,2.24566,343
2025-07-24 03:50:00,2.2457,2.24595,2.24547,2.24595,409
2025-07-24 03:55:00,2.24594,2.24627,2.24494,2.24499,376
2025-07-24 04:00:00,2.24499,2.24509,2.24274,2.24287,460
2025-07-24 04:05:00,2.24287,2.24385,2.24245,2.24282,503
2025-07-24 04:10:00,2.24282,2.24364,2.24243,2.24358,390
2025-07-24 04:15:00,2.24358,2.2437,2.2425100000000002,2.24342,379
2025-07-24 04:20:00,2.24342,2.24429,2.2434,2.24404,530
2025-07-24 04:25:00,2.24404,2.24412,2.24281,2.24281,350
2025-07-24 04:30:00,2.24281,2.24332,2.24196,2.24247,432
2025-07-24 04:35:00,2.24243,2.2435,2.24212,2.2435,405
2025-07-24 04:40:00,2.24362,2.24405,2.24315,2.2436,416
2025-07-24 04:45:00,2.2436,2.24427,2.24353,2.24424,336
2025-07-24 04:50:00,2.24425,2.24428,2.24353,2.2437300000000002,387
2025-07-24 04:55:00,2.24369,2.24451,2.24341,2.24417,357
2025-07-24 05:00:00,2.24416,2.24514,2.24405,2.24505,411
2025-07-24 05:05:00,2.24505,2.24561,2.24452,2.24534,392
2025-07-24 05:10:00,2.24527,2.24562,2.24477,2.24479,322
2025-07-24 05:15:00,2.24478,2.24487,2.24397,2.24422,424
2025-07-24 05:20:00,2.24422,2.24442,2.24389,2.24418,273
2025-07-24 05:25:00,2.24417,2.24454,2.24411,2.24426,222
2025-07-24 05:30:00,2.24424,2.2444,2.24362,2.24366,341
2025-07-24 05:35:00,2.24367,2.24379,2.24322,2.2433,327
2025-07-24 05:40:00,2.2433,2.24357,2.24307,2.24338,413
2025-07-24 05:45:00,2.24336,2.24349,2.24282,2.24298,335
2025-07-24 05:50:00,2.24298,2.24325,2.24259,2.2432,247
2025-07-24 05:55:00,2.24322,2.24324,2.24249,2.24258,284
2025-07-24 06:00:00,2.24256,2.24299,2.2425,2.24276,274
2025-07-24 06:05:00,2.24274,2.24308,2.2421699999999998,2.2426,411
2025-07-24 06:10:00,2.24258,2.24281,2.24169,2.24189,365
2025-07-24 06:15:00,2.24191,2.24218,2.24146,2.24196,306
2025-07-24 06:20:00,2.24196,2.24239,2.24195,2.24229,259
2025-07-24 06:25:00,2.24231,2.24242,2.24204,2.24214,277
2025-07-24 06:30:00,2.24211,2.24245,2.24161,2.24164,356
2025-07-24 06:35:00,2.24164,2.24197,2.24159,2.24196,282
2025-07-24 06:40:00,2.24196,2.24227,2.2415,2.24175,243
2025-07-24 06:45:00,2.24172,2.24231,2.24143,2.24209,252
2025-07-24 06:50:00,2.24209,2.2429,2.24202,2.24283,274
2025-07-24 06:55:00,2.24282,2.24314,2.24273,2.24292,218
2025-07-24 07:00:00,2.24294,2.24402,2.24294,2.24381,246
2025-07-24 07:05:00,2.24372,2.24383,2.2432,2.2433,189
2025-07-24 07:10:00,2.24326,2.24357,2.24319,2.24329,197
2025-07-24 07:15:00,2.24326,2.24362,2.24313,2.24313,183
2025-07-24 07:20:00,2.24316,2.2437,2.24311,2.24336,207
2025-07-24 07:25:00,2.24334,2.24378,2.24324,2.2437300000000002,289
2025-07-24 07:30:00,2.2438,2.2438,2.24323,2.24338,311
2025-07-24 07:35:00,2.24338,2.24359,2.24323,2.24336,259
2025-07-24 07:40:00,2.24335,2.24361,2.24283,2.24287,204
2025-07-24 07:45:00,2.24287,2.24325,2.24281,2.24294,191
2025-07-24 07:50:00,2.24294,2.24328,2.24279,2.2428,280
2025-07-24 07:55:00,2.2428,2.2428,2.24241,2.24253,250
2025-07-24 08:00:00,2.24256,2.24256,2.24206,2.24249,329
2025-07-24 08:05:00,2.2425,2.24268,2.2423,2.24266,269
2025-07-24 08:10:00,2.24263,2.24319,2.24221,2.24238,263
2025-07-24 08:15:00,2.24238,2.24285,2.24229,2.24246,311
2025-07-24 08:20:00,2.24245,2.24274,2.24208,2.24233,389
2025-07-24 08:25:00,2.24233,2.24252,2.24206,2.24226,240
2025-07-24 08:30:00,2.24224,2.24226,2.24163,2.24165,234
2025-07-24 08:35:00,2.24166,2.24187,2.24143,2.24163,273
2025-07-24 08:40:00,2.24164,2.24184,2.24111,2.2418,274
2025-07-24 08:45:00,2.2418,2.2421,2.24147,2.24149,300
2025-07-24 08:50:00,2.24149,2.24181,2.24147,2.2415599999999998,253
2025-07-24 08:55:00,2.2415599999999998,2.24196,2.24138,2.24169,274
2025-07-24 09:00:00,2.24173,2.24175,2.24074,2.24169,249
2025-07-24 09:05:00,2.24162,2.24227,2.24093,2.24212,388
2025-07-24 09:10:00,2.24214,2.24234,2.24161,2.24182,392
2025-07-24 09:15:00,2.24184,2.24295,2.24177,2.24288,143
2025-07-24 09:20:00,2.24287,2.24316,2.24224,2.24269,301
2025-07-24 09:25:00,2.24267,2.24279,2.24195,2.24277,335
2025-07-24 09:30:00,2.24277,2.24291,2.24184,2.24191,372
2025-07-24 09:35:00,2.24191,2.2425,2.24141,2.2424,424
2025-07-24 09:40:00,2.2424,2.24349,2.24236,2.2433899999999998,417
2025-07-24 09:45:00,2.2433899999999998,2.24407,2.24308,2.24319,425
2025-07-24 09:50:00,2.24321,2.24332,2.2425100000000002,2.2427,398
2025-07-24 09:55:00,2.2427,2.24297,2.24219,2.24263,436
2025-07-24 10:00:00,2.24263,2.24322,2.2419000000000002,2.24212,436
2025-07-24 10:05:00,2.24214,2.24229,2.24173,2.24186,368
2025-07-24 10:10:00,2.24182,2.24241,2.24143,2.24169,427
2025-07-24 10:15:00,2.24169,2.24237,2.24153,2.24199,440
2025-07-24 10:20:00,2.24201,2.24231,2.24162,2.2418,475
2025-07-24 10:25:00,2.2418,2.24201,2.24076,2.24126,381
2025-07-24 10:30:00,2.24123,2.24202,2.24094,2.24189,439
2025-07-24 10:35:00,2.24165,2.2426,2.24165,2.24249,345
2025-07-24 10:40:00,2.24249,2.24259,2.24166,2.24171,324
2025-07-24 10:45:00,2.24171,2.24196,2.2414,2.24159,352
2025-07-24 10:50:00,2.24159,2.24215,2.24157,2.2418,406
2025-07-24 10:55:00,2.24181,2.24215,2.24151,2.24157,387
2025-07-24 11:00:00,2.24157,2.24204,2.24137,2.24165,243
2025-07-24 11:05:00,2.2417,2.24184,2.24101,2.24173,365
2025-07-24 11:10:00,2.24173,2.24264,2.24166,2.24236,358
2025-07-24 11:15:00,2.24236,2.24236,2.24143,2.24166,396
2025-07-24 11:20:00,2.2416,2.24162,2.24055,2.24078,412
2025-07-24 11:25:00,2.24073,2.24089,2.24016,2.24059,451
2025-07-24 11:30:00,2.24059,2.24059,2.23871,2.23936,525
2025-07-24 11:35:00,2.23936,2.23939,2.23822,2.2385099999999998,438
2025-07-24 11:40:00,2.2385099999999998,2.23863,2.23745,2.23759,401
2025-07-24 11:45:00,2.23744,2.23783,2.23733,2.23756,483
2025-07-24 11:50:00,2.23756,2.23756,2.23611,2.23639,468
2025-07-24 11:55:00,2.23639,2.23656,2.2357,2.23598,591
2025-07-24 12:00:00,2.23599,2.23737,2.23597,2.23703,492
2025-07-24 12:05:00,2.23703,2.23815,2.23701,2.23775,389
2025-07-24 12:10:00,2.23775,2.23821,2.23769,2.23787,431
2025-07-24 12:15:00,2.23787,2.23864,2.23773,2.23842,379
2025-07-24 12:20:00,2.23844,2.23848,2.23791,2.23811,377
2025-07-24 12:25:00,2.23811,2.2385099999999998,2.23799,2.23813,373
2025-07-24 12:30:00,2.2382,2.23855,2.23794,2.23815,474
2025-07-24 12:35:00,2.23814,2.23832,2.23765,2.2377,324
2025-07-24 12:40:00,2.23767,2.23791,2.23741,2.23784,324
2025-07-24 12:45:00,2.23783,2.23818,2.23756,2.23786,345
2025-07-24 12:50:00,2.23786,2.23853,2.2376,2.23787,390
2025-07-24 12:55:00,2.23787,2.23829,2.2377,2.2382400000000002,359
2025-07-24 13:00:00,2.23822,2.23878,2.23802,2.2387,358
2025-07-24 13:05:00,2.23874,2.23894,2.23852,2.23878,254
2025-07-24 13:10:00,2.23861,2.23868,2.23827,2.23861,279
2025-07-24 13:15:00,2.23863,2.23877,2.23829,2.23842,305
2025-07-24 13:20:00,2.23844,2.23877,2.23812,2.23866,319
2025-07-24 13:25:00,2.23868,2.23915,2.2385,2.2391199999999998,342
2025-07-24 13:30:00,2.2391199999999998,2.2397,2.23907,2.23961,379
2025-07-24 13:35:00,2.23961,2.24024,2.23945,2.24022,412
2025-07-24 13:40:00,2.24022,2.24022,2.23872,2.23898,331
2025-07-24 13:45:00,2.23888,2.23938,2.23888,2.23938,242
2025-07-24 13:50:00,2.23936,2.23969,2.23906,2.23933,303
2025-07-24 13:55:00,2.23935,2.24022,2.23916,2.23988,313
2025-07-24 14:00:00,2.23988,2.2404,2.23947,2.23983,375
2025-07-24 14:05:00,2.23983,2.23985,2.23927,2.23963,246
2025-07-24 14:10:00,2.23963,2.23963,2.23887,2.23897,208
2025-07-24 14:15:00,2.23897,2.23979,2.23897,2.2397299999999998,223
2025-07-24 14:20:00,2.23977,2.23981,2.23888,2.23898,255
2025-07-24 14:25:00,2.23898,2.23924,2.23877,2.23884,310
2025-07-24 14:30:00,2.2389,2.23902,2.23832,2.23845,320
2025-07-24 14:35:00,2.23845,2.23914,2.23828,2.2391199999999998,298
2025-07-24 14:40:00,2.23908,2.23991,2.23907,2.23968,310
2025-07-24 14:45:00,2.2397,2.23979,2.2386,2.23877,300
2025-07-24 14:50:00,2.23875,2.23914,2.23838,2.23883,292
2025-07-24 14:55:00,2.23883,2.23913,2.23853,2.2391,478
2025-07-24 15:00:00,2.2391199999999998,2.23934,2.23836,2.23868,547
2025-07-24 15:05:00,2.2387,2.23897,2.23836,2.2389,355
2025-07-24 15:10:00,2.23893,2.23935,2.2386,2.23911,332
2025-07-24 15:15:00,2.2391,2.23942,2.2381,2.23844,453
2025-07-24 15:20:00,2.23844,2.2386,2.23798,2.23798,448
2025-07-24 15:25:00,2.23798,2.23846,2.23721,2.23721,379
2025-07-24 15:30:00,2.23692,2.2386,2.23675,2.23791,590
2025-07-24 15:35:00,2.23793,2.23893,2.23789,2.23841,530
2025-07-24 15:40:00,2.23841,2.2389,2.23821,2.23845,618
2025-07-24 15:45:00,2.23845,2.23872,2.23828,2.23828,486
2025-07-24 15:50:00,2.23828,2.23906,2.2381,2.23873,522
2025-07-24 15:55:00,2.23875,2.23936,2.23875,2.23936,510
2025-07-24 16:00:00,2.23937,2.24054,2.23895,2.24021,687
2025-07-24 16:05:00,2.24023,2.24029,2.23921,2.23949,789
2025-07-24 16:10:00,2.23949,2.23966,2.23876,2.23938,680
2025-07-24 16:15:00,2.2394600000000002,2.24065,2.23921,2.2405,566
2025-07-24 16:20:00,2.24051,2.24064,2.23962,2.24,594
2025-07-24 16:25:00,2.23996,2.24039,2.23974,2.24038,603
2025-07-24 16:30:00,2.24038,2.24142,2.24026,2.24126,686
2025-07-24 16:35:00,2.24127,2.24177,2.24114,2.24134,626
2025-07-24 16:40:00,2.24134,2.24135,2.24024,2.24045,556
2025-07-24 16:45:00,2.24048,2.2411,2.23997,2.2400700000000002,638
2025-07-24 16:50:00,2.24002,2.24063,2.23915,2.23994,734
2025-07-24 16:55:00,2.23996,2.24146,2.23978,2.24142,564
2025-07-24 17:00:00,2.24142,2.24183,2.23993,2.23993,704
2025-07-24 17:05:00,2.23997,2.24006,2.23849,2.23868,563
2025-07-24 17:10:00,2.23868,2.23925,2.23839,2.23914,555
2025-07-24 17:15:00,2.23914,2.23929,2.23845,2.23855,573
2025-07-24 17:20:00,2.23854,2.23854,2.23788,2.23818,518
2025-07-24 17:25:00,2.23817,2.23894,2.2377,2.23784,596
2025-07-24 17:30:00,2.23784,2.23842,2.23778,2.23789,456
2025-07-24 17:35:00,2.23787,2.23818,2.23735,2.23754,521
2025-07-24 17:40:00,2.2375,2.23812,2.23719,2.23793,481
2025-07-24 17:45:00,2.23793,2.23953,2.23793,2.23943,440
2025-07-24 17:50:00,2.23941,2.23943,2.23843,2.23907,559
2025-07-24 17:55:00,2.23907,2.24008,2.23896,2.23968,676
2025-07-24 18:00:00,2.2397,2.2404,2.23933,2.24023,624
2025-07-24 18:05:00,2.24023,2.24045,2.23986,2.23986,514
2025-07-24 18:10:00,2.23984,2.24038,2.23967,2.2400700000000002,614
2025-07-24 18:15:00,2.2400700000000002,2.24036,2.23953,2.23976,551
2025-07-24 18:20:00,2.23976,2.23995,2.23924,2.23952,512
2025-07-24 18:25:00,2.23951,2.23957,2.23878,2.23887,554
2025-07-24 18:30:00,2.23887,2.23976,2.23875,2.23948,548
2025-07-24 18:35:00,2.23947,2.23969,2.23901,2.23939,536
2025-07-24 18:40:00,2.23938,2.23944,2.23887,2.23894,455
2025-07-24 18:45:00,2.23894,2.23923,2.23875,2.2391,479
2025-07-24 18:50:00,2.2391199999999998,2.2394,2.2386,2.23882,401
2025-07-24 18:55:00,2.23883,2.23892,2.23831,2.2387,452
2025-07-24 19:00:00,2.23869,2.23907,2.2382400000000002,2.23832,513
2025-07-24 19:05:00,2.23835,2.23868,2.23806,2.23858,352
2025-07-24 19:10:00,2.23859,2.23871,2.23807,2.23826,403
2025-07-24 19:15:00,2.23826,2.23852,2.23727,2.23737,395
2025-07-24 19:20:00,2.23737,2.23753,2.23699,2.23724,395
2025-07-24 19:25:00,2.23726,2.23766,2.23708,2.23719,509
2025-07-24 19:30:00,2.23716,2.23731,2.2367,2.23686,414
2025-07-24 19:35:00,2.23682,2.2369,2.23612,2.23637,396
2025-07-24 19:40:00,2.23635,2.23651,2.2359999999999998,2.23634,386
2025-07-24 19:45:00,2.23638,2.23677,2.23615,2.23668,379
2025-07-24 19:50:00,2.23668,2.23703,2.2364,2.23678,461
2025-07-24 19:55:00,2.23683,2.23708,2.23639,2.23687,382
2025-07-24 20:00:00,2.23685,2.23729,2.23654,2.23714,393
2025-07-24 20:05:00,2.2372,2.23736,2.23684,2.23709,352
2025-07-24 20:10:00,2.23707,2.23726,2.23677,2.23712,320
2025-07-24 20:15:00,2.2371,2.23771,2.23709,2.23764,274
2025-07-24 20:20:00,2.23756,2.23777,2.23737,2.23758,372
2025-07-24 20:25:00,2.23758,2.23782,2.23734,2.23771,290
2025-07-24 20:30:00,2.23771,2.23775,2.23703,2.23737,280
2025-07-24 20:35:00,2.23737,2.23759,2.23715,2.2372,290
2025-07-24 20:40:00,2.2372,2.23806,2.2372,2.23776,237
2025-07-24 20:45:00,2.23779,2.23788,2.2370200000000002,2.2373,329
2025-07-24 20:50:00,2.23727,2.23727,2.23675,2.237,363
2025-07-24 20:55:00,2.237,2.23729,2.23677,2.23693,329
2025-07-24 21:00:00,2.23693,2.23742,2.23691,2.23734,353
2025-07-24 21:05:00,2.23733,2.23751,2.23708,2.23738,242
2025-07-24 21:10:00,2.23734,2.23758,2.23716,2.23742,327
2025-07-24 21:15:00,2.23742,2.2376,2.23712,2.23723,271
2025-07-24 21:20:00,2.23723,2.23755,2.23718,2.23741,248
2025-07-24 21:25:00,2.23741,2.23761,2.23709,2.23754,283
2025-07-24 21:30:00,2.23752,2.23765,2.23728,2.23741,253
2025-07-24 21:35:00,2.23744,2.23766,2.23729,2.23753,192
2025-07-24 21:40:00,2.23742,2.23754,2.237,2.23708,241
2025-07-24 21:45:00,2.23708,2.23741,2.2370200000000002,2.23728,234
2025-07-24 21:50:00,2.23721,2.23743,2.23675,2.23718,343
2025-07-24 21:55:00,2.23718,2.23725,2.23657,2.23688,373
2025-07-24 22:00:00,2.23686,2.23758,2.23678,2.23758,327
2025-07-24 22:05:00,2.23761,2.23772,2.23724,2.23762,229
2025-07-24 22:10:00,2.23758,2.23771,2.23715,2.23716,253
2025-07-24 22:15:00,2.23717,2.23748,2.23715,2.23732,192
2025-07-24 22:20:00,2.23732,2.23747,2.23701,2.2372,302
2025-07-24 22:25:00,2.23717,2.23728,2.23699,2.23719,244
2025-07-24 22:30:00,2.23717,2.23729,2.23687,2.23707,324
2025-07-24 22:35:00,2.23709,2.2373,2.23691,2.23715,308
2025-07-24 22:40:00,2.23715,2.2375,2.23696,2.23729,302
2025-07-24 22:45:00,2.23729,2.23748,2.23704,2.23733,228
2025-07-24 22:50:00,2.23735,2.23791,2.2371,2.23791,351
2025-07-24 22:55:00,2.23791,2.23799,2.23743,2.23773,321
2025-07-24 23:00:00,2.23769,2.23808,2.23735,2.23799,335
2025-07-24 23:05:00,2.23799,2.23867,2.23764,2.23862,274
2025-07-24 23:10:00,2.23854,2.23979,2.23849,2.23936,330
2025-07-24 23:15:00,2.23936,2.23962,2.23922,2.2395,215
2025-07-24 23:20:00,2.2395,2.23952,2.2391,2.2391,227
2025-07-24 23:25:00,2.2391,2.23957,2.2391,2.23956,181
2025-07-24 23:30:00,2.23966,2.24036,2.23947,2.24029,301
2025-07-24 23:35:00,2.24029,2.24066,2.23993,2.24006,292
2025-07-24 23:40:00,2.24006,2.24006,2.23723,2.23738,233
2025-07-24 23:45:00,2.23738,2.23769,2.23724,2.23766,211
2025-07-24 23:50:00,2.23766,2.23778,2.2375,2.2377,242
2025-07-24 23:55:00,2.23768,2.24064,2.23714,2.24029,479
2025-07-25 00:00:00,2.24033,2.24383,2.23501,2.23611,25
2025-07-25 00:05:00,2.23416,2.23863,2.23416,2.23863,33
2025-07-25 00:10:00,2.23863,2.23882,2.23792,2.23863,33
2025-07-25 00:15:00,2.23863,2.23863,2.23667,2.23835,23
2025-07-25 00:20:00,2.23835,2.23839,2.23831,2.23839,13
2025-07-25 00:25:00,2.23839,2.23866,2.23821,2.23831,30
2025-07-25 00:30:00,2.23835,2.23839,2.23806,2.23806,50
2025-07-25 00:35:00,2.23809,2.23809,2.237,2.2372199999999998,60
2025-07-25 00:40:00,2.2372199999999998,2.23883,2.23706,2.23883,57
2025-07-25 00:45:00,2.23883,2.23886,2.23727,2.23771,173
2025-07-25 00:50:00,2.23769,2.2382,2.23706,2.23818,181
2025-07-25 00:55:00,2.23821,2.23865,2.23735,2.23748,451
2025-07-25 01:00:00,2.23756,2.24045,2.23756,2.24042,281
2025-07-25 01:05:00,2.24041,2.24041,2.23995,2.24012,168
2025-07-25 01:10:00,2.24014,2.24023,2.23993,2.2402,156
2025-07-25 01:15:00,2.24018,2.24026,2.2398,2.2398,229
2025-07-25 01:20:00,2.23979,2.23981,2.23943,2.2396,159
2025-07-25 01:25:00,2.2396,2.2397,2.23945,2.2395,129
2025-07-25 01:30:00,2.23948,2.23958,2.23909,2.23918,141
2025-07-25 01:35:00,2.2392,2.23937,2.23916,2.23918,71
2025-07-25 01:40:00,2.23916,2.23932,2.23913,2.23921,80
2025-07-25 01:45:00,2.23921,2.23921,2.23887,2.23897,77
2025-07-25 01:50:00,2.23897,2.23903,2.2388,2.23903,86
2025-07-25 01:55:00,2.23905,2.23905,2.23877,2.23882,83
2025-07-25 02:00:00,2.23884,2.23884,2.23845,2.23862,122
2025-07-25 02:05:00,2.23862,2.23862,2.23825,2.23833,72
2025-07-25 02:10:00,2.23835,2.23837,2.2379,2.2382,130
2025-07-25 02:15:00,2.2382400000000002,2.23836,2.23816,2.23831,130
2025-07-25 02:20:00,2.23832,2.23864,2.23814,2.23857,129
2025-07-25 02:25:00,2.23857,2.23859,2.23806,2.23807,141
2025-07-25 02:30:00,2.23809,2.23811,2.23777,2.23795,177
2025-07-25 02:35:00,2.23795,2.23812,2.23788,2.23794,125
2025-07-25 02:40:00,2.23794,2.23795,2.23768,2.23795,171
2025-07-25 02:45:00,2.23795,2.2381,2.23769,2.23769,180
2025-07-25 02:50:00,2.23759,2.23778,2.23727,2.23768,152
2025-07-25 02:55:00,2.23768,2.23768,2.2372,2.23754,319
2025-07-25 03:00:00,2.23758,2.23799,2.23677,2.23793,495
2025-07-25 03:05:00,2.23793,2.23795,2.23743,2.23745,366
2025-07-25 03:10:00,2.23745,2.23816,2.23738,2.23781,406
2025-07-25 03:15:00,2.2378,2.23794,2.23724,2.23746,258
2025-07-25 03:20:00,2.23746,2.23759,2.23712,2.23759,352
2025-07-25 03:25:00,2.23757,2.23779,2.23734,2.2376,284
2025-07-25 03:30:00,2.2376,2.23786,2.23705,2.2372,420
2025-07-25 03:35:00,2.2372199999999998,2.23741,2.237,2.2372199999999998,362
2025-07-25 03:40:00,2.23721,2.23789,2.23721,2.23789,298
2025-07-25 03:45:00,2.23785,2.2381,2.23762,2.23791,329
2025-07-25 03:50:00,2.23789,2.23832,2.23785,2.23816,397
2025-07-25 03:55:00,2.2381,2.23836,2.23744,2.23768,374
2025-07-25 04:00:00,2.2376300000000002,2.23865,2.23753,2.23821,396
2025-07-25 04:05:00,2.23819,2.2385,2.2375,2.23753,438
2025-07-25 04:10:00,2.23751,2.23813,2.23715,2.2381,418
2025-07-25 04:15:00,2.23811,2.23962,2.23787,2.23945,484
2025-07-25 04:20:00,2.23945,2.23978,2.2388500000000002,2.23954,422
2025-07-25 04:25:00,2.23954,2.23987,2.23933,2.23977,338
2025-07-25 04:30:00,2.23979,2.23998,2.2394,2.23989,488
2025-07-25 04:35:00,2.23983,2.23988,2.23928,2.2398,395
2025-07-25 04:40:00,2.2398,2.24002,2.23969,2.2398,432
2025-07-25 04:45:00,2.2398,2.23994,2.23951,2.23972,333
2025-07-25 04:50:00,2.2397299999999998,2.23988,2.23943,2.23965,399
2025-07-25 04:55:00,2.23968,2.23984,2.23939,2.23967,418
2025-07-25 05:00:00,2.23967,2.23999,2.23947,2.23965,391
2025-07-25 05:05:00,2.23965,2.23997,2.23948,2.23949,371
2025-07-25 05:10:00,2.23948,2.23985,2.2393,2.23984,307
2025-07-25 05:15:00,2.23984,2.24082,2.23976,2.24013,254
2025-07-25 05:20:00,2.2401,2.2406,2.2400700000000002,2.24052,351
2025-07-25 05:25:00,2.24055,2.24065,2.23986,2.24029,406
2025-07-25 05:30:00,2.24025,2.24029,2.23938,2.23955,449
2025-07-25 05:35:00,2.23955,2.23964,2.23916,2.23959,328
2025-07-25 05:40:00,2.23959,2.23987,2.23941,2.23965,403
2025-07-25 05:45:00,2.23966,2.24062,2.23956,2.2403,402
2025-07-25 05:50:00,2.2403,2.24038,2.2395,2.23958,444
2025-07-25 05:55:00,2.23961,2.24018,2.23952,2.23982,374
2025-07-25 06:00:00,2.23987,2.2399,2.2389,2.23906,385
2025-07-25 06:05:00,2.23911,2.23922,2.23884,2.23922,398
2025-07-25 06:10:00,2.23919,2.2394600000000002,2.23882,2.23937,319
2025-07-25 06:15:00,2.23933,2.23969,2.23905,2.23965,187
2025-07-25 06:20:00,2.23965,2.2397299999999998,2.23926,2.23966,258
2025-07-25 06:25:00,2.23966,2.24004,2.23953,2.23967,250
2025-07-25 06:30:00,2.23967,2.24003,2.23951,2.23972,290
2025-07-25 06:35:00,2.23974,2.23974,2.23943,2.23965,269
2025-07-25 06:40:00,2.23967,2.23969,2.23923,2.23933,221
2025-07-25 06:45:00,2.23931,2.2395,2.2391199999999998,2.2394,173
2025-07-25 06:50:00,2.23942,2.23945,2.23857,2.23868,279
2025-07-25 06:55:00,2.23868,2.23881,2.23804,2.23822,269
2025-07-25 07:00:00,2.23822,2.23822,2.23764,2.238,367
2025-07-25 07:05:00,2.23802,2.23825,2.23784,2.23818,268
2025-07-25 07:10:00,2.23818,2.23854,2.23799,2.23853,338
2025-07-25 07:15:00,2.23856,2.23935,2.23848,2.23915,279
2025-07-25 07:20:00,2.23911,2.23921,2.23863,2.23876,264
2025-07-25 07:25:00,2.23878,2.23896,2.23853,2.23877,305
2025-07-25 07:30:00,2.23878,2.23942,2.2385099999999998,2.23936,266
2025-07-25 07:35:00,2.23934,2.24038,2.23932,2.2403399999999998,431
2025-07-25 07:40:00,2.2403399999999998,2.24158,2.2403399999999998,2.24112,417
2025-07-25 07:45:00,2.24112,2.24153,2.24088,2.24128,284
2025-07-25 07:50:00,2.24128,2.24147,2.24061,2.24097,299
2025-07-25 07:55:00,2.24092,2.24108,2.24043,2.24057,285
2025-07-25 08:00:00,2.24054,2.24074,2.23991,2.24003,277
2025-07-25 08:05:00,2.24001,2.2405,2.23987,2.24015,273
2025-07-25 08:10:00,2.24015,2.24059,2.23997,2.24016,354
2025-07-25 08:15:00,2.24023,2.24043,2.23982,2.24001,276
2025-07-25 08:20:00,2.24,2.24014,2.2389,2.23906,231
2025-07-25 08:25:00,2.23906,2.23906,2.23865,2.23881,292
2025-07-25 08:30:00,2.2388500000000002,2.23936,2.23825,2.23926,344
2025-07-25 08:35:00,2.23924,2.23944,2.23902,2.23917,260
2025-07-25 08:40:00,2.23913,2.23939,2.2388500000000002,2.23928,338
2025-07-25 08:45:00,2.23928,2.23939,2.2389,2.23936,275
2025-07-25 08:50:00,2.23933,2.23952,2.23903,2.23915,273
2025-07-25 08:55:00,2.2391199999999998,2.2401,2.23849,2.2401,690
2025-07-25 09:00:00,2.24012,2.24013,2.23876,2.23932,547
2025-07-25 09:05:00,2.23932,2.23933,2.2381,2.23846,430
2025-07-25 09:10:00,2.23846,2.23852,2.23728,2.23787,419
2025-07-25 09:15:00,2.23787,2.23834,2.23766,2.23783,354
2025-07-25 09:20:00,2.23783,2.23968,2.23783,2.23963,488
2025-07-25 09:25:00,2.23963,2.24003,2.23934,2.23961,377
2025-07-25 09:30:00,2.23957,2.23988,2.23938,2.23966,548
2025-07-25 09:35:00,2.23966,2.24019,2.23922,2.23996,540
2025-07-25 09:40:00,2.23993,2.23996,2.23924,2.23942,346
2025-07-25 09:45:00,2.23942,2.23968,2.23907,2.23934,342
2025-07-25 09:50:00,2.23938,2.23938,2.2387,2.23883,354
2025-07-25 09:55:00,2.23882,2.23887,2.23809,2.23881,447
2025-07-25 10:00:00,2.23881,2.23977,2.23854,2.23966,530
2025-07-25 10:05:00,2.23968,2.23998,2.2388500000000002,2.23911,439
2025-07-25 10:10:00,2.23913,2.24063,2.23886,2.24054,465
2025-07-25 10:15:00,2.24053,2.24111,2.24021,2.24086,504
2025-07-25 10:20:00,2.24086,2.2412,2.24044,2.24046,472
2025-07-25 10:25:00,2.24046,2.24061,2.2399,2.2401,466
2025-07-25 10:30:00,2.24009,2.24111,2.23993,2.24097,574
2025-07-25 10:35:00,2.24097,2.24152,2.24038,2.24048,525
2025-07-25 10:40:00,2.24045,2.24099,2.24037,2.24053,505
2025-07-25 10:45:00,2.24056,2.2406800000000002,2.23963,2.23977,480
2025-07-25 10:50:00,2.23977,2.23996,2.23916,2.23982,475
2025-07-25 10:55:00,2.23978,2.24039,2.23954,2.2398,495
2025-07-25 11:00:00,2.2398,2.24031,2.23974,2.23994,561
2025-07-25 11:05:00,2.23996,2.24101,2.23961,2.24027,604
2025-07-25 11:10:00,2.24028,2.2403399999999998,2.23949,2.23991,633
2025-07-25 11:15:00,2.23991,2.24065,2.23991,2.2402,507
2025-07-25 11:20:00,2.24022,2.24085,2.24005,2.24079,489
2025-07-25 11:25:00,2.24078,2.24087,2.24,2.24061,385
2025-07-25 11:30:00,2.24066,2.24106,2.24024,2.24051,456
2025-07-25 11:35:00,2.24041,2.24101,2.24027,2.2408,561
2025-07-25 11:40:00,2.2408,2.24088,2.24039,2.24046,458
2025-07-25 11:45:00,2.24057,2.24089,2.23983,2.24,378
2025-07-25 11:50:00,2.24002,2.24062,2.23947,2.23979,355
2025-07-25 11:55:00,2.23972,2.24044,2.23947,2.23955,425
2025-07-25 12:00:00,2.23955,2.24039,2.23938,2.24039,397
2025-07-25 12:05:00,2.24039,2.24087,2.24026,2.24029,424
2025-07-25 12:10:00,2.24029,2.2406800000000002,2.23937,2.23945,391
2025-07-25 12:15:00,2.23947,2.24048,2.23925,2.24043,359
2025-07-25 12:20:00,2.2404,2.24062,2.24014,2.24022,311
2025-07-25 12:25:00,2.2403,2.24062,2.24019,2.24048,274
2025-07-25 12:30:00,2.24048,2.2406800000000002,2.23979,2.24031,391
2025-07-25 12:35:00,2.24031,2.24047,2.2401,2.24035,295
2025-07-25 12:40:00,2.24035,2.24053,2.23965,2.24025,291
2025-07-25 12:45:00,2.24026,2.24032,2.23907,2.23926,282
2025-07-25 12:50:00,2.23926,2.23951,2.23868,2.23916,332
2025-07-25 12:55:00,2.23907,2.23982,2.2389,2.23968,347
2025-07-25 13:00:00,2.23979,2.23979,2.23913,2.23927,313
2025-07-25 13:05:00,2.23925,2.23976,2.23908,2.23941,245
2025-07-25 13:10:00,2.23941,2.23953,2.23894,2.23919,356
2025-07-25 13:15:00,2.23919,2.23999,2.23908,2.2396,284
2025-07-25 13:20:00,2.2396,2.2399,2.23917,2.23929,314
2025-07-25 13:25:00,2.23929,2.2395,2.23884,2.2389,350
2025-07-25 13:30:00,2.23894,2.23918,2.23874,2.2388,302
2025-07-25 13:35:00,2.23878,2.23905,2.23865,2.23905,269
2025-07-25 13:40:00,2.23902,2.23919,2.23868,2.23906,235
2025-07-25 13:45:00,2.23905,2.23916,2.23878,2.23886,247
2025-07-25 13:50:00,2.23886,2.23898,2.23762,2.23792,384
2025-07-25 13:55:00,2.23792,2.2382400000000002,2.2376,2.23766,409
2025-07-25 14:00:00,2.23768,2.23779,2.2371,2.23717,342
2025-07-25 14:05:00,2.23717,2.23769,2.23717,2.23757,239
2025-07-25 14:10:00,2.23753,2.23782,2.23731,2.23761,351
2025-07-25 14:15:00,2.23761,2.23795,2.23715,2.23779,467
2025-07-25 14:20:00,2.23779,2.238,2.237,2.23715,478
2025-07-25 14:25:00,2.23715,2.23746,2.23699,2.23729,417
2025-07-25 14:30:00,2.23727,2.23727,2.23633,2.23649,343
2025-07-25 14:35:00,2.23649,2.23701,2.23619,2.23647,355
2025-07-25 14:40:00,2.23649,2.23658,2.23553,2.23553,311
2025-07-25 14:45:00,2.23557,2.23587,2.23543,2.23578,249
2025-07-25 14:50:00,2.2357,2.2358000000000002,2.23546,2.23571,381
2025-07-25 14:55:00,2.23569,2.23591,2.23513,2.23582,454
2025-07-25 15:00:00,2.23588,2.23698,2.23584,2.23647,379
2025-07-25 15:05:00,2.23648,2.23697,2.23645,2.23678,251
2025-07-25 15:10:00,2.2368,2.23719,2.23649,2.23715,296
2025-07-25 15:15:00,2.23714,2.23724,2.2369,2.23704,285
2025-07-25 15:20:00,2.237,2.23724,2.23648,2.2372199999999998,374
2025-07-25 15:25:00,2.2372199999999998,2.23739,2.23668,2.23692,329
2025-07-25 15:30:00,2.23693,2.237,2.23622,2.2364100000000002,379
2025-07-25 15:35:00,2.23665,2.23692,2.23602,2.23624,326
2025-07-25 15:40:00,2.23624,2.23667,2.23545,2.23554,574
2025-07-25 15:45:00,2.23556,2.23587,2.23524,2.23574,400
2025-07-25 15:50:00,2.23573,2.23575,2.23484,2.23531,507
2025-07-25 15:55:00,2.23529,2.23699,2.23529,2.23688,457
2025-07-25 16:00:00,2.23693,2.23698,2.23633,2.23678,553
2025-07-25 16:05:00,2.23686,2.23715,2.23495,2.23499,878
2025-07-25 16:10:00,2.23501,2.23612,2.23485,2.23579,706
2025-07-25 16:15:00,2.23577,2.23671,2.23504,2.23509,726
2025-07-25 16:20:00,2.23507,2.23586,2.23414,2.23565,744
2025-07-25 16:25:00,2.23564,2.23609,2.2356,2.23587,447
2025-07-25 16:30:00,2.23587,2.23616,2.23508,2.23602,622
2025-07-25 16:35:00,2.23602,2.23618,2.23444,2.23483,524
2025-07-25 16:40:00,2.23484,2.23509,2.23419,2.2345800000000002,615
2025-07-25 16:45:00,2.2345800000000002,2.23484,2.23385,2.23427,634
2025-07-25 16:50:00,2.23428,2.23531,2.23414,2.23496,640
2025-07-25 16:55:00,2.23497,2.23627,2.23462,2.23574,648
2025-07-25 17:00:00,2.23579,2.23597,2.23465,2.23488,672
2025-07-25 17:05:00,2.23492,2.23548,2.23489,2.23546,598
2025-07-25 17:10:00,2.23548,2.23562,2.23488,2.23507,503
2025-07-25 17:15:00,2.23507,2.23538,2.23488,2.2351,500
2025-07-25 17:20:00,2.2351,2.23538,2.23486,2.23502,308
2025-07-25 17:25:00,2.23502,2.23517,2.23424,2.23435,211
2025-07-25 17:30:00,2.23433,2.23445,2.23369,2.23431,525
2025-07-25 17:35:00,2.23431,2.23499,2.23419,2.23476,536
2025-07-25 17:40:00,2.2347799999999998,2.2357,2.23464,2.23544,564
2025-07-25 17:45:00,2.23541,2.23542,2.23464,2.23476,435
2025-07-25 17:50:00,2.23475,2.23483,2.23428,2.2347799999999998,425
2025-07-25 17:55:00,2.23481,2.2358000000000002,2.23477,2.23502,502
2025-07-25 18:00:00,2.23506,2.23544,2.23473,2.23522,595
2025-07-25 18:05:00,2.23522,2.23538,2.23464,2.23479,643
2025-07-25 18:10:00,2.23479,2.23526,2.23471,2.23523,485
2025-07-25 18:15:00,2.23523,2.23547,2.23487,2.23506,408
2025-07-25 18:20:00,2.23506,2.2357,2.23499,2.23559,391
2025-07-25 18:25:00,2.23563,2.23609,2.23542,2.23584,453
2025-07-25 18:30:00,2.23582,2.23604,2.23569,2.23589,473
2025-07-25 18:35:00,2.23588,2.23667,2.23582,2.23667,438
2025-07-25 18:40:00,2.23671,2.2368,2.23561,2.2358000000000002,446
2025-07-25 18:45:00,2.2358000000000002,2.23588,2.23492,2.23494,429
2025-07-25 18:50:00,2.23497,2.23544,2.23456,2.2352,385
2025-07-25 18:55:00,2.2352,2.23552,2.23504,2.2351900000000002,426
2025-07-25 19:00:00,2.23523,2.2355,2.23494,2.23508,468
2025-07-25 19:05:00,2.23506,2.2353899999999998,2.2344,2.23473,400
2025-07-25 19:10:00,2.23471,2.23514,2.23423,2.23436,382
2025-07-25 19:15:00,2.23434,2.23447,2.23371,2.2339700000000002,333
2025-07-25 19:20:00,2.23401,2.2344,2.23385,2.23399,410
2025-07-25 19:25:00,2.23399,2.2341699999999998,2.23346,2.23359,455
2025-07-25 19:30:00,2.23361,2.23426,2.23339,2.23414,347
2025-07-25 19:35:00,2.23418,2.23429,2.23371,2.23375,338
2025-07-25 19:40:00,2.23379,2.23386,2.23303,2.23327,410
2025-07-25 19:45:00,2.23325,2.2333,2.23247,2.2329,316
2025-07-25 19:50:00,2.23276,2.23332,2.23274,2.23319,301
2025-07-25 19:55:00,2.23317,2.23329,2.23237,2.2326,403
2025-07-25 20:00:00,2.23262,2.23297,2.23251,2.23265,327
2025-07-25 20:05:00,2.23268,2.23291,2.23242,2.23257,390
2025-07-25 20:10:00,2.23261,2.23296,2.23244,2.2329,266
2025-07-25 20:15:00,2.2329,2.23311,2.23263,2.23296,285
2025-07-25 20:20:00,2.233,2.23324,2.23251,2.23269,232
2025-07-25 20:25:00,2.23265,2.23289,2.23239,2.23274,276
2025-07-25 20:30:00,2.2327500000000002,2.23293,2.23221,2.23246,310
2025-07-25 20:35:00,2.23242,2.233,2.23233,2.23292,286
2025-07-25 20:40:00,2.23298,2.23333,2.23276,2.23294,241
2025-07-25 20:45:00,2.23294,2.23309,2.23246,2.23264,247
2025-07-25 20:50:00,2.23267,2.23304,2.2321400000000002,2.23297,240
2025-07-25 20:55:00,2.23297,2.23322,2.23284,2.23293,333
2025-07-25 21:00:00,2.23293,2.23316,2.23265,2.233,339
2025-07-25 21:05:00,2.233,2.23318,2.23282,2.23288,234
2025-07-25 21:10:00,2.23288,2.233,2.23229,2.23257,312
2025-07-25 21:15:00,2.23253,2.23276,2.2324,2.23261,238
2025-07-25 21:20:00,2.23261,2.23297,2.23238,2.23269,301
2025-07-25 21:25:00,2.23272,2.23318,2.23272,2.23307,219
2025-07-25 21:30:00,2.23307,2.23313,2.23269,2.23299,279
2025-07-25 21:35:00,2.23299,2.2331,2.23255,2.23277,265
2025-07-25 21:40:00,2.23277,2.23303,2.23245,2.23286,220
2025-07-25 21:45:00,2.23282,2.23311,2.23259,2.23274,193
2025-07-25 21:50:00,2.23277,2.2332,2.2326,2.23311,283
2025-07-25 21:55:00,2.23311,2.23345,2.23297,2.2333600000000002,319
2025-07-25 22:00:00,2.23338,2.2335599999999998,2.23319,2.23333,172
2025-07-25 22:05:00,2.23333,2.2337,2.23319,2.23368,198
2025-07-25 22:10:00,2.23368,2.2337,2.2334,2.23349,120
2025-07-25 22:15:00,2.23347,2.23351,2.2331,2.2333600000000002,145
2025-07-25 22:20:00,2.23334,2.2335,2.23301,2.23324,156
2025-07-25 22:25:00,2.23324,2.2333600000000002,2.23283,2.23321,166
2025-07-25 22:30:00,2.23321,2.2333,2.2329499999999998,2.23323,152
2025-07-25 22:35:00,2.23323,2.23338,2.23308,2.23337,159
2025-07-25 22:40:00,2.23335,2.2335,2.23299,2.23303,231
2025-07-25 22:45:00,2.23303,2.23351,2.23303,2.23351,118
2025-07-25 22:50:00,2.23357,2.23368,2.23324,2.23357,195
2025-07-25 22:55:00,2.23359,2.23387,2.2333600000000002,2.23351,315
2025-07-25 23:00:00,2.23376,2.23407,2.23303,2.23307,303
2025-07-25 23:05:00,2.23307,2.23344,2.23304,2.23328,182
2025-07-25 23:10:00,2.23332,2.23332,2.23299,2.23315,121
2025-07-25 23:15:00,2.23315,2.23321,2.2327500000000002,2.23287,114
2025-07-25 23:20:00,2.23287,2.23305,2.2325,2.2325,142
2025-07-25 23:25:00,2.23253,2.23266,2.23217,2.23253,196
2025-07-25 23:30:00,2.23257,2.23304,2.23228,2.23304,172
2025-07-25 23:35:00,2.23298,2.23315,2.2327,2.23277,169
2025-07-25 23:40:00,2.23277,2.23277,2.22987,2.22992,106
2025-07-25 23:45:00,2.2298999999999998,2.22994,2.22921,2.22923,157
2025-07-25 23:50:00,2.22923,2.22978,2.22916,2.2296,200
2025-07-25 23:55:00,2.2296,2.23151,2.22848,2.23036,256
2025-07-28 00:00:00,2.23301,2.23304,2.2292,2.22931,14
2025-07-28 00:05:00,2.22931,2.23271,2.22844,2.22936,55
2025-07-28 00:10:00,2.22936,2.22999,2.22936,2.22975,48
2025-07-28 00:15:00,2.22975,2.23002,2.22953,2.22962,60
2025-07-28 00:20:00,2.22962,2.23011,2.22958,2.23007,40
2025-07-28 00:25:00,2.23007,2.23047,2.22982,2.23002,35
2025-07-28 00:30:00,2.23017,2.23099,2.22994,2.23079,96
2025-07-28 00:35:00,2.23081,2.23145,2.23081,2.23094,96
2025-07-28 00:40:00,2.23095,2.23142,2.2308,2.23136,109
2025-07-28 00:45:00,2.23124,2.23131,2.23068,2.23084,43
2025-07-28 00:50:00,2.23085,2.23134,2.23083,2.23091,112
2025-07-28 00:55:00,2.23093,2.23108,2.23063,2.23068,100
2025-07-28 01:00:00,2.23082,2.23238,2.2303,2.23124,523
2025-07-28 01:05:00,2.23126,2.23162,2.23057,2.23094,234
2025-07-28 01:10:00,2.23109,2.2315,2.23083,2.23129,254
2025-07-28 01:15:00,2.23129,2.2315300000000002,2.23117,2.23149,231
2025-07-28 01:20:00,2.23149,2.23198,2.23146,2.23195,146
2025-07-28 01:25:00,2.23193,2.23193,2.23148,2.23163,164
2025-07-28 01:30:00,2.23154,2.23156,2.23114,2.23141,150
2025-07-28 01:35:00,2.23139,2.23174,2.23107,2.23171,140
2025-07-28 01:40:00,2.23168,2.23183,2.23121,2.23174,148
2025-07-28 01:45:00,2.23174,2.23213,2.23174,2.23205,154
2025-07-28 01:50:00,2.23209,2.23228,2.23177,2.23207,148
2025-07-28 01:55:00,2.2321,2.23211,2.23144,2.23144,121
2025-07-28 02:00:00,2.23139,2.23149,2.23084,2.23144,239
2025-07-28 02:05:00,2.23144,2.23154,2.23085,2.23091,212
2025-07-28 02:10:00,2.23089,2.23118,2.23077,2.23096,222
2025-07-28 02:15:00,2.231,2.23124,2.23093,2.2311199999999998,262
2025-07-28 02:20:00,2.2311199999999998,2.23148,2.23104,2.23128,185
2025-07-28 02:25:00,2.23128,2.23217,2.23127,2.23211,195
2025-07-28 02:30:00,2.23211,2.23257,2.23192,2.23253,196
2025-07-28 02:35:00,2.23253,2.23255,2.23199,2.23203,136
2025-07-28 02:40:00,2.23206,2.23224,2.23185,2.2319,127
2025-07-28 02:45:00,2.2319,2.23245,2.23178,2.23243,155
2025-07-28 02:50:00,2.23244,2.23265,2.23216,2.23226,123
2025-07-28 02:55:00,2.23226,2.23249,2.23222,2.23233,111
2025-07-28 03:00:00,2.23231,2.23247,2.23129,2.2315,675
2025-07-28 03:05:00,2.23154,2.23216,2.23151,2.23215,486
2025-07-28 03:10:00,2.23212,2.23221,2.23139,2.23158,531
2025-07-28 03:15:00,2.23158,2.23162,2.23102,2.2315300000000002,609
2025-07-28 03:20:00,2.2315300000000002,2.23162,2.2308,2.23136,506
2025-07-28 03:25:00,2.23133,2.23138,2.23092,2.231,427
2025-07-28 03:30:00,2.23096,2.23184,2.23087,2.2313,550
2025-07-28 03:35:00,2.23133,2.23138,2.2301,2.23034,480
2025-07-28 03:40:00,2.23031,2.23045,2.23006,2.23037,435
2025-07-28 03:45:00,2.23037,2.2309,2.23034,2.23045,507
2025-07-28 03:50:00,2.23048,2.23129,2.23043,2.23107,610
2025-07-28 03:55:00,2.23107,2.23107,2.23012,2.23012,489
2025-07-28 04:00:00,2.2301,2.23027,2.22916,2.22966,600
2025-07-28 04:05:00,2.22965,2.23113,2.22947,2.23095,520
2025-07-28 04:10:00,2.23097,2.23169,2.23094,2.23159,436
2025-07-28 04:15:00,2.23159,2.23188,2.23093,2.23184,357
2025-07-28 04:20:00,2.23188,2.23247,2.23178,2.23219,431
2025-07-28 04:25:00,2.23212,2.23246,2.23143,2.23157,328
2025-07-28 04:30:00,2.23155,2.23192,2.23121,2.2316,467
2025-07-28 04:35:00,2.23154,2.2321400000000002,2.23141,2.23201,421
2025-07-28 04:40:00,2.23203,2.2321,2.23145,2.23201,498
2025-07-28 04:45:00,2.23201,2.23261,2.2317,2.23229,482
2025-07-28 04:50:00,2.23227,2.23347,2.23199,2.23339,581
2025-07-28 04:55:00,2.23337,2.23428,2.23304,2.23386,461
2025-07-28 05:00:00,2.23386,2.23429,2.2333600000000002,2.23405,433
2025-07-28 05:05:00,2.23405,2.23405,2.2329,2.23298,446
2025-07-28 05:10:00,2.23298,2.23302,2.23221,2.23243,466
2025-07-28 05:15:00,2.23247,2.23291,2.2321400000000002,2.23253,350
2025-07-28 05:20:00,2.23262,2.23267,2.23129,2.23136,392
2025-07-28 05:25:00,2.23136,2.23164,2.23114,2.23155,294
2025-07-28 05:30:00,2.23155,2.23172,2.2311199999999998,2.23169,367
2025-07-28 05:35:00,2.2317299999999998,2.23196,2.23155,2.2316,339
2025-07-28 05:40:00,2.23157,2.23201,2.2315300000000002,2.23195,338
2025-07-28 05:45:00,2.23202,2.23262,2.23186,2.23255,310
2025-07-28 05:50:00,2.23262,2.23264,2.23201,2.23224,417
2025-07-28 05:55:00,2.23224,2.23228,2.23167,2.23195,408
2025-07-28 06:00:00,2.23195,2.23218,2.2315,2.23177,399
2025-07-28 06:05:00,2.23176,2.23241,2.2317299999999998,2.23238,321
2025-07-28 06:10:00,2.23235,2.23287,2.23228,2.23278,359
2025-07-28 06:15:00,2.23278,2.23304,2.23244,2.2329,260
2025-07-28 06:20:00,2.2329,2.2336,2.2329,2.23328,345
2025-07-28 06:25:00,2.23323,2.23391,2.23315,2.23376,345
2025-07-28 06:30:00,2.23373,2.23449,2.23372,2.23415,377
2025-07-28 06:35:00,2.23412,2.23457,2.23393,2.23419,301
2025-07-28 06:40:00,2.2342,2.23475,2.2341699999999998,2.23469,286
2025-07-28 06:45:00,2.23472,2.23474,2.23426,2.23445,326
2025-07-28 06:50:00,2.23445,2.23497,2.23444,2.23463,366
2025-07-28 06:55:00,2.23456,2.23488,2.23443,2.23453,368
2025-07-28 07:00:00,2.23451,2.23518,2.2345,2.23495,423
2025-07-28 07:05:00,2.23495,2.23557,2.2349,2.23534,296
2025-07-28 07:10:00,2.23534,2.23553,2.23496,2.23528,344
2025-07-28 07:15:00,2.23528,2.23544,2.23523,2.23541,304
2025-07-28 07:20:00,2.23541,2.23546,2.23503,2.23531,286
2025-07-28 07:25:00,2.23532,2.23563,2.23526,2.23528,346
2025-07-28 07:30:00,2.23528,2.23537,2.23494,2.235,366
2025-07-28 07:35:00,2.235,2.23525,2.2349,2.23497,274
2025-07-28 07:40:00,2.23497,2.23533,2.23491,2.23497,447
2025-07-28 07:45:00,2.23497,2.23533,2.23465,2.23488,296
2025-07-28 07:50:00,2.23488,2.23507,2.2346,2.23481,334
2025-07-28 07:55:00,2.23483,2.23502,2.23467,2.23494,275
2025-07-28 08:00:00,2.23492,2.23496,2.23401,2.23432,266
2025-07-28 08:05:00,2.23431,2.23482,2.23421,2.23442,334
2025-07-28 08:10:00,2.23449,2.2347799999999998,2.23431,2.23472,284
2025-07-28 08:15:00,2.23472,2.23522,2.2344,2.2348,348
2025-07-28 08:20:00,2.2347799999999998,2.23504,2.23467,2.23476,384
2025-07-28 08:25:00,2.23474,2.23495,2.23425,2.23451,329
2025-07-28 08:30:00,2.23451,2.23465,2.23427,2.23449,343
2025-07-28 08:35:00,2.23449,2.23482,2.2344,2.23472,285
2025-07-28 08:40:00,2.23469,2.23499,2.2345800000000002,2.23497,346
2025-07-28 08:45:00,2.23499,2.23517,2.23479,2.23482,260
2025-07-28 08:50:00,2.23482,2.23504,2.23462,2.23495,363
2025-07-28 08:55:00,2.23493,2.23496,2.2342,2.23423,308
2025-07-28 09:00:00,2.23404,2.23495,2.23404,2.23495,473
2025-07-28 09:05:00,2.23488,2.23508,2.2345800000000002,2.23484,477
2025-07-28 09:10:00,2.23484,2.23559,2.2348,2.23549,454
2025-07-28 09:15:00,2.23549,2.2357,2.2352,2.23538,380
2025-07-28 09:20:00,2.23538,2.2361,2.23483,2.23582,646
2025-07-28 09:25:00,2.23583,2.23688,2.23575,2.23636,690
2025-07-28 09:30:00,2.23636,2.23636,2.2356,2.23585,534
2025-07-28 09:35:00,2.23585,2.23596,2.23541,2.23549,547
2025-07-28 09:40:00,2.23546,2.23557,2.23491,2.23542,408
2025-07-28 09:45:00,2.23542,2.23553,2.23499,2.23533,324
2025-07-28 09:50:00,2.23533,2.23587,2.23483,2.23584,482
2025-07-28 09:55:00,2.23582,2.23673,2.23561,2.23653,678
2025-07-28 10:00:00,2.23657,2.23704,2.23598,2.23666,623
2025-07-28 10:05:00,2.23666,2.23682,2.23594,2.23638,586
2025-07-28 10:10:00,2.23638,2.2371,2.23597,2.23659,522
2025-07-28 10:15:00,2.23659,2.23691,2.23624,2.23687,531
2025-07-28 10:20:00,2.23687,2.23712,2.23632,2.2369,495
2025-07-28 10:25:00,2.23686,2.23959,2.23673,2.239,631
2025-07-28 10:30:00,2.23898,2.24139,2.23897,2.24135,734
2025-07-28 10:35:00,2.24135,2.24302,2.24131,2.24294,554
2025-07-28 10:40:00,2.2429,2.24375,2.24286,2.24322,585
2025-07-28 10:45:00,2.24318,2.24358,2.2427799999999998,2.24302,564
2025-07-28 10:50:00,2.24302,2.24374,2.24264,2.24354,544
2025-07-28 10:55:00,2.24353,2.24464,2.24316,2.24436,707
2025-07-28 11:00:00,2.24438,2.24608,2.24418,2.24577,655
2025-07-28 11:05:00,2.24577,2.24603,2.24486,2.24539,600
2025-07-28 11:10:00,2.24539,2.24616,2.24535,2.24575,565
2025-07-28 11:15:00,2.24575,2.24577,2.24502,2.24532,518
2025-07-28 11:20:00,2.24535,2.24546,2.24472,2.24497,505
2025-07-28 11:25:00,2.24498,2.24499,2.24409,2.24479,462
2025-07-28 11:30:00,2.24479,2.2452,2.24448,2.24496,402
2025-07-28 11:35:00,2.24496,2.24501,2.24402,2.24437,461
2025-07-28 11:40:00,2.24437,2.246,2.24419,2.24562,534
2025-07-28 11:45:00,2.24562,2.24612,2.24531,2.24584,404
2025-07-28 11:50:00,2.24584,2.24625,2.24541,2.24546,461
2025-07-28 11:55:00,2.24546,2.24565,2.24508,2.24546,514
2025-07-28 12:00:00,2.24544,2.24608,2.2451,2.24597,484
2025-07-28 12:05:00,2.24597,2.24623,2.24549,2.24552,444
2025-07-28 12:10:00,2.24558,2.24595,2.24462,2.24503,504
2025-07-28 12:15:00,2.24494,2.24501,2.24446,2.24447,425
2025-07-28 12:20:00,2.24447,2.24562,2.24447,2.24541,527
2025-07-28 12:25:00,2.24537,2.24605,2.24531,2.24552,522
2025-07-28 12:30:00,2.24552,2.24574,2.24472,2.24506,459
2025-07-28 12:35:00,2.24506,2.24574,2.2448,2.24492,564
2025-07-28 12:40:00,2.24496,2.24505,2.24419,2.24471,440
2025-07-28 12:45:00,2.24473,2.24554,2.24454,2.24547,364
2025-07-28 12:50:00,2.24549,2.24549,2.24452,2.24496,435
2025-07-28 12:55:00,2.245,2.24507,2.24392,2.24418,557
2025-07-28 13:00:00,2.24422,2.24437,2.24336,2.24422,522
2025-07-28 13:05:00,2.24422,2.24458,2.2437,2.24405,405
2025-07-28 13:10:00,2.24405,2.24439,2.24356,2.24398,417
2025-07-28 13:15:00,2.24402,2.24475,2.24395,2.24455,378
2025-07-28 13:20:00,2.24455,2.24457,2.24393,2.24403,390
2025-07-28 13:25:00,2.24405,2.24432,2.24363,2.2443,390
2025-07-28 13:30:00,2.24428,2.24437,2.24326,2.2433,392
2025-07-28 13:35:00,2.2433,2.24379,2.24325,2.24342,444
2025-07-28 13:40:00,2.24342,2.24344,2.24242,2.24266,479
2025-07-28 13:45:00,2.24271,2.24282,2.24198,2.24269,516
2025-07-28 13:50:00,2.24269,2.24356,2.24264,2.24356,461
2025-07-28 13:55:00,2.24357,2.2447,2.24352,2.24452,508
2025-07-28 14:00:00,2.24452,2.24477,2.24409,2.24424,545
2025-07-28 14:05:00,2.24424,2.2446099999999998,2.24375,2.24444,456
2025-07-28 14:10:00,2.24444,2.24462,2.24362,2.2437,383
2025-07-28 14:15:00,2.2437,2.24376,2.24307,2.24357,431
2025-07-28 14:20:00,2.24357,2.24421,2.24344,2.24386,459
2025-07-28 14:25:00,2.24388,2.24436,2.24358,2.24431,479
2025-07-28 14:30:00,2.24431,2.24442,2.24323,2.24343,529
2025-07-28 14:35:00,2.24344,2.24418,2.24335,2.24394,413
2025-07-28 14:40:00,2.24394,2.24427,2.24319,2.24325,414
2025-07-28 14:45:00,2.24325,2.24333,2.24275,2.24307,483
2025-07-28 14:50:00,2.24305,2.2441,2.24303,2.24403,560
2025-07-28 14:55:00,2.24402,2.24445,2.24354,2.24422,648
2025-07-28 15:00:00,2.2443,2.24514,2.24377,2.24451,818
2025-07-28 15:05:00,2.24451,2.24475,2.24407,2.24462,571
2025-07-28 15:10:00,2.24462,2.24515,2.24414,2.2451,499
2025-07-28 15:15:00,2.2451,2.24561,2.24482,2.24561,472
2025-07-28 15:20:00,2.24562,2.24562,2.24412,2.24431,520
2025-07-28 15:25:00,2.2444,2.24454,2.24376,2.24398,495
2025-07-28 15:30:00,2.24402,2.24444,2.24363,2.24439,567
2025-07-28 15:35:00,2.24437,2.24475,2.24407,2.24428,507
2025-07-28 15:40:00,2.24428,2.2443,2.24359,2.24381,546
2025-07-28 15:45:00,2.24376,2.24427,2.2437,2.24405,474
2025-07-28 15:50:00,2.24403,2.24468,2.24403,2.24444,489
2025-07-28 15:55:00,2.24444,2.24504,2.24415,2.24492,508
2025-07-28 16:00:00,2.24492,2.2449500000000002,2.24319,2.24321,527
2025-07-28 16:05:00,2.24319,2.24436,2.24319,2.24431,561
2025-07-28 16:10:00,2.24431,2.24457,2.24392,2.24398,534
2025-07-28 16:15:00,2.24398,2.24472,2.24394,2.2447,495
2025-07-28 16:20:00,2.2447,2.24598,2.24454,2.24558,629
2025-07-28 16:25:00,2.24558,2.24595,2.24524,2.24547,535
2025-07-28 16:30:00,2.24549,2.24567,2.24523,2.24537,502
2025-07-28 16:35:00,2.24535,2.24537,2.24443,2.24487,543
2025-07-28 16:40:00,2.24485,2.24547,2.24466,2.24534,558
2025-07-28 16:45:00,2.24536,2.24574,2.24524,2.24544,499
2025-07-28 16:50:00,2.24544,2.24564,2.24474,2.2451,534
2025-07-28 16:55:00,2.24512,2.24574,2.24502,2.24552,664
2025-07-28 17:00:00,2.24552,2.2457,2.24443,2.24478,657
2025-07-28 17:05:00,2.24479,2.24484,2.24369,2.24374,602
2025-07-28 17:10:00,2.24374,2.24445,2.24336,2.24355,543
2025-07-28 17:15:00,2.24355,2.2437,2.24309,2.24333,593
2025-07-28 17:20:00,2.24333,2.24474,2.24304,2.2443400000000002,654
2025-07-28 17:25:00,2.2443400000000002,2.24454,2.24271,2.24313,578
2025-07-28 17:30:00,2.24313,2.24327,2.2425100000000002,2.24294,501
2025-07-28 17:35:00,2.24294,2.24309,2.24233,2.2426,504
2025-07-28 17:40:00,2.24262,2.24284,2.24179,2.24205,547
2025-07-28 17:45:00,2.24205,2.24228,2.24152,2.24216,569
2025-07-28 17:50:00,2.24214,2.24288,2.24207,2.24258,651
2025-07-28 17:55:00,2.24257,2.24273,2.24174,2.24243,567
2025-07-28 18:00:00,2.24241,2.24281,2.24128,2.24136,656
2025-07-28 18:05:00,2.24151,2.24231,2.24111,2.24153,547
2025-07-28 18:10:00,2.24152,2.24171,2.24092,2.24103,452
2025-07-28 18:15:00,2.24096,2.24269,2.24092,2.2426,593
2025-07-28 18:20:00,2.24265,2.24327,2.24245,2.24283,622
2025-07-28 18:25:00,2.24283,2.24318,2.24206,2.24254,493
2025-07-28 18:30:00,2.24246,2.24269,2.24165,2.24193,488
2025-07-28 18:35:00,2.24193,2.24222,2.24144,2.24172,456
2025-07-28 18:40:00,2.24172,2.24254,2.24165,2.2423,552
2025-07-28 18:45:00,2.2423,2.24307,2.24215,2.24232,434
2025-07-28 18:50:00,2.24235,2.24252,2.24186,2.2424,433
2025-07-28 18:55:00,2.2424,2.24254,2.24166,2.2419000000000002,474
2025-07-28 19:00:00,2.2419000000000002,2.24233,2.24159,2.2418,498
2025-07-28 19:05:00,2.24184,2.24204,2.24143,2.24164,442
2025-07-28 19:10:00,2.24166,2.24182,2.24126,2.24141,333
2025-07-28 19:15:00,2.24139,2.24151,2.24065,2.24071,340
2025-07-28 19:20:00,2.24071,2.24082,2.24025,2.24025,338
2025-07-28 19:25:00,2.24029,2.2406,2.23998,2.24032,365
2025-07-28 19:30:00,2.24032,2.24075,2.24011,2.24053,347
2025-07-28 19:35:00,2.24048,2.24062,2.23994,2.24025,376
2025-07-28 19:40:00,2.24025,2.24049,2.23983,2.24024,331
2025-07-28 19:45:00,2.24028,2.24046,2.23978,2.24018,342
2025-07-28 19:50:00,2.24018,2.24021,2.23975,2.23986,307
2025-07-28 19:55:00,2.23992,2.24019,2.23966,2.23996,308
2025-07-28 20:00:00,2.23992,2.24005,2.23949,2.23953,368
2025-07-28 20:05:00,2.23956,2.2397299999999998,2.23894,2.23917,351
2025-07-28 20:10:00,2.23913,2.23939,2.23899,2.23918,307
2025-07-28 20:15:00,2.23918,2.23936,2.23899,2.23929,321
2025-07-28 20:20:00,2.23925,2.23964,2.23906,2.2394,313
2025-07-28 20:25:00,2.23939,2.23958,2.23905,2.23945,328
2025-07-28 20:30:00,2.23949,2.23961,2.23894,2.2392,281
2025-07-28 20:35:00,2.2392,2.23936,2.23887,2.2391199999999998,273
2025-07-28 20:40:00,2.2391199999999998,2.23917,2.23852,2.23889,350
2025-07-28 20:45:00,2.2388500000000002,2.23902,2.2381,2.23854,401
2025-07-28 20:50:00,2.23853,2.23855,2.23812,2.23827,416
2025-07-28 20:55:00,2.2383,2.23838,2.23783,2.23806,380
2025-07-28 21:00:00,2.23809,2.23809,2.23725,2.23739,415
2025-07-28 21:05:00,2.23739,2.23758,2.23716,2.23747,341
2025-07-28 21:10:00,2.23746,2.2375,2.2371,2.23715,318
2025-07-28 21:15:00,2.23721,2.23746,2.23698,2.2370200000000002,302
2025-07-28 21:20:00,2.237,2.23761,2.2369,2.23706,359
2025-07-28 21:25:00,2.23706,2.23734,2.23676,2.23716,334
2025-07-28 21:30:00,2.23709,2.2373,2.23677,2.23684,337
2025-07-28 21:35:00,2.23684,2.2371,2.23653,2.23666,241
2025-07-28 21:40:00,2.2367,2.2369,2.23635,2.23647,244
2025-07-28 21:45:00,2.23647,2.237,2.23628,2.23699,232
2025-07-28 21:50:00,2.23698,2.23699,2.23659,2.23665,316
2025-07-28 21:55:00,2.23667,2.237,2.23638,2.23666,325
2025-07-28 22:00:00,2.23663,2.23709,2.23612,2.23683,311
2025-07-28 22:05:00,2.23683,2.23724,2.23658,2.23713,146
2025-07-28 22:10:00,2.23715,2.23719,2.23679,2.23698,171
2025-07-28 22:15:00,2.23698,2.23709,2.23677,2.23692,164
2025-07-28 22:20:00,2.23692,2.23721,2.23677,2.23707,201
2025-07-28 22:25:00,2.23707,2.23716,2.23683,2.23687,162
2025-07-28 22:30:00,2.23688,2.23733,2.23681,2.23723,182
2025-07-28 22:35:00,2.23723,2.23725,2.23663,2.23667,251
2025-07-28 22:40:00,2.23662,2.23696,2.2366099999999998,2.23688,189
2025-07-28 22:45:00,2.23689,2.23701,2.23651,2.2366,207
2025-07-28 22:50:00,2.23662,2.23674,2.2362,2.23622,220
2025-07-28 22:55:00,2.23622,2.2364,2.2357,2.23586,286
2025-07-28 23:00:00,2.2359,2.23639,2.23553,2.23626,224
2025-07-28 23:05:00,2.23624,2.23645,2.23608,2.23608,171
2025-07-28 23:10:00,2.23608,2.23647,2.23595,2.2362,141
2025-07-28 23:15:00,2.23618,2.23633,2.2359999999999998,2.23633,189
2025-07-28 23:20:00,2.23629,2.23664,2.23601,2.23621,132
2025-07-28 23:25:00,2.2362,2.23647,2.23582,2.23586,164
2025-07-28 23:30:00,2.23582,2.23617,2.23581,2.23608,173
2025-07-28 23:35:00,2.23609,2.23611,2.23564,2.2359,222
2025-07-28 23:40:00,2.2359,2.2359,2.23311,2.2336,201
2025-07-28 23:45:00,2.23363,2.23396,2.23354,2.23394,156
2025-07-28 23:50:00,2.23394,2.23413,2.23384,2.23395,230
2025-07-28 23:55:00,2.23402,2.23645,2.23377,2.23614,302
2025-07-29 00:00:00,2.23608,2.23648,2.23321,2.23351,20
2025-07-29 00:05:00,2.23371,2.23474,2.23311,2.23438,38
2025-07-29 00:10:00,2.23438,2.23446,2.23434,2.23445,10
2025-07-29 00:15:00,2.23445,2.23453,2.23423,2.23435,15
2025-07-29 00:20:00,2.23454,2.23471,2.23364,2.23364,25
2025-07-29 00:25:00,2.23364,2.23399,2.23315,2.23342,71
2025-07-29 00:30:00,2.23342,2.23443,2.23338,2.23375,75
2025-07-29 00:35:00,2.23375,2.23503,2.23361,2.23463,142
2025-07-29 00:40:00,2.23459,2.23471,2.23402,2.23402,146
2025-07-29 00:45:00,2.23452,2.23483,2.23408,2.23481,55
2025-07-29 00:50:00,2.23483,2.2351,2.23462,2.23501,138
2025-07-29 00:55:00,2.23497,2.2351,2.23476,2.23506,186
2025-07-29 01:00:00,2.23516,2.23663,2.23516,2.23659,190
2025-07-29 01:05:00,2.23659,2.23659,2.23573,2.23581,142
2025-07-29 01:10:00,2.23582,2.23604,2.23578,2.23599,184
2025-07-29 01:15:00,2.23607,2.23624,2.23594,2.2362,142
2025-07-29 01:20:00,2.23623,2.23681,2.23607,2.2366,203
2025-07-29 01:25:00,2.23659,2.23664,2.23627,2.2363,155
2025-07-29 01:30:00,2.2363,2.23647,2.23587,2.23618,151
2025-07-29 01:35:00,2.23618,2.23636,2.23617,2.23634,169
2025-07-29 01:40:00,2.23633,2.23648,2.23616,2.23635,182
2025-07-29 01:45:00,2.23635,2.23644,2.23602,2.23621,92
2025-07-29 01:50:00,2.23621,2.23633,2.23615,2.23628,174
2025-07-29 01:55:00,2.23628,2.2364100000000002,2.23621,2.23628,143
2025-07-29 02:00:00,2.23628,2.23645,2.23595,2.23616,137
2025-07-29 02:05:00,2.23619,2.2365,2.23619,2.23643,102
2025-07-29 02:10:00,2.23643,2.23652,2.23633,2.23651,64
2025-07-29 02:15:00,2.23651,2.23658,2.23598,2.23616,109
2025-07-29 02:20:00,2.23618,2.2364,2.23611,2.23629,161
2025-07-29 02:25:00,2.23631,2.23648,2.23623,2.23637,113
2025-07-29 02:30:00,2.23637,2.23649,2.23632,2.23638,178
2025-07-29 02:35:00,2.23637,2.23653,2.23608,2.23637,126
2025-07-29 02:40:00,2.23637,2.2368,2.23616,2.23663,143
2025-07-29 02:45:00,2.23663,2.23675,2.23655,2.23656,96
2025-07-29 02:50:00,2.23656,2.23684,2.23653,2.23662,108
2025-07-29 02:55:00,2.23676,2.23694,2.23644,2.23649,182
2025-07-29 03:00:00,2.23649,2.23675,2.23595,2.23609,414
2025-07-29 03:05:00,2.23609,2.23625,2.23586,2.23603,285
2025-07-29 03:10:00,2.23601,2.237,2.23601,2.23675,319
2025-07-29 03:15:00,2.23673,2.23735,2.23636,2.23705,378
2025-07-29 03:20:00,2.23705,2.2373,2.23682,2.2372,346
2025-07-29 03:25:00,2.2372,2.23803,2.23707,2.23797,384
2025-07-29 03:30:00,2.23797,2.23835,2.23781,2.23823,287
2025-07-29 03:35:00,2.23823,2.23868,2.23821,2.23859,285
2025-07-29 03:40:00,2.23861,2.23866,2.23823,2.23834,338
2025-07-29 03:45:00,2.23832,2.23866,2.23815,2.23856,336
2025-07-29 03:50:00,2.23855,2.23866,2.2374,2.23819,445
2025-07-29 03:55:00,2.23818,2.23827,2.23758,2.23767,337
2025-07-29 04:00:00,2.23767,2.23771,2.23724,2.23727,347
2025-07-29 04:05:00,2.23725,2.23726,2.23634,2.23634,347
2025-07-29 04:10:00,2.23633,2.2365,2.23618,2.2364,315
2025-07-29 04:15:00,2.23638,2.23663,2.23606,2.2364100000000002,333
2025-07-29 04:20:00,2.2364100000000002,2.2367,2.23624,2.23625,328
2025-07-29 04:25:00,2.2363,2.23677,2.23625,2.23632,236
2025-07-29 04:30:00,2.23632,2.2366099999999998,2.23597,2.23618,202
2025-07-29 04:35:00,2.23618,2.23676,2.23618,2.23639,339
2025-07-29 04:40:00,2.23639,2.23669,2.23609,2.23629,351
2025-07-29 04:45:00,2.23629,2.23642,2.23591,2.23602,300
2025-07-29 04:50:00,2.23602,2.23611,2.23572,2.23588,429
2025-07-29 04:55:00,2.2359,2.23619,2.23537,2.23616,458
2025-07-29 05:00:00,2.23618,2.23631,2.23516,2.23525,489
2025-07-29 05:05:00,2.23524,2.23551,2.23449,2.23471,393
2025-07-29 05:10:00,2.23471,2.23483,2.2344,2.23448,403
2025-07-29 05:15:00,2.23453,2.23526,2.23435,2.23522,350
2025-07-29 05:20:00,2.23521,2.23557,2.23497,2.23497,275
2025-07-29 05:25:00,2.23498,2.23563,2.23498,2.23535,361
2025-07-29 05:30:00,2.23536,2.23552,2.23506,2.2353899999999998,238
2025-07-29 05:35:00,2.2353899999999998,2.23544,2.23492,2.23494,259
2025-07-29 05:40:00,2.23495,2.23507,2.23446,2.23481,376
2025-07-29 05:45:00,2.23486,2.23494,2.23444,2.23452,270
2025-07-29 05:50:00,2.23454,2.23492,2.23443,2.2347799999999998,231
2025-07-29 05:55:00,2.2347799999999998,2.23504,2.23474,2.23493,273
2025-07-29 06:00:00,2.23501,2.2351900000000002,2.23467,2.23472,302
2025-07-29 06:05:00,2.23472,2.23544,2.23466,2.23528,275
2025-07-29 06:10:00,2.23526,2.23547,2.23491,2.23544,266
2025-07-29 06:15:00,2.23544,2.23566,2.23525,2.23542,245
2025-07-29 06:20:00,2.23542,2.23569,2.23529,2.23538,260
2025-07-29 06:25:00,2.23538,2.23557,2.23532,2.23544,194
2025-07-29 06:30:00,2.23547,2.23611,2.2354,2.23608,341
2025-07-29 06:35:00,2.23608,2.23653,2.23588,2.23605,416
2025-07-29 06:40:00,2.23606,2.23617,2.23555,2.23558,352
2025-07-29 06:45:00,2.23558,2.23576,2.23531,2.23576,328
2025-07-29 06:50:00,2.23574,2.2359,2.2353899999999998,2.23543,313
2025-07-29 06:55:00,2.23542,2.23548,2.23505,2.23524,203
2025-07-29 07:00:00,2.23524,2.23544,2.23506,2.23512,304
2025-07-29 07:05:00,2.23512,2.2353,2.23491,2.23499,278
2025-07-29 07:10:00,2.23503,2.23515,2.23491,2.23511,263
2025-07-29 07:15:00,2.23515,2.23531,2.23491,2.2351,391
2025-07-29 07:20:00,2.23512,2.23518,2.23475,2.23518,292
2025-07-29 07:25:00,2.23518,2.23583,2.23515,2.23579,229
2025-07-29 07:30:00,2.23579,2.23608,2.23567,2.23576,301
2025-07-29 07:35:00,2.23576,2.23588,2.23562,2.23571,239
2025-07-29 07:40:00,2.23571,2.23615,2.23549,2.23615,264
2025-07-29 07:45:00,2.23614,2.23633,2.23549,2.23557,204
2025-07-29 07:50:00,2.23557,2.23597,2.23552,2.23593,264
2025-07-29 07:55:00,2.23593,2.23614,2.23582,2.23606,314
2025-07-29 08:00:00,2.23607,2.23632,2.23561,2.23564,297
2025-07-29 08:05:00,2.23563,2.23573,2.23523,2.23559,211
2025-07-29 08:10:00,2.23556,2.23567,2.235,2.23507,221
2025-07-29 08:15:00,2.23507,2.23554,2.23501,2.2353899999999998,204
2025-07-29 08:20:00,2.2353899999999998,2.23574,2.23516,2.23562,260
2025-07-29 08:25:00,2.23561,2.2358000000000002,2.23514,2.23566,317
2025-07-29 08:30:00,2.23565,2.23608,2.23553,2.23589,282
2025-07-29 08:35:00,2.23589,2.23614,2.2358000000000002,2.23587,218
2025-07-29 08:40:00,2.23587,2.23604,2.23571,2.23585,272
2025-07-29 08:45:00,2.23585,2.23586,2.23518,2.23525,271
2025-07-29 08:50:00,2.23525,2.2356,2.23504,2.23549,245
2025-07-29 08:55:00,2.23554,2.23563,2.23503,2.23544,333
2025-07-29 09:00:00,2.23546,2.23657,2.2351900000000002,2.23615,549
2025-07-29 09:05:00,2.23616,2.23644,2.23558,2.23612,492
2025-07-29 09:10:00,2.23612,2.23648,2.23576,2.23576,542
2025-07-29 09:15:00,2.23576,2.23585,2.23537,2.23581,484
2025-07-29 09:20:00,2.23581,2.2363,2.23557,2.23579,405
2025-07-29 09:25:00,2.2358000000000002,2.23593,2.23501,2.23534,456
2025-07-29 09:30:00,2.23534,2.23546,2.23479,2.23534,551
2025-07-29 09:35:00,2.23535,2.23645,2.23495,2.23589,694
2025-07-29 09:40:00,2.23589,2.23648,2.23574,2.23648,578
2025-07-29 09:45:00,2.23646,2.23659,2.23587,2.23609,498
2025-07-29 09:50:00,2.23609,2.23692,2.23564,2.23674,649
2025-07-29 09:55:00,2.23673,2.23886,2.2367,2.23872,839
2025-07-29 10:00:00,2.23877,2.23976,2.23844,2.23969,733
2025-07-29 10:05:00,2.23974,2.23993,2.23868,2.23935,608
2025-07-29 10:10:00,2.2393,2.24009,2.23916,2.23978,742
2025-07-29 10:15:00,2.2397299999999998,2.23988,2.2391199999999998,2.23951,631
2025-07-29 10:20:00,2.23951,2.2396,2.23905,2.23929,537
2025-07-29 10:25:00,2.2393,2.23954,2.23887,2.23945,527
2025-07-29 10:30:00,2.23944,2.23981,2.23876,2.23877,578
2025-07-29 10:35:00,2.23875,2.23947,2.23835,2.23867,511
2025-07-29 10:40:00,2.23871,2.23914,2.2384,2.23866,468
2025-07-29 10:45:00,2.23866,2.23951,2.23865,2.23919,547
2025-07-29 10:50:00,2.23919,2.24,2.2388,2.23972,458
2025-07-29 10:55:00,2.23972,2.24086,2.23949,2.24076,472
2025-07-29 11:00:00,2.24076,2.2416,2.24074,2.24144,582
2025-07-29 11:05:00,2.24144,2.2416,2.2409499999999998,2.24125,381
2025-07-29 11:10:00,2.24125,2.24126,2.23984,2.23998,537
2025-07-29 11:15:00,2.23998,2.24029,2.2395,2.24,532
2025-07-29 11:20:00,2.24008,2.24036,2.23966,2.2399,461
2025-07-29 11:25:00,2.23984,2.24022,2.23948,2.23977,395
2025-07-29 11:30:00,2.23979,2.23979,2.23893,2.23917,339
2025-07-29 11:35:00,2.23917,2.23941,2.23888,2.23919,342
2025-07-29 11:40:00,2.2392,2.23949,2.2385099999999998,2.23861,412
2025-07-29 11:45:00,2.23865,2.23928,2.23865,2.23883,410
2025-07-29 11:50:00,2.23883,2.2392,2.23846,2.23863,466
2025-07-29 11:55:00,2.23865,2.23876,2.23787,2.2383,463
2025-07-29 12:00:00,2.2383,2.2394,2.23799,2.23927,473
2025-07-29 12:05:00,2.23927,2.2394,2.23875,2.23916,492
2025-07-29 12:10:00,2.23916,2.23956,2.23875,2.23932,468
2025-07-29 12:15:00,2.23939,2.24001,2.2389,2.23965,404
2025-07-29 12:20:00,2.23963,2.24004,2.23916,2.23947,490
2025-07-29 12:25:00,2.23947,2.23981,2.23911,2.2394,435
2025-07-29 12:30:00,2.23943,2.23943,2.23838,2.23844,411
2025-07-29 12:35:00,2.2384,2.23878,2.23796,2.23858,402
2025-07-29 12:40:00,2.23858,2.23995,2.23846,2.23985,415
2025-07-29 12:45:00,2.2398,2.24042,2.23971,2.24031,399
2025-07-29 12:50:00,2.24031,2.24041,2.23985,2.23995,334
2025-07-29 12:55:00,2.23998,2.24069,2.23982,2.24064,378
2025-07-29 13:00:00,2.24064,2.24145,2.24064,2.24119,387
2025-07-29 13:05:00,2.24123,2.24168,2.2407,2.2409499999999998,417
2025-07-29 13:10:00,2.2409499999999998,2.2412900000000002,2.24045,2.24057,473
2025-07-29 13:15:00,2.24057,2.24114,2.24042,2.24111,381
2025-07-29 13:20:00,2.24111,2.24152,2.24102,2.24114,461
2025-07-29 13:25:00,2.24112,2.24159,2.24021,2.24023,453
2025-07-29 13:30:00,2.24023,2.24067,2.23992,2.24053,375
2025-07-29 13:35:00,2.24053,2.24125,2.24053,2.24112,297
2025-07-29 13:40:00,2.24121,2.24157,2.24105,2.24154,302
2025-07-29 13:45:00,2.24154,2.24183,2.24139,2.24147,377
2025-07-29 13:50:00,2.24147,2.24151,2.2408,2.24117,439
2025-07-29 13:55:00,2.24117,2.24152,2.24067,2.24075,444
2025-07-29 14:00:00,2.24075,2.24131,2.24027,2.2407,503
2025-07-29 14:05:00,2.24074,2.24197,2.2406,2.24165,405
2025-07-29 14:10:00,2.24165,2.24192,2.24134,2.24189,305
2025-07-29 14:15:00,2.24189,2.24189,2.24132,2.24157,401
2025-07-29 14:20:00,2.24153,2.24153,2.24088,2.24099,401
2025-07-29 14:25:00,2.24098,2.24127,2.24044,2.24059,369
2025-07-29 14:30:00,2.24054,2.24063,2.2397,2.23977,447
2025-07-29 14:35:00,2.23977,2.24042,2.23967,2.24014,562
2025-07-29 14:40:00,2.24014,2.24083,2.24002,2.24057,651
2025-07-29 14:45:00,2.24055,2.241,2.24027,2.24085,404
2025-07-29 14:50:00,2.24084,2.24131,2.24069,2.24085,510
2025-07-29 14:55:00,2.24087,2.24269,2.24085,2.2425100000000002,741
2025-07-29 15:00:00,2.24253,2.2434,2.24208,2.24235,599
2025-07-29 15:05:00,2.24234,2.24238,2.2415599999999998,2.24232,509
2025-07-29 15:10:00,2.24236,2.24295,2.24215,2.24264,384
2025-07-29 15:15:00,2.24264,2.24296,2.24166,2.24178,519
2025-07-29 15:20:00,2.24176,2.2421699999999998,2.24149,2.24169,575
2025-07-29 15:25:00,2.2417,2.24195,2.24111,2.24169,544
2025-07-29 15:30:00,2.24169,2.24185,2.24077,2.24102,410
2025-07-29 15:35:00,2.24102,2.2412900000000002,2.24042,2.24051,432
2025-07-29 15:40:00,2.24055,2.24072,2.23962,2.2397299999999998,441
2025-07-29 15:45:00,2.2397299999999998,2.24022,2.23971,2.23984,351
2025-07-29 15:50:00,2.23986,2.23988,2.23918,2.23922,461
2025-07-29 15:55:00,2.23923,2.23956,2.23889,2.23892,410
2025-07-29 16:00:00,2.23899,2.2393,2.23845,2.23927,558
2025-07-29 16:05:00,2.23923,2.23961,2.23853,2.2387,483
2025-07-29 16:10:00,2.23867,2.23905,2.23801,2.23894,501
2025-07-29 16:15:00,2.23894,2.23907,2.23847,2.2388,509
2025-07-29 16:20:00,2.2388,2.23937,2.23852,2.23874,561
2025-07-29 16:25:00,2.23874,2.23908,2.23854,2.2388500000000002,454
2025-07-29 16:30:00,2.23888,2.23924,2.23873,2.23918,566
2025-07-29 16:35:00,2.2392,2.23957,2.23838,2.2391199999999998,551
2025-07-29 16:40:00,2.23913,2.23957,2.23843,2.23867,664
2025-07-29 16:45:00,2.23865,2.23872,2.23719,2.23727,607
2025-07-29 16:50:00,2.23731,2.23754,2.23643,2.23752,448
2025-07-29 16:55:00,2.23752,2.23875,2.23724,2.23853,552
2025-07-29 17:00:00,2.23853,2.23974,2.23806,2.23963,712
2025-07-29 17:05:00,2.23962,2.23986,2.23879,2.23935,761
2025-07-29 17:10:00,2.23935,2.24069,2.23917,2.24027,682
2025-07-29 17:15:00,2.24026,2.24072,2.23992,2.24016,671
2025-07-29 17:20:00,2.24016,2.24046,2.23963,2.23984,672
2025-07-29 17:25:00,2.23994,2.23995,2.23899,2.23915,637
2025-07-29 17:30:00,2.23902,2.23932,2.23819,2.23913,695
2025-07-29 17:35:00,2.23913,2.23914,2.23784,2.23794,640
2025-07-29 17:40:00,2.23794,2.23872,2.23719,2.23861,638
2025-07-29 17:45:00,2.23861,2.23871,2.23754,2.23773,640
2025-07-29 17:50:00,2.23775,2.23908,2.23739,2.23891,713
2025-07-29 17:55:00,2.23892,2.24043,2.23869,2.23915,828
2025-07-29 18:00:00,2.2391,2.23993,2.23858,2.23866,712
2025-07-29 18:05:00,2.23866,2.23897,2.23816,2.23867,646
2025-07-29 18:10:00,2.23863,2.23921,2.23856,2.23903,657
2025-07-29 18:15:00,2.23903,2.23932,2.2385,2.23922,584
2025-07-29 18:20:00,2.23922,2.23931,2.23889,2.2393,523
2025-07-29 18:25:00,2.2393,2.23948,2.23871,2.23899,479
2025-07-29 18:30:00,2.239,2.2401,2.23888,2.23992,543
2025-07-29 18:35:00,2.23992,2.24019,2.23917,2.24011,469
2025-07-29 18:40:00,2.24009,2.24061,2.23975,2.24054,519
2025-07-29 18:45:00,2.24053,2.24071,2.23967,2.23979,544
2025-07-29 18:50:00,2.23982,2.24066,2.23955,2.24045,471
2025-07-29 18:55:00,2.24046,2.24057,2.23993,2.24009,508
2025-07-29 19:00:00,2.24009,2.24101,2.23979,2.24088,425
2025-07-29 19:05:00,2.24092,2.24106,2.24045,2.24092,331
2025-07-29 19:10:00,2.24096,2.24119,2.2406800000000002,2.24097,391
2025-07-29 19:15:00,2.24097,2.24097,2.24006,2.24059,438
2025-07-29 19:20:00,2.24059,2.24122,2.2405,2.24109,341
2025-07-29 19:25:00,2.24109,2.24133,2.24081,2.2411,390
2025-07-29 19:30:00,2.24106,2.24132,2.24069,2.2413,373
2025-07-29 19:35:00,2.2413,2.24178,2.24093,2.24108,379
2025-07-29 19:40:00,2.24105,2.24113,2.24046,2.24055,344
2025-07-29 19:45:00,2.24055,2.24057,2.24003,2.24024,363
2025-07-29 19:50:00,2.24027,2.2406800000000002,2.24014,2.2404,329
2025-07-29 19:55:00,2.2404,2.24081,2.24031,2.24039,399
2025-07-29 20:00:00,2.24041,2.24047,2.23952,2.24013,476
2025-07-29 20:05:00,2.24012,2.2402,2.23947,2.2397299999999998,353
2025-07-29 20:10:00,2.23977,2.23983,2.23934,2.23965,369
2025-07-29 20:15:00,2.23965,2.23987,2.23917,2.23938,487
2025-07-29 20:20:00,2.23938,2.23958,2.23898,2.23953,530
2025-07-29 20:25:00,2.23957,2.23972,2.23933,2.2395,429
2025-07-29 20:30:00,2.23939,2.23984,2.23923,2.23942,414
2025-07-29 20:35:00,2.23941,2.23986,2.23905,2.23986,448
2025-07-29 20:40:00,2.2399,2.24025,2.2394600000000002,2.24001,519
2025-07-29 20:45:00,2.24002,2.24017,2.23976,2.23992,361
2025-07-29 20:50:00,2.23995,2.24039,2.23981,2.24015,405
2025-07-29 20:55:00,2.24015,2.24026,2.23985,2.24009,442
2025-07-29 21:00:00,2.24009,2.24017,2.23956,2.23963,361
2025-07-29 21:05:00,2.23967,2.24019,2.23967,2.24012,387
2025-07-29 21:10:00,2.24012,2.24039,2.24003,2.24016,310
2025-07-29 21:15:00,2.24016,2.24032,2.23982,2.23987,289
2025-07-29 21:20:00,2.23987,2.24025,2.23985,2.24005,230
2025-07-29 21:25:00,2.24011,2.24035,2.23999,2.24008,245
2025-07-29 21:30:00,2.24008,2.24052,2.23982,2.24032,264
2025-07-29 21:35:00,2.2403,2.24101,2.24028,2.24061,271
2025-07-29 21:40:00,2.2406,2.24121,2.24057,2.24121,379
2025-07-29 21:45:00,2.24121,2.24135,2.2408,2.24104,256
2025-07-29 21:50:00,2.24108,2.24146,2.24084,2.24135,260
2025-07-29 21:55:00,2.24133,2.2415599999999998,2.24096,2.24123,393
2025-07-29 22:00:00,2.24097,2.24145,2.24075,2.24126,310
2025-07-29 22:05:00,2.24126,2.24134,2.24096,2.24133,282
2025-07-29 22:10:00,2.24133,2.24149,2.24107,2.24126,248
2025-07-29 22:15:00,2.24126,2.24146,2.2407,2.24118,245
2025-07-29 22:20:00,2.2412,2.24154,2.24093,2.24134,287
2025-07-29 22:25:00,2.24136,2.242,2.2412900000000002,2.2417,347
2025-07-29 22:30:00,2.24176,2.24193,2.24138,2.24162,288
2025-07-29 22:35:00,2.24165,2.24192,2.24149,2.24186,300
2025-07-29 22:40:00,2.24182,2.24197,2.24149,2.24188,241
2025-07-29 22:45:00,2.2419000000000002,2.24208,2.24176,2.24197,243
2025-07-29 22:50:00,2.24197,2.2421699999999998,2.24181,2.24193,238
2025-07-29 22:55:00,2.24193,2.24214,2.24171,2.24194,295
2025-07-29 23:00:00,2.24194,2.24222,2.24159,2.24201,258
2025-07-29 23:05:00,2.24201,2.2423,2.2418,2.24193,156
2025-07-29 23:10:00,2.24193,2.2421,2.24158,2.2419000000000002,242
2025-07-29 23:15:00,2.24192,2.2423,2.24175,2.24216,180
2025-07-29 23:20:00,2.24216,2.24246,2.24213,2.24228,141
2025-07-29 23:25:00,2.24228,2.24258,2.24213,2.24231,158
2025-07-29 23:30:00,2.24231,2.24246,2.24198,2.24233,150
2025-07-29 23:35:00,2.24235,2.24236,2.24143,2.24158,148
2025-07-29 23:40:00,2.24158,2.24158,2.23878,2.23884,153
2025-07-29 23:45:00,2.23882,2.23894,2.23855,2.23866,152
2025-07-29 23:50:00,2.23866,2.23887,2.2385099999999998,2.23874,158
2025-07-29 23:55:00,2.23874,2.24144,2.23861,2.2407,230
2025-07-30 00:00:00,2.24109,2.24155,2.2385099999999998,2.24058,30
2025-07-30 00:05:00,2.24056,2.24093,2.23895,2.2392,40
2025-07-30 00:10:00,2.2392,2.2394,2.2392,2.23925,11
2025-07-30 00:15:00,2.23925,2.23925,2.23924,2.23924,6
2025-07-30 00:20:00,2.23924,2.23924,2.23862,2.23867,15
2025-07-30 00:25:00,2.23867,2.2401,2.23867,2.23972,60
2025-07-30 00:30:00,2.23929,2.24043,2.23929,2.24032,79
2025-07-30 00:35:00,2.24032,2.24032,2.23875,2.23875,215
2025-07-30 00:40:00,2.23875,2.24008,2.23875,2.2388,27
2025-07-30 00:45:00,2.24008,2.24035,2.23872,2.24033,67
2025-07-30 00:50:00,2.24033,2.24037,2.23872,2.23923,145
2025-07-30 00:55:00,2.23925,2.23982,2.23869,2.23869,109
2025-07-30 01:00:00,2.23869,2.24128,2.23869,2.24126,184
2025-07-30 01:05:00,2.24127,2.2416,2.2412,2.24141,50
2025-07-30 01:10:00,2.24141,2.24167,2.2412,2.24167,58
2025-07-30 01:15:00,2.24167,2.2417,2.24136,2.24157,75
2025-07-30 01:20:00,2.24157,2.24199,2.24155,2.24191,48
2025-07-30 01:25:00,2.24191,2.24192,2.24166,2.24177,58
2025-07-30 01:30:00,2.24177,2.24204,2.24177,2.24182,101
2025-07-30 01:35:00,2.24182,2.24218,2.24182,2.24207,84
2025-07-30 01:40:00,2.24209,2.24223,2.24198,2.24216,114
2025-07-30 01:45:00,2.2421699999999998,2.24254,2.24204,2.24231,133
2025-07-30 01:50:00,2.24231,2.2425100000000002,2.24214,2.24221,146
2025-07-30 01:55:00,2.24219,2.24252,2.24219,2.24252,95
2025-07-30 02:00:00,2.2425,2.24255,2.24197,2.24198,130
2025-07-30 02:05:00,2.24198,2.24214,2.24173,2.24197,121
2025-07-30 02:10:00,2.24197,2.24233,2.24196,2.24231,151
2025-07-30 02:15:00,2.24231,2.24252,2.24229,2.24229,84
2025-07-30 02:20:00,2.24229,2.24237,2.24209,2.24211,70
2025-07-30 02:25:00,2.24211,2.24228,2.24204,2.24223,86
2025-07-30 02:30:00,2.24218,2.24236,2.24192,2.24209,153
2025-07-30 02:35:00,2.24209,2.24215,2.24201,2.24211,33
2025-07-30 02:40:00,2.24211,2.24231,2.24209,2.24213,66
2025-07-30 02:45:00,2.24214,2.24266,2.24208,2.24266,83
2025-07-30 02:50:00,2.24264,2.24266,2.24235,2.24247,91
2025-07-30 02:55:00,2.2425,2.24289,2.24195,2.24205,199
2025-07-30 03:00:00,2.24198,2.24198,2.24074,2.2409,555
2025-07-30 03:05:00,2.2409,2.24138,2.24081,2.24107,346
2025-07-30 03:10:00,2.24107,2.24173,2.24091,2.24152,357
2025-07-30 03:15:00,2.24152,2.24181,2.24114,2.2412900000000002,320
2025-07-30 03:20:00,2.2412900000000002,2.24158,2.2411,2.24121,288
2025-07-30 03:25:00,2.24121,2.24139,2.24053,2.24076,306
2025-07-30 03:30:00,2.24076,2.24111,2.24001,2.24001,432
2025-07-30 03:35:00,2.24004,2.24069,2.23994,2.2403,292
2025-07-30 03:40:00,2.2403,2.2404,2.23986,2.24001,317
2025-07-30 03:45:00,2.23996,2.24015,2.23939,2.2397,319
2025-07-30 03:50:00,2.23967,2.24001,2.23932,2.2398,423
2025-07-30 03:55:00,2.23977,2.2398,2.23928,2.23951,484
2025-07-30 04:00:00,2.23951,2.23951,2.23865,2.23938,515
2025-07-30 04:05:00,2.23933,2.23948,2.23907,2.2391199999999998,425
2025-07-30 04:10:00,2.23913,2.23952,2.23884,2.23891,403
2025-07-30 04:15:00,2.23891,2.23957,2.23839,2.23905,382
2025-07-30 04:20:00,2.23906,2.23929,2.23888,2.23918,500
2025-07-30 04:25:00,2.23918,2.23996,2.23898,2.23931,343
2025-07-30 04:30:00,2.23905,2.24127,2.239,2.2397,716
2025-07-30 04:35:00,2.2397,2.24006,2.23866,2.23921,468
2025-07-30 04:40:00,2.23921,2.23931,2.2384,2.2388,474
2025-07-30 04:45:00,2.2388,2.23937,2.23813,2.23816,505
2025-07-30 04:50:00,2.23816,2.23888,2.23804,2.23837,476
2025-07-30 04:55:00,2.23837,2.23902,2.23806,2.23871,455
2025-07-30 05:00:00,2.23867,2.23899,2.23828,2.23828,481
2025-07-30 05:05:00,2.23828,2.23876,2.23806,2.23844,402
2025-07-30 05:10:00,2.23835,2.23882,2.23827,2.23874,369
2025-07-30 05:15:00,2.23874,2.23874,2.23821,2.23869,300
2025-07-30 05:20:00,2.23869,2.23905,2.23844,2.23854,308
2025-07-30 05:25:00,2.23854,2.23925,2.23845,2.23905,248
2025-07-30 05:30:00,2.23909,2.23945,2.23903,2.23919,344
2025-07-30 05:35:00,2.23919,2.23929,2.23836,2.23887,271
2025-07-30 05:40:00,2.23887,2.23893,2.23842,2.2388500000000002,380
2025-07-30 05:45:00,2.23886,2.23913,2.23853,2.2387,273
2025-07-30 05:50:00,2.23868,2.23903,2.23861,2.23886,257
2025-07-30 05:55:00,2.23888,2.23888,2.2382,2.23858,323
2025-07-30 06:00:00,2.23846,2.23872,2.23822,2.23861,429
2025-07-30 06:05:00,2.23861,2.23873,2.23818,2.23838,305
2025-07-30 06:10:00,2.23836,2.23868,2.23828,2.23849,288
2025-07-30 06:15:00,2.23849,2.23865,2.23816,2.23844,287
2025-07-30 06:20:00,2.23842,2.23873,2.23792,2.23804,343
2025-07-30 06:25:00,2.23804,2.23832,2.23768,2.23811,373
2025-07-30 06:30:00,2.23813,2.23867,2.23799,2.23852,326
2025-07-30 06:35:00,2.23855,2.23874,2.2383,2.23833,345
2025-07-30 06:40:00,2.23833,2.23855,2.23826,2.23841,347
2025-07-30 06:45:00,2.23843,2.23871,2.23835,2.23858,247
2025-07-30 06:50:00,2.23862,2.23945,2.23839,2.23932,323
2025-07-30 06:55:00,2.23934,2.23945,2.23879,2.23879,248
2025-07-30 07:00:00,2.23879,2.23901,2.23843,2.23901,401
2025-07-30 07:05:00,2.23901,2.23929,2.23859,2.23894,323
2025-07-30 07:10:00,2.23896,2.23896,2.23833,2.23877,489
2025-07-30 07:15:00,2.23881,2.23908,2.23862,2.23899,328
2025-07-30 07:20:00,2.23901,2.23919,2.2388,2.23882,321
2025-07-30 07:25:00,2.23884,2.23894,2.23859,2.2387,238
2025-07-30 07:30:00,2.23871,2.23877,2.23825,2.23835,407
2025-07-30 07:35:00,2.23837,2.23872,2.23831,2.23866,385
2025-07-30 07:40:00,2.23866,2.23893,2.23865,2.23882,274
2025-07-30 07:45:00,2.23881,2.23894,2.23864,2.23881,247
2025-07-30 07:50:00,2.2388500000000002,2.23925,2.23874,2.23914,297
2025-07-30 07:55:00,2.23916,2.23936,2.23908,2.23913,312
2025-07-30 08:00:00,2.23917,2.23945,2.239,2.23945,361
2025-07-30 08:05:00,2.23945,2.2396,2.2389,2.23893,219
2025-07-30 08:10:00,2.23897,2.23948,2.23891,2.23921,228
2025-07-30 08:15:00,2.23921,2.23936,2.23905,2.23905,221
2025-07-30 08:20:00,2.23907,2.2391199999999998,2.23832,2.23845,373
2025-07-30 08:25:00,2.23845,2.23857,2.23791,2.23816,272
2025-07-30 08:30:00,2.23816,2.2383,2.23759,2.2381,368
2025-07-30 08:35:00,2.2381,2.23817,2.23785,2.23814,280
2025-07-30 08:40:00,2.23819,2.23827,2.23755,2.23795,272
2025-07-30 08:45:00,2.23795,2.23829,2.23778,2.23802,340
2025-07-30 08:50:00,2.23813,2.23829,2.23791,2.23799,263
2025-07-30 08:55:00,2.238,2.23878,2.23786,2.23847,323
2025-07-30 09:00:00,2.23847,2.23934,2.23847,2.23898,547
2025-07-30 09:05:00,2.23905,2.23938,2.23859,2.23907,502
2025-07-30 09:10:00,2.23907,2.23948,2.23869,2.23904,424
2025-07-30 09:15:00,2.23904,2.23942,2.23887,2.23938,275
2025-07-30 09:20:00,2.23938,2.23974,2.23866,2.23889,400
2025-07-30 09:25:00,2.23889,2.23925,2.23861,2.2391,400
2025-07-30 09:30:00,2.2391,2.23975,2.23891,2.23927,469
2025-07-30 09:35:00,2.23927,2.23959,2.23917,2.23933,352
2025-07-30 09:40:00,2.23933,2.24003,2.23904,2.23989,362
2025-07-30 09:45:00,2.23989,2.24043,2.23968,2.2404,386
2025-07-30 09:50:00,2.2404,2.24059,2.24012,2.2403,473
2025-07-30 09:55:00,2.2403,2.24104,2.24018,2.24097,470
2025-07-30 10:00:00,2.24097,2.24131,2.24015,2.24079,562
2025-07-30 10:05:00,2.24079,2.24082,2.23963,2.24002,474
2025-07-30 10:10:00,2.24001,2.24093,2.23989,2.24087,472
2025-07-30 10:15:00,2.24087,2.24173,2.24041,2.24162,488
2025-07-30 10:20:00,2.24162,2.24248,2.2415599999999998,2.24221,485
2025-07-30 10:25:00,2.24221,2.24286,2.24216,2.24232,461
2025-07-30 10:30:00,2.24232,2.24235,2.2417,2.24176,453
2025-07-30 10:35:00,2.24176,2.24268,2.24172,2.24228,449
2025-07-30 10:40:00,2.24228,2.2428,2.24224,2.24253,405
2025-07-30 10:45:00,2.24252,2.24286,2.24232,2.24269,363
2025-07-30 10:50:00,2.24259,2.24262,2.242,2.24204,329
2025-07-30 10:55:00,2.24206,2.24254,2.24182,2.2425,316
2025-07-30 11:00:00,2.2425,2.24258,2.24172,2.24191,394
2025-07-30 11:05:00,2.24191,2.24283,2.2418,2.24279,409
2025-07-30 11:10:00,2.24275,2.24316,2.24252,2.24282,386
2025-07-30 11:15:00,2.24283,2.24372,2.24283,2.24366,432
2025-07-30 11:20:00,2.24366,2.24426,2.24344,2.24346,459
2025-07-30 11:25:00,2.24344,2.24377,2.24331,2.24357,451
2025-07-30 11:30:00,2.24355,2.24393,2.24335,2.24367,414
2025-07-30 11:35:00,2.24367,2.24382,2.24332,2.24347,290
2025-07-30 11:40:00,2.24347,2.24355,2.24263,2.24289,324
2025-07-30 11:45:00,2.24287,2.24315,2.24267,2.24273,271
2025-07-30 11:50:00,2.24273,2.24299,2.24254,2.24269,338
2025-07-30 11:55:00,2.24268,2.24345,2.24259,2.24324,285
2025-07-30 12:00:00,2.24324,2.24389,2.24288,2.24389,312
2025-07-30 12:05:00,2.24389,2.24412,2.24362,2.24393,395
2025-07-30 12:10:00,2.2439,2.24463,2.2438,2.24405,333
2025-07-30 12:15:00,2.24405,2.24459,2.2437,2.24429,353
2025-07-30 12:20:00,2.24431,2.24485,2.24425,2.24458,369
2025-07-30 12:25:00,2.24458,2.2452199999999998,2.24457,2.24497,475
2025-07-30 12:30:00,2.24497,2.24555,2.24488,2.24552,452
2025-07-30 12:35:00,2.24552,2.24567,2.245,2.24509,339
2025-07-30 12:40:00,2.24508,2.24532,2.24483,2.24491,383
2025-07-30 12:45:00,2.24491,2.2454,2.24485,2.24503,444
2025-07-30 12:50:00,2.24501,2.24524,2.24456,2.24518,416
2025-07-30 12:55:00,2.24518,2.24608,2.245,2.24608,455
2025-07-30 13:00:00,2.24607,2.24642,2.24572,2.24635,483
2025-07-30 13:05:00,2.2464,2.24714,2.24636,2.2469,450
2025-07-30 13:10:00,2.2469,2.2474600000000002,2.24642,2.24731,441
2025-07-30 13:15:00,2.24731,2.2475,2.2469,2.24696,340
2025-07-30 13:20:00,2.24694,2.24711,2.24656,2.24711,376
2025-07-30 13:25:00,2.24708,2.24721,2.24648,2.24654,449
2025-07-30 13:30:00,2.24654,2.24661,2.24594,2.24657,424
2025-07-30 13:35:00,2.24657,2.24686,2.24638,2.2464399999999998,469
2025-07-30 13:40:00,2.2464399999999998,2.24659,2.24546,2.24569,534
2025-07-30 13:45:00,2.24569,2.24595,2.24536,2.24586,365
2025-07-30 13:50:00,2.24584,2.24604,2.24568,2.24598,258
2025-07-30 13:55:00,2.246,2.24629,2.24587,2.24617,405
2025-07-30 14:00:00,2.24616,2.24672,2.24601,2.24609,381
2025-07-30 14:05:00,2.2461,2.2463,2.24547,2.24564,343
2025-07-30 14:10:00,2.24564,2.24592,2.24508,2.24567,388
2025-07-30 14:15:00,2.24569,2.2459,2.24541,2.24586,275
2025-07-30 14:20:00,2.24585,2.24618,2.24548,2.24611,306
2025-07-30 14:25:00,2.24612,2.24632,2.24592,2.24599,264
2025-07-30 14:30:00,2.24601,2.2469,2.24601,2.2467,305
2025-07-30 14:35:00,2.24672,2.24691,2.24637,2.24691,332
2025-07-30 14:40:00,2.24691,2.24728,2.24663,2.24692,343
2025-07-30 14:45:00,2.24692,2.24744,2.24687,2.24709,294
2025-07-30 14:50:00,2.24713,2.24787,2.24707,2.24777,334
2025-07-30 14:55:00,2.24779,2.24904,2.24752,2.24871,483
2025-07-30 15:00:00,2.24871,2.24995,2.2485,2.24955,468
2025-07-30 15:05:00,2.24955,2.2496,2.2483,2.24859,384
2025-07-30 15:10:00,2.24857,2.24895,2.24825,2.24839,459
2025-07-30 15:15:00,2.24839,2.24917,2.24785,2.24796,635
2025-07-30 15:20:00,2.24796,2.24847,2.24769,2.24836,551
2025-07-30 15:25:00,2.24839,2.24861,2.24776,2.24777,578
2025-07-30 15:30:00,2.24776,2.2482699999999998,2.24659,2.2474600000000002,724
2025-07-30 15:35:00,2.24747,2.24778,2.24538,2.24553,769
2025-07-30 15:40:00,2.24553,2.24587,2.24475,2.24501,632
2025-07-30 15:45:00,2.24503,2.24568,2.24467,2.24509,647
2025-07-30 15:50:00,2.24508,2.24662,2.24508,2.24629,777
2025-07-30 15:55:00,2.24631,2.24673,2.24535,2.24547,716
2025-07-30 16:00:00,2.24546,2.24622,2.24504,2.24577,730
2025-07-30 16:05:00,2.24579,2.24662,2.24563,2.24652,598
2025-07-30 16:10:00,2.24652,2.24655,2.24541,2.2456,649
2025-07-30 16:15:00,2.2456,2.24601,2.24512,2.2455,586
2025-07-30 16:20:00,2.2455,2.24634,2.24549,2.246,621
2025-07-30 16:25:00,2.24604,2.24684,2.24602,2.24637,548
2025-07-30 16:30:00,2.24637,2.24654,2.24516,2.24559,621
2025-07-30 16:35:00,2.24559,2.24584,2.24493,2.24507,653
2025-07-30 16:40:00,2.24507,2.24543,2.24468,2.24535,508
2025-07-30 16:45:00,2.24535,2.24664,2.24472,2.24649,612
2025-07-30 16:50:00,2.24649,2.24669,2.24592,2.24604,639
2025-07-30 16:55:00,2.24604,2.24607,2.24433,2.24521,691
2025-07-30 17:00:00,2.24521,2.2455600000000002,2.24463,2.24529,636
2025-07-30 17:05:00,2.24525,2.24579,2.24507,2.2457,600
2025-07-30 17:10:00,2.24569,2.24586,2.24474,2.24479,635
2025-07-30 17:15:00,2.24481,2.24601,2.24472,2.2458299999999998,538
2025-07-30 17:20:00,2.24585,2.24599,2.24534,2.24569,466
2025-07-30 17:25:00,2.24569,2.24602,2.24472,2.24588,534
2025-07-30 17:30:00,2.24588,2.24639,2.24538,2.24588,509
2025-07-30 17:35:00,2.24586,2.24617,2.24567,2.24596,470
2025-07-30 17:40:00,2.24596,2.2465,2.2457,2.24589,507
2025-07-30 17:45:00,2.24589,2.24608,2.24491,2.24532,507
2025-07-30 17:50:00,2.24532,2.24585,2.24524,2.24545,629
2025-07-30 17:55:00,2.24543,2.24582,2.24473,2.24496,593
2025-07-30 18:00:00,2.24496,2.24549,2.24457,2.24549,586
2025-07-30 18:05:00,2.24549,2.24599,2.24528,2.24591,542
2025-07-30 18:10:00,2.24591,2.24611,2.24508,2.24552,447
2025-07-30 18:15:00,2.24552,2.24616,2.24545,2.2461,458
2025-07-30 18:20:00,2.2461,2.24614,2.24533,2.24557,466
2025-07-30 18:25:00,2.24557,2.24602,2.24551,2.24594,352
2025-07-30 18:30:00,2.24593,2.2462,2.24554,2.24594,383
2025-07-30 18:35:00,2.24593,2.24619,2.2458299999999998,2.24588,370
2025-07-30 18:40:00,2.24592,2.24596,2.24517,2.24565,391
2025-07-30 18:45:00,2.24565,2.24571,2.24539,2.24553,383
2025-07-30 18:50:00,2.24551,2.24567,2.24502,2.24562,363
2025-07-30 18:55:00,2.24561,2.2458,2.24511,2.24512,401
2025-07-30 19:00:00,2.24518,2.24521,2.24437,2.24443,421
2025-07-30 19:05:00,2.24445,2.24526,2.24425,2.24502,328
2025-07-30 19:10:00,2.24499,2.24529,2.24482,2.24492,311
2025-07-30 19:15:00,2.2449500000000002,2.24515,2.24417,2.24431,375
2025-07-30 19:20:00,2.24428,2.24432,2.24376,2.24427,368
2025-07-30 19:25:00,2.24427,2.24448,2.24396,2.2444,418
2025-07-30 19:30:00,2.24441,2.24465,2.24399,2.24436,310
2025-07-30 19:35:00,2.24438,2.24467,2.24407,2.24444,227
2025-07-30 19:40:00,2.24447,2.24486,2.24433,2.24447,253
2025-07-30 19:45:00,2.24442,2.2451,2.2444,2.24488,276
2025-07-30 19:50:00,2.24488,2.24528,2.24435,2.24453,307
2025-07-30 19:55:00,2.24457,2.24489,2.24431,2.24485,309
2025-07-30 20:00:00,2.24486,2.24489,2.24399,2.24419,405
2025-07-30 20:05:00,2.24421,2.24467,2.2439,2.24467,349
2025-07-30 20:10:00,2.24467,2.24475,2.24437,2.2446,311
2025-07-30 20:15:00,2.2446,2.24487,2.24448,2.24485,294
2025-07-30 20:20:00,2.24487,2.24514,2.24444,2.24491,298
2025-07-30 20:25:00,2.24493,2.24511,2.24425,2.24442,302
2025-07-30 20:30:00,2.24432,2.24448,2.24381,2.24405,318
2025-07-30 20:35:00,2.24405,2.24405,2.24347,2.24374,296
2025-07-30 20:40:00,2.24378,2.24421,2.24341,2.2437,356
2025-07-30 20:45:00,2.2437,2.24375,2.24313,2.24358,280
2025-07-30 20:50:00,2.24357,2.2437300000000002,2.24289,2.24325,409
2025-07-30 20:55:00,2.24324,2.24421,2.24181,2.2419000000000002,396
2025-07-30 21:00:00,2.2423,2.24498,2.2412,2.24301,825
2025-07-30 21:05:00,2.24327,2.24498,2.2431,2.2448,951
2025-07-30 21:10:00,2.2448,2.24521,2.24416,2.24484,884
2025-07-30 21:15:00,2.24487,2.24557,2.24451,2.24501,670
2025-07-30 21:20:00,2.24499,2.24534,2.24478,2.24532,638
2025-07-30 21:25:00,2.24535,2.24557,2.24499,2.24549,618
2025-07-30 21:30:00,2.24543,2.24581,2.24446,2.2454,800
2025-07-30 21:35:00,2.2454,2.24609,2.24463,2.24605,1188
2025-07-30 21:40:00,2.246,2.24615,2.2452199999999998,2.24548,1047
2025-07-30 21:45:00,2.24548,2.24655,2.24472,2.24655,992
2025-07-30 21:50:00,2.24651,2.24675,2.24559,2.24581,1046
2025-07-30 21:55:00,2.2458299999999998,2.24695,2.24534,2.24623,915
2025-07-30 22:00:00,2.24622,2.24624,2.24506,2.24574,903
2025-07-30 22:05:00,2.24579,2.24744,2.24566,2.24708,873
2025-07-30 22:10:00,2.24704,2.24748,2.24647,2.2470499999999998,884
2025-07-30 22:15:00,2.2470499999999998,2.24712,2.246,2.24605,696
2025-07-30 22:20:00,2.24609,2.24677,2.24574,2.24598,681
2025-07-30 22:25:00,2.24598,2.24599,2.24488,2.24517,573
2025-07-30 22:30:00,2.24518,2.24579,2.24508,2.24576,688
2025-07-30 22:35:00,2.24571,2.24691,2.24555,2.24657,602
2025-07-30 22:40:00,2.24655,2.24728,2.24642,2.24701,625
2025-07-30 22:45:00,2.24697,2.24734,2.24659,2.24692,509
2025-07-30 22:50:00,2.24694,2.24741,2.24645,2.24731,554
2025-07-30 22:55:00,2.24731,2.24769,2.24703,2.24721,483
2025-07-30 23:00:00,2.24719,2.24741,2.24662,2.24697,398
2025-07-30 23:05:00,2.24697,2.24723,2.24637,2.24679,344
2025-07-30 23:10:00,2.24677,2.24697,2.24625,2.24679,340
2025-07-30 23:15:00,2.24679,2.24689,2.24601,2.24603,310
2025-07-30 23:20:00,2.24603,2.24626,2.24573,2.24598,352
2025-07-30 23:25:00,2.24602,2.24648,2.24593,2.24639,417
2025-07-30 23:30:00,2.24643,2.24656,2.24462,2.24464,472
2025-07-30 23:35:00,2.24464,2.24523,2.24404,2.24408,331
2025-07-30 23:40:00,2.24412,2.24412,2.2414,2.24182,291
2025-07-30 23:45:00,2.2419000000000002,2.24222,2.24178,2.2422,306
2025-07-30 23:50:00,2.2422,2.24255,2.24206,2.2424,354
2025-07-30 23:55:00,2.2424,2.24475,2.24199,2.24432,491
2025-07-31 00:00:00,2.24455,2.24459,2.24341,2.24371,16
2025-07-31 00:05:00,2.24261,2.24281,2.24232,2.24247,16
2025-07-31 00:10:00,2.24247,2.24247,2.24182,2.24182,7
2025-07-31 00:15:00,2.24182,2.24182,2.2418,2.2418,6
2025-07-31 00:20:00,2.2413,2.24147,2.24123,2.24145,11
2025-07-31 00:25:00,2.24145,2.24199,2.24053,2.2418,63
2025-07-31 00:30:00,2.24184,2.24227,2.24153,2.24225,54
2025-07-31 00:35:00,2.24225,2.2427799999999998,2.24225,2.24255,86
2025-07-31 00:40:00,2.24259,2.24391,2.24209,2.24376,269
2025-07-31 00:45:00,2.24375,2.24412,2.24234,2.2425100000000002,138
2025-07-31 00:50:00,2.2425100000000002,2.24267,2.24236,2.24248,140
2025-07-31 00:55:00,2.24259,2.24291,2.2424,2.24253,66
2025-07-31 01:00:00,2.24268,2.24499,2.24268,2.24399,175
2025-07-31 01:05:00,2.24399,2.24472,2.24396,2.24465,94
2025-07-31 01:10:00,2.24469,2.2449500000000002,2.24439,2.2444,170
2025-07-31 01:15:00,2.24441,2.24446,2.24403,2.24438,102
2025-07-31 01:20:00,2.24438,2.24481,2.24417,2.24481,144
2025-07-31 01:25:00,2.24481,2.24484,2.2445,2.24472,83
2025-07-31 01:30:00,2.24474,2.24489,2.24449,2.24454,103
2025-07-31 01:35:00,2.24454,2.24494,2.24454,2.24488,109
2025-07-31 01:40:00,2.24493,2.24498,2.2443,2.24439,178
2025-07-31 01:45:00,2.24438,2.24448,2.2439999999999998,2.24444,126
2025-07-31 01:50:00,2.24445,2.24445,2.2437,2.24384,96
2025-07-31 01:55:00,2.24384,2.24407,2.24374,2.24396,105
2025-07-31 02:00:00,2.24397,2.24427,2.24368,2.24386,231
2025-07-31 02:05:00,2.24382,2.24423,2.24376,2.24399,164
2025-07-31 02:10:00,2.24397,2.24433,2.24397,2.24412,122
2025-07-31 02:15:00,2.24408,2.24445,2.24406,2.24415,134
2025-07-31 02:20:00,2.24414,2.2443,2.24397,2.24397,107
2025-07-31 02:25:00,2.24398,2.24419,2.24378,2.24398,134
2025-07-31 02:30:00,2.24399,2.2442,2.24387,2.24392,98
2025-07-31 02:35:00,2.24391,2.24402,2.24365,2.24387,108
2025-07-31 02:40:00,2.24387,2.24392,2.24349,2.24386,156
2025-07-31 02:45:00,2.24376,2.24393,2.24344,2.24354,194
2025-07-31 02:50:00,2.24355,2.24395,2.24326,2.24395,216
2025-07-31 02:55:00,2.24365,2.24392,2.24325,2.2433899999999998,223
2025-07-31 03:00:00,2.24346,2.2437300000000002,2.24204,2.24205,596
2025-07-31 03:05:00,2.24205,2.24268,2.24187,2.24192,296
2025-07-31 03:10:00,2.24199,2.24233,2.24178,2.24213,435
2025-07-31 03:15:00,2.24213,2.24265,2.2421,2.24243,378
2025-07-31 03:20:00,2.24243,2.24257,2.242,2.24222,321
2025-07-31 03:25:00,2.24222,2.24272,2.24205,2.2425,411
2025-07-31 03:30:00,2.2425,2.24351,2.24235,2.24346,305
2025-07-31 03:35:00,2.24346,2.24362,2.24285,2.24318,331
2025-07-31 03:40:00,2.24318,2.24347,2.24292,2.24307,354
2025-07-31 03:45:00,2.24308,2.24355,2.24301,2.24323,308
2025-07-31 03:50:00,2.24315,2.24353,2.24298,2.24353,422
2025-07-31 03:55:00,2.24354,2.24436,2.24315,2.24325,481
2025-07-31 04:00:00,2.24326,2.24414,2.24267,2.24406,492
2025-07-31 04:05:00,2.2441,2.24488,2.24403,2.24417,451
2025-07-31 04:10:00,2.24427,2.24467,2.24397,2.24424,350
2025-07-31 04:15:00,2.24424,2.2448,2.24386,2.24408,522
2025-07-31 04:20:00,2.24412,2.2445,2.24329,2.24336,436
2025-07-31 04:25:00,2.24336,2.24457,2.24329,2.24448,378
2025-07-31 04:30:00,2.2446099999999998,2.2446099999999998,2.24352,2.24436,560
2025-07-31 04:35:00,2.2444,2.24462,2.24401,2.24401,496
2025-07-31 04:40:00,2.24403,2.24529,2.24385,2.24453,500
2025-07-31 04:45:00,2.24455,2.24555,2.24455,2.24525,507
2025-07-31 04:50:00,2.24525,2.24553,2.24431,2.24455,468
2025-07-31 04:55:00,2.24455,2.24483,2.2438,2.24397,621
2025-07-31 05:00:00,2.24395,2.24442,2.24275,2.2431,539
2025-07-31 05:05:00,2.2431,2.2439999999999998,2.24242,2.24265,459
2025-07-31 05:10:00,2.24265,2.24283,2.24229,2.24256,398
2025-07-31 05:15:00,2.24255,2.24315,2.24247,2.24253,379
2025-07-31 05:20:00,2.24254,2.24338,2.24246,2.243,372
2025-07-31 05:25:00,2.24299,2.24352,2.24281,2.24348,468
2025-07-31 05:30:00,2.24344,2.2437300000000002,2.24304,2.24322,409
2025-07-31 05:35:00,2.24323,2.24338,2.24283,2.24307,277
2025-07-31 05:40:00,2.24307,2.24356,2.24256,2.24258,381
2025-07-31 05:45:00,2.2426,2.24261,2.24184,2.2419000000000002,315
2025-07-31 05:50:00,2.24179,2.24234,2.24157,2.24211,350
2025-07-31 05:55:00,2.24214,2.24215,2.24157,2.24185,508
2025-07-31 06:00:00,2.24173,2.24191,2.24136,2.24161,447
2025-07-31 06:05:00,2.24161,2.24169,2.24119,2.24155,382
2025-07-31 06:10:00,2.24155,2.2418,2.2414,2.24145,239
2025-07-31 06:15:00,2.24145,2.24198,2.24133,2.24191,279
2025-07-31 06:20:00,2.24191,2.2421,2.24168,2.2417,287
2025-07-31 06:25:00,2.2417,2.24188,2.24051,2.24076,363
2025-07-31 06:30:00,2.24076,2.24112,2.24048,2.24097,375
2025-07-31 06:35:00,2.24097,2.24118,2.2406800000000002,2.24069,361
2025-07-31 06:40:00,2.24073,2.24102,2.24041,2.24096,351
2025-07-31 06:45:00,2.24096,2.2412900000000002,2.24088,2.24104,313
2025-07-31 06:50:00,2.24108,2.24133,2.24097,2.24118,310
2025-07-31 06:55:00,2.24118,2.2416,2.241,2.24105,225
2025-07-31 07:00:00,2.24105,2.24116,2.24071,2.24079,291
2025-07-31 07:05:00,2.24083,2.24107,2.24036,2.24069,366
2025-07-31 07:10:00,2.24067,2.24128,2.24042,2.24111,369
2025-07-31 07:15:00,2.24112,2.2413,2.24087,2.24091,271
2025-07-31 07:20:00,2.24089,2.24124,2.2405,2.2412,264
2025-07-31 07:25:00,2.24119,2.24168,2.24109,2.24158,213
2025-07-31 07:30:00,2.24158,2.24169,2.24021,2.24044,434
2025-07-31 07:35:00,2.24039,2.24063,2.23989,2.23997,302
2025-07-31 07:40:00,2.23997,2.24011,2.23943,2.23951,317
2025-07-31 07:45:00,2.23951,2.23976,2.23941,2.23957,225
2025-07-31 07:50:00,2.23957,2.24043,2.23943,2.24019,336
2025-07-31 07:55:00,2.24017,2.24021,2.23859,2.23869,431
2025-07-31 08:00:00,2.23878,2.23944,2.23813,2.23937,410
2025-07-31 08:05:00,2.23937,2.2401,2.23934,2.23992,252
2025-07-31 08:10:00,2.23985,2.24004,2.23962,2.23971,311
2025-07-31 08:15:00,2.23971,2.23983,2.2389,2.2398,375
2025-07-31 08:20:00,2.2398,2.23981,2.23878,2.23938,407
2025-07-31 08:25:00,2.23939,2.23983,2.23909,2.23968,369
2025-07-31 08:30:00,2.23967,2.2397,2.23909,2.23944,328
2025-07-31 08:35:00,2.23944,2.23958,2.23866,2.23868,294
2025-07-31 08:40:00,2.23866,2.23875,2.23798,2.23816,323
2025-07-31 08:45:00,2.23816,2.23868,2.23795,2.23822,391
2025-07-31 08:50:00,2.2382,2.2382400000000002,2.2375,2.23773,348
2025-07-31 08:55:00,2.23773,2.23792,2.23669,2.23673,374
2025-07-31 09:00:00,2.23672,2.23696,2.23629,2.23673,471
2025-07-31 09:05:00,2.23671,2.23799,2.23671,2.23769,402
2025-07-31 09:10:00,2.23767,2.23775,2.23646,2.23646,408
2025-07-31 09:15:00,2.23646,2.23705,2.23613,2.23674,438
2025-07-31 09:20:00,2.23674,2.23703,2.23608,2.23671,472
2025-07-31 09:25:00,2.23669,2.23672,2.23588,2.23597,425
2025-07-31 09:30:00,2.23595,2.23718,2.23595,2.23718,460
2025-07-31 09:35:00,2.23716,2.23742,2.23678,2.23732,582
2025-07-31 09:40:00,2.23736,2.23809,2.23716,2.23791,474
2025-07-31 09:45:00,2.23792,2.23827,2.23749,2.23767,618
2025-07-31 09:50:00,2.23767,2.23871,2.23762,2.23858,487
2025-07-31 09:55:00,2.23855,2.23877,2.23769,2.2382,668
2025-07-31 10:00:00,2.23816,2.2385099999999998,2.2375,2.23795,626
2025-07-31 10:05:00,2.23793,2.23882,2.23786,2.23882,524
2025-07-31 10:10:00,2.23882,2.23942,2.23845,2.23938,532
2025-07-31 10:15:00,2.2394,2.23958,2.23905,2.23914,487
2025-07-31 10:20:00,2.23916,2.2392,2.23832,2.23866,511
2025-07-31 10:25:00,2.23868,2.23879,2.23758,2.23813,553
2025-07-31 10:30:00,2.23818,2.23849,2.23788,2.23794,522
2025-07-31 10:35:00,2.23794,2.2385099999999998,2.23764,2.23825,505
2025-07-31 10:40:00,2.23825,2.23866,2.23807,2.23843,460
2025-07-31 10:45:00,2.23841,2.23894,2.23805,2.2389,656
2025-07-31 10:50:00,2.23892,2.23928,2.2385099999999998,2.23892,436
2025-07-31 10:55:00,2.23896,2.23928,2.23849,2.23896,628
2025-07-31 11:00:00,2.23896,2.23981,2.23896,2.23976,560
2025-07-31 11:05:00,2.23976,2.23983,2.23929,2.23972,540
2025-07-31 11:10:00,2.2397,2.24049,2.2397,2.24013,499
2025-07-31 11:15:00,2.24011,2.24057,2.23991,2.2401,384
2025-07-31 11:20:00,2.2401,2.24055,2.24004,2.2404,413
2025-07-31 11:25:00,2.2404,2.24043,2.23968,2.24025,524
2025-07-31 11:30:00,2.24029,2.24042,2.23949,2.23959,496
2025-07-31 11:35:00,2.23959,2.24006,2.23942,2.23969,473
2025-07-31 11:40:00,2.2397,2.2397299999999998,2.23923,2.23957,383
2025-07-31 11:45:00,2.23957,2.24032,2.23947,2.2400700000000002,454
2025-07-31 11:50:00,2.24011,2.24086,2.2401,2.24048,488
2025-07-31 11:55:00,2.24047,2.24053,2.23982,2.24021,461
2025-07-31 12:00:00,2.24021,2.24122,2.23999,2.24111,343
2025-07-31 12:05:00,2.24109,2.24127,2.24071,2.24106,362
2025-07-31 12:10:00,2.24106,2.24124,2.24065,2.24099,420
2025-07-31 12:15:00,2.24093,2.24141,2.24069,2.2414,411
2025-07-31 12:20:00,2.2414,2.24159,2.2406800000000002,2.24073,397
2025-07-31 12:25:00,2.24073,2.24089,2.24018,2.24044,369
2025-07-31 12:30:00,2.24045,2.24093,2.24041,2.24053,356
2025-07-31 12:35:00,2.24053,2.24074,2.2400700000000002,2.24017,340
2025-07-31 12:40:00,2.24017,2.24019,2.23931,2.23952,452
2025-07-31 12:45:00,2.23952,2.2402,2.23949,2.23972,298
2025-07-31 12:50:00,2.23972,2.23994,2.2394,2.23977,371
2025-07-31 12:55:00,2.23985,2.24032,2.23972,2.2398,503
2025-07-31 13:00:00,2.2398,2.2406,2.2394600000000002,2.24041,379
2025-07-31 13:05:00,2.24041,2.24047,2.23943,2.23985,346
2025-07-31 13:10:00,2.23981,2.24013,2.23915,2.2394,379
2025-07-31 13:15:00,2.2394,2.2398,2.23923,2.23926,380
2025-07-31 13:20:00,2.23947,2.2397299999999998,2.2391,2.23919,549
2025-07-31 13:25:00,2.23927,2.23963,2.2388500000000002,2.23931,413
2025-07-31 13:30:00,2.23931,2.24051,2.2388,2.2400700000000002,527
2025-07-31 13:35:00,2.2401,2.24038,2.23995,2.24024,414
2025-07-31 13:40:00,2.24029,2.24055,2.2397,2.24001,363
2025-07-31 13:45:00,2.24001,2.24051,2.23999,2.24002,365
2025-07-31 13:50:00,2.23999,2.24052,2.23992,2.24049,320
2025-07-31 13:55:00,2.24045,2.24148,2.24001,2.24133,540
2025-07-31 14:00:00,2.24136,2.24183,2.24087,2.24105,553
2025-07-31 14:05:00,2.24105,2.24124,2.24087,2.24116,354
2025-07-31 14:10:00,2.24116,2.24131,2.24066,2.24098,493
2025-07-31 14:15:00,2.2409499999999998,2.24106,2.2406,2.24065,380
2025-07-31 14:20:00,2.24065,2.24075,2.24023,2.24066,317
2025-07-31 14:25:00,2.2406800000000002,2.2407,2.24004,2.24013,388
2025-07-31 14:30:00,2.24013,2.24037,2.23977,2.24008,456
2025-07-31 14:35:00,2.24008,2.24084,2.23996,2.24073,351
2025-07-31 14:40:00,2.2407,2.24092,2.24046,2.24071,324
2025-07-31 14:45:00,2.24073,2.2409,2.24013,2.24019,330
2025-07-31 14:50:00,2.24022,2.2406,2.23977,2.24024,412
2025-07-31 14:55:00,2.24021,2.24049,2.23985,2.24028,428
2025-07-31 15:00:00,2.24025,2.2407,2.24001,2.24031,474
2025-07-31 15:05:00,2.24031,2.24045,2.2394600000000002,2.23956,401
2025-07-31 15:10:00,2.23953,2.23957,2.23848,2.23861,415
2025-07-31 15:15:00,2.23862,2.23898,2.2382400000000002,2.23882,482
2025-07-31 15:20:00,2.23893,2.23965,2.2385,2.23963,470
2025-07-31 15:25:00,2.23963,2.23994,2.23935,2.23978,449
2025-07-31 15:30:00,2.23993,2.24023,2.23843,2.23969,831
2025-07-31 15:35:00,2.23969,2.23984,2.2389,2.2389,697
2025-07-31 15:40:00,2.23886,2.23964,2.23854,2.23928,625
2025-07-31 15:45:00,2.23928,2.23985,2.23896,2.23949,604
2025-07-31 15:50:00,2.23949,2.23962,2.23903,2.23948,525
2025-07-31 15:55:00,2.23948,2.23993,2.239,2.23947,537
2025-07-31 16:00:00,2.23943,2.23968,2.23797,2.2385099999999998,639
2025-07-31 16:05:00,2.2385099999999998,2.23954,2.2385099999999998,2.2395,614
2025-07-31 16:10:00,2.2395,2.23978,2.23867,2.2391,591
2025-07-31 16:15:00,2.23907,2.23927,2.23846,2.23915,531
2025-07-31 16:20:00,2.23916,2.23965,2.23913,2.23948,409
2025-07-31 16:25:00,2.2394600000000002,2.23949,2.23856,2.23867,518
2025-07-31 16:30:00,2.23865,2.2391199999999998,2.23838,2.23908,606
2025-07-31 16:35:00,2.23908,2.23951,2.23867,2.23928,608
2025-07-31 16:40:00,2.23928,2.23979,2.2388,2.23881,423
2025-07-31 16:45:00,2.23889,2.23938,2.23878,2.23911,572
2025-07-31 16:50:00,2.2391,2.23919,2.23825,2.23855,512
2025-07-31 16:55:00,2.23857,2.23879,2.2375,2.23795,706
2025-07-31 17:00:00,2.23801,2.23826,2.23751,2.23751,677
2025-07-31 17:05:00,2.23751,2.23786,2.23726,2.23769,561
2025-07-31 17:10:00,2.23772,2.23794,2.2373,2.2376,650
2025-07-31 17:15:00,2.23756,2.23798,2.23724,2.23782,720
2025-07-31 17:20:00,2.23782,2.23979,2.23753,2.2397,648
2025-07-31 17:25:00,2.23974,2.23996,2.23918,2.23944,559
2025-07-31 17:30:00,2.23948,2.24017,2.23918,2.23963,704
2025-07-31 17:35:00,2.23962,2.24013,2.2393,2.23965,575
2025-07-31 17:40:00,2.23965,2.23996,2.23927,2.2396,554
2025-07-31 17:45:00,2.2396,2.24048,2.23866,2.23919,597
2025-07-31 17:50:00,2.23921,2.24258,2.23911,2.24247,803
2025-07-31 17:55:00,2.24243,2.24332,2.24102,2.24157,1032
2025-07-31 18:00:00,2.24165,2.24233,2.24053,2.24191,893
2025-07-31 18:05:00,2.24191,2.24274,2.24172,2.24238,619
2025-07-31 18:10:00,2.24236,2.24301,2.24223,2.24295,655
2025-07-31 18:15:00,2.24295,2.24379,2.24261,2.24337,516
2025-07-31 18:20:00,2.24333,2.24352,2.24304,2.24325,527
2025-07-31 18:25:00,2.24325,2.2433899999999998,2.24284,2.24295,460
2025-07-31 18:30:00,2.24295,2.24321,2.24225,2.2423,511
2025-07-31 18:35:00,2.2423,2.24266,2.24161,2.24193,445
2025-07-31 18:40:00,2.24198,2.24235,2.24181,2.24216,605
2025-07-31 18:45:00,2.24218,2.24276,2.24213,2.2427,545
2025-07-31 18:50:00,2.24271,2.24314,2.24253,2.24291,497
2025-07-31 18:55:00,2.24295,2.24314,2.24261,2.24284,474
2025-07-31 19:00:00,2.24284,2.24363,2.24266,2.24318,597
2025-07-31 19:05:00,2.24318,2.2435,2.24295,2.24335,543
2025-07-31 19:10:00,2.24337,2.24463,2.24318,2.24447,571
2025-07-31 19:15:00,2.24447,2.2451,2.24425,2.24463,544
2025-07-31 19:20:00,2.24463,2.24521,2.2445,2.24494,484
2025-07-31 19:25:00,2.24506,2.24532,2.24451,2.24484,403
2025-07-31 19:30:00,2.2448,2.24502,2.24377,2.24406,352
2025-07-31 19:35:00,2.2441,2.24411,2.24282,2.24309,404
2025-07-31 19:40:00,2.24311,2.24317,2.24261,2.24296,355
2025-07-31 19:45:00,2.24296,2.24348,2.24284,2.24302,393
2025-07-31 19:50:00,2.24302,2.24313,2.24249,2.24269,383
2025-07-31 19:55:00,2.24269,2.24277,2.24211,2.24232,430
2025-07-31 20:00:00,2.24228,2.24253,2.24192,2.24211,441
2025-07-31 20:05:00,2.24207,2.24211,2.24112,2.24121,376
2025-07-31 20:10:00,2.24121,2.24194,2.241,2.24183,372
2025-07-31 20:15:00,2.24183,2.24197,2.24145,2.24184,369
2025-07-31 20:20:00,2.24182,2.24184,2.24128,2.24136,423
2025-07-31 20:25:00,2.24139,2.24181,2.2412,2.24157,435
2025-07-31 20:30:00,2.24155,2.24221,2.24133,2.24213,386
2025-07-31 20:35:00,2.24211,2.24268,2.24173,2.24233,341
2025-07-31 20:40:00,2.24238,2.24271,2.24154,2.24171,335
2025-07-31 20:45:00,2.24171,2.24207,2.24151,2.24194,359
2025-07-31 20:50:00,2.24192,2.24194,2.241,2.24147,443
2025-07-31 20:55:00,2.24147,2.24168,2.24112,2.24119,507
2025-07-31 21:00:00,2.24127,2.24152,2.24085,2.2415,470
2025-07-31 21:05:00,2.2415,2.24225,2.24113,2.24214,390
2025-07-31 21:10:00,2.24215,2.24238,2.24148,2.24213,335
2025-07-31 21:15:00,2.24213,2.2424,2.24186,2.2421699999999998,340
2025-07-31 21:20:00,2.2421699999999998,2.24219,2.24143,2.24163,345
2025-07-31 21:25:00,2.24161,2.24227,2.24138,2.24219,348
2025-07-31 21:30:00,2.24221,2.24221,2.2415,2.24174,301
2025-07-31 21:35:00,2.24172,2.2421699999999998,2.2415,2.24198,293
2025-07-31 21:40:00,2.24198,2.24277,2.24174,2.2424,373
2025-07-31 21:45:00,2.24229,2.24255,2.24192,2.2422,274
2025-07-31 21:50:00,2.2422,2.24236,2.24198,2.24228,313
2025-07-31 21:55:00,2.24221,2.2425,2.24194,2.24226,333
2025-07-31 22:00:00,2.24232,2.24252,2.24163,2.24168,319
2025-07-31 22:05:00,2.24168,2.24196,2.24159,2.2418,272
2025-07-31 22:10:00,2.2418,2.24225,2.24172,2.24185,282
2025-07-31 22:15:00,2.24189,2.24225,2.24182,2.24201,220
2025-07-31 22:20:00,2.24211,2.2423,2.24195,2.24225,228
2025-07-31 22:25:00,2.24225,2.24248,2.24207,2.24242,260
2025-07-31 22:30:00,2.24242,2.24247,2.24187,2.24188,270
2025-07-31 22:35:00,2.24186,2.24253,2.24181,2.24241,256
2025-07-31 22:40:00,2.24237,2.24248,2.24172,2.24198,317
2025-07-31 22:45:00,2.24201,2.24211,2.2416,2.24201,400
2025-07-31 22:50:00,2.24205,2.24255,2.24173,2.24228,495
2025-07-31 22:55:00,2.2423,2.24236,2.24126,2.24127,526
2025-07-31 23:00:00,2.24127,2.24146,2.24071,2.24128,472
2025-07-31 23:05:00,2.24125,2.24144,2.24091,2.24113,285
2025-07-31 23:10:00,2.24109,2.24179,2.24092,2.24174,273
2025-07-31 23:15:00,2.24174,2.24207,2.24151,2.24188,260
2025-07-31 23:20:00,2.24192,2.24195,2.24139,2.24186,203
2025-07-31 23:25:00,2.24188,2.24197,2.24158,2.24189,185
2025-07-31 23:30:00,2.24189,2.24218,2.24155,2.24172,203
2025-07-31 23:35:00,2.24172,2.24187,2.24137,2.24169,240
2025-07-31 23:40:00,2.24169,2.24169,2.23881,2.23888,321
2025-07-31 23:45:00,2.23892,2.23892,2.23832,2.23881,218
2025-07-31 23:50:00,2.23883,2.23919,2.23871,2.23894,236
2025-07-31 23:55:00,2.23896,2.24185,2.23872,2.24148,443
2025-08-01 00:00:00,2.24087,2.24087,2.2364100000000002,2.2364100000000002,24
2025-08-01 00:05:00,2.23811,2.23844,2.23673,2.23826,54
2025-08-01 00:10:00,2.23826,2.23831,2.2382400000000002,2.2382400000000002,11
2025-08-01 00:15:00,2.2382400000000002,2.23977,2.23823,2.23977,20
2025-08-01 00:20:00,2.23977,2.24018,2.23909,2.2394,63
2025-08-01 00:25:00,2.2394,2.24053,2.23932,2.24018,90
2025-08-01 00:30:00,2.24023,2.24072,2.24002,2.24019,114
2025-08-01 00:35:00,2.24019,2.24046,2.2396,2.2398,142
2025-08-01 00:40:00,2.2398,2.23988,2.23932,2.23954,147
2025-08-01 00:45:00,2.23955,2.23976,2.23915,2.23964,221
2025-08-01 00:50:00,2.23966,2.23976,2.23899,2.23926,297
2025-08-01 00:55:00,2.23928,2.23928,2.23836,2.23868,208
2025-08-01 01:00:00,2.23904,2.24213,2.23904,2.24166,286
2025-08-01 01:05:00,2.24166,2.2428,2.24158,2.24273,87
2025-08-01 01:10:00,2.24273,2.24276,2.24249,2.24257,150
2025-08-01 01:15:00,2.24259,2.24303,2.24243,2.24255,251
2025-08-01 01:20:00,2.24256,2.24349,2.24239,2.24319,205
2025-08-01 01:25:00,2.24331,2.24331,2.24258,2.24262,127
2025-08-01 01:30:00,2.24247,2.24249,2.24157,2.24172,161
2025-08-01 01:35:00,2.24161,2.24222,2.24159,2.24168,174
2025-08-01 01:40:00,2.24168,2.24198,2.24149,2.2415,140
2025-08-01 01:45:00,2.24153,2.24163,2.24123,2.24152,88
2025-08-01 01:50:00,2.24152,2.24152,2.24102,2.24121,130
2025-08-01 01:55:00,2.24121,2.24189,2.24116,2.24184,313
2025-08-01 02:00:00,2.24184,2.24213,2.24087,2.24114,248
2025-08-01 02:05:00,2.24114,2.24139,2.24072,2.24084,261
2025-08-01 02:10:00,2.24083,2.24151,2.2408,2.24151,385
2025-08-01 02:15:00,2.24155,2.24277,2.24138,2.24254,262
2025-08-01 02:20:00,2.24254,2.24261,2.24216,2.24231,228
2025-08-01 02:25:00,2.24233,2.24276,2.24228,2.2425100000000002,219
2025-08-01 02:30:00,2.24247,2.24302,2.2424,2.24267,212
2025-08-01 02:35:00,2.24265,2.24291,2.24245,2.24247,148
2025-08-01 02:40:00,2.24247,2.24288,2.24238,2.24284,216
2025-08-01 02:45:00,2.24282,2.243,2.24229,2.24256,201
2025-08-01 02:50:00,2.24256,2.24308,2.24242,2.24305,167
2025-08-01 02:55:00,2.24305,2.24322,2.24289,2.24311,212
2025-08-01 03:00:00,2.24309,2.24375,2.24266,2.24332,536
2025-08-01 03:05:00,2.24332,2.24332,2.24271,2.24279,301
2025-08-01 03:10:00,2.24283,2.24394,2.24283,2.24384,455
2025-08-01 03:15:00,2.24381,2.24397,2.24258,2.24266,325
2025-08-01 03:20:00,2.24259,2.24335,2.24244,2.24313,321
2025-08-01 03:25:00,2.24315,2.2432,2.24213,2.24228,503
2025-08-01 03:30:00,2.24228,2.24245,2.24186,2.24222,391
2025-08-01 03:35:00,2.24224,2.24245,2.24192,2.24211,281
2025-08-01 03:40:00,2.24212,2.24226,2.24178,2.24188,316
2025-08-01 03:45:00,2.24188,2.24208,2.24176,2.24191,262
2025-08-01 03:50:00,2.24191,2.24207,2.24133,2.24154,447
2025-08-01 03:55:00,2.2415599999999998,2.24236,2.2415599999999998,2.24228,390
2025-08-01 04:00:00,2.24232,2.24287,2.24188,2.24263,519
2025-08-01 04:05:00,2.24265,2.24271,2.24191,2.24213,429
2025-08-01 04:10:00,2.24211,2.24244,2.24174,2.2419000000000002,507
2025-08-01 04:15:00,2.24185,2.24247,2.24163,2.24234,458
2025-08-01 04:20:00,2.24243,2.24317,2.24218,2.24272,509
2025-08-01 04:25:00,2.24273,2.24282,2.24216,2.24219,440
2025-08-01 04:30:00,2.24215,2.2436,2.24208,2.24346,556
2025-08-01 04:35:00,2.24348,2.24387,2.24313,2.2437300000000002,525
2025-08-01 04:40:00,2.24369,2.24402,2.24337,2.24393,550
2025-08-01 04:45:00,2.24397,2.24414,2.24294,2.24304,489
2025-08-01 04:50:00,2.24304,2.24479,2.24276,2.24471,581
2025-08-01 04:55:00,2.24472,2.24494,2.2441,2.24486,494
2025-08-01 05:00:00,2.24486,2.24489,2.24368,2.24405,487
2025-08-01 05:05:00,2.24405,2.24447,2.24393,2.24444,351
2025-08-01 05:10:00,2.24444,2.24444,2.24336,2.24344,337
2025-08-01 05:15:00,2.24345,2.24433,2.2433,2.2441,360
2025-08-01 05:20:00,2.24417,2.24421,2.24364,2.24366,332
2025-08-01 05:25:00,2.24366,2.24399,2.24354,2.2439,270
2025-08-01 05:30:00,2.24393,2.24452,2.24382,2.24437,388
2025-08-01 05:35:00,2.2443400000000002,2.24443,2.24387,2.24399,401
2025-08-01 05:40:00,2.24399,2.24459,2.24392,2.24443,372
2025-08-01 05:45:00,2.24447,2.24472,2.24396,2.24418,300
2025-08-01 05:50:00,2.24418,2.24516,2.24418,2.24493,286
2025-08-01 05:55:00,2.24499,2.24512,2.24462,2.24506,366
2025-08-01 06:00:00,2.2449500000000002,2.245,2.2438,2.24393,365
2025-08-01 06:05:00,2.24388,2.2439,2.24292,2.2431200000000002,456
2025-08-01 06:10:00,2.2431200000000002,2.24356,2.24305,2.24316,339
2025-08-01 06:15:00,2.24316,2.24378,2.2431200000000002,2.24352,325
2025-08-01 06:20:00,2.24352,2.24386,2.24336,2.24382,314
2025-08-01 06:25:00,2.2438,2.24387,2.24331,2.24331,256
2025-08-01 06:30:00,2.24335,2.24389,2.24332,2.24352,272
2025-08-01 06:35:00,2.24356,2.24378,2.24324,2.24354,276
2025-08-01 06:40:00,2.24354,2.2436,2.24317,2.24342,275
2025-08-01 06:45:00,2.24345,2.24346,2.24314,2.24328,269
2025-08-01 06:50:00,2.24324,2.24352,2.24317,2.24343,364
2025-08-01 06:55:00,2.24338,2.24396,2.24324,2.24396,352
2025-08-01 07:00:00,2.24396,2.24413,2.24292,2.24313,330
2025-08-01 07:05:00,2.24313,2.24341,2.24281,2.24318,293
2025-08-01 07:10:00,2.2431200000000002,2.24325,2.24271,2.24291,265
2025-08-01 07:15:00,2.24291,2.24305,2.24275,2.24303,219
2025-08-01 07:20:00,2.24305,2.24324,2.24281,2.24304,187
2025-08-01 07:25:00,2.24302,2.2433899999999998,2.24274,2.24332,182
2025-08-01 07:30:00,2.24332,2.24346,2.24304,2.24318,260
2025-08-01 07:35:00,2.24318,2.2434,2.24292,2.24336,176
2025-08-01 07:40:00,2.24334,2.24355,2.24321,2.24351,239
2025-08-01 07:45:00,2.24351,2.24371,2.24324,2.24371,208
2025-08-01 07:50:00,2.24371,2.24397,2.24349,2.24361,304
2025-08-01 07:55:00,2.24361,2.24384,2.24345,2.24382,249
2025-08-01 08:00:00,2.24379,2.2441,2.24355,2.2439999999999998,305
2025-08-01 08:05:00,2.24402,2.24402,2.24337,2.2437300000000002,240
2025-08-01 08:10:00,2.24367,2.24425,2.24358,2.24423,289
2025-08-01 08:15:00,2.24419,2.24442,2.24405,2.24422,265
2025-08-01 08:20:00,2.24422,2.24481,2.24417,2.24432,267
2025-08-01 08:25:00,2.24432,2.24464,2.24427,2.24448,270
2025-08-01 08:30:00,2.24449,2.24471,2.2443400000000002,2.24453,252
2025-08-01 08:35:00,2.24453,2.24473,2.24393,2.24439,334
2025-08-01 08:40:00,2.24438,2.24503,2.24435,2.24501,335
2025-08-01 08:45:00,2.24499,2.24537,2.24485,2.24505,290
2025-08-01 08:50:00,2.24507,2.24544,2.24462,2.24484,406
2025-08-01 08:55:00,2.24484,2.24503,2.24426,2.24428,339
2025-08-01 09:00:00,2.24433,2.24504,2.24385,2.24479,490
2025-08-01 09:05:00,2.24479,2.2456,2.24479,2.24535,346
2025-08-01 09:10:00,2.24535,2.24591,2.24365,2.24411,458
2025-08-01 09:15:00,2.24407,2.24443,2.24361,2.24404,409
2025-08-01 09:20:00,2.24406,2.24444,2.24368,2.24429,363
2025-08-01 09:25:00,2.24429,2.2458299999999998,2.24419,2.2456,460
2025-08-01 09:30:00,2.24559,2.24738,2.2455,2.24728,504
2025-08-01 09:35:00,2.24728,2.24773,2.24704,2.24745,384
2025-08-01 09:40:00,2.24745,2.24773,2.24702,2.24773,415
2025-08-01 09:45:00,2.24781,2.24792,2.24743,2.24756,334
2025-08-01 09:50:00,2.24756,2.24787,2.24697,2.24745,290
2025-08-01 09:55:00,2.24745,2.24798,2.24711,2.24737,511
2025-08-01 10:00:00,2.24741,2.24769,2.24663,2.24674,520
2025-08-01 10:05:00,2.24674,2.24741,2.24662,2.24689,470
2025-08-01 10:10:00,2.24689,2.24843,2.24641,2.24837,443
2025-08-01 10:15:00,2.24837,2.24892,2.24779,2.24872,392
2025-08-01 10:20:00,2.24872,2.24881,2.24797,2.24815,437
2025-08-01 10:25:00,2.24815,2.24884,2.2481,2.24883,402
2025-08-01 10:30:00,2.2488,2.24917,2.24831,2.24864,450
2025-08-01 10:35:00,2.24864,2.24898,2.24813,2.2488799999999998,394
2025-08-01 10:40:00,2.2488799999999998,2.24898,2.24847,2.24878,347
2025-08-01 10:45:00,2.2488,2.24885,2.24816,2.24835,349
2025-08-01 10:50:00,2.24831,2.2484,2.24673,2.24677,443
2025-08-01 10:55:00,2.24677,2.24805,2.24611,2.24805,472
2025-08-01 11:00:00,2.24805,2.24837,2.24732,2.24735,377
2025-08-01 11:05:00,2.24732,2.24741,2.24646,2.24679,404
2025-08-01 11:10:00,2.24679,2.24717,2.24594,2.24594,356
2025-08-01 11:15:00,2.24592,2.24615,2.2455,2.24562,348
2025-08-01 11:20:00,2.24562,2.24582,2.24515,2.24538,315
2025-08-01 11:25:00,2.2454,2.24649,2.24538,2.24631,369
2025-08-01 11:30:00,2.24626,2.24643,2.24565,2.24612,342
2025-08-01 11:35:00,2.2461,2.2461,2.24481,2.24521,353
2025-08-01 11:40:00,2.24521,2.24533,2.2439,2.24404,425
2025-08-01 11:45:00,2.24405,2.24438,2.24391,2.24412,352
2025-08-01 11:50:00,2.2441,2.24449,2.24378,2.24403,406
2025-08-01 11:55:00,2.24403,2.2443,2.24363,2.24377,319
2025-08-01 12:00:00,2.24377,2.24395,2.24311,2.24319,386
2025-08-01 12:05:00,2.24319,2.24357,2.2428,2.24303,378
2025-08-01 12:10:00,2.24303,2.24316,2.24255,2.24284,287
2025-08-01 12:15:00,2.24287,2.24287,2.24188,2.2419000000000002,342
2025-08-01 12:20:00,2.24188,2.24241,2.24159,2.24173,465
2025-08-01 12:25:00,2.24169,2.24332,2.24166,2.24323,382
2025-08-01 12:30:00,2.24326,2.24363,2.24299,2.24334,384
2025-08-01 12:35:00,2.24338,2.24353,2.24241,2.2426,381
2025-08-01 12:40:00,2.2426,2.24343,2.24242,2.24318,387
2025-08-01 12:45:00,2.2432,2.24347,2.24277,2.24323,422
2025-08-01 12:50:00,2.24321,2.24326,2.24244,2.24265,408
2025-08-01 12:55:00,2.24263,2.24292,2.24218,2.24234,387
2025-08-01 13:00:00,2.24238,2.24348,2.24207,2.24348,426
2025-08-01 13:05:00,2.24348,2.24387,2.24308,2.24366,270
2025-08-01 13:10:00,2.24365,2.24431,2.2433899999999998,2.24388,335
2025-08-01 13:15:00,2.24384,2.2443,2.24369,2.24422,300
2025-08-01 13:20:00,2.24429,2.24467,2.24281,2.24332,438
2025-08-01 13:25:00,2.2433,2.24341,2.24261,2.24302,281
2025-08-01 13:30:00,2.24302,2.24372,2.24285,2.243,443
2025-08-01 13:35:00,2.243,2.24385,2.24284,2.24385,376
2025-08-01 13:40:00,2.24385,2.24428,2.24376,2.24402,372
2025-08-01 13:45:00,2.24403,2.24425,2.2438,2.24422,318
2025-08-01 13:50:00,2.2441,2.24418,2.24342,2.24392,374
2025-08-01 13:55:00,2.24394,2.24485,2.24383,2.24476,404
2025-08-01 14:00:00,2.24478,2.2448,2.2439,2.24394,471
2025-08-01 14:05:00,2.24394,2.2442,2.24352,2.24386,296
2025-08-01 14:10:00,2.2439,2.2439,2.2425,2.24268,373
2025-08-01 14:15:00,2.24268,2.24298,2.24246,2.24286,374
2025-08-01 14:20:00,2.24285,2.243,2.24252,2.24299,367
2025-08-01 14:25:00,2.24299,2.24345,2.24288,2.24294,372
2025-08-01 14:30:00,2.2429,2.24386,2.24284,2.2436,373
2025-08-01 14:35:00,2.2436,2.24388,2.24345,2.24352,305
2025-08-01 14:40:00,2.24352,2.24363,2.24289,2.2431,345
2025-08-01 14:45:00,2.24308,2.24316,2.24282,2.24292,344
2025-08-01 14:50:00,2.24291,2.24395,2.24279,2.24381,376
2025-08-01 14:55:00,2.24381,2.24391,2.24328,2.24359,484
2025-08-01 15:00:00,2.24354,2.24466,2.24335,2.24441,528
2025-08-01 15:05:00,2.24442,2.24487,2.24431,2.24481,313
2025-08-01 15:10:00,2.24481,2.24508,2.24424,2.24456,361
2025-08-01 15:15:00,2.24453,2.24464,2.24394,2.24406,523
2025-08-01 15:20:00,2.24401,2.24517,2.24401,2.24509,540
2025-08-01 15:25:00,2.24531,2.24531,2.24016,2.24016,459
2025-08-01 15:30:00,2.23986,2.24537,2.23984,2.24444,1346
2025-08-01 15:35:00,2.24456,2.24636,2.24275,2.24611,1291
2025-08-01 15:40:00,2.24614,2.24816,2.24511,2.24749,1209
2025-08-01 15:45:00,2.2475,2.2475,2.24473,2.24525,1135
2025-08-01 15:50:00,2.24531,2.24717,2.24518,2.24534,1188
2025-08-01 15:55:00,2.24534,2.24593,2.24238,2.2432,1153
2025-08-01 16:00:00,2.24328,2.24362,2.24252,2.24323,1103
2025-08-01 16:05:00,2.24318,2.24397,2.2427799999999998,2.24327,1132
2025-08-01 16:10:00,2.24328,2.24366,2.24223,2.24235,1087
2025-08-01 16:15:00,2.24234,2.24429,2.242,2.24401,1115
2025-08-01 16:20:00,2.24401,2.24498,2.24335,2.24485,1064
2025-08-01 16:25:00,2.24485,2.24569,2.24338,2.24338,946
2025-08-01 16:30:00,2.24344,2.24471,2.2424,2.24423,1081
2025-08-01 16:35:00,2.24421,2.24463,2.24273,2.24321,1052
2025-08-01 16:40:00,2.24326,2.24572,2.24318,2.2455600000000002,996
2025-08-01 16:45:00,2.24572,2.24603,2.24496,2.2451,992
2025-08-01 16:50:00,2.24518,2.24666,2.2447,2.24612,978
2025-08-01 16:55:00,2.24604,2.24696,2.24521,2.24521,743
2025-08-01 17:00:00,2.24525,2.24636,2.24453,2.2462,1215
2025-08-01 17:05:00,2.24615,2.24619,2.24302,2.24324,1102
2025-08-01 17:10:00,2.24324,2.24537,2.24297,2.24535,1080
2025-08-01 17:15:00,2.24541,2.24637,2.24462,2.24591,1074
2025-08-01 17:20:00,2.24587,2.24667,2.24541,2.24573,969
2025-08-01 17:25:00,2.24573,2.24723,2.24562,2.24693,929
2025-08-01 17:30:00,2.24696,2.24887,2.24684,2.24781,896
2025-08-01 17:35:00,2.24785,2.2480700000000002,2.24719,2.24787,924
2025-08-01 17:40:00,2.2479,2.24884,2.24752,2.24839,935
2025-08-01 17:45:00,2.24833,2.24833,2.24568,2.24575,880
2025-08-01 17:50:00,2.24574,2.24821,2.24557,2.24752,858
2025-08-01 17:55:00,2.24752,2.24834,2.24605,2.2465,955
2025-08-01 18:00:00,2.24652,2.24707,2.24622,2.24693,847
2025-08-01 18:05:00,2.24696,2.24696,2.24508,2.24558,801
2025-08-01 18:10:00,2.24558,2.24628,2.24541,2.24617,656
2025-08-01 18:15:00,2.24613,2.24632,2.24548,2.24585,687
2025-08-01 18:20:00,2.24593,2.24666,2.24569,2.24627,645
2025-08-01 18:25:00,2.24629,2.24643,2.24549,2.24576,651
2025-08-01 18:30:00,2.24559,2.24642,2.2455,2.24568,661
2025-08-01 18:35:00,2.24573,2.24575,2.24443,2.24546,693
2025-08-01 18:40:00,2.24539,2.24569,2.24459,2.24503,602
2025-08-01 18:45:00,2.24499,2.24507,2.24419,2.24439,610
2025-08-01 18:50:00,2.24441,2.2445,2.24374,2.24377,631
2025-08-01 18:55:00,2.24377,2.24388,2.24282,2.24288,608
2025-08-01 19:00:00,2.24303,2.24415,2.24263,2.24409,608
2025-08-01 19:05:00,2.24396,2.24398,2.24257,2.24268,518
2025-08-01 19:10:00,2.24264,2.24324,2.24246,2.24302,430
2025-08-01 19:15:00,2.243,2.24315,2.2425,2.24272,474
2025-08-01 19:20:00,2.24274,2.24318,2.24232,2.24282,536
2025-08-01 19:25:00,2.24283,2.2432,2.24272,2.24296,535
2025-08-01 19:30:00,2.24293,2.24362,2.24285,2.2433,534
2025-08-01 19:35:00,2.2433,2.24367,2.24304,2.24341,506
2025-08-01 19:40:00,2.24341,2.24353,2.24297,2.24316,527
2025-08-01 19:45:00,2.24316,2.24323,2.24266,2.24283,439
2025-08-01 19:50:00,2.24285,2.2431200000000002,2.24248,2.24282,506
2025-08-01 19:55:00,2.24286,2.24333,2.24261,2.24279,627
2025-08-01 20:00:00,2.24279,2.24321,2.2424,2.24292,657
2025-08-01 20:05:00,2.24292,2.24336,2.24225,2.24259,663
2025-08-01 20:10:00,2.24261,2.24321,2.24222,2.24311,558
2025-08-01 20:15:00,2.24311,2.24346,2.2427799999999998,2.24311,595
2025-08-01 20:20:00,2.24308,2.24334,2.24248,2.24256,673
2025-08-01 20:25:00,2.2426,2.24327,2.24225,2.24318,540
2025-08-01 20:30:00,2.24311,2.24337,2.2426,2.2433,517
2025-08-01 20:35:00,2.24334,2.24365,2.2431,2.24335,464
2025-08-01 20:40:00,2.24328,2.24348,2.24275,2.24317,465
2025-08-01 20:45:00,2.24321,2.24383,2.24318,2.24349,431
2025-08-01 20:50:00,2.24349,2.24397,2.24299,2.24395,510
2025-08-01 20:55:00,2.24391,2.24443,2.24375,2.24391,508
2025-08-01 21:00:00,2.24391,2.24433,2.24354,2.24402,431
2025-08-01 21:05:00,2.24402,2.24439,2.2435,2.2437300000000002,419
2025-08-01 21:10:00,2.2437,2.24401,2.24325,2.24371,415
2025-08-01 21:15:00,2.24371,2.24376,2.24301,2.24306,411
2025-08-01 21:20:00,2.24304,2.24365,2.24275,2.243,443
2025-08-01 21:25:00,2.24298,2.2431,2.24229,2.2423,439
2025-08-01 21:30:00,2.2423,2.24259,2.24166,2.24192,456
2025-08-01 21:35:00,2.24192,2.24304,2.24161,2.24304,455
2025-08-01 21:40:00,2.24304,2.2431200000000002,2.24252,2.24285,346
2025-08-01 21:45:00,2.24289,2.24358,2.24255,2.24358,413
2025-08-01 21:50:00,2.2436,2.24435,2.24327,2.24412,434
2025-08-01 21:55:00,2.24412,2.24445,2.24363,2.24385,545
2025-08-01 22:00:00,2.24387,2.24433,2.24359,2.2438,425
2025-08-01 22:05:00,2.24379,2.2439999999999998,2.24322,2.2433899999999998,378
2025-08-01 22:10:00,2.24343,2.24356,2.24298,2.24314,330
2025-08-01 22:15:00,2.2432,2.24381,2.24301,2.24364,318
2025-08-01 22:20:00,2.24364,2.24395,2.24335,2.24392,375
2025-08-01 22:25:00,2.24395,2.24435,2.24352,2.24352,324
2025-08-01 22:30:00,2.24354,2.24471,2.24353,2.2439999999999998,864
2025-08-01 22:35:00,2.24393,2.24463,2.24374,2.24415,663
2025-08-01 22:40:00,2.24411,2.24436,2.24368,2.24409,588
2025-08-01 22:45:00,2.24409,2.24442,2.24364,2.24401,422
2025-08-01 22:50:00,2.24401,2.24459,2.24351,2.24442,639
2025-08-01 22:55:00,2.24442,2.24448,2.2433899999999998,2.24345,414
2025-08-01 23:00:00,2.24329,2.24399,2.24323,2.24382,410
2025-08-01 23:05:00,2.24382,2.24391,2.24331,2.24351,280
2025-08-01 23:10:00,2.24351,2.24412,2.24311,2.24315,359
2025-08-01 23:15:00,2.24319,2.2433899999999998,2.24274,2.24333,244
2025-08-01 23:20:00,2.24335,2.24451,2.24332,2.24435,229
2025-08-01 23:25:00,2.24435,2.24445,2.24363,2.24365,272
2025-08-01 23:30:00,2.24365,2.24407,2.24309,2.24386,345
2025-08-01 23:35:00,2.24388,2.24423,2.24351,2.2437300000000002,353
2025-08-01 23:40:00,2.24369,2.24369,2.24046,2.2406,409
2025-08-01 23:45:00,2.2406,2.2411,2.24044,2.24108,359
2025-08-01 23:50:00,2.24107,2.24114,2.24001,2.24041,489
2025-08-01 23:55:00,2.24056,2.2411,2.23922,2.24058,386
2025-08-04 00:00:00,2.24362,2.2443400000000002,2.2436,2.24413,8
2025-08-04 00:05:00,2.24422,2.24584,2.24415,2.24576,12
2025-08-04 00:10:00,2.24606,2.24606,2.24527,2.24527,5
2025-08-04 00:15:00,2.24542,2.24558,2.24497,2.24518,37
2025-08-04 00:20:00,2.24524,2.24562,2.24462,2.24476,82
2025-08-04 00:25:00,2.24478,2.24648,2.24462,2.24569,78
2025-08-04 00:30:00,2.24562,2.24625,2.24534,2.24622,42
2025-08-04 00:35:00,2.24621,2.24621,2.24518,2.2453,44
2025-08-04 00:40:00,2.24539,2.24636,2.24514,2.2452199999999998,19
2025-08-04 00:45:00,2.24619,2.2462,2.24459,2.2448,41
2025-08-04 00:50:00,2.24475,2.24519,2.24422,2.2449,96
2025-08-04 00:55:00,2.24438,2.24487,2.24346,2.24354,66
2025-08-04 01:00:00,2.24519,2.24524,2.24277,2.24401,330
2025-08-04 01:05:00,2.24402,2.2459,2.24401,2.24529,155
2025-08-04 01:10:00,2.2452,2.24574,2.2452,2.24549,148
2025-08-04 01:15:00,2.24547,2.24572,2.24457,2.2446,287
2025-08-04 01:20:00,2.24463,2.24507,2.24462,2.2449,232
2025-08-04 01:25:00,2.24492,2.24499,2.2446099999999998,2.24494,192
2025-08-04 01:30:00,2.2449500000000002,2.24648,2.24479,2.24593,249
2025-08-04 01:35:00,2.24594,2.24634,2.24581,2.24593,162
2025-08-04 01:40:00,2.24595,2.24657,2.24595,2.24612,156
2025-08-04 01:45:00,2.24612,2.24661,2.24591,2.24659,112
2025-08-04 01:50:00,2.24659,2.2467,2.24537,2.24637,173
2025-08-04 01:55:00,2.24634,2.24675,2.24611,2.24625,171
2025-08-04 02:00:00,2.24626,2.2471,2.24626,2.24645,229
2025-08-04 02:05:00,2.24646,2.2469,2.24602,2.24676,212
2025-08-04 02:10:00,2.24675,2.24683,2.24646,2.24673,138
2025-08-04 02:15:00,2.24674,2.24674,2.24618,2.24618,163
2025-08-04 02:20:00,2.24608,2.2464,2.24604,2.24619,146
2025-08-04 02:25:00,2.24618,2.24641,2.24616,2.24619,152
2025-08-04 02:30:00,2.24617,2.24699,2.24617,2.24696,151
2025-08-04 02:35:00,2.24697,2.24712,2.24661,2.2470499999999998,130
2025-08-04 02:40:00,2.24706,2.24732,2.24666,2.24703,146
2025-08-04 02:45:00,2.24701,2.24707,2.24607,2.2461,207
2025-08-04 02:50:00,2.24614,2.24672,2.24598,2.24669,202
2025-08-04 02:55:00,2.24671,2.24723,2.24664,2.24704,248
2025-08-04 03:00:00,2.24706,2.24733,2.24603,2.24603,348
2025-08-04 03:05:00,2.24612,2.24628,2.24554,2.24576,294
2025-08-04 03:10:00,2.24578,2.24658,2.24565,2.24657,297
2025-08-04 03:15:00,2.24657,2.2466,2.2452199999999998,2.24529,289
2025-08-04 03:20:00,2.24531,2.2459,2.24523,2.24573,305
2025-08-04 03:25:00,2.24574,2.24629,2.24552,2.24552,286
2025-08-04 03:30:00,2.24532,2.24645,2.24504,2.24614,341
2025-08-04 03:35:00,2.24608,2.24608,2.24427,2.24427,275
2025-08-04 03:40:00,2.24432,2.24453,2.24405,2.24423,294
2025-08-04 03:45:00,2.24425,2.24429,2.2433,2.2433,294
2025-08-04 03:50:00,2.24331,2.24424,2.24297,2.24298,387
2025-08-04 03:55:00,2.243,2.24395,2.24298,2.24346,395
2025-08-04 04:00:00,2.24344,2.24351,2.24228,2.24319,337
2025-08-04 04:05:00,2.24318,2.24448,2.24294,2.24416,312
2025-08-04 04:10:00,2.24417,2.24498,2.24406,2.24473,308
2025-08-04 04:15:00,2.24474,2.24484,2.24393,2.2443,360
2025-08-04 04:20:00,2.24431,2.24473,2.24412,2.24446,310
2025-08-04 04:25:00,2.24445,2.24472,2.24357,2.24385,345
2025-08-04 04:30:00,2.24385,2.24418,2.24322,2.24341,397
2025-08-04 04:35:00,2.24342,2.24367,2.24311,2.24328,300
2025-08-04 04:40:00,2.24326,2.24369,2.24321,2.24348,306
2025-08-04 04:45:00,2.24347,2.24355,2.2425100000000002,2.24288,349
2025-08-04 04:50:00,2.24287,2.24293,2.24161,2.2419000000000002,310
2025-08-04 04:55:00,2.24193,2.2421699999999998,2.24121,2.24196,306
2025-08-04 05:00:00,2.24196,2.2431200000000002,2.24178,2.2431200000000002,311
2025-08-04 05:05:00,2.2431,2.24409,2.2431,2.24393,329
2025-08-04 05:10:00,2.24394,2.24454,2.2439,2.24415,234
2025-08-04 05:15:00,2.24414,2.2446099999999998,2.24392,2.24451,207
2025-08-04 05:20:00,2.24449,2.24465,2.24388,2.24465,261
2025-08-04 05:25:00,2.24464,2.24481,2.24442,2.24464,222
2025-08-04 05:30:00,2.24464,2.24512,2.24457,2.24469,212
2025-08-04 05:35:00,2.24467,2.2451,2.24465,2.24492,238
2025-08-04 05:40:00,2.24493,2.24512,2.24455,2.24498,226
2025-08-04 05:45:00,2.24498,2.24534,2.2447,2.24534,219
2025-08-04 05:50:00,2.24531,2.24537,2.24512,2.24529,221
2025-08-04 05:55:00,2.24532,2.24551,2.24511,2.24551,200
2025-08-04 06:00:00,2.24546,2.24546,2.2446,2.2449,288
2025-08-04 06:05:00,2.2449,2.2449500000000002,2.24442,2.24473,237
2025-08-04 06:10:00,2.24471,2.24493,2.24414,2.24427,248
2025-08-04 06:15:00,2.24429,2.24479,2.24417,2.24465,271
2025-08-04 06:20:00,2.24469,2.24486,2.24404,2.24409,238
2025-08-04 06:25:00,2.24407,2.24446,2.24406,2.24424,173
2025-08-04 06:30:00,2.24425,2.2446,2.24422,2.24439,194
2025-08-04 06:35:00,2.24438,2.24481,2.24421,2.24433,161
2025-08-04 06:40:00,2.24435,2.24437,2.24369,2.24393,176
2025-08-04 06:45:00,2.24391,2.24413,2.24346,2.24371,192
2025-08-04 06:50:00,2.24388,2.24424,2.24375,2.24406,174
2025-08-04 06:55:00,2.24408,2.24453,2.24399,2.24431,169
2025-08-04 07:00:00,2.2443,2.24442,2.2434,2.24352,169
2025-08-04 07:05:00,2.24349,2.24381,2.24338,2.24357,166
2025-08-04 07:10:00,2.2436,2.24454,2.24355,2.24435,153
2025-08-04 07:15:00,2.24433,2.24497,2.24428,2.2448,170
2025-08-04 07:20:00,2.24478,2.24541,2.24474,2.24533,181
2025-08-04 07:25:00,2.24537,2.24551,2.24496,2.24511,163
2025-08-04 07:30:00,2.24513,2.24515,2.24482,2.2449,188
2025-08-04 07:35:00,2.24491,2.24491,2.24425,2.24449,199
2025-08-04 07:40:00,2.24451,2.24516,2.24448,2.2447,236
2025-08-04 07:45:00,2.24471,2.24491,2.2446,2.24491,134
2025-08-04 07:50:00,2.2449,2.24523,2.2449,2.24511,177
2025-08-04 07:55:00,2.2451,2.24517,2.2446,2.24464,214
2025-08-04 08:00:00,2.24463,2.24547,2.24463,2.2452199999999998,287
2025-08-04 08:05:00,2.24524,2.2456,2.2452199999999998,2.2456,203
2025-08-04 08:10:00,2.2455600000000002,2.24561,2.24513,2.24521,191
2025-08-04 08:15:00,2.24517,2.24572,2.24484,2.24511,238
2025-08-04 08:20:00,2.24511,2.24532,2.24489,2.24498,201
2025-08-04 08:25:00,2.245,2.24527,2.2449,2.24515,181
2025-08-04 08:30:00,2.24521,2.24542,2.24502,2.24512,188
2025-08-04 08:35:00,2.24511,2.24532,2.24463,2.24468,154
2025-08-04 08:40:00,2.24469,2.24577,2.24463,2.24577,190
2025-08-04 08:45:00,2.24576,2.24593,2.24537,2.2455600000000002,196
2025-08-04 08:50:00,2.2455,2.2466,2.2455,2.24624,272
2025-08-04 08:55:00,2.24622,2.24639,2.24541,2.24552,288
2025-08-04 09:00:00,2.24553,2.24694,2.24553,2.24682,370
2025-08-04 09:05:00,2.24673,2.24674,2.24541,2.24543,277
2025-08-04 09:10:00,2.24544,2.24596,2.24498,2.24575,351
2025-08-04 09:15:00,2.24573,2.24604,2.24554,2.24574,335
2025-08-04 09:20:00,2.24572,2.24607,2.24544,2.24601,312
2025-08-04 09:25:00,2.24599,2.24657,2.24564,2.2465,317
2025-08-04 09:30:00,2.24633,2.24663,2.24569,2.24586,362
2025-08-04 09:35:00,2.2458299999999998,2.24619,2.24558,2.24605,278
2025-08-04 09:40:00,2.24603,2.24618,2.24567,2.24572,336
2025-08-04 09:45:00,2.24571,2.24617,2.24559,2.24605,333
2025-08-04 09:50:00,2.24604,2.24611,2.24567,2.24606,285
2025-08-04 09:55:00,2.24611,2.24646,2.24569,2.24627,325
2025-08-04 10:00:00,2.24632,2.2464399999999998,2.2454,2.24544,368
2025-08-04 10:05:00,2.24532,2.24575,2.24513,2.24529,382
2025-08-04 10:10:00,2.24529,2.24529,2.24433,2.24479,376
2025-08-04 10:15:00,2.24478,2.24521,2.24465,2.24501,388
2025-08-04 10:20:00,2.24499,2.24617,2.24494,2.24605,354
2025-08-04 10:25:00,2.24604,2.24632,2.24554,2.24575,266
2025-08-04 10:30:00,2.24573,2.24631,2.24524,2.24631,305
2025-08-04 10:35:00,2.24628,2.24645,2.24575,2.24615,322
2025-08-04 10:40:00,2.24614,2.24671,2.246,2.24659,345
2025-08-04 10:45:00,2.24661,2.24742,2.24643,2.2474,314
2025-08-04 10:50:00,2.24736,2.2476,2.24706,2.2473,312
2025-08-04 10:55:00,2.24732,2.24759,2.24706,2.24748,383
2025-08-04 11:00:00,2.24739,2.24761,2.24709,2.24711,328
2025-08-04 11:05:00,2.24713,2.24769,2.2468500000000002,2.24755,297
2025-08-04 11:10:00,2.24756,2.24767,2.24701,2.24738,303
2025-08-04 11:15:00,2.2474,2.24743,2.24684,2.24741,282
2025-08-04 11:20:00,2.2474,2.2474600000000002,2.24668,2.24693,250
2025-08-04 11:25:00,2.2469,2.24718,2.24636,2.24704,293
2025-08-04 11:30:00,2.24703,2.24769,2.24683,2.24747,301
2025-08-04 11:35:00,2.24745,2.24759,2.2467,2.24674,278
2025-08-04 11:40:00,2.24676,2.24694,2.24633,2.24636,252
2025-08-04 11:45:00,2.24635,2.24652,2.24613,2.24623,288
2025-08-04 11:50:00,2.24618,2.2466,2.24598,2.24617,301
2025-08-04 11:55:00,2.24613,2.24641,2.24573,2.2459,333
2025-08-04 12:00:00,2.24589,2.24682,2.24584,2.24671,334
2025-08-04 12:05:00,2.24676,2.24715,2.24659,2.24715,279
2025-08-04 12:10:00,2.24702,2.24749,2.24684,2.24712,334
2025-08-04 12:15:00,2.24717,2.24722,2.24671,2.24674,289
2025-08-04 12:20:00,2.24676,2.24709,2.24651,2.24688,349
2025-08-04 12:25:00,2.24688,2.24734,2.24658,2.24734,248
2025-08-04 12:30:00,2.24732,2.24762,2.24722,2.2473,223
2025-08-04 12:35:00,2.2473,2.2474600000000002,2.24684,2.24737,278
2025-08-04 12:40:00,2.2474,2.24813,2.24734,2.24805,305
2025-08-04 12:45:00,2.24805,2.24805,2.24722,2.24724,307
2025-08-04 12:50:00,2.2473,2.24785,2.24712,2.2475,304
2025-08-04 12:55:00,2.24749,2.2483,2.24749,2.24811,355
2025-08-04 13:00:00,2.24811,2.24844,2.24723,2.24723,294
2025-08-04 13:05:00,2.24722,2.2474,2.24684,2.24723,225
2025-08-04 13:10:00,2.24725,2.24732,2.24661,2.24662,233
2025-08-04 13:15:00,2.24661,2.24683,2.2464399999999998,2.2466,215
2025-08-04 13:20:00,2.2467,2.24681,2.24616,2.24628,239
2025-08-04 13:25:00,2.24619,2.24648,2.24602,2.24615,245
2025-08-04 13:30:00,2.24612,2.24724,2.246,2.24721,249
2025-08-04 13:35:00,2.24725,2.24749,2.2469,2.24717,250
2025-08-04 13:40:00,2.24714,2.24734,2.24689,2.24711,254
2025-08-04 13:45:00,2.24709,2.2476599999999998,2.24698,2.24733,277
2025-08-04 13:50:00,2.2473,2.24739,2.24676,2.24702,332
2025-08-04 13:55:00,2.24702,2.24703,2.24628,2.24674,322
2025-08-04 14:00:00,2.2467,2.24744,2.2467,2.24721,397
2025-08-04 14:05:00,2.24722,2.2486,2.2472,2.24845,362
2025-08-04 14:10:00,2.2485,2.2491,2.2482699999999998,2.24903,341
2025-08-04 14:15:00,2.24901,2.24914,2.24844,2.24847,340
2025-08-04 14:20:00,2.2484,2.24859,2.24785,2.2482,310
2025-08-04 14:25:00,2.24818,2.24818,2.24768,2.24779,265
2025-08-04 14:30:00,2.24782,2.24791,2.24703,2.24708,339
2025-08-04 14:35:00,2.24708,2.24716,2.24597,2.24609,240
2025-08-04 14:40:00,2.24611,2.24657,2.24591,2.24653,241
2025-08-04 14:45:00,2.24654,2.24683,2.24637,2.24677,258
2025-08-04 14:50:00,2.24678,2.24683,2.24596,2.24609,274
2025-08-04 14:55:00,2.2461,2.24624,2.24533,2.24537,344
2025-08-04 15:00:00,2.24527,2.2455,2.2449500000000002,2.24525,363
2025-08-04 15:05:00,2.24528,2.2454,2.24456,2.24535,381
2025-08-04 15:10:00,2.24529,2.24585,2.24508,2.2457,333
2025-08-04 15:15:00,2.24571,2.24611,2.24547,2.24584,388
2025-08-04 15:20:00,2.24588,2.24604,2.2453,2.24539,385
2025-08-04 15:25:00,2.2454,2.24642,2.24539,2.24617,289
2025-08-04 15:30:00,2.24617,2.24672,2.24594,2.24617,365
2025-08-04 15:35:00,2.24616,2.24617,2.24541,2.24597,359
2025-08-04 15:40:00,2.246,2.24641,2.24555,2.24627,302
2025-08-04 15:45:00,2.24624,2.24684,2.24619,2.24671,344
2025-08-04 15:50:00,2.2467,2.24688,2.24628,2.24641,331
2025-08-04 15:55:00,2.24638,2.24651,2.2461,2.24648,406
2025-08-04 16:00:00,2.24649,2.24671,2.24607,2.24639,420
2025-08-04 16:05:00,2.24636,2.2466,2.24528,2.24531,397
2025-08-04 16:10:00,2.24532,2.2457,2.24472,2.24528,394
2025-08-04 16:15:00,2.24525,2.24544,2.24487,2.24519,350
2025-08-04 16:20:00,2.24517,2.24571,2.24465,2.24478,307
2025-08-04 16:25:00,2.2448,2.2449500000000002,2.24418,2.24457,365
2025-08-04 16:30:00,2.24457,2.2449500000000002,2.24441,2.24488,451
2025-08-04 16:35:00,2.24489,2.24612,2.24472,2.24605,405
2025-08-04 16:40:00,2.2461,2.2461,2.24557,2.24599,422
2025-08-04 16:45:00,2.24598,2.24618,2.24561,2.24582,424
2025-08-04 16:50:00,2.24584,2.24628,2.2458299999999998,2.2462,399
2025-08-04 16:55:00,2.24622,2.24641,2.24534,2.2455,365
2025-08-04 17:00:00,2.24552,2.24671,2.24507,2.24661,422
2025-08-04 17:05:00,2.24663,2.24747,2.2464,2.24678,478
2025-08-04 17:10:00,2.24681,2.24816,2.24673,2.24816,482
2025-08-04 17:15:00,2.24811,2.24863,2.24773,2.24852,423
2025-08-04 17:20:00,2.24853,2.24921,2.24831,2.24901,449
2025-08-04 17:25:00,2.24898,2.24983,2.24883,2.24936,462
2025-08-04 17:30:00,2.24935,2.24953,2.24867,2.24872,411
2025-08-04 17:35:00,2.24862,2.24997,2.24849,2.24983,391
2025-08-04 17:40:00,2.24989,2.2504,2.24933,2.24989,444
2025-08-04 17:45:00,2.2499000000000002,2.2505,2.24953,2.25002,527
2025-08-04 17:50:00,2.25004,2.25065,2.24779,2.24797,659
2025-08-04 17:55:00,2.24795,2.24879,2.24767,2.24816,684
2025-08-04 18:00:00,2.24817,2.24823,2.24646,2.2472,579
2025-08-04 18:05:00,2.24718,2.24784,2.2468,2.2476599999999998,402
2025-08-04 18:10:00,2.24768,2.24937,2.24758,2.24876,395
2025-08-04 18:15:00,2.24866,2.24925,2.24854,2.24918,389
2025-08-04 18:20:00,2.24915,2.24955,2.24831,2.24867,387
2025-08-04 18:25:00,2.24869,2.24912,2.24814,2.24833,375
2025-08-04 18:30:00,2.24836,2.24947,2.24818,2.24944,368
2025-08-04 18:35:00,2.24945,2.24976,2.24917,2.24917,338
2025-08-04 18:40:00,2.24915,2.2495,2.249,2.24924,315
2025-08-04 18:45:00,2.24923,2.2495,2.24889,2.24941,318
2025-08-04 18:50:00,2.24942,2.24973,2.24911,2.24965,309
2025-08-04 18:55:00,2.24967,2.25025,2.24967,2.24981,321
2025-08-04 19:00:00,2.24979,2.25001,2.24955,2.24982,390
2025-08-04 19:05:00,2.24981,2.24985,2.24925,2.24951,305
2025-08-04 19:10:00,2.24952,2.24973,2.24933,2.24959,295
2025-08-04 19:15:00,2.24959,2.24971,2.24913,2.24942,268
2025-08-04 19:20:00,2.24941,2.24961,2.24909,2.24946,280
2025-08-04 19:25:00,2.24943,2.24983,2.24942,2.24973,238
2025-08-04 19:30:00,2.2497,2.24983,2.24915,2.24946,228
2025-08-04 19:35:00,2.24945,2.24997,2.24938,2.24958,265
2025-08-04 19:40:00,2.24958,2.24999,2.24953,2.24994,250
2025-08-04 19:45:00,2.24995,2.25005,2.24959,2.24976,249
2025-08-04 19:50:00,2.24978,2.25014,2.24968,2.24993,230
2025-08-04 19:55:00,2.24995,2.25,2.24956,2.24962,286
2025-08-04 20:00:00,2.24964,2.24975,2.24934,2.24944,249
2025-08-04 20:05:00,2.24945,2.24979,2.24945,2.24951,209
2025-08-04 20:10:00,2.24953,2.24964,2.24908,2.24916,243
2025-08-04 20:15:00,2.24919,2.2496,2.24906,2.24941,198
2025-08-04 20:20:00,2.24941,2.24995,2.24939,2.24995,206
2025-08-04 20:25:00,2.24994,2.25015,2.24964,2.2498,210
2025-08-04 20:30:00,2.24979,2.25008,2.24974,2.25008,219
2025-08-04 20:35:00,2.25008,2.2502,2.24983,2.24987,190
2025-08-04 20:40:00,2.24989,2.24998,2.24964,2.24987,151
2025-08-04 20:45:00,2.24986,2.25013,2.24975,2.25001,252
2025-08-04 20:50:00,2.24997,2.24998,2.24951,2.24977,225
2025-08-04 20:55:00,2.24982,2.25007,2.24942,2.24953,209
2025-08-04 21:00:00,2.24953,2.24968,2.24933,2.2495,252
2025-08-04 21:05:00,2.24952,2.24962,2.2492900000000002,2.24931,201
2025-08-04 21:10:00,2.24932,2.24946,2.24916,2.24941,214
2025-08-04 21:15:00,2.24936,2.24964,2.24909,2.24909,251
2025-08-04 21:20:00,2.2491,2.24939,2.24899,2.24937,224
2025-08-04 21:25:00,2.24938,2.24971,2.24923,2.24923,208
2025-08-04 21:30:00,2.24925,2.2496,2.2492,2.24927,219
2025-08-04 21:35:00,2.24931,2.24958,2.2492900000000002,2.24939,221
2025-08-04 21:40:00,2.24937,2.24981,2.24932,2.24979,237
2025-08-04 21:45:00,2.24977,2.24994,2.24965,2.24982,200
2025-08-04 21:50:00,2.24984,2.25012,2.24975,2.25,203
2025-08-04 21:55:00,2.25001,2.25031,2.24989,2.25004,274
2025-08-04 22:00:00,2.25002,2.25018,2.24962,2.24962,235
2025-08-04 22:05:00,2.24961,2.24963,2.24931,2.24947,178
2025-08-04 22:10:00,2.24948,2.24958,2.24921,2.24933,165
2025-08-04 22:15:00,2.24932,2.24932,2.24892,2.24906,203
2025-08-04 22:20:00,2.24904,2.24909,2.2488,2.24901,159
2025-08-04 22:25:00,2.24899,2.24913,2.24887,2.24899,161
2025-08-04 22:30:00,2.249,2.24925,2.24883,2.24924,132
2025-08-04 22:35:00,2.24915,2.24927,2.24893,2.24899,151
2025-08-04 22:40:00,2.24901,2.2491,2.2487,2.24874,173
2025-08-04 22:45:00,2.2486800000000002,2.24895,2.24862,2.2487,189
2025-08-04 22:50:00,2.2486800000000002,2.24883,2.24858,2.24873,183
2025-08-04 22:55:00,2.24873,2.24886,2.24853,2.24872,257
2025-08-04 23:00:00,2.24869,2.24869,2.248,2.24809,160
2025-08-04 23:05:00,2.2480700000000002,2.24833,2.248,2.24813,147
2025-08-04 23:10:00,2.24812,2.24817,2.24778,2.24787,199
2025-08-04 23:15:00,2.24788,2.24844,2.24781,2.24821,189
2025-08-04 23:20:00,2.24822,2.24831,2.24793,2.24799,99
2025-08-04 23:25:00,2.248,2.24822,2.248,2.24814,98
2025-08-04 23:30:00,2.24819,2.24866,2.24801,2.24866,109
2025-08-04 23:35:00,2.24818,2.24831,2.24787,2.2482,103
2025-08-04 23:40:00,2.24821,2.24828,2.24808,2.24815,177
2025-08-04 23:45:00,2.24819,2.24822,2.24795,2.24815,193
2025-08-04 23:50:00,2.24813,2.24832,2.24806,2.24822,261
2025-08-05 00:00:00,2.24501,2.24561,2.24501,2.24551,6
2025-08-05 00:05:00,2.24551,2.24561,2.24491,2.24541,8
2025-08-05 00:10:00,2.24541,2.24731,2.24511,2.24731,11
2025-08-05 00:15:00,2.2478,2.24905,2.24771,2.2486,140
2025-08-05 00:20:00,2.24858,2.24887,2.248,2.24819,120
2025-08-05 00:25:00,2.24822,2.24901,2.24765,2.24767,135
2025-08-05 00:30:00,2.24788,2.2487,2.24773,2.24843,129
2025-08-05 00:35:00,2.24844,2.24925,2.24838,2.24881,139
2025-08-05 00:40:00,2.24894,2.24913,2.24839,2.24898,127
2025-08-05 00:45:00,2.24869,2.2492,2.24853,2.24863,96
2025-08-05 00:50:00,2.24861,2.24878,2.24782,2.24799,156
2025-08-05 00:55:00,2.24797,2.24808,2.24675,2.24676,288
2025-08-05 01:00:00,2.24711,2.24848,2.24692,2.24819,164
2025-08-05 01:05:00,2.24823,2.24853,2.24805,2.2482699999999998,72
2025-08-05 01:10:00,2.24825,2.24825,2.24779,2.24779,103
2025-08-05 01:15:00,2.24778,2.24788,2.2474,2.24744,121
2025-08-05 01:20:00,2.24743,2.24765,2.24739,2.24752,125
2025-08-05 01:25:00,2.24751,2.24805,2.24742,2.24763,75
2025-08-05 01:30:00,2.24762,2.24776,2.24754,2.24767,57
2025-08-05 01:35:00,2.24772,2.24806,2.24763,2.24769,90
2025-08-05 01:40:00,2.24771,2.24782,2.2474,2.24769,119
2025-08-05 01:45:00,2.24772,2.2480700000000002,2.24755,2.24769,55
2025-08-05 01:50:00,2.24769,2.24775,2.24747,2.24755,81
2025-08-05 01:55:00,2.24756,2.24786,2.2475,2.24784,92
2025-08-05 02:00:00,2.24795,2.24855,2.24795,2.24817,163
2025-08-05 02:05:00,2.24816,2.24828,2.24777,2.24785,170
2025-08-05 02:10:00,2.24785,2.24843,2.24778,2.24812,162
2025-08-05 02:15:00,2.24811,2.24835,2.248,2.24816,116
2025-08-05 02:20:00,2.24817,2.2482699999999998,2.24786,2.24801,77
2025-08-05 02:25:00,2.24802,2.24806,2.24785,2.24791,105
2025-08-05 02:30:00,2.2479,2.24829,2.24788,2.24813,97
2025-08-05 02:35:00,2.24811,2.2483,2.24799,2.24802,108
2025-08-05 02:40:00,2.24798,2.24808,2.24776,2.24795,86
2025-08-05 02:45:00,2.24797,2.24821,2.2477,2.24772,102
2025-08-05 02:50:00,2.2477,2.2477,2.24714,2.2474,136
2025-08-05 02:55:00,2.24739,2.2476,2.24713,2.24748,145
2025-08-05 03:00:00,2.24754,2.24758,2.24613,2.2464399999999998,333
2025-08-05 03:05:00,2.24648,2.24657,2.24579,2.24631,215
2025-08-05 03:10:00,2.24631,2.24656,2.24628,2.24646,165
2025-08-05 03:15:00,2.24645,2.24716,2.24645,2.2470499999999998,185
2025-08-05 03:20:00,2.24704,2.24753,2.24687,2.24753,212
2025-08-05 03:25:00,2.24752,2.24792,2.2473,2.24763,261
2025-08-05 03:30:00,2.24762,2.24838,2.24738,2.24742,249
2025-08-05 03:35:00,2.24739,2.24756,2.2470499999999998,2.2475,230
2025-08-05 03:40:00,2.2474600000000002,2.24759,2.24722,2.24742,244
2025-08-05 03:45:00,2.24743,2.2479,2.24735,2.2478,204
2025-08-05 03:50:00,2.24779,2.24857,2.24779,2.24824,315
2025-08-05 03:55:00,2.24835,2.24874,2.24821,2.24869,304
2025-08-05 04:00:00,2.2487,2.2487,2.24781,2.24851,288
2025-08-05 04:05:00,2.24854,2.24869,2.2483,2.24851,290
2025-08-05 04:10:00,2.24852,2.24934,2.24817,2.24907,306
2025-08-05 04:15:00,2.24908,2.2503,2.24899,2.24987,272
2025-08-05 04:20:00,2.24986,2.25031,2.24964,2.25026,266
2025-08-05 04:25:00,2.25027,2.25054,2.24986,2.24992,220
2025-08-05 04:30:00,2.24993,2.25016,2.24966,2.2498,208
2025-08-05 04:35:00,2.24977,2.25028,2.24977,2.25012,251
2025-08-05 04:40:00,2.25001,2.2503,2.24982,2.25011,212
2025-08-05 04:45:00,2.25012,2.25053,2.24989,2.25042,247
2025-08-05 04:50:00,2.25044,2.2506399999999998,2.25028,2.25037,214
2025-08-05 04:55:00,2.25036,2.25056,2.24981,2.24997,280
2025-08-05 05:00:00,2.24996,2.25093,2.24989,2.2505100000000002,283
2025-08-05 05:05:00,2.25052,2.25102,2.25041,2.2506,216
2025-08-05 05:10:00,2.2505800000000002,2.2508,2.2502,2.25075,257
2025-08-05 05:15:00,2.25073,2.25105,2.25038,2.25092,261
2025-08-05 05:20:00,2.25091,2.25107,2.25017,2.25027,288
2025-08-05 05:25:00,2.25022,2.25095,2.25019,2.25081,201
2025-08-05 05:30:00,2.25079,2.25177,2.25065,2.25153,269
2025-08-05 05:35:00,2.2515,2.25151,2.25121,2.25146,230
2025-08-05 05:40:00,2.25152,2.25214,2.25151,2.25203,172
2025-08-05 05:45:00,2.25201,2.25229,2.25192,2.25213,225
2025-08-05 05:50:00,2.2521,2.25215,2.25171,2.25197,218
2025-08-05 05:55:00,2.252,2.2522,2.25161,2.25161,218
2025-08-05 06:00:00,2.2516,2.25166,2.25117,2.2512,204
2025-08-05 06:05:00,2.25121,2.25141,2.25086,2.25091,155
2025-08-05 06:10:00,2.25089,2.25139,2.25089,2.25126,171
2025-08-05 06:15:00,2.25128,2.25223,2.25128,2.25217,145
2025-08-05 06:20:00,2.25218,2.25253,2.252,2.25214,277
2025-08-05 06:25:00,2.25215,2.25236,2.25191,2.25202,213
2025-08-05 06:30:00,2.25199,2.25237,2.25183,2.25204,150
2025-08-05 06:35:00,2.25205,2.25205,2.25172,2.25175,142
2025-08-05 06:40:00,2.25177,2.25201,2.25163,2.25201,132
2025-08-05 06:45:00,2.25199,2.25199,2.25165,2.25179,136
2025-08-05 06:50:00,2.25176,2.25222,2.25159,2.25192,199
2025-08-05 06:55:00,2.25199,2.25236,2.2518599999999998,2.25224,225
2025-08-05 07:00:00,2.25224,2.25259,2.25207,2.25247,230
2025-08-05 07:05:00,2.2525,2.25281,2.25229,2.25269,131
2025-08-05 07:10:00,2.2527,2.25334,2.2527,2.25323,139
2025-08-05 07:15:00,2.25322,2.25346,2.2531,2.25345,150
2025-08-05 07:20:00,2.25344,2.25345,2.25278,2.25282,142
2025-08-05 07:25:00,2.25282,2.25298,2.25268,2.25268,130
2025-08-05 07:30:00,2.25265,2.2531,2.25265,2.2529500000000002,119
2025-08-05 07:35:00,2.25292,2.25319,2.25266,2.25284,158
2025-08-05 07:40:00,2.25282,2.25299,2.2525399999999998,2.2527,260
2025-08-05 07:45:00,2.25274,2.25279,2.25169,2.2517,180
2025-08-05 07:50:00,2.25169,2.25197,2.25149,2.25163,156
2025-08-05 07:55:00,2.25162,2.25188,2.25146,2.25188,222
2025-08-05 08:00:00,2.25189,2.25227,2.25176,2.25213,182
2025-08-05 08:05:00,2.25213,2.25257,2.2519,2.2524,134
2025-08-05 08:10:00,2.25239,2.25262,2.25182,2.25191,145
2025-08-05 08:15:00,2.25192,2.25293,2.25177,2.25291,268
2025-08-05 08:20:00,2.25292,2.25292,2.25239,2.2524,185
2025-08-05 08:25:00,2.25239,2.2525,2.25205,2.2522,166
2025-08-05 08:30:00,2.25226,2.25232,2.25165,2.25175,213
2025-08-05 08:35:00,2.25172,2.2525399999999998,2.25115,2.2523400000000002,298
2025-08-05 08:40:00,2.2523400000000002,2.25242,2.2517300000000002,2.25203,244
2025-08-05 08:45:00,2.25202,2.25225,2.2516,2.25221,253
2025-08-05 08:50:00,2.25222,2.25244,2.2519,2.25204,223
2025-08-05 08:55:00,2.25203,2.25233,2.25181,2.25188,247
2025-08-05 09:00:00,2.25191,2.25301,2.2517300000000002,2.25265,311
2025-08-05 09:05:00,2.25266,2.2531,2.25248,2.25303,225
2025-08-05 09:10:00,2.25314,2.25317,2.2524,2.25277,210
2025-08-05 09:15:00,2.25274,2.25288,2.25243,2.25243,188
2025-08-05 09:20:00,2.25243,2.25248,2.25135,2.25148,315
2025-08-05 09:25:00,2.25149,2.25218,2.25137,2.25203,305
2025-08-05 09:30:00,2.25204,2.25306,2.2519,2.2528,218
2025-08-05 09:35:00,2.25275,2.25316,2.25275,2.25281,155
2025-08-05 09:40:00,2.25291,2.25348,2.25255,2.25332,266
2025-08-05 09:45:00,2.25341,2.25415,2.25286,2.25396,256
2025-08-05 09:50:00,2.254,2.25449,2.25355,2.2536300000000002,285
2025-08-05 09:55:00,2.25362,2.25426,2.25357,2.25404,301
2025-08-05 10:00:00,2.25401,2.25496,2.25401,2.25446,374
2025-08-05 10:05:00,2.25452,2.25463,2.25313,2.25349,274
2025-08-05 10:10:00,2.2534,2.254,2.25311,2.25354,288
2025-08-05 10:15:00,2.2536,2.2541,2.25259,2.25267,335
2025-08-05 10:20:00,2.25268,2.253,2.25231,2.253,284
2025-08-05 10:25:00,2.25299,2.25312,2.25255,2.25255,249
2025-08-05 10:30:00,2.25253,2.25274,2.25229,2.25236,278
2025-08-05 10:35:00,2.25235,2.25251,2.252,2.2523400000000002,260
2025-08-05 10:40:00,2.25233,2.25242,2.25181,2.25202,246
2025-08-05 10:45:00,2.25202,2.25271,2.25187,2.25214,364
2025-08-05 10:50:00,2.25221,2.25247,2.25195,2.25228,377
2025-08-05 10:55:00,2.25229,2.25236,2.2519,2.25217,343
2025-08-05 11:00:00,2.25219,2.2524100000000002,2.25178,2.2521,320
2025-08-05 11:05:00,2.25215,2.25324,2.25197,2.25322,371
2025-08-05 11:10:00,2.25323,2.25415,2.2532,2.25387,340
2025-08-05 11:15:00,2.25387,2.25497,2.25377,2.25395,301
2025-08-05 11:20:00,2.25396,2.25422,2.25369,2.25412,331
2025-08-05 11:25:00,2.25411,2.25464,2.25347,2.25458,318
2025-08-05 11:30:00,2.25463,2.25506,2.25395,2.25434,301
2025-08-05 11:35:00,2.25432,2.25494,2.25412,2.2545,305
2025-08-05 11:40:00,2.25451,2.2552,2.25431,2.25457,296
2025-08-05 11:45:00,2.25455,2.25507,2.25449,2.2550499999999998,392
2025-08-05 11:50:00,2.25503,2.25541,2.25489,2.2550499999999998,297
2025-08-05 11:55:00,2.25504,2.25572,2.25493,2.25572,373
2025-08-05 12:00:00,2.25582,2.2559,2.25542,2.25573,327
2025-08-05 12:05:00,2.25572,2.25577,2.2552,2.25569,300
2025-08-05 12:10:00,2.25568,2.25633,2.25533,2.25618,353
2025-08-05 12:15:00,2.25619,2.25636,2.25521,2.25549,308
2025-08-05 12:20:00,2.2555,2.25563,2.25422,2.25427,230
2025-08-05 12:25:00,2.25427,2.25434,2.25405,2.25419,174
2025-08-05 12:30:00,2.25416,2.2546,2.25407,2.25433,248
2025-08-05 12:35:00,2.2542400000000002,2.25448,2.25398,2.25408,179
2025-08-05 12:40:00,2.25409,2.25442,2.25385,2.2543699999999998,219
2025-08-05 12:45:00,2.2544,2.25489,2.25416,2.25422,290
2025-08-05 12:50:00,2.25418,2.25491,2.25418,2.25466,260
2025-08-05 12:55:00,2.25464,2.25578,2.25464,2.25578,327
2025-08-05 13:00:00,2.25575,2.25591,2.25483,2.25496,335
2025-08-05 13:05:00,2.2549799999999998,2.25544,2.25453,2.25528,261
2025-08-05 13:10:00,2.2553,2.25578,2.25512,2.25534,289
2025-08-05 13:15:00,2.25535,2.25556,2.25501,2.25502,236
2025-08-05 13:20:00,2.25501,2.25552,2.25476,2.25543,266
2025-08-05 13:25:00,2.25541,2.25578,2.25524,2.25541,326
2025-08-05 13:30:00,2.2554,2.25556,2.25494,2.25519,309
2025-08-05 13:35:00,2.2552,2.25521,2.25473,2.25488,244
2025-08-05 13:40:00,2.2549,2.25496,2.25456,2.25492,223
2025-08-05 13:45:00,2.2549,2.25524,2.25468,2.25475,196
2025-08-05 13:50:00,2.25468,2.25503,2.25452,2.25483,204
2025-08-05 13:55:00,2.2548,2.25548,2.25459,2.2547,231
2025-08-05 14:00:00,2.25471,2.25507,2.25458,2.25484,298
2025-08-05 14:05:00,2.25486,2.25491,2.25442,2.25461,292
2025-08-05 14:10:00,2.25466,2.25474,2.25416,2.25434,246
2025-08-05 14:15:00,2.25435,2.25477,2.2542400000000002,2.25454,278
2025-08-05 14:20:00,2.2545,2.25466,2.25436,2.25459,283
2025-08-05 14:25:00,2.25455,2.25503,2.25441,2.25468,217
2025-08-05 14:30:00,2.25467,2.25547,2.25453,2.25523,270
2025-08-05 14:35:00,2.25525,2.25564,2.25515,2.2554600000000002,388
2025-08-05 14:40:00,2.25548,2.25561,2.25497,2.25515,270
2025-08-05 14:45:00,2.25517,2.25535,2.25439,2.2544,207
2025-08-05 14:50:00,2.25441,2.25456,2.25402,2.25416,269
2025-08-05 14:55:00,2.25415,2.25464,2.25399,2.25448,369
2025-08-05 15:00:00,2.25448,2.25467,2.25395,2.25397,401
2025-08-05 15:05:00,2.25396,2.25397,2.25271,2.25273,376
2025-08-05 15:10:00,2.25272,2.25346,2.25267,2.25343,388
2025-08-05 15:15:00,2.25345,2.2537,2.25257,2.25272,456
2025-08-05 15:20:00,2.25261,2.25368,2.25261,2.25358,487
2025-08-05 15:25:00,2.25358,2.25361,2.253,2.25346,323
2025-08-05 15:30:00,2.25352,2.25379,2.25331,2.25348,322
2025-08-05 15:35:00,2.25347,2.25379,2.25242,2.25263,368
2025-08-05 15:40:00,2.25262,2.25381,2.25255,2.25355,369
2025-08-05 15:45:00,2.25354,2.25418,2.25336,2.25406,320
2025-08-05 15:50:00,2.25407,2.25454,2.25389,2.254,362
2025-08-05 15:55:00,2.254,2.25456,2.25394,2.25412,293
2025-08-05 16:00:00,2.2541,2.2542400000000002,2.25275,2.25306,402
2025-08-05 16:05:00,2.25304,2.25359,2.253,2.25343,325
2025-08-05 16:10:00,2.25346,2.2536,2.25223,2.25226,327
2025-08-05 16:15:00,2.25227,2.25276,2.25221,2.25243,349
2025-08-05 16:20:00,2.25242,2.25314,2.25237,2.25269,402
2025-08-05 16:25:00,2.25267,2.25292,2.25247,2.25267,331
2025-08-05 16:30:00,2.25268,2.25337,2.25263,2.25289,435
2025-08-05 16:35:00,2.25294,2.2537,2.25262,2.25267,431
2025-08-05 16:40:00,2.25265,2.25317,2.25259,2.25308,356
2025-08-05 16:45:00,2.25313,2.25349,2.25276,2.25329,426
2025-08-05 16:50:00,2.25328,2.2543699999999998,2.25328,2.25351,442
2025-08-05 16:55:00,2.25353,2.25357,2.25198,2.25299,407
2025-08-05 17:00:00,2.25267,2.25362,2.25157,2.25347,773
2025-08-05 17:05:00,2.25347,2.25419,2.25293,2.25313,687
2025-08-05 17:10:00,2.25317,2.25364,2.25281,2.25317,606
2025-08-05 17:15:00,2.25312,2.25324,2.25269,2.25287,541
2025-08-05 17:20:00,2.25284,2.25372,2.25266,2.25346,571
2025-08-05 17:25:00,2.2535,2.25362,2.25287,2.2532,535
2025-08-05 17:30:00,2.25323,2.25431,2.25321,2.25393,474
2025-08-05 17:35:00,2.25397,2.25458,2.2535600000000002,2.2535600000000002,425
2025-08-05 17:40:00,2.25354,2.25408,2.25331,2.25347,457
2025-08-05 17:45:00,2.25346,2.25463,2.25335,2.25459,473
2025-08-05 17:50:00,2.25456,2.25562,2.25419,2.2553,527
2025-08-05 17:55:00,2.25531,2.25604,2.25493,2.25585,576
2025-08-05 18:00:00,2.25586,2.2563,2.25522,2.25534,576
2025-08-05 18:05:00,2.25534,2.25587,2.25519,2.25574,503
2025-08-05 18:10:00,2.2557,2.25599,2.25465,2.25486,424
2025-08-05 18:15:00,2.25482,2.25532,2.25477,2.25497,374
2025-08-05 18:20:00,2.25496,2.25497,2.25441,2.25482,367
2025-08-05 18:25:00,2.25483,2.25514,2.25458,2.25496,328
2025-08-05 18:30:00,2.25499,2.25537,2.25455,2.25531,391
2025-08-05 18:35:00,2.25531,2.25642,2.25529,2.25633,331
2025-08-05 18:40:00,2.25633,2.25654,2.2558,2.25626,366
2025-08-05 18:45:00,2.25628,2.25644,2.25602,2.25617,346
2025-08-05 18:50:00,2.25614,2.25629,2.25579,2.25586,278
2025-08-05 18:55:00,2.25582,2.25603,2.25544,2.25583,290
2025-08-05 19:00:00,2.25578,2.25648,2.25543,2.25625,316
2025-08-05 19:05:00,2.25637,2.25665,2.25556,2.25563,311
2025-08-05 19:10:00,2.25564,2.25592,2.2554600000000002,2.25563,254
2025-08-05 19:15:00,2.25565,2.25603,2.2555,2.25561,239
2025-08-05 19:20:00,2.25563,2.25589,2.25529,2.25535,227
2025-08-05 19:25:00,2.25536,2.25577,2.25531,2.2553900000000002,239
2025-08-05 19:30:00,2.2554,2.25552,2.25488,2.25506,330
2025-08-05 19:35:00,2.25507,2.25537,2.25501,2.25519,231
2025-08-05 19:40:00,2.2552,2.25548,2.25492,2.25533,264
2025-08-05 19:45:00,2.25535,2.25595,2.25527,2.25574,266
2025-08-05 19:50:00,2.25576,2.25586,2.2551,2.25541,292
2025-08-05 19:55:00,2.25536,2.25568,2.25514,2.25564,265
2025-08-05 20:00:00,2.25567,2.25605,2.2554,2.25592,279
2025-08-05 20:05:00,2.25594,2.25609,2.25564,2.25592,233
2025-08-05 20:10:00,2.25592,2.25621,2.25567,2.25575,217
2025-08-05 20:15:00,2.25573,2.2560700000000002,2.25565,2.25591,221
2025-08-05 20:20:00,2.25592,2.25611,2.25575,2.25589,221
2025-08-05 20:25:00,2.25588,2.25599,2.25551,2.25565,296
2025-08-05 20:30:00,2.25569,2.25588,2.25518,2.2553900000000002,290
2025-08-05 20:35:00,2.2553900000000002,2.25551,2.25511,2.25517,247
2025-08-05 20:40:00,2.25519,2.2554,2.25504,2.25521,275
2025-08-05 20:45:00,2.25522,2.25532,2.25489,2.25514,234
2025-08-05 20:50:00,2.25503,2.25549,2.25496,2.25531,216
2025-08-05 20:55:00,2.25533,2.25544,2.25497,2.25543,262
2025-08-05 21:00:00,2.2554,2.25556,2.25512,2.25529,249
2025-08-05 21:05:00,2.25528,2.2554600000000002,2.25512,2.25533,256
2025-08-05 21:10:00,2.25537,2.25585,2.25527,2.2555899999999998,230
2025-08-05 21:15:00,2.25558,2.25581,2.2553900000000002,2.25569,256
2025-08-05 21:20:00,2.25571,2.25578,2.25522,2.25522,257
2025-08-05 21:25:00,2.25523,2.25554,2.25512,2.25517,264
2025-08-05 21:30:00,2.25516,2.2554600000000002,2.2549799999999998,2.25521,266
2025-08-05 21:35:00,2.25525,2.25527,2.25492,2.25499,260
2025-08-05 21:40:00,2.2549799999999998,2.25529,2.25477,2.25529,250
2025-08-05 21:45:00,2.25527,2.25575,2.25514,2.2554,315
2025-08-05 21:50:00,2.2554,2.25594,2.25531,2.25586,306
2025-08-05 21:55:00,2.2559,2.25602,2.25526,2.25568,364
2025-08-05 22:00:00,2.2556599999999998,2.25596,2.25518,2.25577,289
2025-08-05 22:05:00,2.25575,2.25582,2.25543,2.25543,182
2025-08-05 22:10:00,2.25541,2.25573,2.25532,2.25536,168
2025-08-05 22:15:00,2.25534,2.25543,2.25496,2.2554,179
2025-08-05 22:20:00,2.25542,2.25573,2.2554,2.2555899999999998,149
2025-08-05 22:25:00,2.25557,2.25569,2.2549799999999998,2.25501,164
2025-08-05 22:30:00,2.25503,2.25518,2.2547800000000002,2.25504,152
2025-08-05 22:35:00,2.25506,2.25526,2.25502,2.25502,145
2025-08-05 22:40:00,2.25503,2.25522,2.25495,2.25516,158
2025-08-05 22:45:00,2.25514,2.25523,2.25492,2.25513,160
2025-08-05 22:50:00,2.25511,2.25548,2.25496,2.25548,181
2025-08-05 22:55:00,2.2554600000000002,2.25553,2.25512,2.25534,254
2025-08-05 23:00:00,2.25467,2.25479,2.25407,2.2542,225
2025-08-05 23:05:00,2.25419,2.25434,2.25399,2.25429,130
2025-08-05 23:10:00,2.2543,2.2548,2.25427,2.25477,188
2025-08-05 23:15:00,2.25475,2.25476,2.25426,2.25442,164
2025-08-05 23:20:00,2.25443,2.25466,2.25429,2.25435,178
2025-08-05 23:25:00,2.25432,2.25451,2.25431,2.25446,116
2025-08-05 23:30:00,2.25447,2.2546,2.2543,2.25431,157
2025-08-05 23:35:00,2.25432,2.25465,2.25413,2.2543699999999998,116
2025-08-05 23:40:00,2.25436,2.25441,2.25391,2.25416,121
2025-08-05 23:45:00,2.25405,2.25415,2.25288,2.25306,160
2025-08-05 23:50:00,2.25304,2.25309,2.25273,2.25288,249
2025-08-06 00:00:00,2.24991,2.24991,2.24991,2.24991,2
2025-08-06 00:05:00,2.24951,2.24951,2.24911,2.24911,7
2025-08-06 00:10:00,2.24911,2.25095,2.24911,2.25053,46
2025-08-06 00:15:00,2.25045,2.2529500000000002,2.25045,2.25206,152
2025-08-06 00:20:00,2.25206,2.2521,2.25098,2.2519299999999998,121
2025-08-06 00:25:00,2.2519,2.25208,2.25144,2.25159,66
2025-08-06 00:30:00,2.25156,2.25192,2.25137,2.2518599999999998,61
2025-08-06 00:35:00,2.25188,2.2519299999999998,2.25167,2.2518000000000002,87
2025-08-06 00:40:00,2.25191,2.25208,2.2515,2.252,153
2025-08-06 00:45:00,2.25202,2.25281,2.252,2.25272,158
2025-08-06 00:50:00,2.25258,2.2529,2.25208,2.25223,150
2025-08-06 00:55:00,2.25224,2.25284,2.25181,2.25236,194
2025-08-06 01:00:00,2.2529,2.25341,2.25278,2.2534,126
2025-08-06 01:05:00,2.25338,2.25338,2.25309,2.25325,88
2025-08-06 01:10:00,2.25324,2.25365,2.25313,2.25329,46
2025-08-06 01:15:00,2.25328,2.25416,2.25307,2.25414,110
2025-08-06 01:20:00,2.25416,2.25469,2.25402,2.25402,110
2025-08-06 01:25:00,2.25403,2.25491,2.25397,2.25483,105
2025-08-06 01:30:00,2.25475,2.25561,2.25432,2.25447,109
2025-08-06 01:35:00,2.2545,2.25481,2.25439,2.25457,75
2025-08-06 01:40:00,2.25461,2.2547,2.25428,2.25442,103
2025-08-06 01:45:00,2.25428,2.25458,2.25035,2.25156,241
2025-08-06 01:50:00,2.25155,2.2524,2.25155,2.25213,126
2025-08-06 01:55:00,2.25215,2.25221,2.25167,2.2522,133
2025-08-06 02:00:00,2.25231,2.25319,2.25116,2.25199,161
2025-08-06 02:05:00,2.25199,2.25217,2.25049,2.25075,95
2025-08-06 02:10:00,2.25078,2.2509,2.24979,2.24999,104
2025-08-06 02:15:00,2.2499000000000002,2.25014,2.24937,2.24987,116
2025-08-06 02:20:00,2.24985,2.25055,2.24985,2.25026,116
2025-08-06 02:25:00,2.25027,2.25052,2.25016,2.2504,71
2025-08-06 02:30:00,2.25041,2.25111,2.25002,2.2509,125
2025-08-06 02:35:00,2.25093,2.251,2.2506399999999998,2.2507,69
2025-08-06 02:40:00,2.25068,2.25103,2.25034,2.25036,87
2025-08-06 02:45:00,2.25033,2.25087,2.25007,2.25044,120
2025-08-06 02:50:00,2.25043,2.25043,2.25008,2.25039,127
2025-08-06 02:55:00,2.2504,2.25083,2.25004,2.25076,195
2025-08-06 03:00:00,2.2508,2.251,2.24962,2.24962,351
2025-08-06 03:05:00,2.24975,2.24999,2.24942,2.24971,273
2025-08-06 03:10:00,2.24969,2.25012,2.24956,2.24996,207
2025-08-06 03:15:00,2.24997,2.25016,2.24948,2.24974,194
2025-08-06 03:20:00,2.24973,2.24979,2.24953,2.24975,177
2025-08-06 03:25:00,2.24978,2.25012,2.2496,2.24982,122
2025-08-06 03:30:00,2.24978,2.25019,2.24954,2.24969,198
2025-08-06 03:35:00,2.24971,2.24984,2.24896,2.24896,152
2025-08-06 03:40:00,2.24896,2.24951,2.24877,2.24937,188
2025-08-06 03:45:00,2.24935,2.24988,2.24923,2.24985,190
2025-08-06 03:50:00,2.24986,2.25034,2.24959,2.25007,222
2025-08-06 03:55:00,2.2500299999999998,2.25049,2.24975,2.24994,293
2025-08-06 04:00:00,2.25002,2.25044,2.24986,2.25019,246
2025-08-06 04:05:00,2.2502,2.25103,2.2500299999999998,2.25103,195
2025-08-06 04:10:00,2.25102,2.25115,2.2507099999999998,2.25093,181
2025-08-06 04:15:00,2.25091,2.25143,2.25082,2.25084,236
2025-08-06 04:20:00,2.25083,2.2511900000000002,2.25079,2.25118,224
2025-08-06 04:25:00,2.25107,2.25138,2.25089,2.25096,229
2025-08-06 04:30:00,2.25099,2.25113,2.25057,2.25074,200
2025-08-06 04:35:00,2.25073,2.25105,2.25019,2.25045,199
2025-08-06 04:40:00,2.25043,2.25057,2.24961,2.24969,212
2025-08-06 04:45:00,2.24967,2.25001,2.24953,2.24957,242
2025-08-06 04:50:00,2.24955,2.24969,2.24924,2.24924,205
2025-08-06 04:55:00,2.24923,2.24954,2.24916,2.24927,226
2025-08-06 05:00:00,2.24926,2.24961,2.24913,2.24954,215
2025-08-06 05:05:00,2.24952,2.24952,2.24843,2.24843,183
2025-08-06 05:10:00,2.24857,2.24858,2.24798,2.2480700000000002,212
2025-08-06 05:15:00,2.24808,2.24828,2.24781,2.24791,187
2025-08-06 05:20:00,2.24789,2.24798,2.2471,2.24738,260
2025-08-06 05:25:00,2.2474,2.24765,2.24734,2.24756,148
2025-08-06 05:30:00,2.24757,2.24789,2.24756,2.24768,222
2025-08-06 05:35:00,2.2477,2.24784,2.24739,2.24781,201
2025-08-06 05:40:00,2.2478,2.24798,2.24757,2.24779,222
2025-08-06 05:45:00,2.2478,2.24787,2.24713,2.24723,175
2025-08-06 05:50:00,2.24722,2.24727,2.24696,2.24706,189
2025-08-06 05:55:00,2.24706,2.24719,2.24699,2.24714,213
2025-08-06 06:00:00,2.24718,2.24719,2.24674,2.24677,230
2025-08-06 06:05:00,2.24672,2.247,2.24665,2.24681,184
2025-08-06 06:10:00,2.24681,2.24725,2.24676,2.24692,247
2025-08-06 06:15:00,2.24693,2.24742,2.24688,2.24708,167
2025-08-06 06:20:00,2.24706,2.2472,2.24663,2.24687,208
2025-08-06 06:25:00,2.24686,2.24715,2.2467,2.24692,198
2025-08-06 06:30:00,2.24692,2.24693,2.24658,2.24679,186
2025-08-06 06:35:00,2.24669,2.24704,2.24666,2.24684,144
2025-08-06 06:40:00,2.24683,2.24701,2.24672,2.24676,111
2025-08-06 06:45:00,2.24678,2.24684,2.24662,2.24665,136
2025-08-06 06:50:00,2.24666,2.24693,2.24665,2.24681,109
2025-08-06 06:55:00,2.24677,2.2472,2.24652,2.2472,206
2025-08-06 07:00:00,2.24717,2.2476,2.24714,2.24742,250
2025-08-06 07:05:00,2.24741,2.24745,2.24714,2.24714,204
2025-08-06 07:10:00,2.24713,2.24725,2.24706,2.24716,138
2025-08-06 07:15:00,2.24714,2.24722,2.2468,2.247,165
2025-08-06 07:20:00,2.24698,2.24703,2.24615,2.24617,177
2025-08-06 07:25:00,2.24619,2.24652,2.24596,2.24623,139
2025-08-06 07:30:00,2.24622,2.24638,2.24613,2.24615,186
2025-08-06 07:35:00,2.24626,2.24649,2.24596,2.24622,147
2025-08-06 07:40:00,2.24624,2.24638,2.24614,2.24629,151
2025-08-06 07:45:00,2.24627,2.24633,2.24608,2.24616,188
2025-08-06 07:50:00,2.24615,2.24658,2.24614,2.24652,140
2025-08-06 07:55:00,2.24663,2.24668,2.24636,2.24641,133
2025-08-06 08:00:00,2.2464,2.2471,2.24627,2.2468,220
2025-08-06 08:05:00,2.24679,2.24698,2.24675,2.24687,162
2025-08-06 08:10:00,2.24686,2.24713,2.24668,2.24668,185
2025-08-06 08:15:00,2.2467,2.24688,2.24659,2.24677,123
2025-08-06 08:20:00,2.24675,2.24697,2.24653,2.24682,176
2025-08-06 08:25:00,2.2469,2.24703,2.24676,2.24691,168
2025-08-06 08:30:00,2.24695,2.24762,2.24674,2.24747,234
2025-08-06 08:35:00,2.24749,2.24784,2.24733,2.24783,183
2025-08-06 08:40:00,2.24782,2.24793,2.24747,2.24747,143
2025-08-06 08:45:00,2.24747,2.24796,2.24747,2.24758,182
2025-08-06 08:50:00,2.24759,2.24842,2.24758,2.24826,190
2025-08-06 08:55:00,2.24828,2.24877,2.2482699999999998,2.24836,231
2025-08-06 09:00:00,2.24838,2.24841,2.24803,2.24813,262
2025-08-06 09:05:00,2.24815,2.24841,2.24753,2.24775,185
2025-08-06 09:10:00,2.24776,2.24803,2.24764,2.2476599999999998,174
2025-08-06 09:15:00,2.24764,2.24799,2.2476,2.24765,227
2025-08-06 09:20:00,2.24768,2.24818,2.24753,2.24781,194
2025-08-06 09:25:00,2.24782,2.24791,2.24695,2.24719,264
2025-08-06 09:30:00,2.24718,2.24739,2.24696,2.24718,263
2025-08-06 09:35:00,2.24717,2.24725,2.24682,2.2471,289
2025-08-06 09:40:00,2.24709,2.24726,2.2466,2.24683,260
2025-08-06 09:45:00,2.24684,2.2470499999999998,2.24658,2.24683,265
2025-08-06 09:50:00,2.24682,2.24683,2.24649,2.24669,195
2025-08-06 09:55:00,2.2467,2.24711,2.24652,2.2471,298
2025-08-06 10:00:00,2.24716,2.24762,2.2467,2.2468,336
2025-08-06 10:05:00,2.24679,2.24682,2.24632,2.24648,256
2025-08-06 10:10:00,2.2464399999999998,2.24687,2.2464399999999998,2.24677,265
2025-08-06 10:15:00,2.24676,2.24679,2.24589,2.2459,306
2025-08-06 10:20:00,2.24591,2.24597,2.24536,2.24543,257
2025-08-06 10:25:00,2.24546,2.24546,2.24435,2.24446,225
2025-08-06 10:30:00,2.24442,2.24451,2.24409,2.24424,201
2025-08-06 10:35:00,2.24425,2.2449,2.24409,2.24489,221
2025-08-06 10:40:00,2.24486,2.24487,2.24427,2.24436,237
2025-08-06 10:45:00,2.2443400000000002,2.24469,2.24414,2.24463,231
2025-08-06 10:50:00,2.24464,2.24483,2.24435,2.24475,292
2025-08-06 10:55:00,2.24476,2.24541,2.24472,2.24529,295
2025-08-06 11:00:00,2.24521,2.24553,2.24515,2.24532,266
2025-08-06 11:05:00,2.24545,2.24546,2.24445,2.24485,296
2025-08-06 11:10:00,2.24483,2.24561,2.24472,2.24514,274
2025-08-06 11:15:00,2.24515,2.24541,2.24485,2.24538,309
2025-08-06 11:20:00,2.24539,2.24551,2.24515,2.24543,293
2025-08-06 11:25:00,2.24534,2.24576,2.24516,2.24566,216
2025-08-06 11:30:00,2.24565,2.24565,2.24485,2.24507,302
2025-08-06 11:35:00,2.24505,2.24554,2.24482,2.24543,220
2025-08-06 11:40:00,2.24543,2.24555,2.245,2.24555,226
2025-08-06 11:45:00,2.24554,2.2455600000000002,2.24511,2.24538,261
2025-08-06 11:50:00,2.24539,2.2454,2.24466,2.24466,208
2025-08-06 11:55:00,2.24465,2.24474,2.24393,2.24405,242
2025-08-06 12:00:00,2.24408,2.24471,2.2439,2.24453,243
2025-08-06 12:05:00,2.24456,2.2446099999999998,2.24396,2.24457,213
2025-08-06 12:10:00,2.24454,2.2446,2.24391,2.24392,189
2025-08-06 12:15:00,2.24391,2.24404,2.2433899999999998,2.24353,215
2025-08-06 12:20:00,2.24354,2.24407,2.2433899999999998,2.24396,220
2025-08-06 12:25:00,2.24397,2.24458,2.24386,2.24436,207
2025-08-06 12:30:00,2.24435,2.24467,2.24422,2.24455,274
2025-08-06 12:35:00,2.24455,2.2446,2.2443400000000002,2.24438,188
2025-08-06 12:40:00,2.2444,2.24499,2.24439,2.24487,217
2025-08-06 12:45:00,2.24487,2.24552,2.24487,2.2454,204
2025-08-06 12:50:00,2.24538,2.24548,2.24501,2.24531,195
2025-08-06 12:55:00,2.24535,2.24569,2.24515,2.24536,312
2025-08-06 13:00:00,2.24543,2.24571,2.24519,2.24564,323
2025-08-06 13:05:00,2.24562,2.2459,2.24532,2.2459,402
2025-08-06 13:10:00,2.24586,2.24604,2.24544,2.24552,397
2025-08-06 13:15:00,2.2455,2.24578,2.2451,2.24537,359
2025-08-06 13:20:00,2.24535,2.24571,2.24515,2.2457,392
2025-08-06 13:25:00,2.24558,2.24598,2.24541,2.24598,335
2025-08-06 13:30:00,2.24595,2.24636,2.24586,2.24624,251
2025-08-06 13:35:00,2.24624,2.24638,2.24574,2.2461,235
2025-08-06 13:40:00,2.24607,2.24661,2.24602,2.24625,234
2025-08-06 13:45:00,2.24626,2.24626,2.24533,2.24573,307
2025-08-06 13:50:00,2.24572,2.24601,2.24507,2.24515,315
2025-08-06 13:55:00,2.24514,2.24528,2.2441,2.24427,285
2025-08-06 14:00:00,2.24425,2.24523,2.24423,2.24486,308
2025-08-06 14:05:00,2.24485,2.24517,2.24467,2.24483,271
2025-08-06 14:10:00,2.24483,2.24504,2.24455,2.24474,300
2025-08-06 14:15:00,2.24473,2.24572,2.24427,2.24563,286
2025-08-06 14:20:00,2.24564,2.24594,2.24557,2.2458,239
2025-08-06 14:25:00,2.24577,2.24606,2.2456,2.24581,286
2025-08-06 14:30:00,2.24579,2.24589,2.24521,2.24564,329
2025-08-06 14:35:00,2.24561,2.24601,2.2453,2.24533,247
2025-08-06 14:40:00,2.24532,2.24578,2.2453,2.24549,247
2025-08-06 14:45:00,2.24548,2.24575,2.24506,2.24523,265
2025-08-06 14:50:00,2.24519,2.24561,2.24489,2.24543,235
2025-08-06 14:55:00,2.24541,2.24569,2.24477,2.24489,293
2025-08-06 15:00:00,2.24491,2.24491,2.2443,2.24464,328
2025-08-06 15:05:00,2.24463,2.24476,2.24423,2.24433,342
2025-08-06 15:10:00,2.24433,2.24486,2.24433,2.24479,275
2025-08-06 15:15:00,2.2448,2.24513,2.24469,2.24469,231
2025-08-06 15:20:00,2.24469,2.24481,2.24429,2.24433,313
2025-08-06 15:25:00,2.2443,2.24503,2.24426,2.24488,221
2025-08-06 15:30:00,2.2449,2.2451,2.24457,2.24476,217
2025-08-06 15:35:00,2.2448,2.24551,2.24479,2.24549,258
2025-08-06 15:40:00,2.24545,2.24652,2.24532,2.24634,270
2025-08-06 15:45:00,2.24633,2.24656,2.2455,2.24551,329
2025-08-06 15:50:00,2.24553,2.24574,2.24478,2.24499,352
2025-08-06 15:55:00,2.24504,2.24504,2.24428,2.24444,411
2025-08-06 16:00:00,2.24437,2.24514,2.24437,2.24492,377
2025-08-06 16:05:00,2.2449,2.24551,2.24482,2.24526,321
2025-08-06 16:10:00,2.24525,2.24542,2.24468,2.24487,321
2025-08-06 16:15:00,2.24487,2.24512,2.24456,2.2446099999999998,315
2025-08-06 16:20:00,2.24464,2.24472,2.24427,2.2443,296
2025-08-06 16:25:00,2.24438,2.24502,2.2443,2.24474,363
2025-08-06 16:30:00,2.24474,2.2449,2.24393,2.24484,631
2025-08-06 16:35:00,2.24485,2.24561,2.24458,2.24535,632
2025-08-06 16:40:00,2.24535,2.24545,2.24484,2.24497,662
2025-08-06 16:45:00,2.24498,2.24554,2.24489,2.2455,585
2025-08-06 16:50:00,2.24546,2.24574,2.24489,2.24558,667
2025-08-06 16:55:00,2.24558,2.24682,2.24537,2.2464,774
2025-08-06 17:00:00,2.24637,2.24679,2.24602,2.24671,776
2025-08-06 17:05:00,2.24675,2.24684,2.2454,2.24573,658
2025-08-06 17:10:00,2.24575,2.24703,2.24567,2.24686,508
2025-08-06 17:15:00,2.24691,2.24739,2.24671,2.2471,571
2025-08-06 17:20:00,2.2471,2.2479,2.24703,2.24784,600
2025-08-06 17:25:00,2.24784,2.24825,2.2476599999999998,2.248,543
2025-08-06 17:30:00,2.248,2.24932,2.24785,2.24917,555
2025-08-06 17:35:00,2.24918,2.24977,2.24908,2.24924,610
2025-08-06 17:40:00,2.24934,2.2502,2.24921,2.25,558
2025-08-06 17:45:00,2.24998,2.25034,2.24945,2.24973,488
2025-08-06 17:50:00,2.24973,2.24984,2.2487,2.24879,516
2025-08-06 17:55:00,2.24878,2.24942,2.24789,2.2492,647
2025-08-06 18:00:00,2.2492,2.24953,2.24872,2.24901,633
2025-08-06 18:05:00,2.24902,2.24931,2.24845,2.2488,563
2025-08-06 18:10:00,2.24882,2.24941,2.24862,2.24901,509
2025-08-06 18:15:00,2.24901,2.24907,2.24824,2.24838,451
2025-08-06 18:20:00,2.2484,2.24877,2.24813,2.24857,540
2025-08-06 18:25:00,2.24858,2.24866,2.248,2.24838,433
2025-08-06 18:30:00,2.24842,2.24932,2.24809,2.24906,517
2025-08-06 18:35:00,2.24906,2.24992,2.2489,2.2496,782
2025-08-06 18:40:00,2.2496,2.25049,2.24945,2.24971,925
2025-08-06 18:45:00,2.24972,2.24973,2.24907,2.24925,674
2025-08-06 18:50:00,2.24924,2.24927,2.24857,2.24903,583
2025-08-06 18:55:00,2.24901,2.24955,2.24885,2.2495,585
2025-08-06 19:00:00,2.24948,2.24986,2.24938,2.24948,524
2025-08-06 19:05:00,2.24948,2.25015,2.24938,2.25002,449
2025-08-06 19:10:00,2.24981,2.25044,2.24969,2.25033,483
2025-08-06 19:15:00,2.25033,2.2506399999999998,2.25004,2.2503,424
2025-08-06 19:20:00,2.25026,2.25028,2.24946,2.24952,406
2025-08-06 19:25:00,2.24952,2.2496,2.24901,2.24916,436
2025-08-06 19:30:00,2.24916,2.24968,2.24896,2.24945,508
2025-08-06 19:35:00,2.24947,2.24947,2.24907,2.24943,356
2025-08-06 19:40:00,2.24943,2.24961,2.24906,2.24955,286
2025-08-06 19:45:00,2.24951,2.25023,2.24936,2.25016,509
2025-08-06 19:50:00,2.25016,2.25049,2.24975,2.25026,518
2025-08-06 19:55:00,2.25024,2.25044,2.24987,2.25012,467
2025-08-06 20:00:00,2.25008,2.25025,2.24948,2.24983,568
2025-08-06 20:05:00,2.24983,2.2505800000000002,2.24974,2.2505,455
2025-08-06 20:10:00,2.25052,2.25066,2.24998,2.2504,432
2025-08-06 20:15:00,2.2504,2.25049,2.24997,2.25007,359
2025-08-06 20:20:00,2.25009,2.25053,2.24991,2.25046,384
2025-08-06 20:25:00,2.25044,2.25054,2.25014,2.25035,357
2025-08-06 20:30:00,2.25035,2.2506,2.24992,2.25035,420
2025-08-06 20:35:00,2.25035,2.25063,2.24939,2.24974,355
2025-08-06 20:40:00,2.24973,2.24975,2.24908,2.24951,378
2025-08-06 20:45:00,2.24951,2.24976,2.24936,2.24965,327
2025-08-06 20:50:00,2.24965,2.24992,2.24937,2.24954,259
2025-08-06 20:55:00,2.24956,2.24974,2.24926,2.24962,371
2025-08-06 21:00:00,2.24954,2.24982,2.24933,2.24968,288
2025-08-06 21:05:00,2.24968,2.25,2.24952,2.24975,303
2025-08-06 21:10:00,2.24976,2.24997,2.2494,2.24997,301
2025-08-06 21:15:00,2.25001,2.25054,2.24979,2.25043,284
2025-08-06 21:20:00,2.25047,2.25053,2.24994,2.24995,314
2025-08-06 21:25:00,2.24995,2.25033,2.24984,2.25023,379
2025-08-06 21:30:00,2.25027,2.25035,2.24983,2.24987,462
2025-08-06 21:35:00,2.24985,2.24995,2.2492900000000002,2.24948,380
2025-08-06 21:40:00,2.2495,2.25004,2.24942,2.24975,429
2025-08-06 21:45:00,2.24975,2.24991,2.24936,2.24991,352
2025-08-06 21:50:00,2.24991,2.25007,2.24958,2.24991,276
2025-08-06 21:55:00,2.24991,2.2507099999999998,2.24984,2.25054,385
2025-08-06 22:00:00,2.2505,2.2506399999999998,2.24996,2.25006,341
2025-08-06 22:05:00,2.25006,2.25106,2.24989,2.25097,255
2025-08-06 22:10:00,2.25098,2.25109,2.25045,2.25067,299
2025-08-06 22:15:00,2.2507099999999998,2.25114,2.25065,2.25068,228
2025-08-06 22:20:00,2.25068,2.25099,2.25036,2.25084,227
2025-08-06 22:25:00,2.25084,2.25108,2.2505800000000002,2.25085,268
2025-08-06 22:30:00,2.25087,2.25106,2.25062,2.25096,186
2025-08-06 22:35:00,2.25096,2.25096,2.2505,2.25073,230
2025-08-06 22:40:00,2.25073,2.25086,2.25045,2.25077,232
2025-08-06 22:45:00,2.25077,2.25106,2.25052,2.25097,282
2025-08-06 22:50:00,2.25097,2.25108,2.25066,2.25094,271
2025-08-06 22:55:00,2.25095,2.25095,2.25029,2.25073,354
2025-08-06 23:00:00,2.25073,2.25109,2.25042,2.25088,312
2025-08-06 23:05:00,2.25081,2.25095,2.25043,2.25083,232
2025-08-06 23:10:00,2.25089,2.2511900000000002,2.25043,2.25053,207
2025-08-06 23:15:00,2.25053,2.2507,2.2503,2.25059,182
2025-08-06 23:20:00,2.25052,2.2506,2.25017,2.25052,146
2025-08-06 23:25:00,2.25056,2.25063,2.25024,2.2505100000000002,198
2025-08-06 23:30:00,2.2505100000000002,2.25105,2.25026,2.25084,181
2025-08-06 23:35:00,2.25077,2.2514,2.25074,2.25094,438
2025-08-06 23:40:00,2.25094,2.25094,2.24828,2.24909,302
2025-08-06 23:45:00,2.24913,2.24953,2.24903,2.24936,245
2025-08-06 23:50:00,2.24937,2.24975,2.24933,2.24968,292
2025-08-06 23:55:00,2.24974,2.24977,2.24947,2.24966,232
2025-08-07 00:00:00,2.25046,2.25056,2.25046,2.25056,4
2025-08-07 00:05:00,2.25056,2.25056,2.24903,2.24933,19
2025-08-07 00:10:00,2.24933,2.24944,2.24917,2.24932,13
2025-08-07 00:15:00,2.24932,2.24947,2.24924,2.24947,15
2025-08-07 00:20:00,2.24947,2.25022,2.24934,2.24981,58
2025-08-07 00:25:00,2.24976,2.24989,2.24897,2.24912,73
2025-08-07 00:30:00,2.24905,2.24917,2.24886,2.2488799999999998,42
2025-08-07 00:35:00,2.24892,2.24969,2.24882,2.2496,138
2025-08-07 00:40:00,2.24956,2.2500299999999998,2.24933,2.24946,278
2025-08-07 00:45:00,2.24951,2.24983,2.24933,2.24983,174
2025-08-07 00:50:00,2.24983,2.25021,2.2494899999999998,2.2500999999999998,105
2025-08-07 00:55:00,2.2500999999999998,2.25052,2.24969,2.25018,497
2025-08-07 01:00:00,2.24998,2.25182,2.24998,2.25158,409
2025-08-07 01:05:00,2.25162,2.25191,2.25145,2.25176,145
2025-08-07 01:10:00,2.25176,2.25187,2.25136,2.25179,185
2025-08-07 01:15:00,2.25172,2.25215,2.2517,2.25203,216
2025-08-07 01:20:00,2.25199,2.25199,2.25162,2.25181,189
2025-08-07 01:25:00,2.25179,2.25184,2.25156,2.25168,296
2025-08-07 01:30:00,2.25167,2.25168,2.25135,2.25142,254
2025-08-07 01:35:00,2.25144,2.25148,2.25101,2.25101,175
2025-08-07 01:40:00,2.25101,2.25105,2.2508,2.25094,227
2025-08-07 01:45:00,2.25092,2.25117,2.25068,2.25117,210
2025-08-07 01:50:00,2.25117,2.25122,2.25082,2.25085,250
2025-08-07 01:55:00,2.25085,2.25129,2.25085,2.2511900000000002,189
2025-08-07 02:00:00,2.25114,2.25116,2.25075,2.25079,241
2025-08-07 02:05:00,2.25065,2.25083,2.25037,2.25076,275
2025-08-07 02:10:00,2.25074,2.25101,2.2505,2.25069,214
2025-08-07 02:15:00,2.2507,2.25091,2.25056,2.25067,182
2025-08-07 02:20:00,2.25067,2.25095,2.2505,2.2506,151
2025-08-07 02:25:00,2.2506,2.25141,2.25056,2.25105,191
2025-08-07 02:30:00,2.25105,2.25145,2.25105,2.25133,178
2025-08-07 02:35:00,2.25133,2.25147,2.25109,2.25147,183
2025-08-07 02:40:00,2.25147,2.25229,2.25143,2.25229,185
2025-08-07 02:45:00,2.25227,2.25242,2.25214,2.25221,254
2025-08-07 02:50:00,2.25219,2.25248,2.25206,2.25218,217
2025-08-07 02:55:00,2.25218,2.25307,2.25218,2.25284,275
2025-08-07 03:00:00,2.25286,2.25324,2.25266,2.25272,549
2025-08-07 03:05:00,2.25282,2.2536,2.25282,2.25348,337
2025-08-07 03:10:00,2.25348,2.25367,2.2529500000000002,2.25298,253
2025-08-07 03:15:00,2.25299,2.25304,2.25257,2.25287,301
2025-08-07 03:20:00,2.25285,2.2530200000000002,2.2519,2.2519,275
2025-08-07 03:25:00,2.2519,2.25228,2.25148,2.25218,340
2025-08-07 03:30:00,2.2522,2.25233,2.25171,2.25178,444
2025-08-07 03:35:00,2.25178,2.25188,2.2516,2.25174,358
2025-08-07 03:40:00,2.25174,2.25197,2.25139,2.25156,231
2025-08-07 03:45:00,2.25152,2.25158,2.25117,2.25138,372
2025-08-07 03:50:00,2.25138,2.2515,2.25074,2.25111,415
2025-08-07 03:55:00,2.25103,2.2515,2.25076,2.25118,375
2025-08-07 04:00:00,2.25118,2.25118,2.25026,2.25084,470
2025-08-07 04:05:00,2.25084,2.25091,2.24964,2.24984,314
2025-08-07 04:10:00,2.24986,2.25056,2.24979,2.25016,311
2025-08-07 04:15:00,2.25024,2.25082,2.25008,2.2505,384
2025-08-07 04:20:00,2.2505,2.25062,2.25016,2.25023,325
2025-08-07 04:25:00,2.25019,2.25053,2.24987,2.25011,409
2025-08-07 04:30:00,2.25011,2.25011,2.24918,2.24951,417
2025-08-07 04:35:00,2.24955,2.24967,2.249,2.24904,411
2025-08-07 04:40:00,2.24904,2.24916,2.24809,2.24817,357
2025-08-07 04:45:00,2.24817,2.24824,2.24706,2.24726,401
2025-08-07 04:50:00,2.24726,2.24788,2.2468500000000002,2.24757,357
2025-08-07 04:55:00,2.24753,2.24834,2.2474600000000002,2.2477,351
2025-08-07 05:00:00,2.2477,2.24794,2.24738,2.2477,318
2025-08-07 05:05:00,2.2477,2.24788,2.24701,2.24704,370
2025-08-07 05:10:00,2.24706,2.24768,2.2469,2.24729,439
2025-08-07 05:15:00,2.24737,2.24745,2.24682,2.24706,287
2025-08-07 05:20:00,2.24706,2.24749,2.24699,2.24732,305
2025-08-07 05:25:00,2.24732,2.24796,2.24725,2.24791,313
2025-08-07 05:30:00,2.24791,2.24811,2.24718,2.24792,281
2025-08-07 05:35:00,2.24796,2.24796,2.2474600000000002,2.24794,278
2025-08-07 05:40:00,2.24787,2.2486,2.24767,2.24855,299
2025-08-07 05:45:00,2.24856,2.2488799999999998,2.24835,2.24871,261
2025-08-07 05:50:00,2.24869,2.2492,2.24867,2.24903,246
2025-08-07 05:55:00,2.24903,2.24903,2.24762,2.24765,292
2025-08-07 06:00:00,2.24765,2.24824,2.24754,2.24793,325
2025-08-07 06:05:00,2.24793,2.24818,2.2477,2.24797,315
2025-08-07 06:10:00,2.24795,2.24799,2.24748,2.2478,263
2025-08-07 06:15:00,2.24782,2.24844,2.24777,2.24831,430
2025-08-07 06:20:00,2.24831,2.24841,2.24743,2.24759,364
2025-08-07 06:25:00,2.24749,2.24817,2.24735,2.2476599999999998,382
2025-08-07 06:30:00,2.24767,2.24776,2.24697,2.2477,369
2025-08-07 06:35:00,2.24771,2.24852,2.24762,2.24852,263
2025-08-07 06:40:00,2.24848,2.24906,2.24819,2.24906,364
2025-08-07 06:45:00,2.24906,2.24911,2.24826,2.24867,318
2025-08-07 06:50:00,2.2487,2.2487,2.24727,2.24735,293
2025-08-07 06:55:00,2.24737,2.24739,2.24694,2.24707,304
2025-08-07 07:00:00,2.24707,2.24707,2.24624,2.24652,298
2025-08-07 07:05:00,2.24652,2.24665,2.24592,2.24631,328
2025-08-07 07:10:00,2.24631,2.24694,2.24568,2.24683,280
2025-08-07 07:15:00,2.24684,2.24707,2.24651,2.24667,215
2025-08-07 07:20:00,2.24663,2.24666,2.2457,2.24578,292
2025-08-07 07:25:00,2.24578,2.24659,2.24566,2.24636,326
2025-08-07 07:30:00,2.24632,2.24662,2.24593,2.24646,334
2025-08-07 07:35:00,2.24648,2.24675,2.24618,2.24668,299
2025-08-07 07:40:00,2.24668,2.24669,2.2463,2.24642,266
2025-08-07 07:45:00,2.24642,2.24662,2.24633,2.24634,282
2025-08-07 07:50:00,2.24634,2.2468500000000002,2.2463,2.24634,316
2025-08-07 07:55:00,2.24636,2.24658,2.24598,2.24658,268
2025-08-07 08:00:00,2.24659,2.24717,2.24652,2.24699,325
2025-08-07 08:05:00,2.24699,2.24754,2.24697,2.24742,334
2025-08-07 08:10:00,2.24742,2.24833,2.24732,2.24829,296
2025-08-07 08:15:00,2.24831,2.2486,2.24812,2.24846,254
2025-08-07 08:20:00,2.24846,2.2486,2.24743,2.24758,238
2025-08-07 08:25:00,2.24758,2.24773,2.24716,2.24744,200
2025-08-07 08:30:00,2.2474600000000002,2.24798,2.24699,2.24701,255
2025-08-07 08:35:00,2.24701,2.2474,2.24699,2.24732,295
2025-08-07 08:40:00,2.24732,2.2476,2.24732,2.24754,321
2025-08-07 08:45:00,2.24754,2.24772,2.24711,2.24727,300
2025-08-07 08:50:00,2.24727,2.24731,2.24634,2.24652,346
2025-08-07 08:55:00,2.24648,2.24682,2.24643,2.24657,297
2025-08-07 09:00:00,2.24665,2.2474,2.24631,2.24631,391
2025-08-07 09:05:00,2.24633,2.24646,2.24432,2.24526,376
2025-08-07 09:10:00,2.24529,2.24548,2.24488,2.24526,344
2025-08-07 09:15:00,2.24524,2.24547,2.24407,2.24457,497
2025-08-07 09:20:00,2.24454,2.24458,2.24329,2.24409,359
2025-08-07 09:25:00,2.24409,2.24445,2.24388,2.24407,424
2025-08-07 09:30:00,2.24411,2.24442,2.24385,2.24392,346
2025-08-07 09:35:00,2.24396,2.24477,2.24396,2.24467,395
2025-08-07 09:40:00,2.24467,2.24494,2.24379,2.2448,372
2025-08-07 09:45:00,2.24483,2.24501,2.24422,2.24489,370
2025-08-07 09:50:00,2.24489,2.24547,2.24433,2.24527,355
2025-08-07 09:55:00,2.24529,2.24575,2.24509,2.24543,435
2025-08-07 10:00:00,2.24543,2.24544,2.24486,2.2452,479
2025-08-07 10:05:00,2.2452,2.24579,2.2451,2.24574,485
2025-08-07 10:10:00,2.24574,2.2458,2.24542,2.24563,353
2025-08-07 10:15:00,2.24565,2.24568,2.24471,2.24487,366
2025-08-07 10:20:00,2.24488,2.24488,2.24417,2.24436,392
2025-08-07 10:25:00,2.24439,2.24444,2.24357,2.24366,405
2025-08-07 10:30:00,2.24372,2.24427,2.24335,2.24419,464
2025-08-07 10:35:00,2.24422,2.2451,2.24396,2.24501,458
2025-08-07 10:40:00,2.24501,2.24514,2.24457,2.24513,385
2025-08-07 10:45:00,2.24513,2.24521,2.24404,2.24408,411
2025-08-07 10:50:00,2.24408,2.24417,2.24301,2.24324,492
2025-08-07 10:55:00,2.24325,2.24343,2.2421,2.24213,424
2025-08-07 11:00:00,2.24209,2.24268,2.24165,2.24177,562
2025-08-07 11:05:00,2.24184,2.24358,2.2418,2.24336,697
2025-08-07 11:10:00,2.24336,2.24377,2.24314,2.24337,546
2025-08-07 11:15:00,2.24337,2.24372,2.2428,2.24372,555
2025-08-07 11:20:00,2.24368,2.24514,2.24358,2.2449,511
2025-08-07 11:25:00,2.2449,2.24523,2.24475,2.2449,436
2025-08-07 11:30:00,2.2449,2.24525,2.24446,2.24449,481
2025-08-07 11:35:00,2.24449,2.24483,2.24412,2.2443400000000002,440
2025-08-07 11:40:00,2.2443400000000002,2.2447,2.24404,2.24411,429
2025-08-07 11:45:00,2.2441,2.2441,2.24298,2.24319,538
2025-08-07 11:50:00,2.24311,2.24402,2.2431,2.24398,494
2025-08-07 11:55:00,2.2439999999999998,2.24445,2.24366,2.24372,452
2025-08-07 12:00:00,2.24374,2.2444,2.24353,2.24407,454
2025-08-07 12:05:00,2.24409,2.24469,2.24391,2.24457,432
2025-08-07 12:10:00,2.24456,2.2447,2.24377,2.24384,361
2025-08-07 12:15:00,2.24398,2.24405,2.2435,2.24398,446
2025-08-07 12:20:00,2.24398,2.24402,2.24335,2.24347,415
2025-08-07 12:25:00,2.24351,2.24414,2.24349,2.24408,419
2025-08-07 12:30:00,2.24406,2.24467,2.24393,2.24432,446
2025-08-07 12:35:00,2.24432,2.24512,2.2443,2.2451,417
2025-08-07 12:40:00,2.2451,2.24518,2.24478,2.24493,380
2025-08-07 12:45:00,2.24489,2.24505,2.24472,2.24489,395
2025-08-07 12:50:00,2.2449,2.24529,2.24454,2.24519,362
2025-08-07 12:55:00,2.24519,2.24605,2.2449,2.24591,497
2025-08-07 13:00:00,2.24593,2.24643,2.24574,2.24643,515
2025-08-07 13:05:00,2.24642,2.24654,2.2455,2.2465,359
2025-08-07 13:10:00,2.2465,2.24656,2.24588,2.246,423
2025-08-07 13:15:00,2.246,2.2464399999999998,2.24548,2.24557,363
2025-08-07 13:20:00,2.24558,2.24588,2.24543,2.24579,361
2025-08-07 13:25:00,2.24579,2.24631,2.24545,2.24561,464
2025-08-07 13:30:00,2.24559,2.24581,2.24535,2.24578,377
2025-08-07 13:35:00,2.24578,2.24588,2.24553,2.2456,306
2025-08-07 13:40:00,2.2456,2.24568,2.24475,2.245,342
2025-08-07 13:45:00,2.24502,2.24563,2.24478,2.24561,384
2025-08-07 13:50:00,2.24561,2.24607,2.24547,2.24562,378
2025-08-07 13:55:00,2.24572,2.24615,2.24554,2.24554,384
2025-08-07 14:00:00,2.24552,2.25341,2.2446,2.25192,999
2025-08-07 14:05:00,2.2519,2.2551,2.25179,2.25506,698
2025-08-07 14:10:00,2.25513,2.25629,2.25491,2.25567,730
2025-08-07 14:15:00,2.2556599999999998,2.25587,2.25432,2.25469,520
2025-08-07 14:20:00,2.25469,2.25477,2.25366,2.25394,601
2025-08-07 14:25:00,2.25397,2.25401,2.2527,2.25314,506
2025-08-07 14:30:00,2.25312,2.2541,2.25253,2.25301,531
2025-08-07 14:35:00,2.25303,2.25317,2.25199,2.2524100000000002,591
2025-08-07 14:40:00,2.2524,2.25352,2.25233,2.2535,591
2025-08-07 14:45:00,2.2535,2.25364,2.25248,2.25353,531
2025-08-07 14:50:00,2.25354,2.2536300000000002,2.25292,2.25339,509
2025-08-07 14:55:00,2.25339,2.25393,2.25321,2.25352,604
2025-08-07 15:00:00,2.25353,2.25433,2.2532,2.25365,673
2025-08-07 15:05:00,2.2536,2.2549799999999998,2.2535600000000002,2.25483,553
2025-08-07 15:10:00,2.25483,2.25601,2.25394,2.25585,547
2025-08-07 15:15:00,2.25588,2.25643,2.25549,2.25577,506
2025-08-07 15:20:00,2.25577,2.25625,2.25464,2.25491,532
2025-08-07 15:25:00,2.25484,2.25499,2.25372,2.25372,481
2025-08-07 15:30:00,2.25374,2.2542400000000002,2.2529500000000002,2.25347,741
2025-08-07 15:35:00,2.25344,2.2535600000000002,2.25287,2.25341,658
2025-08-07 15:40:00,2.25341,2.25423,2.25305,2.25327,636
2025-08-07 15:45:00,2.25322,2.25345,2.25277,2.25318,582
2025-08-07 15:50:00,2.25321,2.25373,2.25205,2.25361,565
2025-08-07 15:55:00,2.2536,2.25413,2.25321,2.25327,633
2025-08-07 16:00:00,2.25327,2.25357,2.25231,2.25258,598
2025-08-07 16:05:00,2.25258,2.25269,2.25182,2.2519,590
2025-08-07 16:10:00,2.2519,2.25286,2.2517,2.2528,512
2025-08-07 16:15:00,2.25282,2.25299,2.25221,2.25276,569
2025-08-07 16:20:00,2.2528,2.25338,2.25271,2.25324,666
2025-08-07 16:25:00,2.2532,2.25328,2.25194,2.25207,621
2025-08-07 16:30:00,2.25207,2.25226,2.25088,2.25156,688
2025-08-07 16:35:00,2.25156,2.25335,2.25152,2.25333,686
2025-08-07 16:40:00,2.25332,2.25339,2.25191,2.2519299999999998,617
2025-08-07 16:45:00,2.25192,2.2537599999999998,2.2518599999999998,2.25361,635
2025-08-07 16:50:00,2.25361,2.25459,2.25342,2.25455,530
2025-08-07 16:55:00,2.25458,2.25511,2.25434,2.25496,538
2025-08-07 17:00:00,2.255,2.2566,2.25475,2.25641,642
2025-08-07 17:05:00,2.25647,2.25726,2.25611,2.25667,858
2025-08-07 17:10:00,2.2566100000000002,2.25771,2.25653,2.25665,988
2025-08-07 17:15:00,2.2567,2.25696,2.25596,2.2561,805
2025-08-07 17:20:00,2.2561,2.25666,2.25596,2.2561999999999998,786
2025-08-07 17:25:00,2.2561999999999998,2.25674,2.25609,2.25637,675
2025-08-07 17:30:00,2.2564,2.2568,2.25619,2.25654,672
2025-08-07 17:35:00,2.25654,2.25657,2.2555,2.25617,630
2025-08-07 17:40:00,2.2561,2.25657,2.2553900000000002,2.25639,633
2025-08-07 17:45:00,2.25641,2.25666,2.25579,2.2562699999999998,660
2025-08-07 17:50:00,2.2562699999999998,2.25739,2.2562699999999998,2.25696,584
2025-08-07 17:55:00,2.25691,2.25785,2.25676,2.25732,673
2025-08-07 18:00:00,2.25734,2.25782,2.25694,2.2573,765
2025-08-07 18:05:00,2.2573,2.2573,2.25641,2.25651,738
2025-08-07 18:10:00,2.25655,2.25782,2.25632,2.25751,693
2025-08-07 18:15:00,2.2575,2.25843,2.25733,2.25824,555
2025-08-07 18:20:00,2.25826,2.25832,2.25766,2.2578,562
2025-08-07 18:25:00,2.2578,2.25817,2.25757,2.25788,495
2025-08-07 18:30:00,2.25788,2.25856,2.25766,2.25822,530
2025-08-07 18:35:00,2.25826,2.25877,2.25788,2.25845,492
2025-08-07 18:40:00,2.2584400000000002,2.2589,2.25825,2.25876,362
2025-08-07 18:45:00,2.25876,2.25954,2.25846,2.2593,482
2025-08-07 18:50:00,2.25945,2.25976,2.25903,2.25934,531
2025-08-07 18:55:00,2.25935,2.25984,2.25918,2.25944,527
2025-08-07 19:00:00,2.25946,2.25982,2.25911,2.25949,512
2025-08-07 19:05:00,2.25949,2.25949,2.25903,2.25919,430
2025-08-07 19:10:00,2.25915,2.25956,2.25862,2.25877,379
2025-08-07 19:15:00,2.25879,2.25891,2.25799,2.25809,418
2025-08-07 19:20:00,2.25814,2.25822,2.25773,2.25801,406
2025-08-07 19:25:00,2.25799,2.2583,2.25767,2.258,373
2025-08-07 19:30:00,2.25789,2.25848,2.25782,2.25842,374
2025-08-07 19:35:00,2.2585100000000002,2.25879,2.25797,2.25861,354
2025-08-07 19:40:00,2.2586399999999998,2.2597,2.25857,2.25945,365
2025-08-07 19:45:00,2.25949,2.25981,2.2592499999999998,2.25935,360
2025-08-07 19:50:00,2.25935,2.25943,2.25859,2.25863,343
2025-08-07 19:55:00,2.25867,2.25887,2.25834,2.2587099999999998,377
2025-08-07 20:00:00,2.2587099999999998,2.25928,2.25833,2.25891,540
2025-08-07 20:05:00,2.25891,2.25911,2.25846,2.2587099999999998,442
2025-08-07 20:10:00,2.25873,2.25895,2.25834,2.25852,387
2025-08-07 20:15:00,2.2584400000000002,2.25853,2.25791,2.25839,442
2025-08-07 20:20:00,2.25837,2.25842,2.25775,2.25822,447
2025-08-07 20:25:00,2.25815,2.2584,2.25788,2.25816,468
2025-08-07 20:30:00,2.2580299999999998,2.25821,2.25739,2.25739,406
2025-08-07 20:35:00,2.25744,2.25766,2.25709,2.2572200000000002,327
2025-08-07 20:40:00,2.2572200000000002,2.25732,2.25654,2.25679,436
2025-08-07 20:45:00,2.25678,2.25718,2.25644,2.25707,376
2025-08-07 20:50:00,2.25709,2.25713,2.25615,2.25651,380
2025-08-07 20:55:00,2.25651,2.25657,2.25615,2.25652,327
2025-08-07 21:00:00,2.25651,2.25687,2.25637,2.25657,291
2025-08-07 21:05:00,2.2566100000000002,2.25669,2.25608,2.25636,332
2025-08-07 21:10:00,2.25634,2.25693,2.25614,2.25662,380
2025-08-07 21:15:00,2.25663,2.25706,2.25647,2.25691,394
2025-08-07 21:20:00,2.25694,2.25736,2.25666,2.25696,438
2025-08-07 21:25:00,2.25696,2.25736,2.25658,2.25693,440
2025-08-07 21:30:00,2.25691,2.2572200000000002,2.25672,2.25689,396
2025-08-07 21:35:00,2.25689,2.25703,2.25655,2.2568799999999998,262
2025-08-07 21:40:00,2.2568799999999998,2.25716,2.25651,2.2568,405
2025-08-07 21:45:00,2.25678,2.25686,2.25642,2.25675,404
2025-08-07 21:50:00,2.25675,2.25723,2.25675,2.25696,338
2025-08-07 21:55:00,2.25698,2.25718,2.25642,2.25665,500
2025-08-07 22:00:00,2.2566100000000002,2.25716,2.25631,2.25694,406
2025-08-07 22:05:00,2.25694,2.25713,2.2566100000000002,2.25689,289
2025-08-07 22:10:00,2.25689,2.25721,2.25662,2.25711,303
2025-08-07 22:15:00,2.25711,2.2572200000000002,2.25677,2.25703,315
2025-08-07 22:20:00,2.25702,2.2573,2.25676,2.25714,308
2025-08-07 22:25:00,2.25718,2.25733,2.25678,2.25683,396
2025-08-07 22:30:00,2.25683,2.25691,2.25585,2.25616,863
2025-08-07 22:35:00,2.25616,2.25635,2.25557,2.25586,641
2025-08-07 22:40:00,2.25586,2.25599,2.25525,2.25577,597
2025-08-07 22:45:00,2.25576,2.25608,2.25514,2.25594,637
2025-08-07 22:50:00,2.25589,2.25646,2.25568,2.25631,541
2025-08-07 22:55:00,2.25632,2.2568,2.25616,2.25632,462
2025-08-07 23:00:00,2.25634,2.25637,2.255,2.25537,428
2025-08-07 23:05:00,2.25529,2.25537,2.25461,2.25486,439
2025-08-07 23:10:00,2.25486,2.25506,2.25451,2.25484,343
2025-08-07 23:15:00,2.25484,2.25499,2.25434,2.25451,274
2025-08-07 23:20:00,2.25451,2.2547800000000002,2.25412,2.25455,226
2025-08-07 23:25:00,2.25455,2.25474,2.25416,2.25467,320
2025-08-07 23:30:00,2.25465,2.25472,2.2541,2.25422,375
2025-08-07 23:35:00,2.25425,2.2549,2.25403,2.25461,236
2025-08-07 23:40:00,2.25202,2.25235,2.25199,2.25222,226
2025-08-07 23:45:00,2.25222,2.25247,2.25198,2.25211,301
2025-08-07 23:50:00,2.25214,2.25229,2.25202,2.25209,287
2025-08-07 23:55:00,2.2521,2.25236,2.25198,2.25218,289
2025-08-08 00:00:00,2.25226,2.25226,2.25226,2.25226,3
2025-08-08 00:05:00,2.25226,2.25514,2.25226,2.25482,18
2025-08-08 00:10:00,2.25482,2.25513,2.25418,2.25511,64
2025-08-08 00:15:00,2.25511,2.25512,2.25395,2.25395,40
2025-08-08 00:20:00,2.25395,2.25395,2.25232,2.25232,82
2025-08-08 00:25:00,2.25232,2.25293,2.2518599999999998,2.25291,141
2025-08-08 00:30:00,2.25288,2.2531,2.25251,2.2527,187
2025-08-08 00:35:00,2.25274,2.25292,2.25141,2.25154,206
2025-08-08 00:40:00,2.25154,2.25301,2.25147,2.2519,124
2025-08-08 00:45:00,2.2519,2.25221,2.2519,2.25204,166
2025-08-08 00:50:00,2.25202,2.25313,2.25197,2.25311,156
2025-08-08 00:55:00,2.25308,2.25311,2.25184,2.25195,228
2025-08-08 01:00:00,2.25208,2.25415,2.25131,2.25413,356
2025-08-08 01:05:00,2.25413,2.25451,2.25391,2.25427,230
2025-08-08 01:10:00,2.25428,2.25454,2.25397,2.25448,194
2025-08-08 01:15:00,2.25443,2.2546,2.25405,2.25448,559
2025-08-08 01:20:00,2.25446,2.25468,2.25442,2.25457,294
2025-08-08 01:25:00,2.25455,2.2548,2.25446,2.25462,242
2025-08-08 01:30:00,2.25462,2.25491,2.25435,2.25445,262
2025-08-08 01:35:00,2.25449,2.25511,2.25445,2.25507,349
2025-08-08 01:40:00,2.25507,2.25507,2.25453,2.25456,270
2025-08-08 01:45:00,2.25456,2.25467,2.25428,2.25456,180
2025-08-08 01:50:00,2.25456,2.25466,2.25372,2.25426,212
2025-08-08 01:55:00,2.25426,2.25452,2.25416,2.25445,297
2025-08-08 02:00:00,2.2544,2.2545,2.25408,2.25411,247
2025-08-08 02:05:00,2.25411,2.25422,2.25358,2.25382,207
2025-08-08 02:10:00,2.25386,2.25423,2.25373,2.25408,267
2025-08-08 02:15:00,2.25406,2.25416,2.25375,2.25381,214
2025-08-08 02:20:00,2.25381,2.25427,2.25367,2.25413,239
2025-08-08 02:25:00,2.25413,2.25441,2.25382,2.25384,236
2025-08-08 02:30:00,2.25384,2.2541,2.25378,2.25383,221
2025-08-08 02:35:00,2.25378,2.25399,2.25338,2.25339,192
2025-08-08 02:40:00,2.25339,2.25344,2.25298,2.25298,251
2025-08-08 02:45:00,2.25298,2.2531499999999998,2.25236,2.25243,254
2025-08-08 02:50:00,2.25239,2.25247,2.25202,2.25222,205
2025-08-08 02:55:00,2.25222,2.25318,2.25217,2.25303,241
2025-08-08 03:00:00,2.25304,2.25312,2.2526,2.25276,464
2025-08-08 03:05:00,2.25272,2.25296,2.2523400000000002,2.25236,353
2025-08-08 03:10:00,2.2523400000000002,2.25286,2.25205,2.25255,373
2025-08-08 03:15:00,2.25251,2.25334,2.25247,2.25291,407
2025-08-08 03:20:00,2.25293,2.25367,2.25289,2.25349,309
2025-08-08 03:25:00,2.25347,2.25403,2.25335,2.25398,365
2025-08-08 03:30:00,2.25398,2.25453,2.25391,2.25422,356
2025-08-08 03:35:00,2.25422,2.25469,2.25413,2.25432,328
2025-08-08 03:40:00,2.25435,2.25463,2.25421,2.25428,269
2025-08-08 03:45:00,2.25426,2.2548,2.25418,2.25471,411
2025-08-08 03:50:00,2.2547,2.25531,2.25467,2.25511,380
2025-08-08 03:55:00,2.25513,2.25514,2.25473,2.25487,433
2025-08-08 04:00:00,2.25488,2.2549,2.25382,2.25448,468
2025-08-08 04:05:00,2.25448,2.25521,2.25447,2.25503,414
2025-08-08 04:10:00,2.25501,2.25525,2.25454,2.25479,379
2025-08-08 04:15:00,2.25483,2.25542,2.25468,2.25537,463
2025-08-08 04:20:00,2.25537,2.25628,2.2553,2.25613,415
2025-08-08 04:25:00,2.25612,2.25623,2.25509,2.25511,337
2025-08-08 04:30:00,2.25511,2.2553900000000002,2.2544399999999998,2.25513,364
2025-08-08 04:35:00,2.25518,2.25572,2.2548,2.25488,426
2025-08-08 04:40:00,2.25488,2.2556599999999998,2.25483,2.25544,462
2025-08-08 04:45:00,2.25548,2.2555,2.2547800000000002,2.25506,371
2025-08-08 04:50:00,2.2550499999999998,2.25522,2.25456,2.25457,308
2025-08-08 04:55:00,2.25457,2.25496,2.25423,2.25427,321
2025-08-08 05:00:00,2.25426,2.25451,2.25394,2.25414,326
2025-08-08 05:05:00,2.25416,2.25416,2.2536,2.25392,329
2025-08-08 05:10:00,2.25394,2.25432,2.25381,2.25399,250
2025-08-08 05:15:00,2.25399,2.25409,2.2535,2.25359,297
2025-08-08 05:20:00,2.2536300000000002,2.2537599999999998,2.25327,2.25348,220
2025-08-08 05:25:00,2.2535,2.25373,2.25326,2.25348,203
2025-08-08 05:30:00,2.25348,2.2539,2.25329,2.25335,283
2025-08-08 05:35:00,2.25335,2.25348,2.25232,2.25247,275
2025-08-08 05:40:00,2.25249,2.25285,2.25231,2.25259,273
2025-08-08 05:45:00,2.25259,2.25283,2.25238,2.25276,298
2025-08-08 05:50:00,2.25272,2.25322,2.25264,2.25308,298
2025-08-08 05:55:00,2.2531,2.25314,2.25281,2.25304,297
2025-08-08 06:00:00,2.2530200000000002,2.25395,2.2530200000000002,2.25382,292
2025-08-08 06:05:00,2.25381,2.25385,2.25327,2.25364,414
2025-08-08 06:10:00,2.25368,2.25458,2.2536300000000002,2.25453,268
2025-08-08 06:15:00,2.25453,2.25482,2.25438,2.25451,308
2025-08-08 06:20:00,2.25447,2.2549799999999998,2.25446,2.25489,244
2025-08-08 06:25:00,2.25487,2.25528,2.2546,2.25486,294
2025-08-08 06:30:00,2.25486,2.2549,2.25441,2.25448,311
2025-08-08 06:35:00,2.25448,2.25473,2.2541,2.25427,285
2025-08-08 06:40:00,2.25427,2.25428,2.25377,2.25379,266
2025-08-08 06:45:00,2.25379,2.25432,2.25377,2.25396,274
2025-08-08 06:50:00,2.25396,2.25435,2.2539,2.25418,228
2025-08-08 06:55:00,2.25419,2.25435,2.25401,2.25428,252
2025-08-08 07:00:00,2.25428,2.2543,2.25372,2.25381,288
2025-08-08 07:05:00,2.25381,2.25394,2.25301,2.25314,269
2025-08-08 07:10:00,2.25316,2.25339,2.25286,2.25316,260
2025-08-08 07:15:00,2.25312,2.25341,2.2529500000000002,2.25309,238
2025-08-08 07:20:00,2.25308,2.25309,2.2524100000000002,2.25296,297
2025-08-08 07:25:00,2.253,2.25325,2.25294,2.2532,257
2025-08-08 07:30:00,2.2532,2.25389,2.25318,2.25388,232
2025-08-08 07:35:00,2.25387,2.25398,2.25351,2.25357,306
2025-08-08 07:40:00,2.25357,2.2537,2.25339,2.2535,265
2025-08-08 07:45:00,2.25352,2.25391,2.25331,2.25375,218
2025-08-08 07:50:00,2.25379,2.25414,2.25353,2.25404,196
2025-08-08 07:55:00,2.25403,2.25453,2.25393,2.25431,255
2025-08-08 08:00:00,2.25431,2.25436,2.2538,2.25404,251
2025-08-08 08:05:00,2.25401,2.25473,2.25395,2.25462,208
2025-08-08 08:10:00,2.25462,2.2550499999999998,2.25452,2.25499,228
2025-08-08 08:15:00,2.25499,2.25537,2.2548,2.25496,281
2025-08-08 08:20:00,2.25496,2.25522,2.25409,2.25415,267
2025-08-08 08:25:00,2.25415,2.25441,2.25396,2.25408,306
2025-08-08 08:30:00,2.25407,2.2543,2.2533,2.25428,319
2025-08-08 08:35:00,2.25429,2.2543,2.25366,2.25393,281
2025-08-08 08:40:00,2.25401,2.25432,2.25398,2.25404,315
2025-08-08 08:45:00,2.25407,2.25458,2.25375,2.25433,257
2025-08-08 08:50:00,2.25429,2.25433,2.2534,2.25367,266
2025-08-08 08:55:00,2.25371,2.25392,2.25325,2.2535600000000002,420
2025-08-08 09:00:00,2.2535600000000002,2.2537,2.25294,2.25294,412
2025-08-08 09:05:00,2.25294,2.25319,2.25276,2.253,453
2025-08-08 09:10:00,2.2530200000000002,2.25321,2.25267,2.25293,384
2025-08-08 09:15:00,2.25293,2.25305,2.25264,2.25304,340
2025-08-08 09:20:00,2.25301,2.25359,2.25289,2.25341,310
2025-08-08 09:25:00,2.25339,2.25364,2.25284,2.25342,415
2025-08-08 09:30:00,2.25342,2.25368,2.25307,2.2531499999999998,305
2025-08-08 09:35:00,2.2531499999999998,2.25348,2.25299,2.25313,421
2025-08-08 09:40:00,2.25317,2.25335,2.25285,2.25309,278
2025-08-08 09:45:00,2.25309,2.25329,2.25267,2.25287,301
2025-08-08 09:50:00,2.25291,2.25306,2.25264,2.25276,243
2025-08-08 09:55:00,2.25273,2.25309,2.25235,2.25309,319
2025-08-08 10:00:00,2.25307,2.25341,2.25212,2.25222,487
2025-08-08 10:05:00,2.25223,2.25237,2.25129,2.25164,499
2025-08-08 10:10:00,2.25164,2.25293,2.25163,2.25281,465
2025-08-08 10:15:00,2.25281,2.25372,2.25278,2.25348,480
2025-08-08 10:20:00,2.25349,2.2536,2.25316,2.25331,338
2025-08-08 10:25:00,2.25331,2.25341,2.25233,2.25264,391
2025-08-08 10:30:00,2.25264,2.25328,2.25261,2.2531,318
2025-08-08 10:35:00,2.2531,2.25357,2.25294,2.25343,391
2025-08-08 10:40:00,2.25343,2.25411,2.25332,2.25407,559
2025-08-08 10:45:00,2.25407,2.25422,2.25357,2.25406,513
2025-08-08 10:50:00,2.2541,2.2543,2.25353,2.25353,381
2025-08-08 10:55:00,2.25357,2.25392,2.25337,2.2538,448
2025-08-08 11:00:00,2.25386,2.25435,2.25343,2.2543,479
2025-08-08 11:05:00,2.2543,2.25431,2.25379,2.2541,427
2025-08-08 11:10:00,2.2541,2.2541,2.2532,2.25364,446
2025-08-08 11:15:00,2.25364,2.25418,2.25258,2.25275,423
2025-08-08 11:20:00,2.25272,2.25288,2.2524,2.25253,392
2025-08-08 11:25:00,2.25253,2.2529500000000002,2.25248,2.25278,413
2025-08-08 11:30:00,2.25283,2.25445,2.25269,2.25439,471
2025-08-08 11:35:00,2.25439,2.25534,2.25439,2.25517,304
2025-08-08 11:40:00,2.25517,2.25587,2.25511,2.2556599999999998,363
2025-08-08 11:45:00,2.25568,2.25663,2.25563,2.25636,522
2025-08-08 11:50:00,2.25636,2.25673,2.25562,2.25667,511
2025-08-08 11:55:00,2.25667,2.25708,2.25633,2.25652,497
2025-08-08 12:00:00,2.25656,2.25679,2.25588,2.25605,520
2025-08-08 12:05:00,2.25601,2.25623,2.25569,2.25609,435
2025-08-08 12:10:00,2.25611,2.25642,2.25577,2.25583,408
2025-08-08 12:15:00,2.25583,2.25656,2.25583,2.25609,499
2025-08-08 12:20:00,2.25609,2.25719,2.25595,2.2568799999999998,487
2025-08-08 12:25:00,2.2568799999999998,2.25689,2.25616,2.25678,421
2025-08-08 12:30:00,2.25678,2.25699,2.25609,2.25674,480
2025-08-08 12:35:00,2.25672,2.25721,2.25616,2.25712,416
2025-08-08 12:40:00,2.25709,2.25777,2.25698,2.25741,472
2025-08-08 12:45:00,2.25751,2.25865,2.25743,2.25785,408
2025-08-08 12:50:00,2.25785,2.258,2.25686,2.25716,413
2025-08-08 12:55:00,2.25718,2.25752,2.25682,2.25731,479
2025-08-08 13:00:00,2.2572900000000002,2.25733,2.25633,2.25658,511
2025-08-08 13:05:00,2.2566,2.25671,2.25574,2.2559,465
2025-08-08 13:10:00,2.25591,2.25676,2.25587,2.25664,382
2025-08-08 13:15:00,2.25666,2.25703,2.25662,2.25677,358
2025-08-08 13:20:00,2.25676,2.25692,2.25595,2.25597,382
2025-08-08 13:25:00,2.25601,2.25609,2.25567,2.25575,376
2025-08-08 13:30:00,2.25576,2.25615,2.25562,2.2556599999999998,328
2025-08-08 13:35:00,2.2556599999999998,2.25603,2.25555,2.25581,379
2025-08-08 13:40:00,2.25581,2.25597,2.25533,2.25536,381
2025-08-08 13:45:00,2.25537,2.25552,2.25458,2.25475,298
2025-08-08 13:50:00,2.25482,2.2550499999999998,2.25448,2.25494,313
2025-08-08 13:55:00,2.25494,2.25581,2.25447,2.25578,456
2025-08-08 14:00:00,2.25575,2.25634,2.2557,2.25599,457
2025-08-08 14:05:00,2.25599,2.25699,2.2555,2.25697,328
2025-08-08 14:10:00,2.25697,2.25745,2.25617,2.25741,396
2025-08-08 14:15:00,2.25745,2.25762,2.25698,2.25723,437
2025-08-08 14:20:00,2.2571,2.25757,2.25706,2.2572,431
2025-08-08 14:25:00,2.25728,2.25728,2.25606,2.25623,330
2025-08-08 14:30:00,2.25623,2.25648,2.25586,2.25604,359
2025-08-08 14:35:00,2.2560700000000002,2.25635,2.25577,2.25585,368
2025-08-08 14:40:00,2.25585,2.25606,2.2555,2.25574,382
2025-08-08 14:45:00,2.25577,2.25671,2.25572,2.25593,414
2025-08-08 14:50:00,2.25593,2.2568,2.25583,2.25671,387
2025-08-08 14:55:00,2.25675,2.2573,2.25638,2.25671,380
2025-08-08 15:00:00,2.25672,2.25683,2.25571,2.25603,526
2025-08-08 15:05:00,2.25602,2.25612,2.25537,2.25537,382
2025-08-08 15:10:00,2.25537,2.25599,2.25532,2.25595,465
2025-08-08 15:15:00,2.25589,2.25603,2.25528,2.25538,488
2025-08-08 15:20:00,2.25534,2.25576,2.25504,2.25506,394
2025-08-08 15:25:00,2.25507,2.25584,2.255,2.2554,339
2025-08-08 15:30:00,2.25537,2.25614,2.25528,2.25605,579
2025-08-08 15:35:00,2.25602,2.25617,2.25556,2.2560700000000002,545
2025-08-08 15:40:00,2.25603,2.25645,2.25562,2.2557,447
2025-08-08 15:45:00,2.2557,2.2561999999999998,2.25553,2.25603,464
2025-08-08 15:50:00,2.25603,2.25612,2.25506,2.25562,627
2025-08-08 15:55:00,2.2556599999999998,2.25585,2.25436,2.25466,561
2025-08-08 16:00:00,2.25466,2.2547800000000002,2.25377,2.25473,566
2025-08-08 16:05:00,2.25475,2.2548500000000002,2.25362,2.2538,522
2025-08-08 16:10:00,2.25384,2.25413,2.25355,2.25369,431
2025-08-08 16:15:00,2.25373,2.25459,2.25355,2.25391,427
2025-08-08 16:20:00,2.25391,2.25401,2.25338,2.25374,452
2025-08-08 16:25:00,2.25374,2.25384,2.25314,2.25325,361
2025-08-08 16:30:00,2.25325,2.25378,2.25312,2.25337,574
2025-08-08 16:35:00,2.25342,2.25353,2.25225,2.25325,551
2025-08-08 16:40:00,2.25325,2.25354,2.25278,2.25353,554
2025-08-08 16:45:00,2.25351,2.25366,2.25272,2.25278,562
2025-08-08 16:50:00,2.25282,2.25372,2.25275,2.25348,560
2025-08-08 16:55:00,2.25348,2.25414,2.25336,2.25382,581
2025-08-08 17:00:00,2.2538,2.25499,2.25371,2.25474,647
2025-08-08 17:05:00,2.25482,2.25594,2.25467,2.25567,642
2025-08-08 17:10:00,2.2557,2.25698,2.2557,2.25677,645
2025-08-08 17:15:00,2.25677,2.25724,2.25645,2.25704,607
2025-08-08 17:20:00,2.25701,2.25712,2.25658,2.25691,632
2025-08-08 17:25:00,2.25691,2.25701,2.25646,2.2568,545
2025-08-08 17:30:00,2.2568,2.2573,2.25669,2.25704,473
2025-08-08 17:35:00,2.25707,2.25731,2.25667,2.25702,453
2025-08-08 17:40:00,2.25703,2.25723,2.25643,2.25648,461
2025-08-08 17:45:00,2.25648,2.25675,2.25606,2.25648,508
2025-08-08 17:50:00,2.25646,2.2574199999999998,2.25643,2.25728,429
2025-08-08 17:55:00,2.2572900000000002,2.25767,2.25702,2.25743,590
2025-08-08 18:00:00,2.25743,2.25751,2.25676,2.25698,582
2025-08-08 18:05:00,2.257,2.25772,2.2569,2.25712,488
2025-08-08 18:10:00,2.25716,2.25752,2.25702,2.25734,390
2025-08-08 18:15:00,2.25734,2.25767,2.2572200000000002,2.25767,382
2025-08-08 18:20:00,2.2577,2.25792,2.25741,2.25767,431
2025-08-08 18:25:00,2.25771,2.25843,2.25732,2.25842,420
2025-08-08 18:30:00,2.25842,2.25878,2.25832,2.2585,439
2025-08-08 18:35:00,2.2585100000000002,2.25884,2.25836,2.25839,444
2025-08-08 18:40:00,2.25839,2.25843,2.25773,2.25787,468
2025-08-08 18:45:00,2.25787,2.25802,2.25735,2.25758,399
2025-08-08 18:50:00,2.25758,2.25774,2.25711,2.25724,364
2025-08-08 18:55:00,2.25726,2.25762,2.25714,2.25728,387
2025-08-08 19:00:00,2.25727,2.25739,2.25684,2.25731,389
2025-08-08 19:05:00,2.25731,2.25821,2.25694,2.25809,470
2025-08-08 19:10:00,2.25807,2.2582,2.25774,2.2578300000000002,466
2025-08-08 19:15:00,2.25785,2.2582,2.25768,2.2580299999999998,343
2025-08-08 19:20:00,2.2580299999999998,2.25857,2.2577,2.2582,426
2025-08-08 19:25:00,2.25823,2.25856,2.25812,2.25834,379
2025-08-08 19:30:00,2.25834,2.25866,2.25811,2.25831,342
2025-08-08 19:35:00,2.25839,2.25855,2.25804,2.25814,345
2025-08-08 19:40:00,2.25817,2.25835,2.2578300000000002,2.25818,332
2025-08-08 19:45:00,2.25818,2.25853,2.25797,2.25848,303
2025-08-08 19:50:00,2.25852,2.25906,2.25819,2.25903,336
2025-08-08 19:55:00,2.25906,2.25923,2.25876,2.25909,301
2025-08-08 20:00:00,2.2591200000000002,2.2591200000000002,2.2586399999999998,2.25879,325
2025-08-08 20:05:00,2.25879,2.25891,2.25791,2.25812,332
2025-08-08 20:10:00,2.25812,2.25836,2.25778,2.25782,283
2025-08-08 20:15:00,2.25782,2.25806,2.25753,2.25768,316
2025-08-08 20:20:00,2.25764,2.25816,2.25753,2.25793,358
2025-08-08 20:25:00,2.25791,2.25812,2.25736,2.2577,336
2025-08-08 20:30:00,2.2577,2.2579000000000002,2.25753,2.2577,249
2025-08-08 20:35:00,2.2577,2.25798,2.2574,2.25794,241
2025-08-08 20:40:00,2.25791,2.25794,2.25731,2.25771,277
2025-08-08 20:45:00,2.25771,2.25829,2.25754,2.25819,291
2025-08-08 20:50:00,2.25823,2.25872,2.25805,2.25866,314
2025-08-08 20:55:00,2.25866,2.25891,2.25837,2.2589,368
2025-08-08 21:00:00,2.25894,2.259,2.25813,2.25833,683
2025-08-08 21:05:00,2.25833,2.25835,2.25769,2.25798,432
2025-08-08 21:10:00,2.258,2.25814,2.25763,2.2579000000000002,289
2025-08-08 21:15:00,2.2579000000000002,2.25791,2.25739,2.25782,341
2025-08-08 21:20:00,2.25781,2.25805,2.25747,2.25773,372
2025-08-08 21:25:00,2.25773,2.25788,2.25727,2.2574199999999998,262
2025-08-08 21:30:00,2.25745,2.25762,2.2572200000000002,2.25738,355
2025-08-08 21:35:00,2.25738,2.25786,2.25719,2.25785,395
2025-08-08 21:40:00,2.25785,2.25818,2.25762,2.25812,299
2025-08-08 21:45:00,2.25794,2.25819,2.25776,2.2578,284
2025-08-08 21:50:00,2.25782,2.2580999999999998,2.25765,2.258,379
2025-08-08 21:55:00,2.25801,2.25838,2.25755,2.25827,284
2025-08-08 22:00:00,2.25827,2.25868,2.25802,2.25866,259
2025-08-08 22:05:00,2.25868,2.25886,2.25839,2.25875,284
2025-08-08 22:10:00,2.25874,2.25902,2.2586399999999998,2.25876,163
2025-08-08 22:15:00,2.25877,2.259,2.25868,2.2589,281
2025-08-08 22:20:00,2.25886,2.25928,2.25853,2.25926,350
2025-08-08 22:25:00,2.25926,2.25998,2.25924,2.25989,380
2025-08-08 22:30:00,2.25989,2.2602,2.25965,2.25992,357
2025-08-08 22:35:00,2.25991,2.25994,2.25939,2.25971,236
2025-08-08 22:40:00,2.25971,2.25987,2.25943,2.25979,261
2025-08-08 22:45:00,2.2598,2.26005,2.25955,2.2599,268
2025-08-08 22:50:00,2.25994,2.25997,2.25938,2.25958,300
2025-08-08 22:55:00,2.25958,2.26046,2.25956,2.26024,282
2025-08-08 23:00:00,2.26024,2.26033,2.25958,2.2596,259
2025-08-08 23:05:00,2.25964,2.26025,2.25961,2.26021,198
2025-08-08 23:10:00,2.26026,2.26036,2.25987,2.26028,166
2025-08-08 23:15:00,2.26028,2.26083,2.26012,2.26079,234
2025-08-08 23:20:00,2.26083,2.26087,2.25981,2.26003,214
2025-08-08 23:25:00,2.26005,2.26005,2.25917,2.25933,211
2025-08-08 23:30:00,2.2596,2.2596,2.2590500000000002,2.25934,144
2025-08-08 23:35:00,2.25934,2.25984,2.2592499999999998,2.25978,302
2025-08-08 23:40:00,2.25715,2.25763,2.25709,2.2571,174
2025-08-08 23:45:00,2.25712,2.25715,2.25652,2.2568099999999998,263
2025-08-08 23:50:00,2.25685,2.25697,2.25625,2.25634,193
2025-08-08 23:55:00,2.25655,2.25663,2.25471,2.2552,187
2025-08-11 00:00:00,2.25092,2.25216,2.25092,2.2518599999999998,7
2025-08-11 00:05:00,2.2518599999999998,2.2527,2.25172,2.25198,43
2025-08-11 00:10:00,2.25196,2.25215,2.25182,2.25214,36
2025-08-11 00:15:00,2.25214,2.25312,2.25198,2.2531,48
2025-08-11 00:20:00,2.25312,2.25314,2.25202,2.25296,51
2025-08-11 00:25:00,2.25298,2.25374,2.25296,2.25368,45
2025-08-11 00:30:00,2.2538,2.2543,2.2535,2.25428,239
2025-08-11 00:35:00,2.25428,2.25457,2.25408,2.25457,93
2025-08-11 00:40:00,2.25457,2.25557,2.25457,2.25556,185
2025-08-11 00:45:00,2.25558,2.25563,2.25428,2.25436,101
2025-08-11 00:50:00,2.2544,2.2549799999999998,2.25415,2.25492,159
2025-08-11 00:55:00,2.25512,2.25512,2.2542,2.25434,97
2025-08-11 01:00:00,2.25626,2.25842,2.25626,2.25828,235
2025-08-11 01:05:00,2.25848,2.25942,2.25848,2.25931,159
2025-08-11 01:10:00,2.25931,2.25964,2.25929,2.25934,127
2025-08-11 01:15:00,2.25934,2.25941,2.2591,2.25928,94
2025-08-11 01:20:00,2.25928,2.25939,2.2587,2.25883,133
2025-08-11 01:25:00,2.25883,2.25903,2.25845,2.25845,79
2025-08-11 01:30:00,2.25845,2.25883,2.25802,2.25839,169
2025-08-11 01:35:00,2.25839,2.25839,2.25807,2.25811,90
2025-08-11 01:40:00,2.25809,2.25841,2.25785,2.25804,102
2025-08-11 01:45:00,2.25801,2.25818,2.25786,2.25797,96
2025-08-11 01:50:00,2.25797,2.25809,2.25782,2.25795,78
2025-08-11 01:55:00,2.25795,2.25814,2.25787,2.25788,118
2025-08-11 02:00:00,2.25801,2.25817,2.25778,2.25817,153
2025-08-11 02:05:00,2.25819,2.25829,2.25799,2.25818,109
2025-08-11 02:10:00,2.25818,2.2584400000000002,2.25804,2.25839,113
2025-08-11 02:15:00,2.25839,2.2587099999999998,2.25825,2.25857,235
2025-08-11 02:20:00,2.25855,2.25868,2.25847,2.25858,160
2025-08-11 02:25:00,2.25858,2.25931,2.25854,2.25914,114
2025-08-11 02:30:00,2.25918,2.25926,2.25893,2.25926,100
2025-08-11 02:35:00,2.25926,2.25951,2.2590500000000002,2.2592499999999998,122
2025-08-11 02:40:00,2.25929,2.25952,2.25908,2.25952,95
2025-08-11 02:45:00,2.25944,2.25949,2.25906,2.25934,140
2025-08-11 02:50:00,2.25934,2.25958,2.2590500000000002,2.25909,136
2025-08-11 02:55:00,2.25908,2.25983,2.25896,2.25983,176
2025-08-11 03:00:00,2.25983,2.26015,2.2592,2.25942,471
2025-08-11 03:05:00,2.25939,2.25961,2.25917,2.2593199999999998,325
2025-08-11 03:10:00,2.25933,2.25976,2.25921,2.25969,283
2025-08-11 03:15:00,2.25969,2.25976,2.25924,2.25967,327
2025-08-11 03:20:00,2.25965,2.25995,2.2593,2.25989,313
2025-08-11 03:25:00,2.2599299999999998,2.25998,2.25929,2.25969,269
2025-08-11 03:30:00,2.2597,2.2599299999999998,2.25938,2.25963,302
2025-08-11 03:35:00,2.25951,2.26004,2.25944,2.25978,250
2025-08-11 03:40:00,2.2597300000000002,2.25997,2.2595,2.25981,365
2025-08-11 03:45:00,2.25979,2.26013,2.25979,2.26,313
2025-08-11 03:50:00,2.26,2.26009,2.2596600000000002,2.2597,362
2025-08-11 03:55:00,2.2597,2.26008,2.25952,2.25995,349
2025-08-11 04:00:00,2.25997,2.26021,2.2593,2.25934,497
2025-08-11 04:05:00,2.25936,2.26,2.25913,2.25997,449
2025-08-11 04:10:00,2.25999,2.2603,2.25999,2.26013,360
2025-08-11 04:15:00,2.26012,2.2602,2.25962,2.25979,232
2025-08-11 04:20:00,2.25976,2.25978,2.25899,2.25903,352
2025-08-11 04:25:00,2.25902,2.25919,2.25887,2.25902,259
2025-08-11 04:30:00,2.259,2.2592,2.25854,2.25873,339
2025-08-11 04:35:00,2.25859,2.25875,2.25831,2.25833,420
2025-08-11 04:40:00,2.25833,2.25855,2.2582,2.25845,339
2025-08-11 04:45:00,2.25845,2.25874,2.25816,2.25859,389
2025-08-11 04:50:00,2.25858,2.25869,2.25835,2.25863,352
2025-08-11 04:55:00,2.2586,2.259,2.25849,2.25889,466
2025-08-11 05:00:00,2.25893,2.25918,2.25852,2.25893,537
2025-08-11 05:05:00,2.25891,2.25972,2.25888,2.25908,399
2025-08-11 05:10:00,2.25906,2.25946,2.25891,2.25937,265
2025-08-11 05:15:00,2.25937,2.25976,2.25927,2.25937,428
2025-08-11 05:20:00,2.25937,2.25947,2.25907,2.25926,407
2025-08-11 05:25:00,2.25928,2.25959,2.25917,2.25936,507
2025-08-11 05:30:00,2.25938,2.25992,2.25909,2.25991,338
2025-08-11 05:35:00,2.25991,2.26014,2.25957,2.25976,309
2025-08-11 05:40:00,2.25979,2.26002,2.25962,2.25971,357
2025-08-11 05:45:00,2.25971,2.2602,2.25971,2.26008,188
2025-08-11 05:50:00,2.26009,2.26059,2.26008,2.26057,186
2025-08-11 05:55:00,2.26057,2.2608800000000002,2.26029,2.26049,291
2025-08-11 06:00:00,2.2604699999999998,2.26092,2.26021,2.2608,308
2025-08-11 06:05:00,2.26079,2.2615,2.26079,2.26119,347
2025-08-11 06:10:00,2.26119,2.2613,2.26076,2.26089,408
2025-08-11 06:15:00,2.2609,2.26097,2.26039,2.26053,441
2025-08-11 06:20:00,2.26053,2.26087,2.26003,2.2601,389
2025-08-11 06:25:00,2.26007,2.26023,2.25981,2.26003,298
2025-08-11 06:30:00,2.25999,2.2604,2.25983,2.26036,310
2025-08-11 06:35:00,2.26036,2.26053,2.26006,2.2601,213
2025-08-11 06:40:00,2.26014,2.26052,2.26001,2.26025,253
2025-08-11 06:45:00,2.2602700000000002,2.26092,2.26018,2.26064,189
2025-08-11 06:50:00,2.2606,2.26075,2.25992,2.25998,266
2025-08-11 06:55:00,2.25998,2.26018,2.25972,2.26008,230
2025-08-11 07:00:00,2.26008,2.26023,2.2599,2.2602,303
2025-08-11 07:05:00,2.26019,2.26036,2.26002,2.26006,229
2025-08-11 07:10:00,2.2601,2.26011,2.2599,2.25997,231
2025-08-11 07:15:00,2.25997,2.26014,2.2597,2.25972,219
2025-08-11 07:20:00,2.25972,2.261,2.25968,2.26094,244
2025-08-11 07:25:00,2.26094,2.26159,2.26084,2.26141,241
2025-08-11 07:30:00,2.26141,2.26196,2.26132,2.2617,252
2025-08-11 07:35:00,2.26162,2.26177,2.26143,2.26168,175
2025-08-11 07:40:00,2.26164,2.2619,2.26153,2.26181,196
2025-08-11 07:45:00,2.26181,2.26199,2.2614900000000002,2.26178,210
2025-08-11 07:50:00,2.26178,2.2622,2.26172,2.26203,260
2025-08-11 07:55:00,2.26211,2.2622,2.26187,2.26208,317
2025-08-11 08:00:00,2.26208,2.26239,2.26205,2.26221,320
2025-08-11 08:05:00,2.2622,2.26224,2.26163,2.26175,250
2025-08-11 08:10:00,2.26179,2.26213,2.2617599999999998,2.2621,235
2025-08-11 08:15:00,2.26211,2.26232,2.26191,2.26218,299
2025-08-11 08:20:00,2.26218,2.26244,2.26211,2.26239,226
2025-08-11 08:25:00,2.26239,2.26267,2.26231,2.26266,206
2025-08-11 08:30:00,2.26268,2.26285,2.26245,2.26279,308
2025-08-11 08:35:00,2.26275,2.26295,2.26267,2.26286,279
2025-08-11 08:40:00,2.26288,2.2629,2.2618,2.26233,243
2025-08-11 08:45:00,2.26229,2.26263,2.26227,2.2624,311
2025-08-11 08:50:00,2.26239,2.26246,2.2621,2.26228,327
2025-08-11 08:55:00,2.26228,2.26228,2.26192,2.2621,381
2025-08-11 09:00:00,2.26214,2.26262,2.26198,2.26205,493
2025-08-11 09:05:00,2.26205,2.26225,2.2617,2.2617599999999998,416
2025-08-11 09:10:00,2.26178,2.2629,2.26174,2.26276,335
2025-08-11 09:15:00,2.26275,2.26289,2.2623699999999998,2.26263,323
2025-08-11 09:20:00,2.26263,2.2627,2.2619,2.26263,361
2025-08-11 09:25:00,2.26263,2.26295,2.26242,2.26282,289
2025-08-11 09:30:00,2.26284,2.26308,2.26255,2.26263,300
2025-08-11 09:35:00,2.26263,2.26347,2.26261,2.2634,247
2025-08-11 09:40:00,2.2634,2.26361,2.2629099999999998,2.26299,312
2025-08-11 09:45:00,2.26299,2.2634,2.26286,2.26326,321
2025-08-11 09:50:00,2.26318,2.26347,2.2627800000000002,2.26316,326
2025-08-11 09:55:00,2.2632,2.26414,2.2632,2.26409,365
2025-08-11 10:00:00,2.26406,2.26489,2.26362,2.26488,483
2025-08-11 10:05:00,2.26488,2.26554,2.2647,2.26512,462
2025-08-11 10:10:00,2.26512,2.26537,2.26425,2.26435,391
2025-08-11 10:15:00,2.26437,2.2647399999999998,2.26402,2.2646,428
2025-08-11 10:20:00,2.26458,2.26494,2.2645,2.26491,348
2025-08-11 10:25:00,2.26487,2.26498,2.26426,2.26442,380
2025-08-11 10:30:00,2.26442,2.26456,2.26419,2.26444,392
2025-08-11 10:35:00,2.26443,2.2648,2.26371,2.26371,454
2025-08-11 10:40:00,2.26371,2.26395,2.26318,2.26322,395
2025-08-11 10:45:00,2.26322,2.26372,2.26312,2.2637,414
2025-08-11 10:50:00,2.2637,2.26433,2.2636,2.26384,431
2025-08-11 10:55:00,2.26384,2.26437,2.26331,2.2641299999999998,570
2025-08-11 11:00:00,2.2641299999999998,2.26426,2.26347,2.26384,544
2025-08-11 11:05:00,2.26385,2.26446,2.26371,2.26388,494
2025-08-11 11:10:00,2.26383,2.2641299999999998,2.26343,2.26381,443
2025-08-11 11:15:00,2.26385,2.26406,2.26356,2.26381,413
2025-08-11 11:20:00,2.26381,2.26416,2.26331,2.2635199999999998,398
2025-08-11 11:25:00,2.2635199999999998,2.26409,2.26344,2.26399,475
2025-08-11 11:30:00,2.26398,2.26447,2.26394,2.26431,409
2025-08-11 11:35:00,2.26431,2.26433,2.26386,2.26416,327
2025-08-11 11:40:00,2.26408,2.26428,2.26368,2.26412,285
2025-08-11 11:45:00,2.2641,2.26424,2.26358,2.26377,363
2025-08-11 11:50:00,2.26377,2.26429,2.26344,2.2641999999999998,325
2025-08-11 11:55:00,2.26424,2.26449,2.26386,2.26417,373
2025-08-11 12:00:00,2.26423,2.26456,2.26403,2.26432,411
2025-08-11 12:05:00,2.26432,2.2652,2.2643,2.26496,307
2025-08-11 12:10:00,2.26492,2.26536,2.26479,2.26526,324
2025-08-11 12:15:00,2.26526,2.26545,2.26475,2.26482,468
2025-08-11 12:20:00,2.26479,2.26525,2.26466,2.26501,360
2025-08-11 12:25:00,2.26501,2.26541,2.2648,2.26485,430
2025-08-11 12:30:00,2.26486,2.26494,2.2646,2.26488,379
2025-08-11 12:35:00,2.26492,2.26504,2.26448,2.2647399999999998,378
2025-08-11 12:40:00,2.2647399999999998,2.26488,2.26453,2.26462,350
2025-08-11 12:45:00,2.26462,2.26482,2.26432,2.2646100000000002,334
2025-08-11 12:50:00,2.26457,2.26466,2.26414,2.26423,308
2025-08-11 12:55:00,2.26423,2.26464,2.26391,2.2641,448
2025-08-11 13:00:00,2.2641,2.2641299999999998,2.26295,2.26329,340
2025-08-11 13:05:00,2.26326,2.26423,2.26323,2.26397,341
2025-08-11 13:10:00,2.26397,2.26402,2.26361,2.26388,268
2025-08-11 13:15:00,2.26389,2.26412,2.26369,2.2637,312
2025-08-11 13:20:00,2.2637,2.26411,2.26353,2.26406,439
2025-08-11 13:25:00,2.26403,2.26412,2.26353,2.2636,392
2025-08-11 13:30:00,2.26361,2.26393,2.26351,2.2638,320
2025-08-11 13:35:00,2.2638,2.26389,2.26337,2.2638,275
2025-08-11 13:40:00,2.2638,2.26425,2.26363,2.26382,309
2025-08-11 13:45:00,2.26382,2.26397,2.26357,2.26366,329
2025-08-11 13:50:00,2.26366,2.26382,2.26317,2.26326,303
2025-08-11 13:55:00,2.26326,2.2634,2.26222,2.26244,370
2025-08-11 14:00:00,2.2625,2.26283,2.26226,2.26262,346
2025-08-11 14:05:00,2.26262,2.26299,2.26252,2.26277,319
2025-08-11 14:10:00,2.26276,2.26312,2.26235,2.26274,441
2025-08-11 14:15:00,2.26273,2.26334,2.26262,2.26273,335
2025-08-11 14:20:00,2.26273,2.26282,2.26214,2.26245,386
2025-08-11 14:25:00,2.26245,2.26255,2.26202,2.26236,430
2025-08-11 14:30:00,2.2624,2.26293,2.26226,2.26281,422
2025-08-11 14:35:00,2.26282,2.26325,2.26277,2.26294,515
2025-08-11 14:40:00,2.26294,2.26353,2.26294,2.26331,500
2025-08-11 14:45:00,2.26335,2.26396,2.26318,2.26393,447
2025-08-11 14:50:00,2.26395,2.26452,2.26365,2.26434,406
2025-08-11 14:55:00,2.26422,2.2647,2.2631,2.2633900000000002,489
2025-08-11 15:00:00,2.26338,2.26403,2.263,2.26379,463
2025-08-11 15:05:00,2.26383,2.26394,2.26334,2.26344,481
2025-08-11 15:10:00,2.26348,2.26411,2.26317,2.26402,444
2025-08-11 15:15:00,2.26402,2.26436,2.2638,2.26386,504
2025-08-11 15:20:00,2.26386,2.26411,2.26348,2.26382,483
2025-08-11 15:25:00,2.26381,2.26396,2.2634600000000002,2.26396,504
2025-08-11 15:30:00,2.26398,2.26408,2.2632,2.26325,548
2025-08-11 15:35:00,2.26325,2.26373,2.26301,2.26314,515
2025-08-11 15:40:00,2.26314,2.26353,2.26297,2.26305,500
2025-08-11 15:45:00,2.26305,2.2635199999999998,2.2627800000000002,2.26304,449
2025-08-11 15:50:00,2.26304,2.2634600000000002,2.26297,2.2633900000000002,413
2025-08-11 15:55:00,2.2633900000000002,2.26347,2.26263,2.26308,387
2025-08-11 16:00:00,2.2631,2.2634,2.26263,2.26312,433
2025-08-11 16:05:00,2.26316,2.26361,2.2629799999999998,2.26335,492
2025-08-11 16:10:00,2.26335,2.26343,2.26194,2.2621,474
2025-08-11 16:15:00,2.26213,2.26255,2.26194,2.26252,476
2025-08-11 16:20:00,2.26252,2.263,2.26229,2.26283,490
2025-08-11 16:25:00,2.26283,2.26317,2.26234,2.26276,435
2025-08-11 16:30:00,2.26279,2.263,2.2621700000000002,2.26277,591
2025-08-11 16:35:00,2.26277,2.26317,2.26252,2.26281,563
2025-08-11 16:40:00,2.26277,2.26285,2.2616,2.26184,654
2025-08-11 16:45:00,2.26182,2.26203,2.26134,2.2616899999999998,675
2025-08-11 16:50:00,2.2616899999999998,2.26183,2.26129,2.2617599999999998,591
2025-08-11 16:55:00,2.26188,2.26188,2.2610799999999998,2.26109,500
2025-08-11 17:00:00,2.26109,2.26174,2.26077,2.26148,600
2025-08-11 17:05:00,2.26154,2.26175,2.26126,2.26147,597
2025-08-11 17:10:00,2.26147,2.26163,2.2605399999999998,2.26078,566
2025-08-11 17:15:00,2.26078,2.26098,2.26035,2.2606,450
2025-08-11 17:20:00,2.26057,2.2608800000000002,2.26039,2.2608800000000002,532
2025-08-11 17:25:00,2.2608800000000002,2.26121,2.26042,2.26065,530
2025-08-11 17:30:00,2.26063,2.26085,2.26023,2.26059,610
2025-08-11 17:35:00,2.26057,2.26071,2.26004,2.26066,621
2025-08-11 17:40:00,2.26064,2.26083,2.2601,2.26056,607
2025-08-11 17:45:00,2.26056,2.26136,2.26051,2.2609,475
2025-08-11 17:50:00,2.2609,2.26092,2.25998,2.26074,558
2025-08-11 17:55:00,2.26074,2.26105,2.26045,2.26058,623
2025-08-11 18:00:00,2.26058,2.26077,2.26002,2.26025,517
2025-08-11 18:05:00,2.26014,2.2611,2.2601,2.26104,479
2025-08-11 18:10:00,2.26102,2.2612,2.26052,2.26073,485
2025-08-11 18:15:00,2.26076,2.26076,2.2603,2.2604699999999998,462
2025-08-11 18:20:00,2.26043,2.26072,2.2599,2.26043,536
2025-08-11 18:25:00,2.2604699999999998,2.26059,2.26011,2.26016,416
2025-08-11 18:30:00,2.26018,2.26042,2.25949,2.25951,540
2025-08-11 18:35:00,2.25959,2.26014,2.25942,2.25984,481
2025-08-11 18:40:00,2.2598599999999998,2.2603400000000002,2.2596,2.26015,492
2025-08-11 18:45:00,2.26019,2.26077,2.25989,2.26014,413
2025-08-11 18:50:00,2.26014,2.26063,2.25997,2.26033,374
2025-08-11 18:55:00,2.2603,2.2605,2.26003,2.26009,467
2025-08-11 19:00:00,2.26007,2.26021,2.25964,2.25989,462
2025-08-11 19:05:00,2.25989,2.26012,2.25954,2.25978,398
2025-08-11 19:10:00,2.25975,2.26031,2.25969,2.2597300000000002,429
2025-08-11 19:15:00,2.25978,2.26032,2.25971,2.26012,359
2025-08-11 19:20:00,2.26012,2.2602,2.25974,2.25982,351
2025-08-11 19:25:00,2.2598599999999998,2.2604699999999998,2.25982,2.26042,369
2025-08-11 19:30:00,2.26042,2.26069,2.26011,2.2604699999999998,365
2025-08-11 19:35:00,2.2604699999999998,2.26084,2.26015,2.26084,331
2025-08-11 19:40:00,2.26084,2.26114,2.26053,2.2610799999999998,341
2025-08-11 19:45:00,2.26109,2.26117,2.26057,2.26117,404
2025-08-11 19:50:00,2.2611499999999998,2.26129,2.26081,2.26109,338
2025-08-11 19:55:00,2.26109,2.2618,2.26093,2.26178,383
2025-08-11 20:00:00,2.2617599999999998,2.26198,2.2614,2.26174,354
2025-08-11 20:05:00,2.26177,2.2621700000000002,2.26158,2.26198,336
2025-08-11 20:10:00,2.26198,2.26227,2.26177,2.26218,321
2025-08-11 20:15:00,2.2621700000000002,2.26249,2.26194,2.26216,387
2025-08-11 20:20:00,2.26216,2.26218,2.26167,2.2619,292
2025-08-11 20:25:00,2.2619,2.26204,2.26166,2.2619,321
2025-08-11 20:30:00,2.2619,2.2622999999999998,2.26166,2.26222,386
2025-08-11 20:35:00,2.26222,2.26229,2.26184,2.26206,289
2025-08-11 20:40:00,2.2621,2.26214,2.26154,2.26183,285
2025-08-11 20:45:00,2.26188,2.26205,2.26166,2.26181,353
2025-08-11 20:50:00,2.26177,2.2621,2.2615,2.26177,369
2025-08-11 20:55:00,2.2618,2.26207,2.26159,2.26202,378
2025-08-11 21:00:00,2.26202,2.26216,2.26173,2.26182,371
2025-08-11 21:05:00,2.26182,2.26211,2.2616899999999998,2.26205,313
2025-08-11 21:10:00,2.26205,2.2623699999999998,2.26193,2.26235,320
2025-08-11 21:15:00,2.26235,2.2623699999999998,2.2617599999999998,2.26219,346
2025-08-11 21:20:00,2.26219,2.26245,2.26193,2.26215,325
2025-08-11 21:25:00,2.26213,2.26222,2.26171,2.26194,344
2025-08-11 21:30:00,2.26171,2.26207,2.26153,2.26167,351
2025-08-11 21:35:00,2.26167,2.26178,2.2614,2.26159,295
2025-08-11 21:40:00,2.26159,2.26168,2.26119,2.26152,329
2025-08-11 21:45:00,2.2615600000000002,2.26167,2.26121,2.26165,320
2025-08-11 21:50:00,2.26163,2.26203,2.26136,2.26197,334
2025-08-11 21:55:00,2.26197,2.26215,2.26133,2.2619,381
2025-08-11 22:00:00,2.2619,2.26211,2.26165,2.26186,330
2025-08-11 22:05:00,2.26186,2.26194,2.26138,2.26168,258
2025-08-11 22:10:00,2.26168,2.26181,2.26132,2.2615,271
2025-08-11 22:15:00,2.26147,2.26166,2.2613,2.2616,255
2025-08-11 22:20:00,2.26164,2.262,2.26153,2.2619,231
2025-08-11 22:25:00,2.26191,2.26224,2.26164,2.26211,368
2025-08-11 22:30:00,2.26213,2.2623699999999998,2.26201,2.26225,268
2025-08-11 22:35:00,2.26225,2.26234,2.2619,2.26221,227
2025-08-11 22:40:00,2.26219,2.26229,2.26192,2.262,266
2025-08-11 22:45:00,2.26206,2.26226,2.26185,2.26192,298
2025-08-11 22:50:00,2.26188,2.26224,2.26179,2.26211,366
2025-08-11 22:55:00,2.26212,2.26227,2.26157,2.26172,308
2025-08-11 23:00:00,2.26172,2.2619,2.26144,2.26164,238
2025-08-11 23:05:00,2.26164,2.26174,2.26131,2.2614900000000002,170
2025-08-11 23:10:00,2.2614900000000002,2.26185,2.26131,2.26162,199
2025-08-11 23:15:00,2.26162,2.26186,2.26152,2.26177,144
2025-08-11 23:20:00,2.26181,2.26207,2.26168,2.26191,252
2025-08-11 23:25:00,2.26189,2.26206,2.26151,2.2617,231
2025-08-11 23:30:00,2.26172,2.26179,2.26125,2.26163,201
2025-08-11 23:35:00,2.26165,2.26187,2.2614900000000002,2.26168,185
2025-08-11 23:40:00,2.26168,2.26168,2.25884,2.25891,180
2025-08-11 23:45:00,2.25891,2.25908,2.25882,2.25896,145
2025-08-11 23:50:00,2.25895,2.25908,2.25883,2.25888,186
2025-08-11 23:55:00,2.25895,2.259,2.2584400000000002,2.2587099999999998,195
2025-08-12 00:00:00,2.2596600000000002,2.2603400000000002,2.25946,2.2603400000000002,9
2025-08-12 00:05:00,2.2603400000000002,2.26102,2.25989,2.26035,39
2025-08-12 00:10:00,2.2603400000000002,2.26063,2.25946,2.26063,24
2025-08-12 00:15:00,2.26063,2.26063,2.26023,2.26041,17
2025-08-12 00:20:00,2.26041,2.26041,2.25917,2.2592,72
2025-08-12 00:25:00,2.25923,2.25939,2.25897,2.25939,58
2025-08-12 00:30:00,2.25939,2.25948,2.25939,2.25944,9
2025-08-12 00:35:00,2.25944,2.25954,2.25868,2.25951,73
2025-08-12 00:40:00,2.25951,2.25969,2.2587099999999998,2.25954,310
2025-08-12 00:45:00,2.25954,2.26068,2.25954,2.26052,236
2025-08-12 00:50:00,2.26049,2.26062,2.25984,2.25991,265
2025-08-12 00:55:00,2.26003,2.26029,2.25954,2.25994,399
2025-08-12 01:00:00,2.26009,2.2612,2.26009,2.26118,214
2025-08-12 01:05:00,2.2612,2.26188,2.26113,2.26183,135
2025-08-12 01:10:00,2.26181,2.26202,2.26147,2.2617,157
2025-08-12 01:15:00,2.2617,2.26186,2.26153,2.26171,132
2025-08-12 01:20:00,2.26178,2.26178,2.26132,2.2615600000000002,95
2025-08-12 01:25:00,2.2615600000000002,2.26182,2.26143,2.26153,192
2025-08-12 01:30:00,2.2615,2.26181,2.26135,2.26168,147
2025-08-12 01:35:00,2.26168,2.26204,2.26163,2.2619,148
2025-08-12 01:40:00,2.26195,2.26205,2.26178,2.26194,104
2025-08-12 01:45:00,2.26194,2.26229,2.26185,2.26229,76
2025-08-12 01:50:00,2.26229,2.26231,2.26181,2.26194,139
2025-08-12 01:55:00,2.26194,2.26208,2.2617,2.26185,89
2025-08-12 02:00:00,2.26192,2.26192,2.26136,2.26143,130
2025-08-12 02:05:00,2.26136,2.26159,2.26125,2.26147,169
2025-08-12 02:10:00,2.26147,2.2615,2.2611499999999998,2.26121,100
2025-08-12 02:15:00,2.26121,2.26137,2.26098,2.26104,99
2025-08-12 02:20:00,2.26104,2.26116,2.26092,2.26111,75
2025-08-12 02:25:00,2.26111,2.26123,2.2609,2.26111,86
2025-08-12 02:30:00,2.26111,2.26123,2.26078,2.2609,185
2025-08-12 02:35:00,2.26092,2.2612,2.2608800000000002,2.26093,275
2025-08-12 02:40:00,2.2609500000000002,2.26129,2.2609,2.2611,186
2025-08-12 02:45:00,2.2611,2.26116,2.26067,2.26084,84
2025-08-12 02:50:00,2.26084,2.26125,2.26074,2.26103,128
2025-08-12 02:55:00,2.26101,2.2616899999999998,2.261,2.26142,166
2025-08-12 03:00:00,2.2614,2.2615600000000002,2.26026,2.26032,498
2025-08-12 03:05:00,2.2603,2.26078,2.2603,2.26078,379
2025-08-12 03:10:00,2.26078,2.26084,2.26001,2.26001,327
2025-08-12 03:15:00,2.26004,2.26035,2.2598599999999998,2.26022,424
2025-08-12 03:20:00,2.26022,2.26023,2.25977,2.25981,304
2025-08-12 03:25:00,2.25981,2.2605,2.25967,2.26043,364
2025-08-12 03:30:00,2.26041,2.26075,2.26031,2.2605,346
2025-08-12 03:35:00,2.2605,2.2606,2.25985,2.2602700000000002,369
2025-08-12 03:40:00,2.26029,2.26051,2.26015,2.26026,270
2025-08-12 03:45:00,2.26026,2.26042,2.25981,2.25987,345
2025-08-12 03:50:00,2.25981,2.26,2.25936,2.25951,394
2025-08-12 03:55:00,2.25947,2.25997,2.25946,2.25971,402
2025-08-12 04:00:00,2.25982,2.26036,2.25956,2.26001,447
2025-08-12 04:05:00,2.26001,2.26067,2.25995,2.26057,391
2025-08-12 04:10:00,2.26065,2.26124,2.26061,2.2611499999999998,336
2025-08-12 04:15:00,2.26116,2.2612,2.26075,2.26083,388
2025-08-12 04:20:00,2.26079,2.26163,2.26059,2.26123,332
2025-08-12 04:25:00,2.26123,2.26142,2.26092,2.26101,310
2025-08-12 04:30:00,2.26097,2.26107,2.26051,2.26065,346
2025-08-12 04:35:00,2.26065,2.26069,2.25987,2.26015,415
2025-08-12 04:40:00,2.26015,2.26038,2.25953,2.25982,393
2025-08-12 04:45:00,2.25984,2.26075,2.25975,2.2603,301
2025-08-12 04:50:00,2.2603,2.26059,2.26001,2.26039,300
2025-08-12 04:55:00,2.26042,2.26049,2.25988,2.26003,386
2025-08-12 05:00:00,2.25995,2.26001,2.25948,2.25951,309
2025-08-12 05:05:00,2.25949,2.25999,2.25901,2.25984,335
2025-08-12 05:10:00,2.25984,2.26062,2.2598,2.26053,274
2025-08-12 05:15:00,2.26051,2.26094,2.26041,2.26066,331
2025-08-12 05:20:00,2.26068,2.26098,2.2604,2.26085,378
2025-08-12 05:25:00,2.26089,2.26142,2.26085,2.2612,317
2025-08-12 05:30:00,2.26118,2.26171,2.2610799999999998,2.2616,246
2025-08-12 05:35:00,2.2616,2.26174,2.2614,2.26158,178
2025-08-12 05:40:00,2.26154,2.26172,2.26138,2.26153,197
2025-08-12 05:45:00,2.26151,2.26185,2.26147,2.2615,188
2025-08-12 05:50:00,2.2615,2.26159,2.26092,2.26112,240
2025-08-12 05:55:00,2.26112,2.26122,2.26083,2.26112,311
2025-08-12 06:00:00,2.26112,2.2611499999999998,2.26008,2.26019,303
2025-08-12 06:05:00,2.26019,2.26078,2.25992,2.26061,314
2025-08-12 06:10:00,2.26057,2.26114,2.26038,2.26081,281
2025-08-12 06:15:00,2.26083,2.26136,2.26072,2.26133,244
2025-08-12 06:20:00,2.26133,2.26179,2.26112,2.26157,230
2025-08-12 06:25:00,2.26157,2.26167,2.26142,2.26164,228
2025-08-12 06:30:00,2.26164,2.26164,2.26113,2.26132,213
2025-08-12 06:35:00,2.2613,2.26166,2.26127,2.26131,292
2025-08-12 06:40:00,2.26132,2.26161,2.26077,2.26101,237
2025-08-12 06:45:00,2.26102,2.26135,2.26085,2.26114,306
2025-08-12 06:50:00,2.26119,2.26166,2.26098,2.26153,339
2025-08-12 06:55:00,2.26161,2.26222,2.2614900000000002,2.26214,335
2025-08-12 07:00:00,2.26219,2.2623699999999998,2.26164,2.26196,299
2025-08-12 07:05:00,2.26196,2.26239,2.26179,2.26201,257
2025-08-12 07:10:00,2.26205,2.26219,2.26174,2.26199,222
2025-08-12 07:15:00,2.26199,2.2624,2.26191,2.26239,337
2025-08-12 07:20:00,2.2623699999999998,2.26271,2.2622999999999998,2.26264,310
2025-08-12 07:25:00,2.26264,2.26268,2.26197,2.26198,284
2025-08-12 07:30:00,2.26205,2.26392,2.26205,2.26266,641
2025-08-12 07:35:00,2.26267,2.26319,2.26231,2.26264,417
2025-08-12 07:40:00,2.26264,2.26301,2.26241,2.26255,262
2025-08-12 07:45:00,2.26251,2.2628,2.26225,2.2626,257
2025-08-12 07:50:00,2.26262,2.26283,2.26227,2.2626,314
2025-08-12 07:55:00,2.26267,2.26288,2.26235,2.26246,341
2025-08-12 08:00:00,2.26243,2.26493,2.2622999999999998,2.26449,601
2025-08-12 08:05:00,2.2645,2.2653499999999998,2.26423,2.2648099999999998,507
2025-08-12 08:10:00,2.2648099999999998,2.26509,2.2645,2.26483,421
2025-08-12 08:15:00,2.26487,2.26586,2.26478,2.26561,490
2025-08-12 08:20:00,2.26561,2.26563,2.26471,2.26517,445
2025-08-12 08:25:00,2.26523,2.26523,2.26462,2.26465,446
2025-08-12 08:30:00,2.2646800000000002,2.26476,2.26297,2.2634600000000002,411
2025-08-12 08:35:00,2.2634600000000002,2.26357,2.26262,2.26297,446
2025-08-12 08:40:00,2.26297,2.26324,2.26255,2.26307,375
2025-08-12 08:45:00,2.26304,2.26304,2.26166,2.26171,372
2025-08-12 08:50:00,2.26168,2.26274,2.26167,2.26231,453
2025-08-12 08:55:00,2.26231,2.26412,2.26222,2.26343,458
2025-08-12 09:00:00,2.26321,2.26618,2.26321,2.26541,595
2025-08-12 09:05:00,2.26541,2.2657,2.26505,2.26559,528
2025-08-12 09:10:00,2.26558,2.2663,2.26504,2.2662,566
2025-08-12 09:15:00,2.2662,2.26669,2.2652900000000002,2.26543,492
2025-08-12 09:20:00,2.26533,2.26566,2.26471,2.26509,490
2025-08-12 09:25:00,2.26518,2.26537,2.2646100000000002,2.26528,501
2025-08-12 09:30:00,2.2652900000000002,2.26608,2.2652,2.2658,568
2025-08-12 09:35:00,2.26582,2.26636,2.26546,2.2662,501
2025-08-12 09:40:00,2.26611,2.26674,2.26601,2.26632,502
2025-08-12 09:45:00,2.26632,2.2666,2.26584,2.26599,515
2025-08-12 09:50:00,2.26599,2.26654,2.26567,2.26589,430
2025-08-12 09:55:00,2.26586,2.26612,2.26553,2.266,493
2025-08-12 10:00:00,2.26594,2.26629,2.2654199999999998,2.2661,581
2025-08-12 10:05:00,2.2661,2.26655,2.26569,2.26623,531
2025-08-12 10:10:00,2.26624,2.26636,2.26572,2.26586,472
2025-08-12 10:15:00,2.26585,2.26622,2.26573,2.2660299999999998,514
2025-08-12 10:20:00,2.2660299999999998,2.26658,2.26599,2.26638,462
2025-08-12 10:25:00,2.26638,2.26669,2.26602,2.26606,491
2025-08-12 10:30:00,2.26598,2.26634,2.26573,2.2660299999999998,615
2025-08-12 10:35:00,2.26607,2.26688,2.26594,2.26687,470
2025-08-12 10:40:00,2.26687,2.26729,2.26659,2.26697,419
2025-08-12 10:45:00,2.26691,2.26719,2.26674,2.26684,404
2025-08-12 10:50:00,2.26684,2.26761,2.26671,2.26756,451
2025-08-12 10:55:00,2.2676,2.26783,2.26726,2.26783,467
2025-08-12 11:00:00,2.26777,2.26838,2.26726,2.26838,520
2025-08-12 11:05:00,2.26832,2.26837,2.26752,2.26777,533
2025-08-12 11:10:00,2.26775,2.26859,2.26762,2.26832,414
2025-08-12 11:15:00,2.26836,2.2692,2.26835,2.26903,434
2025-08-12 11:20:00,2.26907,2.27014,2.26896,2.2701000000000002,389
2025-08-12 11:25:00,2.2701000000000002,2.27084,2.26999,2.2707,443
2025-08-12 11:30:00,2.27072,2.27109,2.2704,2.2709799999999998,442
2025-08-12 11:35:00,2.2709799999999998,2.27178,2.27097,2.27146,394
2025-08-12 11:40:00,2.27146,2.27246,2.27138,2.27219,445
2025-08-12 11:45:00,2.27219,2.2733499999999998,2.27163,2.2732200000000002,469
2025-08-12 11:50:00,2.27325,2.27377,2.2731,2.2736,376
2025-08-12 11:55:00,2.2736,2.27405,2.27355,2.27379,379
2025-08-12 12:00:00,2.27379,2.27413,2.27357,2.2737600000000002,444
2025-08-12 12:05:00,2.2737600000000002,2.27407,2.27352,2.27371,408
2025-08-12 12:10:00,2.27374,2.27393,2.27288,2.27297,340
2025-08-12 12:15:00,2.27295,2.27305,2.27226,2.27233,339
2025-08-12 12:20:00,2.27241,2.27262,2.27215,2.2724,458
2025-08-12 12:25:00,2.27242,2.27262,2.27168,2.27188,373
2025-08-12 12:30:00,2.27188,2.2723,2.27174,2.2723,413
2025-08-12 12:35:00,2.27228,2.27329,2.27228,2.273,395
2025-08-12 12:40:00,2.273,2.27339,2.27298,2.27313,334
2025-08-12 12:45:00,2.27313,2.2732,2.2726100000000002,2.27277,386
2025-08-12 12:50:00,2.27277,2.27296,2.27246,2.2725,402
2025-08-12 12:55:00,2.27252,2.2733,2.27252,2.27277,513
2025-08-12 13:00:00,2.27284,2.27296,2.27206,2.27206,482
2025-08-12 13:05:00,2.27202,2.27212,2.2713200000000002,2.27135,407
2025-08-12 13:10:00,2.27137,2.27161,2.27085,2.27114,334
2025-08-12 13:15:00,2.2711,2.27179,2.27099,2.27153,246
2025-08-12 13:20:00,2.27157,2.27181,2.27118,2.27118,319
2025-08-12 13:25:00,2.27115,2.27141,2.27054,2.27121,355
2025-08-12 13:30:00,2.27121,2.27217,2.27119,2.27186,351
2025-08-12 13:35:00,2.27184,2.27239,2.27166,2.27234,322
2025-08-12 13:40:00,2.27226,2.2729,2.27215,2.27255,305
2025-08-12 13:45:00,2.27259,2.27265,2.27216,2.27245,399
2025-08-12 13:50:00,2.27245,2.27267,2.27215,2.27255,352
2025-08-12 13:55:00,2.27255,2.27309,2.2723,2.27304,376
2025-08-12 14:00:00,2.27304,2.27366,2.27297,2.27332,394
2025-08-12 14:05:00,2.27332,2.27353,2.27257,2.2727399999999998,432
2025-08-12 14:10:00,2.27272,2.27295,2.2721299999999998,2.27282,318
2025-08-12 14:15:00,2.27282,2.27336,2.2727,2.27301,312
2025-08-12 14:20:00,2.27301,2.27325,2.27268,2.2728099999999998,327
2025-08-12 14:25:00,2.27279,2.2733499999999998,2.27257,2.27296,356
2025-08-12 14:30:00,2.27296,2.27344,2.27246,2.27338,380
2025-08-12 14:35:00,2.27334,2.27358,2.27286,2.2729,389
2025-08-12 14:40:00,2.27288,2.2734199999999998,2.27288,2.27324,364
2025-08-12 14:45:00,2.27324,2.27407,2.27321,2.27371,387
2025-08-12 14:50:00,2.27373,2.27461,2.27356,2.27461,402
2025-08-12 14:55:00,2.27466,2.2747,2.27331,2.27347,493
2025-08-12 15:00:00,2.27347,2.27369,2.27301,2.27329,538
2025-08-12 15:05:00,2.27328,2.27372,2.2732,2.27361,445
2025-08-12 15:10:00,2.27355,2.27405,2.27324,2.2734199999999998,449
2025-08-12 15:15:00,2.27338,2.27432,2.27326,2.27332,410
2025-08-12 15:20:00,2.27332,2.27369,2.27293,2.27339,489
2025-08-12 15:25:00,2.27344,2.27344,2.27029,2.2702999999999998,440
2025-08-12 15:30:00,2.2698,2.27354,2.26939,2.2725400000000002,1297
2025-08-12 15:35:00,2.27257,2.27348,2.27202,2.27234,1118
2025-08-12 15:40:00,2.27239,2.27318,2.27176,2.27247,1032
2025-08-12 15:45:00,2.27249,2.27249,2.2701700000000002,2.27025,961
2025-08-12 15:50:00,2.27025,2.27157,2.27022,2.27146,918
2025-08-12 15:55:00,2.27142,2.2717,2.27061,2.27104,913
2025-08-12 16:00:00,2.271,2.2716,2.27083,2.27125,920
2025-08-12 16:05:00,2.27123,2.27294,2.27118,2.27252,913
2025-08-12 16:10:00,2.2725400000000002,2.2731500000000002,2.27207,2.27283,929
2025-08-12 16:15:00,2.27283,2.27391,2.27275,2.27356,822
2025-08-12 16:20:00,2.27352,2.27433,2.27328,2.27359,850
2025-08-12 16:25:00,2.27359,2.27365,2.27279,2.27291,707
2025-08-12 16:30:00,2.27291,2.2732,2.27201,2.27237,856
2025-08-12 16:35:00,2.27237,2.27279,2.27195,2.27216,776
2025-08-12 16:40:00,2.27222,2.27287,2.2715199999999998,2.27203,895
2025-08-12 16:45:00,2.27212,2.2727399999999998,2.27072,2.27208,1191
2025-08-12 16:50:00,2.27212,2.27344,2.27212,2.27279,999
2025-08-12 16:55:00,2.27285,2.27343,2.27232,2.27331,911
2025-08-12 17:00:00,2.27331,2.27361,2.27201,2.27219,984
2025-08-12 17:05:00,2.2721999999999998,2.27237,2.27095,2.27119,883
2025-08-12 17:10:00,2.27121,2.2719300000000002,2.2709,2.27163,811
2025-08-12 17:15:00,2.27167,2.27245,2.27136,2.27205,789
2025-08-12 17:20:00,2.27205,2.27219,2.27118,2.27128,742
2025-08-12 17:25:00,2.2713200000000002,2.27214,2.27089,2.27183,714
2025-08-12 17:30:00,2.27187,2.2721,2.27102,2.27121,759
2025-08-12 17:35:00,2.27121,2.27158,2.271,2.27116,703
2025-08-12 17:40:00,2.27116,2.27178,2.2709099999999998,2.27123,685
2025-08-12 17:45:00,2.27124,2.2715899999999998,2.27047,2.27063,626
2025-08-12 17:50:00,2.27063,2.27086,2.26894,2.26909,572
2025-08-12 17:55:00,2.2691,2.26952,2.26815,2.26923,701
2025-08-12 18:00:00,2.26927,2.26953,2.26855,2.26881,696
2025-08-12 18:05:00,2.26877,2.26882,2.26784,2.26861,643
2025-08-12 18:10:00,2.26861,2.2691,2.26838,2.26892,564
2025-08-12 18:15:00,2.26894,2.26894,2.2671799999999998,2.26738,601
2025-08-12 18:20:00,2.26738,2.26759,2.26684,2.26741,492
2025-08-12 18:25:00,2.26741,2.26754,2.2665699999999998,2.26727,793
2025-08-12 18:30:00,2.26729,2.26783,2.26695,2.26747,847
2025-08-12 18:35:00,2.26747,2.26767,2.26654,2.26671,670
2025-08-12 18:40:00,2.26674,2.267,2.26619,2.26638,708
2025-08-12 18:45:00,2.26635,2.26671,2.26597,2.26671,677
2025-08-12 18:50:00,2.26671,2.26759,2.2664400000000002,2.26737,676
2025-08-12 18:55:00,2.26737,2.26753,2.267,2.26737,643
2025-08-12 19:00:00,2.26733,2.26757,2.26689,2.26715,621
2025-08-12 19:05:00,2.26715,2.2677300000000002,2.26692,2.26757,587
2025-08-12 19:10:00,2.26759,2.2679,2.26741,2.26765,488
2025-08-12 19:15:00,2.2676600000000002,2.2683400000000002,2.26736,2.2683,488
2025-08-12 19:20:00,2.2683,2.2685,2.26774,2.26846,505
2025-08-12 19:25:00,2.26846,2.26858,2.26791,2.26836,493
2025-08-12 19:30:00,2.26836,2.26852,2.26795,2.26799,511
2025-08-12 19:35:00,2.26803,2.26833,2.2678599999999998,2.26823,445
2025-08-12 19:40:00,2.26823,2.26829,2.26781,2.26793,477
2025-08-12 19:45:00,2.26793,2.26851,2.26785,2.2682,535
2025-08-12 19:50:00,2.2682,2.26838,2.26793,2.26823,495
2025-08-12 19:55:00,2.26826,2.26892,2.26814,2.26863,414
2025-08-12 20:00:00,2.26866,2.26926,2.26856,2.26924,595
2025-08-12 20:05:00,2.26924,2.26925,2.26855,2.26882,445
2025-08-12 20:10:00,2.2688,2.26901,2.26859,2.26889,365
2025-08-12 20:15:00,2.26891,2.2691,2.26855,2.26896,371
2025-08-12 20:20:00,2.26897,2.26909,2.26836,2.26891,522
2025-08-12 20:25:00,2.2689500000000002,2.2689500000000002,2.26842,2.26876,393
2025-08-12 20:30:00,2.2687,2.26884,2.26817,2.26841,415
2025-08-12 20:35:00,2.26841,2.26854,2.26811,2.26835,385
2025-08-12 20:40:00,2.26835,2.26835,2.26802,2.26821,335
2025-08-12 20:45:00,2.26822,2.2684699999999998,2.26778,2.268,342
2025-08-12 20:50:00,2.268,2.26818,2.26767,2.26812,317
2025-08-12 20:55:00,2.26812,2.26825,2.26752,2.26771,345
2025-08-12 21:00:00,2.26771,2.26777,2.26694,2.26706,310
2025-08-12 21:05:00,2.26708,2.26717,2.26666,2.267,327
2025-08-12 21:10:00,2.267,2.26711,2.26661,2.26685,306
2025-08-12 21:15:00,2.26691,2.267,2.2658300000000002,2.26624,340
2025-08-12 21:20:00,2.26624,2.26629,2.2658300000000002,2.26618,346
2025-08-12 21:25:00,2.26618,2.26621,2.26577,2.26605,358
2025-08-12 21:30:00,2.26605,2.26621,2.2657,2.26597,355
2025-08-12 21:35:00,2.26597,2.2664,2.26572,2.26609,352
2025-08-12 21:40:00,2.26612,2.26632,2.2658300000000002,2.26613,321
2025-08-12 21:45:00,2.26613,2.2663,2.26579,2.26602,292
2025-08-12 21:50:00,2.26602,2.26624,2.26565,2.26624,318
2025-08-12 21:55:00,2.26627,2.26632,2.2658,2.26604,376
2025-08-12 22:00:00,2.2660299999999998,2.26643,2.2655,2.26578,339
2025-08-12 22:05:00,2.26577,2.26613,2.26556,2.26612,310
2025-08-12 22:10:00,2.26612,2.26612,2.2655,2.26598,267
2025-08-12 22:15:00,2.2662,2.26647,2.26598,2.26639,299
2025-08-12 22:20:00,2.26635,2.26635,2.26549,2.26581,351
2025-08-12 22:25:00,2.26581,2.26624,2.26567,2.26622,289
2025-08-12 22:30:00,2.26622,2.2663,2.2656,2.26582,224
2025-08-12 22:35:00,2.26582,2.26592,2.26552,2.26587,267
2025-08-12 22:40:00,2.26587,2.26609,2.26573,2.26607,249
2025-08-12 22:45:00,2.26607,2.26622,2.26579,2.26584,237
2025-08-12 22:50:00,2.26588,2.26619,2.2657,2.26597,264
2025-08-12 22:55:00,2.26597,2.26629,2.26577,2.26629,341
2025-08-12 23:00:00,2.26627,2.26635,2.26588,2.26602,239
2025-08-12 23:05:00,2.26606,2.2664,2.26579,2.2661,275
2025-08-12 23:10:00,2.2661,2.26625,2.26569,2.26602,243
2025-08-12 23:15:00,2.26606,2.26639,2.2657,2.26637,252
2025-08-12 23:20:00,2.26637,2.26662,2.26615,2.26632,121
2025-08-12 23:25:00,2.26633,2.26652,2.26611,2.2663,155
2025-08-12 23:30:00,2.2663,2.26639,2.26599,2.26631,161
2025-08-12 23:35:00,2.26631,2.26637,2.26604,2.26628,172
2025-08-12 23:40:00,2.2635899999999998,2.26365,2.2634,2.26354,166
2025-08-12 23:45:00,2.26354,2.26364,2.2634600000000002,2.26356,170
2025-08-12 23:50:00,2.2636,2.26371,2.2634600000000002,2.26358,188
2025-08-12 23:55:00,2.26362,2.26398,2.26349,2.26396,177
2025-08-13 00:00:00,2.26416,2.26436,2.26396,2.26406,6
2025-08-13 00:05:00,2.26406,2.26492,2.26333,2.26428,31
2025-08-13 00:10:00,2.26428,2.26448,2.26226,2.26374,24
2025-08-13 00:15:00,2.26374,2.26394,2.26374,2.2639,10
2025-08-13 00:20:00,2.26368,2.26409,2.26368,2.26395,204
2025-08-13 00:25:00,2.26395,2.26557,2.26395,2.26539,224
2025-08-13 00:30:00,2.26534,2.26573,2.265,2.26524,141
2025-08-13 00:35:00,2.26524,2.26544,2.26508,2.26524,34
2025-08-13 00:40:00,2.26524,2.26562,2.2649,2.26497,442
2025-08-13 00:45:00,2.26502,2.26572,2.2649,2.26559,100
2025-08-13 00:50:00,2.26559,2.26559,2.26453,2.26465,33
2025-08-13 00:55:00,2.2646800000000002,2.2646800000000002,2.26391,2.26437,341
2025-08-13 01:00:00,2.2645,2.26674,2.2645,2.26662,414
2025-08-13 01:05:00,2.26715,2.2671799999999998,2.26686,2.26702,343
2025-08-13 01:10:00,2.26703,2.26737,2.26682,2.26708,276
2025-08-13 01:15:00,2.26682,2.26694,2.26631,2.26647,243
2025-08-13 01:20:00,2.26647,2.26676,2.26647,2.26671,102
2025-08-13 01:25:00,2.26669,2.2668,2.2665699999999998,2.26661,114
2025-08-13 01:30:00,2.26659,2.26696,2.2665,2.26684,103
2025-08-13 01:35:00,2.26683,2.26699,2.26647,2.26658,112
2025-08-13 01:40:00,2.2666,2.26696,2.2666,2.2669,69
2025-08-13 01:45:00,2.2669,2.26706,2.26648,2.26656,76
2025-08-13 01:50:00,2.26652,2.26674,2.26623,2.26672,83
2025-08-13 01:55:00,2.26673,2.26695,2.26634,2.26635,155
2025-08-13 02:00:00,2.26639,2.26639,2.26577,2.26612,153
2025-08-13 02:05:00,2.26611,2.26662,2.26611,2.26653,172
2025-08-13 02:10:00,2.26653,2.26686,2.26642,2.2665699999999998,129
2025-08-13 02:15:00,2.2666,2.26697,2.2666,2.26687,127
2025-08-13 02:20:00,2.26687,2.26695,2.26676,2.26687,69
2025-08-13 02:25:00,2.26687,2.2672,2.26683,2.26714,85
2025-08-13 02:30:00,2.26714,2.26715,2.26662,2.26665,91
2025-08-13 02:35:00,2.26677,2.26689,2.26653,2.26653,90
2025-08-13 02:40:00,2.26653,2.26682,2.26638,2.2667,143
2025-08-13 02:45:00,2.2667,2.26671,2.26623,2.26631,159
2025-08-13 02:50:00,2.26637,2.26658,2.26595,2.26595,116
2025-08-13 02:55:00,2.26595,2.26659,2.2659000000000002,2.26625,171
2025-08-13 03:00:00,2.26629,2.26682,2.26609,2.26638,406
2025-08-13 03:05:00,2.26637,2.26713,2.26634,2.2671200000000002,303
2025-08-13 03:10:00,2.26714,2.26743,2.26693,2.26723,306
2025-08-13 03:15:00,2.26723,2.26743,2.26692,2.26731,321
2025-08-13 03:20:00,2.26731,2.26738,2.26677,2.26704,332
2025-08-13 03:25:00,2.26706,2.26763,2.26697,2.26751,281
2025-08-13 03:30:00,2.2675,2.2676600000000002,2.26732,2.26755,243
2025-08-13 03:35:00,2.26755,2.26802,2.26733,2.26794,251
2025-08-13 03:40:00,2.2679,2.26796,2.26722,2.26734,214
2025-08-13 03:45:00,2.26734,2.26761,2.2672,2.2674,307
2025-08-13 03:50:00,2.26744,2.26761,2.26716,2.2675,379
2025-08-13 03:55:00,2.26746,2.268,2.2673,2.26799,322
2025-08-13 04:00:00,2.268,2.2681,2.26761,2.26791,362
2025-08-13 04:05:00,2.26791,2.26863,2.26781,2.26854,333
2025-08-13 04:10:00,2.26856,2.26875,2.26831,2.26866,306
2025-08-13 04:15:00,2.2687,2.26928,2.26853,2.26921,324
2025-08-13 04:20:00,2.26921,2.26999,2.26919,2.26935,378
2025-08-13 04:25:00,2.26934,2.26992,2.26898,2.26957,381
2025-08-13 04:30:00,2.26959,2.26971,2.26924,2.26942,393
2025-08-13 04:35:00,2.26942,2.26952,2.26909,2.26918,362
2025-08-13 04:40:00,2.26918,2.26958,2.26902,2.26953,336
2025-08-13 04:45:00,2.26953,2.26997,2.26924,2.26983,372
2025-08-13 04:50:00,2.26983,2.2701000000000002,2.26945,2.26988,353
2025-08-13 04:55:00,2.26996,2.27007,2.26952,2.26967,372
2025-08-13 05:00:00,2.26967,2.26986,2.26917,2.26941,364
2025-08-13 05:05:00,2.26941,2.26941,2.26881,2.26892,364
2025-08-13 05:10:00,2.2688800000000002,2.26912,2.26856,2.26894,361
2025-08-13 05:15:00,2.26894,2.26917,2.26887,2.26904,292
2025-08-13 05:20:00,2.26906,2.26915,2.26818,2.26848,370
2025-08-13 05:25:00,2.26846,2.26846,2.26791,2.26821,333
2025-08-13 05:30:00,2.2682,2.2682,2.26722,2.2673,258
2025-08-13 05:35:00,2.26722,2.26738,2.26609,2.2661,247
2025-08-13 05:40:00,2.26608,2.26633,2.26555,2.26581,321
2025-08-13 05:45:00,2.2658300000000002,2.26604,2.26518,2.2653,251
2025-08-13 05:50:00,2.26534,2.26549,2.26488,2.2649,243
2025-08-13 05:55:00,2.26488,2.2656,2.26488,2.26558,355
2025-08-13 06:00:00,2.26558,2.2664,2.26551,2.26602,312
2025-08-13 06:05:00,2.2660299999999998,2.26628,2.26581,2.26589,203
2025-08-13 06:10:00,2.26589,2.2661,2.26571,2.26609,207
2025-08-13 06:15:00,2.26609,2.26642,2.26599,2.26638,279
2025-08-13 06:20:00,2.26638,2.26659,2.26624,2.2665,267
2025-08-13 06:25:00,2.26647,2.26654,2.26615,2.2664,227
2025-08-13 06:30:00,2.26636,2.2665699999999998,2.2663,2.2664,198
2025-08-13 06:35:00,2.2664,2.26647,2.26582,2.26587,229
2025-08-13 06:40:00,2.26587,2.2662,2.26552,2.2656,267
2025-08-13 06:45:00,2.2656,2.26591,2.2656,2.26586,225
2025-08-13 06:50:00,2.26586,2.2659599999999998,2.26575,2.26581,198
2025-08-13 06:55:00,2.26581,2.26608,2.26568,2.2658300000000002,249
2025-08-13 07:00:00,2.26576,2.26612,2.26554,2.2658,200
2025-08-13 07:05:00,2.2658,2.26621,2.26568,2.26602,222
2025-08-13 07:10:00,2.26602,2.2662,2.26552,2.26555,223
2025-08-13 07:15:00,2.26555,2.26574,2.26534,2.26553,269
2025-08-13 07:20:00,2.26549,2.26561,2.26511,2.26526,195
2025-08-13 07:25:00,2.26526,2.26537,2.26503,2.2653,197
2025-08-13 07:30:00,2.2653,2.26576,2.26519,2.26556,255
2025-08-13 07:35:00,2.26556,2.26586,2.26545,2.2658,202
2025-08-13 07:40:00,2.2658,2.26589,2.26546,2.26585,230
2025-08-13 07:45:00,2.26585,2.26597,2.26537,2.26554,260
2025-08-13 07:50:00,2.26555,2.26621,2.26544,2.26615,194
2025-08-13 07:55:00,2.26615,2.26645,2.26614,2.26632,232
2025-08-13 08:00:00,2.26628,2.26685,2.26626,2.26683,196
2025-08-13 08:05:00,2.26683,2.26703,2.26668,2.26698,141
2025-08-13 08:10:00,2.26694,2.26717,2.26677,2.2670500000000002,215
2025-08-13 08:15:00,2.2670500000000002,2.26728,2.26694,2.26709,216
2025-08-13 08:20:00,2.26716,2.26716,2.26684,2.26685,144
2025-08-13 08:25:00,2.26685,2.2671200000000002,2.26654,2.26684,232
2025-08-13 08:30:00,2.26684,2.26694,2.26649,2.26653,312
2025-08-13 08:35:00,2.26655,2.26713,2.26649,2.26702,309
2025-08-13 08:40:00,2.26702,2.26704,2.26645,2.26649,281
2025-08-13 08:45:00,2.26649,2.26668,2.26607,2.26627,273
2025-08-13 08:50:00,2.26627,2.26665,2.2660299999999998,2.26653,387
2025-08-13 08:55:00,2.26653,2.26732,2.26643,2.26715,383
2025-08-13 09:00:00,2.26714,2.26798,2.26709,2.26716,392
2025-08-13 09:05:00,2.26716,2.26717,2.26631,2.26672,410
2025-08-13 09:10:00,2.26676,2.2672499999999998,2.2666399999999998,2.26688,311
2025-08-13 09:15:00,2.26689,2.26691,2.2662,2.26641,388
2025-08-13 09:20:00,2.2664,2.26645,2.26538,2.26551,329
2025-08-13 09:25:00,2.26551,2.26584,2.26508,2.2652200000000002,393
2025-08-13 09:30:00,2.2652200000000002,2.26548,2.26357,2.26369,389
2025-08-13 09:35:00,2.26369,2.2641,2.26239,2.26246,421
2025-08-13 09:40:00,2.26246,2.263,2.26206,2.26209,448
2025-08-13 09:45:00,2.26209,2.26274,2.26168,2.26216,424
2025-08-13 09:50:00,2.26214,2.26214,2.26098,2.26121,407
2025-08-13 09:55:00,2.26125,2.26188,2.26091,2.26186,441
2025-08-13 10:00:00,2.26186,2.26229,2.2614,2.26208,401
2025-08-13 10:05:00,2.26185,2.2621700000000002,2.26145,2.2617599999999998,468
2025-08-13 10:10:00,2.2617599999999998,2.26246,2.26154,2.2617599999999998,570
2025-08-13 10:15:00,2.26177,2.26233,2.26134,2.26233,511
2025-08-13 10:20:00,2.26231,2.26275,2.26197,2.26212,398
2025-08-13 10:25:00,2.26208,2.26267,2.26166,2.26228,414
2025-08-13 10:30:00,2.26228,2.26279,2.26183,2.26262,514
2025-08-13 10:35:00,2.26266,2.26289,2.26223,2.2625,504
2025-08-13 10:40:00,2.26254,2.26322,2.26248,2.26311,375
2025-08-13 10:45:00,2.26313,2.26341,2.26301,2.26331,370
2025-08-13 10:50:00,2.26331,2.26385,2.2629099999999998,2.26379,488
2025-08-13 10:55:00,2.26381,2.26391,2.26315,2.2635,459
2025-08-13 11:00:00,2.26341,2.26361,2.26275,2.26287,559
2025-08-13 11:05:00,2.26289,2.26382,2.2627800000000002,2.26368,504
2025-08-13 11:10:00,2.26366,2.26424,2.26343,2.26363,506
2025-08-13 11:15:00,2.26363,2.26438,2.26344,2.26436,502
2025-08-13 11:20:00,2.26433,2.26465,2.26385,2.26408,559
2025-08-13 11:25:00,2.26404,2.26424,2.26335,2.26391,516
2025-08-13 11:30:00,2.26388,2.26425,2.26365,2.26404,452
2025-08-13 11:35:00,2.26408,2.26506,2.2640000000000002,2.2647399999999998,445
2025-08-13 11:40:00,2.2647399999999998,2.26494,2.26455,2.26462,403
2025-08-13 11:45:00,2.26464,2.26501,2.26437,2.26455,407
2025-08-13 11:50:00,2.26451,2.26503,2.26425,2.26436,414
2025-08-13 11:55:00,2.26434,2.26525,2.26429,2.26508,523
2025-08-13 12:00:00,2.26505,2.26564,2.26482,2.26562,389
2025-08-13 12:05:00,2.26562,2.26631,2.26558,2.26614,328
2025-08-13 12:10:00,2.26614,2.26619,2.2655,2.26613,405
2025-08-13 12:15:00,2.26616,2.26642,2.26581,2.26601,470
2025-08-13 12:20:00,2.26599,2.26609,2.26488,2.26511,422
2025-08-13 12:25:00,2.26511,2.26547,2.26469,2.26496,459
2025-08-13 12:30:00,2.26493,2.26503,2.26343,2.26385,468
2025-08-13 12:35:00,2.26385,2.26432,2.26361,2.2640700000000002,448
2025-08-13 12:40:00,2.26405,2.26467,2.26403,2.26434,350
2025-08-13 12:45:00,2.2643,2.26442,2.26388,2.26439,321
2025-08-13 12:50:00,2.26437,2.26446,2.26397,2.26403,351
2025-08-13 12:55:00,2.26411,2.26457,2.26373,2.26432,429
2025-08-13 13:00:00,2.26431,2.26541,2.26431,2.2653,460
2025-08-13 13:05:00,2.26527,2.26557,2.265,2.26503,432
2025-08-13 13:10:00,2.26504,2.26551,2.26483,2.26532,342
2025-08-13 13:15:00,2.26532,2.26562,2.26507,2.26527,390
2025-08-13 13:20:00,2.26525,2.26559,2.26511,2.26537,323
2025-08-13 13:25:00,2.26536,2.2658300000000002,2.2653499999999998,2.26546,416
2025-08-13 13:30:00,2.26546,2.2658,2.26495,2.26563,350
2025-08-13 13:35:00,2.26563,2.26577,2.26523,2.2652900000000002,320
2025-08-13 13:40:00,2.2652900000000002,2.26578,2.2652200000000002,2.26559,347
2025-08-13 13:45:00,2.26563,2.26589,2.26544,2.26579,325
2025-08-13 13:50:00,2.26581,2.26635,2.2656,2.26569,337
2025-08-13 13:55:00,2.26567,2.26578,2.2652900000000002,2.2657,378
2025-08-13 14:00:00,2.26572,2.26662,2.26551,2.26617,455
2025-08-13 14:05:00,2.2662,2.2672,2.26619,2.26686,327
2025-08-13 14:10:00,2.2669,2.26701,2.2664400000000002,2.26695,294
2025-08-13 14:15:00,2.26695,2.26721,2.26667,2.26721,360
2025-08-13 14:20:00,2.26717,2.26717,2.26659,2.26685,325
2025-08-13 14:25:00,2.26688,2.26747,2.26672,2.26727,388
2025-08-13 14:30:00,2.26724,2.2676,2.26694,2.26754,341
2025-08-13 14:35:00,2.26754,2.26807,2.26737,2.26781,364
2025-08-13 14:40:00,2.26781,2.26787,2.26715,2.26733,408
2025-08-13 14:45:00,2.26729,2.2676600000000002,2.26674,2.26701,364
2025-08-13 14:50:00,2.26701,2.26701,2.26593,2.26608,454
2025-08-13 14:55:00,2.26608,2.2672499999999998,2.2658,2.26695,463
2025-08-13 15:00:00,2.26698,2.26732,2.26654,2.26674,534
2025-08-13 15:05:00,2.26667,2.2671200000000002,2.26654,2.26704,423
2025-08-13 15:10:00,2.26703,2.26747,2.26684,2.26698,400
2025-08-13 15:15:00,2.267,2.26716,2.26667,2.26707,438
2025-08-13 15:20:00,2.26704,2.26747,2.26678,2.26747,448
2025-08-13 15:25:00,2.26747,2.26756,2.267,2.26731,472
2025-08-13 15:30:00,2.26727,2.2682,2.26709,2.26783,483
2025-08-13 15:35:00,2.26787,2.2684,2.26763,2.2682,446
2025-08-13 15:40:00,2.2682,2.26906,2.26809,2.2687,533
2025-08-13 15:45:00,2.26871,2.269,2.26833,2.26845,471
2025-08-13 15:50:00,2.26849,2.26884,2.26769,2.26782,447
2025-08-13 15:55:00,2.26778,2.26823,2.2674,2.26805,396
2025-08-13 16:00:00,2.26806,2.26841,2.2676,2.26793,547
2025-08-13 16:05:00,2.26787,2.2681,2.26752,2.26794,430
2025-08-13 16:10:00,2.26794,2.2687,2.26794,2.26846,438
2025-08-13 16:15:00,2.26846,2.26894,2.26822,2.2688800000000002,400
2025-08-13 16:20:00,2.2688800000000002,2.26897,2.26818,2.26821,462
2025-08-13 16:25:00,2.2682,2.26883,2.2682,2.2686,439
2025-08-13 16:30:00,2.26861,2.26881,2.26802,2.26818,484
2025-08-13 16:35:00,2.26818,2.26833,2.26768,2.26823,473
2025-08-13 16:40:00,2.2683,2.26923,2.26796,2.26912,493
2025-08-13 16:45:00,2.26914,2.26916,2.2685,2.26889,488
2025-08-13 16:50:00,2.26889,2.26918,2.26853,2.26911,502
2025-08-13 16:55:00,2.26912,2.2698,2.26909,2.26925,622
2025-08-13 17:00:00,2.26923,2.26967,2.26903,2.26931,567
2025-08-13 17:05:00,2.26927,2.26993,2.26925,2.26961,489
2025-08-13 17:10:00,2.26963,2.2699,2.26925,2.26953,539
2025-08-13 17:15:00,2.2694900000000002,2.2695600000000002,2.2688,2.26901,495
2025-08-13 17:20:00,2.26901,2.26923,2.2686,2.26909,532
2025-08-13 17:25:00,2.26909,2.26932,2.26874,2.269,531
2025-08-13 17:30:00,2.26897,2.26924,2.26852,2.26896,532
2025-08-13 17:35:00,2.26896,2.26901,2.2679,2.26819,457
2025-08-13 17:40:00,2.26819,2.26891,2.26783,2.2688,514
2025-08-13 17:45:00,2.26883,2.26951,2.26838,2.26923,582
2025-08-13 17:50:00,2.2692,2.26943,2.2684699999999998,2.2685,618
2025-08-13 17:55:00,2.2685,2.26907,2.2682,2.2682,666
2025-08-13 18:00:00,2.26818,2.26876,2.26818,2.26867,628
2025-08-13 18:05:00,2.26867,2.26882,2.2682,2.26836,508
2025-08-13 18:10:00,2.26836,2.26938,2.26836,2.26914,519
2025-08-13 18:15:00,2.26915,2.26963,2.26906,2.26922,538
2025-08-13 18:20:00,2.26923,2.26937,2.26891,2.26923,433
2025-08-13 18:25:00,2.26923,2.26984,2.26906,2.26958,464
2025-08-13 18:30:00,2.26948,2.26994,2.26925,2.2695,460
2025-08-13 18:35:00,2.2695,2.26995,2.2694900000000002,2.26987,425
2025-08-13 18:40:00,2.26987,2.2699,2.2693,2.26953,452
2025-08-13 18:45:00,2.26955,2.27028,2.26954,2.26997,414
2025-08-13 18:50:00,2.26999,2.27088,2.26982,2.2703699999999998,313
2025-08-13 18:55:00,2.2703699999999998,2.27066,2.26997,2.27053,475
2025-08-13 19:00:00,2.27049,2.27056,2.27004,2.2705,360
2025-08-13 19:05:00,2.2705,2.27086,2.27021,2.27068,303
2025-08-13 19:10:00,2.27057,2.27072,2.27013,2.27047,308
2025-08-13 19:15:00,2.27047,2.27057,2.26979,2.27042,361
2025-08-13 19:20:00,2.27042,2.27061,2.26992,2.26994,316
2025-08-13 19:25:00,2.26993,2.27043,2.26993,2.27026,305
2025-08-13 19:30:00,2.27028,2.2706,2.27014,2.27036,339
2025-08-13 19:35:00,2.27036,2.2707,2.27014,2.27055,296
2025-08-13 19:40:00,2.27055,2.2707,2.27027,2.27068,263
2025-08-13 19:45:00,2.27068,2.27099,2.27048,2.2707,316
2025-08-13 19:50:00,2.2707,2.27087,2.27039,2.27062,313
2025-08-13 19:55:00,2.27059,2.2711,2.27044,2.27103,394
2025-08-13 20:00:00,2.27101,2.27128,2.2707800000000002,2.27101,359
2025-08-13 20:05:00,2.27103,2.27144,2.2709,2.27111,267
2025-08-13 20:10:00,2.27113,2.27176,2.27084,2.27175,280
2025-08-13 20:15:00,2.27185,2.2719300000000002,2.27141,2.27174,273
2025-08-13 20:20:00,2.27174,2.27177,2.2711,2.27142,268
2025-08-13 20:25:00,2.27142,2.27175,2.27128,2.2713,295
2025-08-13 20:30:00,2.27122,2.27149,2.27106,2.27143,284
2025-08-13 20:35:00,2.27143,2.2716,2.27106,2.27143,280
2025-08-13 20:40:00,2.27147,2.27185,2.27124,2.27168,267
2025-08-13 20:45:00,2.27164,2.27185,2.27134,2.27176,260
2025-08-13 20:50:00,2.27176,2.27195,2.27156,2.27195,345
2025-08-13 20:55:00,2.27197,2.27211,2.27165,2.27209,320
2025-08-13 21:00:00,2.2721,2.27227,2.27177,2.27216,342
2025-08-13 21:05:00,2.27216,2.27223,2.27187,2.27209,293
2025-08-13 21:10:00,2.27201,2.27223,2.27171,2.27196,276
2025-08-13 21:15:00,2.27199,2.27199,2.27146,2.27168,307
2025-08-13 21:20:00,2.27168,2.27192,2.27154,2.27172,246
2025-08-13 21:25:00,2.27176,2.27201,2.2716,2.27186,271
2025-08-13 21:30:00,2.27189,2.27191,2.27137,2.2713900000000002,337
2025-08-13 21:35:00,2.27134,2.27166,2.27111,2.27123,314
2025-08-13 21:40:00,2.27123,2.27151,2.2711,2.27147,236
2025-08-13 21:45:00,2.27147,2.27176,2.27125,2.2715899999999998,211
2025-08-13 21:50:00,2.2715899999999998,2.27176,2.27127,2.27143,222
2025-08-13 21:55:00,2.27143,2.27161,2.27113,2.27128,276
2025-08-13 22:00:00,2.27138,2.2714,2.2708,2.27113,407
2025-08-13 22:05:00,2.27113,2.27149,2.27087,2.27148,199
2025-08-13 22:10:00,2.2715199999999998,2.2715199999999998,2.27097,2.27109,172
2025-08-13 22:15:00,2.27109,2.27123,2.27088,2.27111,181
2025-08-13 22:20:00,2.27111,2.27144,2.27093,2.27133,262
2025-08-13 22:25:00,2.27129,2.27154,2.27089,2.27096,236
2025-08-13 22:30:00,2.271,2.27138,2.27094,2.27126,266
2025-08-13 22:35:00,2.27126,2.27155,2.27116,2.27145,206
2025-08-13 22:40:00,2.27145,2.27156,2.27111,2.27128,205
2025-08-13 22:45:00,2.27128,2.27148,2.27109,2.27135,196
2025-08-13 22:50:00,2.27116,2.27149,2.27106,2.2714,222
2025-08-13 22:55:00,2.27138,2.27206,2.27116,2.27198,319
2025-08-13 23:00:00,2.27194,2.27198,2.27109,2.2713200000000002,247
2025-08-13 23:05:00,2.27136,2.2715199999999998,2.27114,2.27131,191
2025-08-13 23:10:00,2.27135,2.27142,2.27105,2.2713,159
2025-08-13 23:15:00,2.2713,2.27153,2.27101,2.27143,170
2025-08-13 23:20:00,2.27143,2.27143,2.2709099999999998,2.27118,170
2025-08-13 23:25:00,2.27118,2.27148,2.2709099999999998,2.2713200000000002,143
2025-08-13 23:30:00,2.2713,2.27169,2.27097,2.27162,160
2025-08-13 23:35:00,2.27165,2.27174,2.27142,2.27161,156
2025-08-13 23:40:00,2.27161,2.27161,2.26875,2.26904,144
2025-08-13 23:45:00,2.26902,2.26958,2.2689500000000002,2.26945,133
2025-08-13 23:50:00,2.26941,2.26965,2.26932,2.2696,159
2025-08-13 23:55:00,2.2696,2.26965,2.26896,2.26903,230
2025-08-14 00:00:00,2.26971,2.26971,2.26971,2.26971,3
2025-08-14 00:05:00,2.26971,2.26971,2.268,2.26837,11
2025-08-14 00:10:00,2.26739,2.26772,2.26731,2.26744,15
2025-08-14 00:15:00,2.26744,2.26804,2.26743,2.26804,10
2025-08-14 00:20:00,2.26849,2.26867,2.26844,2.26848,65
2025-08-14 00:25:00,2.26848,2.26925,2.26845,2.26925,58
2025-08-14 00:30:00,2.2693,2.26948,2.26833,2.26873,78
2025-08-14 00:35:00,2.26873,2.26998,2.2679,2.2689,231
2025-08-14 00:40:00,2.2689,2.27044,2.2683,2.26961,160
2025-08-14 00:45:00,2.26961,2.26999,2.26927,2.26929,97
2025-08-14 00:50:00,2.26929,2.26951,2.26879,2.26879,34
2025-08-14 00:55:00,2.26883,2.26929,2.26875,2.26897,84
2025-08-14 01:00:00,2.26912,2.27176,2.26912,2.27176,277
2025-08-14 01:05:00,2.27176,2.27209,2.27154,2.27208,113
2025-08-14 01:10:00,2.27206,2.27246,2.27199,2.27239,113
2025-08-14 01:15:00,2.27241,2.27243,2.27218,2.27226,115
2025-08-14 01:20:00,2.27228,2.2725,2.27223,2.27234,159
2025-08-14 01:25:00,2.27234,2.27245,2.27207,2.27228,129
2025-08-14 01:30:00,2.27226,2.27233,2.27182,2.2719300000000002,115
2025-08-14 01:35:00,2.27197,2.2721299999999998,2.2718,2.27207,131
2025-08-14 01:40:00,2.27208,2.27233,2.27195,2.27228,149
2025-08-14 01:45:00,2.27227,2.27239,2.27207,2.27217,97
2025-08-14 01:50:00,2.27217,2.27252,2.27206,2.27238,121
2025-08-14 01:55:00,2.27249,2.27249,2.27177,2.27189,114
2025-08-14 02:00:00,2.27189,2.27209,2.27172,2.27178,119
2025-08-14 02:05:00,2.27178,2.2721,2.27151,2.27197,118
2025-08-14 02:10:00,2.27195,2.27229,2.27183,2.27224,131
2025-08-14 02:15:00,2.27224,2.27239,2.27212,2.27222,121
2025-08-14 02:20:00,2.27222,2.27226,2.27186,2.27194,108
2025-08-14 02:25:00,2.27194,2.2721,2.2715899999999998,2.27171,122
2025-08-14 02:30:00,2.27171,2.27172,2.27125,2.27146,107
2025-08-14 02:35:00,2.27146,2.27179,2.27135,2.27162,94
2025-08-14 02:40:00,2.27162,2.27162,2.27127,2.27147,128
2025-08-14 02:45:00,2.27147,2.27154,2.27077,2.27089,119
2025-08-14 02:50:00,2.27089,2.27118,2.27074,2.27097,126
2025-08-14 02:55:00,2.27097,2.27142,2.27094,2.27127,169
2025-08-14 03:00:00,2.27127,2.2713200000000002,2.2696899999999998,2.2697,385
2025-08-14 03:05:00,2.26967,2.26997,2.26929,2.26937,353
2025-08-14 03:10:00,2.26937,2.2696,2.2692,2.26951,334
2025-08-14 03:15:00,2.2695,2.26997,2.26909,2.26997,257
2025-08-14 03:20:00,2.26997,2.27024,2.26979,2.27005,245
2025-08-14 03:25:00,2.27005,2.27005,2.26947,2.26984,355
2025-08-14 03:30:00,2.26984,2.26995,2.2691,2.2696899999999998,325
2025-08-14 03:35:00,2.2696899999999998,2.27011,2.2695,2.26975,380
2025-08-14 03:40:00,2.26971,2.27004,2.2695600000000002,2.27001,327
2025-08-14 03:45:00,2.27001,2.27022,2.2697,2.26979,326
2025-08-14 03:50:00,2.26979,2.27039,2.26979,2.27007,320
2025-08-14 03:55:00,2.27007,2.27036,2.26975,2.26985,432
2025-08-14 04:00:00,2.26983,2.26988,2.26905,2.26918,454
2025-08-14 04:05:00,2.26919,2.26961,2.26903,2.26927,447
2025-08-14 04:10:00,2.26929,2.26951,2.26896,2.26946,489
2025-08-14 04:15:00,2.26946,2.26985,2.26936,2.26973,475
2025-08-14 04:20:00,2.2696899999999998,2.27005,2.26934,2.2694900000000002,459
2025-08-14 04:25:00,2.2695,2.2697599999999998,2.2693,2.2696,380
2025-08-14 04:30:00,2.26958,2.2697,2.26795,2.26854,599
2025-08-14 04:35:00,2.26854,2.26916,2.26849,2.26866,459
2025-08-14 04:40:00,2.26864,2.26921,2.26828,2.26875,391
2025-08-14 04:45:00,2.26875,2.26883,2.26794,2.26814,412
2025-08-14 04:50:00,2.26814,2.26833,2.26776,2.2677899999999998,436
2025-08-14 04:55:00,2.2677899999999998,2.26824,2.26775,2.26807,437
2025-08-14 05:00:00,2.26808,2.2683,2.2677300000000002,2.26794,458
2025-08-14 05:05:00,2.26794,2.2688,2.2677300000000002,2.26868,401
2025-08-14 05:10:00,2.26868,2.26939,2.26859,2.26931,292
2025-08-14 05:15:00,2.26931,2.2709,2.2693,2.27068,426
2025-08-14 05:20:00,2.27065,2.27112,2.27003,2.27012,377
2025-08-14 05:25:00,2.27012,2.27039,2.26978,2.27032,312
2025-08-14 05:30:00,2.27032,2.27046,2.26924,2.26954,420
2025-08-14 05:35:00,2.2695600000000002,2.27044,2.26904,2.26951,357
2025-08-14 05:40:00,2.26951,2.27048,2.26918,2.2703699999999998,305
2025-08-14 05:45:00,2.2703699999999998,2.27113,2.27027,2.27105,336
2025-08-14 05:50:00,2.27109,2.27119,2.27013,2.27072,285
2025-08-14 05:55:00,2.27072,2.27079,2.26987,2.2702999999999998,351
2025-08-14 06:00:00,2.27026,2.2709099999999998,2.27018,2.27048,378
2025-08-14 06:05:00,2.27044,2.27093,2.27016,2.27039,324
2025-08-14 06:10:00,2.27039,2.2705,2.26982,2.26982,297
2025-08-14 06:15:00,2.2699,2.27068,2.26971,2.2703699999999998,304
2025-08-14 06:20:00,2.27038,2.27052,2.26971,2.26978,254
2025-08-14 06:25:00,2.26975,2.27086,2.26972,2.27059,346
2025-08-14 06:30:00,2.27062,2.27087,2.27026,2.27029,398
2025-08-14 06:35:00,2.27029,2.27049,2.26997,2.27023,393
2025-08-14 06:40:00,2.27023,2.27051,2.27009,2.27042,349
2025-08-14 06:45:00,2.27043,2.27085,2.27035,2.27062,292
2025-08-14 06:50:00,2.27068,2.2715,2.27068,2.27122,282
2025-08-14 06:55:00,2.27111,2.27174,2.27106,2.27172,308
2025-08-14 07:00:00,2.2716,2.27194,2.2716,2.2719300000000002,222
2025-08-14 07:05:00,2.2719300000000002,2.27224,2.27185,2.27218,206
2025-08-14 07:10:00,2.27218,2.27236,2.27146,2.27168,257
2025-08-14 07:15:00,2.27167,2.27167,2.27125,2.27148,272
2025-08-14 07:20:00,2.27144,2.27176,2.27129,2.2713,316
2025-08-14 07:25:00,2.27138,2.27189,2.27124,2.27161,277
2025-08-14 07:30:00,2.27157,2.27191,2.27134,2.27146,221
2025-08-14 07:35:00,2.27145,2.27145,2.26994,2.27047,278
2025-08-14 07:40:00,2.27045,2.27066,2.26993,2.27066,185
2025-08-14 07:45:00,2.27066,2.27082,2.27034,2.27082,234
2025-08-14 07:50:00,2.27084,2.27088,2.27024,2.27045,296
2025-08-14 07:55:00,2.27049,2.27099,2.2703699999999998,2.27077,349
2025-08-14 08:00:00,2.27073,2.27123,2.27064,2.2709799999999998,333
2025-08-14 08:05:00,2.27097,2.2714,2.27066,2.2711,291
2025-08-14 08:10:00,2.27114,2.27151,2.27094,2.27137,325
2025-08-14 08:15:00,2.27137,2.27176,2.27122,2.27122,292
2025-08-14 08:20:00,2.27123,2.27168,2.27117,2.27156,326
2025-08-14 08:25:00,2.27153,2.27219,2.27147,2.27215,395
2025-08-14 08:30:00,2.27217,2.27296,2.27208,2.2728099999999998,340
2025-08-14 08:35:00,2.27278,2.27278,2.27214,2.27227,395
2025-08-14 08:40:00,2.27228,2.27283,2.27216,2.27238,295
2025-08-14 08:45:00,2.27238,2.27259,2.27218,2.27249,319
2025-08-14 08:50:00,2.27249,2.2735,2.27242,2.27345,360
2025-08-14 08:55:00,2.2736,2.27408,2.27331,2.27331,454
2025-08-14 09:00:00,2.2733,2.2757899999999998,2.2733,2.27488,524
2025-08-14 09:05:00,2.27486,2.27514,2.27421,2.27442,474
2025-08-14 09:10:00,2.27442,2.27446,2.27344,2.27423,507
2025-08-14 09:15:00,2.27423,2.27456,2.27384,2.27446,456
2025-08-14 09:20:00,2.27446,2.27558,2.27443,2.27529,382
2025-08-14 09:25:00,2.27529,2.27589,2.27515,2.27557,506
2025-08-14 09:30:00,2.27557,2.2770799999999998,2.27538,2.2768800000000002,556
2025-08-14 09:35:00,2.27699,2.27737,2.27641,2.27667,453
2025-08-14 09:40:00,2.27668,2.27817,2.27658,2.27805,453
2025-08-14 09:45:00,2.27804,2.27941,2.27797,2.2792,525
2025-08-14 09:50:00,2.2792,2.2795,2.27783,2.27799,545
2025-08-14 09:55:00,2.27799,2.2793900000000002,2.27794,2.27889,539
2025-08-14 10:00:00,2.27892,2.27943,2.27805,2.27925,667
2025-08-14 10:05:00,2.27925,2.28018,2.27896,2.27975,581
2025-08-14 10:10:00,2.27975,2.28008,2.27933,2.27962,550
2025-08-14 10:15:00,2.27962,2.27983,2.27855,2.27894,546
2025-08-14 10:20:00,2.27894,2.27911,2.2784,2.27847,563
2025-08-14 10:25:00,2.27849,2.27893,2.27809,2.27822,452
2025-08-14 10:30:00,2.27822,2.27866,2.278,2.27826,491
2025-08-14 10:35:00,2.27824,2.2791,2.27824,2.27857,475
2025-08-14 10:40:00,2.27858,2.27925,2.27848,2.27919,460
2025-08-14 10:45:00,2.27921,2.28005,2.27905,2.27988,531
2025-08-14 10:50:00,2.2799,2.28041,2.27946,2.28002,513
2025-08-14 10:55:00,2.28002,2.28038,2.27931,2.27941,479
2025-08-14 11:00:00,2.2793900000000002,2.28012,2.27924,2.2795,537
2025-08-14 11:05:00,2.27953,2.27953,2.27818,2.27843,475
2025-08-14 11:10:00,2.27847,2.27851,2.27787,2.27793,489
2025-08-14 11:15:00,2.27793,2.27813,2.27778,2.27799,454
2025-08-14 11:20:00,2.278,2.2786,2.27799,2.27854,387
2025-08-14 11:25:00,2.27854,2.27904,2.27852,2.27893,432
2025-08-14 11:30:00,2.27896,2.27911,2.27856,2.27895,430
2025-08-14 11:35:00,2.27894,2.27958,2.27883,2.27914,390
2025-08-14 11:40:00,2.27915,2.27996,2.27911,2.27984,329
2025-08-14 11:45:00,2.27984,2.28097,2.27973,2.2807399999999998,398
2025-08-14 11:50:00,2.2807399999999998,2.28107,2.28038,2.28081,449
2025-08-14 11:55:00,2.28081,2.28146,2.28055,2.28133,418
2025-08-14 12:00:00,2.28129,2.28132,2.28026,2.2807399999999998,500
2025-08-14 12:05:00,2.28073,2.28133,2.28058,2.2811500000000002,389
2025-08-14 12:10:00,2.2811500000000002,2.28138,2.28044,2.28057,472
2025-08-14 12:15:00,2.2806100000000002,2.28109,2.28047,2.2805400000000002,418
2025-08-14 12:20:00,2.28048,2.28131,2.28047,2.28123,358
2025-08-14 12:25:00,2.28123,2.28191,2.28099,2.28182,378
2025-08-14 12:30:00,2.2817600000000002,2.28205,2.28118,2.2812,397
2025-08-14 12:35:00,2.2812,2.28152,2.28093,2.28144,396
2025-08-14 12:40:00,2.28146,2.28175,2.2811,2.28133,401
2025-08-14 12:45:00,2.28131,2.28179,2.28129,2.28139,415
2025-08-14 12:50:00,2.28137,2.28157,2.28099,2.28136,381
2025-08-14 12:55:00,2.28136,2.28204,2.28133,2.2815,418
2025-08-14 13:00:00,2.2815,2.28177,2.28127,2.28171,452
2025-08-14 13:05:00,2.2817,2.28253,2.28163,2.2824,325
2025-08-14 13:10:00,2.28238,2.28326,2.28236,2.28297,453
2025-08-14 13:15:00,2.28297,2.28297,2.282,2.28232,397
2025-08-14 13:20:00,2.2823,2.28266,2.282,2.2822,403
2025-08-14 13:25:00,2.28215,2.28241,2.28177,2.28177,439
2025-08-14 13:30:00,2.28177,2.2818899999999998,2.28129,2.28173,492
2025-08-14 13:35:00,2.28173,2.28202,2.28149,2.28184,458
2025-08-14 13:40:00,2.28188,2.2823,2.28142,2.28199,409
2025-08-14 13:45:00,2.28202,2.28223,2.28163,2.28166,350
2025-08-14 13:50:00,2.28162,2.28279,2.28151,2.28272,394
2025-08-14 13:55:00,2.28272,2.28288,2.28184,2.28191,382
2025-08-14 14:00:00,2.28191,2.28201,2.28104,2.28179,440
2025-08-14 14:05:00,2.28179,2.28197,2.28101,2.28123,379
2025-08-14 14:10:00,2.28125,2.28167,2.28099,2.28154,334
2025-08-14 14:15:00,2.28155,2.28182,2.28101,2.28175,321
2025-08-14 14:20:00,2.28175,2.28184,2.281,2.2813499999999998,328
2025-08-14 14:25:00,2.28125,2.28247,2.28108,2.28235,361
2025-08-14 14:30:00,2.28235,2.28235,2.28163,2.2818300000000002,357
2025-08-14 14:35:00,2.28187,2.28221,2.28169,2.28217,333
2025-08-14 14:40:00,2.28219,2.28246,2.2819,2.28231,337
2025-08-14 14:45:00,2.28231,2.28275,2.28223,2.28265,399
2025-08-14 14:50:00,2.28265,2.28271,2.28125,2.28138,406
2025-08-14 14:55:00,2.28151,2.2817600000000002,2.28114,2.28117,502
2025-08-14 15:00:00,2.28117,2.2818,2.28084,2.2812,535
2025-08-14 15:05:00,2.28124,2.2818899999999998,2.28104,2.28163,440
2025-08-14 15:10:00,2.28163,2.2818300000000002,2.28084,2.28166,439
2025-08-14 15:15:00,2.28161,2.28215,2.2813499999999998,2.28188,411
2025-08-14 15:20:00,2.28188,2.28241,2.28144,2.28179,405
2025-08-14 15:25:00,2.28181,2.28225,2.28152,2.28155,372
2025-08-14 15:30:00,2.28155,2.28483,2.28055,2.28452,1220
2025-08-14 15:35:00,2.28452,2.28463,2.2833,2.28357,1029
2025-08-14 15:40:00,2.28357,2.28407,2.28222,2.28232,953
2025-08-14 15:45:00,2.28232,2.28286,2.28171,2.28282,810
2025-08-14 15:50:00,2.28273,2.28383,2.28232,2.28376,737
2025-08-14 15:55:00,2.2838,2.28486,2.28376,2.2847,868
2025-08-14 16:00:00,2.28468,2.28612,2.28458,2.28592,828
2025-08-14 16:05:00,2.28601,2.28647,2.28547,2.28636,777
2025-08-14 16:10:00,2.2864,2.28692,2.28617,2.28669,739
2025-08-14 16:15:00,2.2866,2.28681,2.28593,2.28647,745
2025-08-14 16:20:00,2.28644,2.28737,2.28611,2.28734,653
2025-08-14 16:25:00,2.2873,2.28781,2.28701,2.28757,627
2025-08-14 16:30:00,2.28761,2.28794,2.28724,2.2875,782
2025-08-14 16:35:00,2.2875,2.28769,2.28644,2.28651,636
2025-08-14 16:40:00,2.2865,2.28666,2.28565,2.28627,656
2025-08-14 16:45:00,2.28627,2.28651,2.28588,2.28632,631
2025-08-14 16:50:00,2.28632,2.28647,2.28578,2.286,509
2025-08-14 16:55:00,2.286,2.28627,2.28534,2.28602,611
2025-08-14 17:00:00,2.28606,2.28644,2.28564,2.2860300000000002,671
2025-08-14 17:05:00,2.28601,2.28706,2.28601,2.28677,680
2025-08-14 17:10:00,2.28683,2.28778,2.28661,2.28667,620
2025-08-14 17:15:00,2.28663,2.28663,2.28498,2.28515,729
2025-08-14 17:20:00,2.28514,2.28595,2.28473,2.28579,615
2025-08-14 17:25:00,2.28579,2.28625,2.28518,2.28524,612
2025-08-14 17:30:00,2.28531,2.28615,2.28476,2.2859,546
2025-08-14 17:35:00,2.2859,2.28598,2.28511,2.28566,517
2025-08-14 17:40:00,2.28568,2.28572,2.28494,2.28526,481
2025-08-14 17:45:00,2.28526,2.28541,2.28465,2.28537,549
2025-08-14 17:50:00,2.28535,2.28582,2.28509,2.2853,620
2025-08-14 17:55:00,2.28524,2.28627,2.28513,2.28612,676
2025-08-14 18:00:00,2.28613,2.28692,2.28585,2.28669,646
2025-08-14 18:05:00,2.28665,2.28731,2.28655,2.28702,596
2025-08-14 18:10:00,2.28702,2.2872500000000002,2.28654,2.2867,558
2025-08-14 18:15:00,2.2867,2.28679,2.28615,2.28672,543
2025-08-14 18:20:00,2.28674,2.28702,2.28642,2.2869,528
2025-08-14 18:25:00,2.28694,2.28734,2.28668,2.28695,541
2025-08-14 18:30:00,2.28693,2.2874,2.28673,2.2872500000000002,542
2025-08-14 18:35:00,2.2872500000000002,2.28761,2.28707,2.28748,600
2025-08-14 18:40:00,2.28748,2.28763,2.28676,2.2875199999999998,649
2025-08-14 18:45:00,2.28754,2.28822,2.28747,2.28782,568
2025-08-14 18:50:00,2.28783,2.28804,2.28702,2.2875199999999998,521
2025-08-14 18:55:00,2.28753,2.28778,2.28701,2.28707,552
2025-08-14 19:00:00,2.28703,2.28718,2.28652,2.28657,471
2025-08-14 19:05:00,2.28655,2.28762,2.28655,2.28757,431
2025-08-14 19:10:00,2.2875199999999998,2.28801,2.28751,2.28771,489
2025-08-14 19:15:00,2.28771,2.28826,2.28767,2.2881299999999998,491
2025-08-14 19:20:00,2.2881299999999998,2.28829,2.28751,2.28787,465
2025-08-14 19:25:00,2.28789,2.28791,2.28733,2.28778,364
2025-08-14 19:30:00,2.2879,2.28797,2.28724,2.28758,460
2025-08-14 19:35:00,2.28756,2.28777,2.28724,2.28775,370
2025-08-14 19:40:00,2.28777,2.28777,2.28721,2.28744,326
2025-08-14 19:45:00,2.28748,2.28756,2.28705,2.28734,363
2025-08-14 19:50:00,2.28736,2.28736,2.28662,2.287,301
2025-08-14 19:55:00,2.287,2.28704,2.28645,2.28658,407
2025-08-14 20:00:00,2.2866,2.28716,2.28638,2.28711,401
2025-08-14 20:05:00,2.28709,2.28728,2.28631,2.28646,401
2025-08-14 20:10:00,2.28646,2.28648,2.28595,2.28613,256
2025-08-14 20:15:00,2.28613,2.28628,2.28558,2.28581,354
2025-08-14 20:20:00,2.28579,2.28605,2.28557,2.28602,385
2025-08-14 20:25:00,2.28602,2.28643,2.28573,2.28616,283
2025-08-14 20:30:00,2.28616,2.28632,2.28595,2.2862,241
2025-08-14 20:35:00,2.28624,2.28672,2.28611,2.2865,318
2025-08-14 20:40:00,2.28651,2.28692,2.28644,2.28673,296
2025-08-14 20:45:00,2.28673,2.28703,2.28647,2.28693,324
2025-08-14 20:50:00,2.28689,2.2871,2.28669,2.28703,324
2025-08-14 20:55:00,2.28703,2.28716,2.28682,2.28699,329
2025-08-14 21:00:00,2.287,2.28739,2.28655,2.28739,374
2025-08-14 21:05:00,2.28736,2.2878600000000002,2.28692,2.28695,326
2025-08-14 21:10:00,2.28694,2.28713,2.28662,2.2867,329
2025-08-14 21:15:00,2.2867,2.28702,2.28653,2.28683,339
2025-08-14 21:20:00,2.28679,2.28699,2.28648,2.2868,329
2025-08-14 21:25:00,2.28676,2.2869,2.28637,2.2867,254
2025-08-14 21:30:00,2.28666,2.28698,2.28645,2.2869099999999998,272
2025-08-14 21:35:00,2.2869099999999998,2.28731,2.28673,2.28706,261
2025-08-14 21:40:00,2.28708,2.28735,2.2869099999999998,2.28729,206
2025-08-14 21:45:00,2.28729,2.28766,2.28718,2.2876,270
2025-08-14 21:50:00,2.2876,2.2876,2.28694,2.28753,303
2025-08-14 21:55:00,2.28753,2.28788,2.28721,2.28749,340
2025-08-14 22:00:00,2.28757,2.28775,2.28734,2.2875199999999998,317
2025-08-14 22:05:00,2.2875199999999998,2.2878600000000002,2.28737,2.28756,239
2025-08-14 22:10:00,2.28756,2.28756,2.28686,2.2873200000000002,282
2025-08-14 22:15:00,2.2873200000000002,2.28749,2.2867,2.28688,276
2025-08-14 22:20:00,2.28686,2.28694,2.28647,2.28673,226
2025-08-14 22:25:00,2.28675,2.28692,2.28649,2.28668,228
2025-08-14 22:30:00,2.28666,2.28672,2.28632,2.28658,187
2025-08-14 22:35:00,2.28658,2.28658,2.28606,2.28634,215
2025-08-14 22:40:00,2.28638,2.28655,2.28592,2.28621,281
2025-08-14 22:45:00,2.2862299999999998,2.28646,2.28601,2.28626,272
2025-08-14 22:50:00,2.28626,2.28647,2.286,2.28611,262
2025-08-14 22:55:00,2.28639,2.28643,2.28585,2.28634,341
2025-08-14 23:00:00,2.28626,2.28667,2.28614,2.2866400000000002,274
2025-08-14 23:05:00,2.28669,2.28678,2.28637,2.28649,205
2025-08-14 23:10:00,2.28649,2.28686,2.28644,2.28674,233
2025-08-14 23:15:00,2.28674,2.28704,2.28648,2.28688,197
2025-08-14 23:20:00,2.2869,2.2872500000000002,2.2868,2.28723,113
2025-08-14 23:25:00,2.28723,2.28733,2.28681,2.28698,161
2025-08-14 23:30:00,2.28696,2.28699,2.2864,2.28655,190
2025-08-14 23:35:00,2.28659,2.28678,2.28618,2.28629,175
2025-08-14 23:40:00,2.28629,2.28629,2.28355,2.28369,132
2025-08-14 23:45:00,2.28367,2.28376,2.28321,2.28336,146
2025-08-14 23:50:00,2.28336,2.28348,2.28303,2.28323,217
2025-08-14 23:55:00,2.28324,2.28326,2.28296,2.2831,207
2025-08-15 00:00:00,2.28446,2.28596,2.28446,2.28526,9
2025-08-15 00:05:00,2.28546,2.28546,2.28342,2.28523,23
2025-08-15 00:10:00,2.28523,2.28531,2.28372,2.28507,24
2025-08-15 00:15:00,2.28507,2.28507,2.28456,2.28456,12
2025-08-15 00:20:00,2.28438,2.28446,2.28361,2.28369,51
2025-08-15 00:25:00,2.28369,2.28375,2.2818899999999998,2.2818899999999998,52
2025-08-15 00:30:00,2.2818899999999998,2.28202,2.2808,2.28198,41
2025-08-15 00:35:00,2.28198,2.28213,2.2817600000000002,2.28182,57
2025-08-15 00:40:00,2.28182,2.28194,2.28171,2.28191,52
2025-08-15 00:45:00,2.28191,2.2819599999999998,2.28191,2.2819599999999998,7
2025-08-15 00:50:00,2.2819599999999998,2.28329,2.2819599999999998,2.28328,39
2025-08-15 00:55:00,2.28329,2.28342,2.2831799999999998,2.28328,127
2025-08-15 01:00:00,2.28316,2.285,2.28236,2.28483,267
2025-08-15 01:05:00,2.28453,2.28505,2.28435,2.28469,95
2025-08-15 01:10:00,2.28471,2.28492,2.28424,2.28457,153
2025-08-15 01:15:00,2.28461,2.28491,2.28453,2.28468,133
2025-08-15 01:20:00,2.28464,2.28484,2.28449,2.28449,97
2025-08-15 01:25:00,2.28454,2.28497,2.28445,2.2848800000000002,101
2025-08-15 01:30:00,2.2848800000000002,2.28514,2.28462,2.28503,102
2025-08-15 01:35:00,2.28507,2.28554,2.28498,2.28528,126
2025-08-15 01:40:00,2.28528,2.28563,2.28517,2.28534,89
2025-08-15 01:45:00,2.28534,2.28555,2.2850099999999998,2.2850099999999998,107
2025-08-15 01:50:00,2.2850099999999998,2.2853,2.28494,2.28504,119
2025-08-15 01:55:00,2.28504,2.28521,2.28485,2.285,86
2025-08-15 02:00:00,2.28496,2.28503,2.28463,2.28463,153
2025-08-15 02:05:00,2.28461,2.28475,2.28443,2.28458,118
2025-08-15 02:10:00,2.28458,2.2848800000000002,2.28434,2.28487,123
2025-08-15 02:15:00,2.28492,2.28492,2.28456,2.28474,111
2025-08-15 02:20:00,2.28474,2.28497,2.28462,2.28495,91
2025-08-15 02:25:00,2.28495,2.28507,2.2848,2.28496,133
2025-08-15 02:30:00,2.28496,2.28503,2.28445,2.28491,169
2025-08-15 02:35:00,2.2848100000000002,2.2848100000000002,2.28434,2.28438,143
2025-08-15 02:40:00,2.28437,2.28457,2.28398,2.28436,138
2025-08-15 02:45:00,2.28445,2.28469,2.28432,2.28452,121
2025-08-15 02:50:00,2.28451,2.28493,2.28432,2.2849,152
2025-08-15 02:55:00,2.2849,2.28511,2.28463,2.28469,205
2025-08-15 03:00:00,2.2847,2.28571,2.28417,2.28527,360
2025-08-15 03:05:00,2.28532,2.28538,2.28479,2.28525,280
2025-08-15 03:10:00,2.28528,2.28533,2.28484,2.2850099999999998,287
2025-08-15 03:15:00,2.28505,2.28509,2.2847,2.28493,267
2025-08-15 03:20:00,2.28489,2.28524,2.28471,2.28486,274
2025-08-15 03:25:00,2.28486,2.28576,2.28483,2.28561,203
2025-08-15 03:30:00,2.28563,2.28612,2.28558,2.28587,206
2025-08-15 03:35:00,2.28586,2.28601,2.28531,2.28554,225
2025-08-15 03:40:00,2.28554,2.28567,2.28511,2.28524,240
2025-08-15 03:45:00,2.28524,2.28554,2.28504,2.28537,218
2025-08-15 03:50:00,2.28537,2.2854900000000002,2.2848800000000002,2.28532,333
2025-08-15 03:55:00,2.28529,2.28546,2.2848,2.28536,375
2025-08-15 04:00:00,2.28537,2.28591,2.28443,2.28485,394
2025-08-15 04:05:00,2.2848100000000002,2.28567,2.28468,2.28535,326
2025-08-15 04:10:00,2.28535,2.28535,2.28492,2.28507,269
2025-08-15 04:15:00,2.28507,2.28526,2.28487,2.28508,338
2025-08-15 04:20:00,2.28509,2.2857,2.28505,2.28525,273
2025-08-15 04:25:00,2.28525,2.28572,2.28525,2.28556,270
2025-08-15 04:30:00,2.2856,2.28633,2.28475,2.2848100000000002,445
2025-08-15 04:35:00,2.2848,2.2854200000000002,2.28477,2.28483,267
2025-08-15 04:40:00,2.28483,2.28524,2.28469,2.28475,332
2025-08-15 04:45:00,2.28472,2.28541,2.28466,2.28522,364
2025-08-15 04:50:00,2.28522,2.28618,2.28506,2.28608,306
2025-08-15 04:55:00,2.28607,2.28611,2.28519,2.28574,344
2025-08-15 05:00:00,2.28578,2.28661,2.2856,2.28656,289
2025-08-15 05:05:00,2.28652,2.28717,2.28632,2.28716,285
2025-08-15 05:10:00,2.28716,2.28749,2.28689,2.28743,383
2025-08-15 05:15:00,2.2874499999999998,2.28906,2.28736,2.28875,350
2025-08-15 05:20:00,2.28883,2.2904999999999998,2.28882,2.28998,399
2025-08-15 05:25:00,2.29,2.2907,2.28991,2.28997,344
2025-08-15 05:30:00,2.28999,2.29009,2.2893499999999998,2.28962,296
2025-08-15 05:35:00,2.28961,2.29023,2.28961,2.2898899999999998,317
2025-08-15 05:40:00,2.2898899999999998,2.2899,2.28904,2.28941,335
2025-08-15 05:45:00,2.28941,2.28974,2.28904,2.28931,305
2025-08-15 05:50:00,2.2894,2.28979,2.28923,2.28943,274
2025-08-15 05:55:00,2.28945,2.28951,2.28844,2.2885400000000002,342
2025-08-15 06:00:00,2.28859,2.28859,2.28809,2.28822,325
2025-08-15 06:05:00,2.28823,2.28833,2.28742,2.28748,264
2025-08-15 06:10:00,2.28748,2.28774,2.28734,2.28758,230
2025-08-15 06:15:00,2.28762,2.28765,2.28697,2.28704,276
2025-08-15 06:20:00,2.28704,2.28727,2.28685,2.2869099999999998,280
2025-08-15 06:25:00,2.2869099999999998,2.28724,2.28628,2.28654,259
2025-08-15 06:30:00,2.28654,2.2873200000000002,2.28618,2.28722,292
2025-08-15 06:35:00,2.28722,2.28722,2.28658,2.28683,305
2025-08-15 06:40:00,2.28683,2.28711,2.28658,2.28696,279
2025-08-15 06:45:00,2.28696,2.28722,2.28662,2.28693,333
2025-08-15 06:50:00,2.28693,2.28729,2.28678,2.28681,273
2025-08-15 06:55:00,2.28681,2.28688,2.28646,2.28649,293
2025-08-15 07:00:00,2.28648,2.28709,2.28633,2.28702,341
2025-08-15 07:05:00,2.28702,2.28709,2.28665,2.28688,303
2025-08-15 07:10:00,2.28688,2.28709,2.28675,2.28693,221
2025-08-15 07:15:00,2.28694,2.28699,2.28657,2.28688,207
2025-08-15 07:20:00,2.28687,2.28724,2.28677,2.28696,244
2025-08-15 07:25:00,2.28694,2.28738,2.28682,2.28728,326
2025-08-15 07:30:00,2.2873200000000002,2.28791,2.28727,2.28757,216
2025-08-15 07:35:00,2.28758,2.28766,2.28719,2.28753,180
2025-08-15 07:40:00,2.28754,2.28777,2.2873200000000002,2.28768,157
2025-08-15 07:45:00,2.28768,2.28782,2.28735,2.28739,130
2025-08-15 07:50:00,2.28739,2.28783,2.28717,2.28726,145
2025-08-15 07:55:00,2.28726,2.28771,2.28714,2.28764,204
2025-08-15 08:00:00,2.28766,2.28768,2.28715,2.28726,246
2025-08-15 08:05:00,2.28726,2.28778,2.28726,2.28766,264
2025-08-15 08:10:00,2.28766,2.28773,2.28747,2.28749,279
2025-08-15 08:15:00,2.2874499999999998,2.28768,2.28727,2.28735,253
2025-08-15 08:20:00,2.28733,2.28757,2.28723,2.28729,292
2025-08-15 08:25:00,2.28729,2.28747,2.28701,2.28743,235
2025-08-15 08:30:00,2.28743,2.28783,2.2874,2.28772,279
2025-08-15 08:35:00,2.28768,2.28788,2.28711,2.28722,268
2025-08-15 08:40:00,2.28717,2.28789,2.28715,2.28788,276
2025-08-15 08:45:00,2.28788,2.28808,2.2877,2.28781,320
2025-08-15 08:50:00,2.28781,2.2886699999999998,2.2878,2.28851,210
2025-08-15 08:55:00,2.28845,2.2885,2.28772,2.28801,290
2025-08-15 09:00:00,2.28807,2.28807,2.2873,2.28755,421
2025-08-15 09:05:00,2.28759,2.28788,2.28743,2.28756,350
2025-08-15 09:10:00,2.28756,2.28768,2.28742,2.28762,352
2025-08-15 09:15:00,2.28762,2.288,2.2873200000000002,2.28798,365
2025-08-15 09:20:00,2.28796,2.2884700000000002,2.2879,2.28828,336
2025-08-15 09:25:00,2.28826,2.28881,2.28796,2.2886,363
2025-08-15 09:30:00,2.2886,2.28863,2.28763,2.28769,342
2025-08-15 09:35:00,2.2877,2.28779,2.28711,2.2872,295
2025-08-15 09:40:00,2.28718,2.28736,2.28659,2.28704,326
2025-08-15 09:45:00,2.28702,2.2875,2.28694,2.28746,265
2025-08-15 09:50:00,2.28742,2.28771,2.28716,2.28767,263
2025-08-15 09:55:00,2.28764,2.28797,2.28757,2.28781,288
2025-08-15 10:00:00,2.28781,2.28796,2.28744,2.28753,451
2025-08-15 10:05:00,2.28753,2.28802,2.28728,2.2879,466
2025-08-15 10:10:00,2.28792,2.28805,2.28739,2.28779,373
2025-08-15 10:15:00,2.28779,2.28802,2.28721,2.28758,434
2025-08-15 10:20:00,2.28756,2.28758,2.28682,2.28682,316
2025-08-15 10:25:00,2.28682,2.2873,2.28675,2.2868,294
2025-08-15 10:30:00,2.2868,2.28718,2.28649,2.28711,395
2025-08-15 10:35:00,2.28711,2.28724,2.28662,2.28674,276
2025-08-15 10:40:00,2.28674,2.28726,2.28668,2.28704,281
2025-08-15 10:45:00,2.28704,2.2875,2.28688,2.28746,305
2025-08-15 10:50:00,2.28747,2.28764,2.28655,2.28692,397
2025-08-15 10:55:00,2.28692,2.28696,2.28586,2.28588,533
2025-08-15 11:00:00,2.28589,2.28609,2.28536,2.28595,486
2025-08-15 11:05:00,2.28595,2.28635,2.28552,2.28635,340
2025-08-15 11:10:00,2.28635,2.28656,2.28608,2.2862999999999998,322
2025-08-15 11:15:00,2.28622,2.2867,2.2862,2.28652,441
2025-08-15 11:20:00,2.28644,2.28654,2.28618,2.28624,281
2025-08-15 11:25:00,2.28631,2.28646,2.28579,2.28602,403
2025-08-15 11:30:00,2.28604,2.28606,2.28545,2.28565,365
2025-08-15 11:35:00,2.28565,2.28612,2.28558,2.28571,290
2025-08-15 11:40:00,2.28571,2.28596,2.28559,2.28578,325
2025-08-15 11:45:00,2.28576,2.28589,2.28552,2.28573,310
2025-08-15 11:50:00,2.28573,2.28583,2.28517,2.2853,303
2025-08-15 11:55:00,2.2853,2.28564,2.28485,2.28486,400
2025-08-15 12:00:00,2.28486,2.2854200000000002,2.28467,2.28522,355
2025-08-15 12:05:00,2.28522,2.28524,2.28451,2.28464,374
2025-08-15 12:10:00,2.28464,2.28587,2.28453,2.28579,405
2025-08-15 12:15:00,2.28579,2.28618,2.28566,2.28575,354
2025-08-15 12:20:00,2.28577,2.28637,2.28572,2.28611,330
2025-08-15 12:25:00,2.28609,2.28626,2.28582,2.28615,272
2025-08-15 12:30:00,2.28629,2.28653,2.28578,2.28635,420
2025-08-15 12:35:00,2.28635,2.28704,2.28618,2.2868399999999998,381
2025-08-15 12:40:00,2.2868399999999998,2.28758,2.2868399999999998,2.2875,287
2025-08-15 12:45:00,2.28748,2.28754,2.28698,2.28707,268
2025-08-15 12:50:00,2.28707,2.28751,2.28698,2.2873200000000002,352
2025-08-15 12:55:00,2.28733,2.2881,2.28715,2.2880599999999998,379
2025-08-15 13:00:00,2.28811,2.28814,2.28767,2.28789,266
2025-08-15 13:05:00,2.28789,2.28797,2.28753,2.28767,348
2025-08-15 13:10:00,2.28767,2.28829,2.28751,2.28818,362
2025-08-15 13:15:00,2.2882,2.28824,2.28774,2.28775,277
2025-08-15 13:20:00,2.28773,2.28827,2.28773,2.28804,282
2025-08-15 13:25:00,2.28804,2.28812,2.28773,2.28795,256
2025-08-15 13:30:00,2.2879300000000002,2.28799,2.28764,2.2878,346
2025-08-15 13:35:00,2.2878,2.28789,2.28756,2.28771,278
2025-08-15 13:40:00,2.28768,2.28789,2.28734,2.28758,297
2025-08-15 13:45:00,2.28758,2.28802,2.28743,2.28743,328
2025-08-15 13:50:00,2.28743,2.28766,2.28692,2.28692,329
2025-08-15 13:55:00,2.28692,2.28749,2.28659,2.28689,407
2025-08-15 14:00:00,2.28685,2.2872500000000002,2.28631,2.2872,355
2025-08-15 14:05:00,2.2872,2.28728,2.28635,2.28663,303
2025-08-15 14:10:00,2.28667,2.2867100000000002,2.28631,2.28656,291
2025-08-15 14:15:00,2.28646,2.2866,2.2862299999999998,2.28637,258
2025-08-15 14:20:00,2.28629,2.2872,2.28629,2.28701,254
2025-08-15 14:25:00,2.28701,2.28736,2.28687,2.28721,239
2025-08-15 14:30:00,2.28723,2.28736,2.28688,2.28727,240
2025-08-15 14:35:00,2.28733,2.28775,2.28723,2.28755,254
2025-08-15 14:40:00,2.28755,2.28785,2.28724,2.28744,251
2025-08-15 14:45:00,2.2874,2.28748,2.28667,2.28692,300
2025-08-15 14:50:00,2.28694,2.2877,2.28657,2.2875199999999998,382
2025-08-15 14:55:00,2.2875199999999998,2.28759,2.28698,2.28704,352
2025-08-15 15:00:00,2.28706,2.28735,2.28653,2.28667,327
2025-08-15 15:05:00,2.28667,2.28667,2.28618,2.28645,333
2025-08-15 15:10:00,2.28645,2.28741,2.28624,2.28694,361
2025-08-15 15:15:00,2.28694,2.2875199999999998,2.28686,2.28708,399
2025-08-15 15:20:00,2.28715,2.28744,2.2868399999999998,2.28719,451
2025-08-15 15:25:00,2.28721,2.28858,2.28703,2.2878,455
2025-08-15 15:30:00,2.28782,2.28881,2.28743,2.28749,822
2025-08-15 15:35:00,2.28747,2.28756,2.28642,2.28678,688
2025-08-15 15:40:00,2.28678,2.28711,2.28618,2.28688,743
2025-08-15 15:45:00,2.28688,2.28719,2.28651,2.28692,606
2025-08-15 15:50:00,2.28693,2.28729,2.28651,2.28683,586
2025-08-15 15:55:00,2.28672,2.28685,2.28625,2.28652,555
2025-08-15 16:00:00,2.28653,2.28653,2.28553,2.2856899999999998,610
2025-08-15 16:05:00,2.2856899999999998,2.28604,2.28552,2.28593,552
2025-08-15 16:10:00,2.28599,2.28673,2.28582,2.28649,464
2025-08-15 16:15:00,2.28608,2.28677,2.28579,2.2865,597
2025-08-15 16:20:00,2.28648,2.28702,2.28621,2.28673,488
2025-08-15 16:25:00,2.28673,2.2874,2.28659,2.28721,530
2025-08-15 16:30:00,2.28721,2.28798,2.28702,2.28782,686
2025-08-15 16:35:00,2.28784,2.28803,2.28716,2.2877,555
2025-08-15 16:40:00,2.28772,2.2878,2.2872500000000002,2.28738,527
2025-08-15 16:45:00,2.28741,2.2875199999999998,2.28688,2.28708,656
2025-08-15 16:50:00,2.28705,2.28753,2.28648,2.28739,693
2025-08-15 16:55:00,2.28749,2.28797,2.28695,2.28743,516
2025-08-15 17:00:00,2.28723,2.28784,2.2862,2.28624,785
2025-08-15 17:05:00,2.28626,2.28659,2.28587,2.28637,688
2025-08-15 17:10:00,2.28637,2.28656,2.28524,2.28556,569
2025-08-15 17:15:00,2.28556,2.28579,2.2848100000000002,2.28485,589
2025-08-15 17:20:00,2.28485,2.28535,2.28472,2.28509,600
2025-08-15 17:25:00,2.28509,2.28513,2.2842700000000002,2.28463,616
2025-08-15 17:30:00,2.28464,2.28628,2.28451,2.28582,592
2025-08-15 17:35:00,2.28582,2.28594,2.28525,2.2854900000000002,543
2025-08-15 17:40:00,2.2854900000000002,2.28617,2.28541,2.2861000000000002,523
2025-08-15 17:45:00,2.28611,2.28712,2.28581,2.28663,540
2025-08-15 17:50:00,2.28662,2.28705,2.28636,2.2864,562
2025-08-15 17:55:00,2.28636,2.28642,2.28479,2.28512,665
2025-08-15 18:00:00,2.28512,2.28546,2.28463,2.28521,703
2025-08-15 18:05:00,2.28521,2.28568,2.28469,2.28516,522
2025-08-15 18:10:00,2.28518,2.28573,2.285,2.28571,426
2025-08-15 18:15:00,2.28575,2.28588,2.28449,2.28525,465
2025-08-15 18:20:00,2.28525,2.28574,2.28495,2.28568,463
2025-08-15 18:25:00,2.28574,2.28574,2.2853,2.28554,430
2025-08-15 18:30:00,2.28554,2.28627,2.2854200000000002,2.28618,469
2025-08-15 18:35:00,2.2862299999999998,2.28649,2.28579,2.28645,410
2025-08-15 18:40:00,2.28645,2.28739,2.28641,2.28698,464
2025-08-15 18:45:00,2.28696,2.28741,2.28681,2.28705,426
2025-08-15 18:50:00,2.28705,2.28714,2.28654,2.28667,365
2025-08-15 18:55:00,2.2866400000000002,2.28727,2.2865,2.28711,462
2025-08-15 19:00:00,2.28711,2.28727,2.28655,2.28689,407
2025-08-15 19:05:00,2.28692,2.28707,2.28643,2.28667,362
2025-08-15 19:10:00,2.28665,2.28681,2.28616,2.28634,416
2025-08-15 19:15:00,2.28634,2.28694,2.28628,2.28678,403
2025-08-15 19:20:00,2.28676,2.28705,2.28645,2.28701,375
2025-08-15 19:25:00,2.28707,2.28747,2.2868399999999998,2.2873200000000002,333
2025-08-15 19:30:00,2.28734,2.2875199999999998,2.2869099999999998,2.28736,281
2025-08-15 19:35:00,2.28736,2.28755,2.28705,2.2875199999999998,240
2025-08-15 19:40:00,2.2875199999999998,2.28779,2.28713,2.28748,283
2025-08-15 19:45:00,2.28746,2.28785,2.28738,2.2875199999999998,308
2025-08-15 19:50:00,2.2875199999999998,2.28761,2.28712,2.28729,257
2025-08-15 19:55:00,2.28729,2.28755,2.2867100000000002,2.28687,350
2025-08-15 20:00:00,2.28689,2.28737,2.28675,2.2872500000000002,304
2025-08-15 20:05:00,2.2872500000000002,2.28744,2.28687,2.28695,261
2025-08-15 20:10:00,2.28703,2.28764,2.28703,2.28761,313
2025-08-15 20:15:00,2.28761,2.28792,2.28746,2.2879,298
2025-08-15 20:20:00,2.28788,2.28802,2.28751,2.28784,319
2025-08-15 20:25:00,2.28784,2.28796,2.28746,2.28784,340
2025-08-15 20:30:00,2.28778,2.28779,2.2871,2.28714,292
2025-08-15 20:35:00,2.28715,2.28768,2.28708,2.28768,264
2025-08-15 20:40:00,2.28768,2.2879,2.28746,2.28779,251
2025-08-15 20:45:00,2.28783,2.28796,2.2875,2.28792,283
2025-08-15 20:50:00,2.28792,2.28798,2.28743,2.28769,245
2025-08-15 20:55:00,2.2877,2.28778,2.28715,2.28719,322
2025-08-15 21:00:00,2.28729,2.28816,2.28719,2.2881,302
2025-08-15 21:05:00,2.2881,2.28838,2.28775,2.28827,370
2025-08-15 21:10:00,2.28827,2.28842,2.28767,2.28794,244
2025-08-15 21:15:00,2.28794,2.28799,2.28763,2.28792,291
2025-08-15 21:20:00,2.28791,2.2881,2.28762,2.2877,306
2025-08-15 21:25:00,2.2877,2.28814,2.28756,2.2881299999999998,337
2025-08-15 21:30:00,2.28809,2.28809,2.28763,2.28791,372
2025-08-15 21:35:00,2.28791,2.28792,2.28748,2.28776,290
2025-08-15 21:40:00,2.28778,2.2878600000000002,2.28706,2.28728,248
2025-08-15 21:45:00,2.28726,2.28772,2.28709,2.28755,284
2025-08-15 21:50:00,2.28757,2.28781,2.28729,2.28767,242
2025-08-15 21:55:00,2.28769,2.28795,2.28754,2.2876,353
2025-08-15 22:00:00,2.2876,2.28777,2.28736,2.28757,273
2025-08-15 22:05:00,2.28757,2.28764,2.28735,2.28743,223
2025-08-15 22:10:00,2.28743,2.28769,2.2873200000000002,2.28758,237
2025-08-15 22:15:00,2.2876,2.28762,2.28724,2.28733,189
2025-08-15 22:20:00,2.2873200000000002,2.2877,2.28697,2.28726,190
2025-08-15 22:25:00,2.28726,2.28737,2.28697,2.28722,184
2025-08-15 22:30:00,2.28718,2.28723,2.28689,2.28711,207
2025-08-15 22:35:00,2.28709,2.28711,2.28683,2.28695,204
2025-08-15 22:40:00,2.28704,2.28718,2.28687,2.28712,195
2025-08-15 22:45:00,2.28713,2.2872,2.28683,2.28718,171
2025-08-15 22:50:00,2.28713,2.28733,2.28702,2.2873200000000002,203
2025-08-15 22:55:00,2.28736,2.28775,2.28707,2.28748,301
2025-08-15 23:00:00,2.28748,2.28774,2.28722,2.28758,189
2025-08-15 23:05:00,2.28762,2.28769,2.2871,2.28714,156
2025-08-15 23:10:00,2.28718,2.28736,2.2869099999999998,2.28714,129
2025-08-15 23:15:00,2.28714,2.2873200000000002,2.28701,2.28715,144
2025-08-15 23:20:00,2.28717,2.28755,2.28678,2.28755,174
2025-08-15 23:25:00,2.28755,2.2880599999999998,2.2875199999999998,2.28788,150
2025-08-15 23:30:00,2.28792,2.28809,2.28762,2.28783,209
2025-08-15 23:35:00,2.28787,2.28818,2.28771,2.2881,171
2025-08-15 23:40:00,2.28541,2.2856,2.28522,2.28526,149
2025-08-15 23:45:00,2.28526,2.28594,2.28517,2.28582,163
2025-08-15 23:50:00,2.28582,2.28616,2.28554,2.28572,228
2025-08-15 23:55:00,2.28573,2.28585,2.2850099999999998,2.2850099999999998,175
2025-08-18 00:00:00,2.28432,2.28506,2.28432,2.28506,7
2025-08-18 00:05:00,2.28506,2.28574,2.28426,2.28452,21
2025-08-18 00:10:00,2.28452,2.28456,2.28452,2.28454,8
2025-08-18 00:15:00,2.28454,2.2851,2.2845,2.28458,27
2025-08-18 00:20:00,2.28458,2.28463,2.28404,2.28463,61
2025-08-18 00:25:00,2.28463,2.28595,2.28461,2.2851,60
2025-08-18 00:30:00,2.28506,2.2857,2.28502,2.2857,51
2025-08-18 00:35:00,2.2857,2.2867,2.28541,2.28626,191
2025-08-18 00:40:00,2.28626,2.28628,2.28415,2.2859,91
2025-08-18 00:45:00,2.2859,2.28656,2.2854200000000002,2.28652,98
2025-08-18 00:50:00,2.28652,2.28654,2.28576,2.2862,121
2025-08-18 00:55:00,2.2862,2.28626,2.28574,2.28582,104
2025-08-18 01:00:00,2.28622,2.28754,2.2856199999999998,2.28754,201
2025-08-18 01:05:00,2.28754,2.28815,2.2873,2.28785,123
2025-08-18 01:10:00,2.28783,2.28801,2.28749,2.28795,219
2025-08-18 01:15:00,2.28797,2.28819,2.28787,2.2879,211
2025-08-18 01:20:00,2.2879300000000002,2.28799,2.28766,2.28778,97
2025-08-18 01:25:00,2.28778,2.28788,2.28756,2.28769,96
2025-08-18 01:30:00,2.28769,2.28782,2.28738,2.28746,103
2025-08-18 01:35:00,2.28753,2.28757,2.2873200000000002,2.28743,79
2025-08-18 01:40:00,2.28738,2.28743,2.28716,2.28739,89
2025-08-18 01:45:00,2.28741,2.28742,2.28713,2.28742,81
2025-08-18 01:50:00,2.28746,2.28746,2.28714,2.28722,98
2025-08-18 01:55:00,2.28722,2.28722,2.2867100000000002,2.2868399999999998,161
2025-08-18 02:00:00,2.28688,2.28692,2.28652,2.2867100000000002,182
2025-08-18 02:05:00,2.28675,2.28683,2.28593,2.2864,145
2025-08-18 02:10:00,2.2864,2.28659,2.28629,2.28648,111
2025-08-18 02:15:00,2.28652,2.28682,2.28644,2.28676,135
2025-08-18 02:20:00,2.28672,2.28706,2.2867100000000002,2.28706,109
2025-08-18 02:25:00,2.28706,2.28715,2.2869,2.28699,111
2025-08-18 02:30:00,2.28699,2.28735,2.28696,2.28718,105
2025-08-18 02:35:00,2.28718,2.28722,2.28628,2.28655,144
2025-08-18 02:40:00,2.28655,2.28676,2.28639,2.28673,97
2025-08-18 02:45:00,2.28675,2.28689,2.28666,2.28681,136
2025-08-18 02:50:00,2.28681,2.28699,2.28672,2.28686,135
2025-08-18 02:55:00,2.28686,2.28703,2.28586,2.28602,211
2025-08-18 03:00:00,2.28598,2.2860300000000002,2.28548,2.28554,303
2025-08-18 03:05:00,2.28552,2.28556,2.28454,2.28463,341
2025-08-18 03:10:00,2.28463,2.28478,2.28434,2.28438,327
2025-08-18 03:15:00,2.28436,2.28465,2.28416,2.2842700000000002,399
2025-08-18 03:20:00,2.28426,2.28471,2.28396,2.28469,368
2025-08-18 03:25:00,2.28469,2.28485,2.28409,2.28418,348
2025-08-18 03:30:00,2.28416,2.28461,2.28405,2.28438,344
2025-08-18 03:35:00,2.28438,2.28457,2.28411,2.28435,254
2025-08-18 03:40:00,2.28432,2.28444,2.28404,2.28411,258
2025-08-18 03:45:00,2.28417,2.28448,2.28397,2.28404,275
2025-08-18 03:50:00,2.28404,2.2848100000000002,2.28392,2.2848,347
2025-08-18 03:55:00,2.28479,2.2848,2.28429,2.28437,263
2025-08-18 04:00:00,2.28437,2.28451,2.28378,2.28395,316
2025-08-18 04:05:00,2.28396,2.28416,2.28348,2.28383,345
2025-08-18 04:10:00,2.28383,2.28395,2.28344,2.28368,314
2025-08-18 04:15:00,2.28377,2.28377,2.28301,2.2831099999999998,404
2025-08-18 04:20:00,2.2831099999999998,2.28375,2.2831099999999998,2.28338,305
2025-08-18 04:25:00,2.28336,2.28438,2.28336,2.28438,274
2025-08-18 04:30:00,2.28434,2.28505,2.28412,2.28487,307
2025-08-18 04:35:00,2.28487,2.28511,2.28435,2.28463,392
2025-08-18 04:40:00,2.28459,2.28493,2.28443,2.28458,333
2025-08-18 04:45:00,2.28458,2.28485,2.28378,2.28403,394
2025-08-18 04:50:00,2.28407,2.28407,2.28288,2.28319,369
2025-08-18 04:55:00,2.28319,2.28391,2.28313,2.28338,423
2025-08-18 05:00:00,2.2834,2.28452,2.28338,2.28449,250
2025-08-18 05:05:00,2.28453,2.28453,2.2838,2.28398,371
2025-08-18 05:10:00,2.28398,2.28456,2.28382,2.28451,302
2025-08-18 05:15:00,2.28455,2.28462,2.28417,2.28431,299
2025-08-18 05:20:00,2.28423,2.28467,2.28412,2.28459,260
2025-08-18 05:25:00,2.28455,2.28461,2.28406,2.28421,277
2025-08-18 05:30:00,2.28419,2.28434,2.28396,2.28416,245
2025-08-18 05:35:00,2.28412,2.28457,2.28412,2.2843,291
2025-08-18 05:40:00,2.28434,2.2851,2.28432,2.28489,258
2025-08-18 05:45:00,2.28489,2.285,2.2847,2.28494,301
2025-08-18 05:50:00,2.28494,2.28511,2.2848100000000002,2.28483,176
2025-08-18 05:55:00,2.2848100000000002,2.28486,2.2843999999999998,2.28463,285
2025-08-18 06:00:00,2.28463,2.28469,2.28397,2.28433,311
2025-08-18 06:05:00,2.28433,2.28452,2.28409,2.28423,241
2025-08-18 06:10:00,2.28423,2.28433,2.28388,2.28403,308
2025-08-18 06:15:00,2.28406,2.28434,2.28392,2.28418,320
2025-08-18 06:20:00,2.28417,2.28449,2.28408,2.28442,266
2025-08-18 06:25:00,2.28442,2.28457,2.28418,2.28443,253
2025-08-18 06:30:00,2.28443,2.28476,2.28443,2.28455,298
2025-08-18 06:35:00,2.28458,2.2846,2.28411,2.28418,260
2025-08-18 06:40:00,2.28418,2.28463,2.284,2.28457,293
2025-08-18 06:45:00,2.28457,2.28468,2.28434,2.28461,294
2025-08-18 06:50:00,2.28461,2.28497,2.28449,2.28485,286
2025-08-18 06:55:00,2.28485,2.28492,2.2841,2.28414,276
2025-08-18 07:00:00,2.28414,2.28461,2.28389,2.28442,271
2025-08-18 07:05:00,2.28442,2.28479,2.2843,2.28468,172
2025-08-18 07:10:00,2.28468,2.28509,2.28442,2.28484,269
2025-08-18 07:15:00,2.2848,2.285,2.28396,2.28396,220
2025-08-18 07:20:00,2.28396,2.2843,2.28394,2.28428,235
2025-08-18 07:25:00,2.28428,2.28459,2.28411,2.28425,175
2025-08-18 07:30:00,2.28425,2.28426,2.28382,2.28382,228
2025-08-18 07:35:00,2.28382,2.28395,2.28353,2.2836600000000002,171
2025-08-18 07:40:00,2.2836600000000002,2.28383,2.28338,2.28351,176
2025-08-18 07:45:00,2.28351,2.28355,2.28286,2.28301,261
2025-08-18 07:50:00,2.2830500000000002,2.28337,2.28267,2.28273,228
2025-08-18 07:55:00,2.28273,2.28308,2.28264,2.28306,308
2025-08-18 08:00:00,2.28306,2.28314,2.2824,2.28265,245
2025-08-18 08:05:00,2.28265,2.28335,2.28254,2.28322,211
2025-08-18 08:10:00,2.28323,2.28387,2.28319,2.28387,259
2025-08-18 08:15:00,2.28387,2.28387,2.28295,2.28322,245
2025-08-18 08:20:00,2.28312,2.28322,2.28264,2.28303,213
2025-08-18 08:25:00,2.28299,2.28308,2.28197,2.28225,270
2025-08-18 08:30:00,2.28224,2.28231,2.28177,2.28194,268
2025-08-18 08:35:00,2.2819,2.28258,2.28182,2.28226,323
2025-08-18 08:40:00,2.28226,2.28268,2.28188,2.28253,338
2025-08-18 08:45:00,2.28253,2.28284,2.2824,2.28266,250
2025-08-18 08:50:00,2.28266,2.28357,2.2826,2.28346,282
2025-08-18 08:55:00,2.28353,2.28382,2.28335,2.28354,390
2025-08-18 09:00:00,2.28337,2.28346,2.28263,2.28324,394
2025-08-18 09:05:00,2.2831799999999998,2.28345,2.28286,2.2832,305
2025-08-18 09:10:00,2.2832,2.28394,2.28283,2.28382,338
2025-08-18 09:15:00,2.28384,2.28403,2.2824999999999998,2.28262,434
2025-08-18 09:20:00,2.28262,2.28262,2.2818300000000002,2.28188,310
2025-08-18 09:25:00,2.28184,2.28217,2.28138,2.28139,413
2025-08-18 09:30:00,2.28141,2.2819,2.28111,2.2814,439
2025-08-18 09:35:00,2.2814,2.28181,2.28098,2.28166,335
2025-08-18 09:40:00,2.28166,2.28209,2.28143,2.28205,414
2025-08-18 09:45:00,2.28205,2.28241,2.28194,2.28199,365
2025-08-18 09:50:00,2.28199,2.28248,2.28192,2.28207,410
2025-08-18 09:55:00,2.28206,2.28256,2.28165,2.28177,398
2025-08-18 10:00:00,2.28177,2.28233,2.2816,2.28193,457
2025-08-18 10:05:00,2.28193,2.28235,2.28149,2.28164,425
2025-08-18 10:10:00,2.28164,2.28188,2.28125,2.28165,497
2025-08-18 10:15:00,2.28165,2.28187,2.2812200000000002,2.28156,419
2025-08-18 10:20:00,2.28158,2.28175,2.28113,2.28164,428
2025-08-18 10:25:00,2.28162,2.28186,2.28127,2.28186,389
2025-08-18 10:30:00,2.28186,2.28199,2.2813,2.28147,455
2025-08-18 10:35:00,2.28145,2.28178,2.28069,2.28087,458
2025-08-18 10:40:00,2.28092,2.28159,2.28076,2.28155,371
2025-08-18 10:45:00,2.28155,2.28169,2.28116,2.28168,410
2025-08-18 10:50:00,2.28168,2.28215,2.28149,2.28159,503
2025-08-18 10:55:00,2.28153,2.2816,2.28106,2.28117,544
2025-08-18 11:00:00,2.28117,2.28177,2.28097,2.28141,688
2025-08-18 11:05:00,2.28141,2.28159,2.28076,2.28086,539
2025-08-18 11:10:00,2.28087,2.2811,2.28038,2.28079,424
2025-08-18 11:15:00,2.28079,2.28109,2.28053,2.28068,412
2025-08-18 11:20:00,2.28068,2.28099,2.2801,2.28018,469
2025-08-18 11:25:00,2.28016,2.2803,2.27926,2.28007,445
2025-08-18 11:30:00,2.2801,2.2806,2.2799300000000002,2.28046,406
2025-08-18 11:35:00,2.28046,2.28079,2.28015,2.28075,435
2025-08-18 11:40:00,2.28075,2.28099,2.28012,2.28024,441
2025-08-18 11:45:00,2.28027,2.28029,2.27949,2.27988,504
2025-08-18 11:50:00,2.2799,2.28004,2.27957,2.27992,368
2025-08-18 11:55:00,2.27992,2.28019,2.2797,2.27998,533
2025-08-18 12:00:00,2.27996,2.28015,2.2794,2.2800599999999998,521
2025-08-18 12:05:00,2.2801,2.28031,2.27982,2.27997,405
2025-08-18 12:10:00,2.27998,2.28048,2.27944,2.28037,445
2025-08-18 12:15:00,2.28037,2.2806,2.28007,2.28045,454
2025-08-18 12:20:00,2.2805,2.28093,2.28041,2.28057,465
2025-08-18 12:25:00,2.28055,2.28057,2.27988,2.28019,376
2025-08-18 12:30:00,2.28019,2.28045,2.27988,2.28029,444
2025-08-18 12:35:00,2.28033,2.28105,2.28023,2.28079,409
2025-08-18 12:40:00,2.28079,2.28091,2.28036,2.28066,478
2025-08-18 12:45:00,2.2806699999999998,2.28119,2.28048,2.28106,380
2025-08-18 12:50:00,2.28106,2.28148,2.2806,2.28077,494
2025-08-18 12:55:00,2.28081,2.28095,2.27989,2.27995,559
2025-08-18 13:00:00,2.27987,2.28018,2.27946,2.27976,476
2025-08-18 13:05:00,2.27972,2.28004,2.27948,2.27965,355
2025-08-18 13:10:00,2.27966,2.27998,2.27949,2.27987,284
2025-08-18 13:15:00,2.27989,2.28017,2.27951,2.27979,384
2025-08-18 13:20:00,2.27979,2.27979,2.27926,2.27946,323
2025-08-18 13:25:00,2.27947,2.28024,2.27941,2.28022,415
2025-08-18 13:30:00,2.2802,2.28049,2.28007,2.28023,435
2025-08-18 13:35:00,2.28024,2.28073,2.28007,2.28027,391
2025-08-18 13:40:00,2.28027,2.28053,2.27922,2.2795,346
2025-08-18 13:45:00,2.2795,2.27976,2.27937,2.27951,257
2025-08-18 13:50:00,2.27947,2.28024,2.27936,2.27984,323
2025-08-18 13:55:00,2.27984,2.28009,2.27943,2.2799,283
2025-08-18 14:00:00,2.2799,2.28041,2.27959,2.28036,298
2025-08-18 14:05:00,2.28036,2.28073,2.28027,2.2806699999999998,291
2025-08-18 14:10:00,2.2806699999999998,2.28073,2.28023,2.28036,379
2025-08-18 14:15:00,2.28035,2.28081,2.28032,2.28034,291
2025-08-18 14:20:00,2.28034,2.2806699999999998,2.2801,2.28022,336
2025-08-18 14:25:00,2.28022,2.28055,2.28002,2.28024,316
2025-08-18 14:30:00,2.28027,2.28091,2.28015,2.28051,323
2025-08-18 14:35:00,2.28051,2.28085,2.28033,2.28048,321
2025-08-18 14:40:00,2.28048,2.28072,2.28034,2.28042,315
2025-08-18 14:45:00,2.28042,2.28096,2.28016,2.28068,305
2025-08-18 14:50:00,2.28066,2.28085,2.28033,2.2805,352
2025-08-18 14:55:00,2.28055,2.28102,2.28042,2.28089,589
2025-08-18 15:00:00,2.28093,2.28105,2.28029,2.28047,488
2025-08-18 15:05:00,2.28047,2.28091,2.28038,2.28066,407
2025-08-18 15:10:00,2.2806,2.28076,2.28028,2.28064,360
2025-08-18 15:15:00,2.28066,2.28069,2.27999,2.28012,374
2025-08-18 15:20:00,2.28014,2.28063,2.27985,2.28048,342
2025-08-18 15:25:00,2.2805,2.28099,2.28047,2.28088,389
2025-08-18 15:30:00,2.28088,2.28185,2.28082,2.28175,486
2025-08-18 15:35:00,2.28174,2.28184,2.2813,2.28168,430
2025-08-18 15:40:00,2.28161,2.28198,2.28139,2.28193,416
2025-08-18 15:45:00,2.28193,2.2824999999999998,2.28185,2.28241,427
2025-08-18 15:50:00,2.28241,2.28263,2.28201,2.2823700000000002,378
2025-08-18 15:55:00,2.2823700000000002,2.28304,2.28236,2.28283,451
2025-08-18 16:00:00,2.28279,2.28324,2.28279,2.2831099999999998,518
2025-08-18 16:05:00,2.28304,2.28364,2.28277,2.28348,410
2025-08-18 16:10:00,2.2835,2.28357,2.28306,2.28335,438
2025-08-18 16:15:00,2.28335,2.28347,2.2827,2.28286,394
2025-08-18 16:20:00,2.28286,2.28363,2.28286,2.2835900000000002,377
2025-08-18 16:25:00,2.28362,2.28363,2.28291,2.28291,380
2025-08-18 16:30:00,2.28291,2.28316,2.28266,2.2829800000000002,481
2025-08-18 16:35:00,2.28297,2.28348,2.28287,2.28302,479
2025-08-18 16:40:00,2.28303,2.28326,2.28283,2.28302,400
2025-08-18 16:45:00,2.2830500000000002,2.28342,2.28294,2.28338,395
2025-08-18 16:50:00,2.28338,2.28348,2.28295,2.28328,503
2025-08-18 16:55:00,2.28328,2.2843,2.2831099999999998,2.28385,422
2025-08-18 17:00:00,2.28385,2.28412,2.28312,2.28338,497
2025-08-18 17:05:00,2.28339,2.28459,2.2831799999999998,2.28459,539
2025-08-18 17:10:00,2.28461,2.28465,2.28408,2.28428,480
2025-08-18 17:15:00,2.2843,2.28533,2.28424,2.28527,570
2025-08-18 17:20:00,2.28524,2.28581,2.28513,2.28515,538
2025-08-18 17:25:00,2.28515,2.28605,2.28508,2.28605,564
2025-08-18 17:30:00,2.28605,2.28615,2.28554,2.28583,533
2025-08-18 17:35:00,2.28583,2.28612,2.2854900000000002,2.28561,500
2025-08-18 17:40:00,2.28561,2.2858,2.28531,2.28553,444
2025-08-18 17:45:00,2.28557,2.28599,2.2848800000000002,2.28555,687
2025-08-18 17:50:00,2.28555,2.28595,2.28537,2.28573,551
2025-08-18 17:55:00,2.28566,2.28576,2.28475,2.2853,554
2025-08-18 18:00:00,2.2853,2.28625,2.28494,2.28609,548
2025-08-18 18:05:00,2.28604,2.28646,2.28568,2.28584,481
2025-08-18 18:10:00,2.28584,2.28615,2.2856199999999998,2.28601,451
2025-08-18 18:15:00,2.28601,2.28601,2.28531,2.28568,412
2025-08-18 18:20:00,2.2857,2.28592,2.28507,2.28534,485
2025-08-18 18:25:00,2.28541,2.28556,2.2847,2.28475,433
2025-08-18 18:30:00,2.28475,2.28502,2.2842000000000002,2.28445,362
2025-08-18 18:35:00,2.28445,2.28461,2.2831,2.28323,447
2025-08-18 18:40:00,2.28323,2.28348,2.28279,2.28283,414
2025-08-18 18:45:00,2.28283,2.28291,2.2819599999999998,2.28201,465
2025-08-18 18:50:00,2.28201,2.28206,2.28155,2.2819599999999998,418
2025-08-18 18:55:00,2.2819599999999998,2.28215,2.28164,2.28208,354
2025-08-18 19:00:00,2.28197,2.2823700000000002,2.28187,2.28215,494
2025-08-18 19:05:00,2.28215,2.28248,2.28194,2.28219,424
2025-08-18 19:10:00,2.28227,2.28233,2.2815,2.2815,342
2025-08-18 19:15:00,2.28157,2.28198,2.28119,2.28179,324
2025-08-18 19:20:00,2.2818300000000002,2.2819599999999998,2.2813,2.28138,304
2025-08-18 19:25:00,2.28139,2.28147,2.28092,2.28124,332
2025-08-18 19:30:00,2.2812,2.28155,2.28102,2.28142,380
2025-08-18 19:35:00,2.28138,2.28187,2.28123,2.28149,298
2025-08-18 19:40:00,2.28149,2.2817600000000002,2.28124,2.2815,349
2025-08-18 19:45:00,2.28153,2.2818300000000002,2.28129,2.2817,388
2025-08-18 19:50:00,2.2817,2.2818300000000002,2.28143,2.28168,347
2025-08-18 19:55:00,2.28151,2.28171,2.28123,2.28144,366
2025-08-18 20:00:00,2.28147,2.28191,2.28113,2.28163,315
2025-08-18 20:05:00,2.28167,2.28198,2.28143,2.28163,342
2025-08-18 20:10:00,2.28161,2.28186,2.28096,2.28104,293
2025-08-18 20:15:00,2.28106,2.28154,2.28082,2.28143,290
2025-08-18 20:20:00,2.28143,2.28164,2.28076,2.28107,321
2025-08-18 20:25:00,2.28107,2.28133,2.28077,2.28127,395
2025-08-18 20:30:00,2.28125,2.28153,2.28071,2.2809,396
2025-08-18 20:35:00,2.2809,2.28111,2.28065,2.28106,326
2025-08-18 20:40:00,2.28106,2.28125,2.28071,2.28113,299
2025-08-18 20:45:00,2.28113,2.28123,2.28059,2.28076,305
2025-08-18 20:50:00,2.28076,2.28143,2.28055,2.28132,257
2025-08-18 20:55:00,2.28136,2.28164,2.28116,2.28164,204
2025-08-18 21:00:00,2.28162,2.28212,2.28044,2.28057,269
2025-08-18 21:05:00,2.28057,2.28063,2.28016,2.28047,229
2025-08-18 21:10:00,2.28047,2.2807399999999998,2.28011,2.28034,204
2025-08-18 21:15:00,2.28034,2.28072,2.28024,2.28069,205
2025-08-18 21:20:00,2.2806,2.28104,2.28055,2.28086,249
2025-08-18 21:25:00,2.28082,2.28101,2.28063,2.2808,286
2025-08-18 21:30:00,2.28084,2.28084,2.28037,2.28062,299
2025-08-18 21:35:00,2.2806100000000002,2.28064,2.28018,2.28042,307
2025-08-18 21:40:00,2.28042,2.2805400000000002,2.28007,2.28034,324
2025-08-18 21:45:00,2.28036,2.2806699999999998,2.28001,2.2806100000000002,257
2025-08-18 21:50:00,2.2806100000000002,2.28101,2.28043,2.28096,234
2025-08-18 21:55:00,2.28096,2.2811500000000002,2.28056,2.28063,295
2025-08-18 22:00:00,2.28065,2.28088,2.28004,2.28026,311
2025-08-18 22:05:00,2.28027,2.2804,2.2800000000000002,2.28021,229
2025-08-18 22:10:00,2.28025,2.28034,2.27996,2.28012,204
2025-08-18 22:15:00,2.28012,2.28044,2.28008,2.28037,192
2025-08-18 22:20:00,2.28035,2.2804,2.28002,2.28018,208
2025-08-18 22:25:00,2.28018,2.28035,2.27974,2.2799300000000002,215
2025-08-18 22:30:00,2.2799300000000002,2.2802,2.27978,2.27994,253
2025-08-18 22:35:00,2.27998,2.28025,2.27967,2.28001,237
2025-08-18 22:40:00,2.28001,2.28005,2.27959,2.27989,210
2025-08-18 22:45:00,2.27991,2.27995,2.2794,2.27961,288
2025-08-18 22:50:00,2.2796,2.27998,2.27938,2.27953,226
2025-08-18 22:55:00,2.27955,2.27969,2.27908,2.27937,307
2025-08-18 23:00:00,2.27937,2.2794,2.27876,2.27894,323
2025-08-18 23:05:00,2.2789099999999998,2.27933,2.27852,2.27921,160
2025-08-18 23:10:00,2.27919,2.27924,2.27872,2.27894,222
2025-08-18 23:15:00,2.27894,2.27938,2.27865,2.27913,209
2025-08-18 23:20:00,2.27912,2.27942,2.27905,2.27938,149
2025-08-18 23:25:00,2.27941,2.27964,2.27923,2.27927,125
2025-08-18 23:30:00,2.27927,2.27959,2.27894,2.27913,162
2025-08-18 23:35:00,2.27913,2.2792,2.27876,2.27894,140
2025-08-18 23:40:00,2.27894,2.27894,2.27616,2.2764699999999998,72
2025-08-18 23:45:00,2.27649,2.27671,2.27646,2.27662,125
2025-08-18 23:50:00,2.27662,2.2768,2.27655,2.27677,127
2025-08-18 23:55:00,2.27676,2.27722,2.27672,2.2771,123
2025-08-19 00:00:00,2.27771,2.27791,2.27771,2.27791,3
2025-08-19 00:05:00,2.27791,2.27898,2.2775,2.27898,23
2025-08-19 00:10:00,2.27898,2.27909,2.27777,2.27808,24
2025-08-19 00:15:00,2.27808,2.27887,2.27758,2.27782,51
2025-08-19 00:20:00,2.27782,2.27854,2.27736,2.27745,88
2025-08-19 00:25:00,2.2774,2.27926,2.2774,2.27879,157
2025-08-19 00:30:00,2.27855,2.27911,2.27843,2.27866,206
2025-08-19 00:35:00,2.27866,2.27895,2.27813,2.27826,119
2025-08-19 00:40:00,2.27826,2.27868,2.27806,2.27857,183
2025-08-19 00:45:00,2.27856,2.27896,2.27839,2.27851,125
2025-08-19 00:50:00,2.27849,2.27888,2.27846,2.27863,68
2025-08-19 00:55:00,2.27863,2.27895,2.2784,2.27862,88
2025-08-19 01:00:00,2.27898,2.27982,2.27802,2.27904,237
2025-08-19 01:05:00,2.27936,2.27987,2.27883,2.27974,239
2025-08-19 01:10:00,2.27976,2.28017,2.27972,2.27994,163
2025-08-19 01:15:00,2.28003,2.28016,2.27989,2.28002,111
2025-08-19 01:20:00,2.28002,2.2800599999999998,2.27975,2.2799300000000002,123
2025-08-19 01:25:00,2.2799300000000002,2.28017,2.27965,2.28009,89
2025-08-19 01:30:00,2.28009,2.28056,2.27986,2.28041,93
2025-08-19 01:35:00,2.28037,2.28055,2.28027,2.28044,94
2025-08-19 01:40:00,2.28046,2.28051,2.28024,2.28033,87
2025-08-19 01:45:00,2.28037,2.2805,2.28019,2.28042,77
2025-08-19 01:50:00,2.28042,2.28053,2.2801299999999998,2.28031,92
2025-08-19 01:55:00,2.28031,2.28048,2.28019,2.28029,124
2025-08-19 02:00:00,2.28038,2.28085,2.28024,2.28069,177
2025-08-19 02:05:00,2.28073,2.28103,2.28073,2.28088,82
2025-08-19 02:10:00,2.28086,2.2811,2.28078,2.28102,100
2025-08-19 02:15:00,2.28104,2.28124,2.28093,2.28121,146
2025-08-19 02:20:00,2.28121,2.28157,2.28116,2.28137,141
2025-08-19 02:25:00,2.2813499999999998,2.28139,2.28087,2.28105,162
2025-08-19 02:30:00,2.28104,2.28154,2.28104,2.28149,182
2025-08-19 02:35:00,2.28147,2.28152,2.28105,2.28112,223
2025-08-19 02:40:00,2.28112,2.2811500000000002,2.28015,2.28032,170
2025-08-19 02:45:00,2.28028,2.28048,2.2795,2.27969,241
2025-08-19 02:50:00,2.27969,2.27974,2.27915,2.27949,207
2025-08-19 02:55:00,2.27944,2.28036,2.27919,2.27998,254
2025-08-19 03:00:00,2.27998,2.2800000000000002,2.27867,2.27976,427
2025-08-19 03:05:00,2.27971,2.27971,2.27856,2.27889,353
2025-08-19 03:10:00,2.27878,2.27901,2.2785,2.27859,304
2025-08-19 03:15:00,2.27859,2.27887,2.27829,2.2788399999999998,312
2025-08-19 03:20:00,2.27876,2.27946,2.27876,2.27901,327
2025-08-19 03:25:00,2.27901,2.27913,2.2782,2.2786,314
2025-08-19 03:30:00,2.27858,2.2787100000000002,2.27794,2.27798,287
2025-08-19 03:35:00,2.27798,2.27866,2.27765,2.27859,366
2025-08-19 03:40:00,2.27853,2.27853,2.27816,2.27821,356
2025-08-19 03:45:00,2.27822,2.27822,2.2776199999999998,2.27768,300
2025-08-19 03:50:00,2.27768,2.27844,2.2775,2.27836,347
2025-08-19 03:55:00,2.27839,2.2787100000000002,2.27754,2.27757,328
2025-08-19 04:00:00,2.27757,2.27776,2.27717,2.2774,382
2025-08-19 04:05:00,2.2774,2.27767,2.27704,2.27734,378
2025-08-19 04:10:00,2.27731,2.27802,2.2773,2.27799,428
2025-08-19 04:15:00,2.27806,2.27806,2.27711,2.27725,375
2025-08-19 04:20:00,2.27738,2.27773,2.27672,2.27767,398
2025-08-19 04:25:00,2.27763,2.27843,2.27755,2.27839,549
2025-08-19 04:30:00,2.27841,2.27909,2.27797,2.27857,654
2025-08-19 04:35:00,2.27857,2.27874,2.27827,2.27866,514
2025-08-19 04:40:00,2.27866,2.27899,2.2782299999999998,2.27866,389
2025-08-19 04:45:00,2.27866,2.27868,2.27776,2.27842,454
2025-08-19 04:50:00,2.27841,2.27917,2.27841,2.27875,396
2025-08-19 04:55:00,2.27875,2.27903,2.27795,2.27822,493
2025-08-19 05:00:00,2.27821,2.2791,2.27818,2.27892,431
2025-08-19 05:05:00,2.27896,2.27904,2.27848,2.27852,346
2025-08-19 05:10:00,2.27852,2.27875,2.27818,2.27818,359
2025-08-19 05:15:00,2.27818,2.27887,2.27814,2.2787,297
2025-08-19 05:20:00,2.27873,2.2792,2.27864,2.27897,282
2025-08-19 05:25:00,2.27896,2.27931,2.27889,2.27925,340
2025-08-19 05:30:00,2.27925,2.27929,2.27865,2.2787,303
2025-08-19 05:35:00,2.2787,2.27908,2.27845,2.27889,300
2025-08-19 05:40:00,2.27888,2.27894,2.2782299999999998,2.27847,282
2025-08-19 05:45:00,2.27849,2.2787,2.27813,2.27837,360
2025-08-19 05:50:00,2.27835,2.27838,2.27778,2.27789,362
2025-08-19 05:55:00,2.27789,2.27815,2.27743,2.27752,385
2025-08-19 06:00:00,2.27752,2.27756,2.27698,2.27722,365
2025-08-19 06:05:00,2.27722,2.27746,2.27649,2.27649,301
2025-08-19 06:10:00,2.27649,2.27687,2.27642,2.27675,323
2025-08-19 06:15:00,2.27677,2.27774,2.27672,2.27766,315
2025-08-19 06:20:00,2.27768,2.27773,2.27715,2.27734,393
2025-08-19 06:25:00,2.27734,2.27774,2.27714,2.27753,354
2025-08-19 06:30:00,2.27757,2.27797,2.27707,2.27793,346
2025-08-19 06:35:00,2.27791,2.27814,2.27776,2.27795,271
2025-08-19 06:40:00,2.27795,2.27845,2.27788,2.27818,235
2025-08-19 06:45:00,2.27816,2.27866,2.27806,2.27852,372
2025-08-19 06:50:00,2.27856,2.27899,2.27834,2.27899,349
2025-08-19 06:55:00,2.27901,2.27924,2.27883,2.27922,314
2025-08-19 07:00:00,2.27922,2.27976,2.27892,2.27936,309
2025-08-19 07:05:00,2.27936,2.27957,2.27886,2.27894,341
2025-08-19 07:10:00,2.27894,2.27917,2.27865,2.27913,239
2025-08-19 07:15:00,2.27913,2.27919,2.2782999999999998,2.27849,260
2025-08-19 07:20:00,2.27849,2.27882,2.27842,2.2787,295
2025-08-19 07:25:00,2.2787,2.2791,2.27864,2.27898,266
2025-08-19 07:30:00,2.27898,2.27904,2.27846,2.27848,305
2025-08-19 07:35:00,2.2785,2.27879,2.27808,2.27827,237
2025-08-19 07:40:00,2.27826,2.27851,2.2779,2.27838,323
2025-08-19 07:45:00,2.27837,2.27839,2.27793,2.27803,251
2025-08-19 07:50:00,2.27803,2.27824,2.27791,2.27811,293
2025-08-19 07:55:00,2.27811,2.27881,2.27803,2.27878,271
2025-08-19 08:00:00,2.27876,2.27882,2.27829,2.27853,397
2025-08-19 08:05:00,2.27853,2.27873,2.27832,2.27851,343
2025-08-19 08:10:00,2.27855,2.27893,2.27848,2.2789099999999998,328
2025-08-19 08:15:00,2.27888,2.27896,2.27851,2.2786,323
2025-08-19 08:20:00,2.27861,2.27917,2.27855,2.27907,277
2025-08-19 08:25:00,2.27907,2.27931,2.27858,2.27873,313
2025-08-19 08:30:00,2.27873,2.27888,2.27851,2.27859,360
2025-08-19 08:35:00,2.27859,2.27908,2.27852,2.27894,341
2025-08-19 08:40:00,2.2789,2.27929,2.2789,2.27905,349
2025-08-19 08:45:00,2.27907,2.28012,2.27886,2.28002,433
2025-08-19 08:50:00,2.28003,2.28072,2.27983,2.28042,280
2025-08-19 08:55:00,2.28044,2.2809,2.28009,2.28076,381
2025-08-19 09:00:00,2.28081,2.28132,2.2806,2.2806100000000002,566
2025-08-19 09:05:00,2.28063,2.28083,2.28026,2.28027,411
2025-08-19 09:10:00,2.28027,2.28039,2.2799,2.27997,322
2025-08-19 09:15:00,2.2799300000000002,2.28002,2.2796,2.27966,392
2025-08-19 09:20:00,2.27967,2.28022,2.2795,2.27975,352
2025-08-19 09:25:00,2.27978,2.28009,2.27958,2.27964,427
2025-08-19 09:30:00,2.27964,2.27983,2.27931,2.2795199999999998,365
2025-08-19 09:35:00,2.2795199999999998,2.2799300000000002,2.27916,2.27975,334
2025-08-19 09:40:00,2.27975,2.28026,2.2796,2.28026,320
2025-08-19 09:45:00,2.28024,2.28034,2.2799300000000002,2.28021,437
2025-08-19 09:50:00,2.28018,2.28031,2.27965,2.27986,402
2025-08-19 09:55:00,2.27988,2.28008,2.27953,2.2800000000000002,383
2025-08-19 10:00:00,2.27998,2.2805,2.27982,2.2804,472
2025-08-19 10:05:00,2.2804,2.28078,2.27947,2.28024,516
2025-08-19 10:10:00,2.28024,2.28083,2.28002,2.28077,384
2025-08-19 10:15:00,2.28077,2.2808,2.27988,2.2806699999999998,434
2025-08-19 10:20:00,2.2806699999999998,2.28153,2.2804,2.28125,472
2025-08-19 10:25:00,2.28126,2.28254,2.2811500000000002,2.28254,436
2025-08-19 10:30:00,2.28254,2.28286,2.28239,2.28263,434
2025-08-19 10:35:00,2.28261,2.28332,2.28249,2.28264,433
2025-08-19 10:40:00,2.28268,2.28349,2.28268,2.28337,351
2025-08-19 10:45:00,2.28335,2.28356,2.28281,2.28325,438
2025-08-19 10:50:00,2.28325,2.28335,2.28266,2.28328,529
2025-08-19 10:55:00,2.28328,2.28357,2.28271,2.2829800000000002,565
2025-08-19 11:00:00,2.28294,2.28331,2.28248,2.28323,513
2025-08-19 11:05:00,2.28319,2.28402,2.28294,2.28393,354
2025-08-19 11:10:00,2.28393,2.28485,2.2837899999999998,2.28475,395
2025-08-19 11:15:00,2.28471,2.28491,2.28419,2.28431,380
2025-08-19 11:20:00,2.28431,2.28487,2.28429,2.28475,345
2025-08-19 11:25:00,2.28475,2.28497,2.28421,2.28456,366
2025-08-19 11:30:00,2.28451,2.2848800000000002,2.28446,2.28448,400
2025-08-19 11:35:00,2.28449,2.28492,2.28432,2.28455,445
2025-08-19 11:40:00,2.28455,2.2848100000000002,2.28419,2.28448,414
2025-08-19 11:45:00,2.28448,2.28473,2.28393,2.28434,348
2025-08-19 11:50:00,2.28436,2.28453,2.28399,2.28426,305
2025-08-19 11:55:00,2.28425,2.28425,2.28356,2.28404,402
2025-08-19 12:00:00,2.28408,2.28408,2.283,2.28309,390
2025-08-19 12:05:00,2.28312,2.28351,2.28281,2.28293,385
2025-08-19 12:10:00,2.28296,2.2830500000000002,2.28235,2.28238,314
2025-08-19 12:15:00,2.2824,2.2824999999999998,2.2818,2.28188,363
2025-08-19 12:20:00,2.28188,2.28225,2.28141,2.28171,363
2025-08-19 12:25:00,2.28168,2.28216,2.2816,2.2819599999999998,311
2025-08-19 12:30:00,2.2819599999999998,2.28245,2.2817600000000002,2.28236,355
2025-08-19 12:35:00,2.28236,2.28291,2.28232,2.28245,331
2025-08-19 12:40:00,2.28245,2.28271,2.28202,2.28226,319
2025-08-19 12:45:00,2.28227,2.28251,2.28111,2.28113,362
2025-08-19 12:50:00,2.28113,2.28178,2.28106,2.28148,383
2025-08-19 12:55:00,2.28148,2.28209,2.2813,2.28144,440
2025-08-19 13:00:00,2.2814,2.28153,2.28101,2.28134,418
2025-08-19 13:05:00,2.2813499999999998,2.28192,2.28119,2.28179,383
2025-08-19 13:10:00,2.28182,2.2819599999999998,2.28148,2.28186,263
2025-08-19 13:15:00,2.28192,2.28203,2.28157,2.28177,378
2025-08-19 13:20:00,2.28174,2.28182,2.28143,2.28149,427
2025-08-19 13:25:00,2.28149,2.28197,2.28143,2.28193,429
2025-08-19 13:30:00,2.28195,2.28241,2.28178,2.28233,337
2025-08-19 13:35:00,2.28233,2.28262,2.28193,2.28235,259
2025-08-19 13:40:00,2.28235,2.28276,2.28212,2.28256,373
2025-08-19 13:45:00,2.28254,2.28301,2.28246,2.28246,279
2025-08-19 13:50:00,2.28247,2.2826,2.28226,2.28236,310
2025-08-19 13:55:00,2.28236,2.2824999999999998,2.28198,2.28231,323
2025-08-19 14:00:00,2.2823,2.28268,2.28187,2.28195,326
2025-08-19 14:05:00,2.28195,2.28252,2.28179,2.28239,319
2025-08-19 14:10:00,2.28239,2.28256,2.28194,2.28205,307
2025-08-19 14:15:00,2.28205,2.28217,2.28167,2.28177,341
2025-08-19 14:20:00,2.28177,2.28262,2.2817600000000002,2.28247,362
2025-08-19 14:25:00,2.28247,2.28264,2.28218,2.28224,286
2025-08-19 14:30:00,2.28224,2.28258,2.28213,2.2823,326
2025-08-19 14:35:00,2.28226,2.2824999999999998,2.28208,2.28226,252
2025-08-19 14:40:00,2.28227,2.28255,2.28203,2.28221,254
2025-08-19 14:45:00,2.28218,2.28242,2.28162,2.28185,402
2025-08-19 14:50:00,2.28185,2.28187,2.28142,2.28156,273
2025-08-19 14:55:00,2.2816,2.2817,2.28092,2.28131,337
2025-08-19 15:00:00,2.2812799999999998,2.28164,2.28052,2.28076,425
2025-08-19 15:05:00,2.28076,2.28125,2.28063,2.28123,449
2025-08-19 15:10:00,2.28123,2.28151,2.28087,2.28088,330
2025-08-19 15:15:00,2.28084,2.28124,2.28068,2.28076,323
2025-08-19 15:20:00,2.28076,2.28082,2.28039,2.28043,376
2025-08-19 15:25:00,2.28048,2.28094,2.28032,2.28088,385
2025-08-19 15:30:00,2.28087,2.28123,2.28042,2.28057,577
2025-08-19 15:35:00,2.28051,2.28096,2.28037,2.28069,479
2025-08-19 15:40:00,2.28069,2.28102,2.28004,2.28019,459
2025-08-19 15:45:00,2.28019,2.2805,2.27989,2.28041,411
2025-08-19 15:50:00,2.28041,2.28106,2.28037,2.28086,560
2025-08-19 15:55:00,2.28084,2.28105,2.28058,2.28092,505
2025-08-19 16:00:00,2.28094,2.28109,2.28051,2.2807,501
2025-08-19 16:05:00,2.2807,2.2814,2.28065,2.28119,447
2025-08-19 16:10:00,2.28119,2.28174,2.28078,2.28148,524
2025-08-19 16:15:00,2.28148,2.28156,2.28036,2.28096,510
2025-08-19 16:20:00,2.28098,2.28165,2.28093,2.28112,407
2025-08-19 16:25:00,2.28112,2.28118,2.28064,2.28109,383
2025-08-19 16:30:00,2.28106,2.2813499999999998,2.28044,2.28085,474
2025-08-19 16:35:00,2.28088,2.28142,2.28066,2.2814,471
2025-08-19 16:40:00,2.2814,2.28152,2.28073,2.28149,432
2025-08-19 16:45:00,2.28149,2.28215,2.2813499999999998,2.28209,491
2025-08-19 16:50:00,2.28213,2.28265,2.28186,2.28193,490
2025-08-19 16:55:00,2.28191,2.28251,2.28148,2.2818,496
2025-08-19 17:00:00,2.28171,2.28245,2.28166,2.28216,529
2025-08-19 17:05:00,2.2821,2.28314,2.28202,2.28294,488
2025-08-19 17:10:00,2.28294,2.28382,2.28293,2.28341,456
2025-08-19 17:15:00,2.28345,2.28368,2.28297,2.28306,487
2025-08-19 17:20:00,2.2830500000000002,2.28316,2.28261,2.28292,414
2025-08-19 17:25:00,2.28292,2.28314,2.28259,2.28276,467
2025-08-19 17:30:00,2.28272,2.28339,2.28248,2.2829,519
2025-08-19 17:35:00,2.28288,2.28423,2.28278,2.28423,454
2025-08-19 17:40:00,2.28422,2.28493,2.2842000000000002,2.28468,469
2025-08-19 17:45:00,2.28468,2.28492,2.28397,2.28425,471
2025-08-19 17:50:00,2.28429,2.28433,2.28354,2.28369,556
2025-08-19 17:55:00,2.28369,2.28447,2.28342,2.28434,593
2025-08-19 18:00:00,2.28431,2.28575,2.28431,2.28548,632
2025-08-19 18:05:00,2.28548,2.28555,2.28499,2.28524,529
2025-08-19 18:10:00,2.28524,2.28587,2.28498,2.28553,531
2025-08-19 18:15:00,2.28555,2.286,2.2854,2.28557,399
2025-08-19 18:20:00,2.28561,2.28627,2.28545,2.28601,393
2025-08-19 18:25:00,2.28601,2.28711,2.28599,2.28663,408
2025-08-19 18:30:00,2.28663,2.28683,2.2862,2.28638,310
2025-08-19 18:35:00,2.28639,2.28657,2.2860300000000002,2.28638,355
2025-08-19 18:40:00,2.28638,2.28681,2.28616,2.2868,490
2025-08-19 18:45:00,2.2868,2.28683,2.28637,2.28661,478
2025-08-19 18:50:00,2.28661,2.28713,2.2864,2.28651,331
2025-08-19 18:55:00,2.28653,2.28682,2.28605,2.28648,437
2025-08-19 19:00:00,2.28648,2.2865,2.28552,2.28594,430
2025-08-19 19:05:00,2.28594,2.28594,2.28486,2.28528,366
2025-08-19 19:10:00,2.28528,2.28556,2.28493,2.28507,333
2025-08-19 19:15:00,2.28509,2.28534,2.28477,2.2851,337
2025-08-19 19:20:00,2.2851,2.2853,2.28461,2.28524,333
2025-08-19 19:25:00,2.28524,2.28588,2.28493,2.28566,400
2025-08-19 19:30:00,2.28566,2.28596,2.2856199999999998,2.28578,281
2025-08-19 19:35:00,2.2858,2.28621,2.28556,2.28606,412
2025-08-19 19:40:00,2.28608,2.28633,2.28579,2.28631,394
2025-08-19 19:45:00,2.28631,2.28642,2.28578,2.28606,414
2025-08-19 19:50:00,2.28606,2.28615,2.28564,2.28615,347
2025-08-19 19:55:00,2.28613,2.28637,2.28584,2.28597,360
2025-08-19 20:00:00,2.28597,2.28621,2.28538,2.2856899999999998,410
2025-08-19 20:05:00,2.28571,2.28608,2.2856899999999998,2.28579,263
2025-08-19 20:10:00,2.28581,2.2862,2.28552,2.28594,360
2025-08-19 20:15:00,2.28598,2.2866,2.28578,2.28642,327
2025-08-19 20:20:00,2.28634,2.28659,2.28543,2.2858,294
2025-08-19 20:25:00,2.28576,2.2859,2.28536,2.28564,276
2025-08-19 20:30:00,2.28564,2.28577,2.28535,2.28572,305
2025-08-19 20:35:00,2.28574,2.28581,2.2852,2.2854900000000002,282
2025-08-19 20:40:00,2.2854200000000002,2.28587,2.2854,2.28586,289
2025-08-19 20:45:00,2.28584,2.28592,2.28515,2.2855,288
2025-08-19 20:50:00,2.2855,2.2856899999999998,2.28519,2.28552,226
2025-08-19 20:55:00,2.28556,2.2856,2.28506,2.2852,258
2025-08-19 21:00:00,2.2852,2.28598,2.28516,2.28584,334
2025-08-19 21:05:00,2.28584,2.28594,2.2853,2.28536,215
2025-08-19 21:10:00,2.28536,2.28583,2.28531,2.28572,237
2025-08-19 21:15:00,2.28576,2.28628,2.28558,2.28628,227
2025-08-19 21:20:00,2.28618,2.28653,2.28575,2.28637,266
2025-08-19 21:25:00,2.28635,2.28672,2.28619,2.28657,252
2025-08-19 21:30:00,2.28661,2.28666,2.28597,2.28625,238
2025-08-19 21:35:00,2.28629,2.28646,2.28615,2.28625,198
2025-08-19 21:40:00,2.2862299999999998,2.28673,2.28614,2.28646,284
2025-08-19 21:45:00,2.28646,2.28658,2.28609,2.28654,258
2025-08-19 21:50:00,2.28652,2.28697,2.28642,2.2866,310
2025-08-19 21:55:00,2.2866,2.2876,2.28654,2.28749,331
2025-08-19 22:00:00,2.28736,2.28761,2.28719,2.28741,280
2025-08-19 22:05:00,2.28741,2.28749,2.28709,2.28746,192
2025-08-19 22:10:00,2.28747,2.2877,2.2872,2.28763,291
2025-08-19 22:15:00,2.2876,2.28766,2.28723,2.28734,207
2025-08-19 22:20:00,2.28738,2.28753,2.28709,2.2873,223
2025-08-19 22:25:00,2.2873,2.2873,2.2867100000000002,2.2869,213
2025-08-19 22:30:00,2.2869,2.28697,2.28651,2.28677,217
2025-08-19 22:35:00,2.28681,2.28733,2.28673,2.28718,207
2025-08-19 22:40:00,2.28718,2.28777,2.28706,2.28767,162
2025-08-19 22:45:00,2.28767,2.28787,2.2875,2.28771,168
2025-08-19 22:50:00,2.28767,2.288,2.28748,2.28797,241
2025-08-19 22:55:00,2.28797,2.28808,2.28733,2.28764,240
2025-08-19 23:00:00,2.28764,2.28802,2.28719,2.2879,239
2025-08-19 23:05:00,2.28794,2.28794,2.28754,2.28772,163
2025-08-19 23:10:00,2.28772,2.28788,2.28742,2.28768,223
2025-08-19 23:15:00,2.28775,2.28779,2.28718,2.28728,212
2025-08-19 23:20:00,2.28728,2.28735,2.28694,2.2871,160
2025-08-19 23:25:00,2.28706,2.28777,2.28702,2.28774,167
2025-08-19 23:30:00,2.28774,2.2882,2.28768,2.28791,192
2025-08-19 23:35:00,2.28787,2.28812,2.28764,2.28808,215
2025-08-19 23:40:00,2.28537,2.28589,2.28529,2.28585,160
2025-08-19 23:45:00,2.28584,2.28636,2.2858,2.28631,121
2025-08-19 23:50:00,2.28629,2.2867,2.28629,2.2866400000000002,220
2025-08-19 23:55:00,2.28662,2.28666,2.28621,2.28627,141
2025-08-20 00:00:00,2.28581,2.28581,2.28551,2.28551,3
2025-08-20 00:05:00,2.28551,2.28551,2.28341,2.2847,39
2025-08-20 00:10:00,2.2847,2.2847,2.28424,2.28466,16
2025-08-20 00:15:00,2.28466,2.28466,2.28442,2.28442,14
2025-08-20 00:20:00,2.28414,2.28457,2.28414,2.28426,67
2025-08-20 00:25:00,2.28426,2.28448,2.28408,2.28411,51
2025-08-20 00:30:00,2.28411,2.28557,2.28398,2.28538,185
2025-08-20 00:35:00,2.28551,2.28628,2.28537,2.28602,399
2025-08-20 00:40:00,2.28602,2.2862,2.28582,2.2859,204
2025-08-20 00:45:00,2.28592,2.28626,2.28566,2.28625,283
2025-08-20 00:50:00,2.2862299999999998,2.28657,2.28592,2.28649,486
2025-08-20 00:55:00,2.28649,2.28652,2.28615,2.28632,260
2025-08-20 01:00:00,2.28647,2.28816,2.28642,2.2881,251
2025-08-20 01:05:00,2.2878,2.28857,2.28769,2.28857,101
2025-08-20 01:10:00,2.28857,2.28881,2.28834,2.28855,119
2025-08-20 01:15:00,2.28857,2.28884,2.28857,2.28875,157
2025-08-20 01:20:00,2.28879,2.28885,2.28863,2.28872,121
2025-08-20 01:25:00,2.2887,2.28873,2.2885,2.28858,150
2025-08-20 01:30:00,2.28861,2.28866,2.28817,2.28828,146
2025-08-20 01:35:00,2.28839,2.28839,2.2881299999999998,2.28823,136
2025-08-20 01:40:00,2.2882,2.28852,2.28815,2.28816,112
2025-08-20 01:45:00,2.28817,2.28833,2.2877,2.28785,103
2025-08-20 01:50:00,2.28785,2.28815,2.28778,2.28801,96
2025-08-20 01:55:00,2.28801,2.28816,2.28759,2.28764,93
2025-08-20 02:00:00,2.28767,2.28803,2.28754,2.28795,130
2025-08-20 02:05:00,2.28795,2.28807,2.28773,2.2879300000000002,255
2025-08-20 02:10:00,2.28797,2.28803,2.28776,2.28778,180
2025-08-20 02:15:00,2.2878,2.28842,2.28773,2.28819,158
2025-08-20 02:20:00,2.28822,2.28825,2.28789,2.28814,201
2025-08-20 02:25:00,2.28814,2.28829,2.28787,2.28807,104
2025-08-20 02:30:00,2.28804,2.28818,2.28753,2.28753,199
2025-08-20 02:35:00,2.28757,2.28773,2.28738,2.28772,174
2025-08-20 02:40:00,2.28773,2.28773,2.28714,2.28733,154
2025-08-20 02:45:00,2.28737,2.28756,2.28716,2.28743,121
2025-08-20 02:50:00,2.28739,2.28739,2.2866400000000002,2.28677,202
2025-08-20 02:55:00,2.28673,2.28673,2.28606,2.28606,265
2025-08-20 03:00:00,2.286,2.2866400000000002,2.28568,2.28594,383
2025-08-20 03:05:00,2.28594,2.28642,2.28545,2.28616,475
2025-08-20 03:10:00,2.28614,2.28636,2.28593,2.28629,424
2025-08-20 03:15:00,2.28628,2.28652,2.28591,2.28617,319
2025-08-20 03:20:00,2.28617,2.28624,2.2858,2.28611,316
2025-08-20 03:25:00,2.28611,2.28681,2.286,2.28604,334
2025-08-20 03:30:00,2.28604,2.28641,2.28574,2.2858,295
2025-08-20 03:35:00,2.2858,2.28606,2.28551,2.2858,253
2025-08-20 03:40:00,2.28576,2.28617,2.28566,2.28612,229
2025-08-20 03:45:00,2.28612,2.28681,2.28591,2.28673,277
2025-08-20 03:50:00,2.28673,2.28782,2.2867,2.28713,529
2025-08-20 03:55:00,2.28721,2.28781,2.28651,2.28701,585
2025-08-20 04:00:00,2.28701,2.28755,2.28629,2.28713,398
2025-08-20 04:05:00,2.28716,2.28805,2.28707,2.28777,285
2025-08-20 04:10:00,2.28775,2.28792,2.28758,2.2878,402
2025-08-20 04:15:00,2.28776,2.28791,2.28746,2.28751,391
2025-08-20 04:20:00,2.28751,2.28804,2.2874,2.2879300000000002,322
2025-08-20 04:25:00,2.28794,2.28893,2.28782,2.28883,518
2025-08-20 04:30:00,2.28883,2.28895,2.28803,2.28821,525
2025-08-20 04:35:00,2.28822,2.28846,2.28764,2.28791,399
2025-08-20 04:40:00,2.28791,2.28799,2.28642,2.28749,472
2025-08-20 04:45:00,2.28747,2.28796,2.28737,2.28782,391
2025-08-20 04:50:00,2.28772,2.28804,2.2869099999999998,2.28742,417
2025-08-20 04:55:00,2.2874,2.28789,2.28701,2.28748,442
2025-08-20 05:00:00,2.28748,2.30053,2.28689,2.30045,915
2025-08-20 05:05:00,2.30046,2.30438,2.3004,2.30388,774
2025-08-20 05:10:00,2.30388,2.30515,2.30285,2.30451,684
2025-08-20 05:15:00,2.3045,2.30747,2.30449,2.30738,563
2025-08-20 05:20:00,2.30727,2.30899,2.30708,2.30889,545
2025-08-20 05:25:00,2.30888,2.30888,2.30754,2.30841,483
2025-08-20 05:30:00,2.30845,2.31153,2.30845,2.31115,546
2025-08-20 05:35:00,2.31116,2.31124,2.30885,2.3091,468
2025-08-20 05:40:00,2.30916,2.31037,2.30916,2.30969,516
2025-08-20 05:45:00,2.30973,2.3115,2.30973,2.31059,441
2025-08-20 05:50:00,2.31063,2.31087,2.30861,2.3087,519
2025-08-20 05:55:00,2.3087,2.30898,2.30808,2.30862,522
2025-08-20 06:00:00,2.30864,2.30882,2.3077,2.3081300000000002,472
2025-08-20 06:05:00,2.30823,2.31415,2.30773,2.31388,624
2025-08-20 06:10:00,2.31384,2.31386,2.31204,2.31275,553
2025-08-20 06:15:00,2.31275,2.31331,2.31053,2.31144,437
2025-08-20 06:20:00,2.31146,2.31158,2.30924,2.30967,440
2025-08-20 06:25:00,2.3097,2.30979,2.30873,2.30916,375
2025-08-20 06:30:00,2.30918,2.30933,2.30777,2.30888,303
2025-08-20 06:35:00,2.30896,2.31107,2.30828,2.30988,432
2025-08-20 06:40:00,2.30982,2.31103,2.3098,2.3098,367
2025-08-20 06:45:00,2.30988,2.31067,2.30944,2.30976,300
2025-08-20 06:50:00,2.30979,2.31003,2.3094799999999998,2.3098,293
2025-08-20 06:55:00,2.31004,2.31155,2.3098,2.31124,329
2025-08-20 07:00:00,2.3112500000000002,2.31136,2.3098,2.31042,329
2025-08-20 07:05:00,2.31038,2.31075,2.31007,2.31007,199
2025-08-20 07:10:00,2.31011,2.31045,2.30934,2.30964,310
2025-08-20 07:15:00,2.30964,2.31028,2.3095499999999998,2.30995,254
2025-08-20 07:20:00,2.30995,2.31018,2.3093,2.3095,294
2025-08-20 07:25:00,2.30944,2.30944,2.30832,2.30846,324
2025-08-20 07:30:00,2.30846,2.30893,2.3083299999999998,2.3087400000000002,219
2025-08-20 07:35:00,2.30878,2.30937,2.30857,2.30883,251
2025-08-20 07:40:00,2.30883,2.30916,2.30866,2.30903,228
2025-08-20 07:45:00,2.309,2.31046,2.30897,2.31042,187
2025-08-20 07:50:00,2.3104,2.31198,2.31038,2.31116,332
2025-08-20 07:55:00,2.31112,2.3119199999999998,2.31108,2.31169,281
2025-08-20 08:00:00,2.31163,2.31355,2.3113099999999998,2.31333,289
2025-08-20 08:05:00,2.31332,2.3135,2.31213,2.31215,294
2025-08-20 08:10:00,2.31207,2.31269,2.31154,2.31258,304
2025-08-20 08:15:00,2.31265,2.31331,2.3125999999999998,2.31276,238
2025-08-20 08:20:00,2.3128,2.31322,2.3124000000000002,2.31241,209
2025-08-20 08:25:00,2.31238,2.31281,2.31198,2.31206,294
2025-08-20 08:30:00,2.31206,2.31254,2.3115,2.31152,294
2025-08-20 08:35:00,2.31152,2.31156,2.30979,2.3112500000000002,345
2025-08-20 08:40:00,2.3113,2.31263,2.31124,2.31248,297
2025-08-20 08:45:00,2.31243,2.31276,2.31175,2.3124000000000002,290
2025-08-20 08:50:00,2.31238,2.31254,2.31202,2.31202,252
2025-08-20 08:55:00,2.31188,2.31215,2.31022,2.31022,352
2025-08-20 09:00:00,2.3102,2.31381,2.30994,2.31329,648
2025-08-20 09:05:00,2.31325,2.31512,2.31325,2.31395,689
2025-08-20 09:10:00,2.31391,2.31555,2.31385,2.31494,588
2025-08-20 09:15:00,2.31492,2.31601,2.3143599999999998,2.3157,634
2025-08-20 09:20:00,2.31567,2.3167400000000002,2.31527,2.31665,614
2025-08-20 09:25:00,2.3166,2.3172,2.31556,2.31615,493
2025-08-20 09:30:00,2.31614,2.31645,2.31546,2.31561,472
2025-08-20 09:35:00,2.31567,2.31604,2.31493,2.3150399999999998,454
2025-08-20 09:40:00,2.31503,2.31509,2.31343,2.31366,448
2025-08-20 09:45:00,2.31366,2.31403,2.31344,2.31377,407
2025-08-20 09:50:00,2.3137499999999998,2.31455,2.3137499999999998,2.31447,352
2025-08-20 09:55:00,2.31445,2.3146,2.31377,2.31403,458
2025-08-20 10:00:00,2.31405,2.31417,2.31316,2.31391,535
2025-08-20 10:05:00,2.3139,2.31512,2.31376,2.31376,451
2025-08-20 10:10:00,2.31376,2.31509,2.31357,2.31455,428
2025-08-20 10:15:00,2.31451,2.31684,2.31441,2.31637,438
2025-08-20 10:20:00,2.31637,2.3175499999999998,2.31624,2.3175499999999998,403
2025-08-20 10:25:00,2.3175,2.31804,2.31716,2.31797,483
2025-08-20 10:30:00,2.31798,2.31951,2.31798,2.31945,410
2025-08-20 10:35:00,2.31947,2.31978,2.31838,2.31863,458
2025-08-20 10:40:00,2.31863,2.31905,2.31808,2.3185000000000002,415
2025-08-20 10:45:00,2.3185000000000002,2.31875,2.31801,2.31834,418
2025-08-20 10:50:00,2.31834,2.3187699999999998,2.31763,2.31875,394
2025-08-20 10:55:00,2.31874,2.31969,2.31863,2.31926,623
2025-08-20 11:00:00,2.31928,2.31962,2.31861,2.31927,548
2025-08-20 11:05:00,2.3193099999999998,2.3204000000000002,2.31923,2.32037,430
2025-08-20 11:10:00,2.32037,2.3211399999999998,2.32006,2.32102,424
2025-08-20 11:15:00,2.32104,2.3211,2.31852,2.3185700000000002,481
2025-08-20 11:20:00,2.3185700000000002,2.31903,2.31824,2.31899,366
2025-08-20 11:25:00,2.31899,2.31961,2.31834,2.31956,426
2025-08-20 11:30:00,2.31959,2.32051,2.31947,2.32037,455
2025-08-20 11:35:00,2.32038,2.32043,2.31791,2.31804,455
2025-08-20 11:40:00,2.31805,2.31821,2.31708,2.31717,393
2025-08-20 11:45:00,2.31714,2.31727,2.31659,2.31663,428
2025-08-20 11:50:00,2.31661,2.31669,2.31512,2.31622,480
2025-08-20 11:55:00,2.31624,2.31629,2.31548,2.31554,402
2025-08-20 12:00:00,2.31554,2.31604,2.3149100000000002,2.31558,403
2025-08-20 12:05:00,2.31559,2.31576,2.31507,2.31534,357
2025-08-20 12:10:00,2.31536,2.31585,2.31496,2.31546,410
2025-08-20 12:15:00,2.31551,2.3161300000000002,2.3149,2.31612,361
2025-08-20 12:20:00,2.31615,2.31661,2.31607,2.31643,332
2025-08-20 12:25:00,2.31645,2.31723,2.31634,2.31675,360
2025-08-20 12:30:00,2.31677,2.31761,2.31595,2.31761,367
2025-08-20 12:35:00,2.31757,2.31794,2.31683,2.31708,332
2025-08-20 12:40:00,2.31704,2.31712,2.3161,2.31639,265
2025-08-20 12:45:00,2.31639,2.31645,2.31555,2.31573,346
2025-08-20 12:50:00,2.31575,2.31596,2.31556,2.31584,271
2025-08-20 12:55:00,2.31584,2.31595,2.31482,2.3149,453
2025-08-20 13:00:00,2.3149,2.31513,2.31467,2.3150399999999998,358
2025-08-20 13:05:00,2.31508,2.31562,2.31501,2.31514,304
2025-08-20 13:10:00,2.31518,2.31586,2.31514,2.31549,304
2025-08-20 13:15:00,2.31547,2.31593,2.31441,2.31473,527
2025-08-20 13:20:00,2.31477,2.31514,2.31447,2.31511,336
2025-08-20 13:25:00,2.31512,2.31529,2.31474,2.31496,264
2025-08-20 13:30:00,2.31498,2.31562,2.31476,2.31548,306
2025-08-20 13:35:00,2.31548,2.31641,2.31546,2.31633,283
2025-08-20 13:40:00,2.31633,2.31634,2.31529,2.31537,345
2025-08-20 13:45:00,2.31537,2.31579,2.31518,2.3157,295
2025-08-20 13:50:00,2.3157,2.31571,2.31529,2.31561,267
2025-08-20 13:55:00,2.31561,2.31603,2.31514,2.31544,344
2025-08-20 14:00:00,2.3154500000000002,2.31599,2.31462,2.31468,310
2025-08-20 14:05:00,2.31468,2.31481,2.31403,2.3142,277
2025-08-20 14:10:00,2.3142,2.31529,2.31408,2.31529,262
2025-08-20 14:15:00,2.31529,2.31532,2.31388,2.31408,261
2025-08-20 14:20:00,2.31403,2.31411,2.3136,2.31371,235
2025-08-20 14:25:00,2.3137499999999998,2.31463,2.31358,2.3142,260
2025-08-20 14:30:00,2.3142,2.31445,2.31386,2.31441,195
2025-08-20 14:35:00,2.31441,2.3148400000000002,2.31413,2.31467,258
2025-08-20 14:40:00,2.31469,2.31531,2.31437,2.31461,316
2025-08-20 14:45:00,2.31462,2.31476,2.31412,2.31454,289
2025-08-20 14:50:00,2.31458,2.31475,2.31328,2.31337,391
2025-08-20 14:55:00,2.31337,2.31396,2.31324,2.31347,526
2025-08-20 15:00:00,2.31347,2.31357,2.31254,2.31258,528
2025-08-20 15:05:00,2.31257,2.31268,2.31109,2.31115,431
2025-08-20 15:10:00,2.3111800000000002,2.31176,2.3109,2.31123,346
2025-08-20 15:15:00,2.31124,2.31175,2.3106999999999998,2.31117,470
2025-08-20 15:20:00,2.31117,2.31139,2.30978,2.31038,346
2025-08-20 15:25:00,2.31034,2.31091,2.30989,2.3106999999999998,372
2025-08-20 15:30:00,2.31066,2.31095,2.30959,2.30993,668
2025-08-20 15:35:00,2.30998,2.31097,2.30992,2.31084,596
2025-08-20 15:40:00,2.31084,2.31104,2.31019,2.31033,370
2025-08-20 15:45:00,2.31029,2.31133,2.30998,2.31024,485
2025-08-20 15:50:00,2.31026,2.31101,2.31024,2.31076,474
2025-08-20 15:55:00,2.31087,2.31092,2.31025,2.3106999999999998,527
2025-08-20 16:00:00,2.31069,2.31167,2.3105700000000002,2.31161,458
2025-08-20 16:05:00,2.31159,2.31162,2.31108,2.31144,434
2025-08-20 16:10:00,2.31144,2.3116,2.31094,2.31101,403
2025-08-20 16:15:00,2.31099,2.31146,2.31069,2.31112,372
2025-08-20 16:20:00,2.31116,2.3113,2.31063,2.3109,349
2025-08-20 16:25:00,2.31096,2.31098,2.31032,2.31032,352
2025-08-20 16:30:00,2.31032,2.31173,2.31006,2.31172,457
2025-08-20 16:35:00,2.31172,2.31218,2.31082,2.3113,488
2025-08-20 16:40:00,2.3113099999999998,2.31203,2.31096,2.31105,505
2025-08-20 16:45:00,2.31105,2.31218,2.31103,2.31218,551
2025-08-20 16:50:00,2.31218,2.31327,2.3121,2.31327,786
2025-08-20 16:55:00,2.31326,2.31529,2.31296,2.31508,750
2025-08-20 17:00:00,2.31508,2.31512,2.31389,2.31406,653
2025-08-20 17:05:00,2.31406,2.31498,2.31383,2.31432,629
2025-08-20 17:10:00,2.31434,2.31437,2.31368,2.31385,589
2025-08-20 17:15:00,2.31388,2.31429,2.31274,2.3128,563
2025-08-20 17:20:00,2.31279,2.31307,2.31172,2.31198,550
2025-08-20 17:25:00,2.31196,2.31243,2.31156,2.31221,560
2025-08-20 17:30:00,2.31221,2.31229,2.3114,2.31207,542
2025-08-20 17:35:00,2.31214,2.31355,2.31205,2.31274,501
2025-08-20 17:40:00,2.31274,2.31347,2.31252,2.31291,510
2025-08-20 17:45:00,2.31291,2.31315,2.31202,2.31205,575
2025-08-20 17:50:00,2.31211,2.3125999999999998,2.31147,2.31169,669
2025-08-20 17:55:00,2.31169,2.31169,2.31076,2.3112,674
2025-08-20 18:00:00,2.3112,2.31151,2.31011,2.31019,577
2025-08-20 18:05:00,2.31019,2.31041,2.30854,2.30873,354
2025-08-20 18:10:00,2.3087400000000002,2.30956,2.30817,2.30947,481
2025-08-20 18:15:00,2.30949,2.30977,2.30904,2.30938,474
2025-08-20 18:20:00,2.30937,2.30986,2.30901,2.30936,487
2025-08-20 18:25:00,2.30939,2.30964,2.30827,2.30827,471
2025-08-20 18:30:00,2.3083,2.30891,2.3082599999999998,2.30876,483
2025-08-20 18:35:00,2.30876,2.30939,2.3087,2.30907,436
2025-08-20 18:40:00,2.30907,2.30947,2.30862,2.30936,399
2025-08-20 18:45:00,2.30936,2.30967,2.30888,2.30947,455
2025-08-20 18:50:00,2.30947,2.31032,2.30937,2.31032,537
2025-08-20 18:55:00,2.31029,2.31061,2.30985,2.30991,466
2025-08-20 19:00:00,2.30998,2.31013,2.30881,2.309,420
2025-08-20 19:05:00,2.30896,2.30926,2.30859,2.30901,425
2025-08-20 19:10:00,2.30902,2.30917,2.30868,2.30879,321
2025-08-20 19:15:00,2.30879,2.30886,2.30804,2.30873,397
2025-08-20 19:20:00,2.30861,2.30923,2.3085,2.30898,344
2025-08-20 19:25:00,2.30886,2.30934,2.3087400000000002,2.3091,293
2025-08-20 19:30:00,2.30914,2.30918,2.30851,2.30892,337
2025-08-20 19:35:00,2.30896,2.30956,2.3087400000000002,2.30943,328
2025-08-20 19:40:00,2.30943,2.30964,2.30865,2.30875,282
2025-08-20 19:45:00,2.30871,2.30893,2.3083299999999998,2.3087400000000002,226
2025-08-20 19:50:00,2.3087,2.30912,2.30854,2.30875,278
2025-08-20 19:55:00,2.30873,2.30908,2.30857,2.30888,443
2025-08-20 20:00:00,2.3088699999999998,2.30908,2.30784,2.30803,455
2025-08-20 20:05:00,2.30811,2.30888,2.30796,2.30827,326
2025-08-20 20:10:00,2.30828,2.30838,2.30775,2.308,373
2025-08-20 20:15:00,2.30808,2.30849,2.30795,2.30821,336
2025-08-20 20:20:00,2.30821,2.30841,2.30792,2.30801,360
2025-08-20 20:25:00,2.30801,2.30843,2.30791,2.3083299999999998,313
2025-08-20 20:30:00,2.30829,2.30872,2.30805,2.30828,276
2025-08-20 20:35:00,2.30816,2.30866,2.30796,2.30841,298
2025-08-20 20:40:00,2.30845,2.30893,2.30845,2.30861,249
2025-08-20 20:45:00,2.30861,2.30896,2.30841,2.30863,261
2025-08-20 20:50:00,2.30865,2.30886,2.30803,2.30805,387
2025-08-20 20:55:00,2.30807,2.30881,2.30798,2.30848,336
2025-08-20 21:00:00,2.30847,2.30951,2.30782,2.30931,530
2025-08-20 21:05:00,2.30931,2.30952,2.30872,2.30877,402
2025-08-20 21:10:00,2.30877,2.3091,2.3085,2.30879,364
2025-08-20 21:15:00,2.30877,2.30877,2.30829,2.30853,325
2025-08-20 21:20:00,2.30853,2.3086,2.3081,2.30843,345
2025-08-20 21:25:00,2.30843,2.30862,2.30785,2.30792,322
2025-08-20 21:30:00,2.30792,2.30814,2.30764,2.30764,327
2025-08-20 21:35:00,2.30774,2.30808,2.30758,2.30759,364
2025-08-20 21:40:00,2.30757,2.30837,2.30743,2.3083,304
2025-08-20 21:45:00,2.30828,2.30842,2.30784,2.30838,277
2025-08-20 21:50:00,2.30838,2.30864,2.30787,2.3081,285
2025-08-20 21:55:00,2.30802,2.30886,2.3076,2.30863,341
2025-08-20 22:00:00,2.30805,2.30809,2.30735,2.30748,347
2025-08-20 22:05:00,2.30749,2.30778,2.30708,2.30725,315
2025-08-20 22:10:00,2.30726,2.3073,2.30646,2.30687,357
2025-08-20 22:15:00,2.3069100000000002,2.30755,2.3069100000000002,2.30754,303
2025-08-20 22:20:00,2.3075200000000002,2.30796,2.30725,2.30729,281
2025-08-20 22:25:00,2.30729,2.30777,2.30714,2.30777,207
2025-08-20 22:30:00,2.30777,2.30797,2.30744,2.30776,233
2025-08-20 22:35:00,2.3077199999999998,2.30786,2.30748,2.30783,184
2025-08-20 22:40:00,2.30763,2.30802,2.3075200000000002,2.30799,229
2025-08-20 22:45:00,2.30797,2.30799,2.30755,2.30788,273
2025-08-20 22:50:00,2.30794,2.30864,2.30789,2.3083,242
2025-08-20 22:55:00,2.30832,2.30898,2.30802,2.30877,285
2025-08-20 23:00:00,2.30866,2.30896,2.30832,2.3089399999999998,222
2025-08-20 23:05:00,2.30892,2.30942,2.30883,2.30938,203
2025-08-20 23:10:00,2.30932,2.30999,2.30918,2.30977,239
2025-08-20 23:15:00,2.30965,2.31046,2.30965,2.30995,259
2025-08-20 23:20:00,2.30993,2.31005,2.30956,2.30968,155
2025-08-20 23:25:00,2.30968,2.31038,2.30968,2.31034,162
2025-08-20 23:30:00,2.31034,2.31045,2.30926,2.30954,195
2025-08-20 23:35:00,2.30954,2.30975,2.30931,2.30964,137
2025-08-20 23:40:00,2.30687,2.30721,2.30661,2.30717,93
2025-08-20 23:45:00,2.30717,2.30721,2.3070399999999998,2.30708,108
2025-08-20 23:50:00,2.30709,2.30755,2.30703,2.30749,141
2025-08-20 23:55:00,2.30741,2.30751,2.3070399999999998,2.30707,122
2025-08-21 00:00:00,2.30981,2.31026,2.30981,2.31026,11
2025-08-21 00:05:00,2.31026,2.31026,2.30926,2.30974,25
2025-08-21 00:10:00,2.30974,2.30974,2.30926,2.30929,13
2025-08-21 00:15:00,2.30929,2.30957,2.30927,2.30957,14
2025-08-21 00:20:00,2.3091,2.30914,2.30803,2.30803,110
2025-08-21 00:25:00,2.30804,2.30808,2.30749,2.30786,103
2025-08-21 00:30:00,2.3078,2.30795,2.30718,2.30728,264
2025-08-21 00:35:00,2.30728,2.30761,2.30628,2.30692,337
2025-08-21 00:40:00,2.30692,2.30762,2.30659,2.30758,86
2025-08-21 00:45:00,2.30757,2.308,2.30743,2.30785,128
2025-08-21 00:50:00,2.30787,2.30842,2.30781,2.30836,58
2025-08-21 00:55:00,2.30836,2.30968,2.3081300000000002,2.3094799999999998,34
2025-08-21 01:00:00,2.30968,2.31045,2.30956,2.31018,271
2025-08-21 01:05:00,2.3101599999999998,2.31091,2.31004,2.31087,165
2025-08-21 01:10:00,2.31087,2.31155,2.31071,2.31146,181
2025-08-21 01:15:00,2.31146,2.31149,2.3111,2.31126,136
2025-08-21 01:20:00,2.3114,2.31178,2.31127,2.31159,124
2025-08-21 01:25:00,2.31155,2.31176,2.31067,2.31078,145
2025-08-21 01:30:00,2.31071,2.31092,2.3105,2.31065,133
2025-08-21 01:35:00,2.31065,2.31065,2.31014,2.31039,144
2025-08-21 01:40:00,2.31043,2.31065,2.31019,2.31029,105
2025-08-21 01:45:00,2.31026,2.31037,2.31005,2.31011,154
2025-08-21 01:50:00,2.3100899999999998,2.31023,2.30986,2.3099600000000002,126
2025-08-21 01:55:00,2.30995,2.30995,2.30945,2.30972,173
2025-08-21 02:00:00,2.30958,2.31024,2.30921,2.3101599999999998,194
2025-08-21 02:05:00,2.31013,2.31028,2.3099,2.30998,112
2025-08-21 02:10:00,2.3099,2.3105,2.3099,2.31006,134
2025-08-21 02:15:00,2.31006,2.3101,2.30962,2.3098,160
2025-08-21 02:20:00,2.30985,2.30995,2.30932,2.30941,140
2025-08-21 02:25:00,2.30941,2.30988,2.30908,2.30984,200
2025-08-21 02:30:00,2.30981,2.31041,2.30968,2.31025,201
2025-08-21 02:35:00,2.31025,2.31044,2.31004,2.31015,101
2025-08-21 02:40:00,2.31015,2.31043,2.31007,2.31041,147
2025-08-21 02:45:00,2.31041,2.31065,2.30986,2.31014,136
2025-08-21 02:50:00,2.31041,2.3105700000000002,2.30979,2.30985,164
2025-08-21 02:55:00,2.30981,2.31038,2.30978,2.31007,248
2025-08-21 03:00:00,2.3099600000000002,2.31011,2.30923,2.30986,513
2025-08-21 03:05:00,2.30985,2.31008,2.30936,2.30941,372
2025-08-21 03:10:00,2.30946,2.30984,2.30932,2.30973,318
2025-08-21 03:15:00,2.30973,2.31039,2.30971,2.31004,333
2025-08-21 03:20:00,2.31,2.31024,2.30959,2.3102,396
2025-08-21 03:25:00,2.31021,2.31061,2.30999,2.31011,410
2025-08-21 03:30:00,2.3100899999999998,2.31028,2.30967,2.30995,351
2025-08-21 03:35:00,2.31007,2.31086,2.30968,2.31065,300
2025-08-21 03:40:00,2.31062,2.31143,2.31055,2.31116,309
2025-08-21 03:45:00,2.3112,2.31215,2.31104,2.3113,295
2025-08-21 03:50:00,2.31129,2.31135,2.31083,2.311,426
2025-08-21 03:55:00,2.3111,2.31158,2.31074,2.31119,470
2025-08-21 04:00:00,2.31117,2.31117,2.31067,2.31098,478
2025-08-21 04:05:00,2.31099,2.31122,2.31058,2.31107,378
2025-08-21 04:10:00,2.31107,2.31149,2.31073,2.31134,353
2025-08-21 04:15:00,2.3113799999999998,2.31154,2.31102,2.31148,441
2025-08-21 04:20:00,2.31148,2.3117900000000002,2.3109,2.31098,353
2025-08-21 04:25:00,2.311,2.31128,2.31094,2.311,316
2025-08-21 04:30:00,2.31103,2.3113099999999998,2.30982,2.3099,434
2025-08-21 04:35:00,2.30992,2.30992,2.3083,2.30862,411
2025-08-21 04:40:00,2.30862,2.30882,2.30754,2.30794,420
2025-08-21 04:45:00,2.3079,2.30841,2.30727,2.30777,451
2025-08-21 04:50:00,2.30777,2.30788,2.3073,2.30785,344
2025-08-21 04:55:00,2.30777,2.30815,2.30746,2.3077199999999998,309
2025-08-21 05:00:00,2.30775,2.3081300000000002,2.30756,2.30775,297
2025-08-21 05:05:00,2.30775,2.30969,2.3076499999999998,2.30967,353
2025-08-21 05:10:00,2.30969,2.30975,2.30796,2.30831,363
2025-08-21 05:15:00,2.30835,2.30923,2.30828,2.30872,303
2025-08-21 05:20:00,2.30876,2.3093500000000002,2.30845,2.3091,356
2025-08-21 05:25:00,2.30918,2.30946,2.3087,2.30944,277
2025-08-21 05:30:00,2.30944,2.30999,2.3094,2.30998,267
2025-08-21 05:35:00,2.30992,2.31097,2.3098,2.31047,331
2025-08-21 05:40:00,2.31047,2.31073,2.31024,2.31032,356
2025-08-21 05:45:00,2.31032,2.31067,2.31013,2.31039,315
2025-08-21 05:50:00,2.31039,2.3106999999999998,2.31001,2.31006,253
2025-08-21 05:55:00,2.31014,2.31122,2.31004,2.31113,287
2025-08-21 06:00:00,2.31108,2.31112,2.31021,2.31052,297
2025-08-21 06:05:00,2.31054,2.31098,2.31045,2.31082,184
2025-08-21 06:10:00,2.31082,2.3109,2.31028,2.31046,218
2025-08-21 06:15:00,2.31046,2.31105,2.31042,2.31088,283
2025-08-21 06:20:00,2.31092,2.3113099999999998,2.31074,2.311,192
2025-08-21 06:25:00,2.31101,2.31205,2.31081,2.31191,233
2025-08-21 06:30:00,2.31191,2.31241,2.31191,2.3121,243
2025-08-21 06:35:00,2.3121,2.31219,2.31168,2.31205,223
2025-08-21 06:40:00,2.3121,2.3124000000000002,2.31207,2.31231,191
2025-08-21 06:45:00,2.31233,2.31245,2.3122,2.31238,194
2025-08-21 06:50:00,2.31234,2.3124000000000002,2.31174,2.31182,219
2025-08-21 06:55:00,2.31184,2.31217,2.31112,2.31213,229
2025-08-21 07:00:00,2.31213,2.31236,2.31194,2.31224,243
2025-08-21 07:05:00,2.31224,2.31236,2.31173,2.31177,171
2025-08-21 07:10:00,2.31173,2.31187,2.311,2.3111800000000002,267
2025-08-21 07:15:00,2.3111800000000002,2.3111800000000002,2.31091,2.31098,189
2025-08-21 07:20:00,2.31098,2.31127,2.31093,2.31116,205
2025-08-21 07:25:00,2.31115,2.31133,2.31098,2.31123,181
2025-08-21 07:30:00,2.31123,2.31148,2.3111,2.31128,210
2025-08-21 07:35:00,2.31121,2.31133,2.31085,2.31133,158
2025-08-21 07:40:00,2.31134,2.31151,2.31124,2.3114,189
2025-08-21 07:45:00,2.31142,2.31223,2.31137,2.31216,132
2025-08-21 07:50:00,2.31215,2.31233,2.31189,2.31202,172
2025-08-21 07:55:00,2.31202,2.3121,2.31173,2.3118600000000002,225
2025-08-21 08:00:00,2.31188,2.31217,2.31166,2.31169,226
2025-08-21 08:05:00,2.31169,2.31234,2.31167,2.31228,238
2025-08-21 08:10:00,2.31224,2.31278,2.31214,2.31243,296
2025-08-21 08:15:00,2.31243,2.31245,2.31122,2.31134,270
2025-08-21 08:20:00,2.31134,2.31134,2.31096,2.31096,228
2025-08-21 08:25:00,2.31096,2.31105,2.31038,2.31041,196
2025-08-21 08:30:00,2.31041,2.3107699999999998,2.31023,2.31029,313
2025-08-21 08:35:00,2.31027,2.31059,2.31019,2.31024,228
2025-08-21 08:40:00,2.31026,2.31059,2.3100899999999998,2.31058,319
2025-08-21 08:45:00,2.31058,2.31081,2.30983,2.30983,287
2025-08-21 08:50:00,2.30983,2.31041,2.30979,2.31007,265
2025-08-21 08:55:00,2.31007,2.31018,2.3096,2.30965,306
2025-08-21 09:00:00,2.30965,2.31022,2.30939,2.31017,332
2025-08-21 09:05:00,2.31017,2.31054,2.30994,2.31051,345
2025-08-21 09:10:00,2.31051,2.31051,2.30989,2.31012,280
2025-08-21 09:15:00,2.31014,2.31036,2.3097,2.30976,367
2025-08-21 09:20:00,2.30976,2.3100899999999998,2.30857,2.30895,414
2025-08-21 09:25:00,2.30891,2.30927,2.3079,2.308,392
2025-08-21 09:30:00,2.308,2.3087400000000002,2.3079,2.30846,414
2025-08-21 09:35:00,2.30845,2.30998,2.30845,2.30983,331
2025-08-21 09:40:00,2.30984,2.30994,2.30842,2.30866,356
2025-08-21 09:45:00,2.30864,2.30926,2.30854,2.30888,366
2025-08-21 09:50:00,2.30884,2.30933,2.30851,2.30927,350
2025-08-21 09:55:00,2.30927,2.30994,2.30893,2.3095499999999998,441
2025-08-21 10:00:00,2.30956,2.31066,2.30937,2.30979,513
2025-08-21 10:05:00,2.3098,2.31043,2.30951,2.3096,470
2025-08-21 10:10:00,2.3096,2.31088,2.30953,2.31037,384
2025-08-21 10:15:00,2.31039,2.31206,2.31022,2.31206,561
2025-08-21 10:20:00,2.31202,2.31215,2.31147,2.31163,421
2025-08-21 10:25:00,2.31163,2.31181,2.31112,2.31116,317
2025-08-21 10:30:00,2.31114,2.3111800000000002,2.31038,2.3105700000000002,640
2025-08-21 10:35:00,2.31055,2.31065,2.31017,2.31056,496
2025-08-21 10:40:00,2.31056,2.31116,2.31041,2.3109,439
2025-08-21 10:45:00,2.31086,2.3114,2.31063,2.3114,339
2025-08-21 10:50:00,2.3113799999999998,2.31139,2.31061,2.31081,430
2025-08-21 10:55:00,2.31081,2.31158,2.31071,2.3114,400
2025-08-21 11:00:00,2.31143,2.31189,2.31119,2.3118600000000002,461
2025-08-21 11:05:00,2.31188,2.3124000000000002,2.31171,2.31202,403
2025-08-21 11:10:00,2.31202,2.31222,2.31152,2.31172,378
2025-08-21 11:15:00,2.31174,2.31181,2.31055,2.31096,431
2025-08-21 11:20:00,2.31092,2.31158,2.3109,2.31149,375
2025-08-21 11:25:00,2.31153,2.31157,2.31089,2.31157,376
2025-08-21 11:30:00,2.31313,2.31338,2.31158,2.31252,533
2025-08-21 11:35:00,2.31254,2.31304,2.31239,2.31264,394
2025-08-21 11:40:00,2.31264,2.31302,2.31197,2.31206,480
2025-08-21 11:45:00,2.31206,2.31236,2.3118600000000002,2.31204,407
2025-08-21 11:50:00,2.31203,2.31226,2.31181,2.31187,378
2025-08-21 11:55:00,2.31177,2.31195,2.31147,2.31153,404
2025-08-21 12:00:00,2.31157,2.31213,2.31133,2.31151,346
2025-08-21 12:05:00,2.31171,2.31184,2.31085,2.31093,345
2025-08-21 12:10:00,2.31093,2.31161,2.31087,2.31156,413
2025-08-21 12:15:00,2.31156,2.31213,2.31092,2.311,432
2025-08-21 12:20:00,2.31109,2.31126,2.31068,2.31094,387
2025-08-21 12:25:00,2.31094,2.31109,2.31055,2.31094,387
2025-08-21 12:30:00,2.31094,2.31166,2.31084,2.3116,319
2025-08-21 12:35:00,2.31156,2.31214,2.31155,2.3119,277
2025-08-21 12:40:00,2.31188,2.31237,2.31166,2.31222,358
2025-08-21 12:45:00,2.31222,2.31251,2.31182,2.31183,324
2025-08-21 12:50:00,2.31182,2.3125299999999998,2.31182,2.31233,299
2025-08-21 12:55:00,2.31233,2.3124700000000002,2.3118600000000002,2.31218,398
2025-08-21 13:00:00,2.31219,2.31219,2.31133,2.31175,465
2025-08-21 13:05:00,2.31182,2.31198,2.31154,2.31158,328
2025-08-21 13:10:00,2.31156,2.3119199999999998,2.31102,2.3112,402
2025-08-21 13:15:00,2.3112,2.31136,2.31017,2.31035,376
2025-08-21 13:20:00,2.31038,2.31062,2.31013,2.31048,336
2025-08-21 13:25:00,2.31052,2.31068,2.30993,2.3103,287
2025-08-21 13:30:00,2.3103,2.31126,2.31025,2.3112500000000002,376
2025-08-21 13:35:00,2.31126,2.31178,2.3111,2.31167,340
2025-08-21 13:40:00,2.31169,2.3118600000000002,2.3114,2.31157,431
2025-08-21 13:45:00,2.31157,2.31157,2.31096,2.31107,403
2025-08-21 13:50:00,2.31107,2.31151,2.31103,2.3111800000000002,314
2025-08-21 13:55:00,2.3111800000000002,2.31178,2.31083,2.31154,432
2025-08-21 14:00:00,2.31152,2.31153,2.31028,2.31115,477
2025-08-21 14:05:00,2.31117,2.31127,2.31058,2.31085,336
2025-08-21 14:10:00,2.31085,2.31114,2.30946,2.3100899999999998,375
2025-08-21 14:15:00,2.31001,2.31066,2.30962,2.31004,352
2025-08-21 14:20:00,2.31,2.31037,2.30941,2.30947,314
2025-08-21 14:25:00,2.30947,2.30957,2.30877,2.30882,317
2025-08-21 14:30:00,2.30882,2.30925,2.30868,2.30899,402
2025-08-21 14:35:00,2.30905,2.30928,2.30878,2.30906,386
2025-08-21 14:40:00,2.30906,2.30927,2.30854,2.30924,331
2025-08-21 14:45:00,2.30924,2.31012,2.30911,2.31001,415
2025-08-21 14:50:00,2.31003,2.31081,2.30983,2.31081,426
2025-08-21 14:55:00,2.3107699999999998,2.31122,2.3106400000000002,2.31096,430
2025-08-21 15:00:00,2.31096,2.31141,2.31053,2.31074,447
2025-08-21 15:05:00,2.31074,2.31079,2.30915,2.30923,464
2025-08-21 15:10:00,2.30925,2.30984,2.30922,2.3096,362
2025-08-21 15:15:00,2.3096,2.30982,2.30936,2.30969,381
2025-08-21 15:20:00,2.30967,2.30992,2.30923,2.30952,381
2025-08-21 15:25:00,2.3094799999999998,2.31181,2.3094799999999998,2.31108,427
2025-08-21 15:30:00,2.3111,2.3111,2.30924,2.30954,705
2025-08-21 15:35:00,2.3095,2.31103,2.30917,2.31029,614
2025-08-21 15:40:00,2.31029,2.31029,2.30938,2.30962,577
2025-08-21 15:45:00,2.30962,2.30975,2.30899,2.30929,523
2025-08-21 15:50:00,2.30929,2.31058,2.30929,2.31019,527
2025-08-21 15:55:00,2.31022,2.3105700000000002,2.30971,2.30979,524
2025-08-21 16:00:00,2.30977,2.31005,2.30909,2.3094,526
2025-08-21 16:05:00,2.30941,2.30968,2.30911,2.30939,527
2025-08-21 16:10:00,2.30941,2.30969,2.30923,2.30933,492
2025-08-21 16:15:00,2.3093,2.30958,2.30868,2.30901,470
2025-08-21 16:20:00,2.30899,2.3091,2.3081300000000002,2.30869,447
2025-08-21 16:25:00,2.30869,2.3092,2.30854,2.30868,439
2025-08-21 16:30:00,2.30865,2.30954,2.30852,2.30939,652
2025-08-21 16:35:00,2.30939,2.30956,2.30883,2.30902,628
2025-08-21 16:40:00,2.30902,2.30924,2.30678,2.30678,629
2025-08-21 16:45:00,2.30678,2.30846,2.30666,2.3069100000000002,928
2025-08-21 16:50:00,2.30686,2.30728,2.30644,2.3070399999999998,825
2025-08-21 16:55:00,2.3070399999999998,2.30722,2.30566,2.30584,576
2025-08-21 17:00:00,2.30584,2.30667,2.30546,2.30547,720
2025-08-21 17:05:00,2.30545,2.30571,2.30454,2.30556,735
2025-08-21 17:10:00,2.30559,2.30647,2.30559,2.30605,664
2025-08-21 17:15:00,2.30616,2.30692,2.30596,2.30689,614
2025-08-21 17:20:00,2.30689,2.30812,2.30677,2.30769,689
2025-08-21 17:25:00,2.3076499999999998,2.30812,2.30749,2.30781,539
2025-08-21 17:30:00,2.30789,2.308,2.3072,2.3075200000000002,524
2025-08-21 17:35:00,2.3075200000000002,2.30793,2.30672,2.30756,506
2025-08-21 17:40:00,2.30758,2.30762,2.30665,2.30706,633
2025-08-21 17:45:00,2.30706,2.30733,2.30642,2.30726,591
2025-08-21 17:50:00,2.3073,2.30783,2.30662,2.3073,642
2025-08-21 17:55:00,2.3073,2.30741,2.30645,2.30649,675
2025-08-21 18:00:00,2.30649,2.30656,2.30591,2.30651,586
2025-08-21 18:05:00,2.30651,2.30687,2.30617,2.30642,629
2025-08-21 18:10:00,2.30644,2.30717,2.30606,2.30632,761
2025-08-21 18:15:00,2.30632,2.30739,2.30629,2.30694,687
2025-08-21 18:20:00,2.30694,2.30738,2.30674,2.30719,710
2025-08-21 18:25:00,2.3072,2.30725,2.30579,2.30594,696
2025-08-21 18:30:00,2.30592,2.30626,2.30541,2.30559,789
2025-08-21 18:35:00,2.30552,2.30566,2.30473,2.30497,604
2025-08-21 18:40:00,2.30485,2.30534,2.30462,2.30504,488
2025-08-21 18:45:00,2.3050100000000002,2.3056,2.3050100000000002,2.30537,559
2025-08-21 18:50:00,2.30539,2.3058,2.30517,2.30527,526
2025-08-21 18:55:00,2.3052799999999998,2.30601,2.30526,2.30591,536
2025-08-21 19:00:00,2.30591,2.30624,2.30556,2.30594,487
2025-08-21 19:05:00,2.30586,2.30614,2.30561,2.30604,415
2025-08-21 19:10:00,2.306,2.30611,2.30558,2.30608,423
2025-08-21 19:15:00,2.30608,2.30638,2.30578,2.30627,388
2025-08-21 19:20:00,2.3062300000000002,2.30653,2.30595,2.30646,405
2025-08-21 19:25:00,2.30647,2.30682,2.30627,2.30652,334
2025-08-21 19:30:00,2.30652,2.3068,2.30627,2.30638,354
2025-08-21 19:35:00,2.30638,2.30682,2.30586,2.30598,421
2025-08-21 19:40:00,2.30606,2.30667,2.30593,2.30662,382
2025-08-21 19:45:00,2.30662,2.30689,2.30627,2.30686,363
2025-08-21 19:50:00,2.30673,2.30677,2.30613,2.30642,340
2025-08-21 19:55:00,2.30644,2.30675,2.30608,2.30635,344
2025-08-21 20:00:00,2.30635,2.3064999999999998,2.30464,2.30475,426
2025-08-21 20:05:00,2.30475,2.30527,2.30454,2.3052,395
2025-08-21 20:10:00,2.30522,2.30529,2.3045,2.30471,342
2025-08-21 20:15:00,2.30475,2.30518,2.3045999999999998,2.30515,346
2025-08-21 20:20:00,2.30515,2.30564,2.30499,2.30563,297
2025-08-21 20:25:00,2.30563,2.30575,2.30519,2.3054,308
2025-08-21 20:30:00,2.30538,2.30541,2.30492,2.30517,323
2025-08-21 20:35:00,2.3052099999999998,2.30532,2.30476,2.30505,300
2025-08-21 20:40:00,2.30509,2.30543,2.30483,2.30519,280
2025-08-21 20:45:00,2.30519,2.30538,2.30456,2.30483,376
2025-08-21 20:50:00,2.30483,2.30497,2.30451,2.30487,348
2025-08-21 20:55:00,2.30489,2.30545,2.3045999999999998,2.30543,324
2025-08-21 21:00:00,2.3054,2.30574,2.3050800000000002,2.3054,395
2025-08-21 21:05:00,2.3054,2.30547,2.30478,2.30504,352
2025-08-21 21:10:00,2.30506,2.3055,2.30485,2.30523,285
2025-08-21 21:15:00,2.3052099999999998,2.30554,2.30454,2.30458,274
2025-08-21 21:20:00,2.30458,2.3050800000000002,2.30452,2.30491,353
2025-08-21 21:25:00,2.30491,2.30502,2.30464,2.30471,302
2025-08-21 21:30:00,2.30475,2.30514,2.30459,2.30513,254
2025-08-21 21:35:00,2.30511,2.30519,2.30476,2.30513,343
2025-08-21 21:40:00,2.30514,2.30515,2.30453,2.30471,229
2025-08-21 21:45:00,2.30469,2.30497,2.30427,2.30476,238
2025-08-21 21:50:00,2.3048,2.30487,2.3039,2.30424,203
2025-08-21 21:55:00,2.30424,2.30554,2.30414,2.30538,407
2025-08-21 22:00:00,2.30554,2.30567,2.3052,2.30548,216
2025-08-21 22:05:00,2.30548,2.3055,2.30499,2.30531,194
2025-08-21 22:10:00,2.30531,2.30558,2.30512,2.30531,240
2025-08-21 22:15:00,2.30531,2.30564,2.30518,2.3055,230
2025-08-21 22:20:00,2.3055,2.3056900000000002,2.3052799999999998,2.3056900000000002,282
2025-08-21 22:25:00,2.3056900000000002,2.30638,2.30551,2.30632,233
2025-08-21 22:30:00,2.30632,2.30641,2.30565,2.30585,269
2025-08-21 22:35:00,2.30585,2.30639,2.3056200000000002,2.30591,183
2025-08-21 22:40:00,2.30592,2.30592,2.30539,2.30557,185
2025-08-21 22:45:00,2.30557,2.30595,2.30541,2.3056,228
2025-08-21 22:50:00,2.3056200000000002,2.30599,2.30545,2.30557,244
2025-08-21 22:55:00,2.30557,2.30592,2.30539,2.30545,249
2025-08-21 23:00:00,2.30547,2.30576,2.30518,2.30553,201
2025-08-21 23:05:00,2.30557,2.30576,2.30524,2.30556,134
2025-08-21 23:10:00,2.30559,2.30588,2.30542,2.30568,121
2025-08-21 23:15:00,2.30572,2.30618,2.30568,2.30608,134
2025-08-21 23:20:00,2.30608,2.30651,2.30608,2.3064,147
2025-08-21 23:25:00,2.30633,2.30647,2.30578,2.306,137
2025-08-21 23:30:00,2.30596,2.30628,2.30579,2.30612,203
2025-08-21 23:35:00,2.30612,2.30633,2.30498,2.3050800000000002,193
2025-08-21 23:40:00,2.30234,2.30252,2.30199,2.30212,174
2025-08-21 23:45:00,2.30208,2.30245,2.30206,2.30241,116
2025-08-21 23:50:00,2.30243,2.30258,2.30231,2.30237,128
2025-08-21 23:55:00,2.30237,2.30243,2.30179,2.30193,141
2025-08-22 00:00:00,2.30376,2.3038600000000002,2.30376,2.30376,4
2025-08-22 00:05:00,2.30451,2.30451,2.30221,2.30313,44
2025-08-22 00:10:00,2.30313,2.3037,2.30312,2.3035,15
2025-08-22 00:15:00,2.30351,2.30351,2.3035,2.30351,7
2025-08-22 00:20:00,2.30313,2.30313,2.30268,2.30297,97
2025-08-22 00:25:00,2.30297,2.3034499999999998,2.30236,2.30333,113
2025-08-22 00:30:00,2.30341,2.30348,2.30268,2.30297,126
2025-08-22 00:35:00,2.30298,2.30302,2.30137,2.30177,122
2025-08-22 00:40:00,2.30177,2.30259,2.30077,2.30259,276
2025-08-22 00:45:00,2.30258,2.30263,2.30232,2.30232,48
2025-08-22 00:50:00,2.30232,2.303,2.30222,2.30224,69
2025-08-22 00:55:00,2.30224,2.3025,2.30219,2.30224,166
2025-08-22 01:00:00,2.30252,2.30479,2.30252,2.30434,196
2025-08-22 01:05:00,2.30463,2.30477,2.30441,2.30452,96
2025-08-22 01:10:00,2.30442,2.30452,2.30374,2.30416,76
2025-08-22 01:15:00,2.30416,2.30435,2.30404,2.30421,243
2025-08-22 01:20:00,2.30419,2.30472,2.30417,2.30465,168
2025-08-22 01:25:00,2.30465,2.30491,2.30452,2.30462,139
2025-08-22 01:30:00,2.30458,2.30464,2.30427,2.30445,119
2025-08-22 01:35:00,2.30438,2.30454,2.30381,2.30385,91
2025-08-22 01:40:00,2.30385,2.30416,2.30385,2.30403,242
2025-08-22 01:45:00,2.30403,2.30432,2.30395,2.3042,101
2025-08-22 01:50:00,2.30412,2.30456,2.30401,2.30452,107
2025-08-22 01:55:00,2.30452,2.30497,2.30448,2.30485,126
2025-08-22 02:00:00,2.30462,2.30462,2.30381,2.30452,138
2025-08-22 02:05:00,2.30451,2.30459,2.30413,2.30445,125
2025-08-22 02:10:00,2.30449,2.30462,2.30422,2.30427,115
2025-08-22 02:15:00,2.30427,2.30448,2.30402,2.3041,148
2025-08-22 02:20:00,2.30409,2.30428,2.30371,2.30387,113
2025-08-22 02:25:00,2.30391,2.30491,2.3037900000000002,2.3048,127
2025-08-22 02:30:00,2.30482,2.30502,2.30456,2.30491,124
2025-08-22 02:35:00,2.30502,2.30502,2.30458,2.30477,125
2025-08-22 02:40:00,2.30473,2.30487,2.30454,2.30478,133
2025-08-22 02:45:00,2.30478,2.30487,2.30451,2.30458,127
2025-08-22 02:50:00,2.30458,2.30478,2.30437,2.3045,150
2025-08-22 02:55:00,2.30449,2.30461,2.3042,2.30434,218
2025-08-22 03:00:00,2.30437,2.30464,2.30404,2.30441,453
2025-08-22 03:05:00,2.30432,2.30512,2.30431,2.30502,279
2025-08-22 03:10:00,2.30502,2.30631,2.30496,2.30608,349
2025-08-22 03:15:00,2.30606,2.30657,2.30599,2.306,309
2025-08-22 03:20:00,2.306,2.30604,2.30553,2.30566,285
2025-08-22 03:25:00,2.30566,2.30635,2.30554,2.30622,280
2025-08-22 03:30:00,2.30638,2.30662,2.30595,2.30615,355
2025-08-22 03:35:00,2.30617,2.30658,2.30609,2.30642,292
2025-08-22 03:40:00,2.30642,2.30702,2.3063000000000002,2.30672,334
2025-08-22 03:45:00,2.3068,2.3076499999999998,2.30667,2.30757,241
2025-08-22 03:50:00,2.30753,2.30786,2.30726,2.30734,303
2025-08-22 03:55:00,2.30738,2.3078,2.30712,2.30737,320
2025-08-22 04:00:00,2.30733,2.30781,2.30722,2.30776,331
2025-08-22 04:05:00,2.30776,2.30782,2.30688,2.30762,372
2025-08-22 04:10:00,2.30758,2.30797,2.30738,2.30756,302
2025-08-22 04:15:00,2.3076,2.3077199999999998,2.30698,2.30742,384
2025-08-22 04:20:00,2.30747,2.30779,2.30727,2.30749,328
2025-08-22 04:25:00,2.30749,2.30753,2.30685,2.30698,226
2025-08-22 04:30:00,2.30698,2.30707,2.30661,2.30679,333
2025-08-22 04:35:00,2.30677,2.30712,2.30668,2.30675,353
2025-08-22 04:40:00,2.30675,2.30703,2.30649,2.30678,386
2025-08-22 04:45:00,2.30676,2.30737,2.30672,2.30735,363
2025-08-22 04:50:00,2.30737,2.30762,2.30538,2.30547,558
2025-08-22 04:55:00,2.30553,2.30563,2.3037900000000002,2.30533,586
2025-08-22 05:00:00,2.30533,2.30583,2.30465,2.305,537
2025-08-22 05:05:00,2.305,2.30541,2.30439,2.30531,393
2025-08-22 05:10:00,2.30526,2.30558,2.30494,2.30494,292
2025-08-22 05:15:00,2.30494,2.30556,2.30459,2.30493,314
2025-08-22 05:20:00,2.30493,2.30545,2.30437,2.30485,379
2025-08-22 05:25:00,2.30483,2.30525,2.30482,2.30497,219
2025-08-22 05:30:00,2.3050100000000002,2.30515,2.30475,2.30492,278
2025-08-22 05:35:00,2.30488,2.30524,2.30438,2.30491,279
2025-08-22 05:40:00,2.30477,2.30522,2.30456,2.30506,271
2025-08-22 05:45:00,2.30496,2.3050100000000002,2.30434,2.30434,260
2025-08-22 05:50:00,2.30439,2.30471,2.30407,2.30471,259
2025-08-22 05:55:00,2.30469,2.30503,2.3044000000000002,2.30482,330
2025-08-22 06:00:00,2.3048,2.30527,2.30468,2.30509,293
2025-08-22 06:05:00,2.30507,2.3053,2.30466,2.30492,274
2025-08-22 06:10:00,2.30492,2.30498,2.304,2.30435,300
2025-08-22 06:15:00,2.30436,2.30461,2.30397,2.30417,239
2025-08-22 06:20:00,2.30417,2.30451,2.30413,2.30439,265
2025-08-22 06:25:00,2.30439,2.30463,2.30397,2.30403,215
2025-08-22 06:30:00,2.30405,2.30422,2.3038600000000002,2.30393,376
2025-08-22 06:35:00,2.30392,2.3044000000000002,2.30385,2.30429,389
2025-08-22 06:40:00,2.30433,2.30466,2.30427,2.30459,329
2025-08-22 06:45:00,2.30455,2.305,2.30435,2.30491,393
2025-08-22 06:50:00,2.30489,2.30494,2.30441,2.30483,361
2025-08-22 06:55:00,2.30483,2.30515,2.30466,2.30504,321
2025-08-22 07:00:00,2.30504,2.30538,2.30493,2.30512,304
2025-08-22 07:05:00,2.30516,2.30579,2.30509,2.30576,203
2025-08-22 07:10:00,2.30576,2.30584,2.30446,2.30469,171
2025-08-22 07:15:00,2.30469,2.30525,2.30465,2.30517,231
2025-08-22 07:20:00,2.30513,2.30529,2.30482,2.30517,188
2025-08-22 07:25:00,2.30517,2.30579,2.30512,2.30574,296
2025-08-22 07:30:00,2.3057,2.30606,2.3056200000000002,2.30592,318
2025-08-22 07:35:00,2.30594,2.30612,2.30584,2.30598,232
2025-08-22 07:40:00,2.30602,2.30621,2.30566,2.30575,274
2025-08-22 07:45:00,2.3058199999999998,2.30587,2.30552,2.30558,257
2025-08-22 07:50:00,2.30554,2.30585,2.30541,2.30576,266
2025-08-22 07:55:00,2.30576,2.30653,2.3056200000000002,2.30622,302
2025-08-22 08:00:00,2.3062,2.3066,2.30615,2.30629,283
2025-08-22 08:05:00,2.30629,2.30646,2.30573,2.30622,318
2025-08-22 08:10:00,2.30624,2.30648,2.30609,2.30624,264
2025-08-22 08:15:00,2.30632,2.30636,2.30578,2.30625,287
2025-08-22 08:20:00,2.30617,2.30646,2.30606,2.30641,271
2025-08-22 08:25:00,2.30641,2.30655,2.30626,2.30651,227
2025-08-22 08:30:00,2.30651,2.30658,2.30625,2.30639,278
2025-08-22 08:35:00,2.3064,2.30669,2.3062300000000002,2.30666,262
2025-08-22 08:40:00,2.30665,2.30703,2.30648,2.30689,286
2025-08-22 08:45:00,2.3069100000000002,2.30717,2.30653,2.30709,290
2025-08-22 08:50:00,2.30714,2.30758,2.30701,2.30748,240
2025-08-22 08:55:00,2.3076499999999998,2.30825,2.30748,2.30823,339
2025-08-22 09:00:00,2.30814,2.30844,2.30761,2.30762,363
2025-08-22 09:05:00,2.30762,2.30768,2.30713,2.30721,369
2025-08-22 09:10:00,2.30721,2.30736,2.30687,2.30706,414
2025-08-22 09:15:00,2.30708,2.3072,2.30677,2.307,370
2025-08-22 09:20:00,2.30698,2.30738,2.3069,2.30728,311
2025-08-22 09:25:00,2.30734,2.30736,2.30656,2.30656,325
2025-08-22 09:30:00,2.30656,2.30723,2.30645,2.30714,322
2025-08-22 09:35:00,2.30714,2.30791,2.30705,2.3078,338
2025-08-22 09:40:00,2.3078,2.30838,2.30756,2.3081300000000002,452
2025-08-22 09:45:00,2.30809,2.30856,2.30743,2.30782,404
2025-08-22 09:50:00,2.30784,2.30831,2.30771,2.30799,343
2025-08-22 09:55:00,2.30799,2.30849,2.30799,2.30818,452
2025-08-22 10:00:00,2.30816,2.30864,2.30738,2.30777,490
2025-08-22 10:05:00,2.30777,2.30818,2.30742,2.30796,430
2025-08-22 10:10:00,2.30796,2.30816,2.30774,2.30786,315
2025-08-22 10:15:00,2.30786,2.30818,2.3076499999999998,2.30818,328
2025-08-22 10:20:00,2.3082,2.30829,2.30773,2.30799,362
2025-08-22 10:25:00,2.30798,2.30818,2.30777,2.30808,358
2025-08-22 10:30:00,2.3080600000000002,2.30878,2.308,2.3087,322
2025-08-22 10:35:00,2.3087,2.3088,2.30841,2.30847,315
2025-08-22 10:40:00,2.30848,2.30848,2.30742,2.30759,322
2025-08-22 10:45:00,2.30759,2.30764,2.30712,2.30733,291
2025-08-22 10:50:00,2.30733,2.30747,2.30632,2.3064999999999998,328
2025-08-22 10:55:00,2.30647,2.3071099999999998,2.30604,2.30695,393
2025-08-22 11:00:00,2.30695,2.30804,2.30692,2.30791,375
2025-08-22 11:05:00,2.30791,2.30831,2.30755,2.30789,391
2025-08-22 11:10:00,2.30789,2.30801,2.30741,2.30776,340
2025-08-22 11:15:00,2.3077,2.30788,2.30732,2.30733,292
2025-08-22 11:20:00,2.30733,2.30767,2.30713,2.3076,422
2025-08-22 11:25:00,2.30758,2.30786,2.30751,2.30758,303
2025-08-22 11:30:00,2.30751,2.30773,2.30693,2.30712,377
2025-08-22 11:35:00,2.30709,2.30778,2.30707,2.3077199999999998,377
2025-08-22 11:40:00,2.3077199999999998,2.30775,2.30686,2.307,315
2025-08-22 11:45:00,2.307,2.30769,2.30688,2.30758,432
2025-08-22 11:50:00,2.30756,2.30762,2.30651,2.30692,390
2025-08-22 11:55:00,2.30696,2.30733,2.30669,2.3069,415
2025-08-22 12:00:00,2.30687,2.30708,2.30671,2.30702,459
2025-08-22 12:05:00,2.30702,2.30773,2.30702,2.30755,359
2025-08-22 12:10:00,2.30758,2.30827,2.30753,2.30799,308
2025-08-22 12:15:00,2.30799,2.30885,2.30788,2.3087400000000002,360
2025-08-22 12:20:00,2.30872,2.30938,2.30845,2.30926,354
2025-08-22 12:25:00,2.30922,2.30963,2.30906,2.30952,289
2025-08-22 12:30:00,2.30953,2.30953,2.30866,2.30878,305
2025-08-22 12:35:00,2.30878,2.30954,2.30871,2.30941,296
2025-08-22 12:40:00,2.30939,2.30983,2.30931,2.30952,302
2025-08-22 12:45:00,2.30951,2.30989,2.30945,2.30987,334
2025-08-22 12:50:00,2.30986,2.31034,2.3096,2.31029,358
2025-08-22 12:55:00,2.31026,2.31075,2.30987,2.30994,397
2025-08-22 13:00:00,2.30993,2.3102,2.30978,2.31,356
2025-08-22 13:05:00,2.31,2.31043,2.30987,2.30999,309
2025-08-22 13:10:00,2.30999,2.31036,2.3099600000000002,2.31032,275
2025-08-22 13:15:00,2.31032,2.31082,2.31028,2.31048,328
2025-08-22 13:20:00,2.3104,2.31053,2.31013,2.31041,334
2025-08-22 13:25:00,2.31037,2.3105700000000002,2.31004,2.31022,326
2025-08-22 13:30:00,2.31017,2.31019,2.30966,2.31014,282
2025-08-22 13:35:00,2.31012,2.31026,2.30976,2.31024,352
2025-08-22 13:40:00,2.31022,2.31049,2.31001,2.31012,267
2025-08-22 13:45:00,2.31004,2.31098,2.31004,2.31092,358
2025-08-22 13:50:00,2.31096,2.311,2.31029,2.31046,350
2025-08-22 13:55:00,2.31044,2.31071,2.30976,2.30981,368
2025-08-22 14:00:00,2.30981,2.31066,2.30967,2.3103,379
2025-08-22 14:05:00,2.31032,2.3105,2.31002,2.31036,279
2025-08-22 14:10:00,2.31036,2.31071,2.3102,2.31063,220
2025-08-22 14:15:00,2.31063,2.31065,2.31017,2.31021,255
2025-08-22 14:20:00,2.31021,2.31055,2.30995,2.31015,272
2025-08-22 14:25:00,2.31019,2.31049,2.30995,2.31022,396
2025-08-22 14:30:00,2.31022,2.31037,2.30979,2.31001,321
2025-08-22 14:35:00,2.31003,2.31012,2.30959,2.30959,355
2025-08-22 14:40:00,2.30959,2.30987,2.30925,2.30925,365
2025-08-22 14:45:00,2.30927,2.30997,2.30927,2.30981,321
2025-08-22 14:50:00,2.30981,2.31013,2.30952,2.30968,389
2025-08-22 14:55:00,2.30966,2.3098,2.30916,2.30944,485
2025-08-22 15:00:00,2.3095,2.30952,2.30896,2.30912,467
2025-08-22 15:05:00,2.3091,2.30923,2.30824,2.30835,436
2025-08-22 15:10:00,2.30835,2.30897,2.3083299999999998,2.30865,344
2025-08-22 15:15:00,2.30863,2.3091,2.30848,2.3087,411
2025-08-22 15:20:00,2.3087,2.30924,2.3087,2.30908,373
2025-08-22 15:25:00,2.3091,2.3094799999999998,2.3088699999999998,2.30895,359
2025-08-22 15:30:00,2.30895,2.30906,2.30837,2.3087,346
2025-08-22 15:35:00,2.30867,2.30893,2.30835,2.30861,472
2025-08-22 15:40:00,2.30861,2.30902,2.30838,2.30865,388
2025-08-22 15:45:00,2.30865,2.30882,2.30822,2.30857,403
2025-08-22 15:50:00,2.30857,2.30865,2.30798,2.30825,339
2025-08-22 15:55:00,2.30823,2.3085,2.30798,2.30838,403
2025-08-22 16:00:00,2.3084,2.30865,2.30815,2.30852,413
2025-08-22 16:05:00,2.30852,2.30857,2.30781,2.30831,451
2025-08-22 16:10:00,2.30831,2.30831,2.3077199999999998,2.30796,403
2025-08-22 16:15:00,2.30796,2.3080600000000002,2.30742,2.3076499999999998,403
2025-08-22 16:20:00,2.3076499999999998,2.30818,2.30753,2.30807,406
2025-08-22 16:25:00,2.30796,2.30832,2.30786,2.3082,442
2025-08-22 16:30:00,2.30809,2.30861,2.30788,2.30855,525
2025-08-22 16:35:00,2.30854,2.30854,2.30796,2.30845,547
2025-08-22 16:40:00,2.30847,2.30892,2.30831,2.30883,477
2025-08-22 16:45:00,2.30883,2.30977,2.30869,2.30916,517
2025-08-22 16:50:00,2.30916,2.30938,2.30778,2.30832,488
2025-08-22 16:55:00,2.30836,2.3097,2.30824,2.3094,570
2025-08-22 17:00:00,2.30923,2.30923,2.30291,2.30573,1123
2025-08-22 17:05:00,2.30573,2.30653,2.30414,2.30424,1178
2025-08-22 17:10:00,2.30424,2.30458,2.3031800000000002,2.30337,1094
2025-08-22 17:15:00,2.30336,2.30416,2.3019600000000002,2.30247,1185
2025-08-22 17:20:00,2.30227,2.30409,2.30214,2.30306,1147
2025-08-22 17:25:00,2.30306,2.30409,2.30256,2.30331,1082
2025-08-22 17:30:00,2.30334,2.30401,2.30275,2.30363,1033
2025-08-22 17:35:00,2.30366,2.3040599999999998,2.30214,2.30215,925
2025-08-22 17:40:00,2.30213,2.30351,2.30179,2.30288,919
2025-08-22 17:45:00,2.30281,2.30351,2.3023,2.3032,890
2025-08-22 17:50:00,2.3031,2.30369,2.30258,2.30354,952
2025-08-22 17:55:00,2.30354,2.30471,2.30278,2.30417,814
2025-08-22 18:00:00,2.30415,2.30444,2.30327,2.30327,799
2025-08-22 18:05:00,2.30327,2.30371,2.3025,2.30268,800
2025-08-22 18:10:00,2.30265,2.30416,2.3024,2.30409,738
2025-08-22 18:15:00,2.30409,2.30546,2.30377,2.30532,729
2025-08-22 18:20:00,2.30534,2.30595,2.3051,2.30583,745
2025-08-22 18:25:00,2.30579,2.30692,2.30556,2.30679,651
2025-08-22 18:30:00,2.3067,2.30736,2.30653,2.30722,676
2025-08-22 18:35:00,2.30722,2.30868,2.30717,2.30861,739
2025-08-22 18:40:00,2.30863,2.30913,2.3077,2.30809,676
2025-08-22 18:45:00,2.30805,2.3081300000000002,2.30678,2.30687,621
2025-08-22 18:50:00,2.30689,2.30773,2.30678,2.3071,641
2025-08-22 18:55:00,2.30708,2.3077,2.30686,2.30731,596
2025-08-22 19:00:00,2.30729,2.30742,2.30553,2.30572,639
2025-08-22 19:05:00,2.30572,2.30598,2.30538,2.3058899999999998,474
2025-08-22 19:10:00,2.3058899999999998,2.30592,2.3052099999999998,2.30529,542
2025-08-22 19:15:00,2.30529,2.30706,2.30529,2.30665,497
2025-08-22 19:20:00,2.30665,2.307,2.30625,2.30685,462
2025-08-22 19:25:00,2.3069,2.30718,2.30611,2.3062300000000002,494
2025-08-22 19:30:00,2.3062300000000002,2.30631,2.3058,2.30611,558
2025-08-22 19:35:00,2.30611,2.30611,2.30534,2.30555,498
2025-08-22 19:40:00,2.30559,2.30599,2.30509,2.30515,519
2025-08-22 19:45:00,2.30515,2.30556,2.3047,2.30486,526
2025-08-22 19:50:00,2.30487,2.3052,2.30465,2.30495,596
2025-08-22 19:55:00,2.30503,2.30544,2.30453,2.30487,540
2025-08-22 20:00:00,2.30489,2.30502,2.30427,2.30453,513
2025-08-22 20:05:00,2.30455,2.30489,2.30416,2.30431,510
2025-08-22 20:10:00,2.30419,2.30448,2.30391,2.304,437
2025-08-22 20:15:00,2.30404,2.30471,2.30395,2.30444,426
2025-08-22 20:20:00,2.30443,2.30539,2.30426,2.3051,492
2025-08-22 20:25:00,2.3051,2.30526,2.30474,2.30512,393
2025-08-22 20:30:00,2.30514,2.30534,2.30476,2.30522,470
2025-08-22 20:35:00,2.30522,2.3056,2.30504,2.30543,379
2025-08-22 20:40:00,2.30544,2.30563,2.30505,2.30532,373
2025-08-22 20:45:00,2.3053,2.30554,2.30445,2.30462,422
2025-08-22 20:50:00,2.30466,2.30516,2.30454,2.30505,391
2025-08-22 20:55:00,2.30503,2.30559,2.30489,2.30536,404
2025-08-22 21:00:00,2.30536,2.30548,2.3050800000000002,2.30533,404
2025-08-22 21:05:00,2.30533,2.3057,2.30516,2.30537,307
2025-08-22 21:10:00,2.30535,2.30538,2.30483,2.30498,348
2025-08-22 21:15:00,2.30498,2.30556,2.30485,2.3055,316
2025-08-22 21:20:00,2.3055,2.30565,2.30514,2.30539,366
2025-08-22 21:25:00,2.30541,2.30566,2.30519,2.30539,340
2025-08-22 21:30:00,2.30539,2.30543,2.305,2.3050800000000002,257
2025-08-22 21:35:00,2.30512,2.30549,2.30474,2.30531,308
2025-08-22 21:40:00,2.30531,2.30536,2.30482,2.30497,329
2025-08-22 21:45:00,2.30497,2.30497,2.30409,2.30452,295
2025-08-22 21:50:00,2.3045,2.30477,2.30428,2.30474,305
2025-08-22 21:55:00,2.30474,2.30522,2.30459,2.30491,357
2025-08-22 22:00:00,2.30493,2.30507,2.3046699999999998,2.30477,332
2025-08-22 22:05:00,2.30477,2.3050100000000002,2.30459,2.30483,246
2025-08-22 22:10:00,2.30483,2.30511,2.3045,2.3048,245
2025-08-22 22:15:00,2.30477,2.30477,2.30429,2.30455,245
2025-08-22 22:20:00,2.30453,2.30484,2.30429,2.3046699999999998,241
2025-08-22 22:25:00,2.30469,2.30523,2.3046699999999998,2.30519,289
2025-08-22 22:30:00,2.30515,2.30526,2.30481,2.305,281
2025-08-22 22:35:00,2.30499,2.30509,2.30463,2.30504,206
2025-08-22 22:40:00,2.305,2.30519,2.30468,2.30485,245
2025-08-22 22:45:00,2.30483,2.30486,2.3041,2.30433,224
2025-08-22 22:50:00,2.30431,2.30448,2.30416,2.30434,244
2025-08-22 22:55:00,2.30434,2.30475,2.30403,2.30403,311
2025-08-22 23:00:00,2.30403,2.30437,2.30368,2.30372,206
2025-08-22 23:05:00,2.30372,2.30408,2.30362,2.30376,186
2025-08-22 23:10:00,2.30372,2.30407,2.30342,2.30392,162
2025-08-22 23:15:00,2.30388,2.30428,2.30373,2.3041,134
2025-08-22 23:20:00,2.30405,2.30437,2.30373,2.30385,136
2025-08-22 23:25:00,2.30385,2.30433,2.30385,2.3042,118
2025-08-22 23:30:00,2.30424,2.30427,2.30373,2.30402,155
2025-08-22 23:35:00,2.30396,2.30405,2.3036,2.30371,142
2025-08-22 23:40:00,2.30109,2.3015,2.30098,2.3013,179
2025-08-22 23:45:00,2.30128,2.30209,2.30128,2.30171,174
2025-08-22 23:50:00,2.30168,2.30194,2.30144,2.3018,226
2025-08-22 23:55:00,2.30195,2.30282,2.3013500000000002,2.3013500000000002,409
2025-08-25 00:00:00,2.30041,2.30071,2.30041,2.30071,4
2025-08-25 00:05:00,2.30071,2.30071,2.29878,2.29882,36
2025-08-25 00:10:00,2.29882,2.29954,2.2984999999999998,2.29934,87
2025-08-25 00:15:00,2.29934,2.29994,2.29932,2.29958,428
2025-08-25 00:20:00,2.29958,2.30012,2.29942,2.29962,283
2025-08-25 00:25:00,2.29964,2.30028,2.29948,2.29966,559
2025-08-25 00:30:00,2.29962,2.3,2.29918,2.29924,200
2025-08-25 00:35:00,2.29927,2.30024,2.29918,2.30016,510
2025-08-25 00:40:00,2.29996,2.3002000000000002,2.29957,2.29961,108
2025-08-25 00:45:00,2.29973,2.3001,2.29844,2.29869,89
2025-08-25 00:50:00,2.29871,2.29987,2.29871,2.29964,142
2025-08-25 00:55:00,2.29968,2.29998,2.29903,2.29953,116
2025-08-25 01:00:00,2.30028,2.30303,2.30028,2.30299,322
2025-08-25 01:05:00,2.30335,2.30394,2.30323,2.30385,72
2025-08-25 01:10:00,2.3038600000000002,2.30391,2.30351,2.30361,155
2025-08-25 01:15:00,2.30365,2.30394,2.3035,2.30363,324
2025-08-25 01:20:00,2.30365,2.3039899999999998,2.30361,2.30376,142
2025-08-25 01:25:00,2.30376,2.30443,2.30371,2.30434,102
2025-08-25 01:30:00,2.30435,2.30517,2.30418,2.3046699999999998,146
2025-08-25 01:35:00,2.3046699999999998,2.30499,2.3045999999999998,2.30476,78
2025-08-25 01:40:00,2.30495,2.30583,2.30463,2.30583,174
2025-08-25 01:45:00,2.30531,2.30574,2.30417,2.30423,183
2025-08-25 01:50:00,2.30424,2.3045,2.30414,2.30426,75
2025-08-25 01:55:00,2.30427,2.30439,2.3039899999999998,2.30428,89
2025-08-25 02:00:00,2.30436,2.30442,2.30385,2.30409,225
2025-08-25 02:05:00,2.30409,2.30436,2.30398,2.30413,175
2025-08-25 02:10:00,2.30413,2.30414,2.3032500000000002,2.3034499999999998,187
2025-08-25 02:15:00,2.30341,2.30368,2.30298,2.30343,206
2025-08-25 02:20:00,2.30341,2.3034499999999998,2.30279,2.30294,224
2025-08-25 02:25:00,2.30294,2.30354,2.3028399999999998,2.30312,217
2025-08-25 02:30:00,2.30314,2.3033799999999998,2.303,2.30329,198
2025-08-25 02:35:00,2.30331,2.3035,2.30278,2.30285,141
2025-08-25 02:40:00,2.30285,2.30286,2.30234,2.30282,175
2025-08-25 02:45:00,2.30283,2.30303,2.30242,2.30295,183
2025-08-25 02:50:00,2.30295,2.3031,2.3026,2.30275,174
2025-08-25 02:55:00,2.30275,2.30339,2.30269,2.30296,171
2025-08-25 03:00:00,2.30296,2.30308,2.30195,2.30204,415
2025-08-25 03:05:00,2.30211,2.30315,2.30169,2.30299,383
2025-08-25 03:10:00,2.30307,2.30413,2.30305,2.30321,381
2025-08-25 03:15:00,2.30322,2.30346,2.30297,2.30317,369
2025-08-25 03:20:00,2.30316,2.30334,2.30282,2.30326,307
2025-08-25 03:25:00,2.30324,2.30327,2.30198,2.30225,337
2025-08-25 03:30:00,2.30221,2.30232,2.3016199999999998,2.30181,298
2025-08-25 03:35:00,2.30179,2.30217,2.30166,2.30207,296
2025-08-25 03:40:00,2.30214,2.30246,2.30134,2.30208,311
2025-08-25 03:45:00,2.30208,2.30219,2.30154,2.30166,327
2025-08-25 03:50:00,2.30166,2.30195,2.30113,2.30113,382
2025-08-25 03:55:00,2.30106,2.30172,2.30096,2.30103,383
2025-08-25 04:00:00,2.30102,2.3014,2.30052,2.30138,436
2025-08-25 04:05:00,2.30138,2.30195,2.3013,2.30167,263
2025-08-25 04:10:00,2.30167,2.30188,2.30141,2.30186,274
2025-08-25 04:15:00,2.30186,2.30194,2.30079,2.30116,421
2025-08-25 04:20:00,2.30113,2.30224,2.3011,2.30208,320
2025-08-25 04:25:00,2.30209,2.30238,2.302,2.3021,358
2025-08-25 04:30:00,2.30208,2.30324,2.302,2.30285,347
2025-08-25 04:35:00,2.30283,2.30369,2.30239,2.30342,320
2025-08-25 04:40:00,2.30342,2.30419,2.30342,2.30408,322
2025-08-25 04:45:00,2.30408,2.30477,2.3037900000000002,2.3041,342
2025-08-25 04:50:00,2.3040599999999998,2.30434,2.30373,2.30426,277
2025-08-25 04:55:00,2.30422,2.30479,2.30404,2.30479,312
2025-08-25 05:00:00,2.30479,2.30479,2.3038,2.30397,368
2025-08-25 05:05:00,2.30397,2.30469,2.3038,2.30437,341
2025-08-25 05:10:00,2.30437,2.3048,2.30402,2.30432,293
2025-08-25 05:15:00,2.30432,2.30482,2.30423,2.3047,209
2025-08-25 05:20:00,2.30475,2.30494,2.30429,2.30443,301
2025-08-25 05:25:00,2.30443,2.30504,2.30434,2.305,212
2025-08-25 05:30:00,2.305,2.30503,2.30455,2.30469,195
2025-08-25 05:35:00,2.30469,2.30541,2.3046699999999998,2.30505,197
2025-08-25 05:40:00,2.30505,2.30525,2.30493,2.3052099999999998,139
2025-08-25 05:45:00,2.3052099999999998,2.30558,2.30515,2.3052799999999998,239
2025-08-25 05:50:00,2.30524,2.3053,2.30391,2.30405,277
2025-08-25 05:55:00,2.3040599999999998,2.30425,2.30337,2.30353,293
2025-08-25 06:00:00,2.30354,2.30362,2.30311,2.30329,271
2025-08-25 06:05:00,2.30329,2.30341,2.30258,2.30299,280
2025-08-25 06:10:00,2.30298,2.30319,2.30262,2.3029,266
2025-08-25 06:15:00,2.30294,2.30371,2.30274,2.30366,266
2025-08-25 06:20:00,2.3037,2.3037,2.30285,2.30352,247
2025-08-25 06:25:00,2.30348,2.30402,2.30344,2.30396,302
2025-08-25 06:30:00,2.30396,2.30445,2.30375,2.30425,271
2025-08-25 06:35:00,2.30421,2.30448,2.30383,2.3039,245
2025-08-25 06:40:00,2.30382,2.30456,2.30382,2.30448,223
2025-08-25 06:45:00,2.30451,2.30476,2.30426,2.30434,254
2025-08-25 06:50:00,2.30431,2.30458,2.30389,2.3042,206
2025-08-25 06:55:00,2.3042,2.30442,2.3039,2.30423,286
2025-08-25 07:00:00,2.30423,2.30423,2.30359,2.30363,226
2025-08-25 07:05:00,2.30367,2.30371,2.3034,2.30346,168
2025-08-25 07:10:00,2.30346,2.30357,2.303,2.30308,184
2025-08-25 07:15:00,2.30306,2.30331,2.30278,2.30315,202
2025-08-25 07:20:00,2.30315,2.3031800000000002,2.30275,2.30291,188
2025-08-25 07:25:00,2.30289,2.30328,2.30287,2.30307,229
2025-08-25 07:30:00,2.3031,2.3031800000000002,2.30254,2.30316,205
2025-08-25 07:35:00,2.3032,2.3034,2.30293,2.3033,192
2025-08-25 07:40:00,2.3033,2.30358,2.30316,2.3031800000000002,170
2025-08-25 07:45:00,2.30317,2.30378,2.30303,2.30377,220
2025-08-25 07:50:00,2.30382,2.30405,2.30309,2.30335,202
2025-08-25 07:55:00,2.30333,2.3033799999999998,2.30263,2.30321,268
2025-08-25 08:00:00,2.30321,2.3032500000000002,2.30275,2.3027699999999998,305
2025-08-25 08:05:00,2.30276,2.30278,2.30202,2.30206,268
2025-08-25 08:10:00,2.30206,2.30248,2.3020300000000002,2.30219,262
2025-08-25 08:15:00,2.30219,2.3023,2.3017,2.30182,194
2025-08-25 08:20:00,2.30182,2.3019,2.30139,2.30158,340
2025-08-25 08:25:00,2.30163,2.3023,2.30156,2.30217,235
2025-08-25 08:30:00,2.3021599999999998,2.30254,2.30205,2.30215,248
2025-08-25 08:35:00,2.30215,2.30246,2.30197,2.3023,247
2025-08-25 08:40:00,2.30229,2.30258,2.30204,2.30215,221
2025-08-25 08:45:00,2.30215,2.30253,2.30185,2.30235,246
2025-08-25 08:50:00,2.30236,2.30246,2.30148,2.30158,260
2025-08-25 08:55:00,2.3016,2.30256,2.30156,2.30256,297
2025-08-25 09:00:00,2.3025700000000002,2.30276,2.30213,2.30217,467
2025-08-25 09:05:00,2.30217,2.30246,2.30193,2.3022299999999998,438
2025-08-25 09:10:00,2.3022299999999998,2.3023,2.3004,2.30043,335
2025-08-25 09:15:00,2.30043,2.30075,2.29983,2.30006,438
2025-08-25 09:20:00,2.30006,2.30029,2.29964,2.29997,407
2025-08-25 09:25:00,2.29997,2.30069,2.29997,2.30057,329
2025-08-25 09:30:00,2.30052,2.30141,2.30029,2.3013500000000002,417
2025-08-25 09:35:00,2.30134,2.3015,2.30076,2.3009,341
2025-08-25 09:40:00,2.3009,2.30096,2.29994,2.30011,344
2025-08-25 09:45:00,2.30011,2.30045,2.29998,2.30023,394
2025-08-25 09:50:00,2.30019,2.30124,2.30018,2.30104,383
2025-08-25 09:55:00,2.30103,2.30158,2.30071,2.30079,455
2025-08-25 10:00:00,2.30082,2.30093,2.30038,2.30042,446
2025-08-25 10:05:00,2.30044,2.30087,2.30021,2.30041,346
2025-08-25 10:10:00,2.30039,2.30073,2.30012,2.30037,366
2025-08-25 10:15:00,2.30027,2.30091,2.30015,2.30053,353
2025-08-25 10:20:00,2.30055,2.30118,2.3002000000000002,2.30095,382
2025-08-25 10:25:00,2.30093,2.30136,2.30077,2.30132,331
2025-08-25 10:30:00,2.30132,2.30141,2.30059,2.30116,358
2025-08-25 10:35:00,2.30114,2.3017,2.30109,2.30138,317
2025-08-25 10:40:00,2.30138,2.3014,2.30055,2.30059,321
2025-08-25 10:45:00,2.30055,2.30123,2.30054,2.30122,364
2025-08-25 10:50:00,2.30122,2.30144,2.30078,2.3014,396
2025-08-25 10:55:00,2.3014,2.3025,2.30136,2.30236,592
2025-08-25 11:00:00,2.30232,2.30235,2.3015499999999998,2.30188,346
2025-08-25 11:05:00,2.30188,2.30188,2.30128,2.30139,380
2025-08-25 11:10:00,2.30141,2.30141,2.30048,2.30067,303
2025-08-25 11:15:00,2.30073,2.30092,2.30029,2.30031,343
2025-08-25 11:20:00,2.30031,2.30105,2.3003,2.3008100000000002,381
2025-08-25 11:25:00,2.3008100000000002,2.30097,2.30042,2.30063,328
2025-08-25 11:30:00,2.3006,2.30071,2.30018,2.30062,354
2025-08-25 11:35:00,2.30062,2.30066,2.29988,2.30003,243
2025-08-25 11:40:00,2.30003,2.30028,2.2995900000000002,2.29997,263
2025-08-25 11:45:00,2.30002,2.30002,2.2994,2.2997,355
2025-08-25 11:50:00,2.29976,2.30034,2.29962,2.30031,357
2025-08-25 11:55:00,2.30035,2.30126,2.3002000000000002,2.30119,402
2025-08-25 12:00:00,2.30118,2.3015499999999998,2.30072,2.30126,274
2025-08-25 12:05:00,2.30126,2.30153,2.30113,2.30153,306
2025-08-25 12:10:00,2.30153,2.30158,2.30116,2.30144,285
2025-08-25 12:15:00,2.3014200000000002,2.30156,2.30106,2.30118,288
2025-08-25 12:20:00,2.30118,2.30134,2.301,2.30123,242
2025-08-25 12:25:00,2.30123,2.30173,2.30111,2.30167,254
2025-08-25 12:30:00,2.30167,2.30198,2.30146,2.3016,317
2025-08-25 12:35:00,2.30166,2.30184,2.30134,2.30163,288
2025-08-25 12:40:00,2.30163,2.30255,2.30149,2.30242,283
2025-08-25 12:45:00,2.30246,2.30305,2.30212,2.3028399999999998,223
2025-08-25 12:50:00,2.3028,2.30314,2.3026,2.30276,337
2025-08-25 12:55:00,2.30275,2.30312,2.30239,2.30246,357
2025-08-25 13:00:00,2.30246,2.30261,2.30173,2.30181,310
2025-08-25 13:05:00,2.30173,2.30198,2.30164,2.30189,285
2025-08-25 13:10:00,2.30189,2.30219,2.3017,2.30175,334
2025-08-25 13:15:00,2.30181,2.3020300000000002,2.3016199999999998,2.3018,320
2025-08-25 13:20:00,2.30181,2.30226,2.3016,2.30166,392
2025-08-25 13:25:00,2.30166,2.30211,2.30154,2.30199,389
2025-08-25 13:30:00,2.30199,2.30219,2.3016199999999998,2.30181,381
2025-08-25 13:35:00,2.30179,2.30194,2.3014,2.30146,318
2025-08-25 13:40:00,2.30145,2.3018,2.30132,2.30168,361
2025-08-25 13:45:00,2.30172,2.30193,2.30161,2.3019,272
2025-08-25 13:50:00,2.30192,2.3023,2.30161,2.30209,362
2025-08-25 13:55:00,2.30213,2.30219,2.30144,2.30189,340
2025-08-25 14:00:00,2.30179,2.30199,2.30123,2.30188,369
2025-08-25 14:05:00,2.30184,2.30205,2.30151,2.30195,249
2025-08-25 14:10:00,2.30187,2.3019,2.30137,2.30161,260
2025-08-25 14:15:00,2.30161,2.30197,2.30136,2.3019,326
2025-08-25 14:20:00,2.3019,2.30266,2.30184,2.30239,329
2025-08-25 14:25:00,2.30239,2.30249,2.30177,2.30178,314
2025-08-25 14:30:00,2.30183,2.30286,2.30157,2.30263,374
2025-08-25 14:35:00,2.30262,2.30271,2.3022,2.30246,320
2025-08-25 14:40:00,2.30249,2.30266,2.30213,2.30225,306
2025-08-25 14:45:00,2.30228,2.30249,2.30209,2.30243,306
2025-08-25 14:50:00,2.30243,2.3026,2.30205,2.3022299999999998,331
2025-08-25 14:55:00,2.30225,2.30225,2.30146,2.30165,335
2025-08-25 15:00:00,2.30171,2.30198,2.30137,2.30168,375
2025-08-25 15:05:00,2.30166,2.30175,2.30092,2.30106,356
2025-08-25 15:10:00,2.30106,2.30113,2.30063,2.30071,324
2025-08-25 15:15:00,2.30077,2.30077,2.3001,2.30029,362
2025-08-25 15:20:00,2.30026,2.30076,2.30002,2.30065,340
2025-08-25 15:25:00,2.30065,2.30117,2.30052,2.30097,309
2025-08-25 15:30:00,2.30095,2.30172,2.3009,2.30132,382
2025-08-25 15:35:00,2.30133,2.30152,2.30087,2.30129,379
2025-08-25 15:40:00,2.30129,2.30133,2.30062,2.3009399999999998,309
2025-08-25 15:45:00,2.30096,2.30118,2.30069,2.30098,284
2025-08-25 15:50:00,2.301,2.3016199999999998,2.30055,2.30158,279
2025-08-25 15:55:00,2.30159,2.30254,2.30152,2.30235,293
2025-08-25 16:00:00,2.30233,2.30258,2.30185,2.30229,306
2025-08-25 16:05:00,2.30227,2.30268,2.30211,2.30225,353
2025-08-25 16:10:00,2.30227,2.30231,2.30186,2.30188,269
2025-08-25 16:15:00,2.3019,2.30192,2.30156,2.30156,304
2025-08-25 16:20:00,2.30156,2.30187,2.30127,2.30141,304
2025-08-25 16:25:00,2.30141,2.30166,2.30118,2.3016,323
2025-08-25 16:30:00,2.30158,2.3017,2.30046,2.30051,538
2025-08-25 16:35:00,2.30051,2.30056,2.29971,2.29999,514
2025-08-25 16:40:00,2.29995,2.30042,2.29986,2.3003299999999998,471
2025-08-25 16:45:00,2.3003299999999998,2.30062,2.30007,2.30018,444
2025-08-25 16:50:00,2.3001300000000002,2.30043,2.29999,2.30032,413
2025-08-25 16:55:00,2.30032,2.30086,2.29977,2.30001,488
2025-08-25 17:00:00,2.30002,2.30019,2.29957,2.2999,575
2025-08-25 17:05:00,2.29995,2.3003,2.2995,2.2997199999999998,470
2025-08-25 17:10:00,2.29977,2.30004,2.29948,2.3,541
2025-08-25 17:15:00,2.3,2.30019,2.29926,2.2994,475
2025-08-25 17:20:00,2.29942,2.29945,2.29854,2.29863,468
2025-08-25 17:25:00,2.29862,2.2991099999999998,2.29841,2.2984999999999998,496
2025-08-25 17:30:00,2.29852,2.29878,2.29833,2.2984299999999998,480
2025-08-25 17:35:00,2.2984299999999998,2.29897,2.29799,2.29888,426
2025-08-25 17:40:00,2.29886,2.29941,2.29882,2.29931,485
2025-08-25 17:45:00,2.29931,2.29932,2.29897,2.29913,414
2025-08-25 17:50:00,2.29915,2.29919,2.29738,2.29802,572
2025-08-25 17:55:00,2.29799,2.2988,2.29797,2.29861,574
2025-08-25 18:00:00,2.29861,2.29877,2.29834,2.2984,492
2025-08-25 18:05:00,2.29845,2.2986,2.29724,2.29732,496
2025-08-25 18:10:00,2.29732,2.29775,2.29668,2.29704,532
2025-08-25 18:15:00,2.29701,2.29762,2.29686,2.29757,494
2025-08-25 18:20:00,2.2975,2.29765,2.29695,2.29762,449
2025-08-25 18:25:00,2.29762,2.2988,2.29755,2.29878,348
2025-08-25 18:30:00,2.29876,2.29932,2.29868,2.29926,428
2025-08-25 18:35:00,2.29926,2.29968,2.2990399999999998,2.29964,497
2025-08-25 18:40:00,2.29964,2.29991,2.29934,2.29966,530
2025-08-25 18:45:00,2.29964,2.29969,2.29879,2.2991,492
2025-08-25 18:50:00,2.2991,2.29914,2.29841,2.29894,518
2025-08-25 18:55:00,2.29892,2.29927,2.29871,2.2990399999999998,457
2025-08-25 19:00:00,2.2990399999999998,2.29946,2.29889,2.29912,504
2025-08-25 19:05:00,2.29908,2.29935,2.2988,2.29893,439
2025-08-25 19:10:00,2.2989,2.29912,2.29868,2.29888,392
2025-08-25 19:15:00,2.29886,2.2995200000000002,2.29873,2.29944,348
2025-08-25 19:20:00,2.29933,2.29964,2.2991,2.29941,477
2025-08-25 19:25:00,2.29939,2.29957,2.29919,2.29956,404
2025-08-25 19:30:00,2.29954,2.29989,2.29939,2.29971,324
2025-08-25 19:35:00,2.29971,2.30011,2.29967,2.30005,311
2025-08-25 19:40:00,2.30003,2.30014,2.29941,2.2997,299
2025-08-25 19:45:00,2.29965,2.29995,2.29927,2.29987,337
2025-08-25 19:50:00,2.29988,2.30039,2.29974,2.30015,441
2025-08-25 19:55:00,2.30019,2.3003,2.29987,2.29997,494
2025-08-25 20:00:00,2.29997,2.30054,2.29995,2.30025,358
2025-08-25 20:05:00,2.30027,2.30102,2.30023,2.30038,410
2025-08-25 20:10:00,2.30024,2.30085,2.30024,2.30068,308
2025-08-25 20:15:00,2.30068,2.30088,2.30042,2.30056,350
2025-08-25 20:20:00,2.30058,2.3007400000000002,2.3002000000000002,2.30038,442
2025-08-25 20:25:00,2.30042,2.30059,2.3001,2.30031,299
2025-08-25 20:30:00,2.30028,2.30064,2.30016,2.30061,300
2025-08-25 20:35:00,2.30061,2.30072,2.30036,2.30059,314
2025-08-25 20:40:00,2.30061,2.301,2.30043,2.30073,437
2025-08-25 20:45:00,2.30077,2.30086,2.30028,2.30061,362
2025-08-25 20:50:00,2.30062,2.3007,2.3002000000000002,2.30062,364
2025-08-25 20:55:00,2.30062,2.30087,2.30049,2.30075,340
2025-08-25 21:00:00,2.30073,2.30078,2.30036,2.30069,379
2025-08-25 21:05:00,2.30068,2.30082,2.30042,2.30057,484
2025-08-25 21:10:00,2.30057,2.30078,2.30024,2.30027,373
2025-08-25 21:15:00,2.30029,2.3014,2.30029,2.30133,316
2025-08-25 21:20:00,2.30128,2.30145,2.30098,2.30103,276
2025-08-25 21:25:00,2.30103,2.30117,2.30082,2.30104,317
2025-08-25 21:30:00,2.30104,2.30104,2.30035,2.30069,381
2025-08-25 21:35:00,2.30067,2.30095,2.30041,2.30058,407
2025-08-25 21:40:00,2.30059,2.30111,2.30053,2.30084,396
2025-08-25 21:45:00,2.30082,2.3009399999999998,2.30036,2.30072,411
2025-08-25 21:50:00,2.30076,2.30086,2.30034,2.30048,338
2025-08-25 21:55:00,2.30056,2.3008,2.3002000000000002,2.30052,462
2025-08-25 22:00:00,2.30052,2.30077,2.29961,2.29988,446
2025-08-25 22:05:00,2.29988,2.30012,2.29938,2.29969,522
2025-08-25 22:10:00,2.29973,2.3,2.29933,2.2997,459
2025-08-25 22:15:00,2.29971,2.29984,2.2994,2.29975,404
2025-08-25 22:20:00,2.29976,2.2999,2.29946,2.29978,325
2025-08-25 22:25:00,2.29978,2.29998,2.2995900000000002,2.29993,276
2025-08-25 22:30:00,2.29997,2.30008,2.29953,2.29974,312
2025-08-25 22:35:00,2.2997199999999998,2.2999,2.29936,2.29964,358
2025-08-25 22:40:00,2.2997199999999998,2.29979,2.29923,2.29942,357
2025-08-25 22:45:00,2.29942,2.29958,2.29922,2.29946,299
2025-08-25 22:50:00,2.29948,2.30001,2.2993,2.29997,346
2025-08-25 22:55:00,2.30005,2.30084,2.29985,2.30084,290
2025-08-25 23:00:00,2.30072,2.30084,2.30005,2.30022,294
2025-08-25 23:05:00,2.30022,2.30032,2.29986,2.30009,261
2025-08-25 23:10:00,2.3001,2.30041,2.30003,2.30035,259
2025-08-25 23:15:00,2.30037,2.30039,2.29992,2.30024,210
2025-08-25 23:20:00,2.30024,2.30061,2.30003,2.30049,605
2025-08-25 23:25:00,2.30049,2.30065,2.30026,2.30055,276
2025-08-25 23:30:00,2.30054,2.30059,2.30001,2.30021,233
2025-08-25 23:35:00,2.30025,2.30025,2.29977,2.29995,160
2025-08-25 23:40:00,2.29718,2.29741,2.29712,2.29733,175
2025-08-25 23:45:00,2.29737,2.29752,2.29684,2.29685,124
2025-08-25 23:50:00,2.29685,2.29692,2.29665,2.29668,164
2025-08-25 23:55:00,2.29668,2.29686,2.29655,2.29672,221
2025-08-26 00:05:00,2.29366,2.29366,2.29204,2.29278,30
2025-08-26 00:10:00,2.29278,2.2970800000000002,2.29278,2.29627,77
2025-08-26 00:15:00,2.29627,2.29833,2.29625,2.29778,194
2025-08-26 00:20:00,2.29778,2.2981,2.29689,2.29801,143
2025-08-26 00:25:00,2.29801,2.29839,2.29801,2.29834,83
2025-08-26 00:30:00,2.29806,2.2987,2.29795,2.29795,220
2025-08-26 00:35:00,2.29795,2.2987,2.29792,2.29847,250
2025-08-26 00:40:00,2.29847,2.29859,2.29645,2.29671,296
2025-08-26 00:45:00,2.29676,2.2984999999999998,2.29675,2.29826,180
2025-08-26 00:50:00,2.29836,2.29848,2.29732,2.29744,265
2025-08-26 00:55:00,2.29744,2.29775,2.2970800000000002,2.29729,120
2025-08-26 01:00:00,2.29752,2.29981,2.29752,2.29926,280
2025-08-26 01:05:00,2.29926,2.29994,2.29921,2.29992,123
2025-08-26 01:10:00,2.29992,2.30012,2.29958,2.29966,162
2025-08-26 01:15:00,2.29968,2.29975,2.2994,2.29953,151
2025-08-26 01:20:00,2.29955,2.29969,2.29925,2.29932,99
2025-08-26 01:25:00,2.29932,2.29942,2.29921,2.29923,168
2025-08-26 01:30:00,2.29922,2.29956,2.29913,2.2995200000000002,110
2025-08-26 01:35:00,2.29951,2.29975,2.29927,2.29929,142
2025-08-26 01:40:00,2.29929,2.2994,2.29913,2.2993,213
2025-08-26 01:45:00,2.2993,2.29938,2.29901,2.29921,213
2025-08-26 01:50:00,2.29923,2.29947,2.29896,2.29933,136
2025-08-26 01:55:00,2.29933,2.29947,2.29905,2.29929,106
2025-08-26 02:00:00,2.29931,2.29943,2.29899,2.2991,132
2025-08-26 02:05:00,2.29914,2.29938,2.29897,2.29909,99
2025-08-26 02:10:00,2.29909,2.29938,2.29901,2.29914,108
2025-08-26 02:15:00,2.29913,2.2995200000000002,2.2991099999999998,2.29943,142
2025-08-26 02:20:00,2.29943,2.29957,2.29908,2.29957,116
2025-08-26 02:25:00,2.2995900000000002,2.29973,2.29935,2.2995,128
2025-08-26 02:30:00,2.2995,2.29962,2.29924,2.29932,118
2025-08-26 02:35:00,2.29932,2.29946,2.29895,2.2989800000000002,159
2025-08-26 02:40:00,2.2989800000000002,2.2989800000000002,2.29862,2.29874,155
2025-08-26 02:45:00,2.29878,2.29944,2.29868,2.29936,195
2025-08-26 02:50:00,2.29937,2.29997,2.29937,2.29956,197
2025-08-26 02:55:00,2.2995900000000002,2.30017,2.29958,2.30001,172
2025-08-26 03:00:00,2.29996,2.30003,2.29874,2.29886,688
2025-08-26 03:05:00,2.29882,2.29932,2.29819,2.29908,987
2025-08-26 03:10:00,2.29906,2.29958,2.29859,2.29953,775
2025-08-26 03:15:00,2.29947,2.3005,2.29936,2.30026,712
2025-08-26 03:20:00,2.30031,2.30063,2.29984,2.29997,738
2025-08-26 03:25:00,2.29998,2.30086,2.29981,2.30051,684
2025-08-26 03:30:00,2.30053,2.30128,2.30018,2.30123,898
2025-08-26 03:35:00,2.30123,2.30182,2.30067,2.30177,780
2025-08-26 03:40:00,2.30186,2.30248,2.30149,2.30227,739
2025-08-26 03:45:00,2.30226,2.30269,2.30218,2.3026,693
2025-08-26 03:50:00,2.3025700000000002,2.3026,2.30186,2.3022,742
2025-08-26 03:55:00,2.30225,2.30265,2.30181,2.30192,600
2025-08-26 04:00:00,2.30194,2.30245,2.30125,2.30153,601
2025-08-26 04:05:00,2.30154,2.30218,2.3014200000000002,2.30171,578
2025-08-26 04:10:00,2.30172,2.30186,2.3014,2.3018,518
2025-08-26 04:15:00,2.30182,2.30195,2.30132,2.30166,441
2025-08-26 04:20:00,2.30166,2.30233,2.30163,2.30221,360
2025-08-26 04:25:00,2.30225,2.30246,2.30195,2.30243,291
2025-08-26 04:30:00,2.30247,2.30389,2.3024,2.30324,605
2025-08-26 04:35:00,2.30327,2.30427,2.3032500000000002,2.30421,463
2025-08-26 04:40:00,2.30421,2.30546,2.30404,2.30541,411
2025-08-26 04:45:00,2.30541,2.30636,2.3053,2.30625,416
2025-08-26 04:50:00,2.30621,2.30685,2.30604,2.30673,475
2025-08-26 04:55:00,2.30671,2.30701,2.30648,2.30664,467
2025-08-26 05:00:00,2.30664,2.3068400000000002,2.30549,2.30575,517
2025-08-26 05:05:00,2.30575,2.3058,2.30454,2.30538,471
2025-08-26 05:10:00,2.30532,2.3058199999999998,2.30519,2.30564,434
2025-08-26 05:15:00,2.30561,2.30651,2.30544,2.30639,414
2025-08-26 05:20:00,2.3064299999999998,2.3066,2.30547,2.30555,376
2025-08-26 05:25:00,2.3056,2.30578,2.3050100000000002,2.30539,391
2025-08-26 05:30:00,2.30537,2.30545,2.30415,2.30439,368
2025-08-26 05:35:00,2.30439,2.30452,2.30411,2.30439,405
2025-08-26 05:40:00,2.30439,2.30444,2.30391,2.30404,434
2025-08-26 05:45:00,2.30402,2.30454,2.30375,2.3041,336
2025-08-26 05:50:00,2.30409,2.30441,2.30387,2.30394,346
2025-08-26 05:55:00,2.30392,2.30427,2.3038600000000002,2.30414,383
2025-08-26 06:00:00,2.30415,2.30484,2.30404,2.30474,519
2025-08-26 06:05:00,2.30474,2.30511,2.3043,2.30496,518
2025-08-26 06:10:00,2.30496,2.30536,2.30441,2.30527,410
2025-08-26 06:15:00,2.30527,2.30579,2.30473,2.30557,447
2025-08-26 06:20:00,2.30543,2.30639,2.30537,2.3063000000000002,412
2025-08-26 06:25:00,2.3063000000000002,2.30749,2.3063000000000002,2.3074,405
2025-08-26 06:30:00,2.3074,2.30744,2.30688,2.30699,313
2025-08-26 06:35:00,2.30699,2.30699,2.30648,2.30672,336
2025-08-26 06:40:00,2.30675,2.3071099999999998,2.30654,2.30701,300
2025-08-26 06:45:00,2.30709,2.3074,2.30697,2.30723,337
2025-08-26 06:50:00,2.30725,2.3074500000000002,2.30699,2.30731,312
2025-08-26 06:55:00,2.3073,2.3075200000000002,2.30685,2.30698,304
2025-08-26 07:00:00,2.30703,2.30703,2.30555,2.3059,424
2025-08-26 07:05:00,2.3058899999999998,2.306,2.30457,2.30461,316
2025-08-26 07:10:00,2.30461,2.30492,2.3044000000000002,2.3047,387
2025-08-26 07:15:00,2.3047,2.30503,2.30468,2.3048,347
2025-08-26 07:20:00,2.30484,2.30511,2.30462,2.30498,225
2025-08-26 07:25:00,2.30496,2.30511,2.30479,2.30493,236
2025-08-26 07:30:00,2.30493,2.30516,2.3046699999999998,2.30478,297
2025-08-26 07:35:00,2.30478,2.30483,2.30435,2.30471,271
2025-08-26 07:40:00,2.30471,2.30482,2.30426,2.30428,301
2025-08-26 07:45:00,2.30428,2.3045,2.30397,2.3041,251
2025-08-26 07:50:00,2.30405,2.3040599999999998,2.30343,2.30364,355
2025-08-26 07:55:00,2.30365,2.3037900000000002,2.30343,2.30347,277
2025-08-26 08:00:00,2.30349,2.30358,2.30316,2.3032500000000002,405
2025-08-26 08:05:00,2.3033,2.30373,2.30319,2.30333,346
2025-08-26 08:10:00,2.30333,2.30351,2.30304,2.30343,284
2025-08-26 08:15:00,2.30342,2.30375,2.3031,2.30321,281
2025-08-26 08:20:00,2.30322,2.3037,2.30307,2.30342,297
2025-08-26 08:25:00,2.30341,2.3039899999999998,2.30332,2.30388,338
2025-08-26 08:30:00,2.3038600000000002,2.30463,2.30375,2.30456,329
2025-08-26 08:35:00,2.30456,2.30462,2.30412,2.30425,305
2025-08-26 08:40:00,2.30423,2.30513,2.30422,2.30466,331
2025-08-26 08:45:00,2.30462,2.30502,2.30413,2.30498,409
2025-08-26 08:50:00,2.30498,2.30542,2.30498,2.30511,292
2025-08-26 08:55:00,2.30507,2.30515,2.30433,2.30476,286
2025-08-26 09:00:00,2.30476,2.30488,2.30393,2.30398,560
2025-08-26 09:05:00,2.30402,2.30441,2.30398,2.30415,466
2025-08-26 09:10:00,2.30411,2.30433,2.30381,2.30408,510
2025-08-26 09:15:00,2.30413,2.30441,2.30365,2.30425,461
2025-08-26 09:20:00,2.30425,2.30496,2.30416,2.30453,591
2025-08-26 09:25:00,2.30454,2.30472,2.30336,2.30355,526
2025-08-26 09:30:00,2.30356,2.30368,2.3032,2.30328,514
2025-08-26 09:35:00,2.3033,2.30355,2.30276,2.30285,479
2025-08-26 09:40:00,2.30286,2.30309,2.30229,2.30309,408
2025-08-26 09:45:00,2.30309,2.30336,2.30231,2.30255,488
2025-08-26 09:50:00,2.30255,2.30311,2.30255,2.30296,479
2025-08-26 09:55:00,2.30296,2.3041,2.30269,2.30367,597
2025-08-26 10:00:00,2.30367,2.30374,2.3025,2.30262,666
2025-08-26 10:05:00,2.3026400000000002,2.30276,2.30171,2.30195,630
2025-08-26 10:10:00,2.30188,2.30231,2.30169,2.30191,720
2025-08-26 10:15:00,2.30188,2.30243,2.30146,2.3022299999999998,655
2025-08-26 10:20:00,2.3022299999999998,2.30229,2.30078,2.30123,664
2025-08-26 10:25:00,2.30122,2.30174,2.3009399999999998,2.30166,538
2025-08-26 10:30:00,2.30167,2.30304,2.30157,2.30295,501
2025-08-26 10:35:00,2.30295,2.30316,2.30238,2.30263,503
2025-08-26 10:40:00,2.30261,2.30263,2.30181,2.3024,423
2025-08-26 10:45:00,2.30238,2.3026,2.30178,2.3021,422
2025-08-26 10:50:00,2.3021,2.30227,2.30171,2.30199,432
2025-08-26 10:55:00,2.3019600000000002,2.30275,2.30193,2.30253,600
2025-08-26 11:00:00,2.30253,2.30297,2.30209,2.30281,624
2025-08-26 11:05:00,2.30281,2.30307,2.30259,2.30299,540
2025-08-26 11:10:00,2.30299,2.30317,2.30265,2.30294,469
2025-08-26 11:15:00,2.30297,2.30385,2.30289,2.30385,517
2025-08-26 11:20:00,2.30383,2.30488,2.30367,2.30482,605
2025-08-26 11:25:00,2.30482,2.30489,2.30418,2.30462,573
2025-08-26 11:30:00,2.30459,2.30537,2.30449,2.30512,549
2025-08-26 11:35:00,2.3051,2.30539,2.30485,2.30506,468
2025-08-26 11:40:00,2.30518,2.30519,2.30455,2.30469,396
2025-08-26 11:45:00,2.3046699999999998,2.3054,2.30465,2.30503,475
2025-08-26 11:50:00,2.30499,2.30548,2.30487,2.305,545
2025-08-26 11:55:00,2.30502,2.3052799999999998,2.30481,2.3050800000000002,541
2025-08-26 12:00:00,2.30498,2.30511,2.30395,2.3042,550
2025-08-26 12:05:00,2.3042,2.30426,2.3034499999999998,2.30391,516
2025-08-26 12:10:00,2.30392,2.30438,2.3037900000000002,2.304,489
2025-08-26 12:15:00,2.30395,2.30423,2.30309,2.30333,443
2025-08-26 12:20:00,2.30333,2.3039,2.30329,2.30388,569
2025-08-26 12:25:00,2.30389,2.30405,2.30363,2.30373,409
2025-08-26 12:30:00,2.30371,2.30432,2.30367,2.30418,471
2025-08-26 12:35:00,2.30418,2.30438,2.30383,2.30423,343
2025-08-26 12:40:00,2.30429,2.3045999999999998,2.30401,2.30409,377
2025-08-26 12:45:00,2.30409,2.30441,2.30368,2.30422,417
2025-08-26 12:50:00,2.30424,2.30434,2.30382,2.3043,389
2025-08-26 12:55:00,2.30428,2.30482,2.30414,2.3045,516
2025-08-26 13:00:00,2.3045,2.30469,2.30402,2.3045,464
2025-08-26 13:05:00,2.30452,2.3045999999999998,2.30381,2.30401,367
2025-08-26 13:10:00,2.3039899999999998,2.30416,2.30366,2.30385,389
2025-08-26 13:15:00,2.30385,2.30397,2.30352,2.3038600000000002,325
2025-08-26 13:20:00,2.3038600000000002,2.30419,2.30351,2.30385,404
2025-08-26 13:25:00,2.30387,2.30413,2.30351,2.30383,411
2025-08-26 13:30:00,2.30383,2.30405,2.30354,2.30397,379
2025-08-26 13:35:00,2.3039899999999998,2.30418,2.30378,2.30392,412
2025-08-26 13:40:00,2.30394,2.304,2.3033,2.30361,389
2025-08-26 13:45:00,2.30361,2.30422,2.30333,2.30409,391
2025-08-26 13:50:00,2.30409,2.30423,2.30371,2.30408,399
2025-08-26 13:55:00,2.30408,2.30415,2.30315,2.30359,407
2025-08-26 14:00:00,2.30359,2.3038600000000002,2.30328,2.30362,332
2025-08-26 14:05:00,2.30362,2.30363,2.3031800000000002,2.30332,293
2025-08-26 14:10:00,2.30333,2.30361,2.30314,2.3032,363
2025-08-26 14:15:00,2.30322,2.30344,2.30308,2.30316,286
2025-08-26 14:20:00,2.30316,2.30355,2.30308,2.30342,343
2025-08-26 14:25:00,2.30342,2.30342,2.3028399999999998,2.30301,389
2025-08-26 14:30:00,2.30303,2.30315,2.30262,2.30293,342
2025-08-26 14:35:00,2.30295,2.30326,2.30271,2.30311,441
2025-08-26 14:40:00,2.30311,2.30324,2.30262,2.30271,320
2025-08-26 14:45:00,2.30271,2.30295,2.3025,2.30283,313
2025-08-26 14:50:00,2.30283,2.30326,2.3025,2.30324,442
2025-08-26 14:55:00,2.30322,2.30343,2.30271,2.30302,465
2025-08-26 15:00:00,2.30303,2.30314,2.30247,2.3026400000000002,487
2025-08-26 15:05:00,2.30263,2.30263,2.30174,2.30237,481
2025-08-26 15:10:00,2.30236,2.3027,2.30211,2.3026,432
2025-08-26 15:15:00,2.3026,2.30304,2.30247,2.30299,454
2025-08-26 15:20:00,2.30297,2.30313,2.30247,2.30263,609
2025-08-26 15:25:00,2.30261,2.30299,2.30243,2.30275,408
2025-08-26 15:30:00,2.30273,2.3033,2.30221,2.3032,494
2025-08-26 15:35:00,2.3032,2.3043,2.30315,2.30421,447
2025-08-26 15:40:00,2.30421,2.30423,2.30332,2.30343,330
2025-08-26 15:45:00,2.30343,2.30377,2.30288,2.30295,460
2025-08-26 15:50:00,2.30293,2.30303,2.30205,2.30208,500
2025-08-26 15:55:00,2.30201,2.30206,2.30148,2.30187,491
2025-08-26 16:00:00,2.30181,2.30278,2.30169,2.30271,604
2025-08-26 16:05:00,2.30268,2.30351,2.30254,2.3034499999999998,513
2025-08-26 16:10:00,2.3034499999999998,2.30389,2.30332,2.30335,390
2025-08-26 16:15:00,2.30335,2.30365,2.30324,2.30339,417
2025-08-26 16:20:00,2.30343,2.30357,2.30293,2.30327,382
2025-08-26 16:25:00,2.30329,2.30344,2.303,2.30332,364
2025-08-26 16:30:00,2.30332,2.30332,2.30253,2.30278,496
2025-08-26 16:35:00,2.30278,2.30343,2.30258,2.30329,530
2025-08-26 16:40:00,2.30332,2.3033799999999998,2.30288,2.3032500000000002,602
2025-08-26 16:45:00,2.30323,2.30381,2.30287,2.3029,560
2025-08-26 16:50:00,2.3029,2.3029,2.30149,2.30206,556
2025-08-26 16:55:00,2.30206,2.30206,2.30104,2.30147,487
2025-08-26 17:00:00,2.30148,2.30192,2.30103,2.30119,640
2025-08-26 17:05:00,2.30119,2.3014,2.30064,2.30071,605
2025-08-26 17:10:00,2.30072,2.30095,2.30042,2.30058,696
2025-08-26 17:15:00,2.30058,2.30073,2.29999,2.30003,531
2025-08-26 17:20:00,2.30005,2.30087,2.30001,2.30065,601
2025-08-26 17:25:00,2.30071,2.3008100000000002,2.30012,2.30068,594
2025-08-26 17:30:00,2.30068,2.3008,2.30014,2.30021,535
2025-08-26 17:35:00,2.30023,2.30087,2.29998,2.3007400000000002,486
2025-08-26 17:40:00,2.3007400000000002,2.30109,2.30052,2.30093,466
2025-08-26 17:45:00,2.3009399999999998,2.30102,2.3003299999999998,2.30042,517
2025-08-26 17:50:00,2.30042,2.30055,2.30014,2.30038,510
2025-08-26 17:55:00,2.30038,2.30106,2.30005,2.30009,636
2025-08-26 18:00:00,2.30005,2.30019,2.29961,2.29988,515
2025-08-26 18:05:00,2.29987,2.3006,2.2995200000000002,2.3003299999999998,398
2025-08-26 18:10:00,2.30035,2.30115,2.30024,2.30098,518
2025-08-26 18:15:00,2.3010099999999998,2.30106,2.30006,2.30017,438
2025-08-26 18:20:00,2.30017,2.30025,2.29961,2.29961,318
2025-08-26 18:25:00,2.29964,2.29979,2.29903,2.29935,446
2025-08-26 18:30:00,2.29931,2.29953,2.29862,2.29874,522
2025-08-26 18:35:00,2.29874,2.29899,2.29831,2.29894,411
2025-08-26 18:40:00,2.29894,2.29926,2.29865,2.2989100000000002,412
2025-08-26 18:45:00,2.2989100000000002,2.29897,2.29823,2.29855,377
2025-08-26 18:50:00,2.2986,2.29905,2.29855,2.29902,393
2025-08-26 18:55:00,2.29903,2.2991099999999998,2.29869,2.29878,399
2025-08-26 19:00:00,2.29876,2.29907,2.2984299999999998,2.29902,424
2025-08-26 19:05:00,2.2989800000000002,2.29906,2.29866,2.29886,319
2025-08-26 19:10:00,2.29882,2.2991099999999998,2.29868,2.29892,367
2025-08-26 19:15:00,2.29892,2.29894,2.29853,2.29876,401
2025-08-26 19:20:00,2.29876,2.2993,2.2984999999999998,2.29878,407
2025-08-26 19:25:00,2.29878,2.29908,2.29813,2.29865,340
2025-08-26 19:30:00,2.29863,2.29901,2.29831,2.29882,352
2025-08-26 19:35:00,2.29882,2.2991099999999998,2.29861,2.29897,346
2025-08-26 19:40:00,2.29897,2.29901,2.29854,2.29888,271
2025-08-26 19:45:00,2.29888,2.29894,2.29821,2.29852,362
2025-08-26 19:50:00,2.29852,2.29874,2.29831,2.2984299999999998,360
2025-08-26 19:55:00,2.29844,2.29884,2.29821,2.29844,369
2025-08-26 20:00:00,2.2984,2.2986,2.2981,2.29847,441
2025-08-26 20:05:00,2.29831,2.29839,2.29757,2.2979,276
2025-08-26 20:10:00,2.29794,2.29808,2.29756,2.29774,269
2025-08-26 20:15:00,2.29774,2.29796,2.29756,2.2978,291
2025-08-26 20:20:00,2.2978,2.29795,2.29759,2.2977600000000002,211
2025-08-26 20:25:00,2.2977600000000002,2.29798,2.29761,2.29784,337
2025-08-26 20:30:00,2.29784,2.29824,2.29764,2.29822,262
2025-08-26 20:35:00,2.2982,2.29852,2.29787,2.2982,259
2025-08-26 20:40:00,2.29832,2.29871,2.29807,2.29826,216
2025-08-26 20:45:00,2.29826,2.29859,2.298,2.2984299999999998,349
2025-08-26 20:50:00,2.29845,2.29867,2.29817,2.29865,352
2025-08-26 20:55:00,2.29867,2.29875,2.29788,2.29798,357
2025-08-26 21:00:00,2.29798,2.29803,2.2976,2.29793,455
2025-08-26 21:05:00,2.29793,2.29805,2.29761,2.29794,281
2025-08-26 21:10:00,2.29794,2.29868,2.29772,2.29851,307
2025-08-26 21:15:00,2.29847,2.29871,2.29827,2.2983000000000002,279
2025-08-26 21:20:00,2.2983000000000002,2.29885,2.2983000000000002,2.2987,284
2025-08-26 21:25:00,2.2987,2.29886,2.29844,2.29857,222
2025-08-26 21:30:00,2.29864,2.29883,2.29828,2.29847,280
2025-08-26 21:35:00,2.2984299999999998,2.29867,2.29821,2.29861,268
2025-08-26 21:40:00,2.29859,2.29877,2.29832,2.29861,292
2025-08-26 21:45:00,2.29861,2.29885,2.29842,2.29876,308
2025-08-26 21:50:00,2.29885,2.2990399999999998,2.29864,2.29899,251
2025-08-26 21:55:00,2.2989800000000002,2.30006,2.29885,2.29963,317
2025-08-26 22:00:00,2.29965,2.30011,2.29951,2.2999,304
2025-08-26 22:05:00,2.29996,2.30027,2.29979,2.30004,306
2025-08-26 22:10:00,2.30008,2.30017,2.29966,2.29993,209
2025-08-26 22:15:00,2.29986,2.30004,2.29958,2.29992,231
2025-08-26 22:20:00,2.29992,2.29997,2.29948,2.29974,214
2025-08-26 22:25:00,2.2997199999999998,2.30007,2.29961,2.29997,243
2025-08-26 22:30:00,2.30005,2.30011,2.29948,2.29963,273
2025-08-26 22:35:00,2.29967,2.29982,2.29945,2.29964,277
2025-08-26 22:40:00,2.29966,2.30001,2.29949,2.29988,159
2025-08-26 22:45:00,2.29992,2.30001,2.29963,2.29978,148
2025-08-26 22:50:00,2.29978,2.29992,2.29948,2.29973,289
2025-08-26 22:55:00,2.2997,2.30017,2.29967,2.29991,299
2025-08-26 23:00:00,2.29991,2.30001,2.29926,2.29939,326
2025-08-26 23:05:00,2.29943,2.29956,2.29895,2.29915,234
2025-08-26 23:10:00,2.29915,2.29928,2.29881,2.29906,181
2025-08-26 23:15:00,2.29906,2.29927,2.29886,2.29913,178
2025-08-26 23:20:00,2.29913,2.29926,2.29883,2.2990399999999998,131
2025-08-26 23:25:00,2.29908,2.29921,2.29888,2.29916,152
2025-08-26 23:30:00,2.29917,2.29917,2.29867,2.29889,222
2025-08-26 23:35:00,2.29889,2.29915,2.29871,2.29913,157
2025-08-26 23:40:00,2.29637,2.29637,2.29609,2.29626,135
2025-08-26 23:45:00,2.29624,2.29661,2.29618,2.29659,102
2025-08-26 23:50:00,2.2965999999999998,2.29671,2.29635,2.29653,120
2025-08-26 23:55:00,2.29653,2.29661,2.29632,2.29643,126
2025-08-27 00:05:00,2.29666,2.29944,2.29664,2.29664,30
2025-08-27 00:10:00,2.29664,2.30174,2.29664,2.29744,25
2025-08-27 00:15:00,2.29744,2.29873,2.2974,2.29849,13
2025-08-27 00:20:00,2.29753,2.29814,2.297,2.29801,148
2025-08-27 00:25:00,2.29803,2.29813,2.29755,2.29765,96
2025-08-27 00:30:00,2.29759,2.29813,2.29747,2.29811,121
2025-08-27 00:35:00,2.29806,2.29821,2.2976,2.29762,310
2025-08-27 00:40:00,2.29763,2.29827,2.2976,2.29807,300
2025-08-27 00:45:00,2.29815,2.29824,2.29785,2.29813,205
2025-08-27 00:50:00,2.29813,2.29853,2.29799,2.29811,363
2025-08-27 00:55:00,2.29813,2.29876,2.298,2.29841,219
2025-08-27 01:00:00,2.29882,2.2997,2.29801,2.29965,237
2025-08-27 01:05:00,2.29965,2.29991,2.29893,2.29969,124
2025-08-27 01:10:00,2.29971,2.29971,2.29925,2.29927,109
2025-08-27 01:15:00,2.29929,2.29971,2.29917,2.2994,218
2025-08-27 01:20:00,2.2994,2.29954,2.29913,2.2992,95
2025-08-27 01:25:00,2.29921,2.29936,2.29897,2.29897,128
2025-08-27 01:30:00,2.29896,2.29949,2.29869,2.29938,127
2025-08-27 01:35:00,2.29938,2.29949,2.29925,2.29938,81
2025-08-27 01:40:00,2.29939,2.29958,2.29915,2.29942,104
2025-08-27 01:45:00,2.29942,2.2998,2.29929,2.29954,87
2025-08-27 01:50:00,2.29953,2.29965,2.29922,2.2994,157
2025-08-27 01:55:00,2.29938,2.29954,2.29917,2.29929,122
2025-08-27 02:00:00,2.29929,2.29956,2.29919,2.29949,134
2025-08-27 02:05:00,2.29949,2.29953,2.29925,2.29934,93
2025-08-27 02:10:00,2.29934,2.29958,2.29916,2.29947,61
2025-08-27 02:15:00,2.29947,2.2995900000000002,2.29933,2.29939,100
2025-08-27 02:20:00,2.29937,2.29949,2.2992,2.29943,121
2025-08-27 02:25:00,2.29943,2.29949,2.29925,2.29945,89
2025-08-27 02:30:00,2.29946,2.29971,2.29938,2.29971,97
2025-08-27 02:35:00,2.29975,2.29982,2.29942,2.29957,124
2025-08-27 02:40:00,2.29958,2.29975,2.29956,2.29969,86
2025-08-27 02:45:00,2.29969,2.29996,2.29949,2.29985,140
2025-08-27 02:50:00,2.29985,2.30042,2.29983,2.3004,127
2025-08-27 02:55:00,2.30039,2.30076,2.30039,2.30051,176
2025-08-27 03:00:00,2.30051,2.30051,2.29902,2.29925,306
2025-08-27 03:05:00,2.29921,2.2997199999999998,2.29915,2.29948,193
2025-08-27 03:10:00,2.29947,2.3001300000000002,2.29937,2.3001300000000002,277
2025-08-27 03:15:00,2.3001,2.30023,2.29976,2.29989,308
2025-08-27 03:20:00,2.29989,2.30076,2.29976,2.30039,312
2025-08-27 03:25:00,2.30039,2.30046,2.2999,2.30042,278
2025-08-27 03:30:00,2.30042,2.3006,2.29992,2.3006,261
2025-08-27 03:35:00,2.30058,2.30082,2.3004,2.3008100000000002,183
2025-08-27 03:40:00,2.3008100000000002,2.30122,2.30064,2.30122,165
2025-08-27 03:45:00,2.30123,2.30157,2.3009399999999998,2.3014,252
2025-08-27 03:50:00,2.30141,2.30144,2.29998,2.29998,313
2025-08-27 03:55:00,2.30005,2.30073,2.30003,2.30063,374
2025-08-27 04:00:00,2.30065,2.30102,2.30026,2.30087,362
2025-08-27 04:05:00,2.30087,2.30108,2.30059,2.30095,262
2025-08-27 04:10:00,2.3009399999999998,2.30106,2.30051,2.30058,276
2025-08-27 04:15:00,2.30059,2.30165,2.30022,2.30163,325
2025-08-27 04:20:00,2.30164,2.30217,2.30139,2.30151,327
2025-08-27 04:25:00,2.30152,2.30213,2.30143,2.30193,361
2025-08-27 04:30:00,2.30197,2.30208,2.29917,2.30173,690
2025-08-27 04:35:00,2.30172,2.30172,2.30054,2.301,437
2025-08-27 04:40:00,2.30102,2.3014,2.3005,2.30107,473
2025-08-27 04:45:00,2.301,2.30125,2.2999,2.30054,402
2025-08-27 04:50:00,2.30053,2.3010099999999998,2.30042,2.30064,403
2025-08-27 04:55:00,2.30059,2.30085,2.29985,2.29987,393
2025-08-27 05:00:00,2.29985,2.30054,2.29975,2.3003299999999998,336
2025-08-27 05:05:00,2.30025,2.30028,2.29982,2.29982,320
2025-08-27 05:10:00,2.29982,2.30004,2.2992,2.29956,283
2025-08-27 05:15:00,2.2995200000000002,2.29964,2.29901,2.29927,368
2025-08-27 05:20:00,2.29929,2.29934,2.29878,2.29901,277
2025-08-27 05:25:00,2.29901,2.29969,2.29901,2.29961,359
2025-08-27 05:30:00,2.29957,2.30037,2.2995200000000002,2.30024,299
2025-08-27 05:35:00,2.30024,2.30068,2.29976,2.29986,339
2025-08-27 05:40:00,2.2997199999999998,2.3002000000000002,2.29964,2.29998,219
2025-08-27 05:45:00,2.29987,2.30009,2.29963,2.2999,276
2025-08-27 05:50:00,2.29992,2.30012,2.29946,2.29968,257
2025-08-27 05:55:00,2.29968,2.3001,2.29964,2.29971,305
2025-08-27 06:00:00,2.29971,2.29977,2.29926,2.29967,282
2025-08-27 06:05:00,2.29965,2.30051,2.29954,2.30019,243
2025-08-27 06:10:00,2.30023,2.30055,2.30011,2.30037,306
2025-08-27 06:15:00,2.3003299999999998,2.30098,2.3003299999999998,2.30052,231
2025-08-27 06:20:00,2.30055,2.30055,2.29987,2.29994,284
2025-08-27 06:25:00,2.29998,2.30045,2.29993,2.30036,295
2025-08-27 06:30:00,2.3004,2.30072,2.30022,2.30037,281
2025-08-27 06:35:00,2.30042,2.30083,2.3003299999999998,2.30065,206
2025-08-27 06:40:00,2.30065,2.30077,2.30048,2.30065,176
2025-08-27 06:45:00,2.30065,2.3009,2.30054,2.30059,157
2025-08-27 06:50:00,2.30059,2.301,2.30059,2.3008,271
2025-08-27 06:55:00,2.30072,2.30123,2.3006,2.30093,268
2025-08-27 07:00:00,2.30093,2.30137,2.30086,2.30124,317
2025-08-27 07:05:00,2.30128,2.30159,2.30103,2.30159,276
2025-08-27 07:10:00,2.30157,2.30159,2.30064,2.30068,209
2025-08-27 07:15:00,2.3007400000000002,2.30104,2.30035,2.3008100000000002,284
2025-08-27 07:20:00,2.3008100000000002,2.30106,2.30059,2.30071,292
2025-08-27 07:25:00,2.30069,2.30069,2.30005,2.30005,269
2025-08-27 07:30:00,2.30007,2.30076,2.30003,2.30038,298
2025-08-27 07:35:00,2.30038,2.30075,2.3001300000000002,2.30059,259
2025-08-27 07:40:00,2.30057,2.30104,2.30036,2.30076,292
2025-08-27 07:45:00,2.3007400000000002,2.30089,2.30046,2.3005,303
2025-08-27 07:50:00,2.30051,2.3007400000000002,2.30042,2.30058,242
2025-08-27 07:55:00,2.30058,2.30123,2.30056,2.30069,239
2025-08-27 08:00:00,2.30071,2.30103,2.30062,2.30087,254
2025-08-27 08:05:00,2.30079,2.3009,2.30049,2.3005,281
2025-08-27 08:10:00,2.3005,2.30069,2.30009,2.30027,231
2025-08-27 08:15:00,2.30027,2.30062,2.30023,2.30057,267
2025-08-27 08:20:00,2.30057,2.30108,2.30057,2.30075,181
2025-08-27 08:25:00,2.30075,2.30099,2.3005,2.30065,215
2025-08-27 08:30:00,2.30065,2.30105,2.30049,2.30083,192
2025-08-27 08:35:00,2.30083,2.30099,2.30052,2.30088,286
2025-08-27 08:40:00,2.30088,2.30108,2.30066,2.30078,200
2025-08-27 08:45:00,2.30078,2.30086,2.30031,2.30073,254
2025-08-27 08:50:00,2.30072,2.30128,2.30057,2.30119,259
2025-08-27 08:55:00,2.30121,2.30186,2.30115,2.30184,279
2025-08-27 09:00:00,2.30185,2.30208,2.30172,2.30193,271
2025-08-27 09:05:00,2.30192,2.30193,2.30099,2.30103,343
2025-08-27 09:10:00,2.30103,2.30128,2.30059,2.30069,359
2025-08-27 09:15:00,2.30069,2.30069,2.29996,2.30041,303
2025-08-27 09:20:00,2.30041,2.3008,2.30025,2.30053,300
2025-08-27 09:25:00,2.30059,2.30123,2.30057,2.3011,309
2025-08-27 09:30:00,2.30113,2.30185,2.30107,2.30179,318
2025-08-27 09:35:00,2.30179,2.3021,2.30175,2.3019600000000002,327
2025-08-27 09:40:00,2.30194,2.30211,2.30175,2.30201,264
2025-08-27 09:45:00,2.30201,2.30265,2.30199,2.30251,271
2025-08-27 09:50:00,2.30253,2.30333,2.3025,2.3032500000000002,290
2025-08-27 09:55:00,2.3032500000000002,2.30357,2.30316,2.30317,433
2025-08-27 10:00:00,2.30322,2.30333,2.3026,2.30323,454
2025-08-27 10:05:00,2.30315,2.30362,2.30308,2.30327,332
2025-08-27 10:10:00,2.30329,2.30393,2.30323,2.30377,402
2025-08-27 10:15:00,2.3038,2.30408,2.30369,2.304,370
2025-08-27 10:20:00,2.3039899999999998,2.30542,2.3039899999999998,2.3053,388
2025-08-27 10:25:00,2.3053,2.3058,2.3052099999999998,2.30534,435
2025-08-27 10:30:00,2.30536,2.30551,2.30478,2.3049,490
2025-08-27 10:35:00,2.30491,2.3051,2.30431,2.30453,525
2025-08-27 10:40:00,2.30455,2.305,2.3045,2.30487,329
2025-08-27 10:45:00,2.30489,2.3051,2.30449,2.30498,365
2025-08-27 10:50:00,2.305,2.30597,2.30487,2.30592,444
2025-08-27 10:55:00,2.30592,2.30608,2.3052799999999998,2.30565,302
2025-08-27 11:00:00,2.30565,2.30596,2.30503,2.30527,386
2025-08-27 11:05:00,2.30525,2.30532,2.3043,2.30436,469
2025-08-27 11:10:00,2.30438,2.30438,2.30398,2.30419,473
2025-08-27 11:15:00,2.30414,2.30429,2.30342,2.30422,574
2025-08-27 11:20:00,2.30422,2.30474,2.30404,2.3047,430
2025-08-27 11:25:00,2.30472,2.30494,2.30443,2.30486,383
2025-08-27 11:30:00,2.30482,2.30509,2.30432,2.30484,555
2025-08-27 11:35:00,2.30479,2.30551,2.30474,2.30525,462
2025-08-27 11:40:00,2.30525,2.30554,2.30474,2.3055,413
2025-08-27 11:45:00,2.30552,2.30624,2.30542,2.30621,469
2025-08-27 11:50:00,2.30622,2.30642,2.30599,2.30601,320
2025-08-27 11:55:00,2.30601,2.30635,2.30572,2.30615,381
2025-08-27 12:00:00,2.30618,2.30657,2.30603,2.30638,418
2025-08-27 12:05:00,2.30634,2.30697,2.30619,2.30664,383
2025-08-27 12:10:00,2.30664,2.30664,2.30557,2.30598,321
2025-08-27 12:15:00,2.30598,2.30616,2.30574,2.30599,297
2025-08-27 12:20:00,2.30601,2.3064,2.30594,2.3061,278
2025-08-27 12:25:00,2.30603,2.30615,2.3056,2.30573,305
2025-08-27 12:30:00,2.30568,2.30577,2.30531,2.30535,272
2025-08-27 12:35:00,2.30535,2.30542,2.30513,2.30539,240
2025-08-27 12:40:00,2.3054,2.30541,2.30496,2.3051,338
2025-08-27 12:45:00,2.30511,2.30549,2.30493,2.30502,259
2025-08-27 12:50:00,2.30502,2.30587,2.3044700000000002,2.30586,421
2025-08-27 12:55:00,2.30586,2.30586,2.3052099999999998,2.30551,363
2025-08-27 13:00:00,2.30549,2.30568,2.30514,2.30567,436
2025-08-27 13:05:00,2.30565,2.30593,2.30555,2.30576,410
2025-08-27 13:10:00,2.30576,2.30647,2.3055,2.3062,350
2025-08-27 13:15:00,2.30612,2.3062300000000002,2.3058199999999998,2.30606,308
2025-08-27 13:20:00,2.30605,2.30634,2.3059,2.30617,309
2025-08-27 13:25:00,2.30621,2.30665,2.30619,2.30649,349
2025-08-27 13:30:00,2.30649,2.30676,2.30645,2.3064999999999998,325
2025-08-27 13:35:00,2.3064999999999998,2.30712,2.30636,2.30685,311
2025-08-27 13:40:00,2.30679,2.30694,2.30668,2.3068400000000002,320
2025-08-27 13:45:00,2.30688,2.30688,2.30596,2.30598,372
2025-08-27 13:50:00,2.30603,2.30627,2.30583,2.30603,403
2025-08-27 13:55:00,2.30603,2.30616,2.30524,2.30535,396
2025-08-27 14:00:00,2.3053,2.30613,2.3052799999999998,2.30586,436
2025-08-27 14:05:00,2.30588,2.30647,2.30581,2.30615,331
2025-08-27 14:10:00,2.30616,2.3064299999999998,2.3056,2.30565,318
2025-08-27 14:15:00,2.30565,2.30631,2.30551,2.30625,307
2025-08-27 14:20:00,2.30624,2.3068,2.3061,2.30649,269
2025-08-27 14:25:00,2.30649,2.30714,2.30647,2.30698,265
2025-08-27 14:30:00,2.307,2.3070399999999998,2.30566,2.30594,339
2025-08-27 14:35:00,2.30594,2.30627,2.30584,2.30619,298
2025-08-27 14:40:00,2.30615,2.30695,2.3059,2.30679,317
2025-08-27 14:45:00,2.30678,2.30702,2.30619,2.30627,271
2025-08-27 14:50:00,2.30627,2.3064999999999998,2.30609,2.3064,346
2025-08-27 14:55:00,2.30632,2.30663,2.30595,2.30653,410
2025-08-27 15:00:00,2.30653,2.30665,2.30572,2.30639,387
2025-08-27 15:05:00,2.30641,2.30667,2.30601,2.30612,394
2025-08-27 15:10:00,2.30619,2.30621,2.30571,2.30576,285
2025-08-27 15:15:00,2.30576,2.30608,2.30546,2.3056200000000002,410
2025-08-27 15:20:00,2.30565,2.30604,2.30498,2.3052799999999998,444
2025-08-27 15:25:00,2.30534,2.30641,2.30531,2.30619,435
2025-08-27 15:30:00,2.30617,2.30666,2.30591,2.30656,449
2025-08-27 15:35:00,2.30664,2.30718,2.30663,2.30695,417
2025-08-27 15:40:00,2.30696,2.3071,2.30675,2.30707,434
2025-08-27 15:45:00,2.30709,2.30717,2.30627,2.30676,496
2025-08-27 15:50:00,2.30679,2.30695,2.30651,2.30688,384
2025-08-27 15:55:00,2.30687,2.30694,2.30626,2.3069100000000002,414
2025-08-27 16:00:00,2.30679,2.30725,2.30656,2.30686,409
2025-08-27 16:05:00,2.30688,2.3069100000000002,2.30605,2.3062,415
2025-08-27 16:10:00,2.30629,2.3063000000000002,2.30568,2.30607,402
2025-08-27 16:15:00,2.30607,2.30631,2.3058199999999998,2.30609,377
2025-08-27 16:20:00,2.30609,2.30633,2.3058199999999998,2.3058199999999998,347
2025-08-27 16:25:00,2.3058199999999998,2.30611,2.30577,2.30587,365
2025-08-27 16:30:00,2.30585,2.30634,2.30578,2.30603,511
2025-08-27 16:35:00,2.30603,2.30635,2.30579,2.30606,456
2025-08-27 16:40:00,2.3061,2.30717,2.30597,2.30682,474
2025-08-27 16:45:00,2.30679,2.30683,2.30605,2.30634,520
2025-08-27 16:50:00,2.30632,2.30635,2.30561,2.30622,534
2025-08-27 16:55:00,2.30621,2.30667,2.30579,2.30611,572
2025-08-27 17:00:00,2.30609,2.30707,2.30609,2.30677,535
2025-08-27 17:05:00,2.30676,2.30742,2.30674,2.30696,511
2025-08-27 17:10:00,2.30699,2.30759,2.30677,2.3069100000000002,526
2025-08-27 17:15:00,2.3069100000000002,2.3076,2.30667,2.3076,448
2025-08-27 17:20:00,2.30762,2.3079,2.30741,2.30781,478
2025-08-27 17:25:00,2.30779,2.30804,2.30756,2.30789,465
2025-08-27 17:30:00,2.30788,2.30817,2.30701,2.30705,434
2025-08-27 17:35:00,2.30708,2.30725,2.30686,2.30706,413
2025-08-27 17:40:00,2.30703,2.30774,2.30703,2.30721,430
2025-08-27 17:45:00,2.30721,2.30807,2.30666,2.3069,414
2025-08-27 17:50:00,2.3069,2.3069,2.30576,2.30585,545
2025-08-27 17:55:00,2.30586,2.30602,2.30481,2.3051,729
2025-08-27 18:00:00,2.30513,2.30534,2.30344,2.30374,734
2025-08-27 18:05:00,2.30376,2.30432,2.30309,2.30401,591
2025-08-27 18:10:00,2.30402,2.30441,2.30367,2.30419,527
2025-08-27 18:15:00,2.30417,2.30475,2.30412,2.30452,446
2025-08-27 18:20:00,2.3045,2.30472,2.30435,2.30445,354
2025-08-27 18:25:00,2.30441,2.30461,2.30394,2.30402,385
2025-08-27 18:30:00,2.304,2.30423,2.30352,2.30354,441
2025-08-27 18:35:00,2.30352,2.30374,2.30319,2.30324,396
2025-08-27 18:40:00,2.30319,2.30356,2.30314,2.30323,399
2025-08-27 18:45:00,2.30329,2.30339,2.30301,2.3031,348
2025-08-27 18:50:00,2.3031,2.3034499999999998,2.30296,2.30305,332
2025-08-27 18:55:00,2.30309,2.30322,2.30272,2.30282,349
2025-08-27 19:00:00,2.30266,2.30316,2.3025700000000002,2.30305,295
2025-08-27 19:05:00,2.30307,2.30365,2.30303,2.3036,384
2025-08-27 19:10:00,2.3036,2.30391,2.30322,2.30347,362
2025-08-27 19:15:00,2.30332,2.30396,2.30332,2.30358,349
2025-08-27 19:20:00,2.30357,2.30381,2.30329,2.3037,323
2025-08-27 19:25:00,2.3037,2.3039899999999998,2.30343,2.30363,327
2025-08-27 19:30:00,2.30365,2.30389,2.30237,2.30249,448
2025-08-27 19:35:00,2.30249,2.30328,2.3024,2.30321,363
2025-08-27 19:40:00,2.30309,2.30314,2.30232,2.30237,400
2025-08-27 19:45:00,2.30243,2.30288,2.30206,2.30206,509
2025-08-27 19:50:00,2.3021,2.30227,2.30167,2.30194,485
2025-08-27 19:55:00,2.30194,2.30228,2.30172,2.30218,415
2025-08-27 20:00:00,2.30217,2.30256,2.30109,2.30117,505
2025-08-27 20:05:00,2.30121,2.30199,2.301,2.30192,451
2025-08-27 20:10:00,2.30198,2.30204,2.3014200000000002,2.30198,388
2025-08-27 20:15:00,2.30194,2.30232,2.3016,2.30202,387
2025-08-27 20:20:00,2.30202,2.30219,2.30174,2.30191,382
2025-08-27 20:25:00,2.30191,2.30239,2.30172,2.30212,418
2025-08-27 20:30:00,2.30212,2.3025,2.30176,2.30229,313
2025-08-27 20:35:00,2.30229,2.30268,2.30221,2.3025700000000002,319
2025-08-27 20:40:00,2.30261,2.30289,2.30233,2.3024,311
2025-08-27 20:45:00,2.3024,2.30253,2.30213,2.30233,330
2025-08-27 20:50:00,2.30231,2.30248,2.30176,2.30227,324
2025-08-27 20:55:00,2.30226,2.30233,2.30188,2.30212,322
2025-08-27 21:00:00,2.30214,2.3022299999999998,2.30172,2.30189,379
2025-08-27 21:05:00,2.30189,2.30255,2.30182,2.30248,356
2025-08-27 21:10:00,2.30251,2.30274,2.30232,2.30243,389
2025-08-27 21:15:00,2.30245,2.30248,2.30198,2.30221,337
2025-08-27 21:20:00,2.3022299999999998,2.3028,2.30211,2.30268,358
2025-08-27 21:25:00,2.30266,2.3027699999999998,2.30235,2.30255,219
2025-08-27 21:30:00,2.30252,2.30258,2.30193,2.30252,286
2025-08-27 21:35:00,2.30254,2.3027,2.30232,2.30267,267
2025-08-27 21:40:00,2.3026400000000002,2.30274,2.30204,2.30219,326
2025-08-27 21:45:00,2.30221,2.30221,2.30163,2.30211,311
2025-08-27 21:50:00,2.30211,2.30258,2.30201,2.30254,237
2025-08-27 21:55:00,2.30252,2.30279,2.30174,2.3025,366
2025-08-27 22:00:00,2.30248,2.30276,2.30191,2.30205,359
2025-08-27 22:05:00,2.3020300000000002,2.30221,2.30179,2.30202,288
2025-08-27 22:10:00,2.30201,2.30234,2.30194,2.30232,300
2025-08-27 22:15:00,2.3023,2.30247,2.30211,2.30225,224
2025-08-27 22:20:00,2.30225,2.30334,2.30219,2.30315,313
2025-08-27 22:25:00,2.30321,2.3032500000000002,2.30273,2.30299,256
2025-08-27 22:30:00,2.30302,2.30342,2.3029,2.3034,227
2025-08-27 22:35:00,2.3034,2.3036,2.30311,2.30331,251
2025-08-27 22:40:00,2.30331,2.3035,2.30302,2.30326,268
2025-08-27 22:45:00,2.3033,2.30337,2.30298,2.30314,173
2025-08-27 22:50:00,2.3031,2.30337,2.30275,2.30288,210
2025-08-27 22:55:00,2.30288,2.30289,2.30209,2.30243,318
2025-08-27 23:00:00,2.30241,2.30307,2.30241,2.30299,257
2025-08-27 23:05:00,2.30301,2.30315,2.3028,2.3031,182
2025-08-27 23:10:00,2.3031,2.3034,2.30296,2.30324,184
2025-08-27 23:15:00,2.3032500000000002,2.30359,2.30301,2.30339,181
2025-08-27 23:20:00,2.30351,2.30374,2.30297,2.30352,295
2025-08-27 23:25:00,2.30354,2.30355,2.30298,2.3032,234
2025-08-27 23:30:00,2.3032,2.30328,2.30269,2.30292,245
2025-08-27 23:35:00,2.30294,2.30342,2.30276,2.30335,212
2025-08-27 23:40:00,2.30059,2.30063,2.30026,2.3005,215
2025-08-27 23:45:00,2.30051,2.30073,2.30049,2.30062,145
2025-08-27 23:50:00,2.30062,2.30062,2.30023,2.3003299999999998,169
2025-08-27 23:55:00,2.30037,2.30113,2.30035,2.30098,168
2025-08-28 00:00:00,2.30076,2.30136,2.30076,2.30136,3
2025-08-28 00:05:00,2.30136,2.30222,2.30126,2.30222,11
2025-08-28 00:10:00,2.30222,2.30254,2.30165,2.30201,19
2025-08-28 00:15:00,2.30183,2.30217,2.30169,2.30169,21
2025-08-28 00:20:00,2.30053,2.30158,2.30053,2.30158,95
2025-08-28 00:25:00,2.3016,2.30235,2.3014200000000002,2.30169,121
2025-08-28 00:30:00,2.30173,2.30238,2.30173,2.3023,119
2025-08-28 00:35:00,2.30234,2.30275,2.3023,2.30262,186
2025-08-28 00:40:00,2.3026,2.30276,2.30209,2.30273,290
2025-08-28 00:45:00,2.30271,2.3028,2.30253,2.3026,299
2025-08-28 00:50:00,2.3024,2.30266,2.3021,2.30222,218
2025-08-28 00:55:00,2.30227,2.30253,2.30118,2.30156,138
2025-08-28 01:00:00,2.30174,2.30396,2.30174,2.30391,275
2025-08-28 01:05:00,2.30396,2.30421,2.30381,2.30418,87
2025-08-28 01:10:00,2.30416,2.30423,2.30389,2.30412,201
2025-08-28 01:15:00,2.30411,2.30412,2.30366,2.30383,170
2025-08-28 01:20:00,2.30385,2.30416,2.30367,2.30407,149
2025-08-28 01:25:00,2.30405,2.3043,2.30396,2.30403,99
2025-08-28 01:30:00,2.30403,2.30415,2.30372,2.30392,144
2025-08-28 01:35:00,2.30392,2.3040599999999998,2.30377,2.30392,127
2025-08-28 01:40:00,2.3039,2.30405,2.30372,2.30387,106
2025-08-28 01:45:00,2.3038600000000002,2.30394,2.3037,2.30383,115
2025-08-28 01:50:00,2.30376,2.30387,2.30361,2.30372,98
2025-08-28 01:55:00,2.30371,2.30373,2.3035,2.30372,86
2025-08-28 02:00:00,2.30372,2.30377,2.30319,2.30333,191
2025-08-28 02:05:00,2.30333,2.30366,2.30317,2.30349,121
2025-08-28 02:10:00,2.30352,2.30373,2.3034499999999998,2.30373,140
2025-08-28 02:15:00,2.30375,2.3037900000000002,2.30351,2.30366,141
2025-08-28 02:20:00,2.30366,2.30374,2.30333,2.30366,140
2025-08-28 02:25:00,2.30363,2.3039,2.30353,2.3039,68
2025-08-28 02:30:00,2.30392,2.30402,2.30368,2.30388,166
2025-08-28 02:35:00,2.30388,2.3042,2.30367,2.304,163
2025-08-28 02:40:00,2.304,2.3044700000000002,2.30392,2.30442,196
2025-08-28 02:45:00,2.30442,2.30446,2.30401,2.30421,137
2025-08-28 02:50:00,2.30421,2.30425,2.30347,2.30378,170
2025-08-28 02:55:00,2.30378,2.30391,2.30355,2.30356,161
2025-08-28 03:00:00,2.30361,2.3037,2.30251,2.30259,317
2025-08-28 03:05:00,2.30259,2.30273,2.30207,2.30208,359
2025-08-28 03:10:00,2.30208,2.30261,2.30187,2.30261,326
2025-08-28 03:15:00,2.30256,2.30311,2.30234,2.30305,295
2025-08-28 03:20:00,2.30309,2.30329,2.30211,2.30214,242
2025-08-28 03:25:00,2.3021,2.30258,2.302,2.30246,318
2025-08-28 03:30:00,2.30242,2.30299,2.30237,2.30298,322
2025-08-28 03:35:00,2.30302,2.30344,2.30283,2.30329,305
2025-08-28 03:40:00,2.30329,2.30398,2.30322,2.30384,368
2025-08-28 03:45:00,2.30384,2.30395,2.30357,2.30388,356
2025-08-28 03:50:00,2.30403,2.30422,2.3037900000000002,2.30407,395
2025-08-28 03:55:00,2.30405,2.30469,2.30388,2.30435,335
2025-08-28 04:00:00,2.30431,2.30506,2.30419,2.30453,432
2025-08-28 04:05:00,2.30453,2.30461,2.30403,2.3043,290
2025-08-28 04:10:00,2.30434,2.30434,2.3038,2.30398,348
2025-08-28 04:15:00,2.30398,2.30415,2.3037900000000002,2.30407,327
2025-08-28 04:20:00,2.30408,2.30481,2.30408,2.30452,371
2025-08-28 04:25:00,2.30448,2.30457,2.30419,2.30442,314
2025-08-28 04:30:00,2.30442,2.30457,2.30367,2.30438,445
2025-08-28 04:35:00,2.30438,2.30498,2.30438,2.3048,424
2025-08-28 04:40:00,2.3048,2.30493,2.30454,2.30458,271
2025-08-28 04:45:00,2.30455,2.30547,2.30452,2.30547,334
2025-08-28 04:50:00,2.30538,2.30543,2.30499,2.30523,339
2025-08-28 04:55:00,2.30523,2.30574,2.30518,2.30545,349
2025-08-28 05:00:00,2.3055,2.30575,2.30519,2.30567,385
2025-08-28 05:05:00,2.30565,2.30575,2.3051,2.30532,341
2025-08-28 05:10:00,2.30537,2.30637,2.3053,2.30626,345
2025-08-28 05:15:00,2.30616,2.3063000000000002,2.30573,2.30595,316
2025-08-28 05:20:00,2.30599,2.30621,2.30539,2.30541,283
2025-08-28 05:25:00,2.30543,2.30585,2.30539,2.3055,265
2025-08-28 05:30:00,2.3055,2.30581,2.30522,2.30542,196
2025-08-28 05:35:00,2.30544,2.30568,2.30517,2.3055,310
2025-08-28 05:40:00,2.30545,2.30563,2.30519,2.30523,218
2025-08-28 05:45:00,2.30523,2.3058,2.30506,2.30534,200
2025-08-28 05:50:00,2.30534,2.30571,2.30498,2.30531,243
2025-08-28 05:55:00,2.30527,2.30531,2.30432,2.30436,223
2025-08-28 06:00:00,2.30438,2.30489,2.30413,2.30469,218
2025-08-28 06:05:00,2.30469,2.30479,2.30411,2.30425,221
2025-08-28 06:10:00,2.30429,2.30466,2.30397,2.30414,226
2025-08-28 06:15:00,2.30412,2.30417,2.30308,2.30315,245
2025-08-28 06:20:00,2.30328,2.30381,2.30286,2.30359,241
2025-08-28 06:25:00,2.30359,2.3038600000000002,2.30352,2.30359,174
2025-08-28 06:30:00,2.30356,2.30368,2.303,2.30316,161
2025-08-28 06:35:00,2.30316,2.3033799999999998,2.30271,2.30295,212
2025-08-28 06:40:00,2.30291,2.30337,2.30291,2.30328,244
2025-08-28 06:45:00,2.30329,2.30363,2.3032,2.30361,246
2025-08-28 06:50:00,2.30361,2.3039,2.30351,2.30356,198
2025-08-28 06:55:00,2.30356,2.30374,2.30273,2.30304,288
2025-08-28 07:00:00,2.30305,2.3038,2.30301,2.30371,323
2025-08-28 07:05:00,2.30371,2.30385,2.30351,2.3037900000000002,260
2025-08-28 07:10:00,2.30378,2.30388,2.30357,2.30369,353
2025-08-28 07:15:00,2.30369,2.30414,2.30358,2.30413,294
2025-08-28 07:20:00,2.30413,2.30413,2.30366,2.30384,256
2025-08-28 07:25:00,2.3038,2.30403,2.30326,2.30342,221
2025-08-28 07:30:00,2.30346,2.30366,2.30328,2.30339,128
2025-08-28 07:35:00,2.30339,2.30363,2.30319,2.30349,227
2025-08-28 07:40:00,2.30354,2.30425,2.3035,2.304,363
2025-08-28 07:45:00,2.304,2.30473,2.30397,2.30445,300
2025-08-28 07:50:00,2.30442,2.30459,2.30417,2.30425,358
2025-08-28 07:55:00,2.30425,2.30451,2.30404,2.30407,252
2025-08-28 08:00:00,2.30409,2.30419,2.30387,2.30397,240
2025-08-28 08:05:00,2.30393,2.30441,2.30393,2.30423,199
2025-08-28 08:10:00,2.30423,2.30427,2.304,2.30421,214
2025-08-28 08:15:00,2.30416,2.30474,2.30412,2.30464,249
2025-08-28 08:20:00,2.30464,2.30517,2.30444,2.30503,247
2025-08-28 08:25:00,2.30502,2.30529,2.30486,2.30517,203
2025-08-28 08:30:00,2.30513,2.30542,2.30496,2.30505,212
2025-08-28 08:35:00,2.30503,2.30529,2.30479,2.3049,309
2025-08-28 08:40:00,2.30483,2.30566,2.30483,2.30539,385
2025-08-28 08:45:00,2.30541,2.30554,2.30522,2.30542,276
2025-08-28 08:50:00,2.30544,2.30546,2.3047,2.30474,298
2025-08-28 08:55:00,2.30472,2.30482,2.30453,2.30462,251
2025-08-28 09:00:00,2.30463,2.30473,2.30384,2.30421,398
2025-08-28 09:05:00,2.30422,2.30422,2.30366,2.30408,335
2025-08-28 09:10:00,2.30405,2.30446,2.30372,2.30382,336
2025-08-28 09:15:00,2.3038,2.30396,2.3034499999999998,2.30394,357
2025-08-28 09:20:00,2.30394,2.30404,2.30359,2.30392,282
2025-08-28 09:25:00,2.30395,2.3042,2.30373,2.30383,472
2025-08-28 09:30:00,2.30381,2.30418,2.30363,2.30395,399
2025-08-28 09:35:00,2.30395,2.30409,2.30309,2.3032,365
2025-08-28 09:40:00,2.3031800000000002,2.3041,2.30317,2.3041,364
2025-08-28 09:45:00,2.30407,2.3045,2.30407,2.30443,434
2025-08-28 09:50:00,2.30443,2.30483,2.30409,2.30452,371
2025-08-28 09:55:00,2.30453,2.30453,2.30383,2.30409,293
2025-08-28 10:00:00,2.30411,2.30425,2.30349,2.30361,453
2025-08-28 10:05:00,2.30357,2.30435,2.30342,2.30426,497
2025-08-28 10:10:00,2.30426,2.30452,2.30369,2.3037900000000002,524
2025-08-28 10:15:00,2.3037900000000002,2.30411,2.30372,2.30375,449
2025-08-28 10:20:00,2.30376,2.3038600000000002,2.30251,2.3026,369
2025-08-28 10:25:00,2.3026,2.30311,2.30244,2.3027699999999998,403
2025-08-28 10:30:00,2.3027699999999998,2.3031800000000002,2.30258,2.30306,431
2025-08-28 10:35:00,2.30306,2.30314,2.30256,2.3028399999999998,461
2025-08-28 10:40:00,2.3028399999999998,2.30287,2.30228,2.30281,402
2025-08-28 10:45:00,2.30279,2.30279,2.30199,2.3022,307
2025-08-28 10:50:00,2.30225,2.3027699999999998,2.30201,2.30275,359
2025-08-28 10:55:00,2.30275,2.30276,2.30213,2.30242,451
2025-08-28 11:00:00,2.30238,2.30262,2.3021,2.3026,452
2025-08-28 11:05:00,2.3026,2.30306,2.30241,2.30248,492
2025-08-28 11:10:00,2.30248,2.30273,2.30229,2.30254,446
2025-08-28 11:15:00,2.30256,2.30262,2.30194,2.30213,403
2025-08-28 11:20:00,2.3021599999999998,2.30227,2.30184,2.30207,353
2025-08-28 11:25:00,2.30206,2.30233,2.30179,2.30191,438
2025-08-28 11:30:00,2.30191,2.30202,2.30153,2.30163,412
2025-08-28 11:35:00,2.30161,2.30195,2.30125,2.30132,326
2025-08-28 11:40:00,2.30132,2.30138,2.30061,2.3009,384
2025-08-28 11:45:00,2.30082,2.30087,2.30015,2.30073,288
2025-08-28 11:50:00,2.30073,2.3008,2.30036,2.30068,250
2025-08-28 11:55:00,2.30064,2.30084,2.30002,2.30058,294
2025-08-28 12:00:00,2.3006,2.30121,2.30057,2.30065,268
2025-08-28 12:05:00,2.3008100000000002,2.30108,2.3004,2.30095,379
2025-08-28 12:10:00,2.30095,2.30141,2.3008100000000002,2.30092,311
2025-08-28 12:15:00,2.3009,2.30115,2.30056,2.30092,367
2025-08-28 12:20:00,2.30089,2.30102,2.30068,2.30084,261
2025-08-28 12:25:00,2.30085,2.30107,2.30053,2.30073,305
2025-08-28 12:30:00,2.30073,2.30113,2.30067,2.30099,313
2025-08-28 12:35:00,2.30099,2.30131,2.3009,2.30106,244
2025-08-28 12:40:00,2.30104,2.30206,2.30098,2.30204,289
2025-08-28 12:45:00,2.3019600000000002,2.30225,2.30133,2.3014,384
2025-08-28 12:50:00,2.3014,2.3016199999999998,2.30118,2.30132,335
2025-08-28 12:55:00,2.30132,2.3020300000000002,2.30131,2.30171,437
2025-08-28 13:00:00,2.30173,2.30217,2.3015,2.30175,385
2025-08-28 13:05:00,2.30177,2.30187,2.30125,2.30133,295
2025-08-28 13:10:00,2.30137,2.30137,2.3005,2.30096,399
2025-08-28 13:15:00,2.30098,2.30124,2.30072,2.3009,396
2025-08-28 13:20:00,2.30089,2.30124,2.30078,2.3012,417
2025-08-28 13:25:00,2.30117,2.30134,2.30053,2.30131,465
2025-08-28 13:30:00,2.30131,2.30206,2.3012,2.30191,399
2025-08-28 13:35:00,2.30192,2.30226,2.30156,2.30158,304
2025-08-28 13:40:00,2.3016,2.30224,2.3014,2.30218,487
2025-08-28 13:45:00,2.3021599999999998,2.30244,2.30178,2.30242,334
2025-08-28 13:50:00,2.30242,2.30279,2.30232,2.30254,316
2025-08-28 13:55:00,2.30254,2.3026400000000002,2.30146,2.3015,312
2025-08-28 14:00:00,2.30141,2.30159,2.3011,2.30149,402
2025-08-28 14:05:00,2.30145,2.30226,2.30128,2.30208,313
2025-08-28 14:10:00,2.30208,2.30242,2.302,2.30215,331
2025-08-28 14:15:00,2.3021599999999998,2.30237,2.30185,2.30186,285
2025-08-28 14:20:00,2.30185,2.30212,2.3015499999999998,2.3015499999999998,274
2025-08-28 14:25:00,2.3015499999999998,2.30173,2.30129,2.3014,205
2025-08-28 14:30:00,2.30136,2.30157,2.30093,2.30146,252
2025-08-28 14:35:00,2.3014200000000002,2.30192,2.3014,2.30191,261
2025-08-28 14:40:00,2.30191,2.30211,2.30117,2.30121,293
2025-08-28 14:45:00,2.30121,2.30144,2.30079,2.30108,394
2025-08-28 14:50:00,2.30112,2.30146,2.301,2.30141,307
2025-08-28 14:55:00,2.30134,2.30136,2.30041,2.30042,350
2025-08-28 15:00:00,2.30048,2.3009399999999998,2.3003299999999998,2.3003299999999998,509
2025-08-28 15:05:00,2.30034,2.30034,2.29944,2.30015,488
2025-08-28 15:10:00,2.30015,2.30018,2.29919,2.29931,423
2025-08-28 15:15:00,2.29929,2.29948,2.29893,2.29938,367
2025-08-28 15:20:00,2.29939,2.2997199999999998,2.29882,2.29893,412
2025-08-28 15:25:00,2.29893,2.29969,2.29865,2.2991099999999998,382
2025-08-28 15:30:00,2.2991099999999998,2.30036,2.2988,2.2996,680
2025-08-28 15:35:00,2.2997,2.30029,2.2993,2.29992,593
2025-08-28 15:40:00,2.29988,2.29998,2.29916,2.29936,721
2025-08-28 15:45:00,2.29932,2.29993,2.2993,2.29975,539
2025-08-28 15:50:00,2.29976,2.29991,2.29895,2.29905,601
2025-08-28 15:55:00,2.29905,2.29908,2.29816,2.29861,712
2025-08-28 16:00:00,2.29859,2.29876,2.2978199999999998,2.2982,703
2025-08-28 16:05:00,2.2982,2.29886,2.29811,2.2982,590
2025-08-28 16:10:00,2.29818,2.29826,2.29763,2.29794,498
2025-08-28 16:15:00,2.29798,2.29847,2.29793,2.2984299999999998,403
2025-08-28 16:20:00,2.29841,2.29847,2.29754,2.29763,449
2025-08-28 16:25:00,2.29763,2.2981,2.29742,2.29742,466
2025-08-28 16:30:00,2.29742,2.29787,2.29675,2.2976,558
2025-08-28 16:35:00,2.29755,2.29862,2.29734,2.2986,526
2025-08-28 16:40:00,2.2986,2.29987,2.29858,2.29985,487
2025-08-28 16:45:00,2.29981,2.30022,2.29936,2.30018,489
2025-08-28 16:50:00,2.30014,2.30123,2.29994,2.30118,629
2025-08-28 16:55:00,2.30118,2.30159,2.3008100000000002,2.30092,520
2025-08-28 17:00:00,2.3009,2.301,2.29991,2.29996,708
2025-08-28 17:05:00,2.30002,2.30098,2.29984,2.30086,587
2025-08-28 17:10:00,2.30086,2.30159,2.3007,2.3013500000000002,570
2025-08-28 17:15:00,2.30134,2.3015,2.30085,2.30097,562
2025-08-28 17:20:00,2.30096,2.3011,2.30001,2.3001,487
2025-08-28 17:25:00,2.30011,2.30052,2.2992,2.29953,493
2025-08-28 17:30:00,2.29951,2.29951,2.29838,2.29854,501
2025-08-28 17:35:00,2.29857,2.29862,2.29751,2.29773,460
2025-08-28 17:40:00,2.29779,2.29793,2.29689,2.29743,501
2025-08-28 17:45:00,2.29749,2.29801,2.29706,2.29768,494
2025-08-28 17:50:00,2.29772,2.29825,2.29768,2.29823,461
2025-08-28 17:55:00,2.29823,2.29878,2.29794,2.29803,551
2025-08-28 18:00:00,2.29804,2.29833,2.2976,2.2981,589
2025-08-28 18:05:00,2.29812,2.29854,2.298,2.29804,550
2025-08-28 18:10:00,2.29802,2.29809,2.2976,2.29767,449
2025-08-28 18:15:00,2.29767,2.2979,2.29748,2.29753,446
2025-08-28 18:20:00,2.29752,2.29764,2.2970800000000002,2.29723,487
2025-08-28 18:25:00,2.29722,2.29756,2.29716,2.29752,408
2025-08-28 18:30:00,2.29756,2.29792,2.29733,2.29764,484
2025-08-28 18:35:00,2.29764,2.2978899999999998,2.29731,2.29745,395
2025-08-28 18:40:00,2.29745,2.2975,2.2972099999999998,2.29729,335
2025-08-28 18:45:00,2.29729,2.29753,2.2970800000000002,2.29743,363
2025-08-28 18:50:00,2.29739,2.29741,2.29661,2.29694,453
2025-08-28 18:55:00,2.29691,2.29704,2.29587,2.29676,349
2025-08-28 19:00:00,2.29638,2.2970800000000002,2.29636,2.29643,385
2025-08-28 19:05:00,2.29643,2.29678,2.2961,2.29653,347
2025-08-28 19:10:00,2.29653,2.29676,2.29609,2.29629,327
2025-08-28 19:15:00,2.29631,2.29646,2.29597,2.29633,372
2025-08-28 19:20:00,2.29633,2.29699,2.29626,2.29689,378
2025-08-28 19:25:00,2.29693,2.29698,2.29639,2.29644,339
2025-08-28 19:30:00,2.29644,2.29649,2.29555,2.29604,392
2025-08-28 19:35:00,2.29602,2.29651,2.29591,2.29623,286
2025-08-28 19:40:00,2.29623,2.29625,2.29534,2.29536,309
2025-08-28 19:45:00,2.29536,2.29569,2.29489,2.29564,346
2025-08-28 19:50:00,2.29567,2.29589,2.29547,2.29556,289
2025-08-28 19:55:00,2.29558,2.29605,2.29547,2.29605,303
2025-08-28 20:00:00,2.29605,2.29633,2.29582,2.29611,477
2025-08-28 20:05:00,2.29615,2.29643,2.29555,2.29592,455
2025-08-28 20:10:00,2.29592,2.29618,2.29581,2.29596,325
2025-08-28 20:15:00,2.29597,2.29617,2.2957,2.29602,179
2025-08-28 20:20:00,2.29603,2.29612,2.2955,2.29572,337
2025-08-28 20:25:00,2.29574,2.29602,2.29553,2.2959,314
2025-08-28 20:30:00,2.29573,2.29576,2.29527,2.29551,303
2025-08-28 20:35:00,2.29556,2.29567,2.29513,2.2953200000000002,356
2025-08-28 20:40:00,2.2953799999999998,2.2954,2.29481,2.29497,334
2025-08-28 20:45:00,2.295,2.2951,2.2946,2.29488,322
2025-08-28 20:50:00,2.29492,2.29541,2.29478,2.29539,273
2025-08-28 20:55:00,2.29533,2.29573,2.2951,2.29562,356
2025-08-28 21:00:00,2.29562,2.29579,2.29491,2.29512,379
2025-08-28 21:05:00,2.29514,2.29518,2.29451,2.29505,251
2025-08-28 21:10:00,2.29507,2.29543,2.29488,2.29541,254
2025-08-28 21:15:00,2.29543,2.29546,2.29473,2.2949,299
2025-08-28 21:20:00,2.2949,2.29503,2.29458,2.29485,202
2025-08-28 21:25:00,2.29485,2.29493,2.29451,2.2948,267
2025-08-28 21:30:00,2.2948399999999998,2.29504,2.29461,2.29479,253
2025-08-28 21:35:00,2.29479,2.29506,2.29463,2.29485,272
2025-08-28 21:40:00,2.29489,2.29507,2.29455,2.2947100000000002,227
2025-08-28 21:45:00,2.2947100000000002,2.2951,2.29447,2.2951,209
2025-08-28 21:50:00,2.2951,2.29556,2.29498,2.29518,196
2025-08-28 21:55:00,2.29518,2.2952,2.29476,2.29508,344
2025-08-28 22:00:00,2.29508,2.29537,2.29493,2.29511,298
2025-08-28 22:05:00,2.29511,2.2958,2.29511,2.29528,186
2025-08-28 22:10:00,2.2953,2.29549,2.29502,2.29531,222
2025-08-28 22:15:00,2.2953,2.29552,2.29508,2.29537,216
2025-08-28 22:20:00,2.29537,2.29549,2.29509,2.29536,170
2025-08-28 22:25:00,2.29541,2.29565,2.2953,2.29555,179
2025-08-28 22:30:00,2.29557,2.29568,2.2952500000000002,2.29553,218
2025-08-28 22:35:00,2.29557,2.29574,2.29536,2.29544,209
2025-08-28 22:40:00,2.29544,2.29566,2.29533,2.29552,178
2025-08-28 22:45:00,2.29552,2.29563,2.29524,2.2955,182
2025-08-28 22:50:00,2.2955,2.29552,2.29502,2.29504,181
2025-08-28 22:55:00,2.29504,2.29569,2.29504,2.29563,261
2025-08-28 23:00:00,2.29563,2.29579,2.29519,2.29529,241
2025-08-28 23:05:00,2.29531,2.29539,2.29503,2.29515,155
2025-08-28 23:10:00,2.29515,2.29527,2.29482,2.29516,169
2025-08-28 23:15:00,2.2952,2.2952,2.29455,2.29476,141
2025-08-28 23:20:00,2.2948,2.2953200000000002,2.29474,2.29529,129
2025-08-28 23:25:00,2.2953200000000002,2.29571,2.2952,2.29564,171
2025-08-28 23:30:00,2.29554,2.29581,2.2952,2.29553,165
2025-08-28 23:35:00,2.29553,2.29558,2.29501,2.2953799999999998,153
2025-08-28 23:40:00,2.29273,2.29284,2.29256,2.2927400000000002,126
2025-08-28 23:45:00,2.29276,2.29295,2.2927,2.2927400000000002,262
2025-08-28 23:50:00,2.29276,2.29285,2.2926,2.29271,188
2025-08-28 23:55:00,2.29273,2.29329,2.29268,2.29317,145
2025-08-29 00:00:00,2.29366,2.29541,2.29317,2.29531,6
2025-08-29 00:05:00,2.29531,2.29531,2.29376,2.29376,10
2025-08-29 00:10:00,2.29376,2.29384,2.29376,2.29382,14
2025-08-29 00:15:00,2.29382,2.29427,2.29382,2.29426,14
2025-08-29 00:20:00,2.29469,2.29469,2.29409,2.29434,150
2025-08-29 00:25:00,2.29432,2.29448,2.29419,2.29429,161
2025-08-29 00:30:00,2.2943,2.29456,2.29409,2.29441,73
2025-08-29 00:35:00,2.29443,2.29452,2.29384,2.29401,169
2025-08-29 00:40:00,2.29405,2.29412,2.29381,2.29405,206
2025-08-29 00:45:00,2.29398,2.29417,2.2938,2.29417,127
2025-08-29 00:50:00,2.29413,2.29418,2.29394,2.294,119
2025-08-29 00:55:00,2.29402,2.29445,2.2938,2.29441,300
2025-08-29 01:00:00,2.29439,2.29582,2.29439,2.29549,412
2025-08-29 01:05:00,2.2955,2.29624,2.29543,2.29598,493
2025-08-29 01:10:00,2.2959300000000002,2.29643,2.29575,2.2963,340
2025-08-29 01:15:00,2.29638,2.29638,2.29596,2.29611,163
2025-08-29 01:20:00,2.29609,2.29637,2.29585,2.29613,126
2025-08-29 01:25:00,2.29613,2.29625,2.2959,2.29615,74
2025-08-29 01:30:00,2.29622,2.2965999999999998,2.29601,2.29618,158
2025-08-29 01:35:00,2.29618,2.2965400000000002,2.29603,2.29648,143
2025-08-29 01:40:00,2.29656,2.29668,2.29631,2.29641,114
2025-08-29 01:45:00,2.29629,2.29674,2.29622,2.29662,151
2025-08-29 01:50:00,2.29664,2.29676,2.29635,2.29653,123
2025-08-29 01:55:00,2.29653,2.29658,2.29631,2.29631,144
2025-08-29 02:00:00,2.29635,2.29652,2.29607,2.29631,139
2025-08-29 02:05:00,2.29631,2.29646,2.29618,2.29626,87
2025-08-29 02:10:00,2.29626,2.29645,2.29618,2.29632,67
2025-08-29 02:15:00,2.29631,2.29641,2.296,2.29619,153
2025-08-29 02:20:00,2.29619,2.29632,2.29601,2.29609,77
2025-08-29 02:25:00,2.29609,2.29621,2.29597,2.29614,47
2025-08-29 02:30:00,2.29614,2.2964,2.29605,2.2963,130
2025-08-29 02:35:00,2.2963,2.2964,2.29616,2.29624,77
2025-08-29 02:40:00,2.29624,2.29624,2.2958,2.2958600000000002,79
2025-08-29 02:45:00,2.29585,2.29626,2.29577,2.29614,91
2025-08-29 02:50:00,2.29612,2.29621,2.29553,2.29568,162
2025-08-29 02:55:00,2.29573,2.29592,2.29536,2.29552,177
2025-08-29 03:00:00,2.29554,2.2957,2.29494,2.29509,404
2025-08-29 03:05:00,2.29513,2.29547,2.29472,2.29533,351
2025-08-29 03:10:00,2.29533,2.29543,2.29485,2.29491,253
2025-08-29 03:15:00,2.29491,2.29516,2.29476,2.29502,269
2025-08-29 03:20:00,2.29508,2.29531,2.29485,2.29496,195
2025-08-29 03:25:00,2.295,2.29518,2.2947,2.29502,166
2025-08-29 03:30:00,2.29502,2.29506,2.2944,2.29449,223
2025-08-29 03:35:00,2.29449,2.29459,2.2939,2.29409,244
2025-08-29 03:40:00,2.29405,2.29415,2.29391,2.29406,193
2025-08-29 03:45:00,2.2941,2.29431,2.29391,2.29413,294
2025-08-29 03:50:00,2.29413,2.29511,2.29411,2.29494,382
2025-08-29 03:55:00,2.29494,2.29496,2.29373,2.29377,367
2025-08-29 04:00:00,2.29379,2.29425,2.29341,2.29344,376
2025-08-29 04:05:00,2.29344,2.29373,2.29298,2.29306,361
2025-08-29 04:10:00,2.2931,2.29318,2.2928,2.29299,235
2025-08-29 04:15:00,2.29299,2.29369,2.29242,2.29361,384
2025-08-29 04:20:00,2.29361,2.29417,2.29343,2.29375,447
2025-08-29 04:25:00,2.29373,2.29413,2.29349,2.29394,392
2025-08-29 04:30:00,2.29394,2.29395,2.29243,2.29247,468
2025-08-29 04:35:00,2.29247,2.29266,2.29177,2.29197,445
2025-08-29 04:40:00,2.29199,2.29199,2.29117,2.29122,427
2025-08-29 04:45:00,2.29124,2.29224,2.29117,2.29177,446
2025-08-29 04:50:00,2.29173,2.29194,2.29133,2.29167,457
2025-08-29 04:55:00,2.29163,2.29175,2.29084,2.29103,406
2025-08-29 05:00:00,2.29102,2.29185,2.29102,2.29173,342
2025-08-29 05:05:00,2.29173,2.29173,2.29119,2.29138,230
2025-08-29 05:10:00,2.29137,2.29176,2.29112,2.29174,300
2025-08-29 05:15:00,2.29174,2.29196,2.29136,2.29147,268
2025-08-29 05:20:00,2.29146,2.29148,2.29096,2.29121,274
2025-08-29 05:25:00,2.29119,2.29144,2.29079,2.29085,188
2025-08-29 05:30:00,2.29087,2.29123,2.29066,2.29081,287
2025-08-29 05:35:00,2.29073,2.29088,2.2903700000000002,2.29043,211
2025-08-29 05:40:00,2.29043,2.29133,2.2902,2.29131,218
2025-08-29 05:45:00,2.29131,2.2915900000000002,2.291,2.2911099999999998,222
2025-08-29 05:50:00,2.29107,2.29144,2.2909100000000002,2.29138,333
2025-08-29 05:55:00,2.29136,2.29209,2.29128,2.29207,270
2025-08-29 06:00:00,2.29211,2.29215,2.29133,2.29177,311
2025-08-29 06:05:00,2.29181,2.29309,2.29139,2.29196,306
2025-08-29 06:10:00,2.29194,2.29235,2.29175,2.29198,227
2025-08-29 06:15:00,2.29195,2.29246,2.2917899999999998,2.29246,318
2025-08-29 06:20:00,2.29245,2.29288,2.29208,2.29286,269
2025-08-29 06:25:00,2.29284,2.29352,2.29284,2.29336,249
2025-08-29 06:30:00,2.29336,2.2934200000000002,2.29309,2.29315,268
2025-08-29 06:35:00,2.29315,2.29321,2.29262,2.29312,237
2025-08-29 06:40:00,2.29312,2.29312,2.2923,2.2923,204
2025-08-29 06:45:00,2.2923,2.29248,2.29177,2.29183,177
2025-08-29 06:50:00,2.2919,2.29193,2.29129,2.29188,264
2025-08-29 06:55:00,2.29188,2.29201,2.2913,2.29143,213
2025-08-29 07:00:00,2.29143,2.29164,2.29127,2.29141,186
2025-08-29 07:05:00,2.29142,2.29142,2.291,2.29115,301
2025-08-29 07:10:00,2.29109,2.2913,2.29094,2.29122,211
2025-08-29 07:15:00,2.29122,2.29157,2.29117,2.29127,206
2025-08-29 07:20:00,2.29131,2.29141,2.2911099999999998,2.29124,224
2025-08-29 07:25:00,2.29124,2.29135,2.29112,2.2911799999999998,135
2025-08-29 07:30:00,2.2911799999999998,2.29148,2.29116,2.2914,163
2025-08-29 07:35:00,2.29136,2.29173,2.29114,2.29161,237
2025-08-29 07:40:00,2.29165,2.29183,2.29062,2.29067,208
2025-08-29 07:45:00,2.29069,2.2914,2.29067,2.29112,170
2025-08-29 07:50:00,2.29112,2.29158,2.29108,2.29141,179
2025-08-29 07:55:00,2.29141,2.29146,2.29108,2.29115,185
2025-08-29 08:00:00,2.2911799999999998,2.2914,2.2909800000000002,2.29131,214
2025-08-29 08:05:00,2.29131,2.29151,2.29095,2.29138,317
2025-08-29 08:10:00,2.29139,2.29139,2.29079,2.29084,249
2025-08-29 08:15:00,2.29079,2.29151,2.29074,2.29126,271
2025-08-29 08:20:00,2.29124,2.29175,2.29105,2.29165,251
2025-08-29 08:25:00,2.29164,2.29196,2.2913,2.29138,247
2025-08-29 08:30:00,2.29136,2.2915900000000002,2.29107,2.29145,262
2025-08-29 08:35:00,2.29145,2.29164,2.29121,2.29138,196
2025-08-29 08:40:00,2.29138,2.29171,2.29114,2.29129,210
2025-08-29 08:45:00,2.29133,2.29146,2.29104,2.29117,253
2025-08-29 08:50:00,2.29117,2.29137,2.2909100000000002,2.2909800000000002,296
2025-08-29 08:55:00,2.29097,2.29126,2.2909,2.29107,283
2025-08-29 09:00:00,2.29107,2.29139,2.29018,2.29026,392
2025-08-29 09:05:00,2.2903000000000002,2.29092,2.29026,2.29038,380
2025-08-29 09:10:00,2.29036,2.29038,2.2897,2.28993,321
2025-08-29 09:15:00,2.28992,2.29019,2.28958,2.28964,332
2025-08-29 09:20:00,2.28964,2.29029,2.28944,2.29023,292
2025-08-29 09:25:00,2.29021,2.29138,2.29015,2.29121,367
2025-08-29 09:30:00,2.29129,2.29235,2.29124,2.29201,332
2025-08-29 09:35:00,2.29202,2.29216,2.29158,2.29182,395
2025-08-29 09:40:00,2.29178,2.29184,2.29089,2.29104,360
2025-08-29 09:45:00,2.291,2.29162,2.29092,2.29136,454
2025-08-29 09:50:00,2.29136,2.29162,2.29112,2.2914,349
2025-08-29 09:55:00,2.29144,2.29199,2.29089,2.29108,448
2025-08-29 10:00:00,2.29104,2.29154,2.29014,2.2908,476
2025-08-29 10:05:00,2.2908,2.2908,2.28929,2.28948,455
2025-08-29 10:10:00,2.2895,2.28994,2.28932,2.2896900000000002,398
2025-08-29 10:15:00,2.28964,2.29042,2.28958,2.28972,344
2025-08-29 10:20:00,2.28972,2.28985,2.2891500000000002,2.28921,351
2025-08-29 10:25:00,2.28921,2.28968,2.28892,2.2893,369
2025-08-29 10:30:00,2.2893,2.29084,2.2892799999999998,2.29065,374
2025-08-29 10:35:00,2.29071,2.29071,2.28933,2.2893499999999998,296
2025-08-29 10:40:00,2.2893499999999998,2.28953,2.28861,2.28868,331
2025-08-29 10:45:00,2.28873,2.28885,2.28832,2.2886699999999998,349
2025-08-29 10:50:00,2.2886699999999998,2.28871,2.28751,2.28757,328
2025-08-29 10:55:00,2.28756,2.28794,2.28713,2.2874499999999998,466
2025-08-29 11:00:00,2.28747,2.28828,2.28734,2.28827,478
2025-08-29 11:05:00,2.28831,2.28841,2.28751,2.28769,419
2025-08-29 11:10:00,2.28769,2.28773,2.28649,2.28699,366
2025-08-29 11:15:00,2.28697,2.2873200000000002,2.28645,2.2867,354
2025-08-29 11:20:00,2.2867,2.28716,2.28628,2.28661,370
2025-08-29 11:25:00,2.28657,2.28682,2.28631,2.28649,367
2025-08-29 11:30:00,2.28645,2.2868399999999998,2.28612,2.28635,560
2025-08-29 11:35:00,2.28621,2.28643,2.28571,2.28639,344
2025-08-29 11:40:00,2.28643,2.28658,2.28581,2.28618,316
2025-08-29 11:45:00,2.28624,2.28645,2.28586,2.28629,320
2025-08-29 11:50:00,2.28629,2.28642,2.28547,2.2856,426
2025-08-29 11:55:00,2.28558,2.28661,2.2855,2.28626,474
2025-08-29 12:00:00,2.28626,2.2872,2.28607,2.28674,387
2025-08-29 12:05:00,2.28674,2.2873,2.28645,2.28717,369
2025-08-29 12:10:00,2.2872,2.28729,2.28592,2.28613,390
2025-08-29 12:15:00,2.28613,2.28668,2.2856899999999998,2.28646,430
2025-08-29 12:20:00,2.28648,2.28713,2.28605,2.28687,384
2025-08-29 12:25:00,2.28687,2.28735,2.28685,2.28714,343
2025-08-29 12:30:00,2.28714,2.2876,2.28672,2.28721,396
2025-08-29 12:35:00,2.28721,2.28721,2.28627,2.28654,461
2025-08-29 12:40:00,2.28641,2.2871,2.28611,2.28701,490
2025-08-29 12:45:00,2.28701,2.28704,2.28619,2.28672,365
2025-08-29 12:50:00,2.28676,2.2868399999999998,2.28596,2.28663,351
2025-08-29 12:55:00,2.28662,2.28705,2.28611,2.28624,415
2025-08-29 13:00:00,2.28618,2.28654,2.2856,2.28585,417
2025-08-29 13:05:00,2.28585,2.28715,2.28567,2.28682,345
2025-08-29 13:10:00,2.28678,2.28696,2.28606,2.2862299999999998,417
2025-08-29 13:15:00,2.28627,2.28628,2.28527,2.28558,336
2025-08-29 13:20:00,2.28559,2.2858,2.28482,2.28509,314
2025-08-29 13:25:00,2.28509,2.28536,2.2848800000000002,2.28494,356
2025-08-29 13:30:00,2.28498,2.28625,2.28472,2.28621,361
2025-08-29 13:35:00,2.28615,2.28709,2.28615,2.2869099999999998,286
2025-08-29 13:40:00,2.2869099999999998,2.28695,2.28643,2.2867,325
2025-08-29 13:45:00,2.28666,2.28679,2.28638,2.28661,312
2025-08-29 13:50:00,2.28661,2.28678,2.28595,2.28608,302
2025-08-29 13:55:00,2.28608,2.28724,2.28592,2.2867100000000002,386
2025-08-29 14:00:00,2.28668,2.28685,2.28553,2.28559,296
2025-08-29 14:05:00,2.28559,2.28589,2.2850099999999998,2.2854,346
2025-08-29 14:10:00,2.2854,2.28574,2.28506,2.28568,318
2025-08-29 14:15:00,2.2856,2.28607,2.2854,2.28561,284
2025-08-29 14:20:00,2.28563,2.28615,2.28532,2.28609,353
2025-08-29 14:25:00,2.28609,2.2862,2.28548,2.2856899999999998,368
2025-08-29 14:30:00,2.2856899999999998,2.28582,2.28494,2.28579,245
2025-08-29 14:35:00,2.28581,2.28624,2.28571,2.28593,269
2025-08-29 14:40:00,2.28593,2.28597,2.28573,2.2859,202
2025-08-29 14:45:00,2.2859,2.28593,2.28533,2.28543,251
2025-08-29 14:50:00,2.28541,2.28575,2.28508,2.28567,275
2025-08-29 14:55:00,2.28567,2.28578,2.28511,2.2855,282
2025-08-29 15:00:00,2.28552,2.28584,2.28518,2.28584,330
2025-08-29 15:05:00,2.28592,2.28609,2.2850099999999998,2.28516,300
2025-08-29 15:10:00,2.28516,2.28627,2.2851,2.28622,401
2025-08-29 15:15:00,2.28619,2.28652,2.28602,2.28633,297
2025-08-29 15:20:00,2.28629,2.28641,2.28574,2.28598,391
2025-08-29 15:25:00,2.28595,2.2862299999999998,2.28564,2.28591,341
2025-08-29 15:30:00,2.28564,2.28721,2.28491,2.28642,763
2025-08-29 15:35:00,2.28645,2.28651,2.28599,2.28647,592
2025-08-29 15:40:00,2.2865,2.2867100000000002,2.28611,2.2862,550
2025-08-29 15:45:00,2.2862,2.2862999999999998,2.28565,2.28618,485
2025-08-29 15:50:00,2.28616,2.28639,2.28554,2.28634,455
2025-08-29 15:55:00,2.2862999999999998,2.28645,2.28572,2.28573,473
2025-08-29 16:00:00,2.28573,2.28601,2.28522,2.2854200000000002,520
2025-08-29 16:05:00,2.28538,2.28576,2.28493,2.28516,495
2025-08-29 16:10:00,2.28516,2.28524,2.28462,2.285,374
2025-08-29 16:15:00,2.28502,2.2859,2.285,2.28552,431
2025-08-29 16:20:00,2.28555,2.28558,2.2851,2.2854200000000002,484
2025-08-29 16:25:00,2.2854,2.28594,2.28531,2.28543,436
2025-08-29 16:30:00,2.28545,2.28605,2.28528,2.28539,602
2025-08-29 16:35:00,2.28538,2.28593,2.28526,2.28555,484
2025-08-29 16:40:00,2.2854900000000002,2.28553,2.28455,2.28461,410
2025-08-29 16:45:00,2.28461,2.2851,2.28445,2.28496,537
2025-08-29 16:50:00,2.28495,2.28556,2.28467,2.28534,585
2025-08-29 16:55:00,2.28532,2.28605,2.28462,2.28576,538
2025-08-29 17:00:00,2.28576,2.28633,2.28547,2.28581,652
2025-08-29 17:05:00,2.28581,2.28637,2.28509,2.2854,711
2025-08-29 17:10:00,2.28536,2.28581,2.28463,2.28522,649
2025-08-29 17:15:00,2.28521,2.28534,2.28463,2.28467,588
2025-08-29 17:20:00,2.28472,2.28475,2.28381,2.28399,509
2025-08-29 17:25:00,2.28399,2.28461,2.28398,2.28433,565
2025-08-29 17:30:00,2.28433,2.28504,2.28406,2.2850099999999998,658
2025-08-29 17:35:00,2.2850099999999998,2.28554,2.28475,2.28522,552
2025-08-29 17:40:00,2.28526,2.28581,2.28493,2.28576,519
2025-08-29 17:45:00,2.2856899999999998,2.28608,2.2854200000000002,2.28553,624
2025-08-29 17:50:00,2.28546,2.28818,2.28546,2.28818,751
2025-08-29 17:55:00,2.2882,2.28963,2.28798,2.28899,845
2025-08-29 18:00:00,2.28899,2.29007,2.28863,2.28955,878
2025-08-29 18:05:00,2.28954,2.28988,2.28903,2.28956,532
2025-08-29 18:10:00,2.28954,2.29101,2.28942,2.29099,497
2025-08-29 18:15:00,2.29101,2.29103,2.29038,2.29052,541
2025-08-29 18:20:00,2.29047,2.29059,2.2899,2.29021,461
2025-08-29 18:25:00,2.29025,2.29029,2.28964,2.29003,421
2025-08-29 18:30:00,2.29003,2.29038,2.28983,2.28999,482
2025-08-29 18:35:00,2.29001,2.29022,2.28952,2.28972,394
2025-08-29 18:40:00,2.2897,2.29,2.28934,2.28999,311
2025-08-29 18:45:00,2.28997,2.29011,2.28982,2.29,356
2025-08-29 18:50:00,2.29,2.29007,2.28913,2.28925,389
2025-08-29 18:55:00,2.28917,2.2893,2.2889,2.28917,358
2025-08-29 19:00:00,2.2891500000000002,2.28933,2.2885,2.28931,513
2025-08-29 19:05:00,2.28931,2.28947,2.28862,2.28884,420
2025-08-29 19:10:00,2.28884,2.2889,2.28814,2.28846,525
2025-08-29 19:15:00,2.2885,2.28887,2.28829,2.28887,413
2025-08-29 19:20:00,2.28887,2.28891,2.28832,2.28865,472
2025-08-29 19:25:00,2.28863,2.28895,2.28831,2.28858,427
2025-08-29 19:30:00,2.28848,2.28859,2.28797,2.28819,320
2025-08-29 19:35:00,2.28815,2.2885400000000002,2.28809,2.28829,311
2025-08-29 19:40:00,2.28827,2.28886,2.28819,2.28852,289
2025-08-29 19:45:00,2.28852,2.28852,2.28801,2.28805,311
2025-08-29 19:50:00,2.28809,2.28825,2.28784,2.28803,333
2025-08-29 19:55:00,2.28805,2.28849,2.28805,2.28842,403
2025-08-29 20:00:00,2.28843,2.28866,2.28814,2.28841,373
2025-08-29 20:05:00,2.28843,2.28859,2.28802,2.28846,321
2025-08-29 20:10:00,2.28846,2.28866,2.28829,2.28864,304
2025-08-29 20:15:00,2.28865,2.28914,2.28844,2.28882,279
2025-08-29 20:20:00,2.28877,2.28925,2.28865,2.28901,331
2025-08-29 20:25:00,2.28899,2.28933,2.28885,2.28929,218
2025-08-29 20:30:00,2.28921,2.28923,2.2887399999999998,2.28885,264
2025-08-29 20:35:00,2.28885,2.28901,2.28842,2.28866,221
2025-08-29 20:40:00,2.28864,2.28871,2.28838,2.28857,194
2025-08-29 20:45:00,2.28857,2.28862,2.28823,2.28833,273
2025-08-29 20:50:00,2.28833,2.28873,2.28826,2.28859,273
2025-08-29 20:55:00,2.28857,2.2887,2.28825,2.28831,267
2025-08-29 21:00:00,2.28827,2.28878,2.28824,2.28876,293
2025-08-29 21:05:00,2.28876,2.2888,2.28816,2.2883,228
2025-08-29 21:10:00,2.28829,2.28866,2.28824,2.28861,281
2025-08-29 21:15:00,2.28861,2.28861,2.28799,2.28826,255
2025-08-29 21:20:00,2.28826,2.28863,2.2881,2.28845,316
2025-08-29 21:25:00,2.28853,2.28888,2.28845,2.28875,210
2025-08-29 21:30:00,2.28875,2.28875,2.28834,2.2886699999999998,203
2025-08-29 21:35:00,2.28869,2.28871,2.2883,2.28848,241
2025-08-29 21:40:00,2.2885,2.289,2.28831,2.28899,206
2025-08-29 21:45:00,2.28895,2.28904,2.28865,2.28886,237
2025-08-29 21:50:00,2.28884,2.28902,2.28861,2.28868,261
2025-08-29 21:55:00,2.2887,2.28931,2.28869,2.28916,324
2025-08-29 22:00:00,2.28916,2.28978,2.28903,2.28944,278
2025-08-29 22:05:00,2.28947,2.28959,2.28903,2.28923,214
2025-08-29 22:10:00,2.28921,2.28942,2.28892,2.28926,205
2025-08-29 22:15:00,2.2893,2.28946,2.28914,2.28931,178
2025-08-29 22:20:00,2.28931,2.28934,2.28879,2.28903,203
2025-08-29 22:25:00,2.28903,2.28939,2.28887,2.2893,176
2025-08-29 22:30:00,2.2892799999999998,2.28948,2.2891,2.28933,265
2025-08-29 22:35:00,2.28929,2.28983,2.28929,2.2898,199
2025-08-29 22:40:00,2.2898,2.2899,2.28922,2.2895,198
2025-08-29 22:45:00,2.2895,2.28966,2.28926,2.28941,227
2025-08-29 22:50:00,2.2894,2.28978,2.28931,2.2897600000000002,314
2025-08-29 22:55:00,2.28984,2.29064,2.28959,2.29032,431
2025-08-29 23:00:00,2.29032,2.29055,2.28987,2.29005,313
2025-08-29 23:05:00,2.29005,2.29016,2.28983,2.2899599999999998,106
2025-08-29 23:10:00,2.2899599999999998,2.29016,2.28979,2.29005,182
2025-08-29 23:15:00,2.29002,2.29003,2.2897,2.28994,134
2025-08-29 23:20:00,2.2899,2.29025,2.28983,2.29018,151
2025-08-29 23:25:00,2.29018,2.29042,2.29005,2.29038,172
2025-08-29 23:30:00,2.29038,2.29061,2.29001,2.29029,275
2025-08-29 23:35:00,2.29027,2.29047,2.28985,2.29004,174
2025-08-29 23:40:00,2.28735,2.28788,2.28727,2.28738,166
2025-08-29 23:45:00,2.28734,2.2877,2.28701,2.28741,293
2025-08-29 23:50:00,2.2874499999999998,2.28794,2.28711,2.2872500000000002,355
2025-08-29 23:55:00,2.28723,2.28787,2.2867100000000002,2.28708,173
2025-09-01 00:00:00,2.28807,2.28844,2.28807,2.28844,3
2025-09-01 00:05:00,2.28844,2.2890800000000002,2.28658,2.2885400000000002,62
2025-09-01 00:10:00,2.2885400000000002,2.2885400000000002,2.28742,2.2875199999999998,49
2025-09-01 00:15:00,2.28748,2.28772,2.28694,2.28694,50
2025-09-01 00:20:00,2.28694,2.28716,2.28686,2.287,20
2025-09-01 00:25:00,2.28702,2.28772,2.28698,2.287,43
2025-09-01 00:30:00,2.28674,2.2872,2.28642,2.28709,93
2025-09-01 00:35:00,2.28709,2.2875199999999998,2.2866,2.2875,103
2025-09-01 00:40:00,2.2875,2.28755,2.28707,2.2875,95
2025-09-01 00:45:00,2.2875,2.2875,2.28648,2.28683,98
2025-09-01 00:50:00,2.28683,2.28727,2.28683,2.28724,42
2025-09-01 00:55:00,2.28724,2.28729,2.28686,2.28705,157
2025-09-01 01:00:00,2.288,2.28977,2.28783,2.28898,259
2025-09-01 01:05:00,2.28894,2.28937,2.28879,2.28916,154
2025-09-01 01:10:00,2.28918,2.2895,2.28914,2.28939,120
2025-09-01 01:15:00,2.28933,2.28965,2.28922,2.28942,127
2025-09-01 01:20:00,2.28942,2.28953,2.28925,2.28937,87
2025-09-01 01:25:00,2.28941,2.28954,2.28919,2.28948,133
2025-09-01 01:30:00,2.28948,2.28975,2.28932,2.28958,102
2025-09-01 01:35:00,2.2896,2.28978,2.28941,2.28964,86
2025-09-01 01:40:00,2.28964,2.28988,2.28942,2.28981,81
2025-09-01 01:45:00,2.28981,2.29004,2.28957,2.28991,77
2025-09-01 01:50:00,2.28987,2.29011,2.28982,2.29006,67
2025-09-01 01:55:00,2.29006,2.29027,2.28979,2.29007,85
2025-09-01 02:00:00,2.29003,2.29011,2.2896,2.2896900000000002,122
2025-09-01 02:05:00,2.2897,2.29007,2.28967,2.28988,96
2025-09-01 02:10:00,2.2899,2.29015,2.28986,2.29006,64
2025-09-01 02:15:00,2.29006,2.29022,2.28995,2.29014,77
2025-09-01 02:20:00,2.29014,2.29062,2.28997,2.29039,78
2025-09-01 02:25:00,2.29039,2.29073,2.29024,2.29072,121
2025-09-01 02:30:00,2.29073,2.29082,2.29052,2.29076,96
2025-09-01 02:35:00,2.29071,2.29102,2.29025,2.2904999999999998,112
2025-09-01 02:40:00,2.2904999999999998,2.29067,2.29025,2.29044,116
2025-09-01 02:45:00,2.29042,2.29051,2.29017,2.29017,122
2025-09-01 02:50:00,2.2902,2.29029,2.2897600000000002,2.28991,151
2025-09-01 02:55:00,2.2899,2.29002,2.28946,2.28967,209
2025-09-01 03:00:00,2.28964,2.28968,2.28903,2.28936,474
2025-09-01 03:05:00,2.2892799999999998,2.28956,2.28906,2.28931,406
2025-09-01 03:10:00,2.28931,2.28995,2.28901,2.28988,378
2025-09-01 03:15:00,2.28988,2.29009,2.2896,2.29004,286
2025-09-01 03:20:00,2.29004,2.29007,2.28973,2.28982,277
2025-09-01 03:25:00,2.28984,2.29007,2.28966,2.28983,227
2025-09-01 03:30:00,2.28983,2.28983,2.2889,2.28921,299
2025-09-01 03:35:00,2.28921,2.28958,2.28905,2.28909,285
2025-09-01 03:40:00,2.28907,2.28924,2.28884,2.28912,244
2025-09-01 03:45:00,2.28912,2.2892799999999998,2.28839,2.28845,218
2025-09-01 03:50:00,2.28845,2.28868,2.28799,2.28841,332
2025-09-01 03:55:00,2.28845,2.28895,2.28816,2.28821,346
2025-09-01 04:00:00,2.28823,2.28853,2.2880599999999998,2.28819,364
2025-09-01 04:05:00,2.28819,2.28902,2.28815,2.28895,357
2025-09-01 04:10:00,2.28896,2.28942,2.28886,2.28903,361
2025-09-01 04:15:00,2.28904,2.2896900000000002,2.28873,2.28901,478
2025-09-01 04:20:00,2.28918,2.29021,2.28909,2.2898899999999998,471
2025-09-01 04:25:00,2.2898899999999998,2.28991,2.2892,2.28971,420
2025-09-01 04:30:00,2.2897,2.2899599999999998,2.2892799999999998,2.28941,517
2025-09-01 04:35:00,2.28943,2.29004,2.28924,2.2895,444
2025-09-01 04:40:00,2.28948,2.28966,2.2891500000000002,2.28946,425
2025-09-01 04:45:00,2.28941,2.28953,2.28899,2.28907,450
2025-09-01 04:50:00,2.28909,2.28938,2.28884,2.28912,408
2025-09-01 04:55:00,2.28905,2.28913,2.28759,2.28779,396
2025-09-01 05:00:00,2.28785,2.28805,2.28742,2.28771,433
2025-09-01 05:05:00,2.28768,2.28794,2.28718,2.28774,524
2025-09-01 05:10:00,2.28776,2.28876,2.28772,2.28875,432
2025-09-01 05:15:00,2.28875,2.2890800000000002,2.28873,2.28896,386
2025-09-01 05:20:00,2.28899,2.28931,2.28853,2.28861,456
2025-09-01 05:25:00,2.28863,2.2887,2.28808,2.28811,386
2025-09-01 05:30:00,2.28811,2.28822,2.28723,2.28769,457
2025-09-01 05:35:00,2.28769,2.28801,2.28594,2.28678,501
2025-09-01 05:40:00,2.28678,2.28726,2.2862999999999998,2.28719,358
2025-09-01 05:45:00,2.28719,2.28887,2.28713,2.2887,396
2025-09-01 05:50:00,2.2886699999999998,2.28899,2.28852,2.28879,423
2025-09-01 05:55:00,2.28879,2.28923,2.28876,2.28912,492
2025-09-01 06:00:00,2.2891,2.28972,2.28905,2.28972,380
2025-09-01 06:05:00,2.28971,2.28983,2.28931,2.28968,285
2025-09-01 06:10:00,2.28968,2.2899,2.28917,2.28926,258
2025-09-01 06:15:00,2.28922,2.28942,2.28878,2.28913,238
2025-09-01 06:20:00,2.28913,2.28949,2.28883,2.28939,266
2025-09-01 06:25:00,2.28939,2.28965,2.28924,2.28957,281
2025-09-01 06:30:00,2.28957,2.28975,2.28922,2.28938,341
2025-09-01 06:35:00,2.28938,2.28968,2.2892799999999998,2.28947,311
2025-09-01 06:40:00,2.28947,2.28991,2.28937,2.28977,257
2025-09-01 06:45:00,2.28979,2.28982,2.28898,2.28925,342
2025-09-01 06:50:00,2.28916,2.28948,2.28906,2.28919,291
2025-09-01 06:55:00,2.2891500000000002,2.2894,2.28893,2.28932,302
2025-09-01 07:00:00,2.2893,2.2897600000000002,2.28916,2.2897,303
2025-09-01 07:05:00,2.2897,2.29006,2.2894,2.28965,292
2025-09-01 07:10:00,2.28965,2.29003,2.28958,2.28995,293
2025-09-01 07:15:00,2.28992,2.28999,2.28941,2.2895,274
2025-09-01 07:20:00,2.28954,2.28972,2.28926,2.2894,216
2025-09-01 07:25:00,2.28939,2.29044,2.28931,2.2903000000000002,271
2025-09-01 07:30:00,2.29033,2.29085,2.29018,2.29071,297
2025-09-01 07:35:00,2.29069,2.29075,2.28991,2.29041,328
2025-09-01 07:40:00,2.29041,2.29063,2.29021,2.29022,303
2025-09-01 07:45:00,2.29022,2.29056,2.29009,2.29052,254
2025-09-01 07:50:00,2.29056,2.2908,2.29044,2.29053,222
2025-09-01 07:55:00,2.29053,2.29072,2.29031,2.29066,192
2025-09-01 08:00:00,2.29068,2.29068,2.2899,2.29004,243
2025-09-01 08:05:00,2.29007,2.29085,2.28999,2.29076,268
2025-09-01 08:10:00,2.29076,2.29113,2.2903000000000002,2.2904,293
2025-09-01 08:15:00,2.29039,2.29089,2.29039,2.29083,226
2025-09-01 08:20:00,2.2908,2.29117,2.29059,2.29096,274
2025-09-01 08:25:00,2.29095,2.29127,2.2909100000000002,2.29124,303
2025-09-01 08:30:00,2.29124,2.29124,2.29049,2.29081,311
2025-09-01 08:35:00,2.2908,2.29116,2.29065,2.2909100000000002,304
2025-09-01 08:40:00,2.29092,2.29171,2.29071,2.29166,315
2025-09-01 08:45:00,2.29166,2.29166,2.29127,2.2915200000000002,356
2025-09-01 08:50:00,2.29154,2.29171,2.29139,2.29153,335
2025-09-01 08:55:00,2.29153,2.29157,2.2914,2.29149,318
2025-09-01 09:00:00,2.29149,2.29239,2.2914,2.29239,416
2025-09-01 09:05:00,2.29239,2.29297,2.2923,2.29249,521
2025-09-01 09:10:00,2.29251,2.2928100000000002,2.29175,2.29269,441
2025-09-01 09:15:00,2.2927400000000002,2.29346,2.29254,2.2934200000000002,421
2025-09-01 09:20:00,2.2934200000000002,2.29374,2.29322,2.29358,322
2025-09-01 09:25:00,2.29358,2.29414,2.29344,2.29411,335
2025-09-01 09:30:00,2.29411,2.29439,2.29378,2.294,368
2025-09-01 09:35:00,2.294,2.29422,2.2934,2.29369,497
2025-09-01 09:40:00,2.29369,2.29384,2.29328,2.29381,411
2025-09-01 09:45:00,2.29381,2.2943,2.29341,2.29368,400
2025-09-01 09:50:00,2.29368,2.29417,2.29368,2.29384,430
2025-09-01 09:55:00,2.29384,2.29432,2.29374,2.29424,424
2025-09-01 10:00:00,2.29424,2.29476,2.29397,2.29442,485
2025-09-01 10:05:00,2.29442,2.29566,2.29433,2.29534,447
2025-09-01 10:10:00,2.29536,2.29566,2.29506,2.29531,465
2025-09-01 10:15:00,2.29531,2.2954499999999998,2.2941599999999998,2.2941599999999998,452
2025-09-01 10:20:00,2.29412,2.29425,2.29347,2.2939,425
2025-09-01 10:25:00,2.29391,2.2941,2.29345,2.29392,365
2025-09-01 10:30:00,2.29391,2.29401,2.29238,2.29258,354
2025-09-01 10:35:00,2.29258,2.2926,2.29211,2.29222,367
2025-09-01 10:40:00,2.29234,2.29275,2.29217,2.29263,398
2025-09-01 10:45:00,2.29263,2.29305,2.29232,2.29297,321
2025-09-01 10:50:00,2.29295,2.29296,2.29228,2.29254,321
2025-09-01 10:55:00,2.29251,2.29261,2.29205,2.29228,405
2025-09-01 11:00:00,2.29227,2.29244,2.29135,2.29137,482
2025-09-01 11:05:00,2.29137,2.29165,2.29088,2.29094,385
2025-09-01 11:10:00,2.29093,2.2911099999999998,2.29073,2.29096,433
2025-09-01 11:15:00,2.29101,2.2914,2.29062,2.2909800000000002,401
2025-09-01 11:20:00,2.29106,2.29109,2.29027,2.2903700000000002,367
2025-09-01 11:25:00,2.2903700000000002,2.29046,2.28945,2.28968,364
2025-09-01 11:30:00,2.2897,2.29031,2.2897,2.29003,368
2025-09-01 11:35:00,2.29003,2.29013,2.28902,2.28927,405
2025-09-01 11:40:00,2.28926,2.28953,2.28891,2.28903,454
2025-09-01 11:45:00,2.28903,2.28968,2.28872,2.28922,407
2025-09-01 11:50:00,2.28922,2.28936,2.28809,2.28839,516
2025-09-01 11:55:00,2.28839,2.28849,2.28805,2.28843,352
2025-09-01 12:00:00,2.28839,2.28888,2.28829,2.28883,452
2025-09-01 12:05:00,2.28883,2.2889,2.28819,2.28829,495
2025-09-01 12:10:00,2.28821,2.28843,2.28776,2.28783,495
2025-09-01 12:15:00,2.28776,2.28784,2.2872500000000002,2.28755,512
2025-09-01 12:20:00,2.28749,2.28803,2.28749,2.28771,418
2025-09-01 12:25:00,2.28771,2.28876,2.28755,2.28875,382
2025-09-01 12:30:00,2.28878,2.28951,2.2886699999999998,2.28924,367
2025-09-01 12:35:00,2.28924,2.28941,2.28884,2.2893499999999998,312
2025-09-01 12:40:00,2.2893499999999998,2.29014,2.28906,2.29006,334
2025-09-01 12:45:00,2.29009,2.29042,2.28947,2.28953,322
2025-09-01 12:50:00,2.28957,2.29009,2.2895,2.28954,347
2025-09-01 12:55:00,2.28948,2.28973,2.28863,2.28877,459
2025-09-01 13:00:00,2.28877,2.28897,2.28814,2.28835,340
2025-09-01 13:05:00,2.28835,2.2885400000000002,2.28795,2.28816,252
2025-09-01 13:10:00,2.2882,2.2886699999999998,2.2879,2.2885,280
2025-09-01 13:15:00,2.2885,2.289,2.28837,2.2887,305
2025-09-01 13:20:00,2.2887,2.28877,2.28841,2.2885400000000002,346
2025-09-01 13:25:00,2.28855,2.28884,2.28841,2.28878,260
2025-09-01 13:30:00,2.28877,2.28912,2.28875,2.28904,375
2025-09-01 13:35:00,2.28904,2.28936,2.28876,2.28892,243
2025-09-01 13:40:00,2.28892,2.28912,2.28871,2.28896,317
2025-09-01 13:45:00,2.28896,2.28947,2.28869,2.28932,344
2025-09-01 13:50:00,2.28932,2.28966,2.28904,2.28953,315
2025-09-01 13:55:00,2.28956,2.28972,2.289,2.2891500000000002,354
2025-09-01 14:00:00,2.28902,2.2898899999999998,2.28898,2.28971,343
2025-09-01 14:05:00,2.28972,2.2902,2.28942,2.2901,346
2025-09-01 14:10:00,2.29014,2.29038,2.28972,2.29038,370
2025-09-01 14:15:00,2.29038,2.2909,2.29033,2.29084,303
2025-09-01 14:20:00,2.29086,2.29169,2.29081,2.29163,269
2025-09-01 14:25:00,2.29163,2.29166,2.29108,2.29112,235
2025-09-01 14:30:00,2.29107,2.2912,2.29088,2.2911,261
2025-09-01 14:35:00,2.2911,2.29115,2.29049,2.29088,356
2025-09-01 14:40:00,2.29087,2.29109,2.29036,2.29056,311
2025-09-01 14:45:00,2.29054,2.2909100000000002,2.29031,2.29039,242
2025-09-01 14:50:00,2.29039,2.29041,2.28931,2.28964,261
2025-09-01 14:55:00,2.28962,2.28988,2.28898,2.28984,500
2025-09-01 15:00:00,2.28984,2.29161,2.28984,2.29158,357
2025-09-01 15:05:00,2.29158,2.29245,2.29155,2.29223,285
2025-09-01 15:10:00,2.29224,2.29228,2.29175,2.29203,303
2025-09-01 15:15:00,2.29204,2.29236,2.29186,2.29193,301
2025-09-01 15:20:00,2.29193,2.29205,2.2915,2.29176,288
2025-09-01 15:25:00,2.29176,2.29246,2.29169,2.29223,260
2025-09-01 15:30:00,2.29222,2.2923,2.2916,2.2916,315
2025-09-01 15:35:00,2.2916,2.29197,2.29144,2.29168,348
2025-09-01 15:40:00,2.29169,2.29229,2.29163,2.29217,286
2025-09-01 15:45:00,2.2921300000000002,2.29267,2.2921300000000002,2.29267,384
2025-09-01 15:50:00,2.29267,2.29292,2.29241,2.29287,356
2025-09-01 15:55:00,2.29287,2.29303,2.2923999999999998,2.29303,393
2025-09-01 16:00:00,2.29304,2.29375,2.2930099999999998,2.29336,380
2025-09-01 16:05:00,2.29332,2.2936199999999998,2.29302,2.29323,326
2025-09-01 16:10:00,2.29321,2.29482,2.29316,2.29478,361
2025-09-01 16:15:00,2.2948,2.29497,2.29445,2.29456,421
2025-09-01 16:20:00,2.29458,2.29474,2.29442,2.29452,349
2025-09-01 16:25:00,2.29452,2.29455,2.29389,2.29399,378
2025-09-01 16:30:00,2.29399,2.29434,2.29346,2.2941599999999998,352
2025-09-01 16:35:00,2.2941599999999998,2.29428,2.29336,2.29373,423
2025-09-01 16:40:00,2.29373,2.29436,2.29363,2.29429,284
2025-09-01 16:45:00,2.29429,2.29457,2.29406,2.29445,279
2025-09-01 16:50:00,2.29449,2.29481,2.29431,2.29481,269
2025-09-01 16:55:00,2.29483,2.29506,2.29422,2.29432,311
2025-09-01 17:00:00,2.29432,2.29445,2.29395,2.29405,351
2025-09-01 17:05:00,2.29405,2.29432,2.29358,2.29421,307
2025-09-01 17:10:00,2.29421,2.29429,2.29391,2.29414,363
2025-09-01 17:15:00,2.29414,2.29469,2.29406,2.29456,314
2025-09-01 17:20:00,2.29456,2.29476,2.29411,2.2941599999999998,309
2025-09-01 17:25:00,2.2941599999999998,2.29495,2.29412,2.2945,289
2025-09-01 17:30:00,2.29448,2.29493,2.2943,2.29446,290
2025-09-01 17:35:00,2.29449,2.29495,2.29441,2.29479,270
2025-09-01 17:40:00,2.29482,2.29501,2.29434,2.29439,300
2025-09-01 17:45:00,2.29439,2.29482,2.29426,2.29467,322
2025-09-01 17:50:00,2.29467,2.29533,2.29465,2.29518,509
2025-09-01 17:55:00,2.29516,2.2954499999999998,2.29404,2.29408,520
2025-09-01 18:00:00,2.29408,2.29463,2.29394,2.29436,526
2025-09-01 18:05:00,2.29438,2.29448,2.29379,2.29384,321
2025-09-01 18:10:00,2.29384,2.29457,2.29372,2.29437,325
2025-09-01 18:15:00,2.29434,2.29447,2.29406,2.29419,341
2025-09-01 18:20:00,2.29422,2.29439,2.29394,2.29407,207
2025-09-01 18:25:00,2.29407,2.29512,2.29399,2.29504,295
2025-09-01 18:30:00,2.29505,2.29515,2.29458,2.29476,305
2025-09-01 18:35:00,2.29476,2.29517,2.29465,2.295,256
2025-09-01 18:40:00,2.295,2.2951,2.29451,2.2946400000000002,194
2025-09-01 18:45:00,2.2946400000000002,2.29493,2.29459,2.29473,170
2025-09-01 18:50:00,2.29473,2.295,2.29465,2.295,189
2025-09-01 18:55:00,2.295,2.29519,2.29442,2.29451,215
2025-09-01 19:00:00,2.29451,2.29523,2.29431,2.29519,246
2025-09-01 19:05:00,2.29523,2.29584,2.295,2.29584,241
2025-09-01 19:10:00,2.29584,2.2959300000000002,2.29563,2.29585,185
2025-09-01 19:15:00,2.29583,2.29628,2.29573,2.2958600000000002,167
2025-09-01 19:20:00,2.29583,2.29597,2.29505,2.29524,204
2025-09-01 19:25:00,2.29528,2.29533,2.2946400000000002,2.29487,219
2025-09-01 19:30:00,2.29487,2.29487,2.29436,2.2946,196
2025-09-01 19:35:00,2.2946,2.29461,2.29402,2.29448,262
2025-09-01 19:40:00,2.29444,2.29461,2.29418,2.29454,163
2025-09-01 19:45:00,2.29454,2.29476,2.29427,2.29472,115
2025-09-01 19:50:00,2.29472,2.29481,2.29432,2.29468,133
2025-09-01 19:55:00,2.29469,2.29478,2.29418,2.29427,207
2025-09-01 20:00:00,2.29429,2.29458,2.29422,2.29443,193
2025-09-01 20:05:00,2.29443,2.29456,2.29426,2.29447,152
2025-09-01 20:10:00,2.29447,2.29475,2.2943,2.29463,154
2025-09-01 20:15:00,2.29467,2.29495,2.29454,2.2949,178
2025-09-01 20:20:00,2.2949,2.29508,2.2948,2.29497,174
2025-09-01 20:25:00,2.29497,2.29504,2.2947699999999998,2.29498,145
2025-09-01 20:30:00,2.29494,2.295,2.29466,2.295,157
2025-09-01 20:35:00,2.295,2.29503,2.2947,2.2949,103
2025-09-01 20:40:00,2.2949,2.29509,2.2948,2.29509,85
2025-09-01 20:45:00,2.29524,2.29543,2.29504,2.2953,93
2025-09-01 20:50:00,2.29528,2.29541,2.29512,2.29527,194
2025-09-01 20:55:00,2.29527,2.29533,2.29483,2.29501,170
2025-09-01 21:00:00,2.29505,2.29509,2.29478,2.29502,120
2025-09-01 21:05:00,2.29502,2.2951,2.29478,2.29506,260
2025-09-01 21:10:00,2.29506,2.29521,2.29476,2.29495,161
2025-09-01 21:15:00,2.29493,2.29493,2.29462,2.2948,108
2025-09-01 21:20:00,2.2948,2.29496,2.2946400000000002,2.29475,145
2025-09-01 21:25:00,2.29479,2.29509,2.29472,2.29505,140
2025-09-01 21:30:00,2.29505,2.29512,2.29485,2.29497,92
2025-09-01 21:35:00,2.29501,2.29515,2.29485,2.29508,79
2025-09-01 21:40:00,2.29506,2.29515,2.29472,2.29499,115
2025-09-01 21:45:00,2.29499,2.29513,2.29474,2.29511,143
2025-09-01 21:50:00,2.29511,2.29514,2.29474,2.29493,101
2025-09-01 21:55:00,2.29495,2.29495,2.29445,2.2948399999999998,135
2025-09-01 22:00:00,2.2949,2.29493,2.2946,2.29466,129
2025-09-01 22:05:00,2.2947,2.29485,2.29456,2.29462,133
2025-09-01 22:10:00,2.29465,2.29485,2.2945,2.29466,132
2025-09-01 22:15:00,2.29466,2.29495,2.29448,2.29467,105
2025-09-01 22:20:00,2.2947100000000002,2.29508,2.29457,2.29496,100
2025-09-01 22:25:00,2.29496,2.295,2.2947100000000002,2.29485,108
2025-09-01 22:30:00,2.29485,2.29496,2.29459,2.29483,99
2025-09-01 22:35:00,2.29479,2.2948399999999998,2.29438,2.29466,147
2025-09-01 22:40:00,2.2946400000000002,2.29474,2.29444,2.2946,152
2025-09-01 22:45:00,2.29466,2.2947,2.29435,2.2946,172
2025-09-01 22:50:00,2.2946400000000002,2.2947,2.29429,2.29448,109
2025-09-01 22:55:00,2.29448,2.2945,2.29408,2.29432,142
2025-09-01 23:00:00,2.29435,2.29462,2.29412,2.2945,172
2025-09-01 23:05:00,2.2945,2.29467,2.2944,2.29453,107
2025-09-01 23:10:00,2.29455,2.29483,2.29439,2.29475,140
2025-09-01 23:15:00,2.29475,2.29487,2.29452,2.29482,183
2025-09-01 23:20:00,2.29487,2.29514,2.29473,2.29514,131
2025-09-01 23:25:00,2.2951,2.29537,2.29469,2.29488,87
2025-09-01 23:30:00,2.29493,2.295,2.29448,2.29478,190
2025-09-01 23:35:00,2.29474,2.29478,2.29446,2.29467,195
2025-09-01 23:40:00,2.29199,2.29209,2.29185,2.29192,93
2025-09-01 23:45:00,2.2919,2.29221,2.29166,2.29166,107
2025-09-01 23:50:00,2.29169,2.29185,2.29164,2.29164,84
2025-09-01 23:55:00,2.29168,2.29183,2.29106,2.29132,141
2025-09-02 00:00:00,2.29141,2.2928100000000002,2.29131,2.2928100000000002,7
2025-09-02 00:05:00,2.29232,2.29291,2.29146,2.29197,32
2025-09-02 00:10:00,2.29197,2.29197,2.29196,2.29196,6
2025-09-02 00:15:00,2.29196,2.29206,2.2915200000000002,2.29205,13
2025-09-02 00:20:00,2.29212,2.29244,2.29175,2.29229,101
2025-09-02 00:25:00,2.29229,2.29261,2.29208,2.29214,113
2025-09-02 00:30:00,2.2921,2.29272,2.2921,2.29237,91
2025-09-02 00:35:00,2.29235,2.29237,2.29182,2.29189,135
2025-09-02 00:40:00,2.29189,2.29252,2.29183,2.29246,65
2025-09-02 00:45:00,2.29227,2.29285,2.29217,2.29241,271
2025-09-02 00:50:00,2.29243,2.29287,2.29242,2.2927400000000002,123
2025-09-02 00:55:00,2.29396,2.29398,2.29224,2.29253,173
2025-09-02 01:00:00,2.29272,2.2947,2.29272,2.29466,154
2025-09-02 01:05:00,2.29455,2.2951,2.29442,2.29501,138
2025-09-02 01:10:00,2.29497,2.29505,2.29487,2.29496,112
2025-09-02 01:15:00,2.29497,2.29506,2.2947100000000002,2.2948399999999998,176
2025-09-02 01:20:00,2.29482,2.29505,2.2947,2.2947699999999998,125
2025-09-02 01:25:00,2.29478,2.29509,2.2947100000000002,2.29499,121
2025-09-02 01:30:00,2.295,2.295,2.29443,2.2945,89
2025-09-02 01:35:00,2.2945,2.29455,2.29431,2.29448,101
2025-09-02 01:40:00,2.29448,2.2946,2.29438,2.29449,97
2025-09-02 01:45:00,2.29449,2.29451,2.29408,2.29426,106
2025-09-02 01:50:00,2.29424,2.29426,2.29368,2.29395,128
2025-09-02 01:55:00,2.29395,2.29418,2.29393,2.29402,110
2025-09-02 02:00:00,2.29402,2.29456,2.29395,2.29456,137
2025-09-02 02:05:00,2.29451,2.29455,2.29435,2.29447,82
2025-09-02 02:10:00,2.29449,2.29456,2.29398,2.29414,76
2025-09-02 02:15:00,2.29414,2.29443,2.29407,2.29432,84
2025-09-02 02:20:00,2.29429,2.29432,2.29353,2.2937,172
2025-09-02 02:25:00,2.2937,2.29391,2.29332,2.29363,162
2025-09-02 02:30:00,2.29364,2.29375,2.29351,2.29373,86
2025-09-02 02:35:00,2.29373,2.29392,2.29324,2.29359,111
2025-09-02 02:40:00,2.29359,2.29389,2.29345,2.29375,98
2025-09-02 02:45:00,2.29373,2.29388,2.29333,2.29344,157
2025-09-02 02:50:00,2.29348,2.29366,2.29331,2.29366,166
2025-09-02 02:55:00,2.29364,2.29374,2.29341,2.29361,191
2025-09-02 03:00:00,2.29368,2.29368,2.29269,2.29296,317
2025-09-02 03:05:00,2.29298,2.29348,2.29276,2.29322,369
2025-09-02 03:10:00,2.29324,2.2939,2.29313,2.29372,402
2025-09-02 03:15:00,2.29371,2.29376,2.29314,2.29334,356
2025-09-02 03:20:00,2.29334,2.2935499999999998,2.2931,2.29322,272
2025-09-02 03:25:00,2.29318,2.2936199999999998,2.29309,2.29345,294
2025-09-02 03:30:00,2.29343,2.2935,2.29271,2.2928100000000002,281
2025-09-02 03:35:00,2.2928100000000002,2.29314,2.2927400000000002,2.293,336
2025-09-02 03:40:00,2.29296,2.2932,2.29272,2.29272,313
2025-09-02 03:45:00,2.29276,2.29349,2.29264,2.29348,367
2025-09-02 03:50:00,2.29348,2.29369,2.29285,2.2930099999999998,411
2025-09-02 03:55:00,2.29292,2.29305,2.29256,2.29268,418
2025-09-02 04:00:00,2.2927,2.29448,2.29263,2.2942299999999998,390
2025-09-02 04:05:00,2.2942299999999998,2.29441,2.2938,2.29408,397
2025-09-02 04:10:00,2.29409,2.2943,2.29385,2.29417,341
2025-09-02 04:15:00,2.29413,2.29463,2.2940300000000002,2.2944,353
2025-09-02 04:20:00,2.2944,2.29454,2.29412,2.2941599999999998,326
2025-09-02 04:25:00,2.2941599999999998,2.29503,2.2938,2.29481,353
2025-09-02 04:30:00,2.29481,2.29555,2.29457,2.29552,676
2025-09-02 04:35:00,2.29551,2.29622,2.2953799999999998,2.29569,549
2025-09-02 04:40:00,2.29571,2.29571,2.29506,2.2953200000000002,445
2025-09-02 04:45:00,2.2953,2.29587,2.2953,2.29581,457
2025-09-02 04:50:00,2.29581,2.29604,2.29554,2.29558,400
2025-09-02 04:55:00,2.29558,2.29619,2.29556,2.29589,361
2025-09-02 05:00:00,2.29612,2.297,2.2960599999999998,2.29688,463
2025-09-02 05:05:00,2.29702,2.29712,2.29639,2.29648,473
2025-09-02 05:10:00,2.29648,2.29671,2.29603,2.29615,349
2025-09-02 05:15:00,2.29615,2.29624,2.29516,2.29562,432
2025-09-02 05:20:00,2.29558,2.29575,2.29504,2.29508,305
2025-09-02 05:25:00,2.29504,2.29529,2.295,2.29506,234
2025-09-02 05:30:00,2.29506,2.2954,2.29498,2.29534,295
2025-09-02 05:35:00,2.29529,2.29544,2.29491,2.29516,280
2025-09-02 05:40:00,2.29518,2.2953,2.29495,2.29509,259
2025-09-02 05:45:00,2.2951,2.29515,2.29447,2.2946400000000002,299
2025-09-02 05:50:00,2.29459,2.29501,2.29448,2.29467,277
2025-09-02 05:55:00,2.29463,2.2952500000000002,2.29456,2.29514,330
2025-09-02 06:00:00,2.2952500000000002,2.29553,2.29505,2.2951,324
2025-09-02 06:05:00,2.29512,2.29541,2.29489,2.29531,260
2025-09-02 06:10:00,2.2954,2.29564,2.2952,2.29559,255
2025-09-02 06:15:00,2.29555,2.29594,2.29549,2.29594,274
2025-09-02 06:20:00,2.29592,2.29678,2.29585,2.29672,254
2025-09-02 06:25:00,2.29677,2.29685,2.29659,2.2968,198
2025-09-02 06:30:00,2.29682,2.29722,2.29681,2.29691,218
2025-09-02 06:35:00,2.29691,2.29716,2.29678,2.29698,329
2025-09-02 06:40:00,2.29698,2.29747,2.29689,2.29736,274
2025-09-02 06:45:00,2.29736,2.29764,2.2972799999999998,2.29751,224
2025-09-02 06:50:00,2.29752,2.29752,2.29683,2.29694,239
2025-09-02 06:55:00,2.29691,2.29732,2.29679,2.29703,287
2025-09-02 07:00:00,2.29707,2.29757,2.29678,2.29705,258
2025-09-02 07:05:00,2.29705,2.29756,2.297,2.29738,208
2025-09-02 07:10:00,2.29736,2.29777,2.29719,2.2977600000000002,224
2025-09-02 07:15:00,2.29777,2.29818,2.2976900000000002,2.29811,312
2025-09-02 07:20:00,2.29815,2.29869,2.29783,2.29863,218
2025-09-02 07:25:00,2.29863,2.29903,2.29859,2.29897,183
2025-09-02 07:30:00,2.29897,2.2992,2.29871,2.29907,260
2025-09-02 07:35:00,2.29905,2.29925,2.29869,2.29902,346
2025-09-02 07:40:00,2.29902,2.2992,2.29869,2.29876,249
2025-09-02 07:45:00,2.29876,2.2990399999999998,2.29854,2.29866,243
2025-09-02 07:50:00,2.29866,2.29882,2.2983000000000002,2.29855,250
2025-09-02 07:55:00,2.29855,2.2986,2.29824,2.29842,213
2025-09-02 08:00:00,2.29842,2.29844,2.29747,2.29774,269
2025-09-02 08:05:00,2.29774,2.29827,2.2976900000000002,2.29788,276
2025-09-02 08:10:00,2.2979,2.29824,2.29786,2.29813,251
2025-09-02 08:15:00,2.29809,2.29864,2.29806,2.2986,243
2025-09-02 08:20:00,2.29865,2.29871,2.2979,2.29809,276
2025-09-02 08:25:00,2.29813,2.29841,2.29784,2.29799,220
2025-09-02 08:30:00,2.29792,2.29835,2.29771,2.29832,433
2025-09-02 08:35:00,2.29835,2.29858,2.29805,2.29855,330
2025-09-02 08:40:00,2.29852,2.29856,2.2978899999999998,2.29797,319
2025-09-02 08:45:00,2.29799,2.29802,2.2972799999999998,2.29739,373
2025-09-02 08:50:00,2.29738,2.29781,2.29731,2.29771,287
2025-09-02 08:55:00,2.29775,2.298,2.29758,2.29795,297
2025-09-02 09:00:00,2.29768,2.29827,2.2975,2.29808,508
2025-09-02 09:05:00,2.29808,2.29846,2.29772,2.2983000000000002,394
2025-09-02 09:10:00,2.2983000000000002,2.29835,2.29798,2.29817,299
2025-09-02 09:15:00,2.29809,2.29809,2.29713,2.29743,319
2025-09-02 09:20:00,2.29743,2.29772,2.29703,2.29742,346
2025-09-02 09:25:00,2.29742,2.29742,2.29693,2.2971500000000002,334
2025-09-02 09:30:00,2.29713,2.29808,2.29709,2.29796,388
2025-09-02 09:35:00,2.29794,2.29841,2.29748,2.29768,321
2025-09-02 09:40:00,2.29766,2.2976900000000002,2.29699,2.29754,443
2025-09-02 09:45:00,2.29759,2.29791,2.29746,2.29762,359
2025-09-02 09:50:00,2.29766,2.29811,2.29736,2.29808,345
2025-09-02 09:55:00,2.29808,2.29836,2.29791,2.29834,374
2025-09-02 10:00:00,2.29826,2.29857,2.29632,2.29642,436
2025-09-02 10:05:00,2.29641,2.29642,2.29444,2.29444,520
2025-09-02 10:10:00,2.29447,2.29447,2.28992,2.29033,804
2025-09-02 10:15:00,2.29035,2.29196,2.28973,2.29126,776
2025-09-02 10:20:00,2.29124,2.29205,2.29054,2.29065,756
2025-09-02 10:25:00,2.29064,2.29259,2.2904,2.29178,852
2025-09-02 10:30:00,2.2917899999999998,2.2930099999999998,2.29134,2.2915200000000002,851
2025-09-02 10:35:00,2.29158,2.2921300000000002,2.29029,2.29089,818
2025-09-02 10:40:00,2.29089,2.29194,2.29031,2.29167,782
2025-09-02 10:45:00,2.29168,2.29238,2.2912,2.29227,666
2025-09-02 10:50:00,2.29238,2.2926,2.28939,2.28972,990
2025-09-02 10:55:00,2.28975,2.28991,2.28849,2.28985,987
2025-09-02 11:00:00,2.28985,2.29046,2.28795,2.28803,934
2025-09-02 11:05:00,2.28803,2.2887399999999998,2.28615,2.28756,921
2025-09-02 11:10:00,2.28758,2.29071,2.28754,2.28994,861
2025-09-02 11:15:00,2.28993,2.29034,2.2892,2.28956,701
2025-09-02 11:20:00,2.28956,2.28987,2.28865,2.28912,640
2025-09-02 11:25:00,2.28912,2.28912,2.28785,2.28811,762
2025-09-02 11:30:00,2.28811,2.2898,2.28797,2.2896900000000002,709
2025-09-02 11:35:00,2.28964,2.29025,2.28942,2.28962,606
2025-09-02 11:40:00,2.28959,2.29044,2.28912,2.28944,685
2025-09-02 11:45:00,2.28942,2.28958,2.28821,2.28878,597
2025-09-02 11:50:00,2.28883,2.28939,2.28851,2.28886,614
2025-09-02 11:55:00,2.28886,2.28964,2.28841,2.28952,557
2025-09-02 12:00:00,2.28951,2.28982,2.28922,2.28957,589
2025-09-02 12:05:00,2.28957,2.28983,2.2891,2.28923,598
2025-09-02 12:10:00,2.28925,2.28972,2.28862,2.28878,590
2025-09-02 12:15:00,2.28877,2.28902,2.28819,2.28834,543
2025-09-02 12:20:00,2.28837,2.28924,2.28736,2.28805,636
2025-09-02 12:25:00,2.28803,2.28912,2.28763,2.28883,663
2025-09-02 12:30:00,2.28879,2.2892799999999998,2.28817,2.28916,608
2025-09-02 12:35:00,2.28913,2.28934,2.28835,2.2887399999999998,640
2025-09-02 12:40:00,2.2886699999999998,2.28901,2.28826,2.28863,456
2025-09-02 12:45:00,2.28863,2.28884,2.28824,2.28856,544
2025-09-02 12:50:00,2.28856,2.2889,2.288,2.28822,486
2025-09-02 12:55:00,2.28818,2.2885400000000002,2.2871,2.28728,583
2025-09-02 13:00:00,2.28728,2.2873200000000002,2.28601,2.28625,557
2025-09-02 13:05:00,2.28625,2.2868399999999998,2.2851,2.28651,564
2025-09-02 13:10:00,2.2865,2.28711,2.28638,2.28689,522
2025-09-02 13:15:00,2.2869099999999998,2.28738,2.28649,2.28652,501
2025-09-02 13:20:00,2.28652,2.28678,2.28592,2.28608,478
2025-09-02 13:25:00,2.28612,2.28636,2.2859,2.28596,447
2025-09-02 13:30:00,2.28596,2.28635,2.28563,2.28602,457
2025-09-02 13:35:00,2.28602,2.28657,2.28587,2.28631,506
2025-09-02 13:40:00,2.28631,2.28652,2.28591,2.28602,471
2025-09-02 13:45:00,2.28602,2.28672,2.28552,2.28552,472
2025-09-02 13:50:00,2.28556,2.28567,2.28391,2.28478,612
2025-09-02 13:55:00,2.28478,2.28493,2.28337,2.28422,529
2025-09-02 14:00:00,2.28417,2.28426,2.28329,2.28377,665
2025-09-02 14:05:00,2.2837899999999998,2.2838,2.2831099999999998,2.28327,506
2025-09-02 14:10:00,2.28325,2.2838,2.28317,2.28374,502
2025-09-02 14:15:00,2.28372,2.28452,2.28367,2.28403,442
2025-09-02 14:20:00,2.28392,2.28598,2.28384,2.28588,527
2025-09-02 14:25:00,2.2859,2.28673,2.2857,2.28636,498
2025-09-02 14:30:00,2.2864,2.28668,2.2854900000000002,2.28553,543
2025-09-02 14:35:00,2.2854900000000002,2.28564,2.28475,2.2854,446
2025-09-02 14:40:00,2.28535,2.28556,2.28485,2.28497,510
2025-09-02 14:45:00,2.28497,2.28533,2.28474,2.28505,381
2025-09-02 14:50:00,2.28505,2.28507,2.2843,2.28455,393
2025-09-02 14:55:00,2.28455,2.2856,2.28435,2.28535,512
2025-09-02 15:00:00,2.28535,2.28634,2.28498,2.2861000000000002,648
2025-09-02 15:05:00,2.28614,2.2862299999999998,2.28534,2.28536,609
2025-09-02 15:10:00,2.2854,2.28575,2.28512,2.28561,511
2025-09-02 15:15:00,2.2856199999999998,2.28577,2.28439,2.2845,697
2025-09-02 15:20:00,2.28449,2.28534,2.28413,2.285,763
2025-09-02 15:25:00,2.28504,2.28572,2.28467,2.28553,702
2025-09-02 15:30:00,2.28555,2.28556,2.28428,2.28469,585
2025-09-02 15:35:00,2.28467,2.28503,2.28372,2.28412,722
2025-09-02 15:40:00,2.28412,2.28459,2.28354,2.28369,672
2025-09-02 15:45:00,2.28367,2.28453,2.28363,2.28425,608
2025-09-02 15:50:00,2.28425,2.28512,2.28414,2.28469,644
2025-09-02 15:55:00,2.28469,2.28645,2.28452,2.28558,791
2025-09-02 16:00:00,2.28558,2.28565,2.28456,2.28504,706
2025-09-02 16:05:00,2.28511,2.2860300000000002,2.28485,2.28543,703
2025-09-02 16:10:00,2.28544,2.2856199999999998,2.28462,2.285,626
2025-09-02 16:15:00,2.28502,2.28515,2.28383,2.28491,626
2025-09-02 16:20:00,2.28498,2.28531,2.28448,2.28482,521
2025-09-02 16:25:00,2.2848100000000002,2.28489,2.28431,2.28466,481
2025-09-02 16:30:00,2.28461,2.28538,2.28453,2.28486,707
2025-09-02 16:35:00,2.28484,2.2854200000000002,2.284,2.28516,749
2025-09-02 16:40:00,2.28521,2.28609,2.285,2.28551,671
2025-09-02 16:45:00,2.28559,2.28638,2.28527,2.2862999999999998,647
2025-09-02 16:50:00,2.2862999999999998,2.2862999999999998,2.28508,2.28551,653
2025-09-02 16:55:00,2.28548,2.2866400000000002,2.28519,2.28576,603
2025-09-02 17:00:00,2.28611,2.28633,2.28396,2.28577,884
2025-09-02 17:05:00,2.28578,2.28659,2.28543,2.28621,844
2025-09-02 17:10:00,2.28617,2.28624,2.2851,2.28586,785
2025-09-02 17:15:00,2.2859,2.2859,2.28464,2.28493,733
2025-09-02 17:20:00,2.28493,2.28516,2.2838,2.28394,704
2025-09-02 17:25:00,2.28395,2.28485,2.28388,2.28421,708
2025-09-02 17:30:00,2.28417,2.2848800000000002,2.2829800000000002,2.28415,776
2025-09-02 17:35:00,2.28415,2.2845,2.28383,2.28408,589
2025-09-02 17:40:00,2.28408,2.28507,2.28396,2.2848100000000002,559
2025-09-02 17:45:00,2.28477,2.28497,2.28397,2.28472,614
2025-09-02 17:50:00,2.28461,2.28461,2.28362,2.2837,611
2025-09-02 17:55:00,2.2837,2.2837,2.2822,2.28288,739
2025-09-02 18:00:00,2.28286,2.28346,2.2826,2.28346,592
2025-09-02 18:05:00,2.28346,2.28374,2.28268,2.28273,585
2025-09-02 18:10:00,2.28268,2.28278,2.28221,2.28251,666
2025-09-02 18:15:00,2.28251,2.28271,2.28179,2.2818300000000002,570
2025-09-02 18:20:00,2.2818300000000002,2.28291,2.28154,2.28251,529
2025-09-02 18:25:00,2.28253,2.28287,2.28214,2.28254,568
2025-09-02 18:30:00,2.28254,2.28299,2.28199,2.28224,569
2025-09-02 18:35:00,2.28227,2.28285,2.28177,2.2827,644
2025-09-02 18:40:00,2.2827,2.28321,2.28245,2.28299,508
2025-09-02 18:45:00,2.283,2.28316,2.2824400000000002,2.28288,486
2025-09-02 18:50:00,2.28288,2.2837899999999998,2.28288,2.28365,461
2025-09-02 18:55:00,2.28365,2.2839,2.28339,2.28362,484
2025-09-02 19:00:00,2.28362,2.28368,2.28278,2.28313,536
2025-09-02 19:05:00,2.28313,2.28334,2.28285,2.28308,476
2025-09-02 19:10:00,2.28308,2.28321,2.28271,2.28319,420
2025-09-02 19:15:00,2.28319,2.28362,2.28289,2.28304,506
2025-09-02 19:20:00,2.28302,2.28362,2.28285,2.28357,463
2025-09-02 19:25:00,2.28357,2.28362,2.28308,2.28336,451
2025-09-02 19:30:00,2.28336,2.2834,2.28283,2.28304,437
2025-09-02 19:35:00,2.28306,2.2831099999999998,2.28223,2.28258,416
2025-09-02 19:40:00,2.28254,2.28259,2.28204,2.28242,352
2025-09-02 19:45:00,2.28242,2.28254,2.28195,2.28246,356
2025-09-02 19:50:00,2.28246,2.28274,2.28208,2.28224,400
2025-09-02 19:55:00,2.28224,2.28303,2.28206,2.28291,462
2025-09-02 20:00:00,2.28285,2.283,2.28207,2.28211,406
2025-09-02 20:05:00,2.28215,2.2823700000000002,2.2817600000000002,2.28213,322
2025-09-02 20:10:00,2.28215,2.2823,2.28121,2.28136,439
2025-09-02 20:15:00,2.2814,2.28165,2.28121,2.28161,381
2025-09-02 20:20:00,2.28161,2.28181,2.28141,2.28177,287
2025-09-02 20:25:00,2.28177,2.28203,2.28154,2.28195,262
2025-09-02 20:30:00,2.28201,2.28241,2.28169,2.28174,325
2025-09-02 20:35:00,2.28178,2.28258,2.28174,2.28239,264
2025-09-02 20:40:00,2.2823700000000002,2.28265,2.28217,2.28247,320
2025-09-02 20:45:00,2.28247,2.28265,2.28216,2.28249,315
2025-09-02 20:50:00,2.28248,2.28288,2.28246,2.28283,326
2025-09-02 20:55:00,2.28279,2.2831799999999998,2.28247,2.283,412
2025-09-02 21:00:00,2.28308,2.28324,2.28265,2.28314,410
2025-09-02 21:05:00,2.28314,2.2836600000000002,2.28295,2.2836,385
2025-09-02 21:10:00,2.2836,2.2838,2.28309,2.2835900000000002,384
2025-09-02 21:15:00,2.2835900000000002,2.28376,2.28252,2.28272,398
2025-09-02 21:20:00,2.28268,2.28294,2.2824400000000002,2.28268,330
2025-09-02 21:25:00,2.28272,2.28279,2.28214,2.28243,363
2025-09-02 21:30:00,2.2824400000000002,2.28303,2.28234,2.28285,269
2025-09-02 21:35:00,2.28285,2.2830500000000002,2.28262,2.28286,253
2025-09-02 21:40:00,2.28282,2.28313,2.28265,2.28286,296
2025-09-02 21:45:00,2.2829800000000002,2.28327,2.28286,2.28304,291
2025-09-02 21:50:00,2.28307,2.28323,2.28263,2.28301,297
2025-09-02 21:55:00,2.28303,2.28338,2.28285,2.2832,312
2025-09-02 22:00:00,2.28323,2.28351,2.28287,2.28315,420
2025-09-02 22:05:00,2.28297,2.28327,2.28286,2.28323,331
2025-09-02 22:10:00,2.28323,2.28344,2.28294,2.28317,270
2025-09-02 22:15:00,2.28315,2.28344,2.28286,2.28344,305
2025-09-02 22:20:00,2.28344,2.28368,2.28319,2.28352,299
2025-09-02 22:25:00,2.28347,2.28363,2.2831799999999998,2.28326,299
2025-09-02 22:30:00,2.2833,2.28351,2.28293,2.28349,301
2025-09-02 22:35:00,2.28351,2.28351,2.28264,2.28274,250
2025-09-02 22:40:00,2.28301,2.28302,2.2825699999999998,2.28291,205
2025-09-02 22:45:00,2.28308,2.28331,2.2827,2.28325,252
2025-09-02 22:50:00,2.28328,2.28344,2.28293,2.28334,264
2025-09-02 22:55:00,2.28334,2.28337,2.28258,2.28266,302
2025-09-02 23:00:00,2.28266,2.28343,2.28266,2.28341,224
2025-09-02 23:05:00,2.28337,2.28343,2.28269,2.28278,233
2025-09-02 23:10:00,2.28274,2.2830500000000002,2.28247,2.28301,160
2025-09-02 23:15:00,2.28299,2.2831099999999998,2.2827,2.28282,204
2025-09-02 23:20:00,2.28293,2.28332,2.28287,2.2831799999999998,211
2025-09-02 23:25:00,2.28314,2.28319,2.28277,2.28304,235
2025-09-02 23:30:00,2.283,2.28309,2.28248,2.28274,227
2025-09-02 23:35:00,2.28274,2.28282,2.2823700000000002,2.28281,167
2025-09-02 23:40:00,2.28007,2.28038,2.28003,2.28018,146
2025-09-02 23:45:00,2.28014,2.28027,2.2799300000000002,2.28022,214
2025-09-02 23:50:00,2.28018,2.28029,2.28004,2.28026,205
2025-09-02 23:55:00,2.28022,2.28077,2.28019,2.28062,192
2025-09-03 00:00:00,2.28121,2.28141,2.28111,2.28141,5
2025-09-03 00:05:00,2.28141,2.28152,2.28111,2.2813499999999998,16
2025-09-03 00:10:00,2.2813499999999998,2.2813499999999998,2.2811,2.28133,22
2025-09-03 00:15:00,2.28134,2.28137,2.28094,2.2813,20
2025-09-03 00:20:00,2.28133,2.28141,2.28047,2.28109,170
2025-09-03 00:25:00,2.28109,2.28169,2.28096,2.28165,82
2025-09-03 00:30:00,2.28161,2.28162,2.28097,2.28131,85
2025-09-03 00:35:00,2.28131,2.28162,2.28121,2.28129,134
2025-09-03 00:40:00,2.28131,2.28167,2.28127,2.28151,231
2025-09-03 00:45:00,2.28151,2.28178,2.28138,2.2817,212
2025-09-03 00:50:00,2.28153,2.2818300000000002,2.2815,2.2818,203
2025-09-03 00:55:00,2.28181,2.28211,2.28153,2.28194,188
2025-09-03 01:00:00,2.28198,2.2837,2.28198,2.28339,190
2025-09-03 01:05:00,2.28353,2.28381,2.28351,2.28363,93
2025-09-03 01:10:00,2.28363,2.28367,2.2834,2.28363,106
2025-09-03 01:15:00,2.28367,2.28374,2.28346,2.28353,106
2025-09-03 01:20:00,2.28353,2.2836,2.28272,2.28302,140
2025-09-03 01:25:00,2.28302,2.28324,2.28281,2.28297,98
2025-09-03 01:30:00,2.28293,2.2831099999999998,2.2827,2.28286,109
2025-09-03 01:35:00,2.28286,2.28323,2.28277,2.28287,110
2025-09-03 01:40:00,2.28287,2.28313,2.28285,2.28291,85
2025-09-03 01:45:00,2.28275,2.28325,2.28275,2.28289,133
2025-09-03 01:50:00,2.28296,2.2831,2.28278,2.2829,113
2025-09-03 01:55:00,2.2829,2.28304,2.28269,2.28285,143
2025-09-03 02:00:00,2.28291,2.28291,2.28211,2.28233,194
2025-09-03 02:05:00,2.28233,2.2826,2.28211,2.2826,123
2025-09-03 02:10:00,2.28264,2.28279,2.2824400000000002,2.28258,83
2025-09-03 02:15:00,2.28258,2.28283,2.28242,2.28262,103
2025-09-03 02:20:00,2.28255,2.28292,2.28255,2.28276,110
2025-09-03 02:25:00,2.28278,2.28283,2.28241,2.28259,128
2025-09-03 02:30:00,2.28259,2.28326,2.28248,2.28295,128
2025-09-03 02:35:00,2.28295,2.28332,2.28274,2.28299,159
2025-09-03 02:40:00,2.28301,2.28313,2.28285,2.28292,132
2025-09-03 02:45:00,2.28294,2.28313,2.28274,2.28274,127
2025-09-03 02:50:00,2.28274,2.28303,2.28266,2.28269,171
2025-09-03 02:55:00,2.28269,2.28293,2.2824,2.28249,257
2025-09-03 03:00:00,2.28249,2.28263,2.2818300000000002,2.2818899999999998,331
2025-09-03 03:05:00,2.28191,2.28289,2.28185,2.28276,375
2025-09-03 03:10:00,2.28278,2.28342,2.28273,2.28308,332
2025-09-03 03:15:00,2.28308,2.28335,2.28292,2.28308,311
2025-09-03 03:20:00,2.28308,2.28337,2.28297,2.28297,322
2025-09-03 03:25:00,2.28301,2.28326,2.28293,2.28326,332
2025-09-03 03:30:00,2.28326,2.28436,2.28304,2.28436,319
2025-09-03 03:35:00,2.28445,2.28456,2.28396,2.28399,289
2025-09-03 03:40:00,2.28401,2.28409,2.28352,2.28361,288
2025-09-03 03:45:00,2.28361,2.28381,2.28332,2.28336,318
2025-09-03 03:50:00,2.28335,2.28348,2.2829,2.28303,397
2025-09-03 03:55:00,2.28302,2.28352,2.28287,2.28328,416
2025-09-03 04:00:00,2.28326,2.28331,2.28225,2.28243,441
2025-09-03 04:05:00,2.28241,2.28299,2.28236,2.28259,281
2025-09-03 04:10:00,2.28261,2.28276,2.28217,2.28263,329
2025-09-03 04:15:00,2.28259,2.28289,2.28245,2.28275,381
2025-09-03 04:20:00,2.28272,2.28302,2.28249,2.28296,357
2025-09-03 04:25:00,2.28296,2.28307,2.28229,2.28258,271
2025-09-03 04:30:00,2.28258,2.28258,2.28072,2.28125,551
2025-09-03 04:35:00,2.28125,2.28265,2.28113,2.28264,420
2025-09-03 04:40:00,2.28277,2.28301,2.28207,2.28216,378
2025-09-03 04:45:00,2.28216,2.28227,2.28163,2.28191,389
2025-09-03 04:50:00,2.28195,2.28226,2.28142,2.28161,366
2025-09-03 04:55:00,2.28163,2.28212,2.28151,2.28158,408
2025-09-03 05:00:00,2.28154,2.28236,2.28117,2.28227,325
2025-09-03 05:05:00,2.28226,2.2823700000000002,2.2815,2.28154,316
2025-09-03 05:10:00,2.28154,2.2818,2.28096,2.28139,327
2025-09-03 05:15:00,2.28138,2.28142,2.28077,2.28085,322
2025-09-03 05:20:00,2.28084,2.28111,2.2806100000000002,2.28111,351
2025-09-03 05:25:00,2.28106,2.28153,2.28106,2.28138,278
2025-09-03 05:30:00,2.28139,2.28191,2.28133,2.28169,310
2025-09-03 05:35:00,2.28169,2.28236,2.28158,2.28224,408
2025-09-03 05:40:00,2.28224,2.28234,2.28184,2.28198,406
2025-09-03 05:45:00,2.28199,2.28204,2.28171,2.28175,333
2025-09-03 05:50:00,2.28172,2.28199,2.2816,2.2816,236
2025-09-03 05:55:00,2.28158,2.28181,2.28143,2.28168,422
2025-09-03 06:00:00,2.28171,2.28175,2.28107,2.28109,338
2025-09-03 06:05:00,2.28113,2.28131,2.2808,2.28084,335
2025-09-03 06:10:00,2.28085,2.28113,2.28076,2.28096,271
2025-09-03 06:15:00,2.28092,2.2811,2.28072,2.28094,250
2025-09-03 06:20:00,2.28095,2.28121,2.2807,2.2809,275
2025-09-03 06:25:00,2.28093,2.28144,2.28085,2.2814,262
2025-09-03 06:30:00,2.28138,2.28149,2.28106,2.28119,344
2025-09-03 06:35:00,2.28117,2.28137,2.28072,2.2808,328
2025-09-03 06:40:00,2.2808,2.28092,2.28003,2.28043,266
2025-09-03 06:45:00,2.28043,2.28059,2.28008,2.28016,282
2025-09-03 06:50:00,2.28018,2.28038,2.28007,2.28034,254
2025-09-03 06:55:00,2.28036,2.28082,2.28027,2.28031,325
2025-09-03 07:00:00,2.28029,2.28047,2.27999,2.28031,304
2025-09-03 07:05:00,2.28031,2.28031,2.27991,2.2802,266
2025-09-03 07:10:00,2.2802,2.28041,2.2799300000000002,2.28021,313
2025-09-03 07:15:00,2.28021,2.28105,2.28016,2.28101,301
2025-09-03 07:20:00,2.28097,2.28137,2.28094,2.28105,367
2025-09-03 07:25:00,2.28106,2.28116,2.28016,2.2802,281
2025-09-03 07:30:00,2.28021,2.28022,2.27977,2.28014,276
2025-09-03 07:35:00,2.28014,2.28039,2.27992,2.28014,257
2025-09-03 07:40:00,2.28014,2.28041,2.2800599999999998,2.28023,234
2025-09-03 07:45:00,2.28023,2.28064,2.28007,2.28058,229
2025-09-03 07:50:00,2.28059,2.28101,2.2803,2.28079,269
2025-09-03 07:55:00,2.28079,2.28088,2.28016,2.28051,209
2025-09-03 08:00:00,2.28048,2.28107,2.28028,2.28095,227
2025-09-03 08:05:00,2.28092,2.28113,2.28037,2.28062,302
2025-09-03 08:10:00,2.28069,2.28131,2.28062,2.2809,304
2025-09-03 08:15:00,2.28092,2.28158,2.2809,2.28153,189
2025-09-03 08:20:00,2.28151,2.28168,2.28094,2.28124,218
2025-09-03 08:25:00,2.28125,2.28197,2.2811500000000002,2.28192,254
2025-09-03 08:30:00,2.28194,2.28202,2.28169,2.2817600000000002,293
2025-09-03 08:35:00,2.28175,2.28218,2.28168,2.2819599999999998,276
2025-09-03 08:40:00,2.28207,2.28293,2.28201,2.2829,358
2025-09-03 08:45:00,2.28286,2.28334,2.28278,2.28324,306
2025-09-03 08:50:00,2.28322,2.28347,2.2825699999999998,2.28259,336
2025-09-03 08:55:00,2.28259,2.283,2.28246,2.2825699999999998,423
2025-09-03 09:00:00,2.28255,2.28256,2.28209,2.28213,339
2025-09-03 09:05:00,2.28211,2.28242,2.28187,2.28236,401
2025-09-03 09:10:00,2.28236,2.2828,2.28227,2.2827,366
2025-09-03 09:15:00,2.28273,2.28355,2.28269,2.28336,411
2025-09-03 09:20:00,2.28336,2.28355,2.28294,2.28327,363
2025-09-03 09:25:00,2.28328,2.28405,2.28325,2.28397,285
2025-09-03 09:30:00,2.28393,2.2854,2.28391,2.28529,438
2025-09-03 09:35:00,2.28529,2.2866400000000002,2.28515,2.28654,436
2025-09-03 09:40:00,2.2865,2.28655,2.2858,2.28586,346
2025-09-03 09:45:00,2.28584,2.28588,2.28532,2.28548,328
2025-09-03 09:50:00,2.28546,2.28601,2.28538,2.28573,377
2025-09-03 09:55:00,2.28571,2.28599,2.2847,2.28487,463
2025-09-03 10:00:00,2.28489,2.2854900000000002,2.28383,2.2842700000000002,529
2025-09-03 10:05:00,2.2842700000000002,2.2842700000000002,2.28322,2.28335,395
2025-09-03 10:10:00,2.28331,2.28399,2.28285,2.28308,509
2025-09-03 10:15:00,2.28308,2.28346,2.28121,2.28138,783
2025-09-03 10:20:00,2.28152,2.28316,2.28117,2.28314,733
2025-09-03 10:25:00,2.2831,2.28396,2.28293,2.28295,562
2025-09-03 10:30:00,2.2830500000000002,2.28308,2.2812200000000002,2.28158,582
2025-09-03 10:35:00,2.28158,2.28172,2.28116,2.28166,602
2025-09-03 10:40:00,2.28166,2.2819599999999998,2.28076,2.28076,538
2025-09-03 10:45:00,2.28076,2.28095,2.27998,2.28087,580
2025-09-03 10:50:00,2.28087,2.28154,2.2807399999999998,2.28127,505
2025-09-03 10:55:00,2.28131,2.28178,2.28065,2.28144,551
2025-09-03 11:00:00,2.28153,2.28201,2.28099,2.28142,677
2025-09-03 11:05:00,2.28142,2.2822,2.28141,2.28212,622
2025-09-03 11:10:00,2.28215,2.28223,2.28171,2.28208,598
2025-09-03 11:15:00,2.28208,2.28255,2.28142,2.28218,667
2025-09-03 11:20:00,2.28222,2.28271,2.28202,2.2824,547
2025-09-03 11:25:00,2.28236,2.28283,2.28209,2.2827,401
2025-09-03 11:30:00,2.28272,2.28373,2.28234,2.28246,442
2025-09-03 11:35:00,2.28249,2.28324,2.28234,2.28273,537
2025-09-03 11:40:00,2.28271,2.28357,2.28259,2.28351,478
2025-09-03 11:45:00,2.28351,2.28453,2.28343,2.28412,536
2025-09-03 11:50:00,2.28412,2.28504,2.28388,2.28495,489
2025-09-03 11:55:00,2.28493,2.28683,2.28487,2.28649,586
2025-09-03 12:00:00,2.28646,2.28723,2.28617,2.28675,539
2025-09-03 12:05:00,2.28675,2.28731,2.28642,2.28653,441
2025-09-03 12:10:00,2.28653,2.28676,2.28613,2.2862,366
2025-09-03 12:15:00,2.28621,2.28726,2.28614,2.28722,399
2025-09-03 12:20:00,2.2872500000000002,2.28756,2.28685,2.28699,362
2025-09-03 12:25:00,2.28701,2.28753,2.2860300000000002,2.28694,443
2025-09-03 12:30:00,2.2869,2.28721,2.28627,2.28668,455
2025-09-03 12:35:00,2.2867,2.28712,2.28656,2.28673,572
2025-09-03 12:40:00,2.28673,2.28722,2.28666,2.28683,411
2025-09-03 12:45:00,2.28682,2.28731,2.28656,2.28667,418
2025-09-03 12:50:00,2.28667,2.28685,2.2856199999999998,2.28576,421
2025-09-03 12:55:00,2.28576,2.28629,2.28556,2.28606,483
2025-09-03 13:00:00,2.2861000000000002,2.28614,2.28513,2.28527,393
2025-09-03 13:05:00,2.28526,2.28573,2.28494,2.28565,359
2025-09-03 13:10:00,2.28565,2.28581,2.28533,2.28554,409
2025-09-03 13:15:00,2.2856,2.2862,2.28539,2.28613,360
2025-09-03 13:20:00,2.28611,2.28625,2.28571,2.28584,315
2025-09-03 13:25:00,2.28582,2.28659,2.28568,2.28656,361
2025-09-03 13:30:00,2.28656,2.28682,2.28612,2.28661,443
2025-09-03 13:35:00,2.28659,2.28703,2.28646,2.28698,282
2025-09-03 13:40:00,2.28698,2.2875199999999998,2.28674,2.28731,436
2025-09-03 13:45:00,2.28731,2.28742,2.2865,2.28665,345
2025-09-03 13:50:00,2.28661,2.28702,2.28652,2.28673,358
2025-09-03 13:55:00,2.28677,2.28686,2.28634,2.28678,338
2025-09-03 14:00:00,2.28678,2.28705,2.28616,2.2862,419
2025-09-03 14:05:00,2.28621,2.28637,2.28575,2.28578,377
2025-09-03 14:10:00,2.28578,2.28615,2.28561,2.28576,390
2025-09-03 14:15:00,2.28573,2.28588,2.28539,2.28578,307
2025-09-03 14:20:00,2.28578,2.28578,2.28534,2.28552,287
2025-09-03 14:25:00,2.28552,2.28579,2.2852,2.28564,428
2025-09-03 14:30:00,2.28564,2.2860300000000002,2.2851,2.28526,396
2025-09-03 14:35:00,2.28522,2.28554,2.2850099999999998,2.2854,352
2025-09-03 14:40:00,2.28536,2.28538,2.2848,2.28504,390
2025-09-03 14:45:00,2.28506,2.28519,2.28471,2.28496,262
2025-09-03 14:50:00,2.28497,2.2860300000000002,2.28474,2.28565,323
2025-09-03 14:55:00,2.28565,2.28641,2.28561,2.28622,455
2025-09-03 15:00:00,2.28622,2.28643,2.28559,2.2856899999999998,391
2025-09-03 15:05:00,2.28568,2.28607,2.28525,2.28545,373
2025-09-03 15:10:00,2.28541,2.28586,2.28522,2.28579,437
2025-09-03 15:15:00,2.28575,2.28584,2.28527,2.2856199999999998,423
2025-09-03 15:20:00,2.28564,2.28654,2.28552,2.28645,374
2025-09-03 15:25:00,2.28645,2.28689,2.28645,2.28676,389
2025-09-03 15:30:00,2.2868,2.28731,2.28646,2.28718,408
2025-09-03 15:35:00,2.28719,2.28769,2.28707,2.2876,426
2025-09-03 15:40:00,2.2876,2.28802,2.2875199999999998,2.28768,531
2025-09-03 15:45:00,2.28766,2.28833,2.28758,2.28829,559
2025-09-03 15:50:00,2.28823,2.28882,2.28823,2.28862,500
2025-09-03 15:55:00,2.28858,2.2888,2.2872,2.28749,709
2025-09-03 16:00:00,2.28749,2.28842,2.28726,2.28779,661
2025-09-03 16:05:00,2.28779,2.28859,2.28755,2.28828,518
2025-09-03 16:10:00,2.2882,2.28871,2.28815,2.28846,584
2025-09-03 16:15:00,2.28846,2.28859,2.28807,2.28831,552
2025-09-03 16:20:00,2.28829,2.2885400000000002,2.288,2.28832,447
2025-09-03 16:25:00,2.28832,2.28834,2.28772,2.28811,475
2025-09-03 16:30:00,2.2881,2.2886699999999998,2.28764,2.28856,640
2025-09-03 16:35:00,2.28856,2.28856,2.28718,2.28734,593
2025-09-03 16:40:00,2.28733,2.2879300000000002,2.28694,2.2873,699
2025-09-03 16:45:00,2.2873,2.28765,2.2872,2.28733,613
2025-09-03 16:50:00,2.28733,2.28762,2.28719,2.28743,586
2025-09-03 16:55:00,2.28739,2.28751,2.28647,2.28647,663
2025-09-03 17:00:00,2.28656,2.28735,2.28487,2.28689,971
2025-09-03 17:05:00,2.2869099999999998,2.28705,2.2859,2.28606,842
2025-09-03 17:10:00,2.28604,2.28645,2.28503,2.2856199999999998,748
2025-09-03 17:15:00,2.2856199999999998,2.28626,2.2854,2.2859,775
2025-09-03 17:20:00,2.28587,2.2862999999999998,2.28559,2.28599,651
2025-09-03 17:25:00,2.28599,2.28631,2.28571,2.28615,669
2025-09-03 17:30:00,2.28617,2.28644,2.28587,2.28631,672
2025-09-03 17:35:00,2.28631,2.28655,2.28609,2.28624,604
2025-09-03 17:40:00,2.28624,2.28666,2.28617,2.28646,569
2025-09-03 17:45:00,2.2865,2.28666,2.28609,2.28622,474
2025-09-03 17:50:00,2.28618,2.28658,2.28539,2.28548,604
2025-09-03 17:55:00,2.2854,2.28638,2.2854,2.28601,651
2025-09-03 18:00:00,2.28601,2.2862299999999998,2.28576,2.28587,585
2025-09-03 18:05:00,2.28591,2.28663,2.28584,2.28606,598
2025-09-03 18:10:00,2.28605,2.28625,2.28554,2.28558,455
2025-09-03 18:15:00,2.28556,2.28597,2.2853,2.28551,549
2025-09-03 18:20:00,2.28551,2.28602,2.28551,2.28583,435
2025-09-03 18:25:00,2.28583,2.2867,2.2858,2.28642,497
2025-09-03 18:30:00,2.28642,2.28698,2.2862999999999998,2.2868399999999998,555
2025-09-03 18:35:00,2.28682,2.28686,2.28637,2.28681,455
2025-09-03 18:40:00,2.28663,2.2868399999999998,2.28636,2.28644,422
2025-09-03 18:45:00,2.28644,2.28716,2.28636,2.28705,492
2025-09-03 18:50:00,2.28705,2.28721,2.2866400000000002,2.28699,495
2025-09-03 18:55:00,2.28699,2.28707,2.28646,2.2867100000000002,494
2025-09-03 19:00:00,2.2867100000000002,2.2873200000000002,2.28654,2.2872,535
2025-09-03 19:05:00,2.2872,2.28743,2.28686,2.28713,489
2025-09-03 19:10:00,2.28711,2.28765,2.28677,2.28763,422
2025-09-03 19:15:00,2.28763,2.28779,2.28696,2.28768,441
2025-09-03 19:20:00,2.28778,2.28796,2.28749,2.28781,339
2025-09-03 19:25:00,2.28781,2.28808,2.28755,2.28802,372
2025-09-03 19:30:00,2.28802,2.2881299999999998,2.28723,2.28727,334
2025-09-03 19:35:00,2.28723,2.28777,2.2872,2.28762,321
2025-09-03 19:40:00,2.28759,2.28772,2.28723,2.2875199999999998,281
2025-09-03 19:45:00,2.28758,2.28766,2.28715,2.28758,330
2025-09-03 19:50:00,2.28755,2.28755,2.28697,2.28723,348
2025-09-03 19:55:00,2.2872,2.28729,2.28674,2.28697,391
2025-09-03 20:00:00,2.28693,2.28733,2.28644,2.28668,357
2025-09-03 20:05:00,2.28668,2.28722,2.28645,2.28718,353
2025-09-03 20:10:00,2.2872,2.28728,2.28668,2.28702,246
2025-09-03 20:15:00,2.28702,2.28722,2.28676,2.2868,363
2025-09-03 20:20:00,2.28682,2.287,2.28641,2.2868,398
2025-09-03 20:25:00,2.2868399999999998,2.28742,2.2867,2.28737,307
2025-09-03 20:30:00,2.28735,2.2876,2.28689,2.28726,341
2025-09-03 20:35:00,2.28726,2.28758,2.2872,2.28746,287
2025-09-03 20:40:00,2.28742,2.28774,2.28704,2.28774,347
2025-09-03 20:45:00,2.28774,2.28778,2.2867100000000002,2.28703,387
2025-09-03 20:50:00,2.28703,2.28741,2.28676,2.2872,285
2025-09-03 20:55:00,2.2872,2.28744,2.28672,2.2869099999999998,351
2025-09-03 21:00:00,2.2869099999999998,2.28709,2.28645,2.28693,435
2025-09-03 21:05:00,2.28693,2.28715,2.28662,2.28674,406
2025-09-03 21:10:00,2.28672,2.28688,2.28637,2.28674,325
2025-09-03 21:15:00,2.28675,2.2868,2.28613,2.28646,246
2025-09-03 21:20:00,2.28649,2.28663,2.28611,2.28627,361
2025-09-03 21:25:00,2.28631,2.28644,2.28607,2.28633,300
2025-09-03 21:30:00,2.28633,2.28667,2.2862,2.2866,380
2025-09-03 21:35:00,2.2866,2.28709,2.28647,2.28682,407
2025-09-03 21:40:00,2.28682,2.28692,2.2864,2.28657,385
2025-09-03 21:45:00,2.28662,2.28723,2.28646,2.28689,275
2025-09-03 21:50:00,2.28695,2.2872,2.28675,2.28709,302
2025-09-03 21:55:00,2.28713,2.28738,2.28694,2.28715,275
2025-09-03 22:00:00,2.2872500000000002,2.28744,2.28672,2.28692,331
2025-09-03 22:05:00,2.28692,2.28728,2.28667,2.28678,282
2025-09-03 22:10:00,2.28678,2.28697,2.28654,2.2869099999999998,323
2025-09-03 22:15:00,2.28686,2.28695,2.28647,2.28682,227
2025-09-03 22:20:00,2.2868,2.28712,2.28656,2.28712,251
2025-09-03 22:25:00,2.2871,2.28713,2.28672,2.28703,243
2025-09-03 22:30:00,2.28702,2.28724,2.28668,2.28707,311
2025-09-03 22:35:00,2.28707,2.28739,2.28683,2.28711,216
2025-09-03 22:40:00,2.28711,2.28721,2.28683,2.28712,212
2025-09-03 22:45:00,2.28712,2.2874,2.28695,2.28709,244
2025-09-03 22:50:00,2.2871,2.28731,2.28677,2.28713,286
2025-09-03 22:55:00,2.28717,2.28737,2.28686,2.28719,263
2025-09-03 23:00:00,2.28721,2.28748,2.28687,2.2873,183
2025-09-03 23:05:00,2.28734,2.2874,2.28644,2.28672,195
2025-09-03 23:10:00,2.2868,2.28683,2.28626,2.28655,234
2025-09-03 23:15:00,2.28655,2.28667,2.2862,2.28646,176
2025-09-03 23:20:00,2.28648,2.2866,2.28609,2.28629,149
2025-09-03 23:25:00,2.28629,2.28629,2.28576,2.28593,221
2025-09-03 23:30:00,2.28576,2.28634,2.28576,2.28625,258
2025-09-03 23:35:00,2.28625,2.28631,2.28574,2.28595,256
2025-09-03 23:40:00,2.28326,2.28361,2.28326,2.28357,169
2025-09-03 23:45:00,2.28356,2.28375,2.28349,2.28364,165
2025-09-03 23:50:00,2.28356,2.2838,2.28329,2.28337,264
2025-09-03 23:55:00,2.2833,2.28402,2.2833,2.28398,235
2025-09-04 00:00:00,2.28571,2.28761,2.28526,2.28561,8
2025-09-04 00:05:00,2.28561,2.28591,2.28524,2.28581,19
2025-09-04 00:10:00,2.28581,2.28581,2.2856,2.28564,10
2025-09-04 00:15:00,2.28564,2.28564,2.28552,2.28553,23
2025-09-04 00:20:00,2.28553,2.2858,2.28492,2.28507,104
2025-09-04 00:25:00,2.28507,2.28537,2.28458,2.28458,159
2025-09-04 00:30:00,2.28469,2.28507,2.28437,2.28478,140
2025-09-04 00:35:00,2.28479,2.28492,2.28394,2.28425,242
2025-09-04 00:40:00,2.28429,2.28642,2.28393,2.28417,270
2025-09-04 00:45:00,2.28416,2.28431,2.28387,2.28414,272
2025-09-04 00:50:00,2.28414,2.28445,2.284,2.28426,387
2025-09-04 00:55:00,2.28426,2.28433,2.28372,2.28391,723
2025-09-04 01:00:00,2.28389,2.28638,2.28389,2.28618,245
2025-09-04 01:05:00,2.28633,2.28682,2.28633,2.2867,110
2025-09-04 01:10:00,2.28674,2.28674,2.28646,2.28662,135
2025-09-04 01:15:00,2.28659,2.2866,2.28621,2.28627,203
2025-09-04 01:20:00,2.28635,2.28643,2.28621,2.2862999999999998,113
2025-09-04 01:25:00,2.28629,2.28639,2.2862,2.28622,80
2025-09-04 01:30:00,2.28622,2.28634,2.28609,2.28613,89
2025-09-04 01:35:00,2.28613,2.2864,2.28611,2.28629,98
2025-09-04 01:40:00,2.28631,2.28667,2.28629,2.28657,147
2025-09-04 01:45:00,2.28657,2.28672,2.28641,2.28657,158
2025-09-04 01:50:00,2.28657,2.2867,2.28624,2.28634,93
2025-09-04 01:55:00,2.28634,2.28644,2.28615,2.28619,105
2025-09-04 02:00:00,2.2862,2.28632,2.2859,2.28596,108
2025-09-04 02:05:00,2.28595,2.28602,2.2857,2.2858,121
2025-09-04 02:10:00,2.28582,2.28599,2.28565,2.28593,139
2025-09-04 02:15:00,2.28593,2.28619,2.28579,2.28588,156
2025-09-04 02:20:00,2.2859,2.28608,2.2857,2.28605,135
2025-09-04 02:25:00,2.28607,2.28632,2.28599,2.28624,89
2025-09-04 02:30:00,2.28626,2.28637,2.28598,2.28614,125
2025-09-04 02:35:00,2.28618,2.28647,2.28604,2.28616,86
2025-09-04 02:40:00,2.28616,2.28642,2.28596,2.28602,116
2025-09-04 02:45:00,2.28602,2.28632,2.286,2.28611,139
2025-09-04 02:50:00,2.28611,2.28615,2.28575,2.28575,135
2025-09-04 02:55:00,2.28573,2.28585,2.28496,2.2850099999999998,172
2025-09-04 03:00:00,2.28497,2.28508,2.28381,2.2839,326
2025-09-04 03:05:00,2.2839,2.28439,2.28367,2.28424,411
2025-09-04 03:10:00,2.28424,2.28429,2.28375,2.284,321
2025-09-04 03:15:00,2.284,2.28461,2.2839,2.2842000000000002,327
2025-09-04 03:20:00,2.28421,2.28443,2.28406,2.28421,295
2025-09-04 03:25:00,2.28423,2.28456,2.28406,2.28447,284
2025-09-04 03:30:00,2.28453,2.28508,2.28444,2.28499,304
2025-09-04 03:35:00,2.28499,2.28517,2.28437,2.28464,263
2025-09-04 03:40:00,2.28459,2.28513,2.28449,2.28511,332
2025-09-04 03:45:00,2.28515,2.2855,2.28506,2.28523,327
2025-09-04 03:50:00,2.28523,2.28528,2.28408,2.28411,455
2025-09-04 03:55:00,2.28413,2.28462,2.28403,2.28439,379
2025-09-04 04:00:00,2.28439,2.28464,2.28394,2.28405,430
2025-09-04 04:05:00,2.28405,2.28458,2.28349,2.28369,347
2025-09-04 04:10:00,2.28369,2.28443,2.2835,2.28436,468
2025-09-04 04:15:00,2.28437,2.28439,2.28369,2.2841,469
2025-09-04 04:20:00,2.28414,2.28424,2.28362,2.28395,424
2025-09-04 04:25:00,2.28397,2.28436,2.28392,2.28433,422
2025-09-04 04:30:00,2.28433,2.28451,2.28349,2.2837,439
2025-09-04 04:35:00,2.28376,2.28406,2.28255,2.28405,611
2025-09-04 04:40:00,2.28414,2.28465,2.2839,2.28444,500
2025-09-04 04:45:00,2.28436,2.28484,2.28417,2.2847,474
2025-09-04 04:50:00,2.28472,2.28477,2.28434,2.28438,381
2025-09-04 04:55:00,2.28438,2.2845,2.28378,2.28431,444
2025-09-04 05:00:00,2.28428,2.28465,2.28402,2.2842700000000002,433
2025-09-04 05:05:00,2.2842700000000002,2.28483,2.28424,2.2847,359
2025-09-04 05:10:00,2.28472,2.28503,2.28451,2.2850099999999998,379
2025-09-04 05:15:00,2.2850099999999998,2.28559,2.28496,2.28534,330
2025-09-04 05:20:00,2.28534,2.28576,2.28518,2.28547,351
2025-09-04 05:25:00,2.28547,2.2857,2.28524,2.28539,314
2025-09-04 05:30:00,2.2854200000000002,2.28564,2.28492,2.28543,385
2025-09-04 05:35:00,2.28548,2.2856,2.28486,2.28531,453
2025-09-04 05:40:00,2.28528,2.28558,2.28495,2.28507,474
2025-09-04 05:45:00,2.28505,2.28552,2.28499,2.28525,332
2025-09-04 05:50:00,2.28525,2.28558,2.28499,2.28511,324
2025-09-04 05:55:00,2.28499,2.28526,2.28486,2.28508,375
2025-09-04 06:00:00,2.28515,2.28539,2.2848,2.28485,401
2025-09-04 06:05:00,2.28485,2.28546,2.28484,2.28523,339
2025-09-04 06:10:00,2.28524,2.28559,2.28523,2.28553,318
2025-09-04 06:15:00,2.28553,2.28559,2.28505,2.28524,308
2025-09-04 06:20:00,2.28523,2.28551,2.28508,2.28528,229
2025-09-04 06:25:00,2.28528,2.28535,2.28499,2.28504,332
2025-09-04 06:30:00,2.28504,2.28575,2.28485,2.28561,352
2025-09-04 06:35:00,2.28561,2.28619,2.28555,2.28607,229
2025-09-04 06:40:00,2.28609,2.28613,2.2856199999999998,2.28595,282
2025-09-04 06:45:00,2.28595,2.28617,2.2856899999999998,2.28582,219
2025-09-04 06:50:00,2.28582,2.28606,2.28573,2.28598,193
2025-09-04 06:55:00,2.28598,2.2860300000000002,2.2855,2.28587,197
2025-09-04 07:00:00,2.28588,2.28596,2.28524,2.28551,202
2025-09-04 07:05:00,2.28551,2.28584,2.28544,2.28555,191
2025-09-04 07:10:00,2.28555,2.28596,2.28546,2.28584,186
2025-09-04 07:15:00,2.28584,2.2860300000000002,2.28575,2.28599,221
2025-09-04 07:20:00,2.28598,2.28605,2.2857,2.28595,216
2025-09-04 07:25:00,2.28599,2.28658,2.28591,2.28649,207
2025-09-04 07:30:00,2.2865,2.2865,2.28588,2.28601,157
2025-09-04 07:35:00,2.28601,2.28619,2.28585,2.28601,224
2025-09-04 07:40:00,2.28599,2.28654,2.28598,2.28648,237
2025-09-04 07:45:00,2.28649,2.28675,2.28637,2.28666,242
2025-09-04 07:50:00,2.28666,2.28724,2.28666,2.28724,214
2025-09-04 07:55:00,2.28724,2.28756,2.28715,2.28749,220
2025-09-04 08:00:00,2.28753,2.28848,2.28741,2.28837,291
2025-09-04 08:05:00,2.28831,2.28838,2.28795,2.2882,260
2025-09-04 08:10:00,2.28823,2.2885400000000002,2.28799,2.28834,286
2025-09-04 08:15:00,2.28832,2.28841,2.28774,2.28783,259
2025-09-04 08:20:00,2.28783,2.28873,2.28778,2.28838,298
2025-09-04 08:25:00,2.28837,2.28858,2.28798,2.2884700000000002,245
2025-09-04 08:30:00,2.28843,2.2885400000000002,2.28809,2.28832,260
2025-09-04 08:35:00,2.28835,2.28849,2.28784,2.28801,295
2025-09-04 08:40:00,2.288,2.2886,2.2879300000000002,2.2886,226
2025-09-04 08:45:00,2.28859,2.28862,2.28798,2.28814,258
2025-09-04 08:50:00,2.28814,2.28845,2.28796,2.28811,274
2025-09-04 08:55:00,2.2881299999999998,2.28853,2.2879300000000002,2.28819,332
2025-09-04 09:00:00,2.28819,2.2887,2.288,2.28849,352
2025-09-04 09:05:00,2.28849,2.28879,2.2883,2.28863,302
2025-09-04 09:10:00,2.28863,2.2891500000000002,2.28844,2.28878,292
2025-09-04 09:15:00,2.28879,2.28896,2.2884700000000002,2.28851,325
2025-09-04 09:20:00,2.28851,2.28882,2.28837,2.28872,337
2025-09-04 09:25:00,2.28872,2.28886,2.2880599999999998,2.28815,316
2025-09-04 09:30:00,2.28812,2.28882,2.28794,2.28865,408
2025-09-04 09:35:00,2.28865,2.2891,2.2885,2.28905,314
2025-09-04 09:40:00,2.28905,2.28941,2.28891,2.28927,344
2025-09-04 09:45:00,2.28933,2.2899,2.28922,2.28949,357
2025-09-04 09:50:00,2.28983,2.29016,2.28954,2.2896,293
2025-09-04 09:55:00,2.2896,2.28992,2.28952,2.2898899999999998,283
2025-09-04 10:00:00,2.28986,2.29007,2.28931,2.28938,390
2025-09-04 10:05:00,2.28936,2.29003,2.28936,2.28992,327
2025-09-04 10:10:00,2.28994,2.2901,2.28901,2.28923,286
2025-09-04 10:15:00,2.28924,2.28966,2.2889,2.28933,324
2025-09-04 10:20:00,2.28932,2.28951,2.28782,2.28788,386
2025-09-04 10:25:00,2.28789,2.28886,2.28789,2.28871,288
2025-09-04 10:30:00,2.28868,2.28917,2.28827,2.28832,219
2025-09-04 10:35:00,2.28833,2.28875,2.28817,2.28863,265
2025-09-04 10:40:00,2.28865,2.28917,2.2886,2.28914,233
2025-09-04 10:45:00,2.28912,2.29035,2.28911,2.28993,231
2025-09-04 10:50:00,2.28992,2.29002,2.28958,2.2896,246
2025-09-04 10:55:00,2.28959,2.28995,2.28901,2.28946,323
2025-09-04 11:00:00,2.28948,2.29019,2.28933,2.2899,323
2025-09-04 11:05:00,2.2898899999999998,2.29121,2.28984,2.29108,303
2025-09-04 11:10:00,2.29107,2.29123,2.29043,2.29043,284
2025-09-04 11:15:00,2.29053,2.29151,2.29045,2.29146,304
2025-09-04 11:20:00,2.29137,2.29193,2.29137,2.29169,306
2025-09-04 11:25:00,2.29168,2.29189,2.29148,2.29182,200
2025-09-04 11:30:00,2.29183,2.29228,2.29144,2.2921300000000002,243
2025-09-04 11:35:00,2.2921300000000002,2.29271,2.29202,2.2927,246
2025-09-04 11:40:00,2.29269,2.29337,2.29236,2.29299,422
2025-09-04 11:45:00,2.2930099999999998,2.29306,2.29239,2.29252,254
2025-09-04 11:50:00,2.29251,2.29286,2.29236,2.29255,265
2025-09-04 11:55:00,2.29254,2.29276,2.29221,2.29225,210
2025-09-04 12:00:00,2.29234,2.29379,2.29198,2.29372,336
2025-09-04 12:05:00,2.29371,2.29398,2.29334,2.29334,245
2025-09-04 12:10:00,2.29334,2.29345,2.29256,2.29293,282
2025-09-04 12:15:00,2.2929399999999998,2.2929399999999998,2.29194,2.29223,283
2025-09-04 12:20:00,2.29223,2.29258,2.29183,2.29214,299
2025-09-04 12:25:00,2.2921300000000002,2.29266,2.29202,2.29216,270
2025-09-04 12:30:00,2.29206,2.2927400000000002,2.29202,2.29246,283
2025-09-04 12:35:00,2.29248,2.29297,2.29235,2.29297,230
2025-09-04 12:40:00,2.29297,2.29358,2.29285,2.29351,235
2025-09-04 12:45:00,2.29348,2.29388,2.29344,2.29382,244
2025-09-04 12:50:00,2.29384,2.29413,2.29367,2.29368,205
2025-09-04 12:55:00,2.29369,2.29407,2.2935,2.29358,254
2025-09-04 13:00:00,2.29369,2.29381,2.29326,2.29375,240
2025-09-04 13:05:00,2.29367,2.29393,2.29329,2.29329,222
2025-09-04 13:10:00,2.29327,2.29424,2.29324,2.29386,240
2025-09-04 13:15:00,2.29389,2.29437,2.29383,2.29393,319
2025-09-04 13:20:00,2.29395,2.29428,2.29394,2.29413,234
2025-09-04 13:25:00,2.29415,2.29456,2.29407,2.29426,233
2025-09-04 13:30:00,2.29425,2.29534,2.29418,2.29512,245
2025-09-04 13:35:00,2.29512,2.29554,2.29504,2.2953,239
2025-09-04 13:40:00,2.29531,2.29573,2.29521,2.29557,212
2025-09-04 13:45:00,2.29558,2.29585,2.295,2.29503,192
2025-09-04 13:50:00,2.29502,2.29524,2.29475,2.29475,234
2025-09-04 13:55:00,2.29476,2.29515,2.29462,2.29504,255
2025-09-04 14:00:00,2.29505,2.29543,2.29431,2.29433,316
2025-09-04 14:05:00,2.29437,2.2947699999999998,2.29429,2.2945,295
2025-09-04 14:10:00,2.29451,2.29474,2.29411,2.29417,254
2025-09-04 14:15:00,2.29399,2.29415,2.29379,2.29384,205
2025-09-04 14:20:00,2.29387,2.29393,2.29309,2.2932,260
2025-09-04 14:25:00,2.29317,2.29327,2.29286,2.29287,172
2025-09-04 14:30:00,2.29288,2.29329,2.29268,2.29319,288
2025-09-04 14:35:00,2.29318,2.29321,2.29269,2.2927,229
2025-09-04 14:40:00,2.29272,2.29343,2.29261,2.29326,227
2025-09-04 14:45:00,2.29327,2.2937,2.29319,2.29332,264
2025-09-04 14:50:00,2.29331,2.29382,2.29324,2.2936,308
2025-09-04 14:55:00,2.29361,2.29393,2.2929,2.29371,321
2025-09-04 15:00:00,2.29372,2.29445,2.29333,2.29405,327
2025-09-04 15:05:00,2.29406,2.29539,2.29406,2.2953200000000002,328
2025-09-04 15:10:00,2.2953,2.29553,2.29386,2.29459,313
2025-09-04 15:15:00,2.29445,2.29497,2.29377,2.2942299999999998,511
2025-09-04 15:20:00,2.29421,2.29513,2.29414,2.2947699999999998,418
2025-09-04 15:25:00,2.29476,2.29557,2.29446,2.29501,373
2025-09-04 15:30:00,2.29672,2.29672,2.2944,2.29518,578
2025-09-04 15:35:00,2.29517,2.29549,2.29481,2.29541,499
2025-09-04 15:40:00,2.2954,2.2965400000000002,2.29534,2.29632,456
2025-09-04 15:45:00,2.2963,2.29663,2.29611,2.29631,416
2025-09-04 15:50:00,2.29629,2.29633,2.2953799999999998,2.29573,404
2025-09-04 15:55:00,2.29567,2.29578,2.2947699999999998,2.29502,485
2025-09-04 16:00:00,2.29503,2.29503,2.2943,2.29454,482
2025-09-04 16:05:00,2.29455,2.29475,2.29409,2.29425,358
2025-09-04 16:10:00,2.2943,2.2947,2.2941599999999998,2.29452,353
2025-09-04 16:15:00,2.29451,2.29527,2.29431,2.29513,376
2025-09-04 16:20:00,2.29503,2.29541,2.29474,2.29498,381
2025-09-04 16:25:00,2.29499,2.29572,2.29459,2.2954499999999998,392
2025-09-04 16:30:00,2.29543,2.2956,2.29417,2.29439,439
2025-09-04 16:35:00,2.29438,2.29527,2.29435,2.2949,438
2025-09-04 16:40:00,2.29488,2.29549,2.29476,2.29547,358
2025-09-04 16:45:00,2.29546,2.29608,2.29518,2.29561,488
2025-09-04 16:50:00,2.29561,2.2958,2.29494,2.29543,457
2025-09-04 16:55:00,2.29544,2.29641,2.2952500000000002,2.29623,444
2025-09-04 17:00:00,2.29612,2.29694,2.29519,2.29657,648
2025-09-04 17:05:00,2.29653,2.29779,2.29638,2.29767,561
2025-09-04 17:10:00,2.29768,2.29856,2.29765,2.29819,514
2025-09-04 17:15:00,2.2982,2.3001,2.29808,2.29974,525
2025-09-04 17:20:00,2.29976,2.29992,2.29882,2.29882,471
2025-09-04 17:25:00,2.29883,2.29971,2.29873,2.29921,462
2025-09-04 17:30:00,2.2992,2.30053,2.29903,2.30049,444
2025-09-04 17:35:00,2.3005,2.30054,2.29981,2.29998,465
2025-09-04 17:40:00,2.3,2.30063,2.29956,2.29974,407
2025-09-04 17:45:00,2.29974,2.30009,2.29962,2.29984,395
2025-09-04 17:50:00,2.29986,2.30068,2.29981,2.30029,373
2025-09-04 17:55:00,2.30028,2.30069,2.29983,2.30051,475
2025-09-04 18:00:00,2.30053,2.30173,2.30053,2.30105,432
2025-09-04 18:05:00,2.30102,2.30209,2.3009,2.30174,386
2025-09-04 18:10:00,2.30163,2.302,2.3013,2.30153,319
2025-09-04 18:15:00,2.30154,2.30164,2.30119,2.30119,278
2025-09-04 18:20:00,2.30116,2.30185,2.30116,2.30169,303
2025-09-04 18:25:00,2.30171,2.30212,2.3016199999999998,2.30185,314
2025-09-04 18:30:00,2.30186,2.30186,2.30139,2.30171,325
2025-09-04 18:35:00,2.30172,2.30194,2.30143,2.30159,289
2025-09-04 18:40:00,2.3016199999999998,2.30204,2.3015,2.30171,317
2025-09-04 18:45:00,2.30169,2.30222,2.30154,2.3016,298
2025-09-04 18:50:00,2.30159,2.30218,2.30152,2.302,220
2025-09-04 18:55:00,2.30207,2.30246,2.30199,2.30229,272
2025-09-04 19:00:00,2.30228,2.30243,2.30208,2.30208,276
2025-09-04 19:05:00,2.3021,2.30222,2.30154,2.30161,367
2025-09-04 19:10:00,2.30157,2.30172,2.30064,2.30089,281
2025-09-04 19:15:00,2.3009,2.30108,2.30036,2.3008100000000002,279
2025-09-04 19:20:00,2.30084,2.30084,2.3001300000000002,2.30024,214
2025-09-04 19:25:00,2.30025,2.30025,2.29977,2.2999,268
2025-09-04 19:30:00,2.29992,2.30007,2.2997,2.29993,261
2025-09-04 19:35:00,2.29983,2.29993,2.29931,2.2994,247
2025-09-04 19:40:00,2.29945,2.29949,2.2989100000000002,2.29899,207
2025-09-04 19:45:00,2.299,2.29934,2.29884,2.29897,226
2025-09-04 19:50:00,2.29895,2.29918,2.29865,2.29912,211
2025-09-04 19:55:00,2.29912,2.29961,2.29899,2.29958,226
2025-09-04 20:00:00,2.29957,2.29957,2.29842,2.29851,197
2025-09-04 20:05:00,2.29847,2.29921,2.29847,2.29918,231
2025-09-04 20:10:00,2.29922,2.29929,2.29896,2.29906,181
2025-09-04 20:15:00,2.2990399999999998,2.29937,2.2990399999999998,2.29923,188
2025-09-04 20:20:00,2.29921,2.29944,2.29913,2.29918,170
2025-09-04 20:25:00,2.2992,2.29933,2.2989100000000002,2.29913,226
2025-09-04 20:30:00,2.29912,2.2995200000000002,2.2991099999999998,2.29948,207
2025-09-04 20:35:00,2.29945,2.2995200000000002,2.29919,2.29931,222
2025-09-04 20:40:00,2.29933,2.29942,2.29896,2.29914,191
2025-09-04 20:45:00,2.29916,2.29934,2.29879,2.2991099999999998,234
2025-09-04 20:50:00,2.29909,2.29957,2.29901,2.29957,163
2025-09-04 20:55:00,2.29956,2.29985,2.29945,2.29957,193
2025-09-04 21:00:00,2.29956,2.29981,2.2995200000000002,2.29957,229
2025-09-04 21:05:00,2.29955,2.29973,2.29936,2.2995,195
2025-09-04 21:10:00,2.2995,2.30004,2.29926,2.29981,261
2025-09-04 21:15:00,2.29981,2.29982,2.29941,2.29949,211
2025-09-04 21:20:00,2.2995200000000002,2.29967,2.29935,2.29944,196
2025-09-04 21:25:00,2.29944,2.2995200000000002,2.29928,2.2995200000000002,207
2025-09-04 21:30:00,2.29954,2.29977,2.29922,2.29923,174
2025-09-04 21:35:00,2.29925,2.29926,2.29883,2.2989800000000002,179
2025-09-04 21:40:00,2.29903,2.29905,2.29845,2.29853,177
2025-09-04 21:45:00,2.2984999999999998,2.29871,2.29845,2.2986,125
2025-09-04 21:50:00,2.29862,2.29917,2.29862,2.29902,170
2025-09-04 21:55:00,2.2990399999999998,2.29919,2.29884,2.29906,206
2025-09-04 22:00:00,2.29907,2.29913,2.29885,2.2989,161
2025-09-04 22:05:00,2.29892,2.29906,2.29876,2.29893,196
2025-09-04 22:10:00,2.29896,2.29896,2.29861,2.2987,188
2025-09-04 22:15:00,2.29867,2.29872,2.2984299999999998,2.2984999999999998,168
2025-09-04 22:20:00,2.29852,2.29857,2.29823,2.2983700000000002,206
2025-09-04 22:25:00,2.29836,2.29858,2.29831,2.29852,144
2025-09-04 22:30:00,2.29854,2.29867,2.29836,2.29849,136
2025-09-04 22:35:00,2.29848,2.29863,2.29834,2.29853,148
2025-09-04 22:40:00,2.29854,2.29857,2.29822,2.29828,161
2025-09-04 22:45:00,2.29822,2.29838,2.29813,2.29828,149
2025-09-04 22:50:00,2.29827,2.2984,2.29814,2.29818,129
2025-09-04 22:55:00,2.29819,2.29851,2.29804,2.29835,219
2025-09-04 23:00:00,2.29761,2.29777,2.2974,2.29748,169
2025-09-04 23:05:00,2.29748,2.2976900000000002,2.29747,2.29748,91
2025-09-04 23:10:00,2.2975,2.2976,2.29718,2.29735,132
2025-09-04 23:15:00,2.29734,2.29817,2.29734,2.29764,113
2025-09-04 23:20:00,2.2976,2.2978199999999998,2.2976,2.2976900000000002,77
2025-09-04 23:25:00,2.29768,2.29836,2.29768,2.29775,83
2025-09-04 23:30:00,2.29777,2.29831,2.29772,2.29777,63
2025-09-04 23:35:00,2.29775,2.29831,2.29739,2.29741,83
2025-09-04 23:40:00,2.29739,2.29796,2.29727,2.29741,86
2025-09-04 23:45:00,2.29739,2.29739,2.29712,2.29716,104
2025-09-04 23:50:00,2.29718,2.29729,2.29709,2.29718,107
2025-09-04 23:55:00,2.29487,2.29504,2.29467,2.29504,89
2025-09-05 00:00:00,2.29641,2.29641,2.29641,2.29641,3
2025-09-05 00:05:00,2.29631,2.29641,2.29534,2.29534,28
2025-09-05 00:10:00,2.29534,2.29562,2.29534,2.29557,11
2025-09-05 00:15:00,2.29711,2.2971500000000002,2.29639,2.2964,110
2025-09-05 00:20:00,2.29634,2.29702,2.29597,2.29653,116
2025-09-05 00:25:00,2.29663,2.297,2.29612,2.29652,185
2025-09-05 00:30:00,2.2964,2.2977,2.29621,2.29695,89
2025-09-05 00:35:00,2.29696,2.29727,2.29688,2.29697,109
2025-09-05 00:40:00,2.29694,2.29713,2.29649,2.29652,137
2025-09-05 00:45:00,2.2967,2.2967,2.29613,2.29649,80
2025-09-05 00:50:00,2.2964700000000002,2.29698,2.29639,2.29656,58
2025-09-05 00:55:00,2.29659,2.29666,2.29622,2.29642,83
2025-09-05 01:00:00,2.29675,2.29676,2.29623,2.29649,119
2025-09-05 01:05:00,2.29645,2.29675,2.29644,2.29655,74
2025-09-05 01:10:00,2.29656,2.29681,2.29656,2.2967,108
2025-09-05 01:15:00,2.2967,2.2971500000000002,2.29652,2.29674,105
2025-09-05 01:20:00,2.29673,2.29716,2.2965999999999998,2.29665,58
2025-09-05 01:25:00,2.29664,2.29682,2.2965999999999998,2.29679,81
2025-09-05 01:30:00,2.29679,2.29735,2.29671,2.29691,100
2025-09-05 01:35:00,2.29694,2.29698,2.29677,2.29679,70
2025-09-05 01:40:00,2.29683,2.29746,2.29672,2.29746,70
2025-09-05 01:45:00,2.29686,2.29734,2.29669,2.29672,95
2025-09-05 01:50:00,2.29674,2.29686,2.29646,2.29649,87
2025-09-05 01:55:00,2.2965,2.29663,2.29645,2.29652,76
2025-09-05 02:00:00,2.29663,2.29726,2.29663,2.29712,86
2025-09-05 02:05:00,2.29714,2.29725,2.29705,2.29722,80
2025-09-05 02:10:00,2.2972099999999998,2.29725,2.297,2.29711,74
2025-09-05 02:15:00,2.29713,2.29723,2.29697,2.29709,87
2025-09-05 02:20:00,2.2971,2.29741,2.2970800000000002,2.2970800000000002,82
2025-09-05 02:25:00,2.2971,2.29774,2.29705,2.2977,109
2025-09-05 02:30:00,2.29771,2.29831,2.29768,2.29793,160
2025-09-05 02:35:00,2.29795,2.29822,2.29792,2.29806,141
2025-09-05 02:40:00,2.29808,2.29822,2.29792,2.29822,123
2025-09-05 02:45:00,2.29822,2.29822,2.29787,2.29792,191
2025-09-05 02:50:00,2.29794,2.29802,2.29757,2.29758,182
2025-09-05 02:55:00,2.29759,2.29779,2.29748,2.29757,246
2025-09-05 03:00:00,2.29757,2.29762,2.29682,2.29743,282
2025-09-05 03:05:00,2.29743,2.29767,2.29712,2.29753,253
2025-09-05 03:10:00,2.29751,2.29757,2.2970800000000002,2.29748,225
2025-09-05 03:15:00,2.29747,2.29762,2.29716,2.2972799999999998,268
2025-09-05 03:20:00,2.29726,2.29752,2.29705,2.29712,253
2025-09-05 03:25:00,2.29713,2.29744,2.29699,2.29733,215
2025-09-05 03:30:00,2.29732,2.29745,2.29693,2.29699,255
2025-09-05 03:35:00,2.297,2.29703,2.29655,2.29668,190
2025-09-05 03:40:00,2.2967,2.297,2.29668,2.29683,260
2025-09-05 03:45:00,2.29682,2.2969,2.29627,2.29649,262
2025-09-05 03:50:00,2.29648,2.29697,2.29633,2.29658,299
2025-09-05 03:55:00,2.29656,2.29674,2.29601,2.29612,328
2025-09-05 04:00:00,2.29611,2.29645,2.29588,2.2962,246
2025-09-05 04:05:00,2.29618,2.29622,2.29556,2.29566,292
2025-09-05 04:10:00,2.29564,2.29574,2.29539,2.2954499999999998,184
2025-09-05 04:15:00,2.29543,2.29544,2.29516,2.29528,203
2025-09-05 04:20:00,2.29529,2.29546,2.29508,2.2954499999999998,215
2025-09-05 04:25:00,2.29546,2.29562,2.29533,2.29546,238
2025-09-05 04:30:00,2.29547,2.29577,2.29535,2.29539,250
2025-09-05 04:35:00,2.2953799999999998,2.29554,2.29517,2.2953,179
2025-09-05 04:40:00,2.29529,2.29533,2.29498,2.29517,199
2025-09-05 04:45:00,2.29512,2.29528,2.2949,2.29491,158
2025-09-05 04:50:00,2.29494,2.29528,2.29428,2.29437,318
2025-09-05 04:55:00,2.29441,2.29444,2.2936,2.29379,297
2025-09-05 05:00:00,2.2938,2.29399,2.29344,2.29395,254
2025-09-05 05:05:00,2.29396,2.29444,2.2938,2.29441,185
2025-09-05 05:10:00,2.29439,2.29491,2.29432,2.29479,246
2025-09-05 05:15:00,2.29488,2.29543,2.29451,2.2948,170
2025-09-05 05:20:00,2.29483,2.29492,2.29448,2.29463,152
2025-09-05 05:25:00,2.2946400000000002,2.29487,2.2946400000000002,2.29468,209
2025-09-05 05:30:00,2.29469,2.29487,2.29458,2.29479,174
2025-09-05 05:35:00,2.29481,2.29519,2.29481,2.29507,177
2025-09-05 05:40:00,2.29503,2.29528,2.29483,2.29489,148
2025-09-05 05:45:00,2.29489,2.29514,2.29466,2.29493,153
2025-09-05 05:50:00,2.29491,2.29507,2.29475,2.29483,210
2025-09-05 05:55:00,2.2948399999999998,2.29492,2.29465,2.29478,155
2025-09-05 06:00:00,2.2948,2.29505,2.29468,2.29504,173
2025-09-05 06:05:00,2.29505,2.29534,2.29486,2.29506,146
2025-09-05 06:10:00,2.29508,2.29542,2.29494,2.2953799999999998,170
2025-09-05 06:15:00,2.2953799999999998,2.29564,2.29531,2.29558,160
2025-09-05 06:20:00,2.29557,2.29557,2.29498,2.29513,170
2025-09-05 06:25:00,2.29511,2.29519,2.29482,2.29488,177
2025-09-05 06:30:00,2.29485,2.29507,2.29476,2.29482,148
2025-09-05 06:35:00,2.2948399999999998,2.2948399999999998,2.29431,2.29436,129
2025-09-05 06:40:00,2.29434,2.29449,2.29428,2.29432,126
2025-09-05 06:45:00,2.2943,2.29456,2.2943,2.29442,116
2025-09-05 06:50:00,2.29441,2.2946,2.29426,2.29429,116
2025-09-05 06:55:00,2.2943,2.2943,2.29391,2.29396,111
2025-09-05 07:00:00,2.29396,2.29435,2.29386,2.29415,130
2025-09-05 07:05:00,2.29415,2.29427,2.29393,2.29413,121
2025-09-05 07:10:00,2.29413,2.29456,2.29409,2.29442,109
2025-09-05 07:15:00,2.2944,2.29461,2.29435,2.29449,111
2025-09-05 07:20:00,2.29451,2.29508,2.29445,2.29505,120
2025-09-05 07:25:00,2.29504,2.29527,2.29496,2.29501,99
2025-09-05 07:30:00,2.295,2.2953200000000002,2.295,2.29503,121
2025-09-05 07:35:00,2.2951,2.29534,2.29499,2.29505,132
2025-09-05 07:40:00,2.29508,2.2953200000000002,2.29498,2.29517,112
2025-09-05 07:45:00,2.29514,2.2953,2.29501,2.29515,129
2025-09-05 07:50:00,2.29515,2.29517,2.29493,2.29499,134
2025-09-05 07:55:00,2.29504,2.29542,2.29488,2.29522,154
2025-09-05 08:00:00,2.2953200000000002,2.29543,2.29489,2.29494,117
2025-09-05 08:05:00,2.29492,2.2951,2.29463,2.29467,94
2025-09-05 08:10:00,2.29466,2.29468,2.29435,2.2945,106
2025-09-05 08:15:00,2.29451,2.29461,2.29417,2.29434,99
2025-09-05 08:20:00,2.29433,2.29439,2.29391,2.29391,92
2025-09-05 08:25:00,2.29393,2.29399,2.29363,2.29363,123
2025-09-05 08:30:00,2.2937,2.29436,2.29356,2.29407,151
2025-09-05 08:35:00,2.29409,2.29451,2.29406,2.29407,141
2025-09-05 08:40:00,2.29399,2.29413,2.2933,2.29331,134
2025-09-05 08:45:00,2.29335,2.29357,2.29315,2.29345,131
2025-09-05 08:50:00,2.29344,2.29359,2.29327,2.29332,172
2025-09-05 08:55:00,2.29334,2.29494,2.29332,2.29483,337
2025-09-05 09:00:00,2.29486,2.29561,2.29463,2.2949,391
2025-09-05 09:05:00,2.29491,2.29516,2.29437,2.2947699999999998,242
2025-09-05 09:10:00,2.2948,2.2953,2.2946400000000002,2.2952,266
2025-09-05 09:15:00,2.29522,2.29543,2.29476,2.2952,258
2025-09-05 09:20:00,2.29531,2.29546,2.29481,2.29486,312
2025-09-05 09:25:00,2.29487,2.29533,2.2946,2.29508,317
2025-09-05 09:30:00,2.29505,2.29569,2.29498,2.29504,297
2025-09-05 09:35:00,2.29503,2.29518,2.29458,2.29494,239
2025-09-05 09:40:00,2.29492,2.29527,2.29462,2.29474,292
2025-09-05 09:45:00,2.29475,2.29483,2.29401,2.29414,268
2025-09-05 09:50:00,2.29411,2.29426,2.29377,2.29422,258
2025-09-05 09:55:00,2.29424,2.29431,2.29356,2.29358,226
2025-09-05 10:00:00,2.29356,2.29372,2.29271,2.29309,277
2025-09-05 10:05:00,2.29307,2.29332,2.29195,2.29225,260
2025-09-05 10:10:00,2.29224,2.29279,2.2915900000000002,2.29236,299
2025-09-05 10:15:00,2.29238,2.29245,2.29188,2.29191,316
2025-09-05 10:20:00,2.29192,2.29212,2.29154,2.2916,272
2025-09-05 10:25:00,2.29164,2.29203,2.29163,2.29178,230
2025-09-05 10:30:00,2.2917899999999998,2.29227,2.29156,2.29201,262
2025-09-05 10:35:00,2.29203,2.29238,2.29191,2.29209,237
2025-09-05 10:40:00,2.2921300000000002,2.29232,2.2915,2.29154,207
2025-09-05 10:45:00,2.29155,2.29162,2.29112,2.29129,227
2025-09-05 10:50:00,2.29129,2.29198,2.29128,2.29183,256
2025-09-05 10:55:00,2.29182,2.29189,2.29087,2.29104,320
2025-09-05 11:00:00,2.291,2.29134,2.29065,2.29079,285
2025-09-05 11:05:00,2.29082,2.29119,2.29078,2.29094,201
2025-09-05 11:10:00,2.29093,2.29128,2.29076,2.29094,179
2025-09-05 11:15:00,2.29085,2.2913,2.29078,2.29087,261
2025-09-05 11:20:00,2.29088,2.29135,2.2905699999999998,2.2906,232
2025-09-05 11:25:00,2.29061,2.29182,2.29055,2.29165,210
2025-09-05 11:30:00,2.29166,2.29174,2.2912,2.29131,205
2025-09-05 11:35:00,2.2913,2.29157,2.29092,2.29151,182
2025-09-05 11:40:00,2.29153,2.29218,2.29134,2.29148,230
2025-09-05 11:45:00,2.29136,2.29191,2.29134,2.2916,180
2025-09-05 11:50:00,2.29161,2.29169,2.29138,2.29155,187
2025-09-05 11:55:00,2.29153,2.2917199999999998,2.29126,2.29169,169
2025-09-05 12:00:00,2.29173,2.29188,2.29139,2.29174,162
2025-09-05 12:05:00,2.29175,2.29191,2.29157,2.29184,244
2025-09-05 12:10:00,2.29185,2.29221,2.29165,2.29221,241
2025-09-05 12:15:00,2.29228,2.29298,2.29218,2.29241,277
2025-09-05 12:20:00,2.2923999999999998,2.29293,2.29217,2.2928100000000002,234
2025-09-05 12:25:00,2.2928,2.29336,2.29273,2.29328,209
2025-09-05 12:30:00,2.29316,2.2934,2.29268,2.29328,259
2025-09-05 12:35:00,2.29329,2.29338,2.29311,2.29333,160
2025-09-05 12:40:00,2.29331,2.29372,2.29324,2.2936,183
2025-09-05 12:45:00,2.2936199999999998,2.29376,2.29328,2.29333,188
2025-09-05 12:50:00,2.29332,2.29379,2.29327,2.2936,205
2025-09-05 12:55:00,2.29364,2.29394,2.29354,2.29387,234
2025-09-05 13:00:00,2.29388,2.29396,2.29345,2.29368,187
2025-09-05 13:05:00,2.29367,2.29402,2.29339,2.29382,185
2025-09-05 13:10:00,2.29383,2.29402,2.29366,2.29389,201
2025-09-05 13:15:00,2.29387,2.29463,2.2936,2.29462,202
2025-09-05 13:20:00,2.29459,2.2947,2.29433,2.29433,181
2025-09-05 13:25:00,2.29435,2.29437,2.2937,2.29371,204
2025-09-05 13:30:00,2.29369,2.29421,2.29366,2.2939,230
2025-09-05 13:35:00,2.29391,2.29426,2.29331,2.2934,183
2025-09-05 13:40:00,2.29338,2.29431,2.29335,2.2943,171
2025-09-05 13:45:00,2.29433,2.29433,2.29374,2.29408,178
2025-09-05 13:50:00,2.29409,2.29443,2.2938,2.29436,185
2025-09-05 13:55:00,2.29435,2.29439,2.29369,2.29397,253
2025-09-05 14:00:00,2.29398,2.29432,2.29353,2.29409,254
2025-09-05 14:05:00,2.29408,2.29449,2.29391,2.29432,232
2025-09-05 14:10:00,2.2943,2.29473,2.29382,2.2940300000000002,211
2025-09-05 14:15:00,2.29405,2.29421,2.29358,2.29421,250
2025-09-05 14:20:00,2.29426,2.2943,2.29373,2.29382,252
2025-09-05 14:25:00,2.29381,2.29436,2.29369,2.29397,224
2025-09-05 14:30:00,2.29399,2.29399,2.29316,2.29318,218
2025-09-05 14:35:00,2.29319,2.29349,2.29298,2.29349,183
2025-09-05 14:40:00,2.2935,2.29393,2.2935,2.29377,164
2025-09-05 14:45:00,2.29378,2.29405,2.29372,2.29378,226
2025-09-05 14:50:00,2.29379,2.29401,2.29328,2.29328,310
2025-09-05 14:55:00,2.29327,2.29335,2.29194,2.29218,403
2025-09-05 15:00:00,2.29214,2.2930099999999998,2.29147,2.29288,470
2025-09-05 15:05:00,2.29293,2.29381,2.29291,2.29327,407
2025-09-05 15:10:00,2.29338,2.29376,2.29214,2.29225,458
2025-09-05 15:15:00,2.29238,2.29377,2.29215,2.29366,429
2025-09-05 15:20:00,2.29368,2.29422,2.29337,2.29337,453
2025-09-05 15:25:00,2.29336,2.29393,2.2925,2.29251,553
2025-09-05 15:30:00,2.29263,2.29371,2.28937,2.2929,981
2025-09-05 15:35:00,2.29287,2.29336,2.29125,2.29251,832
2025-09-05 15:40:00,2.29248,2.29378,2.29178,2.29205,796
2025-09-05 15:45:00,2.29195,2.29227,2.29077,2.29089,722
2025-09-05 15:50:00,2.29088,2.2915900000000002,2.28998,2.29093,698
2025-09-05 15:55:00,2.29092,2.29209,2.2909100000000002,2.29092,662
2025-09-05 16:00:00,2.29099,2.29225,2.29062,2.2921300000000002,664
2025-09-05 16:05:00,2.29218,2.29218,2.29138,2.29195,630
2025-09-05 16:10:00,2.29194,2.29218,2.29053,2.29082,635
2025-09-05 16:15:00,2.29081,2.29153,2.28998,2.29022,592
2025-09-05 16:20:00,2.2902,2.2915,2.29011,2.29038,734
2025-09-05 16:25:00,2.29036,2.29088,2.28999,2.29041,589
2025-09-05 16:30:00,2.2903700000000002,2.2904999999999998,2.28984,2.28995,625
2025-09-05 16:35:00,2.28993,2.29007,2.2885400000000002,2.28891,554
2025-09-05 16:40:00,2.28889,2.28977,2.2886699999999998,2.28957,542
2025-09-05 16:45:00,2.28955,2.28994,2.2892799999999998,2.2898,597
2025-09-05 16:50:00,2.28975,2.29022,2.28884,2.28905,537
2025-09-05 16:55:00,2.2891,2.28982,2.28886,2.28961,470
2025-09-05 17:00:00,2.28968,2.2911099999999998,2.28965,2.29053,541
2025-09-05 17:05:00,2.29052,2.29133,2.29046,2.29124,606
2025-09-05 17:10:00,2.29128,2.29158,2.29084,2.29122,473
2025-09-05 17:15:00,2.29117,2.29258,2.29082,2.29249,565
2025-09-05 17:20:00,2.29248,2.29295,2.29169,2.29287,593
2025-09-05 17:25:00,2.29288,2.29297,2.29145,2.29157,620
2025-09-05 17:30:00,2.2915900000000002,2.29203,2.29102,2.29126,605
2025-09-05 17:35:00,2.29127,2.29286,2.29102,2.29203,623
2025-09-05 17:40:00,2.2921300000000002,2.29215,2.2913,2.29132,563
2025-09-05 17:45:00,2.29138,2.29194,2.29092,2.29133,551
2025-09-05 17:50:00,2.29133,2.29243,2.29114,2.29217,500
2025-09-05 17:55:00,2.29219,2.29358,2.29208,2.29349,533
2025-09-05 18:00:00,2.29351,2.29367,2.29303,2.29319,534
2025-09-05 18:05:00,2.2932,2.29407,2.29314,2.29356,451
2025-09-05 18:10:00,2.29356,2.2938,2.29222,2.29236,438
2025-09-05 18:15:00,2.29226,2.29257,2.29151,2.29166,450
2025-09-05 18:20:00,2.29168,2.29184,2.29145,2.2917199999999998,455
2025-09-05 18:25:00,2.29173,2.29237,2.29158,2.2918,443
2025-09-05 18:30:00,2.29181,2.29225,2.29151,2.2921,447
2025-09-05 18:35:00,2.2921300000000002,2.29214,2.29075,2.2912,412
2025-09-05 18:40:00,2.2912,2.29221,2.2911,2.29203,362
2025-09-05 18:45:00,2.29201,2.29257,2.29171,2.29191,396
2025-09-05 18:50:00,2.29193,2.29208,2.29056,2.291,421
2025-09-05 18:55:00,2.2909800000000002,2.29204,2.29076,2.29178,392
2025-09-05 19:00:00,2.29176,2.29201,2.29148,2.29189,415
2025-09-05 19:05:00,2.29182,2.29201,2.29148,2.29155,384
2025-09-05 19:10:00,2.29162,2.2917,2.29121,2.29133,326
2025-09-05 19:15:00,2.29139,2.2917899999999998,2.2913,2.29171,353
2025-09-05 19:20:00,2.2917199999999998,2.29197,2.29145,2.29153,353
2025-09-05 19:25:00,2.2915200000000002,2.29226,2.29151,2.29199,325
2025-09-05 19:30:00,2.292,2.29239,2.29184,2.29226,363
2025-09-05 19:35:00,2.29227,2.29278,2.2921,2.29224,349
2025-09-05 19:40:00,2.29222,2.29225,2.29154,2.29183,324
2025-09-05 19:45:00,2.29185,2.29223,2.2916,2.29216,365
2025-09-05 19:50:00,2.29218,2.29244,2.29183,2.29244,384
2025-09-05 19:55:00,2.29247,2.29259,2.29205,2.29215,318
2025-09-05 20:00:00,2.29211,2.29286,2.29202,2.29275,431
2025-09-05 20:05:00,2.29275,2.29322,2.29253,2.29284,340
2025-09-05 20:10:00,2.29283,2.2931,2.29263,2.29295,355
2025-09-05 20:15:00,2.29296,2.29298,2.2925,2.29292,308
2025-09-05 20:20:00,2.29291,2.29291,2.2923,2.29252,224
2025-09-05 20:25:00,2.29253,2.29285,2.29227,2.29279,232
2025-09-05 20:30:00,2.29278,2.2932,2.29269,2.2930099999999998,234
2025-09-05 20:35:00,2.293,2.29325,2.29287,2.2930099999999998,249
2025-09-05 20:40:00,2.293,2.29336,2.29292,2.29292,275
2025-09-05 20:45:00,2.29292,2.29308,2.29267,2.29303,300
2025-09-05 20:50:00,2.29304,2.29335,2.29291,2.29335,290
2025-09-05 20:55:00,2.29336,2.29338,2.29293,2.29297,312
2025-09-05 21:00:00,2.29298,2.29374,2.29257,2.29354,375
2025-09-05 21:05:00,2.2935,2.29384,2.29324,2.2936,275
2025-09-05 21:10:00,2.2936199999999998,2.29366,2.29331,2.29347,221
2025-09-05 21:15:00,2.29354,2.29379,2.29346,2.29363,258
2025-09-05 21:20:00,2.29351,2.29376,2.29338,2.29372,250
2025-09-05 21:25:00,2.29372,2.29399,2.29341,2.29353,292
2025-09-05 21:30:00,2.2935499999999998,2.29364,2.2932,2.2936199999999998,281
2025-09-05 21:35:00,2.2936199999999998,2.29364,2.29327,2.29353,265
2025-09-05 21:40:00,2.29348,2.29353,2.29258,2.2930099999999998,226
2025-09-05 21:45:00,2.2930099999999998,2.29326,2.2927400000000002,2.29287,210
2025-09-05 21:50:00,2.2929,2.29324,2.29285,2.29314,231
2025-09-05 21:55:00,2.2931,2.29353,2.293,2.2930099999999998,252
2025-09-05 22:00:00,2.29287,2.29346,2.29276,2.29333,249
2025-09-05 22:05:00,2.29332,2.29354,2.293,2.29324,264
2025-09-05 22:10:00,2.29325,2.29353,2.29316,2.29353,209
2025-09-05 22:15:00,2.29352,2.29354,2.29309,2.29321,216
2025-09-05 22:20:00,2.2932,2.29334,2.29313,2.29322,252
2025-09-05 22:25:00,2.29323,2.29346,2.29318,2.2934,199
2025-09-05 22:30:00,2.29343,2.2935,2.2932,2.29327,218
2025-09-05 22:35:00,2.29329,2.29349,2.29318,2.29334,225
2025-09-05 22:40:00,2.29334,2.29335,2.29298,2.29319,225
2025-09-05 22:45:00,2.29318,2.2934200000000002,2.29314,2.29329,231
2025-09-05 22:50:00,2.2933,2.29335,2.29305,2.29314,252
2025-09-05 22:55:00,2.2931,2.29338,2.2925,2.29261,347
2025-09-05 23:00:00,2.29192,2.2923,2.29182,2.29216,256
2025-09-05 23:05:00,2.29215,2.29215,2.29169,2.29181,198
2025-09-05 23:10:00,2.29181,2.29186,2.29129,2.29129,170
2025-09-05 23:15:00,2.2913,2.2915200000000002,2.29124,2.29151,166
2025-09-05 23:20:00,2.29145,2.29146,2.29128,2.29134,152
2025-09-05 23:25:00,2.29133,2.29157,2.29124,2.29132,243
2025-09-05 23:30:00,2.29134,2.29161,2.2912,2.29148,230
2025-09-05 23:35:00,2.29149,2.2915900000000002,2.29115,2.29119,194
2025-09-05 23:40:00,2.2912,2.29126,2.29067,2.29074,219
2025-09-05 23:45:00,2.29079,2.2909100000000002,2.29053,2.29083,341
2025-09-05 23:50:00,2.29082,2.2912,2.29043,2.291,528
2025-09-05 23:55:00,2.28832,2.28861,2.28774,2.28787,240
2025-09-08 00:00:00,2.28778,2.2904,2.28778,2.28849,14
2025-09-08 00:05:00,2.28882,2.29067,2.2876,2.2891,77
2025-09-08 00:10:00,2.28912,2.2898,2.288,2.28848,69
2025-09-08 00:15:00,2.28848,2.29096,2.28848,2.2903000000000002,83
2025-09-08 00:20:00,2.29031,2.29225,2.29022,2.29077,36
2025-09-08 00:25:00,2.29078,2.29101,2.29077,2.29078,32
2025-09-08 00:30:00,2.29082,2.29117,2.28991,2.29117,48
2025-09-08 00:35:00,2.29025,2.29054,2.29011,2.29054,68
2025-09-08 00:40:00,2.29054,2.29054,2.28977,2.28993,138
2025-09-08 00:45:00,2.28992,2.28995,2.28931,2.28951,48
2025-09-08 00:50:00,2.28952,2.2901,2.28947,2.29009,91
2025-09-08 00:55:00,2.29,2.29,2.28901,2.28948,80
2025-09-08 01:00:00,2.2905699999999998,2.29138,2.29004,2.29046,204
2025-09-08 01:05:00,2.29044,2.29109,2.29011,2.2909800000000002,172
2025-09-08 01:10:00,2.2909800000000002,2.29146,2.29078,2.29092,163
2025-09-08 01:15:00,2.29093,2.29149,2.29087,2.29099,211
2025-09-08 01:20:00,2.29097,2.291,2.29047,2.29054,146
2025-09-08 01:25:00,2.29055,2.29077,2.2901,2.29027,163
2025-09-08 01:30:00,2.29028,2.29046,2.29001,2.29004,192
2025-09-08 01:35:00,2.29001,2.29093,2.28999,2.29083,196
2025-09-08 01:40:00,2.29085,2.2911799999999998,2.29073,2.29086,227
2025-09-08 01:45:00,2.29089,2.2912,2.29068,2.29115,194
2025-09-08 01:50:00,2.29116,2.29153,2.291,2.29112,183
2025-09-08 01:55:00,2.29114,2.2917199999999998,2.29114,2.29155,144
2025-09-08 02:00:00,2.29165,2.29232,2.29119,2.29142,222
2025-09-08 02:05:00,2.29141,2.29151,2.2909800000000002,2.2913,137
2025-09-08 02:10:00,2.29131,2.29154,2.29114,2.29122,191
2025-09-08 02:15:00,2.29123,2.29141,2.2911099999999998,2.29122,166
2025-09-08 02:20:00,2.29124,2.29168,2.29122,2.29165,137
2025-09-08 02:25:00,2.29164,2.29201,2.29142,2.29191,163
2025-09-08 02:30:00,2.2919,2.29209,2.29168,2.29173,136
2025-09-08 02:35:00,2.29174,2.29201,2.29168,2.29182,111
2025-09-08 02:40:00,2.2918,2.2919,2.29136,2.29182,161
2025-09-08 02:45:00,2.29177,2.29246,2.2917199999999998,2.29201,201
2025-09-08 02:50:00,2.29202,2.29202,2.29117,2.29138,208
2025-09-08 02:55:00,2.29133,2.2916,2.2911,2.29124,249
2025-09-08 03:00:00,2.29129,2.29157,2.29103,2.29144,376
2025-09-08 03:05:00,2.29143,2.29165,2.29105,2.2915200000000002,339
2025-09-08 03:10:00,2.29151,2.2917899999999998,2.29106,2.29135,256
2025-09-08 03:15:00,2.29137,2.29182,2.29122,2.29147,260
2025-09-08 03:20:00,2.29145,2.29215,2.29092,2.29114,280
2025-09-08 03:25:00,2.29115,2.29134,2.29079,2.2911099999999998,272
2025-09-08 03:30:00,2.29114,2.29181,2.29108,2.2917,190
2025-09-08 03:35:00,2.29171,2.29176,2.29075,2.29082,165
2025-09-08 03:40:00,2.29083,2.29093,2.2904,2.29059,112
2025-09-08 03:45:00,2.29059,2.29104,2.29052,2.2909,201
2025-09-08 03:50:00,2.2909,2.29097,2.29014,2.2902,354
2025-09-08 03:55:00,2.29019,2.2909,2.29011,2.2909,271
2025-09-08 04:00:00,2.2909,2.29107,2.2904999999999998,2.29053,317
2025-09-08 04:05:00,2.29053,2.29086,2.29022,2.29073,250
2025-09-08 04:10:00,2.29071,2.29103,2.29058,2.29087,232
2025-09-08 04:15:00,2.29085,2.2911799999999998,2.29058,2.29087,306
2025-09-08 04:20:00,2.29085,2.29125,2.29049,2.29123,263
2025-09-08 04:25:00,2.29125,2.29128,2.29065,2.29128,249
2025-09-08 04:30:00,2.29131,2.29147,2.29052,2.29062,255
2025-09-08 04:35:00,2.29064,2.29087,2.29035,2.29087,260
2025-09-08 04:40:00,2.29086,2.29099,2.2903700000000002,2.29052,267
2025-09-08 04:45:00,2.29046,2.29097,2.29039,2.29056,273
2025-09-08 04:50:00,2.29054,2.2908,2.28979,2.28985,297
2025-09-08 04:55:00,2.28984,2.28984,2.28798,2.2886,379
2025-09-08 05:00:00,2.28858,2.28877,2.28804,2.28844,322
2025-09-08 05:05:00,2.28845,2.28851,2.28777,2.28824,285
2025-09-08 05:10:00,2.28822,2.28968,2.28822,2.2891,348
2025-09-08 05:15:00,2.28911,2.28963,2.28906,2.2895,286
2025-09-08 05:20:00,2.28952,2.28968,2.28898,2.28898,257
2025-09-08 05:25:00,2.28897,2.28922,2.2886,2.28878,253
2025-09-08 05:30:00,2.28877,2.28913,2.28876,2.28906,216
2025-09-08 05:35:00,2.28905,2.28948,2.28899,2.2894,223
2025-09-08 05:40:00,2.2894,2.28943,2.2887,2.28901,221
2025-09-08 05:45:00,2.289,2.28955,2.289,2.28952,184
2025-09-08 05:50:00,2.28954,2.28962,2.28919,2.28945,214
2025-09-08 05:55:00,2.28943,2.28954,2.28903,2.28924,253
2025-09-08 06:00:00,2.28924,2.28962,2.28914,2.28936,177
2025-09-08 06:05:00,2.2893499999999998,2.28954,2.28848,2.28851,179
2025-09-08 06:10:00,2.28853,2.28927,2.28846,2.28902,200
2025-09-08 06:15:00,2.28905,2.28917,2.28851,2.28857,205
2025-09-08 06:20:00,2.28861,2.28864,2.28814,2.28815,153
2025-09-08 06:25:00,2.28804,2.28825,2.28787,2.28796,197
2025-09-08 06:30:00,2.28795,2.28834,2.28679,2.28686,222
2025-09-08 06:35:00,2.2869,2.28709,2.28637,2.28692,184
2025-09-08 06:40:00,2.28693,2.28774,2.2869099999999998,2.28733,173
2025-09-08 06:45:00,2.28735,2.28803,2.28711,2.2878600000000002,199
2025-09-08 06:50:00,2.28788,2.28804,2.2873200000000002,2.28755,195
2025-09-08 06:55:00,2.28753,2.28762,2.28731,2.28741,167
2025-09-08 07:00:00,2.28741,2.28755,2.28703,2.28727,190
2025-09-08 07:05:00,2.2872500000000002,2.28769,2.28717,2.28764,147
2025-09-08 07:10:00,2.28762,2.28792,2.28739,2.28758,221
2025-09-08 07:15:00,2.28756,2.2878600000000002,2.28733,2.28738,186
2025-09-08 07:20:00,2.28739,2.28743,2.28697,2.2873200000000002,171
2025-09-08 07:25:00,2.28731,2.28762,2.28717,2.28762,171
2025-09-08 07:30:00,2.28764,2.28783,2.28751,2.28761,172
2025-09-08 07:35:00,2.28764,2.28767,2.28735,2.2876,171
2025-09-08 07:40:00,2.28758,2.28783,2.28754,2.28774,145
2025-09-08 07:45:00,2.28775,2.28787,2.28754,2.28755,188
2025-09-08 07:50:00,2.28754,2.28758,2.28709,2.28717,204
2025-09-08 07:55:00,2.28715,2.28715,2.28663,2.28668,164
2025-09-08 08:00:00,2.28666,2.28707,2.28663,2.28678,192
2025-09-08 08:05:00,2.28681,2.28697,2.28652,2.28662,206
2025-09-08 08:10:00,2.2866400000000002,2.28697,2.28656,2.28694,152
2025-09-08 08:15:00,2.28695,2.28695,2.28617,2.28628,146
2025-09-08 08:20:00,2.28627,2.28653,2.28618,2.28627,165
2025-09-08 08:25:00,2.28629,2.28669,2.28626,2.28663,160
2025-09-08 08:30:00,2.2867,2.28687,2.28606,2.28652,254
2025-09-08 08:35:00,2.2865,2.28678,2.28635,2.2867,173
2025-09-08 08:40:00,2.28672,2.2869,2.28627,2.28627,175
2025-09-08 08:45:00,2.28634,2.28656,2.28602,2.28604,200
2025-09-08 08:50:00,2.28605,2.28637,2.28595,2.2862299999999998,174
2025-09-08 08:55:00,2.28621,2.28621,2.28568,2.2860300000000002,245
2025-09-08 09:00:00,2.28604,2.2862999999999998,2.28548,2.28567,349
2025-09-08 09:05:00,2.2856899999999998,2.28633,2.2856199999999998,2.28627,310
2025-09-08 09:10:00,2.28617,2.2862299999999998,2.28565,2.28589,334
2025-09-08 09:15:00,2.28586,2.28648,2.28585,2.28593,315
2025-09-08 09:20:00,2.28591,2.28627,2.28543,2.28551,292
2025-09-08 09:25:00,2.28553,2.28584,2.28459,2.2846,319
2025-09-08 09:30:00,2.28465,2.28614,2.28465,2.28608,324
2025-09-08 09:35:00,2.28607,2.2862299999999998,2.28504,2.28531,251
2025-09-08 09:40:00,2.2853,2.28558,2.28513,2.28524,269
2025-09-08 09:45:00,2.28524,2.28607,2.28524,2.28585,282
2025-09-08 09:50:00,2.28584,2.28635,2.2858,2.286,341
2025-09-08 09:55:00,2.28605,2.28605,2.28486,2.28494,311
2025-09-08 10:00:00,2.28494,2.28505,2.28345,2.2836,409
2025-09-08 10:05:00,2.28352,2.28423,2.28341,2.28348,283
2025-09-08 10:10:00,2.2835,2.28396,2.28322,2.28335,308
2025-09-08 10:15:00,2.28336,2.28343,2.2824999999999998,2.28251,317
2025-09-08 10:20:00,2.28253,2.28268,2.28216,2.28249,279
2025-09-08 10:25:00,2.28249,2.28259,2.2816,2.28162,294
2025-09-08 10:30:00,2.28161,2.28221,2.28156,2.28187,274
2025-09-08 10:35:00,2.28187,2.2823700000000002,2.28147,2.28182,299
2025-09-08 10:40:00,2.28184,2.28213,2.28152,2.28152,333
2025-09-08 10:45:00,2.28147,2.28182,2.28127,2.28127,280
2025-09-08 10:50:00,2.28126,2.28126,2.28062,2.28097,241
2025-09-08 10:55:00,2.28095,2.28097,2.28036,2.28051,344
2025-09-08 11:00:00,2.28053,2.28132,2.28036,2.2805,401
2025-09-08 11:05:00,2.28048,2.28131,2.28011,2.28093,331
2025-09-08 11:10:00,2.28094,2.28133,2.28087,2.28107,254
2025-09-08 11:15:00,2.28105,2.28138,2.2807399999999998,2.28134,330
2025-09-08 11:20:00,2.28132,2.28159,2.28035,2.28035,284
2025-09-08 11:25:00,2.28033,2.28085,2.28032,2.28062,294
2025-09-08 11:30:00,2.2806100000000002,2.28081,2.27976,2.27982,236
2025-09-08 11:35:00,2.27984,2.28021,2.27959,2.27976,236
2025-09-08 11:40:00,2.27974,2.28071,2.27974,2.28049,247
2025-09-08 11:45:00,2.28048,2.28094,2.28037,2.28078,253
2025-09-08 11:50:00,2.28079,2.28092,2.2799,2.28024,264
2025-09-08 11:55:00,2.28016,2.28116,2.28008,2.28098,289
2025-09-08 12:00:00,2.28089,2.2812799999999998,2.28029,2.28037,297
2025-09-08 12:05:00,2.28038,2.2812799999999998,2.28038,2.28097,202
2025-09-08 12:10:00,2.28105,2.2812200000000002,2.28073,2.28117,258
2025-09-08 12:15:00,2.2811,2.28136,2.28092,2.28092,197
2025-09-08 12:20:00,2.28093,2.28118,2.28069,2.28113,210
2025-09-08 12:25:00,2.28112,2.28188,2.28105,2.28184,293
2025-09-08 12:30:00,2.2818300000000002,2.28232,2.2817600000000002,2.282,221
2025-09-08 12:35:00,2.28199,2.28204,2.2813499999999998,2.28156,225
2025-09-08 12:40:00,2.28156,2.28162,2.28098,2.28123,140
2025-09-08 12:45:00,2.28131,2.2813499999999998,2.2806699999999998,2.28089,216
2025-09-08 12:50:00,2.28088,2.281,2.28041,2.28045,206
2025-09-08 12:55:00,2.28048,2.28083,2.28025,2.2807399999999998,231
2025-09-08 13:00:00,2.2807,2.28083,2.2799,2.28009,254
2025-09-08 13:05:00,2.28012,2.28058,2.2799300000000002,2.27998,257
2025-09-08 13:10:00,2.27991,2.28035,2.27968,2.2799300000000002,203
2025-09-08 13:15:00,2.27992,2.2801,2.27955,2.27991,189
2025-09-08 13:20:00,2.27992,2.28031,2.27972,2.27972,194
2025-09-08 13:25:00,2.27972,2.28011,2.27969,2.28011,176
2025-09-08 13:30:00,2.2801299999999998,2.28037,2.27997,2.27997,217
2025-09-08 13:35:00,2.28012,2.28097,2.28008,2.28081,269
2025-09-08 13:40:00,2.2808,2.2808,2.27937,2.2801,288
2025-09-08 13:45:00,2.28025,2.28058,2.27983,2.28011,236
2025-09-08 13:50:00,2.2801,2.28049,2.27992,2.2804,276
2025-09-08 13:55:00,2.28041,2.28131,2.28036,2.28112,293
2025-09-08 14:00:00,2.28109,2.28133,2.28031,2.28071,306
2025-09-08 14:05:00,2.28072,2.28126,2.28048,2.28102,234
2025-09-08 14:10:00,2.28096,2.2811,2.2805400000000002,2.28058,220
2025-09-08 14:15:00,2.28059,2.2807,2.28018,2.28032,234
2025-09-08 14:20:00,2.28033,2.28056,2.27987,2.2800000000000002,238
2025-09-08 14:25:00,2.28001,2.28027,2.27968,2.28015,217
2025-09-08 14:30:00,2.28011,2.28048,2.2793900000000002,2.27955,270
2025-09-08 14:35:00,2.27956,2.27965,2.2788399999999998,2.27898,263
2025-09-08 14:40:00,2.279,2.2795199999999998,2.27896,2.27904,232
2025-09-08 14:45:00,2.27906,2.2794499999999998,2.27899,2.27938,265
2025-09-08 14:50:00,2.27935,2.28008,2.27928,2.27984,260
2025-09-08 14:55:00,2.27985,2.27991,2.27858,2.27858,288
2025-09-08 15:00:00,2.27866,2.27902,2.27852,2.27867,300
2025-09-08 15:05:00,2.27868,2.27955,2.27868,2.27943,299
2025-09-08 15:10:00,2.27944,2.28029,2.2793200000000002,2.2801299999999998,316
2025-09-08 15:15:00,2.28014,2.28024,2.27984,2.27995,297
2025-09-08 15:20:00,2.27983,2.28057,2.2796,2.28048,279
2025-09-08 15:25:00,2.28045,2.28049,2.27996,2.28027,288
2025-09-08 15:30:00,2.28024,2.28075,2.28012,2.28068,346
2025-09-08 15:35:00,2.28066,2.2808,2.28032,2.28032,307
2025-09-08 15:40:00,2.28033,2.28077,2.27999,2.28001,320
2025-09-08 15:45:00,2.27999,2.28033,2.27958,2.27987,291
2025-09-08 15:50:00,2.27991,2.2807,2.27976,2.28012,319
2025-09-08 15:55:00,2.28016,2.28048,2.2796,2.27967,392
2025-09-08 16:00:00,2.27969,2.28003,2.27878,2.2788,378
2025-09-08 16:05:00,2.27881,2.2795,2.2788,2.27926,293
2025-09-08 16:10:00,2.27926,2.27936,2.2789099999999998,2.27913,361
2025-09-08 16:15:00,2.27911,2.27968,2.27882,2.27958,353
2025-09-08 16:20:00,2.27957,2.28019,2.27953,2.28009,289
2025-09-08 16:25:00,2.28003,2.28038,2.27978,2.28004,268
2025-09-08 16:30:00,2.28005,2.2801299999999998,2.2795199999999998,2.27974,304
2025-09-08 16:35:00,2.2797,2.2813499999999998,2.27959,2.28105,399
2025-09-08 16:40:00,2.28107,2.28123,2.28007,2.28034,368
2025-09-08 16:45:00,2.28033,2.28087,2.28002,2.2807399999999998,388
2025-09-08 16:50:00,2.2808,2.28114,2.28014,2.28057,330
2025-09-08 16:55:00,2.28056,2.28069,2.2799300000000002,2.28036,448
2025-09-08 17:00:00,2.28038,2.2808,2.27989,2.2801,456
2025-09-08 17:05:00,2.28008,2.28022,2.27893,2.28011,459
2025-09-08 17:10:00,2.28012,2.28018,2.2793200000000002,2.27951,394
2025-09-08 17:15:00,2.2795,2.28053,2.27936,2.28045,359
2025-09-08 17:20:00,2.28044,2.28088,2.28021,2.28047,391
2025-09-08 17:25:00,2.28046,2.2806,2.28002,2.28058,367
2025-09-08 17:30:00,2.28057,2.28057,2.27963,2.27974,411
2025-09-08 17:35:00,2.27986,2.28026,2.27972,2.27998,361
2025-09-08 17:40:00,2.28003,2.2804,2.27957,2.2804,361
2025-09-08 17:45:00,2.2803,2.2806100000000002,2.2794,2.27982,382
2025-09-08 17:50:00,2.2798,2.28028,2.27969,2.27992,334
2025-09-08 17:55:00,2.27981,2.28056,2.27935,2.28045,433
2025-09-08 18:00:00,2.28044,2.28066,2.27983,2.28046,440
2025-09-08 18:05:00,2.28047,2.28097,2.28036,2.28057,387
2025-09-08 18:10:00,2.28059,2.28077,2.2801299999999998,2.28064,379
2025-09-08 18:15:00,2.2806100000000002,2.28087,2.28045,2.2807,324
2025-09-08 18:20:00,2.28068,2.28099,2.2804,2.28042,300
2025-09-08 18:25:00,2.28046,2.28051,2.2799300000000002,2.28008,324
2025-09-08 18:30:00,2.2801,2.28079,2.2801,2.28064,339
2025-09-08 18:35:00,2.28063,2.28118,2.28063,2.28101,278
2025-09-08 18:40:00,2.28106,2.28117,2.28031,2.28052,306
2025-09-08 18:45:00,2.28045,2.28066,2.28015,2.2802,331
2025-09-08 18:50:00,2.2802,2.28026,2.27981,2.2801,280
2025-09-08 18:55:00,2.28016,2.28069,2.27994,2.2806699999999998,267
2025-09-08 19:00:00,2.28063,2.2809,2.28043,2.2806699999999998,298
2025-09-08 19:05:00,2.28069,2.28092,2.28045,2.2806699999999998,238
2025-09-08 19:10:00,2.28066,2.28094,2.28062,2.28092,189
2025-09-08 19:15:00,2.28093,2.28105,2.28083,2.28088,210
2025-09-08 19:20:00,2.2809,2.28103,2.28066,2.28066,263
2025-09-08 19:25:00,2.2806699999999998,2.28121,2.28059,2.28066,210
2025-09-08 19:30:00,2.28066,2.28087,2.28047,2.28071,283
2025-09-08 19:35:00,2.28071,2.2811,2.28065,2.28098,316
2025-09-08 19:40:00,2.28097,2.28114,2.28073,2.28102,287
2025-09-08 19:45:00,2.28103,2.28165,2.2809,2.28161,246
2025-09-08 19:50:00,2.28162,2.28167,2.2812799999999998,2.28141,208
2025-09-08 19:55:00,2.28137,2.28172,2.28137,2.28149,310
2025-09-08 20:00:00,2.28147,2.28219,2.28147,2.28206,283
2025-09-08 20:05:00,2.2819599999999998,2.28233,2.28151,2.28151,262
2025-09-08 20:10:00,2.28151,2.28182,2.28146,2.28181,207
2025-09-08 20:15:00,2.28182,2.28194,2.28165,2.28168,212
2025-09-08 20:20:00,2.28167,2.28201,2.28153,2.28182,207
2025-09-08 20:25:00,2.28181,2.28225,2.28181,2.2822,224
2025-09-08 20:30:00,2.28219,2.28242,2.28206,2.28217,257
2025-09-08 20:35:00,2.28215,2.28224,2.2818899999999998,2.28222,261
2025-09-08 20:40:00,2.28223,2.28233,2.28171,2.28184,215
2025-09-08 20:45:00,2.28182,2.28193,2.28126,2.28142,201
2025-09-08 20:50:00,2.28143,2.28149,2.28082,2.28104,166
2025-09-08 20:55:00,2.28104,2.28117,2.2806100000000002,2.28064,245
2025-09-08 21:00:00,2.28062,2.28111,2.28059,2.28111,255
2025-09-08 21:05:00,2.28109,2.28123,2.28075,2.28096,275
2025-09-08 21:10:00,2.28097,2.28134,2.2809,2.28131,257
2025-09-08 21:15:00,2.28132,2.2814,2.281,2.28134,201
2025-09-08 21:20:00,2.28132,2.28144,2.28097,2.28134,223
2025-09-08 21:25:00,2.28131,2.28151,2.28119,2.2812,189
2025-09-08 21:30:00,2.28121,2.28141,2.28111,2.28125,177
2025-09-08 21:35:00,2.28124,2.2813,2.28096,2.28117,188
2025-09-08 21:40:00,2.28118,2.28151,2.28081,2.28081,214
2025-09-08 21:45:00,2.28081,2.28112,2.2807,2.281,210
2025-09-08 21:50:00,2.28098,2.28099,2.2805400000000002,2.2806,206
2025-09-08 21:55:00,2.2806100000000002,2.28123,2.2804,2.28117,296
2025-09-08 22:00:00,2.28119,2.28125,2.28073,2.28085,245
2025-09-08 22:05:00,2.28086,2.2811,2.28069,2.28106,187
2025-09-08 22:10:00,2.28105,2.28114,2.28039,2.28051,183
2025-09-08 22:15:00,2.2805,2.28075,2.28042,2.28058,246
2025-09-08 22:20:00,2.28057,2.28107,2.28046,2.28076,137
2025-09-08 22:25:00,2.28078,2.2813,2.28077,2.28113,133
2025-09-08 22:30:00,2.28112,2.28114,2.28072,2.28101,154
2025-09-08 22:35:00,2.28099,2.28106,2.28062,2.2807,127
2025-09-08 22:40:00,2.2806699999999998,2.28082,2.2805400000000002,2.28071,130
2025-09-08 22:45:00,2.28073,2.28077,2.28059,2.28069,146
2025-09-08 22:50:00,2.28071,2.28095,2.28032,2.28055,178
2025-09-08 22:55:00,2.28052,2.28086,2.28045,2.28062,218
2025-09-08 23:00:00,2.2799,2.2801299999999998,2.27964,2.27992,183
2025-09-08 23:05:00,2.2799300000000002,2.27996,2.27979,2.27996,121
2025-09-08 23:10:00,2.27995,2.28037,2.27987,2.28016,124
2025-09-08 23:15:00,2.2801299999999998,2.28025,2.27997,2.28023,155
2025-09-08 23:20:00,2.28022,2.28029,2.27981,2.27989,145
2025-09-08 23:25:00,2.27988,2.28008,2.27978,2.27983,147
2025-09-08 23:30:00,2.27979,2.27988,2.27963,2.27968,158
2025-09-08 23:35:00,2.27967,2.27981,2.27944,2.27966,89
2025-09-08 23:40:00,2.27965,2.27974,2.27916,2.27919,168
2025-09-08 23:45:00,2.27921,2.27954,2.27917,2.2793200000000002,147
2025-09-08 23:50:00,2.27931,2.27971,2.27921,2.27971,78
2025-09-08 23:55:00,2.27742,2.27747,2.27698,2.27709,166
2025-09-09 00:00:00,2.28001,2.28011,2.27925,2.27981,9
2025-09-09 00:05:00,2.27981,2.27981,2.27812,2.27841,29
2025-09-09 00:10:00,2.27841,2.27841,2.27837,2.27838,9
2025-09-09 00:15:00,2.28001,2.28034,2.27938,2.2800000000000002,90
2025-09-09 00:20:00,2.2799300000000002,2.28029,2.27975,2.28021,115
2025-09-09 00:25:00,2.28015,2.28075,2.27977,2.28016,185
2025-09-09 00:30:00,2.28024,2.2806699999999998,2.27995,2.28029,92
2025-09-09 00:35:00,2.28029,2.28029,2.28001,2.28024,124
2025-09-09 00:40:00,2.28025,2.28025,2.27896,2.27927,168
2025-09-09 00:45:00,2.27925,2.27941,2.27913,2.2793200000000002,114
2025-09-09 00:50:00,2.27935,2.27955,2.27906,2.27938,91
2025-09-09 00:55:00,2.27935,2.27971,2.27924,2.27954,132
2025-09-09 01:00:00,2.27992,2.28034,2.27916,2.27925,272
2025-09-09 01:05:00,2.27927,2.27965,2.27918,2.27958,212
2025-09-09 01:10:00,2.27958,2.27977,2.2793900000000002,2.27963,140
2025-09-09 01:15:00,2.27967,2.27981,2.27946,2.27965,278
2025-09-09 01:20:00,2.27964,2.28009,2.27948,2.27966,154
2025-09-09 01:25:00,2.27962,2.28024,2.27958,2.27959,77
2025-09-09 01:30:00,2.27956,2.27973,2.27936,2.2793900000000002,116
2025-09-09 01:35:00,2.27938,2.27988,2.2793200000000002,2.27949,102
2025-09-09 01:40:00,2.27946,2.28026,2.27946,2.27957,56
2025-09-09 01:45:00,2.27959,2.28008,2.27947,2.2799300000000002,113
2025-09-09 01:50:00,2.27996,2.28031,2.2797,2.27978,72
2025-09-09 01:55:00,2.27981,2.28039,2.27981,2.2799,57
2025-09-09 02:00:00,2.27999,2.28071,2.27999,2.28059,105
2025-09-09 02:05:00,2.2806,2.28066,2.2804,2.28045,81
2025-09-09 02:10:00,2.28044,2.28063,2.28039,2.28057,103
2025-09-09 02:15:00,2.28056,2.28072,2.28045,2.28071,82
2025-09-09 02:20:00,2.28072,2.28083,2.28034,2.28035,157
2025-09-09 02:25:00,2.28037,2.28068,2.28025,2.28068,151
2025-09-09 02:30:00,2.28071,2.2811500000000002,2.2805,2.28062,152
2025-09-09 02:35:00,2.28064,2.28102,2.28059,2.28102,113
2025-09-09 02:40:00,2.28103,2.28112,2.2809,2.28107,106
2025-09-09 02:45:00,2.28108,2.28131,2.28087,2.28117,109
2025-09-09 02:50:00,2.2811500000000002,2.28123,2.28019,2.28022,112
2025-09-09 02:55:00,2.28021,2.28027,2.27941,2.27942,142
2025-09-09 03:00:00,2.27943,2.28003,2.27893,2.27905,258
2025-09-09 03:05:00,2.27904,2.27935,2.27889,2.27917,242
2025-09-09 03:10:00,2.27918,2.27934,2.27898,2.27913,172
2025-09-09 03:15:00,2.27912,2.27966,2.2791,2.2794499999999998,209
2025-09-09 03:20:00,2.27947,2.27957,2.27916,2.2794,225
2025-09-09 03:25:00,2.2794499999999998,2.27968,2.27913,2.27928,232
2025-09-09 03:30:00,2.27926,2.27973,2.27909,2.27948,222
2025-09-09 03:35:00,2.2795,2.27992,2.27935,2.27973,160
2025-09-09 03:40:00,2.27978,2.2799,2.27962,2.27985,207
2025-09-09 03:45:00,2.27984,2.27999,2.27928,2.2793,205
2025-09-09 03:50:00,2.27931,2.27988,2.27928,2.27979,300
2025-09-09 03:55:00,2.27981,2.28058,2.27976,2.2804,258
2025-09-09 04:00:00,2.28042,2.28129,2.28042,2.28118,228
2025-09-09 04:05:00,2.2812,2.28145,2.281,2.28137,189
2025-09-09 04:10:00,2.28138,2.28163,2.28116,2.28162,157
2025-09-09 04:15:00,2.28163,2.28188,2.28093,2.28118,214
2025-09-09 04:20:00,2.28116,2.28221,2.28103,2.28221,187
2025-09-09 04:25:00,2.28236,2.28262,2.2817,2.28192,203
2025-09-09 04:30:00,2.28191,2.28232,2.28174,2.28219,220
2025-09-09 04:35:00,2.28218,2.28236,2.28158,2.28202,268
2025-09-09 04:40:00,2.28204,2.28268,2.28201,2.28259,255
2025-09-09 04:45:00,2.28261,2.28284,2.28239,2.28258,264
2025-09-09 04:50:00,2.2825699999999998,2.28273,2.28147,2.2818899999999998,283
2025-09-09 04:55:00,2.28178,2.28233,2.2813,2.28152,293
2025-09-09 05:00:00,2.28154,2.28202,2.28141,2.28163,230
2025-09-09 05:05:00,2.28161,2.28184,2.28089,2.28093,201
2025-09-09 05:10:00,2.28092,2.28231,2.28091,2.28167,236
2025-09-09 05:15:00,2.28164,2.282,2.28151,2.28181,247
2025-09-09 05:20:00,2.28171,2.2821,2.28143,2.28197,246
2025-09-09 05:25:00,2.28199,2.282,2.28114,2.28126,233
2025-09-09 05:30:00,2.2812,2.28171,2.28097,2.28097,211
2025-09-09 05:35:00,2.28096,2.28145,2.2809,2.28121,187
2025-09-09 05:40:00,2.2812200000000002,2.2815,2.28106,2.28138,182
2025-09-09 05:45:00,2.2813499999999998,2.28147,2.28103,2.28132,181
2025-09-09 05:50:00,2.28131,2.28167,2.28106,2.28157,205
2025-09-09 05:55:00,2.28159,2.28168,2.28086,2.28095,226
2025-09-09 06:00:00,2.28093,2.28137,2.28093,2.2811,221
2025-09-09 06:05:00,2.28114,2.28156,2.28096,2.28153,232
2025-09-09 06:10:00,2.28162,2.28166,2.28121,2.28138,235
2025-09-09 06:15:00,2.28127,2.28206,2.28127,2.28203,180
2025-09-09 06:20:00,2.28204,2.28225,2.28174,2.28194,160
2025-09-09 06:25:00,2.28193,2.28234,2.2818300000000002,2.28218,205
2025-09-09 06:30:00,2.2822,2.28224,2.2817600000000002,2.2819,164
2025-09-09 06:35:00,2.28188,2.28192,2.28168,2.28182,154
2025-09-09 06:40:00,2.2818,2.2818,2.28145,2.28146,121
2025-09-09 06:45:00,2.28144,2.28155,2.28104,2.2811500000000002,184
2025-09-09 06:50:00,2.28117,2.28137,2.28106,2.28114,163
2025-09-09 06:55:00,2.28116,2.2814,2.281,2.28109,196
2025-09-09 07:00:00,2.28108,2.28165,2.28104,2.28152,162
2025-09-09 07:05:00,2.28154,2.28154,2.28105,2.28142,144
2025-09-09 07:10:00,2.28144,2.28162,2.2813499999999998,2.28151,145
2025-09-09 07:15:00,2.28152,2.2818,2.28141,2.2817600000000002,155
2025-09-09 07:20:00,2.28177,2.2818899999999998,2.28155,2.28164,175
2025-09-09 07:25:00,2.28166,2.28185,2.28144,2.28146,180
2025-09-09 07:30:00,2.28148,2.28155,2.28123,2.28133,201
2025-09-09 07:35:00,2.28131,2.28159,2.28125,2.2815,143
2025-09-09 07:40:00,2.28148,2.28169,2.28129,2.2813,147
2025-09-09 07:45:00,2.28129,2.28131,2.28088,2.28099,112
2025-09-09 07:50:00,2.28102,2.28138,2.281,2.28113,171
2025-09-09 07:55:00,2.2811500000000002,2.28146,2.28085,2.28119,200
2025-09-09 08:00:00,2.28121,2.28165,2.28082,2.28144,222
2025-09-09 08:05:00,2.28145,2.28147,2.28108,2.28121,197
2025-09-09 08:10:00,2.28123,2.2813,2.28087,2.28093,206
2025-09-09 08:15:00,2.28094,2.2813,2.28092,2.2811500000000002,242
2025-09-09 08:20:00,2.28114,2.28126,2.28081,2.28111,199
2025-09-09 08:25:00,2.28102,2.28102,2.28004,2.28015,164
2025-09-09 08:30:00,2.28021,2.28028,2.27978,2.2799300000000002,155
2025-09-09 08:35:00,2.27992,2.28048,2.27982,2.28032,200
2025-09-09 08:40:00,2.28031,2.28052,2.27994,2.28039,246
2025-09-09 08:45:00,2.28042,2.28059,2.28001,2.2803,229
2025-09-09 08:50:00,2.28028,2.2806100000000002,2.28009,2.2801,261
2025-09-09 08:55:00,2.28012,2.28023,2.27984,2.28011,242
2025-09-09 09:00:00,2.2801299999999998,2.2807,2.2799,2.28058,330
2025-09-09 09:05:00,2.28059,2.28139,2.28031,2.2811500000000002,379
2025-09-09 09:10:00,2.28114,2.28116,2.28066,2.28076,312
2025-09-09 09:15:00,2.28077,2.28127,2.28069,2.28127,315
2025-09-09 09:20:00,2.28121,2.28149,2.28108,2.28125,246
2025-09-09 09:25:00,2.28125,2.28153,2.28052,2.28066,278
2025-09-09 09:30:00,2.2806699999999998,2.28085,2.28005,2.28078,262
2025-09-09 09:35:00,2.28076,2.28076,2.27995,2.28011,211
2025-09-09 09:40:00,2.28012,2.28027,2.27986,2.28009,292
2025-09-09 09:45:00,2.28009,2.2806,2.27979,2.2805400000000002,356
2025-09-09 09:50:00,2.28059,2.28145,2.28044,2.28143,275
2025-09-09 09:55:00,2.2814,2.28162,2.28108,2.28112,309
2025-09-09 10:00:00,2.2811,2.28117,2.28014,2.28035,324
2025-09-09 10:05:00,2.28033,2.28056,2.28005,2.28038,278
2025-09-09 10:10:00,2.28035,2.28068,2.28002,2.28037,273
2025-09-09 10:15:00,2.28039,2.28095,2.28029,2.2806100000000002,291
2025-09-09 10:20:00,2.2806,2.28105,2.2805,2.28084,285
2025-09-09 10:25:00,2.28086,2.28163,2.2807,2.28148,253
2025-09-09 10:30:00,2.28148,2.28178,2.2811500000000002,2.28151,288
2025-09-09 10:35:00,2.28146,2.28207,2.2812,2.28198,263
2025-09-09 10:40:00,2.28198,2.28231,2.28158,2.28214,278
2025-09-09 10:45:00,2.28217,2.28245,2.28192,2.2823,413
2025-09-09 10:50:00,2.2823,2.28267,2.28213,2.2823700000000002,339
2025-09-09 10:55:00,2.28236,2.28259,2.28138,2.28149,358
2025-09-09 11:00:00,2.28155,2.28178,2.2812799999999998,2.28134,327
2025-09-09 11:05:00,2.2813499999999998,2.28181,2.28083,2.28171,301
2025-09-09 11:10:00,2.28174,2.28195,2.28126,2.28132,298
2025-09-09 11:15:00,2.28127,2.28144,2.2805,2.28083,542
2025-09-09 11:20:00,2.28084,2.2816,2.28068,2.28137,401
2025-09-09 11:25:00,2.28139,2.28156,2.281,2.28138,481
2025-09-09 11:30:00,2.28138,2.28201,2.28131,2.28146,418
2025-09-09 11:35:00,2.28145,2.28154,2.28031,2.28037,369
2025-09-09 11:40:00,2.28036,2.28119,2.28032,2.28098,418
2025-09-09 11:45:00,2.28099,2.28103,2.28038,2.28051,330
2025-09-09 11:50:00,2.28049,2.28057,2.2799300000000002,2.28042,310
2025-09-09 11:55:00,2.28042,2.28088,2.28041,2.28065,273
2025-09-09 12:00:00,2.28068,2.28084,2.28005,2.28027,377
2025-09-09 12:05:00,2.28025,2.28056,2.28011,2.28024,298
2025-09-09 12:10:00,2.2801299999999998,2.28082,2.28012,2.28057,365
2025-09-09 12:15:00,2.2806699999999998,2.28093,2.28018,2.28037,342
2025-09-09 12:20:00,2.28034,2.28064,2.28001,2.28038,273
2025-09-09 12:25:00,2.28035,2.28042,2.2799300000000002,2.28028,240
2025-09-09 12:30:00,2.28031,2.28081,2.28021,2.2807,327
2025-09-09 12:35:00,2.28058,2.2813499999999998,2.2805400000000002,2.2809,301
2025-09-09 12:40:00,2.28087,2.2812799999999998,2.28078,2.2812799999999998,287
2025-09-09 12:45:00,2.28129,2.2813,2.28034,2.28047,260
2025-09-09 12:50:00,2.28053,2.28102,2.28048,2.2808,286
2025-09-09 12:55:00,2.28082,2.28121,2.2805400000000002,2.28062,285
2025-09-09 13:00:00,2.2806,2.2806699999999998,2.28004,2.28034,264
2025-09-09 13:05:00,2.28033,2.28037,2.27986,2.28032,233
2025-09-09 13:10:00,2.28034,2.28044,2.2800599999999998,2.28029,224
2025-09-09 13:15:00,2.28028,2.2806100000000002,2.27976,2.27978,281
2025-09-09 13:20:00,2.27982,2.28005,2.27941,2.27992,232
2025-09-09 13:25:00,2.27991,2.2801,2.27968,2.27968,177
2025-09-09 13:30:00,2.27967,2.27995,2.2796,2.2797,267
2025-09-09 13:35:00,2.27972,2.27989,2.27931,2.27962,246
2025-09-09 13:40:00,2.27963,2.2798,2.27941,2.2796,255
2025-09-09 13:45:00,2.27964,2.2800599999999998,2.27948,2.27962,256
2025-09-09 13:50:00,2.27961,2.27977,2.2793900000000002,2.27965,220
2025-09-09 13:55:00,2.27966,2.27982,2.2794,2.27982,235
2025-09-09 14:00:00,2.27983,2.28009,2.27933,2.27996,260
2025-09-09 14:05:00,2.28004,2.2803,2.27987,2.27998,203
2025-09-09 14:10:00,2.27997,2.28056,2.27988,2.28049,198
2025-09-09 14:15:00,2.28047,2.28047,2.2800000000000002,2.28019,212
2025-09-09 14:20:00,2.28017,2.2802,2.27968,2.28001,189
2025-09-09 14:25:00,2.28003,2.28049,2.27994,2.28015,246
2025-09-09 14:30:00,2.28017,2.28025,2.27971,2.27983,222
2025-09-09 14:35:00,2.27982,2.2804,2.27982,2.28023,232
2025-09-09 14:40:00,2.28022,2.28024,2.2797,2.27992,201
2025-09-09 14:45:00,2.27994,2.28008,2.27913,2.2793200000000002,203
2025-09-09 14:50:00,2.2793200000000002,2.27965,2.27896,2.27917,283
2025-09-09 14:55:00,2.27917,2.2792,2.27859,2.27882,316
2025-09-09 15:00:00,2.2788399999999998,2.279,2.27816,2.27837,377
2025-09-09 15:05:00,2.27835,2.27855,2.27818,2.27853,245
2025-09-09 15:10:00,2.27852,2.2786,2.27796,2.27835,316
2025-09-09 15:15:00,2.27838,2.27893,2.2782299999999998,2.27886,282
2025-09-09 15:20:00,2.27887,2.27994,2.27863,2.27986,344
2025-09-09 15:25:00,2.27988,2.28078,2.27984,2.28049,288
2025-09-09 15:30:00,2.28053,2.28103,2.28019,2.28098,388
2025-09-09 15:35:00,2.28097,2.28097,2.2803,2.28055,321
2025-09-09 15:40:00,2.28055,2.28064,2.27992,2.28003,291
2025-09-09 15:45:00,2.28005,2.28063,2.27987,2.28014,309
2025-09-09 15:50:00,2.28026,2.28086,2.27992,2.28041,308
2025-09-09 15:55:00,2.28043,2.28101,2.28021,2.28101,331
2025-09-09 16:00:00,2.28097,2.28138,2.28079,2.28124,383
2025-09-09 16:05:00,2.28121,2.28227,2.28113,2.28209,376
2025-09-09 16:10:00,2.28208,2.28227,2.28179,2.28205,357
2025-09-09 16:15:00,2.28202,2.28219,2.28156,2.28165,340
2025-09-09 16:20:00,2.28165,2.28181,2.2807,2.28144,336
2025-09-09 16:25:00,2.2814,2.28141,2.2808,2.2811,342
2025-09-09 16:30:00,2.28109,2.28125,2.2799300000000002,2.2799300000000002,390
2025-09-09 16:35:00,2.27994,2.2808,2.27976,2.28019,428
2025-09-09 16:40:00,2.28018,2.2802,2.27918,2.27921,375
2025-09-09 16:45:00,2.27924,2.27968,2.27875,2.27912,420
2025-09-09 16:50:00,2.27916,2.2793900000000002,2.2787100000000002,2.27918,383
2025-09-09 16:55:00,2.27926,2.27954,2.27877,2.27936,454
2025-09-09 17:00:00,2.27935,2.2805,2.27825,2.27982,888
2025-09-09 17:05:00,2.27981,2.28044,2.27944,2.27955,677
2025-09-09 17:10:00,2.27956,2.27966,2.27846,2.27922,581
2025-09-09 17:15:00,2.27923,2.2800599999999998,2.27906,2.27971,544
2025-09-09 17:20:00,2.27974,2.28011,2.27936,2.27959,592
2025-09-09 17:25:00,2.2796,2.27971,2.27917,2.27941,483
2025-09-09 17:30:00,2.27941,2.28064,2.27935,2.28024,549
2025-09-09 17:35:00,2.28027,2.28072,2.27973,2.28044,516
2025-09-09 17:40:00,2.28045,2.28064,2.2797,2.27988,511
2025-09-09 17:45:00,2.27979,2.28051,2.27977,2.28012,476
2025-09-09 17:50:00,2.28011,2.28107,2.28011,2.28081,509
2025-09-09 17:55:00,2.28077,2.28158,2.28003,2.28144,482
2025-09-09 18:00:00,2.28146,2.28265,2.28146,2.28251,515
2025-09-09 18:05:00,2.28249,2.2829,2.28215,2.28254,479
2025-09-09 18:10:00,2.2825699999999998,2.28289,2.28229,2.2824999999999998,430
2025-09-09 18:15:00,2.28249,2.28278,2.28191,2.28214,507
2025-09-09 18:20:00,2.28214,2.28227,2.28175,2.2819,439
2025-09-09 18:25:00,2.28191,2.28211,2.28155,2.28186,397
2025-09-09 18:30:00,2.28184,2.28218,2.28179,2.28217,398
2025-09-09 18:35:00,2.2821,2.28233,2.28185,2.28199,350
2025-09-09 18:40:00,2.28197,2.28201,2.2816,2.2816,303
2025-09-09 18:45:00,2.28159,2.2817600000000002,2.28132,2.28165,310
2025-09-09 18:50:00,2.28163,2.28228,2.28141,2.28199,302
2025-09-09 18:55:00,2.28197,2.2822,2.28169,2.2818,243
2025-09-09 19:00:00,2.28177,2.2818899999999998,2.28124,2.28145,324
2025-09-09 19:05:00,2.28144,2.28149,2.28071,2.28094,314
2025-09-09 19:10:00,2.28096,2.28137,2.28084,2.28132,310
2025-09-09 19:15:00,2.28133,2.28172,2.28129,2.28169,331
2025-09-09 19:20:00,2.28164,2.28222,2.28161,2.28185,338
2025-09-09 19:25:00,2.28184,2.28248,2.2818300000000002,2.28234,293
2025-09-09 19:30:00,2.28232,2.28254,2.28207,2.28247,267
2025-09-09 19:35:00,2.28248,2.28283,2.28235,2.28248,236
2025-09-09 19:40:00,2.2825699999999998,2.28262,2.28224,2.28243,240
2025-09-09 19:45:00,2.28243,2.28291,2.28234,2.28262,266
2025-09-09 19:50:00,2.28259,2.28273,2.28245,2.28261,248
2025-09-09 19:55:00,2.28259,2.28264,2.2821,2.28222,298
2025-09-09 20:00:00,2.28222,2.2825699999999998,2.28206,2.28246,344
2025-09-09 20:05:00,2.28246,2.2829800000000002,2.28234,2.28295,283
2025-09-09 20:10:00,2.28297,2.28325,2.28274,2.28287,310
2025-09-09 20:15:00,2.28288,2.28292,2.28216,2.28281,232
2025-09-09 20:20:00,2.28279,2.28283,2.28245,2.28251,255
2025-09-09 20:25:00,2.2824999999999998,2.28283,2.2824400000000002,2.28265,246
2025-09-09 20:30:00,2.28264,2.28281,2.28251,2.28272,217
2025-09-09 20:35:00,2.28268,2.28296,2.28266,2.28276,218
2025-09-09 20:40:00,2.28276,2.28299,2.28253,2.2825699999999998,284
2025-09-09 20:45:00,2.28263,2.28316,2.2824400000000002,2.28264,326
2025-09-09 20:50:00,2.28262,2.28296,2.2825699999999998,2.28279,290
2025-09-09 20:55:00,2.28278,2.28289,2.28217,2.28249,318
2025-09-09 21:00:00,2.28249,2.2825699999999998,2.28201,2.28218,284
2025-09-09 21:05:00,2.28219,2.28225,2.2818300000000002,2.2818300000000002,180
2025-09-09 21:10:00,2.28182,2.28239,2.28182,2.28232,248
2025-09-09 21:15:00,2.28233,2.28254,2.28213,2.28247,256
2025-09-09 21:20:00,2.2824999999999998,2.28284,2.28242,2.28279,281
2025-09-09 21:25:00,2.2828,2.2829,2.2824999999999998,2.28266,267
2025-09-09 21:30:00,2.28272,2.28293,2.28247,2.28289,227
2025-09-09 21:35:00,2.28291,2.2831,2.2828,2.28287,147
2025-09-09 21:40:00,2.28288,2.28309,2.28273,2.28286,193
2025-09-09 21:45:00,2.28284,2.28304,2.28276,2.28289,230
2025-09-09 21:50:00,2.28294,2.2829800000000002,2.28261,2.2827,221
2025-09-09 21:55:00,2.28272,2.28275,2.28225,2.28243,222
2025-09-09 22:00:00,2.28245,2.28262,2.28186,2.28215,311
2025-09-09 22:05:00,2.28214,2.28224,2.28197,2.28205,215
2025-09-09 22:10:00,2.28205,2.2823700000000002,2.28195,2.28203,198
2025-09-09 22:15:00,2.28206,2.28218,2.28192,2.28218,141
2025-09-09 22:20:00,2.28217,2.28238,2.28207,2.28217,145
2025-09-09 22:25:00,2.28227,2.2823700000000002,2.282,2.28206,137
2025-09-09 22:30:00,2.28206,2.2824400000000002,2.28206,2.28217,203
2025-09-09 22:35:00,2.28215,2.28231,2.28208,2.28212,172
2025-09-09 22:40:00,2.28213,2.28225,2.2819,2.28225,180
2025-09-09 22:45:00,2.28221,2.28231,2.28203,2.28215,191
2025-09-09 22:50:00,2.28209,2.28214,2.28186,2.2819,165
2025-09-09 22:55:00,2.28188,2.28224,2.28173,2.28185,175
2025-09-09 23:00:00,2.28117,2.28136,2.28106,2.2813,127
2025-09-09 23:05:00,2.28132,2.28143,2.28095,2.28108,118
2025-09-09 23:10:00,2.28107,2.28109,2.28087,2.28103,109
2025-09-09 23:15:00,2.28102,2.28116,2.28084,2.28091,150
2025-09-09 23:20:00,2.2809,2.28106,2.28078,2.28099,112
2025-09-09 23:25:00,2.281,2.28144,2.28098,2.28131,125
2025-09-09 23:30:00,2.28132,2.28136,2.28107,2.28129,151
2025-09-09 23:35:00,2.28126,2.28137,2.28107,2.28117,130
2025-09-09 23:40:00,2.28117,2.2818,2.28117,2.28149,127
2025-09-09 23:45:00,2.28149,2.28171,2.2814,2.28164,193
2025-09-09 23:50:00,2.28158,2.28203,2.28133,2.28181,243
2025-09-09 23:55:00,2.27974,2.27991,2.27959,2.27964,142
2025-09-10 00:00:00,2.28051,2.28051,2.28001,2.28031,5
2025-09-10 00:05:00,2.28031,2.28031,2.2770099999999998,2.27836,77
2025-09-10 00:10:00,2.27837,2.2784,2.27754,2.27793,46
2025-09-10 00:15:00,2.27793,2.2808,2.27793,2.28057,168
2025-09-10 00:20:00,2.28072,2.28093,2.27957,2.28028,134
2025-09-10 00:25:00,2.28031,2.28053,2.27994,2.28021,135
2025-09-10 00:30:00,2.28025,2.28136,2.28025,2.28111,99
2025-09-10 00:35:00,2.2812200000000002,2.2819599999999998,2.28111,2.28184,178
2025-09-10 00:40:00,2.2818300000000002,2.28184,2.28119,2.28157,124
2025-09-10 00:45:00,2.2817,2.28195,2.28141,2.2817,111
2025-09-10 00:50:00,2.28164,2.28173,2.2806100000000002,2.28158,190
2025-09-10 00:55:00,2.28161,2.28186,2.28089,2.28113,199
2025-09-10 01:00:00,2.28155,2.28213,2.2812,2.28167,102
2025-09-10 01:05:00,2.28166,2.28211,2.28125,2.2818,60
2025-09-10 01:10:00,2.28178,2.28211,2.28149,2.28188,92
2025-09-10 01:15:00,2.28187,2.2819599999999998,2.2818300000000002,2.28185,175
2025-09-10 01:20:00,2.2818300000000002,2.28213,2.2818300000000002,2.28207,86
2025-09-10 01:25:00,2.28211,2.28217,2.28206,2.28212,119
2025-09-10 01:30:00,2.28215,2.28269,2.28152,2.28158,90
2025-09-10 01:35:00,2.28159,2.28199,2.28132,2.28141,65
2025-09-10 01:40:00,2.2814,2.28145,2.28118,2.28119,98
2025-09-10 01:45:00,2.28112,2.28112,2.28094,2.28101,109
2025-09-10 01:50:00,2.28102,2.28137,2.28091,2.28125,180
2025-09-10 01:55:00,2.28124,2.2817600000000002,2.28124,2.28164,87
2025-09-10 02:00:00,2.28173,2.28236,2.28173,2.28223,131
2025-09-10 02:05:00,2.28222,2.28234,2.2822,2.2823,64
2025-09-10 02:10:00,2.28225,2.28264,2.28212,2.28256,97
2025-09-10 02:15:00,2.2825699999999998,2.28259,2.28219,2.28233,157
2025-09-10 02:20:00,2.28231,2.28248,2.28171,2.2818899999999998,190
2025-09-10 02:25:00,2.2818899999999998,2.28214,2.28171,2.28208,124
2025-09-10 02:30:00,2.28206,2.28215,2.28186,2.28191,131
2025-09-10 02:35:00,2.2819599999999998,2.28253,2.28191,2.28234,145
2025-09-10 02:40:00,2.28232,2.28239,2.28211,2.28216,88
2025-09-10 02:45:00,2.28222,2.28223,2.28198,2.282,125
2025-09-10 02:50:00,2.28198,2.28241,2.28195,2.28221,126
2025-09-10 02:55:00,2.28223,2.28228,2.28113,2.28113,180
2025-09-10 03:00:00,2.28117,2.28155,2.281,2.28139,241
2025-09-10 03:05:00,2.28134,2.28159,2.28121,2.2814,232
2025-09-10 03:10:00,2.28141,2.28177,2.28092,2.28173,234
2025-09-10 03:15:00,2.28173,2.28191,2.28136,2.2814,236
2025-09-10 03:20:00,2.2814,2.28171,2.28137,2.28154,181
2025-09-10 03:25:00,2.28157,2.2817,2.28088,2.2811,171
2025-09-10 03:30:00,2.28104,2.28106,2.28053,2.28098,204
2025-09-10 03:35:00,2.28101,2.2811500000000002,2.2808,2.28105,178
2025-09-10 03:40:00,2.28106,2.28142,2.28102,2.28133,159
2025-09-10 03:45:00,2.2813499999999998,2.28161,2.28126,2.28153,196
2025-09-10 03:50:00,2.28152,2.28192,2.28144,2.28186,248
2025-09-10 03:55:00,2.28187,2.28191,2.28116,2.28119,248
2025-09-10 04:00:00,2.28121,2.28133,2.28085,2.28085,389
2025-09-10 04:05:00,2.28086,2.28102,2.2805400000000002,2.28085,274
2025-09-10 04:10:00,2.28083,2.28117,2.2807399999999998,2.28112,192
2025-09-10 04:15:00,2.28113,2.2817600000000002,2.28095,2.28097,270
2025-09-10 04:20:00,2.28099,2.28169,2.28095,2.2815,275
2025-09-10 04:25:00,2.28149,2.2819599999999998,2.28149,2.28184,207
2025-09-10 04:30:00,2.28182,2.28225,2.28139,2.28142,280
2025-09-10 04:35:00,2.28143,2.2819,2.28087,2.2818,405
2025-09-10 04:40:00,2.2818,2.28243,2.2817,2.2824,310
2025-09-10 04:45:00,2.2824,2.28259,2.2822,2.2824400000000002,239
2025-09-10 04:50:00,2.28246,2.28246,2.2815,2.28161,242
2025-09-10 04:55:00,2.28159,2.28179,2.28098,2.28116,361
2025-09-10 05:00:00,2.28114,2.28186,2.28104,2.2813499999999998,323
2025-09-10 05:05:00,2.28133,2.28139,2.28081,2.28098,317
2025-09-10 05:10:00,2.28087,2.28087,2.28024,2.28052,283
2025-09-10 05:15:00,2.28055,2.2807,2.28025,2.28035,253
2025-09-10 05:20:00,2.28036,2.28056,2.28012,2.28046,171
2025-09-10 05:25:00,2.28047,2.28047,2.28005,2.2802,230
2025-09-10 05:30:00,2.28023,2.2807,2.28014,2.28045,258
2025-09-10 05:35:00,2.28044,2.2806,2.27998,2.28003,211
2025-09-10 05:40:00,2.28004,2.28007,2.27971,2.27975,225
2025-09-10 05:45:00,2.27973,2.28036,2.27967,2.2801299999999998,157
2025-09-10 05:50:00,2.2801,2.28025,2.27979,2.27995,163
2025-09-10 05:55:00,2.28009,2.28009,2.27943,2.27951,176
2025-09-10 06:00:00,2.27953,2.27962,2.27925,2.2793900000000002,172
2025-09-10 06:05:00,2.27941,2.27962,2.27917,2.27929,162
2025-09-10 06:10:00,2.27927,2.2794499999999998,2.2791,2.27915,134
2025-09-10 06:15:00,2.27915,2.27928,2.27869,2.2787100000000002,162
2025-09-10 06:20:00,2.27869,2.27876,2.27842,2.2787,149
2025-09-10 06:25:00,2.27868,2.27872,2.27841,2.27843,172
2025-09-10 06:30:00,2.27845,2.27876,2.27837,2.2786,163
2025-09-10 06:35:00,2.27844,2.27882,2.27839,2.27864,163
2025-09-10 06:40:00,2.27864,2.2787100000000002,2.2777,2.27771,167
2025-09-10 06:45:00,2.27776,2.27788,2.27748,2.27761,197
2025-09-10 06:50:00,2.27761,2.2778,2.27751,2.27759,195
2025-09-10 06:55:00,2.27761,2.27777,2.27743,2.27747,202
2025-09-10 07:00:00,2.27743,2.2776,2.27731,2.27747,182
2025-09-10 07:05:00,2.27745,2.27752,2.27678,2.2768100000000002,185
2025-09-10 07:10:00,2.27679,2.27698,2.2764699999999998,2.27676,173
2025-09-10 07:15:00,2.27678,2.27712,2.27665,2.27703,169
2025-09-10 07:20:00,2.27704,2.27722,2.2768,2.27698,167
2025-09-10 07:25:00,2.277,2.27724,2.27695,2.27709,158
2025-09-10 07:30:00,2.27711,2.27722,2.27675,2.2769,131
2025-09-10 07:35:00,2.27689,2.27698,2.27645,2.2765,136
2025-09-10 07:40:00,2.27648,2.27694,2.27639,2.2768100000000002,124
2025-09-10 07:45:00,2.27685,2.27695,2.27632,2.27654,155
2025-09-10 07:50:00,2.27653,2.27675,2.27608,2.27629,202
2025-09-10 07:55:00,2.2763,2.27641,2.27594,2.27611,195
2025-09-10 08:00:00,2.27612,2.27636,2.27599,2.27618,221
2025-09-10 08:05:00,2.27617,2.27659,2.27596,2.27655,178
2025-09-10 08:10:00,2.27655,2.2768100000000002,2.27618,2.2766,217
2025-09-10 08:15:00,2.27666,2.27672,2.27621,2.27631,167
2025-09-10 08:20:00,2.2763,2.27633,2.27538,2.27552,180
2025-09-10 08:25:00,2.2755,2.27602,2.27541,2.2759,189
2025-09-10 08:30:00,2.27597,2.27646,2.27578,2.27613,192
2025-09-10 08:35:00,2.27614,2.27652,2.27589,2.27648,202
2025-09-10 08:40:00,2.27644,2.27691,2.27619,2.27626,163
2025-09-10 08:45:00,2.27625,2.27676,2.2762000000000002,2.27643,263
2025-09-10 08:50:00,2.27642,2.2769,2.27635,2.27663,256
2025-09-10 08:55:00,2.27667,2.27692,2.27641,2.27663,274
2025-09-10 09:00:00,2.2767,2.27672,2.27603,2.27605,290
2025-09-10 09:05:00,2.27603,2.27605,2.27517,2.27534,323
2025-09-10 09:10:00,2.27536,2.27608,2.2750500000000002,2.2752,321
2025-09-10 09:15:00,2.27522,2.27571,2.27522,2.27535,274
2025-09-10 09:20:00,2.27536,2.27637,2.27532,2.27605,336
2025-09-10 09:25:00,2.27606,2.27669,2.27575,2.27656,328
2025-09-10 09:30:00,2.27664,2.27707,2.27632,2.27668,340
2025-09-10 09:35:00,2.27657,2.2771,2.27641,2.27691,340
2025-09-10 09:40:00,2.27691,2.27763,2.27671,2.27704,251
2025-09-10 09:45:00,2.27699,2.27711,2.2763999999999998,2.27668,304
2025-09-10 09:50:00,2.27666,2.27685,2.27612,2.27634,311
2025-09-10 09:55:00,2.27632,2.27705,2.27593,2.27703,460
2025-09-10 10:00:00,2.27709,2.27742,2.27656,2.27713,587
2025-09-10 10:05:00,2.27706,2.27729,2.27643,2.27682,391
2025-09-10 10:10:00,2.27676,2.2768800000000002,2.27623,2.27669,360
2025-09-10 10:15:00,2.27664,2.27768,2.27661,2.27719,279
2025-09-10 10:20:00,2.27717,2.27794,2.27715,2.27719,285
2025-09-10 10:25:00,2.27721,2.27752,2.27707,2.27726,330
2025-09-10 10:30:00,2.27722,2.27723,2.27641,2.27656,306
2025-09-10 10:35:00,2.27654,2.27672,2.27589,2.2762000000000002,258
2025-09-10 10:40:00,2.27625,2.27671,2.27619,2.2767,280
2025-09-10 10:45:00,2.27668,2.27727,2.27645,2.27656,244
2025-09-10 10:50:00,2.27653,2.27715,2.27649,2.27687,245
2025-09-10 10:55:00,2.27685,2.2774900000000002,2.2768,2.2770799999999998,267
2025-09-10 11:00:00,2.27714,2.27802,2.27713,2.27754,316
2025-09-10 11:05:00,2.27757,2.27761,2.277,2.277,283
2025-09-10 11:10:00,2.27703,2.27727,2.27668,2.27686,297
2025-09-10 11:15:00,2.27687,2.27754,2.27648,2.27735,290
2025-09-10 11:20:00,2.27736,2.27757,2.2771,2.27733,321
2025-09-10 11:25:00,2.27713,2.27784,2.27706,2.27779,306
2025-09-10 11:30:00,2.27776,2.27837,2.27776,2.27801,269
2025-09-10 11:35:00,2.27802,2.27855,2.27798,2.27855,250
2025-09-10 11:40:00,2.27854,2.27893,2.27843,2.27861,291
2025-09-10 11:45:00,2.27867,2.27887,2.27795,2.2782999999999998,230
2025-09-10 11:50:00,2.27829,2.27843,2.27791,2.27815,240
2025-09-10 11:55:00,2.27813,2.27834,2.27735,2.27747,293
2025-09-10 12:00:00,2.2774900000000002,2.27771,2.27706,2.2776199999999998,283
2025-09-10 12:05:00,2.27764,2.27764,2.2768,2.27728,263
2025-09-10 12:10:00,2.27729,2.2774900000000002,2.277,2.27737,260
2025-09-10 12:15:00,2.27742,2.27755,2.27718,2.27727,180
2025-09-10 12:20:00,2.27737,2.27768,2.27695,2.27715,204
2025-09-10 12:25:00,2.27712,2.27731,2.27666,2.27706,248
2025-09-10 12:30:00,2.27703,2.27738,2.27664,2.27738,223
2025-09-10 12:35:00,2.27736,2.27782,2.2768800000000002,2.27703,292
2025-09-10 12:40:00,2.27703,2.27706,2.27665,2.2768100000000002,246
2025-09-10 12:45:00,2.27686,2.2770099999999998,2.27633,2.2763999999999998,317
2025-09-10 12:50:00,2.27641,2.27668,2.27598,2.2763999999999998,287
2025-09-10 12:55:00,2.27638,2.27706,2.27638,2.27661,308
2025-09-10 13:00:00,2.27663,2.27722,2.27659,2.27695,269
2025-09-10 13:05:00,2.27694,2.27767,2.27671,2.2775,264
2025-09-10 13:10:00,2.2774900000000002,2.2776899999999998,2.27713,2.2776,260
2025-09-10 13:15:00,2.27761,2.2785,2.27746,2.27849,268
2025-09-10 13:20:00,2.2786,2.27864,2.27808,2.27841,289
2025-09-10 13:25:00,2.27838,2.27841,2.278,2.27809,222
2025-09-10 13:30:00,2.27811,2.2787,2.27811,2.27864,254
2025-09-10 13:35:00,2.27861,2.27925,2.27861,2.27915,233
2025-09-10 13:40:00,2.27914,2.27959,2.27898,2.27922,203
2025-09-10 13:45:00,2.27924,2.27966,2.27914,2.2792,259
2025-09-10 13:50:00,2.2792,2.27941,2.27901,2.27915,216
2025-09-10 13:55:00,2.27918,2.27965,2.27862,2.27941,263
2025-09-10 14:00:00,2.27942,2.27991,2.27857,2.27863,277
2025-09-10 14:05:00,2.27864,2.27888,2.27843,2.27856,203
2025-09-10 14:10:00,2.27857,2.2787100000000002,2.27798,2.27814,207
2025-09-10 14:15:00,2.27815,2.27816,2.27767,2.27786,181
2025-09-10 14:20:00,2.27785,2.27844,2.27774,2.27836,205
2025-09-10 14:25:00,2.2784,2.2787,2.27794,2.27857,217
2025-09-10 14:30:00,2.27858,2.27897,2.2785,2.27886,237
2025-09-10 14:35:00,2.27887,2.27959,2.2786,2.27875,266
2025-09-10 14:40:00,2.27864,2.27905,2.27843,2.27849,294
2025-09-10 14:45:00,2.27848,2.27869,2.27816,2.27827,290
2025-09-10 14:50:00,2.27826,2.27832,2.27733,2.27736,263
2025-09-10 14:55:00,2.27737,2.27799,2.27737,2.2777,326
2025-09-10 15:00:00,2.27774,2.27836,2.27754,2.27771,327
2025-09-10 15:05:00,2.2777,2.2779,2.27718,2.27786,254
2025-09-10 15:10:00,2.27784,2.27806,2.27743,2.27799,323
2025-09-10 15:15:00,2.27798,2.27814,2.27732,2.27759,325
2025-09-10 15:20:00,2.27754,2.27859,2.2774900000000002,2.27834,342
2025-09-10 15:25:00,2.27837,2.2787,2.2776899999999998,2.27796,385
2025-09-10 15:30:00,2.27795,2.2781000000000002,2.27554,2.2759,836
2025-09-10 15:35:00,2.2758,2.27646,2.27557,2.27618,705
2025-09-10 15:40:00,2.27609,2.27679,2.27603,2.27633,602
2025-09-10 15:45:00,2.27632,2.2764699999999998,2.27594,2.27632,555
2025-09-10 15:50:00,2.27634,2.27722,2.27617,2.2770799999999998,548
2025-09-10 15:55:00,2.27705,2.27707,2.27589,2.27603,485
2025-09-10 16:00:00,2.27599,2.2771,2.27595,2.27683,531
2025-09-10 16:05:00,2.2768100000000002,2.27753,2.27665,2.2769,493
2025-09-10 16:10:00,2.27679,2.27775,2.27667,2.27765,477
2025-09-10 16:15:00,2.27763,2.27797,2.27673,2.27727,520
2025-09-10 16:20:00,2.27726,2.27771,2.27664,2.27671,465
2025-09-10 16:25:00,2.27672,2.2768800000000002,2.27624,2.2763999999999998,442
2025-09-10 16:30:00,2.27642,2.27706,2.27571,2.2758,525
2025-09-10 16:35:00,2.27583,2.27665,2.27528,2.27641,535
2025-09-10 16:40:00,2.2763999999999998,2.27644,2.27544,2.27562,440
2025-09-10 16:45:00,2.2756,2.27697,2.2756,2.27607,565
2025-09-10 16:50:00,2.27609,2.27646,2.27564,2.27608,445
2025-09-10 16:55:00,2.27614,2.2762700000000002,2.27549,2.27572,426
2025-09-10 17:00:00,2.27576,2.27585,2.27499,2.27523,427
2025-09-10 17:05:00,2.27521,2.27565,2.27386,2.27394,450
2025-09-10 17:10:00,2.274,2.2746399999999998,2.27354,2.27375,485
2025-09-10 17:15:00,2.2737,2.27389,2.27341,2.27384,406
2025-09-10 17:20:00,2.2738300000000002,2.27411,2.27334,2.274,362
2025-09-10 17:25:00,2.27397,2.27452,2.27385,2.27429,375
2025-09-10 17:30:00,2.27428,2.27436,2.27362,2.2741,436
2025-09-10 17:35:00,2.27412,2.27412,2.27344,2.27359,365
2025-09-10 17:40:00,2.27358,2.27425,2.27351,2.27409,370
2025-09-10 17:45:00,2.27411,2.27451,2.27394,2.27441,371
2025-09-10 17:50:00,2.27441,2.27471,2.27398,2.27456,479
2025-09-10 17:55:00,2.27454,2.27473,2.27362,2.27364,468
2025-09-10 18:00:00,2.27366,2.27426,2.27362,2.27399,444
2025-09-10 18:05:00,2.27402,2.27414,2.27372,2.274,338
2025-09-10 18:10:00,2.27397,2.27432,2.27371,2.27399,343
2025-09-10 18:15:00,2.27399,2.2752,2.27393,2.27514,396
2025-09-10 18:20:00,2.27514,2.27543,2.27476,2.27509,373
2025-09-10 18:25:00,2.27508,2.27541,2.27494,2.27517,301
2025-09-10 18:30:00,2.27523,2.27574,2.2743700000000002,2.2752499999999998,379
2025-09-10 18:35:00,2.27523,2.27563,2.27508,2.27529,317
2025-09-10 18:40:00,2.27531,2.27535,2.27489,2.27497,302
2025-09-10 18:45:00,2.275,2.27547,2.27493,2.27524,306
2025-09-10 18:50:00,2.27522,2.27523,2.27468,2.27493,260
2025-09-10 18:55:00,2.27492,2.2754,2.27482,2.27501,322
2025-09-10 19:00:00,2.27496,2.27594,2.27493,2.2757899999999998,305
2025-09-10 19:05:00,2.27575,2.27652,2.27574,2.27616,305
2025-09-10 19:10:00,2.27617,2.27663,2.27591,2.27597,275
2025-09-10 19:15:00,2.27599,2.27612,2.27576,2.27577,259
2025-09-10 19:20:00,2.2757899999999998,2.27598,2.27564,2.27581,274
2025-09-10 19:25:00,2.27582,2.27626,2.27565,2.27598,336
2025-09-10 19:30:00,2.276,2.27607,2.27561,2.27594,257
2025-09-10 19:35:00,2.27588,2.27596,2.27551,2.27568,239
2025-09-10 19:40:00,2.27568,2.27572,2.27484,2.27509,246
2025-09-10 19:45:00,2.2750500000000002,2.27522,2.27483,2.27507,227
2025-09-10 19:50:00,2.2750500000000002,2.27602,2.27503,2.276,270
2025-09-10 19:55:00,2.27599,2.27645,2.27571,2.27601,290
2025-09-10 20:00:00,2.27602,2.27606,2.2748,2.27499,408
2025-09-10 20:05:00,2.27501,2.27535,2.27458,2.27522,314
2025-09-10 20:10:00,2.27521,2.2754,2.27514,2.27524,257
2025-09-10 20:15:00,2.27526,2.27562,2.2752499999999998,2.27547,259
2025-09-10 20:20:00,2.27546,2.27546,2.27491,2.27499,284
2025-09-10 20:25:00,2.2749800000000002,2.27514,2.27479,2.2750500000000002,318
2025-09-10 20:30:00,2.27504,2.27504,2.27451,2.27455,247
2025-09-10 20:35:00,2.27452,2.27455,2.27413,2.27421,206
2025-09-10 20:40:00,2.27419,2.27471,2.27405,2.2747,209
2025-09-10 20:45:00,2.27468,2.27534,2.27468,2.27516,245
2025-09-10 20:50:00,2.27515,2.27519,2.27487,2.27501,211
2025-09-10 20:55:00,2.27499,2.2752,2.27461,2.27473,228
2025-09-10 21:00:00,2.27475,2.27491,2.27439,2.27489,264
2025-09-10 21:05:00,2.27488,2.2752,2.27466,2.27502,264
2025-09-10 21:10:00,2.27503,2.27517,2.27485,2.27485,231
2025-09-10 21:15:00,2.27487,2.27502,2.27471,2.27497,285
2025-09-10 21:20:00,2.2749800000000002,2.27514,2.27478,2.275,278
2025-09-10 21:25:00,2.27499,2.27511,2.27481,2.27496,247
2025-09-10 21:30:00,2.27508,2.27528,2.27485,2.275,240
2025-09-10 21:35:00,2.27499,2.27563,2.27496,2.2756,267
2025-09-10 21:40:00,2.27554,2.27573,2.27543,2.27544,198
2025-09-10 21:45:00,2.27544,2.27599,2.27529,2.2758599999999998,222
2025-09-10 21:50:00,2.27587,2.2762000000000002,2.27581,2.27599,208
2025-09-10 21:55:00,2.276,2.27609,2.27575,2.27604,280
2025-09-10 22:00:00,2.27609,2.27617,2.27572,2.27584,322
2025-09-10 22:05:00,2.27583,2.27629,2.27583,2.27624,196
2025-09-10 22:10:00,2.27622,2.27633,2.27601,2.27625,276
2025-09-10 22:15:00,2.27625,2.27644,2.27574,2.27601,260
2025-09-10 22:20:00,2.27602,2.27654,2.27599,2.27635,236
2025-09-10 22:25:00,2.27636,2.2764699999999998,2.2759,2.27601,219
2025-09-10 22:30:00,2.276,2.27645,2.27573,2.27584,268
2025-09-10 22:35:00,2.27585,2.2762700000000002,2.27577,2.27599,193
2025-09-10 22:40:00,2.276,2.27618,2.27563,2.27565,201
2025-09-10 22:45:00,2.27565,2.27619,2.27554,2.27602,222
2025-09-10 22:50:00,2.27603,2.2762700000000002,2.27577,2.27612,197
2025-09-10 22:55:00,2.27617,2.27624,2.2759,2.27611,200
2025-09-10 23:00:00,2.27544,2.27592,2.27516,2.27542,160
2025-09-10 23:05:00,2.27543,2.27595,2.27531,2.27545,118
2025-09-10 23:10:00,2.27543,2.27592,2.27539,2.27582,129
2025-09-10 23:15:00,2.27583,2.27597,2.27551,2.27558,135
2025-09-10 23:20:00,2.2755900000000002,2.2756600000000002,2.27506,2.27532,165
2025-09-10 23:25:00,2.27531,2.27596,2.2751799999999998,2.27527,96
2025-09-10 23:30:00,2.27528,2.2754,2.2751799999999998,2.27532,100
2025-09-10 23:35:00,2.27533,2.27564,2.2752499999999998,2.27558,128
2025-09-10 23:40:00,2.27558,2.27619,2.27554,2.27615,134
2025-09-10 23:45:00,2.27617,2.27658,2.27602,2.27651,153
2025-09-10 23:50:00,2.27651,2.27661,2.27615,2.27651,191
2025-09-10 23:55:00,2.2744,2.27506,2.27436,2.27489,179
2025-09-11 00:00:00,2.27591,2.27591,2.27591,2.27591,4
2025-09-11 00:05:00,2.27601,2.27601,2.27368,2.27395,96
2025-09-11 00:10:00,2.27394,2.27409,2.27291,2.2733,76
2025-09-11 00:15:00,2.27519,2.27567,2.27489,2.27542,140
2025-09-11 00:20:00,2.27544,2.27584,2.2744400000000002,2.27472,95
2025-09-11 00:25:00,2.27482,2.27572,2.2743,2.27572,147
2025-09-11 00:30:00,2.2757,2.27651,2.2752499999999998,2.27616,131
2025-09-11 00:35:00,2.27618,2.2776,2.27545,2.27742,238
2025-09-11 00:40:00,2.27743,2.27825,2.27482,2.27637,358
2025-09-11 00:45:00,2.27628,2.27675,2.27605,2.27624,174
2025-09-11 00:50:00,2.27626,2.27779,2.27626,2.2774,133
2025-09-11 00:55:00,2.27738,2.27758,2.27634,2.2766,230
2025-09-11 01:00:00,2.27698,2.27781,2.27649,2.27698,152
2025-09-11 01:05:00,2.27695,2.27737,2.27691,2.277,46
2025-09-11 01:10:00,2.27704,2.27764,2.277,2.27712,56
2025-09-11 01:15:00,2.27711,2.27723,2.27705,2.27709,99
2025-09-11 01:20:00,2.2771,2.27714,2.27695,2.2771,140
2025-09-11 01:25:00,2.27704,2.27758,2.27687,2.2770099999999998,81
2025-09-11 01:30:00,2.27699,2.27756,2.27671,2.2768100000000002,105
2025-09-11 01:35:00,2.27682,2.27726,2.27635,2.27639,44
2025-09-11 01:40:00,2.27703,2.27704,2.27643,2.27658,46
2025-09-11 01:45:00,2.27658,2.27704,2.27648,2.27657,35
2025-09-11 01:50:00,2.27655,2.27691,2.27631,2.27651,94
2025-09-11 01:55:00,2.27653,2.27654,2.27632,2.2763999999999998,116
2025-09-11 02:00:00,2.27649,2.27707,2.27649,2.27671,114
2025-09-11 02:05:00,2.27672,2.27679,2.27632,2.27633,85
2025-09-11 02:10:00,2.27635,2.27656,2.27625,2.27626,66
2025-09-11 02:15:00,2.2762700000000002,2.27661,2.2762700000000002,2.27659,107
2025-09-11 02:20:00,2.2766,2.2766,2.27625,2.2764699999999998,93
2025-09-11 02:25:00,2.27646,2.2765,2.27622,2.2764699999999998,87
2025-09-11 02:30:00,2.27648,2.27659,2.27622,2.27653,71
2025-09-11 02:35:00,2.27652,2.27666,2.27617,2.27666,48
2025-09-11 02:40:00,2.27668,2.27714,2.2766,2.27712,66
2025-09-11 02:45:00,2.27713,2.27759,2.277,2.27754,121
2025-09-11 02:50:00,2.27753,2.27811,2.27752,2.27807,127
2025-09-11 02:55:00,2.27806,2.27809,2.2770799999999998,2.2771,180
2025-09-11 03:00:00,2.277,2.27728,2.27639,2.2765,216
2025-09-11 03:05:00,2.27652,2.27717,2.27652,2.27715,184
2025-09-11 03:10:00,2.27705,2.27761,2.27702,2.27718,204
2025-09-11 03:15:00,2.27716,2.27778,2.27693,2.27776,225
2025-09-11 03:20:00,2.27775,2.27829,2.27756,2.27815,214
2025-09-11 03:25:00,2.27808,2.27845,2.27789,2.27811,170
2025-09-11 03:30:00,2.27812,2.27822,2.2777,2.27805,203
2025-09-11 03:35:00,2.27804,2.27826,2.27793,2.2782299999999998,178
2025-09-11 03:40:00,2.27822,2.2784,2.27804,2.27836,183
2025-09-11 03:45:00,2.27835,2.2784,2.27781,2.27802,205
2025-09-11 03:50:00,2.27801,2.27843,2.27794,2.27834,237
2025-09-11 03:55:00,2.27841,2.27866,2.27775,2.27855,246
2025-09-11 04:00:00,2.27853,2.2795199999999998,2.27853,2.27865,286
2025-09-11 04:05:00,2.27868,2.27898,2.27846,2.27872,179
2025-09-11 04:10:00,2.2787100000000002,2.27876,2.27744,2.27774,232
2025-09-11 04:15:00,2.27776,2.27782,2.27722,2.27725,231
2025-09-11 04:20:00,2.27723,2.27756,2.27673,2.27679,281
2025-09-11 04:25:00,2.2768100000000002,2.27715,2.27654,2.2769,295
2025-09-11 04:30:00,2.27692,2.27713,2.2764699999999998,2.27649,279
2025-09-11 04:35:00,2.27648,2.27674,2.27578,2.27589,199
2025-09-11 04:40:00,2.27592,2.27593,2.2755,2.27562,176
2025-09-11 04:45:00,2.27565,2.27589,2.27562,2.27572,163
2025-09-11 04:50:00,2.27574,2.27631,2.27574,2.27614,154
2025-09-11 04:55:00,2.27616,2.27666,2.27598,2.27616,221
2025-09-11 05:00:00,2.27618,2.27626,2.27573,2.2761,133
2025-09-11 05:05:00,2.27612,2.2762000000000002,2.27577,2.27587,141
2025-09-11 05:10:00,2.27588,2.27629,2.27585,2.27628,146
2025-09-11 05:15:00,2.27629,2.27756,2.27624,2.27748,185
2025-09-11 05:20:00,2.27747,2.27834,2.2773,2.27822,177
2025-09-11 05:25:00,2.27827,2.27856,2.27811,2.27822,178
2025-09-11 05:30:00,2.2782299999999998,2.2785,2.27791,2.27791,175
2025-09-11 05:35:00,2.27792,2.27794,2.27706,2.27707,209
2025-09-11 05:40:00,2.27712,2.27751,2.2771,2.27742,189
2025-09-11 05:45:00,2.27746,2.27798,2.27706,2.27792,201
2025-09-11 05:50:00,2.27791,2.27835,2.27787,2.27831,129
2025-09-11 05:55:00,2.27832,2.27862,2.27818,2.27856,243
2025-09-11 06:00:00,2.27858,2.27865,2.27831,2.27839,198
2025-09-11 06:05:00,2.27843,2.2785,2.27802,2.27832,166
2025-09-11 06:10:00,2.2782999999999998,2.27861,2.27811,2.27843,128
2025-09-11 06:15:00,2.27847,2.27898,2.27847,2.27883,133
2025-09-11 06:20:00,2.27879,2.2789,2.27848,2.27852,121
2025-09-11 06:25:00,2.2785,2.2788399999999998,2.27817,2.27825,143
2025-09-11 06:30:00,2.27827,2.2792,2.27824,2.27905,162
2025-09-11 06:35:00,2.27907,2.2791,2.27849,2.27849,152
2025-09-11 06:40:00,2.27847,2.27877,2.27809,2.27811,138
2025-09-11 06:45:00,2.27812,2.27825,2.27771,2.27778,161
2025-09-11 06:50:00,2.27776,2.27788,2.27739,2.27742,110
2025-09-11 06:55:00,2.27741,2.27757,2.2773,2.27751,200
2025-09-11 07:00:00,2.27754,2.27798,2.27754,2.27788,144
2025-09-11 07:05:00,2.27785,2.27794,2.27761,2.27776,127
2025-09-11 07:10:00,2.27778,2.2779,2.27771,2.27778,117
2025-09-11 07:15:00,2.27775,2.27819,2.27775,2.27797,103
2025-09-11 07:20:00,2.27799,2.27827,2.27797,2.27815,184
2025-09-11 07:25:00,2.27814,2.27885,2.27796,2.2787,210
2025-09-11 07:30:00,2.2787100000000002,2.27875,2.27817,2.27839,181
2025-09-11 07:35:00,2.27841,2.27848,2.27827,2.27831,116
2025-09-11 07:40:00,2.27829,2.27832,2.27755,2.27755,127
2025-09-11 07:45:00,2.27756,2.27782,2.27747,2.27782,109
2025-09-11 07:50:00,2.27784,2.27803,2.2776199999999998,2.27787,108
2025-09-11 07:55:00,2.27788,2.27812,2.27773,2.27809,148
2025-09-11 08:00:00,2.27808,2.27831,2.27778,2.27828,198
2025-09-11 08:05:00,2.2782999999999998,2.27856,2.2782299999999998,2.2785,146
2025-09-11 08:10:00,2.27855,2.27866,2.2782999999999998,2.27835,145
2025-09-11 08:15:00,2.27844,2.27851,2.27816,2.2782999999999998,157
2025-09-11 08:20:00,2.27827,2.27841,2.27819,2.27837,157
2025-09-11 08:25:00,2.27838,2.27846,2.27815,2.27835,144
2025-09-11 08:30:00,2.27841,2.2787,2.27809,2.27866,209
2025-09-11 08:35:00,2.27865,2.27912,2.27849,2.2791,214
2025-09-11 08:40:00,2.27912,2.27937,2.27876,2.2789,145
2025-09-11 08:45:00,2.27889,2.2789,2.27789,2.27795,211
2025-09-11 08:50:00,2.27797,2.2787100000000002,2.27783,2.2785,224
2025-09-11 08:55:00,2.27845,2.27869,2.27793,2.27828,358
2025-09-11 09:00:00,2.27822,2.27881,2.27798,2.27856,370
2025-09-11 09:05:00,2.27858,2.27873,2.27788,2.27789,335
2025-09-11 09:10:00,2.27789,2.27894,2.27789,2.27853,392
2025-09-11 09:15:00,2.27855,2.2788399999999998,2.27821,2.27856,361
2025-09-11 09:20:00,2.27856,2.27949,2.27833,2.27892,323
2025-09-11 09:25:00,2.27878,2.27892,2.27824,2.27859,288
2025-09-11 09:30:00,2.27855,2.27918,2.27855,2.27918,347
2025-09-11 09:35:00,2.27906,2.2794,2.27876,2.27877,311
2025-09-11 09:40:00,2.27875,2.27935,2.27862,2.27916,302
2025-09-11 09:45:00,2.27913,2.2794,2.27903,2.27923,282
2025-09-11 09:50:00,2.27924,2.2793,2.27875,2.27899,290
2025-09-11 09:55:00,2.27898,2.27899,2.27775,2.27776,362
2025-09-11 10:00:00,2.27779,2.27808,2.27745,2.27745,418
2025-09-11 10:05:00,2.27745,2.27813,2.27734,2.27746,327
2025-09-11 10:10:00,2.27745,2.27783,2.27704,2.2770799999999998,353
2025-09-11 10:15:00,2.27706,2.27779,2.27676,2.2776,361
2025-09-11 10:20:00,2.27759,2.2776199999999998,2.27679,2.27696,336
2025-09-11 10:25:00,2.27696,2.27736,2.27656,2.27723,351
2025-09-11 10:30:00,2.27734,2.27793,2.27699,2.27774,376
2025-09-11 10:35:00,2.27776,2.27853,2.27755,2.27796,320
2025-09-11 10:40:00,2.27797,2.27854,2.2778,2.27845,317
2025-09-11 10:45:00,2.27848,2.27896,2.27805,2.27883,262
2025-09-11 10:50:00,2.2788,2.27923,2.27844,2.27882,277
2025-09-11 10:55:00,2.27879,2.27908,2.27813,2.27829,269
2025-09-11 11:00:00,2.27837,2.27893,2.2776199999999998,2.2787,294
2025-09-11 11:05:00,2.27872,2.27919,2.27853,2.27918,297
2025-09-11 11:10:00,2.27924,2.2793200000000002,2.27893,2.27915,263
2025-09-11 11:15:00,2.27914,2.27971,2.27893,2.27963,251
2025-09-11 11:20:00,2.27965,2.28036,2.27964,2.2802,269
2025-09-11 11:25:00,2.28018,2.28065,2.27995,2.28031,240
2025-09-11 11:30:00,2.28032,2.28034,2.27987,2.28012,249
2025-09-11 11:35:00,2.28011,2.28046,2.27992,2.27995,253
2025-09-11 11:40:00,2.27996,2.28018,2.27925,2.2796,263
2025-09-11 11:45:00,2.27958,2.27958,2.27864,2.27905,260
2025-09-11 11:50:00,2.27908,2.27992,2.27892,2.2798,300
2025-09-11 11:55:00,2.27981,2.27996,2.27954,2.27967,278
2025-09-11 12:00:00,2.27964,2.27991,2.27914,2.27948,275
2025-09-11 12:05:00,2.27946,2.28055,2.27926,2.28041,296
2025-09-11 12:10:00,2.28042,2.2805400000000002,2.27986,2.27994,265
2025-09-11 12:15:00,2.27995,2.2800599999999998,2.2793,2.2794499999999998,265
2025-09-11 12:20:00,2.27955,2.27983,2.27937,2.27944,238
2025-09-11 12:25:00,2.27943,2.27958,2.27897,2.2795,261
2025-09-11 12:30:00,2.27949,2.27969,2.27894,2.27953,325
2025-09-11 12:35:00,2.27954,2.27955,2.27912,2.2793200000000002,331
2025-09-11 12:40:00,2.27933,2.27944,2.27793,2.2782,371
2025-09-11 12:45:00,2.2782,2.27829,2.27771,2.27815,359
2025-09-11 12:50:00,2.27826,2.27835,2.27781,2.27824,290
2025-09-11 12:55:00,2.27826,2.27843,2.27728,2.27747,281
2025-09-11 13:00:00,2.27748,2.27753,2.27678,2.27678,292
2025-09-11 13:05:00,2.27677,2.27714,2.27664,2.27689,285
2025-09-11 13:10:00,2.27687,2.27754,2.27679,2.2775,260
2025-09-11 13:15:00,2.27741,2.27827,2.27735,2.27779,271
2025-09-11 13:20:00,2.27778,2.27782,2.2772,2.27746,241
2025-09-11 13:25:00,2.27731,2.27759,2.27711,2.27753,206
2025-09-11 13:30:00,2.2774900000000002,2.27822,2.27737,2.27788,246
2025-09-11 13:35:00,2.27788,2.2782299999999998,2.27759,2.27792,278
2025-09-11 13:40:00,2.27791,2.2781000000000002,2.27765,2.27788,257
2025-09-11 13:45:00,2.27789,2.27882,2.27788,2.27845,229
2025-09-11 13:50:00,2.27844,2.27882,2.27832,2.27882,300
2025-09-11 13:55:00,2.27881,2.2799,2.2787,2.2799,273
2025-09-11 14:00:00,2.27992,2.28031,2.27942,2.27978,317
2025-09-11 14:05:00,2.27977,2.27979,2.27888,2.27888,260
2025-09-11 14:10:00,2.2789,2.27913,2.27843,2.27854,305
2025-09-11 14:15:00,2.27855,2.27941,2.27849,2.27901,274
2025-09-11 14:20:00,2.27901,2.27924,2.27857,2.27874,277
2025-09-11 14:25:00,2.27875,2.27892,2.27854,2.27881,253
2025-09-11 14:30:00,2.27879,2.27934,2.27879,2.27929,270
2025-09-11 14:35:00,2.27929,2.28081,2.2791,2.28081,278
2025-09-11 14:40:00,2.28081,2.28137,2.28078,2.28137,284
2025-09-11 14:45:00,2.28137,2.28142,2.28096,2.2813,261
2025-09-11 14:50:00,2.2813,2.28133,2.28069,2.28108,338
2025-09-11 14:55:00,2.28107,2.2811,2.27887,2.27921,579
2025-09-11 15:00:00,2.27923,2.2799300000000002,2.27896,2.2796,389
2025-09-11 15:05:00,2.27958,2.2799300000000002,2.27933,2.27947,352
2025-09-11 15:10:00,2.27946,2.2799,2.2793200000000002,2.2794,356
2025-09-11 15:15:00,2.27938,2.27997,2.27895,2.27936,582
2025-09-11 15:20:00,2.27935,2.28192,2.27924,2.2819,434
2025-09-11 15:25:00,2.28191,2.28213,2.28084,2.28084,508
2025-09-11 15:30:00,2.28062,2.28243,2.27804,2.27883,970
2025-09-11 15:35:00,2.27876,2.27933,2.27827,2.27918,781
2025-09-11 15:40:00,2.27914,2.27977,2.27883,2.27916,722
2025-09-11 15:45:00,2.27915,2.27943,2.27853,2.2787100000000002,655
2025-09-11 15:50:00,2.27874,2.27888,2.27764,2.27794,646
2025-09-11 15:55:00,2.27793,2.27873,2.2775,2.27867,707
2025-09-11 16:00:00,2.27861,2.27956,2.27812,2.27934,730
2025-09-11 16:05:00,2.27936,2.27988,2.27911,2.27942,674
2025-09-11 16:10:00,2.27938,2.27964,2.27856,2.27869,571
2025-09-11 16:15:00,2.27868,2.27893,2.27834,2.27848,530
2025-09-11 16:20:00,2.27843,2.2789099999999998,2.27786,2.2787100000000002,569
2025-09-11 16:25:00,2.27867,2.27924,2.2786,2.27918,485
2025-09-11 16:30:00,2.27917,2.27962,2.2791,2.2792,624
2025-09-11 16:35:00,2.27919,2.27988,2.27909,2.2793200000000002,563
2025-09-11 16:40:00,2.27931,2.27946,2.2782999999999998,2.27831,553
2025-09-11 16:45:00,2.27829,2.27849,2.27702,2.27707,538
2025-09-11 16:50:00,2.2770799999999998,2.27752,2.27693,2.2770099999999998,497
2025-09-11 16:55:00,2.277,2.27713,2.27615,2.2763,501
2025-09-11 17:00:00,2.2762700000000002,2.27691,2.27616,2.27669,503
2025-09-11 17:05:00,2.27667,2.27674,2.27565,2.27605,524
2025-09-11 17:10:00,2.27604,2.27621,2.27565,2.27612,495
2025-09-11 17:15:00,2.27614,2.27645,2.27429,2.27468,540
2025-09-11 17:20:00,2.27465,2.27485,2.27442,2.2746399999999998,490
2025-09-11 17:25:00,2.27459,2.27556,2.2745,2.27551,542
2025-09-11 17:30:00,2.27547,2.27561,2.27489,2.27531,562
2025-09-11 17:35:00,2.27533,2.276,2.27484,2.2750500000000002,462
2025-09-11 17:40:00,2.27501,2.2761,2.2749800000000002,2.27593,434
2025-09-11 17:45:00,2.27592,2.27657,2.2758599999999998,2.27606,448
2025-09-11 17:50:00,2.27608,2.27609,2.27472,2.27503,475
2025-09-11 17:55:00,2.27504,2.27561,2.27362,2.27365,498
2025-09-11 18:00:00,2.27367,2.27459,2.27366,2.27406,473
2025-09-11 18:05:00,2.27419,2.2747,2.27401,2.27446,428
2025-09-11 18:10:00,2.27445,2.27493,2.27425,2.27462,451
2025-09-11 18:15:00,2.27462,2.27506,2.27429,2.27491,428
2025-09-11 18:20:00,2.27492,2.27508,2.27463,2.27475,460
2025-09-11 18:25:00,2.27477,2.27491,2.27423,2.27438,386
2025-09-11 18:30:00,2.27435,2.2744400000000002,2.27386,2.27397,361
2025-09-11 18:35:00,2.27389,2.27404,2.27296,2.27329,378
2025-09-11 18:40:00,2.2733,2.27338,2.27214,2.27227,336
2025-09-11 18:45:00,2.27228,2.27279,2.27217,2.27219,343
2025-09-11 18:50:00,2.2721999999999998,2.27223,2.27169,2.27186,309
2025-09-11 18:55:00,2.27187,2.2719300000000002,2.27147,2.27168,305
2025-09-11 19:00:00,2.27165,2.2728099999999998,2.27156,2.27273,423
2025-09-11 19:05:00,2.27273,2.273,2.27232,2.27247,310
2025-09-11 19:10:00,2.27247,2.27258,2.27227,2.2724,302
2025-09-11 19:15:00,2.27246,2.27269,2.27232,2.2726100000000002,243
2025-09-11 19:20:00,2.27259,2.27262,2.27204,2.2723,274
2025-09-11 19:25:00,2.27229,2.2728,2.27227,2.27244,284
2025-09-11 19:30:00,2.27243,2.2725400000000002,2.27214,2.27244,248
2025-09-11 19:35:00,2.27243,2.2726,2.27214,2.27234,283
2025-09-11 19:40:00,2.27232,2.27313,2.27226,2.27282,278
2025-09-11 19:45:00,2.2728099999999998,2.27331,2.2728099999999998,2.27287,254
2025-09-11 19:50:00,2.27286,2.27316,2.27277,2.27308,275
2025-09-11 19:55:00,2.2731500000000002,2.27344,2.27285,2.27318,279
2025-09-11 20:00:00,2.27317,2.27369,2.27313,2.27343,335
2025-09-11 20:05:00,2.27346,2.27369,2.27323,2.27363,270
2025-09-11 20:10:00,2.27366,2.27405,2.27352,2.2737600000000002,263
2025-09-11 20:15:00,2.27375,2.2739599999999998,2.27345,2.2736,285
2025-09-11 20:20:00,2.27362,2.27373,2.2732,2.27339,275
2025-09-11 20:25:00,2.27337,2.27373,2.27324,2.27343,328
2025-09-11 20:30:00,2.27341,2.27369,2.27327,2.27328,274
2025-09-11 20:35:00,2.27328,2.2733499999999998,2.273,2.27304,287
2025-09-11 20:40:00,2.27304,2.27332,2.27277,2.27299,275
2025-09-11 20:45:00,2.273,2.27318,2.27243,2.27258,365
2025-09-11 20:50:00,2.27258,2.27275,2.27243,2.27263,268
2025-09-11 20:55:00,2.27263,2.27282,2.27226,2.27238,274
2025-09-11 21:00:00,2.27234,2.27241,2.27198,2.27229,239
2025-09-11 21:05:00,2.2723,2.27252,2.27222,2.27242,260
2025-09-11 21:10:00,2.27242,2.27252,2.27189,2.27198,227
2025-09-11 21:15:00,2.27196,2.27246,2.2719,2.27244,248
2025-09-11 21:20:00,2.27243,2.27251,2.27222,2.27239,215
2025-09-11 21:25:00,2.27236,2.27251,2.27226,2.27234,241
2025-09-11 21:30:00,2.27235,2.2727399999999998,2.27234,2.27273,274
2025-09-11 21:35:00,2.2727399999999998,2.27275,2.27241,2.27245,282
2025-09-11 21:40:00,2.27246,2.27285,2.27246,2.27262,250
2025-09-11 21:45:00,2.2726100000000002,2.27272,2.27245,2.27262,234
2025-09-11 21:50:00,2.27264,2.27286,2.27244,2.2728099999999998,248
2025-09-11 21:55:00,2.27283,2.2731500000000002,2.27264,2.27297,268
2025-09-11 22:00:00,2.27298,2.27329,2.2727399999999998,2.27278,288
2025-09-11 22:05:00,2.27279,2.27299,2.27267,2.27284,283
2025-09-11 22:10:00,2.27284,2.27316,2.27268,2.27316,230
2025-09-11 22:15:00,2.27311,2.27321,2.27279,2.2728099999999998,215
2025-09-11 22:20:00,2.27283,2.27292,2.2725,2.2725,203
2025-09-11 22:25:00,2.27251,2.2726,2.27158,2.27171,238
2025-09-11 22:30:00,2.2717,2.2721299999999998,2.27165,2.27201,187
2025-09-11 22:35:00,2.2720000000000002,2.27217,2.2719,2.27207,196
2025-09-11 22:40:00,2.2721,2.27215,2.27163,2.27173,202
2025-09-11 22:45:00,2.27172,2.27195,2.27158,2.27163,201
2025-09-11 22:50:00,2.27165,2.2720000000000002,2.27165,2.27199,217
2025-09-11 22:55:00,2.27197,2.27197,2.27148,2.27182,236
2025-09-11 23:00:00,2.27114,2.27121,2.27074,2.27075,178
2025-09-11 23:05:00,2.27074,2.2707800000000002,2.27023,2.27041,198
2025-09-11 23:10:00,2.2704,2.27072,2.27038,2.27061,217
2025-09-11 23:15:00,2.2706,2.27074,2.27018,2.27019,141
2025-09-11 23:20:00,2.2702,2.27022,2.26985,2.26986,122
2025-09-11 23:25:00,2.26986,2.26994,2.26971,2.26986,133
2025-09-11 23:30:00,2.26983,2.27058,2.26959,2.27043,185
2025-09-11 23:35:00,2.27042,2.27066,2.27031,2.27061,152
2025-09-11 23:40:00,2.27063,2.27075,2.27041,2.2707100000000002,162
2025-09-11 23:45:00,2.2707,2.27107,2.27067,2.27079,563
2025-09-11 23:50:00,2.27081,2.27082,2.27013,2.27035,261
2025-09-11 23:55:00,2.26824,2.26837,2.26752,2.26775,262
2025-09-12 00:00:00,2.27011,2.27111,2.27001,2.27111,9
2025-09-12 00:05:00,2.27111,2.27121,2.26892,2.26917,32
2025-09-12 00:10:00,2.26917,2.26991,2.26894,2.2692,29
2025-09-12 00:15:00,2.27021,2.27038,2.27006,2.27029,78
2025-09-12 00:20:00,2.27029,2.27051,2.27,2.27006,102
2025-09-12 00:25:00,2.27018,2.27054,2.27015,2.27042,119
2025-09-12 00:30:00,2.2704,2.27166,2.26997,2.27163,78
2025-09-12 00:35:00,2.27167,2.27206,2.27143,2.27144,70
2025-09-12 00:40:00,2.27145,2.27157,2.27088,2.27111,188
2025-09-12 00:45:00,2.27113,2.27145,2.27099,2.27127,245
2025-09-12 00:50:00,2.27125,2.27169,2.27117,2.2716,184
2025-09-12 00:55:00,2.27162,2.27164,2.27074,2.27106,241
2025-09-12 01:00:00,2.27141,2.27143,2.27045,2.27087,177
2025-09-12 01:05:00,2.27089,2.27151,2.27089,2.27151,76
2025-09-12 01:10:00,2.2715199999999998,2.27167,2.27134,2.27143,98
2025-09-12 01:15:00,2.2714,2.27171,2.27106,2.27117,47
2025-09-12 01:20:00,2.27112,2.27123,2.27102,2.27107,61
2025-09-12 01:25:00,2.27109,2.27145,2.2709799999999998,2.27099,85
2025-09-12 01:30:00,2.27093,2.2713200000000002,2.27093,2.2713200000000002,84
2025-09-12 01:35:00,2.27128,2.27178,2.27118,2.27122,66
2025-09-12 01:40:00,2.27123,2.27194,2.2712,2.27136,92
2025-09-12 01:45:00,2.27136,2.2721,2.27136,2.2715899999999998,90
2025-09-12 01:50:00,2.2716,2.27183,2.27156,2.27171,73
2025-09-12 01:55:00,2.27171,2.2721299999999998,2.27114,2.27114,76
2025-09-12 02:00:00,2.27122,2.27203,2.27122,2.27148,117
2025-09-12 02:05:00,2.27149,2.27149,2.27123,2.2713200000000002,79
2025-09-12 02:10:00,2.2713,2.27164,2.27122,2.27136,145
2025-09-12 02:15:00,2.27137,2.27144,2.27114,2.27133,74
2025-09-12 02:20:00,2.27134,2.27142,2.27127,2.27131,51
2025-09-12 02:25:00,2.27133,2.27133,2.27106,2.27107,84
2025-09-12 02:30:00,2.27105,2.27127,2.271,2.27114,67
2025-09-12 02:35:00,2.27113,2.27122,2.27081,2.27093,78
2025-09-12 02:40:00,2.2709799999999998,2.27118,2.27084,2.27096,69
2025-09-12 02:45:00,2.27097,2.27097,2.27043,2.2705,128
2025-09-12 02:50:00,2.27057,2.2709099999999998,2.2703699999999998,2.2709099999999998,89
2025-09-12 02:55:00,2.27093,2.27112,2.2706,2.27074,257
2025-09-12 03:00:00,2.27073,2.27103,2.2704,2.27097,294
2025-09-12 03:05:00,2.27095,2.27157,2.27076,2.27153,254
2025-09-12 03:10:00,2.27151,2.27161,2.27116,2.27151,256
2025-09-12 03:15:00,2.2715199999999998,2.27227,2.27135,2.27178,269
2025-09-12 03:20:00,2.27176,2.27248,2.27176,2.27215,257
2025-09-12 03:25:00,2.27214,2.27253,2.27199,2.27247,196
2025-09-12 03:30:00,2.27248,2.2729,2.27194,2.27273,235
2025-09-12 03:35:00,2.27272,2.27292,2.27217,2.27234,189
2025-09-12 03:40:00,2.27233,2.27266,2.2717,2.2717,225
2025-09-12 03:45:00,2.27174,2.27198,2.27156,2.2719300000000002,235
2025-09-12 03:50:00,2.27192,2.27201,2.27123,2.27134,273
2025-09-12 03:55:00,2.27137,2.27163,2.27069,2.2707,297
2025-09-12 04:00:00,2.27068,2.27129,2.27047,2.27086,281
2025-09-12 04:05:00,2.27089,2.27121,2.27042,2.27051,276
2025-09-12 04:10:00,2.2705,2.27052,2.26962,2.26988,209
2025-09-12 04:15:00,2.26989,2.27062,2.2695600000000002,2.26962,212
2025-09-12 04:20:00,2.26962,2.26994,2.2692,2.26972,236
2025-09-12 04:25:00,2.26971,2.27004,2.26962,2.26984,245
2025-09-12 04:30:00,2.26979,2.27044,2.2696899999999998,2.27012,240
2025-09-12 04:35:00,2.27011,2.27063,2.26985,2.26985,243
2025-09-12 04:40:00,2.26987,2.27013,2.2696899999999998,2.26994,250
2025-09-12 04:45:00,2.26991,2.27049,2.26962,2.27047,283
2025-09-12 04:50:00,2.27049,2.2709,2.27025,2.27064,276
2025-09-12 04:55:00,2.27068,2.27087,2.27003,2.27054,271
2025-09-12 05:00:00,2.27053,2.27065,2.2702999999999998,2.27048,231
2025-09-12 05:05:00,2.27046,2.27106,2.27023,2.2709799999999998,216
2025-09-12 05:10:00,2.27099,2.27135,2.27092,2.27092,212
2025-09-12 05:15:00,2.27092,2.27092,2.27043,2.2709,176
2025-09-12 05:20:00,2.27089,2.27099,2.27036,2.27067,242
2025-09-12 05:25:00,2.27069,2.27086,2.27047,2.27069,228
2025-09-12 05:30:00,2.2707,2.27085,2.2702999999999998,2.27038,226
2025-09-12 05:35:00,2.2703699999999998,2.27087,2.27033,2.27054,187
2025-09-12 05:40:00,2.27056,2.27103,2.27032,2.27034,199
2025-09-12 05:45:00,2.27038,2.27048,2.26985,2.27029,221
2025-09-12 05:50:00,2.2702999999999998,2.2702999999999998,2.26998,2.2701700000000002,180
2025-09-12 05:55:00,2.2702,2.27033,2.26994,2.27026,191
2025-09-12 06:00:00,2.27024,2.27055,2.27001,2.27038,200
2025-09-12 06:05:00,2.27044,2.27059,2.26997,2.27005,205
2025-09-12 06:10:00,2.27005,2.27042,2.26997,2.27028,179
2025-09-12 06:15:00,2.27026,2.2702999999999998,2.26982,2.26988,182
2025-09-12 06:20:00,2.26991,2.27009,2.26955,2.26963,157
2025-09-12 06:25:00,2.26964,2.2697599999999998,2.26952,2.26967,158
2025-09-12 06:30:00,2.26968,2.26968,2.26925,2.26941,168
2025-09-12 06:35:00,2.2694900000000002,2.26986,2.26948,2.26986,155
2025-09-12 06:40:00,2.26984,2.26986,2.26953,2.26953,132
2025-09-12 06:45:00,2.26954,2.26995,2.2695,2.26983,95
2025-09-12 06:50:00,2.26981,2.27011,2.26975,2.27004,164
2025-09-12 06:55:00,2.27006,2.2705,2.26987,2.2701000000000002,191
2025-09-12 07:00:00,2.2701000000000002,2.27018,2.26947,2.2701700000000002,197
2025-09-12 07:05:00,2.27012,2.27052,2.26999,2.27041,181
2025-09-12 07:10:00,2.27041,2.27041,2.26999,2.27022,162
2025-09-12 07:15:00,2.27021,2.27028,2.26991,2.27008,149
2025-09-12 07:20:00,2.27009,2.27025,2.2697599999999998,2.26986,185
2025-09-12 07:25:00,2.2698,2.26998,2.26968,2.26996,155
2025-09-12 07:30:00,2.26998,2.26998,2.26958,2.26983,200
2025-09-12 07:35:00,2.26983,2.27036,2.26967,2.27035,188
2025-09-12 07:40:00,2.2703699999999998,2.27106,2.27033,2.27106,180
2025-09-12 07:45:00,2.27105,2.27149,2.27103,2.27118,174
2025-09-12 07:50:00,2.27116,2.27144,2.27101,2.27125,132
2025-09-12 07:55:00,2.27136,2.27154,2.27108,2.27115,150
2025-09-12 08:00:00,2.27114,2.27148,2.27088,2.27103,192
2025-09-12 08:05:00,2.27105,2.27105,2.27063,2.27076,139
2025-09-12 08:10:00,2.27081,2.27081,2.27044,2.27056,126
2025-09-12 08:15:00,2.27056,2.27084,2.27054,2.27074,155
2025-09-12 08:20:00,2.27083,2.2709,2.27031,2.27064,170
2025-09-12 08:25:00,2.27065,2.27076,2.2703699999999998,2.27066,174
2025-09-12 08:30:00,2.27068,2.27125,2.27066,2.27115,169
2025-09-12 08:35:00,2.27115,2.27145,2.27097,2.27137,253
2025-09-12 08:40:00,2.27136,2.27187,2.27092,2.27187,190
2025-09-12 08:45:00,2.27185,2.27201,2.27135,2.27166,226
2025-09-12 08:50:00,2.27168,2.27183,2.27142,2.27156,211
2025-09-12 08:55:00,2.2715899999999998,2.2719,2.27144,2.27154,220
2025-09-12 09:00:00,2.2715899999999998,2.27201,2.27041,2.27147,378
2025-09-12 09:05:00,2.27144,2.27184,2.27127,2.27141,367
2025-09-12 09:10:00,2.2714,2.27221,2.27131,2.27199,276
2025-09-12 09:15:00,2.27197,2.27207,2.27163,2.2720000000000002,280
2025-09-12 09:20:00,2.27202,2.27202,2.27134,2.27163,260
2025-09-12 09:25:00,2.27164,2.27182,2.2712,2.2717,335
2025-09-12 09:30:00,2.27173,2.27229,2.27144,2.27215,355
2025-09-12 09:35:00,2.2721299999999998,2.2726,2.27187,2.27187,235
2025-09-12 09:40:00,2.27185,2.2725,2.27185,2.27223,172
2025-09-12 09:45:00,2.27227,2.27238,2.27174,2.27174,219
2025-09-12 09:50:00,2.27179,2.27208,2.27134,2.27197,287
2025-09-12 09:55:00,2.27197,2.27222,2.27158,2.27184,305
2025-09-12 10:00:00,2.27184,2.27246,2.27166,2.27244,379
2025-09-12 10:05:00,2.27244,2.27273,2.27205,2.27218,241
2025-09-12 10:10:00,2.27217,2.273,2.27217,2.27292,270
2025-09-12 10:15:00,2.27294,2.27295,2.27232,2.2726,231
2025-09-12 10:20:00,2.27258,2.27292,2.27164,2.27184,279
2025-09-12 10:25:00,2.27185,2.27208,2.27158,2.27177,321
2025-09-12 10:30:00,2.27179,2.27258,2.27168,2.27228,347
2025-09-12 10:35:00,2.27222,2.27286,2.27191,2.27272,284
2025-09-12 10:40:00,2.27276,2.27276,2.27179,2.27195,276
2025-09-12 10:45:00,2.27205,2.27245,2.27178,2.27208,295
2025-09-12 10:50:00,2.27209,2.27247,2.27196,2.27201,263
2025-09-12 10:55:00,2.2720000000000002,2.27235,2.2718,2.27225,294
2025-09-12 11:00:00,2.27227,2.27248,2.27181,2.27195,341
2025-09-12 11:05:00,2.27197,2.27217,2.27145,2.27186,365
2025-09-12 11:10:00,2.27185,2.27245,2.27154,2.27224,412
2025-09-12 11:15:00,2.27223,2.27279,2.2719,2.27231,497
2025-09-12 11:20:00,2.27231,2.27268,2.27197,2.27206,413
2025-09-12 11:25:00,2.27204,2.27333,2.27203,2.27313,399
2025-09-12 11:30:00,2.27312,2.27398,2.27226,2.27339,340
2025-09-12 11:35:00,2.27338,2.27408,2.2731,2.27365,309
2025-09-12 11:40:00,2.27364,2.27381,2.2732200000000002,2.27364,326
2025-09-12 11:45:00,2.27362,2.2738300000000002,2.27288,2.27301,312
2025-09-12 11:50:00,2.27302,2.27417,2.27302,2.27381,268
2025-09-12 11:55:00,2.27382,2.27427,2.27348,2.27368,279
2025-09-12 12:00:00,2.2737,2.27413,2.27344,2.27345,338
2025-09-12 12:05:00,2.27341,2.27369,2.27323,2.27358,305
2025-09-12 12:10:00,2.27355,2.27394,2.27307,2.2735,333
2025-09-12 12:15:00,2.27346,2.27405,2.27302,2.27379,308
2025-09-12 12:20:00,2.27382,2.2742,2.27353,2.27377,214
2025-09-12 12:25:00,2.27375,2.27418,2.27361,2.27399,273
2025-09-12 12:30:00,2.274,2.27418,2.27375,2.27386,265
2025-09-12 12:35:00,2.27385,2.2739599999999998,2.27305,2.27375,274
2025-09-12 12:40:00,2.27377,2.27397,2.27363,2.2737600000000002,267
2025-09-12 12:45:00,2.27372,2.27395,2.27346,2.27375,260
2025-09-12 12:50:00,2.27377,2.27398,2.27341,2.2739,279
2025-09-12 12:55:00,2.27386,2.27467,2.27374,2.27463,270
2025-09-12 13:00:00,2.27465,2.2751799999999998,2.27434,2.275,324
2025-09-12 13:05:00,2.27491,2.27516,2.27411,2.27439,284
2025-09-12 13:10:00,2.27441,2.27513,2.27432,2.27455,297
2025-09-12 13:15:00,2.27456,2.27494,2.27446,2.27494,271
2025-09-12 13:20:00,2.27495,2.27562,2.27492,2.27529,229
2025-09-12 13:25:00,2.27528,2.2753,2.27472,2.27486,237
2025-09-12 13:30:00,2.27484,2.27563,2.27465,2.27539,225
2025-09-12 13:35:00,2.27545,2.2755900000000002,2.27527,2.27534,209
2025-09-12 13:40:00,2.27535,2.2756,2.275,2.27514,231
2025-09-12 13:45:00,2.27517,2.27605,2.27501,2.2752,297
2025-09-12 13:50:00,2.27514,2.27537,2.27492,2.27519,216
2025-09-12 13:55:00,2.27521,2.27645,2.27507,2.27645,315
2025-09-12 14:00:00,2.2764699999999998,2.27716,2.27639,2.27674,324
2025-09-12 14:05:00,2.27675,2.27702,2.27638,2.27645,254
2025-09-12 14:10:00,2.27644,2.27672,2.27614,2.2765,277
2025-09-12 14:15:00,2.2765,2.27706,2.27644,2.27703,250
2025-09-12 14:20:00,2.27699,2.2773,2.27643,2.27675,292
2025-09-12 14:25:00,2.27673,2.27686,2.27616,2.27641,299
2025-09-12 14:30:00,2.27638,2.2765,2.2762000000000002,2.27628,242
2025-09-12 14:35:00,2.27631,2.27682,2.27619,2.27662,229
2025-09-12 14:40:00,2.27661,2.27721,2.27646,2.27721,218
2025-09-12 14:45:00,2.27719,2.27735,2.2765,2.2766,286
2025-09-12 14:50:00,2.27663,2.27721,2.27636,2.27637,260
2025-09-12 14:55:00,2.27636,2.27675,2.27623,2.27657,294
2025-09-12 15:00:00,2.2766,2.27675,2.27602,2.27659,300
2025-09-12 15:05:00,2.27661,2.27703,2.27635,2.27678,376
2025-09-12 15:10:00,2.27676,2.27698,2.27659,2.27684,260
2025-09-12 15:15:00,2.27684,2.27712,2.27661,2.27692,283
2025-09-12 15:20:00,2.277,2.27726,2.27651,2.27689,319
2025-09-12 15:25:00,2.2769,2.27738,2.27668,2.27727,306
2025-09-12 15:30:00,2.2773,2.27734,2.27632,2.27679,473
2025-09-12 15:35:00,2.2768,2.27692,2.2761,2.27651,416
2025-09-12 15:40:00,2.2765,2.27695,2.27603,2.27695,421
2025-09-12 15:45:00,2.27693,2.27722,2.27666,2.2769,406
2025-09-12 15:50:00,2.27691,2.27754,2.27691,2.27733,356
2025-09-12 15:55:00,2.27734,2.27765,2.27707,2.27748,330
2025-09-12 16:00:00,2.2775,2.2776,2.27666,2.27666,367
2025-09-12 16:05:00,2.27664,2.27746,2.27661,2.27709,328
2025-09-12 16:10:00,2.27707,2.27732,2.27684,2.27725,286
2025-09-12 16:15:00,2.27726,2.27767,2.27696,2.27712,346
2025-09-12 16:20:00,2.27711,2.2776199999999998,2.2770099999999998,2.27742,314
2025-09-12 16:25:00,2.27739,2.27739,2.27695,2.27702,306
2025-09-12 16:30:00,2.277,2.27754,2.2768,2.27718,461
2025-09-12 16:35:00,2.27721,2.27744,2.27652,2.27668,425
2025-09-12 16:40:00,2.27666,2.2772,2.27642,2.27654,336
2025-09-12 16:45:00,2.27653,2.27689,2.27643,2.2766,402
2025-09-12 16:50:00,2.27662,2.27672,2.27582,2.27604,352
2025-09-12 16:55:00,2.27611,2.27611,2.27536,2.2757,385
2025-09-12 17:00:00,2.27578,2.27691,2.27556,2.27687,471
2025-09-12 17:05:00,2.27689,2.27747,2.27677,2.27734,467
2025-09-12 17:10:00,2.27737,2.27764,2.27692,2.27699,379
2025-09-12 17:15:00,2.277,2.27718,2.27663,2.27716,380
2025-09-12 17:20:00,2.27724,2.27746,2.2768,2.27683,466
2025-09-12 17:25:00,2.27684,2.27743,2.27671,2.27705,388
2025-09-12 17:30:00,2.27704,2.27729,2.27656,2.27715,360
2025-09-12 17:35:00,2.27715,2.27761,2.27689,2.27731,354
2025-09-12 17:40:00,2.27728,2.27843,2.27703,2.27788,385
2025-09-12 17:45:00,2.27783,2.27861,2.27783,2.2782299999999998,350
2025-09-12 17:50:00,2.27824,2.27824,2.27721,2.2774,385
2025-09-12 17:55:00,2.27744,2.27752,2.27689,2.27735,438
2025-09-12 18:00:00,2.27734,2.27772,2.27716,2.27751,394
2025-09-12 18:05:00,2.27751,2.278,2.27722,2.27797,409
2025-09-12 18:10:00,2.27798,2.27874,2.2779,2.27851,396
2025-09-12 18:15:00,2.2785,2.27853,2.27747,2.27766,371
2025-09-12 18:20:00,2.27768,2.27855,2.2774900000000002,2.27834,385
2025-09-12 18:25:00,2.27844,2.27854,2.27809,2.27841,342
2025-09-12 18:30:00,2.27842,2.2789,2.27834,2.27885,345
2025-09-12 18:35:00,2.2788399999999998,2.27889,2.27842,2.27847,245
2025-09-12 18:40:00,2.27845,2.27904,2.27807,2.2782999999999998,282
2025-09-12 18:45:00,2.27829,2.27854,2.27814,2.27827,337
2025-09-12 18:50:00,2.27828,2.27845,2.27809,2.27818,309
2025-09-12 18:55:00,2.27816,2.27818,2.27751,2.27777,337
2025-09-12 19:00:00,2.27774,2.27821,2.27752,2.27807,310
2025-09-12 19:05:00,2.27808,2.27813,2.27767,2.2779,268
2025-09-12 19:10:00,2.27788,2.27789,2.2776,2.27771,217
2025-09-12 19:15:00,2.27768,2.27811,2.27739,2.27797,251
2025-09-12 19:20:00,2.27795,2.27827,2.27765,2.2781000000000002,250
2025-09-12 19:25:00,2.27811,2.27851,2.27806,2.27841,245
2025-09-12 19:30:00,2.27838,2.2787,2.27833,2.27846,255
2025-09-12 19:35:00,2.27846,2.2788,2.27821,2.27859,247
2025-09-12 19:40:00,2.27858,2.27858,2.27801,2.27825,290
2025-09-12 19:45:00,2.27815,2.27881,2.27804,2.27867,318
2025-09-12 19:50:00,2.27868,2.27872,2.27822,2.27832,251
2025-09-12 19:55:00,2.27835,2.27841,2.27789,2.27798,261
2025-09-12 20:00:00,2.27796,2.27841,2.27786,2.27836,278
2025-09-12 20:05:00,2.27833,2.2785,2.27806,2.27809,193
2025-09-12 20:10:00,2.27809,2.27818,2.27761,2.27777,232
2025-09-12 20:15:00,2.27776,2.27776,2.27729,2.2774,241
2025-09-12 20:20:00,2.27741,2.2774900000000002,2.2770099999999998,2.27717,208
2025-09-12 20:25:00,2.27718,2.27738,2.27696,2.27711,167
2025-09-12 20:30:00,2.2771,2.2771,2.27662,2.27684,185
2025-09-12 20:35:00,2.27685,2.27697,2.27668,2.27678,207
2025-09-12 20:40:00,2.27678,2.27699,2.27671,2.27687,205
2025-09-12 20:45:00,2.27686,2.2769,2.27632,2.2764699999999998,211
2025-09-12 20:50:00,2.27646,2.27669,2.27614,2.27625,217
2025-09-12 20:55:00,2.27624,2.2764699999999998,2.27612,2.27646,320
2025-09-12 21:00:00,2.2764699999999998,2.27672,2.27643,2.2767,280
2025-09-12 21:05:00,2.27669,2.27691,2.27641,2.27676,201
2025-09-12 21:10:00,2.27677,2.27689,2.27655,2.27672,232
2025-09-12 21:15:00,2.27677,2.27714,2.27674,2.27713,187
2025-09-12 21:20:00,2.27709,2.27711,2.27679,2.2769,183
2025-09-12 21:25:00,2.27685,2.2771,2.27685,2.27704,177
2025-09-12 21:30:00,2.27707,2.27717,2.27679,2.27683,188
2025-09-12 21:35:00,2.27682,2.27692,2.2764699999999998,2.27648,188
2025-09-12 21:40:00,2.27649,2.27667,2.27633,2.27653,202
2025-09-12 21:45:00,2.27653,2.27678,2.27631,2.2764699999999998,172
2025-09-12 21:50:00,2.27651,2.27668,2.27616,2.27625,247
2025-09-12 21:55:00,2.27624,2.27633,2.27604,2.2762700000000002,250
2025-09-12 22:00:00,2.2762700000000002,2.27628,2.27598,2.27612,230
2025-09-12 22:05:00,2.27613,2.27638,2.27601,2.27615,162
2025-09-12 22:10:00,2.27613,2.2765,2.2758599999999998,2.27648,168
2025-09-12 22:15:00,2.27649,2.2767,2.27643,2.27668,192
2025-09-12 22:20:00,2.27667,2.2768100000000002,2.27658,2.27663,134
2025-09-12 22:25:00,2.27663,2.277,2.27663,2.27697,166
2025-09-12 22:30:00,2.27699,2.27704,2.27675,2.27698,239
2025-09-12 22:35:00,2.277,2.277,2.27638,2.27655,210
2025-09-12 22:40:00,2.27657,2.2770099999999998,2.27657,2.27666,210
2025-09-12 22:45:00,2.27668,2.2767,2.27632,2.27638,202
2025-09-12 22:50:00,2.27637,2.27656,2.27628,2.27648,200
2025-09-12 22:55:00,2.27646,2.27658,2.27622,2.27636,272
2025-09-12 23:00:00,2.27567,2.27592,2.27549,2.2758599999999998,174
2025-09-12 23:05:00,2.27584,2.27608,2.27568,2.2758599999999998,138
2025-09-12 23:10:00,2.27587,2.27623,2.2758599999999998,2.27599,167
2025-09-12 23:15:00,2.27601,2.27621,2.27593,2.27618,211
2025-09-12 23:20:00,2.27619,2.27619,2.27583,2.2759,169
2025-09-12 23:25:00,2.27588,2.27629,2.2758599999999998,2.27615,223
2025-09-12 23:30:00,2.27614,2.27651,2.27606,2.27621,220
2025-09-12 23:35:00,2.27623,2.27659,2.27615,2.27637,364
2025-09-12 23:40:00,2.27635,2.27636,2.27611,2.27622,185
2025-09-12 23:45:00,2.27638,2.27641,2.27584,2.2761,242
2025-09-12 23:50:00,2.27608,2.27629,2.2758599999999998,2.27592,153
2025-09-12 23:55:00,2.2740299999999998,2.2740299999999998,2.2725,2.27293,331
2025-09-15 00:00:00,2.27053,2.2707100000000002,2.27053,2.2707,4
2025-09-15 00:05:00,2.2728099999999998,2.27292,2.27066,2.27066,22
2025-09-15 00:10:00,2.27066,2.2712,2.27056,2.27094,49
2025-09-15 00:15:00,2.27094,2.27174,2.2706,2.2716,86
2025-09-15 00:20:00,2.2716,2.27314,2.27147,2.27168,63
2025-09-15 00:25:00,2.27168,2.2728099999999998,2.27124,2.27136,52
2025-09-15 00:30:00,2.27289,2.27426,2.27187,2.27418,432
2025-09-15 00:35:00,2.27416,2.27543,2.27329,2.27509,239
2025-09-15 00:40:00,2.2752,2.27521,2.2734199999999998,2.2745,243
2025-09-15 00:45:00,2.27451,2.27465,2.27334,2.27371,213
2025-09-15 00:50:00,2.2737,2.27417,2.27356,2.27391,289
2025-09-15 00:55:00,2.27387,2.27537,2.27333,2.27409,246
2025-09-15 01:00:00,2.27585,2.27603,2.2747,2.27587,192
2025-09-15 01:05:00,2.27588,2.27622,2.27576,2.27595,72
2025-09-15 01:10:00,2.27595,2.27623,2.27585,2.276,84
2025-09-15 01:15:00,2.276,2.27643,2.27595,2.27595,35
2025-09-15 01:20:00,2.27597,2.27628,2.27577,2.27582,81
2025-09-15 01:25:00,2.27583,2.27633,2.27583,2.27595,92
2025-09-15 01:30:00,2.27589,2.2761,2.27539,2.27556,142
2025-09-15 01:35:00,2.2756,2.27562,2.27533,2.27536,101
2025-09-15 01:40:00,2.27538,2.2755,2.2752499999999998,2.27538,102
2025-09-15 01:45:00,2.2754,2.27614,2.2754,2.27569,107
2025-09-15 01:50:00,2.27568,2.27626,2.27558,2.276,92
2025-09-15 01:55:00,2.27598,2.27687,2.27598,2.27619,99
2025-09-15 02:00:00,2.2763,2.27719,2.2763,2.27713,118
2025-09-15 02:05:00,2.27712,2.27727,2.27695,2.27726,90
2025-09-15 02:10:00,2.27721,2.27731,2.27704,2.27704,83
2025-09-15 02:15:00,2.27702,2.27711,2.27657,2.27663,85
2025-09-15 02:20:00,2.27661,2.27686,2.27661,2.2768,73
2025-09-15 02:25:00,2.2768100000000002,2.27705,2.27679,2.277,59
2025-09-15 02:30:00,2.2770099999999998,2.2770099999999998,2.27644,2.27659,101
2025-09-15 02:35:00,2.27667,2.27705,2.27641,2.27704,123
2025-09-15 02:40:00,2.277,2.277,2.27644,2.27649,67
2025-09-15 02:45:00,2.2764699999999998,2.27662,2.27629,2.27635,77
2025-09-15 02:50:00,2.27635,2.27674,2.2763,2.27672,106
2025-09-15 02:55:00,2.27673,2.2768,2.27606,2.27606,125
2025-09-15 03:00:00,2.27599,2.276,2.27545,2.27552,227
2025-09-15 03:05:00,2.27549,2.27618,2.27524,2.27596,142
2025-09-15 03:10:00,2.27596,2.27621,2.27526,2.27561,195
2025-09-15 03:15:00,2.27562,2.27623,2.27562,2.27614,131
2025-09-15 03:20:00,2.27616,2.27672,2.27608,2.27649,133
2025-09-15 03:25:00,2.27654,2.27707,2.27644,2.27683,123
2025-09-15 03:30:00,2.27685,2.27695,2.27635,2.27637,174
2025-09-15 03:35:00,2.27638,2.27646,2.2762000000000002,2.27625,149
2025-09-15 03:40:00,2.27624,2.27645,2.27597,2.27602,140
2025-09-15 03:45:00,2.27602,2.27609,2.27571,2.27577,120
2025-09-15 03:50:00,2.2757899999999998,2.27588,2.27553,2.27576,140
2025-09-15 03:55:00,2.27577,2.27633,2.27544,2.27628,151
2025-09-15 04:00:00,2.27626,2.27644,2.27548,2.27561,241
2025-09-15 04:05:00,2.2755900000000002,2.27624,2.2753,2.27595,230
2025-09-15 04:10:00,2.27594,2.27622,2.27563,2.27616,215
2025-09-15 04:15:00,2.27617,2.27654,2.27576,2.27585,230
2025-09-15 04:20:00,2.27584,2.27636,2.27569,2.27623,184
2025-09-15 04:25:00,2.27626,2.27643,2.27601,2.27634,227
2025-09-15 04:30:00,2.27629,2.27661,2.27561,2.27595,194
2025-09-15 04:35:00,2.27596,2.27596,2.2751799999999998,2.2751799999999998,191
2025-09-15 04:40:00,2.27519,2.27535,2.27494,2.27495,158
2025-09-15 04:45:00,2.27497,2.2751,2.27466,2.27476,158
2025-09-15 04:50:00,2.27475,2.27488,2.27438,2.27476,138
2025-09-15 04:55:00,2.27476,2.27482,2.27417,2.27425,195
2025-09-15 05:00:00,2.27434,2.27453,2.2741,2.27443,199
2025-09-15 05:05:00,2.27443,2.27448,2.27399,2.27413,156
2025-09-15 05:10:00,2.27413,2.27455,2.27413,2.27445,171
2025-09-15 05:15:00,2.27447,2.27471,2.27441,2.27466,149
2025-09-15 05:20:00,2.27468,2.2751799999999998,2.27462,2.27514,126
2025-09-15 05:25:00,2.27515,2.27551,2.275,2.27547,173
2025-09-15 05:30:00,2.27546,2.2755,2.27487,2.27487,197
2025-09-15 05:35:00,2.27482,2.27529,2.2748,2.27493,175
2025-09-15 05:40:00,2.27495,2.27534,2.27492,2.27531,173
2025-09-15 05:45:00,2.2753,2.27564,2.27506,2.27555,174
2025-09-15 05:50:00,2.27557,2.27592,2.27545,2.27567,139
2025-09-15 05:55:00,2.27571,2.27607,2.27571,2.27593,168
2025-09-15 06:00:00,2.27591,2.27593,2.27552,2.2756,141
2025-09-15 06:05:00,2.2755900000000002,2.276,2.27553,2.27599,127
2025-09-15 06:10:00,2.276,2.27608,2.27575,2.27598,123
2025-09-15 06:15:00,2.27599,2.27612,2.27547,2.2755,138
2025-09-15 06:20:00,2.27549,2.27573,2.27549,2.27549,109
2025-09-15 06:25:00,2.27551,2.27561,2.27502,2.27553,194
2025-09-15 06:30:00,2.27557,2.27597,2.27554,2.27589,171
2025-09-15 06:35:00,2.27587,2.27588,2.27514,2.27544,163
2025-09-15 06:40:00,2.27546,2.27553,2.27456,2.27471,173
2025-09-15 06:45:00,2.27473,2.27478,2.27423,2.27424,128
2025-09-15 06:50:00,2.27425,2.27427,2.27375,2.27416,147
2025-09-15 06:55:00,2.27418,2.27461,2.27416,2.27448,192
2025-09-15 07:00:00,2.2746399999999998,2.27489,2.27393,2.27458,176
2025-09-15 07:05:00,2.2746,2.27473,2.27428,2.27472,114
2025-09-15 07:10:00,2.2747,2.27496,2.27452,2.27476,127
2025-09-15 07:15:00,2.27478,2.27497,2.27451,2.27454,112
2025-09-15 07:20:00,2.27453,2.27466,2.27399,2.27452,178
2025-09-15 07:25:00,2.27451,2.27472,2.27434,2.27438,92
2025-09-15 07:30:00,2.27452,2.2750500000000002,2.2745,2.27471,121
2025-09-15 07:35:00,2.27476,2.27521,2.27468,2.27507,125
2025-09-15 07:40:00,2.27503,2.27524,2.27494,2.27512,89
2025-09-15 07:45:00,2.2751,2.27543,2.27475,2.27543,126
2025-09-15 07:50:00,2.27546,2.27546,2.27485,2.27494,146
2025-09-15 07:55:00,2.27493,2.2751,2.27481,2.27495,127
2025-09-15 08:00:00,2.27491,2.27517,2.27466,2.27495,153
2025-09-15 08:05:00,2.27496,2.27514,2.27476,2.2749,174
2025-09-15 08:10:00,2.27489,2.27508,2.2747,2.2749,112
2025-09-15 08:15:00,2.27493,2.27513,2.27475,2.27477,128
2025-09-15 08:20:00,2.27475,2.27515,2.27463,2.27504,163
2025-09-15 08:25:00,2.27509,2.2751799999999998,2.275,2.27507,122
2025-09-15 08:30:00,2.27515,2.27562,2.27513,2.27552,137
2025-09-15 08:35:00,2.27551,2.27562,2.2752499999999998,2.27556,138
2025-09-15 08:40:00,2.27552,2.27578,2.27546,2.27551,146
2025-09-15 08:45:00,2.27552,2.27569,2.2751799999999998,2.27548,159
2025-09-15 08:50:00,2.27549,2.276,2.27535,2.27599,144
2025-09-15 08:55:00,2.276,2.27637,2.27569,2.27595,205
2025-09-15 09:00:00,2.27599,2.27638,2.27581,2.27606,261
2025-09-15 09:05:00,2.27604,2.27636,2.27584,2.27636,219
2025-09-15 09:10:00,2.27636,2.27704,2.27618,2.27657,255
2025-09-15 09:15:00,2.27658,2.2771,2.27626,2.2771,279
2025-09-15 09:20:00,2.27711,2.2774900000000002,2.27691,2.27724,234
2025-09-15 09:25:00,2.2773,2.27758,2.27707,2.27736,274
2025-09-15 09:30:00,2.2774,2.27755,2.2770799999999998,2.27722,257
2025-09-15 09:35:00,2.27719,2.27738,2.27663,2.27686,274
2025-09-15 09:40:00,2.27686,2.27707,2.27666,2.27689,269
2025-09-15 09:45:00,2.2769,2.27698,2.27636,2.27682,273
2025-09-15 09:50:00,2.27683,2.27711,2.27674,2.27695,220
2025-09-15 09:55:00,2.27697,2.277,2.2758599999999998,2.27675,300
2025-09-15 10:00:00,2.27677,2.27803,2.27673,2.27783,400
2025-09-15 10:05:00,2.27782,2.27787,2.2770099999999998,2.2776,359
2025-09-15 10:10:00,2.2776,2.27818,2.27734,2.27798,326
2025-09-15 10:15:00,2.27801,2.27838,2.27784,2.27812,270
2025-09-15 10:20:00,2.2781000000000002,2.27833,2.27788,2.27789,237
2025-09-15 10:25:00,2.27785,2.27837,2.2778,2.27827,246
2025-09-15 10:30:00,2.27824,2.27862,2.27791,2.27853,276
2025-09-15 10:35:00,2.27853,2.27913,2.27824,2.27908,291
2025-09-15 10:40:00,2.27904,2.27941,2.27767,2.27782,295
2025-09-15 10:45:00,2.27785,2.27829,2.27735,2.27753,350
2025-09-15 10:50:00,2.27752,2.27815,2.27747,2.2778,241
2025-09-15 10:55:00,2.2778,2.27814,2.2776199999999998,2.2776899999999998,246
2025-09-15 11:00:00,2.27768,2.27959,2.27763,2.27929,374
2025-09-15 11:05:00,2.27928,2.27928,2.27858,2.2786,267
2025-09-15 11:10:00,2.27863,2.2799300000000002,2.27861,2.27991,218
2025-09-15 11:15:00,2.2799300000000002,2.2800599999999998,2.27923,2.27949,281
2025-09-15 11:20:00,2.27948,2.28026,2.27912,2.27994,296
2025-09-15 11:25:00,2.27996,2.28085,2.27983,2.2804,284
2025-09-15 11:30:00,2.28041,2.28048,2.27967,2.27981,275
2025-09-15 11:35:00,2.2798,2.27999,2.27882,2.27892,267
2025-09-15 11:40:00,2.27892,2.27933,2.27857,2.27919,297
2025-09-15 11:45:00,2.27908,2.27926,2.2787,2.2787100000000002,240
2025-09-15 11:50:00,2.2788,2.2793900000000002,2.27849,2.27908,228
2025-09-15 11:55:00,2.27912,2.27925,2.27849,2.2788,281
2025-09-15 12:00:00,2.27882,2.2794499999999998,2.2786,2.2794499999999998,304
2025-09-15 12:05:00,2.27947,2.27977,2.27877,2.27921,294
2025-09-15 12:10:00,2.27923,2.27957,2.2787,2.2795,254
2025-09-15 12:15:00,2.27954,2.2801299999999998,2.27929,2.27934,250
2025-09-15 12:20:00,2.27935,2.27976,2.27917,2.27966,229
2025-09-15 12:25:00,2.27964,2.28007,2.27956,2.27995,271
2025-09-15 12:30:00,2.27995,2.28098,2.27983,2.28068,265
2025-09-15 12:35:00,2.28069,2.28102,2.28057,2.28097,259
2025-09-15 12:40:00,2.28098,2.28118,2.28056,2.28065,204
2025-09-15 12:45:00,2.2806699999999998,2.28177,2.28066,2.28149,231
2025-09-15 12:50:00,2.28149,2.28199,2.28141,2.2818300000000002,193
2025-09-15 12:55:00,2.28184,2.28231,2.28184,2.28207,258
2025-09-15 13:00:00,2.28204,2.28252,2.28187,2.28187,278
2025-09-15 13:05:00,2.28188,2.28247,2.28175,2.28247,195
2025-09-15 13:10:00,2.28248,2.28271,2.28214,2.28261,217
2025-09-15 13:15:00,2.28262,2.28266,2.28194,2.28213,232
2025-09-15 13:20:00,2.28214,2.28282,2.28207,2.2824999999999998,318
2025-09-15 13:25:00,2.28254,2.28362,2.28238,2.28308,374
2025-09-15 13:30:00,2.28307,2.28362,2.28295,2.28351,276
2025-09-15 13:35:00,2.28352,2.28406,2.28336,2.28378,308
2025-09-15 13:40:00,2.28381,2.28422,2.28369,2.28382,226
2025-09-15 13:45:00,2.2839,2.28425,2.28374,2.28406,219
2025-09-15 13:50:00,2.28406,2.28508,2.28401,2.28498,249
2025-09-15 13:55:00,2.285,2.28534,2.28386,2.28388,295
2025-09-15 14:00:00,2.28391,2.28391,2.28323,2.28352,236
2025-09-15 14:05:00,2.2835,2.28372,2.28334,2.28346,240
2025-09-15 14:10:00,2.28348,2.2841,2.28346,2.2837,217
2025-09-15 14:15:00,2.28372,2.28414,2.28356,2.28356,234
2025-09-15 14:20:00,2.28355,2.28389,2.28331,2.28377,225
2025-09-15 14:25:00,2.28376,2.28388,2.28339,2.28361,253
2025-09-15 14:30:00,2.28365,2.28429,2.28355,2.2838,284
2025-09-15 14:35:00,2.28382,2.28435,2.28375,2.28409,303
2025-09-15 14:40:00,2.28408,2.28423,2.28363,2.28371,278
2025-09-15 14:45:00,2.28365,2.28393,2.28346,2.28377,289
2025-09-15 14:50:00,2.2837899999999998,2.28382,2.28322,2.28322,278
2025-09-15 14:55:00,2.28324,2.28374,2.28324,2.28374,322
2025-09-15 15:00:00,2.28375,2.2838,2.28291,2.28312,383
2025-09-15 15:05:00,2.28309,2.28312,2.28229,2.28239,261
2025-09-15 15:10:00,2.28241,2.28275,2.2823700000000002,2.28242,231
2025-09-15 15:15:00,2.28243,2.28271,2.28158,2.2818899999999998,311
2025-09-15 15:20:00,2.28191,2.28232,2.2815,2.28158,316
2025-09-15 15:25:00,2.28159,2.28221,2.28138,2.28156,346
2025-09-15 15:30:00,2.28154,2.28164,2.28102,2.28133,392
2025-09-15 15:35:00,2.28131,2.28165,2.28105,2.28165,343
2025-09-15 15:40:00,2.28164,2.28207,2.28101,2.28154,318
2025-09-15 15:45:00,2.28155,2.2819,2.2813,2.28168,291
2025-09-15 15:50:00,2.28167,2.28215,2.28153,2.28212,325
2025-09-15 15:55:00,2.28209,2.28229,2.28185,2.2819599999999998,315
2025-09-15 16:00:00,2.28198,2.28246,2.28166,2.28236,360
2025-09-15 16:05:00,2.2823700000000002,2.28283,2.28198,2.28253,335
2025-09-15 16:10:00,2.28254,2.28286,2.2818300000000002,2.28228,354
2025-09-15 16:15:00,2.28227,2.28249,2.28173,2.28184,310
2025-09-15 16:20:00,2.2818300000000002,2.28198,2.28132,2.28169,312
2025-09-15 16:25:00,2.28168,2.282,2.2814,2.28168,314
2025-09-15 16:30:00,2.28171,2.28192,2.28132,2.28155,363
2025-09-15 16:35:00,2.28161,2.28174,2.2812200000000002,2.28124,322
2025-09-15 16:40:00,2.2812200000000002,2.28163,2.28068,2.28069,324
2025-09-15 16:45:00,2.2807399999999998,2.28139,2.2807399999999998,2.2812799999999998,347
2025-09-15 16:50:00,2.2812799999999998,2.28153,2.28111,2.28129,347
2025-09-15 16:55:00,2.28131,2.2817600000000002,2.28092,2.28107,385
2025-09-15 17:00:00,2.28104,2.28152,2.28056,2.28068,472
2025-09-15 17:05:00,2.2806699999999998,2.28087,2.27989,2.28009,383
2025-09-15 17:10:00,2.2801,2.28024,2.27963,2.27992,345
2025-09-15 17:15:00,2.27992,2.2803,2.27961,2.28005,343
2025-09-15 17:20:00,2.2800599999999998,2.28033,2.27986,2.28023,351
2025-09-15 17:25:00,2.28033,2.28041,2.27969,2.2799300000000002,293
2025-09-15 17:30:00,2.27995,2.28046,2.27963,2.28029,400
2025-09-15 17:35:00,2.28026,2.28078,2.28023,2.28063,344
2025-09-15 17:40:00,2.28053,2.2806100000000002,2.27976,2.28003,348
2025-09-15 17:45:00,2.28004,2.28012,2.27923,2.27949,382
2025-09-15 17:50:00,2.27951,2.28009,2.27948,2.27967,330
2025-09-15 17:55:00,2.27969,2.28052,2.27927,2.27966,509
2025-09-15 18:00:00,2.27965,2.27987,2.27885,2.27907,414
2025-09-15 18:05:00,2.27906,2.27926,2.27879,2.27916,335
2025-09-15 18:10:00,2.27912,2.27928,2.2789,2.2789,286
2025-09-15 18:15:00,2.27892,2.27892,2.27834,2.2784,267
2025-09-15 18:20:00,2.2784,2.27918,2.27835,2.2789,312
2025-09-15 18:25:00,2.2789099999999998,2.27957,2.27883,2.27951,331
2025-09-15 18:30:00,2.27953,2.27965,2.27904,2.27937,285
2025-09-15 18:35:00,2.27935,2.27949,2.27905,2.27921,245
2025-09-15 18:40:00,2.27922,2.27949,2.27893,2.27935,247
2025-09-15 18:45:00,2.27933,2.27976,2.27921,2.27944,306
2025-09-15 18:50:00,2.27954,2.2797,2.27927,2.27938,301
2025-09-15 18:55:00,2.2793900000000002,2.2794499999999998,2.2782,2.27889,350
2025-09-15 19:00:00,2.27889,2.27917,2.27865,2.27917,353
2025-09-15 19:05:00,2.27907,2.27916,2.27864,2.27895,274
2025-09-15 19:10:00,2.27894,2.27917,2.27839,2.27887,363
2025-09-15 19:15:00,2.27885,2.27892,2.27843,2.27858,370
2025-09-15 19:20:00,2.27859,2.2787100000000002,2.27839,2.27848,257
2025-09-15 19:25:00,2.27845,2.2788399999999998,2.27842,2.2788399999999998,292
2025-09-15 19:30:00,2.27883,2.27896,2.2787,2.2789099999999998,260
2025-09-15 19:35:00,2.27892,2.2793900000000002,2.2787,2.27925,321
2025-09-15 19:40:00,2.27927,2.27942,2.2791,2.27927,278
2025-09-15 19:45:00,2.27925,2.27977,2.27922,2.27937,187
2025-09-15 19:50:00,2.27936,2.27964,2.27921,2.2795199999999998,224
2025-09-15 19:55:00,2.27954,2.27982,2.27949,2.27968,267
2025-09-15 20:00:00,2.27969,2.27985,2.27948,2.27957,237
2025-09-15 20:05:00,2.27961,2.27968,2.27914,2.27919,257
2025-09-15 20:10:00,2.2792,2.27969,2.27917,2.27968,237
2025-09-15 20:15:00,2.27966,2.27969,2.27941,2.27944,199
2025-09-15 20:20:00,2.27948,2.27964,2.27922,2.27924,261
2025-09-15 20:25:00,2.27926,2.2793200000000002,2.27865,2.27903,199
2025-09-15 20:30:00,2.27899,2.27913,2.27873,2.27908,291
2025-09-15 20:35:00,2.27908,2.27917,2.27872,2.27897,259
2025-09-15 20:40:00,2.27896,2.27901,2.27863,2.27873,252
2025-09-15 20:45:00,2.27872,2.27906,2.27849,2.27858,236
2025-09-15 20:50:00,2.27857,2.27864,2.27783,2.27821,247
2025-09-15 20:55:00,2.27822,2.27837,2.27785,2.27788,261
2025-09-15 21:00:00,2.27789,2.27811,2.27772,2.27794,253
2025-09-15 21:05:00,2.27793,2.27821,2.27781,2.27793,211
2025-09-15 21:10:00,2.27795,2.27814,2.27768,2.27804,197
2025-09-15 21:15:00,2.27802,2.27812,2.27751,2.27755,254
2025-09-15 21:20:00,2.27751,2.27774,2.27739,2.27753,195
2025-09-15 21:25:00,2.27754,2.27765,2.27718,2.27729,175
2025-09-15 21:30:00,2.27728,2.27738,2.27685,2.27687,179
2025-09-15 21:35:00,2.2769,2.27744,2.27682,2.27733,262
2025-09-15 21:40:00,2.27732,2.27765,2.27711,2.27714,235
2025-09-15 21:45:00,2.27714,2.27748,2.27695,2.27695,239
2025-09-15 21:50:00,2.27693,2.27783,2.27693,2.27775,195
2025-09-15 21:55:00,2.27774,2.27821,2.27774,2.2781000000000002,209
2025-09-15 22:00:00,2.27807,2.27852,2.27792,2.27833,274
2025-09-15 22:05:00,2.27833,2.27845,2.27822,2.27826,151
2025-09-15 22:10:00,2.27828,2.27847,2.27798,2.27847,203
2025-09-15 22:15:00,2.27846,2.27886,2.27837,2.2785,193
2025-09-15 22:20:00,2.27849,2.27902,2.27849,2.27892,174
2025-09-15 22:25:00,2.2789099999999998,2.27911,2.27867,2.27896,169
2025-09-15 22:30:00,2.27895,2.27921,2.2788,2.2788,195
2025-09-15 22:35:00,2.27878,2.27923,2.27876,2.27907,193
2025-09-15 22:40:00,2.27906,2.27937,2.2789,2.27906,186
2025-09-15 22:45:00,2.27905,2.27918,2.27883,2.27901,182
2025-09-15 22:50:00,2.27909,2.27947,2.27906,2.27928,215
2025-09-15 22:55:00,2.27929,2.27949,2.27915,2.27923,239
2025-09-15 23:00:00,2.27855,2.27873,2.27836,2.27845,154
2025-09-15 23:05:00,2.2785,2.27863,2.27838,2.27852,155
2025-09-15 23:10:00,2.27851,2.27854,2.27812,2.27822,127
2025-09-15 23:15:00,2.27817,2.27849,2.27816,2.27849,121
2025-09-15 23:20:00,2.2785,2.27855,2.27827,2.27849,83
2025-09-15 23:25:00,2.27848,2.27849,2.27814,2.27821,118
2025-09-15 23:30:00,2.27819,2.27878,2.27819,2.27844,138
2025-09-15 23:35:00,2.27845,2.27845,2.27775,2.2778,237
2025-09-15 23:40:00,2.27782,2.27786,2.2774,2.27744,132
2025-09-15 23:45:00,2.27743,2.27761,2.27686,2.27699,199
2025-09-15 23:50:00,2.277,2.27706,2.27635,2.27662,240
2025-09-15 23:55:00,2.27446,2.27451,2.27418,2.27438,146
2025-09-16 00:00:00,2.27363,2.27363,2.27348,2.27359,6
2025-09-16 00:05:00,2.27276,2.27618,2.27276,2.27454,50
2025-09-16 00:10:00,2.27454,2.27592,2.27454,2.27469,36
2025-09-16 00:15:00,2.27594,2.27658,2.27594,2.27652,97
2025-09-16 00:20:00,2.27658,2.27756,2.27632,2.27738,106
2025-09-16 00:25:00,2.27733,2.27801,2.27719,2.27765,148
2025-09-16 00:30:00,2.27763,2.27768,2.27711,2.27718,146
2025-09-16 00:35:00,2.2772,2.27751,2.27715,2.2773,192
2025-09-16 00:40:00,2.27729,2.27803,2.27697,2.2774,141
2025-09-16 00:45:00,2.27736,2.27744,2.27703,2.27719,153
2025-09-16 00:50:00,2.27715,2.27759,2.2770799999999998,2.27744,134
2025-09-16 00:55:00,2.27742,2.27761,2.27704,2.27733,183
2025-09-16 01:00:00,2.2776199999999998,2.27794,2.27693,2.27713,289
2025-09-16 01:05:00,2.27714,2.27726,2.27713,2.27719,77
2025-09-16 01:10:00,2.27718,2.27767,2.27718,2.27759,107
2025-09-16 01:15:00,2.27761,2.2781000000000002,2.27743,2.2776199999999998,81
2025-09-16 01:20:00,2.27761,2.27791,2.27761,2.27784,85
2025-09-16 01:25:00,2.27782,2.27793,2.27772,2.27778,73
2025-09-16 01:30:00,2.27778,2.27827,2.27772,2.27799,83
2025-09-16 01:35:00,2.278,2.27852,2.27791,2.27791,60
2025-09-16 01:40:00,2.27793,2.27827,2.27788,2.27817,66
2025-09-16 01:45:00,2.27819,2.27827,2.27797,2.27807,73
2025-09-16 01:50:00,2.27808,2.27827,2.27806,2.27825,82
2025-09-16 01:55:00,2.27826,2.27846,2.27819,2.27837,129
2025-09-16 02:00:00,2.27848,2.27897,2.27848,2.27878,143
2025-09-16 02:05:00,2.2788,2.27911,2.27872,2.27911,90
2025-09-16 02:10:00,2.27907,2.27913,2.27869,2.27901,68
2025-09-16 02:15:00,2.279,2.27921,2.2788399999999998,2.27921,85
2025-09-16 02:20:00,2.2792,2.27941,2.27919,2.27933,50
2025-09-16 02:25:00,2.2793200000000002,2.27946,2.27923,2.27925,74
2025-09-16 02:30:00,2.27923,2.27942,2.27907,2.27926,69
2025-09-16 02:35:00,2.27927,2.27948,2.27914,2.27923,55
2025-09-16 02:40:00,2.27921,2.2793200000000002,2.27911,2.27922,53
2025-09-16 02:45:00,2.27923,2.27936,2.27898,2.27907,148
2025-09-16 02:50:00,2.27906,2.2793,2.27904,2.2793,120
2025-09-16 02:55:00,2.27927,2.27927,2.27883,2.27893,138
2025-09-16 03:00:00,2.27894,2.27908,2.27803,2.27831,271
2025-09-16 03:05:00,2.27832,2.2787,2.27822,2.27867,196
2025-09-16 03:10:00,2.2787,2.27902,2.27866,2.27892,181
2025-09-16 03:15:00,2.2789,2.27918,2.27872,2.279,204
2025-09-16 03:20:00,2.279,2.27988,2.27899,2.27978,143
2025-09-16 03:25:00,2.27974,2.28032,2.27972,2.28009,150
2025-09-16 03:30:00,2.28012,2.28078,2.27997,2.2807399999999998,193
2025-09-16 03:35:00,2.28075,2.28112,2.28066,2.28103,168
2025-09-16 03:40:00,2.28092,2.28124,2.28068,2.28083,139
2025-09-16 03:45:00,2.28081,2.28144,2.28071,2.28117,161
2025-09-16 03:50:00,2.28118,2.28149,2.2809,2.28092,247
2025-09-16 03:55:00,2.28096,2.2811,2.28048,2.28099,253
2025-09-16 04:00:00,2.28101,2.28127,2.28076,2.28095,279
2025-09-16 04:05:00,2.28093,2.28102,2.28028,2.28033,205
2025-09-16 04:10:00,2.28033,2.28118,2.28033,2.28116,156
2025-09-16 04:15:00,2.28118,2.28149,2.28107,2.28116,192
2025-09-16 04:20:00,2.28116,2.28144,2.28077,2.28138,193
2025-09-16 04:25:00,2.28139,2.28168,2.2813,2.28148,187
2025-09-16 04:30:00,2.28146,2.28168,2.28044,2.28082,208
2025-09-16 04:35:00,2.28082,2.28158,2.2808,2.2812200000000002,195
2025-09-16 04:40:00,2.28121,2.28222,2.28112,2.28204,246
2025-09-16 04:45:00,2.28204,2.28206,2.2809,2.28123,266
2025-09-16 04:50:00,2.28119,2.28144,2.28065,2.28083,215
2025-09-16 04:55:00,2.28085,2.28107,2.28085,2.28099,215
2025-09-16 05:00:00,2.28101,2.28114,2.28038,2.28096,220
2025-09-16 05:05:00,2.28094,2.28172,2.28087,2.28169,246
2025-09-16 05:10:00,2.2817,2.28241,2.28167,2.28234,187
2025-09-16 05:15:00,2.28235,2.28288,2.28221,2.28286,239
2025-09-16 05:20:00,2.28285,2.28372,2.28284,2.28349,244
2025-09-16 05:25:00,2.28351,2.28405,2.28326,2.28368,222
2025-09-16 05:30:00,2.28369,2.28445,2.28342,2.28437,224
2025-09-16 05:35:00,2.2843999999999998,2.2848100000000002,2.2843,2.28434,218
2025-09-16 05:40:00,2.28432,2.28432,2.28365,2.28365,223
2025-09-16 05:45:00,2.28363,2.28378,2.28246,2.28287,277
2025-09-16 05:50:00,2.28289,2.28323,2.28264,2.28316,187
2025-09-16 05:55:00,2.28306,2.2833,2.28287,2.28316,197
2025-09-16 06:00:00,2.28314,2.28391,2.28295,2.28327,256
2025-09-16 06:05:00,2.28325,2.28347,2.28316,2.28335,144
2025-09-16 06:10:00,2.28334,2.28348,2.28303,2.28332,152
2025-09-16 06:15:00,2.28328,2.28348,2.28308,2.28316,182
2025-09-16 06:20:00,2.28322,2.28342,2.28302,2.28341,190
2025-09-16 06:25:00,2.28339,2.28339,2.28283,2.28296,190
2025-09-16 06:30:00,2.28294,2.28309,2.28199,2.28234,319
2025-09-16 06:35:00,2.28232,2.28233,2.28184,2.28205,210
2025-09-16 06:40:00,2.28205,2.28267,2.28187,2.28199,167
2025-09-16 06:45:00,2.28201,2.28204,2.28147,2.28168,180
2025-09-16 06:50:00,2.28167,2.28238,2.28166,2.28219,208
2025-09-16 06:55:00,2.28215,2.28215,2.2818300000000002,2.28193,235
2025-09-16 07:00:00,2.28191,2.28322,2.28172,2.28296,236
2025-09-16 07:05:00,2.28293,2.28294,2.28236,2.28253,173
2025-09-16 07:10:00,2.28252,2.28259,2.28225,2.28258,154
2025-09-16 07:15:00,2.28258,2.28258,2.28188,2.28225,186
2025-09-16 07:20:00,2.28227,2.2824,2.28208,2.28227,176
2025-09-16 07:25:00,2.28223,2.28284,2.28222,2.28271,161
2025-09-16 07:30:00,2.28269,2.28324,2.28261,2.28319,183
2025-09-16 07:35:00,2.2831799999999998,2.28368,2.2831,2.28368,177
2025-09-16 07:40:00,2.28367,2.2839,2.2831799999999998,2.28328,192
2025-09-16 07:45:00,2.28325,2.2835900000000002,2.28303,2.28357,176
2025-09-16 07:50:00,2.28355,2.28417,2.28353,2.28417,207
2025-09-16 07:55:00,2.28416,2.28416,2.28336,2.28346,152
2025-09-16 08:00:00,2.28347,2.28413,2.28337,2.2836600000000002,179
2025-09-16 08:05:00,2.28374,2.2837899999999998,2.28301,2.28313,154
2025-09-16 08:10:00,2.28315,2.28351,2.2829800000000002,2.28315,165
2025-09-16 08:15:00,2.2831099999999998,2.28326,2.28261,2.28261,205
2025-09-16 08:20:00,2.28259,2.28303,2.28191,2.28201,171
2025-09-16 08:25:00,2.28203,2.28212,2.28086,2.28103,195
2025-09-16 08:30:00,2.28109,2.28164,2.28109,2.2812799999999998,187
2025-09-16 08:35:00,2.28129,2.28157,2.2808,2.28142,161
2025-09-16 08:40:00,2.28143,2.28184,2.28141,2.28179,167
2025-09-16 08:45:00,2.28171,2.28219,2.2812,2.28175,282
2025-09-16 08:50:00,2.2817600000000002,2.28199,2.28103,2.28147,227
2025-09-16 08:55:00,2.28151,2.28158,2.281,2.28137,277
2025-09-16 09:00:00,2.28152,2.28238,2.2814,2.2817,354
2025-09-16 09:05:00,2.2817,2.28184,2.28134,2.28172,303
2025-09-16 09:10:00,2.28173,2.28175,2.28116,2.28163,294
2025-09-16 09:15:00,2.28161,2.28162,2.28041,2.28065,328
2025-09-16 09:20:00,2.28064,2.28168,2.28064,2.28109,338
2025-09-16 09:25:00,2.28111,2.28188,2.28098,2.28154,303
2025-09-16 09:30:00,2.28156,2.28158,2.28101,2.2812799999999998,263
2025-09-16 09:35:00,2.28123,2.28184,2.28104,2.28148,377
2025-09-16 09:40:00,2.28151,2.28192,2.28116,2.28179,291
2025-09-16 09:45:00,2.28177,2.2822,2.28156,2.28219,243
2025-09-16 09:50:00,2.28218,2.2829,2.28213,2.28228,263
2025-09-16 09:55:00,2.2823,2.28266,2.28202,2.28243,366
2025-09-16 10:00:00,2.28239,2.28248,2.28114,2.28114,380
2025-09-16 10:05:00,2.28113,2.28165,2.28072,2.28153,362
2025-09-16 10:10:00,2.28158,2.28186,2.28095,2.2811,375
2025-09-16 10:15:00,2.28106,2.28149,2.2803,2.28114,363
2025-09-16 10:20:00,2.28113,2.28149,2.28055,2.28138,333
2025-09-16 10:25:00,2.28138,2.28161,2.28116,2.28157,310
2025-09-16 10:30:00,2.28159,2.28159,2.28088,2.28089,286
2025-09-16 10:35:00,2.28087,2.28188,2.28063,2.28164,344
2025-09-16 10:40:00,2.28166,2.28255,2.28163,2.28211,323
2025-09-16 10:45:00,2.2821,2.28262,2.28181,2.28259,303
2025-09-16 10:50:00,2.28259,2.28262,2.28187,2.28204,312
2025-09-16 10:55:00,2.28203,2.28233,2.28186,2.28198,328
2025-09-16 11:00:00,2.28197,2.2824999999999998,2.28197,2.28238,360
2025-09-16 11:05:00,2.28238,2.28253,2.28192,2.2821,257
2025-09-16 11:10:00,2.28202,2.2823,2.28159,2.28222,303
2025-09-16 11:15:00,2.28223,2.28263,2.28206,2.28248,401
2025-09-16 11:20:00,2.28249,2.28316,2.2824400000000002,2.2831,329
2025-09-16 11:25:00,2.28306,2.28325,2.28268,2.28285,302
2025-09-16 11:30:00,2.28287,2.2831099999999998,2.28261,2.28283,355
2025-09-16 11:35:00,2.28282,2.28341,2.28277,2.28307,275
2025-09-16 11:40:00,2.28307,2.28351,2.28306,2.28325,251
2025-09-16 11:45:00,2.28328,2.28389,2.28314,2.2837,255
2025-09-16 11:50:00,2.28374,2.28455,2.28355,2.28436,278
2025-09-16 11:55:00,2.2843999999999998,2.2843999999999998,2.28337,2.28345,291
2025-09-16 12:00:00,2.28357,2.28417,2.28323,2.28373,296
2025-09-16 12:05:00,2.28374,2.28398,2.28346,2.28365,294
2025-09-16 12:10:00,2.28358,2.28406,2.28348,2.28353,421
2025-09-16 12:15:00,2.28353,2.28388,2.28329,2.2836600000000002,324
2025-09-16 12:20:00,2.28368,2.28412,2.2833,2.28398,302
2025-09-16 12:25:00,2.28396,2.2841,2.28265,2.28265,286
2025-09-16 12:30:00,2.28266,2.28322,2.28249,2.28308,273
2025-09-16 12:35:00,2.28308,2.28326,2.28253,2.28263,252
2025-09-16 12:40:00,2.28262,2.28282,2.28242,2.2825699999999998,287
2025-09-16 12:45:00,2.28259,2.28383,2.28242,2.28362,303
2025-09-16 12:50:00,2.28364,2.2843,2.28341,2.28417,229
2025-09-16 12:55:00,2.28417,2.28433,2.28388,2.28388,320
2025-09-16 13:00:00,2.2839,2.28406,2.28365,2.28397,340
2025-09-16 13:05:00,2.28397,2.28434,2.28362,2.28397,263
2025-09-16 13:10:00,2.28401,2.28402,2.28352,2.28375,246
2025-09-16 13:15:00,2.28374,2.28393,2.28327,2.28327,237
2025-09-16 13:20:00,2.28327,2.28335,2.28299,2.2833,226
2025-09-16 13:25:00,2.28329,2.28329,2.2825699999999998,2.28283,289
2025-09-16 13:30:00,2.28284,2.28326,2.28239,2.28309,259
2025-09-16 13:35:00,2.2831,2.28354,2.28282,2.28328,244
2025-09-16 13:40:00,2.28329,2.2833,2.28286,2.28289,241
2025-09-16 13:45:00,2.28287,2.2834,2.28271,2.2834,232
2025-09-16 13:50:00,2.28344,2.28361,2.28304,2.2830500000000002,250
2025-09-16 13:55:00,2.28302,2.28321,2.28146,2.2817600000000002,374
2025-09-16 14:00:00,2.28178,2.28249,2.28151,2.28229,430
2025-09-16 14:05:00,2.28228,2.28269,2.28211,2.28236,299
2025-09-16 14:10:00,2.28235,2.28319,2.28235,2.28266,245
2025-09-16 14:15:00,2.28267,2.28287,2.28248,2.28249,236
2025-09-16 14:20:00,2.28246,2.28287,2.28235,2.2828,222
2025-09-16 14:25:00,2.2828,2.28281,2.2822,2.2824999999999998,283
2025-09-16 14:30:00,2.28246,2.28253,2.28219,2.28225,282
2025-09-16 14:35:00,2.28225,2.28225,2.28134,2.28134,298
2025-09-16 14:40:00,2.28137,2.28188,2.28131,2.28152,388
2025-09-16 14:45:00,2.28153,2.28168,2.28123,2.28162,308
2025-09-16 14:50:00,2.28163,2.28205,2.28127,2.28192,327
2025-09-16 14:55:00,2.28204,2.28265,2.2819599999999998,2.28254,409
2025-09-16 15:00:00,2.28252,2.28252,2.28163,2.28164,369
2025-09-16 15:05:00,2.28165,2.2824,2.28155,2.28236,338
2025-09-16 15:10:00,2.28231,2.28276,2.28219,2.28258,290
2025-09-16 15:15:00,2.28261,2.28299,2.28231,2.2826,341
2025-09-16 15:20:00,2.28242,2.28328,2.28236,2.28316,341
2025-09-16 15:25:00,2.28315,2.28328,2.28197,2.2829800000000002,315
2025-09-16 15:30:00,2.28292,2.28406,2.28238,2.28344,610
2025-09-16 15:35:00,2.28345,2.28358,2.28276,2.28324,535
2025-09-16 15:40:00,2.28327,2.28458,2.28319,2.2843,511
2025-09-16 15:45:00,2.28429,2.28437,2.28339,2.28341,409
2025-09-16 15:50:00,2.28335,2.28469,2.28333,2.28448,465
2025-09-16 15:55:00,2.28441,2.28507,2.28408,2.28424,470
2025-09-16 16:00:00,2.28414,2.2843999999999998,2.2829800000000002,2.28323,492
2025-09-16 16:05:00,2.28319,2.28335,2.28261,2.28317,486
2025-09-16 16:10:00,2.2832,2.28342,2.2822,2.28269,376
2025-09-16 16:15:00,2.28272,2.28327,2.28229,2.28319,371
2025-09-16 16:20:00,2.28317,2.28369,2.28291,2.28324,461
2025-09-16 16:25:00,2.28323,2.28339,2.28247,2.28269,374
2025-09-16 16:30:00,2.28267,2.28353,2.28261,2.28303,467
2025-09-16 16:35:00,2.28302,2.28389,2.28288,2.28376,440
2025-09-16 16:40:00,2.28377,2.28468,2.28356,2.28431,426
2025-09-16 16:45:00,2.28435,2.28491,2.28424,2.28425,504
2025-09-16 16:50:00,2.28421,2.2848100000000002,2.28412,2.28439,403
2025-09-16 16:55:00,2.28432,2.28556,2.2843,2.28539,380
2025-09-16 17:00:00,2.2854,2.2859,2.28515,2.2855,488
2025-09-16 17:05:00,2.28551,2.28626,2.28522,2.28617,591
2025-09-16 17:10:00,2.28614,2.28627,2.28575,2.28577,433
2025-09-16 17:15:00,2.28578,2.2858,2.28444,2.2853,474
2025-09-16 17:20:00,2.28533,2.28578,2.28504,2.2854200000000002,485
2025-09-16 17:25:00,2.2854200000000002,2.2854200000000002,2.2847,2.28492,475
2025-09-16 17:30:00,2.2848800000000002,2.2866400000000002,2.28475,2.28651,510
2025-09-16 17:35:00,2.28652,2.28687,2.2855,2.28611,561
2025-09-16 17:40:00,2.28612,2.28626,2.2853,2.28561,502
2025-09-16 17:45:00,2.28561,2.28563,2.28445,2.28463,458
2025-09-16 17:50:00,2.28465,2.28484,2.2834,2.28381,497
2025-09-16 17:55:00,2.28385,2.28385,2.28261,2.28335,523
2025-09-16 18:00:00,2.28331,2.28439,2.28331,2.28422,557
2025-09-16 18:05:00,2.28419,2.28457,2.28391,2.28447,500
2025-09-16 18:10:00,2.28452,2.28457,2.28394,2.28448,398
2025-09-16 18:15:00,2.28447,2.28487,2.28434,2.28448,404
2025-09-16 18:20:00,2.28451,2.28451,2.28349,2.28371,371
2025-09-16 18:25:00,2.2837,2.28433,2.28342,2.28409,300
2025-09-16 18:30:00,2.28396,2.28419,2.28369,2.28403,321
2025-09-16 18:35:00,2.28401,2.28435,2.28391,2.28394,333
2025-09-16 18:40:00,2.28396,2.28448,2.28396,2.28416,336
2025-09-16 18:45:00,2.28418,2.2842000000000002,2.28346,2.28353,330
2025-09-16 18:50:00,2.28354,2.28362,2.28289,2.28327,309
2025-09-16 18:55:00,2.28326,2.28363,2.28281,2.28341,343
2025-09-16 19:00:00,2.28348,2.28351,2.28294,2.28294,278
2025-09-16 19:05:00,2.28295,2.28338,2.28282,2.28312,259
2025-09-16 19:10:00,2.28313,2.28332,2.2824,2.28261,330
2025-09-16 19:15:00,2.28255,2.28284,2.28234,2.28254,285
2025-09-16 19:20:00,2.28255,2.28297,2.28247,2.28255,233
2025-09-16 19:25:00,2.2824999999999998,2.28287,2.28232,2.28252,311
2025-09-16 19:30:00,2.28253,2.28261,2.28161,2.28161,304
2025-09-16 19:35:00,2.28164,2.28199,2.28132,2.28153,287
2025-09-16 19:40:00,2.28153,2.28198,2.28132,2.28177,240
2025-09-16 19:45:00,2.2818,2.28213,2.28168,2.28212,256
2025-09-16 19:50:00,2.28211,2.28211,2.28154,2.2816,214
2025-09-16 19:55:00,2.28161,2.28187,2.28139,2.28152,288
2025-09-16 20:00:00,2.28155,2.28182,2.28118,2.28177,312
2025-09-16 20:05:00,2.2817600000000002,2.28184,2.28106,2.28123,251
2025-09-16 20:10:00,2.28123,2.28125,2.28072,2.28093,265
2025-09-16 20:15:00,2.28082,2.2813,2.28055,2.28097,285
2025-09-16 20:20:00,2.28096,2.2821,2.28096,2.2817,328
2025-09-16 20:25:00,2.28169,2.28216,2.28154,2.28166,256
2025-09-16 20:30:00,2.28164,2.2818,2.28125,2.28127,210
2025-09-16 20:35:00,2.28129,2.28129,2.28033,2.28058,214
2025-09-16 20:40:00,2.28058,2.28096,2.2801,2.28028,280
2025-09-16 20:45:00,2.2803,2.2807,2.2802,2.28037,292
2025-09-16 20:50:00,2.28038,2.28076,2.28034,2.2805,282
2025-09-16 20:55:00,2.28053,2.28081,2.28036,2.2806699999999998,280
2025-09-16 21:00:00,2.28066,2.28116,2.2806100000000002,2.28087,263
2025-09-16 21:05:00,2.28086,2.28102,2.2805,2.28051,248
2025-09-16 21:10:00,2.28053,2.28099,2.28053,2.28082,194
2025-09-16 21:15:00,2.28082,2.28092,2.28049,2.28058,226
2025-09-16 21:20:00,2.28062,2.28107,2.28053,2.28069,223
2025-09-16 21:25:00,2.2806699999999998,2.28105,2.28059,2.28098,167
2025-09-16 21:30:00,2.28095,2.28103,2.2805400000000002,2.28076,197
2025-09-16 21:35:00,2.2808,2.28094,2.28059,2.28083,203
2025-09-16 21:40:00,2.28084,2.28117,2.2807399999999998,2.28102,183
2025-09-16 21:45:00,2.28103,2.28119,2.28089,2.28099,148
2025-09-16 21:50:00,2.28093,2.28103,2.28075,2.28085,168
2025-09-16 21:55:00,2.28084,2.28101,2.28063,2.28077,272
2025-09-16 22:00:00,2.28077,2.28101,2.2805400000000002,2.28092,292
2025-09-16 22:05:00,2.28093,2.28106,2.28075,2.28105,163
2025-09-16 22:10:00,2.28103,2.28111,2.2807,2.28071,164
2025-09-16 22:15:00,2.2807,2.28089,2.28059,2.28084,173
2025-09-16 22:20:00,2.28084,2.28093,2.28069,2.28091,188
2025-09-16 22:25:00,2.2809,2.28091,2.28041,2.28042,194
2025-09-16 22:30:00,2.28043,2.2808,2.28038,2.28073,191
2025-09-16 22:35:00,2.28071,2.281,2.28059,2.28083,174
2025-09-16 22:40:00,2.28082,2.28085,2.28036,2.28036,196
2025-09-16 22:45:00,2.28036,2.28072,2.28034,2.28038,135
2025-09-16 22:50:00,2.28036,2.2806,2.28025,2.28052,219
2025-09-16 22:55:00,2.28055,2.28066,2.28024,2.28057,231
2025-09-16 23:00:00,2.27987,2.28007,2.27941,2.27943,159
2025-09-16 23:05:00,2.27944,2.27959,2.27917,2.27917,104
2025-09-16 23:10:00,2.27918,2.27931,2.27902,2.27911,104
2025-09-16 23:15:00,2.27911,2.27927,2.27889,2.2789,127
2025-09-16 23:20:00,2.2789099999999998,2.2789099999999998,2.27822,2.27832,136
2025-09-16 23:25:00,2.2782999999999998,2.27843,2.27796,2.27808,148
2025-09-16 23:30:00,2.27807,2.27813,2.2774900000000002,2.27771,171
2025-09-16 23:35:00,2.27772,2.27784,2.27734,2.27744,150
2025-09-16 23:40:00,2.27746,2.27804,2.27528,2.27722,176
2025-09-16 23:45:00,2.27723,2.27795,2.27714,2.27787,334
2025-09-16 23:50:00,2.27788,2.27817,2.27787,2.27805,220
2025-09-16 23:55:00,2.27873,2.27876,2.27558,2.27571,137
2025-09-17 00:00:00,2.27894,2.27898,2.27646,2.27875,9
2025-09-17 00:05:00,2.27802,2.27802,2.2771,2.2773,31
2025-09-17 00:10:00,2.27731,2.27746,2.27731,2.27746,51
2025-09-17 00:15:00,2.27746,2.2782999999999998,2.27709,2.27743,60
2025-09-17 00:20:00,2.27722,2.27796,2.27534,2.27785,50
2025-09-17 00:25:00,2.27787,2.27839,2.27733,2.27741,106
2025-09-17 00:30:00,2.27774,2.2794,2.27774,2.27908,83
2025-09-17 00:35:00,2.27904,2.27916,2.2784,2.27877,247
2025-09-17 00:40:00,2.27879,2.27905,2.27824,2.27905,196
2025-09-17 00:45:00,2.27899,2.27918,2.27801,2.27804,302
2025-09-17 00:50:00,2.27803,2.27831,2.27788,2.27798,242
2025-09-17 00:55:00,2.27812,2.27817,2.2774900000000002,2.27796,291
2025-09-17 01:00:00,2.27831,2.27843,2.27686,2.27839,232
2025-09-17 01:05:00,2.27841,2.2788399999999998,2.27841,2.27843,121
2025-09-17 01:10:00,2.27837,2.27886,2.27832,2.27886,87
2025-09-17 01:15:00,2.27887,2.2789099999999998,2.27865,2.27874,141
2025-09-17 01:20:00,2.27873,2.27878,2.27867,2.2787,125
2025-09-17 01:25:00,2.27869,2.27907,2.27868,2.27876,82
2025-09-17 01:30:00,2.27876,2.27957,2.2787100000000002,2.279,77
2025-09-17 01:35:00,2.27902,2.2794,2.2788,2.2788,53
2025-09-17 01:40:00,2.27878,2.2794499999999998,2.27863,2.27881,56
2025-09-17 01:45:00,2.27883,2.27994,2.2788,2.27925,87
2025-09-17 01:50:00,2.27926,2.27961,2.27893,2.27908,75
2025-09-17 01:55:00,2.27909,2.27915,2.27849,2.27852,148
2025-09-17 02:00:00,2.27863,2.27919,2.27863,2.27898,104
2025-09-17 02:05:00,2.27896,2.27917,2.27883,2.27898,59
2025-09-17 02:10:00,2.27895,2.27913,2.27876,2.27898,51
2025-09-17 02:15:00,2.279,2.2796,2.27876,2.27954,62
2025-09-17 02:20:00,2.27953,2.27953,2.27921,2.27943,60
2025-09-17 02:25:00,2.27946,2.27958,2.27919,2.27948,84
2025-09-17 02:30:00,2.27949,2.27968,2.27913,2.27948,69
2025-09-17 02:35:00,2.27948,2.27985,2.27946,2.27985,113
2025-09-17 02:40:00,2.27983,2.28011,2.27973,2.28008,64
2025-09-17 02:45:00,2.28009,2.28025,2.2799300000000002,2.28003,60
2025-09-17 02:50:00,2.28001,2.28001,2.27962,2.27973,95
2025-09-17 02:55:00,2.27977,2.27991,2.27947,2.27954,138
2025-09-17 03:00:00,2.27955,2.28002,2.2793,2.27986,238
2025-09-17 03:05:00,2.27985,2.28046,2.27983,2.28015,178
2025-09-17 03:10:00,2.2801299999999998,2.28037,2.27975,2.28033,136
2025-09-17 03:15:00,2.28034,2.28049,2.28014,2.28024,150
2025-09-17 03:20:00,2.28024,2.28042,2.28014,2.28016,134
2025-09-17 03:25:00,2.28014,2.2807,2.28014,2.28069,106
2025-09-17 03:30:00,2.2806699999999998,2.28072,2.28004,2.28035,187
2025-09-17 03:35:00,2.28037,2.28106,2.28026,2.28106,219
2025-09-17 03:40:00,2.2811,2.28158,2.2809,2.2812799999999998,193
2025-09-17 03:45:00,2.28127,2.28143,2.28088,2.28102,234
2025-09-17 03:50:00,2.28103,2.2811500000000002,2.28045,2.28101,228
2025-09-17 03:55:00,2.28096,2.28101,2.28057,2.28081,203
2025-09-17 04:00:00,2.28079,2.28117,2.28058,2.28112,227
2025-09-17 04:05:00,2.28109,2.28131,2.28087,2.2811500000000002,151
2025-09-17 04:10:00,2.28113,2.28181,2.28107,2.28148,161
2025-09-17 04:15:00,2.28139,2.2818300000000002,2.28123,2.28131,238
2025-09-17 04:20:00,2.28132,2.28136,2.28106,2.28133,193
2025-09-17 04:25:00,2.2813,2.28162,2.28113,2.28152,178
2025-09-17 04:30:00,2.2815,2.28214,2.28138,2.28213,238
2025-09-17 04:35:00,2.28219,2.28228,2.28138,2.28158,291
2025-09-17 04:40:00,2.2816,2.28209,2.28147,2.28208,220
2025-09-17 04:45:00,2.28205,2.2824400000000002,2.28199,2.2824400000000002,203
2025-09-17 04:50:00,2.28246,2.28254,2.28215,2.28229,162
2025-09-17 04:55:00,2.2823,2.2823,2.2815,2.28162,184
2025-09-17 05:00:00,2.2816,2.28162,2.2811,2.28141,208
2025-09-17 05:05:00,2.28139,2.28177,2.28101,2.28175,152
2025-09-17 05:10:00,2.28169,2.28206,2.28169,2.28191,152
2025-09-17 05:15:00,2.2818899999999998,2.2819,2.2816,2.2816,170
2025-09-17 05:20:00,2.28156,2.28204,2.28156,2.28169,152
2025-09-17 05:25:00,2.2817,2.28198,2.28155,2.28198,139
2025-09-17 05:30:00,2.282,2.2829800000000002,2.28198,2.2829800000000002,154
2025-09-17 05:35:00,2.28296,2.28297,2.2823700000000002,2.28246,185
2025-09-17 05:40:00,2.28245,2.2825699999999998,2.2822,2.28229,162
2025-09-17 05:45:00,2.28238,2.28245,2.28187,2.28195,108
2025-09-17 05:50:00,2.28195,2.28199,2.2816,2.28174,161
2025-09-17 05:55:00,2.28172,2.28178,2.28133,2.28139,174
2025-09-17 06:00:00,2.2814,2.2814,2.28096,2.28104,189
2025-09-17 06:05:00,2.28109,2.28142,2.28106,2.28112,116
2025-09-17 06:10:00,2.28111,2.28175,2.28107,2.28156,117
2025-09-17 06:15:00,2.28162,2.2818,2.28146,2.28173,136
2025-09-17 06:20:00,2.28172,2.28172,2.28138,2.28139,115
2025-09-17 06:25:00,2.28141,2.28145,2.28119,2.28123,128
2025-09-17 06:30:00,2.28109,2.28121,2.28091,2.28111,109
2025-09-17 06:35:00,2.28109,2.28136,2.28107,2.28136,100
2025-09-17 06:40:00,2.28136,2.28136,2.28096,2.2812200000000002,109
2025-09-17 06:45:00,2.28121,2.28175,2.2811500000000002,2.28164,111
2025-09-17 06:50:00,2.28163,2.28204,2.28163,2.28201,122
2025-09-17 06:55:00,2.282,2.28243,2.2819599999999998,2.28221,147
2025-09-17 07:00:00,2.28222,2.28258,2.28215,2.28226,145
2025-09-17 07:05:00,2.28223,2.28228,2.28204,2.28208,96
2025-09-17 07:10:00,2.28209,2.2822,2.28174,2.28185,129
2025-09-17 07:15:00,2.28186,2.28217,2.28172,2.28185,121
2025-09-17 07:20:00,2.2818300000000002,2.2818300000000002,2.28158,2.2816,97
2025-09-17 07:25:00,2.28161,2.28172,2.28148,2.28163,108
2025-09-17 07:30:00,2.28164,2.28222,2.28159,2.28203,134
2025-09-17 07:35:00,2.28204,2.28227,2.28168,2.28216,96
2025-09-17 07:40:00,2.28215,2.28223,2.28202,2.28209,69
2025-09-17 07:45:00,2.2821,2.2821,2.2818,2.28184,93
2025-09-17 07:50:00,2.2818,2.28184,2.28157,2.28158,107
2025-09-17 07:55:00,2.28158,2.28172,2.28158,2.28165,90
2025-09-17 08:00:00,2.28163,2.28166,2.28124,2.28148,163
2025-09-17 08:05:00,2.28144,2.28188,2.28132,2.28165,170
2025-09-17 08:10:00,2.28166,2.283,2.28164,2.28275,191
2025-09-17 08:15:00,2.28275,2.28286,2.28246,2.28277,155
2025-09-17 08:20:00,2.28276,2.28285,2.28242,2.28259,136
2025-09-17 08:25:00,2.2825699999999998,2.28266,2.2823,2.28256,127
2025-09-17 08:30:00,2.28261,2.28283,2.28251,2.2828,125
2025-09-17 08:35:00,2.28279,2.28281,2.28234,2.28272,80
2025-09-17 08:40:00,2.2827,2.28296,2.28253,2.28289,115
2025-09-17 08:45:00,2.2829,2.2829800000000002,2.28264,2.28287,107
2025-09-17 08:50:00,2.28286,2.28316,2.28282,2.2829,137
2025-09-17 08:55:00,2.2829,2.2838,2.28274,2.28343,211
2025-09-17 09:00:00,2.28339,2.28449,2.28272,2.2829800000000002,386
2025-09-17 09:05:00,2.28301,2.28327,2.28265,2.28293,281
2025-09-17 09:10:00,2.28297,2.2831099999999998,2.28256,2.28284,266
2025-09-17 09:15:00,2.28285,2.28293,2.28231,2.28245,239
2025-09-17 09:20:00,2.28235,2.28261,2.28204,2.2824400000000002,228
2025-09-17 09:25:00,2.2823700000000002,2.28307,2.2823700000000002,2.2829,254
2025-09-17 09:30:00,2.28291,2.28371,2.28286,2.28355,291
2025-09-17 09:35:00,2.28352,2.2837899999999998,2.28335,2.28378,218
2025-09-17 09:40:00,2.28377,2.28471,2.2837,2.2847,232
2025-09-17 09:45:00,2.28469,2.28485,2.2841,2.28454,221
2025-09-17 09:50:00,2.28455,2.28467,2.28368,2.28395,219
2025-09-17 09:55:00,2.28392,2.28415,2.28355,2.28409,307
2025-09-17 10:00:00,2.28411,2.28451,2.28365,2.28415,407
2025-09-17 10:05:00,2.28413,2.28447,2.28373,2.28407,278
2025-09-17 10:10:00,2.28417,2.28432,2.28384,2.28432,297
2025-09-17 10:15:00,2.28428,2.28443,2.28369,2.28369,234
2025-09-17 10:20:00,2.2838,2.2843999999999998,2.28365,2.28436,248
2025-09-17 10:25:00,2.28435,2.28443,2.2837,2.28383,244
2025-09-17 10:30:00,2.28387,2.28465,2.28381,2.28424,251
2025-09-17 10:35:00,2.28425,2.28425,2.28287,2.28344,275
2025-09-17 10:40:00,2.28334,2.28354,2.28299,2.28333,220
2025-09-17 10:45:00,2.28335,2.2836,2.28316,2.2834,215
2025-09-17 10:50:00,2.28338,2.28377,2.2832,2.28344,223
2025-09-17 10:55:00,2.28346,2.28364,2.28328,2.28335,256
2025-09-17 11:00:00,2.28342,2.28398,2.28316,2.28374,274
2025-09-17 11:05:00,2.28375,2.28439,2.28375,2.28437,168
2025-09-17 11:10:00,2.28436,2.28454,2.28407,2.28443,147
2025-09-17 11:15:00,2.28451,2.2848,2.28424,2.28466,174
2025-09-17 11:20:00,2.28467,2.28469,2.28392,2.28411,157
2025-09-17 11:25:00,2.28412,2.28426,2.2837899999999998,2.28406,217
2025-09-17 11:30:00,2.28409,2.28446,2.28365,2.28421,227
2025-09-17 11:35:00,2.2843,2.28442,2.28391,2.28411,162
2025-09-17 11:40:00,2.28415,2.28478,2.28381,2.28457,239
2025-09-17 11:45:00,2.2846,2.2848100000000002,2.28418,2.28448,276
2025-09-17 11:50:00,2.28447,2.28469,2.28391,2.28443,243
2025-09-17 11:55:00,2.28445,2.2848800000000002,2.28341,2.28358,271
2025-09-17 12:00:00,2.28357,2.28462,2.28347,2.28451,249
2025-09-17 12:05:00,2.28451,2.28483,2.28425,2.28444,192
2025-09-17 12:10:00,2.28443,2.28476,2.28423,2.28457,192
2025-09-17 12:15:00,2.28456,2.28459,2.28398,2.28413,176
2025-09-17 12:20:00,2.28414,2.28475,2.28402,2.28467,175
2025-09-17 12:25:00,2.28469,2.28474,2.28443,2.28474,171
2025-09-17 12:30:00,2.28472,2.28527,2.2847,2.28507,152
2025-09-17 12:35:00,2.28508,2.28543,2.28491,2.28529,169
2025-09-17 12:40:00,2.28528,2.2856899999999998,2.28506,2.2851,213
2025-09-17 12:45:00,2.28508,2.28522,2.28401,2.28417,251
2025-09-17 12:50:00,2.28416,2.28424,2.28349,2.28349,223
2025-09-17 12:55:00,2.28348,2.2839,2.28314,2.2839,278
2025-09-17 13:00:00,2.2839,2.28421,2.28361,2.28407,230
2025-09-17 13:05:00,2.28406,2.28438,2.28377,2.28387,256
2025-09-17 13:10:00,2.28386,2.28453,2.28355,2.28438,362
2025-09-17 13:15:00,2.28442,2.28459,2.2839,2.28393,237
2025-09-17 13:20:00,2.28403,2.28418,2.28373,2.28392,203
2025-09-17 13:25:00,2.28391,2.28416,2.28378,2.28416,171
2025-09-17 13:30:00,2.28414,2.28445,2.28403,2.28434,197
2025-09-17 13:35:00,2.28441,2.2845,2.28376,2.28386,210
2025-09-17 13:40:00,2.28384,2.28391,2.28356,2.2838,208
2025-09-17 13:45:00,2.28376,2.28376,2.28327,2.28363,200
2025-09-17 13:50:00,2.28362,2.28411,2.28352,2.28382,249
2025-09-17 13:55:00,2.28385,2.28391,2.28328,2.28362,286
2025-09-17 14:00:00,2.28371,2.28378,2.28316,2.28325,253
2025-09-17 14:05:00,2.28323,2.28336,2.28249,2.28255,194
2025-09-17 14:10:00,2.28258,2.28266,2.28191,2.28212,207
2025-09-17 14:15:00,2.28206,2.28226,2.28188,2.28188,211
2025-09-17 14:20:00,2.28191,2.2823700000000002,2.28191,2.28233,207
2025-09-17 14:25:00,2.28223,2.28282,2.28223,2.28262,218
2025-09-17 14:30:00,2.28264,2.28344,2.28239,2.28324,236
2025-09-17 14:35:00,2.28323,2.28368,2.28308,2.2834,187
2025-09-17 14:40:00,2.28342,2.28351,2.28289,2.28299,185
2025-09-17 14:45:00,2.28289,2.28289,2.2811500000000002,2.28121,259
2025-09-17 14:50:00,2.2812799999999998,2.28173,2.28089,2.2812,259
2025-09-17 14:55:00,2.28121,2.28185,2.28102,2.2817600000000002,249
2025-09-17 15:00:00,2.2818300000000002,2.28199,2.2812,2.28121,250
2025-09-17 15:05:00,2.28121,2.28159,2.28065,2.28073,219
2025-09-17 15:10:00,2.28075,2.28171,2.2807,2.28163,245
2025-09-17 15:15:00,2.28163,2.28216,2.28153,2.28216,212
2025-09-17 15:20:00,2.2823,2.28238,2.28172,2.28193,254
2025-09-17 15:25:00,2.28193,2.282,2.28081,2.28094,156
2025-09-17 15:30:00,2.28086,2.2811500000000002,2.28053,2.28095,311
2025-09-17 15:35:00,2.28105,2.28109,2.28064,2.2807399999999998,293
2025-09-17 15:40:00,2.28075,2.28075,2.28001,2.28036,230
2025-09-17 15:45:00,2.2804,2.2809,2.28035,2.28055,271
2025-09-17 15:50:00,2.28051,2.28085,2.2803,2.2808,243
2025-09-17 15:55:00,2.28081,2.28094,2.28031,2.28091,272
2025-09-17 16:00:00,2.28093,2.28101,2.28062,2.28091,305
2025-09-17 16:05:00,2.28093,2.28149,2.28088,2.28147,315
2025-09-17 16:10:00,2.28146,2.28159,2.28106,2.28106,242
2025-09-17 16:15:00,2.28106,2.28177,2.28098,2.2815,257
2025-09-17 16:20:00,2.28146,2.28186,2.28142,2.28165,265
2025-09-17 16:25:00,2.28164,2.28227,2.28164,2.28222,256
2025-09-17 16:30:00,2.28221,2.28231,2.28153,2.28199,335
2025-09-17 16:35:00,2.282,2.28252,2.28199,2.2823700000000002,375
2025-09-17 16:40:00,2.28236,2.2830500000000002,2.28229,2.28301,236
2025-09-17 16:45:00,2.28295,2.2834,2.28258,2.28295,463
2025-09-17 16:50:00,2.28296,2.28309,2.28242,2.28287,411
2025-09-17 16:55:00,2.28287,2.28328,2.28278,2.28315,321
2025-09-17 17:00:00,2.28309,2.28403,2.28309,2.28397,368
2025-09-17 17:05:00,2.28396,2.28438,2.28342,2.28382,372
2025-09-17 17:10:00,2.28381,2.28403,2.28345,2.28394,349
2025-09-17 17:15:00,2.28395,2.28426,2.28357,2.28367,337
2025-09-17 17:20:00,2.28363,2.2839,2.28346,2.2837,309
2025-09-17 17:25:00,2.28372,2.28415,2.28348,2.2841,286
2025-09-17 17:30:00,2.28408,2.28452,2.28398,2.28445,285
2025-09-17 17:35:00,2.28445,2.28519,2.2842000000000002,2.2850099999999998,302
2025-09-17 17:40:00,2.285,2.28566,2.28482,2.28566,318
2025-09-17 17:45:00,2.28567,2.28668,2.28554,2.28653,337
2025-09-17 17:50:00,2.28653,2.28721,2.28635,2.2867,385
2025-09-17 17:55:00,2.28666,2.2869099999999998,2.286,2.28649,327
2025-09-17 18:00:00,2.28651,2.28734,2.28643,2.28721,335
2025-09-17 18:05:00,2.2872,2.2877,2.28709,2.28757,289
2025-09-17 18:10:00,2.28756,2.28797,2.28723,2.28771,287
2025-09-17 18:15:00,2.28772,2.28834,2.28763,2.28795,282
2025-09-17 18:20:00,2.28794,2.2883,2.28755,2.28778,301
2025-09-17 18:25:00,2.28777,2.28863,2.28772,2.28828,259
2025-09-17 18:30:00,2.28829,2.28845,2.28781,2.28822,279
2025-09-17 18:35:00,2.28826,2.2883,2.28787,2.28799,201
2025-09-17 18:40:00,2.28801,2.28809,2.28763,2.28774,235
2025-09-17 18:45:00,2.28774,2.28826,2.28761,2.288,210
2025-09-17 18:50:00,2.288,2.28811,2.28775,2.2881,189
2025-09-17 18:55:00,2.28808,2.28833,2.2875199999999998,2.28766,271
2025-09-17 19:00:00,2.28768,2.2881,2.28754,2.2878,236
2025-09-17 19:05:00,2.2879300000000002,2.28829,2.2878600000000002,2.28792,217
2025-09-17 19:10:00,2.28791,2.28807,2.28769,2.28789,233
2025-09-17 19:15:00,2.28788,2.28819,2.28785,2.28817,237
2025-09-17 19:20:00,2.28818,2.28848,2.28798,2.28821,278
2025-09-17 19:25:00,2.28821,2.28821,2.28785,2.28816,163
2025-09-17 19:30:00,2.28816,2.28905,2.28816,2.28891,225
2025-09-17 19:35:00,2.28892,2.28894,2.28857,2.2888,198
2025-09-17 19:40:00,2.2888,2.28889,2.2884,2.2884700000000002,157
2025-09-17 19:45:00,2.28849,2.289,2.28841,2.28878,208
2025-09-17 19:50:00,2.28876,2.28936,2.28871,2.28932,265
2025-09-17 19:55:00,2.28933,2.28933,2.28902,2.28916,297
2025-09-17 20:00:00,2.28914,2.28914,2.2884700000000002,2.28897,249
2025-09-17 20:05:00,2.28896,2.28896,2.28809,2.28828,229
2025-09-17 20:10:00,2.28827,2.28842,2.288,2.28827,176
2025-09-17 20:15:00,2.28826,2.28848,2.28818,2.28842,209
2025-09-17 20:20:00,2.28843,2.28885,2.28841,2.28851,202
2025-09-17 20:25:00,2.28853,2.28873,2.28805,2.28817,244
2025-09-17 20:30:00,2.28818,2.28832,2.28797,2.2882,208
2025-09-17 20:35:00,2.28823,2.28823,2.28762,2.2878,180
2025-09-17 20:40:00,2.28781,2.28801,2.28744,2.28757,209
2025-09-17 20:45:00,2.28758,2.28776,2.28718,2.2872500000000002,206
2025-09-17 20:50:00,2.28723,2.28762,2.28706,2.28761,274
2025-09-17 20:55:00,2.28758,2.28803,2.28719,2.28749,298
2025-09-17 21:00:00,2.28726,2.28753,2.28363,2.28479,896
2025-09-17 21:05:00,2.28487,2.28556,2.28452,2.2848,840
2025-09-17 21:10:00,2.28479,2.28578,2.2843,2.28539,813
2025-09-17 21:15:00,2.28541,2.28744,2.28519,2.28552,754
2025-09-17 21:20:00,2.28551,2.28648,2.28486,2.28519,717
2025-09-17 21:25:00,2.28518,2.28575,2.28455,2.2848,768
2025-09-17 21:30:00,2.28478,2.28652,2.28417,2.28616,898
2025-09-17 21:35:00,2.28614,2.28722,2.28564,2.2869099999999998,866
2025-09-17 21:40:00,2.28693,2.28873,2.28625,2.28827,955
2025-09-17 21:45:00,2.28821,2.28968,2.2879300000000002,2.28819,838
2025-09-17 21:50:00,2.28825,2.2906,2.288,2.28987,847
2025-09-17 21:55:00,2.28983,2.29014,2.2878600000000002,2.28831,778
2025-09-17 22:00:00,2.28829,2.28856,2.28626,2.28626,766
2025-09-17 22:05:00,2.28633,2.28723,2.28607,2.28622,705
2025-09-17 22:10:00,2.2862299999999998,2.2873,2.28573,2.28682,737
2025-09-17 22:15:00,2.28681,2.28685,2.2856899999999998,2.28617,769
2025-09-17 22:20:00,2.28612,2.2866400000000002,2.28454,2.28475,730
2025-09-17 22:25:00,2.28472,2.28508,2.28337,2.28386,609
2025-09-17 22:30:00,2.28395,2.28464,2.28362,2.28422,642
2025-09-17 22:35:00,2.28423,2.28453,2.28331,2.28442,634
2025-09-17 22:40:00,2.2843999999999998,2.28509,2.28417,2.28493,493
2025-09-17 22:45:00,2.28494,2.28553,2.28455,2.28502,546
2025-09-17 22:50:00,2.28507,2.28547,2.28428,2.28455,500
2025-09-17 22:55:00,2.28455,2.28508,2.28431,2.28452,476
2025-09-17 23:00:00,2.28382,2.28428,2.28372,2.2842000000000002,338
2025-09-17 23:05:00,2.28422,2.28431,2.28356,2.28398,275
2025-09-17 23:10:00,2.28397,2.28414,2.28349,2.28397,199
2025-09-17 23:15:00,2.28397,2.28423,2.2836600000000002,2.2837899999999998,284
2025-09-17 23:20:00,2.28373,2.28443,2.2833,2.28432,252
2025-09-17 23:25:00,2.28433,2.28506,2.28433,2.2845,242
2025-09-17 23:30:00,2.28451,2.28468,2.28429,2.2843999999999998,357
2025-09-17 23:35:00,2.28442,2.28475,2.2842000000000002,2.28472,458
2025-09-17 23:40:00,2.2847,2.28504,2.28456,2.285,479
2025-09-17 23:45:00,2.2850099999999998,2.2852,2.28468,2.28485,293
2025-09-17 23:50:00,2.28486,2.28511,2.28461,2.2847,419
2025-09-17 23:55:00,2.28526,2.28526,2.28171,2.28173,202
2025-09-18 00:00:00,2.28137,2.28336,2.28136,2.28201,11
2025-09-18 00:05:00,2.28201,2.28201,2.2818300000000002,2.2818300000000002,6
2025-09-18 00:10:00,2.2818300000000002,2.2818300000000002,2.28068,2.28092,24
2025-09-18 00:15:00,2.28274,2.28287,2.28185,2.28194,82
2025-09-18 00:20:00,2.2821,2.28338,2.28102,2.28333,52
2025-09-18 00:25:00,2.28327,2.28398,2.28223,2.28398,130
2025-09-18 00:30:00,2.28399,2.28399,2.28353,2.28361,131
2025-09-18 00:35:00,2.28362,2.28375,2.28342,2.2837,121
2025-09-18 00:40:00,2.28368,2.2843999999999998,2.28354,2.28434,190
2025-09-18 00:45:00,2.2843999999999998,2.28469,2.28416,2.28443,177
2025-09-18 00:50:00,2.28445,2.28449,2.28399,2.28405,132
2025-09-18 00:55:00,2.28408,2.28418,2.28352,2.28364,93
2025-09-18 01:00:00,2.28401,2.28502,2.28349,2.28469,193
2025-09-18 01:05:00,2.2847,2.28525,2.2847,2.28498,76
2025-09-18 01:10:00,2.285,2.2854,2.28456,2.28459,92
2025-09-18 01:15:00,2.28458,2.28487,2.28447,2.28487,112
2025-09-18 01:20:00,2.28482,2.28527,2.28436,2.28445,99
2025-09-18 01:25:00,2.28447,2.28461,2.28422,2.28431,110
2025-09-18 01:30:00,2.28432,2.28471,2.28419,2.28468,109
2025-09-18 01:35:00,2.2847,2.2847,2.28433,2.28444,83
2025-09-18 01:40:00,2.28443,2.28519,2.28441,2.28452,75
2025-09-18 01:45:00,2.2846,2.29289,2.2846,2.29257,448
2025-09-18 01:50:00,2.29258,2.29258,2.29083,2.29123,292
2025-09-18 01:55:00,2.29124,2.29138,2.28978,2.28997,201
2025-09-18 02:00:00,2.29015,2.29303,2.29015,2.29229,194
2025-09-18 02:05:00,2.2923,2.29285,2.29205,2.29247,158
2025-09-18 02:10:00,2.29257,2.29596,2.29237,2.29582,199
2025-09-18 02:15:00,2.29583,2.29597,2.29466,2.29517,196
2025-09-18 02:20:00,2.29521,2.29533,2.29459,2.29502,140
2025-09-18 02:25:00,2.29501,2.29674,2.29501,2.29557,145
2025-09-18 02:30:00,2.29558,2.29646,2.29524,2.2959300000000002,163
2025-09-18 02:35:00,2.29595,2.29745,2.29554,2.29634,212
2025-09-18 02:40:00,2.29633,2.29649,2.2957,2.29638,179
2025-09-18 02:45:00,2.29639,2.29658,2.29596,2.29596,94
2025-09-18 02:50:00,2.29597,2.29655,2.29581,2.29608,128
2025-09-18 02:55:00,2.29611,2.29694,2.29595,2.2965999999999998,218
2025-09-18 03:00:00,2.29656,2.29717,2.29612,2.29631,300
2025-09-18 03:05:00,2.29633,2.29773,2.29572,2.29657,273
2025-09-18 03:10:00,2.29655,2.29818,2.29639,2.29818,289
2025-09-18 03:15:00,2.29818,2.29999,2.29816,2.29992,256
2025-09-18 03:20:00,2.3,2.3004,2.29858,2.29896,279
2025-09-18 03:25:00,2.29896,2.30052,2.29885,2.30052,243
2025-09-18 03:30:00,2.30054,2.30077,2.29832,2.2989800000000002,218
2025-09-18 03:35:00,2.29896,2.29918,2.2983700000000002,2.29845,189
2025-09-18 03:40:00,2.29846,2.29846,2.29773,2.29779,167
2025-09-18 03:45:00,2.2978199999999998,2.30055,2.29742,2.3001,266
2025-09-18 03:50:00,2.30014,2.30092,2.29981,2.30091,391
2025-09-18 03:55:00,2.30077,2.30112,2.29955,2.30111,280
2025-09-18 04:00:00,2.30112,2.30164,2.2995,2.30151,345
2025-09-18 04:05:00,2.30151,2.30285,2.30151,2.3022,330
2025-09-18 04:10:00,2.30215,2.30322,2.3009399999999998,2.3013,340
2025-09-18 04:15:00,2.30132,2.30266,2.29976,2.29991,369
2025-09-18 04:20:00,2.29995,2.30026,2.2990399999999998,2.2990399999999998,270
2025-09-18 04:25:00,2.29905,2.2991099999999998,2.29693,2.2972099999999998,222
2025-09-18 04:30:00,2.29727,2.30296,2.29727,2.3,516
2025-09-18 04:35:00,2.30014,2.30163,2.29951,2.30076,432
2025-09-18 04:40:00,2.30062,2.30103,2.30016,2.30082,316
2025-09-18 04:45:00,2.30084,2.30115,2.30065,2.30089,283
2025-09-18 04:50:00,2.30093,2.30106,2.30032,2.3006,276
2025-09-18 04:55:00,2.30056,2.30193,2.29985,2.29985,342
2025-09-18 05:00:00,2.29985,2.30045,2.29955,2.3002000000000002,261
2025-09-18 05:05:00,2.30019,2.30042,2.29955,2.29968,249
2025-09-18 05:10:00,2.29971,2.30017,2.29924,2.29939,185
2025-09-18 05:15:00,2.29937,2.29946,2.29839,2.29841,147
2025-09-18 05:20:00,2.29842,2.29842,2.29722,2.29751,186
2025-09-18 05:25:00,2.29747,2.29747,2.2962,2.2968,195
2025-09-18 05:30:00,2.29685,2.2978899999999998,2.29674,2.29753,202
2025-09-18 05:35:00,2.29743,2.29791,2.29732,2.29742,139
2025-09-18 05:40:00,2.29736,2.29828,2.29734,2.29751,197
2025-09-18 05:45:00,2.29753,2.29821,2.29742,2.29814,189
2025-09-18 05:50:00,2.29816,2.29825,2.2977,2.29779,155
2025-09-18 05:55:00,2.29785,2.29787,2.29704,2.29764,154
2025-09-18 06:00:00,2.29768,2.298,2.29746,2.29763,179
2025-09-18 06:05:00,2.29764,2.29797,2.29753,2.29765,143
2025-09-18 06:10:00,2.29766,2.29768,2.29683,2.2970800000000002,122
2025-09-18 06:15:00,2.2971,2.29759,2.29699,2.29707,150
2025-09-18 06:20:00,2.29706,2.29724,2.2965999999999998,2.2965999999999998,125
2025-09-18 06:25:00,2.29662,2.2970800000000002,2.2964,2.29679,151
2025-09-18 06:30:00,2.29682,2.29784,2.29682,2.29778,153
2025-09-18 06:35:00,2.2977600000000002,2.29783,2.29711,2.29773,128
2025-09-18 06:40:00,2.29773,2.29811,2.29759,2.29778,119
2025-09-18 06:45:00,2.29785,2.29848,2.29778,2.29846,118
2025-09-18 06:50:00,2.29841,2.29857,2.29786,2.29841,140
2025-09-18 06:55:00,2.29839,2.29846,2.29792,2.29829,156
2025-09-18 07:00:00,2.29827,2.29841,2.29777,2.29821,159
2025-09-18 07:05:00,2.29822,2.2984999999999998,2.298,2.29839,97
2025-09-18 07:10:00,2.2984,2.29845,2.29809,2.29831,145
2025-09-18 07:15:00,2.29832,2.29845,2.2981,2.29838,117
2025-09-18 07:20:00,2.29842,2.2995200000000002,2.29825,2.29928,125
2025-09-18 07:25:00,2.29929,2.3,2.29922,2.29947,154
2025-09-18 07:30:00,2.29949,2.29991,2.29929,2.29968,205
2025-09-18 07:35:00,2.29979,2.30054,2.29976,2.30016,219
2025-09-18 07:40:00,2.30014,2.30037,2.29968,2.30004,158
2025-09-18 07:45:00,2.30004,2.30058,2.3,2.30021,210
2025-09-18 07:50:00,2.30021,2.30035,2.29975,2.30035,173
2025-09-18 07:55:00,2.30031,2.30146,2.30024,2.30119,272
2025-09-18 08:00:00,2.30125,2.30132,2.30057,2.30058,190
2025-09-18 08:05:00,2.30068,2.30137,2.30063,2.30107,193
2025-09-18 08:10:00,2.30096,2.30227,2.30096,2.30227,229
2025-09-18 08:15:00,2.30212,2.30247,2.30173,2.30174,185
2025-09-18 08:20:00,2.30176,2.3022,2.3014200000000002,2.30193,203
2025-09-18 08:25:00,2.30191,2.3020300000000002,2.30145,2.30154,234
2025-09-18 08:30:00,2.30161,2.30169,2.301,2.30141,210
2025-09-18 08:35:00,2.30143,2.3020300000000002,2.30128,2.30178,166
2025-09-18 08:40:00,2.30175,2.30202,2.30169,2.30185,191
2025-09-18 08:45:00,2.30187,2.30251,2.30163,2.30163,292
2025-09-18 08:50:00,2.30168,2.30187,2.30102,2.3012,305
2025-09-18 08:55:00,2.3013,2.30171,2.30098,2.3014200000000002,296
2025-09-18 09:00:00,2.30157,2.30232,2.30122,2.30145,360
2025-09-18 09:05:00,2.3014200000000002,2.30192,2.30123,2.3014,347
2025-09-18 09:10:00,2.30144,2.30371,2.30125,2.30332,391
2025-09-18 09:15:00,2.30332,2.30378,2.30311,2.30356,372
2025-09-18 09:20:00,2.30357,2.30362,2.30217,2.30251,354
2025-09-18 09:25:00,2.30254,2.30315,2.30226,2.30296,329
2025-09-18 09:30:00,2.30297,2.3031800000000002,2.30225,2.30317,357
2025-09-18 09:35:00,2.3032,2.30425,2.3032,2.30413,349
2025-09-18 09:40:00,2.30412,2.30523,2.3041,2.30493,327
2025-09-18 09:45:00,2.30495,2.30541,2.30387,2.3054,348
2025-09-18 09:50:00,2.30541,2.30594,2.30503,2.3053,310
2025-09-18 09:55:00,2.30533,2.30596,2.30463,2.30574,400
2025-09-18 10:00:00,2.30573,2.30669,2.30564,2.30635,460
2025-09-18 10:05:00,2.30634,2.30732,2.3062,2.30697,372
2025-09-18 10:10:00,2.30695,2.30725,2.30557,2.30567,393
2025-09-18 10:15:00,2.30566,2.30568,2.30459,2.30517,391
2025-09-18 10:20:00,2.30515,2.3056,2.30473,2.30554,324
2025-09-18 10:25:00,2.30556,2.30576,2.30438,2.30451,397
2025-09-18 10:30:00,2.30448,2.30495,2.30437,2.30461,326
2025-09-18 10:35:00,2.30459,2.30519,2.30435,2.30498,367
2025-09-18 10:40:00,2.30495,2.30512,2.30422,2.30482,448
2025-09-18 10:45:00,2.3048,2.3056200000000002,2.3044700000000002,2.30525,411
2025-09-18 10:50:00,2.3052799999999998,2.30648,2.30526,2.30638,358
2025-09-18 10:55:00,2.30638,2.30695,2.30603,2.30618,409
2025-09-18 11:00:00,2.30619,2.30768,2.30611,2.3074,435
2025-09-18 11:05:00,2.30741,2.30872,2.30739,2.30822,323
2025-09-18 11:10:00,2.30832,2.3084,2.3076,2.308,320
2025-09-18 11:15:00,2.30799,2.30883,2.30761,2.30872,333
2025-09-18 11:20:00,2.30873,2.30963,2.30858,2.30932,301
2025-09-18 11:25:00,2.3093,2.31093,2.3093,2.31044,297
2025-09-18 11:30:00,2.31045,2.31163,2.3104,2.31146,342
2025-09-18 11:35:00,2.31147,2.31166,2.31078,2.31152,322
2025-09-18 11:40:00,2.31153,2.31158,2.31026,2.31106,311
2025-09-18 11:45:00,2.31105,2.31144,2.31059,2.3113799999999998,372
2025-09-18 11:50:00,2.31136,2.31349,2.31116,2.31346,305
2025-09-18 11:55:00,2.31341,2.31485,2.31323,2.31433,349
2025-09-18 12:00:00,2.31439,2.3148,2.3131,2.31378,360
2025-09-18 12:05:00,2.31373,2.31399,2.31351,2.31398,294
2025-09-18 12:10:00,2.31396,2.3144299999999998,2.31296,2.31296,314
2025-09-18 12:15:00,2.31306,2.31306,2.31153,2.3116,332
2025-09-18 12:20:00,2.31159,2.31203,2.3112,2.3118600000000002,248
2025-09-18 12:25:00,2.31191,2.31217,2.31052,2.31059,304
2025-09-18 12:30:00,2.31068,2.31102,2.31033,2.31046,263
2025-09-18 12:35:00,2.31048,2.31074,2.30991,2.31008,343
2025-09-18 12:40:00,2.31007,2.31047,2.30982,2.31046,305
2025-09-18 12:45:00,2.3104,2.31082,2.3099600000000002,2.3099600000000002,282
2025-09-18 12:50:00,2.30994,2.31026,2.30981,2.30992,253
2025-09-18 12:55:00,2.30989,2.31063,2.30983,2.3100899999999998,255
2025-09-18 13:00:00,2.31005,2.31115,2.30986,2.31099,287
2025-09-18 13:05:00,2.311,2.31147,2.31054,2.31069,280
2025-09-18 13:10:00,2.3106999999999998,2.31111,2.31063,2.31108,241
2025-09-18 13:15:00,2.31112,2.31126,2.3104,2.31055,287
2025-09-18 13:20:00,2.31056,2.31161,2.31015,2.31113,333
2025-09-18 13:25:00,2.31108,2.31162,2.31087,2.31151,287
2025-09-18 13:30:00,2.31166,2.31183,2.3111,2.31157,280
2025-09-18 13:35:00,2.31145,2.31248,2.31107,2.31217,254
2025-09-18 13:40:00,2.31218,2.3130800000000002,2.31206,2.31275,248
2025-09-18 13:45:00,2.3127,2.31278,2.31184,2.31226,283
2025-09-18 13:50:00,2.31223,2.3123,2.31114,2.31146,316
2025-09-18 13:55:00,2.31145,2.31181,2.3111,2.31122,293
2025-09-18 14:00:00,2.31142,2.31319,2.30994,2.31012,423
2025-09-18 14:05:00,2.31011,2.31021,2.30751,2.30795,514
2025-09-18 14:10:00,2.30794,2.30818,2.30734,2.30785,327
2025-09-18 14:15:00,2.30783,2.30842,2.3075200000000002,2.30783,268
2025-09-18 14:20:00,2.30791,2.30809,2.30617,2.3064,352
2025-09-18 14:25:00,2.30642,2.30692,2.30583,2.3059,326
2025-09-18 14:30:00,2.30591,2.30668,2.30558,2.30615,295
2025-09-18 14:35:00,2.30613,2.30646,2.30457,2.30494,334
2025-09-18 14:40:00,2.30493,2.30687,2.30486,2.30619,318
2025-09-18 14:45:00,2.30628,2.30702,2.306,2.30676,323
2025-09-18 14:50:00,2.30676,2.30734,2.30663,2.30734,289
2025-09-18 14:55:00,2.30728,2.30734,2.306,2.30648,439
2025-09-18 15:00:00,2.30648,2.30743,2.30639,2.30719,471
2025-09-18 15:05:00,2.30717,2.30758,2.30692,2.30739,367
2025-09-18 15:10:00,2.3074,2.30781,2.30721,2.30768,322
2025-09-18 15:15:00,2.30768,2.30797,2.30738,2.3077,316
2025-09-18 15:20:00,2.30775,2.30823,2.30742,2.3077,383
2025-09-18 15:25:00,2.30768,2.30794,2.30702,2.30732,242
2025-09-18 15:30:00,2.30757,2.30839,2.30678,2.30812,578
2025-09-18 15:35:00,2.30808,2.30811,2.30669,2.30721,535
2025-09-18 15:40:00,2.30721,2.30773,2.30709,2.30714,470
2025-09-18 15:45:00,2.30708,2.30741,2.30615,2.3066,425
2025-09-18 15:50:00,2.30658,2.30755,2.30629,2.30753,402
2025-09-18 15:55:00,2.30756,2.30759,2.30677,2.30715,446
2025-09-18 16:00:00,2.30723,2.30734,2.30653,2.30679,469
2025-09-18 16:05:00,2.30679,2.30779,2.30678,2.30726,494
2025-09-18 16:10:00,2.3072,2.30736,2.30673,2.30701,428
2025-09-18 16:15:00,2.30703,2.3070399999999998,2.30645,2.3068,395
2025-09-18 16:20:00,2.30682,2.30697,2.30635,2.30681,378
2025-09-18 16:25:00,2.30683,2.30702,2.30598,2.30636,303
2025-09-18 16:30:00,2.30601,2.3067,2.30574,2.30579,502
2025-09-18 16:35:00,2.30593,2.30619,2.30475,2.30532,610
2025-09-18 16:40:00,2.30532,2.30615,2.30462,2.3055,654
2025-09-18 16:45:00,2.3055,2.3056200000000002,2.3040599999999998,2.30481,634
2025-09-18 16:50:00,2.30487,2.3056,2.3033799999999998,2.30352,680
2025-09-18 16:55:00,2.30357,2.30426,2.30278,2.30364,576
2025-09-18 17:00:00,2.30368,2.30396,2.30256,2.30316,671
2025-09-18 17:05:00,2.3031800000000002,2.30547,2.30305,2.30481,624
2025-09-18 17:10:00,2.30487,2.30502,2.30392,2.30422,570
2025-09-18 17:15:00,2.30423,2.30496,2.30402,2.30494,555
2025-09-18 17:20:00,2.30478,2.30535,2.30464,2.30493,477
2025-09-18 17:25:00,2.30482,2.30484,2.30287,2.30352,529
2025-09-18 17:30:00,2.30358,2.30432,2.30333,2.3040599999999998,454
2025-09-18 17:35:00,2.30407,2.30427,2.30306,2.30374,482
2025-09-18 17:40:00,2.30371,2.30445,2.30358,2.30401,461
2025-09-18 17:45:00,2.30402,2.30504,2.30375,2.30493,561
2025-09-18 17:50:00,2.30492,2.30651,2.30487,2.30622,502
2025-09-18 17:55:00,2.30617,2.3063000000000002,2.30367,2.30372,540
2025-09-18 18:00:00,2.30382,2.30471,2.30353,2.30459,534
2025-09-18 18:05:00,2.3045999999999998,2.30502,2.30405,2.3042,504
2025-09-18 18:10:00,2.30423,2.305,2.30402,2.30407,494
2025-09-18 18:15:00,2.3041,2.3041,2.30252,2.30274,494
2025-09-18 18:20:00,2.30268,2.30369,2.3023,2.30299,466
2025-09-18 18:25:00,2.30299,2.30361,2.30289,2.3033,432
2025-09-18 18:30:00,2.3032500000000002,2.30367,2.30317,2.30328,432
2025-09-18 18:35:00,2.30334,2.30448,2.30316,2.30434,393
2025-09-18 18:40:00,2.30441,2.30519,2.3042,2.30494,427
2025-09-18 18:45:00,2.30493,2.30493,2.30433,2.3045999999999998,402
2025-09-18 18:50:00,2.30464,2.30482,2.30419,2.30437,404
2025-09-18 18:55:00,2.30439,2.30543,2.3043,2.30537,424
2025-09-18 19:00:00,2.30535,2.30624,2.30495,2.30555,494
2025-09-18 19:05:00,2.3056,2.30603,2.30507,2.30523,438
2025-09-18 19:10:00,2.30522,2.30542,2.30457,2.30462,360
2025-09-18 19:15:00,2.3046699999999998,2.30494,2.3041,2.30423,357
2025-09-18 19:20:00,2.30425,2.30446,2.3041,2.30416,341
2025-09-18 19:25:00,2.30418,2.30481,2.30415,2.30442,312
2025-09-18 19:30:00,2.30444,2.30456,2.30402,2.30413,300
2025-09-18 19:35:00,2.30416,2.30469,2.3040599999999998,2.30458,266
2025-09-18 19:40:00,2.30458,2.30476,2.30429,2.30444,225
2025-09-18 19:45:00,2.30442,2.30444,2.30392,2.30393,208
2025-09-18 19:50:00,2.30398,2.30477,2.30397,2.30459,269
2025-09-18 19:55:00,2.30462,2.30468,2.30376,2.30397,315
2025-09-18 20:00:00,2.30394,2.30454,2.3038600000000002,2.30413,313
2025-09-18 20:05:00,2.30414,2.3045999999999998,2.30409,2.30437,295
2025-09-18 20:10:00,2.30438,2.30492,2.3043,2.3045,310
2025-09-18 20:15:00,2.30451,2.30471,2.30413,2.30425,260
2025-09-18 20:20:00,2.30423,2.30428,2.30321,2.30371,250
2025-09-18 20:25:00,2.30368,2.3037900000000002,2.30344,2.30376,246
2025-09-18 20:30:00,2.30377,2.3040599999999998,2.30377,2.30398,269
2025-09-18 20:35:00,2.3039899999999998,2.30424,2.30385,2.30417,317
2025-09-18 20:40:00,2.30415,2.30472,2.30409,2.30457,238
2025-09-18 20:45:00,2.30459,2.3047,2.30427,2.30464,255
2025-09-18 20:50:00,2.30463,2.30484,2.30441,2.30484,237
2025-09-18 20:55:00,2.30488,2.30509,2.30421,2.30423,308
2025-09-18 21:00:00,2.30421,2.30431,2.30389,2.30416,307
2025-09-18 21:05:00,2.3042,2.3044000000000002,2.30407,2.30417,226
2025-09-18 21:10:00,2.30415,2.30452,2.30411,2.30427,221
2025-09-18 21:15:00,2.30426,2.3045,2.30409,2.30412,256
2025-09-18 21:20:00,2.30414,2.30415,2.30358,2.3039,179
2025-09-18 21:25:00,2.30387,2.30401,2.30354,2.30389,159
2025-09-18 21:30:00,2.30392,2.30419,2.30387,2.30398,183
2025-09-18 21:35:00,2.30401,2.30422,2.3036,2.3036,179
2025-09-18 21:40:00,2.30359,2.3040599999999998,2.30335,2.30343,203
2025-09-18 21:45:00,2.3034,2.30359,2.30313,2.3034,176
2025-09-18 21:50:00,2.30339,2.30371,2.30339,2.30347,122
2025-09-18 21:55:00,2.30349,2.30413,2.30329,2.30376,229
2025-09-18 22:00:00,2.30367,2.30369,2.30334,2.30352,249
2025-09-18 22:05:00,2.30352,2.30367,2.30343,2.30363,136
2025-09-18 22:10:00,2.30365,2.3037,2.30313,2.30359,202
2025-09-18 22:15:00,2.30358,2.30412,2.30358,2.3036,205
2025-09-18 22:20:00,2.30358,2.30402,2.30356,2.30383,226
2025-09-18 22:25:00,2.30381,2.30392,2.30359,2.30384,194
2025-09-18 22:30:00,2.30383,2.30393,2.30331,2.3033799999999998,212
2025-09-18 22:35:00,2.3034,2.30346,2.30298,2.30317,247
2025-09-18 22:40:00,2.30315,2.30336,2.30295,2.30309,221
2025-09-18 22:45:00,2.30314,2.30332,2.30298,2.30312,241
2025-09-18 22:50:00,2.30313,2.3032,2.30281,2.3029,234
2025-09-18 22:55:00,2.30289,2.30367,2.30289,2.30321,310
2025-09-18 23:00:00,2.30253,2.30319,2.3025,2.30269,367
2025-09-18 23:05:00,2.30274,2.30279,2.30205,2.30208,218
2025-09-18 23:10:00,2.30208,2.30265,2.30201,2.30227,179
2025-09-18 23:15:00,2.30228,2.30253,2.30197,2.30209,140
2025-09-18 23:20:00,2.30209,2.30259,2.30207,2.30236,119
2025-09-18 23:25:00,2.30237,2.3027699999999998,2.30237,2.30249,65
2025-09-18 23:30:00,2.30247,2.30255,2.3021599999999998,2.30241,116
2025-09-18 23:35:00,2.30242,2.3027699999999998,2.30228,2.30266,289
2025-09-18 23:40:00,2.30267,2.30289,2.30243,2.30255,330
2025-09-18 23:45:00,2.3025700000000002,2.30278,2.30239,2.30246,275
2025-09-18 23:50:00,2.30248,2.30312,2.30248,2.30299,126
2025-09-18 23:55:00,2.30086,2.30103,2.30068,2.30079,153
2025-09-19 00:00:00,2.29804,2.29996,2.29802,2.29886,15
2025-09-19 00:05:00,2.29846,2.30067,2.29712,2.30047,65
2025-09-19 00:10:00,2.30047,2.30102,2.30047,2.30069,93
2025-09-19 00:15:00,2.30147,2.30174,2.30109,2.30146,140
2025-09-19 00:20:00,2.30126,2.30181,2.3009,2.3016199999999998,130
2025-09-19 00:25:00,2.30157,2.30303,2.3014,2.30294,145
2025-09-19 00:30:00,2.30296,2.30378,2.30294,2.3032,195
2025-09-19 00:35:00,2.30328,2.3036,2.30301,2.30322,186
2025-09-19 00:40:00,2.3032,2.30326,2.3026,2.30269,185
2025-09-19 00:45:00,2.3027,2.3033,2.30242,2.30317,91
2025-09-19 00:50:00,2.30313,2.30334,2.30278,2.3028,152
2025-09-19 00:55:00,2.30283,2.30301,2.30227,2.30269,234
2025-09-19 01:00:00,2.30298,2.30328,2.30248,2.30328,220
2025-09-19 01:05:00,2.30319,2.30364,2.30279,2.30293,187
2025-09-19 01:10:00,2.30296,2.30302,2.30181,2.30243,206
2025-09-19 01:15:00,2.30244,2.30245,2.3020300000000002,2.30208,262
2025-09-19 01:20:00,2.30207,2.30274,2.30177,2.30244,342
2025-09-19 01:25:00,2.3024,2.30253,2.30201,2.30229,286
2025-09-19 01:30:00,2.3023,2.30258,2.30205,2.30246,262
2025-09-19 01:35:00,2.30247,2.30326,2.30242,2.30269,201
2025-09-19 01:40:00,2.30272,2.3033,2.30265,2.3027,77
2025-09-19 01:45:00,2.30271,2.30279,2.30254,2.30255,82
2025-09-19 01:50:00,2.3025700000000002,2.30301,2.3020300000000002,2.3020300000000002,51
2025-09-19 01:55:00,2.30206,2.30259,2.30204,2.3024,100
2025-09-19 02:00:00,2.30249,2.30322,2.30249,2.30319,78
2025-09-19 02:05:00,2.30319,2.3032500000000002,2.30307,2.3032500000000002,63
2025-09-19 02:10:00,2.30323,2.30324,2.3027,2.30291,69
2025-09-19 02:15:00,2.30293,2.30296,2.30218,2.30247,74
2025-09-19 02:20:00,2.30249,2.30286,2.30243,2.3028399999999998,57
2025-09-19 02:25:00,2.30286,2.303,2.30256,2.30273,86
2025-09-19 02:30:00,2.30271,2.3027699999999998,2.30211,2.3021599999999998,62
2025-09-19 02:35:00,2.30214,2.3022299999999998,2.30164,2.30165,98
2025-09-19 02:40:00,2.30166,2.30166,2.30061,2.30075,113
2025-09-19 02:45:00,2.30077,2.30095,2.30041,2.30093,106
2025-09-19 02:50:00,2.30095,2.30147,2.30085,2.30121,134
2025-09-19 02:55:00,2.3012,2.30137,2.3007400000000002,2.30129,170
2025-09-19 03:00:00,2.3013,2.3014200000000002,2.30054,2.30084,253
2025-09-19 03:05:00,2.30086,2.30134,2.30084,2.30129,230
2025-09-19 03:10:00,2.30131,2.30131,2.3007400000000002,2.30108,219
2025-09-19 03:15:00,2.30112,2.30225,2.30108,2.30221,157
2025-09-19 03:20:00,2.30222,2.30282,2.302,2.30209,172
2025-09-19 03:25:00,2.30208,2.30273,2.30204,2.30248,186
2025-09-19 03:30:00,2.30247,2.30302,2.30245,2.30253,176
2025-09-19 03:35:00,2.30249,2.30259,2.3019,2.30195,127
2025-09-19 03:40:00,2.30197,2.30238,2.3019,2.30229,166
2025-09-19 03:45:00,2.3023,2.3023,2.30139,2.30139,125
2025-09-19 03:50:00,2.3014,2.30152,2.30102,2.30134,267
2025-09-19 03:55:00,2.30138,2.30225,2.30131,2.30212,208
2025-09-19 04:00:00,2.30208,2.30259,2.30185,2.30208,215
2025-09-19 04:05:00,2.3021,2.3025,2.30193,2.3021599999999998,161
2025-09-19 04:10:00,2.3021599999999998,2.30321,2.3021599999999998,2.3028399999999998,161
2025-09-19 04:15:00,2.30286,2.30312,2.30236,2.30237,198
2025-09-19 04:20:00,2.30236,2.30243,2.30158,2.3017,195
2025-09-19 04:25:00,2.30168,2.30208,2.30165,2.3019600000000002,196
2025-09-19 04:30:00,2.30198,2.30253,2.30128,2.30157,278
2025-09-19 04:35:00,2.30161,2.30245,2.30137,2.30234,203
2025-09-19 04:40:00,2.30235,2.30306,2.3022,2.30283,193
2025-09-19 04:45:00,2.30285,2.30403,2.30285,2.30328,323
2025-09-19 04:50:00,2.30326,2.30433,2.30311,2.30376,285
2025-09-19 04:55:00,2.30375,2.3037900000000002,2.30307,2.30372,235
2025-09-19 05:00:00,2.30374,2.3038600000000002,2.3032,2.3034499999999998,244
2025-09-19 05:05:00,2.30343,2.30367,2.30265,2.30275,196
2025-09-19 05:10:00,2.3027699999999998,2.3028,2.30202,2.30225,188
2025-09-19 05:15:00,2.30229,2.30232,2.30148,2.3016199999999998,155
2025-09-19 05:20:00,2.3016199999999998,2.3016199999999998,2.30048,2.3008100000000002,193
2025-09-19 05:25:00,2.30079,2.30109,2.30068,2.3009,134
2025-09-19 05:30:00,2.30092,2.30131,2.30084,2.30108,182
2025-09-19 05:35:00,2.30106,2.30132,2.30085,2.3009399999999998,208
2025-09-19 05:40:00,2.30091,2.3014,2.30067,2.30111,164
2025-09-19 05:45:00,2.30112,2.30161,2.30104,2.30147,192
2025-09-19 05:50:00,2.30149,2.30189,2.3014,2.30157,124
2025-09-19 05:55:00,2.3016,2.30245,2.30153,2.30214,180
2025-09-19 06:00:00,2.30217,2.30224,2.30157,2.3018,198
2025-09-19 06:05:00,2.30182,2.30234,2.3016199999999998,2.30234,173
2025-09-19 06:10:00,2.30232,2.3026,2.30204,2.30215,171
2025-09-19 06:15:00,2.30214,2.30271,2.30201,2.30247,166
2025-09-19 06:20:00,2.30251,2.30311,2.30234,2.30307,216
2025-09-19 06:25:00,2.30309,2.30317,2.30269,2.30297,228
2025-09-19 06:30:00,2.30295,2.30319,2.30265,2.30316,240
2025-09-19 06:35:00,2.30313,2.3033,2.30286,2.30286,213
2025-09-19 06:40:00,2.30288,2.30315,2.30273,2.30296,176
2025-09-19 06:45:00,2.30295,2.30387,2.3026400000000002,2.3036,427
2025-09-19 06:50:00,2.30362,2.30428,2.30339,2.30411,386
2025-09-19 06:55:00,2.3041,2.3052,2.30389,2.30421,381
2025-09-19 07:00:00,2.30425,2.30497,2.3038600000000002,2.30492,351
2025-09-19 07:05:00,2.30484,2.30503,2.30422,2.30461,338
2025-09-19 07:10:00,2.30459,2.30531,2.30431,2.30524,314
2025-09-19 07:15:00,2.30525,2.30625,2.30517,2.30614,276
2025-09-19 07:20:00,2.30613,2.3062300000000002,2.30495,2.30502,291
2025-09-19 07:25:00,2.30506,2.30626,2.30502,2.30614,270
2025-09-19 07:30:00,2.30617,2.30692,2.30586,2.30677,253
2025-09-19 07:35:00,2.3068,2.30732,2.30673,2.30726,206
2025-09-19 07:40:00,2.30741,2.30769,2.307,2.30728,233
2025-09-19 07:45:00,2.30729,2.30729,2.30652,2.30663,222
2025-09-19 07:50:00,2.30665,2.3069100000000002,2.3063000000000002,2.3067,215
2025-09-19 07:55:00,2.30668,2.30707,2.30639,2.3068,222
2025-09-19 08:00:00,2.30681,2.30698,2.30636,2.30655,215
2025-09-19 08:05:00,2.30653,2.30682,2.30641,2.30664,232
2025-09-19 08:10:00,2.30662,2.30746,2.3064,2.30737,205
2025-09-19 08:15:00,2.30739,2.30766,2.30726,2.30736,176
2025-09-19 08:20:00,2.30735,2.30837,2.30732,2.3081,194
2025-09-19 08:25:00,2.30817,2.30825,2.30756,2.30808,192
2025-09-19 08:30:00,2.3081,2.3082,2.30719,2.30721,206
2025-09-19 08:35:00,2.30716,2.30741,2.30699,2.30729,216
2025-09-19 08:40:00,2.30728,2.30793,2.30715,2.3075,214
2025-09-19 08:45:00,2.30746,2.30785,2.30739,2.30785,141
2025-09-19 08:50:00,2.30785,2.30791,2.3073,2.30788,212
2025-09-19 08:55:00,2.30787,2.30797,2.30724,2.3074500000000002,265
2025-09-19 09:00:00,2.30763,2.30837,2.30664,2.30705,453
2025-09-19 09:05:00,2.3071099999999998,2.30716,2.30575,2.30652,380
2025-09-19 09:10:00,2.3066,2.30692,2.30477,2.30487,420
2025-09-19 09:15:00,2.3049,2.30553,2.30474,2.30518,314
2025-09-19 09:20:00,2.3052099999999998,2.30533,2.30388,2.30526,424
2025-09-19 09:25:00,2.30527,2.30545,2.30363,2.30389,339
2025-09-19 09:30:00,2.3039,2.3048,2.30352,2.3044700000000002,491
2025-09-19 09:35:00,2.30446,2.30597,2.30441,2.30464,484
2025-09-19 09:40:00,2.30462,2.30511,2.30385,2.30409,431
2025-09-19 09:45:00,2.30403,2.30469,2.30354,2.30434,333
2025-09-19 09:50:00,2.30435,2.30494,2.30427,2.30441,476
2025-09-19 09:55:00,2.30443,2.30477,2.30403,2.30404,362
2025-09-19 10:00:00,2.304,2.30427,2.30085,2.30125,566
2025-09-19 10:05:00,2.30108,2.30124,2.29992,2.30051,456
2025-09-19 10:10:00,2.30052,2.30052,2.29948,2.29989,455
2025-09-19 10:15:00,2.2999,2.29996,2.2984999999999998,2.29867,463
2025-09-19 10:20:00,2.29867,2.29874,2.29813,2.29853,394
2025-09-19 10:25:00,2.29855,2.2995900000000002,2.29821,2.299,384
2025-09-19 10:30:00,2.29896,2.29908,2.2977,2.29817,341
2025-09-19 10:35:00,2.2982,2.29849,2.29785,2.29804,361
2025-09-19 10:40:00,2.29803,2.29849,2.29699,2.29714,304
2025-09-19 10:45:00,2.29712,2.29738,2.29646,2.29691,325
2025-09-19 10:50:00,2.29694,2.29729,2.2964,2.29714,319
2025-09-19 10:55:00,2.29717,2.29757,2.29634,2.29751,391
2025-09-19 11:00:00,2.29755,2.29846,2.29743,2.29801,356
2025-09-19 11:05:00,2.298,2.29881,2.29736,2.29872,344
2025-09-19 11:10:00,2.29872,2.29915,2.29845,2.29856,264
2025-09-19 11:15:00,2.29859,2.29866,2.29785,2.2982,268
2025-09-19 11:20:00,2.29818,2.29865,2.29814,2.29832,221
2025-09-19 11:25:00,2.2983000000000002,2.29846,2.29791,2.29824,278
2025-09-19 11:30:00,2.29825,2.29839,2.29773,2.29792,366
2025-09-19 11:35:00,2.29793,2.29865,2.2978899999999998,2.29801,289
2025-09-19 11:40:00,2.298,2.29823,2.2976,2.29796,240
2025-09-19 11:45:00,2.29794,2.29801,2.29726,2.29763,220
2025-09-19 11:50:00,2.29761,2.29808,2.2974,2.29805,220
2025-09-19 11:55:00,2.29804,2.29822,2.29687,2.29694,305
2025-09-19 12:00:00,2.29682,2.29697,2.29633,2.29679,343
2025-09-19 12:05:00,2.29682,2.29733,2.2964700000000002,2.29711,294
2025-09-19 12:10:00,2.2971,2.29741,2.29656,2.29677,283
2025-09-19 12:15:00,2.29686,2.29772,2.29659,2.2975,239
2025-09-19 12:20:00,2.29741,2.29764,2.29726,2.29759,167
2025-09-19 12:25:00,2.29757,2.2978,2.29694,2.29732,243
2025-09-19 12:30:00,2.2972799999999998,2.29766,2.29694,2.29755,255
2025-09-19 12:35:00,2.29747,2.2978899999999998,2.2972799999999998,2.29787,242
2025-09-19 12:40:00,2.2978199999999998,2.29799,2.29731,2.29772,226
2025-09-19 12:45:00,2.29771,2.29778,2.29701,2.29738,247
2025-09-19 12:50:00,2.29739,2.2982,2.29675,2.29819,311
2025-09-19 12:55:00,2.29818,2.29836,2.29767,2.29836,296
2025-09-19 13:00:00,2.29836,2.29839,2.29771,2.29811,311
2025-09-19 13:05:00,2.2981,2.29841,2.298,2.29805,197
2025-09-19 13:10:00,2.29807,2.29824,2.29746,2.29746,243
2025-09-19 13:15:00,2.29744,2.29754,2.29679,2.29712,171
2025-09-19 13:20:00,2.2971,2.2976,2.29686,2.29717,174
2025-09-19 13:25:00,2.29719,2.29735,2.2968,2.29723,186
2025-09-19 13:30:00,2.2972099999999998,2.29778,2.29716,2.29772,183
2025-09-19 13:35:00,2.29773,2.29835,2.29759,2.29835,150
2025-09-19 13:40:00,2.29834,2.29855,2.29804,2.29845,184
2025-09-19 13:45:00,2.29844,2.29879,2.2978,2.29801,185
2025-09-19 13:50:00,2.29799,2.29809,2.29763,2.2976900000000002,217
2025-09-19 13:55:00,2.29759,2.2979,2.2969,2.2971500000000002,320
2025-09-19 14:00:00,2.2972,2.29742,2.29646,2.29696,398
2025-09-19 14:05:00,2.29697,2.29778,2.29638,2.29725,293
2025-09-19 14:10:00,2.29723,2.29831,2.2972,2.2983000000000002,211
2025-09-19 14:15:00,2.29829,2.29863,2.29764,2.29764,215
2025-09-19 14:20:00,2.29763,2.29812,2.29747,2.29804,212
2025-09-19 14:25:00,2.29805,2.29872,2.29803,2.29848,233
2025-09-19 14:30:00,2.29849,2.29875,2.29814,2.29858,199
2025-09-19 14:35:00,2.29861,2.29924,2.29859,2.29872,223
2025-09-19 14:40:00,2.29873,2.29876,2.29802,2.29846,323
2025-09-19 14:45:00,2.29848,2.29852,2.298,2.29851,340
2025-09-19 14:50:00,2.29852,2.29882,2.29803,2.2987,315
2025-09-19 14:55:00,2.29867,2.2994,2.29806,2.29917,445
2025-09-19 15:00:00,2.29919,2.30002,2.29849,2.2999,450
2025-09-19 15:05:00,2.3,2.30023,2.29967,2.30003,348
2025-09-19 15:10:00,2.30001,2.3001,2.29866,2.29892,331
2025-09-19 15:15:00,2.2989100000000002,2.29918,2.29847,2.29865,318
2025-09-19 15:20:00,2.29866,2.29933,2.29833,2.29919,333
2025-09-19 15:25:00,2.29921,2.29946,2.29852,2.29856,360
2025-09-19 15:30:00,2.29859,2.29931,2.29859,2.29916,399
2025-09-19 15:35:00,2.29917,2.29985,2.29906,2.29985,370
2025-09-19 15:40:00,2.29983,2.30035,2.29963,2.30004,323
2025-09-19 15:45:00,2.30003,2.30009,2.29885,2.29905,331
2025-09-19 15:50:00,2.2990399999999998,2.29935,2.29862,2.2987,348
2025-09-19 15:55:00,2.2988,2.29918,2.29866,2.29896,393
2025-09-19 16:00:00,2.29894,2.29906,2.29802,2.2986,403
2025-09-19 16:05:00,2.29849,2.29965,2.29836,2.29963,384
2025-09-19 16:10:00,2.29961,2.29999,2.2992,2.29969,421
2025-09-19 16:15:00,2.2997,2.30053,2.29949,2.30052,439
2025-09-19 16:20:00,2.3005,2.30089,2.30008,2.30025,391
2025-09-19 16:25:00,2.30019,2.30078,2.29975,2.30055,402
2025-09-19 16:30:00,2.30054,2.30173,2.30046,2.30138,463
2025-09-19 16:35:00,2.30136,2.30154,2.301,2.3014200000000002,439
2025-09-19 16:40:00,2.30141,2.30213,2.30099,2.30198,384
2025-09-19 16:45:00,2.30189,2.30218,2.3015,2.30177,402
2025-09-19 16:50:00,2.30182,2.3019,2.30127,2.30166,409
2025-09-19 16:55:00,2.30167,2.30197,2.30115,2.30158,402
2025-09-19 17:00:00,2.30173,2.30222,2.3016,2.30193,495
2025-09-19 17:05:00,2.30192,2.30271,2.30176,2.30229,515
2025-09-19 17:10:00,2.30233,2.30312,2.3022299999999998,2.3028,443
2025-09-19 17:15:00,2.30275,2.30375,2.3026,2.30352,437
2025-09-19 17:20:00,2.30363,2.30363,2.30269,2.30274,429
2025-09-19 17:25:00,2.30273,2.30289,2.30232,2.30275,380
2025-09-19 17:30:00,2.30272,2.30283,2.30214,2.30231,354
2025-09-19 17:35:00,2.30231,2.303,2.3023,2.30262,337
2025-09-19 17:40:00,2.3026,2.30292,2.30189,2.3019,382
2025-09-19 17:45:00,2.30193,2.30213,2.30138,2.30147,428
2025-09-19 17:50:00,2.3015,2.30168,2.30051,2.30089,566
2025-09-19 17:55:00,2.30088,2.30146,2.29988,2.30005,615
2025-09-19 18:00:00,2.30004,2.30115,2.29991,2.30114,505
2025-09-19 18:05:00,2.30107,2.30161,2.30099,2.30119,487
2025-09-19 18:10:00,2.30118,2.3013,2.30062,2.30067,457
2025-09-19 18:15:00,2.30069,2.30111,2.30041,2.3008100000000002,378
2025-09-19 18:20:00,2.30084,2.3013500000000002,2.30076,2.30124,370
2025-09-19 18:25:00,2.30123,2.30123,2.3008,2.30111,362
2025-09-19 18:30:00,2.3012,2.3015,2.3009,2.30095,412
2025-09-19 18:35:00,2.3009399999999998,2.30148,2.30088,2.30116,335
2025-09-19 18:40:00,2.30114,2.3013,2.3008100000000002,2.30129,359
2025-09-19 18:45:00,2.30128,2.3013,2.30041,2.30073,271
2025-09-19 18:50:00,2.3007400000000002,2.30118,2.30069,2.30096,260
2025-09-19 18:55:00,2.30098,2.30182,2.3009399999999998,2.30169,327
2025-09-19 19:00:00,2.30167,2.3018,2.30055,2.3007,270
2025-09-19 19:05:00,2.30069,2.30087,2.30037,2.30041,228
2025-09-19 19:10:00,2.30043,2.30066,2.30011,2.30051,254
2025-09-19 19:15:00,2.30053,2.30084,2.29987,2.30021,234
2025-09-19 19:20:00,2.3002000000000002,2.30054,2.3001300000000002,2.30045,207
2025-09-19 19:25:00,2.30044,2.30052,2.30003,2.30035,203
2025-09-19 19:30:00,2.30034,2.30085,2.30034,2.3005,244
2025-09-19 19:35:00,2.3005,2.3008100000000002,2.30038,2.30077,165
2025-09-19 19:40:00,2.30075,2.30088,2.3002000000000002,2.3004,246
2025-09-19 19:45:00,2.3004,2.3004,2.29978,2.30003,248
2025-09-19 19:50:00,2.30004,2.30032,2.29979,2.30009,195
2025-09-19 19:55:00,2.30011,2.30117,2.30003,2.3009399999999998,322
2025-09-19 20:00:00,2.30095,2.30108,2.30049,2.3009399999999998,271
2025-09-19 20:05:00,2.30096,2.30122,2.30084,2.30092,225
2025-09-19 20:10:00,2.30091,2.30108,2.3001,2.30039,209
2025-09-19 20:15:00,2.30041,2.30058,2.30026,2.30032,189
2025-09-19 20:20:00,2.3003299999999998,2.3004,2.30008,2.30031,176
2025-09-19 20:25:00,2.3003299999999998,2.30046,2.29987,2.29991,205
2025-09-19 20:30:00,2.29989,2.30014,2.2997,2.30005,171
2025-09-19 20:35:00,2.30007,2.30063,2.30006,2.30049,153
2025-09-19 20:40:00,2.30048,2.30077,2.3003,2.30051,129
2025-09-19 20:45:00,2.30049,2.3009399999999998,2.30031,2.30073,197
2025-09-19 20:50:00,2.30075,2.30097,2.30053,2.30064,200
2025-09-19 20:55:00,2.30065,2.30085,2.30042,2.30045,206
2025-09-19 21:00:00,2.30048,2.30054,2.30002,2.30029,320
2025-09-19 21:05:00,2.30027,2.30031,2.30002,2.30024,162
2025-09-19 21:10:00,2.30025,2.30038,2.3001300000000002,2.30021,163
2025-09-19 21:15:00,2.30023,2.30047,2.30015,2.30045,131
2025-09-19 21:20:00,2.30039,2.30052,2.30006,2.3003299999999998,135
2025-09-19 21:25:00,2.3003,2.30049,2.30016,2.3003,184
2025-09-19 21:30:00,2.30034,2.30041,2.30014,2.3003,130
2025-09-19 21:35:00,2.30032,2.30042,2.30016,2.30016,137
2025-09-19 21:40:00,2.30017,2.3003299999999998,2.29966,2.29989,145
2025-09-19 21:45:00,2.29991,2.3,2.29962,2.29978,168
2025-09-19 21:50:00,2.29979,2.29986,2.29935,2.29967,197
2025-09-19 21:55:00,2.29966,2.29974,2.29899,2.29931,239
2025-09-19 22:00:00,2.29931,2.29931,2.29874,2.29885,209
2025-09-19 22:05:00,2.29882,2.29906,2.29862,2.29883,159
2025-09-19 22:10:00,2.29881,2.29908,2.29878,2.29878,204
2025-09-19 22:15:00,2.29883,2.29901,2.29876,2.29899,185
2025-09-19 22:20:00,2.299,2.2990399999999998,2.2987,2.29871,148
2025-09-19 22:25:00,2.29869,2.2989,2.2986,2.2989,137
2025-09-19 22:30:00,2.29888,2.29916,2.29878,2.29906,159
2025-09-19 22:35:00,2.29907,2.29924,2.2988,2.29882,212
2025-09-19 22:40:00,2.29881,2.2989100000000002,2.29862,2.29872,161
2025-09-19 22:45:00,2.29873,2.29933,2.29864,2.29918,158
2025-09-19 22:50:00,2.29919,2.29967,2.29919,2.29967,189
2025-09-19 22:55:00,2.29967,2.29987,2.29946,2.29985,237
2025-09-19 23:00:00,2.29914,2.29937,2.29901,2.2991099999999998,212
2025-09-19 23:05:00,2.2991,2.29949,2.29897,2.29937,167
2025-09-19 23:10:00,2.29933,2.29976,2.29931,2.29971,182
2025-09-19 23:15:00,2.2997,2.30019,2.2997,2.29993,198
2025-09-19 23:20:00,2.29991,2.29991,2.29944,2.29967,128
2025-09-19 23:25:00,2.2997,2.30003,2.29967,2.29997,188
2025-09-19 23:30:00,2.30001,2.30051,2.29982,2.29983,300
2025-09-19 23:35:00,2.29982,2.30019,2.2996,2.30017,270
2025-09-19 23:40:00,2.30015,2.30035,2.29984,2.30018,277
2025-09-19 23:45:00,2.30019,2.30035,2.29966,2.2997199999999998,251
2025-09-19 23:50:00,2.29978,2.30002,2.29907,2.29919,243
2025-09-19 23:55:00,2.29918,2.29932,2.2960599999999998,2.29651,198
2025-09-22 00:00:00,2.29322,2.29322,2.28963,2.29101,3
2025-09-22 00:05:00,2.29376,2.29378,2.2916,2.29206,54
2025-09-22 00:10:00,2.29206,2.29216,2.29193,2.29204,35
2025-09-22 00:15:00,2.29204,2.29244,2.29192,2.29208,37
2025-09-22 00:20:00,2.29206,2.29238,2.29204,2.2921,23
2025-09-22 00:25:00,2.2921,2.2923,2.29184,2.29226,18
2025-09-22 00:30:00,2.29218,2.29494,2.2916,2.2947699999999998,142
2025-09-22 00:35:00,2.29478,2.2953799999999998,2.29469,2.29487,139
2025-09-22 00:40:00,2.29482,2.296,2.2947699999999998,2.29594,424
2025-09-22 00:45:00,2.29602,2.29614,2.29498,2.29591,186
2025-09-22 00:50:00,2.29585,2.29658,2.2953200000000002,2.29656,114
2025-09-22 00:55:00,2.2966699999999998,2.29842,2.29589,2.29603,67
2025-09-22 01:00:00,2.29725,2.29869,2.2951,2.29867,182
2025-09-22 01:05:00,2.29866,2.29926,2.29852,2.29869,120
2025-09-22 01:10:00,2.29867,2.29912,2.29864,2.29892,81
2025-09-22 01:15:00,2.29893,2.29894,2.2984299999999998,2.29882,74
2025-09-22 01:20:00,2.29879,2.29903,2.29856,2.2988,108
2025-09-22 01:25:00,2.29882,2.29954,2.2986,2.29878,75
2025-09-22 01:30:00,2.29877,2.2992,2.29859,2.29859,102
2025-09-22 01:35:00,2.2986,2.29923,2.29854,2.29878,73
2025-09-22 01:40:00,2.29878,2.29895,2.29862,2.29863,76
2025-09-22 01:45:00,2.29864,2.29918,2.29841,2.29846,50
2025-09-22 01:50:00,2.29845,2.29907,2.29819,2.2984999999999998,63
2025-09-22 01:55:00,2.29847,2.29913,2.29847,2.29906,137
2025-09-22 02:00:00,2.29917,2.29998,2.29917,2.29994,52
2025-09-22 02:05:00,2.29996,2.3001,2.29971,2.29989,72
2025-09-22 02:10:00,2.29988,2.30045,2.29978,2.3001300000000002,84
2025-09-22 02:15:00,2.30023,2.30028,2.29964,2.29998,83
2025-09-22 02:20:00,2.29997,2.30057,2.29996,2.29996,83
2025-09-22 02:25:00,2.29997,2.30059,2.29993,2.30047,89
2025-09-22 02:30:00,2.30046,2.30088,2.30039,2.30082,112
2025-09-22 02:35:00,2.30085,2.30091,2.30063,2.30065,89
2025-09-22 02:40:00,2.30058,2.30125,2.30053,2.30112,90
2025-09-22 02:45:00,2.30113,2.30123,2.3008100000000002,2.30112,131
2025-09-22 02:50:00,2.3011,2.30125,2.30095,2.30114,125
2025-09-22 02:55:00,2.30116,2.30118,2.30085,2.30096,244
2025-09-22 03:00:00,2.30097,2.30194,2.3003,2.3007,276
2025-09-22 03:05:00,2.30071,2.3008,2.29996,2.30055,210
2025-09-22 03:10:00,2.30054,2.30054,2.29879,2.29899,240
2025-09-22 03:15:00,2.299,2.29932,2.2987,2.29906,213
2025-09-22 03:20:00,2.29902,2.29924,2.29883,2.29884,184
2025-09-22 03:25:00,2.29883,2.29954,2.29882,2.29936,177
2025-09-22 03:30:00,2.29937,2.30006,2.29936,2.30003,184
2025-09-22 03:35:00,2.30004,2.30006,2.29942,2.29991,150
2025-09-22 03:40:00,2.2999,2.30075,2.2999,2.30051,126
2025-09-22 03:45:00,2.3005,2.30099,2.30042,2.3008,211
2025-09-22 03:50:00,2.30084,2.3017,2.30052,2.3017,210
2025-09-22 03:55:00,2.30165,2.30214,2.30118,2.3020300000000002,311
2025-09-22 04:00:00,2.30205,2.30245,2.3017,2.30198,427
2025-09-22 04:05:00,2.3019600000000002,2.3019600000000002,2.30091,2.30161,279
2025-09-22 04:10:00,2.30163,2.30204,2.30144,2.30182,263
2025-09-22 04:15:00,2.30183,2.30255,2.30167,2.30234,229
2025-09-22 04:20:00,2.30235,2.30291,2.30222,2.3025,168
2025-09-22 04:25:00,2.30244,2.30254,2.30208,2.30249,221
2025-09-22 04:30:00,2.3025700000000002,2.3031800000000002,2.30206,2.30243,295
2025-09-22 04:35:00,2.30241,2.30244,2.30167,2.30172,303
2025-09-22 04:40:00,2.30172,2.30198,2.30106,2.30148,274
2025-09-22 04:45:00,2.30144,2.30163,2.30113,2.30152,253
2025-09-22 04:50:00,2.3015,2.30192,2.3013500000000002,2.30148,267
2025-09-22 04:55:00,2.30147,2.30154,2.30064,2.30069,196
2025-09-22 05:00:00,2.30068,2.30118,2.30024,2.30098,233
2025-09-22 05:05:00,2.30096,2.30147,2.30036,2.30042,223
2025-09-22 05:10:00,2.30038,2.30055,2.2999,2.30008,241
2025-09-22 05:15:00,2.3001,2.30014,2.29949,2.2995900000000002,230
2025-09-22 05:20:00,2.29961,2.29978,2.29943,2.2997,167
2025-09-22 05:25:00,2.29966,2.29993,2.29916,2.29928,194
2025-09-22 05:30:00,2.2992,2.29937,2.29887,2.29931,216
2025-09-22 05:35:00,2.29933,2.29986,2.29923,2.29936,184
2025-09-22 05:40:00,2.29937,2.29937,2.29878,2.2992,202
2025-09-22 05:45:00,2.29919,2.2995200000000002,2.29872,2.29888,195
2025-09-22 05:50:00,2.29884,2.29903,2.29821,2.29821,196
2025-09-22 05:55:00,2.29823,2.2983700000000002,2.29781,2.29792,196
2025-09-22 06:00:00,2.2979,2.29794,2.29746,2.29759,194
2025-09-22 06:05:00,2.29761,2.29805,2.29759,2.2979,173
2025-09-22 06:10:00,2.29792,2.29801,2.29739,2.2974,142
2025-09-22 06:15:00,2.29733,2.29785,2.29733,2.29751,154
2025-09-22 06:20:00,2.29751,2.29773,2.29741,2.29764,106
2025-09-22 06:25:00,2.29762,2.29766,2.29737,2.29748,121
2025-09-22 06:30:00,2.2975,2.29811,2.29737,2.29806,116
2025-09-22 06:35:00,2.29808,2.29844,2.29801,2.29828,135
2025-09-22 06:40:00,2.29833,2.29833,2.29761,2.29791,123
2025-09-22 06:45:00,2.29794,2.29803,2.29748,2.29754,109
2025-09-22 06:50:00,2.29756,2.29762,2.2968,2.2969,111
2025-09-22 06:55:00,2.29688,2.297,2.29665,2.29694,143
2025-09-22 07:00:00,2.29693,2.29719,2.29671,2.29691,184
2025-09-22 07:05:00,2.29691,2.297,2.2966699999999998,2.29671,109
2025-09-22 07:10:00,2.29669,2.29685,2.2965,2.2965400000000002,134
2025-09-22 07:15:00,2.29658,2.2971,2.29658,2.29683,60
2025-09-22 07:20:00,2.29681,2.29697,2.29661,2.29661,132
2025-09-22 07:25:00,2.29665,2.2972,2.29664,2.2967,150
2025-09-22 07:30:00,2.29666,2.29746,2.29641,2.29723,111
2025-09-22 07:35:00,2.29724,2.29737,2.29697,2.29725,81
2025-09-22 07:40:00,2.29723,2.2973,2.29682,2.29698,87
2025-09-22 07:45:00,2.29688,2.29714,2.29661,2.29714,133
2025-09-22 07:50:00,2.29716,2.29716,2.29671,2.29687,107
2025-09-22 07:55:00,2.29686,2.29711,2.29625,2.29705,183
2025-09-22 08:00:00,2.29703,2.2975,2.29693,2.29746,149
2025-09-22 08:05:00,2.29743,2.29799,2.29733,2.29793,144
2025-09-22 08:10:00,2.29792,2.29813,2.29788,2.29801,94
2025-09-22 08:15:00,2.29796,2.29806,2.29754,2.29791,131
2025-09-22 08:20:00,2.29787,2.29821,2.29771,2.29813,128
2025-09-22 08:25:00,2.29815,2.2984,2.298,2.29823,147
2025-09-22 08:30:00,2.29829,2.29865,2.29811,2.29861,108
2025-09-22 08:35:00,2.29862,2.2991099999999998,2.29831,2.29894,134
2025-09-22 08:40:00,2.29895,2.29939,2.29887,2.29913,156
2025-09-22 08:45:00,2.29915,2.3,2.29903,2.29946,140
2025-09-22 08:50:00,2.2994,2.29965,2.29903,2.2995,170
2025-09-22 08:55:00,2.29945,2.30019,2.2994,2.30008,197
2025-09-22 09:00:00,2.30009,2.3007400000000002,2.29992,2.30018,332
2025-09-22 09:05:00,2.30021,2.30118,2.30008,2.30053,283
2025-09-22 09:10:00,2.30055,2.30184,2.30055,2.30143,261
2025-09-22 09:15:00,2.30144,2.30222,2.30144,2.30209,230
2025-09-22 09:20:00,2.30213,2.3026,2.302,2.30253,280
2025-09-22 09:25:00,2.30255,2.303,2.30234,2.30272,344
2025-09-22 09:30:00,2.30273,2.3028399999999998,2.30186,2.30221,268
2025-09-22 09:35:00,2.30225,2.30232,2.30168,2.3022299999999998,293
2025-09-22 09:40:00,2.3022299999999998,2.30271,2.30217,2.30254,235
2025-09-22 09:45:00,2.30253,2.30261,2.30195,2.30211,265
2025-09-22 09:50:00,2.30209,2.3023,2.30183,2.30208,212
2025-09-22 09:55:00,2.3021,2.30253,2.3015,2.30242,427
2025-09-22 10:00:00,2.30252,2.3039,2.30251,2.30369,407
2025-09-22 10:05:00,2.30371,2.30455,2.30363,2.3045,340
2025-09-22 10:10:00,2.30451,2.30502,2.30417,2.30431,300
2025-09-22 10:15:00,2.30433,2.30601,2.30375,2.30598,325
2025-09-22 10:20:00,2.30596,2.306,2.3051,2.30544,291
2025-09-22 10:25:00,2.30545,2.30567,2.30461,2.30484,413
2025-09-22 10:30:00,2.30478,2.3050100000000002,2.30384,2.30446,310
2025-09-22 10:35:00,2.30444,2.30507,2.30388,2.30418,348
2025-09-22 10:40:00,2.30416,2.30533,2.30405,2.30514,288
2025-09-22 10:45:00,2.30516,2.30543,2.3049,2.3054,259
2025-09-22 10:50:00,2.30545,2.30546,2.30458,2.3050800000000002,235
2025-09-22 10:55:00,2.3051,2.30601,2.30496,2.30585,275
2025-09-22 11:00:00,2.3058199999999998,2.30613,2.30498,2.30502,319
2025-09-22 11:05:00,2.305,2.3054,2.30459,2.30536,380
2025-09-22 11:10:00,2.30534,2.30601,2.30461,2.30463,359
2025-09-22 11:15:00,2.30468,2.30533,2.3044700000000002,2.30504,359
2025-09-22 11:20:00,2.3051,2.30522,2.30438,2.30519,334
2025-09-22 11:25:00,2.3052099999999998,2.30537,2.30495,2.30525,304
2025-09-22 11:30:00,2.30522,2.30545,2.30488,2.30507,278
2025-09-22 11:35:00,2.3050800000000002,2.30557,2.30454,2.30454,286
2025-09-22 11:40:00,2.30453,2.30487,2.30435,2.30454,230
2025-09-22 11:45:00,2.30456,2.30486,2.30373,2.30405,223
2025-09-22 11:50:00,2.30404,2.30424,2.30354,2.30372,217
2025-09-22 11:55:00,2.3037,2.30412,2.30315,2.30323,262
2025-09-22 12:00:00,2.30323,2.30417,2.30316,2.30355,300
2025-09-22 12:05:00,2.30355,2.30359,2.30272,2.3028399999999998,240
2025-09-22 12:10:00,2.30289,2.3029,2.3022299999999998,2.30253,239
2025-09-22 12:15:00,2.30245,2.30254,2.30212,2.3022,226
2025-09-22 12:20:00,2.30212,2.30244,2.30186,2.30208,212
2025-09-22 12:25:00,2.30206,2.30308,2.30206,2.30294,237
2025-09-22 12:30:00,2.3029,2.30316,2.30208,2.30239,279
2025-09-22 12:35:00,2.30241,2.30286,2.30219,2.30286,217
2025-09-22 12:40:00,2.30285,2.30342,2.30282,2.30311,182
2025-09-22 12:45:00,2.30302,2.30324,2.30283,2.30299,197
2025-09-22 12:50:00,2.30292,2.30332,2.30279,2.30332,234
2025-09-22 12:55:00,2.30329,2.30394,2.30316,2.30365,312
2025-09-22 13:00:00,2.30363,2.30377,2.30295,2.30317,283
2025-09-22 13:05:00,2.30315,2.30344,2.30307,2.30327,283
2025-09-22 13:10:00,2.30328,2.30356,2.303,2.3032500000000002,230
2025-09-22 13:15:00,2.30324,2.30337,2.30288,2.30306,219
2025-09-22 13:20:00,2.30309,2.30374,2.30292,2.30308,221
2025-09-22 13:25:00,2.30308,2.3037,2.30304,2.3037,260
2025-09-22 13:30:00,2.30372,2.30407,2.30346,2.30359,260
2025-09-22 13:35:00,2.30358,2.30361,2.30313,2.30358,183
2025-09-22 13:40:00,2.30354,2.30405,2.30349,2.3039899999999998,191
2025-09-22 13:45:00,2.30401,2.30428,2.30378,2.30384,186
2025-09-22 13:50:00,2.30383,2.30427,2.30367,2.3037900000000002,206
2025-09-22 13:55:00,2.30384,2.30434,2.30375,2.30423,278
2025-09-22 14:00:00,2.30431,2.30433,2.30349,2.30351,256
2025-09-22 14:05:00,2.30353,2.30381,2.30321,2.30342,205
2025-09-22 14:10:00,2.30335,2.30372,2.30316,2.30355,181
2025-09-22 14:15:00,2.30355,2.3040599999999998,2.30337,2.30402,196
2025-09-22 14:20:00,2.304,2.30423,2.30348,2.30357,210
2025-09-22 14:25:00,2.30351,2.30377,2.30293,2.30301,193
2025-09-22 14:30:00,2.30301,2.3031,2.30274,2.30274,219
2025-09-22 14:35:00,2.30275,2.30322,2.3026,2.30296,184
2025-09-22 14:40:00,2.30294,2.30296,2.3023,2.3026,182
2025-09-22 14:45:00,2.30262,2.3032,2.30237,2.30261,205
2025-09-22 14:50:00,2.3026400000000002,2.30287,2.30218,2.30261,255
2025-09-22 14:55:00,2.30259,2.30296,2.30225,2.30244,275
2025-09-22 15:00:00,2.30243,2.3028399999999998,2.30143,2.30158,336
2025-09-22 15:05:00,2.30159,2.30292,2.30159,2.30289,276
2025-09-22 15:10:00,2.30291,2.30367,2.30291,2.30358,283
2025-09-22 15:15:00,2.30358,2.30387,2.30309,2.30331,308
2025-09-22 15:20:00,2.30332,2.30365,2.30324,2.30344,272
2025-09-22 15:25:00,2.30341,2.30351,2.30294,2.30315,212
2025-09-22 15:30:00,2.30316,2.30389,2.30307,2.3034,278
2025-09-22 15:35:00,2.30339,2.30408,2.30337,2.3038600000000002,335
2025-09-22 15:40:00,2.30389,2.30389,2.3031800000000002,2.3035,303
2025-09-22 15:45:00,2.30342,2.30428,2.30317,2.30324,325
2025-09-22 15:50:00,2.30327,2.30333,2.30256,2.30316,346
2025-09-22 15:55:00,2.30314,2.30502,2.30313,2.30403,448
2025-09-22 16:00:00,2.30394,2.3045999999999998,2.3032500000000002,2.30411,562
2025-09-22 16:05:00,2.30414,2.30443,2.30385,2.30425,383
2025-09-22 16:10:00,2.30429,2.30487,2.30416,2.30422,316
2025-09-22 16:15:00,2.30419,2.30477,2.30419,2.3047,314
2025-09-22 16:20:00,2.3046699999999998,2.30482,2.30412,2.30412,181
2025-09-22 16:55:00,2.30463,2.30472,2.30451,2.3047,39
2025-09-22 17:00:00,2.30466,2.30563,2.30464,2.3055,303
2025-09-22 17:05:00,2.30552,2.30607,2.30551,2.30583,296
2025-09-22 17:10:00,2.30583,2.30632,2.3056200000000002,2.30568,367
2025-09-22 17:15:00,2.30567,2.30626,2.30529,2.30565,333
2025-09-22 17:20:00,2.30564,2.30585,2.30499,2.30499,309
2025-09-22 17:25:00,2.30496,2.30538,2.3049,2.30505,301
2025-09-22 17:30:00,2.30505,2.30567,2.30488,2.30546,339
2025-09-22 17:35:00,2.30548,2.30596,2.30532,2.30563,359
2025-09-22 17:40:00,2.30565,2.3057,2.30513,2.30522,328
2025-09-22 17:45:00,2.30526,2.30568,2.305,2.30529,348
2025-09-22 17:50:00,2.3053,2.30568,2.30457,2.30499,376
2025-09-22 17:55:00,2.30498,2.30498,2.30288,2.30293,452
2025-09-22 18:00:00,2.30281,2.30306,2.30238,2.30265,364
2025-09-22 18:05:00,2.3027,2.30394,2.30265,2.30363,310
2025-09-22 18:10:00,2.30367,2.3038600000000002,2.30333,2.30344,248
2025-09-22 18:15:00,2.30351,2.30402,2.3033799999999998,2.30359,292
2025-09-22 18:20:00,2.3036,2.30369,2.3032,2.3032500000000002,230
2025-09-22 18:25:00,2.30323,2.30373,2.30315,2.3033,271
2025-09-22 18:30:00,2.30328,2.30359,2.3028,2.30354,280
2025-09-22 18:35:00,2.30353,2.30393,2.30293,2.30293,259
2025-09-22 18:40:00,2.30275,2.30275,2.3026400000000002,2.3026400000000002,3
2025-09-22 18:45:00,2.30304,2.30323,2.30288,2.30306,75
2025-09-22 18:50:00,2.30305,2.30382,2.30291,2.30374,234
2025-09-22 18:55:00,2.30371,2.3039899999999998,2.3035,2.30352,279
2025-09-22 19:00:00,2.30347,2.30382,2.30323,2.3034,246
2025-09-22 19:05:00,2.30365,2.30388,2.30337,2.3033799999999998,145
2025-09-22 19:10:00,2.30331,2.30375,2.30315,2.30359,321
2025-09-22 19:15:00,2.3036,2.30416,2.30329,2.30405,366
2025-09-22 19:20:00,2.30408,2.30455,2.3039,2.30403,344
2025-09-22 19:25:00,2.30407,2.30429,2.30331,2.30335,270
2025-09-22 19:30:00,2.30334,2.30358,2.30272,2.30272,232
2025-09-22 19:35:00,2.30271,2.30347,2.3025700000000002,2.30342,174
2025-09-22 19:40:00,2.3035,2.30362,2.30275,2.30278,178
2025-09-22 19:45:00,2.30276,2.30337,2.30275,2.30332,224
2025-09-22 19:50:00,2.30333,2.30369,2.30306,2.30335,255
2025-09-22 19:55:00,2.30336,2.30377,2.30327,2.30362,229
2025-09-22 20:00:00,2.30361,2.30365,2.30321,2.30328,244
2025-09-22 20:05:00,2.30324,2.30337,2.30288,2.30299,165
2025-09-22 20:10:00,2.3028399999999998,2.30303,2.30272,2.30297,150
2025-09-22 20:15:00,2.30298,2.30311,2.30291,2.30298,176
2025-09-22 20:20:00,2.303,2.30317,2.30262,2.30273,179
2025-09-22 20:25:00,2.30268,2.3027,2.30248,2.30253,168
2025-09-22 20:30:00,2.30263,2.30302,2.30242,2.30286,118
2025-09-22 20:35:00,2.30287,2.30308,2.3027699999999998,2.303,218
2025-09-22 20:40:00,2.30302,2.30346,2.30298,2.30319,213
2025-09-22 20:45:00,2.3032,2.30358,2.30288,2.30356,205
2025-09-22 20:50:00,2.30346,2.30354,2.30313,2.30332,203
2025-09-22 20:55:00,2.30331,2.30336,2.30293,2.30308,204
2025-09-22 21:00:00,2.30305,2.3032500000000002,2.3027699999999998,2.30295,239
2025-09-22 21:05:00,2.30296,2.30337,2.30283,2.3029,207
2025-09-22 21:10:00,2.30292,2.30317,2.30266,2.30299,201
2025-09-22 21:15:00,2.30301,2.30324,2.30283,2.3032,190
2025-09-22 21:20:00,2.30321,2.30329,2.30282,2.30282,132
2025-09-22 21:25:00,2.30282,2.30306,2.30279,2.30291,141
2025-09-22 21:30:00,2.30289,2.30312,2.3027,2.30288,192
2025-09-22 21:35:00,2.3029,2.30336,2.30282,2.30326,173
2025-09-22 21:40:00,2.3033,2.30337,2.30306,2.30315,176
2025-09-22 21:45:00,2.30313,2.30313,2.30281,2.30288,172
2025-09-22 21:50:00,2.3029,2.30302,2.3027,2.3029,164
2025-09-22 21:55:00,2.30288,2.30294,2.30245,2.3026400000000002,206
2025-09-22 22:00:00,2.30251,2.30272,2.30194,2.30224,198
2025-09-22 22:05:00,2.3022299999999998,2.30252,2.30211,2.30217,125
2025-09-22 22:10:00,2.30225,2.3027,2.3021599999999998,2.3026400000000002,96
2025-09-22 22:15:00,2.30261,2.30266,2.30236,2.30243,138
2025-09-22 22:20:00,2.30242,2.30242,2.30211,2.30228,82
2025-09-22 22:25:00,2.30226,2.30252,2.30214,2.30251,150
2025-09-22 22:30:00,2.30252,2.30265,2.30228,2.30239,130
2025-09-22 22:35:00,2.3024,2.30256,2.3019600000000002,2.30219,117
2025-09-22 22:40:00,2.30218,2.30233,2.30201,2.3023,150
2025-09-22 22:45:00,2.30232,2.30236,2.3019,2.30205,137
2025-09-22 22:50:00,2.30206,2.30227,2.3020300000000002,2.3022,94
2025-09-22 22:55:00,2.3022299999999998,2.30262,2.30215,2.30249,195
2025-09-22 23:00:00,2.30186,2.30191,2.3016,2.30189,167
2025-09-22 23:05:00,2.30188,2.30219,2.30175,2.30212,140
2025-09-22 23:10:00,2.30214,2.3023,2.30205,2.30214,131
2025-09-22 23:15:00,2.3021599999999998,2.3024,2.3021599999999998,2.30239,122
2025-09-22 23:20:00,2.30233,2.30233,2.3020300000000002,2.30218,194
2025-09-22 23:25:00,2.3021,2.30244,2.3019600000000002,2.3023,185
2025-09-22 23:30:00,2.30233,2.30247,2.30213,2.30245,230
2025-09-22 23:35:00,2.30242,2.30253,2.3021,2.30211,202
2025-09-22 23:40:00,2.30212,2.30218,2.30181,2.30184,120
2025-09-22 23:45:00,2.30181,2.30182,2.30169,2.30172,91
2025-09-22 23:50:00,2.30174,2.3021599999999998,2.30173,2.30209,165
2025-09-22 23:55:00,2.30266,2.30266,2.29938,2.29943,173
2025-09-23 00:00:00,2.30167,2.30167,2.30011,2.30011,18
2025-09-23 00:05:00,2.30061,2.30114,2.30035,2.30114,48
2025-09-23 00:10:00,2.30114,2.30119,2.301,2.30118,46
2025-09-23 00:15:00,2.30118,2.30234,2.30052,2.3013500000000002,91
2025-09-23 00:20:00,2.30175,2.30222,2.30098,2.30208,98
2025-09-23 00:25:00,2.3021,2.30251,2.30182,2.3023,96
2025-09-23 00:30:00,2.30247,2.3025700000000002,2.30218,2.30222,67
2025-09-23 00:35:00,2.30224,2.30251,2.30197,2.30197,96
2025-09-23 00:40:00,2.30204,2.3021,2.30178,2.30202,157
2025-09-23 00:45:00,2.30193,2.3022,2.30179,2.30197,78
2025-09-23 00:50:00,2.30194,2.3020300000000002,2.30185,2.30195,38
2025-09-23 00:55:00,2.30189,2.30202,2.30161,2.30179,211
2025-09-23 01:00:00,2.30219,2.30221,2.30131,2.30169,150
2025-09-23 01:05:00,2.30169,2.30286,2.30165,2.30192,46
2025-09-23 01:10:00,2.30191,2.30199,2.30177,2.30192,74
2025-09-23 01:15:00,2.3019,2.30251,2.3019,2.30206,64
2025-09-23 01:20:00,2.30207,2.30272,2.30182,2.3019600000000002,62
2025-09-23 01:25:00,2.30198,2.30259,2.3015499999999998,2.30175,55
2025-09-23 01:30:00,2.30176,2.3021599999999998,2.30176,2.3021,78
2025-09-23 01:35:00,2.30209,2.30229,2.30204,2.3021,81
2025-09-23 01:40:00,2.30212,2.30252,2.30191,2.30193,56
2025-09-23 01:45:00,2.3024,2.3024,2.30189,2.30204,47
2025-09-23 01:50:00,2.30205,2.30289,2.3020300000000002,2.30212,61
2025-09-23 01:55:00,2.30212,2.30224,2.30174,2.3019,49
2025-09-23 02:00:00,2.30232,2.3029,2.30232,2.30276,65
2025-09-23 02:05:00,2.30275,2.30315,2.30268,2.30268,58
2025-09-23 02:10:00,2.30269,2.30316,2.30267,2.30316,54
2025-09-23 02:15:00,2.30312,2.30324,2.30303,2.30323,71
2025-09-23 02:20:00,2.30322,2.3032500000000002,2.30298,2.30321,82
2025-09-23 02:25:00,2.30319,2.30319,2.3029,2.30311,69
2025-09-23 02:30:00,2.3031,2.30323,2.30306,2.3031,101
2025-09-23 02:35:00,2.30309,2.3031,2.30259,2.30265,65
2025-09-23 02:40:00,2.30266,2.30286,2.30255,2.30272,83
2025-09-23 02:45:00,2.30278,2.30278,2.30241,2.30248,75
2025-09-23 02:50:00,2.3025,2.30288,2.30249,2.30275,42
2025-09-23 02:55:00,2.30276,2.30293,2.30247,2.30247,171
2025-09-23 03:00:00,2.30237,2.30258,2.30215,2.30247,204
2025-09-23 03:05:00,2.30245,2.30349,2.30244,2.30349,140
2025-09-23 03:10:00,2.30351,2.30472,2.3034499999999998,2.3042,138
2025-09-23 03:15:00,2.30413,2.30432,2.30381,2.30389,146
2025-09-23 03:20:00,2.30388,2.3041,2.30366,2.30385,107
2025-09-23 03:25:00,2.30385,2.30385,2.30316,2.30316,112
2025-09-23 03:30:00,2.30317,2.304,2.30299,2.3038,136
2025-09-23 03:35:00,2.30378,2.30403,2.30373,2.3039,110
2025-09-23 03:40:00,2.30394,2.3043,2.30362,2.3043,102
2025-09-23 03:45:00,2.30429,2.30461,2.30384,2.30459,113
2025-09-23 03:50:00,2.30458,2.30504,2.30427,2.30472,124
2025-09-23 03:55:00,2.3046699999999998,2.3053,2.30466,2.30523,194
2025-09-23 04:00:00,2.30524,2.30572,2.30518,2.30567,233
2025-09-23 04:05:00,2.30565,2.30673,2.30565,2.30662,213
2025-09-23 04:10:00,2.30664,2.30683,2.30627,2.30661,155
2025-09-23 04:15:00,2.30661,2.30676,2.30619,2.30674,137
2025-09-23 04:20:00,2.30671,2.30695,2.30631,2.30692,160
2025-09-23 04:25:00,2.3069100000000002,2.3075,2.30688,2.30714,152
2025-09-23 04:30:00,2.30712,2.30786,2.30706,2.30756,183
2025-09-23 04:35:00,2.30746,2.30769,2.30722,2.30738,236
2025-09-23 04:40:00,2.30739,2.30764,2.30664,2.3067,248
2025-09-23 04:45:00,2.30668,2.30674,2.30601,2.30633,205
2025-09-23 04:50:00,2.30632,2.3073,2.30629,2.30707,247
2025-09-23 04:55:00,2.3070399999999998,2.30736,2.30665,2.3068,212
2025-09-23 05:00:00,2.30682,2.30699,2.30648,2.3069,176
2025-09-23 05:05:00,2.3069100000000002,2.30735,2.30647,2.30665,164
2025-09-23 05:10:00,2.30663,2.30723,2.30634,2.30668,257
2025-09-23 05:15:00,2.30666,2.30727,2.30655,2.30727,200
2025-09-23 05:20:00,2.3073,2.3073,2.30651,2.30696,195
2025-09-23 05:25:00,2.30697,2.30774,2.30697,2.3077199999999998,184
2025-09-23 05:30:00,2.3077,2.30881,2.30766,2.30845,238
2025-09-23 05:35:00,2.30843,2.30854,2.30789,2.30789,174
2025-09-23 05:40:00,2.3079,2.30793,2.30739,2.3075,158
2025-09-23 05:45:00,2.30748,2.3077,2.3071099999999998,2.3071099999999998,168
2025-09-23 05:50:00,2.30712,2.3072,2.30661,2.30692,170
2025-09-23 05:55:00,2.3069100000000002,2.30707,2.30625,2.30654,188
2025-09-23 06:00:00,2.30654,2.30696,2.30634,2.30689,169
2025-09-23 06:05:00,2.30688,2.30723,2.30668,2.307,202
2025-09-23 06:10:00,2.30702,2.30758,2.30662,2.30672,191
2025-09-23 06:15:00,2.30669,2.30689,2.30651,2.30668,133
2025-09-23 06:20:00,2.30667,2.30669,2.30599,2.30635,228
2025-09-23 06:25:00,2.3064,2.3072,2.30636,2.30705,228
2025-09-23 06:30:00,2.30706,2.30735,2.307,2.30733,132
2025-09-23 06:35:00,2.30734,2.30771,2.30724,2.30742,138
2025-09-23 06:40:00,2.30743,2.30747,2.30697,2.30705,160
2025-09-23 06:45:00,2.307,2.30737,2.30689,2.30734,132
2025-09-23 06:50:00,2.30726,2.30757,2.30726,2.30748,107
2025-09-23 06:55:00,2.30747,2.30815,2.30743,2.30815,177
2025-09-23 07:00:00,2.3081300000000002,2.30845,2.308,2.3084,182
2025-09-23 07:05:00,2.30838,2.30853,2.30763,2.30823,128
2025-09-23 07:10:00,2.3082,2.30824,2.30789,2.30808,98
2025-09-23 07:15:00,2.30812,2.3084,2.3079,2.30803,175
2025-09-23 07:20:00,2.30802,2.30823,2.30777,2.30803,188
2025-09-23 07:25:00,2.30802,2.3082599999999998,2.30794,2.30796,140
2025-09-23 07:30:00,2.30798,2.30841,2.30788,2.30816,144
2025-09-23 07:35:00,2.3081300000000002,2.30831,2.30799,2.30821,120
2025-09-23 07:40:00,2.30817,2.30897,2.30808,2.30856,117
2025-09-23 07:45:00,2.30858,2.30922,2.30855,2.30908,117
2025-09-23 07:50:00,2.3091,2.30985,2.30892,2.3094799999999998,159
2025-09-23 07:55:00,2.30944,2.30967,2.30921,2.30954,114
2025-09-23 08:00:00,2.30959,2.31001,2.30931,2.30931,198
2025-09-23 08:05:00,2.3093,2.30939,2.30877,2.30895,117
2025-09-23 08:10:00,2.30899,2.30919,2.30863,2.30903,126
2025-09-23 08:15:00,2.30903,2.30957,2.30891,2.30932,125
2025-09-23 08:20:00,2.30934,2.30946,2.30906,2.30909,141
2025-09-23 08:25:00,2.30907,2.30913,2.30849,2.30903,179
2025-09-23 08:30:00,2.30909,2.30941,2.30889,2.30903,193
2025-09-23 08:35:00,2.30901,2.30916,2.30839,2.30852,135
2025-09-23 08:40:00,2.30852,2.30879,2.30825,2.30852,198
2025-09-23 08:45:00,2.30851,2.30925,2.30832,2.30907,177
2025-09-23 08:50:00,2.30906,2.30918,2.3088,2.30886,188
2025-09-23 08:55:00,2.30896,2.30899,2.30804,2.3082,260
2025-09-23 09:00:00,2.30819,2.30904,2.30776,2.30869,374
2025-09-23 09:05:00,2.30859,2.3089399999999998,2.30817,2.30848,256
2025-09-23 09:10:00,2.30847,2.30881,2.30818,2.30858,279
2025-09-23 09:15:00,2.30858,2.3088,2.30801,2.30818,256
2025-09-23 09:20:00,2.3082,2.30863,2.30763,2.30787,323
2025-09-23 09:25:00,2.30786,2.30799,2.30743,2.30798,248
2025-09-23 09:30:00,2.30801,2.3084,2.30753,2.3077199999999998,249
2025-09-23 09:35:00,2.30771,2.30816,2.3072,2.30805,243
2025-09-23 09:40:00,2.308,2.30853,2.30796,2.30827,269
2025-09-23 09:45:00,2.30829,2.30848,2.30724,2.30756,307
2025-09-23 09:50:00,2.30757,2.30805,2.30742,2.30796,310
2025-09-23 09:55:00,2.30797,2.30805,2.30747,2.30781,303
2025-09-23 10:00:00,2.30783,2.30949,2.30783,2.30923,439
2025-09-23 10:05:00,2.30924,2.31058,2.30924,2.31018,363
2025-09-23 10:10:00,2.3102,2.31052,2.30984,2.31025,380
2025-09-23 10:15:00,2.31062,2.31062,2.3093,2.3094,422
2025-09-23 10:20:00,2.30943,2.31025,2.30934,2.31019,295
2025-09-23 10:25:00,2.31018,2.31142,2.31006,2.31119,292
2025-09-23 10:30:00,2.31111,2.31154,2.31037,2.3105,428
2025-09-23 10:35:00,2.31048,2.31068,2.30932,2.30966,360
2025-09-23 10:40:00,2.30971,2.31049,2.30957,2.31049,311
2025-09-23 10:45:00,2.31047,2.31152,2.31034,2.31039,385
2025-09-23 10:50:00,2.3104,2.31083,2.30993,2.31018,390
2025-09-23 10:55:00,2.31019,2.31079,2.30999,2.31074,395
2025-09-23 11:00:00,2.31066,2.31106,2.3095,2.30979,307
2025-09-23 11:05:00,2.30976,2.30993,2.30908,2.30915,279
2025-09-23 11:10:00,2.30921,2.30972,2.30886,2.30889,219
2025-09-23 11:15:00,2.3089,2.3094799999999998,2.30866,2.30893,267
2025-09-23 11:20:00,2.30889,2.3092,2.30849,2.30867,243
2025-09-23 11:25:00,2.30856,2.309,2.30789,2.30822,329
2025-09-23 11:30:00,2.30645,2.30702,2.30342,2.30344,559
2025-09-23 11:35:00,2.30346,2.30369,2.30272,2.30326,414
2025-09-23 11:40:00,2.3032500000000002,2.3032500000000002,2.30206,2.30246,386
2025-09-23 11:45:00,2.30256,2.30339,2.30246,2.30317,332
2025-09-23 11:50:00,2.30315,2.30402,2.30305,2.30371,324
2025-09-23 11:55:00,2.30369,2.30392,2.30328,2.30328,342
2025-09-23 12:00:00,2.30328,2.3036,2.30267,2.30313,93
2025-09-23 12:05:00,2.30308,2.30323,2.30217,2.30278,140
2025-09-23 12:10:00,2.30285,2.30291,2.30228,2.30255,270
2025-09-23 12:15:00,2.30254,2.30333,2.30253,2.30301,250
2025-09-23 12:20:00,2.30301,2.30361,2.30253,2.30281,254
2025-09-23 12:25:00,2.30282,2.30282,2.30184,2.30245,284
2025-09-23 12:30:00,2.30243,2.30262,2.30201,2.3020300000000002,284
2025-09-23 12:35:00,2.30205,2.30281,2.30189,2.30267,270
2025-09-23 12:40:00,2.30269,2.30269,2.30202,2.3021599999999998,209
2025-09-23 12:45:00,2.30219,2.30275,2.30189,2.30207,230
2025-09-23 12:50:00,2.30207,2.30274,2.30198,2.3022299999999998,208
2025-09-23 12:55:00,2.3022,2.30291,2.30205,2.3027699999999998,255
2025-09-23 13:00:00,2.30274,2.30285,2.30185,2.30191,208
2025-09-23 13:05:00,2.30194,2.30278,2.3016199999999998,2.3025,226
2025-09-23 13:10:00,2.30254,2.30285,2.30212,2.30233,227
2025-09-23 13:15:00,2.30235,2.30317,2.30235,2.30254,237
2025-09-23 13:20:00,2.3026,2.30323,2.30249,2.30308,229
2025-09-23 13:25:00,2.30308,2.30313,2.30235,2.3026,246
2025-09-23 13:30:00,2.30258,2.30286,2.30219,2.30241,253
2025-09-23 13:35:00,2.30241,2.30293,2.30241,2.30255,220
2025-09-23 13:40:00,2.30253,2.30275,2.30224,2.30237,252
2025-09-23 13:45:00,2.30235,2.30245,2.30179,2.30185,227
2025-09-23 13:50:00,2.30186,2.30278,2.30177,2.3025700000000002,220
2025-09-23 13:55:00,2.30256,2.30305,2.30246,2.30263,367
2025-09-23 14:00:00,2.3026400000000002,2.30414,2.30262,2.304,321
2025-09-23 14:05:00,2.304,2.30416,2.30361,2.30409,229
2025-09-23 14:10:00,2.30407,2.30411,2.30355,2.30405,253
2025-09-23 14:15:00,2.30408,2.30408,2.30341,2.30353,162
2025-09-23 14:20:00,2.30355,2.30378,2.30296,2.30304,207
2025-09-23 14:25:00,2.30296,2.3038,2.30293,2.30359,213
2025-09-23 14:30:00,2.30361,2.30395,2.30326,2.30326,211
2025-09-23 14:35:00,2.30331,2.30401,2.30331,2.30368,242
2025-09-23 14:40:00,2.30366,2.30409,2.30355,2.30396,168
2025-09-23 14:45:00,2.30397,2.30444,2.30389,2.30423,190
2025-09-23 14:50:00,2.30422,2.30504,2.30416,2.30429,209
2025-09-23 14:55:00,2.30431,2.3047,2.3039899999999998,2.30465,236
2025-09-23 15:00:00,2.30466,2.30516,2.30451,2.30453,309
2025-09-23 15:05:00,2.30454,2.30465,2.30382,2.30425,210
2025-09-23 15:10:00,2.3042,2.3051,2.30419,2.3050800000000002,224
2025-09-23 15:15:00,2.30506,2.3052799999999998,2.30389,2.3041,275
2025-09-23 15:20:00,2.30415,2.30517,2.3039899999999998,2.30497,314
2025-09-23 15:25:00,2.30499,2.30632,2.30499,2.3063000000000002,298
2025-09-23 15:30:00,2.30632,2.30633,2.30524,2.30538,319
2025-09-23 15:35:00,2.30541,2.30571,2.30522,2.30566,239
2025-09-23 15:40:00,2.30566,2.30577,2.30523,2.30564,255
2025-09-23 15:45:00,2.30565,2.3064999999999998,2.30543,2.30607,279
2025-09-23 15:50:00,2.30632,2.30759,2.30632,2.30719,275
2025-09-23 15:55:00,2.3072,2.30749,2.30638,2.30651,335
2025-09-23 16:00:00,2.30659,2.3069,2.30555,2.30646,555
2025-09-23 16:05:00,2.30645,2.30664,2.30619,2.30619,351
2025-09-23 16:10:00,2.3064299999999998,2.3064999999999998,2.30594,2.30604,337
2025-09-23 16:15:00,2.30607,2.3064999999999998,2.30591,2.3064999999999998,308
2025-09-23 16:20:00,2.30649,2.3071099999999998,2.30618,2.3070399999999998,340
2025-09-23 16:25:00,2.30706,2.30706,2.30656,2.30679,267
2025-09-23 16:30:00,2.30677,2.30761,2.30655,2.30759,389
2025-09-23 16:35:00,2.30761,2.3082,2.30721,2.30783,417
2025-09-23 16:40:00,2.3079,2.30924,2.3078,2.30892,368
2025-09-23 16:45:00,2.3088699999999998,2.30943,2.30807,2.30822,516
2025-09-23 16:50:00,2.30823,2.30823,2.30755,2.30783,514
2025-09-23 16:55:00,2.30781,2.30832,2.30747,2.308,523
2025-09-23 17:00:00,2.30801,2.30815,2.30724,2.30815,554
2025-09-23 17:05:00,2.30814,2.30823,2.30723,2.30743,479
2025-09-23 17:10:00,2.3074500000000002,2.30807,2.30715,2.30804,421
2025-09-23 17:15:00,2.30801,2.30871,2.30776,2.30871,421
2025-09-23 17:20:00,2.30873,2.30909,2.30818,2.30837,408
2025-09-23 17:25:00,2.30837,2.30847,2.30773,2.30814,425
2025-09-23 17:30:00,2.3081300000000002,2.30869,2.30802,2.30842,416
2025-09-23 17:35:00,2.30843,2.30865,2.30785,2.308,323
2025-09-23 17:40:00,2.30803,2.30828,2.30728,2.30753,408
2025-09-23 17:45:00,2.30746,2.30798,2.30703,2.30742,404
2025-09-23 17:50:00,2.30741,2.30753,2.3069100000000002,2.30737,408
2025-09-23 17:55:00,2.30734,2.30818,2.30692,2.30808,488
2025-09-23 18:00:00,2.30805,2.30835,2.3076,2.30805,476
2025-09-23 18:05:00,2.30802,2.30817,2.30775,2.30801,340
2025-09-23 18:10:00,2.30798,2.30842,2.30779,2.30837,304
2025-09-23 18:15:00,2.30837,2.30838,2.30784,2.30802,245
2025-09-23 18:20:00,2.30801,2.30838,2.30786,2.30809,264
2025-09-23 18:25:00,2.30809,2.30809,2.30749,2.30763,274
2025-09-23 18:30:00,2.30761,2.30775,2.30731,2.30761,321
2025-09-23 18:35:00,2.3076,2.30767,2.30676,2.30676,254
2025-09-23 18:40:00,2.30675,2.30743,2.30674,2.3069,262
2025-09-23 18:45:00,2.30688,2.30753,2.30674,2.3074500000000002,241
2025-09-23 18:50:00,2.30742,2.30828,2.3074,2.30808,275
2025-09-23 18:55:00,2.30809,2.30823,2.30746,2.30795,255
2025-09-23 19:00:00,2.30797,2.30831,2.30766,2.30797,248
2025-09-23 19:05:00,2.30794,2.30836,2.30775,2.30808,187
2025-09-23 19:10:00,2.3080600000000002,2.3080600000000002,2.30743,2.30758,194
2025-09-23 19:15:00,2.30757,2.30773,2.3071,2.30722,237
2025-09-23 19:20:00,2.30734,2.30744,2.30699,2.30722,240
2025-09-23 19:25:00,2.30721,2.30723,2.30688,2.30698,198
2025-09-23 19:30:00,2.30698,2.3072,2.30686,2.30697,155
2025-09-23 19:35:00,2.3070399999999998,2.30805,2.30686,2.30747,546
2025-09-23 19:40:00,2.30748,2.30774,2.30675,2.30708,432
2025-09-23 19:45:00,2.3071,2.30739,2.30658,2.30673,348
2025-09-23 19:50:00,2.3067,2.30677,2.30641,2.30664,365
2025-09-23 19:55:00,2.30664,2.30778,2.30658,2.30768,389
2025-09-23 20:00:00,2.30764,2.3077199999999998,2.30682,2.30692,443
2025-09-23 20:05:00,2.30693,2.30722,2.30655,2.30683,319
2025-09-23 20:10:00,2.30681,2.3069100000000002,2.30633,2.30681,288
2025-09-23 20:15:00,2.30679,2.30709,2.30663,2.3070399999999998,262
2025-09-23 20:20:00,2.30703,2.3073,2.30681,2.30721,286
2025-09-23 20:25:00,2.30721,2.3075200000000002,2.30696,2.30746,303
2025-09-23 20:30:00,2.30746,2.30762,2.3070399999999998,2.30739,316
2025-09-23 20:35:00,2.30743,2.3078,2.30723,2.30743,386
2025-09-23 20:40:00,2.30744,2.3081300000000002,2.3074,2.30803,385
2025-09-23 20:45:00,2.30801,2.30844,2.3078,2.30838,369
2025-09-23 20:50:00,2.30842,2.30883,2.30822,2.30843,308
2025-09-23 20:55:00,2.30845,2.30845,2.30769,2.30789,294
2025-09-23 21:00:00,2.30788,2.30788,2.30753,2.30778,329
2025-09-23 21:05:00,2.30777,2.30835,2.30768,2.30822,355
2025-09-23 21:10:00,2.3082,2.30856,2.30811,2.30846,248
2025-09-23 21:15:00,2.30848,2.30863,2.30808,2.30815,261
2025-09-23 21:20:00,2.30815,2.3083299999999998,2.30793,2.30798,310
2025-09-23 21:25:00,2.308,2.30801,2.30751,2.30754,223
2025-09-23 21:30:00,2.3076,2.30775,2.30738,2.30756,212
2025-09-23 21:35:00,2.30757,2.3077199999999998,2.30734,2.30762,203
2025-09-23 21:40:00,2.30763,2.3077,2.30726,2.30754,234
2025-09-23 21:45:00,2.30753,2.30778,2.30718,2.30767,194
2025-09-23 21:50:00,2.3076499999999998,2.30815,2.30764,2.30808,226
2025-09-23 21:55:00,2.30812,2.30881,2.308,2.30845,334
2025-09-23 22:00:00,2.30854,2.30891,2.3083,2.30859,271
2025-09-23 22:05:00,2.30855,2.3087400000000002,2.30815,2.30839,162
2025-09-23 22:10:00,2.3084,2.30868,2.3083,2.30866,250
2025-09-23 22:15:00,2.30861,2.30872,2.30827,2.30844,160
2025-09-23 22:20:00,2.30843,2.30845,2.30818,2.3082599999999998,153
2025-09-23 22:25:00,2.30827,2.30835,2.3080600000000002,2.30818,180
2025-09-23 22:30:00,2.30816,2.30834,2.3080600000000002,2.30816,187
2025-09-23 22:35:00,2.30815,2.30836,2.30787,2.30801,165
2025-09-23 22:40:00,2.30799,2.30838,2.30794,2.30821,225
2025-09-23 22:45:00,2.30817,2.30848,2.30793,2.30838,209
2025-09-23 22:50:00,2.30837,2.30862,2.3079,2.30808,211
2025-09-23 22:55:00,2.3081300000000002,2.3085,2.30797,2.30832,192
2025-09-23 23:00:00,2.30767,2.30817,2.30737,2.3076,117
2025-09-23 23:05:00,2.30761,2.30763,2.30742,2.30755,94
2025-09-23 23:10:00,2.30753,2.30753,2.30719,2.30744,97
2025-09-23 23:15:00,2.3074500000000002,2.30787,2.30738,2.30769,119
2025-09-23 23:20:00,2.30768,2.30817,2.3075,2.30769,67
2025-09-23 23:25:00,2.30771,2.30864,2.30749,2.30754,84
2025-09-23 23:30:00,2.30753,2.30867,2.3075200000000002,2.30867,106
2025-09-23 23:35:00,2.30865,2.30867,2.30783,2.3082599999999998,160
2025-09-23 23:40:00,2.30824,2.3089,2.30824,2.30884,119
2025-09-23 23:45:00,2.30882,2.30897,2.30831,2.30831,202
2025-09-23 23:50:00,2.3083299999999998,2.3083299999999998,2.30757,2.30759,175
2025-09-23 23:55:00,2.30832,2.30835,2.30539,2.30551,199
2025-09-24 00:00:00,2.30738,2.30773,2.30734,2.30751,21
2025-09-24 00:05:00,2.30751,2.30751,2.3058199999999998,2.30637,74
2025-09-24 00:10:00,2.30637,2.30716,2.30636,2.30716,79
2025-09-24 00:15:00,2.30714,2.30912,2.30714,2.30879,95
2025-09-24 00:20:00,2.3088,2.30925,2.30759,2.30812,85
2025-09-24 00:25:00,2.30924,2.31015,2.30789,2.30886,195
2025-09-24 00:30:00,2.30888,2.30888,2.30827,2.30853,144
2025-09-24 00:35:00,2.30849,2.30901,2.30839,2.30868,103
2025-09-24 00:40:00,2.30866,2.30866,2.30784,2.30802,75
2025-09-24 00:45:00,2.30803,2.30929,2.30793,2.30837,89
2025-09-24 00:50:00,2.30846,2.30848,2.30764,2.30808,101
2025-09-24 00:55:00,2.3080600000000002,2.3080600000000002,2.30536,2.30536,160
2025-09-24 01:00:00,2.30548,2.30785,2.30548,2.3073,237
2025-09-24 01:05:00,2.30729,2.30758,2.30672,2.30741,181
2025-09-24 01:10:00,2.30739,2.3076,2.30712,2.3073,97
2025-09-24 01:15:00,2.30726,2.30776,2.3072,2.30754,69
2025-09-24 01:20:00,2.30754,2.30808,2.30749,2.30761,60
2025-09-24 01:25:00,2.30761,2.30827,2.3075,2.3077199999999998,75
2025-09-24 01:30:00,2.30771,2.30849,2.3077,2.30799,88
2025-09-24 01:35:00,2.30797,2.30902,2.30777,2.30815,66
2025-09-24 01:40:00,2.3081300000000002,2.30895,2.30774,2.30774,50
2025-09-24 01:45:00,2.30779,2.30877,2.30751,2.3076,126
2025-09-24 01:50:00,2.30762,2.30771,2.30749,2.30767,82
2025-09-24 01:55:00,2.3076499999999998,2.30777,2.30756,2.30771,110
2025-09-24 02:00:00,2.30769,2.30834,2.30769,2.3082,92
2025-09-24 02:05:00,2.30818,2.30837,2.30812,2.30822,60
2025-09-24 02:10:00,2.30819,2.30868,2.30797,2.30857,88
2025-09-24 02:15:00,2.3086,2.30901,2.30857,2.30876,80
2025-09-24 02:20:00,2.30877,2.3089399999999998,2.3086,2.3088,241
2025-09-24 02:25:00,2.30873,2.30938,2.30873,2.30932,215
2025-09-24 02:30:00,2.30933,2.30957,2.30898,2.30905,110
2025-09-24 02:35:00,2.30902,2.30904,2.30847,2.30849,82
2025-09-24 02:40:00,2.3085,2.30879,2.3085,2.3087,80
2025-09-24 02:45:00,2.30869,2.30903,2.30854,2.30884,81
2025-09-24 02:50:00,2.30882,2.30906,2.30877,2.30901,107
2025-09-24 02:55:00,2.30901,2.30908,2.30851,2.30891,162
2025-09-24 03:00:00,2.30889,2.30933,2.3088,2.30903,294
2025-09-24 03:05:00,2.30907,2.30989,2.3089399999999998,2.30981,233
2025-09-24 03:10:00,2.30983,2.31,2.30949,2.30978,207
2025-09-24 03:15:00,2.30978,2.30983,2.30897,2.3091,186
2025-09-24 03:20:00,2.30906,2.30909,2.30853,2.3087,190
2025-09-24 03:25:00,2.30869,2.30901,2.30854,2.30858,186
2025-09-24 03:30:00,2.30857,2.30898,2.30842,2.30889,121
2025-09-24 03:35:00,2.30891,2.30899,2.30842,2.3089,188
2025-09-24 03:40:00,2.3088699999999998,2.3089,2.30856,2.30856,106
2025-09-24 03:45:00,2.3085,2.30859,2.30838,2.30843,118
2025-09-24 03:50:00,2.30845,2.30897,2.30793,2.30897,197
2025-09-24 03:55:00,2.30893,2.30893,2.30769,2.30788,221
2025-09-24 04:00:00,2.30786,2.30838,2.30743,2.3081,239
2025-09-24 04:05:00,2.3081300000000002,2.30835,2.3076,2.3083299999999998,153
2025-09-24 04:10:00,2.30835,2.30856,2.30823,2.30841,142
2025-09-24 04:15:00,2.30844,2.30906,2.3082599999999998,2.30904,217
2025-09-24 04:20:00,2.30903,2.30907,2.30827,2.3083,222
2025-09-24 04:25:00,2.3083299999999998,2.30869,2.30796,2.30852,218
2025-09-24 04:30:00,2.30845,2.30845,2.30654,2.3076,410
2025-09-24 04:35:00,2.30754,2.30802,2.30596,2.30616,280
2025-09-24 04:40:00,2.30622,2.30624,2.30492,2.30527,265
2025-09-24 04:45:00,2.30524,2.30667,2.30512,2.30618,272
2025-09-24 04:50:00,2.30618,2.3068,2.30566,2.30584,277
2025-09-24 04:55:00,2.30575,2.30596,2.30519,2.30554,269
2025-09-24 05:00:00,2.30553,2.30564,2.30494,2.30502,211
2025-09-24 05:05:00,2.305,2.3050800000000002,2.30403,2.30489,221
2025-09-24 05:10:00,2.30491,2.30523,2.3044700000000002,2.30455,166
2025-09-24 05:15:00,2.30457,2.30481,2.30419,2.30445,173
2025-09-24 05:20:00,2.30445,2.3044700000000002,2.30366,2.30402,219
2025-09-24 05:25:00,2.3040599999999998,2.30471,2.30397,2.30413,182
2025-09-24 05:30:00,2.30412,2.30472,2.30394,2.30458,177
2025-09-24 05:35:00,2.30456,2.3048,2.30417,2.3046699999999998,178
2025-09-24 05:40:00,2.30466,2.30477,2.30444,2.30444,183
2025-09-24 05:45:00,2.30443,2.3045999999999998,2.30389,2.30425,184
2025-09-24 05:50:00,2.30427,2.30529,2.30422,2.30496,202
2025-09-24 05:55:00,2.30495,2.3055,2.30444,2.30499,235
2025-09-24 06:00:00,2.30495,2.30507,2.3045,2.3048,221
2025-09-24 06:05:00,2.30482,2.30527,2.30475,2.30509,177
2025-09-24 06:10:00,2.30507,2.30515,2.30477,2.30479,144
2025-09-24 06:15:00,2.30482,2.30524,2.30469,2.30514,139
2025-09-24 06:20:00,2.30512,2.30564,2.3050100000000002,2.30559,151
2025-09-24 06:25:00,2.3056,2.30649,2.30559,2.30606,161
2025-09-24 06:30:00,2.30602,2.3064,2.30519,2.30526,121
2025-09-24 06:35:00,2.30524,2.30541,2.3045999999999998,2.30529,167
2025-09-24 06:40:00,2.3054,2.30544,2.30511,2.30514,88
2025-09-24 06:45:00,2.30512,2.30538,2.30496,2.30527,131
2025-09-24 06:50:00,2.30517,2.30573,2.30506,2.30551,109
2025-09-24 06:55:00,2.3055,2.30576,2.30538,2.30575,129
2025-09-24 07:00:00,2.30577,2.30655,2.30509,2.30653,184
2025-09-24 07:05:00,2.30649,2.30676,2.30618,2.30659,125
2025-09-24 07:10:00,2.30657,2.3067,2.30608,2.30632,111
2025-09-24 07:15:00,2.30631,2.30648,2.30592,2.30601,127
2025-09-24 07:20:00,2.30602,2.30619,2.30573,2.30601,135
2025-09-24 07:25:00,2.30599,2.30599,2.30549,2.30556,87
2025-09-24 07:30:00,2.30555,2.30578,2.30491,2.30505,114
2025-09-24 07:35:00,2.30506,2.3052099999999998,2.3046699999999998,2.30474,108
2025-09-24 07:40:00,2.30474,2.3049,2.30418,2.3043,128
2025-09-24 07:45:00,2.30432,2.30486,2.30402,2.30479,124
2025-09-24 07:50:00,2.30478,2.30514,2.3045999999999998,2.3050800000000002,100
2025-09-24 07:55:00,2.30506,2.30515,2.30471,2.3051,103
2025-09-24 08:00:00,2.30509,2.30572,2.30473,2.30559,154
2025-09-24 08:05:00,2.30557,2.30608,2.30552,2.30595,157
2025-09-24 08:10:00,2.30595,2.30605,2.30564,2.3058199999999998,134
2025-09-24 08:15:00,2.30587,2.30596,2.30502,2.30519,143
2025-09-24 08:20:00,2.30517,2.30517,2.30473,2.30507,86
2025-09-24 08:25:00,2.30509,2.30527,2.30496,2.3052099999999998,114
2025-09-24 08:30:00,2.30527,2.3059,2.30526,2.30557,134
2025-09-24 08:35:00,2.30555,2.3058199999999998,2.30496,2.30522,197
2025-09-24 08:40:00,2.30523,2.30639,2.30507,2.30599,152
2025-09-24 08:45:00,2.306,2.30633,2.3056900000000002,2.3059,164
2025-09-24 08:50:00,2.30591,2.3074500000000002,2.30585,2.30587,211
2025-09-24 08:55:00,2.3058899999999998,2.30609,2.30546,2.30591,264
2025-09-24 09:00:00,2.30565,2.30621,2.3053,2.30607,314
2025-09-24 09:05:00,2.30616,2.30648,2.30599,2.30632,237
2025-09-24 09:10:00,2.30631,2.30647,2.30535,2.30593,278
2025-09-24 09:15:00,2.3058899999999998,2.30601,2.3050800000000002,2.30546,294
2025-09-24 09:20:00,2.30544,2.3058,2.30512,2.3052,289
2025-09-24 09:25:00,2.30524,2.30548,2.30473,2.30481,278
2025-09-24 09:30:00,2.30482,2.30598,2.30482,2.30598,278
2025-09-24 09:35:00,2.30596,2.30596,2.30511,2.30558,302
2025-09-24 09:40:00,2.30561,2.30645,2.30559,2.3064299999999998,274
2025-09-24 09:45:00,2.30639,2.30656,2.30614,2.30639,205
2025-09-24 09:50:00,2.30638,2.30658,2.30592,2.30657,223
2025-09-24 09:55:00,2.30658,2.30743,2.30637,2.30739,314
2025-09-24 10:00:00,2.30743,2.30777,2.30572,2.30572,358
2025-09-24 10:05:00,2.3056900000000002,2.30607,2.30509,2.30517,337
2025-09-24 10:10:00,2.30511,2.30519,2.30423,2.30441,336
2025-09-24 10:15:00,2.30434,2.30469,2.30402,2.30407,276
2025-09-24 10:20:00,2.30409,2.30433,2.30364,2.3043,290
2025-09-24 10:25:00,2.30434,2.30448,2.30374,2.30393,262
2025-09-24 10:30:00,2.30392,2.30404,2.30332,2.3035,320
2025-09-24 10:35:00,2.30355,2.30378,2.30308,2.30359,259
2025-09-24 10:40:00,2.30358,2.3037900000000002,2.30244,2.30244,250
2025-09-24 10:45:00,2.3024,2.3034,2.30213,2.3032,257
2025-09-24 10:50:00,2.30321,2.30374,2.30309,2.30361,234
2025-09-24 10:55:00,2.30362,2.30396,2.30322,2.30331,247
2025-09-24 11:00:00,2.3033,2.30365,2.30241,2.30243,342
2025-09-24 11:05:00,2.30245,2.30328,2.30227,2.30324,292
2025-09-24 11:10:00,2.30323,2.30446,2.30306,2.30425,299
2025-09-24 11:15:00,2.30423,2.30475,2.30365,2.30384,336
2025-09-24 11:20:00,2.3038,2.30468,2.3038,2.30417,234
2025-09-24 11:25:00,2.30415,2.3052799999999998,2.30415,2.30526,293
2025-09-24 11:30:00,2.3052799999999998,2.30554,2.30466,2.30534,248
2025-09-24 11:35:00,2.30538,2.30631,2.30536,2.30603,205
2025-09-24 11:40:00,2.30604,2.3064299999999998,2.30568,2.30592,226
2025-09-24 11:45:00,2.30591,2.30655,2.30586,2.30628,256
2025-09-24 11:50:00,2.30622,2.30665,2.30571,2.30606,254
2025-09-24 11:55:00,2.30602,2.30609,2.30558,2.30596,308
2025-09-24 12:00:00,2.30595,2.30627,2.30551,2.30575,266
2025-09-24 12:05:00,2.30574,2.30616,2.30563,2.30616,230
2025-09-24 12:10:00,2.30613,2.30632,2.30584,2.30595,239
2025-09-24 12:15:00,2.30593,2.30631,2.30559,2.30618,180
2025-09-24 12:20:00,2.30619,2.3064999999999998,2.30584,2.30644,235
2025-09-24 12:25:00,2.3064299999999998,2.30687,2.30626,2.30663,206
2025-09-24 12:30:00,2.30675,2.30689,2.3062,2.3068,244
2025-09-24 12:35:00,2.30679,2.30694,2.30619,2.30624,211
2025-09-24 12:40:00,2.30633,2.30651,2.30591,2.30591,239
2025-09-24 12:45:00,2.30593,2.30632,2.30592,2.30603,227
2025-09-24 12:50:00,2.30601,2.30625,2.3058199999999998,2.30621,279
2025-09-24 12:55:00,2.3062300000000002,2.30647,2.30591,2.30622,233
2025-09-24 13:00:00,2.3062,2.30695,2.30599,2.30671,247
2025-09-24 13:05:00,2.30675,2.30714,2.30675,2.3068,154
2025-09-24 13:10:00,2.30679,2.30771,2.30677,2.30743,240
2025-09-24 13:15:00,2.30744,2.30778,2.30731,2.30743,227
2025-09-24 13:20:00,2.30741,2.30758,2.3071099999999998,2.30727,193
2025-09-24 13:25:00,2.30729,2.30762,2.3071,2.30749,170
2025-09-24 13:30:00,2.3075200000000002,2.30756,2.30719,2.30732,222
2025-09-24 13:35:00,2.30731,2.30781,2.30716,2.30751,207
2025-09-24 13:40:00,2.30749,2.30761,2.30702,2.30722,255
2025-09-24 13:45:00,2.30721,2.30755,2.30699,2.30712,173
2025-09-24 13:50:00,2.3071099999999998,2.3073,2.30657,2.30672,213
2025-09-24 13:55:00,2.30671,2.30689,2.3056900000000002,2.30594,254
2025-09-24 14:00:00,2.30592,2.30656,2.30564,2.30642,312
2025-09-24 14:05:00,2.30644,2.30688,2.30617,2.3068400000000002,205
2025-09-24 14:10:00,2.30683,2.30699,2.30617,2.30666,239
2025-09-24 14:15:00,2.30663,2.30738,2.30648,2.30728,237
2025-09-24 14:20:00,2.3073,2.3076,2.30697,2.30702,209
2025-09-24 14:25:00,2.3070399999999998,2.3073,2.3068,2.3069,215
2025-09-24 14:30:00,2.30694,2.3070399999999998,2.30646,2.30667,282
2025-09-24 14:35:00,2.30669,2.30698,2.30644,2.30669,200
2025-09-24 14:40:00,2.30666,2.30697,2.30639,2.3066,225
2025-09-24 14:45:00,2.30661,2.30664,2.30615,2.30645,252
2025-09-24 14:50:00,2.30646,2.30698,2.30628,2.30644,282
2025-09-24 14:55:00,2.30645,2.30679,2.30616,2.30661,372
2025-09-24 15:00:00,2.3066,2.30696,2.3062,2.30659,366
2025-09-24 15:05:00,2.30662,2.30694,2.30616,2.30631,370
2025-09-24 15:10:00,2.3063000000000002,2.30675,2.30615,2.3062,299
2025-09-24 15:15:00,2.30618,2.30674,2.30618,2.30646,305
2025-09-24 15:20:00,2.3064299999999998,2.30665,2.30559,2.30665,342
2025-09-24 15:25:00,2.30665,2.30683,2.3063000000000002,2.30654,313
2025-09-24 15:30:00,2.30653,2.3069100000000002,2.30617,2.30659,315
2025-09-24 15:35:00,2.30657,2.30682,2.30595,2.30642,330
2025-09-24 15:40:00,2.30641,2.3064299999999998,2.30578,2.30597,319
2025-09-24 15:45:00,2.30596,2.30741,2.30594,2.30713,329
2025-09-24 15:50:00,2.30708,2.30778,2.30649,2.30712,433
2025-09-24 15:55:00,2.3072,2.3072,2.30568,2.30669,471
2025-09-24 16:00:00,2.30668,2.30738,2.30637,2.30734,347
2025-09-24 16:05:00,2.30737,2.30802,2.30716,2.30787,347
2025-09-24 16:10:00,2.30789,2.30794,2.3061,2.3064999999999998,374
2025-09-24 16:15:00,2.30649,2.30731,2.30634,2.30713,339
2025-09-24 16:20:00,2.30712,2.30809,2.30709,2.30795,352
2025-09-24 16:25:00,2.30797,2.30846,2.30742,2.30841,396
2025-09-24 16:30:00,2.30843,2.30883,2.30779,2.30809,439
2025-09-24 16:35:00,2.3081,2.30852,2.30739,2.30829,367
2025-09-24 16:40:00,2.3083,2.3091,2.3081300000000002,2.30827,393
2025-09-24 16:45:00,2.3082599999999998,2.30928,2.30807,2.30914,491
2025-09-24 16:50:00,2.30915,2.30915,2.30816,2.30871,456
2025-09-24 16:55:00,2.30879,2.3092,2.30855,2.30895,392
2025-09-24 17:00:00,2.30898,2.30984,2.30886,2.30951,547
2025-09-24 17:05:00,2.30942,2.31018,2.30918,2.3095,502
2025-09-24 17:10:00,2.30947,2.31151,2.30947,2.3114,442
2025-09-24 17:15:00,2.31141,2.31175,2.31072,2.3113099999999998,364
2025-09-24 17:20:00,2.31133,2.31243,2.31129,2.31242,427
2025-09-24 17:25:00,2.31243,2.31252,2.31165,2.31217,434
2025-09-24 17:30:00,2.3122,2.31285,2.3119199999999998,2.3127,416
2025-09-24 17:35:00,2.31266,2.31288,2.3118600000000002,2.31243,346
2025-09-24 17:40:00,2.31252,2.3145,2.31251,2.31428,491
2025-09-24 17:45:00,2.31433,2.31437,2.31275,2.31296,439
2025-09-24 17:50:00,2.31297,2.31348,2.3121,2.31249,419
2025-09-24 17:55:00,2.31246,2.31299,2.31158,2.312,483
2025-09-24 18:00:00,2.3119899999999998,2.31305,2.3119899999999998,2.31279,486
2025-09-24 18:05:00,2.31281,2.31305,2.31219,2.31222,394
2025-09-24 18:10:00,2.31223,2.31243,2.31183,2.3121,364
2025-09-24 18:15:00,2.3121,2.31286,2.31201,2.31254,308
2025-09-24 18:20:00,2.31242,2.31274,2.31212,2.31245,380
2025-09-24 18:25:00,2.31246,2.3131399999999998,2.31243,2.31257,351
2025-09-24 18:30:00,2.31256,2.31291,2.31229,2.31286,356
2025-09-24 18:35:00,2.31289,2.31322,2.3125,2.31252,323
2025-09-24 18:40:00,2.31251,2.3131,2.31223,2.31298,331
2025-09-24 18:45:00,2.31299,2.31299,2.31257,2.3128,367
2025-09-24 18:50:00,2.31281,2.31332,2.31281,2.313,250
2025-09-24 18:55:00,2.31298,2.31335,2.31279,2.31305,376
2025-09-24 19:00:00,2.3130800000000002,2.31339,2.31279,2.31316,376
2025-09-24 19:05:00,2.31317,2.31344,2.31304,2.3130800000000002,331
2025-09-24 19:10:00,2.31309,2.31405,2.31288,2.31366,311
2025-09-24 19:15:00,2.31365,2.3138199999999998,2.31326,2.31337,280
2025-09-24 19:20:00,2.31341,2.31346,2.31281,2.31304,336
2025-09-24 19:25:00,2.3130100000000002,2.31334,2.31273,2.31295,343
2025-09-24 19:30:00,2.31294,2.31352,2.3129,2.31331,327
2025-09-24 19:35:00,2.31337,2.31403,2.31317,2.31325,299
2025-09-24 19:40:00,2.31327,2.31332,2.31279,2.31295,261
2025-09-24 19:45:00,2.3129,2.31329,2.31272,2.31282,261
2025-09-24 19:50:00,2.31283,2.31336,2.31265,2.31331,259
2025-09-24 19:55:00,2.3132,2.3137,2.31315,2.31335,290
2025-09-24 20:00:00,2.31333,2.31366,2.31325,2.31351,294
2025-09-24 20:05:00,2.31338,2.31377,2.31312,2.31377,276
2025-09-24 20:10:00,2.31373,2.31373,2.31313,2.31355,278
2025-09-24 20:15:00,2.31354,2.31392,2.31344,2.31378,209
2025-09-24 20:20:00,2.31376,2.31386,2.31339,2.31358,195
2025-09-24 20:25:00,2.31357,2.31389,2.31347,2.31347,201
2025-09-24 20:30:00,2.31346,2.31358,2.31289,2.31305,149
2025-09-24 20:35:00,2.31306,2.3136200000000002,2.31291,2.3134,173
2025-09-24 20:40:00,2.31342,2.31372,2.31333,2.31348,188
2025-09-24 20:45:00,2.31349,2.31371,2.31313,2.3135,208
2025-09-24 20:50:00,2.31347,2.31415,2.31345,2.31396,262
2025-09-24 20:55:00,2.31397,2.31429,2.31379,2.31422,237
2025-09-24 21:00:00,2.31424,2.3144,2.31393,2.31401,206
2025-09-24 21:05:00,2.31402,2.31407,2.31373,2.31386,166
2025-09-24 21:10:00,2.31388,2.31401,2.31364,2.31365,188
2025-09-24 21:15:00,2.31366,2.31391,2.3136,2.31384,191
2025-09-24 21:20:00,2.31384,2.31439,2.31384,2.31429,192
2025-09-24 21:25:00,2.31429,2.31448,2.31417,2.31433,224
2025-09-24 21:30:00,2.31432,2.31477,2.31424,2.31446,288
2025-09-24 21:35:00,2.31444,2.3148400000000002,2.31437,2.31481,218
2025-09-24 21:40:00,2.31482,2.31499,2.31464,2.31478,182
2025-09-24 21:45:00,2.31476,2.31483,2.3144,2.31467,201
2025-09-24 21:50:00,2.31466,2.31488,2.31448,2.31462,194
2025-09-24 21:55:00,2.3146,2.31481,2.31428,2.31435,255
2025-09-24 22:00:00,2.31434,2.31461,2.31348,2.31364,278
2025-09-24 22:05:00,2.31363,2.31383,2.31355,2.3136200000000002,194
2025-09-24 22:10:00,2.3136,2.31373,2.31344,2.31356,160
2025-09-24 22:15:00,2.31354,2.31372,2.31346,2.3135,169
2025-09-24 22:20:00,2.31348,2.31356,2.3133,2.31345,155
2025-09-24 22:25:00,2.31346,2.3136,2.3134,2.31345,165
2025-09-24 22:30:00,2.31356,2.3138199999999998,2.3135,2.31357,141
2025-09-24 22:35:00,2.31357,2.3136900000000002,2.31331,2.31341,142
2025-09-24 22:40:00,2.3134,2.31359,2.31316,2.31317,164
2025-09-24 22:45:00,2.31316,2.31317,2.31265,2.31288,164
2025-09-24 22:50:00,2.31286,2.31294,2.31256,2.31261,144
2025-09-24 22:55:00,2.31263,2.31303,2.31255,2.31277,239
2025-09-24 23:00:00,2.31206,2.31257,2.31204,2.31255,177
2025-09-24 23:05:00,2.31256,2.31261,2.31227,2.31228,106
2025-09-24 23:10:00,2.31232,2.31234,2.31201,2.31205,176
2025-09-24 23:15:00,2.31212,2.31258,2.31197,2.31246,252
2025-09-24 23:20:00,2.31249,2.31338,2.31248,2.31283,108
2025-09-24 23:25:00,2.31284,2.31284,2.3118,2.3118600000000002,161
2025-09-24 23:30:00,2.31185,2.31241,2.31185,2.31238,122
2025-09-24 23:35:00,2.31238,2.31287,2.31218,2.3122,88
2025-09-24 23:40:00,2.31223,2.3124000000000002,2.31218,2.31232,163
2025-09-24 23:45:00,2.31233,2.31233,2.31137,2.31137,173
2025-09-24 23:50:00,2.3114,2.31182,2.31132,2.31168,189
2025-09-24 23:55:00,2.30953,2.30999,2.30949,2.30987,142
2025-09-25 00:05:00,2.31172,2.31172,2.3097,2.31039,62
2025-09-25 00:10:00,2.31039,2.31051,2.30943,2.31039,56
2025-09-25 00:15:00,2.31206,2.31239,2.31155,2.31172,150
2025-09-25 00:20:00,2.31167,2.312,2.31132,2.31178,155
2025-09-25 00:25:00,2.31169,2.31182,2.31105,2.31135,113
2025-09-25 00:30:00,2.3113099999999998,2.31136,2.31041,2.31069,71
2025-09-25 00:35:00,2.31085,2.31121,2.31051,2.311,132
2025-09-25 00:40:00,2.31106,2.31159,2.31103,2.31148,171
2025-09-25 00:45:00,2.31147,2.31174,2.31115,2.31129,74
2025-09-25 00:50:00,2.31119,2.3119199999999998,2.31119,2.31173,57
2025-09-25 00:55:00,2.31171,2.31194,2.3109,2.31119,206
2025-09-25 01:00:00,2.31151,2.31173,2.31122,2.31137,236
2025-09-25 01:05:00,2.31145,2.31167,2.31129,2.31165,144
2025-09-25 01:10:00,2.31163,2.31194,2.3116,2.31191,101
2025-09-25 01:15:00,2.3119199999999998,2.3119199999999998,2.31157,2.3117,152
2025-09-25 01:20:00,2.31171,2.31252,2.3117,2.31252,103
2025-09-25 01:25:00,2.31191,2.3121,2.31191,2.31208,91
2025-09-25 01:30:00,2.31209,2.31213,2.31191,2.3121,104
2025-09-25 01:35:00,2.31201,2.31249,2.3119,2.31191,65
2025-09-25 01:40:00,2.31191,2.3121,2.31182,2.31197,55
2025-09-25 01:45:00,2.31194,2.31274,2.31164,2.31164,52
2025-09-25 01:50:00,2.31158,2.31264,2.31158,2.3118600000000002,85
2025-09-25 01:55:00,2.31187,2.31257,2.3118,2.31182,76
2025-09-25 02:00:00,2.31194,2.31279,2.31194,2.31268,93
2025-09-25 02:05:00,2.31266,2.31286,2.31232,2.31235,92
2025-09-25 02:10:00,2.31234,2.31256,2.31227,2.31249,105
2025-09-25 02:15:00,2.31249,2.31267,2.31238,2.31243,83
2025-09-25 02:20:00,2.31245,2.31258,2.31233,2.31244,73
2025-09-25 02:25:00,2.31242,2.31262,2.3122,2.31229,73
2025-09-25 02:30:00,2.31228,2.31238,2.31214,2.31222,61
2025-09-25 02:35:00,2.3121,2.3125,2.3121,2.31246,48
2025-09-25 02:40:00,2.3124700000000002,2.31252,2.31228,2.31241,43
2025-09-25 02:45:00,2.31243,2.31272,2.3122,2.31272,142
2025-09-25 02:50:00,2.31274,2.31274,2.31226,2.31258,154
2025-09-25 02:55:00,2.31261,2.31286,2.3124000000000002,2.3125299999999998,143
2025-09-25 03:00:00,2.31255,2.31255,2.3114,2.31178,310
2025-09-25 03:05:00,2.3117900000000002,2.31213,2.31142,2.31203,210
2025-09-25 03:10:00,2.31204,2.31271,2.312,2.3124700000000002,189
2025-09-25 03:15:00,2.31246,2.31289,2.31242,2.3125,186
2025-09-25 03:20:00,2.31252,2.31266,2.31198,2.31215,188
2025-09-25 03:25:00,2.31216,2.31277,2.31202,2.31255,211
2025-09-25 03:30:00,2.31256,2.31316,2.31255,2.31295,213
2025-09-25 03:35:00,2.31293,2.31296,2.31266,2.31285,171
2025-09-25 03:40:00,2.31287,2.31298,2.31261,2.31286,163
2025-09-25 03:45:00,2.31289,2.31343,2.31263,2.31325,216
2025-09-25 03:50:00,2.31324,2.31399,2.31305,2.31394,309
2025-09-25 03:55:00,2.31393,2.31393,2.31315,2.31384,289
2025-09-25 04:00:00,2.31384,2.31387,2.3131399999999998,2.31342,296
2025-09-25 04:05:00,2.31343,2.31374,2.31322,2.3136900000000002,171
2025-09-25 04:10:00,2.31367,2.31367,2.31316,2.31329,181
2025-09-25 04:15:00,2.31331,2.31395,2.31312,2.31384,186
2025-09-25 04:20:00,2.31381,2.31393,2.31354,2.31378,189
2025-09-25 04:25:00,2.31377,2.31418,2.3137,2.31414,172
2025-09-25 04:30:00,2.31415,2.31438,2.31345,2.314,225
2025-09-25 04:35:00,2.31398,2.31462,2.31396,2.31459,198
2025-09-25 04:40:00,2.31461,2.31567,2.31461,2.31558,202
2025-09-25 04:45:00,2.3156499999999998,2.3156499999999998,2.31521,2.31534,180
2025-09-25 04:50:00,2.31537,2.31538,2.31408,2.31425,173
2025-09-25 04:55:00,2.31426,2.3143000000000002,2.3138,2.31392,205
2025-09-25 05:00:00,2.31391,2.31404,2.31341,2.31377,234
2025-09-25 05:05:00,2.31381,2.31432,2.31348,2.31366,194
2025-09-25 05:10:00,2.31368,2.31432,2.31325,2.31335,217
2025-09-25 05:15:00,2.31333,2.3137499999999998,2.3130800000000002,2.31365,185
2025-09-25 05:20:00,2.31359,2.31403,2.31358,2.31391,185
2025-09-25 05:25:00,2.31393,2.31394,2.31327,2.31344,169
2025-09-25 05:30:00,2.31345,2.31357,2.31263,2.31272,219
2025-09-25 05:35:00,2.31273,2.3131399999999998,2.31236,2.31254,204
2025-09-25 05:40:00,2.31249,2.31266,2.31223,2.31233,170
2025-09-25 05:45:00,2.31233,2.31262,2.31226,2.3125,108
2025-09-25 05:50:00,2.31252,2.31309,2.31238,2.31309,168
2025-09-25 05:55:00,2.31307,2.31307,2.31136,2.31141,252
2025-09-25 06:00:00,2.3114,2.31166,2.31095,2.31104,213
2025-09-25 06:05:00,2.31105,2.3118,2.31104,2.31136,159
2025-09-25 06:10:00,2.3113799999999998,2.31144,2.31108,2.3113,120
2025-09-25 06:15:00,2.3113,2.3115,2.31102,2.31139,185
2025-09-25 06:20:00,2.3114,2.3116,2.3111800000000002,2.31135,156
2025-09-25 06:25:00,2.31132,2.31146,2.31105,2.31112,129
2025-09-25 06:30:00,2.31113,2.3113799999999998,2.31094,2.31121,155
2025-09-25 06:35:00,2.31122,2.31123,2.31089,2.31107,117
2025-09-25 06:40:00,2.31109,2.31109,2.31037,2.31046,105
2025-09-25 06:45:00,2.31046,2.3106999999999998,2.31029,2.31048,104
2025-09-25 06:50:00,2.31051,2.31054,2.3097,2.30972,111
2025-09-25 06:55:00,2.30973,2.31013,2.30973,2.30982,142
2025-09-25 07:00:00,2.3098,2.30998,2.3095499999999998,2.30995,174
2025-09-25 07:05:00,2.30997,2.31043,2.30995,2.31011,142
2025-09-25 07:10:00,2.3101,2.31037,2.31004,2.31013,88
2025-09-25 07:15:00,2.31012,2.31117,2.31012,2.31105,98
2025-09-25 07:20:00,2.31105,2.31117,2.31075,2.31082,101
2025-09-25 07:25:00,2.31081,2.31123,2.31069,2.31094,89
2025-09-25 07:30:00,2.31094,2.3113,2.31081,2.3113,87
2025-09-25 07:35:00,2.3113,2.3113799999999998,2.31103,2.31111,84
2025-09-25 07:40:00,2.31112,2.31117,2.31078,2.31105,116
2025-09-25 07:45:00,2.31104,2.31174,2.31097,2.31171,121
2025-09-25 07:50:00,2.31172,2.31182,2.3113799999999998,2.31162,134
2025-09-25 07:55:00,2.31162,2.31168,2.3112500000000002,2.31129,167
2025-09-25 08:00:00,2.31128,2.31155,2.31108,2.31142,137
2025-09-25 08:05:00,2.31144,2.3116,2.31126,2.3113099999999998,126
2025-09-25 08:10:00,2.31133,2.31157,2.31133,2.31146,119
2025-09-25 08:15:00,2.31148,2.3119,2.31148,2.3117900000000002,167
2025-09-25 08:20:00,2.31178,2.31214,2.31159,2.31194,112
2025-09-25 08:25:00,2.3119199999999998,2.31213,2.31177,2.31191,123
2025-09-25 08:30:00,2.31198,2.31258,2.31187,2.31256,212
2025-09-25 08:35:00,2.31258,2.31258,2.31211,2.31213,126
2025-09-25 08:40:00,2.31215,2.31232,2.31145,2.31184,185
2025-09-25 08:45:00,2.3118600000000002,2.31214,2.31181,2.31196,114
2025-09-25 08:50:00,2.3119199999999998,2.31206,2.31151,2.31154,166
2025-09-25 08:55:00,2.31152,2.3118600000000002,2.31147,2.31167,176
2025-09-25 09:00:00,2.31149,2.31197,2.3113,2.31183,235
2025-09-25 09:05:00,2.31173,2.31191,2.31152,2.31175,209
2025-09-25 09:10:00,2.31177,2.31259,2.31177,2.31251,229
2025-09-25 09:15:00,2.3125299999999998,2.3125299999999998,2.31143,2.3119899999999998,308
2025-09-25 09:20:00,2.31198,2.3119899999999998,2.3113099999999998,2.31193,273
2025-09-25 09:25:00,2.31194,2.31251,2.31174,2.3119,204
2025-09-25 09:30:00,2.3119,2.31212,2.31165,2.3117,266
2025-09-25 09:35:00,2.31169,2.31198,2.3114,2.31169,300
2025-09-25 09:40:00,2.31164,2.31226,2.31161,2.31211,249
2025-09-25 09:45:00,2.31216,2.31282,2.31216,2.31278,266
2025-09-25 09:50:00,2.3128,2.31378,2.31278,2.31352,260
2025-09-25 09:55:00,2.31359,2.31363,2.31286,2.3132,330
2025-09-25 10:00:00,2.31326,2.31349,2.3128,2.31305,305
2025-09-25 10:05:00,2.3130800000000002,2.31315,2.31196,2.31221,219
2025-09-25 10:10:00,2.31223,2.31277,2.31209,2.31272,315
2025-09-25 10:15:00,2.31271,2.31287,2.31209,2.31222,278
2025-09-25 10:20:00,2.31221,2.31239,2.3118600000000002,2.3122,217
2025-09-25 10:25:00,2.31221,2.31291,2.31188,2.31291,222
2025-09-25 10:30:00,2.31289,2.3131399999999998,2.31205,2.31235,295
2025-09-25 10:35:00,2.31237,2.31249,2.31197,2.31208,312
2025-09-25 10:40:00,2.3121,2.31239,2.31108,2.31108,302
2025-09-25 10:45:00,2.31109,2.3115,2.31082,2.31122,377
2025-09-25 10:50:00,2.31123,2.31133,2.3106400000000002,2.31084,343
2025-09-25 10:55:00,2.31085,2.31086,2.3098,2.31013,413
2025-09-25 11:00:00,2.31012,2.31032,2.30938,2.30961,385
2025-09-25 11:05:00,2.30963,2.3099600000000002,2.30919,2.30987,325
2025-09-25 11:10:00,2.30989,2.31043,2.30933,2.30947,319
2025-09-25 11:15:00,2.3094799999999998,2.30964,2.30856,2.3088699999999998,318
2025-09-25 11:20:00,2.30886,2.3091,2.30829,2.30875,308
2025-09-25 11:25:00,2.30873,2.30897,2.30839,2.30839,302
2025-09-25 11:30:00,2.3084,2.30942,2.30838,2.30939,278
2025-09-25 11:35:00,2.30938,2.30976,2.309,2.30904,284
2025-09-25 11:40:00,2.30906,2.3095499999999998,2.30855,2.30904,223
2025-09-25 11:45:00,2.30905,2.30947,2.30815,2.30818,231
2025-09-25 11:50:00,2.30816,2.3088,2.30814,2.30825,242
2025-09-25 11:55:00,2.30822,2.30851,2.30792,2.30809,347
2025-09-25 12:00:00,2.30822,2.30832,2.30734,2.30743,299
2025-09-25 12:05:00,2.30742,2.30825,2.30737,2.30811,258
2025-09-25 12:10:00,2.30814,2.30831,2.30751,2.30771,277
2025-09-25 12:15:00,2.30769,2.30834,2.30763,2.30801,207
2025-09-25 12:20:00,2.308,2.30831,2.30775,2.30827,209
2025-09-25 12:25:00,2.30824,2.309,2.3082,2.3089,204
2025-09-25 12:30:00,2.30892,2.30922,2.30864,2.30905,209
2025-09-25 12:35:00,2.30903,2.30916,2.30854,2.30892,221
2025-09-25 12:40:00,2.30891,2.30921,2.30877,2.3089399999999998,192
2025-09-25 12:45:00,2.30893,2.30899,2.30855,2.30886,230
2025-09-25 12:50:00,2.30892,2.30918,2.30879,2.30905,227
2025-09-25 12:55:00,2.30903,2.30921,2.30882,2.30882,296
2025-09-25 13:00:00,2.30882,2.30924,2.30872,2.30886,239
2025-09-25 13:05:00,2.30885,2.30932,2.30863,2.30916,199
2025-09-25 13:10:00,2.30915,2.30928,2.30859,2.30883,232
2025-09-25 13:15:00,2.30884,2.30896,2.3085,2.30886,209
2025-09-25 13:20:00,2.3088699999999998,2.30906,2.30866,2.30888,136
2025-09-25 13:25:00,2.3089,2.30977,2.3089,2.30977,158
2025-09-25 13:30:00,2.30965,2.31076,2.30965,2.3106,216
2025-09-25 13:35:00,2.31061,2.31144,2.3105700000000002,2.31141,203
2025-09-25 13:40:00,2.31142,2.3117900000000002,2.31139,2.31158,176
2025-09-25 13:45:00,2.3116,2.3118600000000002,2.3113099999999998,2.31144,200
2025-09-25 13:50:00,2.31147,2.31197,2.31137,2.31196,188
2025-09-25 13:55:00,2.31197,2.31197,2.31108,2.31114,246
2025-09-25 14:00:00,2.31111,2.3117,2.31083,2.31089,345
2025-09-25 14:05:00,2.31093,2.31139,2.31084,2.31114,209
2025-09-25 14:10:00,2.31113,2.31124,2.31015,2.3104,317
2025-09-25 14:15:00,2.31038,2.31045,2.30994,2.31045,250
2025-09-25 14:20:00,2.31044,2.31046,2.3097,2.31028,243
2025-09-25 14:25:00,2.31026,2.3105,2.3101,2.3103,184
2025-09-25 14:30:00,2.31025,2.31048,2.3099,2.31025,217
2025-09-25 14:35:00,2.31024,2.31028,2.30883,2.309,305
2025-09-25 14:40:00,2.30892,2.30934,2.30847,2.30882,316
2025-09-25 14:45:00,2.30884,2.30956,2.30864,2.30949,268
2025-09-25 14:50:00,2.30951,2.30968,2.30899,2.30916,221
2025-09-25 14:55:00,2.30914,2.30941,2.30858,2.30941,258
2025-09-25 15:00:00,2.30952,2.30973,2.30888,2.30906,299
2025-09-25 15:05:00,2.30906,2.30934,2.30854,2.30878,297
2025-09-25 15:10:00,2.30883,2.30947,2.30859,2.30907,314
2025-09-25 15:15:00,2.30908,2.30917,2.3084,2.30882,390
2025-09-25 15:20:00,2.30884,2.30968,2.30829,2.30858,382
2025-09-25 15:25:00,2.30862,2.3094799999999998,2.30862,2.30873,344
2025-09-25 15:30:00,2.30884,2.31035,2.30832,2.30951,794
2025-09-25 15:35:00,2.30956,2.31061,2.30928,2.3093500000000002,648
2025-09-25 15:40:00,2.30937,2.31054,2.30926,2.30961,542
2025-09-25 15:45:00,2.30974,2.30975,2.3084,2.30885,568
2025-09-25 15:50:00,2.30886,2.30966,2.30863,2.30949,569
2025-09-25 15:55:00,2.30941,2.30967,2.30886,2.30933,606
2025-09-25 16:00:00,2.30926,2.3099600000000002,2.30888,2.30909,604
2025-09-25 16:05:00,2.3094,2.31019,2.30931,2.31006,549
2025-09-25 16:10:00,2.31011,2.31043,2.30965,2.30997,516
2025-09-25 16:15:00,2.30998,2.31079,2.30971,2.3106999999999998,564
2025-09-25 16:20:00,2.31066,2.31238,2.31066,2.31217,448
2025-09-25 16:25:00,2.31219,2.3127,2.31185,2.31245,416
2025-09-25 16:30:00,2.31249,2.31373,2.31234,2.31309,506
2025-09-25 16:35:00,2.31309,2.31452,2.31309,2.31439,470
2025-09-25 16:40:00,2.3144,2.31442,2.31341,2.31391,519
2025-09-25 16:45:00,2.31388,2.3144299999999998,2.31363,2.31415,537
2025-09-25 16:50:00,2.31424,2.3151,2.31393,2.3151,467
2025-09-25 16:55:00,2.31512,2.31599,2.31498,2.31577,460
2025-09-25 17:00:00,2.31587,2.31648,2.3154,2.31638,538
2025-09-25 17:05:00,2.31642,2.3168699999999998,2.31605,2.31656,566
2025-09-25 17:10:00,2.31654,2.31775,2.31622,2.31744,519
2025-09-25 17:15:00,2.31743,2.31757,2.31569,2.31645,550
2025-09-25 17:20:00,2.31642,2.31647,2.31536,2.31573,487
2025-09-25 17:25:00,2.31572,2.31583,2.31473,2.31477,476
2025-09-25 17:30:00,2.31482,2.31537,2.31432,2.31462,433
2025-09-25 17:35:00,2.31463,2.3147,2.31358,2.31387,494
2025-09-25 17:40:00,2.31386,2.31413,2.3124700000000002,2.31255,459
2025-09-25 17:45:00,2.31256,2.3136200000000002,2.3123,2.3124000000000002,483
2025-09-25 17:50:00,2.31242,2.31292,2.31117,2.3114,511
2025-09-25 17:55:00,2.31141,2.31142,2.30991,2.30994,571
2025-09-25 18:00:00,2.30995,2.31117,2.30992,2.31088,547
2025-09-25 18:05:00,2.31078,2.3118600000000002,2.31063,2.31117,386
2025-09-25 18:10:00,2.31117,2.31167,2.31074,2.31107,373
2025-09-25 18:15:00,2.31105,2.3116,2.31078,2.31126,435
2025-09-25 18:20:00,2.31127,2.31212,2.31071,2.31161,403
2025-09-25 18:25:00,2.31164,2.31232,2.31147,2.31212,382
2025-09-25 18:30:00,2.31214,2.31221,2.31104,2.31109,435
2025-09-25 18:35:00,2.31106,2.31161,2.31088,2.31137,390
2025-09-25 18:40:00,2.31136,2.31169,2.31121,2.31169,353
2025-09-25 18:45:00,2.31173,2.31208,2.3115,2.31175,335
2025-09-25 18:50:00,2.31172,2.31191,2.31139,2.31148,326
2025-09-25 18:55:00,2.31149,2.3116,2.3107699999999998,2.31102,309
2025-09-25 19:00:00,2.311,2.31134,2.31089,2.31115,334
2025-09-25 19:05:00,2.31114,2.31128,2.31078,2.31121,313
2025-09-25 19:10:00,2.31127,2.31164,2.31093,2.31124,329
2025-09-25 19:15:00,2.31126,2.31126,2.31056,2.31083,331
2025-09-25 19:20:00,2.31084,2.31121,2.3106400000000002,2.31114,301
2025-09-25 19:25:00,2.31115,2.3116,2.31097,2.31154,278
2025-09-25 19:30:00,2.31153,2.31161,2.31093,2.31098,315
2025-09-25 19:35:00,2.31097,2.31115,2.3106400000000002,2.3108,243
2025-09-25 19:40:00,2.31081,2.31144,2.3108,2.31144,225
2025-09-25 19:45:00,2.31141,2.31154,2.31104,2.31121,326
2025-09-25 19:50:00,2.3113099999999998,2.31132,2.31048,2.31097,276
2025-09-25 19:55:00,2.31096,2.31161,2.31091,2.31102,284
2025-09-25 20:00:00,2.31097,2.31137,2.31085,2.31113,328
2025-09-25 20:05:00,2.31111,2.3123,2.31111,2.31212,299
2025-09-25 20:10:00,2.31211,2.31211,2.31152,2.31167,280
2025-09-25 20:15:00,2.31168,2.31204,2.31152,2.3118600000000002,275
2025-09-25 20:20:00,2.31196,2.31272,2.3119199999999998,2.31227,382
2025-09-25 20:25:00,2.31216,2.31244,2.31189,2.31214,365
2025-09-25 20:30:00,2.31216,2.31264,2.31195,2.31241,331
2025-09-25 20:35:00,2.31243,2.31298,2.31243,2.31288,249
2025-09-25 20:40:00,2.31286,2.31303,2.31215,2.31236,233
2025-09-25 20:45:00,2.31238,2.31277,2.3117,2.31277,255
2025-09-25 20:50:00,2.31276,2.31292,2.3124700000000002,2.31271,223
2025-09-25 20:55:00,2.31274,2.31327,2.31273,2.31318,259
2025-09-25 21:00:00,2.31317,2.31384,2.31303,2.31366,332
2025-09-25 21:05:00,2.31368,2.31384,2.3130800000000002,2.31346,409
2025-09-25 21:10:00,2.31343,2.31356,2.31302,2.31303,421
2025-09-25 21:15:00,2.31316,2.31363,2.3127,2.31353,269
2025-09-25 21:20:00,2.31356,2.3137499999999998,2.31335,2.31348,245
2025-09-25 21:25:00,2.31347,2.31366,2.31319,2.31364,249
2025-09-25 21:30:00,2.31361,2.31402,2.31348,2.31378,221
2025-09-25 21:35:00,2.31377,2.31393,2.3134,2.31361,249
2025-09-25 21:40:00,2.31357,2.31364,2.31295,2.31302,230
2025-09-25 21:45:00,2.31303,2.3135,2.31303,2.3131,210
2025-09-25 21:50:00,2.31309,2.31357,2.31303,2.31337,268
2025-09-25 21:55:00,2.31336,2.31394,2.31329,2.31342,257
2025-09-25 22:00:00,2.31344,2.3137499999999998,2.31313,2.31337,245
2025-09-25 22:05:00,2.31336,2.31354,2.31317,2.31331,243
2025-09-25 22:10:00,2.31332,2.31374,2.31298,2.3137,224
2025-09-25 22:15:00,2.31368,2.3137499999999998,2.31337,2.3136900000000002,266
2025-09-25 22:20:00,2.3137,2.31383,2.31339,2.31365,209
2025-09-25 22:25:00,2.31366,2.31372,2.31313,2.31326,205
2025-09-25 22:30:00,2.31326,2.3136,2.31309,2.31352,217
2025-09-25 22:35:00,2.31356,2.31376,2.31339,2.31364,186
2025-09-25 22:40:00,2.31365,2.31377,2.31337,2.31355,179
2025-09-25 22:45:00,2.31353,2.31371,2.31339,2.31366,223
2025-09-25 22:50:00,2.31366,2.31379,2.31347,2.31361,191
2025-09-25 22:55:00,2.31361,2.31412,2.31336,2.31351,220
2025-09-25 23:00:00,2.3128,2.3132099999999998,2.3128,2.31296,214
2025-09-25 23:05:00,2.31295,2.31319,2.3128,2.31304,125
2025-09-25 23:10:00,2.31307,2.31324,2.31293,2.31294,89
2025-09-25 23:15:00,2.31295,2.31336,2.31294,2.31306,133
2025-09-25 23:20:00,2.31306,2.31332,2.31277,2.31296,144
2025-09-25 23:25:00,2.31298,2.3130800000000002,2.3127,2.31279,78
2025-09-25 23:30:00,2.31273,2.31287,2.31251,2.31251,157
2025-09-25 23:35:00,2.31255,2.31285,2.3124000000000002,2.31284,113
2025-09-25 23:40:00,2.31291,2.31304,2.31268,2.31268,102
2025-09-25 23:45:00,2.31269,2.31296,2.31255,2.31296,216
2025-09-25 23:50:00,2.3129,2.31351,2.3129,2.31331,176
2025-09-25 23:55:00,2.31381,2.31381,2.31017,2.31027,232
2025-09-26 00:00:00,2.30822,2.31091,2.30822,2.31091,9
2025-09-26 00:05:00,2.31121,2.3113099999999998,2.30634,2.30846,65
2025-09-26 00:10:00,2.30846,2.31087,2.30801,2.31087,97
2025-09-26 00:15:00,2.31087,2.3119,2.31087,2.3111800000000002,42
2025-09-26 00:20:00,2.31113,2.31313,2.31067,2.31233,99
2025-09-26 00:25:00,2.31189,2.3132,2.3117,2.31286,158
2025-09-26 00:30:00,2.31297,2.31329,2.31225,2.31265,127
2025-09-26 00:35:00,2.3125999999999998,2.31344,2.31241,2.31299,228
2025-09-26 00:40:00,2.31295,2.31302,2.3112500000000002,2.31188,330
2025-09-26 00:45:00,2.31198,2.3124700000000002,2.3106400000000002,2.31201,292
2025-09-26 00:50:00,2.3119899999999998,2.3119899999999998,2.31097,2.31097,338
2025-09-26 00:55:00,2.31092,2.3119899999999998,2.31008,2.31175,477
2025-09-26 01:00:00,2.31183,2.31256,2.31105,2.31235,207
2025-09-26 01:05:00,2.31243,2.3125,2.31194,2.3121,66
2025-09-26 01:10:00,2.31209,2.31229,2.31209,2.31228,78
2025-09-26 01:15:00,2.31269,2.31271,2.31215,2.3122,67
2025-09-26 01:20:00,2.31222,2.31276,2.3121,2.31222,70
2025-09-26 01:25:00,2.31221,2.31311,2.31214,2.31242,99
2025-09-26 01:30:00,2.31238,2.3125299999999998,2.31221,2.31228,122
2025-09-26 01:35:00,2.3123,2.31279,2.31228,2.31277,75
2025-09-26 01:40:00,2.31279,2.31298,2.31256,2.31258,95
2025-09-26 01:45:00,2.31262,2.31354,2.3125,2.31307,66
2025-09-26 01:50:00,2.3130100000000002,2.31327,2.31296,2.31303,105
2025-09-26 01:55:00,2.31304,2.31318,2.31291,2.3131399999999998,66
2025-09-26 02:00:00,2.31326,2.31399,2.31326,2.31373,77
2025-09-26 02:05:00,2.31368,2.3137,2.31343,2.31351,68
2025-09-26 02:10:00,2.31354,2.31387,2.31352,2.31364,87
2025-09-26 02:15:00,2.31361,2.3138,2.31339,2.31354,135
2025-09-26 02:20:00,2.31358,2.31374,2.31331,2.3136900000000002,137
2025-09-26 02:25:00,2.31368,2.3137,2.31341,2.31347,112
2025-09-26 02:30:00,2.31345,2.31373,2.31328,2.3133,173
2025-09-26 02:35:00,2.31334,2.31359,2.31334,2.31347,113
2025-09-26 02:40:00,2.31347,2.31373,2.31331,2.31359,98
2025-09-26 02:45:00,2.31358,2.31389,2.31356,2.31388,92
2025-09-26 02:50:00,2.31389,2.31435,2.3137499999999998,2.31419,75
2025-09-26 02:55:00,2.31417,2.31428,2.31378,2.31379,117
2025-09-26 03:00:00,2.31383,2.31464,2.3138,2.31456,188
2025-09-26 03:05:00,2.31454,2.31572,2.31454,2.31517,193
2025-09-26 03:10:00,2.31519,2.31557,2.31507,2.31513,190
2025-09-26 03:15:00,2.31511,2.31577,2.31511,2.3155,189
2025-09-26 03:20:00,2.31546,2.31548,2.3148,2.3154500000000002,152
2025-09-26 03:25:00,2.31543,2.3154500000000002,2.31501,2.31528,184
2025-09-26 03:30:00,2.3153,2.31582,2.3153,2.31556,177
2025-09-26 03:35:00,2.31558,2.31561,2.31468,2.31468,147
2025-09-26 03:40:00,2.31475,2.31519,2.31467,2.31518,169
2025-09-26 03:45:00,2.31524,2.31536,2.31463,2.3147,165
2025-09-26 03:50:00,2.31468,2.3154,2.31468,2.31533,216
2025-09-26 03:55:00,2.31531,2.31531,2.31427,2.31447,257
2025-09-26 04:00:00,2.3144299999999998,2.31518,2.31379,2.31492,310
2025-09-26 04:05:00,2.31494,2.315,2.31442,2.31457,209
2025-09-26 04:10:00,2.31458,2.31471,2.31395,2.31412,191
2025-09-26 04:15:00,2.3141,2.31435,2.3138199999999998,2.31403,163
2025-09-26 04:20:00,2.31405,2.3145,2.31395,2.3144,166
2025-09-26 04:25:00,2.3144,2.31493,2.31437,2.3148400000000002,199
2025-09-26 04:30:00,2.31487,2.31495,2.3142300000000002,2.31427,213
2025-09-26 04:35:00,2.31429,2.3147,2.31412,2.3142300000000002,166
2025-09-26 04:40:00,2.31424,2.31492,2.31418,2.31471,169
2025-09-26 04:45:00,2.31474,2.31514,2.31465,2.31497,232
2025-09-26 04:50:00,2.3149100000000002,2.31512,2.31465,2.31485,182
2025-09-26 04:55:00,2.31486,2.31566,2.31485,2.31526,229
2025-09-26 05:00:00,2.31528,2.3154,2.3147,2.31474,146
2025-09-26 05:05:00,2.31473,2.31485,2.31453,2.31462,148
2025-09-26 05:10:00,2.31461,2.31531,2.31457,2.31527,154
2025-09-26 05:15:00,2.31533,2.31555,2.31509,2.31547,98
2025-09-26 05:20:00,2.31548,2.31566,2.31523,2.31535,111
2025-09-26 05:25:00,2.31537,2.31557,2.31452,2.31456,115
2025-09-26 05:30:00,2.31456,2.31482,2.31428,2.31449,153
2025-09-26 05:35:00,2.31446,2.31509,2.31434,2.31509,143
2025-09-26 05:40:00,2.31507,2.31589,2.31496,2.31574,138
2025-09-26 05:45:00,2.31577,2.31599,2.3154,2.31548,146
2025-09-26 05:50:00,2.31546,2.31553,2.3150399999999998,2.3150399999999998,121
2025-09-26 05:55:00,2.315,2.31507,2.31452,2.31456,152
2025-09-26 06:00:00,2.31452,2.31473,2.31411,2.31472,152
2025-09-26 06:05:00,2.31473,2.31473,2.3142300000000002,2.31434,113
2025-09-26 06:10:00,2.3143000000000002,2.31452,2.31413,2.31449,125
2025-09-26 06:15:00,2.31451,2.31454,2.31422,2.31431,86
2025-09-26 06:20:00,2.3143000000000002,2.3147,2.31429,2.31455,133
2025-09-26 06:25:00,2.31456,2.315,2.31454,2.31472,137
2025-09-26 06:30:00,2.31477,2.31482,2.31447,2.31472,126
2025-09-26 06:35:00,2.31474,2.31502,2.3146,2.31496,121
2025-09-26 06:40:00,2.31495,2.3151,2.3148,2.3149100000000002,110
2025-09-26 06:45:00,2.31489,2.31513,2.31481,2.3149,89
2025-09-26 06:50:00,2.31488,2.31517,2.31488,2.31508,76
2025-09-26 06:55:00,2.3151,2.31518,2.31492,2.31515,114
2025-09-26 07:00:00,2.31517,2.3154500000000002,2.31496,2.31539,126
2025-09-26 07:05:00,2.31537,2.31568,2.31513,2.31517,94
2025-09-26 07:10:00,2.31516,2.3152,2.31476,2.31497,107
2025-09-26 07:15:00,2.31496,2.31506,2.31394,2.31413,152
2025-09-26 07:20:00,2.31411,2.3148,2.31405,2.31467,103
2025-09-26 07:25:00,2.31465,2.31486,2.3146,2.31474,76
2025-09-26 07:30:00,2.31473,2.31499,2.31446,2.31497,107
2025-09-26 07:35:00,2.31496,2.31535,2.31409,2.3142,118
2025-09-26 07:40:00,2.3142300000000002,2.31449,2.31414,2.31439,102
2025-09-26 07:45:00,2.31437,2.31471,2.31418,2.3146,106
2025-09-26 07:50:00,2.31461,2.31483,2.31454,2.31471,110
2025-09-26 07:55:00,2.31473,2.31493,2.31444,2.31444,119
2025-09-26 08:00:00,2.31442,2.3145,2.31399,2.31426,140
2025-09-26 08:05:00,2.31434,2.31487,2.31422,2.31473,98
2025-09-26 08:10:00,2.31472,2.31473,2.31437,2.31459,124
2025-09-26 08:15:00,2.3146,2.31473,2.3143599999999998,2.31447,115
2025-09-26 08:20:00,2.31445,2.31459,2.31426,2.31444,112
2025-09-26 08:25:00,2.31446,2.31461,2.31428,2.31455,107
2025-09-26 08:30:00,2.31463,2.31506,2.31421,2.31431,161
2025-09-26 08:35:00,2.31435,2.31503,2.3143000000000002,2.31474,121
2025-09-26 08:40:00,2.31476,2.31489,2.31451,2.31451,122
2025-09-26 08:45:00,2.31455,2.3151,2.31455,2.3149100000000002,126
2025-09-26 08:50:00,2.31493,2.3151,2.31472,2.31502,126
2025-09-26 08:55:00,2.31501,2.31556,2.3149,2.31493,155
2025-09-26 09:00:00,2.3149,2.31543,2.31456,2.31483,211
2025-09-26 09:05:00,2.31481,2.31513,2.31452,2.31479,235
2025-09-26 09:10:00,2.31477,2.31496,2.31433,2.31455,232
2025-09-26 09:15:00,2.31457,2.31465,2.31395,2.3144,239
2025-09-26 09:20:00,2.31444,2.3151,2.31411,2.3151,241
2025-09-26 09:25:00,2.31507,2.31532,2.31477,2.31524,242
2025-09-26 09:30:00,2.31525,2.31537,2.31489,2.31527,233
2025-09-26 09:35:00,2.31529,2.31601,2.31502,2.31601,264
2025-09-26 09:40:00,2.316,2.31668,2.31586,2.31628,271
2025-09-26 09:45:00,2.31623,2.31668,2.31581,2.31651,243
2025-09-26 09:50:00,2.31653,2.3168,2.31631,2.31653,214
2025-09-26 09:55:00,2.31653,2.31675,2.31592,2.31609,305
2025-09-26 10:00:00,2.31603,2.31713,2.31603,2.31689,386
2025-09-26 10:05:00,2.31697,2.31736,2.31662,2.31683,335
2025-09-26 10:10:00,2.31671,2.3173500000000002,2.31653,2.31663,291
2025-09-26 10:15:00,2.31677,2.31758,2.31676,2.31734,265
2025-09-26 10:20:00,2.3173500000000002,2.31762,2.31691,2.31707,265
2025-09-26 10:25:00,2.31708,2.3173,2.31615,2.31676,259
2025-09-26 10:30:00,2.3167400000000002,2.31722,2.31663,2.31712,264
2025-09-26 10:35:00,2.31709,2.31732,2.3168699999999998,2.31709,293
2025-09-26 10:40:00,2.31712,2.3172800000000002,2.31675,2.31722,235
2025-09-26 10:45:00,2.31725,2.31785,2.31705,2.3177,229
2025-09-26 10:50:00,2.31768,2.31825,2.31768,2.3179600000000002,248
2025-09-26 10:55:00,2.31798,2.31873,2.31736,2.31739,255
2025-09-26 11:00:00,2.31734,2.31764,2.31656,2.31676,296
2025-09-26 11:05:00,2.3167400000000002,2.31681,2.31616,2.31666,221
2025-09-26 11:10:00,2.31668,2.3175,2.3166700000000002,2.31733,205
2025-09-26 11:15:00,2.3173,2.31745,2.31661,2.3173500000000002,213
2025-09-26 11:20:00,2.31738,2.31807,2.31734,2.31802,186
2025-09-26 11:25:00,2.31804,2.31898,2.3178900000000002,2.31883,209
2025-09-26 11:30:00,2.31884,2.31888,2.31785,2.3178900000000002,282
2025-09-26 11:35:00,2.31784,2.31838,2.3175499999999998,2.31823,266
2025-09-26 11:40:00,2.31821,2.31842,2.3178,2.31802,242
2025-09-26 11:45:00,2.31803,2.31825,2.31784,2.3179600000000002,249
2025-09-26 11:50:00,2.31799,2.31842,2.31753,2.31761,195
2025-09-26 11:55:00,2.31753,2.3188,2.3173500000000002,2.31812,307
2025-09-26 12:00:00,2.31815,2.31874,2.31776,2.31805,264
2025-09-26 12:05:00,2.31805,2.31831,2.31775,2.31794,278
2025-09-26 12:10:00,2.31791,2.31798,2.31736,2.31747,265
2025-09-26 12:15:00,2.31746,2.31814,2.31721,2.31808,242
2025-09-26 12:20:00,2.31807,2.31833,2.31787,2.31818,216
2025-09-26 12:25:00,2.31815,2.31833,2.31766,2.3178900000000002,254
2025-09-26 12:30:00,2.31787,2.31805,2.3175,2.31797,206
2025-09-26 12:35:00,2.31799,2.31842,2.31773,2.31803,183
2025-09-26 12:40:00,2.31802,2.31865,2.31799,2.31851,182
2025-09-26 12:45:00,2.31836,2.31846,2.31817,2.31846,163
2025-09-26 12:50:00,2.31841,2.31854,2.31821,2.31829,172
2025-09-26 12:55:00,2.31827,2.31827,2.31761,2.31792,261
2025-09-26 13:00:00,2.31788,2.31808,2.31753,2.31791,262
2025-09-26 13:05:00,2.31793,2.31841,2.31774,2.31791,226
2025-09-26 13:10:00,2.31795,2.31846,2.31793,2.31828,201
2025-09-26 13:15:00,2.31827,2.31842,2.31786,2.31814,207
2025-09-26 13:20:00,2.31818,2.31836,2.31782,2.31802,219
2025-09-26 13:25:00,2.31805,2.31843,2.318,2.31817,162
2025-09-26 13:30:00,2.3181599999999998,2.31896,2.31807,2.31894,187
2025-09-26 13:35:00,2.31895,2.31924,2.31854,2.31922,191
2025-09-26 13:40:00,2.3192,2.3197,2.3191800000000002,2.31929,202
2025-09-26 13:45:00,2.31933,2.31933,2.31827,2.31835,226
2025-09-26 13:50:00,2.31834,2.31845,2.31778,2.31807,255
2025-09-26 13:55:00,2.3180899999999998,2.31811,2.31733,2.31781,268
2025-09-26 14:00:00,2.31783,2.31836,2.31767,2.31797,197
2025-09-26 14:05:00,2.31797,2.31824,2.31706,2.31726,253
2025-09-26 14:10:00,2.3172800000000002,2.31779,2.31724,2.31765,167
2025-09-26 14:15:00,2.31764,2.31803,2.31756,2.31793,169
2025-09-26 14:20:00,2.31797,2.31814,2.31774,2.3178,165
2025-09-26 14:25:00,2.31782,2.31814,2.31763,2.31787,228
2025-09-26 14:30:00,2.31786,2.31807,2.31732,2.31732,222
2025-09-26 14:35:00,2.31734,2.31772,2.31723,2.31767,219
2025-09-26 14:40:00,2.31766,2.3178,2.3172,2.31726,215
2025-09-26 14:45:00,2.31739,2.31766,2.31732,2.31759,192
2025-09-26 14:50:00,2.31761,2.31763,2.31719,2.31736,206
2025-09-26 14:55:00,2.31742,2.3179,2.31711,2.3179,273
2025-09-26 15:00:00,2.31794,2.31821,2.31765,2.3179,313
2025-09-26 15:05:00,2.31788,2.31792,2.31725,2.31761,230
2025-09-26 15:10:00,2.31757,2.31779,2.31715,2.3173500000000002,244
2025-09-26 15:15:00,2.31738,2.31785,2.31709,2.31775,283
2025-09-26 15:20:00,2.31768,2.31866,2.31768,2.31856,270
2025-09-26 15:25:00,2.3185700000000002,2.31948,2.31834,2.31919,250
2025-09-26 15:30:00,2.31915,2.31946,2.31801,2.31833,565
2025-09-26 15:35:00,2.31828,2.31905,2.31825,2.31849,546
2025-09-26 15:40:00,2.31859,2.31907,2.31831,2.31896,475
2025-09-26 15:45:00,2.319,2.31954,2.31867,2.31879,456
2025-09-26 15:50:00,2.31878,2.31945,2.31848,2.31939,369
2025-09-26 15:55:00,2.3193799999999998,2.31974,2.31926,2.31958,448
2025-09-26 16:00:00,2.31961,2.31977,2.31866,2.31893,531
2025-09-26 16:05:00,2.31894,2.3197,2.3186,2.31909,447
2025-09-26 16:10:00,2.31907,2.31959,2.31879,2.31942,410
2025-09-26 16:15:00,2.31946,2.32009,2.31893,2.31978,478
2025-09-26 16:20:00,2.31976,2.32085,2.31962,2.32077,428
2025-09-26 16:25:00,2.32078,2.32108,2.32051,2.32061,354
2025-09-26 16:30:00,2.32059,2.32147,2.32018,2.32035,469
2025-09-26 16:35:00,2.32031,2.32153,2.32003,2.32098,491
2025-09-26 16:40:00,2.32105,2.32131,2.32051,2.32124,461
2025-09-26 16:45:00,2.32124,2.32208,2.3211399999999998,2.32192,518
2025-09-26 16:50:00,2.32191,2.32194,2.32082,2.32166,489
2025-09-26 16:55:00,2.32164,2.32179,2.32124,2.32128,385
2025-09-26 17:00:00,2.32141,2.32238,2.32061,2.32211,443
2025-09-26 17:05:00,2.32203,2.32312,2.3216200000000002,2.32266,551
2025-09-26 17:10:00,2.32279,2.32293,2.32201,2.32235,462
2025-09-26 17:15:00,2.32235,2.32261,2.32193,2.32201,506
2025-09-26 17:20:00,2.32198,2.32275,2.32185,2.3224,440
2025-09-26 17:25:00,2.32241,2.32324,2.32238,2.3227,478
2025-09-26 17:30:00,2.32275,2.32342,2.32242,2.32332,467
2025-09-26 17:35:00,2.3233,2.3234,2.32205,2.32211,400
2025-09-26 17:40:00,2.32213,2.32269,2.32196,2.3223,427
2025-09-26 17:45:00,2.32231,2.32309,2.32194,2.32293,462
2025-09-26 17:50:00,2.32291,2.32312,2.32226,2.32273,458
2025-09-26 17:55:00,2.3227700000000002,2.32359,2.32271,2.32314,492
2025-09-26 18:00:00,2.32312,2.32314,2.32228,2.32265,482
2025-09-26 18:05:00,2.3227700000000002,2.32298,2.32234,2.32256,407
2025-09-26 18:10:00,2.32257,2.32341,2.32251,2.323,350
2025-09-26 18:15:00,2.32302,2.3234,2.32293,2.32311,293
2025-09-26 18:20:00,2.3231,2.3236,2.3227700000000002,2.3235,334
2025-09-26 18:25:00,2.32352,2.32352,2.3230399999999998,2.32318,294
2025-09-26 18:30:00,2.32313,2.3236499999999998,2.32289,2.32327,373
2025-09-26 18:35:00,2.3233,2.32382,2.32318,2.32356,342
2025-09-26 18:40:00,2.32357,2.32376,2.32312,2.32326,336
2025-09-26 18:45:00,2.32321,2.32352,2.32286,2.32299,306
2025-09-26 18:50:00,2.323,2.32322,2.32267,2.3228400000000002,285
2025-09-26 18:55:00,2.32274,2.32356,2.32274,2.3234500000000002,341
2025-09-26 19:00:00,2.32344,2.32425,2.32318,2.3239,300
2025-09-26 19:05:00,2.32381,2.3242,2.32373,2.32413,265
2025-09-26 19:10:00,2.32411,2.32423,2.3235,2.32352,291
2025-09-26 19:15:00,2.32354,2.32361,2.32287,2.3229699999999998,308
2025-09-26 19:20:00,2.32295,2.32295,2.32221,2.32232,263
2025-09-26 19:25:00,2.3223,2.32271,2.32227,2.32271,276
2025-09-26 19:30:00,2.32269,2.32289,2.32241,2.32282,242
2025-09-26 19:35:00,2.32283,2.32286,2.32204,2.32211,218
2025-09-26 19:40:00,2.32209,2.32249,2.3216200000000002,2.32164,200
2025-09-26 19:45:00,2.32167,2.3222300000000002,2.32144,2.32147,202
2025-09-26 19:50:00,2.32146,2.322,2.32138,2.32156,207
2025-09-26 19:55:00,2.32165,2.32178,2.32111,2.32124,299
2025-09-26 20:00:00,2.32127,2.32141,2.32073,2.32138,286
2025-09-26 20:05:00,2.3214,2.32212,2.32137,2.32202,238
2025-09-26 20:10:00,2.322,2.32215,2.32156,2.32161,176
2025-09-26 20:15:00,2.32163,2.32178,2.32144,2.32158,191
2025-09-26 20:20:00,2.32161,2.32168,2.3214,2.32156,148
2025-09-26 20:25:00,2.32154,2.3217499999999998,2.32143,2.32172,146
2025-09-26 20:30:00,2.3217,2.32192,2.32132,2.32146,177
2025-09-26 20:35:00,2.32144,2.32215,2.32142,2.32201,186
2025-09-26 20:40:00,2.32212,2.32221,2.32177,2.32193,140
2025-09-26 20:45:00,2.32195,2.32226,2.32176,2.32211,159
2025-09-26 20:50:00,2.32213,2.32247,2.32201,2.32234,173
2025-09-26 20:55:00,2.32228,2.3225,2.32202,2.32209,220
2025-09-26 21:00:00,2.32208,2.32235,2.32192,2.3223,213
2025-09-26 21:05:00,2.32227,2.3224299999999998,2.32205,2.3224,204
2025-09-26 21:10:00,2.32241,2.32267,2.32238,2.32254,185
2025-09-26 21:15:00,2.32255,2.3226,2.32231,2.32235,162
2025-09-26 21:20:00,2.32235,2.32244,2.32209,2.3221,148
2025-09-26 21:25:00,2.32212,2.32221,2.32159,2.3217,181
2025-09-26 21:30:00,2.32168,2.3218199999999998,2.32132,2.32154,174
2025-09-26 21:35:00,2.32157,2.32168,2.32137,2.32147,165
2025-09-26 21:40:00,2.32148,2.32166,2.32144,2.32159,127
2025-09-26 21:45:00,2.32161,2.32207,2.32153,2.322,239
2025-09-26 21:50:00,2.32201,2.3221600000000002,2.32179,2.3219,208
2025-09-26 21:55:00,2.32193,2.32218,2.32174,2.32203,230
2025-09-26 22:00:00,2.32204,2.32204,2.32152,2.32154,176
2025-09-26 22:05:00,2.32158,2.32187,2.32146,2.32161,109
2025-09-26 22:10:00,2.32159,2.3217,2.32143,2.32163,107
2025-09-26 22:15:00,2.32158,2.32183,2.32149,2.32177,141
2025-09-26 22:20:00,2.32181,2.32199,2.32148,2.3216200000000002,104
2025-09-26 22:25:00,2.32156,2.3219,2.32146,2.3218,157
2025-09-26 22:30:00,2.3218199999999998,2.32227,2.3218,2.32204,124
2025-09-26 22:35:00,2.32203,2.32219,2.32185,2.322,175
2025-09-26 22:40:00,2.32196,2.32227,2.32196,2.32221,181
2025-09-26 22:45:00,2.32218,2.3222,2.32141,2.32141,137
2025-09-26 22:50:00,2.32143,2.32183,2.32133,2.32146,175
2025-09-26 22:55:00,2.3214,2.32165,2.32132,2.32141,237
2025-09-26 23:00:00,2.3207,2.32072,2.32037,2.32058,186
2025-09-26 23:05:00,2.32059,2.32112,2.3204000000000002,2.32064,112
2025-09-26 23:10:00,2.32067,2.32077,2.32046,2.32069,117
2025-09-26 23:15:00,2.32073,2.3209,2.32052,2.32066,165
2025-09-26 23:20:00,2.32065,2.32076,2.32055,2.32072,125
2025-09-26 23:25:00,2.32074,2.32075,2.3205299999999998,2.3207,144
2025-09-26 23:30:00,2.32069,2.32112,2.32049,2.32112,167
2025-09-26 23:35:00,2.32111,2.32128,2.32044,2.32057,107
2025-09-26 23:40:00,2.32056,2.32068,2.32012,2.32055,126
2025-09-26 23:45:00,2.32051,2.32084,2.32049,2.32078,176
2025-09-26 23:50:00,2.3207,2.321,2.3205,2.32088,271
2025-09-26 23:55:00,2.32117,2.3212099999999998,2.31685,2.3172,310
2025-09-29 00:00:00,2.3064,2.30659,2.30639,2.30659,6
2025-09-29 00:05:00,2.3064299999999998,2.30995,2.3064299999999998,2.30995,6
2025-10-01 00:00:00,2.30713,2.30721,2.30713,2.3072,3
2025-10-01 00:05:00,2.31082,2.31571,2.3107699999999998,2.31309,27
2025-10-01 00:10:00,2.31309,2.31344,2.31306,2.31344,59
2025-10-01 00:15:00,2.31345,2.31772,2.31345,2.31566,153
2025-10-01 00:20:00,2.3157,2.3175499999999998,2.31537,2.31712,138
2025-10-01 00:25:00,2.31713,2.31801,2.31566,2.31762,144
2025-10-01 00:30:00,2.3162,2.31786,2.31592,2.31786,235
2025-10-01 00:35:00,2.31753,2.31909,2.3174,2.31905,159
2025-10-01 00:40:00,2.31909,2.31956,2.31869,2.31956,509
2025-10-01 00:45:00,2.319,2.3195,2.31782,2.31901,234
2025-10-01 00:50:00,2.31905,2.31905,2.31837,2.31873,111
2025-10-01 00:55:00,2.31869,2.31912,2.31817,2.31881,420
2025-10-01 01:00:00,2.31905,2.31983,2.31887,2.31897,218
2025-10-01 01:05:00,2.31903,2.31941,2.31903,2.31917,75
2025-10-01 01:10:00,2.31919,2.31935,2.31887,2.31905,78
2025-10-01 01:15:00,2.31904,2.31926,2.31894,2.31913,156
2025-10-01 01:20:00,2.3191800000000002,2.3191800000000002,2.31879,2.31914,112
2025-10-01 01:25:00,2.31912,2.31912,2.31894,2.31902,108
2025-10-01 01:30:00,2.31898,2.31905,2.31819,2.31841,141
2025-10-01 01:35:00,2.31839,2.31888,2.31823,2.31827,113
2025-10-01 01:40:00,2.31827,2.31884,2.31814,2.31831,52
2025-10-01 01:45:00,2.3183,2.31846,2.3182,2.31846,85
2025-10-01 01:50:00,2.31844,2.31903,2.31844,2.31849,59
2025-10-01 01:55:00,2.3185000000000002,2.31917,2.31832,2.31882,137
2025-10-01 02:00:00,2.31885,2.31947,2.31885,2.31912,123
2025-10-01 02:05:00,2.3191,2.31921,2.3189,2.31907,115
2025-10-01 02:10:00,2.31905,2.31937,2.31874,2.31896,101
2025-10-01 02:15:00,2.31897,2.31961,2.31895,2.31954,98
2025-10-01 02:20:00,2.31948,2.31951,2.31902,2.3191100000000002,94
2025-10-01 02:25:00,2.31912,2.3197,2.31912,2.31965,59
2025-10-01 02:30:00,2.31963,2.32008,2.3196,2.31991,87
2025-10-01 02:35:00,2.31994,2.31995,2.31956,2.31956,76
2025-10-01 02:40:00,2.31955,2.31981,2.31932,2.31981,71
2025-10-01 02:45:00,2.31975,2.31986,2.31923,2.31925,121
2025-10-01 02:50:00,2.31927,2.31933,2.31908,2.31925,96
2025-10-01 02:55:00,2.31932,2.31961,2.31917,2.31935,139
2025-10-01 03:00:00,2.3193099999999998,2.31954,2.31872,2.31927,271
2025-10-01 03:05:00,2.31925,2.31954,2.31912,2.31946,201
2025-10-01 03:10:00,2.31944,2.31976,2.3193799999999998,2.31947,161
2025-10-01 03:15:00,2.31944,2.32076,2.31944,2.32042,182
2025-10-01 03:20:00,2.3204000000000002,2.32043,2.31963,2.32027,184
2025-10-01 03:25:00,2.32027,2.32058,2.32005,2.32052,145
2025-10-01 03:30:00,2.3205,2.32112,2.32036,2.32083,185
2025-10-01 03:35:00,2.32079,2.32111,2.32052,2.32081,141
2025-10-01 03:40:00,2.32082,2.32089,2.32038,2.32049,144
2025-10-01 03:45:00,2.32048,2.32073,2.32036,2.32056,137
2025-10-01 03:50:00,2.32054,2.32092,2.32054,2.32081,111
2025-10-01 03:55:00,2.32079,2.32108,2.3203300000000002,2.32068,185
2025-10-01 04:00:00,2.3207,2.32117,2.32057,2.32107,189
2025-10-01 04:05:00,2.32108,2.3217499999999998,2.32097,2.3216,207
2025-10-01 04:10:00,2.32161,2.3218,2.32096,2.32131,207
2025-10-01 04:15:00,2.32132,2.32157,2.32116,2.32146,127
2025-10-01 04:20:00,2.32147,2.32148,2.32115,2.32136,145
2025-10-01 04:25:00,2.32134,2.32169,2.32118,2.32159,156
2025-10-01 04:30:00,2.32161,2.3222,2.32154,2.32217,140
2025-10-01 04:35:00,2.32215,2.32217,2.32172,2.32204,172
2025-10-01 04:40:00,2.32199,2.32209,2.32128,2.32129,162
2025-10-01 04:45:00,2.3213,2.32202,2.3211,2.3212,157
2025-10-01 04:50:00,2.32118,2.32129,2.32056,2.32056,152
2025-10-01 04:55:00,2.32054,2.32077,2.32025,2.32076,156
2025-10-01 05:00:00,2.32074,2.32192,2.32074,2.3218,176
2025-10-01 05:05:00,2.32181,2.32181,2.32103,2.3211,161
2025-10-01 05:10:00,2.32119,2.32124,2.32095,2.32115,151
2025-10-01 05:15:00,2.32116,2.32116,2.32076,2.32096,120
2025-10-01 05:20:00,2.32098,2.3213,2.32088,2.3212099999999998,121
2025-10-01 05:25:00,2.3212,2.32132,2.32075,2.32123,123
2025-10-01 05:30:00,2.32124,2.32167,2.3209400000000002,2.32156,164
2025-10-01 05:35:00,2.32158,2.32177,2.32115,2.32128,162
2025-10-01 05:40:00,2.32125,2.32144,2.321,2.3211399999999998,131
2025-10-01 05:45:00,2.32112,2.32132,2.32093,2.32093,101
2025-10-01 05:50:00,2.32095,2.3211,2.32076,2.32092,104
2025-10-01 05:55:00,2.32093,2.32102,2.32049,2.32071,201
2025-10-01 06:00:00,2.32069,2.32145,2.32057,2.32139,152
2025-10-01 06:05:00,2.32139,2.32178,2.32098,2.32169,135
2025-10-01 06:10:00,2.32172,2.32177,2.32097,2.32108,129
2025-10-01 06:15:00,2.32113,2.32142,2.32106,2.3211,100
2025-10-01 06:20:00,2.32109,2.32126,2.32055,2.32087,148
2025-10-01 06:25:00,2.32086,2.32111,2.3207,2.32104,114
2025-10-01 06:30:00,2.3211,2.32183,2.3211,2.3217,143
2025-10-01 06:35:00,2.3217,2.32187,2.32135,2.3216,101
2025-10-01 06:40:00,2.32161,2.32171,2.32141,2.3216,95
2025-10-01 06:45:00,2.3216200000000002,2.32192,2.32137,2.32144,125
2025-10-01 06:50:00,2.32146,2.32157,2.3211399999999998,2.32138,148
2025-10-01 06:55:00,2.32136,2.32138,2.32072,2.32082,133
2025-10-01 07:00:00,2.32081,2.32104,2.32025,2.32028,161
2025-10-01 07:05:00,2.32027,2.3209400000000002,2.32027,2.32055,137
2025-10-01 07:10:00,2.32051,2.32113,2.32029,2.32078,127
2025-10-01 07:15:00,2.32076,2.32117,2.3207,2.32081,157
2025-10-01 07:20:00,2.32079,2.32122,2.3207,2.32076,143
2025-10-01 07:25:00,2.32077,2.32112,2.32076,2.32095,115
2025-10-01 07:30:00,2.32074,2.32079,2.31977,2.32007,165
2025-10-01 07:35:00,2.32005,2.32054,2.31986,2.32054,154
2025-10-01 07:40:00,2.3205299999999998,2.32092,2.32036,2.32087,146
2025-10-01 07:45:00,2.32086,2.321,2.32024,2.32055,167
2025-10-01 07:50:00,2.32056,2.32098,2.32044,2.32074,201
2025-10-01 07:55:00,2.32072,2.32084,2.32002,2.32007,200
2025-10-01 08:00:00,2.32008,2.32022,2.31913,2.3199,426
2025-10-01 08:05:00,2.31987,2.31987,2.31929,2.31965,297
2025-10-01 08:10:00,2.31963,2.3203,2.31957,2.3203,180
2025-10-01 08:15:00,2.32031,2.32079,2.31998,2.32072,184
2025-10-01 08:20:00,2.32071,2.32125,2.32066,2.32071,187
2025-10-01 08:25:00,2.32084,2.32112,2.3201,2.32049,211
2025-10-01 08:30:00,2.32056,2.32093,2.32032,2.32091,153
2025-10-01 08:35:00,2.32089,2.32108,2.32073,2.32079,137
2025-10-01 08:40:00,2.32077,2.32103,2.32047,2.32052,150
2025-10-01 08:45:00,2.3205,2.3205,2.31989,2.32013,162
2025-10-01 08:50:00,2.32006,2.32015,2.31969,2.31982,154
2025-10-01 08:55:00,2.3198,2.31981,2.31937,2.31965,164
2025-10-01 09:00:00,2.31959,2.32015,2.31945,2.31969,311
2025-10-01 09:05:00,2.31966,2.32036,2.31946,2.32011,280
2025-10-01 09:10:00,2.3201,2.32044,2.31989,2.32002,263
2025-10-01 09:15:00,2.32006,2.32029,2.31949,2.31957,265
2025-10-01 09:20:00,2.31958,2.31993,2.3193,2.3195,268
2025-10-01 09:25:00,2.31946,2.31957,2.31903,2.31937,178
2025-10-01 09:30:00,2.31946,2.32016,2.31913,2.3201,267
2025-10-01 09:35:00,2.32009,2.32044,2.31977,2.32018,272
2025-10-01 09:40:00,2.32014,2.32049,2.3195,2.31983,437
2025-10-01 09:45:00,2.31974,2.32018,2.31887,2.31916,350
2025-10-01 09:50:00,2.31919,2.31967,2.31899,2.3193799999999998,326
2025-10-01 09:55:00,2.31937,2.31956,2.31826,2.31828,420
2025-10-01 10:00:00,2.31827,2.31827,2.3174,2.31793,515
2025-10-01 10:05:00,2.31794,2.31863,2.31766,2.3185000000000002,390
2025-10-01 10:10:00,2.31852,2.31902,2.31834,2.31869,375
2025-10-01 10:15:00,2.31865,2.3191,2.31828,2.31844,364
2025-10-01 10:20:00,2.31845,2.31887,2.31825,2.31862,369
2025-10-01 10:25:00,2.31863,2.31874,2.31747,2.31758,330
2025-10-01 10:30:00,2.31764,2.31814,2.31715,2.31804,426
2025-10-01 10:35:00,2.31808,2.31832,2.31769,2.31795,355
2025-10-01 10:40:00,2.31803,2.31812,2.31719,2.31757,413
2025-10-01 10:45:00,2.3176,2.31823,2.31739,2.31803,341
2025-10-01 10:50:00,2.31806,2.31826,2.3176,2.31768,330
2025-10-01 10:55:00,2.31772,2.31778,2.3169,2.3176,377
2025-10-01 11:00:00,2.31763,2.31769,2.31654,2.31661,366
2025-10-01 11:05:00,2.31649,2.31698,2.3161,2.3161,339
2025-10-01 11:10:00,2.3161,2.31628,2.31554,2.31588,349
2025-10-01 11:15:00,2.31589,2.31594,2.31498,2.31574,354
2025-10-01 11:20:00,2.31575,2.31608,2.31489,2.3154,333
2025-10-01 11:25:00,2.31542,2.3161,2.3153,2.31563,292
2025-10-01 11:30:00,2.31558,2.31584,2.31505,2.31549,264
2025-10-01 11:35:00,2.3155,2.31595,2.31517,2.31558,293
2025-10-01 11:40:00,2.31557,2.31587,2.31523,2.31582,313
2025-10-01 11:45:00,2.31572,2.3163,2.3154,2.31608,225
2025-10-01 11:50:00,2.3161,2.3161,2.31527,2.31527,261
2025-10-01 11:55:00,2.31525,2.31567,2.3149100000000002,2.3156499999999998,225
2025-10-01 12:00:00,2.31566,2.31611,2.31554,2.316,206
2025-10-01 12:05:00,2.31596,2.31596,2.31548,2.31579,234
2025-10-01 12:10:00,2.31573,2.31655,2.31558,2.31595,249
2025-10-01 12:15:00,2.31599,2.31612,2.31562,2.31603,216
2025-10-01 12:20:00,2.31608,2.31617,2.31555,2.31598,230
2025-10-01 12:25:00,2.31592,2.31622,2.31576,2.31622,207
2025-10-01 12:30:00,2.3162,2.31736,2.316,2.31736,263
2025-10-01 12:35:00,2.31724,2.31746,2.31659,2.31683,226
2025-10-01 12:40:00,2.31692,2.31742,2.31678,2.31703,220
2025-10-01 12:45:00,2.31706,2.31742,2.31682,2.31705,290
2025-10-01 12:50:00,2.31709,2.31724,2.31666,2.31697,331
2025-10-01 12:55:00,2.31701,2.31734,2.3167,2.31681,242
2025-10-01 13:00:00,2.31693,2.31712,2.31638,2.31709,261
2025-10-01 13:05:00,2.31709,2.31775,2.31701,2.31745,303
2025-10-01 13:10:00,2.31746,2.31829,2.31737,2.31824,286
2025-10-01 13:15:00,2.31825,2.31883,2.31799,2.31832,268
2025-10-01 13:20:00,2.31825,2.31842,2.31775,2.31835,271
2025-10-01 13:25:00,2.31836,2.31861,2.3180899999999998,2.31861,237
2025-10-01 13:30:00,2.31864,2.31924,2.31863,2.31876,288
2025-10-01 13:35:00,2.31874,2.31929,2.31847,2.31927,274
2025-10-01 13:40:00,2.31924,2.31941,2.31876,2.31894,235
2025-10-01 13:45:00,2.31896,2.3197900000000002,2.31885,2.31961,231
2025-10-01 13:50:00,2.31962,2.31973,2.319,2.31914,243
2025-10-01 13:55:00,2.31913,2.31977,2.31912,2.31933,280
2025-10-01 14:00:00,2.31934,2.3196,2.31913,2.3194,227
2025-10-01 14:05:00,2.31944,2.3203,2.31942,2.32005,261
2025-10-01 14:10:00,2.32007,2.32045,2.31953,2.3196,265
2025-10-01 14:15:00,2.31958,2.31985,2.3194,2.31973,266
2025-10-01 14:20:00,2.31974,2.31982,2.31872,2.31873,243
2025-10-01 14:25:00,2.31872,2.31882,2.31829,2.31838,260
2025-10-01 14:30:00,2.31838,2.31854,2.31786,2.31811,227
2025-10-01 14:35:00,2.3180899999999998,2.3187699999999998,2.318,2.31828,260
2025-10-01 14:40:00,2.31826,2.31854,2.31805,2.31805,194
2025-10-01 14:45:00,2.31807,2.31858,2.31804,2.31851,199
2025-10-01 14:50:00,2.31846,2.31905,2.31846,2.31901,184
2025-10-01 14:55:00,2.31899,2.31907,2.31847,2.31875,308
2025-10-01 15:00:00,2.31873,2.31973,2.31848,2.31956,368
2025-10-01 15:05:00,2.3196,2.31982,2.31891,2.31895,453
2025-10-01 15:10:00,2.31896,2.3203,2.31883,2.3197200000000002,282
2025-10-01 15:15:00,2.31971,2.31997,2.31719,2.31871,844
2025-10-01 15:20:00,2.31867,2.31994,2.31849,2.31989,770
2025-10-01 15:25:00,2.31986,2.3204000000000002,2.31901,2.3193099999999998,616
2025-10-01 15:30:00,2.31933,2.32056,2.31899,2.32027,757
2025-10-01 15:35:00,2.32028,2.32075,2.31978,2.31991,588
2025-10-01 15:40:00,2.3199,2.32042,2.31957,2.3199899999999998,601
2025-10-01 15:45:00,2.32,2.32096,2.31985,2.32002,532
2025-10-01 15:50:00,2.32001,2.32026,2.31891,2.3192,522
2025-10-01 15:55:00,2.31922,2.32043,2.31922,2.31936,513
2025-10-01 16:00:00,2.31936,2.32022,2.31936,2.31942,483
2025-10-01 16:05:00,2.31945,2.32048,2.3191800000000002,2.31994,447
2025-10-01 16:10:00,2.31993,2.3211399999999998,2.3199199999999998,2.32083,456
2025-10-01 16:15:00,2.32084,2.32136,2.3203,2.32036,461
2025-10-01 16:20:00,2.3204000000000002,2.32145,2.32023,2.32133,407
2025-10-01 16:25:00,2.32127,2.32147,2.32062,2.32102,401
2025-10-01 16:30:00,2.3209400000000002,2.3215500000000002,2.31981,2.3199199999999998,499
2025-10-01 16:35:00,2.3199,2.32056,2.31954,2.31959,493
2025-10-01 16:40:00,2.3196,2.32034,2.31904,2.32005,394
2025-10-01 16:45:00,2.3201,2.32018,2.3194,2.31951,449
2025-10-01 16:50:00,2.31949,2.32062,2.31949,2.3199899999999998,501
2025-10-01 16:55:00,2.3199199999999998,2.32042,2.3191100000000002,2.31981,400
2025-10-01 17:00:00,2.31984,2.32017,2.3192,2.31932,594
2025-10-01 17:05:00,2.31925,2.31945,2.31855,2.31864,533
2025-10-01 17:10:00,2.31868,2.31914,2.3180899999999998,2.3181,472
2025-10-01 17:15:00,2.31812,2.31925,2.31812,2.31906,432
2025-10-01 17:20:00,2.31908,2.31989,2.31888,2.31977,472
2025-10-01 17:25:00,2.31978,2.32,2.31935,2.31964,390
2025-10-01 17:30:00,2.31969,2.32145,2.31969,2.32054,413
2025-10-01 17:35:00,2.32048,2.3209400000000002,2.32002,2.32058,359
2025-10-01 17:40:00,2.32059,2.32169,2.32038,2.32152,432
2025-10-01 17:45:00,2.32153,2.32227,2.32097,2.32194,729
2025-10-01 17:50:00,2.3219,2.3227,2.32154,2.32156,696
2025-10-01 17:55:00,2.32153,2.32201,2.31958,2.32129,748
2025-10-01 18:00:00,2.32125,2.32129,2.31985,2.3199,691
2025-10-01 18:05:00,2.3199199999999998,2.32049,2.31971,2.32006,539
2025-10-01 18:10:00,2.32008,2.32041,2.3195,2.3196,449
2025-10-01 18:15:00,2.31959,2.32004,2.31926,2.31959,505
2025-10-01 18:20:00,2.31956,2.31967,2.31912,2.31958,415
2025-10-01 18:25:00,2.3196,2.31988,2.3193099999999998,2.31944,441
2025-10-01 18:30:00,2.3193799999999998,2.31953,2.31891,2.31952,386
2025-10-01 18:35:00,2.31954,2.31987,2.31895,2.31898,355
2025-10-01 18:40:00,2.319,2.3191,2.31842,2.31903,326
2025-10-01 18:45:00,2.31904,2.31924,2.31885,2.31889,283
2025-10-01 18:50:00,2.31889,2.31894,2.31822,2.3186999999999998,322
2025-10-01 18:55:00,2.31869,2.31896,2.3183,2.31851,354
2025-10-01 19:00:00,2.3185000000000002,2.3185000000000002,2.31791,2.31825,432
2025-10-01 19:05:00,2.31826,2.31861,2.31791,2.31802,287
2025-10-01 19:10:00,2.31802,2.31849,2.31757,2.31766,270
2025-10-01 19:15:00,2.31766,2.31769,2.31717,2.31767,272
2025-10-01 19:20:00,2.31768,2.31798,2.31757,2.31765,214
2025-10-01 19:25:00,2.31762,2.31791,2.31714,2.31768,267
2025-10-01 19:30:00,2.31769,2.31774,2.31709,2.31747,267
2025-10-01 19:35:00,2.31745,2.3178900000000002,2.31732,2.31768,188
2025-10-01 19:40:00,2.31772,2.3179,2.31719,2.31741,219
2025-10-01 19:45:00,2.3174,2.31764,2.31715,2.31731,223
2025-10-01 19:50:00,2.31732,2.31744,2.31701,2.31716,191
2025-10-01 19:55:00,2.31715,2.31773,2.31697,2.31737,276
2025-10-01 20:00:00,2.31727,2.3175499999999998,2.31701,2.3173500000000002,259
2025-10-01 20:05:00,2.31731,2.31751,2.3172,2.31734,178
2025-10-01 20:10:00,2.31733,2.31739,2.31717,2.31739,165
2025-10-01 20:15:00,2.3174,2.31744,2.31713,2.31716,170
2025-10-01 20:20:00,2.31717,2.31729,2.3169,2.31698,121
2025-10-01 20:25:00,2.3169399999999998,2.31709,2.31685,2.31696,154
2025-10-01 20:30:00,2.31692,2.31719,2.31672,2.31701,135
2025-10-01 20:35:00,2.31704,2.3173,2.31681,2.3169399999999998,150
2025-10-01 20:40:00,2.31692,2.31746,2.31685,2.31734,146
2025-10-01 20:45:00,2.31736,2.31769,2.31727,2.31736,128
2025-10-01 20:50:00,2.31738,2.31786,2.31738,2.31778,171
2025-10-01 20:55:00,2.31784,2.3181599999999998,2.31769,2.31795,191
2025-10-01 21:00:00,2.3179,2.31793,2.31701,2.31706,255
2025-10-01 21:05:00,2.31705,2.31707,2.31671,2.31673,166
2025-10-01 21:10:00,2.31672,2.31712,2.31658,2.31685,203
2025-10-01 21:15:00,2.31684,2.3174799999999998,2.31684,2.31733,225
2025-10-01 21:20:00,2.31731,2.3175,2.31709,2.31739,171
2025-10-01 21:25:00,2.31742,2.31744,2.31705,2.3173,186
2025-10-01 21:30:00,2.31731,2.3174,2.3168,2.31685,227
2025-10-01 21:35:00,2.31685,2.31709,2.31677,2.31706,218
2025-10-01 21:40:00,2.31706,2.31723,2.31688,2.31705,232
2025-10-01 21:45:00,2.31706,2.31721,2.3169399999999998,2.317,190
2025-10-01 21:50:00,2.31703,2.31795,2.31692,2.31791,211
2025-10-01 21:55:00,2.3179,2.31824,2.3176,2.31769,245
2025-10-01 22:00:00,2.31773,2.31791,2.31706,2.31731,208
2025-10-01 22:05:00,2.31726,2.31731,2.31701,2.31708,120
2025-10-01 22:10:00,2.31708,2.31747,2.31699,2.31741,146
2025-10-01 22:15:00,2.3174,2.31773,2.3173500000000002,2.31754,133
2025-10-01 22:20:00,2.3175499999999998,2.31783,2.31753,2.31776,186
2025-10-01 22:25:00,2.31777,2.3180899999999998,2.3177,2.31803,142
2025-10-01 22:30:00,2.31805,2.31824,2.318,2.31814,154
2025-10-01 22:35:00,2.3181599999999998,2.31818,2.31783,2.31785,155
2025-10-01 22:40:00,2.31782,2.31793,2.31762,2.31766,148
2025-10-01 22:45:00,2.31768,2.31783,2.31741,2.31767,82
2025-10-01 22:50:00,2.31757,2.31775,2.31704,2.31704,176
2025-10-01 22:55:00,2.31709,2.31754,2.31708,2.3173,215
2025-10-01 23:00:00,2.31659,2.31692,2.31641,2.31688,143
2025-10-01 23:05:00,2.31686,2.31689,2.31648,2.31665,121
2025-10-01 23:10:00,2.31664,2.31715,2.31648,2.31661,97
2025-10-01 23:15:00,2.31661,2.31722,2.31645,2.31722,107
2025-10-01 23:20:00,2.31665,2.3169,2.3166,2.31684,96
2025-10-01 23:25:00,2.31685,2.31691,2.3166,2.31663,113
2025-10-01 23:30:00,2.31666,2.31685,2.31624,2.31624,118
2025-10-01 23:35:00,2.31622,2.31706,2.31599,2.31602,68
2025-10-01 23:40:00,2.316,2.3163,2.31584,2.31627,89
2025-10-01 23:45:00,2.31628,2.31633,2.31561,2.31562,220
2025-10-01 23:50:00,2.31561,2.31573,2.3155,2.31571,245
2025-10-01 23:55:00,2.31643,2.31643,2.3134,2.31366,146
2025-10-02 00:00:00,2.31654,2.31693,2.31632,2.31634,12
2025-10-02 00:05:00,2.31571,2.31579,2.31551,2.31554,15
2025-10-02 00:10:00,2.31554,2.31567,2.3155200000000002,2.31567,15
2025-10-02 00:15:00,2.31563,2.31631,2.31509,2.31602,85
2025-10-02 00:20:00,2.31533,2.3160600000000002,2.31489,2.31571,62
2025-10-02 00:25:00,2.3156499999999998,2.31774,2.31513,2.3162599999999998,337
2025-10-02 00:30:00,2.3161300000000002,2.3161300000000002,2.3155,2.31585,144
2025-10-02 00:35:00,2.31587,2.31648,2.3150399999999998,2.31511,275
2025-10-02 00:40:00,2.31507,2.31648,2.31489,2.3159,428
2025-10-02 00:45:00,2.31614,2.31651,2.31509,2.3154,282
2025-10-02 00:50:00,2.31532,2.31581,2.31518,2.31572,248
2025-10-02 00:55:00,2.31568,2.31641,2.31538,2.316,261
2025-10-02 01:00:00,2.31644,2.31666,2.31563,2.3161,117
2025-10-02 01:05:00,2.3161,2.31665,2.31561,2.31611,33
2025-10-02 01:10:00,2.31653,2.31669,2.31587,2.31665,62
2025-10-02 01:15:00,2.31669,2.31669,2.31618,2.31624,80
2025-10-02 01:20:00,2.31627,2.31691,2.31618,2.31639,67
2025-10-02 01:25:00,2.31636,2.31655,2.31631,2.31645,77
2025-10-02 01:30:00,2.31644,2.31669,2.31589,2.31605,81
2025-10-02 01:35:00,2.31604,2.31605,2.3156499999999998,2.31582,62
2025-10-02 01:40:00,2.31583,2.31591,2.3157,2.31573,81
2025-10-02 01:45:00,2.31572,2.31653,2.31553,2.31568,42
2025-10-02 01:50:00,2.3157,2.31655,2.31566,2.3158,51
2025-10-02 01:55:00,2.31582,2.31653,2.31559,2.31597,71
2025-10-02 02:00:00,2.31609,2.31665,2.31609,2.31625,94
2025-10-02 02:05:00,2.31623,2.3164,2.3159,2.3159,84
2025-10-02 02:10:00,2.31592,2.31593,2.31571,2.31589,34
2025-10-02 02:15:00,2.31578,2.31594,2.31558,2.3157,72
2025-10-02 02:20:00,2.31569,2.31578,2.31561,2.31572,41
2025-10-02 02:25:00,2.31573,2.31587,2.31563,2.31581,63
2025-10-02 02:30:00,2.31584,2.31643,2.31579,2.31618,54
2025-10-02 02:35:00,2.31616,2.31673,2.31616,2.31664,60
2025-10-02 02:40:00,2.31662,2.31683,2.31659,2.31672,73
2025-10-02 02:45:00,2.31671,2.31681,2.31643,2.31644,123
2025-10-02 02:50:00,2.31644,2.31646,2.31553,2.3157,120
2025-10-02 02:55:00,2.31569,2.31578,2.31505,2.31522,195
2025-10-02 03:00:00,2.31521,2.31641,2.31518,2.31636,227
2025-10-02 03:05:00,2.31637,2.31664,2.31604,2.3166,175
2025-10-02 03:10:00,2.31649,2.31741,2.31627,2.31719,173
2025-10-02 03:15:00,2.31717,2.31753,2.31699,2.3171,193
2025-10-02 03:20:00,2.31712,2.31723,2.31675,2.31701,135
2025-10-02 03:25:00,2.31703,2.31722,2.31695,2.31703,125
2025-10-02 03:30:00,2.31696,2.31751,2.31688,2.31699,139
2025-10-02 03:35:00,2.31703,2.31709,2.31664,2.3169,139
2025-10-02 03:40:00,2.31691,2.31696,2.31644,2.31655,128
2025-10-02 03:45:00,2.31651,2.31658,2.31608,2.31623,133
2025-10-02 03:50:00,2.31625,2.31643,2.31582,2.31602,156
2025-10-02 03:55:00,2.31608,2.31623,2.31582,2.31586,288
2025-10-02 04:00:00,2.31585,2.31668,2.31585,2.31634,292
2025-10-02 04:05:00,2.31636,2.3168,2.31592,2.3167,171
2025-10-02 04:10:00,2.31671,2.31676,2.31618,2.3166,133
2025-10-02 04:15:00,2.31662,2.31675,2.3155200000000002,2.3155200000000002,180
2025-10-02 04:20:00,2.3155200000000002,2.31566,2.31509,2.31534,178
2025-10-02 04:25:00,2.31535,2.31535,2.31377,2.31396,190
2025-10-02 04:30:00,2.31398,2.314,2.3130100000000002,2.3131,191
2025-10-02 04:35:00,2.3130800000000002,2.31311,2.31239,2.31272,204
2025-10-02 04:40:00,2.31277,2.31289,2.31226,2.31289,185
2025-10-02 04:45:00,2.31286,2.31311,2.31257,2.31276,153
2025-10-02 04:50:00,2.31274,2.31274,2.31122,2.3116,141
2025-10-02 04:55:00,2.31164,2.31168,2.31087,2.31093,183
2025-10-02 05:00:00,2.31095,2.31113,2.3106400000000002,2.3109,223
2025-10-02 05:05:00,2.31088,2.31164,2.31088,2.3114,160
2025-10-02 05:10:00,2.31144,2.31174,2.31121,2.3117,129
2025-10-02 05:15:00,2.31158,2.31222,2.31158,2.3118600000000002,143
2025-10-02 05:20:00,2.3119,2.31252,2.3119,2.31248,139
2025-10-02 05:25:00,2.31251,2.31262,2.31218,2.3124000000000002,113
2025-10-02 05:30:00,2.31241,2.31282,2.31214,2.3128,117
2025-10-02 05:35:00,2.31284,2.31298,2.31262,2.31266,136
2025-10-02 05:40:00,2.31267,2.31277,2.31229,2.31254,96
2025-10-02 05:45:00,2.31251,2.31256,2.31193,2.31209,113
2025-10-02 05:50:00,2.31211,2.31266,2.31203,2.31252,92
2025-10-02 05:55:00,2.3125299999999998,2.31288,2.31181,2.31228,119
2025-10-02 06:00:00,2.31227,2.31267,2.31212,2.3125299999999998,155
2025-10-02 06:05:00,2.31255,2.31294,2.3125,2.31292,127
2025-10-02 06:10:00,2.31271,2.31295,2.31215,2.31229,101
2025-10-02 06:15:00,2.31232,2.31256,2.31221,2.31252,69
2025-10-02 06:20:00,2.31249,2.31297,2.31242,2.31289,119
2025-10-02 06:25:00,2.3129,2.31315,2.3128,2.31313,160
2025-10-02 06:30:00,2.31318,2.31336,2.3131,2.3132099999999998,119
2025-10-02 06:35:00,2.31322,2.31361,2.31306,2.31313,131
2025-10-02 06:40:00,2.31318,2.31336,2.31284,2.31336,106
2025-10-02 06:45:00,2.31336,2.31348,2.31291,2.31304,121
2025-10-02 06:50:00,2.31304,2.31333,2.31296,2.31315,85
2025-10-02 06:55:00,2.31313,2.31315,2.31248,2.31264,110
2025-10-02 07:00:00,2.31263,2.31303,2.31261,2.31275,109
2025-10-02 07:05:00,2.31268,2.31288,2.31245,2.31269,104
2025-10-02 07:10:00,2.31271,2.31341,2.31268,2.31323,82
2025-10-02 07:15:00,2.31325,2.31352,2.31312,2.31334,76
2025-10-02 07:20:00,2.31336,2.31337,2.31287,2.3130100000000002,100
2025-10-02 07:25:00,2.31299,2.31299,2.3125999999999998,2.3128,91
2025-10-02 07:30:00,2.31276,2.31276,2.31246,2.3125299999999998,96
2025-10-02 07:35:00,2.31256,2.31274,2.31214,2.31214,107
2025-10-02 07:40:00,2.31216,2.31217,2.31189,2.31195,87
2025-10-02 07:45:00,2.31198,2.31231,2.31161,2.3119,95
2025-10-02 07:50:00,2.3119199999999998,2.3119199999999998,2.31149,2.31158,119
2025-10-02 07:55:00,2.31159,2.31159,2.31113,2.31119,109
2025-10-02 08:00:00,2.31117,2.3112500000000002,2.31012,2.31042,196
2025-10-02 08:05:00,2.31042,2.31053,2.30913,2.30915,253
2025-10-02 08:10:00,2.30914,2.30981,2.30881,2.3096,187
2025-10-02 08:15:00,2.30956,2.3096,2.30882,2.30901,184
2025-10-02 08:20:00,2.30902,2.30993,2.3088699999999998,2.30989,167
2025-10-02 08:25:00,2.30988,2.3099,2.30929,2.30932,114
2025-10-02 08:30:00,2.30938,2.31005,2.309,2.31004,157
2025-10-02 08:35:00,2.31003,2.31101,2.30989,2.3109,173
2025-10-02 08:40:00,2.31091,2.31126,2.31072,2.31088,94
2025-10-02 08:45:00,2.31082,2.31097,2.31031,2.31046,131
2025-10-02 08:50:00,2.31042,2.31051,2.3098,2.30988,124
2025-10-02 08:55:00,2.30997,2.31028,2.30964,2.31002,165
2025-10-02 09:00:00,2.31003,2.31044,2.30963,2.30985,270
2025-10-02 09:05:00,2.30983,2.3101,2.30946,2.3095499999999998,232
2025-10-02 09:10:00,2.30956,2.30989,2.30934,2.30969,208
2025-10-02 09:15:00,2.30971,2.3101,2.30943,2.30965,182
2025-10-02 09:20:00,2.30967,2.30968,2.30858,2.30861,183
2025-10-02 09:25:00,2.30863,2.30889,2.30842,2.30884,189
2025-10-02 09:30:00,2.30888,2.3096,2.30831,2.30912,236
2025-10-02 09:35:00,2.30915,2.31055,2.30902,2.31034,403
2025-10-02 09:40:00,2.3104,2.31054,2.30933,2.30958,358
2025-10-02 09:45:00,2.3096,2.31002,2.30919,2.30921,389
2025-10-02 09:50:00,2.30921,2.31018,2.30921,2.30975,307
2025-10-02 09:55:00,2.30977,2.31105,2.30961,2.31094,368
2025-10-02 10:00:00,2.31099,2.31191,2.31035,2.31149,422
2025-10-02 10:05:00,2.31152,2.31152,2.31072,2.31087,367
2025-10-02 10:10:00,2.31092,2.31143,2.31073,2.31088,320
2025-10-02 10:15:00,2.311,2.31116,2.31042,2.31046,250
2025-10-02 10:20:00,2.31056,2.3105700000000002,2.30981,2.30986,254
2025-10-02 10:25:00,2.30998,2.30999,2.30944,2.3095499999999998,228
2025-10-02 10:30:00,2.30954,2.30992,2.30916,2.3098,272
2025-10-02 10:35:00,2.30978,2.31087,2.30957,2.3106,246
2025-10-02 10:40:00,2.31059,2.31114,2.31045,2.31067,190
2025-10-02 10:45:00,2.31071,2.311,2.31024,2.3104,251
2025-10-02 10:50:00,2.31045,2.31106,2.30992,2.30992,313
2025-10-02 10:55:00,2.30997,2.31055,2.30957,2.31043,283
2025-10-02 11:00:00,2.31053,2.31141,2.3104,2.31098,314
2025-10-02 11:05:00,2.31095,2.31143,2.31042,2.31055,256
2025-10-02 11:10:00,2.31053,2.3113099999999998,2.31053,2.3113099999999998,265
2025-10-02 11:15:00,2.31133,2.31173,2.31121,2.31151,226
2025-10-02 11:20:00,2.31164,2.31177,2.31097,2.31176,252
2025-10-02 11:25:00,2.31176,2.31182,2.31085,2.31092,265
2025-10-02 11:30:00,2.31088,2.31171,2.31051,2.31169,311
2025-10-02 11:35:00,2.31166,2.3118,2.31105,2.31151,242
2025-10-02 11:40:00,2.31149,2.31204,2.3113799999999998,2.31178,233
2025-10-02 11:45:00,2.31176,2.31208,2.31152,2.3116,263
2025-10-02 11:50:00,2.31162,2.31258,2.3116,2.31237,265
2025-10-02 11:55:00,2.31233,2.31283,2.31222,2.31252,307
2025-10-02 12:00:00,2.31246,2.31305,2.31236,2.31292,264
2025-10-02 12:05:00,2.31289,2.3130100000000002,2.31214,2.31241,333
2025-10-02 12:10:00,2.31236,2.31276,2.31195,2.31276,257
2025-10-02 12:15:00,2.31275,2.31333,2.31265,2.3130800000000002,277
2025-10-02 12:20:00,2.31309,2.3132099999999998,2.31245,2.31281,223
2025-10-02 12:25:00,2.31284,2.3132,2.31266,2.31315,242
2025-10-02 12:30:00,2.31318,2.31358,2.31305,2.31356,241
2025-10-02 12:35:00,2.31358,2.3136,2.31303,2.31331,234
2025-10-02 12:40:00,2.31327,2.31333,2.31275,2.31292,251
2025-10-02 12:45:00,2.31292,2.31309,2.31268,2.31288,249
2025-10-02 12:50:00,2.31287,2.31328,2.31246,2.31269,261
2025-10-02 12:55:00,2.3127,2.31322,2.3125299999999998,2.31272,235
2025-10-02 13:00:00,2.31275,2.31303,2.31239,2.31287,301
2025-10-02 13:05:00,2.31288,2.31303,2.31242,2.31287,270
2025-10-02 13:10:00,2.31288,2.31355,2.31277,2.3133,274
2025-10-02 13:15:00,2.31331,2.31342,2.31246,2.31248,206
2025-10-02 13:20:00,2.31254,2.31254,2.31189,2.31209,206
2025-10-02 13:25:00,2.31207,2.3125299999999998,2.31198,2.31252,201
2025-10-02 13:30:00,2.31251,2.31296,2.31232,2.31261,225
2025-10-02 13:35:00,2.31259,2.31278,2.31241,2.31265,197
2025-10-02 13:40:00,2.31264,2.31266,2.3119899999999998,2.31236,202
2025-10-02 13:45:00,2.31237,2.31239,2.31195,2.31196,197
2025-10-02 13:50:00,2.31203,2.31234,2.31185,2.31221,194
2025-10-02 13:55:00,2.31222,2.31222,2.31135,2.31139,252
2025-10-02 14:00:00,2.31135,2.31239,2.3113099999999998,2.31193,279
2025-10-02 14:05:00,2.31195,2.31257,2.31161,2.3121,244
2025-10-02 14:10:00,2.31209,2.31265,2.3119899999999998,2.31222,222
2025-10-02 14:15:00,2.31218,2.31243,2.31182,2.31211,227
2025-10-02 14:20:00,2.3121,2.3121,2.31175,2.31189,243
2025-10-02 14:25:00,2.31184,2.31248,2.31184,2.31229,222
2025-10-02 14:30:00,2.31231,2.31246,2.3117900000000002,2.31194,271
2025-10-02 14:35:00,2.31196,2.31272,2.3118,2.3127,349
2025-10-02 14:40:00,2.31271,2.31305,2.31254,2.31275,239
2025-10-02 14:45:00,2.31277,2.31283,2.3118600000000002,2.31203,247
2025-10-02 14:50:00,2.31205,2.31248,2.31197,2.31248,255
2025-10-02 14:55:00,2.31252,2.31283,2.31229,2.3127,295
2025-10-02 15:00:00,2.31269,2.31292,2.31219,2.31234,332
2025-10-02 15:05:00,2.31233,2.3125999999999998,2.31167,2.31183,318
2025-10-02 15:10:00,2.31184,2.3131399999999998,2.31181,2.31274,257
2025-10-02 15:15:00,2.31277,2.31296,2.3124700000000002,2.31283,264
2025-10-02 15:20:00,2.31284,2.31337,2.31273,2.3132099999999998,258
2025-10-02 15:25:00,2.3132099999999998,2.31386,2.3132,2.31339,259
2025-10-02 15:30:00,2.31336,2.31365,2.31316,2.31319,239
2025-10-02 15:35:00,2.31313,2.3136,2.31305,2.3134,253
2025-10-02 15:40:00,2.31344,2.3143599999999998,2.31334,2.31416,377
2025-10-02 15:45:00,2.31414,2.31465,2.31372,2.31396,333
2025-10-02 15:50:00,2.31398,2.3141,2.31312,2.3135,424
2025-10-02 15:55:00,2.31352,2.31389,2.3125,2.3128,377
2025-10-02 16:00:00,2.31282,2.31282,2.31081,2.31113,426
2025-10-02 16:05:00,2.311,2.31145,2.3106999999999998,2.3109,368
2025-10-02 16:10:00,2.31088,2.31139,2.31051,2.31074,299
2025-10-02 16:15:00,2.31071,2.31115,2.31048,2.31097,386
2025-10-02 16:20:00,2.31097,2.31121,2.31072,2.31094,277
2025-10-02 16:25:00,2.31096,2.31096,2.3100899999999998,2.3105700000000002,301
2025-10-02 16:30:00,2.31058,2.31153,2.31035,2.31127,465
2025-10-02 16:35:00,2.31128,2.31248,2.31105,2.31217,492
2025-10-02 16:40:00,2.31218,2.31298,2.3119899999999998,2.3125299999999998,480
2025-10-02 16:45:00,2.31252,2.3125299999999998,2.3111800000000002,2.3113099999999998,520
2025-10-02 16:50:00,2.3113099999999998,2.31187,2.3108,2.31096,523
2025-10-02 16:55:00,2.31101,2.31139,2.31082,2.31088,374
2025-10-02 17:00:00,2.31089,2.31164,2.31072,2.31101,469
2025-10-02 17:05:00,2.311,2.31101,2.30981,2.3099,461
2025-10-02 17:10:00,2.30988,2.31019,2.30914,2.30931,536
2025-10-02 17:15:00,2.3093,2.3093,2.30845,2.30909,447
2025-10-02 17:20:00,2.30908,2.30918,2.30837,2.30853,385
2025-10-02 17:25:00,2.30849,2.30883,2.30799,2.30835,458
2025-10-02 17:30:00,2.30836,2.30943,2.30821,2.30927,391
2025-10-02 17:35:00,2.30926,2.30956,2.3088699999999998,2.30906,429
2025-10-02 17:40:00,2.30907,2.31008,2.30878,2.30988,401
2025-10-02 17:45:00,2.30987,2.31063,2.3098,2.31055,449
2025-10-02 17:50:00,2.31054,2.31079,2.30995,2.31021,460
2025-10-02 17:55:00,2.3101599999999998,2.31122,2.30949,2.31038,645
2025-10-02 18:00:00,2.31037,2.3114,2.31025,2.3114,538
2025-10-02 18:05:00,2.31141,2.31141,2.31027,2.31048,360
2025-10-02 18:10:00,2.31046,2.31074,2.31013,2.31027,408
2025-10-02 18:15:00,2.31026,2.31042,2.30964,2.30983,500
2025-10-02 18:20:00,2.30972,2.31023,2.30971,2.3099600000000002,405
2025-10-02 18:25:00,2.30993,2.31003,2.30884,2.30903,329
2025-10-02 18:30:00,2.30902,2.30926,2.3086,2.30891,334
2025-10-02 18:35:00,2.30891,2.30978,2.30842,2.30844,454
2025-10-02 18:40:00,2.30843,2.30896,2.30822,2.30842,403
2025-10-02 18:45:00,2.30844,2.30883,2.30828,2.30869,284
2025-10-02 18:50:00,2.30868,2.30915,2.3085,2.30904,365
2025-10-02 18:55:00,2.30905,2.30966,2.30889,2.30932,388
2025-10-02 19:00:00,2.30936,2.31005,2.30925,2.30925,355
2025-10-02 19:05:00,2.30926,2.30964,2.3087,2.30932,336
2025-10-02 19:10:00,2.3093,2.30957,2.30886,2.30907,323
2025-10-02 19:15:00,2.30915,2.30926,2.3088,2.30913,306
2025-10-02 19:20:00,2.30912,2.30952,2.3089399999999998,2.30938,267
2025-10-02 19:25:00,2.30938,2.30939,2.30876,2.30901,288
2025-10-02 19:30:00,2.30903,2.30931,2.30876,2.30886,263
2025-10-02 19:35:00,2.30888,2.30925,2.30861,2.30919,308
2025-10-02 19:40:00,2.30921,2.30964,2.30917,2.30942,282
2025-10-02 19:45:00,2.30944,2.30971,2.30886,2.3089,245
2025-10-02 19:50:00,2.30884,2.30924,2.30875,2.30915,236
2025-10-02 19:55:00,2.30918,2.30946,2.30911,2.3093500000000002,225
2025-10-02 20:00:00,2.30937,2.30991,2.3093500000000002,2.30969,316
2025-10-02 20:05:00,2.30968,2.31023,2.30962,2.30974,233
2025-10-02 20:10:00,2.30975,2.31001,2.30953,2.30973,231
2025-10-02 20:15:00,2.30975,2.31017,2.30967,2.30982,291
2025-10-02 20:20:00,2.30983,2.30992,2.30965,2.30968,210
2025-10-02 20:25:00,2.30967,2.3100899999999998,2.30954,2.31,205
2025-10-02 20:30:00,2.31002,2.31023,2.30986,2.30991,256
2025-10-02 20:35:00,2.30992,2.30997,2.30964,2.30967,215
2025-10-02 20:40:00,2.30967,2.30986,2.30944,2.30978,135
2025-10-02 20:45:00,2.30976,2.3099600000000002,2.30963,2.30974,178
2025-10-02 20:50:00,2.30973,2.30981,2.30944,2.30952,151
2025-10-02 20:55:00,2.30952,2.30977,2.30937,2.30969,240
2025-10-02 21:00:00,2.30963,2.30988,2.30947,2.30954,229
2025-10-02 21:05:00,2.30951,2.30956,2.30926,2.30933,156
2025-10-02 21:10:00,2.30933,2.30972,2.30927,2.3096,189
2025-10-02 21:15:00,2.3096,2.30969,2.30942,2.30962,205
2025-10-02 21:20:00,2.30963,2.30992,2.30952,2.30983,196
2025-10-02 21:25:00,2.30985,2.31017,2.30976,2.30993,190
2025-10-02 21:30:00,2.30998,2.31037,2.30968,2.31021,194
2025-10-02 21:35:00,2.3102,2.31031,2.31,2.31015,170
2025-10-02 21:40:00,2.31015,2.31025,2.30987,2.30998,162
2025-10-02 21:45:00,2.30995,2.31036,2.30989,2.31018,194
2025-10-02 21:50:00,2.31019,2.3104,2.31003,2.31023,174
2025-10-02 21:55:00,2.31024,2.3103,2.31001,2.31001,192
2025-10-02 22:00:00,2.31007,2.3103,2.3099,2.31002,196
2025-10-02 22:05:00,2.31002,2.31051,2.30992,2.31045,151
2025-10-02 22:10:00,2.3104,2.31046,2.30988,2.31042,179
2025-10-02 22:15:00,2.31043,2.31048,2.3101599999999998,2.31037,164
2025-10-02 22:20:00,2.31036,2.31054,2.31015,2.31037,120
2025-10-02 22:25:00,2.31038,2.31048,2.31027,2.31037,96
2025-10-02 22:30:00,2.31034,2.31055,2.31034,2.31038,141
2025-10-02 22:35:00,2.31037,2.31074,2.31037,2.3105700000000002,136
2025-10-02 22:40:00,2.31055,2.31068,2.31031,2.3104,137
2025-10-02 22:45:00,2.31042,2.31063,2.31041,2.31051,134
2025-10-02 22:50:00,2.31053,2.3106999999999998,2.31052,2.31068,138
2025-10-02 22:55:00,2.31066,2.31108,2.3106,2.31062,215
2025-10-02 23:00:00,2.3099,2.31042,2.30987,2.30999,179
2025-10-02 23:05:00,2.30998,2.31021,2.30985,2.30989,130
2025-10-02 23:10:00,2.30989,2.31023,2.30989,2.31003,113
2025-10-02 23:15:00,2.31002,2.31028,2.30975,2.30998,145
2025-10-02 23:20:00,2.3099,2.31066,2.30982,2.3099600000000002,83
2025-10-02 23:25:00,2.30998,2.30999,2.30961,2.30979,157
2025-10-02 23:30:00,2.30979,2.3100899999999998,2.30978,2.30994,103
2025-10-02 23:35:00,2.3105,2.3105,2.30992,2.31,48
2025-10-02 23:40:00,2.31001,2.31021,2.30993,2.3101599999999998,131
2025-10-02 23:45:00,2.3101599999999998,2.31035,2.30999,2.31015,324
2025-10-02 23:50:00,2.31015,2.31015,2.30989,2.30999,157
2025-10-02 23:55:00,2.31045,2.31045,2.30698,2.307,166
2025-10-03 00:00:00,2.30677,2.3074500000000002,2.30506,2.30506,24
2025-10-03 00:05:00,2.30506,2.30871,2.30506,2.30771,60
2025-10-03 00:10:00,2.30771,2.30829,2.30771,2.30821,52
2025-10-03 00:15:00,2.30821,2.31039,2.30802,2.30895,113
2025-10-03 00:20:00,2.30919,2.30968,2.3070399999999998,2.309,196
2025-10-03 00:25:00,2.30901,2.30933,2.30696,2.30773,150
2025-10-03 00:30:00,2.30802,2.30914,2.30802,2.3091,117
2025-10-03 00:35:00,2.30911,2.31067,2.30905,2.3105,132
2025-10-03 00:40:00,2.31054,2.3106400000000002,2.30873,2.31018,101
2025-10-03 00:45:00,2.3102,2.31022,2.30977,2.30985,221
2025-10-03 00:50:00,2.30987,2.30998,2.30945,2.30971,168
2025-10-03 00:55:00,2.30977,2.3099,2.30837,2.30868,142
2025-10-03 01:00:00,2.30889,2.31176,2.30871,2.31096,168
2025-10-03 01:05:00,2.3113799999999998,2.3113799999999998,2.31017,2.31017,63
2025-10-03 01:10:00,2.31019,2.31096,2.30984,2.30985,69
2025-10-03 01:15:00,2.30989,2.3103,2.30989,2.31021,172
2025-10-03 01:20:00,2.3102,2.31079,2.31004,2.31026,83
2025-10-03 01:25:00,2.31031,2.31031,2.31007,2.31007,77
2025-10-03 01:30:00,2.31008,2.3102,2.3098,2.3098,71
2025-10-03 01:35:00,2.30982,2.3105700000000002,2.30975,2.30991,57
2025-10-03 01:40:00,2.30989,2.31036,2.30967,2.30973,37
2025-10-03 01:45:00,2.30974,2.31056,2.30959,2.30959,46
2025-10-03 01:50:00,2.3101599999999998,2.31047,2.30953,2.30959,54
2025-10-03 01:55:00,2.31012,2.31012,2.30959,2.30991,81
2025-10-03 02:00:00,2.30999,2.31062,2.30999,2.31048,79
2025-10-03 02:05:00,2.31046,2.3105,2.31025,2.31027,37
2025-10-03 02:10:00,2.3103,2.31039,2.31013,2.31024,51
2025-10-03 02:15:00,2.31022,2.31048,2.31018,2.31047,64
2025-10-03 02:20:00,2.31047,2.3105700000000002,2.3103,2.31034,60
2025-10-03 02:25:00,2.31032,2.31072,2.31022,2.31047,51
2025-10-03 02:30:00,2.31046,2.31061,2.31041,2.3105,50
2025-10-03 02:35:00,2.31049,2.31065,2.31032,2.31035,99
2025-10-03 02:40:00,2.31033,2.31069,2.31031,2.31069,79
2025-10-03 02:45:00,2.31071,2.31091,2.31066,2.31082,68
2025-10-03 02:50:00,2.3109,2.31092,2.31072,2.31085,66
2025-10-03 02:55:00,2.31085,2.31089,2.31036,2.31036,124
2025-10-03 03:00:00,2.31033,2.31045,2.31003,2.31018,203
2025-10-03 03:05:00,2.31017,2.3105700000000002,2.31,2.31,132
2025-10-03 03:10:00,2.31004,2.31012,2.30962,2.30979,127
2025-10-03 03:15:00,2.30973,2.3099600000000002,2.30951,2.30994,130
2025-10-03 03:20:00,2.30988,2.3099600000000002,2.30926,2.30927,117
2025-10-03 03:25:00,2.30916,2.30937,2.30903,2.3093500000000002,111
2025-10-03 03:30:00,2.30937,2.30977,2.30933,2.3094799999999998,136
2025-10-03 03:35:00,2.30949,2.30949,2.30907,2.3094,98
2025-10-03 03:40:00,2.30941,2.3101,2.30941,2.30983,249
2025-10-03 03:45:00,2.30989,2.30999,2.30966,2.30971,159
2025-10-03 03:50:00,2.3097,2.3097,2.30905,2.30938,177
2025-10-03 03:55:00,2.30936,2.30976,2.30918,2.30966,167
2025-10-03 04:00:00,2.30971,2.30999,2.30951,2.30954,181
2025-10-03 04:05:00,2.3095499999999998,2.31013,2.3094799999999998,2.30972,345
2025-10-03 04:10:00,2.3097,2.30976,2.30922,2.30958,252
2025-10-03 04:15:00,2.3096,2.30963,2.3087400000000002,2.30883,197
2025-10-03 04:20:00,2.3088,2.30913,2.3086,2.30898,249
2025-10-03 04:25:00,2.30902,2.30965,2.3088699999999998,2.30927,357
2025-10-03 04:30:00,2.30915,2.30957,2.3088699999999998,2.30914,327
2025-10-03 04:35:00,2.30896,2.31017,2.3088699999999998,2.30985,328
2025-10-03 04:40:00,2.31001,2.31001,2.30913,2.30928,232
2025-10-03 04:45:00,2.30929,2.3094,2.30877,2.30878,156
2025-10-03 04:50:00,2.3088,2.3088,2.30802,2.30811,166
2025-10-03 04:55:00,2.3081300000000002,2.30839,2.30809,2.30822,154
2025-10-03 05:00:00,2.30822,2.3087400000000002,2.30807,2.3087400000000002,211
2025-10-03 05:05:00,2.30873,2.30906,2.30842,2.30882,261
2025-10-03 05:10:00,2.3088699999999998,2.30909,2.30841,2.3085,203
2025-10-03 05:15:00,2.30848,2.30855,2.30814,2.30842,124
2025-10-03 05:20:00,2.30847,2.30847,2.30787,2.30794,193
2025-10-03 05:25:00,2.30796,2.30811,2.30778,2.30798,224
2025-10-03 05:30:00,2.30802,2.30831,2.3077199999999998,2.30811,220
2025-10-03 05:35:00,2.3081,2.30849,2.30799,2.30829,197
2025-10-03 05:40:00,2.30837,2.3091,2.30825,2.30886,166
2025-10-03 05:45:00,2.30885,2.30964,2.30885,2.30964,135
2025-10-03 05:50:00,2.30961,2.30976,2.30932,2.30933,118
2025-10-03 05:55:00,2.30933,2.30952,2.30907,2.30951,129
2025-10-03 06:00:00,2.3095,2.30959,2.30891,2.30915,156
2025-10-03 06:05:00,2.30912,2.30915,2.30849,2.3088699999999998,110
2025-10-03 06:10:00,2.3088,2.30881,2.30811,2.30817,124
2025-10-03 06:15:00,2.30819,2.30869,2.3081300000000002,2.30824,146
2025-10-03 06:20:00,2.30823,2.30869,2.30803,2.30807,185
2025-10-03 06:25:00,2.30809,2.30915,2.30801,2.30903,161
2025-10-03 06:30:00,2.30904,2.30904,2.30857,2.30873,122
2025-10-03 06:35:00,2.3087400000000002,2.30897,2.30842,2.30856,103
2025-10-03 06:40:00,2.30857,2.3088,2.30843,2.30876,102
2025-10-03 06:45:00,2.3087400000000002,2.30934,2.30872,2.30924,100
2025-10-03 06:50:00,2.30918,2.30969,2.30909,2.30964,94
2025-10-03 06:55:00,2.30965,2.3099600000000002,2.30919,2.3099600000000002,162
2025-10-03 07:00:00,2.30995,2.31022,2.3093,2.3093,106
2025-10-03 07:05:00,2.30929,2.30962,2.30893,2.30953,134
2025-10-03 07:10:00,2.30954,2.30978,2.30932,2.3094,205
2025-10-03 07:15:00,2.30941,2.30974,2.30937,2.30963,97
2025-10-03 07:20:00,2.30964,2.30992,2.3095,2.3099,140
2025-10-03 07:25:00,2.30988,2.30999,2.30973,2.3098,68
2025-10-03 07:30:00,2.30978,2.31005,2.30943,2.30999,122
2025-10-03 07:35:00,2.3100899999999998,2.31058,2.30998,2.31056,107
2025-10-03 07:40:00,2.31058,2.31091,2.31044,2.3106999999999998,97
2025-10-03 07:45:00,2.31066,2.31066,2.31022,2.31046,102
2025-10-03 07:50:00,2.31044,2.31076,2.31034,2.31067,125
2025-10-03 07:55:00,2.31068,2.31098,2.31032,2.3104,139
2025-10-03 08:00:00,2.31039,2.3105700000000002,2.30994,2.31,177
2025-10-03 08:05:00,2.30998,2.31001,2.30889,2.30891,202
2025-10-03 08:10:00,2.30889,2.30924,2.30866,2.3088,156
2025-10-03 08:15:00,2.3088,2.30885,2.3082,2.30855,183
2025-10-03 08:20:00,2.30853,2.30923,2.3082,2.30898,232
2025-10-03 08:25:00,2.30897,2.30927,2.3088699999999998,2.30922,162
2025-10-03 08:30:00,2.30929,2.30934,2.30851,2.30858,225
2025-10-03 08:35:00,2.3086,2.30878,2.30843,2.30855,159
2025-10-03 08:40:00,2.3086,2.30882,2.30846,2.30849,136
2025-10-03 08:45:00,2.30836,2.30843,2.3079,2.30816,148
2025-10-03 08:50:00,2.30814,2.30845,2.3079,2.30801,190
2025-10-03 08:55:00,2.30798,2.30855,2.30786,2.30855,261
2025-10-03 09:00:00,2.30856,2.30856,2.30761,2.30761,256
2025-10-03 09:05:00,2.30763,2.30829,2.3074,2.30827,275
2025-10-03 09:10:00,2.30839,2.30839,2.30782,2.30788,232
2025-10-03 09:15:00,2.30787,2.30795,2.3073,2.3076,255
2025-10-03 09:20:00,2.30759,2.3076,2.30682,2.30698,205
2025-10-03 09:25:00,2.30697,2.30703,2.30661,2.3068,181
2025-10-03 09:30:00,2.30682,2.30713,2.30642,2.30679,250
2025-10-03 09:35:00,2.30681,2.3074,2.30671,2.30726,205
2025-10-03 09:40:00,2.30723,2.30736,2.30682,2.3070399999999998,232
2025-10-03 09:45:00,2.30709,2.30751,2.30702,2.30737,215
2025-10-03 09:50:00,2.30737,2.30778,2.3071099999999998,2.30733,214
2025-10-03 09:55:00,2.30731,2.30851,2.30722,2.30831,264
2025-10-03 10:00:00,2.30837,2.30871,2.30785,2.30844,295
2025-10-03 10:05:00,2.30845,2.30876,2.30816,2.30836,215
2025-10-03 10:10:00,2.30834,2.30882,2.30828,2.30864,187
2025-10-03 10:15:00,2.30861,2.30871,2.30763,2.3077199999999998,159
2025-10-03 10:20:00,2.30766,2.30766,2.30668,2.30686,192
2025-10-03 10:25:00,2.3068400000000002,2.30728,2.30679,2.30709,240
2025-10-03 10:30:00,2.30708,2.30764,2.30707,2.3075,221
2025-10-03 10:35:00,2.30743,2.30823,2.30731,2.30786,232
2025-10-03 10:40:00,2.30785,2.30837,2.30779,2.30782,264
2025-10-03 10:45:00,2.30784,2.30799,2.30725,2.30774,235
2025-10-03 10:50:00,2.30775,2.30811,2.30767,2.3077,212
2025-10-03 10:55:00,2.30771,2.3084,2.3073,2.30835,287
2025-10-03 11:00:00,2.30836,2.30907,2.30836,2.3086,330
2025-10-03 11:05:00,2.30861,2.30872,2.30788,2.30801,254
2025-10-03 11:10:00,2.30796,2.30851,2.30792,2.30816,269
2025-10-03 11:15:00,2.30815,2.3083299999999998,2.30795,2.30816,208
2025-10-03 11:20:00,2.30822,2.30851,2.30789,2.30798,228
2025-10-03 11:25:00,2.30797,2.30848,2.30777,2.3080600000000002,188
2025-10-03 11:30:00,2.3078,2.30782,2.30707,2.30729,246
2025-10-03 11:35:00,2.3073,2.30779,2.30717,2.30734,228
2025-10-03 11:40:00,2.30725,2.30774,2.30718,2.30761,203
2025-10-03 11:45:00,2.30763,2.30778,2.30723,2.30759,247
2025-10-03 11:50:00,2.30758,2.30783,2.30733,2.30769,209
2025-10-03 11:55:00,2.3076499999999998,2.30803,2.30731,2.30743,338
2025-10-03 12:00:00,2.30744,2.308,2.30717,2.30776,268
2025-10-03 12:05:00,2.30778,2.30848,2.30776,2.30788,258
2025-10-03 12:10:00,2.30787,2.30807,2.3076499999999998,2.30795,219
2025-10-03 12:15:00,2.30796,2.30801,2.30722,2.30731,217
2025-10-03 12:20:00,2.30732,2.3077,2.30681,2.30681,205
2025-10-03 12:25:00,2.30685,2.30734,2.30664,2.30724,191
2025-10-03 12:30:00,2.30727,2.30742,2.30657,2.30662,211
2025-10-03 12:35:00,2.3066,2.30674,2.30614,2.30628,195
2025-10-03 12:40:00,2.30627,2.3064,2.306,2.30629,174
2025-10-03 12:45:00,2.30626,2.30637,2.30568,2.30577,161
2025-10-03 12:50:00,2.30576,2.30585,2.30524,2.30555,170
2025-10-03 12:55:00,2.30552,2.3058899999999998,2.30547,2.3058899999999998,203
2025-10-03 13:00:00,2.30591,2.306,2.30534,2.30597,192
2025-10-03 13:05:00,2.30599,2.30608,2.30572,2.30601,179
2025-10-03 13:10:00,2.306,2.3064299999999998,2.30594,2.30597,164
2025-10-03 13:15:00,2.30596,2.30604,2.30542,2.30586,166
2025-10-03 13:20:00,2.30588,2.30592,2.30548,2.30571,129
2025-10-03 13:25:00,2.3056900000000002,2.30574,2.30539,2.30553,136
2025-10-03 13:30:00,2.30554,2.3066,2.3054,2.3064299999999998,127
2025-10-03 13:35:00,2.30644,2.30651,2.30598,2.30639,156
2025-10-03 13:40:00,2.3064,2.30668,2.30603,2.30645,182
2025-10-03 13:45:00,2.30644,2.30657,2.30577,2.3058,139
2025-10-03 13:50:00,2.30573,2.30651,2.30568,2.3062,192
2025-10-03 13:55:00,2.30619,2.30657,2.30602,2.30633,192
2025-10-03 14:00:00,2.30633,2.30638,2.30593,2.30628,178
2025-10-03 14:05:00,2.3063000000000002,2.3063000000000002,2.3054,2.30576,154
2025-10-03 14:10:00,2.30574,2.30609,2.3055,2.30584,240
2025-10-03 14:15:00,2.30583,2.30632,2.30566,2.30615,248
2025-10-03 14:20:00,2.30616,2.3063000000000002,2.30583,2.30594,191
2025-10-03 14:25:00,2.30594,2.30609,2.30517,2.30526,189
2025-10-03 14:30:00,2.3052799999999998,2.30558,2.30502,2.3055,188
2025-10-03 14:35:00,2.30546,2.30605,2.30538,2.3056900000000002,292
2025-10-03 14:40:00,2.30571,2.30577,2.30495,2.3050800000000002,212
2025-10-03 14:45:00,2.30509,2.3052799999999998,2.30474,2.30486,257
2025-10-03 14:50:00,2.3049,2.30492,2.30436,2.30437,226
2025-10-03 14:55:00,2.30436,2.30516,2.30412,2.30515,389
2025-10-03 15:00:00,2.30518,2.30635,2.30502,2.3057,326
2025-10-03 15:05:00,2.3056900000000002,2.30616,2.30553,2.30615,210
2025-10-03 15:10:00,2.30614,2.30615,2.30551,2.30551,212
2025-10-03 15:15:00,2.3055,2.30551,2.305,2.30531,247
2025-10-03 15:20:00,2.3052799999999998,2.30533,2.30465,2.30478,268
2025-10-03 15:25:00,2.30471,2.30516,2.30446,2.30474,236
2025-10-03 15:30:00,2.30477,2.30529,2.30461,2.3050800000000002,293
2025-10-03 15:35:00,2.3051,2.30541,2.3047,2.30499,415
2025-10-03 15:40:00,2.30503,2.30559,2.30462,2.3054,274
2025-10-03 15:45:00,2.30542,2.30613,2.30526,2.3058899999999998,291
2025-10-03 15:50:00,2.30587,2.30674,2.30587,2.30674,332
2025-10-03 15:55:00,2.30675,2.30682,2.30575,2.30671,314
2025-10-03 16:00:00,2.30675,2.3077,2.30665,2.30766,382
2025-10-03 16:05:00,2.30768,2.30791,2.30719,2.3075200000000002,343
2025-10-03 16:10:00,2.30753,2.3079,2.30732,2.30781,311
2025-10-03 16:15:00,2.30782,2.30834,2.30776,2.30814,371
2025-10-03 16:20:00,2.30815,2.30869,2.3079,2.30798,314
2025-10-03 16:25:00,2.30797,2.30893,2.30791,2.3086,329
2025-10-03 16:30:00,2.3086,2.30976,2.3086,2.30932,432
2025-10-03 16:35:00,2.30934,2.30973,2.30903,2.30918,362
2025-10-03 16:40:00,2.30919,2.3098,2.30848,2.30848,321
2025-10-03 16:45:00,2.30852,2.31026,2.30842,2.31022,489
2025-10-03 16:50:00,2.31018,2.31101,2.31017,2.31097,410
2025-10-03 16:55:00,2.31098,2.31112,2.31019,2.31063,410
2025-10-03 17:00:00,2.31147,2.31147,2.30922,2.30979,701
2025-10-03 17:05:00,2.30982,2.3111,2.30969,2.31074,633
2025-10-03 17:10:00,2.31082,2.31096,2.30994,2.31005,587
2025-10-03 17:15:00,2.31002,2.31004,2.30871,2.30895,510
2025-10-03 17:20:00,2.30896,2.3091,2.30834,2.30889,534
2025-10-03 17:25:00,2.30891,2.30899,2.30815,2.30837,496
2025-10-03 17:30:00,2.30839,2.3088,2.30819,2.30854,419
2025-10-03 17:35:00,2.30852,2.30909,2.30831,2.30899,399
2025-10-03 17:40:00,2.30898,2.30961,2.30897,2.30947,423
2025-10-03 17:45:00,2.30944,2.31029,2.30911,2.31015,379
2025-10-03 17:50:00,2.31011,2.31093,2.30989,2.31063,396
2025-10-03 17:55:00,2.31078,2.31147,2.31063,2.31122,454
2025-10-03 18:00:00,2.3112,2.31142,2.31083,2.31101,381
2025-10-03 18:05:00,2.31097,2.3113,2.31084,2.31105,327
2025-10-03 18:10:00,2.31107,2.31159,2.31091,2.31142,341
2025-10-03 18:15:00,2.3114,2.31145,2.31048,2.31048,293
2025-10-03 18:20:00,2.31045,2.31079,2.31035,2.31072,227
2025-10-03 18:25:00,2.31073,2.31089,2.31039,2.31076,346
2025-10-03 18:30:00,2.31074,2.31103,2.31035,2.31043,293
2025-10-03 18:35:00,2.31043,2.31046,2.30976,2.30977,274
2025-10-03 18:40:00,2.30979,2.31018,2.30967,2.30986,254
2025-10-03 18:45:00,2.30985,2.31038,2.30967,2.31035,321
2025-10-03 18:50:00,2.31033,2.31045,2.30982,2.30991,253
2025-10-03 18:55:00,2.30993,2.31001,2.30918,2.30921,340
2025-10-03 19:00:00,2.30912,2.30982,2.3091,2.3096,329
2025-10-03 19:05:00,2.30959,2.30972,2.30922,2.30933,284
2025-10-03 19:10:00,2.30934,2.30943,2.3089,2.30934,198
2025-10-03 19:15:00,2.30928,2.3097,2.30928,2.30947,241
2025-10-03 19:20:00,2.30945,2.30961,2.30925,2.30944,183
2025-10-03 19:25:00,2.30946,2.30997,2.30939,2.30982,234
2025-10-03 19:30:00,2.30984,2.30993,2.3095499999999998,2.30993,209
2025-10-03 19:35:00,2.30992,2.30997,2.30939,2.30962,138
2025-10-03 19:40:00,2.3096,2.3101,2.30947,2.31008,160
2025-10-03 19:45:00,2.31012,2.31056,2.31011,2.3102,205
2025-10-03 19:50:00,2.3102,2.3102,2.30973,2.30984,164
2025-10-03 19:55:00,2.30985,2.3101599999999998,2.30962,2.3101599999999998,185
2025-10-03 20:00:00,2.31012,2.3111,2.30988,2.31102,245
2025-10-03 20:05:00,2.31108,2.3111,2.30999,2.31006,201
2025-10-03 20:10:00,2.31005,2.3102,2.30971,2.30982,181
2025-10-03 20:15:00,2.30983,2.31063,2.30977,2.31042,174
2025-10-03 20:20:00,2.31041,2.3105700000000002,2.3101,2.3105700000000002,165
2025-10-03 20:25:00,2.31058,2.31069,2.31041,2.31067,179
2025-10-03 20:30:00,2.31069,2.31081,2.31027,2.3106400000000002,184
2025-10-03 20:35:00,2.31062,2.31066,2.31021,2.3105,177
2025-10-03 20:40:00,2.31049,2.3107699999999998,2.31044,2.31073,171
2025-10-03 20:45:00,2.31074,2.31078,2.31024,2.31033,215
2025-10-03 20:50:00,2.3103,2.31129,2.31,2.3111,309
2025-10-03 20:55:00,2.31107,2.31114,2.31029,2.3105700000000002,195
2025-10-03 21:00:00,2.31058,2.3109,2.31023,2.31055,272
2025-10-03 21:05:00,2.31048,2.3109,2.31019,2.31078,297
2025-10-03 21:10:00,2.31076,2.31086,2.31021,2.31051,249
2025-10-03 21:15:00,2.31052,2.31052,2.30991,2.31,187
2025-10-03 21:20:00,2.31003,2.31017,2.30979,2.30984,172
2025-10-03 21:25:00,2.30985,2.31001,2.30968,2.30978,146
2025-10-03 21:30:00,2.30979,2.30994,2.30957,2.30974,153
2025-10-03 21:35:00,2.30972,2.31006,2.30962,2.31006,118
2025-10-03 21:40:00,2.31007,2.31041,2.31,2.31041,120
2025-10-03 21:45:00,2.31043,2.31056,2.31034,2.31048,130
2025-10-03 21:50:00,2.31046,2.3106400000000002,2.3102,2.31043,195
2025-10-03 21:55:00,2.31044,2.3111,2.31044,2.31101,241
2025-10-03 22:00:00,2.31104,2.31109,2.31045,2.3107699999999998,255
2025-10-03 22:05:00,2.31076,2.31108,2.31065,2.31089,157
2025-10-03 22:10:00,2.31089,2.31093,2.31031,2.31034,122
2025-10-03 22:15:00,2.31035,2.31103,2.31029,2.31091,148
2025-10-03 22:20:00,2.31085,2.31113,2.31078,2.31093,114
2025-10-03 22:25:00,2.31091,2.31114,2.31081,2.31111,93
2025-10-03 22:30:00,2.31112,2.31122,2.31089,2.31102,106
2025-10-03 22:35:00,2.311,2.31104,2.3105700000000002,2.3106400000000002,121
2025-10-03 22:40:00,2.31063,2.31085,2.3106,2.3106999999999998,144
2025-10-03 22:45:00,2.31069,2.31082,2.31047,2.3105,122
2025-10-03 22:50:00,2.31053,2.31074,2.31053,2.31058,139
2025-10-03 22:55:00,2.3105,2.31106,2.3105,2.31089,184
2025-10-03 23:00:00,2.31021,2.31084,2.31021,2.31041,198
2025-10-03 23:05:00,2.31043,2.31059,2.31028,2.31059,105
2025-10-03 23:10:00,2.31058,2.31059,2.31008,2.31012,94
2025-10-03 23:15:00,2.31014,2.31015,2.30985,2.30997,120
2025-10-03 23:20:00,2.30995,2.31059,2.30995,2.31036,85
2025-10-03 23:25:00,2.31036,2.31043,2.31012,2.31017,110
2025-10-03 23:30:00,2.3101599999999998,2.31079,2.31011,2.31029,86
2025-10-03 23:35:00,2.3103,2.31065,2.31022,2.31065,96
2025-10-03 23:40:00,2.31067,2.31093,2.31043,2.31069,123
2025-10-03 23:45:00,2.31068,2.31083,2.31037,2.31083,160
2025-10-03 23:50:00,2.31084,2.31107,2.31042,2.31052,238
2025-10-03 23:55:00,2.31124,2.31124,2.30668,2.30694,336
2025-10-06 00:00:00,2.3092,2.3093,2.30801,2.30851,23
2025-10-06 00:05:00,2.30851,2.3087,2.30729,2.30737,96
2025-10-06 00:10:00,2.30732,2.30732,2.30669,2.30729,101
2025-10-06 00:15:00,2.30941,2.31075,2.309,2.31024,79
2025-10-06 00:20:00,2.3102,2.31051,2.30844,2.31008,113
2025-10-06 00:25:00,2.30949,2.3100899999999998,2.30774,2.30837,81
2025-10-06 00:30:00,2.30848,2.30921,2.3063000000000002,2.30632,55
2025-10-06 00:35:00,2.30586,2.30915,2.30586,2.3086,38
2025-10-06 00:40:00,2.30852,2.30957,2.3071,2.3088699999999998,189
2025-10-06 00:45:00,2.30889,2.30907,2.30618,2.30845,94
2025-10-06 00:50:00,2.30835,2.30934,2.30795,2.30859,102
2025-10-06 00:55:00,2.30852,2.30914,2.30736,2.30842,197
2025-10-06 01:00:00,2.3094799999999998,2.31001,2.30809,2.3087,337
2025-10-06 01:05:00,2.30873,2.30914,2.30713,2.30736,218
2025-10-06 01:10:00,2.30734,2.30776,2.30712,2.3075,242
2025-10-06 01:15:00,2.3075200000000002,2.30789,2.30713,2.30759,283
2025-10-06 01:20:00,2.30757,2.30844,2.30754,2.30787,260
2025-10-06 01:25:00,2.30788,2.30835,2.30764,2.30809,192
2025-10-06 01:30:00,2.3081,2.30847,2.30789,2.30841,264
2025-10-06 01:35:00,2.30839,2.30961,2.30839,2.3095499999999998,223
2025-10-06 01:40:00,2.30957,2.3096,2.30861,2.30861,166
2025-10-06 01:45:00,2.30859,2.3089399999999998,2.30843,2.3085,155
2025-10-06 01:50:00,2.30848,2.30848,2.30814,2.30835,136
2025-10-06 01:55:00,2.3084,2.3087,2.30823,2.30841,138
2025-10-06 02:00:00,2.30856,2.30918,2.30816,2.30832,250
2025-10-06 02:05:00,2.30835,2.30835,2.30732,2.30758,254
2025-10-06 02:10:00,2.30758,2.30799,2.30727,2.30761,193
2025-10-06 02:15:00,2.30759,2.30809,2.30718,2.30804,238
2025-10-06 02:20:00,2.30805,2.30892,2.30782,2.30886,221
2025-10-06 02:25:00,2.30885,2.30888,2.30812,2.30824,193
2025-10-06 02:30:00,2.30825,2.30834,2.307,2.30712,268
2025-10-06 02:35:00,2.30709,2.3071099999999998,2.30636,2.30685,275
2025-10-06 02:40:00,2.3068,2.30723,2.30639,2.30707,232
2025-10-06 02:45:00,2.30697,2.30739,2.30614,2.3063000000000002,351
2025-10-06 02:50:00,2.30632,2.30669,2.30601,2.30621,369
2025-10-06 02:55:00,2.30618,2.30635,2.30593,2.30618,319
2025-10-06 03:00:00,2.30616,2.3068400000000002,2.3058199999999998,2.3062,313
2025-10-06 03:05:00,2.30622,2.30715,2.30606,2.30663,351
2025-10-06 03:10:00,2.30654,2.30695,2.30593,2.30597,284
2025-10-06 03:15:00,2.30598,2.30698,2.30586,2.30688,268
2025-10-06 03:20:00,2.30686,2.30694,2.30607,2.30607,219
2025-10-06 03:25:00,2.30613,2.30633,2.30584,2.30586,164
2025-10-06 03:30:00,2.30585,2.30612,2.30568,2.30588,220
2025-10-06 03:35:00,2.30592,2.30608,2.30578,2.30578,146
2025-10-06 03:40:00,2.30581,2.30592,2.3055,2.30558,147
2025-10-06 03:45:00,2.30556,2.30585,2.30522,2.3056,225
2025-10-06 03:50:00,2.3056200000000002,2.30599,2.30525,2.30542,190
2025-10-06 03:55:00,2.30539,2.30596,2.30539,2.30567,204
2025-10-06 04:00:00,2.30587,2.3067,2.3058,2.30653,201
2025-10-06 04:05:00,2.30653,2.30727,2.30636,2.3069,167
2025-10-06 04:10:00,2.30689,2.30692,2.30625,2.30648,139
2025-10-06 04:15:00,2.30653,2.30676,2.30617,2.30631,188
2025-10-06 04:20:00,2.3063000000000002,2.30685,2.30606,2.30685,194
2025-10-06 04:25:00,2.3068400000000002,2.30695,2.30622,2.30622,179
2025-10-06 04:30:00,2.3062,2.30625,2.30545,2.3057,243
2025-10-06 04:35:00,2.3056,2.30619,2.30551,2.30601,221
2025-10-06 04:40:00,2.30608,2.30632,2.3058899999999998,2.3058899999999998,195
2025-10-06 04:45:00,2.30583,2.30628,2.30575,2.30576,237
2025-10-06 04:50:00,2.30575,2.30592,2.30516,2.30544,219
2025-10-06 04:55:00,2.30545,2.30581,2.30523,2.3052799999999998,181
2025-10-06 05:00:00,2.30527,2.30616,2.30498,2.30592,250
2025-10-06 05:05:00,2.30591,2.30603,2.30557,2.30581,172
2025-10-06 05:10:00,2.30583,2.30649,2.3058199999999998,2.30631,144
2025-10-06 05:15:00,2.30641,2.30686,2.30635,2.30677,132
2025-10-06 05:20:00,2.30675,2.3069100000000002,2.30635,2.30644,100
2025-10-06 05:25:00,2.30642,2.30658,2.30614,2.30614,130
2025-10-06 05:30:00,2.30615,2.30618,2.30519,2.30564,131
2025-10-06 05:35:00,2.30563,2.30628,2.30554,2.30594,157
2025-10-06 05:40:00,2.30597,2.30634,2.30587,2.30602,115
2025-10-06 05:45:00,2.306,2.306,2.30524,2.30524,109
2025-10-06 05:50:00,2.30523,2.30563,2.30511,2.30512,128
2025-10-06 05:55:00,2.3050800000000002,2.3050800000000002,2.30446,2.30489,176
2025-10-06 06:00:00,2.30488,2.30511,2.30452,2.30491,138
2025-10-06 06:05:00,2.3049,2.3050100000000002,2.30441,2.30444,138
2025-10-06 06:10:00,2.30445,2.3048,2.30444,2.30475,143
2025-10-06 06:15:00,2.30477,2.30494,2.30448,2.30468,126
2025-10-06 06:20:00,2.30468,2.30468,2.30425,2.3045,102
2025-10-06 06:25:00,2.30448,2.30496,2.30443,2.30474,109
2025-10-06 06:30:00,2.30478,2.30507,2.30456,2.30457,141
2025-10-06 06:35:00,2.30459,2.30488,2.30454,2.30488,72
2025-10-06 06:40:00,2.30492,2.30492,2.30398,2.3044000000000002,139
2025-10-06 06:45:00,2.30441,2.30515,2.30437,2.30503,156
2025-10-06 06:50:00,2.30509,2.30538,2.30489,2.30529,141
2025-10-06 06:55:00,2.30529,2.3054,2.30484,2.30507,234
2025-10-06 07:00:00,2.3050800000000002,2.30529,2.30476,2.3049,228
2025-10-06 07:05:00,2.30488,2.30526,2.30479,2.3051,164
2025-10-06 07:10:00,2.30511,2.3054,2.30499,2.30525,159
2025-10-06 07:15:00,2.30526,2.30557,2.30509,2.30547,197
2025-10-06 07:20:00,2.30548,2.30555,2.30509,2.30525,182
2025-10-06 07:25:00,2.30526,2.30526,2.30495,2.30511,164
2025-10-06 07:30:00,2.30513,2.30564,2.30509,2.30555,131
2025-10-06 07:35:00,2.30554,2.30559,2.3052,2.3052,157
2025-10-06 07:40:00,2.30518,2.3055,2.3047,2.30549,202
2025-10-06 07:45:00,2.3055,2.30572,2.30534,2.30543,201
2025-10-06 07:50:00,2.30539,2.30565,2.30504,2.30541,164
2025-10-06 07:55:00,2.3054,2.30611,2.3054,2.30604,165
2025-10-06 08:00:00,2.30603,2.30628,2.30571,2.30621,162
2025-10-06 08:05:00,2.3062,2.3064999999999998,2.30594,2.30597,145
2025-10-06 08:10:00,2.30593,2.30636,2.30541,2.30543,206
2025-10-06 08:15:00,2.30541,2.30601,2.30541,2.30584,180
2025-10-06 08:20:00,2.3058899999999998,2.30594,2.30513,2.30563,175
2025-10-06 08:25:00,2.30565,2.30587,2.30541,2.30541,136
2025-10-06 08:30:00,2.30547,2.30571,2.30515,2.30525,172
2025-10-06 08:35:00,2.3052799999999998,2.30566,2.3050800000000002,2.30553,153
2025-10-06 08:40:00,2.30554,2.30578,2.30545,2.30567,119
2025-10-06 08:45:00,2.30563,2.30566,2.30524,2.30533,127
2025-10-06 08:50:00,2.30533,2.30546,2.30503,2.30532,153
2025-10-06 08:55:00,2.30534,2.30578,2.3052799999999998,2.30534,175
2025-10-06 09:00:00,2.30537,2.30593,2.305,2.30585,296
2025-10-06 09:05:00,2.30578,2.30605,2.30536,2.30572,284
2025-10-06 09:10:00,2.30572,2.30579,2.30495,2.30516,362
2025-10-06 09:15:00,2.30518,2.30586,2.30506,2.30584,262
2025-10-06 09:20:00,2.30579,2.30581,2.30513,2.30532,230
2025-10-06 09:25:00,2.30531,2.30564,2.3052,2.30535,269
2025-10-06 09:30:00,2.30536,2.30541,2.3048,2.30531,310
2025-10-06 09:35:00,2.30527,2.30537,2.30476,2.30484,304
2025-10-06 09:40:00,2.30486,2.30514,2.30435,2.30446,282
2025-10-06 09:45:00,2.30444,2.30475,2.30408,2.30423,329
2025-10-06 09:50:00,2.30421,2.30466,2.3037900000000002,2.30385,343
2025-10-06 09:55:00,2.30392,2.30432,2.30367,2.30371,333
2025-10-06 10:00:00,2.30376,2.30454,2.30344,2.30435,479
2025-10-06 10:05:00,2.30434,2.30477,2.3037900000000002,2.30408,343
2025-10-06 10:10:00,2.30413,2.30502,2.30403,2.30457,312
2025-10-06 10:15:00,2.30456,2.30531,2.30456,2.30504,323
2025-10-06 10:20:00,2.30499,2.30571,2.30487,2.30542,274
2025-10-06 10:25:00,2.30546,2.30555,2.30506,2.30545,219
2025-10-06 10:30:00,2.30547,2.30555,2.30488,2.30499,241
2025-10-06 10:35:00,2.30502,2.30622,2.30494,2.30601,287
2025-10-06 10:40:00,2.30602,2.30617,2.3045999999999998,2.3055,701
2025-10-06 10:45:00,2.30552,2.30644,2.30529,2.30559,613
2025-10-06 10:50:00,2.30556,2.30636,2.30541,2.30627,466
2025-10-06 10:55:00,2.3062,2.30694,2.30604,2.30676,447
2025-10-06 11:00:00,2.30676,2.30689,2.30484,2.30489,550
2025-10-06 11:05:00,2.30495,2.30588,2.30485,2.30566,456
2025-10-06 11:10:00,2.30561,2.306,2.30472,2.30483,424
2025-10-06 11:15:00,2.30478,2.3056200000000002,2.30458,2.30524,405
2025-10-06 11:20:00,2.30525,2.30685,2.30515,2.30668,336
2025-10-06 11:25:00,2.30671,2.30717,2.30636,2.30651,323
2025-10-06 11:30:00,2.30653,2.30715,2.30641,2.30641,285
2025-10-06 11:35:00,2.30642,2.30754,2.30635,2.30747,363
2025-10-06 11:40:00,2.30748,2.30748,2.30657,2.30687,307
2025-10-06 11:45:00,2.3069100000000002,2.30797,2.30689,2.30749,272
2025-10-06 11:50:00,2.30748,2.30824,2.30739,2.30818,306
2025-10-06 11:55:00,2.30811,2.30851,2.30787,2.30814,222
2025-10-06 12:00:00,2.30809,2.30849,2.3077,2.30836,274
2025-10-06 12:05:00,2.30837,2.30928,2.30817,2.3092,263
2025-10-06 12:10:00,2.30923,2.30972,2.30906,2.3095,253
2025-10-06 12:15:00,2.3094799999999998,2.30982,2.30915,2.3097,227
2025-10-06 12:20:00,2.30972,2.30994,2.3095,2.30967,255
2025-10-06 12:25:00,2.30969,2.3098,2.30924,2.30975,235
2025-10-06 12:30:00,2.30977,2.31037,2.30971,2.31028,233
2025-10-06 12:35:00,2.31026,2.31076,2.31026,2.31049,216
2025-10-06 12:40:00,2.31048,2.31055,2.30964,2.30991,251
2025-10-06 12:45:00,2.30988,2.31001,2.30951,2.30973,265
2025-10-06 12:50:00,2.30978,2.31084,2.30975,2.31083,214
2025-10-06 12:55:00,2.31086,2.31102,2.31026,2.31039,315
2025-10-06 13:00:00,2.31041,2.31045,2.30991,2.31027,264
2025-10-06 13:05:00,2.31028,2.31031,2.30939,2.30992,258
2025-10-06 13:10:00,2.3099600000000002,2.31036,2.30986,2.31036,233
2025-10-06 13:15:00,2.31037,2.31044,2.30939,2.30963,233
2025-10-06 13:20:00,2.30964,2.31052,2.30963,2.31033,182
2025-10-06 13:25:00,2.31038,2.31123,2.31021,2.31098,203
2025-10-06 13:30:00,2.31099,2.31128,2.3105700000000002,2.3108,213
2025-10-06 13:35:00,2.31074,2.31084,2.30986,2.3107699999999998,174
2025-10-06 13:40:00,2.31079,2.31123,2.31071,2.31108,146
2025-10-06 13:45:00,2.31109,2.31109,2.3100899999999998,2.31022,218
2025-10-06 13:50:00,2.3102,2.3102,2.30903,2.30917,297
2025-10-06 13:55:00,2.30915,2.30925,2.30785,2.30786,451
2025-10-06 14:00:00,2.30788,2.30869,2.30762,2.30869,376
2025-10-06 14:05:00,2.3087,2.3087,2.30828,2.30839,216
2025-10-06 14:10:00,2.30832,2.30857,2.3081300000000002,2.30841,272
2025-10-06 14:15:00,2.30831,2.30872,2.30822,2.30823,185
2025-10-06 14:20:00,2.30824,2.30881,2.30821,2.30844,221
2025-10-06 14:25:00,2.30843,2.30864,2.30749,2.3076499999999998,208
2025-10-06 14:30:00,2.30767,2.3077199999999998,2.30708,2.30759,228
2025-10-06 14:35:00,2.30763,2.30777,2.30679,2.30724,234
2025-10-06 14:40:00,2.30726,2.30726,2.30673,2.30687,260
2025-10-06 14:45:00,2.30688,2.3074500000000002,2.30683,2.30737,237
2025-10-06 14:50:00,2.30748,2.30749,2.30661,2.30687,259
2025-10-06 14:55:00,2.30686,2.30697,2.3061,2.30656,316
2025-10-06 15:00:00,2.30655,2.30727,2.3063000000000002,2.30721,533
2025-10-06 15:05:00,2.30718,2.30742,2.30653,2.30695,380
2025-10-06 15:10:00,2.30697,2.30727,2.30634,2.30689,408
2025-10-06 15:15:00,2.30686,2.30708,2.30637,2.3066,322
2025-10-06 15:20:00,2.3066,2.30694,2.30617,2.30679,381
2025-10-06 15:25:00,2.30681,2.30707,2.30596,2.30596,346
2025-10-06 15:30:00,2.30598,2.3062300000000002,2.30538,2.30594,296
2025-10-06 15:35:00,2.30595,2.30632,2.30588,2.30605,348
2025-10-06 15:40:00,2.30605,2.30622,2.30584,2.30613,275
2025-10-06 15:45:00,2.30612,2.30634,2.30527,2.3052799999999998,288
2025-10-06 15:50:00,2.3052099999999998,2.30552,2.30472,2.30472,278
2025-10-06 15:55:00,2.30474,2.30505,2.30409,2.30421,301
2025-10-06 16:00:00,2.30422,2.30487,2.3039899999999998,2.30479,325
2025-10-06 16:05:00,2.30477,2.30491,2.30428,2.30489,305
2025-10-06 16:10:00,2.30487,2.30505,2.30424,2.30457,329
2025-10-06 16:15:00,2.3045999999999998,2.30468,2.30422,2.30434,267
2025-10-06 16:20:00,2.30432,2.3051,2.30425,2.30504,240
2025-10-06 16:25:00,2.3050100000000002,2.30545,2.3050100000000002,2.30541,239
2025-10-06 16:30:00,2.3054,2.30627,2.30525,2.30609,387
2025-10-06 16:35:00,2.30608,2.30613,2.3050800000000002,2.30546,374
2025-10-06 16:40:00,2.30549,2.30625,2.30531,2.30587,418
2025-10-06 16:45:00,2.3059,2.30659,2.30531,2.30537,446
2025-10-06 16:50:00,2.30539,2.30597,2.30526,2.30552,429
2025-10-06 16:55:00,2.30553,2.30625,2.30523,2.306,444
2025-10-06 17:00:00,2.30601,2.30625,2.30518,2.30549,486
2025-10-06 17:05:00,2.30545,2.3062,2.30517,2.30561,417
2025-10-06 17:10:00,2.30558,2.30637,2.30554,2.3059,381
2025-10-06 17:15:00,2.30592,2.30615,2.30575,2.30613,340
2025-10-06 17:20:00,2.30617,2.30648,2.30606,2.30636,341
2025-10-06 17:25:00,2.30637,2.30701,2.30633,2.30701,293
2025-10-06 17:30:00,2.30699,2.30763,2.30678,2.3075,323
2025-10-06 17:35:00,2.30751,2.30818,2.30744,2.30791,329
2025-10-06 17:40:00,2.30784,2.30814,2.30735,2.30741,359
2025-10-06 17:45:00,2.30739,2.3081300000000002,2.30733,2.30766,366
2025-10-06 17:50:00,2.30766,2.30851,2.30762,2.30812,475
2025-10-06 17:55:00,2.3081300000000002,2.30895,2.30792,2.30871,470
2025-10-06 18:00:00,2.30879,2.3089399999999998,2.3083,2.3087400000000002,493
2025-10-06 18:05:00,2.30875,2.30876,2.30804,2.30856,411
2025-10-06 18:10:00,2.30858,2.30918,2.30849,2.30891,328
2025-10-06 18:15:00,2.3089,2.30918,2.30866,2.3088699999999998,363
2025-10-06 18:20:00,2.3088699999999998,2.30922,2.30875,2.30897,289
2025-10-06 18:25:00,2.30896,2.30916,2.30834,2.30834,336
2025-10-06 18:30:00,2.30832,2.3088,2.30822,2.30842,341
2025-10-06 18:35:00,2.3084,2.30843,2.30802,2.30831,289
2025-10-06 18:40:00,2.3083299999999998,2.30839,2.30798,2.3081,269
2025-10-06 18:45:00,2.30809,2.30851,2.30769,2.30817,257
2025-10-06 18:50:00,2.30811,2.30834,2.3074500000000002,2.30808,274
2025-10-06 18:55:00,2.3080600000000002,2.30847,2.30794,2.30832,264
2025-10-06 19:00:00,2.30823,2.3088,2.30823,2.3087,303
2025-10-06 19:05:00,2.30878,2.30878,2.30834,2.30846,289
2025-10-06 19:10:00,2.30847,2.3085,2.30769,2.30783,335
2025-10-06 19:15:00,2.30784,2.30809,2.30763,2.30775,244
2025-10-06 19:20:00,2.30773,2.30801,2.3076,2.30776,148
2025-10-06 19:25:00,2.30774,2.30805,2.30763,2.30773,202
2025-10-06 19:30:00,2.30775,2.30801,2.3077,2.30788,208
2025-10-06 19:35:00,2.30787,2.30799,2.30761,2.30792,140
2025-10-06 19:40:00,2.30791,2.30802,2.30773,2.30773,171
2025-10-06 19:45:00,2.3077199999999998,2.3080600000000002,2.30734,2.30749,156
2025-10-06 19:50:00,2.3075,2.30788,2.30737,2.30748,160
2025-10-06 19:55:00,2.3074500000000002,2.30779,2.30738,2.30746,163
2025-10-06 20:00:00,2.30747,2.30771,2.30736,2.30754,185
2025-10-06 20:05:00,2.30755,2.3077,2.30735,2.30759,180
2025-10-06 20:10:00,2.30758,2.30758,2.30721,2.30751,161
2025-10-06 20:15:00,2.30739,2.30779,2.30739,2.3076499999999998,138
2025-10-06 20:20:00,2.30767,2.30799,2.3075200000000002,2.3076499999999998,148
2025-10-06 20:25:00,2.30764,2.30797,2.30753,2.30787,179
2025-10-06 20:30:00,2.30789,2.30801,2.30762,2.30785,151
2025-10-06 20:35:00,2.30787,2.30788,2.30764,2.30784,146
2025-10-06 20:40:00,2.30784,2.30785,2.30737,2.3075200000000002,130
2025-10-06 20:45:00,2.3075,2.30779,2.30748,2.30757,138
2025-10-06 20:50:00,2.30759,2.30798,2.30757,2.30773,144
2025-10-06 20:55:00,2.30774,2.30888,2.3077199999999998,2.30872,228
2025-10-06 21:00:00,2.30871,2.3088,2.30802,2.30819,221
2025-10-06 21:05:00,2.30829,2.30841,2.308,2.308,103
2025-10-06 21:10:00,2.30796,2.30817,2.30793,2.30795,139
2025-10-06 21:15:00,2.30794,2.30847,2.30793,2.30836,104
2025-10-06 21:20:00,2.30836,2.30842,2.30799,2.30801,170
2025-10-06 21:25:00,2.30802,2.30831,2.30777,2.30789,185
2025-10-06 21:30:00,2.30791,2.30815,2.30775,2.30815,116
2025-10-06 21:35:00,2.30816,2.30816,2.30785,2.30788,114
2025-10-06 21:40:00,2.30786,2.30797,2.30758,2.3077199999999998,146
2025-10-06 21:45:00,2.30769,2.30793,2.30738,2.30747,166
2025-10-06 21:50:00,2.30746,2.30774,2.30741,2.3076499999999998,146
2025-10-06 21:55:00,2.30767,2.30815,2.30766,2.30796,203
2025-10-06 22:00:00,2.30796,2.3083299999999998,2.30787,2.3081300000000002,191
2025-10-06 22:05:00,2.30809,2.30809,2.30762,2.30782,149
2025-10-06 22:10:00,2.30779,2.30789,2.30757,2.3078,102
2025-10-06 22:15:00,2.30781,2.30788,2.30761,2.30764,72
2025-10-06 22:20:00,2.30761,2.30766,2.30747,2.30763,102
2025-10-06 22:25:00,2.30764,2.30782,2.3075200000000002,2.30774,99
2025-10-06 22:30:00,2.30777,2.30799,2.30763,2.30771,186
2025-10-06 22:35:00,2.30769,2.30798,2.30766,2.30785,181
2025-10-06 22:40:00,2.30786,2.30788,2.3075200000000002,2.30788,148
2025-10-06 22:45:00,2.30793,2.30799,2.30746,2.30769,180
2025-10-06 22:50:00,2.30769,2.3077199999999998,2.30739,2.30743,173
2025-10-06 22:55:00,2.30741,2.30804,2.30733,2.30749,245
2025-10-06 23:00:00,2.30677,2.3075200000000002,2.30677,2.30695,211
2025-10-06 23:05:00,2.30696,2.30698,2.30669,2.30681,75
2025-10-06 23:10:00,2.30679,2.30725,2.30668,2.30669,42
2025-10-06 23:15:00,2.30671,2.30705,2.3066,2.30694,112
2025-10-06 23:20:00,2.3069100000000002,2.3074500000000002,2.30687,2.3069,87
2025-10-06 23:25:00,2.30689,2.30771,2.30686,2.3072,75
2025-10-06 23:30:00,2.30719,2.30719,2.30687,2.30687,69
2025-10-06 23:35:00,2.30689,2.30727,2.30689,2.30721,96
2025-10-06 23:40:00,2.30723,2.30744,2.30708,2.30736,95
2025-10-06 23:45:00,2.30735,2.30743,2.30724,2.30725,167
2025-10-06 23:50:00,2.30727,2.30751,2.30722,2.30726,187
2025-10-06 23:55:00,2.30801,2.30802,2.30492,2.305,233
2025-10-07 00:00:00,2.30905,2.31028,2.30681,2.30681,55
2025-10-07 00:05:00,2.30681,2.30934,2.30549,2.30775,72
2025-10-07 00:10:00,2.30775,2.30816,2.30611,2.3070399999999998,89
2025-10-07 00:15:00,2.309,2.30901,2.30715,2.30834,70
2025-10-07 00:20:00,2.30836,2.30836,2.30664,2.30819,36
2025-10-07 00:25:00,2.30817,2.30877,2.30679,2.30686,28
2025-10-07 00:30:00,2.3082,2.30829,2.30793,2.30797,35
2025-10-07 00:35:00,2.3077,2.30815,2.30667,2.30804,127
2025-10-07 00:40:00,2.3081,2.30816,2.30799,2.30808,210
2025-10-07 00:45:00,2.30805,2.3082,2.30722,2.30724,179
2025-10-07 00:50:00,2.30722,2.30753,2.30708,2.3071,229
2025-10-07 00:55:00,2.30712,2.30727,2.30688,2.30709,175
2025-10-07 01:00:00,2.30743,2.30834,2.30742,2.30764,219
2025-10-07 01:05:00,2.30762,2.30811,2.30758,2.30802,83
2025-10-07 01:10:00,2.3081,2.30846,2.30784,2.30844,141
2025-10-07 01:15:00,2.30839,2.30889,2.3080600000000002,2.30835,340
2025-10-07 01:20:00,2.3084,2.30889,2.30815,2.30829,91
2025-10-07 01:25:00,2.30831,2.30842,2.308,2.30804,79
2025-10-07 01:30:00,2.3081,2.30892,2.30801,2.30844,193
2025-10-07 01:35:00,2.30851,2.30856,2.30831,2.30846,90
2025-10-07 01:40:00,2.30844,2.30871,2.3084,2.30861,82
2025-10-07 01:45:00,2.30865,2.30865,2.30823,2.30836,56
2025-10-07 01:50:00,2.30837,2.30892,2.30825,2.30848,50
2025-10-07 01:55:00,2.30847,2.30848,2.30795,2.30805,93
2025-10-07 02:00:00,2.30815,2.3087,2.30815,2.30859,85
2025-10-07 02:05:00,2.3087,2.30899,2.30856,2.30893,65
2025-10-07 02:10:00,2.30895,2.30903,2.30876,2.30886,83
2025-10-07 02:15:00,2.30884,2.30884,2.30829,2.30875,49
2025-10-07 02:20:00,2.30873,2.30877,2.30848,2.3087,58
2025-10-07 02:25:00,2.30869,2.30875,2.30807,2.30811,60
2025-10-07 02:30:00,2.30809,2.30885,2.30809,2.30876,108
2025-10-07 02:35:00,2.30878,2.30879,2.30811,2.30838,93
2025-10-07 02:40:00,2.3084,2.30862,2.30824,2.3084,178
2025-10-07 02:45:00,2.30838,2.30861,2.30821,2.30831,171
2025-10-07 02:50:00,2.30834,2.30861,2.30834,2.30858,106
2025-10-07 02:55:00,2.30863,2.30883,2.30831,2.30855,142
2025-10-07 03:00:00,2.30849,2.30857,2.30768,2.30779,193
2025-10-07 03:05:00,2.30781,2.30843,2.30781,2.30797,161
2025-10-07 03:10:00,2.30798,2.30878,2.30796,2.30876,171
2025-10-07 03:15:00,2.30879,2.30912,2.30856,2.30885,155
2025-10-07 03:20:00,2.30888,2.30934,2.30857,2.30923,178
2025-10-07 03:25:00,2.30924,2.30989,2.30916,2.30988,157
2025-10-07 03:30:00,2.3099,2.31039,2.30969,2.31036,127
2025-10-07 03:35:00,2.31037,2.31088,2.31034,2.31066,134
2025-10-07 03:40:00,2.31072,2.3112500000000002,2.31066,2.31121,122
2025-10-07 03:45:00,2.31123,2.3118600000000002,2.31096,2.31165,156
2025-10-07 03:50:00,2.31167,2.3124700000000002,2.31159,2.31234,173
2025-10-07 03:55:00,2.31232,2.31272,2.31208,2.31238,184
2025-10-07 04:00:00,2.31234,2.31304,2.31231,2.31292,189
2025-10-07 04:05:00,2.31293,2.31329,2.31277,2.31302,211
2025-10-07 04:10:00,2.31303,2.31328,2.31262,2.31263,151
2025-10-07 04:15:00,2.31261,2.31261,2.31143,2.31155,138
2025-10-07 04:20:00,2.31156,2.31157,2.31034,2.31035,147
2025-10-07 04:25:00,2.31036,2.31082,2.30979,2.31079,143
2025-10-07 04:30:00,2.31081,2.31148,2.31079,2.3111800000000002,136
2025-10-07 04:35:00,2.3111800000000002,2.3115,2.31091,2.31091,122
2025-10-07 04:40:00,2.31089,2.3112,2.31012,2.31066,145
2025-10-07 04:45:00,2.3106999999999998,2.31099,2.31011,2.31033,160
2025-10-07 04:50:00,2.31032,2.31053,2.31014,2.3104,170
2025-10-07 04:55:00,2.31039,2.31063,2.30994,2.31014,170
2025-10-07 05:00:00,2.31013,2.31031,2.30967,2.30971,105
2025-10-07 05:05:00,2.3097,2.31004,2.3093500000000002,2.3094799999999998,88
2025-10-07 05:10:00,2.3095499999999998,2.30956,2.30899,2.30925,189
2025-10-07 05:15:00,2.30924,2.30969,2.30909,2.30924,154
2025-10-07 05:20:00,2.30922,2.30961,2.30885,2.30929,130
2025-10-07 05:25:00,2.30926,2.3096,2.30896,2.30896,76
2025-10-07 05:30:00,2.3089399999999998,2.30933,2.30869,2.30883,92
2025-10-07 05:35:00,2.3088699999999998,2.30888,2.30839,2.30886,114
2025-10-07 05:40:00,2.30884,2.30942,2.30884,2.30931,122
2025-10-07 05:45:00,2.30934,2.30971,2.30891,2.3094799999999998,120
2025-10-07 05:50:00,2.30953,2.31,2.30953,2.30957,120
2025-10-07 05:55:00,2.30963,2.30999,2.30952,2.30985,138
2025-10-07 06:00:00,2.30984,2.30993,2.30941,2.30941,97
2025-10-07 06:05:00,2.30958,2.30979,2.30942,2.30946,123
2025-10-07 06:10:00,2.3094799999999998,2.30979,2.30946,2.30965,104
2025-10-07 06:15:00,2.30964,2.30976,2.30919,2.30956,116
2025-10-07 06:20:00,2.30958,2.30966,2.30929,2.30941,97
2025-10-07 06:25:00,2.3094799999999998,2.30962,2.30943,2.30958,126
2025-10-07 06:30:00,2.30964,2.31005,2.30952,2.31002,137
2025-10-07 06:35:00,2.31,2.31104,2.30986,2.31096,125
2025-10-07 06:40:00,2.31094,2.3112500000000002,2.31071,2.31111,112
2025-10-07 06:45:00,2.3108,2.31105,2.31048,2.3106999999999998,80
2025-10-07 06:50:00,2.31072,2.31083,2.31055,2.31067,82
2025-10-07 06:55:00,2.31069,2.3111800000000002,2.31065,2.31088,141
2025-10-07 07:00:00,2.31087,2.31122,2.31068,2.31106,125
2025-10-07 07:05:00,2.31111,2.31144,2.31106,2.3111800000000002,114
2025-10-07 07:10:00,2.31119,2.31201,2.31103,2.3119899999999998,117
2025-10-07 07:15:00,2.3119899999999998,2.31215,2.3117,2.3117,120
2025-10-07 07:20:00,2.31172,2.31209,2.31153,2.31153,91
2025-10-07 07:25:00,2.31155,2.31157,2.31106,2.31133,81
2025-10-07 07:30:00,2.31132,2.31136,2.31098,2.31127,150
2025-10-07 07:35:00,2.3112500000000002,2.31154,2.3111800000000002,2.31151,136
2025-10-07 07:40:00,2.31149,2.31161,2.31119,2.31159,89
2025-10-07 07:45:00,2.3116,2.31193,2.31155,2.3118600000000002,183
2025-10-07 07:50:00,2.31184,2.31189,2.31159,2.31169,143
2025-10-07 07:55:00,2.31171,2.31175,2.3113,2.31143,130
2025-10-07 08:00:00,2.3114,2.31183,2.3114,2.3117900000000002,137
2025-10-07 08:05:00,2.31181,2.31211,2.3117,2.31197,184
2025-10-07 08:10:00,2.31201,2.31224,2.31174,2.312,201
2025-10-07 08:15:00,2.31201,2.31216,2.31181,2.3119899999999998,148
2025-10-07 08:20:00,2.31197,2.31201,2.31153,2.31171,168
2025-10-07 08:25:00,2.31175,2.31189,2.31132,2.31152,161
2025-10-07 08:30:00,2.31159,2.31169,2.3111800000000002,2.31146,177
2025-10-07 08:35:00,2.31135,2.31161,2.31117,2.31152,200
2025-10-07 08:40:00,2.31152,2.31229,2.31139,2.31202,117
2025-10-07 08:45:00,2.31201,2.31212,2.31155,2.31207,205
2025-10-07 08:50:00,2.31209,2.3121,2.31164,2.31197,165
2025-10-07 08:55:00,2.31203,2.3125999999999998,2.31193,2.3121,214
2025-10-07 09:00:00,2.31211,2.31233,2.31157,2.31167,345
2025-10-07 09:05:00,2.31166,2.31246,2.31136,2.31215,408
2025-10-07 09:10:00,2.31212,2.31261,2.31156,2.31242,341
2025-10-07 09:15:00,2.31231,2.31282,2.31227,2.31241,321
2025-10-07 09:20:00,2.31242,2.31339,2.31242,2.31339,226
2025-10-07 09:25:00,2.31341,2.31351,2.3130100000000002,2.31328,246
2025-10-07 09:30:00,2.31331,2.31346,2.31237,2.31265,224
2025-10-07 09:35:00,2.31268,2.31296,2.31251,2.3128,277
2025-10-07 09:40:00,2.31278,2.31289,2.31212,2.3123,221
2025-10-07 09:45:00,2.31229,2.3125999999999998,2.31206,2.31257,204
2025-10-07 09:50:00,2.31256,2.31261,2.31208,2.31241,215
2025-10-07 09:55:00,2.31239,2.31249,2.31203,2.3124700000000002,270
2025-10-07 10:00:00,2.31252,2.3137,2.31248,2.31354,319
2025-10-07 10:05:00,2.31341,2.31413,2.31257,2.31265,347
2025-10-07 10:10:00,2.31263,2.31271,2.31155,2.312,352
2025-10-07 10:15:00,2.31205,2.31249,2.31165,2.31228,317
2025-10-07 10:20:00,2.31226,2.31289,2.31217,2.31284,291
2025-10-07 10:25:00,2.31283,2.31354,2.31275,2.31275,248
2025-10-07 10:30:00,2.31275,2.31363,2.31275,2.31355,281
2025-10-07 10:35:00,2.31354,2.31389,2.31327,2.31331,275
2025-10-07 10:40:00,2.31328,2.31403,2.31327,2.31374,261
2025-10-07 10:45:00,2.31374,2.31414,2.31355,2.31387,280
2025-10-07 10:50:00,2.31389,2.3139,2.31332,2.31356,242
2025-10-07 10:55:00,2.31357,2.31379,2.31303,2.31372,286
2025-10-07 11:00:00,2.3137499999999998,2.31422,2.31331,2.31409,292
2025-10-07 11:05:00,2.31408,2.31431,2.31347,2.31348,223
2025-10-07 11:10:00,2.31351,2.31413,2.31331,2.31381,256
2025-10-07 11:15:00,2.31383,2.314,2.31323,2.31324,237
2025-10-07 11:20:00,2.31325,2.31389,2.31325,2.31377,180
2025-10-07 11:25:00,2.31379,2.31406,2.3136900000000002,2.3139,198
2025-10-07 11:30:00,2.31388,2.31388,2.31347,2.31368,237
2025-10-07 11:35:00,2.3136900000000002,2.31387,2.31284,2.31299,222
2025-10-07 11:40:00,2.313,2.31355,2.31276,2.31337,236
2025-10-07 11:45:00,2.31348,2.3137,2.31341,2.31359,219
2025-10-07 11:50:00,2.31363,2.3139,2.31348,2.31364,244
2025-10-07 11:55:00,2.31365,2.31377,2.31311,2.31351,263
2025-10-07 12:00:00,2.31353,2.31387,2.31324,2.31368,250
2025-10-07 12:05:00,2.31367,2.31385,2.31347,2.31379,205
2025-10-07 12:10:00,2.3138199999999998,2.31405,2.31344,2.31371,205
2025-10-07 12:15:00,2.31372,2.3138199999999998,2.31305,2.31329,197
2025-10-07 12:20:00,2.3133,2.31346,2.31306,2.31319,194
2025-10-07 12:25:00,2.31319,2.31354,2.31304,2.31304,152
2025-10-07 12:30:00,2.3130100000000002,2.31324,2.31281,2.31302,213
2025-10-07 12:35:00,2.31303,2.31315,2.3127,2.31272,189
2025-10-07 12:40:00,2.31274,2.31286,2.31234,2.3124000000000002,227
2025-10-07 12:45:00,2.31242,2.31259,2.31227,2.31236,180
2025-10-07 12:50:00,2.31234,2.31242,2.31213,2.31234,210
2025-10-07 12:55:00,2.31233,2.31268,2.31227,2.31241,256
2025-10-07 13:00:00,2.31239,2.31282,2.31236,2.31262,218
2025-10-07 13:05:00,2.31263,2.31286,2.3123,2.31255,221
2025-10-07 13:10:00,2.31257,2.31275,2.31234,2.31234,184
2025-10-07 13:15:00,2.31235,2.31316,2.31231,2.31299,164
2025-10-07 13:20:00,2.31295,2.31304,2.31271,2.31284,176
2025-10-07 13:25:00,2.31283,2.31309,2.31226,2.3124000000000002,177
2025-10-07 13:30:00,2.31238,2.31275,2.31228,2.31259,194
2025-10-07 13:35:00,2.31257,2.31272,2.31236,2.31248,184
2025-10-07 13:40:00,2.3125,2.31283,2.31221,2.31279,181
2025-10-07 13:45:00,2.31279,2.31282,2.3121,2.31215,197
2025-10-07 13:50:00,2.31215,2.31222,2.31104,2.31121,272
2025-10-07 13:55:00,2.31119,2.31183,2.31036,2.3105700000000002,392
2025-10-07 14:00:00,2.3106,2.31132,2.31014,2.31033,358
2025-10-07 14:05:00,2.31033,2.3107699999999998,2.31012,2.31056,248
2025-10-07 14:10:00,2.31055,2.31071,2.30986,2.31015,267
2025-10-07 14:15:00,2.3101599999999998,2.31082,2.30975,2.31042,218
2025-10-07 14:20:00,2.31041,2.3106400000000002,2.30949,2.3095499999999998,237
2025-10-07 14:25:00,2.30956,2.30964,2.30869,2.30893,267
2025-10-07 14:30:00,2.30895,2.30917,2.30859,2.30859,231
2025-10-07 14:35:00,2.30859,2.30895,2.30836,2.30853,192
2025-10-07 14:40:00,2.30852,2.30872,2.30814,2.3083299999999998,205
2025-10-07 14:45:00,2.3083299999999998,2.30836,2.3076499999999998,2.30791,252
2025-10-07 14:50:00,2.3079,2.30815,2.30724,2.30762,295
2025-10-07 14:55:00,2.3076,2.30865,2.30703,2.30827,421
2025-10-07 15:00:00,2.30828,2.30881,2.30796,2.3082,359
2025-10-07 15:05:00,2.30819,2.30866,2.30782,2.30842,288
2025-10-07 15:10:00,2.30841,2.30866,2.3080600000000002,2.30818,261
2025-10-07 15:15:00,2.30819,2.30862,2.30781,2.30849,366
2025-10-07 15:20:00,2.30849,2.309,2.30829,2.30892,353
2025-10-07 15:25:00,2.3089399999999998,2.30972,2.30859,2.30962,322
2025-10-07 15:30:00,2.30972,2.31026,2.30941,2.30956,336
2025-10-07 15:35:00,2.30954,2.30981,2.3089399999999998,2.30897,420
2025-10-07 15:40:00,2.30898,2.30918,2.30871,2.30889,314
2025-10-07 15:45:00,2.30886,2.3091,2.30846,2.30851,281
2025-10-07 15:50:00,2.30848,2.30942,2.3081,2.30886,372
2025-10-07 15:55:00,2.3088699999999998,2.30965,2.30853,2.3094799999999998,351
2025-10-07 16:00:00,2.30945,2.3103,2.30945,2.30994,360
2025-10-07 16:05:00,2.30995,2.31004,2.3091,2.30924,362
2025-10-07 16:10:00,2.30919,2.30953,2.30838,2.30856,407
2025-10-07 16:15:00,2.30856,2.30881,2.30817,2.30862,423
2025-10-07 16:20:00,2.3086,2.30877,2.30829,2.30837,360
2025-10-07 16:25:00,2.30838,2.30872,2.30776,2.30838,387
2025-10-07 16:30:00,2.30839,2.30911,2.3083299999999998,2.30866,406
2025-10-07 16:35:00,2.30868,2.30963,2.30856,2.3094799999999998,383
2025-10-07 16:40:00,2.30947,2.30947,2.30859,2.30884,346
2025-10-07 16:45:00,2.30885,2.30929,2.30854,2.30879,352
2025-10-07 16:50:00,2.30877,2.30911,2.30858,2.30891,410
2025-10-07 16:55:00,2.30888,2.30904,2.30822,2.30889,281
2025-10-07 17:00:00,2.30883,2.30991,2.30855,2.30962,368
2025-10-07 17:05:00,2.30963,2.31012,2.30901,2.3092,436
2025-10-07 17:10:00,2.30922,2.31006,2.30921,2.30987,360
2025-10-07 17:15:00,2.30978,2.31021,2.30964,2.3099,379
2025-10-07 17:20:00,2.30989,2.31089,2.30976,2.31023,330
2025-10-07 17:25:00,2.31025,2.31105,2.31022,2.31105,370
2025-10-07 17:30:00,2.31105,2.31126,2.31058,2.31108,376
2025-10-07 17:35:00,2.31112,2.31196,2.311,2.3117,375
2025-10-07 17:40:00,2.31173,2.3123,2.31136,2.31152,319
2025-10-07 17:45:00,2.31144,2.3118600000000002,2.31136,2.31145,307
2025-10-07 17:50:00,2.31141,2.31232,2.31137,2.31182,347
2025-10-07 17:55:00,2.31181,2.3130800000000002,2.3118,2.31274,460
2025-10-07 18:00:00,2.31287,2.31359,2.31273,2.31351,445
2025-10-07 18:05:00,2.31341,2.3144,2.31341,2.31393,461
2025-10-07 18:10:00,2.31395,2.31419,2.31355,2.31388,400
2025-10-07 18:15:00,2.3139,2.31437,2.3136200000000002,2.31413,352
2025-10-07 18:20:00,2.31415,2.31459,2.31403,2.31446,377
2025-10-07 18:25:00,2.31444,2.31446,2.31368,2.31387,335
2025-10-07 18:30:00,2.31385,2.31396,2.31327,2.31368,364
2025-10-07 18:35:00,2.31366,2.31455,2.31353,2.31437,315
2025-10-07 18:40:00,2.31428,2.31474,2.31396,2.31449,383
2025-10-07 18:45:00,2.31452,2.31612,2.3144,2.31587,443
2025-10-07 18:50:00,2.31586,2.31662,2.31497,2.31547,368
2025-10-07 18:55:00,2.31546,2.31594,2.31506,2.31513,425
2025-10-07 19:00:00,2.3151,2.3153,2.31485,2.31492,372
2025-10-07 19:05:00,2.31494,2.3151,2.31467,2.3148400000000002,394
2025-10-07 19:10:00,2.31483,2.31544,2.31482,2.31541,402
2025-10-07 19:15:00,2.31544,2.31562,2.31494,2.31547,279
2025-10-07 19:20:00,2.31544,2.31605,2.31534,2.31541,311
2025-10-07 19:25:00,2.31539,2.31557,2.31511,2.31532,280
2025-10-07 19:30:00,2.31527,2.31549,2.31454,2.3149100000000002,302
2025-10-07 19:35:00,2.3149,2.31499,2.3142,2.31441,244
2025-10-07 19:40:00,2.31439,2.3151,2.31421,2.31486,282
2025-10-07 19:45:00,2.31486,2.3157,2.31483,2.3157,213
2025-10-07 19:50:00,2.31567,2.31631,2.31563,2.31617,195
2025-10-07 19:55:00,2.31615,2.3162,2.31551,2.31558,272
2025-10-07 20:00:00,2.31559,2.31591,2.31513,2.31523,292
2025-10-07 20:05:00,2.31524,2.31614,2.31524,2.31584,226
2025-10-07 20:10:00,2.31587,2.31629,2.31568,2.3160600000000002,245
2025-10-07 20:15:00,2.31608,2.31635,2.31594,2.31625,248
2025-10-07 20:20:00,2.31624,2.31633,2.31576,2.31577,205
2025-10-07 20:25:00,2.31575,2.31605,2.31568,2.31597,195
2025-10-07 20:30:00,2.31599,2.3162,2.31566,2.31575,242
2025-10-07 20:35:00,2.31579,2.31604,2.31526,2.31538,246
2025-10-07 20:40:00,2.31535,2.31554,2.31501,2.31522,237
2025-10-07 20:45:00,2.31524,2.31541,2.31503,2.31516,137
2025-10-07 20:50:00,2.31518,2.31581,2.31508,2.31566,229
2025-10-07 20:55:00,2.3156499999999998,2.31579,2.31525,2.31531,281
2025-10-07 21:00:00,2.31528,2.31638,2.31517,2.31617,383
2025-10-07 21:05:00,2.3161300000000002,2.31668,2.316,2.31661,227
2025-10-07 21:10:00,2.3166,2.31709,2.31633,2.31668,239
2025-10-07 21:15:00,2.31666,2.3167400000000002,2.31633,2.31635,234
2025-10-07 21:20:00,2.31635,2.3168,2.31633,2.31658,235
2025-10-07 21:25:00,2.31663,2.31698,2.31656,2.31698,223
2025-10-07 21:30:00,2.31697,2.31716,2.31658,2.31673,256
2025-10-07 21:35:00,2.31671,2.31671,2.31562,2.31571,304
2025-10-07 21:40:00,2.31568,2.31625,2.31568,2.31586,271
2025-10-07 21:45:00,2.31585,2.31593,2.31547,2.3157,207
2025-10-07 21:50:00,2.31572,2.31586,2.31533,2.31533,211
2025-10-07 21:55:00,2.31537,2.31579,2.31526,2.31556,215
2025-10-07 22:00:00,2.31553,2.3158,2.31544,2.31558,224
2025-10-07 22:05:00,2.31562,2.31576,2.31548,2.31558,223
2025-10-07 22:10:00,2.31559,2.31567,2.31518,2.31521,220
2025-10-07 22:15:00,2.31519,2.31542,2.31502,2.31525,209
2025-10-07 22:20:00,2.31525,2.31568,2.31524,2.3154,184
2025-10-07 22:25:00,2.3154500000000002,2.31562,2.31532,2.31551,131
2025-10-07 22:30:00,2.31555,2.31555,2.31502,2.31522,163
2025-10-07 22:35:00,2.31521,2.31528,2.31494,2.31517,228
2025-10-07 22:40:00,2.31516,2.3153,2.31477,2.31503,159
2025-10-07 22:45:00,2.31501,2.31578,2.31497,2.31562,165
2025-10-07 22:50:00,2.31562,2.31563,2.31497,2.31509,150
2025-10-07 22:55:00,2.31508,2.31533,2.31492,2.3150399999999998,234
2025-10-07 23:00:00,2.31438,2.31439,2.31396,2.3141,190
2025-10-07 23:05:00,2.31408,2.31433,2.31395,2.31433,167
2025-10-07 23:10:00,2.31434,2.31434,2.3137499999999998,2.31385,151
2025-10-07 23:15:00,2.31386,2.3142300000000002,2.31379,2.31419,203
2025-10-07 23:20:00,2.3142,2.31448,2.31378,2.31391,163
2025-10-07 23:25:00,2.3139,2.31441,2.31385,2.31441,61
2025-10-07 23:30:00,2.31442,2.31459,2.31404,2.31417,89
2025-10-07 23:35:00,2.31417,2.3142300000000002,2.31397,2.31421,81
2025-10-07 23:40:00,2.31419,2.31433,2.31385,2.31431,112
2025-10-07 23:45:00,2.31431,2.31433,2.31398,2.31418,125
2025-10-07 23:50:00,2.31417,2.31474,2.31415,2.31437,140
2025-10-07 23:55:00,2.31489,2.3149100000000002,2.31154,2.31157,165
2025-10-08 00:00:00,2.3141,2.31451,2.31351,2.31411,18
2025-10-08 00:05:00,2.31419,2.31495,2.31281,2.31312,40
2025-10-08 00:10:00,2.31312,2.31312,2.31296,2.31305,30
2025-10-08 00:15:00,2.31454,2.31482,2.3131,2.31332,74
2025-10-08 00:20:00,2.3136,2.3145,2.31311,2.31344,79
2025-10-08 00:25:00,2.31344,2.31482,2.31309,2.31421,179
2025-10-08 00:30:00,2.31419,2.31433,2.31411,2.31424,109
2025-10-08 00:35:00,2.31424,2.3149100000000002,2.3142,2.31448,176
2025-10-08 00:40:00,2.31438,2.31486,2.31429,2.31464,281
2025-10-08 00:45:00,2.31463,2.31475,2.31371,2.31411,153
2025-10-08 00:50:00,2.3141,2.3141,2.3136,2.31374,90
2025-10-08 00:55:00,2.3138199999999998,2.31415,2.31372,2.31405,160
2025-10-08 01:00:00,2.31439,2.31459,2.31407,2.31409,146
2025-10-08 01:05:00,2.31408,2.31427,2.31392,2.31427,93
2025-10-08 01:10:00,2.31429,2.31437,2.31376,2.31391,109
2025-10-08 01:15:00,2.3139,2.31392,2.31367,2.3138199999999998,101
2025-10-08 01:20:00,2.31384,2.31438,2.31355,2.31356,94
2025-10-08 01:25:00,2.31355,2.31419,2.31348,2.31414,53
2025-10-08 01:30:00,2.31358,2.3142,2.31357,2.3136900000000002,64
2025-10-08 01:35:00,2.3137499999999998,2.31453,2.31365,2.31408,44
2025-10-08 01:40:00,2.31407,2.31419,2.31403,2.31414,72
2025-10-08 01:45:00,2.31412,2.31502,2.31387,2.31394,46
2025-10-08 01:50:00,2.31391,2.31394,2.3136900000000002,2.31392,79
2025-10-08 01:55:00,2.31391,2.31405,2.31353,2.31358,64
2025-10-08 02:00:00,2.31367,2.31427,2.31367,2.31387,105
2025-10-08 02:05:00,2.31387,2.31405,2.31379,2.31394,92
2025-10-08 02:10:00,2.31396,2.31427,2.31394,2.31425,64
2025-10-08 02:15:00,2.3142300000000002,2.31439,2.31398,2.31412,77
2025-10-08 02:20:00,2.31416,2.31445,2.31409,2.31431,110
2025-10-08 02:25:00,2.31429,2.31438,2.31403,2.31425,106
2025-10-08 02:30:00,2.31429,2.31456,2.31421,2.31439,80
2025-10-08 02:35:00,2.3144,2.31496,2.3143599999999998,2.31495,88
2025-10-08 02:40:00,2.31494,2.31531,2.31494,2.31502,75
2025-10-08 02:45:00,2.31514,2.31528,2.31486,2.3151,154
2025-10-08 02:50:00,2.31508,2.31524,2.3146,2.31482,188
2025-10-08 02:55:00,2.31479,2.31507,2.31452,2.31475,170
2025-10-08 03:00:00,2.31476,2.3151,2.31457,2.3148400000000002,234
2025-10-08 03:05:00,2.31486,2.31522,2.31479,2.3152,235
2025-10-08 03:10:00,2.31517,2.3156499999999998,2.31507,2.3154,191
2025-10-08 03:15:00,2.31538,2.31562,2.31521,2.31521,142
2025-10-08 03:20:00,2.31519,2.31521,2.31454,2.31473,144
2025-10-08 03:25:00,2.31478,2.31528,2.31424,2.31516,164
2025-10-08 03:30:00,2.31516,2.31559,2.315,2.31556,166
2025-10-08 03:35:00,2.3155200000000002,2.31558,2.31424,2.31424,138
2025-10-08 03:40:00,2.31422,2.31452,2.31407,2.31449,142
2025-10-08 03:45:00,2.31447,2.31447,2.31393,2.31411,104
2025-10-08 03:50:00,2.31419,2.31433,2.31381,2.31413,176
2025-10-08 03:55:00,2.31404,2.3145,2.31352,2.31433,306
2025-10-08 04:00:00,2.31437,2.31444,2.31437,2.31444,2
2025-10-08 04:50:00,2.32926,2.32936,2.32915,2.32917,26
2025-10-08 04:55:00,2.32916,2.32993,2.32904,2.32925,269
2025-10-08 05:00:00,2.32924,2.3302899999999998,2.3292,2.32982,315
2025-10-08 05:05:00,2.32986,2.33132,2.32972,2.33082,216
2025-10-08 05:10:00,2.3308,2.33218,2.33053,2.33203,227
2025-10-08 05:15:00,2.33201,2.33245,2.33154,2.33207,277
2025-10-08 05:20:00,2.3320600000000002,2.3321899999999998,2.33093,2.33115,296
2025-10-08 05:25:00,2.33121,2.33295,2.33061,2.33285,259
2025-10-08 05:30:00,2.3328699999999998,2.33323,2.33185,2.33214,196
2025-10-08 05:35:00,2.33216,2.33238,2.3314,2.33142,197
2025-10-08 05:40:00,2.33144,2.3319,2.33122,2.33174,153
2025-10-08 05:45:00,2.33174,2.33234,2.33039,2.33103,179
2025-10-08 05:50:00,2.33104,2.33129,2.33062,2.33074,185
2025-10-08 05:55:00,2.33072,2.33112,2.3304,2.33058,204
2025-10-08 06:00:00,2.33057,2.3307700000000002,2.33005,2.33052,192
2025-10-08 06:05:00,2.33051,2.33194,2.3302300000000002,2.33171,163
2025-10-08 06:10:00,2.33172,2.33281,2.3316,2.3322,177
2025-10-08 06:15:00,2.3321899999999998,2.33265,2.33187,2.33188,156
2025-10-08 06:20:00,2.33182,2.33191,2.33121,2.33134,131
2025-10-08 06:25:00,2.33131,2.3315,2.33103,2.33128,178
2025-10-08 06:30:00,2.33127,2.33127,2.33032,2.33057,168
2025-10-08 06:35:00,2.33059,2.33076,2.33026,2.33055,138
2025-10-08 06:40:00,2.33056,2.33166,2.33044,2.33166,137
2025-10-08 06:45:00,2.33164,2.3322599999999998,2.3315,2.3321,163
2025-10-08 06:50:00,2.3320600000000002,2.33207,2.33132,2.3314500000000002,189
2025-10-08 06:55:00,2.33137,2.33155,2.33031,2.33047,158
2025-10-08 07:00:00,2.33045,2.33128,2.32998,2.33121,218
2025-10-08 07:05:00,2.33109,2.33154,2.33079,2.33118,149
2025-10-08 07:10:00,2.33119,2.33184,2.33091,2.33175,182
2025-10-08 07:15:00,2.33173,2.33228,2.33165,2.3321899999999998,108
2025-10-08 07:20:00,2.33222,2.33252,2.33147,2.33184,139
2025-10-08 07:25:00,2.33185,2.33238,2.33182,2.33202,145
2025-10-08 07:30:00,2.33201,2.33201,2.33101,2.33123,153
2025-10-08 07:35:00,2.33119,2.33172,2.33104,2.33126,134
2025-10-08 07:40:00,2.33128,2.3314,2.33055,2.33075,136
2025-10-08 07:45:00,2.33075,2.33143,2.33075,2.33143,148
2025-10-08 07:50:00,2.33141,2.33169,2.33128,2.3313800000000002,112
2025-10-08 07:55:00,2.33139,2.33189,2.3312,2.3315,134
2025-10-08 08:00:00,2.33147,2.33195,2.33068,2.33071,154
2025-10-08 08:05:00,2.33069,2.3311,2.33021,2.3307,209
2025-10-08 08:10:00,2.33072,2.33178,2.33069,2.33178,181
2025-10-08 08:15:00,2.33168,2.3317,2.33079,2.3308400000000002,132
2025-10-08 08:20:00,2.33085,2.33108,2.33057,2.33105,120
2025-10-08 08:25:00,2.33105,2.3313800000000002,2.33086,2.33125,122
2025-10-08 08:30:00,2.33133,2.33167,2.33025,2.33054,174
2025-10-08 08:35:00,2.3305,2.33155,2.3305,2.33155,121
2025-10-08 08:40:00,2.33156,2.332,2.33146,2.33182,197
2025-10-08 08:45:00,2.33184,2.3321899999999998,2.33144,2.3320600000000002,189
2025-10-08 08:50:00,2.33208,2.33282,2.33208,2.33281,133
2025-10-08 08:55:00,2.3327999999999998,2.3331,2.33244,2.33272,279
2025-10-08 09:00:00,2.33268,2.33268,2.33102,2.33196,365
2025-10-08 09:05:00,2.33202,2.33202,2.33022,2.33076,360
2025-10-08 09:10:00,2.33078,2.33085,2.3296,2.33046,324
2025-10-08 09:15:00,2.33048,2.33182,2.3303599999999998,2.33146,282
2025-10-08 09:20:00,2.33147,2.33306,2.33146,2.33275,274
2025-10-08 09:25:00,2.33276,2.33373,2.33262,2.3328699999999998,325
2025-10-08 09:30:00,2.33288,2.33305,2.33203,2.33207,340
2025-10-08 09:35:00,2.3321899999999998,2.33237,2.3316,2.33223,319
2025-10-08 09:40:00,2.33225,2.3332,2.33217,2.33312,286
2025-10-08 09:45:00,2.33322,2.3333,2.33217,2.33241,286
2025-10-08 09:50:00,2.33245,2.33263,2.33202,2.33258,241
2025-10-08 09:55:00,2.33259,2.33343,2.33243,2.33316,316
2025-10-08 10:00:00,2.33323,2.33338,2.3325,2.33309,416
2025-10-08 10:05:00,2.33311,2.33361,2.33272,2.33338,318
2025-10-08 10:10:00,2.3334,2.33367,2.33305,2.33333,335
2025-10-08 10:15:00,2.33335,2.33376,2.33284,2.33335,294
2025-10-08 10:20:00,2.33334,2.33376,2.33297,2.33362,312
2025-10-08 10:25:00,2.33366,2.33394,2.33283,2.33373,326
2025-10-08 10:30:00,2.33371,2.334,2.33255,2.3326700000000002,306
2025-10-08 10:35:00,2.33266,2.33312,2.3319900000000002,2.33212,342
2025-10-08 10:40:00,2.33216,2.33223,2.33081,2.33099,329
2025-10-08 10:45:00,2.3309699999999998,2.3311,2.32994,2.3302300000000002,305
2025-10-08 10:50:00,2.33018,2.33119,2.33001,2.33094,289
2025-10-08 10:55:00,2.33096,2.33304,2.33096,2.3326700000000002,350
2025-10-08 11:00:00,2.33269,2.33353,2.3317,2.3323,316
2025-10-08 11:05:00,2.33227,2.33238,2.33121,2.33165,282
2025-10-08 11:10:00,2.33167,2.33191,2.33101,2.33143,307
2025-10-08 11:15:00,2.3314500000000002,2.33156,2.32948,2.32951,332
2025-10-08 11:20:00,2.32951,2.3302899999999998,2.32771,2.32915,342
2025-10-08 11:25:00,2.32917,2.32972,2.32878,2.32918,327
2025-10-08 11:30:00,2.32913,2.3295,2.32851,2.32867,259
2025-10-08 11:35:00,2.32866,2.32904,2.32851,2.3290100000000002,214
2025-10-08 11:40:00,2.32899,2.32927,2.32861,2.32896,249
2025-10-08 11:45:00,2.32897,2.32932,2.32861,2.32913,200
2025-10-08 11:50:00,2.32911,2.32933,2.3288,2.32903,238
2025-10-08 11:55:00,2.32902,2.32936,2.32868,2.32883,418
2025-10-08 12:00:00,2.3287,2.32881,2.32787,2.32799,400
2025-10-08 12:05:00,2.32799,2.32818,2.32704,2.32716,330
2025-10-08 12:10:00,2.32715,2.32754,2.32611,2.32628,285
2025-10-08 12:15:00,2.32643,2.32661,2.32512,2.32544,239
2025-10-08 12:20:00,2.32545,2.32565,2.32463,2.32475,207
2025-10-08 12:25:00,2.32477,2.3255,2.32472,2.32547,213
2025-10-08 12:30:00,2.32549,2.32695,2.32535,2.32675,258
2025-10-08 12:35:00,2.32667,2.327,2.32629,2.32649,252
2025-10-08 12:40:00,2.3265000000000002,2.32664,2.32558,2.32628,334
2025-10-08 12:45:00,2.32626,2.32631,2.32545,2.32561,324
2025-10-08 12:50:00,2.32572,2.32638,2.32564,2.32624,317
2025-10-08 12:55:00,2.32626,2.32648,2.3258,2.32606,311
2025-10-08 13:00:00,2.32605,2.32651,2.32571,2.32598,287
2025-10-08 13:05:00,2.32597,2.32599,2.32511,2.32561,227
2025-10-08 13:10:00,2.32555,2.32587,2.32519,2.32577,196
2025-10-08 13:15:00,2.32575,2.32625,2.32542,2.32617,227
2025-10-08 13:20:00,2.32619,2.32625,2.32563,2.32578,247
2025-10-08 13:25:00,2.32577,2.3260199999999998,2.32555,2.32599,287
2025-10-08 13:30:00,2.3258900000000002,2.32615,2.32549,2.32594,260
2025-10-08 13:35:00,2.32597,2.32606,2.32564,2.326,176
2025-10-08 13:40:00,2.32601,2.32611,2.32532,2.32574,261
2025-10-08 13:45:00,2.32572,2.3259,2.32497,2.32577,221
2025-10-08 13:50:00,2.3258,2.32644,2.32525,2.3254,246
2025-10-08 13:55:00,2.3254099999999998,2.3254099999999998,2.32279,2.32279,407
2025-10-08 14:00:00,2.32273,2.32317,2.32206,2.32306,429
2025-10-08 14:05:00,2.32306,2.32339,2.32272,2.32317,316
2025-10-08 14:10:00,2.32317,2.32348,2.32261,2.32281,243
2025-10-08 14:15:00,2.32278,2.32283,2.32222,2.32228,226
2025-10-08 14:20:00,2.3223,2.3224,2.32174,2.32194,295
2025-10-08 14:25:00,2.32202,2.32248,2.32134,2.3215500000000002,278
2025-10-08 14:30:00,2.32153,2.32154,2.32065,2.32076,237
2025-10-08 14:35:00,2.32083,2.3211,2.32062,2.32088,266
2025-10-08 14:40:00,2.3209,2.32134,2.32086,2.32105,170
2025-10-08 14:45:00,2.32104,2.32132,2.32088,2.32123,205
2025-10-08 14:50:00,2.32124,2.32127,2.32069,2.32071,231
2025-10-08 14:55:00,2.32074,2.32074,2.32014,2.32052,283
2025-10-08 15:00:00,2.32048,2.32174,2.32047,2.32167,348
2025-10-08 15:05:00,2.32165,2.32205,2.32137,2.32149,311
2025-10-08 15:10:00,2.3215,2.32196,2.32124,2.32137,355
2025-10-08 15:15:00,2.32138,2.32164,2.3209,2.32092,337
2025-10-08 15:20:00,2.32077,2.3212099999999998,2.32067,2.3207,326
2025-10-08 15:25:00,2.32068,2.32093,2.3203300000000002,2.32056,252
2025-10-08 15:30:00,2.32054,2.32062,2.32,2.32007,273
2025-10-08 15:35:00,2.32006,2.32133,2.31997,2.32117,268
2025-10-08 15:40:00,2.32119,2.3217499999999998,2.3210100000000002,2.32165,283
2025-10-08 15:45:00,2.32164,2.32189,2.32078,2.32098,267
2025-10-08 15:50:00,2.32099,2.32146,2.32082,2.32129,263
2025-10-08 15:55:00,2.32131,2.32221,2.32128,2.32192,306
2025-10-08 16:00:00,2.32193,2.32215,2.32089,2.32097,313
2025-10-08 16:05:00,2.32096,2.32099,2.32003,2.32038,307
2025-10-08 16:10:00,2.32037,2.32085,2.31994,2.32072,332
2025-10-08 16:15:00,2.32074,2.32108,2.32012,2.32081,378
2025-10-08 16:20:00,2.32085,2.32172,2.3205299999999998,2.32169,386
2025-10-08 16:25:00,2.32171,2.3218199999999998,2.32139,2.32168,314
2025-10-08 16:30:00,2.3217,2.32199,2.32138,2.32161,405
2025-10-08 16:35:00,2.3216,2.32171,2.321,2.32152,378
2025-10-08 16:40:00,2.32154,2.32249,2.32146,2.32238,330
2025-10-08 16:45:00,2.3224299999999998,2.32264,2.32203,2.32259,412
2025-10-08 16:50:00,2.32258,2.32421,2.32241,2.32386,376
2025-10-08 16:55:00,2.32384,2.3246,2.3237,2.32423,440
2025-10-08 17:00:00,2.32425,2.32453,2.32367,2.32383,476
2025-10-08 17:05:00,2.32391,2.32444,2.32354,2.32433,358
2025-10-08 17:10:00,2.32434,2.32503,2.3241899999999998,2.32472,408
2025-10-08 17:15:00,2.32471,2.32576,2.32471,2.32556,308
2025-10-08 17:20:00,2.32551,2.32556,2.32495,2.32514,327
2025-10-08 17:25:00,2.32516,2.32529,2.32453,2.32466,349
2025-10-08 17:30:00,2.32471,2.32499,2.3241899999999998,2.32484,349
2025-10-08 17:35:00,2.32485,2.32553,2.3247,2.32516,284
2025-10-08 17:40:00,2.32519,2.32559,2.3247999999999998,2.32507,247
2025-10-08 17:45:00,2.32501,2.3254799999999998,2.32342,2.32359,329
2025-10-08 17:50:00,2.32356,2.32366,2.32242,2.32247,426
2025-10-08 17:55:00,2.32239,2.32239,2.32052,2.32075,507
2025-10-08 18:00:00,2.32071,2.32166,2.3205299999999998,2.32064,448
2025-10-08 18:05:00,2.32066,2.32083,2.31944,2.31971,377
2025-10-08 18:10:00,2.31969,2.3198,2.3193099999999998,2.31941,301
2025-10-08 18:15:00,2.3194,2.31945,2.31843,2.31873,362
2025-10-08 18:20:00,2.31871,2.31925,2.31867,2.31903,273
2025-10-08 18:25:00,2.31904,2.31909,2.31832,2.31874,253
2025-10-08 18:30:00,2.31875,2.31904,2.3185000000000002,2.31884,277
2025-10-08 18:35:00,2.31886,2.31903,2.31863,2.31867,303
2025-10-08 18:40:00,2.31868,2.31881,2.31822,2.31834,288
2025-10-08 18:45:00,2.31835,2.31839,2.31778,2.31802,342
2025-10-08 18:50:00,2.31802,2.31822,2.31725,2.31743,401
2025-10-08 18:55:00,2.31742,2.31798,2.31732,2.31751,344
2025-10-08 19:00:00,2.3174799999999998,2.31785,2.31736,2.31749,284
2025-10-08 19:05:00,2.31751,2.3178900000000002,2.31712,2.31777,300
2025-10-08 19:10:00,2.31772,2.31783,2.31696,2.3171,287
2025-10-08 19:15:00,2.31707,2.31718,2.31676,2.31678,263
2025-10-08 19:20:00,2.31677,2.31688,2.31644,2.31669,201
2025-10-08 19:25:00,2.31668,2.31743,2.31651,2.31663,283
2025-10-08 19:30:00,2.31662,2.3168,2.31634,2.3166,340
2025-10-08 19:35:00,2.31655,2.31664,2.316,2.31646,222
2025-10-08 19:40:00,2.31644,2.31689,2.31629,2.31661,273
2025-10-08 19:45:00,2.31663,2.31714,2.31659,2.31713,184
2025-10-08 19:50:00,2.31712,2.31751,2.31688,2.3172800000000002,190
2025-10-08 19:55:00,2.31731,2.3174,2.31686,2.31706,240
2025-10-08 20:00:00,2.31708,2.31759,2.3167,2.31739,274
2025-10-08 20:05:00,2.31737,2.3175,2.31643,2.31647,228
2025-10-08 20:10:00,2.31645,2.31692,2.3162599999999998,2.31664,194
2025-10-08 20:15:00,2.31668,2.31695,2.3162599999999998,2.31663,180
2025-10-08 20:20:00,2.3166700000000002,2.3168699999999998,2.31637,2.31641,188
2025-10-08 20:25:00,2.31639,2.31658,2.31618,2.31646,181
2025-10-08 20:30:00,2.31646,2.31664,2.31601,2.3165,197
2025-10-08 20:35:00,2.31648,2.3166,2.31601,2.31605,199
2025-10-08 20:40:00,2.31603,2.31629,2.31553,2.31555,178
2025-10-08 20:45:00,2.31556,2.31591,2.31549,2.3159,195
2025-10-08 20:50:00,2.31591,2.31602,2.31574,2.31583,136
2025-10-08 20:55:00,2.31588,2.3165,2.31581,2.31633,208
2025-10-08 21:00:00,2.31614,2.31651,2.31483,2.31508,356
2025-10-08 21:05:00,2.31506,2.31526,2.3148,2.31526,269
2025-10-08 21:10:00,2.31522,2.31582,2.31486,2.31563,277
2025-10-08 21:15:00,2.31558,2.31583,2.31522,2.31542,531
2025-10-08 21:20:00,2.3154,2.31624,2.3154,2.31568,278
2025-10-08 21:25:00,2.31566,2.31569,2.31527,2.31547,270
2025-10-08 21:30:00,2.3154500000000002,2.3156499999999998,2.31521,2.31534,265
2025-10-08 21:35:00,2.31533,2.31554,2.31474,2.31479,279
2025-10-08 21:40:00,2.31483,2.31536,2.3147,2.31508,321
2025-10-08 21:45:00,2.31509,2.31547,2.31508,2.31544,193
2025-10-08 21:50:00,2.31541,2.31647,2.31528,2.31538,257
2025-10-08 21:55:00,2.31531,2.31576,2.3152,2.31554,215
2025-10-08 22:00:00,2.31559,2.31564,2.31513,2.31536,293
2025-10-08 22:05:00,2.31535,2.31557,2.31513,2.31535,257
2025-10-08 22:10:00,2.31536,2.31564,2.31528,2.3154,251
2025-10-08 22:15:00,2.31539,2.31563,2.31529,2.31531,213
2025-10-08 22:20:00,2.31529,2.3155200000000002,2.31524,2.31544,132
2025-10-08 22:25:00,2.3154500000000002,2.3157,2.31525,2.31546,165
2025-10-08 22:30:00,2.31549,2.3157,2.31539,2.31544,186
2025-10-08 22:35:00,2.31546,2.31563,2.31524,2.3155,94
2025-10-08 22:40:00,2.31549,2.3161,2.31543,2.316,154
2025-10-08 22:45:00,2.316,2.31616,2.31588,2.31588,150
2025-10-08 22:50:00,2.31589,2.31627,2.31587,2.316,136
2025-10-08 22:55:00,2.31604,2.31625,2.31569,2.31607,190
2025-10-08 23:00:00,2.31536,2.3156,2.31523,2.31542,132
2025-10-08 23:05:00,2.31547,2.31584,2.31544,2.31559,131
2025-10-08 23:10:00,2.31558,2.31562,2.3153,2.31547,104
2025-10-08 23:15:00,2.3154500000000002,2.31571,2.31539,2.31562,96
2025-10-08 23:20:00,2.31561,2.31629,2.31538,2.31549,95
2025-10-08 23:25:00,2.31548,2.31548,2.31505,2.31541,167
2025-10-08 23:30:00,2.31539,2.31546,2.31518,2.31521,144
2025-10-08 23:35:00,2.3152,2.31574,2.31517,2.31573,115
2025-10-08 23:40:00,2.31573,2.31644,2.3157,2.31578,83
2025-10-08 23:45:00,2.31572,2.31582,2.31538,2.3154500000000002,151
2025-10-08 23:50:00,2.31547,2.31593,2.31524,2.31539,233
2025-10-08 23:55:00,2.31598,2.31602,2.31277,2.3129,166
2025-10-09 00:00:00,2.31488,2.31611,2.31441,2.31611,14
2025-10-09 00:05:00,2.31611,2.31611,2.31278,2.31278,337
2025-10-09 00:10:00,2.31278,2.31389,2.31272,2.31381,101
2025-10-09 00:15:00,2.3152,2.31522,2.31475,2.31485,140
2025-10-09 00:20:00,2.31482,2.31541,2.31376,2.3152,57
2025-10-09 00:25:00,2.31511,2.3162599999999998,2.31495,2.3161,101
2025-10-09 00:30:00,2.31621,2.31722,2.31621,2.31648,153
2025-10-09 00:35:00,2.31646,2.3168,2.31608,2.31615,135
2025-10-09 00:40:00,2.31617,2.31668,2.31592,2.3162,167
2025-10-09 00:45:00,2.31608,2.31636,2.3158,2.31611,87
2025-10-09 00:50:00,2.3161300000000002,2.31623,2.31593,2.31607,74
2025-10-09 00:55:00,2.3161300000000002,2.3165,2.31564,2.31594,126
2025-10-09 01:00:00,2.31628,2.31654,2.31542,2.31548,121
2025-10-09 01:05:00,2.31546,2.31585,2.3154,2.31561,92
2025-10-09 01:10:00,2.3156,2.31583,2.31542,2.31551,102
2025-10-09 01:15:00,2.3155,2.31553,2.31527,2.31549,151
2025-10-09 01:20:00,2.31551,2.31597,2.31532,2.31541,68
2025-10-09 01:25:00,2.31543,2.31544,2.31524,2.31529,63
2025-10-09 01:30:00,2.31527,2.31538,2.31512,2.31521,73
2025-10-09 01:35:00,2.31523,2.31536,2.31516,2.31524,84
2025-10-09 01:40:00,2.31525,2.31531,2.31512,2.31519,95
2025-10-09 01:45:00,2.3152,2.31615,2.31516,2.31532,79
2025-10-09 01:50:00,2.31531,2.31546,2.31489,2.31514,126
2025-10-09 01:55:00,2.31514,2.31544,2.31501,2.31533,153
2025-10-09 02:00:00,2.31548,2.31622,2.31548,2.31599,147
2025-10-09 02:05:00,2.31598,2.316,2.31563,2.31593,89
2025-10-09 02:10:00,2.31594,2.31612,2.31587,2.31591,86
2025-10-09 02:15:00,2.31593,2.3162599999999998,2.31585,2.31597,121
2025-10-09 02:20:00,2.31596,2.31657,2.31596,2.31646,121
2025-10-09 02:25:00,2.31645,2.31665,2.3164,2.31649,89
2025-10-09 02:30:00,2.3165,2.31651,2.3161300000000002,2.3161300000000002,110
2025-10-09 02:35:00,2.31614,2.31623,2.31582,2.31593,103
2025-10-09 02:40:00,2.31592,2.31637,2.31556,2.31622,78
2025-10-09 02:45:00,2.31623,2.31727,2.31623,2.31719,146
2025-10-09 02:50:00,2.3172,2.31737,2.31701,2.31717,172
2025-10-09 02:55:00,2.31718,2.31723,2.31668,2.31671,179
2025-10-09 03:00:00,2.31669,2.31669,2.31616,2.31638,222
2025-10-09 03:05:00,2.31642,2.31653,2.31562,2.31583,141
2025-10-09 03:10:00,2.31585,2.3162599999999998,2.31577,2.31594,131
2025-10-09 03:15:00,2.31592,2.31597,2.3156,2.31561,141
2025-10-09 03:20:00,2.31557,2.3156,2.31489,2.31494,193
2025-10-09 03:25:00,2.31496,2.31532,2.31496,2.31505,150
2025-10-09 03:30:00,2.31512,2.31525,2.3148,2.31511,154
2025-10-09 03:35:00,2.31512,2.31523,2.31482,2.3149100000000002,135
2025-10-09 03:40:00,2.31487,2.31538,2.31474,2.31506,117
2025-10-09 03:45:00,2.31507,2.31524,2.31492,2.31507,137
2025-10-09 03:50:00,2.31509,2.31541,2.31477,2.31482,201
2025-10-09 03:55:00,2.31487,2.31556,2.31485,2.31521,200
2025-10-09 04:00:00,2.3152,2.31569,2.31485,2.31554,370
2025-10-09 04:05:00,2.31555,2.31572,2.31418,2.31439,282
2025-10-09 04:10:00,2.31433,2.31456,2.31339,2.31379,280
2025-10-09 04:15:00,2.31383,2.31389,2.3131,2.31327,313
2025-10-09 04:20:00,2.31325,2.31387,2.31311,2.31368,210
2025-10-09 04:25:00,2.31376,2.31396,2.31289,2.31305,202
2025-10-09 04:30:00,2.31307,2.31331,2.31271,2.31273,247
2025-10-09 04:35:00,2.31271,2.31304,2.31216,2.31228,214
2025-10-09 04:40:00,2.31239,2.31305,2.31184,2.3128,196
2025-10-09 04:45:00,2.31282,2.31304,2.31256,2.31292,183
2025-10-09 04:50:00,2.31286,2.31341,2.31264,2.31329,232
2025-10-09 04:55:00,2.31324,2.31459,2.31316,2.31459,191
2025-10-09 05:00:00,2.31463,2.31571,2.31463,2.31505,230
2025-10-09 05:05:00,2.31509,2.31532,2.31441,2.3148400000000002,232
2025-10-09 05:10:00,2.31483,2.3148400000000002,2.31367,2.3138,154
2025-10-09 05:15:00,2.31383,2.31457,2.31383,2.31413,132
2025-10-09 05:20:00,2.31414,2.3142,2.31363,2.31404,124
2025-10-09 05:25:00,2.3141,2.31432,2.31334,2.31339,141
2025-10-09 05:30:00,2.31331,2.31372,2.31331,2.31345,181
2025-10-09 05:35:00,2.31346,2.31374,2.31319,2.3132,131
2025-10-09 05:40:00,2.31319,2.3132099999999998,2.31168,2.31168,135
2025-10-09 05:45:00,2.3117,2.31195,2.31107,2.31114,134
2025-10-09 05:50:00,2.31119,2.3117,2.3111800000000002,2.3113,114
2025-10-09 05:55:00,2.31134,2.31151,2.31096,2.31106,137
2025-10-09 06:00:00,2.31106,2.31218,2.31106,2.31217,181
2025-10-09 06:05:00,2.31218,2.31271,2.31196,2.31241,192
2025-10-09 06:10:00,2.3124000000000002,2.31265,2.31193,2.31261,142
2025-10-09 06:15:00,2.31261,2.31261,2.3119899999999998,2.31208,124
2025-10-09 06:20:00,2.3121,2.3125999999999998,2.31205,2.31226,130
2025-10-09 06:25:00,2.31221,2.31245,2.31201,2.31233,104
2025-10-09 06:30:00,2.31233,2.31264,2.31204,2.31222,89
2025-10-09 06:35:00,2.31225,2.31255,2.31225,2.31243,92
2025-10-09 06:40:00,2.31246,2.31287,2.31233,2.31273,72
2025-10-09 06:45:00,2.31274,2.31282,2.31237,2.31264,74
2025-10-09 06:50:00,2.31265,2.31295,2.31262,2.31276,80
2025-10-09 06:55:00,2.31279,2.3129,2.31248,2.31267,98
2025-10-09 07:00:00,2.31265,2.31274,2.31201,2.31217,112
2025-10-09 07:05:00,2.31216,2.31217,2.31102,2.31121,102
2025-10-09 07:10:00,2.31123,2.31149,2.31094,2.31094,110
2025-10-09 07:15:00,2.31101,2.31124,2.31087,2.31099,98
2025-10-09 07:20:00,2.31088,2.31128,2.31081,2.31089,55
2025-10-09 07:25:00,2.31092,2.31128,2.31092,2.31124,127
2025-10-09 07:30:00,2.31112,2.31115,2.31054,2.31056,101
2025-10-09 07:35:00,2.31058,2.31058,2.30999,2.31015,115
2025-10-09 07:40:00,2.31007,2.31007,2.30936,2.30958,126
2025-10-09 07:45:00,2.30959,2.31002,2.30959,2.30979,93
2025-10-09 07:50:00,2.3098,2.31026,2.30979,2.31024,89
2025-10-09 07:55:00,2.31025,2.31073,2.31024,2.31073,93
2025-10-09 08:00:00,2.31072,2.31083,2.3102,2.3102,115
2025-10-09 08:05:00,2.31018,2.31069,2.3100899999999998,2.3106400000000002,108
2025-10-09 08:10:00,2.31062,2.31088,2.31062,2.31079,109
2025-10-09 08:15:00,2.31083,2.31101,2.31063,2.31086,132
2025-10-09 08:20:00,2.31088,2.31094,2.31065,2.31071,109
2025-10-09 08:25:00,2.31073,2.3109,2.3105,2.3109,129
2025-10-09 08:30:00,2.31103,2.3113099999999998,2.31086,2.31124,133
2025-10-09 08:35:00,2.3112500000000002,2.31146,2.31089,2.31145,123
2025-10-09 08:40:00,2.31143,2.31187,2.31142,2.3116,115
2025-10-09 08:45:00,2.31162,2.31204,2.31146,2.3119199999999998,116
2025-10-09 08:50:00,2.31188,2.31227,2.31177,2.31218,136
2025-10-09 08:55:00,2.3122,2.313,2.31202,2.31298,248
2025-10-09 09:00:00,2.31303,2.31329,2.31225,2.31238,249
2025-10-09 09:05:00,2.31241,2.31268,2.31178,2.31205,354
2025-10-09 09:10:00,2.31206,2.31294,2.31206,2.31291,346
2025-10-09 09:15:00,2.3128,2.31352,2.3124700000000002,2.31322,377
2025-10-09 09:20:00,2.31325,2.3146,2.31317,2.31356,354
2025-10-09 09:25:00,2.31353,2.31394,2.31258,2.31326,408
2025-10-09 09:30:00,2.31327,2.31385,2.31249,2.31348,494
2025-10-09 09:35:00,2.3135,2.3149,2.31332,2.31463,340
2025-10-09 09:40:00,2.31463,2.31577,2.31444,2.31562,314
2025-10-09 09:45:00,2.3157,2.31668,2.31525,2.3160600000000002,395
2025-10-09 09:50:00,2.31595,2.31779,2.31563,2.317,467
2025-10-09 09:55:00,2.31699,2.31731,2.3161,2.31635,472
2025-10-09 10:00:00,2.31634,2.31657,2.31557,2.31627,551
2025-10-09 10:05:00,2.31635,2.31652,2.3154,2.31574,429
2025-10-09 10:10:00,2.31576,2.31617,2.3142,2.3142,388
2025-10-09 10:15:00,2.31411,2.31503,2.3137,2.31453,360
2025-10-09 10:20:00,2.31452,2.31493,2.31431,2.31466,315
2025-10-09 10:25:00,2.31464,2.31517,2.31427,2.3144299999999998,348
2025-10-09 10:30:00,2.31451,2.31526,2.3137499999999998,2.31511,312
2025-10-09 10:35:00,2.31518,2.316,2.31518,2.3159,284
2025-10-09 10:40:00,2.31603,2.31624,2.31463,2.31479,385
2025-10-09 10:45:00,2.31478,2.31478,2.31317,2.31367,361
2025-10-09 10:50:00,2.31365,2.31409,2.3133,2.31384,280
2025-10-09 10:55:00,2.31385,2.31464,2.3135,2.31384,334
2025-10-09 11:00:00,2.3138199999999998,2.31454,2.31373,2.31428,316
2025-10-09 11:05:00,2.3143000000000002,2.31503,2.3143000000000002,2.31456,318
2025-10-09 11:10:00,2.31458,2.31458,2.31409,2.3142,225
2025-10-09 11:15:00,2.31422,2.31492,2.31414,2.31464,272
2025-10-09 11:20:00,2.31467,2.316,2.31461,2.31566,342
2025-10-09 11:25:00,2.31564,2.31581,2.31505,2.31536,274
2025-10-09 11:30:00,2.31535,2.31641,2.31517,2.31602,339
2025-10-09 11:35:00,2.31604,2.31627,2.31561,2.31604,334
2025-10-09 11:40:00,2.3160600000000002,2.31761,2.31587,2.31727,406
2025-10-09 11:45:00,2.31729,2.31781,2.31639,2.31697,351
2025-10-09 11:50:00,2.31682,2.31682,2.31636,2.31652,212
2025-10-09 11:55:00,2.31653,2.31658,2.31612,2.31643,331
2025-10-09 12:00:00,2.31641,2.31641,2.31507,2.31517,371
2025-10-09 12:05:00,2.31517,2.31625,2.31517,2.31616,530
2025-10-09 12:10:00,2.3161300000000002,2.31655,2.31568,2.31598,324
2025-10-09 12:15:00,2.316,2.3161,2.31514,2.31576,338
2025-10-09 12:20:00,2.31571,2.31622,2.31563,2.31607,255
2025-10-09 12:25:00,2.31601,2.31622,2.31556,2.3158,305
2025-10-09 12:30:00,2.31574,2.3162,2.31557,2.31575,289
2025-10-09 12:35:00,2.3156499999999998,2.31666,2.31544,2.3164,309
2025-10-09 12:40:00,2.3164,2.31668,2.31578,2.31659,268
2025-10-09 12:45:00,2.31661,2.31669,2.31563,2.31644,292
2025-10-09 12:50:00,2.31653,2.31658,2.31601,2.3162,223
2025-10-09 12:55:00,2.31631,2.31651,2.31585,2.3164,348
2025-10-09 13:00:00,2.31638,2.31647,2.31555,2.31566,230
2025-10-09 13:05:00,2.3156499999999998,2.31582,2.31528,2.31543,202
2025-10-09 13:10:00,2.31547,2.31568,2.3153,2.31542,215
2025-10-09 13:15:00,2.31543,2.31571,2.31487,2.3154500000000002,270
2025-10-09 13:20:00,2.31531,2.31574,2.31497,2.31559,214
2025-10-09 13:25:00,2.31557,2.31559,2.3152,2.3155,216
2025-10-09 13:30:00,2.31557,2.31591,2.31532,2.31567,213
2025-10-09 13:35:00,2.3156499999999998,2.31614,2.31546,2.31582,250
2025-10-09 13:40:00,2.31587,2.316,2.31512,2.31515,248
2025-10-09 13:45:00,2.31511,2.31528,2.31466,2.31481,228
2025-10-09 13:50:00,2.31482,2.31516,2.31434,2.31469,257
2025-10-09 13:55:00,2.31466,2.3148,2.31286,2.31316,433
2025-10-09 14:00:00,2.3132099999999998,2.31351,2.31207,2.31348,462
2025-10-09 14:05:00,2.31347,2.31437,2.31337,2.31434,271
2025-10-09 14:10:00,2.31437,2.31544,2.31427,2.31503,199
2025-10-09 14:15:00,2.31505,2.31562,2.3148,2.31489,195
2025-10-09 14:20:00,2.31499,2.31521,2.31426,2.31475,212
2025-10-09 14:25:00,2.31473,2.31515,2.31462,2.31496,181
2025-10-09 14:30:00,2.31498,2.31521,2.31465,2.31476,199
2025-10-09 14:35:00,2.31476,2.315,2.31422,2.31451,217
2025-10-09 14:40:00,2.31449,2.31449,2.3137,2.31381,209
2025-10-09 14:45:00,2.3138,2.31401,2.31361,2.31365,188
2025-10-09 14:50:00,2.31367,2.31404,2.31365,2.31376,182
2025-10-09 14:55:00,2.31378,2.31409,2.31327,2.31393,345
2025-10-09 15:00:00,2.31395,2.31467,2.31377,2.31464,396
2025-10-09 15:05:00,2.31458,2.31494,2.31435,2.31435,314
2025-10-09 15:10:00,2.31434,2.31463,2.31397,2.31434,367
2025-10-09 15:15:00,2.31433,2.31437,2.31291,2.3130100000000002,361
2025-10-09 15:20:00,2.31304,2.31394,2.31267,2.31394,342
2025-10-09 15:25:00,2.31392,2.31415,2.31349,2.3136200000000002,250
2025-10-09 15:30:00,2.31358,2.31427,2.31339,2.3135,327
2025-10-09 15:35:00,2.31356,2.31386,2.31335,2.3138199999999998,416
2025-10-09 15:40:00,2.31381,2.31471,2.31371,2.31437,389
2025-10-09 15:45:00,2.3144,2.31505,2.31397,2.31496,363
2025-10-09 15:50:00,2.31497,2.3154500000000002,2.31482,2.31506,377
2025-10-09 15:55:00,2.31501,2.31517,2.31438,2.31493,356
2025-10-09 16:00:00,2.31494,2.31547,2.3147,2.3154,379
2025-10-09 16:05:00,2.31538,2.31538,2.3142,2.3148400000000002,618
2025-10-09 16:10:00,2.3148400000000002,2.3156,2.31468,2.31551,584
2025-10-09 16:15:00,2.31548,2.31602,2.31446,2.31485,489
2025-10-09 16:20:00,2.3148400000000002,2.31485,2.31343,2.31381,420
2025-10-09 16:25:00,2.31378,2.31422,2.31358,2.31391,407
2025-10-09 16:30:00,2.31403,2.3147,2.31373,2.31456,445
2025-10-09 16:35:00,2.31458,2.31569,2.31409,2.31564,431
2025-10-09 16:40:00,2.31554,2.31692,2.31554,2.31684,525
2025-10-09 16:45:00,2.31683,2.31803,2.31672,2.31756,492
2025-10-09 16:50:00,2.31753,2.31866,2.31716,2.31862,369
2025-10-09 16:55:00,2.31864,2.31874,2.31808,2.31819,504
2025-10-09 17:00:00,2.31823,2.31922,2.3179,2.31892,568
2025-10-09 17:05:00,2.31889,2.31915,2.31784,2.3181599999999998,483
2025-10-09 17:10:00,2.31814,2.31825,2.31743,2.31774,530
2025-10-09 17:15:00,2.31773,2.31813,2.31721,2.3173500000000002,405
2025-10-09 17:20:00,2.3173500000000002,2.31825,2.31734,2.31763,574
2025-10-09 17:25:00,2.31764,2.31831,2.31731,2.31779,512
2025-10-09 17:30:00,2.31783,2.31807,2.31673,2.31713,553
2025-10-09 17:35:00,2.31715,2.31737,2.3165,2.31711,449
2025-10-09 17:40:00,2.31712,2.31817,2.317,2.318,437
2025-10-09 17:45:00,2.31801,2.319,2.31777,2.31804,465
2025-10-09 17:50:00,2.3181,2.31868,2.31697,2.31731,493
2025-10-09 17:55:00,2.31736,2.31842,2.31673,2.3181,541
2025-10-09 18:00:00,2.31818,2.31846,2.31733,2.31738,567
2025-10-09 18:05:00,2.31736,2.31799,2.31682,2.31756,554
2025-10-09 18:10:00,2.31757,2.3177,2.31712,2.31747,417
2025-10-09 18:15:00,2.31746,2.3185700000000002,2.31738,2.31837,458
2025-10-09 18:20:00,2.31839,2.3184,2.31649,2.31676,525
2025-10-09 18:25:00,2.31677,2.31776,2.31663,2.31677,542
2025-10-09 18:30:00,2.31679,2.31712,2.31578,2.31693,517
2025-10-09 18:35:00,2.31688,2.3172,2.31615,2.31683,459
2025-10-09 18:40:00,2.31682,2.31682,2.31582,2.31628,477
2025-10-09 18:45:00,2.3162599999999998,2.31692,2.31595,2.31692,434
2025-10-09 18:50:00,2.31693,2.31693,2.31621,2.31648,415
2025-10-09 18:55:00,2.31646,2.31699,2.31631,2.31696,366
2025-10-09 19:00:00,2.31693,2.31707,2.31619,2.31623,360
2025-10-09 19:05:00,2.31622,2.31636,2.31492,2.31501,290
2025-10-09 19:10:00,2.31492,2.31578,2.31488,2.3155200000000002,321
2025-10-09 19:15:00,2.31554,2.31592,2.31522,2.31559,363
2025-10-09 19:20:00,2.31561,2.3164,2.31549,2.31567,359
2025-10-09 19:25:00,2.31566,2.31573,2.31502,2.3152,356
2025-10-09 19:30:00,2.31519,2.31563,2.31505,2.31556,312
2025-10-09 19:35:00,2.31553,2.31649,2.31549,2.31612,365
2025-10-09 19:40:00,2.31617,2.31624,2.31561,2.31564,403
2025-10-09 19:45:00,2.3156499999999998,2.31608,2.31518,2.31587,344
2025-10-09 19:50:00,2.31586,2.31611,2.31497,2.31548,354
2025-10-09 19:55:00,2.31546,2.31588,2.31534,2.31549,418
2025-10-09 20:00:00,2.31548,2.31563,2.3146,2.31526,398
2025-10-09 20:05:00,2.31528,2.3156499999999998,2.31479,2.31487,378
2025-10-09 20:10:00,2.31496,2.31549,2.31482,2.31535,282
2025-10-09 20:15:00,2.31536,2.31563,2.31519,2.31548,348
2025-10-09 20:20:00,2.3154500000000002,2.31556,2.3146,2.31516,326
2025-10-09 20:25:00,2.3152,2.31521,2.31475,2.31521,334
2025-10-09 20:30:00,2.31519,2.31541,2.31472,2.31487,336
2025-10-09 20:35:00,2.31487,2.3154500000000002,2.31487,2.31543,267
2025-10-09 20:40:00,2.31542,2.31562,2.31511,2.31527,289
2025-10-09 20:45:00,2.31533,2.31566,2.31497,2.31517,250
2025-10-09 20:50:00,2.3152,2.31528,2.31472,2.3151,260
2025-10-09 20:55:00,2.31512,2.31525,2.31447,2.31458,258
2025-10-09 21:00:00,2.3146,2.31505,2.31437,2.31489,299
2025-10-09 21:05:00,2.3149,2.31511,2.31464,2.31494,245
2025-10-09 21:10:00,2.31495,2.3150399999999998,2.31458,2.31463,208
2025-10-09 21:15:00,2.31466,2.31482,2.3144,2.31449,237
2025-10-09 21:20:00,2.31446,2.31492,2.31446,2.31461,208
2025-10-09 21:25:00,2.31463,2.31506,2.31452,2.3150399999999998,163
2025-10-09 21:30:00,2.31503,2.31534,2.3148400000000002,2.31522,192
2025-10-09 21:35:00,2.31523,2.31528,2.31456,2.3148,206
2025-10-09 21:40:00,2.31483,2.31507,2.31464,2.31496,199
2025-10-09 21:45:00,2.31493,2.31498,2.31452,2.31498,211
2025-10-09 21:50:00,2.31497,2.31583,2.31488,2.31558,393
2025-10-09 21:55:00,2.3155200000000002,2.31564,2.31455,2.31458,290
2025-10-09 22:00:00,2.31454,2.31477,2.3141,2.31473,257
2025-10-09 22:05:00,2.31479,2.31497,2.31457,2.31478,224
2025-10-09 22:10:00,2.31481,2.31512,2.31474,2.31483,215
2025-10-09 22:15:00,2.31485,2.3150399999999998,2.31446,2.31464,188
2025-10-09 22:20:00,2.31462,2.31475,2.31442,2.31461,256
2025-10-09 22:25:00,2.3146,2.31492,2.31449,2.31465,198
2025-10-09 22:30:00,2.31464,2.3149,2.3144,2.31441,198
2025-10-09 22:35:00,2.31441,2.31488,2.31441,2.31477,230
2025-10-09 22:40:00,2.31478,2.31525,2.31476,2.31502,244
2025-10-09 22:45:00,2.315,2.31508,2.31445,2.31451,220
2025-10-09 22:50:00,2.31455,2.31495,2.31451,2.31495,235
2025-10-09 22:55:00,2.3149100000000002,2.31524,2.3148,2.31505,223
2025-10-09 23:00:00,2.3143599999999998,2.31449,2.31405,2.31421,177
2025-10-09 23:05:00,2.31413,2.31433,2.31384,2.3141,169
2025-10-09 23:10:00,2.31412,2.31455,2.31398,2.31447,69
2025-10-09 23:15:00,2.31442,2.31528,2.31395,2.31399,109
2025-10-09 23:20:00,2.314,2.3141,2.31371,2.31395,133
2025-10-09 23:25:00,2.31399,2.31407,2.3137,2.31376,116
2025-10-09 23:30:00,2.3138,2.31444,2.31353,2.31404,160
2025-10-09 23:35:00,2.31402,2.31433,2.31398,2.31419,123
2025-10-09 23:40:00,2.3142,2.31488,2.31414,2.31414,104
2025-10-09 23:45:00,2.31414,2.3142,2.31392,2.31412,171
2025-10-09 23:50:00,2.3141,2.31455,2.3141,2.31451,209
2025-10-09 23:55:00,2.31509,2.31521,2.31216,2.31254,200
2025-10-10 00:00:00,2.31061,2.31111,2.31007,2.31111,13
2025-10-10 00:05:00,2.31111,2.31281,2.31082,2.3116,39
2025-10-10 00:10:00,2.3116,2.31161,2.31156,2.31159,17
2025-10-10 00:15:00,2.31132,2.313,2.3111,2.313,64
2025-10-10 00:20:00,2.31295,2.31358,2.31232,2.31352,70
2025-10-10 00:25:00,2.31353,2.31459,2.31322,2.31417,49
2025-10-10 00:30:00,2.31399,2.31451,2.3137,2.3138199999999998,158
2025-10-10 00:35:00,2.31367,2.31458,2.31262,2.314,64
2025-10-10 00:40:00,2.31401,2.31437,2.31366,2.31366,98
2025-10-10 00:45:00,2.3136,2.31387,2.31291,2.31329,234
2025-10-10 00:50:00,2.31331,2.31438,2.31286,2.31396,223
2025-10-10 00:55:00,2.31394,2.31453,2.31365,2.3136900000000002,79
2025-10-10 01:00:00,2.31417,2.31503,2.31312,2.31339,284
2025-10-10 01:05:00,2.31342,2.31421,2.31329,2.3136200000000002,72
2025-10-10 01:10:00,2.31358,2.31359,2.3131,2.31326,102
2025-10-10 01:15:00,2.31328,2.31377,2.31289,2.31289,60
2025-10-10 01:20:00,2.3134,2.3136900000000002,2.31271,2.31317,78
2025-10-10 01:25:00,2.31317,2.31347,2.31289,2.31291,71
2025-10-10 01:30:00,2.31292,2.31342,2.31273,2.31311,83
2025-10-10 01:35:00,2.31311,2.31343,2.31302,2.31342,64
2025-10-10 01:40:00,2.31341,2.31342,2.31322,2.31336,75
2025-10-10 01:45:00,2.31335,2.31344,2.31324,2.31341,53
2025-10-10 01:50:00,2.31339,2.31349,2.3130800000000002,2.31313,168
2025-10-10 01:55:00,2.31311,2.31327,2.31281,2.31313,108
2025-10-10 02:00:00,2.31325,2.31416,2.31325,2.31376,199
2025-10-10 02:05:00,2.31378,2.31425,2.31371,2.31415,190
2025-10-10 02:10:00,2.31417,2.3147,2.31413,2.31452,234
2025-10-10 02:15:00,2.31451,2.31497,2.3144299999999998,2.31455,191
2025-10-10 02:20:00,2.31453,2.3149,2.31431,2.31468,149
2025-10-10 02:25:00,2.3147,2.3149,2.31451,2.31488,98
2025-10-10 02:30:00,2.31487,2.31516,2.31444,2.31444,111
2025-10-10 02:35:00,2.3144299999999998,2.31457,2.31399,2.31402,168
2025-10-10 02:40:00,2.31404,2.31407,2.31324,2.31338,169
2025-10-10 02:45:00,2.31336,2.31338,2.31284,2.31305,163
2025-10-10 02:50:00,2.31304,2.3132,2.31284,2.313,164
2025-10-10 02:55:00,2.31302,2.31309,2.3124700000000002,2.31262,166
2025-10-10 03:00:00,2.31256,2.31351,2.31233,2.31331,252
2025-10-10 03:05:00,2.3133,2.31378,2.31324,2.31372,212
2025-10-10 03:10:00,2.31374,2.314,2.31355,2.31389,168
2025-10-10 03:15:00,2.31393,2.31393,2.31303,2.3131,155
2025-10-10 03:20:00,2.3131,2.31386,2.3131,2.31345,133
2025-10-10 03:25:00,2.31347,2.3135,2.31307,2.31349,132
2025-10-10 03:30:00,2.31353,2.31387,2.31338,2.31372,154
2025-10-10 03:35:00,2.31367,2.3137,2.31317,2.31332,161
2025-10-10 03:40:00,2.31338,2.3135,2.31318,2.31335,148
2025-10-10 03:45:00,2.31336,2.3138199999999998,2.31335,2.31366,160
2025-10-10 03:50:00,2.31365,2.3136900000000002,2.31255,2.31258,241
2025-10-10 03:55:00,2.31252,2.3127,2.31219,2.31231,238
2025-10-10 04:00:00,2.31235,2.31239,2.31152,2.3117900000000002,287
2025-10-10 04:05:00,2.3118,2.31203,2.3113799999999998,2.31183,274
2025-10-10 04:10:00,2.31182,2.31195,2.31137,2.31152,188
2025-10-10 04:15:00,2.31154,2.31168,2.31093,2.31111,243
2025-10-10 04:20:00,2.31108,2.31145,2.31091,2.31115,231
2025-10-10 04:25:00,2.31109,2.3116,2.31109,2.3116,175
2025-10-10 04:30:00,2.3116,2.31201,2.31141,2.31177,211
2025-10-10 04:35:00,2.3119,2.31233,2.31185,2.31201,224
2025-10-10 04:40:00,2.31195,2.31216,2.31158,2.31172,171
2025-10-10 04:45:00,2.31172,2.31178,2.31142,2.31146,176
2025-10-10 04:50:00,2.31152,2.31196,2.31145,2.31189,166
2025-10-10 04:55:00,2.31188,2.31241,2.31166,2.31237,185
2025-10-10 05:00:00,2.31239,2.31319,2.31237,2.31319,226
2025-10-10 05:05:00,2.31323,2.31358,2.3130800000000002,2.31329,175
2025-10-10 05:10:00,2.3133,2.31334,2.31269,2.313,218
2025-10-10 05:15:00,2.31302,2.31304,2.31245,2.31256,156
2025-10-10 05:20:00,2.31257,2.31269,2.31228,2.31234,170
2025-10-10 05:25:00,2.31236,2.31255,2.3119199999999998,2.31203,137
2025-10-10 05:30:00,2.31204,2.31227,2.31194,2.31201,148
2025-10-10 05:35:00,2.3119899999999998,2.31217,2.31185,2.31196,136
2025-10-10 05:40:00,2.31198,2.31233,2.31197,2.31213,106
2025-10-10 05:45:00,2.3121,2.31222,2.31188,2.31212,102
2025-10-10 05:50:00,2.31215,2.31232,2.31206,2.31228,130
2025-10-10 05:55:00,2.31228,2.31269,2.31222,2.31245,165
2025-10-10 06:00:00,2.31246,2.31294,2.31241,2.31278,131
2025-10-10 06:05:00,2.31283,2.3130100000000002,2.31232,2.31246,145
2025-10-10 06:10:00,2.3124700000000002,2.31291,2.31235,2.31283,155
2025-10-10 06:15:00,2.31282,2.31287,2.31249,2.31256,119
2025-10-10 06:20:00,2.31254,2.31288,2.31252,2.31268,116
2025-10-10 06:25:00,2.31272,2.31294,2.31266,2.3128,175
2025-10-10 06:30:00,2.31282,2.31285,2.31257,2.31265,129
2025-10-10 06:35:00,2.31266,2.31296,2.31242,2.31254,148
2025-10-10 06:40:00,2.31256,2.313,2.31256,2.31266,189
2025-10-10 06:45:00,2.31268,2.31285,2.31246,2.31258,166
2025-10-10 06:50:00,2.31257,2.31257,2.312,2.31218,113
2025-10-10 06:55:00,2.31219,2.31228,2.31203,2.31215,149
2025-10-10 07:00:00,2.31216,2.31222,2.3118600000000002,2.31197,141
2025-10-10 07:05:00,2.31195,2.31255,2.31195,2.31255,147
2025-10-10 07:10:00,2.3125299999999998,2.3128,2.31243,2.31275,173
2025-10-10 07:15:00,2.31272,2.31297,2.31263,2.31282,175
2025-10-10 07:20:00,2.3128,2.31299,2.3127,2.31295,139
2025-10-10 07:25:00,2.31296,2.31335,2.31294,2.31332,128
2025-10-10 07:30:00,2.31333,2.31347,2.3132099999999998,2.31331,107
2025-10-10 07:35:00,2.3133,2.31331,2.31266,2.31273,99
2025-10-10 07:40:00,2.31274,2.31284,2.3125999999999998,2.3125999999999998,88
2025-10-10 07:45:00,2.31261,2.3127,2.31234,2.31244,78
2025-10-10 07:50:00,2.31242,2.31246,2.31215,2.31227,105
2025-10-10 07:55:00,2.31225,2.3125,2.31204,2.31204,120
2025-10-10 08:00:00,2.31208,2.31236,2.31181,2.31224,180
2025-10-10 08:05:00,2.31226,2.31237,2.31213,2.3123,147
2025-10-10 08:10:00,2.31228,2.31272,2.31214,2.31235,163
2025-10-10 08:15:00,2.31236,2.31249,2.31212,2.31225,120
2025-10-10 08:20:00,2.31224,2.31231,2.31194,2.31194,129
2025-10-10 08:25:00,2.31195,2.31227,2.31191,2.31218,123
2025-10-10 08:30:00,2.31225,2.31278,2.31213,2.31262,156
2025-10-10 08:35:00,2.31261,2.3128,2.31234,2.31276,168
2025-10-10 08:40:00,2.31278,2.31279,2.31237,2.3124700000000002,158
2025-10-10 08:45:00,2.31246,2.31278,2.31221,2.31256,156
2025-10-10 08:50:00,2.31254,2.31271,2.31215,2.31215,182
2025-10-10 08:55:00,2.31218,2.31259,2.31207,2.31252,221
2025-10-10 09:00:00,2.31246,2.3131399999999998,2.31219,2.31245,346
2025-10-10 09:05:00,2.3124700000000002,2.31255,2.3119,2.312,242
2025-10-10 09:10:00,2.31204,2.31225,2.31184,2.31225,222
2025-10-10 09:15:00,2.31227,2.31252,2.3121,2.31233,238
2025-10-10 09:20:00,2.31232,2.31268,2.31212,2.31237,252
2025-10-10 09:25:00,2.31239,2.31355,2.31235,2.31348,226
2025-10-10 09:30:00,2.31351,2.31397,2.31335,2.31371,256
2025-10-10 09:35:00,2.31374,2.31438,2.31351,2.31389,604
2025-10-10 09:40:00,2.31389,2.31452,2.31371,2.31384,422
2025-10-10 09:45:00,2.31393,2.31397,2.31292,2.31365,407
2025-10-10 09:50:00,2.31367,2.31464,2.31361,2.31371,469
2025-10-10 09:55:00,2.3137499999999998,2.31377,2.31273,2.3129,378
2025-10-10 10:00:00,2.31288,2.3137499999999998,2.31257,2.31365,376
2025-10-10 10:05:00,2.31364,2.31371,2.31171,2.3127,429
2025-10-10 10:10:00,2.31272,2.31272,2.31141,2.31257,452
2025-10-10 10:15:00,2.31255,2.31297,2.31217,2.3123,433
2025-10-10 10:20:00,2.31243,2.31288,2.31221,2.31287,381
2025-10-10 10:25:00,2.31285,2.3138199999999998,2.31276,2.31323,367
2025-10-10 10:30:00,2.31324,2.3133,2.31262,2.3129,364
2025-10-10 10:35:00,2.31288,2.31303,2.31235,2.31251,263
2025-10-10 10:40:00,2.3125299999999998,2.31291,2.31183,2.31236,238
2025-10-10 10:45:00,2.31237,2.31241,2.31182,2.31196,266
2025-10-10 10:50:00,2.31194,2.31285,2.31194,2.31281,260
2025-10-10 10:55:00,2.31278,2.31345,2.31265,2.3132099999999998,285
2025-10-10 11:00:00,2.3132,2.3137,2.31273,2.31338,290
2025-10-10 11:05:00,2.31343,2.31346,2.31205,2.31212,273
2025-10-10 11:10:00,2.31213,2.31221,2.31129,2.31163,346
2025-10-10 11:15:00,2.31165,2.31188,2.31145,2.31174,291
2025-10-10 11:20:00,2.31175,2.31187,2.31109,2.31116,276
2025-10-10 11:25:00,2.3111800000000002,2.31147,2.31095,2.31106,253
2025-10-10 11:30:00,2.31105,2.3113799999999998,2.3106,2.31099,253
2025-10-10 11:35:00,2.31098,2.31124,2.3106,2.31083,286
2025-10-10 11:40:00,2.31082,2.31226,2.31075,2.31224,291
2025-10-10 11:45:00,2.31224,2.31255,2.31177,2.31187,229
2025-10-10 11:50:00,2.31187,2.31224,2.31151,2.31213,222
2025-10-10 11:55:00,2.31214,2.3125,2.31165,2.31181,233
2025-10-10 12:00:00,2.31178,2.31178,2.31133,2.31147,260
2025-10-10 12:05:00,2.31146,2.31203,2.31141,2.31171,207
2025-10-10 12:10:00,2.31169,2.312,2.31111,2.31153,158
2025-10-10 12:15:00,2.31149,2.31164,2.31083,2.31119,275
2025-10-10 12:20:00,2.31107,2.31129,2.31033,2.31068,241
2025-10-10 12:25:00,2.31066,2.31128,2.31059,2.31117,226
2025-10-10 12:30:00,2.31113,2.31129,2.31072,2.31095,199
2025-10-10 12:35:00,2.31088,2.31147,2.31078,2.3113099999999998,214
2025-10-10 12:40:00,2.3113,2.31161,2.31093,2.31097,222
2025-10-10 12:45:00,2.31096,2.31098,2.31022,2.31043,284
2025-10-10 12:50:00,2.31037,2.31052,2.30999,2.31042,317
2025-10-10 12:55:00,2.31045,2.31158,2.31038,2.3113799999999998,300
2025-10-10 13:00:00,2.31139,2.31185,2.31103,2.31182,325
2025-10-10 13:05:00,2.31173,2.31178,2.31092,2.31117,224
2025-10-10 13:10:00,2.31109,2.31141,2.31075,2.31102,230
2025-10-10 13:15:00,2.31104,2.31146,2.31083,2.31085,238
2025-10-10 13:20:00,2.31084,2.31098,2.31042,2.31073,208
2025-10-10 13:25:00,2.31066,2.31069,2.30958,2.30976,255
2025-10-10 13:30:00,2.30963,2.3106999999999998,2.3096,2.31058,189
2025-10-10 13:35:00,2.3106,2.3106,2.3096,2.30965,233
2025-10-10 13:40:00,2.30964,2.31007,2.30933,2.30992,210
2025-10-10 13:45:00,2.30987,2.3100899999999998,2.30931,2.30953,195
2025-10-10 13:50:00,2.30953,2.30958,2.30857,2.3088699999999998,370
2025-10-10 13:55:00,2.30888,2.30897,2.30675,2.30678,513
2025-10-10 14:00:00,2.30678,2.30841,2.30678,2.30761,441
2025-10-10 14:05:00,2.30762,2.30771,2.30726,2.30757,284
2025-10-10 14:10:00,2.30755,2.30844,2.30737,2.30835,257
2025-10-10 14:15:00,2.30837,2.30879,2.3082599999999998,2.30876,253
2025-10-10 14:20:00,2.30876,2.30884,2.30793,2.30808,220
2025-10-10 14:25:00,2.30808,2.30841,2.30777,2.3082599999999998,253
2025-10-10 14:30:00,2.30828,2.30864,2.30809,2.3084,292
2025-10-10 14:35:00,2.30844,2.30899,2.30825,2.30876,284
2025-10-10 14:40:00,2.30877,2.30911,2.30844,2.30879,333
2025-10-10 14:45:00,2.3087400000000002,2.30876,2.30827,2.30841,297
2025-10-10 14:50:00,2.30841,2.30844,2.30783,2.30814,332
2025-10-10 14:55:00,2.308,2.30867,2.30775,2.3082,318
2025-10-10 15:00:00,2.30821,2.30908,2.30808,2.30841,421
2025-10-10 15:05:00,2.30843,2.30898,2.30829,2.30896,315
2025-10-10 15:10:00,2.30899,2.30942,2.30858,2.30875,332
2025-10-10 15:15:00,2.30876,2.30898,2.30836,2.30888,346
2025-10-10 15:20:00,2.3088699999999998,2.30914,2.30865,2.30877,239
2025-10-10 15:25:00,2.30876,2.30881,2.30821,2.30854,216
2025-10-10 15:30:00,2.30852,2.30852,2.30753,2.30766,371
2025-10-10 15:35:00,2.30769,2.30828,2.30757,2.30782,350
2025-10-10 15:40:00,2.30779,2.30831,2.3077,2.30791,348
2025-10-10 15:45:00,2.30789,2.30798,2.30749,2.30777,343
2025-10-10 15:50:00,2.30775,2.30836,2.3076,2.30825,323
2025-10-10 15:55:00,2.3082599999999998,2.30845,2.3082599999999998,2.30843,15
2025-10-10 16:10:00,2.30885,2.3089,2.30859,2.30869,99
2025-10-10 16:15:00,2.30866,2.30941,2.30855,2.30926,284
2025-10-10 16:20:00,2.30924,2.30937,2.30853,2.3088699999999998,291
2025-10-10 16:25:00,2.30885,2.3094,2.30857,2.30931,283
2025-10-10 16:30:00,2.30932,2.30966,2.30857,2.30886,383
2025-10-10 16:35:00,2.30888,2.30968,2.30878,2.30914,410
2025-10-10 16:40:00,2.30916,2.3093,2.30762,2.3079,443
2025-10-10 16:45:00,2.30794,2.30884,2.30794,2.30861,405
2025-10-10 16:50:00,2.30863,2.30925,2.30832,2.30895,426
2025-10-10 16:55:00,2.30906,2.3093500000000002,2.30875,2.30907,346
2025-10-10 17:00:00,2.30907,2.31047,2.30907,2.31032,474
2025-10-10 17:05:00,2.31033,2.31069,2.30964,2.3100899999999998,450
2025-10-10 17:10:00,2.3101,2.31113,2.3101,2.31076,412
2025-10-10 17:15:00,2.31074,2.31142,2.3106999999999998,2.31126,422
2025-10-10 17:20:00,2.31126,2.31198,2.31122,2.31185,418
2025-10-10 17:25:00,2.31184,2.31217,2.3112,2.31174,403
2025-10-10 17:30:00,2.31172,2.31299,2.3114,2.31296,399
2025-10-10 17:35:00,2.31297,2.31394,2.31283,2.31376,347
2025-10-10 17:40:00,2.31374,2.3146,2.31349,2.31432,376
2025-10-10 17:45:00,2.31428,2.31584,2.31422,2.31538,466
2025-10-10 17:50:00,2.3154,2.31643,2.31499,2.31643,428
2025-10-10 17:55:00,2.31648,2.31792,2.31596,2.31759,712
2025-10-10 18:00:00,2.31758,2.32313,2.3175499999999998,2.32274,861
2025-10-10 18:05:00,2.32273,2.32989,2.32261,2.32906,834
2025-10-10 18:10:00,2.32892,2.32892,2.32542,2.32691,786
2025-10-10 18:15:00,2.32693,2.3289,2.32665,2.32843,684
2025-10-10 18:20:00,2.32848,2.3302300000000002,2.32821,2.33019,754
2025-10-10 18:25:00,2.33021,2.33162,2.32997,2.33142,668
2025-10-10 18:30:00,2.33143,2.33224,2.33051,2.33073,747
2025-10-10 18:35:00,2.33075,2.33108,2.32908,2.33001,758
2025-10-10 18:40:00,2.32995,2.33031,2.32687,2.327,757
2025-10-10 18:45:00,2.32703,2.32786,2.32659,2.32735,791
2025-10-10 18:50:00,2.3273099999999998,2.32756,2.32613,2.32739,785
2025-10-10 18:55:00,2.32737,2.32902,2.32736,2.3277200000000002,724
2025-10-10 19:00:00,2.32762,2.32967,2.32739,2.32957,630
2025-10-10 19:05:00,2.32957,2.33177,2.32899,2.33067,664
2025-10-10 19:10:00,2.33065,2.33139,2.33038,2.33059,575
2025-10-10 19:15:00,2.33056,2.33256,2.33051,2.33189,580
2025-10-10 19:20:00,2.3319,2.3322599999999998,2.33115,2.33208,494
2025-10-10 19:25:00,2.3321,2.33234,2.3309,2.33156,485
2025-10-10 19:30:00,2.33154,2.33173,2.33007,2.33053,493
2025-10-10 19:35:00,2.33055,2.3319900000000002,2.33053,2.33087,465
2025-10-10 19:40:00,2.33085,2.33152,2.33047,2.33141,445
2025-10-10 19:45:00,2.3314,2.33182,2.33109,2.33179,429
2025-10-10 19:50:00,2.33177,2.33273,2.33152,2.33227,404
2025-10-10 19:55:00,2.3321899999999998,2.33278,2.33196,2.33204,454
2025-10-10 20:00:00,2.3320600000000002,2.33274,2.3320600000000002,2.33255,433
2025-10-10 20:05:00,2.33256,2.33258,2.33155,2.3317,455
2025-10-10 20:10:00,2.33169,2.33249,2.33132,2.3324,443
2025-10-10 20:15:00,2.33242,2.33302,2.33228,2.33297,381
2025-10-10 20:20:00,2.33295,2.33329,2.33225,2.33242,356
2025-10-10 20:25:00,2.33238,2.33246,2.33198,2.332,321
2025-10-10 20:30:00,2.33198,2.33246,2.33161,2.33214,339
2025-10-10 20:35:00,2.33218,2.3323,2.33142,2.33184,367
2025-10-10 20:40:00,2.33172,2.33186,2.33115,2.33151,304
2025-10-10 20:45:00,2.33152,2.33247,2.33141,2.33211,302
2025-10-10 20:50:00,2.33209,2.33246,2.33193,2.33195,243
2025-10-10 20:55:00,2.3319900000000002,2.33213,2.33155,2.33183,259
2025-10-10 21:00:00,2.33179,2.33266,2.3317,2.33232,353
2025-10-10 21:05:00,2.3323,2.33242,2.332,2.33216,267
2025-10-10 21:10:00,2.33218,2.33218,2.3313,2.33133,223
2025-10-10 21:15:00,2.33131,2.33175,2.33104,2.33143,214
2025-10-10 21:20:00,2.33153,2.33155,2.33002,2.3306,330
2025-10-10 21:25:00,2.3306,2.33127,2.33042,2.33125,345
2025-10-10 21:30:00,2.33123,2.33134,2.3308400000000002,2.33111,286
2025-10-10 21:35:00,2.33112,2.3313,2.3308400000000002,2.33101,244
2025-10-10 21:40:00,2.33102,2.3316,2.33089,2.33116,307
2025-10-10 21:45:00,2.33117,2.33148,2.33095,2.3314,222
2025-10-10 21:50:00,2.33141,2.33225,2.33136,2.33193,270
2025-10-10 21:55:00,2.33192,2.33275,2.33188,2.33207,366
2025-10-10 22:00:00,2.33208,2.33208,2.3312,2.3313800000000002,289
2025-10-10 22:05:00,2.33135,2.33159,2.33116,2.33148,245
2025-10-10 22:10:00,2.33148,2.33207,2.33148,2.33168,227
2025-10-10 22:15:00,2.33168,2.3319900000000002,2.33163,2.33173,254
2025-10-10 22:20:00,2.33172,2.3321899999999998,2.33156,2.33171,239
2025-10-10 22:25:00,2.33177,2.33177,2.3312,2.33141,201
2025-10-10 22:30:00,2.33139,2.33177,2.33125,2.33162,234
2025-10-10 22:35:00,2.33167,2.3321,2.33163,2.33207,228
2025-10-10 22:40:00,2.33201,2.3320600000000002,2.33124,2.33134,301
2025-10-10 22:45:00,2.33132,2.33142,2.3309,2.33121,349
2025-10-10 22:50:00,2.33117,2.33185,2.33107,2.3318,296
2025-10-10 22:55:00,2.33183,2.33268,2.3318,2.33212,313
2025-10-10 23:00:00,2.33139,2.3314,2.33074,2.33079,392
2025-10-10 23:05:00,2.3307700000000002,2.33123,2.3307,2.33086,205
2025-10-10 23:10:00,2.33088,2.33149,2.3308400000000002,2.33113,193
2025-10-10 23:15:00,2.33114,2.33133,2.33076,2.33091,180
2025-10-10 23:20:00,2.33088,2.3309,2.33049,2.33068,159
2025-10-10 23:25:00,2.33071,2.33082,2.33024,2.33046,209
2025-10-10 23:30:00,2.33047,2.33059,2.33012,2.33021,333
2025-10-10 23:35:00,2.33022,2.33051,2.33005,2.33015,204
2025-10-10 23:40:00,2.33014,2.33039,2.32997,2.33033,241
2025-10-10 23:45:00,2.3302899999999998,2.33038,2.32936,2.32945,314
2025-10-10 23:50:00,2.32944,2.33384,2.32939,2.3332,710
2025-10-10 23:55:00,2.3316,2.33173,2.32926,2.32993,698
2025-10-13 00:00:00,2.32142,2.32192,2.32083,2.3215,15
2025-10-13 00:05:00,2.32187,2.32234,2.31929,2.32098,67
2025-10-13 00:10:00,2.3209400000000002,2.3209400000000002,2.31958,2.32052,133
2025-10-13 00:15:00,2.32052,2.32254,2.32002,2.32023,142
2025-10-13 00:20:00,2.32021,2.32112,2.31982,2.32013,108
2025-10-13 00:25:00,2.32011,2.32027,2.31868,2.31907,54
2025-10-13 00:30:00,2.31915,2.32141,2.31915,2.32141,82
2025-10-13 00:35:00,2.32143,2.32691,2.32046,2.32651,208
2025-10-13 00:40:00,2.32651,2.32757,2.32323,2.32592,436
2025-10-13 00:45:00,2.32638,2.32874,2.32473,2.3277200000000002,250
2025-10-13 00:50:00,2.32782,2.32875,2.32694,2.3283300000000002,127
2025-10-13 00:55:00,2.32843,2.32898,2.32377,2.32377,180
2025-10-13 01:00:00,2.32375,2.32653,2.3223,2.32478,503
2025-10-13 01:05:00,2.3247999999999998,2.32725,2.32462,2.3264,365
2025-10-13 01:10:00,2.32654,2.32675,2.32542,2.32639,273
2025-10-13 01:15:00,2.32637,2.32743,2.3259600000000002,2.32618,344
2025-10-13 01:20:00,2.32618,2.32708,2.32563,2.32592,417
2025-10-13 01:25:00,2.32587,2.32747,2.32552,2.32741,429
2025-10-13 01:30:00,2.32739,2.32745,2.32534,2.32551,323
2025-10-13 01:35:00,2.32552,2.32631,2.32544,2.32624,253
2025-10-13 01:40:00,2.32623,2.32712,2.32606,2.32693,206
2025-10-13 01:45:00,2.32687,2.32716,2.3265000000000002,2.3266999999999998,170
2025-10-13 01:50:00,2.32672,2.32672,2.32597,2.32612,180
2025-10-13 01:55:00,2.32615,2.32686,2.32611,2.32612,179
2025-10-13 02:00:00,2.32623,2.32886,2.32623,2.32881,252
2025-10-13 02:05:00,2.32882,2.32911,2.3284599999999998,2.32886,235
2025-10-13 02:10:00,2.32885,2.32918,2.32861,2.32873,220
2025-10-13 02:15:00,2.32871,2.32889,2.32836,2.32849,234
2025-10-13 02:20:00,2.32847,2.32881,2.32791,2.32834,225
2025-10-13 02:25:00,2.32836,2.32848,2.32757,2.32758,232
2025-10-13 02:30:00,2.32757,2.32773,2.32689,2.32723,216
2025-10-13 02:35:00,2.32722,2.32808,2.32713,2.32787,154
2025-10-13 02:40:00,2.3278499999999998,2.32864,2.32763,2.32826,217
2025-10-13 02:45:00,2.32835,2.32869,2.32793,2.32867,211
2025-10-13 02:50:00,2.32867,2.32933,2.32844,2.3284599999999998,222
2025-10-13 02:55:00,2.3285,2.32906,2.32814,2.32874,240
2025-10-13 03:00:00,2.32881,2.33059,2.32856,2.33027,342
2025-10-13 03:05:00,2.3303,2.3304,2.32965,2.32997,298
2025-10-13 03:10:00,2.32996,2.33004,2.32902,2.32964,252
2025-10-13 03:15:00,2.32965,2.32969,2.32902,2.32947,246
2025-10-13 03:20:00,2.32946,2.33013,2.32929,2.32995,239
2025-10-13 03:25:00,2.32993,2.33038,2.32979,2.33032,212
2025-10-13 03:30:00,2.33026,2.33061,2.32989,2.32993,207
2025-10-13 03:35:00,2.32994,2.33046,2.3296799999999998,2.33003,261
2025-10-13 03:40:00,2.33004,2.33009,2.3274,2.32744,303
2025-10-13 03:45:00,2.32742,2.32774,2.32673,2.32774,254
2025-10-13 03:50:00,2.3277200000000002,2.32798,2.32646,2.32725,304
2025-10-13 03:55:00,2.32729,2.32781,2.32681,2.3277200000000002,318
2025-10-13 04:00:00,2.32773,2.32825,2.32652,2.32761,417
2025-10-13 04:05:00,2.32759,2.32761,2.32655,2.32679,309
2025-10-13 04:10:00,2.32687,2.32744,2.32655,2.32737,268
2025-10-13 04:15:00,2.32735,2.32735,2.32567,2.32579,311
2025-10-13 04:20:00,2.32577,2.32647,2.32511,2.32536,306
2025-10-13 04:25:00,2.32534,2.32642,2.32533,2.32617,233
2025-10-13 04:30:00,2.32618,2.32618,2.32448,2.32517,265
2025-10-13 04:35:00,2.32518,2.32558,2.32493,2.3255,227
2025-10-13 04:40:00,2.32544,2.32555,2.32454,2.325,275
2025-10-13 04:45:00,2.32497,2.32526,2.32442,2.3252,234
2025-10-13 04:50:00,2.32521,2.32546,2.32486,2.3253,246
2025-10-13 04:55:00,2.32532,2.32611,2.32488,2.32593,250
2025-10-13 05:00:00,2.32595,2.32634,2.32554,2.32634,274
2025-10-13 05:05:00,2.32635,2.32636,2.32543,2.32606,244
2025-10-13 05:10:00,2.32607,2.32632,2.32569,2.32597,173
2025-10-13 05:15:00,2.32595,2.3260199999999998,2.32549,2.3258,188
2025-10-13 05:20:00,2.32576,2.32637,2.32549,2.32598,174
2025-10-13 05:25:00,2.32599,2.32603,2.32565,2.32598,159
2025-10-13 05:30:00,2.326,2.32629,2.32558,2.32569,196
2025-10-13 05:35:00,2.32567,2.32605,2.32552,2.32583,175
2025-10-13 05:40:00,2.32581,2.32616,2.32565,2.3260899999999998,186
2025-10-13 05:45:00,2.32608,2.32628,2.32597,2.32607,188
2025-10-13 05:50:00,2.32605,2.32636,2.32579,2.32582,180
2025-10-13 05:55:00,2.32579,2.32625,2.32572,2.32625,164
2025-10-13 06:00:00,2.32627,2.32642,2.32544,2.32583,190
2025-10-13 06:05:00,2.32578,2.32587,2.32527,2.32534,159
2025-10-13 06:10:00,2.32534,2.3257,2.32525,2.32559,129
2025-10-13 06:15:00,2.3256,2.3259600000000002,2.32557,2.3259600000000002,114
2025-10-13 06:20:00,2.32597,2.32605,2.32552,2.32569,130
2025-10-13 06:25:00,2.32568,2.32625,2.32566,2.32621,192
2025-10-13 06:30:00,2.3262,2.32699,2.3262,2.32679,157
2025-10-13 06:35:00,2.3268,2.32766,2.32658,2.32761,176
2025-10-13 06:40:00,2.32759,2.32764,2.3271,2.32726,170
2025-10-13 06:45:00,2.3272399999999998,2.3286,2.32716,2.32849,213
2025-10-13 06:50:00,2.32848,2.32895,2.3282,2.32832,199
2025-10-13 06:55:00,2.3283300000000002,2.32844,2.3281,2.32821,157
2025-10-13 07:00:00,2.32819,2.32819,2.32774,2.32809,101
2025-10-13 07:05:00,2.32825,2.32838,2.3278,2.32829,129
2025-10-13 07:10:00,2.32826,2.32834,2.32782,2.32794,165
2025-10-13 07:15:00,2.3279199999999998,2.32836,2.32788,2.32799,148
2025-10-13 07:20:00,2.32801,2.32816,2.32725,2.32728,111
2025-10-13 07:25:00,2.32727,2.32748,2.32712,2.32741,118
2025-10-13 07:30:00,2.32739,2.32768,2.3271100000000002,2.3276,117
2025-10-13 07:35:00,2.32757,2.32784,2.32742,2.32769,113
2025-10-13 07:40:00,2.32769,2.32829,2.32767,2.3279199999999998,106
2025-10-13 07:45:00,2.3279199999999998,2.32793,2.32763,2.32771,95
2025-10-13 07:50:00,2.32773,2.3277900000000002,2.32734,2.32738,91
2025-10-13 07:55:00,2.3274,2.32767,2.32705,2.32729,126
2025-10-13 08:00:00,2.32727,2.32739,2.32672,2.32695,235
2025-10-13 08:05:00,2.32699,2.32726,2.32645,2.32671,195
2025-10-13 08:10:00,2.3266299999999998,2.32722,2.32652,2.32705,176
2025-10-13 08:15:00,2.32707,2.32773,2.32699,2.32765,226
2025-10-13 08:20:00,2.32766,2.3279,2.32748,2.32787,154
2025-10-13 08:25:00,2.3278499999999998,2.3282,2.32754,2.32757,215
2025-10-13 08:30:00,2.32762,2.32774,2.32727,2.32733,237
2025-10-13 08:35:00,2.3273099999999998,2.3277,2.3272399999999998,2.32768,195
2025-10-13 08:40:00,2.3277,2.3278,2.32728,2.32744,158
2025-10-13 08:45:00,2.32746,2.32762,2.32712,2.32712,207
2025-10-13 08:50:00,2.32713,2.32742,2.32658,2.32675,221
2025-10-13 08:55:00,2.32674,2.32703,2.32644,2.32674,226
2025-10-13 09:00:00,2.32671,2.32671,2.326,2.32633,318
2025-10-13 09:05:00,2.32623,2.3271800000000002,2.32621,2.32694,268
2025-10-13 09:10:00,2.32698,2.32804,2.32678,2.32797,310
2025-10-13 09:15:00,2.3279199999999998,2.32841,2.32758,2.32797,355
2025-10-13 09:20:00,2.32783,2.32835,2.32759,2.32826,321
2025-10-13 09:25:00,2.3283,2.32909,2.328,2.32872,317
2025-10-13 09:30:00,2.32874,2.32888,2.3277200000000002,2.3277200000000002,276
2025-10-13 09:35:00,2.32771,2.32789,2.32725,2.32788,278
2025-10-13 09:40:00,2.3279199999999998,2.32865,2.32771,2.32803,285
2025-10-13 09:45:00,2.32798,2.32839,2.3277900000000002,2.32795,352
2025-10-13 09:50:00,2.32794,2.32808,2.32745,2.32781,320
2025-10-13 09:55:00,2.32777,2.3285299999999998,2.32752,2.32811,420
2025-10-13 10:00:00,2.32814,2.32814,2.32597,2.32597,523
2025-10-13 10:05:00,2.32599,2.32632,2.32547,2.32564,368
2025-10-13 10:10:00,2.32564,2.32667,2.3256,2.3263,342
2025-10-13 10:15:00,2.32628,2.32653,2.32564,2.32565,383
2025-10-13 10:20:00,2.32563,2.3258,2.32509,2.3258,327
2025-10-13 10:25:00,2.32579,2.3259,2.3247,2.3247999999999998,398
2025-10-13 10:30:00,2.32482,2.3249,2.32384,2.32384,357
2025-10-13 10:35:00,2.32382,2.32463,2.32356,2.32463,324
2025-10-13 10:40:00,2.32461,2.3248699999999998,2.32375,2.32416,323
2025-10-13 10:45:00,2.32413,2.3247,2.32407,2.32457,328
2025-10-13 10:50:00,2.32459,2.32471,2.3239,2.32432,354
2025-10-13 10:55:00,2.3243,2.32471,2.3238,2.32459,349
2025-10-13 11:00:00,2.3246,2.32501,2.32421,2.32448,389
2025-10-13 11:05:00,2.32451,2.32574,2.32451,2.32559,324
2025-10-13 11:10:00,2.32561,2.32594,2.32535,2.32584,277
2025-10-13 11:15:00,2.32585,2.32617,2.32521,2.32556,319
2025-10-13 11:20:00,2.32555,2.32575,2.32503,2.32532,293
2025-10-13 11:25:00,2.32527,2.32551,2.32475,2.32547,358
2025-10-13 11:30:00,2.32546,2.32588,2.32514,2.3252,323
2025-10-13 11:35:00,2.32521,2.3262,2.32499,2.3258,346
2025-10-13 11:40:00,2.32581,2.32584,2.32488,2.32535,344
2025-10-13 11:45:00,2.32538,2.32639,2.32516,2.3260199999999998,290
2025-10-13 11:50:00,2.32601,2.32616,2.32516,2.32538,284
2025-10-13 11:55:00,2.32551,2.32592,2.32498,2.32511,292
2025-10-13 12:00:00,2.3251,2.32526,2.32423,2.32472,353
2025-10-13 12:05:00,2.3246700000000002,2.32533,2.3245,2.32497,318
2025-10-13 12:10:00,2.32497,2.32533,2.32474,2.3247999999999998,252
2025-10-13 12:15:00,2.32475,2.32517,2.32474,2.32514,229
2025-10-13 12:20:00,2.32515,2.32534,2.32488,2.32514,213
2025-10-13 12:25:00,2.32519,2.3256,2.32507,2.32513,212
2025-10-13 12:30:00,2.32506,2.32515,2.32468,2.32482,183
2025-10-13 12:35:00,2.32483,2.3251,2.32461,2.3249,164
2025-10-13 12:40:00,2.32496,2.32594,2.32496,2.32586,159
2025-10-13 12:45:00,2.32585,2.32639,2.32564,2.32598,256
2025-10-13 12:50:00,2.32588,2.32591,2.3253,2.32531,228
2025-10-13 12:55:00,2.3253,2.32585,2.32506,2.32585,196
2025-10-13 13:00:00,2.32586,2.3263,2.32547,2.32577,269
2025-10-13 13:05:00,2.32578,2.32635,2.32575,2.3260899999999998,210
2025-10-13 13:10:00,2.32608,2.3265000000000002,2.32607,2.32634,234
2025-10-13 13:15:00,2.32632,2.3269,2.32628,2.32648,206
2025-10-13 13:20:00,2.32647,2.32682,2.32622,2.32635,251
2025-10-13 13:25:00,2.32634,2.32747,2.32625,2.32747,266
2025-10-13 13:30:00,2.32749,2.32757,2.32704,2.32728,199
2025-10-13 13:35:00,2.32726,2.32835,2.32725,2.32803,268
2025-10-13 13:40:00,2.32806,2.3281,2.32733,2.32756,267
2025-10-13 13:45:00,2.32759,2.32765,2.32705,2.32753,246
2025-10-13 13:50:00,2.32754,2.32754,2.3266999999999998,2.32686,217
2025-10-13 13:55:00,2.32683,2.3273099999999998,2.32664,2.3271,279
2025-10-13 14:00:00,2.3271,2.32908,2.32706,2.32888,475
2025-10-13 14:05:00,2.32884,2.32976,2.32865,2.3289,504
2025-10-13 14:10:00,2.32909,2.32922,2.32825,2.32855,359
2025-10-13 14:15:00,2.32857,2.32921,2.32834,2.32904,298
2025-10-13 14:20:00,2.32896,2.3292,2.32852,2.32889,316
2025-10-13 14:25:00,2.32882,2.32937,2.32828,2.3291399999999998,322
2025-10-13 14:30:00,2.3291,2.32981,2.32909,2.32938,297
2025-10-13 14:35:00,2.32931,2.3297,2.32884,2.3297,265
2025-10-13 14:40:00,2.3296799999999998,2.33033,2.3296799999999998,2.32991,252
2025-10-13 14:45:00,2.32992,2.33004,2.3289400000000002,2.32951,281
2025-10-13 14:50:00,2.32952,2.33042,2.3293,2.3303,410
2025-10-13 14:55:00,2.33028,2.33035,2.3296200000000002,2.33024,417
2025-10-13 15:00:00,2.33022,2.3305,2.32965,2.32982,339
2025-10-13 15:05:00,2.3298,2.3304,2.3296200000000002,2.33013,320
2025-10-13 15:10:00,2.3301600000000002,2.33028,2.3295500000000002,2.32979,336
2025-10-13 15:15:00,2.3296799999999998,2.33014,2.32937,2.33003,318
2025-10-13 15:20:00,2.33011,2.33078,2.33004,2.3303599999999998,315
2025-10-13 15:25:00,2.33037,2.33117,2.3302300000000002,2.3308400000000002,292
2025-10-13 15:30:00,2.33083,2.33101,2.33025,2.3305,321
2025-10-13 15:35:00,2.33053,2.33067,2.32996,2.33014,270
2025-10-13 15:40:00,2.33014,2.33014,2.32949,2.32974,307
2025-10-13 15:45:00,2.32978,2.3302,2.32963,2.32963,287
2025-10-13 15:50:00,2.32972,2.3297499999999998,2.32918,2.3296200000000002,316
2025-10-13 15:55:00,2.3296200000000002,2.33044,2.32948,2.3303,380
2025-10-13 16:00:00,2.33025,2.33028,2.32972,2.33011,415
2025-10-13 16:05:00,2.33014,2.33017,2.32916,2.3295500000000002,366
2025-10-13 16:10:00,2.32956,2.33048,2.32935,2.33019,343
2025-10-13 16:15:00,2.33021,2.33043,2.3298,2.33007,309
2025-10-13 16:20:00,2.33009,2.33051,2.32965,2.32969,361
2025-10-13 16:25:00,2.32967,2.32967,2.329,2.32912,266
2025-10-13 16:30:00,2.32922,2.32949,2.32865,2.32876,401
2025-10-13 16:35:00,2.32873,2.32884,2.3279,2.32798,408
2025-10-13 16:40:00,2.32798,2.3284000000000002,2.32748,2.32796,413
2025-10-13 16:45:00,2.328,2.32829,2.3272399999999998,2.32729,380
2025-10-13 16:50:00,2.3273099999999998,2.32738,2.32643,2.32664,395
2025-10-13 16:55:00,2.32661,2.32671,2.32593,2.32615,493
2025-10-13 17:00:00,2.32624,2.32654,2.3258900000000002,2.32598,478
2025-10-13 17:05:00,2.32601,2.32664,2.32593,2.32664,384
2025-10-13 17:10:00,2.3266299999999998,2.32696,2.32631,2.32691,423
2025-10-13 17:15:00,2.32693,2.32745,2.32644,2.32744,432
2025-10-13 17:20:00,2.32746,2.32863,2.3274,2.3286,454
2025-10-13 17:25:00,2.32859,2.32912,2.32776,2.32776,400
2025-10-13 17:30:00,2.32777,2.32807,2.32639,2.32722,410
2025-10-13 17:35:00,2.32725,2.32726,2.3264,2.32667,369
2025-10-13 17:40:00,2.32669,2.32746,2.32649,2.3266,372
2025-10-13 17:45:00,2.32665,2.3273,2.32642,2.3272399999999998,387
2025-10-13 17:50:00,2.32729,2.32756,2.32647,2.32745,413
2025-10-13 17:55:00,2.32744,2.32812,2.3272399999999998,2.32755,497
2025-10-13 18:00:00,2.32755,2.32784,2.32732,2.32749,451
2025-10-13 18:05:00,2.32751,2.3278,2.32707,2.32709,384
2025-10-13 18:10:00,2.3271100000000002,2.32719,2.32613,2.32629,320
2025-10-13 18:15:00,2.32624,2.32646,2.32564,2.32564,356
2025-10-13 18:20:00,2.32565,2.32598,2.3254099999999998,2.32578,316
2025-10-13 18:25:00,2.32574,2.32578,2.32505,2.32533,309
2025-10-13 18:30:00,2.32535,2.32593,2.32517,2.32573,290
2025-10-13 18:35:00,2.32569,2.32613,2.32556,2.32588,249
2025-10-13 18:40:00,2.32593,2.32638,2.3259,2.32624,271
2025-10-13 18:45:00,2.32615,2.3263,2.32549,2.3255,246
2025-10-13 18:50:00,2.32551,2.32563,2.32525,2.3252800000000002,205
2025-10-13 18:55:00,2.32527,2.32558,2.32503,2.32532,259
2025-10-13 19:00:00,2.3253,2.32592,2.32511,2.32573,247
2025-10-13 19:05:00,2.32573,2.32642,2.3257,2.3261,223
2025-10-13 19:10:00,2.3260899999999998,2.32631,2.32574,2.32575,234
2025-10-13 19:15:00,2.32573,2.32595,2.32562,2.32585,253
2025-10-13 19:20:00,2.32583,2.32624,2.32543,2.32593,351
2025-10-13 19:25:00,2.32582,2.32597,2.32483,2.32492,296
2025-10-13 19:30:00,2.32491,2.32507,2.3245,2.32452,279
2025-10-13 19:35:00,2.32454,2.32491,2.3242599999999998,2.32462,245
2025-10-13 19:40:00,2.32459,2.32506,2.32455,2.32504,181
2025-10-13 19:45:00,2.32501,2.32501,2.32431,2.32442,210
2025-10-13 19:50:00,2.32443,2.32493,2.3244,2.32448,185
2025-10-13 19:55:00,2.32443,2.32476,2.32418,2.32437,251
2025-10-13 20:00:00,2.32439,2.32455,2.32409,2.32434,217
2025-10-13 20:05:00,2.32435,2.32458,2.3242599999999998,2.32439,164
2025-10-13 20:10:00,2.32441,2.32562,2.32434,2.32561,219
2025-10-13 20:15:00,2.3256,2.32615,2.3254,2.32614,236
2025-10-13 20:20:00,2.32617,2.32622,2.32586,2.32586,198
2025-10-13 20:25:00,2.32587,2.32607,2.32565,2.32572,180
2025-10-13 20:30:00,2.3257,2.32576,2.3255,2.32566,143
2025-10-13 20:35:00,2.32564,2.32568,2.32542,2.32559,164
2025-10-13 20:40:00,2.32559,2.3259,2.32546,2.3259,138
2025-10-13 20:45:00,2.32588,2.32593,2.32547,2.32577,152
2025-10-13 20:50:00,2.32578,2.3260199999999998,2.32557,2.32578,156
2025-10-13 20:55:00,2.32576,2.32604,2.32566,2.32569,179
2025-10-13 21:00:00,2.32573,2.32586,2.32546,2.32562,220
2025-10-13 21:05:00,2.32568,2.32574,2.325,2.32523,172
2025-10-13 21:10:00,2.32524,2.32569,2.32523,2.32565,131
2025-10-13 21:15:00,2.32562,2.32563,2.32536,2.32547,102
2025-10-13 21:20:00,2.3254799999999998,2.32566,2.32519,2.32565,126
2025-10-13 21:25:00,2.32554,2.32598,2.32553,2.32598,142
2025-10-13 21:30:00,2.32594,2.32632,2.32584,2.32622,171
2025-10-13 21:35:00,2.32622,2.32675,2.3260199999999998,2.32674,164
2025-10-13 21:40:00,2.32676,2.32704,2.32668,2.32684,172
2025-10-13 21:45:00,2.32681,2.32681,2.32681,2.32681,1
2025-10-13 21:50:00,2.32701,2.32723,2.32689,2.327,69
2025-10-13 21:55:00,2.32699,2.32745,2.32695,2.3271100000000002,266
2025-10-13 22:00:00,2.32709,2.32722,2.32689,2.32699,238
2025-10-13 22:05:00,2.32696,2.3272399999999998,2.32696,2.32721,150
2025-10-13 22:10:00,2.32719,2.32752,2.32704,2.32749,193
2025-10-13 22:15:00,2.32749,2.32755,2.32726,2.32742,151
2025-10-13 22:20:00,2.32741,2.32749,2.3271800000000002,2.32736,111
2025-10-13 22:25:00,2.32735,2.3274,2.32702,2.32704,151
2025-10-13 22:30:00,2.32705,2.3271100000000002,2.32684,2.32696,134
2025-10-13 22:35:00,2.32698,2.32702,2.32667,2.32682,157
2025-10-13 22:40:00,2.32684,2.32705,2.32668,2.32685,126
2025-10-13 22:45:00,2.32685,2.3273099999999998,2.32684,2.3273099999999998,126
2025-10-13 22:50:00,2.32736,2.32744,2.32714,2.32728,174
2025-10-13 22:55:00,2.32729,2.32767,2.32725,2.3276,190
2025-10-13 23:00:00,2.32683,2.32685,2.32642,2.32678,126
2025-10-13 23:05:00,2.32672,2.32697,2.32672,2.32689,113
2025-10-13 23:10:00,2.32691,2.32701,2.32678,2.32693,76
2025-10-13 23:15:00,2.32694,2.32782,2.32671,2.32706,91
2025-10-13 23:20:00,2.32707,2.32707,2.32689,2.32704,65
2025-10-13 23:25:00,2.32703,2.32707,2.3268,2.32686,86
2025-10-13 23:30:00,2.32681,2.32725,2.32672,2.32705,54
2025-10-13 23:35:00,2.32703,2.3272399999999998,2.32697,2.32704,59
2025-10-13 23:40:00,2.32704,2.32715,2.32699,2.327,123
2025-10-13 23:45:00,2.32702,2.32713,2.32688,2.32693,436
2025-10-13 23:50:00,2.32691,2.32726,2.32688,2.32719,232
2025-10-13 23:55:00,2.32798,2.32805,2.32504,2.32551,170
2025-10-14 00:00:00,2.32542,2.32721,2.32404,2.32671,16
2025-10-14 00:05:00,2.32671,2.32741,2.32545,2.32586,24
2025-10-14 00:10:00,2.32586,2.32621,2.3252800000000002,2.32574,71
2025-10-14 00:15:00,2.32574,2.32845,2.32574,2.32797,98
2025-10-14 00:20:00,2.32804,2.32808,2.32749,2.32781,80
2025-10-14 00:25:00,2.32786,2.32793,2.32603,2.32774,66
2025-10-14 00:30:00,2.32764,2.3277200000000002,2.3271800000000002,2.32759,61
2025-10-14 00:35:00,2.32716,2.3279199999999998,2.32697,2.3272,40
2025-10-14 00:40:00,2.32719,2.3273,2.32654,2.32654,83
2025-10-14 00:45:00,2.32636,2.32715,2.32634,2.32684,95
2025-10-14 00:50:00,2.32656,2.32837,2.32651,2.32837,120
2025-10-14 00:55:00,2.32829,2.32829,2.32767,2.32811,129
2025-10-14 01:00:00,2.3284599999999998,2.32847,2.32689,2.32714,180
2025-10-14 01:05:00,2.32709,2.32823,2.32705,2.32739,61
2025-10-14 01:10:00,2.3274,2.32802,2.32719,2.3277200000000002,94
2025-10-14 01:15:00,2.3277,2.3277900000000002,2.32758,2.32764,109
2025-10-14 01:20:00,2.32765,2.3277200000000002,2.32743,2.32758,101
2025-10-14 01:25:00,2.32756,2.32769,2.32741,2.32761,104
2025-10-14 01:30:00,2.32762,2.32762,2.32717,2.3272,72
2025-10-14 01:35:00,2.32719,2.3281,2.32716,2.3272,56
2025-10-14 01:40:00,2.32721,2.32773,2.32683,2.32687,56
2025-10-14 01:45:00,2.32686,2.32706,2.32676,2.32687,32
2025-10-14 01:50:00,2.32688,2.3276,2.32685,2.32709,54
2025-10-14 01:55:00,2.32707,2.32728,2.32695,2.3271800000000002,108
2025-10-14 02:00:00,2.32729,2.32817,2.32729,2.32812,121
2025-10-14 02:05:00,2.32813,2.32868,2.32808,2.32867,112
2025-10-14 02:10:00,2.32869,2.32926,2.32859,2.32885,141
2025-10-14 02:15:00,2.32887,2.32896,2.3287,2.32888,96
2025-10-14 02:20:00,2.3289,2.32905,2.32851,2.32868,90
2025-10-14 02:25:00,2.32871,2.32902,2.32868,2.329,88
2025-10-14 02:30:00,2.32902,2.32986,2.32898,2.3293,133
2025-10-14 02:35:00,2.3292,2.32974,2.3292,2.32974,117
2025-10-14 02:40:00,2.32972,2.33012,2.32965,2.33007,94
2025-10-14 02:45:00,2.33008,2.332,2.32992,2.33192,262
2025-10-14 02:50:00,2.33191,2.3322599999999998,2.33156,2.33205,231
2025-10-14 02:55:00,2.3320600000000002,2.3321,2.33174,2.33184,171
2025-10-14 03:00:00,2.3318,2.3318,2.33073,2.33121,431
2025-10-14 03:05:00,2.3312,2.33202,2.33089,2.33142,283
2025-10-14 03:10:00,2.3314,2.33152,2.33102,2.33148,274
2025-10-14 03:15:00,2.33151,2.33152,2.3309699999999998,2.33106,212
2025-10-14 03:20:00,2.33103,2.33118,2.33048,2.33048,177
2025-10-14 03:25:00,2.33049,2.33125,2.33025,2.33079,165
2025-10-14 03:30:00,2.3307700000000002,2.33104,2.32994,2.32994,257
2025-10-14 03:35:00,2.32992,2.33027,2.32928,2.32943,238
2025-10-14 03:40:00,2.32941,2.3296200000000002,2.32879,2.32913,195
2025-10-14 03:45:00,2.32917,2.32997,2.32913,2.3297499999999998,205
2025-10-14 03:50:00,2.32977,2.33109,2.32977,2.33106,224
2025-10-14 03:55:00,2.33113,2.33113,2.33011,2.3302300000000002,229
2025-10-14 04:00:00,2.3302300000000002,2.33103,2.32984,2.33074,284
2025-10-14 04:05:00,2.33072,2.3309,2.32985,2.3308,310
2025-10-14 04:10:00,2.33078,2.33204,2.3306,2.33191,278
2025-10-14 04:15:00,2.3319,2.33236,2.33106,2.33141,285
2025-10-14 04:20:00,2.33136,2.3315,2.33076,2.33095,245
2025-10-14 04:25:00,2.33094,2.33134,2.33081,2.33107,257
2025-10-14 04:30:00,2.33105,2.33122,2.3302899999999998,2.3302899999999998,268
2025-10-14 04:35:00,2.33009,2.33075,2.32989,2.33075,227
2025-10-14 04:40:00,2.3307700000000002,2.33113,2.3307700000000002,2.33104,193
2025-10-14 04:45:00,2.33103,2.332,2.33096,2.33188,221
2025-10-14 04:50:00,2.33187,2.33202,2.33125,2.33139,203
2025-10-14 04:55:00,2.3313800000000002,2.33156,2.33117,2.33155,205
2025-10-14 05:00:00,2.33156,2.33175,2.33118,2.33136,173
2025-10-14 05:05:00,2.33129,2.33143,2.33099,2.33136,148
2025-10-14 05:10:00,2.33139,2.33156,2.33126,2.33136,111
2025-10-14 05:15:00,2.33134,2.33147,2.33078,2.33078,140
2025-10-14 05:20:00,2.3307700000000002,2.3307700000000002,2.33024,2.3302899999999998,130
2025-10-14 05:25:00,2.3303,2.33141,2.3302899999999998,2.33141,151
2025-10-14 05:30:00,2.33147,2.33147,2.3309699999999998,2.33115,132
2025-10-14 05:35:00,2.33114,2.33144,2.33113,2.33123,166
2025-10-14 05:40:00,2.3313,2.33161,2.33086,2.33123,186
2025-10-14 05:45:00,2.33119,2.3319,2.33101,2.33186,137
2025-10-14 05:50:00,2.33181,2.33249,2.33159,2.33244,160
2025-10-14 05:55:00,2.3324,2.33354,2.33233,2.3334799999999998,174
2025-10-14 06:00:00,2.33345,2.33377,2.33302,2.33339,178
2025-10-14 06:05:00,2.3334099999999998,2.33416,2.33315,2.33363,148
2025-10-14 06:10:00,2.33361,2.33434,2.33349,2.33426,200
2025-10-14 06:15:00,2.33433,2.3346299999999998,2.33407,2.33438,218
2025-10-14 06:20:00,2.33441,2.33615,2.33424,2.33611,236
2025-10-14 06:25:00,2.33617,2.3364,2.33586,2.33605,189
2025-10-14 06:30:00,2.33606,2.33699,2.33606,2.33699,137
2025-10-14 06:35:00,2.33698,2.33793,2.3369400000000002,2.33767,230
2025-10-14 06:40:00,2.33771,2.33771,2.33705,2.33713,192
2025-10-14 06:45:00,2.33713,2.3374800000000002,2.33673,2.3368,212
2025-10-14 06:50:00,2.33679,2.33723,2.33664,2.33676,142
2025-10-14 06:55:00,2.33676,2.33689,2.3362600000000002,2.33643,169
2025-10-14 07:00:00,2.33643,2.33864,2.3359199999999998,2.33757,270
2025-10-14 07:05:00,2.3375500000000002,2.33868,2.3374,2.33817,293
2025-10-14 07:10:00,2.33819,2.33893,2.33764,2.33788,369
2025-10-14 07:15:00,2.33789,2.33838,2.33769,2.33802,380
2025-10-14 07:20:00,2.33806,2.33839,2.33771,2.33804,341
2025-10-14 07:25:00,2.33789,2.33896,2.33729,2.33878,286
2025-10-14 07:30:00,2.3387700000000002,2.33973,2.3387000000000002,2.33937,294
2025-10-14 07:35:00,2.33932,2.33962,2.33873,2.33906,203
2025-10-14 07:40:00,2.33903,2.34006,2.33844,2.33953,224
2025-10-14 07:45:00,2.3395,2.3395799999999998,2.33878,2.33917,214
2025-10-14 07:50:00,2.33914,2.34009,2.33905,2.3399,247
2025-10-14 07:55:00,2.33993,2.33993,2.33867,2.33915,209
2025-10-14 08:00:00,2.33916,2.33965,2.3389699999999998,2.3396,284
2025-10-14 08:05:00,2.33962,2.3405,2.33962,2.34001,236
2025-10-14 08:10:00,2.34007,2.34052,2.3397,2.33991,237
2025-10-14 08:15:00,2.33989,2.34035,2.33963,2.34035,205
2025-10-14 08:20:00,2.34032,2.34077,2.34011,2.34053,194
2025-10-14 08:25:00,2.34051,2.34099,2.33987,2.34091,233
2025-10-14 08:30:00,2.34096,2.34173,2.34076,2.34153,284
2025-10-14 08:35:00,2.34152,2.34305,2.34152,2.3429,349
2025-10-14 08:40:00,2.34297,2.34335,2.34238,2.34251,381
2025-10-14 08:45:00,2.34254,2.3426,2.34174,2.3419,376
2025-10-14 08:50:00,2.34188,2.34224,2.3407299999999998,2.34079,355
2025-10-14 08:55:00,2.34085,2.34102,2.34011,2.34036,283
2025-10-14 09:00:00,2.34043,2.34053,2.33708,2.3376,511
2025-10-14 09:05:00,2.33747,2.33793,2.33667,2.33674,513
2025-10-14 09:10:00,2.3367,2.33704,2.33497,2.33505,494
2025-10-14 09:15:00,2.3350400000000002,2.33519,2.33383,2.33487,466
2025-10-14 09:20:00,2.3349,2.33568,2.33411,2.33561,515
2025-10-14 09:25:00,2.33562,2.33574,2.33481,2.33515,465
2025-10-14 09:30:00,2.33515,2.33552,2.33288,2.33288,457
2025-10-14 09:35:00,2.33291,2.3341,2.33244,2.33396,460
2025-10-14 09:40:00,2.33394,2.33471,2.3338,2.33412,370
2025-10-14 09:45:00,2.3341,2.33415,2.33357,2.3338200000000002,356
2025-10-14 09:50:00,2.33384,2.33387,2.33234,2.33239,308
2025-10-14 09:55:00,2.33241,2.33282,2.33186,2.33192,429
2025-10-14 10:00:00,2.33189,2.33278,2.33148,2.33218,506
2025-10-14 10:05:00,2.33217,2.33317,2.33165,2.3329,420
2025-10-14 10:10:00,2.33288,2.33297,2.33169,2.33188,406
2025-10-14 10:15:00,2.33181,2.3322,2.33129,2.33132,405
2025-10-14 10:20:00,2.3313800000000002,2.33143,2.32986,2.33019,355
2025-10-14 10:25:00,2.3302,2.33031,2.32881,2.32908,432
2025-10-14 10:30:00,2.3290699999999998,2.33049,2.32888,2.3302300000000002,392
2025-10-14 10:35:00,2.33027,2.33143,2.32989,2.331,549
2025-10-14 10:40:00,2.33095,2.33136,2.33031,2.33088,546
2025-10-14 10:45:00,2.3307700000000002,2.33081,2.32941,2.33039,449
2025-10-14 10:50:00,2.33037,2.33037,2.32895,2.32994,393
2025-10-14 10:55:00,2.32993,2.33004,2.32933,2.3299,384
2025-10-14 11:00:00,2.32988,2.32991,2.32925,2.32964,447
2025-10-14 11:05:00,2.32963,2.33007,2.3294,2.32997,385
2025-10-14 11:10:00,2.32999,2.33058,2.32946,2.33057,372
2025-10-14 11:15:00,2.33058,2.33128,2.33055,2.33095,315
2025-10-14 11:20:00,2.33104,2.33126,2.33062,2.3308,268
2025-10-14 11:25:00,2.33078,2.33085,2.32998,2.33064,298
2025-10-14 11:30:00,2.33058,2.33073,2.33012,2.33014,265
2025-10-14 11:35:00,2.33017,2.33062,2.3299,2.3306,260
2025-10-14 11:40:00,2.33059,2.33258,2.33057,2.33241,286
2025-10-14 11:45:00,2.3324,2.33343,2.33218,2.33292,379
2025-10-14 11:50:00,2.33289,2.33299,2.33229,2.33281,320
2025-10-14 11:55:00,2.33283,2.33399,2.33276,2.33396,274
2025-10-14 12:00:00,2.33398,2.33406,2.33346,2.3339,295
2025-10-14 12:05:00,2.3339,2.33429,2.33376,2.33424,288
2025-10-14 12:10:00,2.33423,2.33464,2.33395,2.33431,263
2025-10-14 12:15:00,2.33433,2.33454,2.3338,2.33386,293
2025-10-14 12:20:00,2.33385,2.3343,2.33372,2.33391,357
2025-10-14 12:25:00,2.33399,2.33411,2.33333,2.33351,226
2025-10-14 12:30:00,2.3335,2.33384,2.33331,2.3334099999999998,284
2025-10-14 12:35:00,2.33339,2.33347,2.3329,2.33342,267
2025-10-14 12:40:00,2.33339,2.3340199999999998,2.3332,2.33345,196
2025-10-14 12:45:00,2.33347,2.33375,2.33281,2.33354,292
2025-10-14 12:50:00,2.33355,2.33366,2.33266,2.33311,303
2025-10-14 12:55:00,2.33315,2.33387,2.33296,2.33326,306
2025-10-14 13:00:00,2.33322,2.33372,2.33266,2.33367,319
2025-10-14 13:05:00,2.33375,2.33423,2.33353,2.33407,295
2025-10-14 13:10:00,2.33408,2.33428,2.33331,2.3339,315
2025-10-14 13:15:00,2.3338900000000002,2.3338900000000002,2.33304,2.3334799999999998,325
2025-10-14 13:20:00,2.33353,2.33371,2.33185,2.33208,325
2025-10-14 13:25:00,2.3320600000000002,2.33315,2.33202,2.33247,300
2025-10-14 13:30:00,2.33248,2.3336,2.3324,2.33274,345
2025-10-14 13:35:00,2.33273,2.33281,2.33198,2.3319900000000002,278
2025-10-14 13:40:00,2.332,2.33289,2.33196,2.33276,266
2025-10-14 13:45:00,2.33278,2.33336,2.33246,2.33333,325
2025-10-14 13:50:00,2.33335,2.33374,2.33322,2.33335,247
2025-10-14 13:55:00,2.3333,2.33368,2.33212,2.33225,343
2025-10-14 14:00:00,2.33225,2.33408,2.33198,2.33355,398
2025-10-14 14:05:00,2.33362,2.33391,2.33303,2.33322,310
2025-10-14 14:10:00,2.3332100000000002,2.33354,2.33297,2.33301,247
2025-10-14 14:15:00,2.33302,2.33335,2.33291,2.33291,241
2025-10-14 14:20:00,2.33292,2.3334,2.33218,2.3326700000000002,301
2025-10-14 14:25:00,2.33269,2.33297,2.33214,2.3321899999999998,307
2025-10-14 14:30:00,2.3322,2.33295,2.3321,2.33262,303
2025-10-14 14:35:00,2.33261,2.3328699999999998,2.33247,2.33255,279
2025-10-14 14:40:00,2.33249,2.3326700000000002,2.33196,2.33203,271
2025-10-14 14:45:00,2.33204,2.3329,2.33198,2.33255,244
2025-10-14 14:50:00,2.33257,2.33257,2.33194,2.3319900000000002,319
2025-10-14 14:55:00,2.332,2.33278,2.3319900000000002,2.33244,348
2025-10-14 15:00:00,2.33248,2.33253,2.3308,2.33087,389
2025-10-14 15:05:00,2.3309,2.33174,2.3303599999999998,2.33113,310
2025-10-14 15:10:00,2.33113,2.33116,2.33045,2.3311,369
2025-10-14 15:15:00,2.33111,2.33212,2.33111,2.33181,397
2025-10-14 15:20:00,2.33182,2.33214,2.33089,2.33094,393
2025-10-14 15:25:00,2.33094,2.33142,2.33059,2.33061,392
2025-10-14 15:30:00,2.33055,2.33075,2.33,2.33062,408
2025-10-14 15:35:00,2.33059,2.33072,2.32867,2.3290100000000002,396
2025-10-14 15:40:00,2.32906,2.32928,2.32828,2.32862,487
2025-10-14 15:45:00,2.32863,2.32866,2.32769,2.32821,421
2025-10-14 15:50:00,2.32824,2.32944,2.32823,2.3291,318
2025-10-14 15:55:00,2.32917,2.32985,2.32887,2.32972,387
2025-10-14 16:00:00,2.3297,2.33007,2.32941,2.32992,460
2025-10-14 16:05:00,2.32995,2.33068,2.32948,2.3295500000000002,433
2025-10-14 16:10:00,2.3295500000000002,2.33111,2.32952,2.33091,376
2025-10-14 16:15:00,2.33092,2.3312,2.3304,2.33058,367
2025-10-14 16:20:00,2.3306,2.33143,2.33054,2.33132,434
2025-10-14 16:25:00,2.33122,2.33189,2.3309,2.33125,572
2025-10-14 16:30:00,2.33123,2.3321,2.33106,2.33194,606
2025-10-14 16:35:00,2.33192,2.33274,2.33153,2.33172,601
2025-10-14 16:40:00,2.3317,2.33232,2.33135,2.33207,572
2025-10-14 16:45:00,2.3320600000000002,2.3325,2.33183,2.3324,574
2025-10-14 16:50:00,2.3324,2.3327999999999998,2.33164,2.33209,542
2025-10-14 16:55:00,2.33213,2.33228,2.33064,2.33092,541
2025-10-14 17:00:00,2.33096,2.33123,2.3303,2.33045,583
2025-10-14 17:05:00,2.33048,2.33083,2.32983,2.3302899999999998,502
2025-10-14 17:10:00,2.3303,2.33101,2.32948,2.3295,489
2025-10-14 17:15:00,2.32957,2.32961,2.3288,2.3292,424
2025-10-14 17:20:00,2.32922,2.32971,2.32884,2.32933,462
2025-10-14 17:25:00,2.32932,2.32974,2.32883,2.32946,457
2025-10-14 17:30:00,2.3294,2.32969,2.32896,2.32928,428
2025-10-14 17:35:00,2.32926,2.32985,2.32876,2.32882,451
2025-10-14 17:40:00,2.32881,2.32898,2.32778,2.32794,445
2025-10-14 17:45:00,2.32796,2.3283,2.32732,2.32732,502
2025-10-14 17:50:00,2.32736,2.32885,2.32736,2.32821,473
2025-10-14 17:55:00,2.32821,2.32879,2.32751,2.32767,559
2025-10-14 18:00:00,2.32764,2.32791,2.32712,2.32781,531
2025-10-14 18:05:00,2.3278,2.32828,2.32712,2.32739,431
2025-10-14 18:10:00,2.3274,2.32788,2.32727,2.32737,368
2025-10-14 18:15:00,2.32741,2.32825,2.32709,2.32809,395
2025-10-14 18:20:00,2.32811,2.32817,2.32692,2.32693,393
2025-10-14 18:25:00,2.3269,2.32798,2.3269,2.32717,371
2025-10-14 18:30:00,2.32708,2.32752,2.32693,2.32749,390
2025-10-14 18:35:00,2.32747,2.32832,2.32746,2.32783,470
2025-10-14 18:40:00,2.32783,2.32829,2.3264,2.32667,496
2025-10-14 18:45:00,2.32672,2.32713,2.32621,2.3264,487
2025-10-14 18:50:00,2.32641,2.32791,2.32639,2.32757,476
2025-10-14 18:55:00,2.3276,2.32939,2.32749,2.32911,422
2025-10-14 19:00:00,2.3290699999999998,2.32956,2.32878,2.329,432
2025-10-14 19:05:00,2.32889,2.32945,2.32842,2.32945,430
2025-10-14 19:10:00,2.32938,2.32938,2.32857,2.32922,376
2025-10-14 19:15:00,2.3292,2.32964,2.32895,2.3294,411
2025-10-14 19:20:00,2.32936,2.32936,2.32803,2.32864,610
2025-10-14 19:25:00,2.3287,2.32951,2.3285299999999998,2.32902,457
2025-10-14 19:30:00,2.32902,2.32916,2.32821,2.32855,386
2025-10-14 19:35:00,2.32855,2.32856,2.32791,2.32843,371
2025-10-14 19:40:00,2.32847,2.3291,2.32802,2.32888,402
2025-10-14 19:45:00,2.32888,2.329,2.32812,2.32841,379
2025-10-14 19:50:00,2.32836,2.32865,2.32802,2.32813,391
2025-10-14 19:55:00,2.3281,2.32849,2.32801,2.32842,438
2025-10-14 20:00:00,2.32843,2.33045,2.32836,2.32992,462
2025-10-14 20:05:00,2.32991,2.33003,2.32848,2.32871,334
2025-10-14 20:10:00,2.3286,2.3291399999999998,2.32835,2.32909,350
2025-10-14 20:15:00,2.32906,2.32961,2.32889,2.32958,342
2025-10-14 20:20:00,2.32952,2.32992,2.32906,2.3299,338
2025-10-14 20:25:00,2.32988,2.33056,2.32966,2.3304,286
2025-10-14 20:30:00,2.33038,2.33051,2.32978,2.33017,274
2025-10-14 20:35:00,2.33014,2.3303599999999998,2.33,2.33013,278
2025-10-14 20:40:00,2.33014,2.33018,2.32963,2.32966,244
2025-10-14 20:45:00,2.32965,2.33008,2.32951,2.32979,236
2025-10-14 20:50:00,2.32978,2.33047,2.32948,2.33017,306
2025-10-14 20:55:00,2.33015,2.33053,2.32999,2.33037,297
2025-10-14 21:00:00,2.33031,2.33065,2.33008,2.33055,309
2025-10-14 21:05:00,2.33055,2.33055,2.3296,2.3296,263
2025-10-14 21:10:00,2.3296,2.33025,2.3296,2.33012,233
2025-10-14 21:15:00,2.33011,2.33035,2.32974,2.3301,251
2025-10-14 21:20:00,2.3301,2.33037,2.32979,2.33021,229
2025-10-14 21:25:00,2.3302,2.33066,2.33009,2.33021,220
2025-10-14 21:30:00,2.3302,2.33103,2.33011,2.33083,253
2025-10-14 21:35:00,2.33082,2.3318,2.33078,2.33172,263
2025-10-14 21:40:00,2.33177,2.33177,2.33123,2.33166,232
2025-10-14 21:45:00,2.33168,2.33194,2.3311,2.33135,256
2025-10-14 21:50:00,2.33136,2.33146,2.33085,2.33086,217
2025-10-14 21:55:00,2.3308400000000002,2.33126,2.33054,2.33105,288
2025-10-14 22:00:00,2.33105,2.33159,2.33087,2.33144,265
2025-10-14 22:05:00,2.33142,2.33156,2.3308,2.33152,190
2025-10-14 22:10:00,2.33153,2.3316,2.33113,2.33117,176
2025-10-14 22:15:00,2.33118,2.33139,2.33087,2.331,188
2025-10-14 22:20:00,2.33105,2.33144,2.3307700000000002,2.3308400000000002,182
2025-10-14 22:25:00,2.33085,2.33121,2.33064,2.33071,172
2025-10-14 22:30:00,2.33073,2.33083,2.33045,2.33058,186
2025-10-14 22:35:00,2.33058,2.33308,2.33052,2.33269,546
2025-10-14 22:40:00,2.3326700000000002,2.33326,2.33213,2.33301,474
2025-10-14 22:45:00,2.33303,2.3333,2.33217,2.3323,362
2025-10-14 22:50:00,2.33231,2.33243,2.3318,2.33235,330
2025-10-14 22:55:00,2.33235,2.33279,2.33227,2.33269,295
2025-10-14 23:00:00,2.33195,2.33233,2.33161,2.33181,231
2025-10-14 23:05:00,2.3318,2.3322599999999998,2.33154,2.33213,159
2025-10-14 23:10:00,2.33211,2.33228,2.33164,2.33164,91
2025-10-14 23:15:00,2.33165,2.33179,2.3311,2.3313,155
2025-10-14 23:20:00,2.33131,2.33196,2.33125,2.33161,88
2025-10-14 23:25:00,2.33154,2.33179,2.33144,2.3317,118
2025-10-14 23:30:00,2.33171,2.33174,2.33124,2.33164,115
2025-10-14 23:35:00,2.33163,2.33169,2.33128,2.33128,75
2025-10-14 23:40:00,2.3313,2.33136,2.33092,2.33092,51
2025-10-14 23:45:00,2.33083,2.33134,2.33039,2.33049,160
2025-10-14 23:50:00,2.33047,2.33051,2.32995,2.32999,139
2025-10-14 23:55:00,2.33038,2.33038,2.32717,2.32737,74
2025-10-15 00:00:00,2.32911,2.32911,2.32861,2.32871,4
2025-10-15 00:05:00,2.32871,2.32953,2.3258,2.32723,62
2025-10-15 00:10:00,2.32723,2.32723,2.32699,2.32701,39
2025-10-15 00:15:00,2.32942,2.32942,2.32851,2.3290100000000002,89
2025-10-15 00:20:00,2.32905,2.32972,2.32841,2.32875,112
2025-10-15 00:25:00,2.32871,2.32936,2.32861,2.32891,94
2025-10-15 00:30:00,2.3290100000000002,2.32997,2.3288,2.32921,91
2025-10-15 00:35:00,2.32855,2.32928,2.32756,2.32913,86
2025-10-15 00:40:00,2.3291399999999998,2.32994,2.32892,2.32923,147
2025-10-15 00:45:00,2.32927,2.32947,2.32921,2.32936,53
2025-10-15 00:50:00,2.32946,2.32982,2.32934,2.32949,87
2025-10-15 00:55:00,2.32958,2.32958,2.3287,2.3288,189
2025-10-15 01:00:00,2.32915,2.3295,2.32873,2.3289,122
2025-10-15 01:05:00,2.32892,2.32915,2.32857,2.32903,84
2025-10-15 01:10:00,2.32902,2.32932,2.32874,2.3293,140
2025-10-15 01:15:00,2.32928,2.32978,2.32918,2.3296799999999998,163
2025-10-15 01:20:00,2.32969,2.33007,2.32966,2.33002,152
2025-10-15 01:25:00,2.33002,2.3302,2.33001,2.33015,138
2025-10-15 01:30:00,2.33013,2.33013,2.32946,2.32953,114
2025-10-15 01:35:00,2.32954,2.32954,2.32915,2.3295,119
2025-10-15 01:40:00,2.32952,2.33002,2.32949,2.32987,65
2025-10-15 01:45:00,2.32988,2.32996,2.32967,2.3298,60
2025-10-15 01:50:00,2.32979,2.32993,2.32972,2.32977,123
2025-10-15 01:55:00,2.3297499999999998,2.32994,2.32972,2.32987,78
2025-10-15 02:00:00,2.32999,2.33067,2.32999,2.33059,107
2025-10-15 02:05:00,2.33062,2.3308,2.33043,2.33056,87
2025-10-15 02:10:00,2.33057,2.33058,2.3303599999999998,2.33048,80
2025-10-15 02:15:00,2.33046,2.33071,2.33043,2.33056,101
2025-10-15 02:20:00,2.33058,2.33062,2.33028,2.33045,117
2025-10-15 02:25:00,2.33042,2.3308,2.33028,2.33072,68
2025-10-15 02:30:00,2.33068,2.33094,2.3305,2.33079,119
2025-10-15 02:35:00,2.3308,2.33153,2.3308,2.33144,95
2025-10-15 02:40:00,2.33146,2.33161,2.33105,2.33127,104
2025-10-15 02:45:00,2.33126,2.33133,2.33095,2.33113,168
2025-10-15 02:50:00,2.33112,2.33135,2.33106,2.33132,123
2025-10-15 02:55:00,2.3313,2.33185,2.3313,2.33185,139
2025-10-15 03:00:00,2.33187,2.33257,2.33177,2.33247,282
2025-10-15 03:05:00,2.33251,2.33291,2.33223,2.33228,236
2025-10-15 03:10:00,2.33239,2.33365,2.33234,2.3336,229
2025-10-15 03:15:00,2.33362,2.33434,2.33337,2.33411,213
2025-10-15 03:20:00,2.33412,2.33436,2.334,2.33432,177
2025-10-15 03:25:00,2.33434,2.33485,2.33418,2.33447,237
2025-10-15 03:30:00,2.33445,2.33446,2.33384,2.33398,188
2025-10-15 03:35:00,2.33399,2.3350400000000002,2.3339,2.33469,183
2025-10-15 03:40:00,2.33467,2.33481,2.33424,2.33424,190
2025-10-15 03:45:00,2.33422,2.33424,2.33388,2.33411,213
2025-10-15 03:50:00,2.33411,2.33415,2.33369,2.33374,270
2025-10-15 03:55:00,2.33375,2.3340199999999998,2.33331,2.33336,253
2025-10-15 04:00:00,2.33337,2.33361,2.33286,2.33311,258
2025-10-15 04:05:00,2.33313,2.33344,2.33294,2.33339,212
2025-10-15 04:10:00,2.33337,2.33342,2.33247,2.33255,223
2025-10-15 04:15:00,2.33261,2.33264,2.3302899999999998,2.3322,398
2025-10-15 04:20:00,2.33225,2.33233,2.33155,2.33201,362
2025-10-15 04:25:00,2.33202,2.33229,2.33166,2.3320600000000002,226
2025-10-15 04:30:00,2.33208,2.33318,2.33114,2.33116,254
2025-10-15 04:35:00,2.33121,2.33266,2.33116,2.33266,230
2025-10-15 04:40:00,2.33268,2.33317,2.33211,2.33293,188
2025-10-15 04:45:00,2.33288,2.33295,2.33208,2.3322,196
2025-10-15 04:50:00,2.33217,2.33247,2.33201,2.33232,232
2025-10-15 04:55:00,2.33229,2.33258,2.3316,2.33215,233
2025-10-15 05:00:00,2.33216,2.33235,2.33184,2.33232,204
2025-10-15 05:05:00,2.33234,2.33285,2.33142,2.33142,293
2025-10-15 05:10:00,2.3315,2.33242,2.33137,2.33146,309
2025-10-15 05:15:00,2.33147,2.33167,2.33048,2.3308,281
2025-10-15 05:20:00,2.33081,2.3311,2.33073,2.33087,180
2025-10-15 05:25:00,2.33089,2.33117,2.33079,2.33089,170
2025-10-15 05:30:00,2.33087,2.33214,2.33078,2.33214,225
2025-10-15 05:35:00,2.33212,2.33264,2.33195,2.33238,215
2025-10-15 05:40:00,2.33238,2.33304,2.33216,2.33301,184
2025-10-15 05:45:00,2.33302,2.3334,2.33291,2.33317,189
2025-10-15 05:50:00,2.33317,2.3334,2.33299,2.3332100000000002,161
2025-10-15 05:55:00,2.33323,2.33377,2.33319,2.33377,213
2025-10-15 06:00:00,2.33374,2.3341,2.33333,2.33405,217
2025-10-15 06:05:00,2.3340199999999998,2.33422,2.33363,2.33384,184
2025-10-15 06:10:00,2.33383,2.33391,2.33333,2.3338,178
2025-10-15 06:15:00,2.33379,2.33428,2.33364,2.33375,166
2025-10-15 06:20:00,2.33365,2.33383,2.33322,2.3334799999999998,141
2025-10-15 06:25:00,2.33344,2.33344,2.33285,2.33316,175
2025-10-15 06:30:00,2.33315,2.33316,2.33258,2.33268,174
2025-10-15 06:35:00,2.33272,2.33369,2.33268,2.33329,185
2025-10-15 06:40:00,2.33331,2.33336,2.3325,2.33283,161
2025-10-15 06:45:00,2.3328699999999998,2.33291,2.33213,2.33225,146
2025-10-15 06:50:00,2.33227,2.33293,2.33216,2.3329,155
2025-10-15 06:55:00,2.3329,2.33312,2.3326000000000002,2.33303,179
2025-10-15 07:00:00,2.33305,2.33362,2.333,2.33358,173
2025-10-15 07:05:00,2.33359,2.33381,2.3334,2.33351,147
2025-10-15 07:10:00,2.3335,2.33361,2.33297,2.33345,133
2025-10-15 07:15:00,2.33344,2.3336,2.33314,2.3335,135
2025-10-15 07:20:00,2.3334799999999998,2.3336,2.3332,2.3332800000000002,154
2025-10-15 07:25:00,2.33332,2.33353,2.33309,2.33338,205
2025-10-15 07:30:00,2.33336,2.33344,2.33211,2.33211,199
2025-10-15 07:35:00,2.33216,2.33364,2.33211,2.33335,170
2025-10-15 07:40:00,2.3333,2.33342,2.33289,2.33293,131
2025-10-15 07:45:00,2.33281,2.33344,2.33281,2.33344,130
2025-10-15 07:50:00,2.3334099999999998,2.33356,2.33315,2.33315,119
2025-10-15 07:55:00,2.3331,2.3334099999999998,2.33288,2.33316,155
2025-10-15 08:00:00,2.33314,2.33314,2.33257,2.33282,184
2025-10-15 08:05:00,2.3327999999999998,2.33288,2.33241,2.33261,143
2025-10-15 08:10:00,2.33256,2.33277,2.3324,2.33271,134
2025-10-15 08:15:00,2.33269,2.33354,2.33262,2.33352,149
2025-10-15 08:20:00,2.33356,2.3340899999999998,2.33355,2.33374,154
2025-10-15 08:25:00,2.33375,2.33426,2.33375,2.3340899999999998,153
2025-10-15 08:30:00,2.33416,2.33462,2.33393,2.33432,180
2025-10-15 08:35:00,2.33433,2.33468,2.33419,2.33459,198
2025-10-15 08:40:00,2.3346,2.33555,2.33458,2.33549,150
2025-10-15 08:45:00,2.33551,2.33579,2.33538,2.33542,166
2025-10-15 08:50:00,2.33542,2.33573,2.3352399999999998,2.3356,186
2025-10-15 08:55:00,2.33562,2.33571,2.3353,2.33536,241
2025-10-15 09:00:00,2.33535,2.33599,2.33529,2.33555,356
2025-10-15 09:05:00,2.33557,2.33558,2.33434,2.33446,313
2025-10-15 09:10:00,2.3344300000000002,2.3348,2.33405,2.33456,339
2025-10-15 09:15:00,2.33455,2.33545,2.33448,2.33514,428
2025-10-15 09:20:00,2.33513,2.33541,2.33423,2.3345000000000002,373
2025-10-15 09:25:00,2.33448,2.33512,2.33445,2.33468,367
2025-10-15 09:30:00,2.33468,2.33507,2.33436,2.33488,342
2025-10-15 09:35:00,2.33484,2.33512,2.3340199999999998,2.33415,327
2025-10-15 09:40:00,2.33419,2.33423,2.33329,2.3333,292
2025-10-15 09:45:00,2.33329,2.33345,2.33207,2.33227,331
2025-10-15 09:50:00,2.33239,2.33297,2.33225,2.33289,302
2025-10-15 09:55:00,2.33291,2.3332100000000002,2.33262,2.33286,351
2025-10-15 10:00:00,2.33295,2.33295,2.33065,2.33076,403
2025-10-15 10:05:00,2.33075,2.33118,2.33043,2.33068,331
2025-10-15 10:10:00,2.3307,2.33103,2.33041,2.33042,297
2025-10-15 10:15:00,2.33041,2.3307700000000002,2.33009,2.33009,317
2025-10-15 10:20:00,2.33013,2.3308400000000002,2.3297499999999998,2.32999,422
2025-10-15 10:25:00,2.32988,2.33075,2.32987,2.3304,327
2025-10-15 10:30:00,2.33044,2.33106,2.33025,2.33043,334
2025-10-15 10:35:00,2.3304,2.3309,2.33021,2.33021,297
2025-10-15 10:40:00,2.33019,2.33201,2.33009,2.33194,359
2025-10-15 10:45:00,2.33193,2.33279,2.33173,2.3327,336
2025-10-15 10:50:00,2.33279,2.33333,2.33269,2.33327,293
2025-10-15 10:55:00,2.3332800000000002,2.33352,2.33265,2.33265,406
2025-10-15 11:00:00,2.33246,2.33286,2.3321899999999998,2.33225,381
2025-10-15 11:05:00,2.33227,2.33292,2.33214,2.33255,333
2025-10-15 11:10:00,2.33253,2.3327999999999998,2.33209,2.33245,308
2025-10-15 11:15:00,2.33242,2.33259,2.33128,2.33157,369
2025-10-15 11:20:00,2.3315799999999998,2.33183,2.33133,2.33167,318
2025-10-15 11:25:00,2.33178,2.33186,2.3312,2.3312,263
2025-10-15 11:30:00,2.33118,2.33148,2.3308,2.3314,270
2025-10-15 11:35:00,2.33135,2.3314,2.33058,2.3307700000000002,224
2025-10-15 11:40:00,2.33075,2.33078,2.33032,2.33052,230
2025-10-15 11:45:00,2.33054,2.33184,2.33038,2.33143,316
2025-10-15 11:50:00,2.3314,2.33165,2.33049,2.33061,378
2025-10-15 11:55:00,2.3306,2.33075,2.32988,2.33035,345
2025-10-15 12:00:00,2.33037,2.33074,2.32996,2.3302,305
2025-10-15 12:05:00,2.33014,2.33044,2.32943,2.32972,325
2025-10-15 12:10:00,2.32973,2.33042,2.32966,2.3302,286
2025-10-15 12:15:00,2.33024,2.33121,2.33007,2.33121,265
2025-10-15 12:20:00,2.33119,2.33172,2.33099,2.33118,274
2025-10-15 12:25:00,2.33123,2.3317,2.33105,2.33148,279
2025-10-15 12:30:00,2.33152,2.33325,2.33148,2.33272,324
2025-10-15 12:35:00,2.33274,2.33332,2.33261,2.33273,292
2025-10-15 12:40:00,2.33271,2.33294,2.33208,2.33224,240
2025-10-15 12:45:00,2.33227,2.33227,2.33108,2.33128,243
2025-10-15 12:50:00,2.33127,2.33136,2.33099,2.3312,216
2025-10-15 12:55:00,2.33116,2.33147,2.33014,2.3302,313
2025-10-15 13:00:00,2.3302300000000002,2.33024,2.32952,2.33014,251
2025-10-15 13:05:00,2.3301600000000002,2.3309699999999998,2.33013,2.33095,236
2025-10-15 13:10:00,2.33092,2.3314,2.33039,2.33125,243
2025-10-15 13:15:00,2.33119,2.33135,2.33086,2.33109,242
2025-10-15 13:20:00,2.33108,2.33141,2.33106,2.33116,217
2025-10-15 13:25:00,2.33112,2.33143,2.33074,2.33081,200
2025-10-15 13:30:00,2.33082,2.33172,2.33061,2.33172,174
2025-10-15 13:35:00,2.33173,2.33227,2.33162,2.33216,176
2025-10-15 13:40:00,2.33217,2.3327999999999998,2.33214,2.33253,200
2025-10-15 13:45:00,2.33252,2.33283,2.33238,2.33247,193
2025-10-15 13:50:00,2.33245,2.33278,2.33232,2.33232,188
2025-10-15 13:55:00,2.3322599999999998,2.33313,2.33203,2.33289,274
2025-10-15 14:00:00,2.3328699999999998,2.33313,2.33227,2.3323,323
2025-10-15 14:05:00,2.33244,2.33257,2.3320600000000002,2.3321,165
2025-10-15 14:10:00,2.33209,2.33262,2.33195,2.3321,157
2025-10-15 14:15:00,2.33211,2.33262,2.33143,2.33174,260
2025-10-15 14:20:00,2.33173,2.33222,2.3317,2.332,195
2025-10-15 14:25:00,2.33202,2.33242,2.33178,2.33181,196
2025-10-15 14:30:00,2.33184,2.33187,2.33148,2.33162,219
2025-10-15 14:35:00,2.33162,2.33207,2.33152,2.33197,222
2025-10-15 14:40:00,2.33203,2.3322,2.33187,2.33187,182
2025-10-15 14:45:00,2.33187,2.33202,2.3315799999999998,2.33197,187
2025-10-15 14:50:00,2.33184,2.33235,2.33171,2.33207,266
2025-10-15 14:55:00,2.33213,2.33323,2.33202,2.3327,371
2025-10-15 15:00:00,2.3326700000000002,2.33269,2.33209,2.33209,382
2025-10-15 15:05:00,2.3321,2.33317,2.33209,2.33307,275
2025-10-15 15:10:00,2.33306,2.33386,2.33297,2.3337,346
2025-10-15 15:15:00,2.3337,2.33385,2.33295,2.33319,303
2025-10-15 15:20:00,2.33317,2.33374,2.3331,2.33343,311
2025-10-15 15:25:00,2.33344,2.3338,2.33316,2.33359,371
2025-10-15 15:30:00,2.3334099999999998,2.33388,2.33258,2.33308,438
2025-10-15 15:35:00,2.33309,2.33372,2.33289,2.33343,367
2025-10-15 15:40:00,2.33342,2.33361,2.33314,2.33337,392
2025-10-15 15:45:00,2.33335,2.33362,2.3331,2.33346,307
2025-10-15 15:50:00,2.33343,2.3343,2.33333,2.33383,514
2025-10-15 15:55:00,2.33377,2.33433,2.33326,2.33418,440
2025-10-15 16:00:00,2.33416,2.3346999999999998,2.33394,2.33423,511
2025-10-15 16:05:00,2.33426,2.33457,2.3338200000000002,2.33457,412
2025-10-15 16:10:00,2.33457,2.3346299999999998,2.33351,2.33383,424
2025-10-15 16:15:00,2.33386,2.33401,2.33311,2.33355,400
2025-10-15 16:20:00,2.33349,2.33358,2.33171,2.33197,461
2025-10-15 16:25:00,2.3319900000000002,2.33233,2.33141,2.33154,378
2025-10-15 16:30:00,2.33155,2.3326700000000002,2.33144,2.33257,540
2025-10-15 16:35:00,2.33258,2.33294,2.33183,2.33291,559
2025-10-15 16:40:00,2.33293,2.33356,2.33236,2.33349,496
2025-10-15 16:45:00,2.33349,2.33358,2.3326700000000002,2.33301,519
2025-10-15 16:50:00,2.33307,2.33361,2.33236,2.33315,585
2025-10-15 16:55:00,2.33313,2.33391,2.33292,2.33316,635
2025-10-15 17:00:00,2.33313,2.33314,2.33244,2.3329,491
2025-10-15 17:05:00,2.33289,2.33459,2.33279,2.33444,368
2025-10-15 17:10:00,2.33435,2.33486,2.3338200000000002,2.33483,374
2025-10-15 17:15:00,2.33482,2.3352399999999998,2.33462,2.33469,354
2025-10-15 17:20:00,2.33472,2.33571,2.33471,2.33556,361
2025-10-15 17:25:00,2.33554,2.33607,2.33523,2.33573,281
2025-10-15 17:30:00,2.33573,2.33602,2.33542,2.33542,316
2025-10-15 17:35:00,2.3354,2.33635,2.33528,2.33635,274
2025-10-15 17:40:00,2.33639,2.33654,2.33523,2.3355,302
2025-10-15 17:45:00,2.33544,2.33604,2.33514,2.33588,362
2025-10-15 17:50:00,2.33591,2.3363,2.33528,2.33558,408
2025-10-15 17:55:00,2.33551,2.33554,2.33455,2.33506,473
2025-10-15 18:00:00,2.33505,2.33578,2.33492,2.33549,469
2025-10-15 18:05:00,2.33548,2.33642,2.33545,2.33635,355
2025-10-15 18:10:00,2.33636,2.33701,2.33609,2.3365,356
2025-10-15 18:15:00,2.33652,2.33732,2.33614,2.33732,408
2025-10-15 18:20:00,2.33725,2.33899,2.33725,2.33844,412
2025-10-15 18:25:00,2.33843,2.33867,2.33786,2.33786,394
2025-10-15 18:30:00,2.33783,2.33861,2.33761,2.3382899999999998,437
2025-10-15 18:35:00,2.33828,2.3392,2.33822,2.33854,433
2025-10-15 18:40:00,2.33856,2.33962,2.33853,2.33921,520
2025-10-15 18:45:00,2.33919,2.34004,2.33917,2.33968,502
2025-10-15 18:50:00,2.33969,2.34069,2.33967,2.34043,542
2025-10-15 18:55:00,2.34043,2.34045,2.33976,2.34038,505
2025-10-15 19:00:00,2.34031,2.34084,2.33982,2.34021,471
2025-10-15 19:05:00,2.3402,2.34074,2.33989,2.3402,416
2025-10-15 19:10:00,2.34017,2.34056,2.33981,2.34015,392
2025-10-15 19:15:00,2.34021,2.34096,2.33976,2.34057,352
2025-10-15 19:20:00,2.34054,2.3413399999999998,2.34031,2.34067,323
2025-10-15 19:25:00,2.34068,2.34116,2.34052,2.34115,334
2025-10-15 19:30:00,2.34114,2.34122,2.34067,2.34098,314
2025-10-15 19:35:00,2.34093,2.34106,2.34014,2.34049,286
2025-10-15 19:40:00,2.34051,2.34072,2.34013,2.34024,325
2025-10-15 19:45:00,2.34025,2.34077,2.34013,2.34051,365
2025-10-15 19:50:00,2.34051,2.3406000000000002,2.34022,2.34042,302
2025-10-15 19:55:00,2.34046,2.34076,2.34026,2.34041,359
2025-10-15 20:00:00,2.34039,2.34116,2.34034,2.34071,446
2025-10-15 20:05:00,2.3407,2.34271,2.34068,2.34236,482
2025-10-15 20:10:00,2.34235,2.34436,2.34223,2.3438,493
2025-10-15 20:15:00,2.3438,2.34441,2.34281,2.34334,579
2025-10-15 20:20:00,2.34339,2.34391,2.34274,2.34303,504
2025-10-15 20:25:00,2.34299,2.34334,2.34264,2.34316,359
2025-10-15 20:30:00,2.3431699999999998,2.34335,2.34175,2.3420199999999998,388
2025-10-15 20:35:00,2.34201,2.3422,2.34136,2.34153,343
2025-10-15 20:40:00,2.34153,2.34177,2.34117,2.34135,366
2025-10-15 20:45:00,2.34138,2.34159,2.3409,2.34131,297
2025-10-15 20:50:00,2.3413399999999998,2.34139,2.34096,2.34119,247
2025-10-15 20:55:00,2.34116,2.34175,2.34103,2.34175,235
2025-10-15 21:00:00,2.34173,2.3418,2.34031,2.34033,301
2025-10-15 21:05:00,2.34036,2.34042,2.34002,2.34036,280
2025-10-15 21:10:00,2.34035,2.34064,2.34002,2.34021,212
2025-10-15 21:15:00,2.34022,2.34039,2.33997,2.34036,253
2025-10-15 21:20:00,2.34034,2.34065,2.33984,2.34052,247
2025-10-15 21:25:00,2.34051,2.34131,2.34035,2.34119,293
2025-10-15 21:30:00,2.3412100000000002,2.34135,2.34081,2.34085,221
2025-10-15 21:35:00,2.34086,2.34097,2.34053,2.34055,216
2025-10-15 21:40:00,2.34054,2.34071,2.34034,2.34059,179
2025-10-15 21:45:00,2.3406000000000002,2.34098,2.34031,2.34048,202
2025-10-15 21:50:00,2.34047,2.3407299999999998,2.34001,2.34014,170
2025-10-15 21:55:00,2.34015,2.34023,2.33983,2.34007,237
2025-10-15 22:00:00,2.34005,2.34042,2.33994,2.34007,272
2025-10-15 22:05:00,2.34009,2.3401899999999998,2.33989,2.34018,183
2025-10-15 22:10:00,2.34038,2.34045,2.33996,2.34003,219
2025-10-15 22:15:00,2.34004,2.34004,2.33961,2.33987,203
2025-10-15 22:20:00,2.33986,2.34042,2.33984,2.34033,154
2025-10-15 22:25:00,2.34033,2.34063,2.3402,2.34038,165
2025-10-15 22:30:00,2.3404,2.34055,2.34016,2.34055,188
2025-10-15 22:35:00,2.34057,2.34081,2.34015,2.3403,174
2025-10-15 22:40:00,2.34033,2.34041,2.33992,2.33996,189
2025-10-15 22:45:00,2.33995,2.34003,2.33972,2.33972,136
2025-10-15 22:50:00,2.3397,2.34048,2.3397,2.34039,204
2025-10-15 22:55:00,2.34039,2.3409,2.34025,2.3407999999999998,300
2025-10-15 23:00:00,2.34003,2.34114,2.33947,2.34099,314
2025-10-15 23:05:00,2.34098,2.34177,2.34087,2.34156,226
2025-10-15 23:10:00,2.34155,2.34155,2.34092,2.34124,126
2025-10-15 23:15:00,2.34123,2.34124,2.3403,2.34032,97
2025-10-15 23:20:00,2.34035,2.34146,2.3403,2.34081,104
2025-10-15 23:25:00,2.34082,2.34083,2.3404,2.3406000000000002,275
2025-10-15 23:30:00,2.34067,2.34067,2.34026,2.34039,160
2025-10-15 23:35:00,2.34038,2.34052,2.34011,2.34029,108
2025-10-15 23:40:00,2.34028,2.34052,2.34,2.3401899999999998,106
2025-10-15 23:45:00,2.34021,2.34035,2.3399900000000002,2.34011,145
2025-10-15 23:50:00,2.34006,2.34057,2.34,2.34036,184
2025-10-15 23:55:00,2.34102,2.34108,2.33804,2.3382,152
2025-10-16 00:00:00,2.33864,2.33864,2.33476,2.33781,17
2025-10-16 00:05:00,2.33781,2.33991,2.33781,2.33965,53
2025-10-16 00:10:00,2.33964,2.34087,2.33921,2.34087,41
2025-10-16 00:15:00,2.34192,2.34253,2.33996,2.33996,96
2025-10-16 00:20:00,2.33998,2.34035,2.33995,2.34034,72
2025-10-16 00:25:00,2.34033,2.34104,2.34033,2.34081,85
2025-10-16 00:30:00,2.34079,2.3412,2.34076,2.34101,62
2025-10-16 00:35:00,2.34099,2.34099,2.34047,2.34049,136
2025-10-16 00:40:00,2.34051,2.34126,2.34034,2.34123,168
2025-10-16 00:45:00,2.3412100000000002,2.34123,2.3407,2.34083,154
2025-10-16 00:50:00,2.34099,2.34143,2.34099,2.3413,115
2025-10-16 00:55:00,2.34135,2.34164,2.34006,2.34069,184
2025-10-16 01:00:00,2.34106,2.34176,2.34056,2.34112,221
2025-10-16 01:05:00,2.34118,2.3413,2.34075,2.3413,92
2025-10-16 01:10:00,2.34132,2.3416,2.34106,2.34113,76
2025-10-16 01:15:00,2.34114,2.34175,2.34101,2.34174,184
2025-10-16 01:20:00,2.34176,2.34177,2.34137,2.34143,106
2025-10-16 01:25:00,2.34143,2.34197,2.34143,2.34192,85
2025-10-16 01:30:00,2.34193,2.3424,2.34183,2.34229,85
2025-10-16 01:35:00,2.3423,2.34264,2.34223,2.34241,120
2025-10-16 01:40:00,2.34241,2.34282,2.34227,2.34237,115
2025-10-16 01:45:00,2.34237,2.34278,2.34222,2.34259,145
2025-10-16 01:50:00,2.34258,2.34259,2.34215,2.34233,128
2025-10-16 01:55:00,2.34231,2.34252,2.34175,2.34201,164
2025-10-16 02:00:00,2.34212,2.34285,2.34212,2.3424,137
2025-10-16 02:05:00,2.34239,2.34262,2.34234,2.34261,110
2025-10-16 02:10:00,2.3426299999999998,2.34287,2.34253,2.34285,92
2025-10-16 02:15:00,2.34282,2.34339,2.34282,2.34331,110
2025-10-16 02:20:00,2.3433,2.34449,2.3433,2.34445,128
2025-10-16 02:25:00,2.3444599999999998,2.3444599999999998,2.34386,2.34415,100
2025-10-16 02:30:00,2.34414,2.34442,2.34405,2.34424,62
2025-10-16 02:35:00,2.34423,2.34535,2.34423,2.34533,110
2025-10-16 02:40:00,2.34532,2.34584,2.3452,2.34524,214
2025-10-16 02:45:00,2.34527,2.3463,2.34495,2.34622,186
2025-10-16 02:50:00,2.34621,2.34621,2.34541,2.34545,166
2025-10-16 02:55:00,2.34546,2.34546,2.34486,2.34486,145
2025-10-16 03:00:00,2.34488,2.34526,2.34421,2.3449400000000002,315
2025-10-16 03:05:00,2.34496,2.34496,2.34415,2.34472,248
2025-10-16 03:10:00,2.34472,2.34522,2.34423,2.34521,244
2025-10-16 03:15:00,2.34519,2.34527,2.34445,2.34476,253
2025-10-16 03:20:00,2.34474,2.34509,2.34415,2.34458,255
2025-10-16 03:25:00,2.34462,2.34592,2.34462,2.34564,253
2025-10-16 03:30:00,2.34563,2.3479,2.34401,2.34452,497
2025-10-16 03:35:00,2.34453,2.34569,2.34126,2.3414,409
2025-10-16 03:40:00,2.34183,2.3436500000000002,2.34183,2.34298,370
2025-10-16 03:45:00,2.343,2.34357,2.3423,2.34264,323
2025-10-16 03:50:00,2.34266,2.34349,2.34247,2.34331,348
2025-10-16 03:55:00,2.34325,2.3434,2.34197,2.34237,357
2025-10-16 04:00:00,2.34238,2.34278,2.34109,2.34112,384
2025-10-16 04:05:00,2.34112,2.34239,2.34076,2.34107,292
2025-10-16 04:10:00,2.34111,2.34125,2.33985,2.34063,278
2025-10-16 04:15:00,2.34069,2.3407999999999998,2.33868,2.33871,360
2025-10-16 04:20:00,2.33875,2.33912,2.33821,2.33821,344
2025-10-16 04:25:00,2.33823,2.33848,2.33737,2.33839,353
2025-10-16 04:30:00,2.33841,2.33907,2.33797,2.33899,343
2025-10-16 04:35:00,2.3389699999999998,2.33968,2.3384,2.33956,290
2025-10-16 04:40:00,2.33957,2.34045,2.3382,2.33823,313
2025-10-16 04:45:00,2.33822,2.33844,2.33525,2.33594,328
2025-10-16 04:50:00,2.33604,2.33698,2.33522,2.33643,328
2025-10-16 04:55:00,2.33645,2.33668,2.33528,2.33664,312
2025-10-16 05:00:00,2.33662,2.33711,2.33597,2.33609,294
2025-10-16 05:05:00,2.33607,2.3365299999999998,2.33553,2.33561,260
2025-10-16 05:10:00,2.33561,2.3358,2.33505,2.3353,292
2025-10-16 05:15:00,2.33532,2.33697,2.33532,2.33644,272
2025-10-16 05:20:00,2.33645,2.33645,2.33528,2.33538,188
2025-10-16 05:25:00,2.33533,2.33629,2.33523,2.33606,222
2025-10-16 05:30:00,2.3361,2.33688,2.33601,2.33686,223
2025-10-16 05:35:00,2.33682,2.33735,2.3364,2.3364599999999998,238
2025-10-16 05:40:00,2.33645,2.33709,2.33564,2.33692,189
2025-10-16 05:45:00,2.33693,2.33736,2.33659,2.33728,203
2025-10-16 05:50:00,2.33729,2.33732,2.33691,2.33696,174
2025-10-16 05:55:00,2.33696,2.33702,2.33663,2.33678,194
2025-10-16 06:00:00,2.33676,2.33776,2.33675,2.33776,172
2025-10-16 06:05:00,2.33779,2.33846,2.33742,2.33799,212
2025-10-16 06:10:00,2.33795,2.33795,2.3365,2.33732,228
2025-10-16 06:15:00,2.33734,2.33774,2.3367,2.3373,192
2025-10-16 06:20:00,2.33732,2.33732,2.33637,2.33665,189
2025-10-16 06:25:00,2.33661,2.33713,2.33639,2.33695,178
2025-10-16 06:30:00,2.33698,2.33858,2.33693,2.33856,181
2025-10-16 06:35:00,2.33848,2.33855,2.33779,2.3378,155
2025-10-16 06:40:00,2.33781,2.33781,2.33724,2.33742,154
2025-10-16 06:45:00,2.33743,2.33777,2.33696,2.3376799999999998,148
2025-10-16 06:50:00,2.3376799999999998,2.33803,2.33759,2.33798,101
2025-10-16 06:55:00,2.33798,2.33814,2.3376,2.33776,135
2025-10-16 07:00:00,2.33778,2.33781,2.33688,2.33691,209
2025-10-16 07:05:00,2.33688,2.33709,2.33658,2.33658,104
2025-10-16 07:10:00,2.33655,2.33662,2.33611,2.33616,88
2025-10-16 07:15:00,2.33615,2.33667,2.33591,2.33659,133
2025-10-16 07:20:00,2.33658,2.3367,2.33606,2.33643,105
2025-10-16 07:25:00,2.33645,2.3367,2.33607,2.33661,124
2025-10-16 07:30:00,2.33659,2.33666,2.33632,2.33657,133
2025-10-16 07:35:00,2.33656,2.33682,2.3364,2.33682,132
2025-10-16 07:40:00,2.33685,2.33699,2.33631,2.3363300000000002,157
2025-10-16 07:45:00,2.33631,2.33648,2.33589,2.33611,202
2025-10-16 07:50:00,2.33609,2.33625,2.3357200000000002,2.33574,138
2025-10-16 07:55:00,2.33577,2.33594,2.3351100000000002,2.33523,114
2025-10-16 08:00:00,2.33516,2.33533,2.33485,2.33496,126
2025-10-16 08:05:00,2.33498,2.33574,2.33492,2.33534,194
2025-10-16 08:10:00,2.33536,2.33537,2.33439,2.33449,204
2025-10-16 08:15:00,2.33444,2.33484,2.33425,2.33435,195
2025-10-16 08:20:00,2.33436,2.335,2.33436,2.33498,166
2025-10-16 08:25:00,2.33501,2.33569,2.33481,2.33557,204
2025-10-16 08:30:00,2.33564,2.33577,2.33472,2.33569,273
2025-10-16 08:35:00,2.33571,2.33578,2.33515,2.33553,210
2025-10-16 08:40:00,2.33551,2.33638,2.33522,2.33638,239
2025-10-16 08:45:00,2.33642,2.33708,2.33632,2.33682,192
2025-10-16 08:50:00,2.3368,2.33699,2.3365299999999998,2.33676,216
2025-10-16 08:55:00,2.33678,2.3368700000000002,2.33604,2.33643,270
2025-10-16 09:00:00,2.33649,2.33745,2.33551,2.33601,397
2025-10-16 09:05:00,2.33613,2.33631,2.33505,2.33573,332
2025-10-16 09:10:00,2.3357200000000002,2.33595,2.3352,2.33562,356
2025-10-16 09:15:00,2.3356500000000002,2.33581,2.33455,2.33494,356
2025-10-16 09:20:00,2.33493,2.335,2.33414,2.33454,339
2025-10-16 09:25:00,2.33455,2.33491,2.33426,2.3344,340
2025-10-16 09:30:00,2.33441,2.33447,2.33371,2.33387,337
2025-10-16 09:35:00,2.3340199999999998,2.33444,2.33376,2.33444,287
2025-10-16 09:40:00,2.33441,2.33582,2.33439,2.33556,293
2025-10-16 09:45:00,2.33555,2.33574,2.33497,2.33508,331
2025-10-16 09:50:00,2.33507,2.33525,2.33451,2.33496,327
2025-10-16 09:55:00,2.33496,2.33579,2.33487,2.3354,343
2025-10-16 10:00:00,2.33539,2.3361,2.3350400000000002,2.33525,437
2025-10-16 10:05:00,2.33522,2.33675,2.3352,2.3364599999999998,333
2025-10-16 10:10:00,2.33651,2.3368,2.33619,2.33649,357
2025-10-16 10:15:00,2.33647,2.33788,2.3357,2.33788,391
2025-10-16 10:20:00,2.33784,2.339,2.33761,2.33773,333
2025-10-16 10:25:00,2.33772,2.3378,2.3372,2.33738,296
2025-10-16 10:30:00,2.3374,2.33799,2.33652,2.33791,320
2025-10-16 10:35:00,2.33793,2.33935,2.33778,2.33914,265
2025-10-16 10:40:00,2.33913,2.33959,2.33868,2.33881,335
2025-10-16 10:45:00,2.33882,2.33925,2.33853,2.33862,421
2025-10-16 10:50:00,2.33863,2.33945,2.33851,2.33895,343
2025-10-16 10:55:00,2.33896,2.33967,2.33805,2.33961,583
2025-10-16 11:00:00,2.33961,2.33997,2.33935,2.3398,518
2025-10-16 11:05:00,2.33979,2.34057,2.33936,2.33949,394
2025-10-16 11:10:00,2.3395099999999998,2.3396,2.33884,2.33904,346
2025-10-16 11:15:00,2.33904,2.33925,2.33834,2.33913,296
2025-10-16 11:20:00,2.33915,2.3398,2.33889,2.33971,302
2025-10-16 11:25:00,2.33973,2.34001,2.33941,2.33978,280
2025-10-16 11:30:00,2.33976,2.34004,2.33901,2.33996,239
2025-10-16 11:35:00,2.33995,2.3403,2.33961,2.34014,269
2025-10-16 11:40:00,2.34016,2.34039,2.33994,2.34023,250
2025-10-16 11:45:00,2.34021,2.34076,2.33978,2.34067,258
2025-10-16 11:50:00,2.34068,2.34148,2.34062,2.3412,237
2025-10-16 11:55:00,2.34112,2.34197,2.34082,2.34194,255
2025-10-16 12:00:00,2.3419499999999998,2.34222,2.34155,2.34184,273
2025-10-16 12:05:00,2.34186,2.3427,2.34185,2.3427,223
2025-10-16 12:10:00,2.34271,2.3428,2.34229,2.34272,178
2025-10-16 12:15:00,2.3427,2.34332,2.3426,2.34315,200
2025-10-16 12:20:00,2.3431699999999998,2.3435,2.34282,2.34287,216
2025-10-16 12:25:00,2.34286,2.34347,2.34274,2.34283,276
2025-10-16 12:30:00,2.34279,2.34363,2.34276,2.34307,236
2025-10-16 12:35:00,2.3431100000000002,2.34363,2.34295,2.3431100000000002,248
2025-10-16 12:40:00,2.34309,2.34319,2.34255,2.34284,277
2025-10-16 12:45:00,2.34281,2.34282,2.34231,2.34249,196
2025-10-16 12:50:00,2.3425000000000002,2.34259,2.34199,2.34216,227
2025-10-16 12:55:00,2.34211,2.34222,2.3415,2.34166,222
2025-10-16 13:00:00,2.34167,2.34167,2.34101,2.34123,309
2025-10-16 13:05:00,2.3412100000000002,2.34222,2.34091,2.34197,317
2025-10-16 13:10:00,2.34199,2.34246,2.34179,2.34187,237
2025-10-16 13:15:00,2.34186,2.34258,2.34172,2.34205,250
2025-10-16 13:20:00,2.34209,2.3430400000000002,2.34209,2.34296,210
2025-10-16 13:25:00,2.34297,2.34298,2.34242,2.3425000000000002,228
2025-10-16 13:30:00,2.34252,2.34266,2.34197,2.34226,266
2025-10-16 13:35:00,2.34223,2.34236,2.34118,2.34127,244
2025-10-16 13:40:00,2.34129,2.3420199999999998,2.34104,2.3418,320
2025-10-16 13:45:00,2.34181,2.34216,2.34137,2.34145,255
2025-10-16 13:50:00,2.34146,2.34165,2.34083,2.341,261
2025-10-16 13:55:00,2.34089,2.3414099999999998,2.34081,2.34132,285
2025-10-16 14:00:00,2.34133,2.34135,2.34045,2.34056,340
2025-10-16 14:05:00,2.34067,2.3411,2.34034,2.34091,278
2025-10-16 14:10:00,2.34092,2.34092,2.3404,2.34064,219
2025-10-16 14:15:00,2.34062,2.34095,2.34017,2.34039,279
2025-10-16 14:20:00,2.3404,2.34053,2.34013,2.34043,219
2025-10-16 14:25:00,2.34042,2.34053,2.33984,2.3399,301
2025-10-16 14:30:00,2.34,2.34048,2.3398,2.34005,313
2025-10-16 14:35:00,2.34003,2.34034,2.33979,2.34009,302
2025-10-16 14:40:00,2.34008,2.34125,2.3399,2.33994,339
2025-10-16 14:45:00,2.33994,2.34161,2.33988,2.3412100000000002,323
2025-10-16 14:50:00,2.34123,2.3418900000000002,2.34109,2.3418200000000002,313
2025-10-16 14:55:00,2.34185,2.34258,2.34146,2.34151,366
2025-10-16 15:00:00,2.34148,2.34188,2.34116,2.34142,394
2025-10-16 15:05:00,2.3414,2.3414,2.34041,2.34053,367
2025-10-16 15:10:00,2.34051,2.34147,2.34043,2.34057,357
2025-10-16 15:15:00,2.34053,2.34119,2.34031,2.34115,341
2025-10-16 15:20:00,2.34116,2.34126,2.34086,2.34112,323
2025-10-16 15:25:00,2.34114,2.3414099999999998,2.33977,2.33985,225
2025-10-16 15:30:00,2.33987,2.34024,2.33933,2.33983,370
2025-10-16 15:35:00,2.33982,2.34054,2.33972,2.3399900000000002,438
2025-10-16 15:40:00,2.33997,2.34158,2.33997,2.34143,500
2025-10-16 15:45:00,2.34145,2.3419499999999998,2.34145,2.34175,313
2025-10-16 15:50:00,2.34175,2.34264,2.34137,2.34177,378
2025-10-16 15:55:00,2.3418,2.34364,2.34169,2.34343,428
2025-10-16 16:00:00,2.3434,2.34357,2.34251,2.3429,478
2025-10-16 16:05:00,2.34299,2.34343,2.34269,2.34342,400
2025-10-16 16:10:00,2.34346,2.3442600000000002,2.34334,2.34415,397
2025-10-16 16:15:00,2.34414,2.34525,2.34379,2.34509,444
2025-10-16 16:20:00,2.34499,2.34535,2.34425,2.34462,331
2025-10-16 16:25:00,2.34453,2.34483,2.34333,2.34337,351
2025-10-16 16:30:00,2.34336,2.34444,2.3429,2.34393,534
2025-10-16 16:35:00,2.34396,2.34618,2.34375,2.34558,515
2025-10-16 16:40:00,2.3456,2.34575,2.34481,2.34532,428
2025-10-16 16:45:00,2.34533,2.34613,2.34506,2.34573,497
2025-10-16 16:50:00,2.34574,2.34635,2.34547,2.34587,424
2025-10-16 16:55:00,2.34581,2.34649,2.34424,2.34467,433
2025-10-16 17:00:00,2.3447,2.34478,2.34285,2.34348,514
2025-10-16 17:05:00,2.3435,2.3436500000000002,2.3426299999999998,2.34339,514
2025-10-16 17:10:00,2.34336,2.3443300000000002,2.34322,2.34333,467
2025-10-16 17:15:00,2.34334,2.34347,2.34252,2.34306,466
2025-10-16 17:20:00,2.3430400000000002,2.34337,2.34191,2.34267,475
2025-10-16 17:25:00,2.34266,2.34286,2.34162,2.34197,452
2025-10-16 17:30:00,2.34204,2.3422,2.34128,2.34188,398
2025-10-16 17:35:00,2.3418900000000002,2.34222,2.34151,2.34177,414
2025-10-16 17:40:00,2.34177,2.34215,2.34071,2.34118,429
2025-10-16 17:45:00,2.34119,2.34143,2.34023,2.34092,436
2025-10-16 17:50:00,2.34091,2.34136,2.34,2.34026,467
2025-10-16 17:55:00,2.34027,2.34082,2.33977,2.34032,500
2025-10-16 18:00:00,2.34031,2.34145,2.34031,2.34072,521
2025-10-16 18:05:00,2.34067,2.3416,2.34046,2.34102,401
2025-10-16 18:10:00,2.34099,2.34099,2.34025,2.3405,384
2025-10-16 18:15:00,2.34051,2.34116,2.34029,2.34084,419
2025-10-16 18:20:00,2.34085,2.34124,2.34074,2.34093,373
2025-10-16 18:25:00,2.34094,2.34188,2.34082,2.34176,379
2025-10-16 18:30:00,2.34178,2.34225,2.34165,2.34187,505
2025-10-16 18:35:00,2.34185,2.34188,2.34122,2.34139,384
2025-10-16 18:40:00,2.3414,2.3427,2.34129,2.34252,386
2025-10-16 18:45:00,2.34259,2.34279,2.34185,2.34186,374
2025-10-16 18:50:00,2.34184,2.34192,2.3413399999999998,2.34149,394
2025-10-16 18:55:00,2.34143,2.34223,2.34122,2.34219,325
2025-10-16 19:00:00,2.34215,2.34295,2.34194,2.34268,395
2025-10-16 19:05:00,2.34268,2.343,2.34177,2.34184,321
2025-10-16 19:10:00,2.34188,2.34212,2.34153,2.3418900000000002,306
2025-10-16 19:15:00,2.34187,2.34208,2.34142,2.3419,351
2025-10-16 19:20:00,2.34192,2.3424300000000002,2.34159,2.34161,263
2025-10-16 19:25:00,2.34161,2.34196,2.34093,2.3415,399
2025-10-16 19:30:00,2.34148,2.34407,2.34128,2.34287,653
2025-10-16 19:35:00,2.34288,2.3431100000000002,2.34185,2.34306,598
2025-10-16 19:40:00,2.34312,2.3436,2.34252,2.3435,567
2025-10-16 19:45:00,2.34349,2.34458,2.34334,2.34335,546
2025-10-16 19:50:00,2.34339,2.34339,2.34245,2.34286,519
2025-10-16 19:55:00,2.34286,2.34345,2.34229,2.34245,519
2025-10-16 20:00:00,2.3424300000000002,2.34367,2.34218,2.34327,503
2025-10-16 20:05:00,2.3432,2.34437,2.34315,2.34407,529
2025-10-16 20:10:00,2.34411,2.34458,2.34388,2.34454,462
2025-10-16 20:15:00,2.34451,2.34473,2.34329,2.34383,489
2025-10-16 20:20:00,2.34384,2.34424,2.34355,2.34383,379
2025-10-16 20:25:00,2.34382,2.34419,2.34342,2.34381,387
2025-10-16 20:30:00,2.3437799999999998,2.3441,2.34345,2.3441,338
2025-10-16 20:35:00,2.34409,2.34495,2.34387,2.34491,328
2025-10-16 20:40:00,2.34492,2.34539,2.34474,2.34535,335
2025-10-16 20:45:00,2.34536,2.34592,2.3453,2.34581,272
2025-10-16 20:50:00,2.34582,2.3467000000000002,2.34582,2.3463,295
2025-10-16 20:55:00,2.34623,2.34623,2.34512,2.34516,278
2025-10-16 21:00:00,2.34522,2.34605,2.3445,2.34596,381
2025-10-16 21:05:00,2.34595,2.34603,2.34515,2.34532,350
2025-10-16 21:10:00,2.34532,2.34637,2.34519,2.3458,327
2025-10-16 21:15:00,2.34579,2.34724,2.34579,2.34705,450
2025-10-16 21:20:00,2.34715,2.34755,2.34639,2.34674,387
2025-10-16 21:25:00,2.34672,2.34696,2.34606,2.34676,362
2025-10-16 21:30:00,2.3467700000000002,2.3472,2.34664,2.34711,314
2025-10-16 21:35:00,2.34711,2.34727,2.34672,2.34689,288
2025-10-16 21:40:00,2.34688,2.3468999999999998,2.34572,2.34593,278
2025-10-16 21:45:00,2.34594,2.34608,2.3456799999999998,2.34585,272
2025-10-16 21:50:00,2.34584,2.34621,2.3456099999999998,2.34567,304
2025-10-16 21:55:00,2.34562,2.3462899999999998,2.34546,2.3460900000000002,304
2025-10-16 22:00:00,2.34605,2.34626,2.34565,2.34576,318
2025-10-16 22:05:00,2.34575,2.34642,2.3456,2.34628,223
2025-10-16 22:10:00,2.34626,2.34646,2.34599,2.34627,239
2025-10-16 22:15:00,2.34628,2.34724,2.34623,2.34698,233
2025-10-16 22:20:00,2.34701,2.3479200000000002,2.347,2.34707,274
2025-10-16 22:25:00,2.34702,2.34735,2.347,2.347,272
2025-10-16 22:30:00,2.34699,2.3472,2.34667,2.34696,305
2025-10-16 22:35:00,2.34697,2.34734,2.34683,2.34706,325
2025-10-16 22:40:00,2.34704,2.34723,2.34686,2.34705,201
2025-10-16 22:45:00,2.34703,2.34737,2.34682,2.34689,279
2025-10-16 22:50:00,2.34696,2.34696,2.34636,2.34664,288
2025-10-16 22:55:00,2.34668,2.34672,2.34633,2.34644,307
2025-10-16 23:00:00,2.34574,2.34639,2.3457,2.34619,229
2025-10-16 23:05:00,2.34619,2.34676,2.34615,2.34648,163
2025-10-16 23:10:00,2.34649,2.34672,2.34642,2.34669,151
2025-10-16 23:15:00,2.34673,2.34678,2.34627,2.3463,112
2025-10-16 23:20:00,2.34691,2.34691,2.34632,2.34662,129
2025-10-16 23:25:00,2.34663,2.34665,2.3462,2.34623,112
2025-10-16 23:30:00,2.34619,2.3462,2.34572,2.3460900000000002,135
2025-10-16 23:35:00,2.3461,2.34624,2.34571,2.34572,108
2025-10-16 23:40:00,2.34574,2.34598,2.34549,2.34595,92
2025-10-16 23:45:00,2.34596,2.34601,2.34572,2.34582,109
2025-10-16 23:50:00,2.34583,2.34607,2.34575,2.34584,249
2025-10-16 23:55:00,2.34649,2.34649,2.34335,2.34368,164
2025-10-17 00:00:00,2.34611,2.34645,2.3460900000000002,2.34611,10
2025-10-17 00:05:00,2.34635,2.34635,2.34463,2.34576,42
2025-10-17 00:10:00,2.34576,2.34576,2.34436,2.34438,28
2025-10-17 00:15:00,2.34538,2.34571,2.34531,2.34553,47
2025-10-17 00:20:00,2.3456,2.34565,2.34542,2.34563,60
2025-10-17 00:25:00,2.34562,2.34579,2.34557,2.3456799999999998,55
2025-10-17 00:30:00,2.34567,2.34581,2.34425,2.34425,99
2025-10-17 00:35:00,2.34423,2.34467,2.34423,2.34461,85
2025-10-17 00:40:00,2.3446,2.34469,2.34334,2.34368,223
2025-10-17 00:45:00,2.34367,2.3444599999999998,2.3436500000000002,2.34414,110
2025-10-17 00:50:00,2.34413,2.34483,2.34413,2.3448,144
2025-10-17 00:55:00,2.34471,2.34474,2.34409,2.34465,182
2025-10-17 01:00:00,2.34535,2.34643,2.34535,2.34598,222
2025-10-17 01:05:00,2.34596,2.34601,2.34539,2.34559,85
2025-10-17 01:10:00,2.3456099999999998,2.34582,2.34552,2.34576,99
2025-10-17 01:15:00,2.34578,2.34632,2.34575,2.3463,150
2025-10-17 01:20:00,2.34632,2.34649,2.34575,2.34577,196
2025-10-17 01:25:00,2.34576,2.34599,2.34557,2.34567,160
2025-10-17 01:30:00,2.34562,2.34576,2.34544,2.34544,132
2025-10-17 01:35:00,2.34544,2.34558,2.34511,2.34551,189
2025-10-17 01:40:00,2.3455,2.34564,2.34545,2.34554,109
2025-10-17 01:45:00,2.34553,2.34574,2.34533,2.34533,101
2025-10-17 01:50:00,2.34534,2.34628,2.34533,2.34571,143
2025-10-17 01:55:00,2.34573,2.34599,2.34554,2.34559,199
2025-10-17 02:00:00,2.34571,2.34672,2.34571,2.3465,185
2025-10-17 02:05:00,2.34646,2.34675,2.34637,2.34668,129
2025-10-17 02:10:00,2.34667,2.34712,2.34651,2.3471,119
2025-10-17 02:15:00,2.34711,2.34756,2.34699,2.34728,129
2025-10-17 02:20:00,2.34729,2.34758,2.34723,2.34745,109
2025-10-17 02:25:00,2.34743,2.34758,2.34725,2.34741,104
2025-10-17 02:30:00,2.34742,2.34773,2.34717,2.34766,104
2025-10-17 02:35:00,2.3477,2.34821,2.34764,2.34817,150
2025-10-17 02:40:00,2.34818,2.34835,2.3478,2.34787,151
2025-10-17 02:45:00,2.34785,2.34883,2.34759,2.34874,172
2025-10-17 02:50:00,2.34876,2.34888,2.34768,2.34773,151
2025-10-17 02:55:00,2.3477,2.34788,2.34749,2.3475099999999998,148
2025-10-17 03:00:00,2.34753,2.34841,2.34746,2.34818,306
2025-10-17 03:05:00,2.3482,2.3482,2.34753,2.34772,233
2025-10-17 03:10:00,2.34771,2.34808,2.34745,2.34808,170
2025-10-17 03:15:00,2.34809,2.3484,2.3479,2.3484,211
2025-10-17 03:20:00,2.34839,2.34842,2.34759,2.34794,209
2025-10-17 03:25:00,2.34798,2.3484,2.34766,2.34774,196
2025-10-17 03:30:00,2.34775,2.34816,2.3473800000000002,2.34773,228
2025-10-17 03:35:00,2.34771,2.34781,2.34727,2.34733,189
2025-10-17 03:40:00,2.34737,2.34748,2.34703,2.34705,185
2025-10-17 03:45:00,2.34703,2.3473,2.34687,2.34704,217
2025-10-17 03:50:00,2.34702,2.34797,2.34697,2.34721,318
2025-10-17 03:55:00,2.34726,2.3481899999999998,2.34703,2.3474,340
2025-10-17 04:00:00,2.34739,2.34753,2.3456799999999998,2.34573,349
2025-10-17 04:05:00,2.34571,2.34585,2.34482,2.34534,288
2025-10-17 04:10:00,2.34535,2.34586,2.34516,2.34542,248
2025-10-17 04:15:00,2.34541,2.34562,2.34504,2.34512,362
2025-10-17 04:20:00,2.34517,2.34538,2.3448700000000002,2.3451,236
2025-10-17 04:25:00,2.3451,2.34536,2.34486,2.34517,224
2025-10-17 04:30:00,2.3451,2.34682,2.34501,2.3467000000000002,361
2025-10-17 04:35:00,2.34671,2.34703,2.34632,2.34703,315
2025-10-17 04:40:00,2.34703,2.34808,2.34697,2.34768,319
2025-10-17 04:45:00,2.34767,2.34843,2.34766,2.34842,333
2025-10-17 04:50:00,2.34841,2.34951,2.34841,2.34937,369
2025-10-17 04:55:00,2.34939,2.34973,2.3492,2.3492,373
2025-10-17 05:00:00,2.3492100000000002,2.34965,2.34895,2.34931,338
2025-10-17 05:05:00,2.34933,2.34972,2.34909,2.34952,333
2025-10-17 05:10:00,2.34954,2.34963,2.34756,2.34797,297
2025-10-17 05:15:00,2.34786,2.34841,2.34783,2.3483,222
2025-10-17 05:20:00,2.34832,2.34835,2.34743,2.34762,214
2025-10-17 05:25:00,2.34766,2.34804,2.34739,2.34804,216
2025-10-17 05:30:00,2.34803,2.34922,2.3479,2.34894,192
2025-10-17 05:35:00,2.34892,2.34932,2.34774,2.34927,268
2025-10-17 05:40:00,2.34925,2.34946,2.3487299999999998,2.34923,181
2025-10-17 05:45:00,2.34925,2.34929,2.34875,2.34893,201
2025-10-17 05:50:00,2.3489,2.34919,2.34882,2.3491,161
2025-10-17 05:55:00,2.34911,2.34949,2.34903,2.3492,202
2025-10-17 06:00:00,2.3492,2.34974,2.34888,2.3496,203
2025-10-17 06:05:00,2.34947,2.34951,2.34888,2.34888,156
2025-10-17 06:10:00,2.34891,2.34897,2.34852,2.34854,174
2025-10-17 06:15:00,2.34856,2.34862,2.34757,2.348,162
2025-10-17 06:20:00,2.34802,2.34818,2.34766,2.34803,140
2025-10-17 06:25:00,2.34807,2.34842,2.34771,2.34824,156
2025-10-17 06:30:00,2.34826,2.34909,2.34825,2.34856,186
2025-10-17 06:35:00,2.34857,2.34913,2.34824,2.34899,202
2025-10-17 06:40:00,2.34902,2.34929,2.34886,2.3491400000000002,203
2025-10-17 06:45:00,2.34912,2.34923,2.34884,2.34886,216
2025-10-17 06:50:00,2.34885,2.34937,2.3485,2.34855,206
2025-10-17 06:55:00,2.34854,2.34856,2.34791,2.3479900000000002,206
2025-10-17 07:00:00,2.348,2.34809,2.3472,2.34743,241
2025-10-17 07:05:00,2.34744,2.3478,2.3468,2.34696,185
2025-10-17 07:10:00,2.34696,2.34729,2.34676,2.34717,130
2025-10-17 07:15:00,2.34715,2.34768,2.34714,2.34749,116
2025-10-17 07:20:00,2.34753,2.34753,2.34646,2.34684,139
2025-10-17 07:25:00,2.34682,2.34686,2.34573,2.34578,159
2025-10-17 07:30:00,2.34582,2.34594,2.34525,2.34546,185
2025-10-17 07:35:00,2.3454800000000002,2.34587,2.34521,2.3455,170
2025-10-17 07:40:00,2.34547,2.34622,2.34547,2.34593,166
2025-10-17 07:45:00,2.34592,2.34663,2.34582,2.34644,160
2025-10-17 07:50:00,2.34646,2.34679,2.34607,2.34654,200
2025-10-17 07:55:00,2.3465,2.34657,2.34617,2.34623,184
2025-10-17 08:00:00,2.34617,2.34683,2.34613,2.34628,261
2025-10-17 08:05:00,2.34626,2.34695,2.34577,2.34615,231
2025-10-17 08:10:00,2.34608,2.34717,2.34608,2.34664,213
2025-10-17 08:15:00,2.34671,2.34826,2.34666,2.34803,244
2025-10-17 08:20:00,2.34808,2.34822,2.3468,2.34727,178
2025-10-17 08:25:00,2.34729,2.34765,2.34701,2.34711,227
2025-10-17 08:30:00,2.34712,2.34755,2.34681,2.34703,243
2025-10-17 08:35:00,2.34698,2.34783,2.34698,2.34783,188
2025-10-17 08:40:00,2.34785,2.34895,2.34781,2.34884,211
2025-10-17 08:45:00,2.34882,2.34896,2.34808,2.34808,204
2025-10-17 08:50:00,2.34809,2.34856,2.34778,2.34847,265
2025-10-17 08:55:00,2.34848,2.34866,2.3479900000000002,2.34824,297
2025-10-17 09:00:00,2.34831,2.3486000000000002,2.34736,2.34781,287
2025-10-17 09:05:00,2.34779,2.3479900000000002,2.34637,2.3479900000000002,334
2025-10-17 09:10:00,2.34798,2.34891,2.34789,2.3486000000000002,349
2025-10-17 09:15:00,2.34861,2.34881,2.348,2.3481899999999998,386
2025-10-17 09:20:00,2.34815,2.34842,2.34734,2.34777,322
2025-10-17 09:25:00,2.34774,2.34828,2.34768,2.34814,344
2025-10-17 09:30:00,2.34816,2.3484,2.34663,2.34684,459
2025-10-17 09:35:00,2.34682,2.34689,2.34611,2.3464,413
2025-10-17 09:40:00,2.34644,2.34721,2.34644,2.34671,311
2025-10-17 09:45:00,2.34667,2.34667,2.34563,2.34602,331
2025-10-17 09:50:00,2.34603,2.34663,2.34594,2.3465,408
2025-10-17 09:55:00,2.34648,2.34706,2.34613,2.34684,435
2025-10-17 10:00:00,2.34685,2.34887,2.34685,2.34857,566
2025-10-17 10:05:00,2.34855,2.34986,2.34791,2.34866,492
2025-10-17 10:10:00,2.34871,2.35068,2.34805,2.35067,558
2025-10-17 10:15:00,2.35073,2.35221,2.3503600000000002,2.35094,478
2025-10-17 10:20:00,2.35093,2.35153,2.34939,2.34994,633
2025-10-17 10:25:00,2.34986,2.35014,2.34835,2.34944,594
2025-10-17 10:30:00,2.34945,2.35123,2.34926,2.35115,505
2025-10-17 10:35:00,2.3511699999999998,2.3512,2.35004,2.35019,437
2025-10-17 10:40:00,2.35021,2.3505,2.34883,2.34911,475
2025-10-17 10:45:00,2.34913,2.34913,2.34779,2.34863,399
2025-10-17 10:50:00,2.34859,2.34913,2.34814,2.34814,431
2025-10-17 10:55:00,2.34816,2.34844,2.34741,2.34791,378
2025-10-17 11:00:00,2.3479200000000002,2.34841,2.34727,2.34823,410
2025-10-17 11:05:00,2.34836,2.34846,2.34718,2.3481199999999998,452
2025-10-17 11:10:00,2.3481,2.34838,2.34736,2.34753,402
2025-10-17 11:15:00,2.34754,2.34777,2.34688,2.34754,397
2025-10-17 11:20:00,2.3474,2.3479,2.34681,2.34721,380
2025-10-17 11:25:00,2.34717,2.34743,2.34662,2.34727,358
2025-10-17 11:30:00,2.34729,2.34729,2.34622,2.34656,359
2025-10-17 11:35:00,2.34656,2.34737,2.34624,2.34725,316
2025-10-17 11:40:00,2.34728,2.34786,2.34719,2.3476,342
2025-10-17 11:45:00,2.34758,2.3479,2.3471,2.34728,306
2025-10-17 11:50:00,2.3473,2.34808,2.34706,2.3471,315
2025-10-17 11:55:00,2.34702,2.34713,2.34652,2.34663,322
2025-10-17 12:00:00,2.34662,2.34708,2.3461600000000002,2.34659,296
2025-10-17 12:05:00,2.34657,2.34707,2.34623,2.34706,281
2025-10-17 12:10:00,2.34708,2.34708,2.34636,2.34675,256
2025-10-17 12:15:00,2.34678,2.34697,2.34632,2.34673,259
2025-10-17 12:20:00,2.34675,2.34742,2.34662,2.34717,317
2025-10-17 12:25:00,2.34716,2.34743,2.3466,2.34661,312
2025-10-17 12:30:00,2.34664,2.34675,2.34611,2.34613,291
2025-10-17 12:35:00,2.34627,2.34648,2.34584,2.346,313
2025-10-17 12:40:00,2.34608,2.34732,2.34595,2.3473,275
2025-10-17 12:45:00,2.34729,2.34737,2.34607,2.34618,307
2025-10-17 12:50:00,2.34607,2.34618,2.34546,2.34589,246
2025-10-17 12:55:00,2.3459,2.34614,2.34528,2.34563,263
2025-10-17 13:00:00,2.34562,2.34562,2.34471,2.34475,291
2025-10-17 13:05:00,2.34481,2.34532,2.34472,2.34505,263
2025-10-17 13:10:00,2.34508,2.34593,2.34508,2.3455,199
2025-10-17 13:15:00,2.34552,2.34611,2.34501,2.3458,269
2025-10-17 13:20:00,2.34581,2.34617,2.34547,2.34617,283
2025-10-17 13:25:00,2.34612,2.34656,2.34573,2.34601,285
2025-10-17 13:30:00,2.34603,2.34606,2.34534,2.34546,356
2025-10-17 13:35:00,2.34552,2.346,2.34549,2.3457,293
2025-10-17 13:40:00,2.34566,2.34585,2.34529,2.34583,247
2025-10-17 13:45:00,2.34581,2.34583,2.3450699999999998,2.3453,300
2025-10-17 13:50:00,2.34531,2.34589,2.34403,2.34404,379
2025-10-17 13:55:00,2.34407,2.34409,2.34303,2.3436,426
2025-10-17 14:00:00,2.34369,2.34435,2.34259,2.34429,366
2025-10-17 14:05:00,2.34432,2.34525,2.34253,2.34275,424
2025-10-17 14:10:00,2.34278,2.34345,2.34081,2.34107,679
2025-10-17 14:15:00,2.34108,2.3422,2.34003,2.34187,598
2025-10-17 14:20:00,2.3419,2.34258,2.3415,2.34234,409
2025-10-17 14:25:00,2.34237,2.34315,2.34198,2.34279,348
2025-10-17 14:30:00,2.34276,2.34333,2.34221,2.34293,359
2025-10-17 14:35:00,2.34292,2.3438499999999998,2.34287,2.34353,305
2025-10-17 14:40:00,2.34351,2.34418,2.3432399999999998,2.34396,313
2025-10-17 14:45:00,2.34397,2.34425,2.3433,2.34375,317
2025-10-17 14:50:00,2.34377,2.34472,2.3437200000000002,2.34455,356
2025-10-17 14:55:00,2.34457,2.34528,2.34417,2.34475,350
2025-10-17 15:00:00,2.34476,2.34501,2.34434,2.34493,449
2025-10-17 15:05:00,2.34498,2.34503,2.34339,2.34353,418
2025-10-17 15:10:00,2.34355,2.34545,2.34316,2.34493,496
2025-10-17 15:15:00,2.34497,2.34608,2.34466,2.34592,491
2025-10-17 15:20:00,2.34594,2.34634,2.34559,2.34586,420
2025-10-17 15:25:00,2.34583,2.34698,2.34534,2.34672,438
2025-10-17 15:30:00,2.34668,2.34884,2.34658,2.34768,475
2025-10-17 15:35:00,2.34766,2.3477,2.34612,2.3468,466
2025-10-17 15:40:00,2.34678,2.34707,2.34614,2.34692,405
2025-10-17 15:45:00,2.34693,2.3471,2.34563,2.34581,416
2025-10-17 15:50:00,2.3458,2.34582,2.34482,2.34547,417
2025-10-17 15:55:00,2.34544,2.34599,2.34516,2.34593,443
2025-10-17 16:00:00,2.34593,2.3467000000000002,2.3453,2.3455500000000002,484
2025-10-17 16:05:00,2.34552,2.3456799999999998,2.34477,2.3451,387
2025-10-17 16:10:00,2.34509,2.34544,2.34475,2.34534,305
2025-10-17 16:15:00,2.34532,2.34672,2.34531,2.34638,331
2025-10-17 16:20:00,2.34637,2.3467700000000002,2.346,2.34611,381
2025-10-17 16:25:00,2.34611,2.34678,2.34592,2.3461,371
2025-10-17 16:30:00,2.34604,2.34779,2.34578,2.34644,555
2025-10-17 16:35:00,2.34646,2.34789,2.34627,2.34656,647
2025-10-17 16:40:00,2.34653,2.34757,2.34641,2.34682,596
2025-10-17 16:45:00,2.34684,2.3474,2.34624,2.34649,542
2025-10-17 16:50:00,2.3465,2.34682,2.3455,2.34582,474
2025-10-17 16:55:00,2.34581,2.34582,2.3443899999999998,2.34503,530
2025-10-17 17:00:00,2.34491,2.34593,2.34443,2.34536,638
2025-10-17 17:05:00,2.34535,2.34619,2.34515,2.34567,609
2025-10-17 17:10:00,2.3456799999999998,2.34621,2.34517,2.34579,555
2025-10-17 17:15:00,2.34578,2.34579,2.34414,2.34419,532
2025-10-17 17:20:00,2.34418,2.34512,2.34395,2.34499,514
2025-10-17 17:25:00,2.34501,2.34511,2.34394,2.34462,475
2025-10-17 17:30:00,2.34464,2.3455,2.3443300000000002,2.34493,495
2025-10-17 17:35:00,2.34491,2.3453,2.34435,2.34443,452
2025-10-17 17:40:00,2.34442,2.34513,2.34418,2.34472,440
2025-10-17 17:45:00,2.34469,2.34488,2.3439,2.34443,463
2025-10-17 17:50:00,2.34441,2.34443,2.34275,2.34294,520
2025-10-17 17:55:00,2.34298,2.34336,2.34175,2.34204,605
2025-10-17 18:00:00,2.34207,2.34241,2.34075,2.34136,567
2025-10-17 18:05:00,2.3413399999999998,2.3427,2.34128,2.34247,502
2025-10-17 18:10:00,2.34249,2.34345,2.34224,2.3431699999999998,483
2025-10-17 18:15:00,2.34316,2.3442,2.34281,2.34401,418
2025-10-17 18:20:00,2.34399,2.34441,2.34371,2.34406,422
2025-10-17 18:25:00,2.34407,2.3443899999999998,2.34339,2.3436500000000002,416
2025-10-17 18:30:00,2.34364,2.34458,2.34363,2.3443899999999998,414
2025-10-17 18:35:00,2.34441,2.3455,2.34427,2.34462,433
2025-10-17 18:40:00,2.34461,2.34527,2.34429,2.34502,439
2025-10-17 18:45:00,2.34503,2.34533,2.34424,2.34455,412
2025-10-17 18:50:00,2.34456,2.3453,2.34452,2.34528,406
2025-10-17 18:55:00,2.34529,2.34608,2.34529,2.3459,440
2025-10-17 19:00:00,2.34596,2.34608,2.34403,2.34425,369
2025-10-17 19:05:00,2.3442600000000002,2.34469,2.34406,2.34425,364
2025-10-17 19:10:00,2.3442600000000002,2.34522,2.3442600000000002,2.34498,372
2025-10-17 19:15:00,2.34493,2.34598,2.34451,2.34567,379
2025-10-17 19:20:00,2.3456799999999998,2.3460900000000002,2.34537,2.34553,318
2025-10-17 19:25:00,2.34554,2.34567,2.34491,2.34506,313
2025-10-17 19:30:00,2.34503,2.3453,2.34481,2.34509,294
2025-10-17 19:35:00,2.3451,2.3451,2.34434,2.34473,279
2025-10-17 19:40:00,2.34472,2.34497,2.34401,2.34451,334
2025-10-17 19:45:00,2.34451,2.34455,2.34415,2.3443,311
2025-10-17 19:50:00,2.34429,2.34488,2.34402,2.3447,357
2025-10-17 19:55:00,2.34469,2.34514,2.34418,2.34428,354
2025-10-17 20:00:00,2.34425,2.34436,2.34366,2.3439,405
2025-10-17 20:05:00,2.34394,2.34395,2.34291,2.34364,361
2025-10-17 20:10:00,2.34369,2.34391,2.34349,2.3437200000000002,284
2025-10-17 20:15:00,2.34371,2.3443300000000002,2.34345,2.34424,282
2025-10-17 20:20:00,2.34425,2.34448,2.34357,2.34371,254
2025-10-17 20:25:00,2.3437,2.34412,2.3437,2.34411,224
2025-10-17 20:30:00,2.34412,2.34443,2.34374,2.3438,287
2025-10-17 20:35:00,2.3437799999999998,2.34397,2.34357,2.34387,302
2025-10-17 20:40:00,2.34388,2.34402,2.34354,2.3439,261
2025-10-17 20:45:00,2.34392,2.34408,2.34344,2.3436500000000002,316
2025-10-17 20:50:00,2.34362,2.3437799999999998,2.34326,2.34333,244
2025-10-17 20:55:00,2.34335,2.34366,2.34281,2.34291,415
2025-10-17 21:00:00,2.3429,2.34323,2.3425599999999998,2.34319,338
2025-10-17 21:05:00,2.34319,2.3432,2.3426,2.34288,241
2025-10-17 21:10:00,2.3429,2.3429,2.34224,2.34237,274
2025-10-17 21:15:00,2.34238,2.3427,2.34193,2.34238,342
2025-10-17 21:20:00,2.34237,2.34358,2.34229,2.34347,266
2025-10-17 21:25:00,2.34347,2.34366,2.3431699999999998,2.3432399999999998,206
2025-10-17 21:30:00,2.34322,2.34397,2.34287,2.34381,216
2025-10-17 21:35:00,2.34382,2.34383,2.3431100000000002,2.34348,213
2025-10-17 21:40:00,2.34347,2.34359,2.34316,2.34332,196
2025-10-17 21:45:00,2.34331,2.3434,2.34296,2.34325,238
2025-10-17 21:50:00,2.3432399999999998,2.34332,2.34282,2.34283,185
2025-10-17 21:55:00,2.34283,2.3432,2.34277,2.343,249
2025-10-17 22:00:00,2.34301,2.34307,2.34184,2.34184,250
2025-10-17 22:05:00,2.34185,2.34229,2.34181,2.34205,208
2025-10-17 22:10:00,2.34206,2.34221,2.3418200000000002,2.3418200000000002,217
2025-10-17 22:15:00,2.34184,2.34207,2.34169,2.34199,188
2025-10-17 22:20:00,2.342,2.34206,2.34131,2.34133,174
2025-10-17 22:25:00,2.34131,2.34147,2.34071,2.3407999999999998,169
2025-10-17 22:30:00,2.34082,2.34127,2.34077,2.34124,235
2025-10-17 22:35:00,2.34126,2.34135,2.34103,2.34111,161
2025-10-17 22:40:00,2.34112,2.34138,2.34098,2.34128,171
2025-10-17 22:45:00,2.34127,2.34128,2.34078,2.34081,204
2025-10-17 22:50:00,2.3407999999999998,2.34122,2.34071,2.34114,239
2025-10-17 22:55:00,2.34112,2.34162,2.34107,2.34156,305
2025-10-17 23:00:00,2.34083,2.34098,2.34045,2.34048,212
2025-10-17 23:05:00,2.3405,2.34058,2.34022,2.34046,124
2025-10-17 23:10:00,2.34048,2.34074,2.34017,2.3405,190
2025-10-17 23:15:00,2.34056,2.34057,2.34005,2.34016,162
2025-10-17 23:20:00,2.34015,2.34018,2.33976,2.3401199999999998,137
2025-10-17 23:25:00,2.34014,2.34078,2.34008,2.34035,225
2025-10-17 23:30:00,2.34033,2.34107,2.34033,2.34098,114
2025-10-17 23:35:00,2.34102,2.34164,2.34102,2.34155,184
2025-10-17 23:40:00,2.34154,2.34289,2.34145,2.3428,190
2025-10-17 23:45:00,2.34277,2.34308,2.3424,2.3425000000000002,341
2025-10-17 23:50:00,2.34252,2.34432,2.3424,2.34412,342
2025-10-17 23:55:00,2.34464,2.34464,2.33963,2.33969,192
2025-10-20 00:00:00,2.3381600000000002,2.34101,2.3381600000000002,2.34041,6
2025-10-20 00:05:00,2.34041,2.34087,2.33606,2.33618,34
2025-10-20 00:10:00,2.3361,2.3361,2.33497,2.33544,67
2025-10-20 00:15:00,2.33909,2.34128,2.33866,2.34123,64
2025-10-20 00:20:00,2.34113,2.34119,2.34034,2.34034,82
2025-10-20 00:25:00,2.34022,2.3424300000000002,2.34011,2.34102,81
2025-10-20 00:30:00,2.34128,2.34224,2.34084,2.3412,102
2025-10-20 00:35:00,2.34123,2.34199,2.34107,2.34126,81
2025-10-20 00:40:00,2.34239,2.34247,2.34133,2.34247,53
2025-10-20 00:45:00,2.34253,2.34359,2.34183,2.34314,76
2025-10-20 00:50:00,2.34316,2.34436,2.34283,2.3443300000000002,152
2025-10-20 00:55:00,2.34427,2.34457,2.34329,2.34415,197
2025-10-20 01:00:00,2.3461600000000002,2.3461600000000002,2.34359,2.34408,205
2025-10-20 01:05:00,2.34406,2.34411,2.34285,2.34322,97
2025-10-20 01:10:00,2.34322,2.34341,2.34285,2.34301,119
2025-10-20 01:15:00,2.34301,2.3433,2.34295,2.34314,178
2025-10-20 01:20:00,2.34315,2.34331,2.34279,2.34313,149
2025-10-20 01:25:00,2.34312,2.34346,2.34287,2.34327,181
2025-10-20 01:30:00,2.34332,2.34333,2.34157,2.34158,165
2025-10-20 01:35:00,2.34157,2.34158,2.34089,2.34101,111
2025-10-20 01:40:00,2.34104,2.34148,2.34084,2.34132,157
2025-10-20 01:45:00,2.3413,2.34139,2.341,2.34108,101
2025-10-20 01:50:00,2.34106,2.34143,2.34067,2.34069,119
2025-10-20 01:55:00,2.34077,2.34112,2.34056,2.34058,97
2025-10-20 02:00:00,2.34081,2.34194,2.34081,2.34166,105
2025-10-20 02:05:00,2.34164,2.34201,2.34159,2.34176,116
2025-10-20 02:10:00,2.34177,2.34299,2.34168,2.34288,122
2025-10-20 02:15:00,2.34289,2.3431699999999998,2.34238,2.34248,122
2025-10-20 02:20:00,2.34246,2.34258,2.34192,2.34238,132
2025-10-20 02:25:00,2.34239,2.34281,2.34211,2.34257,132
2025-10-20 02:30:00,2.3425599999999998,2.34265,2.34163,2.34206,136
2025-10-20 02:35:00,2.34203,2.34252,2.34203,2.34239,83
2025-10-20 02:40:00,2.34235,2.34272,2.34222,2.34266,92
2025-10-20 02:45:00,2.34267,2.34346,2.34267,2.34279,168
2025-10-20 02:50:00,2.34277,2.34309,2.3425000000000002,2.34262,150
2025-10-20 02:55:00,2.3426299999999998,2.34265,2.34214,2.34233,132
2025-10-20 03:00:00,2.34236,2.34331,2.34184,2.34306,291
2025-10-20 03:05:00,2.34307,2.34342,2.34228,2.3424300000000002,211
2025-10-20 03:10:00,2.34241,2.34306,2.34226,2.34232,219
2025-10-20 03:15:00,2.3423,2.3424,2.34188,2.34206,197
2025-10-20 03:20:00,2.34205,2.34237,2.34173,2.34183,184
2025-10-20 03:25:00,2.34184,2.3427,2.3416,2.34259,211
2025-10-20 03:30:00,2.3426,2.34287,2.34237,2.34242,197
2025-10-20 03:35:00,2.3424300000000002,2.3424300000000002,2.34156,2.34169,206
2025-10-20 03:40:00,2.34168,2.3418900000000002,2.3413,2.34162,176
2025-10-20 03:45:00,2.34163,2.3423,2.34162,2.34203,174
2025-10-20 03:50:00,2.34205,2.34238,2.3419,2.34193,223
2025-10-20 03:55:00,2.3419499999999998,2.34214,2.34087,2.34169,235
2025-10-20 04:00:00,2.34167,2.34187,2.33954,2.3404,347
2025-10-20 04:05:00,2.34037,2.34076,2.33983,2.34014,220
2025-10-20 04:10:00,2.34007,2.34011,2.33915,2.33967,233
2025-10-20 04:15:00,2.33965,2.34034,2.3396,2.33995,229
2025-10-20 04:20:00,2.33995,2.34039,2.33991,2.34037,217
2025-10-20 04:25:00,2.34035,2.34049,2.33976,2.34002,220
2025-10-20 04:30:00,2.34005,2.34136,2.33977,2.34125,222
2025-10-20 04:35:00,2.34126,2.34198,2.34114,2.34178,191
2025-10-20 04:40:00,2.34177,2.34197,2.34152,2.3418900000000002,242
2025-10-20 04:45:00,2.34191,2.34216,2.34163,2.34163,213
2025-10-20 04:50:00,2.34161,2.3419,2.34147,2.34181,207
2025-10-20 04:55:00,2.34178,2.34209,2.34178,2.34199,198
2025-10-20 05:00:00,2.34196,2.34225,2.34129,2.34131,231
2025-10-20 05:05:00,2.34135,2.34135,2.3403,2.34055,173
2025-10-20 05:10:00,2.34055,2.34122,2.34044,2.34048,166
2025-10-20 05:15:00,2.34047,2.34126,2.34035,2.34106,140
2025-10-20 05:20:00,2.34105,2.34116,2.34068,2.3407299999999998,170
2025-10-20 05:25:00,2.34069,2.34096,2.34061,2.34095,180
2025-10-20 05:30:00,2.34096,2.34106,2.34055,2.34072,186
2025-10-20 05:35:00,2.34071,2.34155,2.34042,2.34095,183
2025-10-20 05:40:00,2.34098,2.34142,2.34093,2.34126,159
2025-10-20 05:45:00,2.34124,2.34153,2.34086,2.34116,130
2025-10-20 05:50:00,2.34118,2.34201,2.34104,2.34201,150
2025-10-20 05:55:00,2.342,2.34218,2.34167,2.34185,170
2025-10-20 06:00:00,2.34184,2.3420199999999998,2.34151,2.34196,139
2025-10-20 06:05:00,2.34197,2.34198,2.34147,2.3418200000000002,110
2025-10-20 06:10:00,2.34183,2.34205,2.34151,2.3420199999999998,113
2025-10-20 06:15:00,2.34204,2.34212,2.34146,2.34172,106
2025-10-20 06:20:00,2.3417,2.34171,2.34142,2.34144,78
2025-10-20 06:25:00,2.34149,2.34212,2.34146,2.34212,98
2025-10-20 06:30:00,2.3421,2.3421,2.34149,2.34149,84
2025-10-20 06:35:00,2.34147,2.34164,2.34131,2.34149,78
2025-10-20 06:40:00,2.34148,2.34148,2.34105,2.34128,91
2025-10-20 06:45:00,2.34131,2.34131,2.34085,2.34115,71
2025-10-20 06:50:00,2.34116,2.34289,2.3411,2.3423,176
2025-10-20 06:55:00,2.34239,2.34259,2.34215,2.34253,142
2025-10-20 07:00:00,2.34253,2.34253,2.34193,2.34208,151
2025-10-20 07:05:00,2.3421,2.34335,2.3421,2.34332,89
2025-10-20 07:10:00,2.34334,2.3434,2.34306,2.34312,88
2025-10-20 07:15:00,2.34306,2.34336,2.34296,2.34301,149
2025-10-20 07:20:00,2.34302,2.34302,2.34229,2.3426299999999998,77
2025-10-20 07:25:00,2.34262,2.34318,2.34255,2.34305,122
2025-10-20 07:30:00,2.34306,2.34306,2.3426,2.34301,104
2025-10-20 07:35:00,2.34303,2.34321,2.34282,2.34321,127
2025-10-20 07:40:00,2.3432399999999998,2.34327,2.3426299999999998,2.3426299999999998,135
2025-10-20 07:45:00,2.34262,2.34302,2.34252,2.34288,135
2025-10-20 07:50:00,2.34287,2.3432,2.34282,2.3432,109
2025-10-20 07:55:00,2.34318,2.34319,2.3420199999999998,2.34216,221
2025-10-20 08:00:00,2.34213,2.3424300000000002,2.34188,2.34221,191
2025-10-20 08:05:00,2.34222,2.34223,2.34162,2.34178,144
2025-10-20 08:10:00,2.34177,2.34199,2.3416,2.34193,139
2025-10-20 08:15:00,2.34191,2.3419499999999998,2.34161,2.3419499999999998,83
2025-10-20 08:20:00,2.34193,2.3419499999999998,2.34094,2.34112,133
2025-10-20 08:25:00,2.34114,2.34129,2.34094,2.34095,167
2025-10-20 08:30:00,2.341,2.3414099999999998,2.34083,2.34123,184
2025-10-20 08:35:00,2.34119,2.34131,2.34005,2.3402,195
2025-10-20 08:40:00,2.34023,2.34079,2.3401,2.3405,145
2025-10-20 08:45:00,2.34059,2.34103,2.34056,2.3409,118
2025-10-20 08:50:00,2.34088,2.34097,2.34055,2.3407,196
2025-10-20 08:55:00,2.34069,2.34147,2.34061,2.34136,198
2025-10-20 09:00:00,2.34139,2.34174,2.34092,2.341,361
2025-10-20 09:05:00,2.341,2.34177,2.34098,2.34105,308
2025-10-20 09:10:00,2.34116,2.34137,2.34054,2.34081,275
2025-10-20 09:15:00,2.3407999999999998,2.34164,2.34066,2.34138,309
2025-10-20 09:20:00,2.34146,2.34214,2.34129,2.34194,290
2025-10-20 09:25:00,2.34193,2.34194,2.3415,2.34173,333
2025-10-20 09:30:00,2.34173,2.34176,2.34099,2.34102,326
2025-10-20 09:35:00,2.34104,2.3413399999999998,2.34071,2.34085,260
2025-10-20 09:40:00,2.34082,2.34096,2.34007,2.3401199999999998,338
2025-10-20 09:45:00,2.34006,2.34041,2.33981,2.33989,245
2025-10-20 09:50:00,2.3399,2.34008,2.3396,2.34008,252
2025-10-20 09:55:00,2.34008,2.34045,2.33973,2.33983,394
2025-10-20 10:00:00,2.33979,2.34059,2.33973,2.33984,449
2025-10-20 10:05:00,2.33985,2.34009,2.33926,2.33945,363
2025-10-20 10:10:00,2.33953,2.33977,2.33894,2.33927,347
2025-10-20 10:15:00,2.33928,2.33987,2.3391,2.33936,295
2025-10-20 10:20:00,2.33937,2.33987,2.33903,2.3395,278
2025-10-20 10:25:00,2.33961,2.34043,2.33937,2.34043,286
2025-10-20 10:30:00,2.34042,2.34054,2.34,2.34016,329
2025-10-20 10:35:00,2.34021,2.34043,2.33969,2.34033,313
2025-10-20 10:40:00,2.3403,2.3403,2.33982,2.33982,293
2025-10-20 10:45:00,2.3398,2.34029,2.33961,2.34029,241
2025-10-20 10:50:00,2.34026,2.34092,2.34026,2.34046,274
2025-10-20 10:55:00,2.34045,2.34049,2.33963,2.33982,365
2025-10-20 11:00:00,2.33991,2.34024,2.33957,2.33979,396
2025-10-20 11:05:00,2.33988,2.34001,2.33962,2.33973,266
2025-10-20 11:10:00,2.33971,2.33988,2.33845,2.33846,269
2025-10-20 11:15:00,2.33843,2.33908,2.33805,2.33894,288
2025-10-20 11:20:00,2.33893,2.33952,2.3388999999999998,2.33935,226
2025-10-20 11:25:00,2.33934,2.3393800000000002,2.33889,2.33912,211
2025-10-20 11:30:00,2.33917,2.33929,2.33867,2.33878,237
2025-10-20 11:35:00,2.3388,2.33921,2.33859,2.33899,234
2025-10-20 11:40:00,2.339,2.33948,2.33889,2.33923,323
2025-10-20 11:45:00,2.33928,2.33981,2.33904,2.33967,292
2025-10-20 11:50:00,2.33969,2.33995,2.33923,2.33971,277
2025-10-20 11:55:00,2.33969,2.33979,2.33883,2.33975,359
2025-10-20 12:00:00,2.33979,2.34086,2.33953,2.3403,402
2025-10-20 12:05:00,2.3403,2.34099,2.34009,2.34045,356
2025-10-20 12:10:00,2.34047,2.34109,2.34023,2.3407999999999998,316
2025-10-20 12:15:00,2.34081,2.3413,2.34065,2.34123,274
2025-10-20 12:20:00,2.3412100000000002,2.34136,2.34082,2.34096,221
2025-10-20 12:25:00,2.34102,2.3418900000000002,2.341,2.34164,220
2025-10-20 12:30:00,2.34163,2.3424300000000002,2.34153,2.34231,271
2025-10-20 12:35:00,2.34231,2.34315,2.34218,2.34305,239
2025-10-20 12:40:00,2.34301,2.34335,2.34273,2.34307,235
2025-10-20 12:45:00,2.3431100000000002,2.34347,2.34285,2.34325,244
2025-10-20 12:50:00,2.34323,2.3433,2.3425599999999998,2.34269,330
2025-10-20 12:55:00,2.3428,2.34323,2.34257,2.34298,375
2025-10-20 13:00:00,2.34296,2.34351,2.34206,2.34211,273
2025-10-20 13:05:00,2.34213,2.3423,2.34161,2.34203,244
2025-10-20 13:10:00,2.34201,2.34239,2.34157,2.34168,269
2025-10-20 13:15:00,2.34162,2.34175,2.34118,2.34131,252
2025-10-20 13:20:00,2.3413399999999998,2.34164,2.3406000000000002,2.34061,254
2025-10-20 13:25:00,2.34061,2.34125,2.34047,2.34085,193
2025-10-20 13:30:00,2.34088,2.34196,2.34074,2.3418900000000002,216
2025-10-20 13:35:00,2.34188,2.34214,2.34154,2.342,216
2025-10-20 13:40:00,2.34201,2.34204,2.34137,2.34164,200
2025-10-20 13:45:00,2.34163,2.34168,2.34083,2.34099,207
2025-10-20 13:50:00,2.341,2.34146,2.3407999999999998,2.34107,237
2025-10-20 13:55:00,2.34108,2.34144,2.34081,2.34082,338
2025-10-20 14:00:00,2.34087,2.34119,2.34048,2.34108,351
2025-10-20 14:05:00,2.34109,2.34155,2.34091,2.34113,230
2025-10-20 14:10:00,2.34114,2.34114,2.34026,2.34045,232
2025-10-20 14:15:00,2.34043,2.34052,2.34001,2.3401899999999998,194
2025-10-20 14:20:00,2.34021,2.3406000000000002,2.34018,2.34018,214
2025-10-20 14:25:00,2.34018,2.34059,2.34003,2.34057,217
2025-10-20 14:30:00,2.34058,2.34062,2.33939,2.33965,382
2025-10-20 14:35:00,2.33965,2.34004,2.33959,2.33972,313
2025-10-20 14:40:00,2.33972,2.34109,2.33965,2.34029,326
2025-10-20 14:45:00,2.34027,2.34065,2.34016,2.34025,245
2025-10-20 14:50:00,2.34026,2.34111,2.3401,2.34055,243
2025-10-20 14:55:00,2.34054,2.34102,2.34013,2.34067,340
2025-10-20 15:00:00,2.34068,2.34152,2.34049,2.34151,383
2025-10-20 15:05:00,2.34142,2.34157,2.34116,2.34135,262
2025-10-20 15:10:00,2.34136,2.34139,2.34091,2.34113,308
2025-10-20 15:15:00,2.34112,2.34114,2.34034,2.34048,311
2025-10-20 15:20:00,2.34049,2.34063,2.33976,2.33988,314
2025-10-20 15:25:00,2.33985,2.34065,2.33985,2.34065,300
2025-10-20 15:30:00,2.34066,2.34067,2.3402,2.34052,314
2025-10-20 15:35:00,2.34055,2.34118,2.34055,2.34113,302
2025-10-20 15:40:00,2.34111,2.34206,2.34103,2.3418,376
2025-10-20 15:45:00,2.34185,2.34199,2.34163,2.34188,398
2025-10-20 15:50:00,2.34187,2.34205,2.34105,2.34174,277
2025-10-20 15:55:00,2.3417,2.34253,2.34149,2.34173,420
2025-10-20 16:00:00,2.34176,2.3418200000000002,2.34079,2.3415,430
2025-10-20 16:05:00,2.34151,2.3421,2.34138,2.34174,376
2025-10-20 16:10:00,2.34176,2.34236,2.34167,2.34212,349
2025-10-20 16:15:00,2.34213,2.34222,2.34127,2.34177,313
2025-10-20 16:20:00,2.3418,2.34192,2.34075,2.34096,306
2025-10-20 16:25:00,2.34089,2.34097,2.33934,2.33984,359
2025-10-20 16:30:00,2.33982,2.33983,2.33825,2.3387000000000002,420
2025-10-20 16:35:00,2.33861,2.33865,2.33706,2.33718,450
2025-10-20 16:40:00,2.33718,2.33729,2.33634,2.33698,386
2025-10-20 16:45:00,2.33696,2.33705,2.33639,2.33701,424
2025-10-20 16:50:00,2.33702,2.3371,2.33635,2.3366,362
2025-10-20 16:55:00,2.33665,2.33705,2.33608,2.33642,386
2025-10-20 17:00:00,2.33638,2.3368,2.33564,2.33655,402
2025-10-20 17:05:00,2.33658,2.33695,2.33622,2.33632,363
2025-10-20 17:10:00,2.33632,2.33644,2.33559,2.33616,366
2025-10-20 17:15:00,2.33614,2.33614,2.33522,2.33597,304
2025-10-20 17:20:00,2.33596,2.3361,2.33508,2.33538,342
2025-10-20 17:25:00,2.33539,2.33582,2.33495,2.3354,295
2025-10-20 17:30:00,2.33541,2.33677,2.33541,2.33674,306
2025-10-20 17:35:00,2.33673,2.33703,2.33569,2.33632,380
2025-10-20 17:40:00,2.33638,2.33641,2.33557,2.33612,331
2025-10-20 17:45:00,2.33605,2.33613,2.3351,2.33545,294
2025-10-20 17:50:00,2.33552,2.33611,2.33503,2.3351,355
2025-10-20 17:55:00,2.33507,2.33594,2.33496,2.33584,496
2025-10-20 18:00:00,2.33586,2.33603,2.3353,2.3355,466
2025-10-20 18:05:00,2.3355,2.33558,2.33484,2.33503,333
2025-10-20 18:10:00,2.3350400000000002,2.33515,2.3346,2.33493,315
2025-10-20 18:15:00,2.3349,2.33547,2.3346299999999998,2.3350400000000002,406
2025-10-20 18:20:00,2.33506,2.33523,2.33465,2.33478,363
2025-10-20 18:25:00,2.33475,2.33549,2.33473,2.33506,294
2025-10-20 18:30:00,2.33506,2.33521,2.33461,2.33498,276
2025-10-20 18:35:00,2.33498,2.33503,2.33362,2.33365,275
2025-10-20 18:40:00,2.33363,2.33392,2.3334099999999998,2.33369,290
2025-10-20 18:45:00,2.33373,2.33379,2.33273,2.33322,287
2025-10-20 18:50:00,2.33327,2.3345000000000002,2.33308,2.33374,412
2025-10-20 18:55:00,2.33372,2.33423,2.33371,2.33385,308
2025-10-20 19:00:00,2.33387,2.334,2.33366,2.33371,328
2025-10-20 19:05:00,2.33374,2.3338900000000002,2.33319,2.33319,264
2025-10-20 19:10:00,2.33318,2.33352,2.33276,2.33277,229
2025-10-20 19:15:00,2.33278,2.33298,2.3325,2.33264,320
2025-10-20 19:20:00,2.33266,2.3332,2.33258,2.33311,313
2025-10-20 19:25:00,2.33311,2.3334099999999998,2.33296,2.33337,240
2025-10-20 19:30:00,2.33331,2.33378,2.3332,2.33354,251
2025-10-20 19:35:00,2.33352,2.33354,2.33309,2.33342,240
2025-10-20 19:40:00,2.3334099999999998,2.33361,2.33327,2.33358,175
2025-10-20 19:45:00,2.33357,2.33413,2.33357,2.33398,145
2025-10-20 19:50:00,2.33399,2.33399,2.3336,2.33366,194
2025-10-20 19:55:00,2.33365,2.33379,2.3334799999999998,2.33358,207
2025-10-20 20:00:00,2.3336,2.33373,2.33266,2.33273,254
2025-10-20 20:05:00,2.33272,2.33306,2.33256,2.33285,192
2025-10-20 20:10:00,2.33284,2.33298,2.33255,2.33275,188
2025-10-20 20:15:00,2.33263,2.33283,2.33181,2.33182,260
2025-10-20 20:20:00,2.33184,2.33238,2.33184,2.33209,202
2025-10-20 20:25:00,2.33208,2.33252,2.33207,2.3323,169
2025-10-20 20:30:00,2.33232,2.33276,2.33225,2.33263,160
2025-10-20 20:35:00,2.3326000000000002,2.33283,2.33238,2.33251,183
2025-10-20 20:40:00,2.33248,2.33272,2.33243,2.33251,166
2025-10-20 20:45:00,2.33252,2.33275,2.33231,2.33255,174
2025-10-20 20:50:00,2.33256,2.33278,2.33224,2.33228,194
2025-10-20 20:55:00,2.33227,2.33252,2.33198,2.332,210
2025-10-20 21:00:00,2.33201,2.33208,2.33155,2.33192,217
2025-10-20 21:05:00,2.3319,2.33207,2.33156,2.33164,186
2025-10-20 21:10:00,2.33165,2.33176,2.33151,2.33169,152
2025-10-20 21:15:00,2.33173,2.33223,2.33169,2.3321899999999998,172
2025-10-20 21:20:00,2.33221,2.33258,2.3322,2.33257,161
2025-10-20 21:25:00,2.33255,2.333,2.33245,2.3329,165
2025-10-20 21:30:00,2.33292,2.33302,2.3326700000000002,2.33301,166
2025-10-20 21:35:00,2.33297,2.3332,2.3325,2.33255,169
2025-10-20 21:40:00,2.33251,2.33298,2.33251,2.33285,140
2025-10-20 21:45:00,2.33284,2.33326,2.33269,2.33316,152
2025-10-20 21:50:00,2.33317,2.33346,2.33317,2.3332800000000002,163
2025-10-20 21:55:00,2.3332800000000002,2.33359,2.33314,2.33346,255
2025-10-20 22:00:00,2.33343,2.33372,2.33303,2.33359,188
2025-10-20 22:05:00,2.33354,2.33365,2.33293,2.33295,157
2025-10-20 22:10:00,2.33297,2.3334799999999998,2.33297,2.33339,147
2025-10-20 22:15:00,2.33338,2.3334099999999998,2.33318,2.33325,110
2025-10-20 22:20:00,2.33324,2.33337,2.333,2.33329,88
2025-10-20 22:25:00,2.3332800000000002,2.33333,2.33315,2.3332800000000002,153
2025-10-20 22:30:00,2.33329,2.33339,2.33299,2.33304,167
2025-10-20 22:35:00,2.33302,2.33315,2.3329,2.33307,142
2025-10-20 22:40:00,2.33315,2.33335,2.33312,2.3333,126
2025-10-20 22:45:00,2.33329,2.3333,2.33293,2.33293,161
2025-10-20 22:50:00,2.33299,2.33313,2.33294,2.33305,156
2025-10-20 22:55:00,2.33307,2.33351,2.33301,2.33346,208
2025-10-20 23:00:00,2.33347,2.33347,2.33272,2.33343,208
2025-10-20 23:05:00,2.3335,2.33384,2.33342,2.33354,82
2025-10-20 23:10:00,2.33349,2.33374,2.33331,2.33368,91
2025-10-20 23:15:00,2.3337,2.33398,2.33329,2.33334,86
2025-10-20 23:20:00,2.33334,2.33369,2.3332800000000002,2.33333,82
2025-10-20 23:25:00,2.3333,2.33367,2.33286,2.33303,106
2025-10-20 23:30:00,2.33363,2.33363,2.33304,2.33305,80
2025-10-20 23:35:00,2.33305,2.33388,2.33286,2.33293,78
2025-10-20 23:40:00,2.33294,2.33301,2.3326000000000002,2.3327999999999998,105
2025-10-20 23:45:00,2.33277,2.33296,2.33277,2.33292,88
2025-10-20 23:50:00,2.3329,2.33342,2.33278,2.33307,154
2025-10-20 23:55:00,2.33365,2.33366,2.32961,2.32967,134
2025-10-21 00:00:00,2.33298,2.33298,2.33181,2.33231,11
2025-10-21 00:05:00,2.33272,2.33293,2.33126,2.33192,55
2025-10-21 00:10:00,2.33192,2.33192,2.33175,2.33175,30
2025-10-21 00:15:00,2.33271,2.33406,2.33265,2.3327999999999998,91
2025-10-21 00:20:00,2.33288,2.33385,2.33098,2.33336,126
2025-10-21 00:25:00,2.33334,2.3337,2.3326000000000002,2.33343,143
2025-10-21 00:30:00,2.33349,2.33354,2.33286,2.33286,144
2025-10-21 00:35:00,2.33283,2.33339,2.3327,2.33285,164
2025-10-21 00:40:00,2.3327999999999998,2.33288,2.3323,2.33266,130
2025-10-21 00:45:00,2.33265,2.33275,2.33201,2.3321899999999998,163
2025-10-21 00:50:00,2.33209,2.33249,2.33141,2.33215,137
2025-10-21 00:55:00,2.33212,2.33255,2.33119,2.33233,148
2025-10-21 01:00:00,2.33196,2.33295,2.33196,2.33295,199
2025-10-21 01:05:00,2.33294,2.33388,2.33275,2.33295,49
2025-10-21 01:10:00,2.33299,2.33308,2.33218,2.33274,87
2025-10-21 01:15:00,2.33225,2.3326000000000002,2.33201,2.33222,58
2025-10-21 01:20:00,2.33228,2.33229,2.33177,2.33179,133
2025-10-21 01:25:00,2.3318,2.33183,2.33164,2.33164,74
2025-10-21 01:30:00,2.33165,2.33195,2.33161,2.33189,65
2025-10-21 01:35:00,2.33187,2.33264,2.33166,2.33202,68
2025-10-21 01:40:00,2.33204,2.33243,2.33203,2.33217,99
2025-10-21 01:45:00,2.33218,2.3323,2.3320600000000002,2.33211,54
2025-10-21 01:50:00,2.33212,2.33212,2.33154,2.33177,88
2025-10-21 01:55:00,2.33179,2.33194,2.33162,2.33183,83
2025-10-21 02:00:00,2.33194,2.33268,2.33194,2.33238,105
2025-10-21 02:05:00,2.33238,2.33257,2.3322,2.3323,57
2025-10-21 02:10:00,2.33232,2.33236,2.33218,2.33234,62
2025-10-21 02:15:00,2.33233,2.33256,2.33223,2.33237,90
2025-10-21 02:20:00,2.33233,2.33257,2.3322599999999998,2.33252,63
2025-10-21 02:25:00,2.33256,2.33269,2.33232,2.33248,89
2025-10-21 02:30:00,2.33253,2.33288,2.3324,2.3327999999999998,83
2025-10-21 02:35:00,2.33278,2.33296,2.3325,2.33271,44
2025-10-21 02:40:00,2.33271,2.33303,2.33263,2.33301,56
2025-10-21 02:45:00,2.33302,2.33407,2.33294,2.334,98
2025-10-21 02:50:00,2.33403,2.33416,2.3335,2.33369,86
2025-10-21 02:55:00,2.33367,2.33377,2.33326,2.33362,108
2025-10-21 03:00:00,2.33363,2.33397,2.33325,2.33369,246
2025-10-21 03:05:00,2.33375,2.3338200000000002,2.33324,2.33337,253
2025-10-21 03:10:00,2.33338,2.33345,2.33319,2.3334,188
2025-10-21 03:15:00,2.33342,2.33342,2.33258,2.33271,167
2025-10-21 03:20:00,2.3327,2.33309,2.33263,2.33298,172
2025-10-21 03:25:00,2.33296,2.33307,2.3327999999999998,2.3327999999999998,152
2025-10-21 03:30:00,2.33283,2.33306,2.33269,2.33273,151
2025-10-21 03:35:00,2.33276,2.33276,2.33234,2.33239,96
2025-10-21 03:40:00,2.33242,2.33248,2.33195,2.3319900000000002,126
2025-10-21 03:45:00,2.33193,2.33241,2.33184,2.33195,167
2025-10-21 03:50:00,2.33196,2.33241,2.33196,2.33215,186
2025-10-21 03:55:00,2.3321,2.33258,2.33203,2.33238,230
2025-10-21 04:00:00,2.33236,2.33333,2.33212,2.33318,259
2025-10-21 04:05:00,2.33323,2.33332,2.33272,2.3328699999999998,193
2025-10-21 04:10:00,2.33289,2.33309,2.33253,2.33304,202
2025-10-21 04:15:00,2.33301,2.33322,2.3322599999999998,2.33318,225
2025-10-21 04:20:00,2.3332,2.33346,2.33316,2.33346,192
2025-10-21 04:25:00,2.33349,2.3338900000000002,2.33329,2.33373,155
2025-10-21 04:30:00,2.33372,2.33375,2.33326,2.33326,192
2025-10-21 04:35:00,2.33325,2.33356,2.3332,2.33332,183
2025-10-21 04:40:00,2.3333,2.33412,2.33316,2.33408,191
2025-10-21 04:45:00,2.3341,2.33433,2.33373,2.334,236
2025-10-21 04:50:00,2.3340199999999998,2.33411,2.33366,2.33405,195
2025-10-21 04:55:00,2.33407,2.33411,2.33373,2.3338200000000002,280
2025-10-21 05:00:00,2.33377,2.33433,2.33359,2.33387,265
2025-10-21 05:05:00,2.33383,2.33385,2.33316,2.3338,226
2025-10-21 05:10:00,2.33378,2.3343,2.3332100000000002,2.33349,239
2025-10-21 05:15:00,2.33345,2.33369,2.33303,2.33318,192
2025-10-21 05:20:00,2.33318,2.33357,2.33276,2.33338,152
2025-10-21 05:25:00,2.33333,2.33439,2.33324,2.33412,185
2025-10-21 05:30:00,2.33413,2.33551,2.3340899999999998,2.33428,199
2025-10-21 05:35:00,2.33426,2.3354,2.3340899999999998,2.33528,247
2025-10-21 05:40:00,2.33526,2.33606,2.33508,2.33603,260
2025-10-21 05:45:00,2.33604,2.33608,2.33516,2.33529,199
2025-10-21 05:50:00,2.33532,2.33564,2.33527,2.33556,140
2025-10-21 05:55:00,2.3356,2.33603,2.33551,2.33591,196
2025-10-21 06:00:00,2.33593,2.3361,2.3357,2.33595,181
2025-10-21 06:05:00,2.33593,2.33593,2.33527,2.33566,146
2025-10-21 06:10:00,2.3356500000000002,2.33628,2.33558,2.33627,137
2025-10-21 06:15:00,2.33628,2.33629,2.33561,2.33567,128
2025-10-21 06:20:00,2.3356500000000002,2.33567,2.33491,2.33496,133
2025-10-21 06:25:00,2.33497,2.33552,2.33497,2.33534,193
2025-10-21 06:30:00,2.33536,2.33611,2.33523,2.33583,129
2025-10-21 06:35:00,2.33582,2.33588,2.33483,2.335,147
2025-10-21 06:40:00,2.33498,2.33568,2.33483,2.3356,111
2025-10-21 06:45:00,2.33556,2.33695,2.33556,2.33688,123
2025-10-21 06:50:00,2.33691,2.33713,2.33673,2.33693,124
2025-10-21 06:55:00,2.33692,2.33692,2.3364599999999998,2.3367,137
2025-10-21 07:00:00,2.33669,2.3377,2.33669,2.33765,141
2025-10-21 07:05:00,2.33762,2.3381600000000002,2.33759,2.33808,105
2025-10-21 07:10:00,2.3380900000000002,2.3380900000000002,2.3371399999999998,2.3371399999999998,147
2025-10-21 07:15:00,2.33727,2.33743,2.33702,2.3372,111
2025-10-21 07:20:00,2.3371399999999998,2.33744,2.33704,2.33737,90
2025-10-21 07:25:00,2.33735,2.33764,2.33726,2.33745,115
2025-10-21 07:30:00,2.33746,2.33757,2.337,2.33744,180
2025-10-21 07:35:00,2.33741,2.33783,2.33736,2.33773,134
2025-10-21 07:40:00,2.33772,2.33781,2.33751,2.33759,128
2025-10-21 07:45:00,2.33757,2.3379,2.33738,2.33778,244
2025-10-21 07:50:00,2.33776,2.33807,2.33758,2.33771,222
2025-10-21 07:55:00,2.3377,2.33786,2.33696,2.33715,323
2025-10-21 08:00:00,2.33713,2.33777,2.33683,2.33764,236
2025-10-21 08:05:00,2.33757,2.33782,2.33704,2.33761,258
2025-10-21 08:10:00,2.33761,2.3379,2.33701,2.3375,226
2025-10-21 08:15:00,2.33743,2.33808,2.337,2.3372,256
2025-10-21 08:20:00,2.33718,2.33789,2.33718,2.33776,222
2025-10-21 08:25:00,2.33777,2.33794,2.33693,2.33733,182
2025-10-21 08:30:00,2.33736,2.33763,2.33678,2.33761,235
2025-10-21 08:35:00,2.33757,2.33822,2.33741,2.33752,232
2025-10-21 08:40:00,2.33757,2.3377499999999998,2.33715,2.33773,214
2025-10-21 08:45:00,2.33771,2.33839,2.33751,2.33808,284
2025-10-21 08:50:00,2.3380900000000002,2.33909,2.33806,2.3383,213
2025-10-21 08:55:00,2.33825,2.33908,2.33786,2.33834,285
2025-10-21 09:00:00,2.33831,2.33965,2.33831,2.33943,332
2025-10-21 09:05:00,2.33942,2.34027,2.33927,2.34017,299
2025-10-21 09:10:00,2.34014,2.34039,2.33952,2.33954,269
2025-10-21 09:15:00,2.33953,2.3397,2.33887,2.33965,294
2025-10-21 09:20:00,2.33978,2.33978,2.33888,2.33926,324
2025-10-21 09:25:00,2.3393,2.3394,2.3387700000000002,2.33882,263
2025-10-21 09:30:00,2.33887,2.33893,2.33844,2.3386,276
2025-10-21 09:35:00,2.33857,2.33936,2.33847,2.33935,317
2025-10-21 09:40:00,2.33934,2.33973,2.3391,2.3395,312
2025-10-21 09:45:00,2.33947,2.33995,2.33925,2.33995,311
2025-10-21 09:50:00,2.33994,2.34011,2.33923,2.33976,360
2025-10-21 09:55:00,2.33972,2.3399,2.33903,2.33968,384
2025-10-21 10:00:00,2.33967,2.3404,2.33959,2.34032,446
2025-10-21 10:05:00,2.34031,2.34106,2.33967,2.34024,395
2025-10-21 10:10:00,2.34025,2.3404,2.3399,2.3401899999999998,361
2025-10-21 10:15:00,2.34022,2.3403,2.33883,2.33907,339
2025-10-21 10:20:00,2.33906,2.3396,2.33885,2.33925,263
2025-10-21 10:25:00,2.33923,2.33986,2.33922,2.3398,294
2025-10-21 10:30:00,2.33986,2.34034,2.33965,2.33971,358
2025-10-21 10:35:00,2.3397,2.34052,2.33967,2.34035,422
2025-10-21 10:40:00,2.34038,2.34173,2.3402,2.34169,370
2025-10-21 10:45:00,2.3417,2.34218,2.3414,2.34171,367
2025-10-21 10:50:00,2.3417,2.34194,2.34132,2.3415,362
2025-10-21 10:55:00,2.34151,2.34255,2.34131,2.34248,453
2025-10-21 11:00:00,2.34254,2.34316,2.3419,2.34305,517
2025-10-21 11:05:00,2.34303,2.34398,2.34226,2.34241,446
2025-10-21 11:10:00,2.3424,2.3424300000000002,2.34167,2.34221,439
2025-10-21 11:15:00,2.34222,2.34282,2.34177,2.34261,427
2025-10-21 11:20:00,2.34267,2.34278,2.34181,2.34227,372
2025-10-21 11:25:00,2.34231,2.3425000000000002,2.34167,2.34167,332
2025-10-21 11:30:00,2.34163,2.3421,2.34138,2.34175,296
2025-10-21 11:35:00,2.34176,2.34176,2.34119,2.34133,247
2025-10-21 11:40:00,2.34138,2.34187,2.34135,2.34137,288
2025-10-21 11:45:00,2.34138,2.34159,2.34055,2.3407999999999998,381
2025-10-21 11:50:00,2.34081,2.34088,2.33998,2.3403,376
2025-10-21 11:55:00,2.34033,2.3416,2.34024,2.34079,388
2025-10-21 12:00:00,2.34079,2.34089,2.34013,2.34018,376
2025-10-21 12:05:00,2.34024,2.341,2.34002,2.34087,267
2025-10-21 12:10:00,2.34085,2.34112,2.3401899999999998,2.34039,284
2025-10-21 12:15:00,2.3404,2.34085,2.34027,2.34071,266
2025-10-21 12:20:00,2.34072,2.34123,2.3403,2.3407,262
2025-10-21 12:25:00,2.34069,2.34123,2.34036,2.34038,288
2025-10-21 12:30:00,2.34037,2.34116,2.34026,2.34106,284
2025-10-21 12:35:00,2.34104,2.34143,2.34079,2.34116,247
2025-10-21 12:40:00,2.34117,2.34192,2.34105,2.34147,182
2025-10-21 12:45:00,2.34153,2.34153,2.341,2.34128,223
2025-10-21 12:50:00,2.34129,2.34136,2.34093,2.34132,204
2025-10-21 12:55:00,2.34133,2.3418200000000002,2.34133,2.34169,225
2025-10-21 13:00:00,2.3417,2.34188,2.34138,2.34159,209
2025-10-21 13:05:00,2.34158,2.34168,2.34097,2.3411,217
2025-10-21 13:10:00,2.34115,2.34143,2.34074,2.3412100000000002,268
2025-10-21 13:15:00,2.34123,2.34172,2.34021,2.34053,387
2025-10-21 13:20:00,2.34052,2.34055,2.33975,2.33977,316
2025-10-21 13:25:00,2.33977,2.33993,2.33924,2.33944,232
2025-10-21 13:30:00,2.33942,2.33991,2.33914,2.33918,275
2025-10-21 13:35:00,2.33919,2.33923,2.33872,2.33923,242
2025-10-21 13:40:00,2.33927,2.3398,2.33916,2.3395799999999998,260
2025-10-21 13:45:00,2.33956,2.34023,2.33954,2.3397,286
2025-10-21 13:50:00,2.33968,2.3401899999999998,2.33932,2.34005,302
2025-10-21 13:55:00,2.34006,2.34103,2.33993,2.34083,350
2025-10-21 14:00:00,2.34085,2.34099,2.33993,2.34014,269
2025-10-21 14:05:00,2.34015,2.34032,2.33944,2.3401199999999998,251
2025-10-21 14:10:00,2.34014,2.34023,2.33976,2.34005,224
2025-10-21 14:15:00,2.34007,2.34084,2.33982,2.34071,291
2025-10-21 14:20:00,2.34065,2.34079,2.33947,2.33981,338
2025-10-21 14:25:00,2.33982,2.33995,2.33924,2.33928,273
2025-10-21 14:30:00,2.33927,2.3393800000000002,2.33868,2.33873,257
2025-10-21 14:35:00,2.33875,2.33878,2.33754,2.33754,249
2025-10-21 14:40:00,2.3375500000000002,2.33808,2.33743,2.3374800000000002,271
2025-10-21 14:45:00,2.33749,2.3375,2.33657,2.33692,256
2025-10-21 14:50:00,2.33691,2.33727,2.33655,2.33691,274
2025-10-21 14:55:00,2.3368700000000002,2.33868,2.33684,2.33848,444
2025-10-21 15:00:00,2.33852,2.33923,2.33824,2.33825,480
2025-10-21 15:05:00,2.33837,2.33837,2.33734,2.33745,339
2025-10-21 15:10:00,2.33743,2.33754,2.33664,2.33683,436
2025-10-21 15:15:00,2.33689,2.33733,2.33668,2.33701,330
2025-10-21 15:20:00,2.33696,2.33789,2.33695,2.33761,367
2025-10-21 15:25:00,2.33765,2.33785,2.33676,2.33703,285
2025-10-21 15:30:00,2.33709,2.33721,2.33644,2.33669,398
2025-10-21 15:35:00,2.33667,2.33706,2.33579,2.33606,462
2025-10-21 15:40:00,2.33607,2.3366,2.33604,2.33619,400
2025-10-21 15:45:00,2.33618,2.33654,2.33564,2.3359,333
2025-10-21 15:50:00,2.33596,2.33635,2.33554,2.33595,447
2025-10-21 15:55:00,2.33596,2.3367,2.33596,2.33625,466
2025-10-21 16:00:00,2.33624,2.33686,2.33586,2.33599,438
2025-10-21 16:05:00,2.33607,2.33691,2.33604,2.33651,477
2025-10-21 16:10:00,2.33652,2.3370699999999998,2.33628,2.33665,429
2025-10-21 16:15:00,2.33655,2.33667,2.33537,2.33541,488
2025-10-21 16:20:00,2.33544,2.33604,2.33542,2.33582,361
2025-10-21 16:25:00,2.3358499999999998,2.33614,2.33558,2.33577,296
2025-10-21 16:30:00,2.33573,2.33594,2.33527,2.33561,464
2025-10-21 16:35:00,2.3356,2.33677,2.33527,2.33617,458
2025-10-21 16:40:00,2.33622,2.3362600000000002,2.33518,2.33529,392
2025-10-21 16:45:00,2.3353099999999998,2.33603,2.33459,2.33596,496
2025-10-21 16:50:00,2.33597,2.33689,2.33574,2.33635,538
2025-10-21 16:55:00,2.33637,2.3377499999999998,2.33637,2.33734,571
2025-10-21 17:00:00,2.33749,2.33797,2.33591,2.33598,569
2025-10-21 17:05:00,2.33597,2.33611,2.33498,2.33539,472
2025-10-21 17:10:00,2.33539,2.33593,2.33441,2.33444,509
2025-10-21 17:15:00,2.33441,2.3346,2.33368,2.33404,486
2025-10-21 17:20:00,2.33398,2.33414,2.33314,2.33403,476
2025-10-21 17:25:00,2.33404,2.33449,2.33367,2.33386,432
2025-10-21 17:30:00,2.33374,2.33391,2.33311,2.33318,490
2025-10-21 17:35:00,2.3333,2.33339,2.33216,2.3326000000000002,500
2025-10-21 17:40:00,2.33261,2.33289,2.33216,2.33251,509
2025-10-21 17:45:00,2.33248,2.3327,2.3316,2.33188,505
2025-10-21 17:50:00,2.33187,2.33187,2.33005,2.33046,513
2025-10-21 17:55:00,2.3305,2.33139,2.33043,2.33111,535
2025-10-21 18:00:00,2.33113,2.3314,2.33017,2.33027,546
2025-10-21 18:05:00,2.33027,2.33118,2.32988,2.33108,480
2025-10-21 18:10:00,2.33106,2.33169,2.33075,2.33107,403
2025-10-21 18:15:00,2.33109,2.33259,2.33109,2.33235,444
2025-10-21 18:20:00,2.33233,2.3326000000000002,2.33197,2.33209,391
2025-10-21 18:25:00,2.3320600000000002,2.33233,2.33172,2.33181,384
2025-10-21 18:30:00,2.33183,2.332,2.33066,2.3307,357
2025-10-21 18:35:00,2.3307700000000002,2.3308400000000002,2.32958,2.32985,352
2025-10-21 18:40:00,2.32988,2.33008,2.32934,2.33008,297
2025-10-21 18:45:00,2.33006,2.3307,2.32946,2.33006,371
2025-10-21 18:50:00,2.33008,2.33054,2.3297,2.33,320
2025-10-21 18:55:00,2.32999,2.3303,2.32993,2.33013,290
2025-10-21 19:00:00,2.33013,2.33057,2.32957,2.32988,549
2025-10-21 19:05:00,2.32989,2.33012,2.32927,2.32953,389
2025-10-21 19:10:00,2.32949,2.32956,2.32893,2.3292,365
2025-10-21 19:15:00,2.32922,2.32939,2.32886,2.32917,341
2025-10-21 19:20:00,2.3291399999999998,2.3297499999999998,2.32903,2.32917,339
2025-10-21 19:25:00,2.32915,2.32935,2.32897,2.32919,280
2025-10-21 19:30:00,2.32918,2.32937,2.3289,2.32922,311
2025-10-21 19:35:00,2.32921,2.32963,2.32828,2.32828,303
2025-10-21 19:40:00,2.32827,2.32877,2.32822,2.32856,299
2025-10-21 19:45:00,2.32861,2.32915,2.32856,2.32882,281
2025-10-21 19:50:00,2.32881,2.32932,2.32872,2.32883,477
2025-10-21 19:55:00,2.32886,2.32908,2.32851,2.32867,452
2025-10-21 20:00:00,2.32865,2.32885,2.3283,2.32857,510
2025-10-21 20:05:00,2.32859,2.32859,2.32799,2.32836,337
2025-10-21 20:10:00,2.32839,2.32839,2.32797,2.32838,315
2025-10-21 20:15:00,2.32836,2.3288,2.32836,2.3287,314
2025-10-21 20:20:00,2.32864,2.3289400000000002,2.32841,2.32866,313
2025-10-21 20:25:00,2.32871,2.32892,2.3285,2.32861,302
2025-10-21 20:30:00,2.3286,2.32862,2.32822,2.32835,273
2025-10-21 20:35:00,2.3283300000000002,2.32849,2.32801,2.32803,249
2025-10-21 20:40:00,2.32805,2.32813,2.32733,2.32735,249
2025-10-21 20:45:00,2.32739,2.32764,2.3273099999999998,2.32762,219
2025-10-21 20:50:00,2.32762,2.32827,2.32759,2.32776,256
2025-10-21 20:55:00,2.32773,2.32821,2.32766,2.32806,242
2025-10-21 21:00:00,2.32806,2.32859,2.32787,2.32831,289
2025-10-21 21:05:00,2.32832,2.32832,2.3277,2.32783,227
2025-10-21 21:10:00,2.3278,2.32813,2.3277,2.3281,194
2025-10-21 21:15:00,2.32809,2.32836,2.32799,2.32809,221
2025-10-21 21:20:00,2.32808,2.32874,2.32789,2.3284000000000002,190
2025-10-21 21:25:00,2.32841,2.32882,2.32836,2.3287,164
2025-10-21 21:30:00,2.32871,2.32871,2.32818,2.32828,228
2025-10-21 21:35:00,2.32829,2.3284000000000002,2.3281,2.3282,179
2025-10-21 21:40:00,2.3282,2.32835,2.32798,2.32829,178
2025-10-21 21:45:00,2.32828,2.32855,2.32819,2.32844,191
2025-10-21 21:50:00,2.32843,2.32852,2.32771,2.32773,177
2025-10-21 21:55:00,2.3277200000000002,2.32813,2.32755,2.32796,221
2025-10-21 22:00:00,2.32798,2.3287,2.32796,2.32867,305
2025-10-21 22:05:00,2.32865,2.3289,2.32838,2.32861,264
2025-10-21 22:10:00,2.32866,2.32876,2.32829,2.3283300000000002,222
2025-10-21 22:15:00,2.32832,2.32847,2.32823,2.32841,204
2025-10-21 22:20:00,2.32842,2.3285,2.32821,2.32838,180
2025-10-21 22:25:00,2.32839,2.32845,2.3279199999999998,2.32807,180
2025-10-21 22:30:00,2.32805,2.32814,2.32793,2.328,164
2025-10-21 22:35:00,2.32802,2.32802,2.32781,2.32789,89
2025-10-21 22:40:00,2.32791,2.32806,2.32768,2.3278499999999998,200
2025-10-21 22:45:00,2.32784,2.32808,2.3271800000000002,2.32727,277
2025-10-21 22:50:00,2.32729,2.32749,2.32705,2.32714,271
2025-10-21 22:55:00,2.32719,2.32754,2.32687,2.32734,291
2025-10-21 23:00:00,2.3266299999999998,2.32774,2.3266299999999998,2.32774,217
2025-10-21 23:05:00,2.3278,2.32781,2.3272399999999998,2.32732,97
2025-10-21 23:10:00,2.3273,2.32746,2.32709,2.3274,90
2025-10-21 23:15:00,2.32741,2.32754,2.3272,2.32733,84
2025-10-21 23:20:00,2.32737,2.32803,2.32737,2.32764,64
2025-10-21 23:25:00,2.32759,2.32761,2.3272399999999998,2.3273099999999998,79
2025-10-21 23:30:00,2.32733,2.32767,2.32726,2.32729,71
2025-10-21 23:35:00,2.32728,2.32729,2.32701,2.3271,74
2025-10-21 23:40:00,2.3271100000000002,2.32733,2.32676,2.32687,70
2025-10-21 23:45:00,2.32691,2.32715,2.32689,2.3271100000000002,94
2025-10-21 23:50:00,2.32715,2.32767,2.32698,2.32715,90
2025-10-21 23:55:00,2.32791,2.32795,2.3243,2.32488,167
2025-10-22 00:00:00,2.32799,2.32811,2.32735,2.32811,14
2025-10-22 00:05:00,2.3283300000000002,2.3283300000000002,2.3262,2.32683,32
2025-10-22 00:10:00,2.32683,2.327,2.32682,2.32697,33
2025-10-22 00:15:00,2.3278499999999998,2.32838,2.32684,2.32797,62
2025-10-22 00:20:00,2.32791,2.32791,2.32682,2.32762,98
2025-10-22 00:25:00,2.32764,2.32811,2.32715,2.32784,108
2025-10-22 00:30:00,2.32782,2.32844,2.3275,2.32754,170
2025-10-22 00:35:00,2.32755,2.32791,2.32747,2.32782,141
2025-10-22 00:40:00,2.32783,2.32794,2.3276,2.32761,116
2025-10-22 00:45:00,2.32754,2.32771,2.32725,2.32736,102
2025-10-22 00:50:00,2.32743,2.32814,2.32743,2.32814,97
2025-10-22 00:55:00,2.32815,2.32815,2.32778,2.32805,166
2025-10-22 01:00:00,2.32848,2.32848,2.32714,2.32719,257
2025-10-22 01:05:00,2.32717,2.32763,2.32713,2.3276,65
2025-10-22 01:10:00,2.32761,2.3278,2.32719,2.32726,78
2025-10-22 01:15:00,2.32728,2.32797,2.32721,2.3272399999999998,80
2025-10-22 01:20:00,2.32726,2.32771,2.32719,2.3272,71
2025-10-22 01:25:00,2.32717,2.32737,2.3271100000000002,2.32721,58
2025-10-22 01:30:00,2.3272,2.32742,2.32707,2.3271800000000002,89
2025-10-22 01:35:00,2.3272399999999998,2.32765,2.32709,2.32762,74
2025-10-22 01:40:00,2.3276,2.32826,2.32742,2.32755,71
2025-10-22 01:45:00,2.32751,2.32799,2.32735,2.32796,35
2025-10-22 01:50:00,2.32745,2.32755,2.32736,2.3275,76
2025-10-22 01:55:00,2.3275,2.3276,2.32725,2.32758,137
2025-10-22 02:00:00,2.32767,2.32884,2.32767,2.32866,150
2025-10-22 02:05:00,2.32869,2.32873,2.32796,2.32796,91
2025-10-22 02:10:00,2.32798,2.32834,2.32798,2.32809,72
2025-10-22 02:15:00,2.32811,2.3285299999999998,2.32771,2.32832,107
2025-10-22 02:20:00,2.32822,2.32847,2.32806,2.32809,73
2025-10-22 02:25:00,2.32812,2.32829,2.32781,2.32782,72
2025-10-22 02:30:00,2.3278,2.32799,2.32751,2.32756,75
2025-10-22 02:35:00,2.32754,2.32768,2.32745,2.32752,87
2025-10-22 02:40:00,2.32753,2.32761,2.32732,2.32736,63
2025-10-22 02:45:00,2.32736,2.32819,2.32699,2.32784,124
2025-10-22 02:50:00,2.32783,2.32791,2.32738,2.32747,170
2025-10-22 02:55:00,2.32747,2.32752,2.32721,2.32737,202
2025-10-22 03:00:00,2.3274,2.32757,2.32666,2.32685,347
2025-10-22 03:05:00,2.32687,2.32765,2.3268,2.32758,328
2025-10-22 03:10:00,2.32757,2.32771,2.32686,2.32701,318
2025-10-22 03:15:00,2.32687,2.32827,2.32686,2.32794,302
2025-10-22 03:20:00,2.3279199999999998,2.3282,2.32751,2.32803,271
2025-10-22 03:25:00,2.32799,2.32821,2.32766,2.3277200000000002,272
2025-10-22 03:30:00,2.3277,2.32793,2.32747,2.32774,256
2025-10-22 03:35:00,2.32775,2.32802,2.32719,2.3274,209
2025-10-22 03:40:00,2.32738,2.3277900000000002,2.32679,2.32755,204
2025-10-22 03:45:00,2.32759,2.32765,2.3268,2.32682,192
2025-10-22 03:50:00,2.32681,2.32788,2.32675,2.32769,263
2025-10-22 03:55:00,2.32763,2.32867,2.32763,2.32865,277
2025-10-22 04:00:00,2.32878,2.32885,2.32814,2.32857,287
2025-10-22 04:05:00,2.32856,2.32875,2.32824,2.3285,276
2025-10-22 04:10:00,2.32851,2.32888,2.32816,2.3283300000000002,248
2025-10-22 04:15:00,2.32831,2.32856,2.32805,2.32847,184
2025-10-22 04:20:00,2.32856,2.32905,2.32849,2.32893,204
2025-10-22 04:25:00,2.32898,2.32915,2.32889,2.3291,161
2025-10-22 04:30:00,2.32909,2.32977,2.32909,2.32923,237
2025-10-22 04:35:00,2.32921,2.32937,2.32888,2.32909,216
2025-10-22 04:40:00,2.32908,2.3293,2.32882,2.32889,273
2025-10-22 04:45:00,2.32888,2.32919,2.32812,2.32847,259
2025-10-22 04:50:00,2.32849,2.32926,2.32821,2.32926,183
2025-10-22 04:55:00,2.32928,2.32928,2.32809,2.32831,147
2025-10-22 05:00:00,2.32829,2.32836,2.32799,2.32825,151
2025-10-22 05:05:00,2.32823,2.32835,2.32786,2.32801,150
2025-10-22 05:10:00,2.32803,2.32818,2.32679,2.32725,215
2025-10-22 05:15:00,2.32727,2.32735,2.32658,2.32685,203
2025-10-22 05:20:00,2.32687,2.32688,2.32598,2.32623,147
2025-10-22 05:25:00,2.32626,2.32644,2.32622,2.32636,137
2025-10-22 05:30:00,2.32639,2.32691,2.32638,2.3269,125
2025-10-22 05:35:00,2.32691,2.32775,2.32691,2.32767,126
2025-10-22 05:40:00,2.32771,2.3277200000000002,2.32708,2.32734,153
2025-10-22 05:45:00,2.32735,2.32748,2.32713,2.32721,170
2025-10-22 05:50:00,2.32721,2.32734,2.32704,2.32722,119
2025-10-22 05:55:00,2.32721,2.32726,2.32708,2.32717,112
2025-10-22 06:00:00,2.32715,2.32774,2.32708,2.32774,147
2025-10-22 06:05:00,2.3277,2.32771,2.32734,2.32738,124
2025-10-22 06:10:00,2.32738,2.32745,2.3269,2.32691,102
2025-10-22 06:15:00,2.32692,2.32701,2.32651,2.32694,89
2025-10-22 06:20:00,2.32696,2.32732,2.3269,2.32705,151
2025-10-22 06:25:00,2.32704,2.32733,2.32675,2.3268,140
2025-10-22 06:30:00,2.32678,2.32729,2.32676,2.32723,124
2025-10-22 06:35:00,2.32723,2.32734,2.3269,2.3269,158
2025-10-22 06:40:00,2.32688,2.32688,2.32651,2.32669,158
2025-10-22 06:45:00,2.32671,2.32677,2.326,2.32624,165
2025-10-22 06:50:00,2.32626,2.32634,2.32604,2.32633,128
2025-10-22 06:55:00,2.32632,2.32697,2.32605,2.3266,144
2025-10-22 07:00:00,2.32661,2.32673,2.32623,2.32653,168
2025-10-22 07:05:00,2.32655,2.32684,2.32604,2.32644,163
2025-10-22 07:10:00,2.32645,2.32648,2.32587,2.326,143
2025-10-22 07:15:00,2.3260199999999998,2.3260199999999998,2.32561,2.32563,122
2025-10-22 07:20:00,2.32561,2.3258900000000002,2.3252,2.32524,137
2025-10-22 07:25:00,2.32525,2.32588,2.32524,2.32582,123
2025-10-22 07:30:00,2.32581,2.326,2.32572,2.32572,94
2025-10-22 07:35:00,2.3257,2.3260899999999998,2.32569,2.32579,54
2025-10-22 07:40:00,2.32595,2.32607,2.32571,2.32578,78
2025-10-22 07:45:00,2.3258,2.32642,2.3257,2.32629,125
2025-10-22 07:50:00,2.32626,2.32638,2.3259600000000002,2.32637,121
2025-10-22 07:55:00,2.32635,2.32636,2.32569,2.32579,140
2025-10-22 08:00:00,2.32577,2.3259,2.32544,2.32575,186
2025-10-22 08:05:00,2.32576,2.32576,2.32533,2.32549,193
2025-10-22 08:10:00,2.32545,2.32587,2.32545,2.32571,131
2025-10-22 08:15:00,2.3257,2.32571,2.3252800000000002,2.32552,126
2025-10-22 08:20:00,2.32547,2.32631,2.32545,2.32586,154
2025-10-22 08:25:00,2.32584,2.32603,2.32551,2.32562,119
2025-10-22 08:30:00,2.3257,2.32573,2.32492,2.32503,162
2025-10-22 08:35:00,2.32502,2.32537,2.32479,2.32536,133
2025-10-22 08:40:00,2.32534,2.32542,2.325,2.32523,116
2025-10-22 08:45:00,2.32524,2.32527,2.32497,2.3252,137
2025-10-22 08:50:00,2.32521,2.32549,2.32501,2.32549,153
2025-10-22 08:55:00,2.32546,2.32557,2.32457,2.32501,250
2025-10-22 09:00:00,2.32497,2.32537,2.31859,2.31872,608
2025-10-22 09:05:00,2.31871,2.31926,2.31781,2.31858,513
2025-10-22 09:10:00,2.31859,2.31866,2.31707,2.31737,492
2025-10-22 09:15:00,2.31736,2.31742,2.31581,2.31581,434
2025-10-22 09:20:00,2.31582,2.31675,2.31535,2.31675,400
2025-10-22 09:25:00,2.31678,2.3182,2.3166,2.31743,446
2025-10-22 09:30:00,2.31745,2.31745,2.31505,2.31517,499
2025-10-22 09:35:00,2.31518,2.3156,2.3146,2.31493,361
2025-10-22 09:40:00,2.3149,2.31536,2.3139,2.31421,406
2025-10-22 09:45:00,2.31422,2.3156499999999998,2.31412,2.3154,404
2025-10-22 09:50:00,2.31537,2.31562,2.31489,2.31549,311
2025-10-22 09:55:00,2.3155,2.31574,2.31461,2.31574,397
2025-10-22 10:00:00,2.31573,2.31605,2.31409,2.31595,448
2025-10-22 10:05:00,2.31598,2.3168,2.31523,2.3168,343
2025-10-22 10:10:00,2.31679,2.31708,2.31625,2.31638,365
2025-10-22 10:15:00,2.3164,2.3168699999999998,2.31586,2.31621,412
2025-10-22 10:20:00,2.3162,2.31703,2.316,2.31664,373
2025-10-22 10:25:00,2.31666,2.31677,2.31599,2.31618,353
2025-10-22 10:30:00,2.31618,2.31708,2.31593,2.31677,344
2025-10-22 10:35:00,2.31675,2.3183,2.31675,2.31808,347
2025-10-22 10:40:00,2.31812,2.31812,2.31693,2.31742,324
2025-10-22 10:45:00,2.31738,2.31801,2.31725,2.31725,310
2025-10-22 10:50:00,2.31723,2.3179,2.31717,2.31739,287
2025-10-22 10:55:00,2.31741,2.31753,2.31581,2.316,349
2025-10-22 11:00:00,2.31598,2.31743,2.31578,2.31739,391
2025-10-22 11:05:00,2.31733,2.31774,2.31727,2.31763,356
2025-10-22 11:10:00,2.3176,2.31797,2.31655,2.3167400000000002,411
2025-10-22 11:15:00,2.31666,2.31762,2.31666,2.31691,412
2025-10-22 11:20:00,2.31693,2.31802,2.31688,2.31715,415
2025-10-22 11:25:00,2.31714,2.31778,2.3168699999999998,2.31776,309
2025-10-22 11:30:00,2.31776,2.31788,2.31708,2.31708,329
2025-10-22 11:35:00,2.31723,2.31741,2.31661,2.31726,331
2025-10-22 11:40:00,2.31727,2.3179,2.3172,2.31746,307
2025-10-22 11:45:00,2.31747,2.31805,2.31718,2.31734,379
2025-10-22 11:50:00,2.31736,2.31761,2.31699,2.31708,310
2025-10-22 11:55:00,2.31701,2.3181,2.31699,2.31744,333
2025-10-22 12:00:00,2.31743,2.3177,2.31712,2.3177,322
2025-10-22 12:05:00,2.31771,2.3179600000000002,2.31721,2.31732,330
2025-10-22 12:10:00,2.31722,2.31775,2.31711,2.31732,302
2025-10-22 12:15:00,2.31733,2.31775,2.31704,2.31723,319
2025-10-22 12:20:00,2.31721,2.31727,2.3167400000000002,2.31695,245
2025-10-22 12:25:00,2.31696,2.3175,2.31688,2.31737,248
2025-10-22 12:30:00,2.3174,2.31768,2.31714,2.31751,268
2025-10-22 12:35:00,2.31753,2.31817,2.31734,2.3179600000000002,251
2025-10-22 12:40:00,2.31795,2.31846,2.31792,2.31823,201
2025-10-22 12:45:00,2.31823,2.31899,2.31819,2.31845,164
2025-10-22 12:50:00,2.31848,2.31849,2.31813,2.31825,189
2025-10-22 12:55:00,2.31826,2.31834,2.3174,2.31767,208
2025-10-22 13:00:00,2.31765,2.31798,2.31754,2.31758,265
2025-10-22 13:05:00,2.3176,2.31801,2.31749,2.3179,249
2025-10-22 13:10:00,2.3178900000000002,2.31828,2.31776,2.31787,234
2025-10-22 13:15:00,2.31787,2.31831,2.31779,2.31812,198
2025-10-22 13:20:00,2.31812,2.31813,2.31757,2.31772,228
2025-10-22 13:25:00,2.31771,2.31778,2.3168699999999998,2.31701,302
2025-10-22 13:30:00,2.31702,2.31708,2.31657,2.31684,230
2025-10-22 13:35:00,2.3169,2.31794,2.3167,2.31752,277
2025-10-22 13:40:00,2.31751,2.31783,2.31707,2.31721,291
2025-10-22 13:45:00,2.3172,2.31787,2.3172,2.31773,262
2025-10-22 13:50:00,2.31773,2.3180899999999998,2.31762,2.31793,247
2025-10-22 13:55:00,2.318,2.3195,2.318,2.31917,341
2025-10-22 14:00:00,2.31919,2.31994,2.31844,2.31987,348
2025-10-22 14:05:00,2.31989,2.31997,2.31933,2.31981,300
2025-10-22 14:10:00,2.31983,2.3201,2.31941,2.31975,282
2025-10-22 14:15:00,2.31973,2.3199199999999998,2.3193,2.3193,318
2025-10-22 14:20:00,2.31925,2.3199199999999998,2.31901,2.3199199999999998,268
2025-10-22 14:25:00,2.31994,2.32007,2.31957,2.31996,250
2025-10-22 14:30:00,2.31995,2.32047,2.31957,2.32007,286
2025-10-22 14:35:00,2.32012,2.32029,2.31974,2.3202,304
2025-10-22 14:40:00,2.32017,2.32142,2.32004,2.32123,302
2025-10-22 14:45:00,2.32124,2.32148,2.32077,2.32148,289
2025-10-22 14:50:00,2.32144,2.32218,2.3214,2.32209,289
2025-10-22 14:55:00,2.32211,2.32282,2.32176,2.32237,398
2025-10-22 15:00:00,2.3223599999999998,2.32317,2.32166,2.32266,477
2025-10-22 15:05:00,2.32273,2.32312,2.32241,2.32296,311
2025-10-22 15:10:00,2.3229699999999998,2.32337,2.32204,2.32229,316
2025-10-22 15:15:00,2.3223,2.32239,2.32122,2.32154,327
2025-10-22 15:20:00,2.32158,2.32235,2.32141,2.32161,325
2025-10-22 15:25:00,2.32153,2.32153,2.32085,2.321,272
2025-10-22 15:30:00,2.32102,2.32107,2.32031,2.32054,310
2025-10-22 15:35:00,2.32066,2.32095,2.3197900000000002,2.31994,341
2025-10-22 15:40:00,2.31997,2.32019,2.31915,2.31925,323
2025-10-22 15:45:00,2.31926,2.32001,2.31831,2.31996,391
2025-10-22 15:50:00,2.31997,2.32067,2.31961,2.32038,453
2025-10-22 15:55:00,2.32039,2.32169,2.32014,2.32014,506
2025-10-22 16:00:00,2.32016,2.32077,2.31955,2.32005,463
2025-10-22 16:05:00,2.32003,2.3205999999999998,2.31923,2.32045,435
2025-10-22 16:10:00,2.32045,2.32051,2.31984,2.32015,315
2025-10-22 16:15:00,2.32016,2.32055,2.31964,2.3197,378
2025-10-22 16:20:00,2.31969,2.32082,2.31959,2.32082,350
2025-10-22 16:25:00,2.3208,2.32176,2.32067,2.32156,375
2025-10-22 16:30:00,2.3215500000000002,2.32225,2.32119,2.32225,518
2025-10-22 16:35:00,2.32222,2.32265,2.32171,2.32191,473
2025-10-22 16:40:00,2.32193,2.3221600000000002,2.32129,2.32177,439
2025-10-22 16:45:00,2.3217499999999998,2.32233,2.32125,2.32125,440
2025-10-22 16:50:00,2.32126,2.32194,2.32103,2.32185,408
2025-10-22 16:55:00,2.32186,2.32301,2.32172,2.32271,464
2025-10-22 17:00:00,2.32273,2.32378,2.32253,2.32342,546
2025-10-22 17:05:00,2.32341,2.32351,2.32252,2.32291,416
2025-10-22 17:10:00,2.32301,2.3235,2.32238,2.32319,360
2025-10-22 17:15:00,2.32315,2.32342,2.32232,2.32249,345
2025-10-22 17:20:00,2.32251,2.32334,2.32222,2.32326,394
2025-10-22 17:25:00,2.32337,2.32462,2.32311,2.32454,353
2025-10-22 17:30:00,2.32456,2.32514,2.3239,2.32465,460
2025-10-22 17:35:00,2.32466,2.32503,2.32416,2.32418,398
2025-10-22 17:40:00,2.3241899999999998,2.32614,2.32418,2.32614,381
2025-10-22 17:45:00,2.32617,2.32635,2.32435,2.32442,508
2025-10-22 17:50:00,2.32442,2.3259600000000002,2.32379,2.32584,447
2025-10-22 17:55:00,2.32583,2.32611,2.3253,2.32536,459
2025-10-22 18:00:00,2.32537,2.32575,2.32491,2.32494,519
2025-10-22 18:05:00,2.32494,2.32512,2.32454,2.32483,493
2025-10-22 18:10:00,2.32485,2.32509,2.3241899999999998,2.32423,423
2025-10-22 18:15:00,2.32422,2.32492,2.32405,2.32482,412
2025-10-22 18:20:00,2.32481,2.32559,2.32439,2.32485,448
2025-10-22 18:25:00,2.32471,2.32604,2.32447,2.32583,407
2025-10-22 18:30:00,2.32583,2.32599,2.32534,2.32556,466
2025-10-22 18:35:00,2.3256,2.32581,2.32491,2.32557,406
2025-10-22 18:40:00,2.32556,2.32572,2.32455,2.32469,365
2025-10-22 18:45:00,2.3246700000000002,2.32554,2.32424,2.32482,376
2025-10-22 18:50:00,2.32479,2.3251,2.32409,2.325,396
2025-10-22 18:55:00,2.32501,2.32532,2.32453,2.3247,417
2025-10-22 19:00:00,2.3246700000000002,2.32595,2.3246700000000002,2.32567,357
2025-10-22 19:05:00,2.32569,2.32569,2.32484,2.32502,264
2025-10-22 19:10:00,2.32505,2.3254799999999998,2.32505,2.32523,277
2025-10-22 19:15:00,2.32521,2.32543,2.3249,2.32531,231
2025-10-22 19:20:00,2.32533,2.32555,2.3252,2.3252800000000002,230
2025-10-22 19:25:00,2.32527,2.32527,2.32469,2.32484,249
2025-10-22 19:30:00,2.32482,2.32885,2.32482,2.32684,792
2025-10-22 19:35:00,2.32691,2.32732,2.32644,2.32695,598
2025-10-22 19:40:00,2.32697,2.32719,2.32608,2.32691,482
2025-10-22 19:45:00,2.32689,2.32701,2.3262,2.32686,433
2025-10-22 19:50:00,2.32681,2.3271800000000002,2.32576,2.32592,384
2025-10-22 19:55:00,2.32588,2.32627,2.3255,2.326,456
2025-10-22 20:00:00,2.3260199999999998,2.32701,2.32591,2.32676,405
2025-10-22 20:05:00,2.32675,2.32705,2.32634,2.32637,329
2025-10-22 20:10:00,2.32639,2.32695,2.32612,2.32683,362
2025-10-22 20:15:00,2.32684,2.32738,2.32666,2.32712,343
2025-10-22 20:20:00,2.32717,2.32781,2.327,2.32781,361
2025-10-22 20:25:00,2.3277,2.32807,2.32753,2.32774,334
2025-10-22 20:30:00,2.32777,2.32794,2.32736,2.32788,308
2025-10-22 20:35:00,2.32791,2.32842,2.32778,2.3282,256
2025-10-22 20:40:00,2.32819,2.3289400000000002,2.32818,2.32875,309
2025-10-22 20:45:00,2.32876,2.32882,2.3279,2.32813,284
2025-10-22 20:50:00,2.32815,2.32886,2.3281,2.32857,303
2025-10-22 20:55:00,2.32858,2.32874,2.32832,2.32862,293
2025-10-22 21:00:00,2.32863,2.32865,2.32712,2.32744,334
2025-10-22 21:05:00,2.32745,2.32827,2.32719,2.32815,225
2025-10-22 21:10:00,2.32813,2.32859,2.32782,2.32854,218
2025-10-22 21:15:00,2.3285,2.3291,2.32834,2.32863,184
2025-10-22 21:20:00,2.32861,2.32862,2.32762,2.32765,223
2025-10-22 21:25:00,2.32764,2.32801,2.3274,2.32782,225
2025-10-22 21:30:00,2.32781,2.3282,2.3276,2.32799,205
2025-10-22 21:35:00,2.32798,2.32811,2.32773,2.32791,275
2025-10-22 21:40:00,2.32788,2.3282,2.32741,2.3277,283
2025-10-22 21:45:00,2.32773,2.32784,2.32702,2.32729,249
2025-10-22 21:50:00,2.3273,2.32753,2.32714,2.3273,220
2025-10-22 21:55:00,2.32732,2.32765,2.3271800000000002,2.32741,215
2025-10-22 22:00:00,2.32742,2.32762,2.32708,2.3271800000000002,333
2025-10-22 22:05:00,2.32719,2.32727,2.32675,2.32698,219
2025-10-22 22:10:00,2.327,2.32734,2.32677,2.32732,189
2025-10-22 22:15:00,2.3273,2.32747,2.32715,2.3272399999999998,187
2025-10-22 22:20:00,2.32723,2.3273099999999998,2.32688,2.32717,237
2025-10-22 22:25:00,2.32721,2.32738,2.32675,2.3271,189
2025-10-22 22:30:00,2.32709,2.32722,2.32677,2.32693,235
2025-10-22 22:35:00,2.32691,2.327,2.32675,2.32691,188
2025-10-22 22:40:00,2.32691,2.32723,2.32676,2.32717,165
2025-10-22 22:45:00,2.32715,2.3271800000000002,2.3266,2.32665,166
2025-10-22 22:50:00,2.32666,2.32693,2.32662,2.32679,204
2025-10-22 22:55:00,2.32678,2.32698,2.32645,2.3265700000000002,223
2025-10-22 23:00:00,2.32588,2.32643,2.32581,2.32637,202
2025-10-22 23:05:00,2.32635,2.32672,2.32626,2.32672,125
2025-10-22 23:10:00,2.3266999999999998,2.32719,2.32652,2.3266999999999998,56
2025-10-22 23:15:00,2.3266999999999998,2.32674,2.32647,2.32647,86
2025-10-22 23:20:00,2.32648,2.32682,2.32648,2.32674,57
2025-10-22 23:25:00,2.32678,2.32696,2.32675,2.32688,56
2025-10-22 23:30:00,2.32688,2.32778,2.3268,2.32682,44
2025-10-22 23:35:00,2.32684,2.32688,2.32625,2.32643,101
2025-10-22 23:40:00,2.32641,2.32697,2.32621,2.32675,96
2025-10-22 23:45:00,2.32677,2.32701,2.32662,2.327,116
2025-10-22 23:50:00,2.32699,2.327,2.32658,2.32667,146
2025-10-22 23:55:00,2.3271800000000002,2.3271800000000002,2.32413,2.32423,143
2025-10-23 00:00:00,2.32529,2.32631,2.32529,2.32571,18
2025-10-23 00:05:00,2.32571,2.32571,2.32317,2.32437,44
2025-10-23 00:10:00,2.32417,2.32508,2.32415,2.32464,71
2025-10-23 00:15:00,2.32594,2.32612,2.3258,2.32594,73
2025-10-23 00:20:00,2.32597,2.32597,2.3251,2.32523,140
2025-10-23 00:25:00,2.32531,2.32531,2.32453,2.32471,90
2025-10-23 00:30:00,2.32469,2.32563,2.32462,2.32563,78
2025-10-23 00:35:00,2.32561,2.32561,2.32471,2.3252,106
2025-10-23 00:40:00,2.3258900000000002,2.3258900000000002,2.32517,2.32557,140
2025-10-23 00:45:00,2.32558,2.32563,2.32536,2.32546,118
2025-10-23 00:50:00,2.32547,2.32549,2.3253,2.32538,109
2025-10-23 00:55:00,2.32534,2.32594,2.3251,2.32531,242
2025-10-23 01:00:00,2.32566,2.3269,2.32555,2.32624,129
2025-10-23 01:05:00,2.32622,2.3264,2.326,2.32613,60
2025-10-23 01:10:00,2.32614,2.32625,2.32577,2.32577,66
2025-10-23 01:15:00,2.32571,2.3260199999999998,2.32557,2.32564,103
2025-10-23 01:20:00,2.32565,2.32593,2.32563,2.3258900000000002,74
2025-10-23 01:25:00,2.32592,2.32619,2.32567,2.32581,65
2025-10-23 01:30:00,2.3258,2.32693,2.3258,2.32643,77
2025-10-23 01:35:00,2.32644,2.32693,2.32637,2.32644,79
2025-10-23 01:40:00,2.32641,2.32653,2.32636,2.32653,92
2025-10-23 01:45:00,2.32652,2.32682,2.32647,2.32682,89
2025-10-23 01:50:00,2.3268,2.32691,2.32626,2.32631,236
2025-10-23 01:55:00,2.32632,2.32655,2.32623,2.32653,103
2025-10-23 02:00:00,2.32662,2.32727,2.32662,2.3272,104
2025-10-23 02:05:00,2.32719,2.32747,2.32716,2.32742,68
2025-10-23 02:10:00,2.32741,2.32761,2.32738,2.32746,112
2025-10-23 02:15:00,2.32748,2.32769,2.32747,2.32762,90
2025-10-23 02:20:00,2.32762,2.32791,2.32751,2.32751,96
2025-10-23 02:25:00,2.32747,2.32787,2.32742,2.32778,113
2025-10-23 02:30:00,2.32764,2.32764,2.32725,2.3274,118
2025-10-23 02:35:00,2.32742,2.32762,2.32721,2.32742,83
2025-10-23 02:40:00,2.32747,2.32762,2.32738,2.32742,122
2025-10-23 02:45:00,2.32742,2.3276,2.32671,2.32678,194
2025-10-23 02:50:00,2.3268,2.32703,2.3265700000000002,2.32681,110
2025-10-23 02:55:00,2.32683,2.32748,2.32683,2.3272,147
2025-10-23 03:00:00,2.32717,2.32773,2.32695,2.32734,297
2025-10-23 03:05:00,2.32734,2.32737,2.32651,2.32686,213
2025-10-23 03:10:00,2.32688,2.32695,2.32632,2.32655,169
2025-10-23 03:15:00,2.3265700000000002,2.3266299999999998,2.32612,2.3264,194
2025-10-23 03:20:00,2.32639,2.32644,2.32587,2.32603,212
2025-10-23 03:25:00,2.32604,2.3262,2.32547,2.32552,187
2025-10-23 03:30:00,2.32554,2.32571,2.32521,2.3254,165
2025-10-23 03:35:00,2.3254,2.32551,2.32506,2.32515,135
2025-10-23 03:40:00,2.32514,2.32539,2.32501,2.3253,134
2025-10-23 03:45:00,2.32529,2.32544,2.32512,2.32523,171
2025-10-23 03:50:00,2.32518,2.32535,2.32475,2.32498,177
2025-10-23 03:55:00,2.32495,2.32503,2.32433,2.32448,176
2025-10-23 04:00:00,2.32446,2.32446,2.32379,2.32381,251
2025-10-23 04:05:00,2.32378,2.32447,2.32376,2.32437,162
2025-10-23 04:10:00,2.32436,2.32452,2.32411,2.3242599999999998,140
2025-10-23 04:15:00,2.32425,2.3243,2.32375,2.32396,219
2025-10-23 04:20:00,2.32398,2.32433,2.32394,2.3243,172
2025-10-23 04:25:00,2.32429,2.32464,2.32383,2.32455,190
2025-10-23 04:30:00,2.32461,2.32466,2.32412,2.32446,214
2025-10-23 04:35:00,2.32459,2.32465,2.32429,2.32463,179
2025-10-23 04:40:00,2.32462,2.32508,2.32439,2.32508,180
2025-10-23 04:45:00,2.32506,2.32543,2.32496,2.32537,170
2025-10-23 04:50:00,2.32538,2.32551,2.32507,2.32532,181
2025-10-23 04:55:00,2.32529,2.32593,2.32523,2.32593,209
2025-10-23 05:00:00,2.3259,2.32643,2.3256,2.32624,244
2025-10-23 05:05:00,2.32632,2.32666,2.3260199999999998,2.32653,182
2025-10-23 05:10:00,2.3265700000000002,2.32716,2.32647,2.32716,148
2025-10-23 05:15:00,2.32715,2.32752,2.32679,2.32738,182
2025-10-23 05:20:00,2.3274,2.32741,2.32671,2.32698,137
2025-10-23 05:25:00,2.32699,2.32726,2.32692,2.32705,147
2025-10-23 05:30:00,2.32707,2.3273,2.32682,2.32685,157
2025-10-23 05:35:00,2.32681,2.3269,2.32601,2.32605,157
2025-10-23 05:40:00,2.32603,2.32677,2.32578,2.32666,162
2025-10-23 05:45:00,2.32664,2.32677,2.32629,2.32629,140
2025-10-23 05:50:00,2.32629,2.3264,2.32587,2.32617,118
2025-10-23 05:55:00,2.32616,2.32662,2.32614,2.32662,179
2025-10-23 06:00:00,2.3266,2.3269,2.32644,2.32647,165
2025-10-23 06:05:00,2.32644,2.32677,2.32637,2.32668,117
2025-10-23 06:10:00,2.3266299999999998,2.32671,2.32622,2.32654,116
2025-10-23 06:15:00,2.32659,2.32664,2.32582,2.32595,121
2025-10-23 06:20:00,2.32597,2.32603,2.32555,2.32597,116
2025-10-23 06:25:00,2.32598,2.3266299999999998,2.32597,2.32647,112
2025-10-23 06:30:00,2.32646,2.32701,2.32639,2.3269,156
2025-10-23 06:35:00,2.32689,2.32739,2.32681,2.3273,125
2025-10-23 06:40:00,2.32727,2.3277900000000002,2.32721,2.3277900000000002,169
2025-10-23 06:45:00,2.32774,2.32836,2.32773,2.32826,115
2025-10-23 06:50:00,2.32827,2.32883,2.32808,2.32859,155
2025-10-23 06:55:00,2.3286,2.329,2.32838,2.3285299999999998,159
2025-10-23 07:00:00,2.32854,2.32856,2.32741,2.32762,170
2025-10-23 07:05:00,2.3276,2.32783,2.32707,2.32734,146
2025-10-23 07:10:00,2.32732,2.32777,2.32725,2.32765,119
2025-10-23 07:15:00,2.32763,2.32795,2.32742,2.32795,110
2025-10-23 07:20:00,2.32794,2.32811,2.32776,2.32797,93
2025-10-23 07:25:00,2.3279199999999998,2.32804,2.32776,2.32794,97
2025-10-23 07:30:00,2.32795,2.32795,2.32761,2.32774,120
2025-10-23 07:35:00,2.32776,2.32803,2.3277,2.32776,78
2025-10-23 07:40:00,2.32774,2.3277900000000002,2.32709,2.32726,138
2025-10-23 07:45:00,2.3273,2.32766,2.32714,2.32728,134
2025-10-23 07:50:00,2.32729,2.32766,2.32728,2.32755,83
2025-10-23 07:55:00,2.32752,2.32768,2.32721,2.32743,123
2025-10-23 08:00:00,2.32742,2.32765,2.32721,2.32746,91
2025-10-23 08:05:00,2.32744,2.32764,2.3272399999999998,2.32734,111
2025-10-23 08:10:00,2.32716,2.32746,2.32683,2.32705,114
2025-10-23 08:15:00,2.32703,2.32745,2.32699,2.32713,91
2025-10-23 08:20:00,2.3271100000000002,2.3278,2.32703,2.32778,94
2025-10-23 08:25:00,2.3277900000000002,2.3278499999999998,2.32753,2.32762,128
2025-10-23 08:30:00,2.32765,2.32787,2.32757,2.3277200000000002,109
2025-10-23 08:35:00,2.32774,2.32814,2.32774,2.32813,106
2025-10-23 08:40:00,2.32815,2.32847,2.32764,2.32767,112
2025-10-23 08:45:00,2.32766,2.32769,2.3272,2.32736,103
2025-10-23 08:50:00,2.32735,2.32778,2.32715,2.32744,158
2025-10-23 08:55:00,2.32746,2.328,2.32744,2.32773,246
2025-10-23 09:00:00,2.32769,2.32769,2.32575,2.32639,274
2025-10-23 09:05:00,2.32638,2.32675,2.32598,2.3265700000000002,294
2025-10-23 09:10:00,2.32658,2.32677,2.326,2.3265700000000002,304
2025-10-23 09:15:00,2.32658,2.3271,2.32625,2.32688,278
2025-10-23 09:20:00,2.32687,2.32715,2.32662,2.32706,217
2025-10-23 09:25:00,2.32697,2.32701,2.32632,2.32654,251
2025-10-23 09:30:00,2.32654,2.32658,2.32552,2.32569,304
2025-10-23 09:35:00,2.32568,2.32653,2.32555,2.32582,262
2025-10-23 09:40:00,2.32576,2.32576,2.32509,2.32564,268
2025-10-23 09:45:00,2.32565,2.32584,2.32485,2.32549,255
2025-10-23 09:50:00,2.32554,2.32554,2.32455,2.32502,237
2025-10-23 09:55:00,2.32502,2.32542,2.3245,2.3254099999999998,302
2025-10-23 10:00:00,2.32542,2.32549,2.32394,2.32402,352
2025-10-23 10:05:00,2.3239900000000002,2.32453,2.32379,2.32432,290
2025-10-23 10:10:00,2.3242,2.32427,2.32354,2.32386,257
2025-10-23 10:15:00,2.32384,2.32509,2.32356,2.32447,267
2025-10-23 10:20:00,2.32449,2.32468,2.32384,2.3239,271
2025-10-23 10:25:00,2.32392,2.3239900000000002,2.32273,2.32285,247
2025-10-23 10:30:00,2.32282,2.32322,2.32242,2.32251,253
2025-10-23 10:35:00,2.32252,2.32329,2.32247,2.32317,281
2025-10-23 10:40:00,2.32318,2.32364,2.32283,2.32337,262
2025-10-23 10:45:00,2.32344,2.3234500000000002,2.32299,2.32319,222
2025-10-23 10:50:00,2.32321,2.32352,2.32308,2.32341,241
2025-10-23 10:55:00,2.32343,2.32356,2.32271,2.32315,281
2025-10-23 11:00:00,2.32317,2.32328,2.32208,2.32227,331
2025-10-23 11:05:00,2.32222,2.32301,2.3217,2.32289,291
2025-10-23 11:10:00,2.32293,2.32325,2.3224299999999998,2.3228400000000002,261
2025-10-23 11:15:00,2.32282,2.32314,2.3225,2.32302,300
2025-10-23 11:20:00,2.32301,2.32303,2.32192,2.32199,225
2025-10-23 11:25:00,2.32198,2.32285,2.32196,2.32259,206
2025-10-23 11:30:00,2.32257,2.32278,2.32167,2.32201,239
2025-10-23 11:35:00,2.322,2.3228400000000002,2.32176,2.32247,213
2025-10-23 11:40:00,2.32244,2.32275,2.32201,2.32214,230
2025-10-23 11:45:00,2.3222300000000002,2.32233,2.32173,2.322,271
2025-10-23 11:50:00,2.32211,2.32228,2.32172,2.32205,221
2025-10-23 11:55:00,2.32204,2.32353,2.32181,2.32352,260
2025-10-23 12:00:00,2.32354,2.32368,2.3228400000000002,2.32287,267
2025-10-23 12:05:00,2.32286,2.32286,2.32148,2.32187,219
2025-10-23 12:10:00,2.32189,2.32283,2.32188,2.32248,200
2025-10-23 12:15:00,2.32252,2.32318,2.32221,2.32227,195
2025-10-23 12:20:00,2.32226,2.32306,2.32226,2.32258,206
2025-10-23 12:25:00,2.3226,2.32326,2.32257,2.32311,227
2025-10-23 12:30:00,2.32312,2.32339,2.3229,2.32327,203
2025-10-23 12:35:00,2.32327,2.3235799999999998,2.3227,2.3229,171
2025-10-23 12:40:00,2.32289,2.32316,2.32255,2.32264,190
2025-10-23 12:45:00,2.32265,2.32307,2.32256,2.32271,192
2025-10-23 12:50:00,2.32264,2.32279,2.32224,2.32225,198
2025-10-23 12:55:00,2.32228,2.3224,2.3218199999999998,2.32197,208
2025-10-23 13:00:00,2.32197,2.32227,2.32154,2.32227,236
2025-10-23 13:05:00,2.3222300000000002,2.32233,2.3215,2.32196,166
2025-10-23 13:10:00,2.32195,2.32234,2.32163,2.32232,173
2025-10-23 13:15:00,2.32235,2.32251,2.32194,2.3223599999999998,169
2025-10-23 13:20:00,2.32235,2.3229,2.32235,2.3229,171
2025-10-23 13:25:00,2.32289,2.32306,2.32261,2.32269,204
2025-10-23 13:30:00,2.32268,2.32333,2.32268,2.32332,192
2025-10-23 13:35:00,2.32333,2.32334,2.32285,2.32306,162
2025-10-23 13:40:00,2.32307,2.32339,2.32292,2.3233,195
2025-10-23 13:45:00,2.32329,2.32335,2.32294,2.32309,268
2025-10-23 13:50:00,2.323,2.32329,2.32263,2.32288,208
2025-10-23 13:55:00,2.32287,2.32287,2.32191,2.32234,307
2025-10-23 14:00:00,2.32235,2.32256,2.32215,2.32252,289
2025-10-23 14:05:00,2.32254,2.32274,2.32207,2.3223599999999998,240
2025-10-23 14:10:00,2.3223599999999998,2.3229699999999998,2.32208,2.32288,248
2025-10-23 14:15:00,2.32289,2.32322,2.32256,2.32309,216
2025-10-23 14:20:00,2.32312,2.3232,2.32291,2.32308,180
2025-10-23 14:25:00,2.32307,2.32316,2.3227,2.32274,154
2025-10-23 14:30:00,2.32275,2.32308,2.32261,2.32292,215
2025-10-23 14:35:00,2.32293,2.323,2.32222,2.32235,224
2025-10-23 14:40:00,2.32238,2.32271,2.32221,2.3224,162
2025-10-23 14:45:00,2.32238,2.32259,2.322,2.32218,200
2025-10-23 14:50:00,2.32219,2.32247,2.32198,2.32222,208
2025-10-23 14:55:00,2.32231,2.3227,2.32227,2.32252,298
2025-10-23 15:00:00,2.32257,2.32275,2.32151,2.32161,385
2025-10-23 15:05:00,2.32171,2.32258,2.32166,2.3222300000000002,306
2025-10-23 15:10:00,2.32221,2.32272,2.32219,2.32257,252
2025-10-23 15:15:00,2.32258,2.32259,2.32141,2.32185,290
2025-10-23 15:20:00,2.3219,2.32228,2.32143,2.32183,348
2025-10-23 15:25:00,2.32192,2.32249,2.32189,2.32238,260
2025-10-23 15:30:00,2.32234,2.32276,2.32209,2.32271,286
2025-10-23 15:35:00,2.32271,2.32351,2.32271,2.32322,299
2025-10-23 15:40:00,2.32321,2.32321,2.32239,2.32301,311
2025-10-23 15:45:00,2.323,2.32311,2.32237,2.32252,289
2025-10-23 15:50:00,2.32248,2.32293,2.32184,2.32214,286
2025-10-23 15:55:00,2.32212,2.32298,2.32206,2.32268,383
2025-10-23 16:00:00,2.3227,2.3230399999999998,2.32234,2.32249,399
2025-10-23 16:05:00,2.32248,2.32248,2.32164,2.32227,346
2025-10-23 16:10:00,2.3222300000000002,2.32226,2.32158,2.32205,338
2025-10-23 16:15:00,2.32205,2.32227,2.32161,2.32188,289
2025-10-23 16:20:00,2.32186,2.3219,2.32124,2.32174,367
2025-10-23 16:25:00,2.3217499999999998,2.32204,2.32158,2.32169,302
2025-10-23 16:30:00,2.32171,2.32193,2.3208,2.32091,507
2025-10-23 16:35:00,2.3209,2.32148,2.32049,2.32051,501
2025-10-23 16:40:00,2.32052,2.32086,2.32003,2.32019,479
2025-10-23 16:45:00,2.32019,2.32026,2.31936,2.31982,494
2025-10-23 16:50:00,2.31981,2.32018,2.31897,2.31962,449
2025-10-23 16:55:00,2.31961,2.31982,2.31804,2.31889,444
2025-10-23 17:00:00,2.31876,2.31925,2.31808,2.31833,545
2025-10-23 17:05:00,2.31836,2.31922,2.3183,2.3189,484
2025-10-23 17:10:00,2.31889,2.31965,2.31885,2.3193,396
2025-10-23 17:15:00,2.31929,2.31941,2.31888,2.31933,390
2025-10-23 17:20:00,2.31934,2.3196,2.31846,2.31847,420
2025-10-23 17:25:00,2.31848,2.31866,2.31804,2.3186,319
2025-10-23 17:30:00,2.31858,2.31892,2.31821,2.31843,404
2025-10-23 17:35:00,2.31841,2.31842,2.31744,2.31778,388
2025-10-23 17:40:00,2.31772,2.3179,2.31695,2.3171,300
2025-10-23 17:45:00,2.31711,2.31736,2.31669,2.31695,367
2025-10-23 17:50:00,2.3169399999999998,2.31697,2.31603,2.3165,418
2025-10-23 17:55:00,2.31648,2.3166,2.31581,2.31635,502
2025-10-23 18:00:00,2.31628,2.31669,2.31559,2.31586,480
2025-10-23 18:05:00,2.31581,2.31628,2.31566,2.31569,330
2025-10-23 18:10:00,2.3157,2.31576,2.3153,2.31549,395
2025-10-23 18:15:00,2.31555,2.31671,2.3154500000000002,2.31671,402
2025-10-23 18:20:00,2.3167,2.31723,2.31641,2.3169399999999998,349
2025-10-23 18:25:00,2.31695,2.3179,2.31684,2.3173,319
2025-10-23 18:30:00,2.3173,2.31763,2.31701,2.31733,339
2025-10-23 18:35:00,2.31741,2.31761,2.31638,2.31657,359
2025-10-23 18:40:00,2.31656,2.31787,2.31651,2.31777,378
2025-10-23 18:45:00,2.31778,2.31778,2.31722,2.31736,314
2025-10-23 18:50:00,2.31737,2.31737,2.31688,2.31707,274
2025-10-23 18:55:00,2.31695,2.31712,2.31641,2.31672,332
2025-10-23 19:00:00,2.31673,2.3172,2.3165,2.31682,360
2025-10-23 19:05:00,2.3168,2.31684,2.31645,2.31676,259
2025-10-23 19:10:00,2.31681,2.3169,2.3164,2.31658,227
2025-10-23 19:15:00,2.31656,2.31678,2.31619,2.31627,305
2025-10-23 19:20:00,2.31629,2.31659,2.31595,2.31595,256
2025-10-23 19:25:00,2.31597,2.31639,2.31593,2.31618,201
2025-10-23 19:30:00,2.3162,2.31661,2.31601,2.31647,231
2025-10-23 19:35:00,2.31649,2.31681,2.31635,2.31677,192
2025-10-23 19:40:00,2.31673,2.31691,2.31648,2.31671,209
2025-10-23 19:45:00,2.3167,2.31678,2.31617,2.31622,240
2025-10-23 19:50:00,2.31619,2.31643,2.31603,2.31623,235
2025-10-23 19:55:00,2.31621,2.31648,2.31583,2.31591,260
2025-10-23 20:00:00,2.31591,2.31666,2.31587,2.31664,303
2025-10-23 20:05:00,2.31671,2.31709,2.31631,2.31669,281
2025-10-23 22:05:00,2.31542,2.31551,2.31532,2.31549,78
2025-10-23 22:10:00,2.31548,2.31561,2.31533,2.31541,138
2025-10-23 22:15:00,2.31547,2.3155,2.31533,2.31537,80
2025-10-23 22:20:00,2.31538,2.31548,2.31516,2.31534,93
2025-10-23 22:25:00,2.31533,2.31574,2.31532,2.31553,99
2025-10-23 22:30:00,2.31554,2.31586,2.3154,2.31569,70
2025-10-23 22:35:00,2.31574,2.31582,2.31554,2.3156,151
2025-10-23 22:40:00,2.31558,2.31564,2.31533,2.31549,135
2025-10-23 22:45:00,2.31547,2.31569,2.31533,2.31567,110
2025-10-23 22:50:00,2.31569,2.31596,2.31568,2.31593,138
2025-10-23 22:55:00,2.31592,2.31611,2.31575,2.31605,195
2025-10-23 23:00:00,2.31534,2.31556,2.31511,2.31529,189
2025-10-23 23:05:00,2.31531,2.31571,2.31527,2.3153,139
2025-10-23 23:10:00,2.31528,2.31549,2.31508,2.31513,70
2025-10-23 23:15:00,2.31513,2.31527,2.31496,2.31512,86
2025-10-23 23:20:00,2.31507,2.31508,2.31481,2.31498,79
2025-10-23 23:25:00,2.315,2.31561,2.3148400000000002,2.31554,71
2025-10-23 23:30:00,2.31557,2.31557,2.3149,2.31503,92
2025-10-23 23:35:00,2.31502,2.31535,2.31494,2.31529,67
2025-10-23 23:40:00,2.31527,2.31547,2.31512,2.31537,83
2025-10-23 23:45:00,2.31536,2.31596,2.31533,2.3155200000000002,124
2025-10-23 23:50:00,2.31541,2.31614,2.31541,2.3159,192
2025-10-23 23:55:00,2.3136,2.31376,2.31322,2.31336,147
2025-10-24 00:00:00,2.31501,2.31551,2.31501,2.31521,8
2025-10-24 00:05:00,2.31521,2.31528,2.31327,2.3136,29
2025-10-24 00:10:00,2.3136,2.31361,2.31358,2.3136,11
2025-10-24 00:15:00,2.31475,2.31544,2.31474,2.31527,417
2025-10-24 00:20:00,2.31527,2.31558,2.31509,2.31556,170
2025-10-24 00:25:00,2.31551,2.31611,2.31533,2.31605,147
2025-10-24 00:30:00,2.31603,2.31623,2.31553,2.31562,229
2025-10-24 00:35:00,2.31563,2.3161,2.31557,2.31571,195
2025-10-24 00:40:00,2.31572,2.3162599999999998,2.31505,2.31505,131
2025-10-24 00:45:00,2.31507,2.3152,2.31499,2.31515,125
2025-10-24 00:50:00,2.31516,2.31523,2.31499,2.31522,102
2025-10-24 00:55:00,2.31526,2.31548,2.3152,2.31544,159
2025-10-24 01:00:00,2.31572,2.31608,2.3152,2.31582,154
2025-10-24 01:05:00,2.31584,2.31603,2.31536,2.31537,84
2025-10-24 01:10:00,2.3154,2.31571,2.3151,2.31571,63
2025-10-24 01:15:00,2.31517,2.31541,2.31512,2.31525,95
2025-10-24 01:20:00,2.31526,2.31572,2.31507,2.31519,62
2025-10-24 01:25:00,2.3152,2.31572,2.31505,2.31505,77
2025-10-24 01:30:00,2.31505,2.31528,2.31481,2.31486,99
2025-10-24 01:35:00,2.3148400000000002,2.31556,2.3148400000000002,2.31487,67
2025-10-24 01:40:00,2.31485,2.31543,2.31479,2.31538,76
2025-10-24 01:45:00,2.31537,2.31602,2.31523,2.31562,92
2025-10-24 01:50:00,2.3156499999999998,2.31567,2.31538,2.31544,110
2025-10-24 01:55:00,2.31541,2.31577,2.31521,2.31575,138
2025-10-24 02:00:00,2.31584,2.31648,2.31574,2.31596,126
2025-10-24 02:05:00,2.31593,2.3163,2.31592,2.3161,50
2025-10-24 02:10:00,2.3160600000000002,2.31608,2.31556,2.31569,81
2025-10-24 02:15:00,2.31568,2.31588,2.31566,2.31582,56
2025-10-24 02:20:00,2.31584,2.31598,2.31578,2.3158,50
2025-10-24 02:25:00,2.31578,2.3159,2.31568,2.31573,49
2025-10-24 02:30:00,2.31572,2.31595,2.3155200000000002,2.31583,82
2025-10-24 02:35:00,2.3156499999999998,2.31583,2.31539,2.31548,80
2025-10-24 02:40:00,2.31541,2.31554,2.31532,2.31543,74
2025-10-24 02:45:00,2.31541,2.31557,2.31513,2.31517,122
2025-10-24 02:50:00,2.31522,2.3153,2.3150399999999998,2.31522,130
2025-10-24 02:55:00,2.31519,2.31577,2.31518,2.31547,142
2025-10-24 03:00:00,2.31549,2.31596,2.31499,2.31516,271
2025-10-24 03:05:00,2.31514,2.3154500000000002,2.31462,2.31485,210
2025-10-24 03:10:00,2.3148400000000002,2.31519,2.31454,2.31511,190
2025-10-24 03:15:00,2.31513,2.31517,2.31463,2.31486,212
2025-10-24 03:20:00,2.31486,2.31534,2.31481,2.31506,199
2025-10-24 03:25:00,2.31507,2.31524,2.31471,2.31524,152
2025-10-24 03:30:00,2.31523,2.31556,2.31514,2.31523,180
2025-10-24 03:35:00,2.31522,2.31551,2.31518,2.3154500000000002,165
2025-10-24 03:40:00,2.31547,2.31547,2.3151,2.31526,90
2025-10-24 03:45:00,2.31524,2.31578,2.31522,2.31577,162
2025-10-24 03:50:00,2.31576,2.31587,2.31529,2.31558,211
2025-10-24 03:55:00,2.31559,2.31582,2.31542,2.31554,155
2025-10-24 04:00:00,2.31556,2.31558,2.3150399999999998,2.31517,218
2025-10-24 04:05:00,2.31515,2.31567,2.31509,2.31559,186
2025-10-24 04:10:00,2.3156,2.3156,2.31508,2.31519,165
2025-10-24 04:15:00,2.31517,2.31572,2.31515,2.31559,192
2025-10-24 04:20:00,2.31557,2.3167,2.3155,2.31668,219
2025-10-24 04:25:00,2.31661,2.31686,2.31639,2.31686,146
2025-10-24 04:30:00,2.31682,2.31756,2.31682,2.31708,253
2025-10-24 04:35:00,2.3171,2.31769,2.3169399999999998,2.31707,198
2025-10-24 04:40:00,2.31707,2.31717,2.31682,2.31691,198
2025-10-24 04:45:00,2.3169,2.3169,2.31639,2.31669,166
2025-10-24 04:50:00,2.3167,2.31685,2.31634,2.31639,152
2025-10-24 04:55:00,2.31635,2.31698,2.31624,2.31645,201
2025-10-24 05:00:00,2.31648,2.31672,2.31625,2.31625,153
2025-10-24 05:05:00,2.3162599999999998,2.31632,2.31558,2.31569,147
2025-10-24 05:10:00,2.3157,2.31585,2.31528,2.31543,205
2025-10-24 05:15:00,2.3154500000000002,2.31561,2.31529,2.31533,141
2025-10-24 05:20:00,2.31534,2.31604,2.31534,2.31601,178
2025-10-24 05:25:00,2.31603,2.31683,2.31601,2.31681,218
2025-10-24 05:30:00,2.31678,2.31692,2.31564,2.3158,208
2025-10-24 05:35:00,2.31581,2.3168699999999998,2.31571,2.3168699999999998,210
2025-10-24 05:40:00,2.31689,2.31779,2.31646,2.31724,396
2025-10-24 05:45:00,2.31725,2.31786,2.31658,2.31692,232
2025-10-24 05:50:00,2.3169399999999998,2.31781,2.3169,2.31779,165
2025-10-24 05:55:00,2.31774,2.31801,2.31757,2.31785,175
2025-10-24 06:00:00,2.31784,2.3179,2.31738,2.31739,167
2025-10-24 06:05:00,2.31734,2.31752,2.31702,2.31751,215
2025-10-24 06:10:00,2.31752,2.31752,2.31695,2.31733,177
2025-10-24 06:15:00,2.31732,2.3174799999999998,2.31712,2.31727,123
2025-10-24 06:20:00,2.31726,2.31738,2.31691,2.3171,155
2025-10-24 06:25:00,2.31708,2.31723,2.3169,2.31692,129
2025-10-24 06:30:00,2.31691,2.31768,2.31683,2.3169399999999998,174
2025-10-24 06:35:00,2.31692,2.31706,2.31676,2.31679,130
2025-10-24 06:40:00,2.31678,2.31701,2.31671,2.31676,112
2025-10-24 06:45:00,2.31679,2.31688,2.31661,2.3166700000000002,110
2025-10-24 06:50:00,2.31668,2.31672,2.3163,2.31671,159
2025-10-24 06:55:00,2.31668,2.31673,2.31635,2.31648,189
2025-10-24 07:00:00,2.31649,2.3166,2.31614,2.31639,136
2025-10-24 07:05:00,2.31641,2.3167,2.31621,2.31621,124
2025-10-24 07:10:00,2.31622,2.31643,2.3161,2.31612,125
2025-10-24 07:15:00,2.3161300000000002,2.31627,2.31593,2.31599,126
2025-10-24 07:20:00,2.31594,2.31645,2.31583,2.3163,109
2025-10-24 07:25:00,2.31633,2.31679,2.31633,2.31665,85
2025-10-24 07:30:00,2.31666,2.31666,2.31601,2.31619,117
2025-10-24 07:35:00,2.31617,2.31672,2.31617,2.31669,90
2025-10-24 07:40:00,2.31675,2.31718,2.31668,2.31717,80
2025-10-24 07:45:00,2.31716,2.31721,2.31703,2.31704,96
2025-10-24 07:50:00,2.31699,2.31725,2.31698,2.31706,75
2025-10-24 07:55:00,2.3171,2.31731,2.31695,2.3173,141
2025-10-24 08:00:00,2.31731,2.31745,2.31713,2.31725,170
2025-10-24 08:05:00,2.31727,2.31739,2.31707,2.3172,100
2025-10-24 08:10:00,2.31716,2.31749,2.31706,2.31711,155
2025-10-24 08:15:00,2.31714,2.3175499999999998,2.31705,2.31731,92
2025-10-24 08:20:00,2.31729,2.31749,2.31717,2.31746,135
2025-10-24 08:25:00,2.3174799999999998,2.31786,2.31713,2.31731,208
2025-10-24 08:30:00,2.31738,2.31757,2.31703,2.31726,238
2025-10-24 08:35:00,2.31718,2.3178,2.31711,2.3174799999999998,133
2025-10-24 08:40:00,2.31749,2.3178900000000002,2.31737,2.31752,161
2025-10-24 08:45:00,2.31754,2.3179600000000002,2.31743,2.31795,162
2025-10-24 08:50:00,2.31784,2.31795,2.3176,2.31777,172
2025-10-24 08:55:00,2.31776,2.31853,2.3174799999999998,2.31829,182
2025-10-24 09:00:00,2.31824,2.3193099999999998,2.31815,2.31899,445
2025-10-24 09:05:00,2.31898,2.31905,2.31788,2.31865,342
2025-10-24 09:10:00,2.31866,2.31867,2.31727,2.31729,329
2025-10-24 09:15:00,2.31739,2.31797,2.31713,2.3177,264
2025-10-24 09:20:00,2.31774,2.31825,2.31753,2.31785,271
2025-10-24 09:25:00,2.31784,2.3188,2.31784,2.31842,386
2025-10-24 09:30:00,2.31845,2.31874,2.31758,2.31833,446
2025-10-24 09:35:00,2.31835,2.31856,2.3176,2.31763,348
2025-10-24 09:40:00,2.31765,2.31797,2.31729,2.31772,245
2025-10-24 09:45:00,2.3177,2.31795,2.31717,2.31724,248
2025-10-24 09:50:00,2.31724,2.31732,2.31665,2.31678,214
2025-10-24 09:55:00,2.31677,2.31678,2.31604,2.31664,317
2025-10-24 10:00:00,2.31658,2.31679,2.31615,2.31635,456
2025-10-24 10:05:00,2.31632,2.31653,2.31609,2.31641,321
2025-10-24 10:10:00,2.31642,2.31644,2.31582,2.31589,322
2025-10-24 10:15:00,2.31577,2.31623,2.31536,2.31623,370
2025-10-24 10:20:00,2.31622,2.3165,2.31585,2.31605,290
2025-10-24 10:25:00,2.31603,2.3162,2.31499,2.31534,350
2025-10-24 10:30:00,2.31568,2.31604,2.31525,2.31553,447
2025-10-24 10:35:00,2.3155200000000002,2.31586,2.31515,2.31529,368
2025-10-24 10:40:00,2.31535,2.31587,2.3153,2.31568,347
2025-10-24 10:45:00,2.31572,2.31593,2.31485,2.3149,311
2025-10-24 10:50:00,2.31489,2.31538,2.31463,2.31536,316
2025-10-24 10:55:00,2.31534,2.31573,2.31517,2.31533,301
2025-10-24 11:00:00,2.31537,2.31538,2.31457,2.31512,374
2025-10-24 11:05:00,2.31515,2.31577,2.31507,2.31542,300
2025-10-24 11:10:00,2.31541,2.3161300000000002,2.31524,2.31601,340
2025-10-24 11:15:00,2.316,2.31616,2.31541,2.31579,383
2025-10-24 11:20:00,2.31576,2.31598,2.31534,2.31576,302
2025-10-24 11:25:00,2.3158,2.31661,2.3158,2.3160600000000002,343
2025-10-24 11:30:00,2.31598,2.31888,2.31598,2.31835,456
2025-10-24 11:35:00,2.31834,2.31912,2.3174799999999998,2.31754,409
2025-10-24 11:40:00,2.31749,2.31825,2.31736,2.31806,289
2025-10-24 11:45:00,2.3180899999999998,2.31977,2.3180899999999998,2.31959,342
2025-10-24 11:50:00,2.31962,2.31974,2.31897,2.31922,302
2025-10-24 11:55:00,2.31924,2.31943,2.31858,2.31904,292
2025-10-24 12:00:00,2.31902,2.31965,2.31892,2.31932,330
2025-10-24 12:05:00,2.31933,2.31956,2.31878,2.31899,262
2025-10-24 12:10:00,2.31898,2.31942,2.31856,2.31881,292
2025-10-24 12:15:00,2.31881,2.31898,2.31807,2.31894,306
2025-10-24 12:20:00,2.31894,2.32012,2.3189,2.32002,287
2025-10-24 12:25:00,2.32001,2.32028,2.31966,2.3199,219
2025-10-24 12:30:00,2.31989,2.32024,2.31989,2.32021,182
2025-10-24 12:35:00,2.32022,2.32025,2.31976,2.32004,194
2025-10-24 12:40:00,2.32007,2.32018,2.31981,2.31983,237
2025-10-24 12:45:00,2.31981,2.32034,2.31962,2.32031,238
2025-10-24 12:50:00,2.3203300000000002,2.3207,2.32012,2.32065,247
2025-10-24 12:55:00,2.32066,2.32077,2.32018,2.32031,292
2025-10-24 13:00:00,2.32027,2.32054,2.3197900000000002,2.31981,303
2025-10-24 13:05:00,2.31982,2.32017,2.31894,2.31902,229
2025-10-24 13:10:00,2.31901,2.31903,2.31847,2.31849,230
2025-10-24 13:15:00,2.31854,2.319,2.31854,2.3189,161
2025-10-24 13:20:00,2.31889,2.31904,2.31849,2.31898,225
2025-10-24 13:25:00,2.319,2.31913,2.31884,2.3191100000000002,147
2025-10-24 13:30:00,2.31909,2.31945,2.31901,2.31905,178
2025-10-24 13:35:00,2.31904,2.31942,2.31901,2.31922,159
2025-10-24 13:40:00,2.31923,2.31955,2.31923,2.3193099999999998,199
2025-10-24 13:45:00,2.31932,2.31948,2.31889,2.31948,163
2025-10-24 13:50:00,2.3195,2.31952,2.31921,2.3193,145
2025-10-24 13:55:00,2.31932,2.31932,2.31836,2.3191,239
2025-10-24 14:00:00,2.3191,2.31982,2.31884,2.31904,358
2025-10-24 14:05:00,2.31903,2.31909,2.31853,2.31862,252
2025-10-24 14:10:00,2.31863,2.3195,2.3184,2.31933,235
2025-10-24 14:15:00,2.31932,2.31952,2.31905,2.31947,199
2025-10-24 14:20:00,2.31946,2.3197200000000002,2.31891,2.31898,333
2025-10-24 14:25:00,2.31899,2.3192,2.31836,2.31847,219
2025-10-24 14:30:00,2.31838,2.31838,2.31787,2.3183,247
2025-10-24 14:35:00,2.31831,2.31858,2.31801,2.31831,286
2025-10-24 14:40:00,2.31832,2.31842,2.31768,2.31781,246
2025-10-24 14:45:00,2.31782,2.3179,2.31727,2.31759,224
2025-10-24 14:50:00,2.31753,2.31762,2.3164,2.3166700000000002,322
2025-10-24 14:55:00,2.31666,2.31724,2.31655,2.31692,305
2025-10-24 15:00:00,2.31696,2.31753,2.3168699999999998,2.31707,412
2025-10-24 15:05:00,2.31696,2.31707,2.3165,2.31672,259
2025-10-24 15:10:00,2.31668,2.31693,2.31643,2.31683,242
2025-10-24 15:15:00,2.3168,2.31689,2.31627,2.31655,309
2025-10-24 15:20:00,2.31655,2.31717,2.31597,2.31717,343
2025-10-24 15:25:00,2.31719,2.31774,2.31684,2.31684,319
2025-10-24 15:30:00,2.31666,2.32145,2.31226,2.31507,902
2025-10-24 15:35:00,2.31508,2.31634,2.31452,2.31522,820
2025-10-24 15:40:00,2.31524,2.31568,2.31433,2.31555,697
2025-10-24 15:45:00,2.31561,2.31636,2.3149100000000002,2.3162599999999998,694
2025-10-24 15:50:00,2.31629,2.31695,2.31585,2.3168,595
2025-10-24 15:55:00,2.31676,2.3175499999999998,2.31676,2.31744,584
2025-10-24 16:00:00,2.31745,2.31856,2.31745,2.31808,637
2025-10-24 16:05:00,2.31806,2.31894,2.31775,2.31866,577
2025-10-24 16:10:00,2.31864,2.31927,2.31837,2.31926,523
2025-10-24 16:15:00,2.31925,2.31998,2.31895,2.3195,484
2025-10-24 16:20:00,2.31945,2.31947,2.31855,2.31921,508
2025-10-24 16:25:00,2.31919,2.31919,2.31821,2.31873,489
2025-10-24 16:30:00,2.31867,2.31956,2.31867,2.31895,589
2025-10-24 16:35:00,2.31896,2.31906,2.31793,2.31906,566
2025-10-24 16:40:00,2.31904,2.31947,2.3185700000000002,2.31899,436
2025-10-24 16:45:00,2.31815,2.31913,2.31815,2.31901,563
2025-10-24 16:50:00,2.31902,2.31934,2.31793,2.31804,563
2025-10-24 16:55:00,2.31801,2.31831,2.31718,2.3176,401
2025-10-24 17:00:00,2.31756,2.3183,2.31666,2.31726,561
2025-10-24 17:05:00,2.31747,2.31836,2.31737,2.31831,533
2025-10-24 17:10:00,2.31829,2.31858,2.31742,2.31751,525
2025-10-24 17:15:00,2.31749,2.318,2.31716,2.3178,514
2025-10-24 17:20:00,2.3178,2.31807,2.31744,2.3178,421
2025-10-24 17:25:00,2.31775,2.31852,2.31767,2.31801,463
2025-10-24 17:30:00,2.318,2.31864,2.31775,2.31783,507
2025-10-24 17:35:00,2.3178,2.3179,2.31726,2.31738,429
2025-10-24 17:40:00,2.3173500000000002,2.31742,2.31628,2.31632,410
2025-10-24 17:45:00,2.31633,2.31683,2.31569,2.31596,382
2025-10-24 17:50:00,2.31593,2.3166700000000002,2.3148400000000002,2.3166700000000002,567
2025-10-24 17:55:00,2.31651,2.3174799999999998,2.31621,2.31743,571
2025-10-24 18:00:00,2.31742,2.31746,2.31568,2.31642,542
2025-10-24 18:05:00,2.31641,2.31643,2.31563,2.31597,453
2025-10-24 18:10:00,2.31596,2.31602,2.3154,2.31585,445
2025-10-24 18:15:00,2.31586,2.31586,2.31483,2.31483,388
2025-10-24 18:20:00,2.31481,2.31483,2.31418,2.31457,364
2025-10-24 18:25:00,2.31458,2.31517,2.31445,2.31494,314
2025-10-24 18:30:00,2.31492,2.31494,2.31403,2.31407,318
2025-10-24 18:35:00,2.31408,2.31469,2.31373,2.31419,352
2025-10-24 18:40:00,2.31424,2.31437,2.31333,2.3143599999999998,318
2025-10-24 18:45:00,2.31444,2.31444,2.31343,2.31368,431
2025-10-24 18:50:00,2.3137,2.31415,2.31343,2.314,366
2025-10-24 18:55:00,2.314,2.31407,2.31355,2.3138199999999998,402
2025-10-24 19:00:00,2.31379,2.31395,2.31326,2.31381,308
2025-10-24 19:05:00,2.31383,2.31388,2.3134,2.31366,238
2025-10-24 19:10:00,2.31364,2.31374,2.31334,2.31351,248
2025-10-24 19:15:00,2.31349,2.31393,2.31342,2.31391,200
2025-10-24 19:20:00,2.31393,2.31393,2.31323,2.31324,200
2025-10-24 19:25:00,2.31325,2.31374,2.3132099999999998,2.31363,195
2025-10-24 19:30:00,2.31364,2.31373,2.31331,2.31358,263
2025-10-24 19:35:00,2.31358,2.31386,2.31354,2.31359,203
2025-10-24 19:40:00,2.31373,2.31398,2.31333,2.31373,261
2025-10-24 19:45:00,2.31371,2.314,2.3137,2.31381,213
2025-10-24 19:50:00,2.31379,2.31384,2.3133,2.31339,235
2025-10-24 19:55:00,2.3134,2.31377,2.31317,2.31352,210
2025-10-24 20:00:00,2.31352,2.31371,2.31319,2.31365,249
2025-10-24 20:05:00,2.31359,2.31408,2.31356,2.31408,217
2025-10-24 20:10:00,2.31409,2.31429,2.31377,2.31413,267
2025-10-24 20:15:00,2.31414,2.31441,2.31389,2.31425,223
2025-10-24 20:20:00,2.31424,2.31472,2.31421,2.31444,168
2025-10-24 20:25:00,2.31445,2.31455,2.31422,2.31424,130
2025-10-24 20:30:00,2.31419,2.3143599999999998,2.31404,2.31431,152
2025-10-24 20:35:00,2.3143000000000002,2.31455,2.31425,2.31455,152
2025-10-24 20:40:00,2.31453,2.31463,2.31425,2.3145,156
2025-10-24 20:45:00,2.31451,2.31463,2.31411,2.31424,148
2025-10-24 20:50:00,2.31419,2.31447,2.31401,2.31409,199
2025-10-24 20:55:00,2.31408,2.31471,2.31395,2.31453,240
2025-10-24 21:00:00,2.31455,2.31513,2.31434,2.31513,230
2025-10-24 21:05:00,2.31512,2.31512,2.31461,2.31462,199
2025-10-24 21:10:00,2.31461,2.31488,2.31461,2.31483,152
2025-10-24 21:15:00,2.31481,2.31506,2.31462,2.31482,169
2025-10-24 21:20:00,2.31483,2.31489,2.31453,2.31474,147
2025-10-24 21:25:00,2.31475,2.31496,2.31464,2.31486,158
2025-10-24 21:30:00,2.31487,2.31507,2.31464,2.31465,152
2025-10-24 21:35:00,2.31466,2.31471,2.31451,2.31461,124
2025-10-24 21:40:00,2.31461,2.31464,2.31437,2.31452,147
2025-10-24 21:45:00,2.31453,2.3148400000000002,2.31447,2.31453,169
2025-10-24 21:50:00,2.31451,2.31474,2.3144299999999998,2.31464,96
2025-10-24 21:55:00,2.31466,2.31486,2.31451,2.31485,196
2025-10-24 22:00:00,2.3148400000000002,2.31502,2.31445,2.31445,178
2025-10-24 22:05:00,2.31447,2.31457,2.31427,2.3145,125
2025-10-24 22:10:00,2.31451,2.3146,2.3143599999999998,2.31451,111
2025-10-24 22:15:00,2.31451,2.31488,2.31448,2.31479,124
2025-10-24 22:20:00,2.3148,2.31485,2.31462,2.31479,147
2025-10-24 22:25:00,2.31477,2.31486,2.31462,2.31468,160
2025-10-24 22:30:00,2.31467,2.3147,2.31448,2.31467,141
2025-10-24 22:35:00,2.31466,2.31476,2.31445,2.3146,135
2025-10-24 22:40:00,2.31459,2.3148400000000002,2.31437,2.31457,140
2025-10-24 22:45:00,2.31452,2.31481,2.31442,2.31461,160
2025-10-24 22:50:00,2.31462,2.3149,2.31455,2.3149,166
2025-10-24 22:55:00,2.31492,2.31558,2.31492,2.31555,236
2025-10-24 23:00:00,2.31496,2.31523,2.31481,2.315,204
2025-10-24 23:05:00,2.31501,2.31512,2.31477,2.31485,134
2025-10-24 23:10:00,2.31486,2.31513,2.31486,2.31494,137
2025-10-24 23:15:00,2.31496,2.3151,2.31479,2.31503,123
2025-10-24 23:20:00,2.31496,2.31549,2.3148400000000002,2.31492,127
2025-10-24 23:25:00,2.3149100000000002,2.31503,2.31463,2.31466,102
2025-10-24 23:30:00,2.31464,2.31508,2.3145,2.31472,104
2025-10-24 23:35:00,2.31473,2.31508,2.31472,2.31478,129
2025-10-24 23:40:00,2.31478,2.31567,2.31478,2.31557,139
2025-10-24 23:45:00,2.31559,2.31589,2.31544,2.3154500000000002,374
2025-10-24 23:50:00,2.31547,2.31589,2.315,2.31527,357
2025-10-24 23:55:00,2.31286,2.31287,2.31198,2.31217,155
2025-10-27 00:00:00,2.30458,2.31036,2.30458,2.3103,236
2025-10-27 00:05:00,2.3103,2.31092,2.30932,2.31012,213
2025-10-27 00:10:00,2.31014,2.31014,2.30888,2.30944,263
2025-10-27 00:15:00,2.30962,2.30979,2.309,2.30966,270
2025-10-27 00:20:00,2.30972,2.3103,2.30941,2.30968,218
2025-10-27 00:25:00,2.3097,2.30991,2.30951,2.3097,240
2025-10-27 00:30:00,2.30969,2.31002,2.30936,2.30969,240
2025-10-27 00:35:00,2.30968,2.31002,2.30929,2.30952,148
2025-10-27 00:40:00,2.30947,2.31051,2.30947,2.31007,206
2025-10-27 00:45:00,2.31006,2.31053,2.30997,2.31047,153
2025-10-27 00:50:00,2.31048,2.31109,2.31038,2.31091,175
2025-10-27 00:55:00,2.3109,2.31099,2.31058,2.31083,176
2025-10-27 01:00:00,2.31094,2.31191,2.31094,2.31162,213
2025-10-27 01:05:00,2.31162,2.31209,2.31144,2.31193,163
2025-10-27 01:10:00,2.31194,2.3119899999999998,2.31139,2.3114,160
2025-10-27 01:15:00,2.31139,2.31177,2.3112500000000002,2.31163,129
2025-10-27 01:20:00,2.31162,2.31198,2.31154,2.31195,102
2025-10-27 01:25:00,2.31196,2.31211,2.31161,2.31193,108
2025-10-27 01:30:00,2.3119199999999998,2.3122,2.31184,2.31195,160
2025-10-27 01:35:00,2.31194,2.31195,2.31158,2.31161,131
2025-10-27 01:40:00,2.31174,2.31237,2.31171,2.31214,163
2025-10-27 01:45:00,2.31214,2.31257,2.31202,2.3125299999999998,137
2025-10-27 01:50:00,2.31254,2.31265,2.31218,2.3125299999999998,129
2025-10-27 01:55:00,2.31254,2.31279,2.31232,2.31276,190
2025-10-27 02:00:00,2.31278,2.31312,2.31228,2.3124700000000002,276
2025-10-27 02:05:00,2.31248,2.31263,2.31191,2.31207,180
2025-10-27 02:10:00,2.31208,2.3122,2.311,2.31103,168
2025-10-27 02:15:00,2.311,2.3111800000000002,2.31079,2.3111800000000002,174
2025-10-27 02:20:00,2.31116,2.31119,2.31019,2.31025,129
2025-10-27 02:25:00,2.31026,2.3112500000000002,2.31024,2.31124,156
2025-10-27 02:30:00,2.31122,2.3123,2.31122,2.3118600000000002,180
2025-10-27 02:35:00,2.31188,2.31262,2.3117900000000002,2.31243,129
2025-10-27 02:40:00,2.31241,2.31327,2.3122,2.31326,164
2025-10-27 02:45:00,2.31325,2.31354,2.31288,2.31296,223
2025-10-27 02:50:00,2.31294,2.31319,2.31242,2.31242,234
2025-10-27 02:55:00,2.31244,2.31278,2.3122,2.31236,216
2025-10-27 03:00:00,2.31236,2.31273,2.3117900000000002,2.31202,254
2025-10-27 03:05:00,2.31204,2.31233,2.3113,2.3117900000000002,253
2025-10-27 03:10:00,2.3117900000000002,2.312,2.3114,2.31196,242
2025-10-27 03:15:00,2.31194,2.312,2.3106999999999998,2.31076,338
2025-10-27 03:20:00,2.3107699999999998,2.31154,2.31062,2.3115,237
2025-10-27 03:25:00,2.31151,2.31164,2.31097,2.31145,217
2025-10-27 03:30:00,2.31146,2.31251,2.31144,2.3124000000000002,226
2025-10-27 03:35:00,2.31248,2.31258,2.31185,2.31207,210
2025-10-27 03:40:00,2.3121,2.31268,2.3121,2.31264,177
2025-10-27 03:45:00,2.31265,2.31302,2.31237,2.3128,173
2025-10-27 03:50:00,2.31274,2.31318,2.3123,2.3124700000000002,194
2025-10-27 03:55:00,2.31246,2.31338,2.31231,2.31317,218
2025-10-27 04:00:00,2.31319,2.31345,2.31286,2.31299,162
2025-10-27 04:05:00,2.31299,2.31333,2.31272,2.31332,158
2025-10-27 04:10:00,2.31333,2.31337,2.31295,2.31309,125
2025-10-27 04:15:00,2.31319,2.31339,2.31286,2.3131399999999998,135
2025-10-27 04:20:00,2.31315,2.31325,2.31294,2.3131399999999998,139
2025-10-27 04:25:00,2.31312,2.31323,2.31287,2.31292,140
2025-10-27 04:30:00,2.31293,2.31304,2.31276,2.31295,138
2025-10-27 04:35:00,2.31293,2.31295,2.3125999999999998,2.31271,175
2025-10-27 04:40:00,2.31267,2.31267,2.31211,2.31211,146
2025-10-27 04:45:00,2.31212,2.31285,2.31211,2.31283,151
2025-10-27 04:50:00,2.3128,2.31288,2.3125999999999998,2.31281,84
2025-10-27 04:55:00,2.31282,2.313,2.31244,2.31244,169
2025-10-27 05:00:00,2.31242,2.31283,2.31216,2.31278,178
2025-10-27 05:05:00,2.31276,2.31343,2.31274,2.31341,143
2025-10-27 05:10:00,2.31339,2.31339,2.31278,2.3128,94
2025-10-27 05:15:00,2.31278,2.31299,2.31232,2.31239,127
2025-10-27 05:20:00,2.31241,2.31245,2.31187,2.31214,163
2025-10-27 05:25:00,2.31214,2.31303,2.3119899999999998,2.31269,124
2025-10-27 05:30:00,2.3127,2.31323,2.31266,2.31296,113
2025-10-27 05:35:00,2.31291,2.31434,2.31291,2.31427,132
2025-10-27 05:40:00,2.31431,2.31442,2.31356,2.31379,114
2025-10-27 05:45:00,2.31383,2.314,2.3136200000000002,2.31368,98
2025-10-27 05:50:00,2.31366,2.31371,2.31338,2.31349,112
2025-10-27 05:55:00,2.3135,2.31406,2.31349,2.31395,181
2025-10-27 06:00:00,2.31397,2.31438,2.31374,2.31374,170
2025-10-27 06:05:00,2.3137499999999998,2.31428,2.3137499999999998,2.31394,208
2025-10-27 06:10:00,2.31392,2.3142,2.31366,2.31385,130
2025-10-27 06:15:00,2.31386,2.314,2.31376,2.31391,89
2025-10-27 06:20:00,2.31389,2.31403,2.3134,2.3134,150
2025-10-27 06:25:00,2.31341,2.31349,2.313,2.3131399999999998,138
2025-10-27 06:30:00,2.31316,2.31322,2.31285,2.31294,106
2025-10-27 06:35:00,2.31293,2.31359,2.31293,2.3133,104
2025-10-27 06:40:00,2.31329,2.31344,2.31315,2.31332,113
2025-10-27 06:45:00,2.31326,2.31332,2.31291,2.313,102
2025-10-27 06:50:00,2.3130100000000002,2.31327,2.31283,2.31283,89
2025-10-27 06:55:00,2.31288,2.3131399999999998,2.31284,2.31297,126
2025-10-27 07:00:00,2.31298,2.31302,2.31265,2.31284,185
2025-10-27 07:05:00,2.31284,2.31304,2.3125999999999998,2.31265,103
2025-10-27 07:10:00,2.31264,2.31278,2.31234,2.3125,126
2025-10-27 07:15:00,2.31249,2.31285,2.31228,2.31277,107
2025-10-27 07:20:00,2.31283,2.31292,2.31254,2.31254,107
2025-10-27 07:25:00,2.31255,2.31293,2.31234,2.31237,195
2025-10-27 07:30:00,2.31236,2.3128,2.31235,2.31254,161
2025-10-27 07:35:00,2.31256,2.31281,2.31249,2.31269,162
2025-10-27 07:40:00,2.3127,2.31297,2.31261,2.31268,154
2025-10-27 07:45:00,2.31267,2.31289,2.31246,2.31246,91
2025-10-27 07:50:00,2.31248,2.31275,2.31243,2.31273,130
2025-10-27 07:55:00,2.31274,2.31274,2.31185,2.3121,158
2025-10-27 08:00:00,2.31209,2.31243,2.31169,2.31196,290
2025-10-27 08:05:00,2.31194,2.31205,2.31147,2.31173,249
2025-10-27 08:10:00,2.3116,2.31177,2.31102,2.31117,221
2025-10-27 08:15:00,2.31115,2.31152,2.31088,2.3111800000000002,187
2025-10-27 08:20:00,2.31116,2.31116,2.31045,2.31061,221
2025-10-27 08:25:00,2.31061,2.3106400000000002,2.30999,2.31031,280
2025-10-27 08:30:00,2.3103,2.3106,2.30992,2.31051,199
2025-10-27 08:35:00,2.31052,2.31061,2.31008,2.3103,109
2025-10-27 08:40:00,2.31115,2.31115,2.31103,2.31104,11
2025-10-27 08:45:00,2.31114,2.31135,2.31092,2.31135,150
2025-10-27 08:50:00,2.31137,2.31149,2.31122,2.31134,186
2025-10-27 08:55:00,2.31133,2.31157,2.31102,2.31156,226
2025-10-27 09:00:00,2.31158,2.31237,2.31158,2.31203,295
2025-10-27 09:05:00,2.31207,2.31215,2.31105,2.3113,276
2025-10-27 09:10:00,2.31134,2.31147,2.31076,2.31144,262
2025-10-27 09:15:00,2.31141,2.3118600000000002,2.3113,2.31178,240
2025-10-27 09:20:00,2.31174,2.31196,2.3114,2.31152,289
2025-10-27 09:25:00,2.3115,2.3127,2.31144,2.31241,235
2025-10-27 09:30:00,2.31242,2.31254,2.3113799999999998,2.31219,264
2025-10-27 09:35:00,2.31217,2.31232,2.31176,2.3123,240
2025-10-27 09:40:00,2.3123,2.31263,2.31183,2.3124000000000002,198
2025-10-27 09:45:00,2.31241,2.31358,2.3122,2.31356,248
2025-10-27 09:50:00,2.31358,2.31408,2.31341,2.314,177
2025-10-27 09:55:00,2.31399,2.3149,2.31398,2.31472,335
2025-10-27 10:00:00,2.31469,2.31469,2.31343,2.31356,322
2025-10-27 10:05:00,2.31353,2.31353,2.31225,2.31239,268
2025-10-27 10:10:00,2.31236,2.3125999999999998,2.31205,2.3122,305
2025-10-27 10:15:00,2.31221,2.31315,2.31206,2.31231,344
2025-10-27 10:20:00,2.31221,2.31312,2.31202,2.31265,300
2025-10-27 10:25:00,2.31278,2.3132,2.31242,2.31304,317
2025-10-27 10:30:00,2.31303,2.31303,2.31195,2.3119899999999998,288
2025-10-27 10:35:00,2.312,2.31279,2.31176,2.31268,382
2025-10-27 10:40:00,2.31269,2.3132099999999998,2.31241,2.31278,346
2025-10-27 10:45:00,2.31272,2.31304,2.31246,2.31268,351
2025-10-27 10:50:00,2.31263,2.31367,2.31242,2.31365,355
2025-10-27 10:55:00,2.3136200000000002,2.31447,2.31338,2.31376,307
2025-10-27 11:00:00,2.3138,2.31457,2.31354,2.3142300000000002,346
2025-10-27 11:05:00,2.31424,2.3144,2.3138,2.3142300000000002,291
2025-10-27 11:10:00,2.31424,2.31481,2.31424,2.31471,286
2025-10-27 11:15:00,2.31468,2.31522,2.3143000000000002,2.3150399999999998,285
2025-10-27 11:20:00,2.31506,2.31582,2.31497,2.31505,273
2025-10-27 11:25:00,2.31506,2.31526,2.31465,2.31498,255
2025-10-27 11:30:00,2.31498,2.31498,2.31417,2.31461,248
2025-10-27 11:35:00,2.31454,2.31492,2.31425,2.31428,248
2025-10-27 11:40:00,2.31429,2.31453,2.31386,2.314,267
2025-10-27 11:45:00,2.31399,2.31456,2.31322,2.31322,361
2025-10-27 11:50:00,2.31319,2.31462,2.31309,2.31458,317
2025-10-27 11:55:00,2.31463,2.31596,2.31463,2.31539,332
2025-10-27 12:00:00,2.31541,2.31645,2.31518,2.31631,284
2025-10-27 12:05:00,2.3164,2.31665,2.3155,2.31588,234
2025-10-27 12:10:00,2.31586,2.31649,2.31571,2.31649,186
2025-10-27 12:15:00,2.31649,2.3165,2.31598,2.31638,230
2025-10-27 12:20:00,2.31639,2.31672,2.31602,2.31625,257
2025-10-27 12:25:00,2.31627,2.31656,2.31608,2.31618,201
2025-10-27 12:30:00,2.31616,2.31641,2.3159,2.31641,245
2025-10-27 12:35:00,2.31643,2.31643,2.31563,2.31592,218
2025-10-27 12:40:00,2.3159,2.31596,2.31538,2.31569,235
2025-10-27 12:45:00,2.31573,2.31617,2.3153,2.31617,196
2025-10-27 12:50:00,2.31615,2.31641,2.31587,2.31625,249
2025-10-27 12:55:00,2.31627,2.31648,2.31563,2.31579,298
2025-10-27 13:00:00,2.3159,2.31605,2.31532,2.31559,294
2025-10-27 13:05:00,2.31561,2.31595,2.31509,2.31529,220
2025-10-27 13:10:00,2.31527,2.31528,2.31464,2.315,254
2025-10-27 13:15:00,2.31502,2.31519,2.31462,2.31513,247
2025-10-27 13:20:00,2.31512,2.31534,2.31464,2.31533,272
2025-10-27 13:25:00,2.31531,2.31557,2.31476,2.31511,322
2025-10-27 13:30:00,2.31509,2.31526,2.31457,2.31475,308
2025-10-27 13:35:00,2.31476,2.31564,2.31464,2.31547,257
2025-10-27 13:40:00,2.31547,2.31553,2.3145,2.31479,291
2025-10-27 13:45:00,2.31478,2.31486,2.31433,2.3145,306
2025-10-27 13:50:00,2.31449,2.31517,2.31441,2.31497,309
2025-10-27 13:55:00,2.31499,2.31534,2.31458,2.31458,343
2025-10-27 14:00:00,2.31462,2.31493,2.31412,2.31448,366
2025-10-27 14:05:00,2.31447,2.31501,2.31438,2.31463,293
2025-10-27 14:10:00,2.31462,2.31474,2.31434,2.31462,300
2025-10-27 14:15:00,2.31461,2.3150399999999998,2.31429,2.31475,301
2025-10-27 14:20:00,2.31477,2.31535,2.31469,2.31533,305
2025-10-27 14:25:00,2.31532,2.31582,2.31518,2.3152,249
2025-10-27 14:30:00,2.31517,2.31554,2.31487,2.31531,227
2025-10-27 14:35:00,2.31527,2.3158,2.31521,2.31543,277
2025-10-27 14:40:00,2.3155,2.3159,2.31506,2.31562,311
2025-10-27 14:45:00,2.31563,2.31586,2.31534,2.31553,266
2025-10-27 14:50:00,2.31557,2.31612,2.31551,2.31579,251
2025-10-27 14:55:00,2.31582,2.31582,2.31502,2.31556,250
2025-10-27 15:00:00,2.31556,2.31561,2.3148,2.31518,264
2025-10-27 15:05:00,2.31516,2.31525,2.31404,2.31417,258
2025-10-27 15:10:00,2.31416,2.31435,2.31363,2.31377,217
2025-10-27 15:15:00,2.31378,2.31457,2.31322,2.31449,283
2025-10-27 15:20:00,2.31448,2.3149,2.3142,2.31485,294
2025-10-27 15:25:00,2.31486,2.31525,2.31463,2.31481,313
2025-10-27 15:30:00,2.31485,2.31575,2.31482,2.31501,425
2025-10-27 15:35:00,2.31502,2.31537,2.3146,2.31478,348
2025-10-27 15:40:00,2.31476,2.3153,2.31392,2.3150399999999998,441
2025-10-27 15:45:00,2.31496,2.31562,2.31461,2.31562,454
2025-10-27 15:50:00,2.3155200000000002,2.31581,2.3150399999999998,2.31575,346
2025-10-27 15:55:00,2.31577,2.316,2.3153,2.31566,402
2025-10-27 16:00:00,2.31564,2.316,2.31516,2.31543,422
2025-10-27 16:05:00,2.31544,2.31558,2.31477,2.31482,288
2025-10-27 16:10:00,2.31481,2.31512,2.3144299999999998,2.31465,382
2025-10-27 16:15:00,2.31465,2.31483,2.31418,2.31447,320
2025-10-27 16:20:00,2.31448,2.31459,2.31391,2.31426,367
2025-10-27 16:25:00,2.31427,2.3145,2.31344,2.31363,323
2025-10-27 16:30:00,2.31364,2.31417,2.31354,2.31394,354
2025-10-27 16:35:00,2.31393,2.31404,2.31355,2.31365,335
2025-10-27 16:40:00,2.31368,2.31407,2.31351,2.31399,318
2025-10-27 16:45:00,2.31399,2.31492,2.31399,2.3148400000000002,325
2025-10-27 16:50:00,2.31486,2.31496,2.3143000000000002,2.31467,272
2025-10-27 16:55:00,2.31469,2.31479,2.31376,2.31432,403
2025-10-27 17:00:00,2.31428,2.31479,2.31348,2.31348,480
2025-10-27 17:05:00,2.31349,2.31433,2.31349,2.3142,380
2025-10-27 17:10:00,2.31418,2.31427,2.31309,2.3131,322
2025-10-27 17:15:00,2.31309,2.31331,2.31246,2.31261,303
2025-10-27 17:20:00,2.31262,2.3131,2.3125,2.31286,291
2025-10-27 17:25:00,2.31289,2.31298,2.31246,2.31246,330
2025-10-27 17:30:00,2.31245,2.31271,2.31158,2.31187,292
2025-10-27 17:35:00,2.31185,2.31329,2.31169,2.31329,318
2025-10-27 17:40:00,2.31328,2.31371,2.31324,2.31366,283
2025-10-27 17:45:00,2.31366,2.31426,2.31351,2.3138,218
2025-10-27 17:50:00,2.31385,2.31399,2.3124700000000002,2.31257,275
2025-10-27 17:55:00,2.31258,2.31343,2.31228,2.31341,498
2025-10-27 18:00:00,2.31342,2.31366,2.3125299999999998,2.3125299999999998,426
2025-10-27 18:05:00,2.3125,2.31287,2.31238,2.31272,270
2025-10-27 18:10:00,2.31273,2.31336,2.31256,2.31326,259
2025-10-27 18:15:00,2.31325,2.31329,2.3128,2.31306,290
2025-10-27 18:20:00,2.31305,2.31306,2.31263,2.31269,192
2025-10-27 18:25:00,2.3127,2.31345,2.31268,2.31312,199
2025-10-27 18:30:00,2.31305,2.31317,2.31256,2.31286,290
2025-10-27 18:35:00,2.31287,2.3131,2.3127,2.31306,197
2025-10-27 18:40:00,2.3130800000000002,2.31315,2.3127,2.31275,220
2025-10-27 18:45:00,2.31274,2.31283,2.31237,2.31268,173
2025-10-27 18:50:00,2.31264,2.31266,2.3121,2.31223,204
2025-10-27 18:55:00,2.31224,2.31285,2.31216,2.3127,219
2025-10-27 19:00:00,2.31265,2.3132,2.31257,2.31296,263
2025-10-27 19:05:00,2.31295,2.31338,2.31273,2.31338,189
2025-10-27 19:10:00,2.31337,2.31353,2.31311,2.31346,184
2025-10-27 19:15:00,2.3135,2.31355,2.31298,2.31329,238
2025-10-27 19:20:00,2.31332,2.31344,2.313,2.31309,227
2025-10-27 19:25:00,2.3130800000000002,2.31319,2.31279,2.31304,244
2025-10-27 19:30:00,2.31299,2.31332,2.31285,2.31304,184
2025-10-27 19:35:00,2.31303,2.31341,2.31295,2.31317,155
2025-10-27 19:40:00,2.31319,2.3136200000000002,2.31315,2.31352,111
2025-10-27 19:45:00,2.31346,2.31351,2.313,2.31315,158
2025-10-27 19:50:00,2.31317,2.31338,2.3131,2.31315,124
2025-10-27 19:55:00,2.31311,2.31331,2.313,2.31313,93
2025-10-27 20:00:00,2.31316,2.3132099999999998,2.31269,2.31293,244
2025-10-27 20:05:00,2.3129,2.31307,2.31261,2.31271,66
2025-10-27 20:10:00,2.31271,2.31279,2.31214,2.31238,203
2025-10-27 20:15:00,2.31239,2.3125,2.31218,2.3125,163
2025-10-27 20:20:00,2.31249,2.31252,2.31191,2.31208,200
2025-10-27 20:25:00,2.31209,2.31211,2.3113799999999998,2.31156,205
2025-10-27 20:30:00,2.31156,2.31178,2.3114,2.31147,188
2025-10-27 20:35:00,2.31146,2.31175,2.31132,2.31157,168
2025-10-27 20:40:00,2.31158,2.31187,2.31137,2.31155,244
2025-10-27 20:45:00,2.31154,2.31202,2.31146,2.31167,225
2025-10-27 20:50:00,2.3117,2.31201,2.31095,2.31101,198
2025-10-27 20:55:00,2.311,2.31129,2.31088,2.31119,290
2025-10-27 21:00:00,2.31114,2.3114,2.31066,2.31073,235
2025-10-27 21:05:00,2.31071,2.31075,2.31049,2.31059,149
2025-10-27 21:10:00,2.3106,2.31086,2.31037,2.3105,144
2025-10-27 21:15:00,2.31049,2.31092,2.31037,2.31068,151
2025-10-27 21:20:00,2.31067,2.3107699999999998,2.31036,2.31056,150
2025-10-27 21:25:00,2.3106,2.31079,2.31037,2.31062,154
2025-10-27 21:30:00,2.31063,2.31104,2.31047,2.31103,153
2025-10-27 21:35:00,2.31106,2.31137,2.311,2.31134,147
2025-10-27 21:40:00,2.31134,2.31135,2.31109,2.3111,119
2025-10-27 21:45:00,2.31113,2.3113,2.31092,2.31123,155
2025-10-27 21:50:00,2.31122,2.31134,2.31102,2.31123,138
2025-10-27 21:55:00,2.31121,2.31162,2.311,2.31124,211
2025-10-27 22:00:00,2.31053,2.31083,2.30991,2.31022,207
2025-10-27 22:05:00,2.31021,2.31041,2.30993,2.30995,103
2025-10-27 22:10:00,2.31001,2.31047,2.30942,2.30958,59
2025-10-27 22:15:00,2.30957,2.30962,2.3093500000000002,2.30939,115
2025-10-27 22:20:00,2.30941,2.3094799999999998,2.30924,2.30947,100
2025-10-27 22:25:00,2.3094799999999998,2.30957,2.30902,2.30905,107
2025-10-27 22:30:00,2.30907,2.30961,2.30901,2.30942,87
2025-10-27 22:35:00,2.30942,2.31012,2.30936,2.31012,77
2025-10-27 22:40:00,2.31013,2.31039,2.30997,2.31032,120
2025-10-27 22:45:00,2.31037,2.31058,2.30979,2.3101,170
2025-10-27 22:50:00,2.3100899999999998,2.31029,2.30988,2.31022,127
2025-10-27 22:55:00,2.31091,2.31093,2.30781,2.30815,146
2025-10-27 23:00:00,2.31073,2.31097,2.31063,2.31095,12
2025-10-27 23:05:00,2.31091,2.31098,2.30883,2.309,29
2025-10-27 23:10:00,2.309,2.30907,2.30893,2.30903,49
2025-10-27 23:15:00,2.30903,2.3112,2.30903,2.31069,43
2025-10-27 23:20:00,2.31075,2.31136,2.3106400000000002,2.3107699999999998,46
2025-10-27 23:25:00,2.31075,2.31083,2.30961,2.31052,49
2025-10-27 23:30:00,2.31046,2.31127,2.31042,2.31065,77
2025-10-27 23:35:00,2.31066,2.31069,2.31031,2.3104,260
2025-10-27 23:40:00,2.31039,2.31041,2.30914,2.3099,491
2025-10-27 23:45:00,2.31025,2.31036,2.30953,2.30994,392
2025-10-27 23:50:00,2.30992,2.31003,2.30982,2.3099,236
2025-10-27 23:55:00,2.30987,2.31061,2.30843,2.30843,149
2025-10-28 00:00:00,2.30848,2.31047,2.30848,2.30986,301
2025-10-28 00:05:00,2.30988,2.3103,2.30953,2.3103,129
2025-10-28 00:10:00,2.31029,2.31084,2.30961,2.31023,177
2025-10-28 00:15:00,2.31021,2.31048,2.30992,2.30995,207
2025-10-28 00:20:00,2.30997,2.31036,2.30957,2.30979,67
2025-10-28 00:25:00,2.30977,2.30988,2.3096,2.3098,89
2025-10-28 00:30:00,2.30977,2.3102,2.30967,2.31,99
2025-10-28 00:35:00,2.30999,2.31022,2.30998,2.31001,86
2025-10-28 00:40:00,2.31003,2.31014,2.3099,2.3099,98
2025-10-28 00:45:00,2.30989,2.31012,2.30988,2.31,82
2025-10-28 00:50:00,2.31001,2.31007,2.30959,2.30962,61
2025-10-28 00:55:00,2.30961,2.30992,2.30908,2.30925,113
2025-10-28 01:00:00,2.30983,2.31021,2.30941,2.30952,156
2025-10-28 01:05:00,2.30952,2.30954,2.30902,2.30931,117
2025-10-28 01:10:00,2.30933,2.30933,2.30873,2.30884,78
2025-10-28 01:15:00,2.30886,2.30921,2.3088,2.30919,77
2025-10-28 01:20:00,2.30917,2.30923,2.3087,2.309,107
2025-10-28 01:25:00,2.30898,2.30917,2.30883,2.30903,120
2025-10-28 01:30:00,2.30904,2.30933,2.30893,2.30928,109
2025-10-28 01:35:00,2.30926,2.30953,2.30915,2.30939,116
2025-10-28 01:40:00,2.3094,2.30954,2.30924,2.30942,100
2025-10-28 01:45:00,2.30944,2.31,2.30942,2.30991,153
2025-10-28 01:50:00,2.3099,2.3099600000000002,2.3094799999999998,2.30961,119
2025-10-28 01:55:00,2.3096,2.31012,2.3096,2.30988,162
2025-10-28 02:00:00,2.3099,2.31002,2.30939,2.30985,188
2025-10-28 02:05:00,2.30986,2.31061,2.30986,2.31061,132
2025-10-28 02:10:00,2.31065,2.31068,2.31013,2.31023,170
2025-10-28 02:15:00,2.31021,2.31028,2.31004,2.3102,121
2025-10-28 02:20:00,2.31021,2.31086,2.30985,2.30989,178
2025-10-28 02:25:00,2.30986,2.31027,2.30978,2.31021,162
2025-10-28 02:30:00,2.31012,2.3104,2.30979,2.31014,204
2025-10-28 02:35:00,2.31015,2.31038,2.30991,2.3099600000000002,212
2025-10-28 02:40:00,2.30994,2.31014,2.30959,2.30995,142
2025-10-28 02:45:00,2.3099600000000002,2.31055,2.30993,2.31032,179
2025-10-28 02:50:00,2.31034,2.31045,2.30998,2.31025,223
2025-10-28 02:55:00,2.31024,2.31095,2.31012,2.31082,211
2025-10-28 03:00:00,2.31098,2.31153,2.3106999999999998,2.31141,227
2025-10-28 03:05:00,2.31139,2.31142,2.3106999999999998,2.31083,235
2025-10-28 03:10:00,2.31084,2.31113,2.31059,2.3106999999999998,230
2025-10-28 03:15:00,2.3106999999999998,2.31164,2.31069,2.31156,287
2025-10-28 03:20:00,2.31154,2.3119,2.31121,2.3119,197
2025-10-28 03:25:00,2.31189,2.31198,2.31129,2.31196,194
2025-10-28 03:30:00,2.31208,2.31234,2.3118,2.31227,239
2025-10-28 03:35:00,2.31242,2.31262,2.31212,2.31236,223
2025-10-28 03:40:00,2.31237,2.31239,2.31142,2.31142,195
2025-10-28 03:45:00,2.31143,2.31146,2.31111,2.3113,172
2025-10-28 03:50:00,2.31133,2.31163,2.31128,2.31163,154
2025-10-28 03:55:00,2.31164,2.31185,2.31126,2.3115,236
2025-10-28 04:00:00,2.31148,2.31187,2.31099,2.31145,273
2025-10-28 04:05:00,2.31146,2.31157,2.31116,2.31143,220
2025-10-28 04:10:00,2.31144,2.31159,2.311,2.31122,172
2025-10-28 04:15:00,2.31122,2.31123,2.31068,2.31103,149
2025-10-28 04:20:00,2.31102,2.31143,2.311,2.31119,187
2025-10-28 04:25:00,2.31112,2.31139,2.31098,2.3113,154
2025-10-28 04:30:00,2.31129,2.31149,2.31108,2.31126,142
2025-10-28 04:35:00,2.31124,2.31133,2.31085,2.31093,168
2025-10-28 04:40:00,2.31092,2.31141,2.31092,2.31137,141
2025-10-28 04:45:00,2.3113799999999998,2.31155,2.31104,2.31115,177
2025-10-28 04:50:00,2.31114,2.31159,2.31105,2.31147,223
2025-10-28 04:55:00,2.31146,2.31185,2.31145,2.31161,155
2025-10-28 05:00:00,2.31162,2.31254,2.31162,2.31254,154
2025-10-28 05:05:00,2.31259,2.31331,2.3125,2.31324,131
2025-10-28 05:10:00,2.31322,2.31325,2.31284,2.31317,155
2025-10-28 05:15:00,2.31319,2.31328,2.31233,2.31251,141
2025-10-28 05:20:00,2.31252,2.31261,2.31155,2.31184,178
2025-10-28 05:25:00,2.31188,2.31211,2.31151,2.31204,142
2025-10-28 05:30:00,2.31203,2.31238,2.31185,2.31211,133
2025-10-28 05:35:00,2.31211,2.31224,2.31174,2.31221,146
2025-10-28 05:40:00,2.31224,2.31228,2.31196,2.31215,127
2025-10-28 05:45:00,2.31214,2.31234,2.31184,2.31205,159
2025-10-28 05:50:00,2.31204,2.31208,2.31168,2.31169,197
2025-10-28 05:55:00,2.31168,2.31171,2.31122,2.3115,265
2025-10-28 06:00:00,2.31151,2.31164,2.31106,2.3112,235
2025-10-28 06:05:00,2.31121,2.31121,2.31085,2.31091,176
2025-10-28 06:10:00,2.31092,2.31121,2.31047,2.31098,205
2025-10-28 06:15:00,2.31096,2.31161,2.31091,2.31157,216
2025-10-28 06:20:00,2.3116,2.3117900000000002,2.31123,2.31172,189
2025-10-28 06:25:00,2.31173,2.31173,2.31106,2.31162,239
2025-10-28 06:30:00,2.31172,2.3118,2.31103,2.31105,176
2025-10-28 06:35:00,2.31107,2.31151,2.31095,2.31134,199
2025-10-28 06:40:00,2.31132,2.31165,2.3111800000000002,2.31132,167
2025-10-28 06:45:00,2.3113,2.3113099999999998,2.31083,2.3113099999999998,219
2025-10-28 06:50:00,2.3113,2.3113,2.31056,2.3108,181
2025-10-28 06:55:00,2.31076,2.31134,2.31055,2.31103,248
2025-10-28 07:00:00,2.31106,2.31148,2.31104,2.31146,231
2025-10-28 07:05:00,2.31147,2.31168,2.3112,2.31149,200
2025-10-28 07:10:00,2.31146,2.31188,2.31142,2.31162,189
2025-10-28 07:15:00,2.31161,2.31215,2.3112,2.31146,148
2025-10-28 07:20:00,2.31145,2.31155,2.31091,2.31096,185
2025-10-28 07:25:00,2.31098,2.31198,2.31097,2.31198,235
2025-10-28 07:30:00,2.3119899999999998,2.31207,2.31163,2.3119,198
2025-10-28 07:35:00,2.31191,2.31277,2.31168,2.31277,180
2025-10-28 07:40:00,2.31275,2.3130800000000002,2.31243,2.31276,196
2025-10-28 07:45:00,2.31275,2.31277,2.31223,2.31235,156
2025-10-28 07:50:00,2.31234,2.31267,2.31229,2.31233,175
2025-10-28 07:55:00,2.31232,2.31232,2.31197,2.31225,191
2025-10-28 08:00:00,2.31228,2.31281,2.31218,2.31262,276
2025-10-28 08:05:00,2.31261,2.31298,2.3125999999999998,2.31298,196
2025-10-28 08:10:00,2.31297,2.3131,2.31268,2.31303,212
2025-10-28 08:15:00,2.31304,2.3138,2.31287,2.31354,229
2025-10-28 08:20:00,2.31353,2.31406,2.31347,2.31395,168
2025-10-28 08:25:00,2.31397,2.31478,2.31355,2.31474,225
2025-10-28 08:30:00,2.31483,2.31503,2.31396,2.31408,245
2025-10-28 08:35:00,2.31407,2.31424,2.31376,2.31415,240
2025-10-28 08:40:00,2.31414,2.31438,2.3139,2.31425,162
2025-10-28 08:45:00,2.31418,2.31448,2.31359,2.31441,207
2025-10-28 08:50:00,2.3144299999999998,2.3144299999999998,2.31388,2.31427,204
2025-10-28 08:55:00,2.3142300000000002,2.31476,2.3142,2.3145,283
2025-10-28 09:00:00,2.31442,2.3149,2.31416,2.31418,340
2025-10-28 09:05:00,2.31417,2.31479,2.31386,2.31461,390
2025-10-28 09:10:00,2.3146,2.31496,2.31427,2.3149,299
2025-10-28 09:15:00,2.31487,2.31521,2.31459,2.31485,239
2025-10-28 09:20:00,2.31483,2.3151,2.31434,2.31437,233
2025-10-28 09:25:00,2.31439,2.31441,2.31342,2.31371,219
2025-10-28 09:30:00,2.31371,2.3138199999999998,2.31315,2.31318,244
2025-10-28 09:35:00,2.31319,2.31349,2.31298,2.31332,221
2025-10-28 09:40:00,2.31332,2.31343,2.31261,2.31273,239
2025-10-28 09:45:00,2.31274,2.31296,2.31231,2.3129,267
2025-10-28 09:50:00,2.3129,2.31311,2.31165,2.31188,304
2025-10-28 09:55:00,2.31187,2.3122,2.31132,2.3118,372
2025-10-28 10:00:00,2.31177,2.31188,2.31121,2.31161,426
2025-10-28 10:05:00,2.31162,2.31167,2.31082,2.31098,300
2025-10-28 10:10:00,2.311,2.31121,2.31039,2.31087,368
2025-10-28 10:15:00,2.31084,2.3109,2.31021,2.31031,343
2025-10-28 10:20:00,2.31031,2.31086,2.31027,2.31048,273
2025-10-28 10:25:00,2.31047,2.31047,2.30879,2.30913,375
2025-10-28 10:30:00,2.3091,2.31056,2.30899,2.31047,385
2025-10-28 10:35:00,2.31047,2.31093,2.30773,2.30821,470
2025-10-28 10:40:00,2.3082,2.30837,2.30701,2.30716,465
2025-10-28 10:45:00,2.30719,2.30839,2.30667,2.30831,443
2025-10-28 10:50:00,2.3083299999999998,2.30868,2.30798,2.30858,361
2025-10-28 10:55:00,2.30851,2.309,2.30787,2.3089,339
2025-10-28 11:00:00,2.30889,2.30904,2.30825,2.30836,359
2025-10-28 11:05:00,2.30838,2.30915,2.3082,2.309,400
2025-10-28 11:10:00,2.30908,2.3091,2.30817,2.30819,265
2025-10-28 11:15:00,2.3082,2.30848,2.30773,2.30789,306
2025-10-28 11:20:00,2.3079,2.30828,2.30749,2.30773,312
2025-10-28 11:25:00,2.30771,2.30797,2.30751,2.30762,261
2025-10-28 11:30:00,2.30758,2.3080600000000002,2.3074,2.30775,287
2025-10-28 11:35:00,2.30776,2.30828,2.30723,2.3075200000000002,242
2025-10-28 11:40:00,2.30754,2.30815,2.30742,2.30795,295
2025-10-28 11:45:00,2.30796,2.3087,2.30722,2.30722,289
2025-10-28 11:50:00,2.30713,2.30736,2.30635,2.30661,245
2025-10-28 11:55:00,2.30659,2.30715,2.30657,2.30692,326
2025-10-28 12:00:00,2.3069100000000002,2.30702,2.30603,2.30606,289
2025-10-28 12:05:00,2.30604,2.30621,2.3056,2.30595,302
2025-10-28 12:10:00,2.30595,2.3064999999999998,2.30578,2.30632,261
2025-10-28 12:15:00,2.30633,2.30687,2.30631,2.30654,265
2025-10-28 12:20:00,2.30655,2.30758,2.30655,2.30747,286
2025-10-28 12:25:00,2.30746,2.30767,2.3069100000000002,2.30701,255
2025-10-28 12:30:00,2.30699,2.30715,2.30597,2.30683,320
2025-10-28 12:35:00,2.3068400000000002,2.3071099999999998,2.30656,2.30705,247
2025-10-28 12:40:00,2.30707,2.30759,2.30697,2.30751,289
2025-10-28 12:45:00,2.3075200000000002,2.30753,2.30646,2.30659,288
2025-10-28 12:50:00,2.30651,2.30694,2.30642,2.30688,240
2025-10-28 12:55:00,2.30687,2.3074500000000002,2.30659,2.30721,253
2025-10-28 13:00:00,2.30718,2.30728,2.30664,2.30686,243
2025-10-28 13:05:00,2.30676,2.30681,2.3063000000000002,2.30646,266
2025-10-28 13:10:00,2.30647,2.30666,2.30627,2.30652,278
2025-10-28 13:15:00,2.30654,2.30687,2.30637,2.30685,354
2025-10-28 13:20:00,2.30681,2.30681,2.30603,2.30606,195
2025-10-28 13:25:00,2.30606,2.30616,2.30525,2.30536,250
2025-10-28 13:30:00,2.30546,2.30546,2.30487,2.30522,271
2025-10-28 13:35:00,2.3052099999999998,2.3054,2.3048,2.30497,210
2025-10-28 13:40:00,2.30499,2.30519,2.30475,2.30511,266
2025-10-28 13:45:00,2.3052099999999998,2.30537,2.30479,2.30495,183
2025-10-28 13:50:00,2.30496,2.3050800000000002,2.3047,2.3048,177
2025-10-28 13:55:00,2.30479,2.30578,2.30478,2.30567,287
2025-10-28 14:00:00,2.30572,2.3068,2.30572,2.30586,438
2025-10-28 14:05:00,2.30585,2.30601,2.30522,2.3053,281
2025-10-28 14:10:00,2.30529,2.30554,2.30479,2.30479,285
2025-10-28 14:15:00,2.30489,2.3052799999999998,2.30453,2.30519,316
2025-10-28 14:20:00,2.3052,2.3057,2.30479,2.30506,388
2025-10-28 14:25:00,2.3050800000000002,2.30509,2.30437,2.30437,245
2025-10-28 14:30:00,2.30435,2.30531,2.30432,2.30524,314
2025-10-28 14:35:00,2.30523,2.30597,2.30473,2.30503,380
2025-10-28 14:40:00,2.3050100000000002,2.30573,2.30492,2.30555,339
2025-10-28 14:45:00,2.30554,2.30573,2.30484,2.30573,318
2025-10-28 14:50:00,2.30575,2.30576,2.30466,2.30487,447
2025-10-28 14:55:00,2.30485,2.30485,2.30279,2.30333,464
2025-10-28 15:00:00,2.30344,2.30419,2.30316,2.30364,419
2025-10-28 15:05:00,2.30359,2.30409,2.30291,2.30323,377
2025-10-28 15:10:00,2.30321,2.30349,2.30266,2.30312,355
2025-10-28 15:15:00,2.30314,2.3032,2.30204,2.30227,372
2025-10-28 15:20:00,2.30229,2.30256,2.30175,2.30182,427
2025-10-28 15:25:00,2.30189,2.30224,2.30189,2.30211,322
2025-10-28 15:30:00,2.3021,2.30218,2.30055,2.30154,469
2025-10-28 15:35:00,2.30153,2.3022,2.3013,2.30152,425
2025-10-28 15:40:00,2.30153,2.30195,2.30113,2.30127,432
2025-10-28 15:45:00,2.30128,2.3013,2.29947,2.30014,495
2025-10-28 15:50:00,2.30015,2.30123,2.29888,2.29913,441
2025-10-28 15:55:00,2.29912,2.29941,2.29859,2.29878,362
2025-10-28 16:00:00,2.29861,2.29918,2.29808,2.29876,431
2025-10-28 16:05:00,2.29879,2.2995,2.29861,2.29939,453
2025-10-28 16:10:00,2.29946,2.29956,2.29832,2.29845,422
2025-10-28 16:15:00,2.29844,2.29845,2.29773,2.29773,334
2025-10-28 16:20:00,2.2978199999999998,2.29826,2.2972,2.29793,525
2025-10-28 16:25:00,2.29792,2.29792,2.2959,2.2959899999999998,426
2025-10-28 16:30:00,2.29597,2.29632,2.29521,2.29534,385
2025-10-28 16:35:00,2.29536,2.2958,2.29491,2.29508,358
2025-10-28 16:40:00,2.29506,2.29528,2.29458,2.29466,447
2025-10-28 16:45:00,2.29469,2.29502,2.29398,2.29482,345
2025-10-28 16:50:00,2.2948,2.29595,2.29441,2.29582,386
2025-10-28 16:55:00,2.29579,2.29618,2.29568,2.29573,370
2025-10-28 17:00:00,2.29574,2.29591,2.29441,2.29462,374
2025-10-28 17:05:00,2.29461,2.29474,2.29414,2.29433,334
2025-10-28 17:10:00,2.29434,2.29473,2.2941,2.29447,367
2025-10-28 17:15:00,2.29449,2.29491,2.29442,2.29486,322
2025-10-28 17:20:00,2.29488,2.29506,2.29419,2.29472,320
2025-10-28 17:25:00,2.29469,2.29518,2.29469,2.2948399999999998,263
2025-10-28 17:30:00,2.29485,2.29561,2.29483,2.29542,342
2025-10-28 17:35:00,2.29547,2.29559,2.29488,2.29509,242
2025-10-28 17:40:00,2.29507,2.29597,2.29502,2.2958600000000002,288
2025-10-28 17:45:00,2.29584,2.29619,2.29524,2.2956,358
2025-10-28 17:50:00,2.29558,2.29616,2.29492,2.29616,402
2025-10-28 17:55:00,2.29607,2.29788,2.29607,2.2973,589
2025-10-28 18:00:00,2.2972799999999998,2.29801,2.29696,2.2971500000000002,526
2025-10-28 18:05:00,2.2971,2.29757,2.2965999999999998,2.29661,348
2025-10-28 18:10:00,2.29663,2.29743,2.29663,2.29714,260
2025-10-28 18:15:00,2.29712,2.29727,2.29652,2.29684,274
2025-10-28 18:20:00,2.29685,2.29705,2.29658,2.29687,243
2025-10-28 18:25:00,2.29688,2.29704,2.29611,2.29645,203
2025-10-28 18:30:00,2.29638,2.29673,2.29535,2.29623,513
2025-10-28 18:35:00,2.29632,2.29633,2.2956,2.29594,417
2025-10-28 18:40:00,2.29598,2.29618,2.2954499999999998,2.29616,338
2025-10-28 18:45:00,2.29617,2.29658,2.29546,2.29618,302
2025-10-28 18:50:00,2.29625,2.29625,2.29556,2.29608,334
2025-10-28 18:55:00,2.29609,2.29653,2.29569,2.29575,410
2025-10-28 19:00:00,2.29571,2.29581,2.2948399999999998,2.29553,362
2025-10-28 19:05:00,2.29552,2.29556,2.29509,2.2953,238
2025-10-28 19:10:00,2.29529,2.29537,2.2949,2.29496,256
2025-10-28 19:15:00,2.29495,2.29505,2.29451,2.29491,292
2025-10-28 19:20:00,2.29492,2.29504,2.29465,2.29468,216
2025-10-28 19:25:00,2.2947,2.29486,2.29429,2.29453,195
2025-10-28 19:30:00,2.29451,2.29469,2.29424,2.29427,212
2025-10-28 19:35:00,2.29428,2.29429,2.29392,2.2941599999999998,200
2025-10-28 19:40:00,2.29412,2.29512,2.29412,2.29507,198
2025-10-28 19:45:00,2.29504,2.29511,2.2948399999999998,2.29493,183
2025-10-28 19:50:00,2.29494,2.29496,2.29384,2.29393,221
2025-10-28 19:55:00,2.29391,2.29438,2.29383,2.29435,238
2025-10-28 20:00:00,2.29436,2.29492,2.29415,2.29468,283
2025-10-28 20:05:00,2.29467,2.29534,2.29467,2.29516,196
2025-10-28 20:10:00,2.29515,2.29539,2.29463,2.29473,211
2025-10-28 20:15:00,2.29476,2.29485,2.29456,2.29458,153
2025-10-28 20:20:00,2.29456,2.29478,2.2943,2.29475,144
2025-10-28 20:25:00,2.29476,2.29486,2.2945,2.29474,178
2025-10-28 20:30:00,2.29476,2.2949,2.29433,2.2945,231
2025-10-28 20:35:00,2.29451,2.29487,2.29449,2.29485,232
2025-10-28 20:40:00,2.29486,2.29514,2.2947100000000002,2.29514,191
2025-10-28 20:45:00,2.29515,2.29543,2.29502,2.2953,211
2025-10-28 20:50:00,2.29529,2.29529,2.29494,2.29494,163
2025-10-28 20:55:00,2.29498,2.29577,2.29485,2.2952,287
2025-10-28 21:00:00,2.29518,2.2956,2.29518,2.29548,256
2025-10-28 21:05:00,2.2955,2.29583,2.2954499999999998,2.29556,169
2025-10-28 21:10:00,2.29561,2.2959300000000002,2.29553,2.29581,158
2025-10-28 21:15:00,2.29587,2.29613,2.29562,2.29574,195
2025-10-28 21:20:00,2.29572,2.29608,2.29572,2.29603,160
2025-10-28 21:25:00,2.2959899999999998,2.29623,2.29565,2.29568,135
2025-10-28 21:30:00,2.29567,2.29574,2.2952500000000002,2.2955,190
2025-10-28 21:35:00,2.2955,2.29585,2.29548,2.2958,158
2025-10-28 21:40:00,2.29581,2.29583,2.29551,2.29564,175
2025-10-28 21:45:00,2.29565,2.29577,2.29548,2.29571,179
2025-10-28 21:50:00,2.29573,2.29579,2.2955,2.29554,156
2025-10-28 21:55:00,2.29553,2.29591,2.29535,2.29563,280
2025-10-28 22:00:00,2.29566,2.29566,2.29479,2.29512,195
2025-10-28 22:05:00,2.2951,2.29566,2.29509,2.29554,124
2025-10-28 22:10:00,2.29555,2.29584,2.29555,2.29582,82
2025-10-28 22:15:00,2.29581,2.2959899999999998,2.29575,2.29575,68
2025-10-28 22:20:00,2.29577,2.29603,2.29563,2.29575,81
2025-10-28 22:25:00,2.29572,2.2958600000000002,2.29556,2.29566,88
2025-10-28 22:30:00,2.29567,2.29621,2.29555,2.29559,62
2025-10-28 22:35:00,2.2956,2.29569,2.29543,2.29555,109
2025-10-28 22:40:00,2.29557,2.29603,2.29534,2.296,154
2025-10-28 22:45:00,2.29601,2.29614,2.29566,2.29577,93
2025-10-28 22:50:00,2.29575,2.29596,2.2956,2.2958,101
2025-10-28 22:55:00,2.29351,2.29353,2.29215,2.29237,163
2025-10-28 23:00:00,2.29481,2.29511,2.29457,2.29511,13
2025-10-28 23:05:00,2.29511,2.29511,2.29319,2.29325,15
2025-10-28 23:10:00,2.29325,2.29327,2.29324,2.29325,11
2025-10-28 23:15:00,2.29462,2.29497,2.29438,2.29497,47
2025-10-28 23:20:00,2.29502,2.2953200000000002,2.29497,2.29513,50
2025-10-28 23:25:00,2.29504,2.2954,2.29486,2.29497,104
2025-10-28 23:30:00,2.29499,2.29515,2.29473,2.29499,89
2025-10-28 23:35:00,2.29499,2.29534,2.29494,2.29521,67
2025-10-28 23:40:00,2.2952,2.2953200000000002,2.29513,2.2952,68
2025-10-28 23:45:00,2.29522,2.29537,2.29513,2.29514,67
2025-10-28 23:50:00,2.29522,2.2953,2.29428,2.29482,111
2025-10-28 23:55:00,2.29478,2.29572,2.2935,2.2945,252
2025-10-29 00:00:00,2.29427,2.29659,2.29427,2.29563,336
2025-10-29 00:05:00,2.29561,2.29565,2.29513,2.2953799999999998,158
2025-10-29 00:10:00,2.2954,2.29567,2.29509,2.29514,123
2025-10-29 00:15:00,2.29516,2.2955,2.29493,2.29522,255
2025-10-29 00:20:00,2.29521,2.29537,2.29506,2.2953,130
2025-10-29 00:25:00,2.2953200000000002,2.29619,2.2953,2.2955,66
2025-10-29 00:30:00,2.29548,2.29567,2.29544,2.2956,81
2025-10-29 00:35:00,2.29559,2.29564,2.29536,2.29556,84
2025-10-29 00:40:00,2.29555,2.29581,2.29552,2.29581,111
2025-10-29 00:45:00,2.29579,2.29585,2.29524,2.2953,98
2025-10-29 00:50:00,2.29531,2.29531,2.29475,2.29514,68
2025-10-29 00:55:00,2.29514,2.29537,2.29508,2.29536,90
2025-10-29 01:00:00,2.2954499999999998,2.29611,2.2954499999999998,2.2961,124
2025-10-29 01:05:00,2.29609,2.2962,2.29596,2.2960599999999998,79
2025-10-29 01:10:00,2.29604,2.29604,2.29523,2.29526,97
2025-10-29 01:15:00,2.2952500000000002,2.2954,2.29515,2.29519,56
2025-10-29 01:20:00,2.29517,2.29543,2.29503,2.2952,78
2025-10-29 01:25:00,2.29522,2.29611,2.29512,2.29603,135
2025-10-29 01:30:00,2.296,2.29608,2.29537,2.29542,79
2025-10-29 01:35:00,2.29541,2.29562,2.29517,2.29549,80
2025-10-29 01:40:00,2.29544,2.29546,2.29517,2.29522,81
2025-10-29 01:45:00,2.2954,2.29589,2.29524,2.29589,79
2025-10-29 01:50:00,2.29587,2.2962,2.29578,2.29608,158
2025-10-29 01:55:00,2.29609,2.29618,2.29579,2.29595,190
2025-10-29 02:00:00,2.2959300000000002,2.29614,2.29542,2.29551,271
2025-10-29 02:05:00,2.2955,2.29699,2.29483,2.29688,321
2025-10-29 02:10:00,2.2969,2.29699,2.29635,2.29679,198
2025-10-29 02:15:00,2.29678,2.29683,2.29607,2.29646,238
2025-10-29 02:20:00,2.2964,2.29656,2.29615,2.29619,199
2025-10-29 02:25:00,2.29619,2.29648,2.29512,2.29523,128
2025-10-29 02:30:00,2.29524,2.298,2.29317,2.29719,579
2025-10-29 02:35:00,2.29725,2.29755,2.29571,2.29582,362
2025-10-29 02:40:00,2.29584,2.29603,2.29474,2.29544,280
2025-10-29 02:45:00,2.29542,2.29552,2.29392,2.29488,279
2025-10-29 02:50:00,2.2949,2.29537,2.2944,2.29512,402
2025-10-29 02:55:00,2.29523,2.29629,2.29496,2.29603,347
2025-10-29 03:00:00,2.29604,2.29604,2.29485,2.29567,344
2025-10-29 03:05:00,2.29569,2.29608,2.29543,2.29597,232
2025-10-29 03:10:00,2.29595,2.29607,2.2953200000000002,2.29569,228
2025-10-29 03:15:00,2.29568,2.2958,2.29493,2.29541,272
2025-10-29 03:20:00,2.2953799999999998,2.29553,2.29489,2.29529,223
2025-10-29 03:25:00,2.29531,2.29631,2.29509,2.29631,263
2025-10-29 03:30:00,2.29632,2.2965,2.29587,2.29591,238
2025-10-29 03:35:00,2.29591,2.29628,2.29573,2.29618,232
2025-10-29 03:40:00,2.29617,2.29652,2.29512,2.29567,374
2025-10-29 03:45:00,2.2957,2.29572,2.29495,2.29561,280
2025-10-29 03:50:00,2.2956,2.29603,2.29551,2.29591,212
2025-10-29 03:55:00,2.29587,2.29627,2.29562,2.29626,199
2025-10-29 04:00:00,2.29621,2.29736,2.29621,2.29735,213
2025-10-29 04:05:00,2.29733,2.29797,2.2972799999999998,2.29772,165
2025-10-29 04:10:00,2.29773,2.29815,2.29686,2.29704,199
2025-10-29 04:15:00,2.29706,2.29717,2.29619,2.29639,163
2025-10-29 04:20:00,2.29639,2.29659,2.29516,2.29528,179
2025-10-29 04:25:00,2.29531,2.29596,2.29522,2.2959,141
2025-10-29 04:30:00,2.29592,2.29608,2.2954,2.29596,209
2025-10-29 04:35:00,2.29597,2.29602,2.29559,2.29572,138
2025-10-29 04:40:00,2.29581,2.29582,2.29478,2.29478,125
2025-10-29 04:45:00,2.29479,2.29485,2.29428,2.29431,109
2025-10-29 04:50:00,2.29435,2.29435,2.2936,2.29394,134
2025-10-29 04:55:00,2.29392,2.29414,2.29371,2.29398,174
2025-10-29 05:00:00,2.2940300000000002,2.2940300000000002,2.29275,2.2928,165
2025-10-29 05:05:00,2.29275,2.29275,2.29229,2.29256,152
2025-10-29 05:10:00,2.29254,2.29269,2.29197,2.29204,182
2025-10-29 05:15:00,2.29206,2.29229,2.29182,2.29187,130
2025-10-29 05:20:00,2.29186,2.29193,2.29151,2.29151,146
2025-10-29 05:25:00,2.29151,2.29156,2.29115,2.29116,143
2025-10-29 05:30:00,2.29113,2.29139,2.29089,2.29109,214
2025-10-29 05:35:00,2.29108,2.2911,2.29038,2.29043,138
2025-10-29 05:40:00,2.29041,2.29103,2.29039,2.29085,174
2025-10-29 05:45:00,2.2908,2.29119,2.29054,2.2909800000000002,161
2025-10-29 05:50:00,2.29088,2.29147,2.29082,2.2912,147
2025-10-29 05:55:00,2.2913,2.29166,2.29092,2.29093,172
2025-10-29 06:00:00,2.29092,2.29101,2.2904,2.2908,182
2025-10-29 06:05:00,2.2907,2.29125,2.2907,2.29122,172
2025-10-29 06:10:00,2.2912,2.29197,2.29116,2.29195,215
2025-10-29 06:15:00,2.29194,2.29195,2.29131,2.29153,158
2025-10-29 06:20:00,2.29148,2.29177,2.29128,2.29175,139
2025-10-29 06:25:00,2.29176,2.29193,2.29149,2.29173,131
2025-10-29 06:30:00,2.29162,2.29196,2.29154,2.29192,118
2025-10-29 06:35:00,2.29196,2.2923,2.29176,2.29191,147
2025-10-29 06:40:00,2.2919,2.29234,2.29189,2.29219,160
2025-10-29 06:45:00,2.2922000000000002,2.29242,2.29206,2.29224,144
2025-10-29 06:50:00,2.29219,2.2923999999999998,2.29209,2.2922000000000002,134
2025-10-29 06:55:00,2.29222,2.29257,2.29209,2.29217,223
2025-10-29 07:00:00,2.29216,2.29239,2.29174,2.29181,171
2025-10-29 07:05:00,2.29176,2.29205,2.29161,2.29195,157
2025-10-29 07:10:00,2.29193,2.29193,2.29125,2.2915900000000002,260
2025-10-29 07:15:00,2.29158,2.2915900000000002,2.29061,2.29088,229
2025-10-29 07:20:00,2.29087,2.29099,2.29042,2.29044,217
2025-10-29 07:25:00,2.29046,2.29058,2.28981,2.28991,217
2025-10-29 07:30:00,2.2899,2.29018,2.28923,2.28943,225
2025-10-29 07:35:00,2.28942,2.29004,2.289,2.28916,264
2025-10-29 07:40:00,2.2891500000000002,2.28922,2.28858,2.28884,182
2025-10-29 07:45:00,2.28885,2.28917,2.28865,2.2890800000000002,186
2025-10-29 07:50:00,2.28911,2.28914,2.2885400000000002,2.28873,179
2025-10-29 07:55:00,2.28884,2.28885,2.28814,2.28832,244
2025-10-29 08:00:00,2.2883,2.289,2.28754,2.28777,319
2025-10-29 08:05:00,2.28767,2.28839,2.28767,2.28836,291
2025-10-29 08:10:00,2.28834,2.28864,2.28724,2.28741,261
2025-10-29 08:15:00,2.28739,2.28749,2.28665,2.28729,215
2025-10-29 08:20:00,2.28727,2.28727,2.28693,2.28709,204
2025-10-29 08:25:00,2.28708,2.28716,2.28642,2.28648,201
2025-10-29 08:30:00,2.28655,2.28693,2.28621,2.28647,167
2025-10-29 08:35:00,2.28648,2.28651,2.28597,2.28624,259
2025-10-29 08:40:00,2.28626,2.28675,2.28589,2.28662,190
2025-10-29 08:45:00,2.2866,2.28692,2.28615,2.28662,204
2025-10-29 08:50:00,2.28661,2.28702,2.28608,2.28643,214
2025-10-29 08:55:00,2.2864,2.28641,2.28434,2.28454,291
2025-10-29 09:00:00,2.28453,2.28486,2.28368,2.28386,421
2025-10-29 09:05:00,2.28383,2.28425,2.28328,2.28384,362
2025-10-29 09:10:00,2.28385,2.28464,2.28356,2.28459,375
2025-10-29 09:15:00,2.28459,2.2848800000000002,2.28326,2.28344,329
2025-10-29 09:20:00,2.28338,2.28338,2.28261,2.28309,340
2025-10-29 09:25:00,2.2831,2.28358,2.28203,2.28295,306
2025-10-29 09:30:00,2.28295,2.28325,2.28239,2.28249,304
2025-10-29 09:35:00,2.28249,2.28316,2.28242,2.28314,283
2025-10-29 09:40:00,2.28321,2.28414,2.28316,2.28414,253
2025-10-29 09:45:00,2.28413,2.28451,2.28385,2.2841,265
2025-10-29 09:50:00,2.28412,2.28522,2.28404,2.28491,299
2025-10-29 09:55:00,2.28489,2.28605,2.2848800000000002,2.28554,337
2025-10-29 10:00:00,2.28556,2.28579,2.28423,2.28512,382
2025-10-29 10:05:00,2.28515,2.28559,2.28394,2.28446,317
2025-10-29 10:10:00,2.28445,2.28491,2.2837899999999998,2.28454,331
2025-10-29 10:15:00,2.28464,2.28526,2.2843,2.28483,263
2025-10-29 10:20:00,2.2848,2.28571,2.28476,2.2854,296
2025-10-29 10:25:00,2.28536,2.2854900000000002,2.28406,2.28409,267
2025-10-29 10:30:00,2.28407,2.28446,2.2831799999999998,2.2836,297
2025-10-29 10:35:00,2.28362,2.28444,2.28346,2.28444,289
2025-10-29 10:40:00,2.28442,2.28543,2.2843,2.28539,253
2025-10-29 10:45:00,2.28538,2.28655,2.28526,2.28616,249
2025-10-29 10:50:00,2.28613,2.28657,2.28583,2.28657,358
2025-10-29 10:55:00,2.28658,2.28727,2.2864,2.28704,316
2025-10-29 11:00:00,2.28702,2.28702,2.28605,2.2862299999999998,330
2025-10-29 11:05:00,2.28621,2.28661,2.2855,2.2856899999999998,303
2025-10-29 11:10:00,2.28582,2.28648,2.28565,2.28593,337
2025-10-29 11:15:00,2.28594,2.28613,2.28547,2.28573,279
2025-10-29 11:20:00,2.28574,2.28669,2.2855,2.28654,290
2025-10-29 11:25:00,2.28653,2.28672,2.28607,2.28657,277
2025-10-29 11:30:00,2.2865,2.28712,2.28638,2.2869,280
2025-10-29 11:35:00,2.2869099999999998,2.28741,2.28637,2.28637,281
2025-10-29 11:40:00,2.28635,2.2865,2.2859,2.28631,258
2025-10-29 11:45:00,2.28633,2.28677,2.28607,2.28646,333
2025-10-29 11:50:00,2.28646,2.28702,2.28612,2.28654,388
2025-10-29 11:55:00,2.28652,2.28652,2.28572,2.28576,296
2025-10-29 12:00:00,2.28581,2.28621,2.2856199999999998,2.28587,298
2025-10-29 12:05:00,2.28598,2.28617,2.28557,2.28583,261
2025-10-29 12:10:00,2.28597,2.28599,2.28534,2.28588,269
2025-10-29 12:15:00,2.28589,2.28637,2.28553,2.28587,261
2025-10-29 12:20:00,2.2858,2.28627,2.28564,2.28606,216
2025-10-29 12:25:00,2.28613,2.28613,2.28539,2.28572,187
2025-10-29 12:30:00,2.2857,2.28576,2.28497,2.2851,227
2025-10-29 12:35:00,2.28511,2.28511,2.2843,2.2845,236
2025-10-29 12:40:00,2.28451,2.28482,2.28426,2.2847,177
2025-10-29 12:45:00,2.28469,2.28512,2.28445,2.28469,168
2025-10-29 12:50:00,2.28471,2.28476,2.28375,2.28383,193
2025-10-29 12:55:00,2.28381,2.28446,2.28358,2.28437,196
2025-10-29 13:00:00,2.28439,2.28524,2.2843,2.28517,193
2025-10-29 13:05:00,2.28516,2.28593,2.28508,2.2859,220
2025-10-29 13:10:00,2.2859,2.28645,2.28561,2.28626,274
2025-10-29 13:15:00,2.28625,2.28653,2.28595,2.2865,247
2025-10-29 13:20:00,2.28652,2.2872,2.28629,2.28668,286
2025-10-29 13:25:00,2.28667,2.28765,2.2865,2.28731,273
2025-10-29 13:30:00,2.28729,2.28736,2.2868,2.28687,250
2025-10-29 13:35:00,2.28696,2.28728,2.28647,2.28693,310
2025-10-29 13:40:00,2.28698,2.28757,2.28677,2.28718,313
2025-10-29 13:45:00,2.28714,2.28751,2.28658,2.28697,284
2025-10-29 13:50:00,2.28705,2.28738,2.28688,2.28704,272
2025-10-29 13:55:00,2.28704,2.28704,2.28627,2.2862999999999998,295
2025-10-29 14:00:00,2.28629,2.28675,2.286,2.28668,307
2025-10-29 14:05:00,2.28661,2.2872500000000002,2.28616,2.28719,287
2025-10-29 14:10:00,2.28716,2.28795,2.28705,2.28756,250
2025-10-29 14:15:00,2.28751,2.2878600000000002,2.28736,2.28749,252
2025-10-29 14:20:00,2.28751,2.28751,2.2867100000000002,2.28685,345
2025-10-29 14:25:00,2.2868399999999998,2.28685,2.28578,2.28622,426
2025-10-29 14:30:00,2.28624,2.28651,2.28565,2.28588,337
2025-10-29 14:35:00,2.28586,2.28617,2.2854,2.28617,320
2025-10-29 14:40:00,2.2862,2.2862,2.28476,2.28492,332
2025-10-29 14:45:00,2.28499,2.28532,2.28374,2.28408,336
2025-10-29 14:50:00,2.28411,2.28457,2.28386,2.28423,351
2025-10-29 14:55:00,2.28421,2.28498,2.28405,2.28414,363
2025-10-29 15:00:00,2.28416,2.28465,2.28339,2.28448,443
2025-10-29 15:05:00,2.2845,2.28499,2.28395,2.28411,368
2025-10-29 15:10:00,2.28413,2.28422,2.28339,2.28368,360
2025-10-29 15:15:00,2.2837,2.2845,2.28369,2.28384,497
2025-10-29 15:20:00,2.28385,2.28385,2.283,2.28304,369
2025-10-29 15:25:00,2.28303,2.28303,2.2819,2.2819599999999998,452
2025-10-29 15:30:00,2.28201,2.28229,2.28141,2.28159,448
2025-10-29 15:35:00,2.28154,2.2823700000000002,2.2812799999999998,2.28218,368
2025-10-29 15:40:00,2.28219,2.28262,2.28198,2.28209,290
2025-10-29 15:45:00,2.28207,2.28207,2.28044,2.28118,525
2025-10-29 15:50:00,2.2812200000000002,2.28199,2.28095,2.28153,499
2025-10-29 15:55:00,2.28151,2.28238,2.28132,2.282,345
2025-10-29 16:00:00,2.28198,2.28296,2.28156,2.28295,455
2025-10-29 16:05:00,2.2829800000000002,2.28391,2.2829800000000002,2.28387,416
2025-10-29 16:10:00,2.28386,2.28422,2.28346,2.2842000000000002,394
2025-10-29 16:15:00,2.28418,2.28454,2.28375,2.28438,389
2025-10-29 16:20:00,2.28436,2.28502,2.28434,2.28463,362
2025-10-29 16:25:00,2.28462,2.28532,2.28435,2.28437,383
2025-10-29 16:30:00,2.28434,2.28509,2.28414,2.28492,394
2025-10-29 16:35:00,2.2849,2.28538,2.28433,2.28512,363
2025-10-29 16:40:00,2.2851,2.28514,2.28384,2.28394,376
2025-10-29 16:45:00,2.28393,2.28405,2.28336,2.28362,327
2025-10-29 16:50:00,2.28362,2.28421,2.2835,2.28364,329
2025-10-29 16:55:00,2.28365,2.28467,2.28351,2.28353,422
2025-10-29 17:00:00,2.28357,2.28426,2.28291,2.28295,524
2025-10-29 17:05:00,2.28293,2.28312,2.28253,2.28272,439
2025-10-29 17:10:00,2.28271,2.28353,2.28248,2.28339,353
2025-10-29 17:15:00,2.28337,2.28355,2.28227,2.28233,370
2025-10-29 17:20:00,2.28231,2.28312,2.28219,2.28275,378
2025-10-29 17:25:00,2.2827,2.28271,2.28195,2.2827,399
2025-10-29 17:30:00,2.28267,2.28273,2.28167,2.28187,312
2025-10-29 17:35:00,2.2818899999999998,2.28231,2.28156,2.28169,359
2025-10-29 17:40:00,2.28177,2.28236,2.28156,2.28198,343
2025-10-29 17:45:00,2.2819599999999998,2.28317,2.28193,2.28307,435
2025-10-29 17:50:00,2.28306,2.28339,2.28179,2.28307,479
2025-10-29 17:55:00,2.2830500000000002,2.28471,2.28301,2.2839,607
2025-10-29 18:00:00,2.28387,2.28395,2.28299,2.28356,547
2025-10-29 18:05:00,2.28357,2.28422,2.28347,2.28404,446
2025-10-29 18:10:00,2.28403,2.28446,2.28376,2.28376,382
2025-10-29 18:15:00,2.28375,2.28375,2.28226,2.28259,344
2025-10-29 18:20:00,2.2826,2.28286,2.2822,2.28253,284
2025-10-29 18:25:00,2.28249,2.28278,2.2822,2.28256,276
2025-10-29 18:30:00,2.28254,2.28262,2.28202,2.28222,281
2025-10-29 18:35:00,2.28217,2.2823,2.28168,2.2823,279
2025-10-29 18:40:00,2.28231,2.28248,2.28201,2.28226,253
2025-10-29 18:45:00,2.28223,2.28263,2.28198,2.28203,260
2025-10-29 18:50:00,2.28204,2.28245,2.2817600000000002,2.28221,308
2025-10-29 18:55:00,2.28219,2.28245,2.28169,2.28169,317
2025-10-29 19:00:00,2.28166,2.28211,2.28158,2.28181,287
2025-10-29 19:05:00,2.28179,2.28202,2.28144,2.28167,264
2025-10-29 19:10:00,2.28166,2.2818,2.28133,2.28164,257
2025-10-29 19:15:00,2.28165,2.28208,2.28152,2.28207,233
2025-10-29 19:20:00,2.28208,2.28272,2.2818899999999998,2.28269,199
2025-10-29 19:25:00,2.2827,2.28325,2.28263,2.28294,249
2025-10-29 19:30:00,2.28296,2.28307,2.28249,2.28274,347
2025-10-29 19:35:00,2.28276,2.28286,2.28233,2.28276,267
2025-10-29 19:40:00,2.28284,2.28334,2.28271,2.2832,252
2025-10-29 19:45:00,2.28322,2.28341,2.28292,2.28307,269
2025-10-29 19:50:00,2.28302,2.28335,2.28288,2.2831799999999998,296
2025-10-29 19:55:00,2.28315,2.28401,2.2831,2.28375,285
2025-10-29 20:00:00,2.28334,2.28516,2.28208,2.28264,699
2025-10-29 20:05:00,2.28266,2.2843,2.28194,2.28382,730
2025-10-29 20:10:00,2.28372,2.28486,2.28356,2.28472,558
2025-10-29 20:15:00,2.28471,2.28517,2.2836600000000002,2.28417,516
2025-10-29 20:20:00,2.28419,2.28469,2.28395,2.28447,429
2025-10-29 20:25:00,2.28449,2.28503,2.28405,2.28439,453
2025-10-29 20:30:00,2.2843999999999998,2.28459,2.28335,2.28339,675
2025-10-29 20:35:00,2.28338,2.28753,2.28321,2.285,973
2025-10-29 20:40:00,2.28499,2.28572,2.28328,2.28437,901
2025-10-29 20:45:00,2.2843999999999998,2.28472,2.28345,2.28445,835
2025-10-29 20:50:00,2.28443,2.28486,2.28336,2.28426,881
2025-10-29 20:55:00,2.28426,2.28557,2.28181,2.28221,816
2025-10-29 21:00:00,2.28234,2.28486,2.28234,2.28462,789
2025-10-29 21:05:00,2.28447,2.28447,2.2833,2.28403,770
2025-10-29 21:10:00,2.2841,2.28492,2.2839,2.28429,688
2025-10-29 21:15:00,2.28421,2.28632,2.284,2.28485,656
2025-10-29 21:20:00,2.28493,2.28626,2.28469,2.28616,670
2025-10-29 21:25:00,2.28614,2.28768,2.28574,2.28761,667
2025-10-29 21:30:00,2.28767,2.28805,2.28702,2.28753,549
2025-10-29 21:35:00,2.2875199999999998,2.2889,2.2875199999999998,2.2889,540
2025-10-29 21:40:00,2.28889,2.28962,2.28849,2.28905,537
2025-10-29 21:45:00,2.28897,2.28941,2.28841,2.28893,540
2025-10-29 21:50:00,2.28893,2.28898,2.28755,2.28838,476
2025-10-29 21:55:00,2.28837,2.2893499999999998,2.2878,2.28899,457
2025-10-29 22:00:00,2.28831,2.28872,2.28738,2.28744,430
2025-10-29 22:05:00,2.28746,2.28861,2.2871,2.28843,328
2025-10-29 22:10:00,2.28839,2.28866,2.2879300000000002,2.28819,228
2025-10-29 22:15:00,2.28821,2.28869,2.28789,2.2884700000000002,234
2025-10-29 22:20:00,2.28853,2.28853,2.28788,2.28809,168
2025-10-29 22:25:00,2.28809,2.2882,2.28761,2.28804,192
2025-10-29 22:30:00,2.2880599999999998,2.2886,2.28776,2.28835,273
2025-10-29 22:35:00,2.28836,2.28839,2.28763,2.28776,307
2025-10-29 22:40:00,2.28776,2.2884700000000002,2.28776,2.2880599999999998,303
2025-10-29 22:45:00,2.28808,2.28875,2.28791,2.28871,436
2025-10-29 22:50:00,2.28873,2.2888,2.28823,2.2884,285
2025-10-29 22:55:00,2.28894,2.28898,2.28595,2.28609,234
2025-10-29 23:00:00,2.2881,2.28831,2.28795,2.28831,15
2025-10-29 23:05:00,2.28818,2.28841,2.28713,2.28781,22
2025-10-29 23:10:00,2.28781,2.2886699999999998,2.28714,2.28714,25
2025-10-29 23:15:00,2.2887,2.28873,2.2877,2.2877,78
2025-10-29 23:20:00,2.28787,2.28811,2.28763,2.28791,92
2025-10-29 23:25:00,2.28791,2.28872,2.28791,2.28861,96
2025-10-29 23:30:00,2.2886,2.28882,2.28815,2.28851,132
2025-10-29 23:35:00,2.28849,2.28917,2.2864,2.2873200000000002,198
2025-10-29 23:40:00,2.28733,2.28864,2.28685,2.28744,437
2025-10-29 23:45:00,2.2874499999999998,2.28971,2.28735,2.2889,246
2025-10-29 23:50:00,2.28894,2.28918,2.28881,2.28902,119
2025-10-29 23:55:00,2.28896,2.2893,2.28764,2.2877,136
2025-10-30 00:00:00,2.28774,2.28934,2.28774,2.28904,253
2025-10-30 00:05:00,2.28901,2.28912,2.28885,2.2889,216
2025-10-30 00:10:00,2.28889,2.28902,2.28851,2.28857,204
2025-10-30 00:15:00,2.28856,2.28886,2.28853,2.28875,123
2025-10-30 00:20:00,2.28881,2.28907,2.28864,2.28896,182
2025-10-30 00:25:00,2.28887,2.2891,2.28887,2.28904,151
2025-10-30 00:30:00,2.28905,2.28905,2.28877,2.28901,106
2025-10-30 00:35:00,2.289,2.28933,2.28889,2.28929,114
2025-10-30 00:40:00,2.2892799999999998,2.2896900000000002,2.28909,2.28939,132
2025-10-30 00:45:00,2.28941,2.28952,2.28923,2.28937,123
2025-10-30 00:50:00,2.28938,2.2897,2.2892799999999998,2.28938,88
2025-10-30 00:55:00,2.28937,2.28973,2.2893,2.2896900000000002,133
2025-10-30 01:00:00,2.28975,2.29029,2.28954,2.28966,159
2025-10-30 01:05:00,2.28963,2.29003,2.28961,2.2896900000000002,110
2025-10-30 01:10:00,2.28971,2.28977,2.28945,2.28946,123
2025-10-30 01:15:00,2.28947,2.28999,2.28947,2.28999,75
2025-10-30 01:20:00,2.29,2.29005,2.28965,2.2898899999999998,145
2025-10-30 01:25:00,2.28985,2.29015,2.28978,2.29014,73
2025-10-30 01:30:00,2.29013,2.29046,2.29013,2.29035,98
2025-10-30 01:35:00,2.2903700000000002,2.29045,2.29011,2.29038,106
2025-10-30 01:40:00,2.2903700000000002,2.2904,2.28988,2.28997,84
2025-10-30 01:45:00,2.29,2.29,2.28925,2.28927,170
2025-10-30 01:50:00,2.28929,2.28944,2.28898,2.28931,81
2025-10-30 01:55:00,2.2893,2.28945,2.28884,2.28902,139
2025-10-30 02:00:00,2.28898,2.28901,2.28761,2.28783,321
2025-10-30 02:05:00,2.28784,2.28799,2.2873,2.2877,272
2025-10-30 02:10:00,2.2877,2.28784,2.28726,2.28769,261
2025-10-30 02:15:00,2.28767,2.28797,2.2868,2.28702,262
2025-10-30 02:20:00,2.28701,2.2875199999999998,2.28667,2.28736,253
2025-10-30 02:25:00,2.28739,2.2875,2.28662,2.28687,271
2025-10-30 02:30:00,2.28688,2.28736,2.28637,2.28721,220
2025-10-30 02:35:00,2.2872500000000002,2.28744,2.2868399999999998,2.28713,246
2025-10-30 02:40:00,2.28711,2.28717,2.2862299999999998,2.28641,247
2025-10-30 02:45:00,2.28644,2.28668,2.28609,2.28636,293
2025-10-30 02:50:00,2.28635,2.28704,2.2862999999999998,2.28659,256
2025-10-30 02:55:00,2.28661,2.28678,2.28579,2.28614,247
2025-10-30 03:00:00,2.28611,2.28679,2.28571,2.28679,296
2025-10-30 03:05:00,2.28685,2.28703,2.28605,2.28629,293
2025-10-30 03:10:00,2.28622,2.28694,2.28587,2.28663,226
2025-10-30 03:15:00,2.28661,2.28741,2.28651,2.28704,280
2025-10-30 03:20:00,2.28706,2.28717,2.28665,2.2869,239
2025-10-30 03:25:00,2.287,2.28706,2.28668,2.28698,246
2025-10-30 03:30:00,2.28699,2.28798,2.28679,2.28685,327
2025-10-30 03:35:00,2.28683,2.28716,2.28629,2.2869099999999998,270
2025-10-30 03:40:00,2.28693,2.28776,2.28693,2.28735,279
2025-10-30 03:45:00,2.28736,2.28774,2.28714,2.28724,229
2025-10-30 03:50:00,2.28727,2.28744,2.28686,2.28698,189
2025-10-30 03:55:00,2.28696,2.28788,2.28696,2.2874,273
2025-10-30 04:00:00,2.28742,2.28833,2.28729,2.2873200000000002,252
2025-10-30 04:05:00,2.2872500000000002,2.28744,2.28485,2.28531,281
2025-10-30 04:10:00,2.28527,2.28619,2.28521,2.28615,353
2025-10-30 04:15:00,2.28625,2.28637,2.28546,2.28636,323
2025-10-30 04:20:00,2.28634,2.28637,2.2858,2.2858,200
2025-10-30 04:25:00,2.28585,2.28604,2.2852,2.28522,180
2025-10-30 04:30:00,2.28522,2.28555,2.28511,2.2852,222
2025-10-30 04:35:00,2.28523,2.2859,2.28509,2.2856,196
2025-10-30 04:40:00,2.28557,2.28585,2.28531,2.28531,164
2025-10-30 04:45:00,2.2853,2.28564,2.28504,2.28523,193
2025-10-30 04:50:00,2.28524,2.28581,2.28523,2.2856199999999998,164
2025-10-30 04:55:00,2.28564,2.2859,2.28505,2.28525,180
2025-10-30 05:00:00,2.28524,2.28531,2.28461,2.28508,231
2025-10-30 05:05:00,2.28509,2.28516,2.28469,2.28471,171
2025-10-30 05:10:00,2.28475,2.28494,2.28426,2.28476,189
2025-10-30 05:15:00,2.28474,2.2862,2.28462,2.28594,480
2025-10-30 05:20:00,2.28597,2.28607,2.28561,2.28581,351
2025-10-30 05:25:00,2.28582,2.28594,2.2856,2.28576,217
2025-10-30 05:30:00,2.28575,2.28616,2.2856199999999998,2.28585,315
2025-10-30 05:35:00,2.28586,2.28589,2.2846,2.2848,261
2025-10-30 05:40:00,2.28483,2.28521,2.2848,2.28512,245
2025-10-30 05:45:00,2.2851,2.28545,2.28495,2.28537,206
2025-10-30 05:50:00,2.28536,2.28571,2.28502,2.28571,204
2025-10-30 05:55:00,2.28567,2.28584,2.28498,2.28499,253
2025-10-30 06:00:00,2.28502,2.2853,2.28475,2.28527,229
2025-10-30 06:05:00,2.28529,2.28591,2.28515,2.28581,256
2025-10-30 06:10:00,2.28585,2.28829,2.28585,2.28776,490
2025-10-30 06:15:00,2.28778,2.28859,2.28589,2.28599,475
2025-10-30 06:20:00,2.28601,2.28816,2.28548,2.28814,405
2025-10-30 06:25:00,2.28812,2.28812,2.28713,2.28748,443
2025-10-30 06:30:00,2.28746,2.28774,2.2857,2.28583,393
2025-10-30 06:35:00,2.28582,2.28582,2.28284,2.28469,625
2025-10-30 06:40:00,2.28468,2.28533,2.28442,2.28508,417
2025-10-30 06:45:00,2.28509,2.2862299999999998,2.28507,2.28595,345
2025-10-30 06:50:00,2.28593,2.28593,2.28417,2.28423,355
2025-10-30 06:55:00,2.28422,2.28422,2.28336,2.28381,349
2025-10-30 07:00:00,2.28382,2.2843999999999998,2.28332,2.28362,327
2025-10-30 07:05:00,2.28363,2.28443,2.2835,2.28424,294
2025-10-30 07:10:00,2.28428,2.28543,2.28426,2.28494,319
2025-10-30 07:15:00,2.2849,2.28545,2.28486,2.28525,286
2025-10-30 07:20:00,2.28525,2.28561,2.28465,2.28466,236
2025-10-30 07:25:00,2.28467,2.28479,2.28402,2.28402,248
2025-10-30 07:30:00,2.28404,2.28437,2.2837899999999998,2.28437,259
2025-10-30 07:35:00,2.28435,2.28467,2.2835900000000002,2.28377,194
2025-10-30 07:40:00,2.28383,2.2842000000000002,2.28347,2.28378,248
2025-10-30 07:45:00,2.28373,2.28433,2.28373,2.284,257
2025-10-30 07:50:00,2.28402,2.28441,2.28391,2.28414,219
2025-10-30 07:55:00,2.28412,2.28443,2.2839,2.28431,252
2025-10-30 08:00:00,2.28429,2.2848800000000002,2.28378,2.28465,282
2025-10-30 08:05:00,2.28467,2.28497,2.28406,2.28413,229
2025-10-30 08:10:00,2.28414,2.28447,2.28398,2.28444,243
2025-10-30 08:15:00,2.28446,2.28519,2.28426,2.28426,256
2025-10-30 08:20:00,2.2842700000000002,2.28448,2.28397,2.28433,264
2025-10-30 08:25:00,2.28439,2.28468,2.28408,2.28435,274
2025-10-30 08:30:00,2.28434,2.28518,2.28409,2.28516,360
2025-10-30 08:35:00,2.28517,2.28535,2.28468,2.28473,378
2025-10-30 08:40:00,2.28471,2.28607,2.28461,2.28597,406
2025-10-30 08:45:00,2.28593,2.28645,2.2852,2.28624,376
2025-10-30 08:50:00,2.2862299999999998,2.28676,2.28597,2.28661,293
2025-10-30 08:55:00,2.28663,2.28679,2.28615,2.28676,313
2025-10-30 09:00:00,2.28674,2.28815,2.28621,2.28775,414
2025-10-30 09:05:00,2.28777,2.28778,2.28657,2.28729,508
2025-10-30 09:10:00,2.2873200000000002,2.28734,2.28565,2.28577,451
2025-10-30 09:15:00,2.28579,2.28627,2.28547,2.2854900000000002,439
2025-10-30 09:20:00,2.28546,2.28686,2.28546,2.28661,397
2025-10-30 09:25:00,2.2866,2.28665,2.2856,2.28595,415
2025-10-30 09:30:00,2.28595,2.2869,2.28571,2.28669,362
2025-10-30 09:35:00,2.2867,2.2873,2.28601,2.2872500000000002,361
2025-10-30 09:40:00,2.28724,2.28762,2.28676,2.28729,354
2025-10-30 09:45:00,2.28727,2.28754,2.28592,2.28607,326
2025-10-30 09:50:00,2.28608,2.28622,2.28553,2.28553,313
2025-10-30 09:55:00,2.28554,2.28582,2.28482,2.28491,272
2025-10-30 10:00:00,2.28491,2.2859,2.28491,2.2858,435
2025-10-30 10:05:00,2.28581,2.28583,2.28449,2.28527,403
2025-10-30 10:10:00,2.28527,2.28616,2.28433,2.28612,496
2025-10-30 10:15:00,2.28613,2.28613,2.28516,2.28561,434
2025-10-30 10:20:00,2.28566,2.28568,2.28507,2.28565,428
2025-10-30 10:25:00,2.28566,2.28616,2.28535,2.2860300000000002,395
2025-10-30 10:30:00,2.28602,2.28611,2.28535,2.28555,380
2025-10-30 10:35:00,2.28556,2.28607,2.28507,2.28601,337
2025-10-30 10:40:00,2.286,2.28747,2.28599,2.28692,364
2025-10-30 10:45:00,2.28688,2.28776,2.28674,2.28773,343
2025-10-30 10:50:00,2.28769,2.28785,2.28717,2.28729,328
2025-10-30 10:55:00,2.28727,2.28784,2.28705,2.28765,290
2025-10-30 11:00:00,2.28767,2.28794,2.28699,2.28754,346
2025-10-30 11:05:00,2.28756,2.28757,2.28607,2.28657,356
2025-10-30 11:10:00,2.28658,2.28658,2.2858,2.2862999999999998,295
2025-10-30 11:15:00,2.28631,2.28661,2.2859,2.28594,304
2025-10-30 11:20:00,2.28594,2.2862,2.28546,2.28564,288
2025-10-30 11:25:00,2.28566,2.28611,2.28539,2.28574,281
2025-10-30 11:30:00,2.28571,2.28645,2.28556,2.28625,303
2025-10-30 11:35:00,2.28612,2.28644,2.28592,2.2862,341
2025-10-30 11:40:00,2.28621,2.28627,2.2854,2.2854900000000002,373
2025-10-30 11:45:00,2.28548,2.2867,2.28539,2.28634,325
2025-10-30 11:50:00,2.28636,2.28658,2.28575,2.28651,340
2025-10-30 11:55:00,2.28641,2.28692,2.28621,2.2867100000000002,237
2025-10-30 12:00:00,2.28672,2.28694,2.28536,2.28536,296
2025-10-30 12:05:00,2.28536,2.28573,2.28502,2.28557,323
2025-10-30 12:10:00,2.28555,2.28576,2.28541,2.2855,218
2025-10-30 12:15:00,2.28548,2.2862299999999998,2.2852,2.28622,230
2025-10-30 12:20:00,2.2862299999999998,2.2869099999999998,2.2858,2.2865,335
2025-10-30 12:25:00,2.2865,2.28673,2.28632,2.28648,278
2025-10-30 12:30:00,2.28654,2.28677,2.28575,2.28675,280
2025-10-30 12:35:00,2.28678,2.28682,2.28615,2.28631,235
2025-10-30 12:40:00,2.28629,2.28649,2.2858,2.28591,201
2025-10-30 12:45:00,2.28568,2.28625,2.28555,2.28598,229
2025-10-30 12:50:00,2.28599,2.28605,2.28563,2.2860300000000002,215
2025-10-30 12:55:00,2.28606,2.28633,2.28576,2.28613,252
2025-10-30 13:00:00,2.28611,2.2864,2.28595,2.28636,247
2025-10-30 13:05:00,2.28643,2.2869099999999998,2.28591,2.28685,251
2025-10-30 13:10:00,2.2868399999999998,2.28723,2.28666,2.287,354
2025-10-30 13:15:00,2.28702,2.2873,2.2867100000000002,2.28708,270
2025-10-30 13:20:00,2.28708,2.2878600000000002,2.28702,2.28771,324
2025-10-30 13:25:00,2.28772,2.28865,2.28771,2.28859,326
2025-10-30 13:30:00,2.28858,2.29006,2.28858,2.29002,334
2025-10-30 13:35:00,2.29003,2.29008,2.28946,2.28995,265
2025-10-30 13:40:00,2.28997,2.29031,2.28943,2.29017,327
2025-10-30 13:45:00,2.29024,2.29028,2.28934,2.2901,252
2025-10-30 13:50:00,2.29008,2.29076,2.2899599999999998,2.29048,286
2025-10-30 13:55:00,2.2904999999999998,2.29154,2.29018,2.2913,353
2025-10-30 14:00:00,2.29129,2.2917899999999998,2.29083,2.29161,393
2025-10-30 14:05:00,2.29163,2.29184,2.29084,2.29096,338
2025-10-30 14:10:00,2.29096,2.29106,2.29036,2.29042,336
2025-10-30 14:15:00,2.29041,2.29081,2.29035,2.29048,321
2025-10-30 14:20:00,2.29044,2.29191,2.29011,2.29164,353
2025-10-30 14:25:00,2.29162,2.29162,2.29033,2.2909100000000002,429
2025-10-30 14:30:00,2.2909800000000002,2.29218,2.29065,2.29128,398
2025-10-30 14:35:00,2.29128,2.29163,2.29099,2.29127,468
2025-10-30 14:40:00,2.29128,2.29257,2.29107,2.29256,491
2025-10-30 14:45:00,2.29258,2.29309,2.29121,2.29126,488
2025-10-30 14:50:00,2.29128,2.292,2.29101,2.29195,469
2025-10-30 14:55:00,2.29194,2.29264,2.29167,2.29239,443
2025-10-30 15:00:00,2.29242,2.29313,2.29114,2.29175,560
2025-10-30 15:05:00,2.29173,2.29188,2.29061,2.29093,594
2025-10-30 15:10:00,2.29092,2.29114,2.29029,2.29092,493
2025-10-30 15:15:00,2.29092,2.29135,2.29014,2.2912,441
2025-10-30 15:20:00,2.29122,2.29162,2.29072,2.29112,480
2025-10-30 15:25:00,2.29114,2.2923999999999998,2.29081,2.2917,438
2025-10-30 15:30:00,2.29167,2.29267,2.29134,2.29225,545
2025-10-30 15:35:00,2.29226,2.2929,2.29204,2.29247,497
2025-10-30 15:40:00,2.2923999999999998,2.29324,2.29235,2.2929399999999998,487
2025-10-30 15:45:00,2.2928,2.29309,2.29202,2.29244,447
2025-10-30 15:50:00,2.2923999999999998,2.29346,2.29206,2.29308,614
2025-10-30 15:55:00,2.29311,2.29311,2.29123,2.29138,563
2025-10-30 16:00:00,2.29143,2.29146,2.29048,2.29119,555
2025-10-30 16:05:00,2.29116,2.29214,2.29063,2.29205,662
2025-10-30 16:10:00,2.29203,2.29225,2.29031,2.29112,559
2025-10-30 16:15:00,2.29123,2.29279,2.29108,2.29278,527
2025-10-30 16:20:00,2.29279,2.29343,2.29194,2.29329,488
2025-10-30 16:25:00,2.29337,2.29343,2.29222,2.2930099999999998,530
2025-10-30 16:30:00,2.29313,2.29339,2.29163,2.29167,539
2025-10-30 16:35:00,2.29166,2.29235,2.29123,2.29184,453
2025-10-30 16:40:00,2.29183,2.29212,2.29107,2.29201,490
2025-10-30 16:45:00,2.292,2.29252,2.29171,2.29191,492
2025-10-30 16:50:00,2.29195,2.29221,2.2911099999999998,2.29201,415
2025-10-30 16:55:00,2.29202,2.29326,2.29201,2.29257,394
2025-10-30 17:00:00,2.2926,2.29364,2.29252,2.29282,452
2025-10-30 17:05:00,2.29278,2.29336,2.29219,2.29223,370
2025-10-30 17:10:00,2.29222,2.2929399999999998,2.292,2.29205,342
2025-10-30 17:15:00,2.29203,2.29268,2.2919,2.29231,289
2025-10-30 17:20:00,2.2923299999999998,2.29242,2.29162,2.29163,240
2025-10-30 17:25:00,2.29157,2.29197,2.29131,2.29155,284
2025-10-30 17:30:00,2.29154,2.29154,2.28972,2.28986,288
2025-10-30 17:35:00,2.28985,2.28997,2.2891500000000002,2.28922,350
2025-10-30 17:40:00,2.28906,2.28997,2.28902,2.28972,350
2025-10-30 17:45:00,2.28975,2.2898,2.289,2.28907,356
2025-10-30 17:50:00,2.2890800000000002,2.28925,2.28865,2.28883,311
2025-10-30 17:55:00,2.28881,2.28948,2.28754,2.28811,401
2025-10-30 18:00:00,2.2880599999999998,2.28884,2.28778,2.28818,444
2025-10-30 18:05:00,2.28816,2.28831,2.28757,2.28771,296
2025-10-30 18:10:00,2.2877,2.28837,2.2875,2.28757,270
2025-10-30 18:15:00,2.28759,2.28856,2.28749,2.28823,262
2025-10-30 18:20:00,2.2881299999999998,2.28906,2.28774,2.28885,274
2025-10-30 18:25:00,2.28891,2.28899,2.28859,2.28864,190
2025-10-30 18:30:00,2.28861,2.28968,2.28819,2.28968,299
2025-10-30 18:35:00,2.28965,2.29018,2.28951,2.28995,307
2025-10-30 18:40:00,2.28997,2.29022,2.28962,2.29018,324
2025-10-30 18:45:00,2.2902,2.2902,2.2895,2.28974,351
2025-10-30 18:50:00,2.28973,2.29002,2.28956,2.2897600000000002,239
2025-10-30 18:55:00,2.28972,2.28999,2.28947,2.28971,302
2025-10-30 19:00:00,2.28967,2.28971,2.28918,2.2896,243
2025-10-30 19:05:00,2.28961,2.29,2.28925,2.28957,280
2025-10-30 19:10:00,2.28956,2.28972,2.28927,2.2895,273
2025-10-30 19:15:00,2.28949,2.28963,2.28897,2.28909,234
2025-10-30 19:20:00,2.28905,2.28933,2.28886,2.28925,247
2025-10-30 19:25:00,2.28925,2.29018,2.28905,2.2901,302
2025-10-30 19:30:00,2.29011,2.29027,2.28991,2.29024,316
2025-10-30 19:35:00,2.29026,2.2909,2.29,2.29011,308
2025-10-30 19:40:00,2.29011,2.29012,2.28957,2.28984,239
2025-10-30 19:45:00,2.28982,2.28999,2.28941,2.28963,304
2025-10-30 19:50:00,2.28962,2.28971,2.28882,2.28883,214
2025-10-30 19:55:00,2.28882,2.28939,2.28863,2.28896,309
2025-10-30 20:00:00,2.28899,2.28982,2.28889,2.28947,363
2025-10-30 20:05:00,2.28949,2.28983,2.28932,2.28958,262
2025-10-30 20:10:00,2.28963,2.28983,2.28945,2.28971,207
2025-10-30 20:15:00,2.2897,2.29012,2.28963,2.2898,213
2025-10-30 20:20:00,2.2897600000000002,2.28982,2.2893499999999998,2.28968,240
2025-10-30 20:25:00,2.2896900000000002,2.28991,2.28961,2.28991,216
2025-10-30 20:30:00,2.28992,2.28995,2.28959,2.28975,268
2025-10-30 20:35:00,2.28974,2.29,2.28961,2.28987,230
2025-10-30 20:40:00,2.28987,2.2898899999999998,2.28948,2.28964,244
2025-10-30 20:45:00,2.28962,2.28975,2.2892799999999998,2.2894,294
2025-10-30 20:50:00,2.28939,2.28962,2.28919,2.28939,232
2025-10-30 20:55:00,2.28938,2.28986,2.28938,2.28946,284
2025-10-30 21:00:00,2.28948,2.28993,2.28946,2.2896900000000002,345
2025-10-30 21:05:00,2.28968,2.28986,2.28944,2.28948,254
2025-10-30 21:10:00,2.28951,2.29035,2.28951,2.29007,227
2025-10-30 21:15:00,2.29008,2.29063,2.28985,2.2902,293
2025-10-30 21:20:00,2.29021,2.29121,2.2901,2.29073,247
2025-10-30 21:25:00,2.29069,2.29072,2.28977,2.29028,263
2025-10-30 21:30:00,2.29025,2.29033,2.28995,2.29014,218
2025-10-30 21:35:00,2.29015,2.29031,2.28993,2.29014,207
2025-10-30 21:40:00,2.29018,2.29068,2.28995,2.29059,189
2025-10-30 21:45:00,2.29058,2.29092,2.29048,2.29079,190
2025-10-30 21:50:00,2.2908,2.2908,2.29025,2.29041,225
2025-10-30 21:55:00,2.29039,2.29093,2.2903700000000002,2.29089,235
2025-10-30 22:00:00,2.29017,2.29034,2.28934,2.28957,285
2025-10-30 22:05:00,2.28958,2.2898899999999998,2.28944,2.28972,159
2025-10-30 22:10:00,2.28973,2.29005,2.2896900000000002,2.29001,115
2025-10-30 22:15:00,2.29,2.2901,2.28966,2.28968,151
2025-10-30 22:20:00,2.2897,2.28987,2.28966,2.28977,96
2025-10-30 22:25:00,2.2897600000000002,2.28977,2.28927,2.28952,139
2025-10-30 22:30:00,2.28953,2.29016,2.28951,2.28997,165
2025-10-30 22:35:00,2.28999,2.29,2.28977,2.28977,78
2025-10-30 22:40:00,2.2897600000000002,2.29018,2.28968,2.28977,109
2025-10-30 22:45:00,2.28977,2.28981,2.28959,2.28963,166
2025-10-30 22:50:00,2.28961,2.28995,2.28945,2.28993,163
2025-10-30 22:55:00,2.28765,2.28765,2.28698,2.28708,173
2025-10-30 23:00:00,2.28822,2.28859,2.28816,2.28858,16
2025-10-30 23:05:00,2.28858,2.28893,2.28652,2.28769,69
2025-10-30 23:10:00,2.28769,2.28827,2.28763,2.28775,36
2025-10-30 23:15:00,2.28775,2.28889,2.28773,2.28872,78
2025-10-30 23:20:00,2.28883,2.28921,2.28827,2.28912,48
2025-10-30 23:25:00,2.2889,2.28912,2.28834,2.2885,58
2025-10-30 23:30:00,2.28878,2.28906,2.2884,2.28906,100
2025-10-30 23:35:00,2.28902,2.28988,2.28902,2.28963,187
2025-10-30 23:40:00,2.29011,2.29011,2.28934,2.28961,222
2025-10-30 23:45:00,2.28962,2.28999,2.2891500000000002,2.2898,245
2025-10-30 23:50:00,2.28979,2.2899,2.28931,2.28932,133
2025-10-30 23:55:00,2.2892799999999998,2.29009,2.28756,2.28757,161
2025-10-31 00:00:00,2.28781,2.29028,2.28781,2.29,274
2025-10-31 00:05:00,2.2899599999999998,2.29034,2.28978,2.28984,57
2025-10-31 00:10:00,2.28981,2.28998,2.28967,2.28979,85
2025-10-31 00:15:00,2.28977,2.2899599999999998,2.28973,2.28984,78
2025-10-31 00:20:00,2.28982,2.29035,2.28981,2.28994,83
2025-10-31 00:25:00,2.2899599999999998,2.2905699999999998,2.28995,2.29003,76
2025-10-31 00:30:00,2.29011,2.29058,2.28993,2.28997,56
2025-10-31 00:35:00,2.28994,2.2906,2.2897600000000002,2.28999,56
2025-10-31 00:40:00,2.28998,2.29049,2.28984,2.29039,109
2025-10-31 00:45:00,2.29038,2.29119,2.2903700000000002,2.29062,71
2025-10-31 00:50:00,2.29065,2.29074,2.29022,2.29031,112
2025-10-31 00:55:00,2.29032,2.29092,2.29006,2.29039,95
2025-10-31 01:00:00,2.29049,2.29112,2.29049,2.291,99
2025-10-31 01:05:00,2.2909800000000002,2.2913,2.29061,2.29072,79
2025-10-31 01:10:00,2.29072,2.29128,2.2907,2.29096,123
2025-10-31 01:15:00,2.29094,2.29109,2.29084,2.29103,137
2025-10-31 01:20:00,2.29102,2.29148,2.29082,2.29141,105
2025-10-31 01:25:00,2.29139,2.29144,2.29112,2.29133,81
2025-10-31 01:30:00,2.29135,2.2917,2.29135,2.29145,117
2025-10-31 01:35:00,2.29146,2.29161,2.29137,2.29138,98
2025-10-31 01:40:00,2.29137,2.29144,2.29097,2.29101,112
2025-10-31 01:45:00,2.29103,2.29124,2.2908,2.29088,149
2025-10-31 01:50:00,2.291,2.291,2.29041,2.2904999999999998,131
2025-10-31 01:55:00,2.29051,2.2907,2.29035,2.29052,180
2025-10-31 02:00:00,2.29047,2.29115,2.29029,2.2911099999999998,230
2025-10-31 02:05:00,2.2911099999999998,2.2915900000000002,2.2911099999999998,2.29142,218
2025-10-31 02:10:00,2.29143,2.29162,2.29121,2.29142,241
2025-10-31 02:15:00,2.29143,2.29189,2.2913,2.29176,196
2025-10-31 02:20:00,2.29174,2.29202,2.29165,2.29188,203
2025-10-31 02:25:00,2.29187,2.292,2.29125,2.29151,130
2025-10-31 02:30:00,2.29147,2.29192,2.29094,2.29187,208
2025-10-31 02:35:00,2.29199,2.29228,2.29181,2.292,182
2025-10-31 02:40:00,2.29198,2.29204,2.29127,2.29128,192
2025-10-31 02:45:00,2.29127,2.29134,2.29095,2.2909800000000002,184
2025-10-31 02:50:00,2.29094,2.29155,2.29094,2.2914,314
2025-10-31 02:55:00,2.2915200000000002,2.29224,2.2914,2.292,247
2025-10-31 03:00:00,2.29186,2.2922000000000002,2.2915200000000002,2.29217,350
2025-10-31 03:05:00,2.29216,2.2925,2.29198,2.2921,255
2025-10-31 03:10:00,2.29209,2.29262,2.29204,2.29258,230
2025-10-31 03:15:00,2.29263,2.29327,2.29244,2.29325,235
2025-10-31 03:20:00,2.29328,2.29393,2.29318,2.29389,269
2025-10-31 03:25:00,2.29389,2.29427,2.29365,2.29426,177
2025-10-31 03:30:00,2.29428,2.29448,2.2935,2.29351,263
2025-10-31 03:35:00,2.29352,2.2936,2.29295,2.29314,237
2025-10-31 03:40:00,2.29312,2.29395,2.29297,2.29351,237
2025-10-31 03:45:00,2.2935,2.29415,2.29328,2.2939,276
2025-10-31 03:50:00,2.29387,2.29421,2.29357,2.29398,260
2025-10-31 03:55:00,2.29399,2.29437,2.29331,2.29343,331
2025-10-31 04:00:00,2.29345,2.29357,2.2930099999999998,2.29305,347
2025-10-31 04:05:00,2.29307,2.29328,2.29268,2.29288,247
2025-10-31 04:10:00,2.29289,2.29299,2.2926,2.29264,229
2025-10-31 04:15:00,2.29251,2.29296,2.29247,2.29267,211
2025-10-31 04:20:00,2.29268,2.29305,2.29241,2.29304,173
2025-10-31 04:25:00,2.29303,2.29414,2.29287,2.294,191
2025-10-31 04:30:00,2.29402,2.29511,2.294,2.29469,260
2025-10-31 04:35:00,2.29468,2.29553,2.29462,2.29518,230
2025-10-31 04:40:00,2.29517,2.2953,2.2946400000000002,2.29524,212
2025-10-31 04:45:00,2.29526,2.2953799999999998,2.29467,2.29469,198
2025-10-31 04:50:00,2.2947100000000002,2.29506,2.29461,2.29495,213
2025-10-31 04:55:00,2.29494,2.2951,2.29461,2.29473,183
2025-10-31 05:00:00,2.29472,2.29497,2.29436,2.29482,160
2025-10-31 05:05:00,2.2948,2.29521,2.29479,2.29511,180
2025-10-31 05:10:00,2.29512,2.29537,2.29494,2.29517,186
2025-10-31 05:15:00,2.29518,2.2955,2.29489,2.29512,197
2025-10-31 05:20:00,2.29514,2.29557,2.295,2.29555,233
2025-10-31 05:25:00,2.29556,2.2959,2.29522,2.2953799999999998,213
2025-10-31 05:30:00,2.2954,2.29583,2.29536,2.2954499999999998,162
2025-10-31 05:35:00,2.29546,2.29557,2.29507,2.29537,159
2025-10-31 05:40:00,2.29536,2.29554,2.29497,2.29524,164
2025-10-31 05:45:00,2.29522,2.29564,2.29522,2.29548,119
2025-10-31 05:50:00,2.29549,2.29549,2.29497,2.29513,132
2025-10-31 05:55:00,2.29515,2.29515,2.29456,2.29463,228
2025-10-31 06:00:00,2.29461,2.29462,2.29388,2.29388,199
2025-10-31 06:05:00,2.2939,2.29429,2.29385,2.29404,196
2025-10-31 06:10:00,2.29409,2.29434,2.29373,2.29408,160
2025-10-31 06:15:00,2.29409,2.29414,2.2937,2.29404,153
2025-10-31 06:20:00,2.29402,2.29476,2.294,2.29468,131
2025-10-31 06:25:00,2.29469,2.29489,2.29454,2.2946400000000002,184
2025-10-31 06:30:00,2.29465,2.29502,2.2946400000000002,2.29482,158
2025-10-31 06:35:00,2.29483,2.29487,2.29452,2.29453,161
2025-10-31 06:40:00,2.29453,2.29469,2.29433,2.29452,150
2025-10-31 06:45:00,2.29457,2.29466,2.29434,2.29458,134
2025-10-31 06:50:00,2.29456,2.29492,2.29439,2.29482,190
2025-10-31 06:55:00,2.29474,2.2948399999999998,2.2945,2.29466,183
2025-10-31 07:00:00,2.29467,2.29531,2.29466,2.29516,188
2025-10-31 07:05:00,2.29516,2.29551,2.29506,2.29537,210
2025-10-31 07:10:00,2.29543,2.29575,2.29518,2.29569,239
2025-10-31 07:15:00,2.29566,2.2965400000000002,2.29559,2.29629,272
2025-10-31 07:20:00,2.29627,2.29675,2.29608,2.29662,238
2025-10-31 07:25:00,2.29666,2.2966699999999998,2.29605,2.29633,221
2025-10-31 07:30:00,2.29627,2.2968,2.29622,2.2965999999999998,255
2025-10-31 07:35:00,2.2965,2.29675,2.2963,2.2964,214
2025-10-31 07:40:00,2.29641,2.29686,2.29596,2.29683,218
2025-10-31 07:45:00,2.29678,2.29699,2.29653,2.29659,242
2025-10-31 07:50:00,2.29659,2.29739,2.29659,2.29727,195
2025-10-31 07:55:00,2.29729,2.29774,2.29706,2.29706,313
2025-10-31 08:00:00,2.29717,2.29767,2.29699,2.29758,298
2025-10-31 08:05:00,2.29761,2.29792,2.29693,2.29788,343
2025-10-31 08:10:00,2.29787,2.29787,2.29666,2.29676,268
2025-10-31 08:15:00,2.29687,2.29765,2.29678,2.29752,274
2025-10-31 08:20:00,2.29752,2.29798,2.29723,2.29735,238
2025-10-31 08:25:00,2.29734,2.29802,2.29731,2.29783,249
2025-10-31 08:30:00,2.2978899999999998,2.29814,2.29747,2.29802,275
2025-10-31 08:35:00,2.29801,2.29829,2.29766,2.29787,169
2025-10-31 08:40:00,2.29784,2.29803,2.29747,2.29779,192
2025-10-31 08:45:00,2.29784,2.29785,2.29702,2.29706,236
2025-10-31 08:50:00,2.29706,2.29718,2.29616,2.29645,259
2025-10-31 08:55:00,2.29644,2.29739,2.2962,2.29735,230
2025-10-31 09:00:00,2.29732,2.29794,2.29697,2.29723,425
2025-10-31 09:05:00,2.29726,2.29771,2.29678,2.2972,337
2025-10-31 09:10:00,2.2973,2.29734,2.2964700000000002,2.29711,383
2025-10-31 09:15:00,2.29709,2.29764,2.29669,2.29757,355
2025-10-31 09:20:00,2.29758,2.29773,2.29719,2.29765,360
2025-10-31 09:25:00,2.29764,2.2977,2.29709,2.29747,288
2025-10-31 09:30:00,2.29748,2.29752,2.2965400000000002,2.29699,349
2025-10-31 09:35:00,2.29703,2.29744,2.29662,2.2972,299
2025-10-31 09:40:00,2.29711,2.29717,2.29649,2.29698,273
2025-10-31 09:45:00,2.29688,2.29808,2.2968,2.29805,277
2025-10-31 09:50:00,2.29804,2.29835,2.29742,2.29805,326
2025-10-31 09:55:00,2.29804,2.29881,2.29785,2.29788,461
2025-10-31 10:00:00,2.29787,2.29819,2.29759,2.29759,355
2025-10-31 10:05:00,2.29759,2.2976,2.29677,2.29693,276
2025-10-31 10:10:00,2.29692,2.29826,2.29692,2.29821,267
2025-10-31 10:15:00,2.29828,2.29926,2.29806,2.2990399999999998,288
2025-10-31 10:20:00,2.29899,2.29951,2.29875,2.29877,328
2025-10-31 10:25:00,2.29873,2.299,2.2979,2.29803,291
2025-10-31 10:30:00,2.29802,2.29813,2.29748,2.29758,254
2025-10-31 10:35:00,2.29761,2.29829,2.29749,2.29791,221
2025-10-31 10:40:00,2.29793,2.29824,2.29774,2.29779,184
2025-10-31 10:45:00,2.2978,2.29788,2.29706,2.2971,174
2025-10-31 10:50:00,2.29718,2.29718,2.29656,2.29677,249
2025-10-31 10:55:00,2.29688,2.29732,2.2964,2.2964,236
2025-10-31 11:00:00,2.29649,2.29714,2.29646,2.2967,267
2025-10-31 11:05:00,2.29671,2.29688,2.2964700000000002,2.29684,170
2025-10-31 11:10:00,2.2969,2.29745,2.2965400000000002,2.2972799999999998,189
2025-10-31 11:15:00,2.2972799999999998,2.29732,2.29641,2.29676,255
2025-10-31 11:20:00,2.29677,2.29738,2.2967,2.29714,259
2025-10-31 11:25:00,2.29718,2.29718,2.29592,2.29592,265
2025-10-31 11:30:00,2.2959300000000002,2.29635,2.29583,2.2962,222
2025-10-31 11:35:00,2.29622,2.29623,2.29563,2.29595,208
2025-10-31 11:40:00,2.29595,2.29617,2.29549,2.29596,273
2025-10-31 11:45:00,2.29595,2.29712,2.29564,2.29701,285
2025-10-31 11:50:00,2.29702,2.29713,2.2967,2.29692,248
2025-10-31 11:55:00,2.29695,2.2970800000000002,2.29607,2.29618,343
2025-10-31 12:00:00,2.29616,2.29649,2.29588,2.29592,286
2025-10-31 12:05:00,2.2959,2.29614,2.29572,2.2959899999999998,262
2025-10-31 12:10:00,2.2959899999999998,2.29622,2.29582,2.29597,231
2025-10-31 12:15:00,2.29594,2.29601,2.29476,2.29487,326
2025-10-31 12:20:00,2.29481,2.29496,2.29426,2.29489,314
2025-10-31 12:25:00,2.29492,2.29541,2.29488,2.29523,194
2025-10-31 12:30:00,2.29521,2.29521,2.29459,2.2947100000000002,222
2025-10-31 12:35:00,2.29473,2.29504,2.2944,2.29467,213
2025-10-31 12:40:00,2.29465,2.29485,2.29426,2.29427,209
2025-10-31 12:45:00,2.29429,2.29453,2.29406,2.29434,241
2025-10-31 12:50:00,2.29439,2.29443,2.294,2.29407,263
2025-10-31 12:55:00,2.29407,2.29432,2.29373,2.29379,319
2025-10-31 13:00:00,2.2938,2.29399,2.2931,2.29384,384
2025-10-31 13:05:00,2.29379,2.2948,2.29339,2.29466,387
2025-10-31 13:10:00,2.2946,2.29485,2.29396,2.29438,333
2025-10-31 13:15:00,2.29437,2.2946,2.29385,2.2944,304
2025-10-31 13:20:00,2.29435,2.29467,2.29409,2.29453,230
2025-10-31 13:25:00,2.29445,2.29478,2.2942299999999998,2.29436,260
2025-10-31 13:30:00,2.29437,2.29465,2.29407,2.2941599999999998,232
2025-10-31 13:35:00,2.29418,2.29425,2.29317,2.2934,423
2025-10-31 13:40:00,2.29338,2.29346,2.29267,2.29324,386
2025-10-31 13:45:00,2.29327,2.29377,2.29298,2.29371,298
2025-10-31 13:50:00,2.29373,2.29437,2.29359,2.29405,248
2025-10-31 13:55:00,2.29404,2.29438,2.29334,2.29341,357
2025-10-31 14:00:00,2.2934,2.29372,2.29308,2.29361,376
2025-10-31 14:05:00,2.29363,2.29407,2.2928100000000002,2.29315,306
2025-10-31 14:10:00,2.29318,2.29321,2.29266,2.29314,371
2025-10-31 14:15:00,2.29309,2.29367,2.2927400000000002,2.29314,394
2025-10-31 14:20:00,2.2930099999999998,2.29375,2.29293,2.2929399999999998,379
2025-10-31 14:25:00,2.29297,2.29297,2.2923999999999998,2.29264,285
2025-10-31 14:30:00,2.29253,2.2933,2.29252,2.29287,289
2025-10-31 14:35:00,2.29286,2.29432,2.29284,2.29374,469
2025-10-31 14:40:00,2.29376,2.29392,2.29257,2.2933,488
2025-10-31 14:45:00,2.29332,2.29393,2.29312,2.29319,355
2025-10-31 14:50:00,2.29321,2.29389,2.29302,2.29384,330
2025-10-31 14:55:00,2.29383,2.29384,2.29259,2.29298,424
2025-10-31 15:00:00,2.29297,2.29336,2.29258,2.29304,523
2025-10-31 15:05:00,2.29311,2.29312,2.29221,2.29229,456
2025-10-31 15:10:00,2.2923,2.29286,2.29214,2.29267,404
2025-10-31 15:15:00,2.29272,2.29303,2.29144,2.29163,383
2025-10-31 15:20:00,2.29165,2.29235,2.29135,2.29194,328
2025-10-31 15:25:00,2.29195,2.29227,2.29128,2.2917199999999998,364
2025-10-31 15:30:00,2.29173,2.29268,2.29149,2.29196,479
2025-10-31 15:35:00,2.29194,2.29255,2.2915900000000002,2.29216,381
2025-10-31 15:40:00,2.29217,2.29261,2.29163,2.29185,412
2025-10-31 15:45:00,2.29186,2.29279,2.29149,2.29183,516
2025-10-31 15:50:00,2.29175,2.29206,2.29096,2.29127,501
2025-10-31 15:55:00,2.29125,2.29125,2.29043,2.29049,470
2025-10-31 16:00:00,2.29038,2.29049,2.28946,2.29009,522
2025-10-31 16:05:00,2.29007,2.29046,2.2892799999999998,2.28965,495
2025-10-31 16:10:00,2.2896,2.29011,2.2894,2.2897600000000002,447
2025-10-31 16:15:00,2.28974,2.29059,2.28962,2.29033,425
2025-10-31 16:20:00,2.29035,2.29184,2.2901,2.29174,472
2025-10-31 16:25:00,2.29177,2.29209,2.29144,2.29169,445
2025-10-31 16:30:00,2.29178,2.29222,2.29122,2.29174,413
2025-10-31 16:35:00,2.29184,2.29188,2.29113,2.2914,325
2025-10-31 16:40:00,2.29146,2.2919,2.29055,2.29117,465
2025-10-31 16:45:00,2.29119,2.29137,2.29032,2.29121,410
2025-10-31 16:50:00,2.29119,2.29123,2.28987,2.28994,395
2025-10-31 16:55:00,2.2899599999999998,2.29086,2.28968,2.2898,319
2025-10-31 17:00:00,2.28975,2.29012,2.28926,2.29009,425
2025-10-31 17:05:00,2.29014,2.29099,2.28965,2.29096,361
2025-10-31 17:10:00,2.29093,2.29129,2.29039,2.29107,356
2025-10-31 17:15:00,2.29105,2.29113,2.29014,2.2904,314
2025-10-31 17:20:00,2.29042,2.29074,2.29004,2.29073,379
2025-10-31 17:25:00,2.29071,2.2917899999999998,2.29071,2.29143,421
2025-10-31 17:30:00,2.29142,2.29256,2.29125,2.29212,457
2025-10-31 17:35:00,2.29214,2.29311,2.29207,2.29302,284
2025-10-31 17:40:00,2.29303,2.29305,2.29225,2.29225,370
2025-10-31 17:45:00,2.29226,2.29271,2.29125,2.2916,622
2025-10-31 17:50:00,2.2915200000000002,2.2921300000000002,2.2909100000000002,2.2917199999999998,620
2025-10-31 17:55:00,2.29171,2.29444,2.29143,2.29438,644
2025-10-31 18:00:00,2.2944,2.2959300000000002,2.29426,2.29568,623
2025-10-31 18:05:00,2.29566,2.2959899999999998,2.29513,2.29575,456
2025-10-31 18:10:00,2.29573,2.29589,2.29501,2.29555,422
2025-10-31 18:15:00,2.2955,2.29653,2.29543,2.29619,442
2025-10-31 18:20:00,2.29621,2.29651,2.29566,2.29627,373
2025-10-31 18:25:00,2.29619,2.29638,2.29533,2.29562,359
2025-10-31 18:30:00,2.29563,2.29563,2.295,2.29509,326
2025-10-31 18:35:00,2.29505,2.29567,2.29482,2.29548,340
2025-10-31 18:40:00,2.29546,2.29604,2.29515,2.29547,293
2025-10-31 18:45:00,2.29548,2.29562,2.2951,2.29547,262
2025-10-31 18:50:00,2.29544,2.29576,2.2953,2.29565,223
2025-10-31 18:55:00,2.29553,2.29565,2.29448,2.29476,342
2025-10-31 19:00:00,2.29473,2.29572,2.29473,2.2955,342
2025-10-31 19:05:00,2.29552,2.29573,2.2953799999999998,2.29555,271
2025-10-31 19:10:00,2.29559,2.29611,2.2954499999999998,2.29594,245
2025-10-31 19:15:00,2.296,2.29627,2.29558,2.29575,319
2025-10-31 19:20:00,2.29574,2.29629,2.29558,2.2961,287
2025-10-31 19:25:00,2.29607,2.29659,2.29594,2.29643,243
2025-10-31 19:30:00,2.29641,2.29657,2.2958600000000002,2.29635,264
2025-10-31 19:35:00,2.29636,2.29662,2.29595,2.29646,205
2025-10-31 19:40:00,2.29644,2.29651,2.2958,2.2963,231
2025-10-31 19:45:00,2.29627,2.29678,2.296,2.29633,259
2025-10-31 19:50:00,2.29629,2.29671,2.29628,2.29671,222
2025-10-31 19:55:00,2.2967,2.29719,2.29602,2.29602,301
2025-10-31 20:00:00,2.296,2.29638,2.29581,2.29596,328
2025-10-31 20:05:00,2.29595,2.2961,2.2953,2.29534,202
2025-10-31 20:10:00,2.29534,2.29562,2.29528,2.29547,186
2025-10-31 20:15:00,2.29548,2.29568,2.29515,2.29547,174
2025-10-31 20:20:00,2.29546,2.29569,2.29504,2.29509,179
2025-10-31 20:25:00,2.29501,2.29543,2.29479,2.2948399999999998,170
2025-10-31 20:30:00,2.2952500000000002,2.29567,2.29507,2.2953,183
2025-10-31 20:35:00,2.29527,2.29527,2.29498,2.29504,154
2025-10-31 20:40:00,2.29509,2.29547,2.29478,2.2953200000000002,196
2025-10-31 20:45:00,2.29533,2.29565,2.29526,2.29548,185
2025-10-31 20:50:00,2.29546,2.29584,2.29518,2.29579,228
2025-10-31 20:55:00,2.29581,2.29609,2.29559,2.2958600000000002,255
2025-10-31 21:00:00,2.29587,2.29595,2.29534,2.29546,265
2025-10-31 21:05:00,2.29548,2.29567,2.29531,2.29543,135
2025-10-31 21:10:00,2.29541,2.29618,2.29527,2.29618,124
2025-10-31 21:15:00,2.29617,2.29651,2.2959899999999998,2.2962,137
2025-10-31 21:20:00,2.29618,2.29619,2.2956,2.29571,178
2025-10-31 21:25:00,2.2957,2.29581,2.2955,2.29559,147
2025-10-31 21:30:00,2.29558,2.29582,2.29547,2.29565,182
2025-10-31 21:35:00,2.29566,2.29573,2.29543,2.29563,172
2025-10-31 21:40:00,2.29564,2.29578,2.29548,2.29571,141
2025-10-31 21:45:00,2.2956,2.2959899999999998,2.29548,2.29569,155
2025-10-31 21:50:00,2.29567,2.29582,2.29543,2.29558,274
2025-10-31 21:55:00,2.29563,2.29581,2.29537,2.29559,299
2025-10-31 22:00:00,2.29556,2.29556,2.29468,2.29523,244
2025-10-31 22:05:00,2.2952,2.29533,2.29452,2.29461,91
2025-10-31 22:10:00,2.29459,2.29549,2.29457,2.2948,88
2025-10-31 22:15:00,2.2948,2.29496,2.2944,2.29462,155
2025-10-31 22:20:00,2.29463,2.29472,2.29411,2.29466,206
2025-10-31 22:25:00,2.29465,2.29482,2.29457,2.29478,143
2025-10-31 22:30:00,2.2947699999999998,2.29508,2.29442,2.29458,137
2025-10-31 22:35:00,2.29456,2.2947699999999998,2.2944,2.29461,105
2025-10-31 22:40:00,2.29465,2.29507,2.29453,2.29496,119
2025-10-31 22:45:00,2.29497,2.29519,2.29446,2.29463,295
2025-10-31 22:50:00,2.29465,2.29549,2.2946400000000002,2.2947699999999998,358
2025-10-31 22:55:00,2.29543,2.2955,2.29253,2.29367,363
2025-11-03 00:00:00,2.29223,2.29451,2.29223,2.29451,10
2025-11-03 00:05:00,2.29354,2.29431,2.29029,2.29293,76
2025-11-03 00:10:00,2.29293,2.29304,2.29228,2.29263,61
2025-11-03 00:15:00,2.29401,2.29406,2.29315,2.29392,89
2025-11-03 00:20:00,2.29399,2.29496,2.29393,2.29419,80
2025-11-03 00:25:00,2.29421,2.29481,2.29401,2.29401,70
2025-11-03 00:30:00,2.2940300000000002,2.29508,2.2938,2.29465,216
2025-11-03 00:35:00,2.2947,2.29506,2.29412,2.29427,130
2025-11-03 00:40:00,2.2942299999999998,2.29441,2.29322,2.29334,225
2025-11-03 00:45:00,2.29373,2.29451,2.29345,2.29408,160
2025-11-03 00:50:00,2.29408,2.29643,2.29404,2.2954499999999998,110
2025-11-03 00:55:00,2.2954499999999998,2.29612,2.29493,2.296,202
2025-11-03 01:00:00,2.29749,2.29804,2.29566,2.29566,403
2025-11-03 01:05:00,2.29582,2.29678,2.2957,2.29677,260
2025-11-03 01:10:00,2.29669,2.29674,2.29597,2.29602,222
2025-11-03 01:15:00,2.29626,2.29626,2.29522,2.29565,278
2025-11-03 01:20:00,2.29567,2.29632,2.2952500000000002,2.29596,295
2025-11-03 01:25:00,2.29598,2.29603,2.29556,2.29558,379
2025-11-03 01:30:00,2.29559,2.29568,2.29437,2.29462,282
2025-11-03 01:35:00,2.2947,2.29519,2.29436,2.29516,198
2025-11-03 01:40:00,2.29515,2.29522,2.29448,2.29513,229
2025-11-03 01:45:00,2.29511,2.29579,2.29506,2.29516,151
2025-11-03 01:50:00,2.29521,2.29547,2.29492,2.29524,269
2025-11-03 01:55:00,2.29523,2.29543,2.29501,2.29517,184
2025-11-03 02:00:00,2.29522,2.29557,2.2951,2.29523,247
2025-11-03 02:05:00,2.29527,2.29542,2.29491,2.29536,184
2025-11-03 02:10:00,2.29541,2.29573,2.29531,2.29557,130
2025-11-03 02:15:00,2.29559,2.29598,2.29537,2.29548,266
2025-11-03 02:20:00,2.29549,2.29554,2.29526,2.29547,155
2025-11-03 02:25:00,2.29541,2.29604,2.29541,2.2958600000000002,137
2025-11-03 02:30:00,2.29585,2.2958600000000002,2.2952500000000002,2.29572,134
2025-11-03 02:35:00,2.2957,2.29596,2.29552,2.2957,155
2025-11-03 02:40:00,2.29572,2.29612,2.29562,2.29608,196
2025-11-03 02:45:00,2.29608,2.29645,2.29601,2.29617,188
2025-11-03 02:50:00,2.29619,2.29643,2.29602,2.29639,171
2025-11-03 02:55:00,2.29636,2.29677,2.2960599999999998,2.29673,183
2025-11-03 03:00:00,2.29672,2.29698,2.2964,2.29686,213
2025-11-03 03:05:00,2.29686,2.29694,2.29643,2.29685,246
2025-11-03 03:10:00,2.29677,2.29707,2.29622,2.29661,210
2025-11-03 03:15:00,2.29665,2.29668,2.29565,2.29571,217
2025-11-03 03:20:00,2.29572,2.29598,2.29552,2.2958,164
2025-11-03 03:25:00,2.2958,2.29652,2.2958,2.29649,163
2025-11-03 03:30:00,2.29649,2.2970800000000002,2.29636,2.29699,162
2025-11-03 03:35:00,2.29704,2.29812,2.29703,2.2981,195
2025-11-03 03:40:00,2.29805,2.29865,2.29804,2.29806,229
2025-11-03 03:45:00,2.29802,2.2982,2.29755,2.2978899999999998,171
2025-11-03 03:50:00,2.29785,2.29869,2.29779,2.29815,219
2025-11-03 03:55:00,2.29816,2.29854,2.29807,2.29821,225
2025-11-03 04:00:00,2.29809,2.29834,2.29771,2.29781,226
2025-11-03 04:05:00,2.2978199999999998,2.29821,2.29765,2.29792,270
2025-11-03 04:10:00,2.29793,2.29818,2.29767,2.29786,200
2025-11-03 04:15:00,2.29788,2.29806,2.2975,2.29754,199
2025-11-03 04:20:00,2.29759,2.29786,2.29718,2.2978,173
2025-11-03 04:25:00,2.29781,2.2979,2.29731,2.29752,157
2025-11-03 04:30:00,2.29753,2.29805,2.29738,2.2976900000000002,203
2025-11-03 04:35:00,2.29768,2.29873,2.29758,2.29857,230
2025-11-03 04:40:00,2.29855,2.29857,2.29738,2.29754,209
2025-11-03 04:45:00,2.29753,2.29761,2.29701,2.29701,149
2025-11-03 04:50:00,2.29699,2.297,2.29608,2.29612,130
2025-11-03 04:55:00,2.2961,2.2962,2.29583,2.29604,154
2025-11-03 05:00:00,2.29602,2.29673,2.29597,2.29652,163
2025-11-03 05:05:00,2.29655,2.29689,2.29641,2.29668,141
2025-11-03 05:10:00,2.2967,2.2973,2.29663,2.29724,147
2025-11-03 05:15:00,2.29722,2.29731,2.29682,2.29724,176
2025-11-03 05:20:00,2.2973,2.29753,2.29672,2.29711,170
2025-11-03 05:25:00,2.29714,2.29727,2.29694,2.29696,138
2025-11-03 05:30:00,2.29697,2.29719,2.29683,2.29704,172
2025-11-03 05:35:00,2.29702,2.29706,2.2963,2.2963,161
2025-11-03 05:40:00,2.29632,2.29662,2.29626,2.29634,153
2025-11-03 05:45:00,2.29631,2.29664,2.29614,2.29614,155
2025-11-03 05:50:00,2.29615,2.29623,2.2957,2.29571,123
2025-11-03 05:55:00,2.29568,2.29579,2.2953799999999998,2.29544,133
2025-11-03 06:00:00,2.2954499999999998,2.29615,2.29535,2.29537,164
2025-11-03 06:05:00,2.2953799999999998,2.29558,2.29509,2.29549,211
2025-11-03 06:10:00,2.2953799999999998,2.2954,2.2949,2.29496,135
2025-11-03 06:15:00,2.29496,2.29543,2.29486,2.29528,166
2025-11-03 06:20:00,2.29527,2.29542,2.29475,2.29482,144
2025-11-03 06:25:00,2.29481,2.29527,2.29456,2.2946,103
2025-11-03 06:30:00,2.29459,2.29535,2.29459,2.29502,130
2025-11-03 06:35:00,2.29492,2.29501,2.2946,2.29465,140
2025-11-03 06:40:00,2.2947699999999998,2.29483,2.29457,2.2946400000000002,83
2025-11-03 06:45:00,2.29465,2.29504,2.29454,2.29466,78
2025-11-03 06:50:00,2.29473,2.29475,2.29436,2.29473,117
2025-11-03 06:55:00,2.29469,2.295,2.29465,2.29494,121
2025-11-03 07:00:00,2.29499,2.29523,2.29482,2.29521,172
2025-11-03 07:05:00,2.29522,2.2953200000000002,2.29459,2.29506,187
2025-11-03 07:10:00,2.29504,2.29506,2.29443,2.2945,116
2025-11-03 07:15:00,2.29448,2.2948,2.2942,2.29451,136
2025-11-03 07:20:00,2.29459,2.29498,2.29428,2.2948399999999998,157
2025-11-03 07:25:00,2.29485,2.29504,2.29446,2.29487,126
2025-11-03 07:30:00,2.29489,2.29511,2.2945,2.29453,121
2025-11-03 07:35:00,2.29455,2.2947100000000002,2.29374,2.2940300000000002,196
2025-11-03 07:40:00,2.29404,2.29441,2.29394,2.29424,118
2025-11-03 07:45:00,2.29424,2.29443,2.29392,2.2941,133
2025-11-03 07:50:00,2.29413,2.29444,2.29399,2.29409,172
2025-11-03 07:55:00,2.29411,2.29426,2.29359,2.29409,205
2025-11-03 08:00:00,2.29411,2.29438,2.2938,2.29399,198
2025-11-03 08:05:00,2.29399,2.2945,2.29385,2.29408,146
2025-11-03 08:10:00,2.29406,2.29494,2.2940300000000002,2.29478,147
2025-11-03 08:15:00,2.2947699999999998,2.2951,2.29466,2.29498,173
2025-11-03 08:20:00,2.29503,2.29547,2.29498,2.2954,151
2025-11-03 08:25:00,2.29542,2.2959300000000002,2.2953799999999998,2.29568,166
2025-11-03 08:30:00,2.29575,2.29592,2.29488,2.29514,180
2025-11-03 08:35:00,2.29515,2.2957,2.29509,2.29555,152
2025-11-03 08:40:00,2.2955,2.29557,2.29516,2.29557,118
2025-11-03 08:45:00,2.29555,2.2958,2.2954499999999998,2.29554,127
2025-11-03 08:50:00,2.29558,2.29591,2.29535,2.29542,123
2025-11-03 08:55:00,2.29541,2.2957,2.29529,2.29562,149
2025-11-03 09:00:00,2.29566,2.29588,2.2952,2.2954499999999998,275
2025-11-03 09:05:00,2.29541,2.29575,2.29534,2.29543,317
2025-11-03 09:10:00,2.29541,2.29595,2.29534,2.29584,267
2025-11-03 09:15:00,2.29581,2.29627,2.29558,2.2962,203
2025-11-03 09:20:00,2.29623,2.2965,2.29568,2.29615,219
2025-11-03 09:25:00,2.29607,2.29671,2.29601,2.2967,198
2025-11-03 09:30:00,2.29671,2.29679,2.29568,2.2959300000000002,239
2025-11-03 09:35:00,2.29594,2.29626,2.29567,2.2959,228
2025-11-03 09:40:00,2.29589,2.29622,2.29568,2.296,225
2025-11-03 09:45:00,2.29602,2.29635,2.29571,2.29596,273
2025-11-03 09:50:00,2.29594,2.29609,2.2952,2.29527,253
2025-11-03 09:55:00,2.29524,2.2956,2.29498,2.29531,349
2025-11-03 10:00:00,2.2953200000000002,2.29547,2.29495,2.29533,340
2025-11-03 10:05:00,2.29535,2.29548,2.29451,2.29467,256
2025-11-03 10:10:00,2.29465,2.2952500000000002,2.29406,2.29524,272
2025-11-03 10:15:00,2.29523,2.29536,2.29453,2.29499,255
2025-11-03 10:20:00,2.29503,2.29672,2.29503,2.29672,268
2025-11-03 10:25:00,2.29671,2.29674,2.29581,2.29609,194
2025-11-03 10:30:00,2.296,2.2962,2.29526,2.29526,237
2025-11-03 10:35:00,2.29524,2.29579,2.29491,2.29535,341
2025-11-03 10:40:00,2.2953200000000002,2.29552,2.29425,2.29457,306
2025-11-03 10:45:00,2.29451,2.29516,2.29419,2.29485,319
2025-11-03 10:50:00,2.29488,2.29496,2.29391,2.29399,308
2025-11-03 10:55:00,2.29398,2.29482,2.29377,2.29451,325
2025-11-03 11:00:00,2.29452,2.29533,2.2940300000000002,2.29427,276
2025-11-03 11:05:00,2.29429,2.29444,2.29322,2.29323,190
2025-11-03 11:10:00,2.29322,2.29353,2.29275,2.29329,211
2025-11-03 11:15:00,2.29331,2.29376,2.29329,2.2935,235
2025-11-03 11:20:00,2.29353,2.29421,2.29345,2.29402,203
2025-11-03 11:25:00,2.2940300000000002,2.29489,2.29401,2.29489,183
2025-11-03 11:30:00,2.29491,2.29512,2.29439,2.29467,248
2025-11-03 11:35:00,2.2946400000000002,2.29553,2.29462,2.29528,264
2025-11-03 11:40:00,2.29531,2.2959,2.2952,2.29574,198
2025-11-03 11:45:00,2.29572,2.29649,2.2957,2.29622,248
2025-11-03 11:50:00,2.2962,2.29642,2.29565,2.29583,221
2025-11-03 11:55:00,2.29581,2.2959300000000002,2.29513,2.2959300000000002,266
2025-11-03 12:00:00,2.29583,2.29621,2.29549,2.29584,307
2025-11-03 12:05:00,2.29583,2.29694,2.29553,2.2965,227
2025-11-03 12:10:00,2.29657,2.29764,2.2965,2.2972099999999998,233
2025-11-03 12:15:00,2.29723,2.29788,2.29714,2.29777,219
2025-11-03 12:20:00,2.29779,2.29811,2.29711,2.29811,249
2025-11-03 12:25:00,2.29799,2.29854,2.29703,2.29703,267
2025-11-03 12:30:00,2.29704,2.29717,2.29567,2.29575,250
2025-11-03 12:35:00,2.29571,2.29612,2.29564,2.29568,198
2025-11-03 12:40:00,2.29567,2.29642,2.29563,2.2959300000000002,229
2025-11-03 12:45:00,2.29591,2.29629,2.29585,2.29601,204
2025-11-03 12:50:00,2.29602,2.29686,2.29594,2.29675,254
2025-11-03 12:55:00,2.29672,2.2972799999999998,2.29638,2.2968,229
2025-11-03 13:00:00,2.29674,2.29751,2.29659,2.29731,217
2025-11-03 13:05:00,2.29734,2.29743,2.29671,2.297,190
2025-11-03 13:10:00,2.29688,2.2974,2.29663,2.2972,201
2025-11-03 13:15:00,2.29723,2.29773,2.29711,2.29734,168
2025-11-03 13:20:00,2.29733,2.29739,2.29686,2.29703,207
2025-11-03 13:25:00,2.29701,2.29709,2.29616,2.29663,200
2025-11-03 13:30:00,2.29662,2.29703,2.29626,2.29627,190
2025-11-03 13:35:00,2.29626,2.2964,2.29583,2.296,184
2025-11-03 13:40:00,2.29596,2.29605,2.29542,2.29568,243
2025-11-03 13:45:00,2.29567,2.29631,2.29541,2.29629,220
2025-11-03 13:50:00,2.29623,2.29657,2.29598,2.29638,151
2025-11-03 13:55:00,2.29623,2.29637,2.29583,2.29591,266
2025-11-03 14:00:00,2.29591,2.29634,2.29579,2.29592,226
2025-11-03 14:05:00,2.29587,2.29624,2.29561,2.29605,169
2025-11-03 14:10:00,2.2960599999999998,2.2974,2.29597,2.2969,202
2025-11-03 14:15:00,2.29704,2.29719,2.2964700000000002,2.29668,177
2025-11-03 14:20:00,2.29666,2.29691,2.2964,2.29662,152
2025-11-03 14:25:00,2.29663,2.29689,2.29652,2.29661,132
2025-11-03 14:30:00,2.29662,2.29696,2.29636,2.29646,201
2025-11-03 14:35:00,2.2965,2.29717,2.29648,2.29698,193
2025-11-03 14:40:00,2.29699,2.29763,2.29666,2.29735,177
2025-11-03 14:45:00,2.29735,2.29831,2.29727,2.29799,168
2025-11-03 14:50:00,2.298,2.2983000000000002,2.29743,2.29772,202
2025-11-03 14:55:00,2.29774,2.29828,2.2976,2.29821,251
2025-11-03 15:00:00,2.29821,2.29866,2.29765,2.29815,384
2025-11-03 15:05:00,2.29816,2.29964,2.29794,2.29928,367
2025-11-03 15:10:00,2.29926,2.29936,2.29887,2.2990399999999998,274
2025-11-03 15:15:00,2.29903,2.2992,2.29872,2.29909,247
2025-11-03 15:20:00,2.2992,2.2996,2.29842,2.29874,376
2025-11-03 15:25:00,2.29875,2.29876,2.29783,2.29798,317
2025-11-03 15:30:00,2.29796,2.29866,2.29775,2.29779,284
2025-11-03 15:35:00,2.29781,2.29829,2.29739,2.29757,247
2025-11-03 15:40:00,2.29762,2.29788,2.29745,2.29748,283
2025-11-03 15:45:00,2.29738,2.29818,2.29732,2.29811,240
2025-11-03 15:50:00,2.29813,2.29886,2.29813,2.29854,231
2025-11-03 15:55:00,2.29853,2.29912,2.2984,2.2991099999999998,276
2025-11-03 16:00:00,2.2991099999999998,2.29926,2.29825,2.29873,375
2025-11-03 16:05:00,2.29872,2.29888,2.29808,2.29818,303
2025-11-03 16:10:00,2.29819,2.29927,2.29819,2.29926,272
2025-11-03 16:15:00,2.29927,2.29939,2.29851,2.29886,311
2025-11-03 16:20:00,2.29887,2.30012,2.29875,2.30012,314
2025-11-03 16:25:00,2.30011,2.30069,2.29996,2.30012,283
2025-11-03 16:30:00,2.30014,2.30075,2.29996,2.29998,418
2025-11-03 16:35:00,2.3,2.30041,2.29963,2.29988,423
2025-11-03 16:40:00,2.29989,2.30126,2.29961,2.30061,333
2025-11-03 16:45:00,2.30071,2.30078,2.29994,2.30035,384
2025-11-03 16:50:00,2.30036,2.30124,2.29997,2.29997,391
2025-11-03 16:55:00,2.29994,2.30053,2.2998,2.29985,348
2025-11-03 17:00:00,2.30003,2.30103,2.29927,2.30102,574
2025-11-03 17:05:00,2.30103,2.3025700000000002,2.30083,2.3022,621
2025-11-03 17:10:00,2.30219,2.30276,2.3014200000000002,2.30276,432
2025-11-03 17:15:00,2.30287,2.30312,2.30218,2.30225,416
2025-11-03 17:20:00,2.3022299999999998,2.30371,2.3022299999999998,2.3034,392
2025-11-03 17:25:00,2.30343,2.30435,2.3032500000000002,2.30435,437
2025-11-03 17:30:00,2.30431,2.30444,2.30358,2.3039899999999998,337
2025-11-03 17:35:00,2.30398,2.30445,2.30281,2.30328,402
2025-11-03 17:40:00,2.30327,2.30421,2.30299,2.30393,317
2025-11-03 17:45:00,2.30395,2.30487,2.3037,2.30452,464
2025-11-03 17:50:00,2.30454,2.30529,2.30412,2.30523,413
2025-11-03 17:55:00,2.30516,2.3062,2.30478,2.3056200000000002,506
2025-11-03 18:00:00,2.30564,2.3058199999999998,2.30446,2.30481,554
2025-11-03 18:05:00,2.30483,2.30483,2.30398,2.3041,423
2025-11-03 18:10:00,2.30408,2.30487,2.30407,2.30472,399
2025-11-03 18:15:00,2.3047,2.30514,2.30431,2.30431,383
2025-11-03 18:20:00,2.30433,2.30442,2.30375,2.30417,399
2025-11-03 18:25:00,2.30415,2.3046699999999998,2.30414,2.3046699999999998,334
2025-11-03 18:30:00,2.30465,2.30499,2.30385,2.30437,366
2025-11-03 18:35:00,2.30435,2.30491,2.30387,2.304,299
2025-11-03 18:40:00,2.30402,2.30432,2.30364,2.3038,253
2025-11-03 18:45:00,2.30381,2.30391,2.30344,2.30372,321
2025-11-03 18:50:00,2.30374,2.30438,2.30347,2.30392,280
2025-11-03 18:55:00,2.30391,2.30395,2.30333,2.30364,293
2025-11-03 19:00:00,2.30359,2.30412,2.30346,2.30394,300
2025-11-03 19:05:00,2.30397,2.30398,2.30337,2.30348,249
2025-11-03 19:10:00,2.30347,2.30366,2.30266,2.30294,257
2025-11-03 19:15:00,2.30295,2.30455,2.30274,2.30423,400
2025-11-03 19:20:00,2.30409,2.30426,2.30315,2.30342,312
2025-11-03 19:25:00,2.30347,2.30381,2.30329,2.30343,254
2025-11-03 19:30:00,2.30344,2.3034499999999998,2.30273,2.30286,311
2025-11-03 19:35:00,2.3028399999999998,2.30303,2.30243,2.30247,228
2025-11-03 19:40:00,2.30249,2.30265,2.30222,2.30237,285
2025-11-03 19:45:00,2.30235,2.3025700000000002,2.3019,2.30246,251
2025-11-03 19:50:00,2.30236,2.30254,2.30222,2.30243,207
2025-11-03 19:55:00,2.30246,2.30291,2.30235,2.3027699999999998,190
2025-11-03 20:00:00,2.3028,2.30285,2.30242,2.30265,240
2025-11-03 20:05:00,2.30266,2.30303,2.30225,2.30281,218
2025-11-03 20:10:00,2.30287,2.3029,2.30199,2.30221,189
2025-11-03 20:15:00,2.30212,2.30238,2.30172,2.30185,239
2025-11-03 20:20:00,2.30186,2.30221,2.30185,2.30212,220
2025-11-03 20:25:00,2.30211,2.30222,2.30185,2.30206,202
2025-11-03 20:30:00,2.30205,2.30215,2.30144,2.30165,229
2025-11-03 20:35:00,2.3016199999999998,2.30188,2.30137,2.30158,196
2025-11-03 20:40:00,2.30157,2.30169,2.30131,2.30156,201
2025-11-03 20:45:00,2.30154,2.30174,2.30113,2.30144,188
2025-11-03 20:50:00,2.30143,2.30166,2.30102,2.30134,191
2025-11-03 20:55:00,2.30132,2.30133,2.3009,2.30109,171
2025-11-03 21:00:00,2.30112,2.30147,2.30068,2.30112,287
2025-11-03 21:05:00,2.3012,2.30179,2.30089,2.30177,244
2025-11-03 21:10:00,2.30175,2.30179,2.3013,2.30134,163
2025-11-03 21:15:00,2.30133,2.3015,2.30099,2.3014,236
2025-11-03 21:20:00,2.30141,2.30141,2.3009399999999998,2.30111,176
2025-11-03 21:25:00,2.30119,2.30151,2.30107,2.30125,213
2025-11-03 21:30:00,2.30124,2.30173,2.3011,2.3013500000000002,209
2025-11-03 21:35:00,2.30139,2.30152,2.30111,2.30111,146
2025-11-03 21:40:00,2.30118,2.30137,2.3009399999999998,2.30102,174
2025-11-03 21:45:00,2.3010099999999998,2.30105,2.30076,2.30092,142
2025-11-03 21:50:00,2.30083,2.30126,2.30075,2.30087,231
2025-11-03 21:55:00,2.30083,2.30103,2.30051,2.301,244
2025-11-03 22:00:00,2.30102,2.30125,2.30078,2.30106,249
2025-11-03 22:05:00,2.30105,2.30153,2.30105,2.30138,212
2025-11-03 22:10:00,2.3014,2.30177,2.30118,2.3014,183
2025-11-03 22:15:00,2.30141,2.30151,2.30121,2.30141,218
2025-11-03 22:20:00,2.30141,2.30161,2.30126,2.30161,117
2025-11-03 22:25:00,2.30161,2.30176,2.30143,2.30151,213
2025-11-03 22:30:00,2.30148,2.3016199999999998,2.30133,2.30152,157
2025-11-03 22:35:00,2.3015,2.30183,2.30149,2.3016,147
2025-11-03 22:40:00,2.30161,2.30187,2.3015499999999998,2.30182,178
2025-11-03 22:45:00,2.30183,2.30212,2.30164,2.3019600000000002,140
2025-11-03 22:50:00,2.30194,2.3021599999999998,2.3016199999999998,2.3016199999999998,161
2025-11-03 22:55:00,2.30163,2.30206,2.30153,2.30179,185
2025-11-03 23:00:00,2.30107,2.30123,2.30091,2.30121,202
2025-11-03 23:05:00,2.30119,2.3013,2.30114,2.30125,128
2025-11-03 23:10:00,2.30124,2.30137,2.30106,2.3011,104
2025-11-03 23:15:00,2.30113,2.30164,2.3010099999999998,2.30164,96
2025-11-03 23:20:00,2.3016,2.30221,2.30133,2.30193,88
2025-11-03 23:25:00,2.30194,2.30201,2.30169,2.30169,87
2025-11-03 23:30:00,2.30168,2.30201,2.3016199999999998,2.30172,96
2025-11-03 23:35:00,2.30172,2.30186,2.30147,2.30148,84
2025-11-03 23:40:00,2.30153,2.30209,2.3014200000000002,2.30148,44
2025-11-03 23:45:00,2.30152,2.30152,2.30129,2.30143,123
2025-11-03 23:50:00,2.3014200000000002,2.30181,2.30134,2.30157,308
2025-11-03 23:55:00,2.30225,2.30225,2.29895,2.2989800000000002,128
2025-11-04 00:00:00,2.30175,2.30175,2.30051,2.30071,7
2025-11-04 00:05:00,2.30051,2.30126,2.29941,2.2996,46
2025-11-04 00:10:00,2.2996,2.30021,2.2996,2.29998,36
2025-11-04 00:15:00,2.3012,2.30136,2.3012,2.30126,73
2025-11-04 00:20:00,2.30127,2.3021599999999998,2.30102,2.3021,105
2025-11-04 00:25:00,2.30209,2.30221,2.30179,2.30209,92
2025-11-04 00:30:00,2.30207,2.3021599999999998,2.30128,2.30128,139
2025-11-04 00:35:00,2.3013,2.30149,2.30105,2.3012,114
2025-11-04 00:40:00,2.30119,2.30128,2.30072,2.30085,123
2025-11-04 00:45:00,2.30087,2.30091,2.30019,2.30019,119
2025-11-04 00:50:00,2.30021,2.30064,2.29981,2.30064,72
2025-11-04 00:55:00,2.30062,2.30141,2.30041,2.30079,161
2025-11-04 01:00:00,2.30123,2.30199,2.3007,2.30175,281
2025-11-04 01:05:00,2.30169,2.30188,2.30145,2.30153,150
2025-11-04 01:10:00,2.3015499999999998,2.30191,2.30153,2.30178,114
2025-11-04 01:15:00,2.30174,2.30198,2.30153,2.3019600000000002,332
2025-11-04 01:20:00,2.30192,2.30222,2.30144,2.30211,203
2025-11-04 01:25:00,2.30209,2.30214,2.30171,2.30186,230
2025-11-04 01:30:00,2.30189,2.30227,2.30174,2.30205,97
2025-11-04 01:35:00,2.3020300000000002,2.30267,2.30197,2.30267,224
2025-11-04 01:40:00,2.30262,2.30274,2.30206,2.30211,92
2025-11-04 01:45:00,2.30212,2.30219,2.30181,2.302,151
2025-11-04 01:50:00,2.30198,2.3021599999999998,2.30172,2.30178,76
2025-11-04 01:55:00,2.30177,2.30181,2.30147,2.3016,112
2025-11-04 02:00:00,2.30159,2.30261,2.3014200000000002,2.30258,248
2025-11-04 02:05:00,2.30261,2.30281,2.30193,2.3028,339
2025-11-04 02:10:00,2.30278,2.30361,2.3026400000000002,2.30359,254
2025-11-04 02:15:00,2.30356,2.30408,2.3035,2.30374,213
2025-11-04 02:20:00,2.30373,2.30454,2.30332,2.30362,194
2025-11-04 02:25:00,2.30361,2.30387,2.3032,2.30352,172
2025-11-04 02:30:00,2.30349,2.30349,2.30243,2.30249,217
2025-11-04 02:35:00,2.30247,2.30247,2.30158,2.30192,256
2025-11-04 02:40:00,2.30202,2.30373,2.302,2.30351,203
2025-11-04 02:45:00,2.30349,2.30395,2.30323,2.30371,188
2025-11-04 02:50:00,2.30373,2.30456,2.30365,2.30429,304
2025-11-04 02:55:00,2.30433,2.30476,2.30414,2.3042,335
2025-11-04 03:00:00,2.30418,2.30535,2.30314,2.30496,313
2025-11-04 03:05:00,2.30495,2.3053,2.3044000000000002,2.30525,278
2025-11-04 03:10:00,2.30526,2.30593,2.30512,2.30571,296
2025-11-04 03:15:00,2.30577,2.30626,2.30542,2.30615,241
2025-11-04 03:20:00,2.30615,2.3063000000000002,2.30543,2.30604,206
2025-11-04 03:25:00,2.30606,2.30715,2.30599,2.30655,303
2025-11-04 03:30:00,2.30657,2.30683,2.3061,2.30683,265
2025-11-04 03:35:00,2.30681,2.30699,2.30641,2.30648,224
2025-11-04 03:40:00,2.30649,2.30667,2.30482,2.30495,242
2025-11-04 03:45:00,2.30496,2.30532,2.30458,2.30523,269
2025-11-04 03:50:00,2.30529,2.30583,2.30523,2.3053,181
2025-11-04 03:55:00,2.3054,2.3056,2.30492,2.30514,247
2025-11-04 04:00:00,2.30511,2.30667,2.30482,2.30648,275
2025-11-04 04:05:00,2.30647,2.30654,2.30529,2.30547,215
2025-11-04 04:10:00,2.30544,2.30549,2.30493,2.3052799999999998,222
2025-11-04 04:15:00,2.3053,2.30603,2.3052799999999998,2.3056200000000002,220
2025-11-04 04:20:00,2.30563,2.30602,2.30549,2.30577,220
2025-11-04 04:25:00,2.30576,2.30594,2.3055,2.30567,208
2025-11-04 04:30:00,2.30564,2.3058899999999998,2.30516,2.30553,227
2025-11-04 04:35:00,2.30554,2.30655,2.30523,2.30609,242
2025-11-04 04:40:00,2.30611,2.30678,2.30607,2.30671,208
2025-11-04 04:45:00,2.3067,2.30692,2.3063000000000002,2.3064299999999998,230
2025-11-04 04:50:00,2.30639,2.30641,2.30579,2.30632,217
2025-11-04 04:55:00,2.3063000000000002,2.3063000000000002,2.3057,2.30608,227
2025-11-04 05:00:00,2.30609,2.30657,2.3059,2.30632,267
2025-11-04 05:05:00,2.30621,2.30637,2.30505,2.30523,205
2025-11-04 05:10:00,2.3053,2.3053,2.3045999999999998,2.30474,210
2025-11-04 05:15:00,2.30476,2.30525,2.30474,2.30486,164
2025-11-04 05:20:00,2.30485,2.30494,2.30445,2.30445,137
2025-11-04 05:25:00,2.30444,2.30486,2.30369,2.30387,218
2025-11-04 05:30:00,2.3037900000000002,2.30702,2.30365,2.30502,504
2025-11-04 05:35:00,2.30502,2.30653,2.30483,2.30606,352
2025-11-04 05:40:00,2.30607,2.30611,2.30483,2.30545,278
2025-11-04 05:45:00,2.30544,2.30556,2.30468,2.30522,208
2025-11-04 05:50:00,2.30524,2.30543,2.30487,2.3052099999999998,207
2025-11-04 05:55:00,2.30522,2.30539,2.30474,2.3048,230
2025-11-04 06:00:00,2.30482,2.30546,2.30482,2.30544,224
2025-11-04 06:05:00,2.30541,2.3056,2.30504,2.3052799999999998,184
2025-11-04 06:10:00,2.30529,2.30658,2.3052799999999998,2.30606,186
2025-11-04 06:15:00,2.30608,2.30632,2.30551,2.30551,181
2025-11-04 06:20:00,2.30541,2.30555,2.30505,2.30534,206
2025-11-04 06:25:00,2.30535,2.30538,2.3047,2.3052099999999998,241
2025-11-04 06:30:00,2.30516,2.3058199999999998,2.30475,2.3052,233
2025-11-04 06:35:00,2.3052099999999998,2.30557,2.30465,2.30557,266
2025-11-04 06:40:00,2.30556,2.30583,2.3048,2.30527,191
2025-11-04 06:45:00,2.30529,2.30536,2.3049,2.3052799999999998,197
2025-11-04 06:50:00,2.30529,2.30558,2.30483,2.30539,178
2025-11-04 06:55:00,2.30541,2.30699,2.30541,2.3069100000000002,248
2025-11-04 07:00:00,2.30689,2.3076499999999998,2.30674,2.307,233
2025-11-04 07:05:00,2.30702,2.30722,2.30671,2.30683,217
2025-11-04 07:10:00,2.3068,2.30782,2.30672,2.30776,203
2025-11-04 07:15:00,2.30778,2.3080600000000002,2.30741,2.30743,149
2025-11-04 07:20:00,2.3075200000000002,2.30882,2.30738,2.30812,220
2025-11-04 07:25:00,2.3081,2.30835,2.30707,2.30707,218
2025-11-04 07:30:00,2.30709,2.3076,2.30638,2.30749,276
2025-11-04 07:35:00,2.30759,2.30863,2.30759,2.30834,244
2025-11-04 07:40:00,2.30832,2.30903,2.3075200000000002,2.3089,315
2025-11-04 07:45:00,2.30896,2.30934,2.30835,2.30903,321
2025-11-04 07:50:00,2.30901,2.30998,2.30897,2.30973,297
2025-11-04 07:55:00,2.30973,2.30991,2.30934,2.30971,329
2025-11-04 08:00:00,2.30973,2.31052,2.3092,2.3101,330
2025-11-04 08:05:00,2.31011,2.3106,2.30933,2.3106,337
2025-11-04 08:10:00,2.31078,2.31196,2.3106400000000002,2.31075,311
2025-11-04 08:15:00,2.31076,2.31102,2.31025,2.31051,297
2025-11-04 08:20:00,2.31055,2.31213,2.31,2.31202,408
2025-11-04 08:25:00,2.31216,2.31226,2.31114,2.31137,363
2025-11-04 08:30:00,2.31144,2.31178,2.30973,2.30973,312
2025-11-04 08:35:00,2.30971,2.3098,2.30904,2.30923,312
2025-11-04 08:40:00,2.30922,2.30929,2.30837,2.30853,325
2025-11-04 08:45:00,2.30857,2.30913,2.30815,2.30875,369
2025-11-04 08:50:00,2.30871,2.30878,2.30796,2.30839,255
2025-11-04 08:55:00,2.30843,2.30883,2.30804,2.30854,254
2025-11-04 09:00:00,2.30856,2.30937,2.30781,2.30933,451
2025-11-04 09:05:00,2.30933,2.30946,2.30822,2.30864,345
2025-11-04 09:10:00,2.30865,2.30875,2.30799,2.30853,321
2025-11-04 09:15:00,2.30844,2.31021,2.3084,2.3092,310
2025-11-04 09:20:00,2.30915,2.30971,2.3088,2.3093500000000002,392
2025-11-04 09:25:00,2.30936,2.31072,2.30936,2.31072,375
2025-11-04 09:30:00,2.31073,2.31073,2.30866,2.30868,362
2025-11-04 09:35:00,2.3087,2.30909,2.30803,2.30809,314
2025-11-04 09:40:00,2.30808,2.3088,2.30785,2.30861,330
2025-11-04 09:45:00,2.30859,2.30876,2.30805,2.30844,268
2025-11-04 09:50:00,2.30842,2.3089,2.30735,2.30742,271
2025-11-04 09:55:00,2.30744,2.30809,2.30722,2.30748,331
2025-11-04 10:00:00,2.3075200000000002,2.30763,2.30603,2.30626,474
2025-11-04 10:05:00,2.30624,2.30649,2.3054,2.3057,426
2025-11-04 10:10:00,2.30567,2.30571,2.30409,2.30535,482
2025-11-04 10:15:00,2.30536,2.30566,2.30427,2.30439,465
2025-11-04 10:20:00,2.30435,2.30487,2.30262,2.30477,476
2025-11-04 10:25:00,2.30474,2.30474,2.30381,2.30417,419
2025-11-04 10:30:00,2.30413,2.3056900000000002,2.30343,2.30557,486
2025-11-04 10:35:00,2.3056,2.3077,2.30558,2.30705,454
2025-11-04 10:40:00,2.30707,2.30707,2.30625,2.3064999999999998,279
2025-11-04 10:45:00,2.30648,2.30733,2.30633,2.30678,321
2025-11-04 10:50:00,2.30689,2.30709,2.30547,2.30615,488
2025-11-04 10:55:00,2.30617,2.30696,2.30534,2.30654,446
2025-11-04 11:00:00,2.30655,2.3070399999999998,2.30587,2.30613,421
2025-11-04 11:05:00,2.30625,2.30633,2.30538,2.3059,316
2025-11-04 11:10:00,2.30588,2.30646,2.30561,2.30614,371
2025-11-04 11:15:00,2.30616,2.30695,2.30561,2.30603,406
2025-11-04 11:20:00,2.3061,2.30722,2.30561,2.30679,461
2025-11-04 11:25:00,2.30686,2.30707,2.30631,2.30638,322
2025-11-04 11:30:00,2.30648,2.30664,2.30552,2.30586,312
2025-11-04 11:35:00,2.30596,2.30603,2.30518,2.30541,315
2025-11-04 11:40:00,2.30539,2.30585,2.30506,2.30543,346
2025-11-04 11:45:00,2.30544,2.30599,2.30511,2.30584,402
2025-11-04 11:50:00,2.3058199999999998,2.30685,2.3054,2.30663,378
2025-11-04 11:55:00,2.30664,2.30725,2.30614,2.30708,400
2025-11-04 12:00:00,2.30709,2.30793,2.30697,2.30774,361
2025-11-04 12:05:00,2.30775,2.30786,2.3073,2.3076,328
2025-11-04 12:10:00,2.30761,2.30801,2.30705,2.30739,280
2025-11-04 12:15:00,2.30738,2.30798,2.30728,2.3078,317
2025-11-04 12:20:00,2.30786,2.30827,2.30762,2.30819,265
2025-11-04 12:25:00,2.3081300000000002,2.30834,2.30742,2.3075,230
2025-11-04 12:30:00,2.30751,2.30757,2.30675,2.30686,230
2025-11-04 12:35:00,2.3068,2.30737,2.30665,2.30692,275
2025-11-04 12:40:00,2.30694,2.30719,2.30585,2.30591,302
2025-11-04 12:45:00,2.3058899999999998,2.30679,2.30584,2.30661,249
2025-11-04 12:50:00,2.30661,2.30678,2.30596,2.30671,190
2025-11-04 12:55:00,2.30673,2.30738,2.30665,2.30694,295
2025-11-04 13:00:00,2.30696,2.30708,2.30627,2.30693,280
2025-11-04 13:05:00,2.30689,2.30695,2.30622,2.30637,284
2025-11-04 13:10:00,2.30652,2.30682,2.30628,2.30648,311
2025-11-04 13:15:00,2.30637,2.30689,2.30631,2.30664,248
2025-11-04 13:20:00,2.30663,2.30683,2.30611,2.30613,240
2025-11-04 13:25:00,2.30622,2.30652,2.30601,2.30622,247
2025-11-04 13:30:00,2.3062300000000002,2.30639,2.30598,2.30639,294
2025-11-04 13:35:00,2.30642,2.30679,2.30619,2.30642,305
2025-11-04 13:40:00,2.3064299999999998,2.30698,2.30611,2.30644,306
2025-11-04 13:45:00,2.30646,2.30699,2.30646,2.30686,221
2025-11-04 13:50:00,2.3068400000000002,2.30736,2.30644,2.30681,353
2025-11-04 13:55:00,2.30678,2.3071,2.30585,2.30636,345
2025-11-04 14:00:00,2.30639,2.30738,2.30632,2.3068400000000002,346
2025-11-04 14:05:00,2.30683,2.30762,2.30645,2.30718,278
2025-11-04 14:10:00,2.30719,2.3075200000000002,2.30673,2.30702,262
2025-11-04 14:15:00,2.3070399999999998,2.30715,2.30654,2.30663,233
2025-11-04 14:20:00,2.30654,2.30664,2.3058899999999998,2.3063000000000002,278
2025-11-04 14:25:00,2.30628,2.30677,2.30595,2.30672,279
2025-11-04 14:30:00,2.30674,2.30748,2.30657,2.30729,318
2025-11-04 14:35:00,2.30727,2.30771,2.30689,2.30744,282
2025-11-04 14:40:00,2.3074500000000002,2.30783,2.30724,2.30769,256
2025-11-04 14:45:00,2.3077,2.3085,2.30755,2.30776,339
2025-11-04 14:50:00,2.3077199999999998,2.30779,2.3068,2.30734,401
2025-11-04 14:55:00,2.30733,2.30856,2.30733,2.3080600000000002,333
2025-11-04 15:00:00,2.30807,2.30807,2.30713,2.30754,411
2025-11-04 15:05:00,2.30754,2.30791,2.30722,2.30785,312
2025-11-04 15:10:00,2.30796,2.30817,2.30718,2.30741,306
2025-11-04 15:15:00,2.30728,2.30783,2.30705,2.3077,300
2025-11-04 15:20:00,2.3076499999999998,2.30808,2.30737,2.3077,260
2025-11-04 15:25:00,2.3076499999999998,2.30786,2.30697,2.30712,263
2025-11-04 15:30:00,2.3071099999999998,2.30764,2.3069,2.30742,240
2025-11-04 15:35:00,2.3074500000000002,2.30831,2.30732,2.30743,298
2025-11-04 15:40:00,2.30753,2.30789,2.30735,2.3078,312
2025-11-04 15:45:00,2.30782,2.30787,2.307,2.30709,250
2025-11-04 15:50:00,2.30703,2.30725,2.3063000000000002,2.30634,278
2025-11-04 15:55:00,2.30636,2.3069100000000002,2.30634,2.30654,358
2025-11-04 16:00:00,2.30652,2.3076,2.30607,2.30717,420
2025-11-04 16:05:00,2.30719,2.3074500000000002,2.3063000000000002,2.30668,359
2025-11-04 16:10:00,2.30669,2.3069100000000002,2.3062300000000002,2.30638,411
2025-11-04 16:15:00,2.30636,2.30649,2.3056200000000002,2.30565,323
2025-11-04 16:20:00,2.30568,2.30606,2.30524,2.30565,365
2025-11-04 16:25:00,2.30551,2.3058,2.30506,2.30529,406
2025-11-04 16:30:00,2.3052799999999998,2.30577,2.30469,2.3052799999999998,436
2025-11-04 16:35:00,2.3054,2.30556,2.30432,2.30489,550
2025-11-04 16:40:00,2.30495,2.30511,2.30309,2.30385,543
2025-11-04 16:45:00,2.30383,2.30409,2.30311,2.30364,458
2025-11-04 16:50:00,2.3036,2.30385,2.30262,2.30262,377
2025-11-04 16:55:00,2.30263,2.30388,2.30213,2.3038,375
2025-11-04 17:00:00,2.30393,2.3050100000000002,2.3035,2.30359,504
2025-11-04 17:05:00,2.3036,2.30532,2.30349,2.3045,502
2025-11-04 17:10:00,2.3045999999999998,2.30495,2.30396,2.3045999999999998,404
2025-11-04 17:15:00,2.30463,2.30477,2.30296,2.30298,407
2025-11-04 17:20:00,2.30302,2.30377,2.30259,2.30322,399
2025-11-04 17:25:00,2.30323,2.30335,2.30231,2.30251,352
2025-11-04 17:30:00,2.30249,2.30294,2.302,2.3027699999999998,372
2025-11-04 17:35:00,2.30278,2.30392,2.30272,2.30358,388
2025-11-04 17:40:00,2.30356,2.30457,2.3034,2.3044000000000002,405
2025-11-04 17:45:00,2.30434,2.30449,2.30341,2.30385,374
2025-11-04 17:50:00,2.30387,2.30387,2.30234,2.30251,448
2025-11-04 17:55:00,2.30267,2.30349,2.30177,2.30191,527
2025-11-04 18:00:00,2.30194,2.30298,2.30194,2.3027,489
2025-11-04 18:05:00,2.30272,2.30304,2.30197,2.30199,362
2025-11-04 18:10:00,2.30212,2.30269,2.30174,2.3019,369
2025-11-04 18:15:00,2.30193,2.30278,2.30188,2.30276,413
2025-11-04 18:20:00,2.3027699999999998,2.30307,2.30222,2.30282,344
2025-11-04 18:25:00,2.3028399999999998,2.30333,2.30274,2.30314,312
2025-11-04 18:30:00,2.30315,2.3033,2.30262,2.30316,321
2025-11-04 18:35:00,2.30315,2.30344,2.30271,2.30298,365
2025-11-04 18:40:00,2.303,2.303,2.30241,2.3027,315
2025-11-04 18:45:00,2.30268,2.30374,2.30244,2.30342,300
2025-11-04 18:50:00,2.30346,2.30366,2.30293,2.30299,332
2025-11-04 18:55:00,2.30303,2.30314,2.30241,2.3026,368
2025-11-04 19:00:00,2.30256,2.30316,2.30248,2.30248,366
2025-11-04 19:05:00,2.30246,2.30292,2.30225,2.3029,337
2025-11-04 19:10:00,2.30291,2.30319,2.30263,2.30306,209
2025-11-04 19:15:00,2.30305,2.30388,2.30287,2.30385,263
2025-11-04 19:20:00,2.3038600000000002,2.30407,2.30312,2.30316,276
2025-11-04 19:25:00,2.30315,2.30329,2.30255,2.30295,266
2025-11-04 19:30:00,2.30298,2.30326,2.3027699999999998,2.30317,355
2025-11-04 19:35:00,2.30315,2.30324,2.30278,2.30292,284
2025-11-04 19:40:00,2.30295,2.30359,2.30272,2.3033799999999998,274
2025-11-04 19:45:00,2.30336,2.30347,2.30296,2.30317,292
2025-11-04 19:50:00,2.30317,2.30337,2.3025700000000002,2.30301,280
2025-11-04 19:55:00,2.30302,2.30327,2.30276,2.30315,212
2025-11-04 20:00:00,2.30317,2.30327,2.30248,2.30304,298
2025-11-04 20:05:00,2.30302,2.30309,2.30192,2.30213,286
2025-11-04 20:10:00,2.30211,2.30225,2.30149,2.30187,406
2025-11-04 20:15:00,2.30186,2.30238,2.30168,2.30238,202
2025-11-04 20:20:00,2.30239,2.3025,2.3016,2.30174,263
2025-11-04 20:25:00,2.30176,2.3023,2.30174,2.30205,247
2025-11-04 20:30:00,2.3021,2.30255,2.30182,2.30195,225
2025-11-04 20:35:00,2.3019600000000002,2.30239,2.30184,2.30213,270
2025-11-04 20:40:00,2.30211,2.30248,2.30187,2.30231,296
2025-11-04 20:45:00,2.30232,2.30326,2.30222,2.30322,227
2025-11-04 20:50:00,2.30324,2.30333,2.3025,2.30252,199
2025-11-04 20:55:00,2.30252,2.30307,2.3024,2.30307,188
2025-11-04 21:00:00,2.30307,2.30335,2.30272,2.30301,223
2025-11-04 21:05:00,2.30301,2.30336,2.30294,2.30336,178
2025-11-04 21:10:00,2.30336,2.3034,2.30263,2.30272,227
2025-11-04 21:15:00,2.30278,2.30285,2.30251,2.3026,227
2025-11-04 21:20:00,2.30261,2.3026400000000002,2.3021599999999998,2.30227,207
2025-11-04 21:25:00,2.30229,2.30271,2.30226,2.30246,181
2025-11-04 21:30:00,2.30248,2.30313,2.30248,2.30302,291
2025-11-04 21:35:00,2.30299,2.30326,2.30285,2.30304,261
2025-11-04 21:40:00,2.30315,2.30342,2.30297,2.30302,229
2025-11-04 21:45:00,2.30303,2.30397,2.30303,2.30397,212
2025-11-04 21:50:00,2.3039899999999998,2.30418,2.30383,2.30407,203
2025-11-04 21:55:00,2.3041,2.30411,2.30316,2.30335,270
2025-11-04 22:00:00,2.30333,2.30363,2.30262,2.3033799999999998,299
2025-11-04 22:05:00,2.30337,2.30409,2.3032500000000002,2.30409,208
2025-11-04 22:10:00,2.30407,2.30433,2.30355,2.30363,215
2025-11-04 22:15:00,2.30359,2.304,2.30332,2.30394,160
2025-11-04 22:20:00,2.3039899999999998,2.3044700000000002,2.30388,2.30426,148
2025-11-04 22:25:00,2.30427,2.30427,2.30335,2.30335,171
2025-11-04 22:30:00,2.30332,2.30394,2.30329,2.30393,198
2025-11-04 22:35:00,2.30391,2.30404,2.30377,2.3039,154
2025-11-04 22:40:00,2.30389,2.30416,2.3038,2.30413,189
2025-11-04 22:45:00,2.3041,2.30452,2.3041,2.3043,178
2025-11-04 22:50:00,2.30426,2.3047,2.30414,2.30422,180
2025-11-04 22:55:00,2.30421,2.30436,2.3039899999999998,2.30425,176
2025-11-04 23:00:00,2.3036,2.30367,2.30314,2.30343,231
2025-11-04 23:05:00,2.30344,2.3039899999999998,2.30344,2.3039899999999998,179
2025-11-04 23:10:00,2.304,2.304,2.30336,2.30353,153
2025-11-04 23:15:00,2.30355,2.30385,2.303,2.30314,130
2025-11-04 23:20:00,2.30316,2.3033,2.30281,2.303,112
2025-11-04 23:25:00,2.30305,2.30319,2.3027699999999998,2.3031,114
2025-11-04 23:30:00,2.30309,2.30395,2.30292,2.30344,163
2025-11-04 23:35:00,2.30342,2.30397,2.30321,2.3032500000000002,109
2025-11-04 23:40:00,2.30323,2.30344,2.30299,2.30322,155
2025-11-04 23:45:00,2.30255,2.30592,2.30255,2.30576,202
2025-11-04 23:50:00,2.30578,2.30946,2.30565,2.30901,178
2025-11-04 23:55:00,2.30841,2.30893,2.30368,2.30372,277
2025-11-05 00:00:00,2.30352,2.30491,2.29996,2.30076,46
2025-11-05 00:05:00,2.29706,2.30331,2.29336,2.30211,36
2025-11-05 00:10:00,2.30211,2.30439,2.30211,2.30395,59
2025-11-05 00:15:00,2.30395,2.30717,2.30395,2.30688,255
2025-11-05 00:20:00,2.30685,2.30786,2.30559,2.3067,249
2025-11-05 00:25:00,2.30671,2.30747,2.3064999999999998,2.30729,143
2025-11-05 00:30:00,2.30702,2.30702,2.3064,2.3064,138
2025-11-05 00:35:00,2.30636,2.30785,2.30636,2.30785,150
2025-11-05 00:40:00,2.30791,2.30791,2.30706,2.30774,298
2025-11-05 00:45:00,2.3077,2.30784,2.30098,2.3075200000000002,326
2025-11-05 00:50:00,2.30755,2.3086,2.30751,2.30858,238
2025-11-05 00:55:00,2.30851,2.30883,2.30746,2.30753,413
2025-11-05 01:00:00,2.30838,2.30852,2.30717,2.30762,188
2025-11-05 01:05:00,2.30758,2.30758,2.30714,2.30731,119
2025-11-05 01:10:00,2.30737,2.30755,2.30714,2.3075,81
2025-11-05 01:15:00,2.30749,2.3076499999999998,2.3071,2.30742,122
2025-11-05 01:20:00,2.30741,2.30755,2.30722,2.30722,112
2025-11-05 01:25:00,2.30724,2.30726,2.30695,2.3071,104
2025-11-05 01:30:00,2.30714,2.30733,2.30677,2.30719,119
2025-11-05 01:35:00,2.30721,2.30781,2.30719,2.30744,129
2025-11-05 01:40:00,2.30747,2.3075,2.30696,2.30705,98
2025-11-05 01:45:00,2.3070399999999998,2.30741,2.30693,2.30724,100
2025-11-05 01:50:00,2.30725,2.30817,2.3071099999999998,2.30811,134
2025-11-05 01:55:00,2.3081,2.3081,2.3076499999999998,2.3076499999999998,144
2025-11-05 02:00:00,2.30761,2.30871,2.30735,2.30841,265
2025-11-05 02:05:00,2.30839,2.3086,2.30785,2.30801,167
2025-11-05 02:10:00,2.30803,2.30808,2.30728,2.30728,150
2025-11-05 02:15:00,2.30726,2.30797,2.30673,2.30797,195
2025-11-05 02:20:00,2.30798,2.30843,2.30755,2.30795,172
2025-11-05 02:25:00,2.30793,2.30824,2.3076499999999998,2.30778,139
2025-11-05 02:30:00,2.30777,2.30805,2.3072,2.30744,219
2025-11-05 02:35:00,2.3074500000000002,2.30815,2.30724,2.30799,241
2025-11-05 02:40:00,2.30805,2.30961,2.30805,2.3088699999999998,276
2025-11-05 02:45:00,2.30888,2.30888,2.30734,2.3074,211
2025-11-05 02:50:00,2.30738,2.30824,2.30736,2.30761,257
2025-11-05 02:55:00,2.30757,2.30789,2.3071099999999998,2.30788,272
2025-11-05 03:00:00,2.3079,2.30922,2.30784,2.3085,357
2025-11-05 03:05:00,2.30852,2.30918,2.3083,2.30889,298
2025-11-05 03:10:00,2.309,2.30915,2.30827,2.30877,332
2025-11-05 03:15:00,2.3088,2.3095499999999998,2.30856,2.3093,340
2025-11-05 03:20:00,2.30925,2.31069,2.30893,2.31037,380
2025-11-05 03:25:00,2.31035,2.31068,2.30915,2.30999,420
2025-11-05 03:30:00,2.30998,2.31078,2.30952,2.30965,377
2025-11-05 03:35:00,2.30976,2.3105,2.30929,2.31049,406
2025-11-05 03:40:00,2.3105,2.31061,2.3088,2.31033,424
2025-11-05 03:45:00,2.31025,2.31034,2.30866,2.30954,381
2025-11-05 03:50:00,2.30962,2.31034,2.30942,2.30967,300
2025-11-05 03:55:00,2.30971,2.31001,2.30892,2.30899,315
2025-11-05 04:00:00,2.30901,2.3094,2.30825,2.30842,311
2025-11-05 04:05:00,2.30842,2.30867,2.3077199999999998,2.30787,266
2025-11-05 04:10:00,2.30786,2.30815,2.3075200000000002,2.30796,213
2025-11-05 04:15:00,2.30797,2.3083299999999998,2.30759,2.3082599999999998,233
2025-11-05 04:20:00,2.3082,2.30914,2.30787,2.30843,254
2025-11-05 04:25:00,2.30844,2.30886,2.30829,2.3087400000000002,220
2025-11-05 04:30:00,2.30879,2.30912,2.30824,2.3083299999999998,243
2025-11-05 04:35:00,2.30848,2.30852,2.30723,2.30757,251
2025-11-05 04:40:00,2.30756,2.30831,2.30756,2.30795,257
2025-11-05 04:45:00,2.30788,2.30794,2.30634,2.30679,271
2025-11-05 04:50:00,2.30678,2.30686,2.3062,2.3062300000000002,209
2025-11-05 04:55:00,2.30622,2.30631,2.30426,2.30433,270
2025-11-05 05:00:00,2.30436,2.3045999999999998,2.3037900000000002,2.30383,292
2025-11-05 05:05:00,2.30383,2.30497,2.30365,2.30446,250
2025-11-05 05:10:00,2.30446,2.30453,2.30408,2.30424,147
2025-11-05 05:15:00,2.3043,2.30473,2.30392,2.3045,222
2025-11-05 05:20:00,2.3044700000000002,2.3046699999999998,2.3042,2.30434,204
2025-11-05 05:25:00,2.30436,2.3046699999999998,2.30352,2.30361,179
2025-11-05 05:30:00,2.30365,2.30374,2.30242,2.30262,227
2025-11-05 05:35:00,2.3026400000000002,2.30383,2.30261,2.3032500000000002,193
2025-11-05 05:40:00,2.3032500000000002,2.30356,2.30241,2.30242,205
2025-11-05 05:45:00,2.30235,2.30256,2.30169,2.30194,347
2025-11-05 05:50:00,2.30195,2.30248,2.3017,2.3024,305
2025-11-05 05:55:00,2.30234,2.3031800000000002,2.30228,2.30251,235
2025-11-05 06:00:00,2.30248,2.303,2.30248,2.3027699999999998,221
2025-11-05 06:05:00,2.30281,2.30321,2.30276,2.30292,181
2025-11-05 06:10:00,2.3029,2.30319,2.3028,2.30307,178
2025-11-05 06:15:00,2.30308,2.30354,2.30293,2.30332,179
2025-11-05 06:20:00,2.3033799999999998,2.30346,2.3029,2.3029,165
2025-11-05 06:25:00,2.30289,2.30336,2.30281,2.30281,153
2025-11-05 06:30:00,2.30283,2.30304,2.30229,2.3025700000000002,131
2025-11-05 06:35:00,2.30258,2.30269,2.30198,2.30262,220
2025-11-05 06:40:00,2.30256,2.30276,2.30201,2.30213,193
2025-11-05 06:45:00,2.30217,2.30263,2.30201,2.30233,182
2025-11-05 06:50:00,2.30227,2.30283,2.30221,2.3027699999999998,189
2025-11-05 06:55:00,2.30275,2.30311,2.30253,2.30293,238
2025-11-05 07:00:00,2.30287,2.30349,2.30267,2.3034,239
2025-11-05 07:05:00,2.30336,2.30367,2.30297,2.30313,157
2025-11-05 07:10:00,2.30311,2.30313,2.30252,2.30272,179
2025-11-05 07:15:00,2.30266,2.30271,2.30184,2.30192,196
2025-11-05 07:20:00,2.30191,2.30202,2.30124,2.3014,234
2025-11-05 07:25:00,2.3014200000000002,2.3019,2.30127,2.30174,187
2025-11-05 07:30:00,2.30172,2.30197,2.30139,2.30181,224
2025-11-05 07:35:00,2.30184,2.30188,2.30159,2.3016199999999998,108
2025-11-05 07:40:00,2.30164,2.30281,2.30164,2.30263,205
2025-11-05 07:45:00,2.30258,2.30311,2.30244,2.30293,193
2025-11-05 07:50:00,2.30291,2.30358,2.30291,2.30346,201
2025-11-05 07:55:00,2.3034499999999998,2.30354,2.303,2.30342,238
2025-11-05 08:00:00,2.30344,2.30385,2.30321,2.30322,323
2025-11-05 08:05:00,2.30323,2.30377,2.30305,2.30346,237
2025-11-05 08:10:00,2.30348,2.30359,2.30302,2.3033799999999998,244
2025-11-05 08:15:00,2.30339,2.3034499999999998,2.30244,2.30246,243
2025-11-05 08:20:00,2.30245,2.30311,2.30245,2.30295,228
2025-11-05 08:25:00,2.30294,2.30313,2.30256,2.30259,217
2025-11-05 08:30:00,2.30265,2.30341,2.3026,2.30323,259
2025-11-05 08:35:00,2.3032500000000002,2.30381,2.30313,2.30343,203
2025-11-05 08:40:00,2.30341,2.30396,2.30335,2.30382,205
2025-11-05 08:45:00,2.30381,2.30411,2.30377,2.3038600000000002,191
2025-11-05 08:50:00,2.30388,2.30427,2.30387,2.30412,163
2025-11-05 08:55:00,2.30414,2.30438,2.30377,2.3037900000000002,212
2025-11-05 09:00:00,2.30381,2.30451,2.30374,2.30394,323
2025-11-05 09:05:00,2.30396,2.30471,2.3038600000000002,2.30452,337
2025-11-05 09:10:00,2.3045,2.30478,2.30398,2.3047,285
2025-11-05 09:15:00,2.30468,2.30494,2.30439,2.30444,280
2025-11-05 09:20:00,2.30443,2.30468,2.30414,2.30438,330
2025-11-05 09:25:00,2.30436,2.30471,2.3037900000000002,2.30402,288
2025-11-05 09:30:00,2.30404,2.30484,2.30376,2.30448,334
2025-11-05 09:35:00,2.30445,2.30505,2.30429,2.30503,305
2025-11-05 09:40:00,2.30495,2.30535,2.3045999999999998,2.30471,296
2025-11-05 09:45:00,2.30465,2.30524,2.30443,2.30515,266
2025-11-05 09:50:00,2.3052099999999998,2.30525,2.3044700000000002,2.30482,270
2025-11-05 09:55:00,2.30481,2.30529,2.30443,2.30504,321
2025-11-05 10:00:00,2.30505,2.30553,2.30448,2.30476,405
2025-11-05 10:05:00,2.30476,2.30481,2.3037,2.3044700000000002,413
2025-11-05 10:10:00,2.3044700000000002,2.30547,2.3044700000000002,2.30519,372
2025-11-05 10:15:00,2.30524,2.3058199999999998,2.30391,2.30408,358
2025-11-05 10:20:00,2.30407,2.30509,2.30373,2.3044700000000002,363
2025-11-05 10:25:00,2.30446,2.30452,2.30388,2.30411,311
2025-11-05 10:30:00,2.30411,2.30612,2.30407,2.30609,388
2025-11-05 10:35:00,2.30608,2.30651,2.30586,2.30595,336
2025-11-05 10:40:00,2.30594,2.30649,2.30567,2.30605,302
2025-11-05 10:45:00,2.30608,2.30696,2.306,2.30602,311
2025-11-05 10:50:00,2.30601,2.30651,2.30599,2.30633,367
2025-11-05 10:55:00,2.30621,2.30761,2.30616,2.30699,391
2025-11-05 11:00:00,2.30708,2.30784,2.3068400000000002,2.30714,380
2025-11-05 11:05:00,2.30714,2.30753,2.30685,2.30687,372
2025-11-05 11:10:00,2.30682,2.30797,2.30663,2.30797,356
2025-11-05 11:15:00,2.30794,2.30883,2.30768,2.30816,370
2025-11-05 11:20:00,2.30814,2.30818,2.30733,2.30757,355
2025-11-05 11:25:00,2.30755,2.30807,2.30738,2.30738,267
2025-11-05 11:30:00,2.30733,2.3080600000000002,2.30714,2.30742,283
2025-11-05 11:35:00,2.30741,2.30778,2.3069,2.30715,321
2025-11-05 11:40:00,2.30719,2.30757,2.30675,2.30731,301
2025-11-05 11:45:00,2.30744,2.3083,2.30739,2.30779,350
2025-11-05 11:50:00,2.3078,2.30822,2.30761,2.30819,232
2025-11-05 11:55:00,2.30817,2.30888,2.30801,2.3088,260
2025-11-05 12:00:00,2.30879,2.3088699999999998,2.30774,2.30818,411
2025-11-05 12:05:00,2.3082599999999998,2.30839,2.30742,2.30776,386
2025-11-05 12:10:00,2.30774,2.30814,2.30762,2.30787,327
2025-11-05 12:15:00,2.30783,2.3083,2.30724,2.30763,347
2025-11-05 12:20:00,2.30764,2.30807,2.30741,2.30773,271
2025-11-05 12:25:00,2.3077199999999998,2.30793,2.30731,2.30756,272
2025-11-05 12:30:00,2.30756,2.30757,2.30693,2.3072,224
2025-11-05 12:35:00,2.30723,2.30753,2.30693,2.30731,224
2025-11-05 12:40:00,2.30732,2.30741,2.30679,2.30703,271
2025-11-05 12:45:00,2.30702,2.3078,2.30702,2.30733,286
2025-11-05 12:50:00,2.30722,2.30802,2.30722,2.30775,319
2025-11-05 12:55:00,2.30768,2.3084,2.30749,2.30768,327
2025-11-05 13:00:00,2.30758,2.30785,2.30692,2.3076499999999998,367
2025-11-05 13:05:00,2.30759,2.30808,2.30729,2.3074500000000002,350
2025-11-05 13:10:00,2.30744,2.3074500000000002,2.30668,2.30717,363
2025-11-05 13:15:00,2.30722,2.3079,2.30708,2.3076,368
2025-11-05 13:20:00,2.3077199999999998,2.3085,2.30741,2.30805,315
2025-11-05 13:25:00,2.30804,2.30858,2.30773,2.30846,247
2025-11-05 13:30:00,2.30845,2.30889,2.3082599999999998,2.30878,288
2025-11-05 13:35:00,2.30879,2.31003,2.30877,2.30973,269
2025-11-05 13:40:00,2.30985,2.30985,2.30927,2.30927,290
2025-11-05 13:45:00,2.30928,2.30959,2.30915,2.30939,235
2025-11-05 13:50:00,2.30937,2.31022,2.30928,2.31022,226
2025-11-05 13:55:00,2.31021,2.31106,2.30992,2.31065,427
2025-11-05 14:00:00,2.31066,2.31135,2.31066,2.31095,341
2025-11-05 14:05:00,2.31091,2.31136,2.31059,2.31082,360
2025-11-05 14:10:00,2.31072,2.31111,2.31052,2.31093,275
2025-11-05 14:15:00,2.31093,2.31115,2.31022,2.31046,307
2025-11-05 14:20:00,2.31046,2.3107699999999998,2.30993,2.31055,291
2025-11-05 14:25:00,2.31043,2.3109,2.31022,2.31075,231
2025-11-05 14:30:00,2.31076,2.31087,2.30994,2.30994,263
2025-11-05 14:35:00,2.30994,2.31015,2.30941,2.30969,267
2025-11-05 14:40:00,2.30982,2.31089,2.30971,2.3108,234
2025-11-05 14:45:00,2.31083,2.31123,2.31063,2.31085,305
2025-11-05 14:50:00,2.31085,2.3109,2.30956,2.30958,298
2025-11-05 14:55:00,2.30956,2.3101,2.30919,2.30937,340
2025-11-05 15:00:00,2.30936,2.30984,2.30895,2.30896,326
2025-11-05 15:05:00,2.30904,2.30981,2.30888,2.3097,326
2025-11-05 15:10:00,2.30969,2.31002,2.30855,2.30863,328
2025-11-05 15:15:00,2.30838,2.3096,2.30838,2.30933,482
2025-11-05 15:20:00,2.30941,2.31023,2.30941,2.30981,450
2025-11-05 15:25:00,2.30983,2.31046,2.30968,2.31027,457
2025-11-05 15:30:00,2.31017,2.31063,2.30974,2.31056,445
2025-11-05 15:35:00,2.31052,2.31072,2.30964,2.30968,438
2025-11-05 15:40:00,2.30973,2.30993,2.30915,2.30961,416
2025-11-05 15:45:00,2.3096,2.3096,2.3084,2.30881,432
2025-11-05 15:50:00,2.30866,2.3087400000000002,2.308,2.30834,385
2025-11-05 15:55:00,2.30837,2.30843,2.30767,2.30795,329
2025-11-05 16:00:00,2.30799,2.3089399999999998,2.30793,2.30855,453
2025-11-05 16:05:00,2.30855,2.30892,2.30785,2.30789,393
2025-11-05 16:10:00,2.30794,2.30864,2.30778,2.30851,276
2025-11-05 16:15:00,2.30855,2.30911,2.30844,2.30906,363
2025-11-05 16:20:00,2.30905,2.30916,2.3084,2.30865,292
2025-11-05 16:25:00,2.30867,2.30911,2.30831,2.30911,365
2025-11-05 16:30:00,2.30907,2.30918,2.30837,2.30886,381
2025-11-05 16:35:00,2.30884,2.30886,2.30705,2.30725,421
2025-11-05 16:40:00,2.30725,2.30734,2.3067,2.30734,454
2025-11-05 16:45:00,2.30732,2.30742,2.30554,2.30586,438
2025-11-05 16:50:00,2.30588,2.3059,2.3050100000000002,2.30566,501
2025-11-05 16:55:00,2.30576,2.30685,2.30556,2.30649,433
2025-11-05 17:00:00,2.30621,2.30793,2.30585,2.30771,702
2025-11-05 17:05:00,2.30766,2.30776,2.30587,2.30672,655
2025-11-05 17:10:00,2.30656,2.30837,2.30638,2.30837,581
2025-11-05 17:15:00,2.30836,2.30897,2.30791,2.30821,527
2025-11-05 17:20:00,2.30825,2.30878,2.30715,2.30732,576
2025-11-05 17:25:00,2.30732,2.30737,2.30577,2.3068,506
2025-11-05 17:30:00,2.30679,2.30759,2.30621,2.30749,447
2025-11-05 17:35:00,2.3075,2.30802,2.30732,2.30763,443
2025-11-05 17:40:00,2.30761,2.30808,2.30728,2.30764,480
2025-11-05 17:45:00,2.30766,2.3083,2.30739,2.30817,416
2025-11-05 17:50:00,2.30828,2.30828,2.30671,2.30673,495
2025-11-05 17:55:00,2.30674,2.30722,2.30624,2.30626,485
2025-11-05 18:00:00,2.30622,2.30726,2.30607,2.30698,543
2025-11-05 18:05:00,2.307,2.30713,2.30571,2.30574,485
2025-11-05 18:10:00,2.30572,2.30621,2.30552,2.3056200000000002,405
2025-11-05 18:15:00,2.30558,2.30626,2.3054,2.30618,320
2025-11-05 18:20:00,2.30618,2.30664,2.30593,2.30642,361
2025-11-05 18:25:00,2.30641,2.30645,2.3056900000000002,2.30575,343
2025-11-05 18:30:00,2.30574,2.30588,2.30534,2.30549,285
2025-11-05 18:35:00,2.30547,2.3056900000000002,2.30476,2.305,330
2025-11-05 18:40:00,2.30499,2.30544,2.30486,2.30505,328
2025-11-05 18:45:00,2.30504,2.30509,2.30383,2.30398,356
2025-11-05 18:50:00,2.3038600000000002,2.3045,2.30374,2.30429,399
2025-11-05 18:55:00,2.3044700000000002,2.30478,2.30397,2.30451,400
2025-11-05 19:00:00,2.30448,2.3046699999999998,2.3034499999999998,2.30393,367
2025-11-05 19:05:00,2.30382,2.30462,2.30375,2.30402,274
2025-11-05 19:10:00,2.30398,2.30425,2.30329,2.30335,300
2025-11-05 19:15:00,2.30334,2.30405,2.30328,2.30395,295
2025-11-05 19:20:00,2.30394,2.30451,2.30374,2.30414,262
2025-11-05 19:25:00,2.30416,2.3045999999999998,2.3040599999999998,2.30425,240
2025-11-05 19:30:00,2.30424,2.30424,2.30324,2.30334,285
2025-11-05 19:35:00,2.30336,2.30337,2.30266,2.30273,280
2025-11-05 19:40:00,2.30272,2.3033,2.30266,2.30315,224
2025-11-05 19:45:00,2.30316,2.30356,2.30304,2.30334,316
2025-11-05 19:50:00,2.30333,2.30361,2.30311,2.30359,258
2025-11-05 19:55:00,2.30358,2.3038600000000002,2.3033799999999998,2.30352,274
2025-11-05 20:00:00,2.30351,2.30397,2.3035,2.30376,330
2025-11-05 20:05:00,2.30375,2.30407,2.30362,2.30383,267
2025-11-05 20:10:00,2.30389,2.3041,2.3033799999999998,2.30361,262
2025-11-05 20:15:00,2.3036,2.30383,2.30331,2.30336,239
2025-11-05 20:20:00,2.30334,2.30352,2.30299,2.30323,229
2025-11-05 20:25:00,2.30317,2.30351,2.30289,2.30296,212
2025-11-05 20:30:00,2.30296,2.30301,2.30258,2.30265,222
2025-11-05 20:35:00,2.30263,2.30293,2.30233,2.30267,228
2025-11-05 20:40:00,2.30266,2.30295,2.3023,2.30244,157
2025-11-05 20:45:00,2.30243,2.30307,2.30241,2.30302,188
2025-11-05 20:50:00,2.30303,2.30316,2.30271,2.30307,213
2025-11-05 20:55:00,2.30307,2.30374,2.30307,2.30364,291
2025-11-05 21:00:00,2.30365,2.30398,2.30321,2.30321,244
2025-11-05 21:05:00,2.3032,2.30337,2.30301,2.30329,216
2025-11-05 21:10:00,2.30327,2.30337,2.30299,2.30328,172
2025-11-05 21:15:00,2.30327,2.30374,2.3031800000000002,2.30331,193
2025-11-05 21:20:00,2.30332,2.30357,2.30321,2.30349,214
2025-11-05 21:25:00,2.3035,2.30392,2.30336,2.30378,195
2025-11-05 21:30:00,2.30378,2.3038,2.3033799999999998,2.30347,154
2025-11-05 21:35:00,2.30349,2.30357,2.30282,2.30289,134
2025-11-05 21:40:00,2.30291,2.30308,2.30281,2.30288,182
2025-11-05 21:45:00,2.30299,2.3033,2.30286,2.30316,226
2025-11-05 21:50:00,2.30316,2.30378,2.30315,2.30378,207
2025-11-05 21:55:00,2.30388,2.30439,2.30369,2.30438,213
2025-11-05 22:00:00,2.30445,2.30472,2.30371,2.30382,229
2025-11-05 22:05:00,2.30381,2.30389,2.30344,2.30348,214
2025-11-05 22:10:00,2.30346,2.30349,2.30311,2.30331,176
2025-11-05 22:15:00,2.3032,2.30365,2.30316,2.30337,227
2025-11-05 22:20:00,2.30341,2.3037,2.3033,2.30351,236
2025-11-05 22:25:00,2.30351,2.30392,2.3033799999999998,2.30377,123
2025-11-05 22:30:00,2.30376,2.3039899999999998,2.3034499999999998,2.30368,149
2025-11-05 22:35:00,2.30365,2.30367,2.30328,2.30334,118
2025-11-05 22:40:00,2.30334,2.30383,2.3032500000000002,2.30363,164
2025-11-05 22:45:00,2.30363,2.3039899999999998,2.30362,2.30397,143
2025-11-05 22:50:00,2.304,2.3042,2.30394,2.3042,122
2025-11-05 22:55:00,2.30422,2.30459,2.30411,2.30452,182
2025-11-05 23:00:00,2.3038,2.30456,2.30374,2.30415,188
2025-11-05 23:05:00,2.30414,2.30432,2.30395,2.30422,215
2025-11-05 23:10:00,2.30421,2.30463,2.3042,2.30443,180
2025-11-05 23:15:00,2.30445,2.30464,2.30421,2.30426,132
2025-11-05 23:20:00,2.30428,2.30463,2.30416,2.30423,137
2025-11-05 23:25:00,2.30423,2.30459,2.30401,2.30431,118
2025-11-05 23:30:00,2.30433,2.30466,2.30375,2.30378,158
2025-11-05 23:35:00,2.30375,2.30384,2.30335,2.30343,123
2025-11-05 23:40:00,2.30342,2.30396,2.30342,2.30396,120
2025-11-05 23:45:00,2.30394,2.30405,2.3035,2.30364,164
2025-11-05 23:50:00,2.30362,2.3039899999999998,2.30362,2.30375,225
2025-11-05 23:55:00,2.30446,2.30449,2.30141,2.30177,191
2025-11-06 00:00:00,2.30358,2.30361,2.30271,2.30334,13
2025-11-06 00:05:00,2.30334,2.30422,2.3019600000000002,2.30234,31
2025-11-06 00:10:00,2.30234,2.30252,2.30234,2.30252,28
2025-11-06 00:15:00,2.30457,2.30458,2.30344,2.30411,60
2025-11-06 00:20:00,2.30342,2.3035,2.30214,2.3034,62
2025-11-06 00:25:00,2.30334,2.30355,2.30296,2.30352,120
2025-11-06 00:30:00,2.30346,2.30351,2.30308,2.30313,117
2025-11-06 00:35:00,2.30312,2.30315,2.30266,2.30278,133
2025-11-06 00:40:00,2.30285,2.30355,2.30261,2.30337,165
2025-11-06 00:45:00,2.30333,2.30384,2.30328,2.30382,128
2025-11-06 00:50:00,2.30375,2.30421,2.30375,2.30388,93
2025-11-06 00:55:00,2.30391,2.30411,2.30346,2.30348,170
2025-11-06 01:00:00,2.30395,2.30542,2.30395,2.30425,238
2025-11-06 01:05:00,2.30426,2.30426,2.30376,2.30396,125
2025-11-06 01:10:00,2.30395,2.30422,2.30371,2.30388,157
2025-11-06 01:15:00,2.30389,2.30393,2.3036,2.30364,173
2025-11-06 01:20:00,2.30361,2.3039899999999998,2.30357,2.30388,187
2025-11-06 01:25:00,2.30383,2.30401,2.30365,2.30373,137
2025-11-06 01:30:00,2.30374,2.30387,2.30352,2.30356,142
2025-11-06 01:35:00,2.30358,2.30381,2.30354,2.30369,91
2025-11-06 01:40:00,2.30369,2.30382,2.30337,2.3033799999999998,86
2025-11-06 01:45:00,2.30333,2.3034,2.30311,2.30311,94
2025-11-06 01:50:00,2.3031,2.30332,2.30288,2.3029,94
2025-11-06 01:55:00,2.30292,2.30322,2.3028399999999998,2.30317,85
2025-11-06 02:00:00,2.30312,2.3041,2.30312,2.30385,147
2025-11-06 02:05:00,2.30384,2.30394,2.30357,2.30378,127
2025-11-06 02:10:00,2.30381,2.3045999999999998,2.30376,2.3041,172
2025-11-06 02:15:00,2.3040599999999998,2.30427,2.30378,2.30378,113
2025-11-06 02:20:00,2.30376,2.30417,2.30358,2.30416,173
2025-11-06 02:25:00,2.30402,2.30499,2.30388,2.30498,175
2025-11-06 02:30:00,2.3050100000000002,2.30538,2.30471,2.30492,181
2025-11-06 02:35:00,2.30493,2.3050100000000002,2.30463,2.30495,208
2025-11-06 02:40:00,2.30494,2.3056,2.30478,2.3052099999999998,169
2025-11-06 02:45:00,2.30517,2.3061,2.30506,2.30597,199
2025-11-06 02:50:00,2.30584,2.30668,2.3058,2.30636,224
2025-11-06 02:55:00,2.30647,2.30647,2.30563,2.30584,312
2025-11-06 03:00:00,2.30591,2.30816,2.30588,2.30807,374
2025-11-06 03:05:00,2.30805,2.30858,2.30782,2.30832,264
2025-11-06 03:10:00,2.3083,2.30867,2.30775,2.30798,262
2025-11-06 03:15:00,2.30796,2.30796,2.30723,2.30746,240
2025-11-06 03:20:00,2.30743,2.3076,2.30657,2.30672,245
2025-11-06 03:25:00,2.30673,2.30802,2.3067,2.30742,212
2025-11-06 03:30:00,2.3074,2.30759,2.30685,2.30715,250
2025-11-06 03:35:00,2.30716,2.30749,2.30705,2.30741,231
2025-11-06 03:40:00,2.30748,2.30791,2.30736,2.30778,234
2025-11-06 03:45:00,2.30781,2.30787,2.30729,2.3076,213
2025-11-06 03:50:00,2.3075200000000002,2.30767,2.30665,2.30669,212
2025-11-06 03:55:00,2.30671,2.30671,2.30543,2.30557,231
2025-11-06 04:00:00,2.30555,2.30627,2.30542,2.30568,232
2025-11-06 04:05:00,2.3056900000000002,2.306,2.30536,2.3054,175
2025-11-06 04:10:00,2.3054,2.30583,2.3052799999999998,2.30565,212
2025-11-06 04:15:00,2.30564,2.30564,2.30443,2.30458,241
2025-11-06 04:20:00,2.30459,2.30496,2.30446,2.30457,157
2025-11-06 04:25:00,2.30442,2.3052099999999998,2.30442,2.30485,179
2025-11-06 04:30:00,2.30484,2.30546,2.30454,2.30492,227
2025-11-06 04:35:00,2.30495,2.30504,2.3045,2.30472,190
2025-11-06 04:40:00,2.3047,2.30473,2.30416,2.3045999999999998,189
2025-11-06 04:45:00,2.30455,2.3048,2.3044000000000002,2.3046699999999998,155
2025-11-06 04:50:00,2.30479,2.3052099999999998,2.30445,2.3052,202
2025-11-06 04:55:00,2.30519,2.30546,2.3050100000000002,2.30527,215
2025-11-06 05:00:00,2.3052799999999998,2.30595,2.3051,2.30594,200
2025-11-06 05:05:00,2.30587,2.3062300000000002,2.3052,2.30525,214
2025-11-06 05:10:00,2.30524,2.30591,2.30524,2.30588,187
2025-11-06 05:15:00,2.30586,2.30633,2.3056200000000002,2.30619,219
2025-11-06 05:20:00,2.3062,2.30647,2.30598,2.30622,191
2025-11-06 05:25:00,2.30621,2.30673,2.30618,2.30625,210
2025-11-06 05:30:00,2.30629,2.30661,2.30618,2.3066,196
2025-11-06 05:35:00,2.30661,2.30696,2.30652,2.30689,154
2025-11-06 05:40:00,2.30687,2.30702,2.30633,2.30647,183
2025-11-06 05:45:00,2.30653,2.3068,2.30639,2.30642,167
2025-11-06 05:50:00,2.30647,2.30715,2.3064,2.30695,140
2025-11-06 05:55:00,2.30696,2.30702,2.30655,2.30655,179
2025-11-06 06:00:00,2.30656,2.3069100000000002,2.30638,2.30649,191
2025-11-06 06:05:00,2.30651,2.30651,2.30463,2.30474,196
2025-11-06 06:10:00,2.30473,2.30524,2.30461,2.30489,162
2025-11-06 06:15:00,2.30489,2.3051,2.30456,2.30462,172
2025-11-06 06:20:00,2.30461,2.30513,2.30461,2.3050100000000002,147
2025-11-06 06:25:00,2.30499,2.30525,2.3047,2.30474,165
2025-11-06 06:30:00,2.30475,2.30492,2.30426,2.30462,127
2025-11-06 06:35:00,2.30461,2.30496,2.30461,2.30477,138
2025-11-06 06:40:00,2.30478,2.30478,2.30436,2.30461,117
2025-11-06 06:45:00,2.30461,2.305,2.30457,2.30497,165
2025-11-06 06:50:00,2.30494,2.30566,2.30491,2.30561,195
2025-11-06 06:55:00,2.3056,2.30593,2.30524,2.3053,207
2025-11-06 07:00:00,2.30531,2.3057,2.3052799999999998,2.30549,184
2025-11-06 07:05:00,2.3055,2.30586,2.30548,2.30578,168
2025-11-06 07:10:00,2.30581,2.3058899999999998,2.30558,2.30559,161
2025-11-06 07:15:00,2.30556,2.30563,2.30505,2.30506,154
2025-11-06 07:20:00,2.30512,2.30544,2.30487,2.3054,168
2025-11-06 07:25:00,2.30541,2.30584,2.30529,2.30584,197
2025-11-06 07:30:00,2.30586,2.30639,2.30573,2.306,216
2025-11-06 07:35:00,2.30596,2.30644,2.30593,2.30642,203
2025-11-06 07:40:00,2.30637,2.30664,2.30622,2.3064299999999998,140
2025-11-06 07:45:00,2.30642,2.30647,2.30609,2.3064,178
2025-11-06 07:50:00,2.30641,2.30738,2.30638,2.30714,204
2025-11-06 07:55:00,2.30713,2.30758,2.30688,2.30751,289
2025-11-06 08:00:00,2.30746,2.30761,2.30685,2.30716,274
2025-11-06 08:05:00,2.30718,2.30764,2.30688,2.30754,246
2025-11-06 08:10:00,2.3076499999999998,2.30781,2.30744,2.30766,201
2025-11-06 08:15:00,2.30761,2.30761,2.30696,2.30698,152
2025-11-06 08:20:00,2.3070399999999998,2.30756,2.3070399999999998,2.30751,230
2025-11-06 08:25:00,2.3075200000000002,2.3075200000000002,2.30693,2.3074500000000002,193
2025-11-06 08:30:00,2.30751,2.30778,2.30739,2.3075200000000002,222
2025-11-06 08:35:00,2.30753,2.30759,2.30702,2.30716,202
2025-11-06 08:40:00,2.30722,2.30732,2.30672,2.30673,195
2025-11-06 08:45:00,2.30675,2.3076,2.30673,2.30688,187
2025-11-06 08:50:00,2.30689,2.30777,2.30688,2.3077199999999998,182
2025-11-06 08:55:00,2.3077199999999998,2.30784,2.30743,2.30771,228
2025-11-06 09:00:00,2.30773,2.30776,2.30697,2.3071099999999998,271
2025-11-06 09:05:00,2.30706,2.30748,2.30674,2.30705,229
2025-11-06 09:10:00,2.3070399999999998,2.30769,2.307,2.30764,237
2025-11-06 09:15:00,2.30763,2.30787,2.30726,2.30783,220
2025-11-06 09:20:00,2.30783,2.3083,2.30758,2.30825,310
2025-11-06 09:25:00,2.30824,2.30925,2.3080600000000002,2.30921,263
2025-11-06 09:30:00,2.30923,2.3093,2.30832,2.3086,351
2025-11-06 09:35:00,2.30861,2.30929,2.30844,2.30912,342
2025-11-06 09:40:00,2.30911,2.30938,2.30883,2.30918,325
2025-11-06 09:45:00,2.30919,2.3094,2.3086,2.30898,295
2025-11-06 09:50:00,2.30897,2.3096,2.3087400000000002,2.3093,235
2025-11-06 09:55:00,2.30929,2.3093,2.30801,2.30841,401
2025-11-06 10:00:00,2.30839,2.3089399999999998,2.3077,2.30889,483
2025-11-06 10:05:00,2.30895,2.30972,2.30889,2.30908,393
2025-11-06 10:10:00,2.30904,2.30986,2.30883,2.3095499999999998,304
2025-11-06 10:15:00,2.30957,2.31035,2.3093500000000002,2.31033,364
2025-11-06 10:20:00,2.31036,2.31062,2.31008,2.31052,330
2025-11-06 10:25:00,2.31051,2.3105700000000002,2.30977,2.31035,362
2025-11-06 10:30:00,2.31026,2.3108,2.30993,2.31049,348
2025-11-06 10:35:00,2.31044,2.31119,2.31019,2.31116,289
2025-11-06 10:40:00,2.3111800000000002,2.31176,2.31089,2.31174,300
2025-11-06 10:45:00,2.31172,2.31175,2.31074,2.31087,283
2025-11-06 10:50:00,2.31086,2.31157,2.31008,2.3101,307
2025-11-06 10:55:00,2.3100899999999998,2.31045,2.30924,2.30941,464
2025-11-06 11:00:00,2.30949,2.3099600000000002,2.30871,2.3098,431
2025-11-06 11:05:00,2.30981,2.31027,2.30962,2.30974,329
2025-11-06 11:10:00,2.30976,2.31055,2.30973,2.31049,302
2025-11-06 11:15:00,2.3105,2.31112,2.31035,2.31053,297
2025-11-06 11:20:00,2.31049,2.31149,2.31041,2.31129,267
2025-11-06 11:25:00,2.31127,2.3114,2.31033,2.3105700000000002,241
2025-11-06 11:30:00,2.3105,2.3105,2.3094,2.30962,258
2025-11-06 11:35:00,2.30961,2.31096,2.30943,2.3108,278
2025-11-06 11:40:00,2.31085,2.31144,2.3108,2.31097,283
2025-11-06 11:45:00,2.31103,2.31123,2.31082,2.31115,254
2025-11-06 11:50:00,2.31123,2.3113,2.31062,2.31071,233
2025-11-06 11:55:00,2.31073,2.31103,2.31048,2.31082,223
2025-11-06 12:00:00,2.31084,2.31096,2.30992,2.31092,294
2025-11-06 12:05:00,2.31091,2.31148,2.31076,2.31123,195
2025-11-06 12:10:00,2.31126,2.31172,2.31092,2.31157,213
2025-11-06 12:15:00,2.31156,2.31172,2.31061,2.31067,233
2025-11-06 12:20:00,2.3106999999999998,2.31099,2.3101599999999998,2.31052,201
2025-11-06 12:25:00,2.31051,2.31139,2.31051,2.31107,236
2025-11-06 12:30:00,2.31106,2.31132,2.31053,2.31053,286
2025-11-06 12:35:00,2.31052,2.3119199999999998,2.31037,2.31188,280
2025-11-06 12:40:00,2.3118600000000002,2.31213,2.31154,2.31198,243
2025-11-06 12:45:00,2.3119899999999998,2.31242,2.31164,2.31164,197
2025-11-06 12:50:00,2.31148,2.31187,2.31111,2.31136,212
2025-11-06 12:55:00,2.31134,2.31209,2.31134,2.3115,275
2025-11-06 13:00:00,2.31151,2.31214,2.3111800000000002,2.31146,228
2025-11-06 13:05:00,2.31142,2.31191,2.31116,2.31189,238
2025-11-06 13:10:00,2.31191,2.31212,2.31152,2.31155,203
2025-11-06 13:15:00,2.31156,2.31249,2.31147,2.31229,247
2025-11-06 13:20:00,2.31229,2.31286,2.31211,2.31265,210
2025-11-06 13:25:00,2.31264,2.31295,2.31235,2.3125,168
2025-11-06 13:30:00,2.31243,2.31389,2.31228,2.31374,261
2025-11-06 13:35:00,2.31377,2.31442,2.31353,2.3142,288
2025-11-06 13:40:00,2.31419,2.31442,2.31331,2.3134,227
2025-11-06 13:45:00,2.31344,2.31416,2.31335,2.31387,278
2025-11-06 13:50:00,2.31394,2.31394,2.31296,2.31364,241
2025-11-06 13:55:00,2.31363,2.31397,2.31296,2.31339,351
2025-11-06 14:00:00,2.31332,2.31392,2.30854,2.30855,762
2025-11-06 14:05:00,2.30859,2.30939,2.30811,2.30871,516
2025-11-06 14:10:00,2.30872,2.30889,2.30808,2.30867,401
2025-11-06 14:15:00,2.30868,2.3095,2.30838,2.30904,279
2025-11-06 14:20:00,2.30905,2.30973,2.30856,2.30968,253
2025-11-06 14:25:00,2.3097,2.31028,2.3094,2.3098,276
2025-11-06 14:30:00,2.30978,2.31129,2.3096,2.31073,322
2025-11-06 14:35:00,2.31069,2.3118,2.31005,2.31109,423
2025-11-06 14:40:00,2.3111,2.3115,2.31046,2.31072,339
2025-11-06 14:45:00,2.3106999999999998,2.31172,2.31066,2.31153,315
2025-11-06 14:50:00,2.31148,2.31241,2.3111800000000002,2.31218,393
2025-11-06 14:55:00,2.31215,2.31347,2.31164,2.31281,402
2025-11-06 15:00:00,2.31279,2.3130100000000002,2.31128,2.3119,405
2025-11-06 15:05:00,2.3119199999999998,2.31211,2.31066,2.31071,313
2025-11-06 15:10:00,2.31082,2.31123,2.31062,2.31111,262
2025-11-06 15:15:00,2.3112,2.31193,2.3111800000000002,2.3118600000000002,275
2025-11-06 15:20:00,2.31187,2.3124000000000002,2.31133,2.3124000000000002,299
2025-11-06 15:25:00,2.31239,2.31254,2.31152,2.31189,241
2025-11-06 15:30:00,2.31185,2.31242,2.31137,2.31214,301
2025-11-06 15:35:00,2.31215,2.31378,2.3121,2.3133,477
2025-11-06 15:40:00,2.31331,2.31413,2.31296,2.31334,410
2025-11-06 15:45:00,2.31333,2.31473,2.31322,2.31467,348
2025-11-06 15:50:00,2.31468,2.31493,2.3136900000000002,2.31456,403
2025-11-06 15:55:00,2.31456,2.31573,2.31447,2.31511,451
2025-11-06 16:00:00,2.31508,2.31575,2.31494,2.3152,438
2025-11-06 16:05:00,2.31517,2.31672,2.31502,2.31672,398
2025-11-06 16:10:00,2.31673,2.31729,2.31591,2.31591,444
2025-11-06 16:15:00,2.31589,2.31677,2.31572,2.31615,386
2025-11-06 16:20:00,2.31617,2.31701,2.31592,2.31676,426
2025-11-06 16:25:00,2.3167400000000002,2.31732,2.31637,2.31709,340
2025-11-06 16:30:00,2.3171,2.31831,2.31688,2.31811,411
2025-11-06 16:35:00,2.31812,2.31876,2.31733,2.3186999999999998,413
2025-11-06 16:40:00,2.3188,2.3198,2.3187699999999998,2.31971,430
2025-11-06 16:45:00,2.31969,2.32012,2.3191,2.3197200000000002,430
2025-11-06 16:50:00,2.31975,2.32102,2.31943,2.32083,416
2025-11-06 16:55:00,2.3207,2.32163,2.32039,2.32156,327
2025-11-06 17:00:00,2.32157,2.32327,2.32149,2.32312,548
2025-11-06 17:05:00,2.32317,2.32324,2.32171,2.32276,509
2025-11-06 17:10:00,2.32274,2.32373,2.32196,2.32366,453
2025-11-06 17:15:00,2.3236499999999998,2.32452,2.32316,2.32375,465
2025-11-06 17:20:00,2.32381,2.32381,2.32225,2.32249,446
2025-11-06 17:25:00,2.32247,2.32325,2.32247,2.32307,391
2025-11-06 17:30:00,2.32306,2.3254,2.32306,2.3248699999999998,412
2025-11-06 17:35:00,2.32482,2.32629,2.32417,2.32622,472
2025-11-06 17:40:00,2.32615,2.32688,2.32568,2.32631,400
2025-11-06 17:45:00,2.32635,2.32643,2.32551,2.32639,483
2025-11-06 17:50:00,2.32643,2.3274,2.32575,2.3272399999999998,476
2025-11-06 17:55:00,2.32723,2.32741,2.32641,2.32679,584
2025-11-06 18:00:00,2.32683,2.32766,2.32634,2.32765,530
2025-11-06 18:05:00,2.32755,2.32802,2.32693,2.3279,489
2025-11-06 18:10:00,2.3279199999999998,2.32832,2.32742,2.32817,457
2025-11-06 18:15:00,2.32819,2.32856,2.32776,2.32811,442
2025-11-06 18:20:00,2.32811,2.32851,2.3273,2.32823,390
2025-11-06 18:25:00,2.32825,2.32882,2.3278,2.32782,360
2025-11-06 18:30:00,2.32784,2.32843,2.32752,2.32842,421
2025-11-06 18:35:00,2.3284000000000002,2.32929,2.32817,2.32882,464
2025-11-06 18:40:00,2.32886,2.32895,2.3283300000000002,2.32856,415
2025-11-06 18:45:00,2.32858,2.32938,2.32858,2.32896,330
2025-11-06 18:50:00,2.32898,2.32926,2.32826,2.32828,399
2025-11-06 18:55:00,2.32836,2.32879,2.32755,2.32777,376
2025-11-06 19:00:00,2.32774,2.32896,2.32695,2.32867,475
2025-11-06 19:05:00,2.32868,2.3297499999999998,2.32836,2.32893,409
2025-11-06 19:10:00,2.3289400000000002,2.329,2.32828,2.32882,363
2025-11-06 19:15:00,2.32876,2.3296,2.32871,2.32948,344
2025-11-06 19:20:00,2.32952,2.33054,2.32952,2.32967,333
2025-11-06 19:25:00,2.3296799999999998,2.3297499999999998,2.3284599999999998,2.32893,412
2025-11-06 19:30:00,2.3289400000000002,2.3301600000000002,2.3289400000000002,2.33007,369
2025-11-06 19:35:00,2.3301600000000002,2.33047,2.32979,2.33047,276
2025-11-06 19:40:00,2.3305,2.33054,2.32911,2.32927,326
2025-11-06 19:45:00,2.32934,2.32946,2.32788,2.32804,266
2025-11-06 19:50:00,2.32805,2.32878,2.32787,2.32855,228
2025-11-06 19:55:00,2.32856,2.3288,2.32815,2.32869,278
2025-11-06 20:00:00,2.3287,2.32976,2.32852,2.32976,271
2025-11-06 20:05:00,2.3297499999999998,2.33165,2.32966,2.33082,337
2025-11-06 20:10:00,2.33081,2.33167,2.3308,2.33135,326
2025-11-06 20:15:00,2.33137,2.33137,2.3304,2.33062,310
2025-11-06 20:20:00,2.33061,2.33087,2.33026,2.33035,302
2025-11-06 20:25:00,2.3303599999999998,2.3303599999999998,2.32922,2.32949,309
2025-11-06 20:30:00,2.32947,2.33003,2.32923,2.32971,270
2025-11-06 20:35:00,2.32972,2.33008,2.32939,2.32939,278
2025-11-06 20:40:00,2.3294,2.33008,2.3293,2.33004,280
2025-11-06 20:45:00,2.33002,2.33038,2.32961,2.32983,290
2025-11-06 20:50:00,2.32986,2.33006,2.32952,2.32997,260
2025-11-06 20:55:00,2.33001,2.33045,2.32996,2.33027,283
2025-11-06 21:00:00,2.33025,2.33054,2.32995,2.32995,307
2025-11-06 21:05:00,2.32994,2.33031,2.32964,2.33027,272
2025-11-06 21:10:00,2.3302899999999998,2.3302899999999998,2.32943,2.32946,250
2025-11-06 21:15:00,2.32947,2.32987,2.32876,2.32884,238
2025-11-06 21:20:00,2.32885,2.32906,2.32861,2.32868,211
2025-11-06 21:25:00,2.32872,2.32884,2.32828,2.32851,249
2025-11-06 21:30:00,2.32851,2.32883,2.32834,2.32875,287
2025-11-06 21:35:00,2.32877,2.3289400000000002,2.32814,2.32842,231
2025-11-06 21:40:00,2.32843,2.32904,2.32843,2.32871,232
2025-11-06 21:45:00,2.32869,2.32936,2.32869,2.32924,242
2025-11-06 21:50:00,2.32925,2.32939,2.32881,2.32923,275
2025-11-06 21:55:00,2.32921,2.32932,2.32871,2.32917,331
2025-11-06 22:00:00,2.32919,2.32919,2.32849,2.32891,214
2025-11-06 22:05:00,2.32891,2.3292,2.32887,2.32917,226
2025-11-06 22:10:00,2.32911,2.3296200000000002,2.32895,2.32947,198
2025-11-06 22:15:00,2.32948,2.32993,2.32942,2.32982,187
2025-11-06 22:20:00,2.32983,2.32983,2.32931,2.32941,235
2025-11-06 22:25:00,2.32944,2.33037,2.32939,2.33014,222
2025-11-06 22:30:00,2.33012,2.33064,2.32998,2.33021,274
2025-11-06 22:35:00,2.33019,2.33057,2.33019,2.3302899999999998,238
2025-11-06 22:40:00,2.33031,2.33051,2.33005,2.33025,253
2025-11-06 22:45:00,2.33026,2.33082,2.33009,2.33075,272
2025-11-06 22:50:00,2.33073,2.33123,2.33058,2.33113,324
2025-11-06 22:55:00,2.33111,2.33116,2.33021,2.33092,352
2025-11-06 23:00:00,2.33019,2.3302,2.32945,2.32993,241
2025-11-06 23:05:00,2.32993,2.33017,2.3297499999999998,2.3297499999999998,126
2025-11-06 23:10:00,2.32984,2.33013,2.32971,2.33008,160
2025-11-06 23:15:00,2.33011,2.33115,2.33003,2.3306,126
2025-11-06 23:20:00,2.33058,2.33102,2.33058,2.33098,124
2025-11-06 23:25:00,2.33098,2.33124,2.33088,2.33088,129
2025-11-06 23:30:00,2.33087,2.33105,2.3301600000000002,2.33067,178
2025-11-06 23:35:00,2.33069,2.33072,2.33038,2.33038,106
2025-11-06 23:40:00,2.33043,2.33047,2.33004,2.3301,162
2025-11-06 23:45:00,2.33012,2.33088,2.33003,2.33083,103
2025-11-06 23:50:00,2.3308400000000002,2.33098,2.33055,2.33093,589
2025-11-06 23:55:00,2.33121,2.33122,2.3279199999999998,2.32798,152
2025-11-07 00:00:00,2.32931,2.32931,2.32774,2.32931,5
2025-11-07 00:05:00,2.32931,2.32931,2.32631,2.32636,67
2025-11-07 00:10:00,2.32636,2.32648,2.32623,2.32633,29
2025-11-07 00:15:00,2.32758,2.32823,2.3272,2.32817,141
2025-11-07 00:20:00,2.32818,2.32868,2.32804,2.32857,116
2025-11-07 00:25:00,2.32855,2.32876,2.32811,2.32843,142
2025-11-07 00:30:00,2.32862,2.32896,2.32834,2.32859,166
2025-11-07 00:35:00,2.32859,2.32917,2.3285,2.32912,185
2025-11-07 00:40:00,2.32909,2.3292,2.32895,2.32915,214
2025-11-07 00:45:00,2.32912,2.32932,2.32881,2.32904,204
2025-11-07 00:50:00,2.32905,2.32944,2.32884,2.32928,227
2025-11-07 00:55:00,2.32933,2.32999,2.32855,2.32873,348
2025-11-07 01:00:00,2.32971,2.33085,2.32971,2.33059,173
2025-11-07 01:05:00,2.33058,2.33072,2.33047,2.33059,98
2025-11-07 01:10:00,2.3306,2.33094,2.32991,2.3302899999999998,143
2025-11-07 01:15:00,2.33025,2.33025,2.32967,2.32985,133
2025-11-07 01:20:00,2.32986,2.32987,2.3294,2.32966,139
2025-11-07 01:25:00,2.32965,2.3297499999999998,2.32915,2.32937,114
2025-11-07 01:30:00,2.32931,2.32979,2.32931,2.3296200000000002,93
2025-11-07 01:35:00,2.3296,2.33005,2.32951,2.3299,109
2025-11-07 01:40:00,2.32988,2.33011,2.32942,2.32971,118
2025-11-07 01:45:00,2.32972,2.33035,2.3296200000000002,2.3302899999999998,102
2025-11-07 01:50:00,2.33028,2.33041,2.32989,2.32996,109
2025-11-07 01:55:00,2.32998,2.3304,2.32998,2.33035,128
2025-11-07 02:00:00,2.33027,2.33041,2.32976,2.33025,220
2025-11-07 02:05:00,2.33024,2.33078,2.33024,2.3307,196
2025-11-07 02:10:00,2.33069,2.33128,2.33066,2.33115,209
2025-11-07 02:15:00,2.33114,2.33137,2.33098,2.33103,145
2025-11-07 02:20:00,2.33099,2.33099,2.33022,2.33091,114
2025-11-07 02:25:00,2.33093,2.33187,2.33069,2.33168,161
2025-11-07 02:30:00,2.33163,2.3318,2.3309699999999998,2.33105,202
2025-11-07 02:35:00,2.33106,2.33131,2.33083,2.33096,253
2025-11-07 02:40:00,2.33095,2.33111,2.33041,2.33053,291
2025-11-07 02:45:00,2.33055,2.3307700000000002,2.33022,2.33062,212
2025-11-07 02:50:00,2.33054,2.3308,2.3303,2.33066,310
2025-11-07 02:55:00,2.33058,2.33091,2.33013,2.33083,283
2025-11-07 03:00:00,2.33085,2.33108,2.33009,2.3301,293
2025-11-07 03:05:00,2.33008,2.33205,2.33008,2.33196,251
2025-11-07 03:10:00,2.33195,2.33196,2.33051,2.33156,286
2025-11-07 03:15:00,2.3316,2.332,2.33144,2.33184,284
2025-11-07 03:20:00,2.332,2.3321899999999998,2.33118,2.33142,275
2025-11-07 03:25:00,2.3313800000000002,2.33269,2.33137,2.3325,278
2025-11-07 03:30:00,2.33256,2.33323,2.33184,2.3322,328
2025-11-07 03:35:00,2.33217,2.33317,2.33155,2.33167,300
2025-11-07 03:40:00,2.33168,2.33213,2.33118,2.33166,237
2025-11-07 03:45:00,2.33171,2.33201,2.33161,2.33189,224
2025-11-07 03:50:00,2.33183,2.33216,2.3314,2.3314,275
2025-11-07 03:55:00,2.33143,2.33156,2.33112,2.33146,342
2025-11-07 04:00:00,2.33149,2.33216,2.33131,2.33159,258
2025-11-07 04:05:00,2.33159,2.33183,2.33123,2.33123,287
2025-11-07 04:10:00,2.33129,2.332,2.3312,2.33191,255
2025-11-07 04:15:00,2.33188,2.33221,2.33172,2.33186,247
2025-11-07 04:20:00,2.33187,2.33193,2.33155,2.33166,308
2025-11-07 04:25:00,2.33164,2.3322599999999998,2.33139,2.33221,240
2025-11-07 04:30:00,2.3322,2.33244,2.33201,2.3322,235
2025-11-07 04:35:00,2.33222,2.33239,2.33178,2.33189,205
2025-11-07 04:40:00,2.33196,2.3331,2.33194,2.33307,228
2025-11-07 04:45:00,2.33307,2.33313,2.33196,2.33245,209
2025-11-07 04:50:00,2.33247,2.33306,2.3323,2.3326000000000002,241
2025-11-07 04:55:00,2.33261,2.33333,2.33247,2.33307,206
2025-11-07 05:00:00,2.33309,2.33322,2.3328699999999998,2.33316,241
2025-11-07 05:05:00,2.33313,2.33318,2.33273,2.33301,259
2025-11-07 05:10:00,2.33305,2.3336,2.33265,2.33275,194
2025-11-07 05:15:00,2.33278,2.33395,2.33263,2.33395,212
2025-11-07 05:20:00,2.33394,2.33399,2.33299,2.33314,199
2025-11-07 05:25:00,2.33316,2.3338,2.33315,2.33379,222
2025-11-07 05:30:00,2.33378,2.33437,2.33375,2.33415,239
2025-11-07 05:35:00,2.33413,2.33439,2.33352,2.33393,208
2025-11-07 05:40:00,2.33401,2.3343,2.33361,2.3340199999999998,196
2025-11-07 05:45:00,2.33403,2.33425,2.33354,2.3340899999999998,219
2025-11-07 05:50:00,2.33411,2.3344300000000002,2.33399,2.33421,224
2025-11-07 05:55:00,2.33419,2.33457,2.33401,2.33404,252
2025-11-07 06:00:00,2.33403,2.33515,2.3339,2.33492,291
2025-11-07 06:05:00,2.33491,2.33521,2.33464,2.3351100000000002,227
2025-11-07 06:10:00,2.33509,2.3357,2.33483,2.33547,214
2025-11-07 06:15:00,2.33551,2.33551,2.33413,2.33416,283
2025-11-07 06:20:00,2.33418,2.33482,2.3338,2.33478,263
2025-11-07 06:25:00,2.33477,2.3352399999999998,2.33457,2.3350400000000002,228
2025-11-07 06:30:00,2.33505,2.33571,2.33474,2.33479,254
2025-11-07 06:35:00,2.33477,2.33481,2.3342,2.33457,213
2025-11-07 06:40:00,2.33459,2.33505,2.3344300000000002,2.33493,204
2025-11-07 06:45:00,2.33494,2.33501,2.33413,2.33432,274
2025-11-07 06:50:00,2.33426,2.33482,2.33423,2.33468,190
2025-11-07 06:55:00,2.33457,2.33494,2.33445,2.33459,149
2025-11-07 07:00:00,2.3346,2.3346,2.33372,2.33395,171
2025-11-07 07:05:00,2.33396,2.33396,2.3331,2.33327,226
2025-11-07 07:10:00,2.33329,2.33345,2.33241,2.33276,254
2025-11-07 07:15:00,2.33278,2.33306,2.33271,2.3328699999999998,162
2025-11-07 07:20:00,2.3329,2.33377,2.33271,2.33362,214
2025-11-07 07:25:00,2.33362,2.33366,2.33323,2.33364,159
2025-11-07 07:30:00,2.33366,2.33377,2.33305,2.33377,175
2025-11-07 07:35:00,2.33388,2.33391,2.33299,2.33299,156
2025-11-07 07:40:00,2.33303,2.33379,2.3328699999999998,2.33371,150
2025-11-07 07:45:00,2.33367,2.33418,2.33332,2.33399,196
2025-11-07 07:50:00,2.33401,2.33444,2.3337,2.33439,217
2025-11-07 07:55:00,2.33441,2.33487,2.33441,2.33465,242
2025-11-07 08:00:00,2.33466,2.33564,2.33455,2.33545,258
2025-11-07 08:05:00,2.33537,2.33551,2.33447,2.33543,256
2025-11-07 08:10:00,2.33547,2.33571,2.33518,2.33554,199
2025-11-07 08:15:00,2.33553,2.33659,2.33513,2.33645,229
2025-11-07 08:20:00,2.33644,2.33644,2.33509,2.33556,192
2025-11-07 08:25:00,2.33552,2.33558,2.33488,2.33523,169
2025-11-07 08:30:00,2.3353,2.33556,2.33486,2.33554,251
2025-11-07 08:35:00,2.33556,2.33586,2.33525,2.33545,199
2025-11-07 08:40:00,2.3355,2.33605,2.33523,2.33584,189
2025-11-07 08:45:00,2.33582,2.3363,2.33571,2.33618,180
2025-11-07 08:50:00,2.33619,2.33625,2.3358,2.33616,194
2025-11-07 08:55:00,2.33614,2.33745,2.33598,2.3371399999999998,250
2025-11-07 09:00:00,2.33712,2.33805,2.33706,2.33716,274
2025-11-07 09:05:00,2.33715,2.33721,2.33666,2.33712,233
2025-11-07 09:10:00,2.3371399999999998,2.33745,2.33628,2.33674,275
2025-11-07 09:15:00,2.33677,2.33709,2.33649,2.33673,252
2025-11-07 09:20:00,2.33665,2.33779,2.33664,2.33777,302
2025-11-07 09:25:00,2.33772,2.33805,2.33762,2.33779,239
2025-11-07 09:30:00,2.3378,2.3382899999999998,2.3376,2.33765,283
2025-11-07 09:35:00,2.3377,2.33879,2.33758,2.33862,232
2025-11-07 09:40:00,2.33862,2.33862,2.33798,2.33834,215
2025-11-07 09:45:00,2.33835,2.33882,2.33826,2.3384,202
2025-11-07 09:50:00,2.33839,2.33984,2.33822,2.33979,248
2025-11-07 09:55:00,2.33977,2.34097,2.33956,2.3407999999999998,239
2025-11-07 10:00:00,2.34081,2.34081,2.33841,2.33876,389
2025-11-07 10:05:00,2.33873,2.33939,2.33837,2.33932,275
2025-11-07 10:10:00,2.33933,2.33985,2.33905,2.33929,326
2025-11-07 10:15:00,2.33928,2.33932,2.33855,2.33866,258
2025-11-07 10:20:00,2.33867,2.33898,2.33763,2.33765,272
2025-11-07 10:25:00,2.33765,2.3377499999999998,2.33557,2.33559,334
2025-11-07 10:30:00,2.33557,2.33559,2.33425,2.33434,379
2025-11-07 10:35:00,2.3344300000000002,2.33477,2.33333,2.33335,275
2025-11-07 10:40:00,2.33336,2.33371,2.33256,2.33263,258
2025-11-07 10:45:00,2.33274,2.33291,2.33207,2.33227,264
2025-11-07 10:50:00,2.33227,2.33227,2.33094,2.33099,282
2025-11-07 10:55:00,2.33103,2.33183,2.33103,2.33126,293
2025-11-07 11:00:00,2.33123,2.3319,2.33091,2.3316,324
2025-11-07 11:05:00,2.33154,2.33209,2.33081,2.33102,249
2025-11-07 11:10:00,2.33106,2.33161,2.33098,2.33143,241
2025-11-07 11:15:00,2.33139,2.33208,2.3313,2.33191,263
2025-11-07 11:20:00,2.33189,2.33213,2.3314,2.33184,242
2025-11-07 11:25:00,2.33185,2.33216,2.33154,2.33154,217
2025-11-07 11:30:00,2.33153,2.33187,2.33122,2.33182,255
2025-11-07 11:35:00,2.33181,2.33237,2.33179,2.3318,182
2025-11-07 11:40:00,2.33179,2.33248,2.33163,2.33232,231
2025-11-07 11:45:00,2.3323,2.3325,2.33195,2.33221,233
2025-11-07 11:50:00,2.33218,2.33277,2.33216,2.33237,237
2025-11-07 11:55:00,2.33238,2.33259,2.33165,2.33194,266
2025-11-07 12:00:00,2.33192,2.3327,2.33162,2.33169,324
2025-11-07 12:05:00,2.33168,2.3321,2.3314500000000002,2.33162,277
2025-11-07 12:10:00,2.33164,2.33203,2.33106,2.33106,258
2025-11-07 12:15:00,2.33111,2.33209,2.3311,2.3318,282
2025-11-07 12:20:00,2.33182,2.33299,2.33172,2.33298,285
2025-11-07 12:25:00,2.33295,2.33324,2.33253,2.33265,290
2025-11-07 12:30:00,2.33254,2.33272,2.33183,2.33194,256
2025-11-07 12:35:00,2.33196,2.33244,2.33141,2.33229,253
2025-11-07 12:40:00,2.33228,2.33291,2.33228,2.33243,221
2025-11-07 12:45:00,2.33244,2.333,2.33218,2.33262,256
2025-11-07 12:50:00,2.3326000000000002,2.33282,2.33184,2.3319,203
2025-11-07 12:55:00,2.33189,2.33324,2.33189,2.3331,249
2025-11-07 13:00:00,2.33309,2.33327,2.33253,2.33315,226
2025-11-07 13:05:00,2.33315,2.33412,2.33311,2.33384,211
2025-11-07 13:10:00,2.33383,2.33462,2.33331,2.33456,285
2025-11-07 13:15:00,2.33456,2.33544,2.33456,2.33513,345
2025-11-07 13:20:00,2.3351100000000002,2.33562,2.33495,2.33536,304
2025-11-07 13:25:00,2.33535,2.33543,2.33484,2.33528,241
2025-11-07 13:30:00,2.33525,2.33619,2.33525,2.33589,332
2025-11-07 13:35:00,2.3359,2.33604,2.33494,2.33502,300
2025-11-07 13:40:00,2.33503,2.33523,2.33407,2.33426,244
2025-11-07 13:45:00,2.33427,2.33434,2.33376,2.33408,249
2025-11-07 13:50:00,2.33406,2.3344300000000002,2.33371,2.33392,245
2025-11-07 13:55:00,2.3339,2.33438,2.33338,2.33393,284
2025-11-07 14:00:00,2.33398,2.33467,2.3338200000000002,2.33395,342
2025-11-07 14:05:00,2.33396,2.33489,2.33396,2.33417,279
2025-11-07 14:10:00,2.33417,2.33425,2.33367,2.33381,295
2025-11-07 14:15:00,2.33379,2.33415,2.3333,2.33408,255
2025-11-07 14:20:00,2.3340899999999998,2.33452,2.33396,2.33414,241
2025-11-07 14:25:00,2.33405,2.3344,2.3338200000000002,2.33433,216
2025-11-07 14:30:00,2.33431,2.33502,2.3342,2.33472,330
2025-11-07 14:35:00,2.33474,2.33561,2.33452,2.33477,331
2025-11-07 14:40:00,2.33476,2.3351,2.33399,2.33407,301
2025-11-07 14:45:00,2.3340899999999998,2.3348,2.33361,2.33403,295
2025-11-07 14:50:00,2.3340199999999998,2.33433,2.33373,2.3339,239
2025-11-07 14:55:00,2.33392,2.3345000000000002,2.33373,2.33417,266
2025-11-07 15:00:00,2.33418,2.3346299999999998,2.33372,2.33414,364
2025-11-07 15:05:00,2.33414,2.3346299999999998,2.33403,2.33415,316
2025-11-07 15:10:00,2.33414,2.33464,2.33411,2.33434,275
2025-11-07 15:15:00,2.33435,2.3348,2.33385,2.33388,292
2025-11-07 15:20:00,2.33393,2.33396,2.3329,2.33366,402
2025-11-07 15:25:00,2.3337,2.33537,2.33355,2.33489,371
2025-11-07 15:30:00,2.3349,2.3349,2.33297,2.33385,526
2025-11-07 15:35:00,2.33386,2.33449,2.33346,2.3339,432
2025-11-07 15:40:00,2.33391,2.33509,2.33332,2.33509,494
2025-11-07 15:45:00,2.3351100000000002,2.3356,2.33383,2.33393,438
2025-11-07 15:50:00,2.3339,2.33444,2.33337,2.33359,382
2025-11-07 15:55:00,2.33355,2.33554,2.33338,2.33542,494
2025-11-07 16:00:00,2.33553,2.33676,2.33481,2.33676,429
2025-11-07 16:05:00,2.33678,2.33712,2.33635,2.33688,422
2025-11-07 16:10:00,2.33699,2.3374,2.33659,2.33723,374
2025-11-07 16:15:00,2.33725,2.33747,2.33679,2.33747,334
2025-11-07 16:20:00,2.33752,2.33752,2.33685,2.33724,313
2025-11-07 16:25:00,2.33733,2.33741,2.33624,2.33639,353
2025-11-07 16:30:00,2.33643,2.3378,2.33625,2.33727,509
2025-11-07 16:35:00,2.33725,2.33875,2.33715,2.33867,485
2025-11-07 16:40:00,2.33862,2.33862,2.33744,2.3379,548
2025-11-07 16:45:00,2.3379,2.33851,2.3372,2.33846,488
2025-11-07 16:50:00,2.33849,2.33854,2.33732,2.33797,558
2025-11-07 16:55:00,2.33798,2.33882,2.33759,2.3383,419
2025-11-07 17:00:00,2.33841,2.34099,2.33824,2.3409,562
2025-11-07 17:05:00,2.34089,2.34328,2.34044,2.34239,622
2025-11-07 17:10:00,2.34237,2.34259,2.34108,2.3412,596
2025-11-07 17:15:00,2.34124,2.34211,2.34001,2.34187,546
2025-11-07 17:20:00,2.34188,2.34294,2.34147,2.34264,499
2025-11-07 17:25:00,2.34262,2.34271,2.34151,2.34237,476
2025-11-07 17:30:00,2.34236,2.34327,2.34164,2.34322,496
2025-11-07 17:35:00,2.34323,2.34353,2.34223,2.34245,407
2025-11-07 17:40:00,2.3425000000000002,2.34292,2.34196,2.34225,439
2025-11-07 17:45:00,2.34224,2.34376,2.34211,2.34369,472
2025-11-07 17:50:00,2.34371,2.34412,2.3432,2.34348,421
2025-11-07 17:55:00,2.34363,2.34429,2.3426,2.34284,609
2025-11-07 18:00:00,2.34284,2.34377,2.34255,2.34318,535
2025-11-07 18:05:00,2.3432,2.34386,2.34284,2.34315,388
2025-11-07 18:10:00,2.34313,2.34424,2.34285,2.34418,401
2025-11-07 18:15:00,2.34419,2.34486,2.34359,2.34364,382
2025-11-07 18:20:00,2.34362,2.34366,2.34278,2.34314,356
2025-11-07 18:25:00,2.34313,2.34406,2.3430400000000002,2.34406,385
2025-11-07 18:30:00,2.34414,2.34431,2.3431100000000002,2.34318,365
2025-11-07 18:35:00,2.34319,2.34413,2.34314,2.34402,371
2025-11-07 18:40:00,2.34403,2.34409,2.34328,2.34349,346
2025-11-07 18:45:00,2.34351,2.34429,2.34307,2.34388,339
2025-11-07 18:50:00,2.34387,2.34387,2.3429,2.34341,331
2025-11-07 18:55:00,2.34338,2.34418,2.34328,2.3435,417
2025-11-07 19:00:00,2.34348,2.3448,2.34348,2.34478,364
2025-11-07 19:05:00,2.34469,2.34469,2.34413,2.34435,344
2025-11-07 19:10:00,2.34437,2.3447,2.3433,2.34333,398
2025-11-07 19:15:00,2.34332,2.34359,2.34266,2.3428,357
2025-11-07 19:20:00,2.34281,2.34309,2.3421,2.34258,320
2025-11-07 19:25:00,2.34259,2.34273,2.34219,2.34267,346
2025-11-07 19:30:00,2.34273,2.34277,2.3417,2.3418200000000002,303
2025-11-07 19:35:00,2.34187,2.34266,2.3418,2.3423,273
2025-11-07 19:40:00,2.34231,2.34279,2.34219,2.3425000000000002,269
2025-11-07 19:45:00,2.34248,2.34306,2.34248,2.34285,318
2025-11-07 19:50:00,2.34289,2.34325,2.34259,2.34282,333
2025-11-07 19:55:00,2.34275,2.34318,2.34204,2.34213,330
2025-11-07 20:00:00,2.34214,2.34241,2.34163,2.34241,318
2025-11-07 20:05:00,2.34239,2.34272,2.34184,2.34203,287
2025-11-07 20:10:00,2.34204,2.34224,2.34146,2.34181,271
2025-11-07 20:15:00,2.34183,2.34224,2.34167,2.342,241
2025-11-07 20:20:00,2.34201,2.34246,2.34181,2.34194,227
2025-11-07 20:25:00,2.34197,2.34211,2.34153,2.34155,206
2025-11-07 20:30:00,2.34153,2.34185,2.34131,2.34159,283
2025-11-07 20:35:00,2.34157,2.34198,2.34131,2.34133,224
2025-11-07 20:40:00,2.34129,2.34232,2.34129,2.34205,247
2025-11-07 20:45:00,2.34204,2.34207,2.34165,2.34173,269
2025-11-07 20:50:00,2.34172,2.34236,2.34169,2.3420199999999998,288
2025-11-07 20:55:00,2.3419,2.34211,2.3417,2.34186,284
2025-11-07 21:00:00,2.3418,2.34192,2.34128,2.34154,348
2025-11-07 21:05:00,2.34153,2.34174,2.34081,2.34111,260
2025-11-07 21:10:00,2.34114,2.34172,2.34114,2.34138,246
2025-11-07 21:15:00,2.34137,2.34187,2.34116,2.3418200000000002,185
2025-11-07 21:20:00,2.34181,2.34191,2.34081,2.34082,288
2025-11-07 21:25:00,2.34081,2.34108,2.34021,2.34047,243
2025-11-07 21:30:00,2.34045,2.34045,2.33933,2.33936,225
2025-11-07 21:35:00,2.33939,2.33939,2.33862,2.33879,241
2025-11-07 21:40:00,2.33878,2.3388,2.33726,2.33827,377
2025-11-07 21:45:00,2.33813,2.33888,2.33798,2.33865,393
2025-11-07 21:50:00,2.33866,2.3395099999999998,2.33844,2.33865,307
2025-11-07 21:55:00,2.33861,2.33905,2.33847,2.33847,267
2025-11-07 22:00:00,2.33852,2.33879,2.3382899999999998,2.33867,253
2025-11-07 22:05:00,2.33864,2.33918,2.33819,2.3382,307
2025-11-07 22:10:00,2.33818,2.33903,2.3381,2.33874,227
2025-11-07 22:15:00,2.33873,2.33922,2.33835,2.33913,266
2025-11-07 22:20:00,2.3391,2.33915,2.33868,2.33885,307
2025-11-07 22:25:00,2.33879,2.33892,2.33832,2.33839,281
2025-11-07 22:30:00,2.3384,2.33868,2.33814,2.33859,208
2025-11-07 22:35:00,2.33861,2.33872,2.33832,2.33838,259
2025-11-07 22:40:00,2.33839,2.3387700000000002,2.33823,2.33827,315
2025-11-07 22:45:00,2.33826,2.33879,2.33823,2.3387000000000002,224
2025-11-07 22:50:00,2.33869,2.3388999999999998,2.33796,2.3380900000000002,258
2025-11-07 22:55:00,2.33806,2.33812,2.33696,2.33698,268
2025-11-07 23:00:00,2.3362600000000002,2.33652,2.33582,2.33583,207
2025-11-07 23:05:00,2.33595,2.33648,2.33595,2.3364,106
2025-11-07 23:10:00,2.33639,2.33642,2.33597,2.33629,144
2025-11-07 23:15:00,2.3362600000000002,2.33643,2.33612,2.33618,106
2025-11-07 23:20:00,2.33617,2.33625,2.3358499999999998,2.33606,183
2025-11-07 23:25:00,2.33607,2.33612,2.33571,2.3359,137
2025-11-07 23:30:00,2.33591,2.33594,2.33553,2.33587,153
2025-11-07 23:35:00,2.33583,2.33644,2.3357200000000002,2.33644,153
2025-11-07 23:40:00,2.33644,2.33778,2.33644,2.3377,147
2025-11-07 23:45:00,2.33771,2.3381,2.33757,2.33773,333
2025-11-07 23:50:00,2.33771,2.33804,2.33719,2.33777,490
2025-11-07 23:55:00,2.33887,2.33891,2.33449,2.33616,346
2025-11-10 00:00:00,2.33056,2.3349,2.33056,2.3349,10
2025-11-10 00:05:00,2.33486,2.33518,2.33208,2.33296,64
2025-11-10 00:10:00,2.33297,2.3338,2.33269,2.33365,68
2025-11-10 00:15:00,2.33365,2.33617,2.33361,2.336,61
2025-11-10 00:20:00,2.33605,2.33622,2.33559,2.33601,309
2025-11-10 00:25:00,2.33603,2.33655,2.33598,2.33651,58
2025-11-10 00:30:00,2.33654,2.33676,2.33647,2.33668,131
2025-11-10 00:35:00,2.33663,2.33669,2.33317,2.33532,169
2025-11-10 00:40:00,2.3353,2.33576,2.33526,2.33551,139
2025-11-10 00:45:00,2.33555,2.33681,2.33553,2.33675,131
2025-11-10 00:50:00,2.33671,2.33693,2.33658,2.3368700000000002,93
2025-11-10 00:55:00,2.33689,2.33779,2.33675,2.33779,92
2025-11-10 01:00:00,2.33928,2.3393800000000002,2.33736,2.33758,526
2025-11-10 01:05:00,2.33751,2.3376,2.33548,2.33586,256
2025-11-10 01:10:00,2.33588,2.33608,2.33487,2.3350400000000002,314
2025-11-10 01:15:00,2.33506,2.33589,2.33486,2.33532,247
2025-11-10 01:20:00,2.33537,2.33556,2.33509,2.33528,277
2025-11-10 01:25:00,2.33525,2.33559,2.33474,2.33534,232
2025-11-10 01:30:00,2.33534,2.33614,2.33514,2.33539,303
2025-11-10 01:35:00,2.3354,2.33625,2.3352,2.33607,205
2025-11-10 01:40:00,2.33611,2.33664,2.33503,2.33512,204
2025-11-10 01:45:00,2.33513,2.33636,2.33456,2.33603,316
2025-11-10 01:50:00,2.33618,2.33629,2.33509,2.33518,345
2025-11-10 01:55:00,2.33513,2.33574,2.33503,2.33544,247
2025-11-10 02:00:00,2.33545,2.33698,2.33529,2.33667,428
2025-11-10 02:05:00,2.33672,2.3370699999999998,2.3362600000000002,2.33673,288
2025-11-10 02:10:00,2.3367,2.33696,2.33636,2.3367,336
2025-11-10 02:15:00,2.33671,2.33678,2.33505,2.33516,259
2025-11-10 02:20:00,2.33502,2.33502,2.3334099999999998,2.3336,202
2025-11-10 02:25:00,2.33356,2.33507,2.3334,2.33482,258
2025-11-10 02:30:00,2.3348,2.33488,2.334,2.3346999999999998,314
2025-11-10 02:35:00,2.33468,2.33597,2.3344,2.33587,381
2025-11-10 02:40:00,2.33594,2.33637,2.33545,2.3363,357
2025-11-10 02:45:00,2.33628,2.33715,2.33609,2.33681,337
2025-11-10 02:50:00,2.33679,2.33711,2.33649,2.33692,367
2025-11-10 02:55:00,2.33686,2.33745,2.33675,2.33716,338
2025-11-10 03:00:00,2.33718,2.33731,2.33603,2.33731,403
2025-11-10 03:05:00,2.33733,2.3376,2.33656,2.33656,271
2025-11-10 03:10:00,2.33657,2.33735,2.33624,2.3362600000000002,326
2025-11-10 03:15:00,2.3363,2.33746,2.33571,2.33742,388
2025-11-10 03:20:00,2.33741,2.3375500000000002,2.33677,2.33697,377
2025-11-10 03:25:00,2.33699,2.33702,2.33613,2.33632,382
2025-11-10 03:30:00,2.33634,2.33672,2.3356,2.33561,368
2025-11-10 03:35:00,2.33558,2.33577,2.33489,2.33501,377
2025-11-10 03:40:00,2.33506,2.33534,2.3349,2.33508,307
2025-11-10 03:45:00,2.3352,2.3353,2.33444,2.33507,278
2025-11-10 03:50:00,2.33503,2.3354,2.33452,2.33508,351
2025-11-10 03:55:00,2.33507,2.3365,2.33503,2.33605,263
2025-11-10 04:00:00,2.33601,2.33642,2.3356,2.33622,290
2025-11-10 04:05:00,2.33623,2.33704,2.33601,2.3365299999999998,334
2025-11-10 04:10:00,2.33654,2.33662,2.3358,2.33599,313
2025-11-10 04:15:00,2.33597,2.33649,2.33562,2.33644,279
2025-11-10 04:20:00,2.33642,2.33671,2.33605,2.33628,222
2025-11-10 04:25:00,2.33625,2.33625,2.33552,2.33615,239
2025-11-10 04:30:00,2.33616,2.33636,2.33536,2.33548,236
2025-11-10 04:35:00,2.33547,2.33549,2.33431,2.33448,276
2025-11-10 04:40:00,2.33449,2.33471,2.33411,2.33458,289
2025-11-10 04:45:00,2.33462,2.33464,2.33405,2.3346299999999998,300
2025-11-10 04:50:00,2.33461,2.3346299999999998,2.33424,2.3345000000000002,206
2025-11-10 04:55:00,2.33451,2.33464,2.33411,2.33434,242
2025-11-10 05:00:00,2.33435,2.33446,2.33413,2.33425,218
2025-11-10 05:05:00,2.33423,2.33472,2.3340899999999998,2.33425,332
2025-11-10 05:10:00,2.33423,2.33471,2.33413,2.33441,190
2025-11-10 05:15:00,2.33439,2.33439,2.3338,2.33421,265
2025-11-10 05:20:00,2.33419,2.33465,2.33418,2.33435,313
2025-11-10 05:25:00,2.33432,2.33496,2.33428,2.33451,252
2025-11-10 05:30:00,2.33457,2.33562,2.3345000000000002,2.33549,298
2025-11-10 05:35:00,2.33552,2.33589,2.33521,2.33573,252
2025-11-10 05:40:00,2.33571,2.33607,2.33529,2.33595,278
2025-11-10 05:45:00,2.3359,2.33623,2.33571,2.33596,290
2025-11-10 05:50:00,2.33594,2.33597,2.33552,2.33576,381
2025-11-10 05:55:00,2.33577,2.33629,2.33563,2.33628,249
2025-11-10 06:00:00,2.33623,2.3362600000000002,2.33502,2.3351100000000002,262
2025-11-10 06:05:00,2.3351,2.33529,2.33491,2.33507,326
2025-11-10 06:10:00,2.33506,2.33508,2.33426,2.33472,299
2025-11-10 06:15:00,2.33473,2.3349,2.3340199999999998,2.33442,239
2025-11-10 06:20:00,2.3344,2.3344,2.33378,2.33401,165
2025-11-10 06:25:00,2.334,2.33438,2.33398,2.33428,208
2025-11-10 06:30:00,2.33433,2.33442,2.33365,2.33388,312
2025-11-10 06:35:00,2.33386,2.3344300000000002,2.33378,2.33414,245
2025-11-10 06:40:00,2.33412,2.33412,2.3338,2.33403,234
2025-11-10 06:45:00,2.33398,2.33405,2.33355,2.33377,232
2025-11-10 06:50:00,2.33375,2.33375,2.33304,2.33369,236
2025-11-10 06:55:00,2.33371,2.33414,2.33342,2.3335,247
2025-11-10 07:00:00,2.3334099999999998,2.33376,2.33314,2.33315,261
2025-11-10 07:05:00,2.33318,2.33373,2.33298,2.3337,262
2025-11-10 07:10:00,2.33366,2.33407,2.33345,2.33397,251
2025-11-10 07:15:00,2.334,2.33406,2.33337,2.33391,265
2025-11-10 07:20:00,2.33386,2.33448,2.33372,2.33435,255
2025-11-10 07:25:00,2.33434,2.33473,2.33421,2.33467,251
2025-11-10 07:30:00,2.33468,2.3348,2.33423,2.33432,307
2025-11-10 07:35:00,2.33437,2.33476,2.33419,2.33473,177
2025-11-10 07:40:00,2.33474,2.33481,2.33368,2.33384,221
2025-11-10 07:45:00,2.3339,2.33451,2.33343,2.33449,249
2025-11-10 07:50:00,2.33448,2.33448,2.33393,2.33401,250
2025-11-10 07:55:00,2.33401,2.33405,2.33343,2.33366,237
2025-11-10 08:00:00,2.33363,2.33403,2.33355,2.33397,272
2025-11-10 08:05:00,2.33396,2.3344,2.33346,2.3341,300
2025-11-10 08:10:00,2.33412,2.33457,2.33405,2.33418,218
2025-11-10 08:15:00,2.33417,2.33434,2.3334799999999998,2.33354,199
2025-11-10 08:20:00,2.33352,2.33376,2.33336,2.33343,167
2025-11-10 08:25:00,2.3334099999999998,2.33375,2.33339,2.3336,279
2025-11-10 08:30:00,2.33366,2.33369,2.33288,2.33323,154
2025-11-10 08:35:00,2.33324,2.33369,2.33306,2.33358,213
2025-11-10 08:40:00,2.33359,2.33428,2.33352,2.33408,228
2025-11-10 08:45:00,2.33406,2.33434,2.3335,2.33368,338
2025-11-10 08:50:00,2.33366,2.33421,2.33353,2.33397,320
2025-11-10 08:55:00,2.33395,2.33404,2.33324,2.33333,331
2025-11-10 09:00:00,2.3333,2.33445,2.3333,2.33394,419
2025-11-10 09:05:00,2.33398,2.3344,2.33362,2.33375,418
2025-11-10 09:10:00,2.33378,2.33446,2.33358,2.33426,339
2025-11-10 09:15:00,2.33425,2.33425,2.33308,2.33356,368
2025-11-10 09:20:00,2.33356,2.33456,2.3335,2.33454,391
2025-11-10 09:25:00,2.33451,2.33461,2.33327,2.33349,362
2025-11-10 09:30:00,2.33353,2.33439,2.3334099999999998,2.33433,435
2025-11-10 09:35:00,2.33426,2.33538,2.3338200000000002,2.33495,349
2025-11-10 09:40:00,2.33489,2.33527,2.3344300000000002,2.33515,283
2025-11-10 09:45:00,2.33502,2.33512,2.33471,2.33478,192
2025-11-10 09:50:00,2.33477,2.33507,2.33439,2.3346299999999998,310
2025-11-10 09:55:00,2.33466,2.33534,2.33466,2.33488,340
2025-11-10 10:00:00,2.33486,2.33493,2.33343,2.33363,367
2025-11-10 10:05:00,2.33364,2.3340199999999998,2.33306,2.33388,357
2025-11-10 10:10:00,2.33388,2.33394,2.33338,2.33364,299
2025-11-10 10:15:00,2.33364,2.33507,2.33361,2.33493,319
2025-11-10 10:20:00,2.33491,2.3357200000000002,2.33465,2.33465,304
2025-11-10 10:25:00,2.33464,2.3351,2.33432,2.3344300000000002,312
2025-11-10 10:30:00,2.33445,2.33473,2.33373,2.33407,353
2025-11-10 10:35:00,2.33406,2.33505,2.33395,2.33477,305
2025-11-10 10:40:00,2.3348,2.3348,2.33373,2.3338200000000002,288
2025-11-10 10:45:00,2.33385,2.33424,2.3333,2.33355,272
2025-11-10 10:50:00,2.33353,2.3340899999999998,2.33332,2.33366,372
2025-11-10 10:55:00,2.33365,2.33392,2.33298,2.33368,371
2025-11-10 11:00:00,2.33357,2.33378,2.3325,2.33264,394
2025-11-10 11:05:00,2.33262,2.33277,2.33179,2.33254,317
2025-11-10 11:10:00,2.3325,2.33293,2.33207,2.33236,359
2025-11-10 11:15:00,2.33234,2.33331,2.33213,2.33237,294
2025-11-10 11:20:00,2.33238,2.33277,2.33202,2.33268,331
2025-11-10 11:25:00,2.33269,2.3334799999999998,2.33252,2.3334099999999998,255
2025-11-10 11:30:00,2.33338,2.3335,2.33315,2.33346,234
2025-11-10 11:35:00,2.3334799999999998,2.33362,2.33284,2.33286,262
2025-11-10 11:40:00,2.33285,2.33318,2.3321,2.3323,315
2025-11-10 11:45:00,2.33228,2.33284,2.33224,2.33244,252
2025-11-10 11:50:00,2.33245,2.33279,2.33187,2.33187,341
2025-11-10 11:55:00,2.33188,2.33209,2.3313,2.33136,318
2025-11-10 12:00:00,2.3313800000000002,2.33249,2.3313800000000002,2.3324,320
2025-11-10 12:05:00,2.33242,2.3327,2.3320600000000002,2.33232,270
2025-11-10 12:10:00,2.33234,2.3326000000000002,2.33218,2.33237,230
2025-11-10 12:15:00,2.33238,2.33266,2.33208,2.33209,222
2025-11-10 12:20:00,2.3321,2.33262,2.33187,2.33238,281
2025-11-10 12:25:00,2.33235,2.33278,2.33222,2.33229,290
2025-11-10 12:30:00,2.33231,2.33245,2.33121,2.33201,285
2025-11-10 12:35:00,2.3319900000000002,2.33208,2.33162,2.33171,194
2025-11-10 12:40:00,2.33172,2.33174,2.33102,2.33117,232
2025-11-10 12:45:00,2.33118,2.33123,2.33057,2.3307700000000002,223
2025-11-10 12:50:00,2.33075,2.33121,2.33071,2.33104,197
2025-11-10 12:55:00,2.33107,2.33167,2.33099,2.33151,274
2025-11-10 13:00:00,2.33152,2.33195,2.33134,2.33137,338
2025-11-10 13:05:00,2.3313800000000002,2.33207,2.33127,2.33167,299
2025-11-10 13:10:00,2.33166,2.33264,2.33139,2.33211,298
2025-11-10 13:15:00,2.33212,2.33233,2.33153,2.33184,247
2025-11-10 13:20:00,2.33182,2.33365,2.33182,2.33364,234
2025-11-10 13:25:00,2.33356,2.33405,2.33334,2.33404,218
2025-11-10 13:30:00,2.33405,2.33433,2.33343,2.33368,213
2025-11-10 13:35:00,2.33365,2.33429,2.33344,2.33429,220
2025-11-10 13:40:00,2.3343,2.33491,2.33401,2.3349,205
2025-11-10 13:45:00,2.33495,2.3353099999999998,2.33475,2.33503,234
2025-11-10 13:50:00,2.3350400000000002,2.33534,2.3346299999999998,2.33493,284
2025-11-10 13:55:00,2.33492,2.33548,2.3346,2.3352,263
2025-11-10 14:00:00,2.33516,2.33581,2.33508,2.33576,250
2025-11-10 14:05:00,2.33578,2.33628,2.33551,2.33628,217
2025-11-10 14:10:00,2.33635,2.33681,2.33632,2.33662,281
2025-11-10 14:15:00,2.33662,2.33673,2.33547,2.3356,272
2025-11-10 14:20:00,2.33561,2.33608,2.3355,2.33561,290
2025-11-10 14:25:00,2.33563,2.33609,2.33547,2.33547,242
2025-11-10 14:30:00,2.33549,2.33634,2.33546,2.3362600000000002,266
2025-11-10 14:35:00,2.33622,2.33658,2.33606,2.33623,246
2025-11-10 14:40:00,2.33625,2.3364599999999998,2.33596,2.33629,206
2025-11-10 14:45:00,2.33628,2.33676,2.33615,2.33655,254
2025-11-10 14:50:00,2.3365,2.3369,2.33622,2.3367,266
2025-11-10 14:55:00,2.33669,2.3370699999999998,2.33583,2.33583,303
2025-11-10 15:00:00,2.33582,2.3366,2.33557,2.33657,337
2025-11-10 15:05:00,2.33658,2.33697,2.33636,2.33688,265
2025-11-10 15:10:00,2.3368700000000002,2.33691,2.3362600000000002,2.33672,250
2025-11-10 15:15:00,2.33673,2.33685,2.3357200000000002,2.33589,280
2025-11-10 15:20:00,2.33587,2.33619,2.33499,2.33501,294
2025-11-10 15:25:00,2.33499,2.33517,2.33474,2.3349,257
2025-11-10 15:30:00,2.33484,2.33527,2.33433,2.33503,282
2025-11-10 15:35:00,2.33501,2.33557,2.33456,2.33457,317
2025-11-10 15:40:00,2.33461,2.33544,2.33415,2.33498,326
2025-11-10 15:45:00,2.33496,2.3359,2.33496,2.33516,272
2025-11-10 15:50:00,2.33517,2.33553,2.33485,2.33541,256
2025-11-10 15:55:00,2.3352399999999998,2.33566,2.33503,2.33566,313
2025-11-10 16:00:00,2.33573,2.33599,2.33527,2.33545,340
2025-11-10 16:05:00,2.33545,2.33614,2.33537,2.33564,333
2025-11-10 16:10:00,2.33562,2.33609,2.33542,2.33593,293
2025-11-10 16:15:00,2.3359199999999998,2.33671,2.33571,2.33657,280
2025-11-10 16:20:00,2.33654,2.3368,2.3363,2.33644,262
2025-11-10 16:25:00,2.3363300000000002,2.33644,2.33563,2.33589,256
2025-11-10 16:30:00,2.3359,2.33618,2.33477,2.33498,473
2025-11-10 16:35:00,2.335,2.33508,2.33421,2.33437,446
2025-11-10 16:40:00,2.33433,2.33451,2.33304,2.33333,395
2025-11-10 16:45:00,2.33322,2.33359,2.33295,2.33335,429
2025-11-10 16:50:00,2.33334,2.33486,2.33334,2.33461,424
2025-11-10 16:55:00,2.33464,2.33527,2.33342,2.3348,414
2025-11-10 17:00:00,2.33479,2.33575,2.33419,2.33521,390
2025-11-10 17:05:00,2.33522,2.33575,2.33458,2.33553,297
2025-11-10 17:10:00,2.33542,2.33563,2.335,2.33562,296
2025-11-10 17:15:00,2.33559,2.33574,2.33502,2.33521,376
2025-11-10 17:20:00,2.3351,2.33522,2.33422,2.33424,270
2025-11-10 17:25:00,2.3342,2.33462,2.33391,2.33461,359
2025-11-10 17:30:00,2.33459,2.33514,2.33448,2.33506,355
2025-11-10 17:35:00,2.33508,2.33546,2.33486,2.33512,366
2025-11-10 17:40:00,2.33513,2.33578,2.3348,2.3357200000000002,322
2025-11-10 17:45:00,2.3357,2.33638,2.33517,2.33627,423
2025-11-10 17:50:00,2.33637,2.3375500000000002,2.33591,2.336,414
2025-11-10 17:55:00,2.33601,2.33667,2.33548,2.3356500000000002,476
2025-11-10 18:00:00,2.33567,2.33621,2.33529,2.33608,430
2025-11-10 18:05:00,2.33615,2.33667,2.3359199999999998,2.33593,349
2025-11-10 18:10:00,2.33598,2.33641,2.33576,2.33616,314
2025-11-10 18:15:00,2.33615,2.33656,2.33583,2.3363300000000002,382
2025-11-10 18:20:00,2.33632,2.33678,2.3359199999999998,2.33594,343
2025-11-10 18:25:00,2.33594,2.3363300000000002,2.33535,2.33584,331
2025-11-10 18:30:00,2.3358499999999998,2.33599,2.33522,2.33595,402
2025-11-10 18:35:00,2.33595,2.3364599999999998,2.33555,2.33564,356
2025-11-10 18:40:00,2.3356500000000002,2.33663,2.33539,2.33617,341
2025-11-10 18:45:00,2.33618,2.33634,2.33566,2.33575,333
2025-11-10 18:50:00,2.33576,2.33616,2.33551,2.33608,308
2025-11-10 18:55:00,2.33609,2.33611,2.33557,2.33583,384
2025-11-10 19:00:00,2.33583,2.33602,2.33526,2.33546,457
2025-11-10 19:05:00,2.33539,2.3357200000000002,2.33512,2.33563,418
2025-11-10 19:10:00,2.3356500000000002,2.3362,2.33546,2.33608,355
2025-11-10 19:15:00,2.33607,2.33652,2.33567,2.33629,352
2025-11-10 19:20:00,2.33631,2.33668,2.33618,2.33648,263
2025-11-10 19:25:00,2.33647,2.3365,2.33604,2.33631,330
2025-11-10 19:30:00,2.33632,2.33642,2.33586,2.33606,277
2025-11-10 19:35:00,2.33608,2.33697,2.33591,2.33593,397
2025-11-10 19:40:00,2.33601,2.33616,2.33528,2.33547,285
2025-11-10 19:45:00,2.33546,2.33584,2.33499,2.3351100000000002,294
2025-11-10 19:50:00,2.33509,2.33509,2.33399,2.33422,242
2025-11-10 19:55:00,2.33421,2.33431,2.3336,2.33405,290
2025-11-10 20:00:00,2.33406,2.33461,2.3338,2.33436,234
2025-11-10 20:05:00,2.33438,2.33507,2.33425,2.33441,270
2025-11-10 20:10:00,2.3344300000000002,2.33478,2.33367,2.3341,221
2025-11-10 20:15:00,2.33411,2.33427,2.33369,2.33406,203
2025-11-10 20:20:00,2.33405,2.33451,2.33404,2.33429,197
2025-11-10 20:25:00,2.33425,2.33449,2.3338200000000002,2.334,203
2025-11-10 20:30:00,2.33398,2.33408,2.33376,2.33381,170
2025-11-10 20:35:00,2.3338,2.33387,2.33329,2.33338,216
2025-11-10 20:40:00,2.33336,2.33367,2.3332100000000002,2.33345,225
2025-11-10 20:45:00,2.33346,2.3341,2.3334,2.3337,248
2025-11-10 20:50:00,2.33369,2.33444,2.33351,2.33417,222
2025-11-10 20:55:00,2.33416,2.33428,2.33378,2.33418,232
2025-11-10 21:00:00,2.33418,2.33455,2.33411,2.33429,262
2025-11-10 21:05:00,2.33428,2.3346999999999998,2.33415,2.3344,196
2025-11-10 21:10:00,2.33441,2.33506,2.33431,2.33448,181
2025-11-10 21:15:00,2.33446,2.33478,2.33435,2.33456,191
2025-11-10 21:20:00,2.33457,2.33475,2.33418,2.33419,265
2025-11-10 21:25:00,2.33418,2.33425,2.33392,2.33421,213
2025-11-10 21:30:00,2.33417,2.33455,2.33415,2.33428,170
2025-11-10 21:35:00,2.3343,2.33447,2.33413,2.33425,208
2025-11-10 21:40:00,2.33424,2.33433,2.33401,2.33406,230
2025-11-10 21:45:00,2.33408,2.33441,2.3340199999999998,2.33437,220
2025-11-10 21:50:00,2.33438,2.33473,2.3340199999999998,2.33416,211
2025-11-10 21:55:00,2.33418,2.33482,2.334,2.33478,240
2025-11-10 22:00:00,2.33476,2.33479,2.33429,2.33442,254
2025-11-10 22:05:00,2.33441,2.33459,2.33426,2.3344300000000002,163
2025-11-10 22:10:00,2.3344300000000002,2.33457,2.33431,2.33442,212
2025-11-10 22:15:00,2.3344300000000002,2.33467,2.33431,2.33441,224
2025-11-10 22:20:00,2.33439,2.33462,2.33367,2.33448,221
2025-11-10 22:25:00,2.33447,2.33482,2.33446,2.33468,184
2025-11-10 22:30:00,2.3346999999999998,2.33489,2.33454,2.33465,195
2025-11-10 22:35:00,2.33464,2.33467,2.33418,2.3344,199
2025-11-10 22:40:00,2.33441,2.33458,2.33416,2.33417,211
2025-11-10 22:45:00,2.3342,2.33439,2.33403,2.33431,215
2025-11-10 22:50:00,2.3343,2.3346299999999998,2.3343,2.3344,194
2025-11-10 22:55:00,2.33439,2.33451,2.33406,2.33425,246
2025-11-10 23:00:00,2.33353,2.33378,2.33342,2.33373,233
2025-11-10 23:05:00,2.33372,2.33379,2.33346,2.3336,149
2025-11-10 23:10:00,2.33359,2.3338,2.33356,2.33365,171
2025-11-10 23:15:00,2.33364,2.33372,2.33345,2.33371,173
2025-11-10 23:20:00,2.33369,2.33372,2.33294,2.33307,181
2025-11-10 23:25:00,2.33306,2.33367,2.33293,2.33342,222
2025-11-10 23:30:00,2.33344,2.33384,2.33331,2.33383,206
2025-11-10 23:35:00,2.33384,2.33384,2.33268,2.33274,150
2025-11-10 23:40:00,2.33272,2.3327999999999998,2.33244,2.33262,134
2025-11-10 23:45:00,2.3326000000000002,2.33283,2.33247,2.33268,140
2025-11-10 23:50:00,2.33269,2.33304,2.33264,2.33303,361
2025-11-10 23:55:00,2.33386,2.33386,2.33065,2.33067,185
2025-11-11 00:00:00,2.3317,2.3317,2.33031,2.33131,9
2025-11-11 00:05:00,2.33131,2.33131,2.32845,2.32855,41
2025-11-11 00:10:00,2.32856,2.33046,2.32856,2.33038,35
2025-11-11 00:15:00,2.33038,2.33204,2.33038,2.33174,92
2025-11-11 00:20:00,2.33178,2.33207,2.3316,2.33195,126
2025-11-11 00:25:00,2.33196,2.33223,2.33187,2.3321,76
2025-11-11 00:30:00,2.33204,2.33272,2.33105,2.33223,103
2025-11-11 00:35:00,2.33229,2.33229,2.33196,2.33205,133
2025-11-11 00:40:00,2.3320600000000002,2.33256,2.332,2.33234,229
2025-11-11 00:45:00,2.33235,2.3324,2.33143,2.33204,264
2025-11-11 00:50:00,2.33205,2.33227,2.33182,2.33214,106
2025-11-11 00:55:00,2.33215,2.33222,2.33146,2.33185,261
2025-11-11 01:00:00,2.33234,2.33375,2.33233,2.33375,262
2025-11-11 01:05:00,2.33368,2.33374,2.3334099999999998,2.33361,115
2025-11-11 01:10:00,2.33359,2.3337,2.33352,2.3336,106
2025-11-11 01:15:00,2.33362,2.33373,2.33357,2.33364,90
2025-11-11 01:20:00,2.33366,2.33366,2.3333,2.33344,81
2025-11-11 01:25:00,2.33345,2.33392,2.33339,2.33381,112
2025-11-11 01:30:00,2.33385,2.33396,2.33359,2.33372,108
2025-11-11 01:35:00,2.33376,2.3338900000000002,2.33362,2.33366,108
2025-11-11 01:40:00,2.33368,2.33387,2.33365,2.33383,84
2025-11-11 01:45:00,2.3338200000000002,2.33388,2.33357,2.33362,107
2025-11-11 01:50:00,2.33363,2.33395,2.33354,2.33376,119
2025-11-11 01:55:00,2.33374,2.33411,2.33371,2.3341,99
2025-11-11 02:00:00,2.3341,2.33425,2.33371,2.33403,152
2025-11-11 02:05:00,2.33404,2.33442,2.33368,2.3338,207
2025-11-11 02:10:00,2.33386,2.33393,2.33322,2.33325,150
2025-11-11 02:15:00,2.33326,2.33337,2.33293,2.33305,170
2025-11-11 02:20:00,2.33306,2.33324,2.33298,2.33308,138
2025-11-11 02:25:00,2.33312,2.3332100000000002,2.33258,2.33263,170
2025-11-11 02:30:00,2.33262,2.33279,2.33234,2.33261,173
2025-11-11 02:35:00,2.33262,2.3326700000000002,2.33165,2.33176,186
2025-11-11 02:40:00,2.33176,2.33188,2.33151,2.33171,197
2025-11-11 02:45:00,2.33169,2.33186,2.33121,2.33139,222
2025-11-11 02:50:00,2.3314,2.33212,2.33121,2.33212,230
2025-11-11 02:55:00,2.33182,2.33193,2.33134,2.33162,296
2025-11-11 03:00:00,2.33163,2.33272,2.3316,2.33269,279
2025-11-11 03:05:00,2.3326700000000002,2.33339,2.33259,2.33313,303
2025-11-11 03:10:00,2.33315,2.3335,2.33283,2.3332100000000002,275
2025-11-11 03:15:00,2.33319,2.3335,2.33265,2.33333,290
2025-11-11 03:20:00,2.33329,2.33361,2.33272,2.33352,281
2025-11-11 03:25:00,2.3335,2.33381,2.3332800000000002,2.33372,302
2025-11-11 03:30:00,2.33371,2.3338200000000002,2.3332100000000002,2.33379,237
2025-11-11 03:35:00,2.3338,2.33444,2.33363,2.33399,264
2025-11-11 03:40:00,2.33397,2.33407,2.33362,2.33391,211
2025-11-11 03:45:00,2.33388,2.3346299999999998,2.33387,2.33432,231
2025-11-11 03:50:00,2.3343,2.33469,2.33371,2.3338900000000002,259
2025-11-11 03:55:00,2.33388,2.33424,2.3338,2.33408,278
2025-11-11 04:00:00,2.33407,2.33578,2.33405,2.33575,234
2025-11-11 04:05:00,2.33577,2.3359199999999998,2.33462,2.33462,196
2025-11-11 04:10:00,2.3346299999999998,2.3346299999999998,2.33415,2.33445,211
2025-11-11 04:15:00,2.33439,2.33459,2.33336,2.33347,197
2025-11-11 04:20:00,2.33345,2.33381,2.33333,2.33335,149
2025-11-11 04:25:00,2.33337,2.33361,2.33306,2.33324,188
2025-11-11 04:30:00,2.33325,2.3338200000000002,2.33307,2.33308,280
2025-11-11 04:35:00,2.3331,2.33347,2.33292,2.33315,213
2025-11-11 04:40:00,2.33317,2.33358,2.33301,2.33306,170
2025-11-11 04:45:00,2.33306,2.33332,2.33279,2.33326,215
2025-11-11 04:50:00,2.33325,2.33372,2.33324,2.33358,226
2025-11-11 04:55:00,2.33357,2.334,2.33338,2.33344,287
2025-11-11 05:00:00,2.33343,2.33362,2.33314,2.3332,312
2025-11-11 05:05:00,2.3332,2.33353,2.3332,2.3334799999999998,292
2025-11-11 05:10:00,2.33345,2.33356,2.33261,2.33261,231
2025-11-11 05:15:00,2.33273,2.33299,2.33268,2.33296,200
2025-11-11 05:20:00,2.33297,2.33331,2.33258,2.33307,217
2025-11-11 05:25:00,2.33304,2.33353,2.33294,2.33347,181
2025-11-11 05:30:00,2.33346,2.33381,2.33316,2.3334,407
2025-11-11 05:35:00,2.3334099999999998,2.33387,2.33334,2.33371,272
2025-11-11 05:40:00,2.3337,2.33387,2.3335,2.33368,194
2025-11-11 05:45:00,2.33368,2.33426,2.33363,2.3341,195
2025-11-11 05:50:00,2.3340899999999998,2.33445,2.3334799999999998,2.33355,257
2025-11-11 05:55:00,2.33356,2.33366,2.33279,2.33291,180
2025-11-11 06:00:00,2.33289,2.33289,2.33194,2.33266,236
2025-11-11 06:05:00,2.33278,2.33301,2.33256,2.33278,184
2025-11-11 06:10:00,2.33273,2.33388,2.33273,2.33363,280
2025-11-11 06:15:00,2.3336,2.33363,2.33311,2.33311,184
2025-11-11 06:20:00,2.33312,2.33361,2.33283,2.33356,212
2025-11-11 06:25:00,2.3335,2.33419,2.33343,2.334,179
2025-11-11 06:30:00,2.334,2.33433,2.33368,2.33392,147
2025-11-11 06:35:00,2.33391,2.33449,2.33387,2.3344,156
2025-11-11 06:40:00,2.33441,2.3346999999999998,2.3343,2.3346999999999998,144
2025-11-11 06:45:00,2.33471,2.33472,2.33436,2.33436,159
2025-11-11 06:50:00,2.33441,2.33473,2.33428,2.33459,210
2025-11-11 06:55:00,2.33461,2.33481,2.33424,2.33462,253
2025-11-11 07:00:00,2.33468,2.33515,2.3346299999999998,2.33484,227
2025-11-11 07:05:00,2.33483,2.33596,2.33473,2.33584,184
2025-11-11 07:10:00,2.33574,2.33606,2.33552,2.33597,210
2025-11-11 07:15:00,2.33598,2.33612,2.33546,2.33593,240
2025-11-11 07:20:00,2.33597,2.3366,2.33597,2.33657,205
2025-11-11 07:25:00,2.33654,2.33656,2.33571,2.33575,214
2025-11-11 07:30:00,2.33576,2.33601,2.3352,2.33557,263
2025-11-11 07:35:00,2.33557,2.33594,2.33553,2.33578,193
2025-11-11 07:40:00,2.3358,2.33609,2.3356500000000002,2.33609,203
2025-11-11 07:45:00,2.33613,2.33613,2.33543,2.33582,194
2025-11-11 07:50:00,2.3358,2.33632,2.3357,2.33606,207
2025-11-11 07:55:00,2.33605,2.33658,2.33604,2.3365299999999998,316
2025-11-11 08:00:00,2.33652,2.33672,2.33586,2.33652,237
2025-11-11 08:05:00,2.33651,2.33661,2.33602,2.33608,288
2025-11-11 08:10:00,2.33607,2.33609,2.33562,2.3356500000000002,214
2025-11-11 08:15:00,2.3357,2.33588,2.33517,2.33546,227
2025-11-11 08:20:00,2.33545,2.33556,2.33483,2.33538,199
2025-11-11 08:25:00,2.33539,2.33594,2.33533,2.33587,181
2025-11-11 08:30:00,2.33593,2.33596,2.3355,2.33583,207
2025-11-11 08:35:00,2.33581,2.33605,2.33564,2.33591,177
2025-11-11 08:40:00,2.3359199999999998,2.33615,2.33569,2.3357200000000002,229
2025-11-11 08:45:00,2.33573,2.3359199999999998,2.3351100000000002,2.33559,396
2025-11-11 08:50:00,2.3356,2.33586,2.33494,2.33502,249
2025-11-11 08:55:00,2.33501,2.33556,2.3344300000000002,2.33498,295
2025-11-11 09:00:00,2.33496,2.33555,2.32921,2.32991,598
2025-11-11 09:05:00,2.32984,2.33066,2.32954,2.33032,517
2025-11-11 09:10:00,2.33027,2.33094,2.3296,2.3308,498
2025-11-11 09:15:00,2.33081,2.33171,2.33052,2.3311,440
2025-11-11 09:20:00,2.33106,2.3319900000000002,2.33098,2.33132,370
2025-11-11 09:25:00,2.3313,2.3315799999999998,2.33062,2.3309,352
2025-11-11 09:30:00,2.3309,2.33146,2.32985,2.33,398
2025-11-11 09:35:00,2.32998,2.33042,2.32948,2.32987,345
2025-11-11 09:40:00,2.32986,2.33027,2.32934,2.33008,363
2025-11-11 09:45:00,2.33007,2.33046,2.32921,2.32933,312
2025-11-11 09:50:00,2.32931,2.32947,2.3277,2.32784,344
2025-11-11 09:55:00,2.3279,2.32849,2.32747,2.32769,369
2025-11-11 10:00:00,2.3277900000000002,2.32811,2.32687,2.32717,469
2025-11-11 10:05:00,2.32707,2.3277900000000002,2.32644,2.32716,389
2025-11-11 10:10:00,2.32716,2.3275,2.3261,2.32612,360
2025-11-11 10:15:00,2.32619,2.32635,2.32501,2.32509,303
2025-11-11 10:20:00,2.32502,2.32543,2.32479,2.32505,383
2025-11-11 10:25:00,2.32498,2.32552,2.32476,2.32535,284
2025-11-11 10:30:00,2.32535,2.3261,2.32512,2.32577,319
2025-11-11 10:35:00,2.32575,2.32575,2.32494,2.32566,270
2025-11-11 10:40:00,2.32573,2.32574,2.32478,2.32508,243
2025-11-11 10:45:00,2.32507,2.32547,2.32477,2.32494,286
2025-11-11 10:50:00,2.32492,2.32593,2.32492,2.32522,280
2025-11-11 10:55:00,2.32513,2.3254799999999998,2.32482,2.32542,342
2025-11-11 11:00:00,2.32539,2.32574,2.32483,2.32488,393
2025-11-11 11:05:00,2.3248699999999998,2.32536,2.3241899999999998,2.32441,294
2025-11-11 11:10:00,2.32441,2.32505,2.3243,2.3245,256
2025-11-11 11:15:00,2.32448,2.32477,2.32415,2.32465,306
2025-11-11 11:20:00,2.32464,2.32539,2.32424,2.32514,364
2025-11-11 11:25:00,2.32516,2.32552,2.32452,2.32495,307
2025-11-11 11:30:00,2.32496,2.32628,2.32479,2.32624,307
2025-11-11 11:35:00,2.32623,2.32636,2.32526,2.32612,261
2025-11-11 11:40:00,2.3262,2.32742,2.32612,2.32689,242
2025-11-11 11:45:00,2.3269,2.3273099999999998,2.32676,2.32693,256
2025-11-11 11:50:00,2.32692,2.32696,2.32651,2.32672,199
2025-11-11 11:55:00,2.32672,2.3271100000000002,2.3261,2.32638,286
2025-11-11 12:00:00,2.32622,2.3271100000000002,2.32616,2.32644,286
2025-11-11 12:05:00,2.32643,2.32682,2.32532,2.32573,347
2025-11-11 12:10:00,2.32574,2.32647,2.32567,2.32617,213
2025-11-11 12:15:00,2.32615,2.32652,2.32599,2.32608,291
2025-11-11 12:20:00,2.32607,2.32708,2.32603,2.32691,260
2025-11-11 12:25:00,2.32687,2.32726,2.3266999999999998,2.3272399999999998,245
2025-11-11 12:30:00,2.32725,2.32774,2.32725,2.32757,259
2025-11-11 12:35:00,2.3276,2.32781,2.3271800000000002,2.32751,231
2025-11-11 12:40:00,2.32751,2.32784,2.32742,2.3275,290
2025-11-11 12:45:00,2.32757,2.3279199999999998,2.32749,2.32786,254
2025-11-11 12:50:00,2.3278499999999998,2.32793,2.32741,2.3275,262
2025-11-11 12:55:00,2.32755,2.3279,2.32729,2.32732,239
2025-11-11 13:00:00,2.32733,2.3278,2.32707,2.32738,286
2025-11-11 13:05:00,2.32739,2.32763,2.32666,2.32694,290
2025-11-11 13:10:00,2.32705,2.3271100000000002,2.32672,2.32678,197
2025-11-11 13:15:00,2.32679,2.32774,2.32675,2.3277,277
2025-11-11 13:20:00,2.3277200000000002,2.32809,2.32763,2.3279199999999998,293
2025-11-11 13:25:00,2.3278499999999998,2.3286,2.32768,2.32855,239
2025-11-11 13:30:00,2.32851,2.32884,2.32791,2.32827,272
2025-11-11 13:35:00,2.32826,2.32841,2.32802,2.32817,195
2025-11-11 13:40:00,2.32805,2.32806,2.32763,2.32795,240
2025-11-11 13:45:00,2.32794,2.32856,2.3278499999999998,2.3284000000000002,250
2025-11-11 13:50:00,2.32844,2.32866,2.32808,2.32827,214
2025-11-11 13:55:00,2.32828,2.32913,2.32802,2.32823,292
2025-11-11 14:00:00,2.32823,2.32857,2.3277200000000002,2.32787,267
2025-11-11 14:05:00,2.32786,2.32804,2.32696,2.32699,263
2025-11-11 14:10:00,2.32698,2.32698,2.3258,2.32646,262
2025-11-11 14:15:00,2.32648,2.32664,2.32592,2.32615,227
2025-11-11 14:20:00,2.32616,2.32633,2.32581,2.32603,193
2025-11-11 14:25:00,2.32604,2.32628,2.32573,2.32624,211
2025-11-11 14:30:00,2.3262,2.32652,2.32576,2.32595,278
2025-11-11 14:35:00,2.32597,2.32668,2.32593,2.32634,274
2025-11-11 14:40:00,2.32636,2.32677,2.3260199999999998,2.32662,182
2025-11-11 14:45:00,2.3266,2.32721,2.3261,2.32713,287
2025-11-11 14:50:00,2.32715,2.3271800000000002,2.32679,2.32714,318
2025-11-11 14:55:00,2.32716,2.32719,2.32597,2.32689,317
2025-11-11 15:00:00,2.32688,2.32745,2.32677,2.32696,395
2025-11-11 15:05:00,2.32697,2.32715,2.3258900000000002,2.32592,338
2025-11-11 15:10:00,2.32593,2.32629,2.32562,2.32582,347
2025-11-11 15:15:00,2.32588,2.32642,2.3257,2.32639,306
2025-11-11 15:20:00,2.32642,2.32737,2.32618,2.32715,512
2025-11-11 15:25:00,2.32713,2.32813,2.327,2.32747,605
2025-11-11 15:30:00,2.32751,2.32776,2.32685,2.32698,448
2025-11-11 15:35:00,2.32695,2.32714,2.32565,2.32569,377
2025-11-11 15:40:00,2.3257,2.32632,2.32531,2.32552,449
2025-11-11 15:45:00,2.32553,2.3265000000000002,2.32532,2.3254799999999998,433
2025-11-11 15:50:00,2.3254799999999998,2.32599,2.32479,2.32489,382
2025-11-11 15:55:00,2.3249,2.32524,2.32451,2.32511,424
2025-11-11 16:00:00,2.32513,2.32581,2.3251,2.32555,437
2025-11-11 16:05:00,2.32558,2.32583,2.32478,2.3249,419
2025-11-11 16:10:00,2.32489,2.3255,2.3240600000000002,2.3243,365
2025-11-11 16:15:00,2.32433,2.32434,2.32323,2.32374,367
2025-11-11 16:20:00,2.32378,2.32486,2.32363,2.32444,377
2025-11-11 16:25:00,2.32446,2.32538,2.32446,2.32468,440
2025-11-11 16:30:00,2.32475,2.32569,2.3247,2.32569,391
2025-11-11 16:35:00,2.32559,2.32578,2.325,2.32563,424
2025-11-11 16:40:00,2.32563,2.32604,2.32543,2.32574,398
2025-11-11 16:45:00,2.32575,2.32579,2.32511,2.32568,393
2025-11-11 16:50:00,2.32567,2.32634,2.32555,2.326,465
2025-11-11 16:55:00,2.3259600000000002,2.32621,2.3255,2.32562,437
2025-11-11 17:00:00,2.3256,2.32634,2.32559,2.32619,500
2025-11-11 17:05:00,2.3262,2.32654,2.32484,2.32522,479
2025-11-11 17:10:00,2.32524,2.32562,2.32447,2.32532,414
2025-11-11 17:15:00,2.3252800000000002,2.32664,2.3252,2.32653,463
2025-11-11 17:20:00,2.32654,2.32696,2.32573,2.32674,418
2025-11-11 17:25:00,2.32671,2.32708,2.32636,2.32668,482
2025-11-11 17:30:00,2.3266999999999998,2.32751,2.32642,2.32736,465
2025-11-11 17:35:00,2.32737,2.3285,2.32735,2.32789,461
2025-11-11 17:40:00,2.32788,2.32803,2.32719,2.32803,417
2025-11-11 17:45:00,2.32803,2.32923,2.3279199999999998,2.32896,430
2025-11-11 17:50:00,2.32898,2.33039,2.32895,2.33031,387
2025-11-11 17:55:00,2.33027,2.33156,2.33014,2.33058,471
2025-11-11 18:00:00,2.33055,2.3306,2.32941,2.32966,452
2025-11-11 18:05:00,2.3295500000000002,2.32981,2.32897,2.32902,440
2025-11-11 18:10:00,2.32903,2.32917,2.3288,2.32899,356
2025-11-11 18:15:00,2.32892,2.32928,2.32849,2.32884,406
2025-11-11 18:20:00,2.32883,2.3289400000000002,2.32837,2.32856,327
2025-11-11 18:25:00,2.3285299999999998,2.32887,2.32829,2.32883,413
2025-11-11 18:30:00,2.3288,2.3292,2.32874,2.3289,416
2025-11-11 18:35:00,2.32889,2.32912,2.3285,2.32889,426
2025-11-11 18:40:00,2.32889,2.3289400000000002,2.32848,2.3285299999999998,367
2025-11-11 18:45:00,2.32854,2.32885,2.32812,2.32839,288
2025-11-11 18:50:00,2.32841,2.32884,2.3283300000000002,2.32849,307
2025-11-11 18:55:00,2.3285,2.32906,2.32817,2.32899,364
2025-11-11 19:00:00,2.32898,2.32904,2.32832,2.32832,388
2025-11-11 19:05:00,2.32834,2.32848,2.32794,2.32813,326
2025-11-11 19:10:00,2.32815,2.32841,2.3279,2.32809,325
2025-11-11 19:15:00,2.32807,2.32842,2.32788,2.32821,282
2025-11-11 19:20:00,2.32822,2.32868,2.3282,2.32868,290
2025-11-11 19:25:00,2.32867,2.32879,2.32781,2.32787,307
2025-11-11 19:30:00,2.32787,2.32797,2.32726,2.32761,282
2025-11-11 19:35:00,2.3276,2.32767,2.32723,2.3275,271
2025-11-11 19:40:00,2.32749,2.3279,2.32738,2.32759,269
2025-11-11 19:45:00,2.32761,2.32782,2.32734,2.32764,227
2025-11-11 19:50:00,2.32765,2.32791,2.32761,2.32768,182
2025-11-11 19:55:00,2.3277200000000002,2.32803,2.3275,2.32766,195
2025-11-11 20:00:00,2.32773,2.32774,2.32733,2.3275,310
2025-11-11 20:05:00,2.32743,2.32789,2.3273099999999998,2.32759,311
2025-11-11 20:10:00,2.3277,2.32789,2.32748,2.32757,254
2025-11-11 20:15:00,2.32757,2.32758,2.32692,2.32704,231
2025-11-11 20:20:00,2.32703,2.32741,2.32685,2.32741,272
2025-11-11 20:25:00,2.3274,2.32742,2.32698,2.3271,284
2025-11-11 20:30:00,2.3271100000000002,2.3272,2.3266999999999998,2.32683,255
2025-11-11 20:35:00,2.32681,2.3274,2.32679,2.3272399999999998,259
2025-11-11 20:40:00,2.32727,2.3273,2.32697,2.32717,229
2025-11-11 20:45:00,2.32716,2.32717,2.32661,2.32666,234
2025-11-11 20:50:00,2.32665,2.32723,2.32664,2.32696,239
2025-11-11 20:55:00,2.32699,2.32758,2.32693,2.32737,240
2025-11-11 21:00:00,2.32733,2.32768,2.32723,2.32737,328
2025-11-11 21:05:00,2.32737,2.32756,2.3271,2.3271100000000002,228
2025-11-11 21:10:00,2.32712,2.32747,2.32666,2.32685,310
2025-11-11 21:15:00,2.32686,2.32709,2.32653,2.32702,288
2025-11-11 21:20:00,2.32703,2.32732,2.32696,2.32704,248
2025-11-11 21:25:00,2.32705,2.32743,2.32684,2.32743,237
2025-11-11 21:30:00,2.32735,2.32763,2.32719,2.32756,195
2025-11-11 21:35:00,2.32757,2.32781,2.32748,2.32778,194
2025-11-11 21:40:00,2.32776,2.32794,2.32762,2.32793,252
2025-11-11 21:45:00,2.3279199999999998,2.32813,2.32766,2.3277,269
2025-11-11 21:50:00,2.32768,2.32774,2.3271800000000002,2.3272,272
2025-11-11 21:55:00,2.32721,2.32736,2.32692,2.32719,334
2025-11-11 22:00:00,2.3272,2.32804,2.3272,2.32769,297
2025-11-11 22:05:00,2.32769,2.32776,2.32723,2.32746,248
2025-11-11 22:10:00,2.32745,2.32754,2.32726,2.3275,160
2025-11-11 22:15:00,2.32747,2.32749,2.327,2.3272,191
2025-11-11 22:20:00,2.32719,2.3273,2.3269,2.32692,206
2025-11-11 22:25:00,2.32689,2.3271100000000002,2.32671,2.3271100000000002,213
2025-11-11 22:30:00,2.32713,2.3273099999999998,2.32678,2.32721,273
2025-11-11 22:35:00,2.32719,2.32733,2.327,2.32726,181
2025-11-11 22:40:00,2.32727,2.32744,2.32682,2.32682,170
2025-11-11 22:45:00,2.32678,2.32701,2.32665,2.32682,223
2025-11-11 22:50:00,2.32687,2.3271,2.32659,2.32674,243
2025-11-11 22:55:00,2.32672,2.32725,2.32644,2.32678,277
2025-11-11 23:00:00,2.32605,2.32635,2.32587,2.32624,227
2025-11-11 23:05:00,2.32629,2.32636,2.32591,2.32598,168
2025-11-11 23:10:00,2.32592,2.32605,2.32578,2.32588,129
2025-11-11 23:15:00,2.32587,2.326,2.32552,2.326,169
2025-11-11 23:20:00,2.32604,2.32622,2.32568,2.32622,188
2025-11-11 23:25:00,2.32635,2.32676,2.3262,2.32623,133
2025-11-11 23:30:00,2.32625,2.32649,2.32613,2.3264,119
2025-11-11 23:35:00,2.32642,2.32651,2.3259,2.32607,62
2025-11-11 23:40:00,2.32605,2.3261,2.32558,2.32593,110
2025-11-11 23:45:00,2.32591,2.32598,2.32478,2.32478,227
2025-11-11 23:50:00,2.32474,2.32511,2.32459,2.32504,213
2025-11-11 23:55:00,2.32582,2.32583,2.32207,2.32239,175
2025-11-12 00:00:00,2.32507,2.32575,2.32507,2.32575,8
2025-11-12 00:05:00,2.32605,2.32605,2.32431,2.32522,62
2025-11-12 00:10:00,2.32522,2.32564,2.32475,2.32531,32
2025-11-12 00:15:00,2.32552,2.32598,2.32552,2.3258900000000002,75
2025-11-12 00:20:00,2.32583,2.3261,2.32549,2.32562,96
2025-11-12 00:25:00,2.32563,2.32568,2.32535,2.32535,67
2025-11-12 00:30:00,2.32553,2.32567,2.32482,2.32492,134
2025-11-12 00:35:00,2.32484,2.3253,2.32484,2.32512,111
2025-11-12 00:40:00,2.3251,2.32607,2.32503,2.32515,53
2025-11-12 00:45:00,2.32511,2.32517,2.32482,2.32499,77
2025-11-12 00:50:00,2.32497,2.32507,2.32464,2.32495,120
2025-11-12 00:55:00,2.325,2.32536,2.32455,2.32475,223
2025-11-12 01:00:00,2.32587,2.32617,2.32512,2.32542,254
2025-11-12 01:05:00,2.32543,2.32561,2.32511,2.32511,106
2025-11-12 01:10:00,2.32505,2.3253,2.32489,2.32489,101
2025-11-12 01:15:00,2.32491,2.32498,2.32463,2.3249,110
2025-11-12 01:20:00,2.32489,2.3249,2.32427,2.32434,103
2025-11-12 01:25:00,2.32442,2.3249,2.32425,2.3247999999999998,122
2025-11-12 01:30:00,2.32482,2.32482,2.3240600000000002,2.32415,168
2025-11-12 01:35:00,2.32414,2.32504,2.32407,2.32502,178
2025-11-12 01:40:00,2.32504,2.32517,2.3247999999999998,2.32488,131
2025-11-12 01:45:00,2.32494,2.32511,2.32465,2.3249,135
2025-11-12 01:50:00,2.32484,2.32517,2.32484,2.32503,111
2025-11-12 01:55:00,2.32501,2.32507,2.32474,2.32493,119
2025-11-12 02:00:00,2.32516,2.32584,2.32473,2.32532,230
2025-11-12 02:05:00,2.32525,2.3255,2.3251,2.32534,248
2025-11-12 02:10:00,2.32536,2.32543,2.32492,2.32508,150
2025-11-12 02:15:00,2.32512,2.32523,2.32484,2.32503,168
2025-11-12 02:20:00,2.32506,2.32531,2.32488,2.32505,158
2025-11-12 02:25:00,2.32511,2.32511,2.32443,2.32503,182
2025-11-12 02:30:00,2.32504,2.32513,2.32484,2.32493,203
2025-11-12 02:35:00,2.32495,2.32515,2.32462,2.32492,237
2025-11-12 02:40:00,2.3249,2.32498,2.32464,2.3247999999999998,220
2025-11-12 02:45:00,2.32479,2.32482,2.3242599999999998,2.32433,236
2025-11-12 02:50:00,2.32428,2.32543,2.32422,2.32532,307
2025-11-12 02:55:00,2.32529,2.32561,2.32497,2.32507,294
2025-11-12 03:00:00,2.32509,2.32509,2.32353,2.32362,390
2025-11-12 03:05:00,2.32357,2.3239900000000002,2.3231,2.32364,272
2025-11-12 03:10:00,2.32362,2.32382,2.32317,2.32333,292
2025-11-12 03:15:00,2.3233800000000002,2.3238,2.32313,2.32314,320
2025-11-12 03:20:00,2.32312,2.32357,2.32312,2.32334,242
2025-11-12 03:25:00,2.32331,2.32356,2.32293,2.32319,267
2025-11-12 03:30:00,2.32318,2.32394,2.32318,2.32367,296
2025-11-12 03:35:00,2.32368,2.32371,2.32307,2.32349,235
2025-11-12 03:40:00,2.32356,2.32363,2.32288,2.32318,247
2025-11-12 03:45:00,2.32314,2.32332,2.3228400000000002,2.32314,233
2025-11-12 03:50:00,2.32313,2.32321,2.32264,2.32274,271
2025-11-12 03:55:00,2.32273,2.3228400000000002,2.32246,2.32268,285
2025-11-12 04:00:00,2.32271,2.32271,2.32171,2.32211,215
2025-11-12 04:05:00,2.32209,2.32217,2.3215,2.32169,200
2025-11-12 04:10:00,2.3217499999999998,2.32211,2.3217,2.32204,174
2025-11-12 04:15:00,2.32203,2.32213,2.32168,2.32172,220
2025-11-12 04:20:00,2.3217499999999998,2.32201,2.32142,2.32179,178
2025-11-12 04:25:00,2.3218199999999998,2.32256,2.3218,2.3225,203
2025-11-12 04:30:00,2.32249,2.32313,2.32249,2.32303,233
2025-11-12 04:35:00,2.3230399999999998,2.3230399999999998,2.32267,2.32285,191
2025-11-12 04:40:00,2.32287,2.32352,2.32286,2.32325,191
2025-11-12 04:45:00,2.32327,2.32367,2.32318,2.32342,231
2025-11-12 04:50:00,2.32344,2.32379,2.32324,2.32361,253
2025-11-12 04:55:00,2.32364,2.32403,2.32353,2.3237,284
2025-11-12 05:00:00,2.3236499999999998,2.3239900000000002,2.32348,2.3237,278
2025-11-12 05:05:00,2.32372,2.32384,2.32343,2.32366,198
2025-11-12 05:10:00,2.32373,2.32381,2.32352,2.32354,152
2025-11-12 05:15:00,2.32352,2.32372,2.32323,2.32325,193
2025-11-12 05:20:00,2.32325,2.3237,2.32323,2.3236499999999998,179
2025-11-12 05:25:00,2.32364,2.32429,2.32364,2.32424,172
2025-11-12 05:30:00,2.32425,2.32435,2.32395,2.32404,162
2025-11-12 05:35:00,2.32411,2.32434,2.32383,2.32434,151
2025-11-12 05:40:00,2.32435,2.3246,2.3242,2.32438,169
2025-11-12 05:45:00,2.32439,2.32461,2.32435,2.32444,211
2025-11-12 05:50:00,2.32444,2.32463,2.3242,2.32448,243
2025-11-12 05:55:00,2.32447,2.32477,2.32439,2.32461,208
2025-11-12 06:00:00,2.3246,2.3246,2.32385,2.32415,194
2025-11-12 06:05:00,2.32411,2.32462,2.32409,2.3243,248
2025-11-12 06:10:00,2.32429,2.32442,2.32415,2.32421,274
2025-11-12 06:15:00,2.32422,2.32458,2.324,2.32435,230
2025-11-12 06:20:00,2.32435,2.32475,2.3241,2.32455,236
2025-11-12 06:25:00,2.32452,2.32499,2.32437,2.32499,224
2025-11-12 06:30:00,2.32501,2.32508,2.32471,2.32503,199
2025-11-12 06:35:00,2.32501,2.32537,2.32492,2.32521,209
2025-11-12 06:40:00,2.32523,2.32533,2.32476,2.32525,238
2025-11-12 06:45:00,2.3252800000000002,2.32533,2.32502,2.3252,219
2025-11-12 06:50:00,2.32515,2.32515,2.32429,2.32463,253
2025-11-12 06:55:00,2.32462,2.32479,2.3245,2.32454,208
2025-11-12 07:00:00,2.3245,2.32517,2.3245,2.32489,289
2025-11-12 07:05:00,2.32488,2.32508,2.32469,2.32471,232
2025-11-12 07:10:00,2.3247,2.32511,2.3247,2.32506,208
2025-11-12 07:15:00,2.32504,2.32542,2.32498,2.32531,287
2025-11-12 07:20:00,2.3253,2.32546,2.32437,2.32457,313
2025-11-12 07:25:00,2.32458,2.32482,2.3245,2.32457,210
2025-11-12 07:30:00,2.32455,2.32464,2.32382,2.3242,277
2025-11-12 07:35:00,2.32421,2.3242599999999998,2.32348,2.32348,283
2025-11-12 07:40:00,2.32348,2.32414,2.32319,2.32351,291
2025-11-12 07:45:00,2.32344,2.32395,2.3231,2.3233800000000002,319
2025-11-12 07:50:00,2.32332,2.32343,2.32272,2.32305,235
2025-11-12 07:55:00,2.3231,2.32334,2.32299,2.32311,219
2025-11-12 08:00:00,2.32308,2.32308,2.32261,2.32265,234
2025-11-12 08:05:00,2.32263,2.32293,2.32208,2.32221,232
2025-11-12 08:10:00,2.32219,2.32251,2.32208,2.32231,223
2025-11-12 08:15:00,2.32232,2.32264,2.32206,2.3222300000000002,174
2025-11-12 08:20:00,2.3222,2.3224,2.32187,2.32222,183
2025-11-12 08:25:00,2.32224,2.32235,2.32176,2.32209,252
2025-11-12 08:30:00,2.32219,2.32292,2.32218,2.32262,227
2025-11-12 08:35:00,2.32261,2.32269,2.32189,2.3224299999999998,183
2025-11-12 08:40:00,2.32255,2.32331,2.3224,2.32326,239
2025-11-12 08:45:00,2.32324,2.3237,2.32292,2.32346,199
2025-11-12 08:50:00,2.32349,2.32401,2.32337,2.32398,176
2025-11-12 08:55:00,2.324,2.32401,2.32311,2.32311,236
2025-11-12 09:00:00,2.32312,2.32331,2.32241,2.32281,272
2025-11-12 09:05:00,2.3228400000000002,2.32363,2.32259,2.32328,362
2025-11-12 09:10:00,2.3233,2.32397,2.32311,2.32381,267
2025-11-12 09:15:00,2.32386,2.32415,2.32355,2.32405,302
2025-11-12 09:20:00,2.32404,2.32404,2.32353,2.32376,282
2025-11-12 09:25:00,2.32383,2.32401,2.32333,2.32333,252
2025-11-12 09:30:00,2.32335,2.32366,2.32258,2.3227700000000002,288
2025-11-12 09:35:00,2.32279,2.323,2.32234,2.3225,317
2025-11-12 09:40:00,2.32251,2.32325,2.32224,2.32302,251
2025-11-12 09:45:00,2.3230399999999998,2.32328,2.3227,2.32301,265
2025-11-12 09:50:00,2.323,2.32359,2.32294,2.32321,287
2025-11-12 09:55:00,2.3232,2.32356,2.3229699999999998,2.32356,337
2025-11-12 10:00:00,2.32355,2.3246,2.3233,2.32455,378
2025-11-12 10:05:00,2.32454,2.32627,2.32439,2.32613,372
2025-11-12 10:10:00,2.3260899999999998,2.32629,2.32554,2.32583,280
2025-11-12 10:15:00,2.32582,2.32636,2.32568,2.32606,319
2025-11-12 10:20:00,2.3260199999999998,2.32638,2.32465,2.32513,338
2025-11-12 10:25:00,2.32509,2.32625,2.32494,2.3261,324
2025-11-12 10:30:00,2.32612,2.32654,2.32526,2.32553,356
2025-11-12 10:35:00,2.32553,2.32565,2.3247,2.32519,290
2025-11-12 10:40:00,2.32534,2.32547,2.32475,2.3249,256
2025-11-12 10:45:00,2.32491,2.32493,2.32222,2.3224,356
2025-11-12 10:50:00,2.32242,2.32245,2.31989,2.31989,424
2025-11-12 10:55:00,2.31998,2.32045,2.31903,2.31935,438
2025-11-12 11:00:00,2.31939,2.32118,2.31925,2.32112,426
2025-11-12 11:05:00,2.3210100000000002,2.3215,2.3197200000000002,2.31994,358
2025-11-12 11:10:00,2.3199,2.3202,2.31843,2.31845,356
2025-11-12 11:15:00,2.31844,2.32123,2.31841,2.32097,389
2025-11-12 11:20:00,2.32098,2.32164,2.32035,2.32041,253
2025-11-12 11:25:00,2.3205,2.32083,2.32012,2.32022,299
2025-11-12 11:30:00,2.32024,2.32046,2.31973,2.32009,281
2025-11-12 11:35:00,2.32007,2.3211,2.32002,2.3205299999999998,323
2025-11-12 11:40:00,2.32052,2.32061,2.31984,2.32022,287
2025-11-12 11:45:00,2.32021,2.32056,2.3199899999999998,2.32014,305
2025-11-12 11:50:00,2.32021,2.32024,2.31895,2.31925,410
2025-11-12 11:55:00,2.31926,2.31957,2.31899,2.31914,326
2025-11-12 12:00:00,2.3191100000000002,2.31921,2.31859,2.3191100000000002,372
2025-11-12 12:05:00,2.31915,2.31934,2.31867,2.31885,299
2025-11-12 12:10:00,2.31886,2.31899,2.31839,2.31862,314
2025-11-12 12:15:00,2.31865,2.31903,2.31849,2.3186,321
2025-11-12 12:20:00,2.31859,2.31896,2.31818,2.31831,271
2025-11-12 12:25:00,2.31831,2.3188,2.31828,2.31873,244
2025-11-12 12:30:00,2.3188,2.31917,2.3185700000000002,2.31901,229
2025-11-12 12:35:00,2.31903,2.32007,2.31901,2.3199899999999998,308
2025-11-12 12:40:00,2.31998,2.32076,2.31996,2.32066,267
2025-11-12 12:45:00,2.32065,2.32091,2.32014,2.32073,297
2025-11-12 12:50:00,2.32072,2.32122,2.32066,2.32084,274
2025-11-12 12:55:00,2.32083,2.32106,2.32025,2.32034,283
2025-11-12 13:00:00,2.32031,2.3203300000000002,2.31936,2.31976,259
2025-11-12 13:05:00,2.31976,2.31985,2.31876,2.3187699999999998,213
2025-11-12 13:10:00,2.31887,2.31943,2.31869,2.31943,185
2025-11-12 13:15:00,2.31937,2.3205999999999998,2.3193099999999998,2.3205999999999998,252
2025-11-12 13:20:00,2.32056,2.32064,2.3199899999999998,2.3205999999999998,303
2025-11-12 13:25:00,2.32065,2.32077,2.32026,2.32054,290
2025-11-12 13:30:00,2.32059,2.32099,2.32025,2.32067,290
2025-11-12 13:35:00,2.32066,2.32123,2.3204000000000002,2.32079,269
2025-11-12 13:40:00,2.3208,2.32091,2.32013,2.32017,287
2025-11-12 13:45:00,2.3202,2.32076,2.32012,2.32063,332
2025-11-12 13:50:00,2.32059,2.32083,2.32034,2.32036,294
2025-11-12 13:55:00,2.32036,2.32198,2.32036,2.32192,405
2025-11-12 14:00:00,2.32186,2.3222,2.31964,2.31983,407
2025-11-12 14:05:00,2.31984,2.32023,2.31917,2.3192,349
2025-11-12 14:10:00,2.31917,2.31933,2.31873,2.31909,364
2025-11-12 14:15:00,2.31898,2.31906,2.31757,2.31757,393
2025-11-12 14:20:00,2.31769,2.31805,2.3173,2.31791,357
2025-11-12 14:25:00,2.3179,2.31822,2.31756,2.31769,257
2025-11-12 14:30:00,2.31768,2.31779,2.31611,2.31615,374
2025-11-12 14:35:00,2.3162,2.31646,2.31559,2.31574,356
2025-11-12 14:40:00,2.31575,2.316,2.31523,2.31578,364
2025-11-12 14:45:00,2.31577,2.31629,2.31507,2.31512,362
2025-11-12 14:50:00,2.31519,2.31564,2.31492,2.31535,306
2025-11-12 14:55:00,2.31532,2.31555,2.31483,2.31521,448
2025-11-12 15:00:00,2.3152,2.3157,2.31487,2.31506,453
2025-11-12 15:05:00,2.31505,2.31602,2.31505,2.31555,470
2025-11-12 15:10:00,2.31549,2.31596,2.31528,2.3155,394
2025-11-12 15:15:00,2.3155200000000002,2.31587,2.31502,2.31519,441
2025-11-12 15:20:00,2.31515,2.3155200000000002,2.31477,2.31506,351
2025-11-12 15:25:00,2.31503,2.31557,2.31503,2.31516,338
2025-11-12 15:30:00,2.31517,2.31575,2.31481,2.31517,422
2025-11-12 15:35:00,2.31513,2.31518,2.31426,2.31517,406
2025-11-12 15:40:00,2.31513,2.31521,2.31445,2.31502,366
2025-11-12 15:45:00,2.31503,2.31508,2.31458,2.31458,283
2025-11-12 15:50:00,2.31469,2.31527,2.31435,2.31523,322
2025-11-12 15:55:00,2.31528,2.31546,2.3147,2.31521,361
2025-11-12 16:00:00,2.31523,2.31586,2.31456,2.31473,434
2025-11-12 16:05:00,2.31468,2.31512,2.31413,2.31413,440
2025-11-12 16:10:00,2.31412,2.3145,2.31306,2.3131,436
2025-11-12 16:15:00,2.31306,2.31336,2.31232,2.31286,477
2025-11-12 16:20:00,2.31285,2.31327,2.31206,2.31208,410
2025-11-12 16:25:00,2.31209,2.31313,2.31164,2.31307,413
2025-11-12 16:30:00,2.31309,2.31432,2.3129,2.31388,513
2025-11-12 16:35:00,2.31398,2.31401,2.31327,2.31351,434
2025-11-12 16:40:00,2.31352,2.31445,2.31346,2.3144299999999998,384
2025-11-12 16:45:00,2.3144299999999998,2.31467,2.31388,2.31457,453
2025-11-12 16:50:00,2.31459,2.31471,2.31347,2.31399,453
2025-11-12 16:55:00,2.31395,2.31478,2.31363,2.31454,511
2025-11-12 17:00:00,2.31453,2.31598,2.31453,2.31505,613
2025-11-12 17:05:00,2.31521,2.3155200000000002,2.31437,2.3145,437
2025-11-12 17:10:00,2.31451,2.31486,2.31378,2.31477,458
2025-11-12 17:15:00,2.31478,2.31537,2.31447,2.31535,402
2025-11-12 17:20:00,2.31533,2.31537,2.31471,2.31529,401
2025-11-12 17:25:00,2.31531,2.31574,2.31507,2.31566,432
2025-11-12 17:30:00,2.3156499999999998,2.31637,2.31546,2.31635,352
2025-11-12 17:35:00,2.31625,2.31784,2.31625,2.31722,437
2025-11-12 17:40:00,2.31725,2.31826,2.31715,2.31795,452
2025-11-12 17:45:00,2.31787,2.31889,2.31785,2.31875,422
2025-11-12 17:50:00,2.31873,2.31953,2.31849,2.31926,541
2025-11-12 17:55:00,2.31928,2.31998,2.31908,2.31934,596
2025-11-12 18:00:00,2.3193,2.31986,2.31887,2.31904,521
2025-11-12 18:05:00,2.31905,2.31922,2.31844,2.31861,339
2025-11-12 18:10:00,2.31863,2.32018,2.3185700000000002,2.31993,395
2025-11-12 18:15:00,2.3199199999999998,2.31996,2.31887,2.3189,403
2025-11-12 18:20:00,2.31886,2.31905,2.31843,2.31878,407
2025-11-12 18:25:00,2.31882,2.31937,2.31853,2.31899,340
2025-11-12 18:30:00,2.31905,2.31919,2.31875,2.31888,442
2025-11-12 18:35:00,2.31888,2.31922,2.31882,2.31913,396
2025-11-12 18:40:00,2.3191100000000002,2.31928,2.31871,2.31909,358
2025-11-12 18:45:00,2.31917,2.31948,2.31896,2.3191800000000002,357
2025-11-12 18:50:00,2.3191800000000002,2.31948,2.31861,2.31922,407
2025-11-12 18:55:00,2.31924,2.31927,2.31878,2.31896,367
2025-11-12 19:00:00,2.31891,2.31936,2.31881,2.31907,340
2025-11-12 19:05:00,2.31901,2.3191800000000002,2.31861,2.3191,367
2025-11-12 19:10:00,2.31906,2.3197900000000002,2.31906,2.31971,384
2025-11-12 19:15:00,2.3195,2.31995,2.31921,2.31975,340
2025-11-12 19:20:00,2.3198,2.32001,2.31913,2.3194,270
2025-11-12 19:25:00,2.31942,2.31944,2.31895,2.31932,283
2025-11-12 19:30:00,2.31933,2.31946,2.31905,2.3191100000000002,296
2025-11-12 19:35:00,2.3191,2.3192,2.31858,2.319,250
2025-11-12 19:40:00,2.31901,2.31903,2.31865,2.31894,279
2025-11-12 19:45:00,2.31904,2.3191100000000002,2.31871,2.31893,285
2025-11-12 19:50:00,2.31893,2.31927,2.31872,2.31878,280
2025-11-12 19:55:00,2.31879,2.31967,2.31847,2.31954,332
2025-11-12 20:00:00,2.31953,2.31969,2.31865,2.31963,367
2025-11-12 20:05:00,2.31962,2.31967,2.31914,2.3195,280
2025-11-12 20:10:00,2.31959,2.31959,2.31854,2.31862,260
2025-11-12 20:15:00,2.31863,2.3187699999999998,2.31841,2.31852,252
2025-11-12 20:20:00,2.31848,2.31902,2.31846,2.31883,240
2025-11-12 20:25:00,2.31885,2.31899,2.31866,2.31874,267
2025-11-12 20:30:00,2.3187699999999998,2.31922,2.31864,2.3191100000000002,266
2025-11-12 20:35:00,2.3191,2.31923,2.31879,2.31891,203
2025-11-12 20:40:00,2.31893,2.31893,2.31833,2.31866,279
2025-11-12 20:45:00,2.31868,2.3187699999999998,2.31785,2.31795,226
2025-11-12 20:50:00,2.31798,2.31802,2.31733,2.31772,273
2025-11-12 20:55:00,2.31762,2.31775,2.31743,2.31761,210
2025-11-12 21:00:00,2.3176,2.31778,2.31714,2.31715,326
2025-11-12 21:05:00,2.31714,2.31779,2.31708,2.31753,205
2025-11-12 21:10:00,2.31752,2.31756,2.31717,2.31738,254
2025-11-12 21:15:00,2.31741,2.3178,2.3172800000000002,2.31767,264
2025-11-12 21:20:00,2.31769,2.31778,2.31737,2.31758,274
2025-11-12 21:25:00,2.31759,2.31776,2.31737,2.31758,276
2025-11-12 21:30:00,2.31766,2.31787,2.31746,2.31766,308
2025-11-12 21:35:00,2.31767,2.31793,2.31732,2.31785,257
2025-11-12 21:40:00,2.31783,2.31811,2.31763,2.31781,271
2025-11-12 21:45:00,2.31785,2.31802,2.31749,2.31752,264
2025-11-12 21:50:00,2.31749,2.31795,2.31739,2.31739,251
2025-11-12 21:55:00,2.31741,2.3175,2.3168,2.31707,297
2025-11-12 22:00:00,2.31702,2.31771,2.3169399999999998,2.31757,307
2025-11-12 22:05:00,2.31761,2.31806,2.31745,2.3174799999999998,326
2025-11-12 22:10:00,2.31752,2.31758,2.31697,2.31706,234
2025-11-12 22:15:00,2.31712,2.31734,2.3167400000000002,2.31682,204
2025-11-12 22:20:00,2.31681,2.31693,2.31656,2.3167400000000002,210
2025-11-12 22:25:00,2.31673,2.31757,2.31666,2.31739,281
2025-11-12 22:30:00,2.31737,2.31739,2.3171,2.3172,211
2025-11-12 22:35:00,2.31718,2.31733,2.31697,2.31722,281
2025-11-12 22:40:00,2.31723,2.31788,2.31711,2.31781,226
2025-11-12 22:45:00,2.3178,2.31811,2.31739,2.31745,223
2025-11-12 22:50:00,2.31747,2.3176,2.31727,2.31751,212
2025-11-12 22:55:00,2.31752,2.31793,2.31737,2.31764,295
2025-11-12 23:00:00,2.31765,2.31765,2.31645,2.31649,238
2025-11-12 23:05:00,2.31648,2.31673,2.31621,2.31649,214
2025-11-12 23:10:00,2.31649,2.3168,2.31628,2.31676,245
2025-11-12 23:15:00,2.31676,2.31696,2.31616,2.31624,190
2025-11-12 23:20:00,2.31635,2.31651,2.31621,2.31644,227
2025-11-12 23:25:00,2.31647,2.31663,2.31614,2.31621,195
2025-11-12 23:30:00,2.31622,2.31654,2.31599,2.31619,131
2025-11-12 23:35:00,2.31625,2.31638,2.3159,2.31623,113
2025-11-12 23:40:00,2.31622,2.31646,2.3158,2.31592,163
2025-11-12 23:45:00,2.31592,2.31635,2.31573,2.31628,158
2025-11-12 23:50:00,2.3163,2.31665,2.31611,2.31656,211
2025-11-12 23:55:00,2.31441,2.31471,2.31434,2.31449,177
2025-11-13 00:00:00,2.3122,2.31461,2.31076,2.31461,10
2025-11-13 00:05:00,2.31461,2.31607,2.31211,2.31516,20
2025-11-13 00:10:00,2.31516,2.31579,2.3150399999999998,2.31566,27
2025-11-13 00:15:00,2.31566,2.31714,2.31566,2.31709,119
2025-11-13 00:20:00,2.31707,2.31707,2.3162599999999998,2.31638,144
2025-11-13 00:25:00,2.31636,2.31697,2.31574,2.3169399999999998,134
2025-11-13 00:30:00,2.31696,2.31703,2.31598,2.31615,110
2025-11-13 00:35:00,2.31619,2.31633,2.3158,2.316,113
2025-11-13 00:40:00,2.31601,2.31655,2.31544,2.31622,132
2025-11-13 00:45:00,2.3162,2.31628,2.31571,2.31572,135
2025-11-13 00:50:00,2.31572,2.3165,2.31572,2.31639,190
2025-11-13 00:55:00,2.31637,2.31803,2.31629,2.31713,339
2025-11-13 01:00:00,2.3171,2.3185700000000002,2.3171,2.31856,201
2025-11-13 01:05:00,2.31855,2.3187699999999998,2.31831,2.3186,148
2025-11-13 01:10:00,2.31855,2.31879,2.31846,2.31861,166
2025-11-13 01:15:00,2.31856,2.31866,2.31785,2.31798,194
2025-11-13 01:20:00,2.318,2.31837,2.31784,2.31818,162
2025-11-13 01:25:00,2.31819,2.31822,2.31772,2.31776,113
2025-11-13 01:30:00,2.31777,2.31855,2.31772,2.31855,167
2025-11-13 01:35:00,2.31853,2.31864,2.31819,2.31828,167
2025-11-13 01:40:00,2.31826,2.31843,2.31799,2.31801,177
2025-11-13 01:45:00,2.318,2.3184,2.31793,2.31823,132
2025-11-13 01:50:00,2.31822,2.31871,2.31814,2.3186,108
2025-11-13 01:55:00,2.31858,2.31864,2.31837,2.3185000000000002,136
2025-11-13 02:00:00,2.31849,2.3189,2.31825,2.3185700000000002,279
2025-11-13 02:05:00,2.31856,2.31871,2.31772,2.31783,221
2025-11-13 02:10:00,2.31781,2.31793,2.31749,2.3178,188
2025-11-13 02:15:00,2.3178,2.3178900000000002,2.31741,2.31753,202
2025-11-13 02:20:00,2.3175499999999998,2.31821,2.31744,2.31807,212
2025-11-13 02:25:00,2.31805,2.31826,2.31777,2.3179600000000002,180
2025-11-13 02:30:00,2.31797,2.31962,2.31646,2.31961,541
2025-11-13 02:35:00,2.31971,2.32081,2.31927,2.32073,377
2025-11-13 02:40:00,2.32069,2.3211,2.32,2.32087,321
2025-11-13 02:45:00,2.3209,2.32237,2.32004,2.32158,405
2025-11-13 02:50:00,2.32156,2.32159,2.32007,2.32134,310
2025-11-13 02:55:00,2.32134,2.32228,2.3207,2.32226,406
2025-11-13 03:00:00,2.32228,2.3224299999999998,2.32105,2.32126,461
2025-11-13 03:05:00,2.32131,2.32231,2.32128,2.32173,375
2025-11-13 03:10:00,2.32176,2.32235,2.32071,2.32077,366
2025-11-13 03:15:00,2.32076,2.32173,2.32072,2.32083,434
2025-11-13 03:20:00,2.3208,2.32126,2.31922,2.31926,291
2025-11-13 03:25:00,2.3193,2.32072,2.31893,2.32018,346
2025-11-13 03:30:00,2.32024,2.32051,2.31956,2.31958,337
2025-11-13 03:35:00,2.31957,2.31971,2.31782,2.31801,254
2025-11-13 03:40:00,2.31807,2.31812,2.31738,2.31794,272
2025-11-13 03:45:00,2.31795,2.3191100000000002,2.31793,2.3191,323
2025-11-13 03:50:00,2.31907,2.31965,2.31881,2.31945,311
2025-11-13 03:55:00,2.31945,2.32003,2.31928,2.31969,289
2025-11-13 04:00:00,2.3197,2.31993,2.31903,2.31968,338
2025-11-13 04:05:00,2.31956,2.31985,2.31896,2.31898,287
2025-11-13 04:10:00,2.31897,2.31953,2.31867,2.31872,318
2025-11-13 04:15:00,2.31873,2.31882,2.3181599999999998,2.31856,242
2025-11-13 04:20:00,2.31851,2.31926,2.31838,2.31925,259
2025-11-13 04:25:00,2.31923,2.31932,2.31873,2.31882,277
2025-11-13 04:30:00,2.31881,2.31896,2.31834,2.31875,292
2025-11-13 04:35:00,2.31874,2.31886,2.31767,2.31839,292
2025-11-13 04:40:00,2.31837,2.3187699999999998,2.31795,2.31847,304
2025-11-13 04:45:00,2.31846,2.31869,2.3176,2.3177,251
2025-11-13 04:50:00,2.31779,2.3183,2.31773,2.31798,263
2025-11-13 04:55:00,2.31799,2.31909,2.31799,2.31861,268
2025-11-13 05:00:00,2.3186,2.31942,2.31846,2.31934,272
2025-11-13 05:05:00,2.31929,2.31969,2.31905,2.31957,283
2025-11-13 05:10:00,2.31963,2.31981,2.31935,2.31959,208
2025-11-13 05:15:00,2.31962,2.31989,2.31944,2.31978,270
2025-11-13 05:20:00,2.31976,2.32005,2.31932,2.31932,279
2025-11-13 05:25:00,2.3193099999999998,2.3196,2.3189,2.3191100000000002,282
2025-11-13 05:30:00,2.31905,2.31951,2.31867,2.3193,275
2025-11-13 05:35:00,2.31932,2.3193799999999998,2.31898,2.31913,241
2025-11-13 05:40:00,2.31915,2.31936,2.319,2.3192,210
2025-11-13 05:45:00,2.31908,2.32008,2.31902,2.31983,258
2025-11-13 05:50:00,2.31981,2.32071,2.31974,2.32042,266
2025-11-13 05:55:00,2.32032,2.32063,2.32011,2.32052,250
2025-11-13 06:00:00,2.32051,2.32051,2.31996,2.32022,199
2025-11-13 06:05:00,2.32024,2.32089,2.32,2.32076,313
2025-11-13 06:10:00,2.32075,2.3209400000000002,2.32043,2.32071,299
2025-11-13 06:15:00,2.32067,2.3209,2.32014,2.32087,253
2025-11-13 06:20:00,2.32085,2.32112,2.32049,2.32105,295
2025-11-13 06:25:00,2.32104,2.32135,2.32086,2.32117,235
2025-11-13 06:30:00,2.32115,2.32134,2.32049,2.32057,246
2025-11-13 06:35:00,2.32056,2.32126,2.32044,2.3212,247
2025-11-13 06:40:00,2.32118,2.32118,2.32075,2.32084,227
2025-11-13 06:45:00,2.32086,2.32087,2.32021,2.32064,249
2025-11-13 06:50:00,2.32065,2.32103,2.32048,2.32093,211
2025-11-13 06:55:00,2.32093,2.32118,2.3207,2.32084,277
2025-11-13 07:00:00,2.32084,2.3210100000000002,2.32024,2.32044,297
2025-11-13 07:05:00,2.32054,2.32055,2.31978,2.32012,274
2025-11-13 07:10:00,2.32009,2.32025,2.31989,2.31991,206
2025-11-13 07:15:00,2.31989,2.32026,2.31975,2.32022,297
2025-11-13 07:20:00,2.32027,2.32056,2.32004,2.32045,232
2025-11-13 07:25:00,2.32039,2.32075,2.32032,2.3205299999999998,276
2025-11-13 07:30:00,2.32056,2.32148,2.32043,2.32122,260
2025-11-13 07:35:00,2.32118,2.32142,2.32058,2.3207,268
2025-11-13 07:40:00,2.32067,2.32125,2.32062,2.32125,265
2025-11-13 07:45:00,2.32123,2.32207,2.32087,2.322,293
2025-11-13 07:50:00,2.32205,2.32234,2.3218199999999998,2.32199,260
2025-11-13 07:55:00,2.32198,2.32383,2.32156,2.32332,380
2025-11-13 08:00:00,2.32334,2.3237,2.32249,2.32264,383
2025-11-13 08:05:00,2.32266,2.32301,2.32222,2.32273,353
2025-11-13 08:10:00,2.32274,2.32279,2.32205,2.32231,342
2025-11-13 08:15:00,2.32229,2.3228400000000002,2.32204,2.3227700000000002,298
2025-11-13 08:20:00,2.32271,2.32322,2.3226,2.32306,241
2025-11-13 08:25:00,2.32306,2.32337,2.32275,2.32302,289
2025-11-13 08:30:00,2.32299,2.32778,2.32299,2.32759,426
2025-11-13 08:35:00,2.3275,2.3275,2.325,2.32513,373
2025-11-13 08:40:00,2.3252,2.3253,2.32373,2.32407,307
2025-11-13 08:45:00,2.32405,2.32463,2.3235799999999998,2.3236,300
2025-11-13 08:50:00,2.3235799999999998,2.32402,2.32258,2.3227,252
2025-11-13 08:55:00,2.32272,2.32366,2.32269,2.32302,224
2025-11-13 09:00:00,2.32306,2.32306,2.32014,2.32022,418
2025-11-13 09:05:00,2.32024,2.3205299999999998,2.3197900000000002,2.32034,337
2025-11-13 09:10:00,2.32024,2.32077,2.31961,2.31964,365
2025-11-13 09:15:00,2.31963,2.31981,2.31893,2.31947,347
2025-11-13 09:20:00,2.31946,2.31975,2.3175499999999998,2.31779,346
2025-11-13 09:25:00,2.3178,2.31868,2.31688,2.31855,411
2025-11-13 09:30:00,2.31852,2.31881,2.3178,2.3184,435
2025-11-13 09:35:00,2.31839,2.31953,2.31812,2.31832,343
2025-11-13 09:40:00,2.31833,2.31863,2.31781,2.31862,407
2025-11-13 09:45:00,2.31864,2.31927,2.31828,2.31854,359
2025-11-13 09:50:00,2.31855,2.31879,2.31747,2.31778,382
2025-11-13 09:55:00,2.31781,2.3183,2.31729,2.31797,345
2025-11-13 10:00:00,2.31799,2.31806,2.31573,2.31594,451
2025-11-13 10:05:00,2.31596,2.31663,2.31544,2.31603,368
2025-11-13 10:10:00,2.3160600000000002,2.3161300000000002,2.3157,2.31595,323
2025-11-13 10:15:00,2.31584,2.31651,2.3155,2.31573,358
2025-11-13 10:20:00,2.31577,2.31616,2.31478,2.31509,363
2025-11-13 10:25:00,2.31509,2.31548,2.3146,2.31481,299
2025-11-13 10:30:00,2.31481,2.31485,2.31312,2.31323,330
2025-11-13 10:35:00,2.31324,2.31336,2.3125299999999998,2.31277,321
2025-11-13 10:40:00,2.31279,2.31366,2.31272,2.31311,296
2025-11-13 10:45:00,2.3131,2.31434,2.3131,2.31432,289
2025-11-13 10:50:00,2.31428,2.31621,2.31428,2.31609,457
2025-11-13 10:55:00,2.31621,2.31749,2.31601,2.31705,566
2025-11-13 11:00:00,2.3171,2.31852,2.31658,2.31846,475
2025-11-13 11:05:00,2.31843,2.31868,2.31695,2.31827,412
2025-11-13 11:10:00,2.31827,2.31836,2.31765,2.31805,398
2025-11-13 11:15:00,2.31806,2.31834,2.31733,2.31747,326
2025-11-13 11:20:00,2.31749,2.31768,2.3169,2.31763,310
2025-11-13 11:25:00,2.31765,2.31797,2.31723,2.31797,278
2025-11-13 11:30:00,2.31798,2.31821,2.31669,2.3169,383
2025-11-13 11:35:00,2.3169,2.31805,2.31655,2.31793,426
2025-11-13 11:40:00,2.3178900000000002,2.31797,2.31708,2.31772,364
2025-11-13 11:45:00,2.31776,2.3181,2.31716,2.31804,319
2025-11-13 11:50:00,2.31803,2.31811,2.31757,2.3181,336
2025-11-13 11:55:00,2.3180899999999998,2.31831,2.31765,2.31785,276
2025-11-13 12:00:00,2.31786,2.31916,2.31786,2.31886,275
2025-11-13 12:05:00,2.31892,2.31933,2.3185700000000002,2.31886,289
2025-11-13 12:10:00,2.31888,2.31937,2.31853,2.31887,331
2025-11-13 12:15:00,2.31886,2.31912,2.31837,2.31889,302
2025-11-13 12:20:00,2.31879,2.31909,2.3186,2.3187699999999998,294
2025-11-13 12:25:00,2.31888,2.31934,2.31875,2.31926,243
2025-11-13 12:30:00,2.31925,2.31936,2.31873,2.31892,248
2025-11-13 12:35:00,2.31894,2.3194,2.31863,2.31863,268
2025-11-13 12:40:00,2.31862,2.31887,2.31846,2.31859,279
2025-11-13 12:45:00,2.31858,2.3192,2.31845,2.31916,248
2025-11-13 12:50:00,2.31917,2.31942,2.3186,2.31878,281
2025-11-13 12:55:00,2.3188,2.31968,2.31878,2.31967,269
2025-11-13 13:00:00,2.31964,2.3197900000000002,2.31906,2.31916,320
2025-11-13 13:05:00,2.31927,2.31977,2.31901,2.31937,275
2025-11-13 13:10:00,2.31942,2.31983,2.3191100000000002,2.31983,235
2025-11-13 13:15:00,2.31973,2.32004,2.31959,2.31981,256
2025-11-13 13:20:00,2.31981,2.32037,2.31981,2.32004,267
2025-11-13 13:25:00,2.32001,2.32047,2.31984,2.3201,294
2025-11-13 13:30:00,2.32007,2.32041,2.31973,2.32027,280
2025-11-13 13:35:00,2.32024,2.32084,2.32022,2.3207,287
2025-11-13 13:40:00,2.32069,2.3208,2.32006,2.3203,327
2025-11-13 13:45:00,2.32028,2.32049,2.31952,2.31976,328
2025-11-13 13:50:00,2.31978,2.3210100000000002,2.31945,2.32065,432
2025-11-13 13:55:00,2.32059,2.32075,2.32015,2.3203,367
2025-11-13 14:00:00,2.32031,2.32106,2.32018,2.32095,362
2025-11-13 14:05:00,2.3209400000000002,2.32129,2.3205999999999998,2.32109,283
2025-11-13 14:10:00,2.32104,2.32215,2.32084,2.32194,306
2025-11-13 14:15:00,2.32195,2.3222,2.32129,2.32184,287
2025-11-13 14:20:00,2.32186,2.3223,2.32176,2.32214,264
2025-11-13 14:25:00,2.32215,2.32267,2.32178,2.3225,254
2025-11-13 14:30:00,2.32257,2.32281,2.32198,2.3224299999999998,206
2025-11-13 14:35:00,2.32244,2.32386,2.32219,2.32386,349
2025-11-13 14:40:00,2.32385,2.32422,2.32341,2.32384,348
2025-11-13 14:45:00,2.32382,2.3242,2.32331,2.32389,308
2025-11-13 14:50:00,2.32389,2.32453,2.3230399999999998,2.32327,305
2025-11-13 14:55:00,2.32327,2.32444,2.32307,2.324,407
2025-11-13 15:00:00,2.3240600000000002,2.3245,2.32383,2.32432,449
2025-11-13 15:05:00,2.32436,2.32533,2.32428,2.32529,337
2025-11-13 15:10:00,2.32525,2.326,2.32508,2.32535,364
2025-11-13 15:15:00,2.32543,2.32561,2.3248699999999998,2.32524,212
2025-11-13 15:20:00,2.32522,2.3254,2.32433,2.32493,353
2025-11-13 15:25:00,2.32494,2.32494,2.32421,2.32471,336
2025-11-13 15:30:00,2.32469,2.32545,2.32427,2.3249,356
2025-11-13 15:35:00,2.32488,2.32529,2.3244,2.32462,462
2025-11-13 15:40:00,2.32463,2.32534,2.32404,2.32501,390
2025-11-13 15:45:00,2.32503,2.3253,2.32457,2.32501,348
2025-11-13 15:50:00,2.32503,2.32525,2.3247,2.3247,338
2025-11-13 15:55:00,2.32474,2.32496,2.32438,2.32463,367
2025-11-13 16:00:00,2.32469,2.32497,2.32434,2.32478,394
2025-11-13 16:05:00,2.32481,2.32643,2.32456,2.32624,388
2025-11-13 16:10:00,2.32617,2.32638,2.32547,2.32588,426
2025-11-13 16:15:00,2.3259,2.32607,2.32542,2.32574,342
2025-11-13 16:20:00,2.32571,2.32597,2.32429,2.32444,338
2025-11-13 16:25:00,2.32445,2.3252800000000002,2.32417,2.3241899999999998,391
2025-11-13 16:30:00,2.32413,2.32453,2.32313,2.32354,489
2025-11-13 16:35:00,2.32357,2.32513,2.32343,2.32478,516
2025-11-13 16:40:00,2.32476,2.32664,2.32427,2.32641,545
2025-11-13 16:45:00,2.32651,2.32694,2.32488,2.32504,575
2025-11-13 16:50:00,2.32503,2.32503,2.32373,2.32468,517
2025-11-13 16:55:00,2.32462,2.32514,2.32382,2.32512,505
2025-11-13 17:00:00,2.32508,2.32543,2.32402,2.32449,559
2025-11-13 17:05:00,2.32447,2.32451,2.3231,2.32377,490
2025-11-13 17:10:00,2.32381,2.32463,2.32353,2.3240600000000002,428
2025-11-13 17:15:00,2.32405,2.32405,2.32318,2.3239,504
2025-11-13 17:20:00,2.32388,2.32388,2.3222,2.32235,453
2025-11-13 17:25:00,2.32234,2.32428,2.3221,2.3242599999999998,487
2025-11-13 17:30:00,2.3241899999999998,2.3252,2.32286,2.3252,456
2025-11-13 17:35:00,2.32521,2.3253,2.32412,2.32428,529
2025-11-13 17:40:00,2.3243,2.32619,2.32429,2.3258,508
2025-11-13 17:45:00,2.32579,2.32627,2.32523,2.32524,496
2025-11-13 17:50:00,2.32522,2.3258,2.32462,2.32568,479
2025-11-13 17:55:00,2.32558,2.32683,2.32512,2.3263,509
2025-11-13 18:00:00,2.32633,2.32659,2.32575,2.32618,537
2025-11-13 18:05:00,2.32619,2.32621,2.32475,2.32488,436
2025-11-13 18:10:00,2.32485,2.32493,2.32381,2.32386,425
2025-11-13 18:15:00,2.32387,2.32525,2.32351,2.32482,414
2025-11-13 18:20:00,2.32486,2.32491,2.32385,2.32444,372
2025-11-13 18:25:00,2.32443,2.32529,2.32442,2.32516,436
2025-11-13 18:30:00,2.32515,2.32623,2.32492,2.32515,447
2025-11-13 18:35:00,2.32518,2.32652,2.32517,2.32635,429
2025-11-13 18:40:00,2.32635,2.32725,2.3261,2.32695,419
2025-11-13 18:45:00,2.32695,2.32712,2.32578,2.32588,436
2025-11-13 18:50:00,2.32586,2.32615,2.32536,2.32555,411
2025-11-13 18:55:00,2.32553,2.32774,2.32534,2.32738,468
2025-11-13 19:00:00,2.32736,2.32871,2.32706,2.32759,442
2025-11-13 19:05:00,2.32767,2.3290699999999998,2.32686,2.32893,449
2025-11-13 19:10:00,2.32895,2.32917,2.3283,2.32886,409
2025-11-13 19:15:00,2.32885,2.32886,2.32821,2.32842,432
2025-11-13 19:20:00,2.3283300000000002,2.32872,2.32807,2.32839,368
2025-11-13 19:25:00,2.32847,2.3290100000000002,2.3284000000000002,2.32878,382
2025-11-13 19:30:00,2.32878,2.32899,2.32808,2.32811,448
2025-11-13 19:35:00,2.3281,2.32887,2.3277,2.32809,392
2025-11-13 19:40:00,2.3281,2.32871,2.32766,2.32845,330
2025-11-13 19:45:00,2.32847,2.32889,2.32829,2.3285,368
2025-11-13 19:50:00,2.32851,2.3289,2.32806,2.32842,441
2025-11-13 19:55:00,2.32841,2.32926,2.32831,2.32886,388
2025-11-13 20:00:00,2.32898,2.32984,2.32859,2.3297499999999998,349
2025-11-13 20:05:00,2.32983,2.33058,2.32941,2.33009,338
2025-11-13 20:10:00,2.33006,2.33081,2.32989,2.32997,322
2025-11-13 20:15:00,2.32997,2.3307700000000002,2.32988,2.3303599999999998,337
2025-11-13 20:20:00,2.33037,2.33094,2.32984,2.32987,307
2025-11-13 20:25:00,2.32992,2.33154,2.3299,2.33112,363
2025-11-13 20:30:00,2.33116,2.3334099999999998,2.33115,2.3329,464
2025-11-13 20:35:00,2.33294,2.33445,2.33284,2.33417,470
2025-11-13 20:40:00,2.33411,2.33464,2.3337,2.33371,452
2025-11-13 20:45:00,2.3337,2.33417,2.33314,2.33339,411
2025-11-13 20:50:00,2.33339,2.33392,2.3332100000000002,2.33371,403
2025-11-13 20:55:00,2.3337,2.33394,2.3333,2.33343,362
2025-11-13 21:00:00,2.3334,2.33369,2.33291,2.33319,377
2025-11-13 21:05:00,2.33318,2.33319,2.33231,2.33231,324
2025-11-13 21:10:00,2.33232,2.33312,2.33231,2.33283,299
2025-11-13 21:15:00,2.33286,2.33303,2.33257,2.33294,354
2025-11-13 21:20:00,2.33295,2.33331,2.33209,2.33247,353
2025-11-13 21:25:00,2.33246,2.33251,2.33207,2.33223,385
2025-11-13 21:30:00,2.33222,2.33242,2.3312,2.33125,322
2025-11-13 21:35:00,2.33124,2.33194,2.33093,2.33148,405
2025-11-13 21:40:00,2.3316,2.33214,2.33133,2.33167,304
2025-11-13 21:45:00,2.33156,2.33193,2.33148,2.33178,329
2025-11-13 21:50:00,2.33176,2.33228,2.33141,2.33228,281
2025-11-13 21:55:00,2.3323,2.33283,2.3317,2.33191,400
2025-11-13 22:00:00,2.3319,2.33271,2.33188,2.33249,327
2025-11-13 22:05:00,2.33247,2.3327,2.33194,2.33214,325
2025-11-13 22:10:00,2.33214,2.33246,2.33201,2.33235,299
2025-11-13 22:15:00,2.33233,2.33296,2.33214,2.3329,339
2025-11-13 22:20:00,2.33293,2.33349,2.33272,2.3332800000000002,352
2025-11-13 22:25:00,2.33327,2.3334099999999998,2.33295,2.33302,317
2025-11-13 22:30:00,2.33302,2.33303,2.33255,2.33296,301
2025-11-13 22:35:00,2.33298,2.33306,2.33251,2.33253,275
2025-11-13 22:40:00,2.33254,2.33269,2.33204,2.33218,333
2025-11-13 22:45:00,2.33213,2.33224,2.33169,2.3320600000000002,260
2025-11-13 22:50:00,2.3320600000000002,2.33227,2.33179,2.33197,252
2025-11-13 22:55:00,2.33202,2.33202,2.33141,2.33148,289
2025-11-13 23:00:00,2.33074,2.33086,2.33033,2.33061,274
2025-11-13 23:05:00,2.3306,2.33167,2.33059,2.33157,169
2025-11-13 23:10:00,2.3315799999999998,2.33201,2.33153,2.33195,148
2025-11-13 23:15:00,2.3319,2.33233,2.33182,2.33225,149
2025-11-13 23:20:00,2.33221,2.33223,2.33137,2.33139,147
2025-11-13 23:25:00,2.33156,2.33168,2.3314500000000002,2.33162,138
2025-11-13 23:30:00,2.33157,2.33178,2.33141,2.3315,161
2025-11-13 23:35:00,2.33149,2.33181,2.33135,2.33147,183
2025-11-13 23:40:00,2.3315,2.33178,2.3314500000000002,2.33176,160
2025-11-13 23:45:00,2.33178,2.33196,2.33167,2.3317,163
2025-11-13 23:50:00,2.33168,2.33195,2.33163,2.33188,182
2025-11-13 23:55:00,2.33249,2.33251,2.3296,2.33001,290
2025-11-14 00:00:00,2.33212,2.33236,2.33058,2.33236,12
2025-11-14 00:05:00,2.33039,2.33039,2.32508,2.32616,40
2025-11-14 00:10:00,2.32532,2.32614,2.3211399999999998,2.32533,24
2025-11-14 00:15:00,2.32533,2.33319,2.32533,2.33221,70
2025-11-14 00:20:00,2.3321899999999998,2.33286,2.33193,2.33282,86
2025-11-14 00:25:00,2.3327999999999998,2.3333,2.33224,2.3333,105
2025-11-14 00:30:00,2.33334,2.33336,2.3326000000000002,2.33275,173
2025-11-14 00:35:00,2.33278,2.33303,2.33197,2.33255,185
2025-11-14 00:40:00,2.33251,2.33254,2.33063,2.3308,234
2025-11-14 00:45:00,2.33078,2.3309,2.32845,2.32919,337
2025-11-14 00:50:00,2.32928,2.32932,2.32763,2.3278,350
2025-11-14 00:55:00,2.32783,2.32844,2.3272399999999998,2.32797,461
2025-11-14 01:00:00,2.32799,2.33116,2.32681,2.32709,297
2025-11-14 01:05:00,2.32708,2.32759,2.3263,2.32636,189
2025-11-14 01:10:00,2.3264,2.32648,2.32403,2.3251,320
2025-11-14 01:15:00,2.32513,2.3258900000000002,2.32494,2.32551,277
2025-11-14 01:20:00,2.3255,2.32594,2.3246700000000002,2.32517,281
2025-11-14 01:25:00,2.32519,2.32587,2.32509,2.32557,191
2025-11-14 01:30:00,2.32553,2.32702,2.32518,2.327,201
2025-11-14 01:35:00,2.32702,2.32746,2.32645,2.3266999999999998,245
2025-11-14 01:40:00,2.32661,2.32756,2.32651,2.32719,193
2025-11-14 01:45:00,2.3272,2.3279199999999998,2.32715,2.32771,223
2025-11-14 01:50:00,2.32778,2.32778,2.32693,2.32726,182
2025-11-14 01:55:00,2.32727,2.32799,2.32709,2.32793,223
2025-11-14 02:00:00,2.3279199999999998,2.32913,2.32788,2.32858,304
2025-11-14 02:05:00,2.3285299999999998,2.32961,2.32847,2.32927,237
2025-11-14 02:10:00,2.32925,2.3293,2.32834,2.32856,237
2025-11-14 02:15:00,2.32858,2.32865,2.32706,2.32753,235
2025-11-14 02:20:00,2.32752,2.32754,2.32676,2.32686,252
2025-11-14 02:25:00,2.32689,2.32716,2.3260899999999998,2.3260899999999998,199
2025-11-14 02:30:00,2.32608,2.32629,2.32427,2.32447,322
2025-11-14 02:35:00,2.32445,2.32509,2.32314,2.32327,254
2025-11-14 02:40:00,2.32326,2.32351,2.32139,2.32145,345
2025-11-14 02:45:00,2.32144,2.32164,2.32081,2.32157,269
2025-11-14 02:50:00,2.32159,2.32194,2.32117,2.32137,320
2025-11-14 02:55:00,2.3213,2.32267,2.32119,2.32255,415
2025-11-14 03:00:00,2.32251,2.32334,2.32149,2.32206,382
2025-11-14 03:05:00,2.32204,2.32215,2.32104,2.32106,301
2025-11-14 03:10:00,2.32107,2.32125,2.32007,2.32017,296
2025-11-14 03:15:00,2.32019,2.32096,2.31988,2.32082,331
2025-11-14 03:20:00,2.3208,2.32123,2.32006,2.32028,304
2025-11-14 03:25:00,2.3203,2.32035,2.31932,2.31941,357
2025-11-14 03:30:00,2.3194,2.3196,2.31889,2.31939,345
2025-11-14 03:35:00,2.31943,2.31978,2.31793,2.31793,303
2025-11-14 03:40:00,2.3178900000000002,2.31863,2.31688,2.31697,299
2025-11-14 03:45:00,2.31692,2.31779,2.31655,2.31713,332
2025-11-14 03:50:00,2.31717,2.31771,2.31583,2.31583,270
2025-11-14 03:55:00,2.31585,2.31655,2.31585,2.31593,257
2025-11-14 04:00:00,2.31594,2.3169,2.3157,2.31666,274
2025-11-14 04:05:00,2.31663,2.31695,2.31579,2.31622,307
2025-11-14 04:10:00,2.31617,2.31622,2.3145,2.31453,331
2025-11-14 04:15:00,2.31451,2.3149100000000002,2.31394,2.3148,263
2025-11-14 04:20:00,2.31482,2.31516,2.31431,2.3143599999999998,265
2025-11-14 04:25:00,2.3143599999999998,2.3147,2.31381,2.31419,338
2025-11-14 04:30:00,2.31429,2.31441,2.31327,2.31408,322
2025-11-14 04:35:00,2.31406,2.31472,2.31398,2.31431,249
2025-11-14 04:40:00,2.31431,2.31492,2.31424,2.31452,288
2025-11-14 04:45:00,2.31453,2.3148400000000002,2.31391,2.31418,224
2025-11-14 04:50:00,2.3142300000000002,2.31439,2.31359,2.31359,225
2025-11-14 04:55:00,2.31365,2.31412,2.31341,2.31381,249
2025-11-14 05:00:00,2.3138199999999998,2.31432,2.31358,2.31428,290
2025-11-14 05:05:00,2.31434,2.3143599999999998,2.31302,2.31302,260
2025-11-14 05:10:00,2.31304,2.31322,2.31252,2.31278,285
2025-11-14 05:15:00,2.31276,2.31297,2.31187,2.31217,261
2025-11-14 05:20:00,2.31221,2.31289,2.31193,2.31235,270
2025-11-14 05:25:00,2.31232,2.31269,2.31217,2.31221,217
2025-11-14 05:30:00,2.3123,2.31261,2.31176,2.31189,254
2025-11-14 05:35:00,2.31188,2.31224,2.3112500000000002,2.31224,239
2025-11-14 05:40:00,2.31227,2.31227,2.31137,2.31146,186
2025-11-14 05:45:00,2.31148,2.31167,2.31073,2.31149,312
2025-11-14 05:50:00,2.31157,2.31207,2.31136,2.31152,348
2025-11-14 05:55:00,2.31151,2.31187,2.31136,2.31159,331
2025-11-14 06:00:00,2.31155,2.31205,2.3111800000000002,2.31129,244
2025-11-14 06:05:00,2.3113099999999998,2.31187,2.31096,2.31103,253
2025-11-14 06:10:00,2.31099,2.31215,2.31068,2.31214,243
2025-11-14 06:15:00,2.31213,2.31235,2.31145,2.31193,227
2025-11-14 06:20:00,2.31194,2.3129,2.31161,2.31285,256
2025-11-14 06:25:00,2.3128,2.31305,2.3122,2.3123,281
2025-11-14 06:30:00,2.31234,2.313,2.31141,2.31159,247
2025-11-14 06:35:00,2.31161,2.31163,2.31067,2.3115,239
2025-11-14 06:40:00,2.31149,2.31307,2.31149,2.31302,277
2025-11-14 06:45:00,2.31302,2.31327,2.31259,2.31267,170
2025-11-14 06:50:00,2.31268,2.31336,2.31239,2.3131399999999998,223
2025-11-14 06:55:00,2.3130800000000002,2.31398,2.3130100000000002,2.31378,187
2025-11-14 07:00:00,2.31377,2.31462,2.31371,2.31454,252
2025-11-14 07:05:00,2.31459,2.31523,2.31453,2.3152,203
2025-11-14 07:10:00,2.31521,2.31525,2.31475,2.31492,222
2025-11-14 07:15:00,2.31495,2.31515,2.31444,2.3145,271
2025-11-14 07:20:00,2.3145,2.3145,2.31286,2.31294,259
2025-11-14 07:25:00,2.31292,2.31293,2.3118,2.31222,276
2025-11-14 07:30:00,2.31228,2.3127,2.31228,2.3125999999999998,226
2025-11-14 07:35:00,2.31262,2.31275,2.3121,2.31221,234
2025-11-14 07:40:00,2.3122,2.31237,2.31163,2.31173,234
2025-11-14 07:45:00,2.31175,2.31191,2.31128,2.31128,244
2025-11-14 07:50:00,2.3114,2.31158,2.3111,2.31134,290
2025-11-14 07:55:00,2.31136,2.31157,2.31097,2.31134,265
2025-11-14 08:00:00,2.31135,2.3118600000000002,2.31119,2.31156,273
2025-11-14 08:05:00,2.31152,2.31262,2.31115,2.31261,283
2025-11-14 08:10:00,2.3125999999999998,2.31324,2.31257,2.31316,260
2025-11-14 08:15:00,2.31315,2.31381,2.3130800000000002,2.31322,306
2025-11-14 08:20:00,2.3132,2.31417,2.3132,2.31393,273
2025-11-14 08:25:00,2.31397,2.31431,2.31363,2.31422,241
2025-11-14 08:30:00,2.31429,2.31465,2.31388,2.31444,270
2025-11-14 08:35:00,2.31444,2.31488,2.31349,2.3138,264
2025-11-14 08:40:00,2.31388,2.31411,2.31279,2.3136,318
2025-11-14 08:45:00,2.31361,2.31503,2.31361,2.3143599999999998,329
2025-11-14 08:50:00,2.31435,2.31445,2.31291,2.31324,357
2025-11-14 08:55:00,2.31327,2.31415,2.31313,2.3137,346
2025-11-14 09:00:00,2.3136,2.31564,2.31352,2.31528,369
2025-11-14 09:05:00,2.31526,2.31671,2.31512,2.31669,329
2025-11-14 09:10:00,2.3167,2.31793,2.31628,2.31643,355
2025-11-14 09:15:00,2.31644,2.31671,2.31518,2.31534,428
2025-11-14 09:20:00,2.31535,2.31538,2.31385,2.31433,459
2025-11-14 09:25:00,2.31432,2.31434,2.3135,2.31372,457
2025-11-14 09:30:00,2.31378,2.31733,2.31372,2.31733,517
2025-11-14 09:35:00,2.31721,2.31837,2.31682,2.31716,379
2025-11-14 09:40:00,2.31713,2.31763,2.31661,2.31686,298
2025-11-14 09:45:00,2.3168,2.31726,2.31656,2.31699,265
2025-11-14 09:50:00,2.31693,2.31703,2.31567,2.31586,420
2025-11-14 09:55:00,2.31585,2.31703,2.31573,2.31634,498
2025-11-14 10:00:00,2.31628,2.31822,2.31475,2.31475,730
2025-11-14 10:05:00,2.31464,2.31493,2.3132,2.31416,598
2025-11-14 10:10:00,2.31417,2.31483,2.31299,2.3130100000000002,515
2025-11-14 10:15:00,2.31299,2.31374,2.31235,2.3131,578
2025-11-14 10:20:00,2.31312,2.31367,2.31227,2.3129,502
2025-11-14 10:25:00,2.31287,2.31403,2.31238,2.31291,398
2025-11-14 10:30:00,2.3129,2.31389,2.31259,2.31371,350
2025-11-14 10:35:00,2.31377,2.31529,2.31377,2.31529,409
2025-11-14 10:40:00,2.31529,2.32433,2.31472,2.3228400000000002,674
2025-11-14 10:45:00,2.3228,2.32334,2.31898,2.31914,650
2025-11-14 10:50:00,2.31921,2.31984,2.31714,2.31714,564
2025-11-14 10:55:00,2.31719,2.31924,2.31709,2.31779,412
2025-11-14 11:00:00,2.31772,2.32002,2.31752,2.32002,491
2025-11-14 11:05:00,2.3199899999999998,2.32062,2.31916,2.31951,378
2025-11-14 11:10:00,2.31955,2.31967,2.31768,2.31805,270
2025-11-14 11:15:00,2.31803,2.31861,2.31709,2.31761,345
2025-11-14 11:20:00,2.3176,2.31774,2.31671,2.31673,291
2025-11-14 11:25:00,2.31671,2.31763,2.3167,2.31688,235
2025-11-14 11:30:00,2.31689,2.31777,2.31677,2.31757,281
2025-11-14 11:35:00,2.3175499999999998,2.31793,2.31721,2.31751,276
2025-11-14 11:40:00,2.31749,2.3176,2.31675,2.31731,278
2025-11-14 11:45:00,2.31729,2.31751,2.31605,2.31625,318
2025-11-14 11:50:00,2.31625,2.31764,2.3161300000000002,2.31738,263
2025-11-14 11:55:00,2.31737,2.31784,2.31715,2.31772,281
2025-11-14 12:00:00,2.31774,2.31853,2.31721,2.3174,339
2025-11-14 12:05:00,2.31742,2.3175,2.31652,2.31663,270
2025-11-14 12:10:00,2.31658,2.31753,2.31615,2.31724,260
2025-11-14 12:15:00,2.31727,2.31821,2.31623,2.31645,309
2025-11-14 12:20:00,2.31643,2.31663,2.31573,2.3159,291
2025-11-14 12:25:00,2.31592,2.31644,2.31536,2.31596,319
2025-11-14 12:30:00,2.31586,2.31624,2.3154500000000002,2.31561,260
2025-11-14 12:35:00,2.3156,2.31589,2.31488,2.31492,264
2025-11-14 12:40:00,2.31499,2.31501,2.3142,2.31427,282
2025-11-14 12:45:00,2.31426,2.31533,2.31426,2.31531,273
2025-11-14 12:50:00,2.31544,2.31602,2.31515,2.31596,230
2025-11-14 12:55:00,2.31598,2.31696,2.31587,2.3167,281
2025-11-14 13:00:00,2.31669,2.31696,2.31637,2.31685,296
2025-11-14 13:05:00,2.31691,2.31731,2.31643,2.31655,264
2025-11-14 13:10:00,2.31654,2.31654,2.31429,2.3143599999999998,373
2025-11-14 13:15:00,2.31434,2.315,2.31377,2.31437,378
2025-11-14 13:20:00,2.31439,2.315,2.31401,2.31405,321
2025-11-14 13:25:00,2.31405,2.31561,2.31405,2.31533,261
2025-11-14 13:30:00,2.31535,2.31634,2.31535,2.31603,322
2025-11-14 13:35:00,2.31603,2.31618,2.31522,2.31551,292
2025-11-14 13:40:00,2.31557,2.31557,2.31512,2.31542,294
2025-11-14 13:45:00,2.31544,2.31621,2.31478,2.3149100000000002,302
2025-11-14 13:50:00,2.31492,2.31563,2.31471,2.3150399999999998,287
2025-11-14 13:55:00,2.31502,2.3156499999999998,2.31354,2.31372,361
2025-11-14 14:00:00,2.3137,2.31409,2.31278,2.31383,432
2025-11-14 14:05:00,2.31385,2.31454,2.31345,2.31384,311
2025-11-14 14:10:00,2.31385,2.31458,2.31351,2.31431,386
2025-11-14 14:15:00,2.31428,2.3156499999999998,2.31398,2.31557,387
2025-11-14 14:20:00,2.31559,2.3165,2.31514,2.31633,412
2025-11-14 14:25:00,2.31638,2.317,2.31605,2.31692,356
2025-11-14 14:30:00,2.31691,2.31805,2.31624,2.3173500000000002,308
2025-11-14 14:35:00,2.31736,2.3180899999999998,2.31732,2.31762,338
2025-11-14 14:40:00,2.31768,2.31953,2.31754,2.3183,454
2025-11-14 14:45:00,2.31831,2.31907,2.31733,2.31766,407
2025-11-14 14:50:00,2.31767,2.31886,2.31759,2.31766,351
2025-11-14 14:55:00,2.31765,2.31848,2.31692,2.31746,416
2025-11-14 15:00:00,2.3174,2.31764,2.31591,2.31596,468
2025-11-14 15:05:00,2.31602,2.31684,2.31557,2.31582,475
2025-11-14 15:10:00,2.31578,2.31639,2.31521,2.31591,412
2025-11-14 15:15:00,2.3158,2.31664,2.3158,2.31664,431
2025-11-14 15:20:00,2.3166700000000002,2.31717,2.31562,2.31603,432
2025-11-14 15:25:00,2.31615,2.31633,2.3151,2.31529,406
2025-11-14 15:30:00,2.31527,2.31598,2.31493,2.31597,377
2025-11-14 15:35:00,2.31596,2.31707,2.31592,2.31685,435
2025-11-14 15:40:00,2.31685,2.31832,2.31662,2.3181,523
2025-11-14 15:45:00,2.31808,2.3184,2.3176,2.3178,457
2025-11-14 15:50:00,2.31782,2.31829,2.3169,2.31745,472
2025-11-14 15:55:00,2.3174,2.31794,2.3169,2.31782,420
2025-11-14 16:00:00,2.31782,2.31783,2.31584,2.31585,462
2025-11-14 16:05:00,2.31589,2.31602,2.31447,2.31507,507
2025-11-14 16:10:00,2.31507,2.31671,2.31471,2.31656,403
2025-11-14 16:15:00,2.31652,2.31756,2.3161300000000002,2.3167,446
2025-11-14 16:20:00,2.31669,2.31702,2.3161300000000002,2.31653,410
2025-11-14 16:25:00,2.31661,2.31662,2.31547,2.31618,428
2025-11-14 16:30:00,2.31615,2.31843,2.31591,2.31745,643
2025-11-14 16:35:00,2.31745,2.31798,2.31547,2.3166,660
2025-11-14 16:40:00,2.31659,2.31724,2.31571,2.31574,611
2025-11-14 16:45:00,2.31577,2.3161,2.3145,2.31548,601
2025-11-14 16:50:00,2.3155,2.31645,2.31482,2.31548,561
2025-11-14 16:55:00,2.31537,2.31537,2.31416,2.3143599999999998,495
2025-11-14 17:00:00,2.31434,2.31435,2.31353,2.3137499999999998,565
2025-11-14 17:05:00,2.31376,2.31508,2.31352,2.31391,598
2025-11-14 17:10:00,2.31391,2.31418,2.31297,2.31363,547
2025-11-14 17:15:00,2.3136900000000002,2.31416,2.3127,2.31345,492
2025-11-14 17:20:00,2.31341,2.31457,2.3130800000000002,2.31384,459
2025-11-14 17:25:00,2.31388,2.31409,2.31266,2.31299,584
2025-11-14 17:30:00,2.31286,2.31352,2.31134,2.31154,539
2025-11-14 17:35:00,2.31153,2.31166,2.30923,2.30954,502
2025-11-14 17:40:00,2.30936,2.3106999999999998,2.30922,2.3095,497
2025-11-14 17:45:00,2.30956,2.31013,2.30857,2.30989,497
2025-11-14 17:50:00,2.31007,2.31119,2.30949,2.31073,430
2025-11-14 17:55:00,2.31068,2.31149,2.31005,2.3113799999999998,523
2025-11-14 18:00:00,2.31139,2.31168,2.31046,2.31089,476
2025-11-14 18:05:00,2.31093,2.31193,2.31039,2.31085,435
2025-11-14 18:10:00,2.31087,2.31285,2.31071,2.31285,450
2025-11-14 18:15:00,2.31279,2.31318,2.31223,2.31228,446
2025-11-14 18:20:00,2.31228,2.31286,2.31216,2.31232,435
2025-11-14 18:25:00,2.31224,2.31298,2.31196,2.31298,355
2025-11-14 18:30:00,2.31296,2.31364,2.31282,2.31334,423
2025-11-14 18:35:00,2.31336,2.31343,2.31286,2.3130100000000002,331
2025-11-14 18:40:00,2.31302,2.31418,2.31296,2.31392,387
2025-11-14 18:45:00,2.31391,2.31468,2.31365,2.31372,402
2025-11-14 18:50:00,2.31371,2.31425,2.31327,2.31418,352
2025-11-14 18:55:00,2.3142,2.3143000000000002,2.31348,2.31388,348
2025-11-14 19:00:00,2.31386,2.31522,2.31357,2.31469,425
2025-11-14 19:05:00,2.31474,2.31539,2.31471,2.31487,327
2025-11-14 19:10:00,2.31482,2.31517,2.31414,2.31472,369
2025-11-14 19:15:00,2.31474,2.31536,2.31465,2.3153,373
2025-11-14 19:20:00,2.31529,2.31556,2.31495,2.31518,349
2025-11-14 19:25:00,2.31517,2.31711,2.31513,2.31639,387
2025-11-14 19:30:00,2.31638,2.31672,2.31581,2.31609,366
2025-11-14 19:35:00,2.31608,2.31611,2.31445,2.31456,315
2025-11-14 19:40:00,2.31454,2.31579,2.31454,2.31525,295
2025-11-14 19:45:00,2.31526,2.31579,2.31522,2.31542,291
2025-11-14 19:50:00,2.31544,2.31599,2.31497,2.31513,336
2025-11-14 19:55:00,2.3151,2.31612,2.31489,2.31587,358
2025-11-14 20:00:00,2.31584,2.31759,2.31571,2.31747,487
2025-11-14 20:05:00,2.31744,2.31764,2.3157,2.3160600000000002,427
2025-11-14 20:10:00,2.31605,2.31732,2.31604,2.31724,306
2025-11-14 20:15:00,2.31726,2.31793,2.31711,2.31732,314
2025-11-14 20:20:00,2.31733,2.31787,2.31731,2.31741,290
2025-11-14 20:25:00,2.3174,2.31787,2.31713,2.31714,328
2025-11-14 20:30:00,2.31713,2.31757,2.3169399999999998,2.31711,320
2025-11-14 20:35:00,2.31715,2.31812,2.31711,2.31788,275
2025-11-14 20:40:00,2.31787,2.3180899999999998,2.3175499999999998,2.3179600000000002,274
2025-11-14 20:45:00,2.31798,2.31827,2.31765,2.3178,270
2025-11-14 20:50:00,2.31734,2.31744,2.31678,2.31723,263
2025-11-14 20:55:00,2.31722,2.31761,2.31721,2.31754,298
2025-11-14 21:00:00,2.31753,2.31813,2.31737,2.31797,366
2025-11-14 21:05:00,2.31805,2.31828,2.31776,2.31807,288
2025-11-14 21:10:00,2.3180899999999998,2.3185000000000002,2.31781,2.31811,290
2025-11-14 21:15:00,2.31812,2.31819,2.31766,2.3179600000000002,287
2025-11-14 21:20:00,2.31797,2.31801,2.31712,2.3173,225
2025-11-14 21:25:00,2.31729,2.3174799999999998,2.31711,2.31724,279
2025-11-14 21:30:00,2.31723,2.3178900000000002,2.31686,2.31769,347
2025-11-14 21:35:00,2.3177,2.31775,2.31718,2.31734,263
2025-11-14 21:40:00,2.31733,2.31793,2.31726,2.31777,306
2025-11-14 21:45:00,2.31776,2.31779,2.3172,2.31749,301
2025-11-14 21:50:00,2.31746,2.31812,2.31718,2.31801,280
2025-11-14 21:55:00,2.31798,2.31913,2.31776,2.31795,317
2025-11-14 22:00:00,2.3179,2.31827,2.31768,2.31791,327
2025-11-14 22:05:00,2.3179,2.31805,2.31772,2.31782,148
2025-11-14 22:10:00,2.31781,2.31795,2.3176,2.31786,188
2025-11-14 22:15:00,2.31782,2.31822,2.31763,2.31805,257
2025-11-14 22:20:00,2.31803,2.31841,2.3178900000000002,2.31795,251
2025-11-14 22:25:00,2.3179600000000002,2.31819,2.31753,2.31769,241
2025-11-14 22:30:00,2.31768,2.31808,2.31738,2.31739,250
2025-11-14 22:35:00,2.31738,2.31791,2.31734,2.31791,184
2025-11-14 22:40:00,2.31786,2.31833,2.31785,2.31829,196
2025-11-14 22:45:00,2.31827,2.31935,2.31826,2.31932,217
2025-11-14 22:50:00,2.31929,2.31937,2.31881,2.31906,223
2025-11-14 22:55:00,2.31907,2.32,2.31901,2.31901,321
2025-11-14 23:00:00,2.31827,2.31921,2.31824,2.31858,239
2025-11-14 23:05:00,2.31856,2.31876,2.31822,2.31858,166
2025-11-14 23:10:00,2.3185700000000002,2.31876,2.31846,2.31869,159
2025-11-14 23:15:00,2.31861,2.31865,2.3182,2.31829,140
2025-11-14 23:20:00,2.31832,2.31984,2.31828,2.31897,82
2025-11-14 23:25:00,2.31899,2.31901,2.3180899999999998,2.31834,141
2025-11-14 23:30:00,2.31835,2.31869,2.31756,2.31795,263
2025-11-14 23:35:00,2.31785,2.3186999999999998,2.31781,2.31836,178
2025-11-14 23:40:00,2.31835,2.31863,2.31821,2.31844,164
2025-11-14 23:45:00,2.31847,2.31872,2.31819,2.31852,306
2025-11-14 23:50:00,2.31847,2.31875,2.31839,2.31864,333
2025-11-14 23:55:00,2.3179,2.3179,2.31548,2.3161,315
2025-11-17 00:00:00,2.31451,2.31451,2.31398,2.31398,8
2025-11-17 00:05:00,2.31413,2.31497,2.31117,2.31281,102
2025-11-17 00:10:00,2.31281,2.31319,2.31228,2.31237,87
2025-11-17 00:15:00,2.31237,2.31657,2.31237,2.3156,94
2025-11-17 00:20:00,2.31599,2.31663,2.31426,2.31492,147
2025-11-17 00:25:00,2.3149,2.31618,2.3149,2.31602,113
2025-11-17 00:30:00,2.31603,2.31672,2.3153,2.31638,131
2025-11-17 00:35:00,2.31633,2.31654,2.31607,2.31633,94
2025-11-17 00:40:00,2.31629,2.31641,2.3155,2.31566,138
2025-11-17 00:45:00,2.3156499999999998,2.3169399999999998,2.31548,2.31677,159
2025-11-17 00:50:00,2.31663,2.31757,2.31524,2.3160600000000002,122
2025-11-17 00:55:00,2.31615,2.31652,2.31603,2.31635,212
2025-11-17 01:00:00,2.31837,2.31903,2.31764,2.31818,330
2025-11-17 01:05:00,2.31817,2.31919,2.31817,2.31917,167
2025-11-17 01:10:00,2.31912,2.31929,2.31881,2.31907,156
2025-11-17 01:15:00,2.31905,2.31909,2.31858,2.31895,184
2025-11-17 01:20:00,2.31898,2.31923,2.31839,2.31855,205
2025-11-17 01:25:00,2.31852,2.3186,2.3183,2.31843,113
2025-11-17 01:30:00,2.31836,2.31844,2.31776,2.31823,177
2025-11-17 01:35:00,2.31826,2.31826,2.31768,2.31803,177
2025-11-17 01:40:00,2.31804,2.31814,2.31795,2.31807,125
2025-11-17 01:45:00,2.31806,2.31819,2.31729,2.3175,160
2025-11-17 01:50:00,2.3174799999999998,2.31787,2.31744,2.31783,181
2025-11-17 01:55:00,2.31781,2.31833,2.3178,2.31831,190
2025-11-17 02:00:00,2.3183,2.31893,2.31817,2.31852,287
2025-11-17 02:05:00,2.31853,2.3188,2.31805,2.3186999999999998,256
2025-11-17 02:10:00,2.31868,2.3192,2.31862,2.31882,238
2025-11-17 02:15:00,2.31884,2.3194,2.31876,2.31889,238
2025-11-17 02:20:00,2.31889,2.3192,2.31865,2.31896,208
2025-11-17 02:25:00,2.31914,2.31923,2.31833,2.31861,183
2025-11-17 02:30:00,2.3186,2.31878,2.31817,2.3185000000000002,289
2025-11-17 02:35:00,2.31847,2.31926,2.31837,2.31916,201
2025-11-17 02:40:00,2.31917,2.31937,2.31884,2.3191,225
2025-11-17 02:45:00,2.31907,2.32003,2.31906,2.32003,232
2025-11-17 02:50:00,2.32008,2.32048,2.31991,2.32026,274
2025-11-17 02:55:00,2.32013,2.32202,2.32013,2.3215500000000002,341
2025-11-17 03:00:00,2.32154,2.32352,2.3215,2.32267,291
2025-11-17 03:05:00,2.32268,2.32317,2.32234,2.32291,262
2025-11-17 03:10:00,2.32286,2.32292,2.32226,2.32254,266
2025-11-17 03:15:00,2.32256,2.32362,2.32231,2.32335,257
2025-11-17 03:20:00,2.32336,2.32336,2.32229,2.32255,259
2025-11-17 03:25:00,2.32257,2.32272,2.32217,2.32217,196
2025-11-17 03:30:00,2.32215,2.32259,2.32179,2.32188,308
2025-11-17 03:35:00,2.32189,2.32233,2.32156,2.32214,275
2025-11-17 03:40:00,2.3221600000000002,2.32276,2.32213,2.32232,206
2025-11-17 03:45:00,2.32234,2.32274,2.32188,2.32203,189
2025-11-17 03:50:00,2.32195,2.32242,2.32165,2.32241,200
2025-11-17 03:55:00,2.3224,2.32282,2.32229,2.32259,283
2025-11-17 04:00:00,2.32257,2.32281,2.32189,2.3224,345
2025-11-17 04:05:00,2.3224,2.32242,2.3212099999999998,2.32134,240
2025-11-17 04:10:00,2.32136,2.32185,2.3212,2.3217,163
2025-11-17 04:15:00,2.3218199999999998,2.32259,2.3218199999999998,2.32257,187
2025-11-17 04:20:00,2.32258,2.32307,2.32233,2.32263,168
2025-11-17 04:25:00,2.3226,2.32272,2.3222,2.3222300000000002,208
2025-11-17 04:30:00,2.32221,2.32291,2.32215,2.32218,207
2025-11-17 04:35:00,2.32217,2.32234,2.32172,2.32201,176
2025-11-17 04:40:00,2.32199,2.32273,2.32171,2.32268,140
2025-11-17 04:45:00,2.32269,2.32308,2.32231,2.32231,240
2025-11-17 04:50:00,2.32235,2.32235,2.32174,2.32192,170
2025-11-17 04:55:00,2.32192,2.3222300000000002,2.32159,2.32209,192
2025-11-17 05:00:00,2.32206,2.32257,2.32167,2.32178,198
2025-11-17 05:05:00,2.3217499999999998,2.32234,2.32158,2.32161,192
2025-11-17 05:10:00,2.3216200000000002,2.3219,2.32104,2.32106,234
2025-11-17 05:15:00,2.32105,2.32146,2.32078,2.32146,146
2025-11-17 05:20:00,2.32147,2.32207,2.32146,2.3215500000000002,137
2025-11-17 05:25:00,2.32157,2.32199,2.32157,2.32186,176
2025-11-17 05:30:00,2.32187,2.3221600000000002,2.32171,2.32207,181
2025-11-17 05:35:00,2.32201,2.32224,2.32157,2.3219,157
2025-11-17 05:40:00,2.32192,2.32248,2.3217,2.32179,135
2025-11-17 05:45:00,2.3218,2.32214,2.3215,2.32153,159
2025-11-17 05:50:00,2.32158,2.32172,2.32083,2.32106,215
2025-11-17 05:55:00,2.32109,2.32164,2.32098,2.32135,208
2025-11-17 06:00:00,2.32135,2.32139,2.32077,2.32077,211
2025-11-17 06:05:00,2.32079,2.32107,2.32073,2.32077,163
2025-11-17 06:10:00,2.32075,2.32122,2.32072,2.32115,165
2025-11-17 06:15:00,2.32116,2.32132,2.32089,2.32123,164
2025-11-17 06:20:00,2.3212,2.3212,2.32027,2.32027,145
2025-11-17 06:25:00,2.32028,2.32039,2.31989,2.32007,121
2025-11-17 06:30:00,2.32008,2.32036,2.32006,2.32029,118
2025-11-17 06:35:00,2.3203,2.32089,2.3203,2.32067,182
2025-11-17 06:40:00,2.32072,2.32078,2.32035,2.32056,141
2025-11-17 06:45:00,2.32052,2.32065,2.32003,2.32011,134
2025-11-17 06:50:00,2.3201,2.32012,2.31978,2.32004,124
2025-11-17 06:55:00,2.32003,2.32032,2.31984,2.32021,159
2025-11-17 07:00:00,2.32022,2.3205299999999998,2.3197900000000002,2.31989,238
2025-11-17 07:05:00,2.31988,2.3199199999999998,2.31886,2.31965,161
2025-11-17 07:10:00,2.31966,2.31977,2.31872,2.31921,192
2025-11-17 07:15:00,2.31922,2.3193799999999998,2.3189,2.31912,196
2025-11-17 07:20:00,2.3191100000000002,2.31912,2.31875,2.31896,149
2025-11-17 07:25:00,2.31897,2.31901,2.31863,2.31867,129
2025-11-17 07:30:00,2.31865,2.31889,2.3185700000000002,2.31878,200
2025-11-17 07:35:00,2.31879,2.31909,2.31876,2.31892,241
2025-11-17 07:40:00,2.31893,2.31904,2.3186,2.31903,187
2025-11-17 07:45:00,2.31902,2.31907,2.31765,2.31769,191
2025-11-17 07:50:00,2.3177,2.31771,2.31725,2.31738,217
2025-11-17 07:55:00,2.31743,2.31764,2.31713,2.31746,180
2025-11-17 08:00:00,2.31733,2.31759,2.317,2.31716,215
2025-11-17 08:05:00,2.31713,2.31747,2.31684,2.31709,275
2025-11-17 08:10:00,2.31722,2.31812,2.31722,2.31787,262
2025-11-17 08:15:00,2.31782,2.31815,2.31726,2.31731,280
2025-11-17 08:20:00,2.31724,2.31729,2.31686,2.31702,297
2025-11-17 08:25:00,2.31704,2.31764,2.31704,2.31727,250
2025-11-17 08:30:00,2.31737,2.31784,2.31724,2.31774,272
2025-11-17 08:35:00,2.31773,2.31775,2.31726,2.31753,221
2025-11-17 08:40:00,2.31747,2.31766,2.3173,2.3175,255
2025-11-17 08:45:00,2.3174799999999998,2.3177,2.31724,2.3175499999999998,197
2025-11-17 08:50:00,2.31754,2.31793,2.3166700000000002,2.31679,274
2025-11-17 08:55:00,2.31678,2.31762,2.31675,2.31723,241
2025-11-17 09:00:00,2.31722,2.31766,2.31686,2.31765,320
2025-11-17 09:05:00,2.31766,2.31787,2.31741,2.31783,231
2025-11-17 09:10:00,2.31784,2.3181,2.31738,2.3174799999999998,220
2025-11-17 09:15:00,2.31746,2.31765,2.31695,2.31727,205
2025-11-17 09:20:00,2.3173,2.31961,2.31727,2.31849,351
2025-11-17 09:25:00,2.31844,2.31962,2.31844,2.31935,291
2025-11-17 09:30:00,2.31936,2.31936,2.31771,2.3178,319
2025-11-17 09:35:00,2.31782,2.31819,2.31715,2.31807,304
2025-11-17 09:40:00,2.31806,2.31806,2.31654,2.31656,253
2025-11-17 09:45:00,2.31654,2.31692,2.31635,2.31668,248
2025-11-17 09:50:00,2.31666,2.31673,2.3155200000000002,2.31569,252
2025-11-17 09:55:00,2.31567,2.31665,2.31548,2.31638,307
2025-11-17 10:00:00,2.31651,2.31721,2.31628,2.31678,426
2025-11-17 10:05:00,2.31679,2.31726,2.3160600000000002,2.31714,328
2025-11-17 10:10:00,2.31719,2.31768,2.31665,2.31677,259
2025-11-17 10:15:00,2.31673,2.31684,2.31612,2.31625,251
2025-11-17 10:20:00,2.3162599999999998,2.31673,2.31602,2.31663,238
2025-11-17 10:25:00,2.31664,2.3174799999999998,2.31634,2.31692,320
2025-11-17 10:30:00,2.31686,2.31769,2.31668,2.31763,289
2025-11-17 10:35:00,2.31768,2.31814,2.3174,2.3180899999999998,315
2025-11-17 10:40:00,2.31807,2.31854,2.31807,2.31833,339
2025-11-17 10:45:00,2.31832,2.31924,2.31832,2.31915,293
2025-11-17 10:50:00,2.3191100000000002,2.31974,2.31885,2.31954,328
2025-11-17 10:55:00,2.31955,2.32024,2.31941,2.31993,280
2025-11-17 11:00:00,2.31994,2.32042,2.31954,2.3199199999999998,355
2025-11-17 11:05:00,2.3199,2.32004,2.31889,2.31995,312
2025-11-17 11:10:00,2.31993,2.32068,2.31984,2.32037,323
2025-11-17 11:15:00,2.32036,2.32199,2.32027,2.32187,334
2025-11-17 11:20:00,2.32192,2.32265,2.32187,2.3221600000000002,329
2025-11-17 11:25:00,2.32215,2.3223,2.32176,2.32198,278
2025-11-17 11:30:00,2.32199,2.3221600000000002,2.32148,2.32151,284
2025-11-17 11:35:00,2.32149,2.32206,2.32141,2.32197,282
2025-11-17 11:40:00,2.32198,2.32273,2.3216200000000002,2.32173,257
2025-11-17 11:45:00,2.32171,2.32235,2.32149,2.32203,291
2025-11-17 11:50:00,2.32201,2.32228,2.32174,2.3218,303
2025-11-17 11:55:00,2.32181,2.3223,2.32154,2.32172,368
2025-11-17 12:00:00,2.32172,2.32213,2.32137,2.32173,353
2025-11-17 12:05:00,2.32177,2.32187,2.3214,2.3215,257
2025-11-17 12:10:00,2.32145,2.32156,2.3204000000000002,2.32076,260
2025-11-17 12:15:00,2.32082,2.32107,2.32047,2.32067,271
2025-11-17 12:20:00,2.32061,2.32083,2.32029,2.3205999999999998,272
2025-11-17 12:25:00,2.32059,2.32136,2.32029,2.32136,250
2025-11-17 12:30:00,2.3213,2.3222300000000002,2.3213,2.32207,278
2025-11-17 12:35:00,2.32225,2.32274,2.32194,2.32244,259
2025-11-17 12:40:00,2.32246,2.32292,2.3222300000000002,2.32235,245
2025-11-17 12:45:00,2.32232,2.32259,2.32179,2.32192,323
2025-11-17 12:50:00,2.32189,2.32242,2.32158,2.32242,386
2025-11-17 12:55:00,2.32232,2.3228,2.32194,2.32263,341
2025-11-17 13:00:00,2.32265,2.32356,2.32265,2.32325,329
2025-11-17 13:05:00,2.32324,2.32349,2.32282,2.32319,301
2025-11-17 13:10:00,2.32323,2.32422,2.32317,2.32349,288
2025-11-17 13:15:00,2.32351,2.32363,2.32324,2.32332,262
2025-11-17 13:20:00,2.32331,2.32331,2.32234,2.32265,258
2025-11-17 13:25:00,2.32264,2.32293,2.32234,2.32253,226
2025-11-17 13:30:00,2.32254,2.3234,2.32229,2.3232,305
2025-11-17 13:35:00,2.32332,2.32346,2.32234,2.3232,240
2025-11-17 13:40:00,2.32319,2.32403,2.32291,2.32346,277
2025-11-17 13:45:00,2.32348,2.32398,2.32322,2.32392,239
2025-11-17 13:50:00,2.32395,2.3246,2.32363,2.32427,312
2025-11-17 13:55:00,2.3242599999999998,2.325,2.32396,2.3248699999999998,402
2025-11-17 14:00:00,2.3248699999999998,2.32537,2.32434,2.32516,377
2025-11-17 14:05:00,2.32519,2.32537,2.32483,2.32492,302
2025-11-17 14:10:00,2.32494,2.32542,2.32471,2.32532,196
2025-11-17 14:15:00,2.3252800000000002,2.32537,2.32476,2.32488,231
2025-11-17 14:20:00,2.3248699999999998,2.32499,2.32453,2.32476,224
2025-11-17 14:25:00,2.32478,2.32506,2.32423,2.3247999999999998,326
2025-11-17 14:30:00,2.32479,2.32513,2.32363,2.32409,316
2025-11-17 14:35:00,2.32414,2.32513,2.32381,2.32483,265
2025-11-17 14:40:00,2.32488,2.32601,2.32488,2.32551,312
2025-11-17 14:45:00,2.32549,2.32584,2.32494,2.32508,319
2025-11-17 14:50:00,2.3248699999999998,2.32554,2.32485,2.32493,328
2025-11-17 14:55:00,2.32499,2.32544,2.32477,2.32494,344
2025-11-17 15:00:00,2.32495,2.32588,2.32495,2.32561,390
2025-11-17 15:05:00,2.3256,2.32668,2.3256,2.32667,328
2025-11-17 15:10:00,2.32673,2.3271,2.32633,2.32656,282
2025-11-17 15:15:00,2.3265700000000002,2.32685,2.32635,2.32662,346
2025-11-17 15:20:00,2.32683,2.32748,2.3266,2.32726,310
2025-11-17 15:25:00,2.32727,2.32753,2.32666,2.32682,225
2025-11-17 15:30:00,2.32695,2.32746,2.32658,2.32727,308
2025-11-17 15:35:00,2.3272399999999998,2.3276,2.32679,2.32688,420
2025-11-17 15:40:00,2.32686,2.32714,2.32656,2.32685,338
2025-11-17 15:45:00,2.32679,2.32725,2.32614,2.32652,385
2025-11-17 15:50:00,2.32652,2.32735,2.3264,2.32664,344
2025-11-17 15:55:00,2.3266299999999998,2.32673,2.3254099999999998,2.32569,322
2025-11-17 16:00:00,2.3257,2.32608,2.32547,2.32549,316
2025-11-17 16:05:00,2.32558,2.32626,2.32558,2.32619,263
2025-11-17 16:10:00,2.32615,2.32693,2.32604,2.32679,228
2025-11-17 16:15:00,2.32678,2.32747,2.32636,2.32738,277
2025-11-17 16:20:00,2.32729,2.32783,2.32716,2.32745,254
2025-11-17 16:25:00,2.3274,2.32759,2.32614,2.32621,265
2025-11-17 16:30:00,2.32623,2.32673,2.32491,2.32491,458
2025-11-17 16:35:00,2.32492,2.32516,2.32396,2.32507,455
2025-11-17 16:40:00,2.32505,2.32545,2.3243,2.32511,502
2025-11-17 16:45:00,2.32509,2.32539,2.3243,2.32477,475
2025-11-17 16:50:00,2.32477,2.32485,2.32364,2.32366,443
2025-11-17 16:55:00,2.3236499999999998,2.32428,2.32303,2.32323,471
2025-11-17 17:00:00,2.32333,2.32482,2.32324,2.32471,488
2025-11-17 17:05:00,2.3246700000000002,2.32564,2.32453,2.32538,488
2025-11-17 17:10:00,2.32536,2.32605,2.32498,2.32581,441
2025-11-17 17:15:00,2.32579,2.32592,2.3252800000000002,2.32586,405
2025-11-17 17:20:00,2.32583,2.32592,2.32484,2.32521,430
2025-11-17 17:25:00,2.32524,2.32562,2.3241899999999998,2.32429,433
2025-11-17 17:30:00,2.3242599999999998,2.32446,2.32349,2.32422,385
2025-11-17 17:35:00,2.32415,2.32456,2.32369,2.32433,407
2025-11-17 17:40:00,2.32436,2.32456,2.32355,2.32367,390
2025-11-17 17:45:00,2.32366,2.32492,2.32335,2.32444,379
2025-11-17 17:50:00,2.32441,2.32506,2.32339,2.32496,412
2025-11-17 17:55:00,2.32497,2.32516,2.32214,2.32314,619
2025-11-17 18:00:00,2.32316,2.32364,2.32262,2.32337,459
2025-11-17 18:05:00,2.32336,2.3238,2.32313,2.3235799999999998,454
2025-11-17 18:10:00,2.32369,2.32416,2.32315,2.32321,405
2025-11-17 18:15:00,2.3232,2.32462,2.3232,2.32438,399
2025-11-17 18:20:00,2.32436,2.32468,2.32396,2.32405,348
2025-11-17 18:25:00,2.32403,2.32454,2.32381,2.32405,305
2025-11-17 18:30:00,2.3240600000000002,2.3242599999999998,2.3233800000000002,2.32364,399
2025-11-17 18:35:00,2.32363,2.32418,2.32348,2.32371,354
2025-11-17 18:40:00,2.32369,2.32371,2.32242,2.32292,338
2025-11-17 18:45:00,2.32293,2.32321,2.32252,2.32258,289
2025-11-17 18:50:00,2.32256,2.32263,2.32215,2.32257,334
2025-11-17 18:55:00,2.32261,2.32306,2.32259,2.3228400000000002,326
2025-11-17 19:00:00,2.32276,2.32307,2.32217,2.32233,306
2025-11-17 19:05:00,2.32232,2.32245,2.32163,2.32167,280
2025-11-17 19:10:00,2.32168,2.3221,2.32141,2.32167,262
2025-11-17 19:15:00,2.32165,2.32204,2.32158,2.3217499999999998,232
2025-11-17 19:20:00,2.32181,2.32195,2.32117,2.32143,290
2025-11-17 19:25:00,2.32144,2.32177,2.32083,2.32177,315
2025-11-17 19:30:00,2.32176,2.32192,2.32147,2.3218199999999998,280
2025-11-17 19:35:00,2.32183,2.32209,2.32161,2.32186,270
2025-11-17 19:40:00,2.32188,2.32268,2.32178,2.32262,248
2025-11-17 19:45:00,2.32259,2.32326,2.3223,2.32244,340
2025-11-17 19:50:00,2.3224299999999998,2.32305,2.32224,2.32305,275
2025-11-17 19:55:00,2.32306,2.32312,2.3225,2.32295,272
2025-11-17 20:00:00,2.32309,2.32335,2.32246,2.32327,279
2025-11-17 20:05:00,2.32322,2.32378,2.32303,2.32323,204
2025-11-17 20:10:00,2.32328,2.32328,2.3224,2.32316,290
2025-11-17 20:15:00,2.32315,2.32319,2.3227700000000002,2.3231,258
2025-11-17 20:20:00,2.32309,2.32319,2.32257,2.32295,226
2025-11-17 20:25:00,2.32294,2.32326,2.32264,2.32298,232
2025-11-17 20:30:00,2.32302,2.32346,2.32293,2.3234,249
2025-11-17 20:35:00,2.32341,2.32403,2.32335,2.32386,198
2025-11-17 20:40:00,2.32388,2.32443,2.32382,2.32422,203
2025-11-17 20:45:00,2.32422,2.32422,2.32346,2.32369,251
2025-11-17 20:50:00,2.32367,2.32458,2.32367,2.32448,292
2025-11-17 20:55:00,2.3245,2.32504,2.32438,2.32502,324
2025-11-17 21:00:00,2.32501,2.32553,2.32475,2.32526,311
2025-11-17 21:05:00,2.3254099999999998,2.32554,2.32479,2.32531,271
2025-11-17 21:10:00,2.32535,2.32598,2.32507,2.32581,273
2025-11-17 21:15:00,2.32579,2.32601,2.3254099999999998,2.32587,172
2025-11-17 21:20:00,2.3258900000000002,2.32681,2.32581,2.32654,188
2025-11-17 21:25:00,2.32655,2.3271100000000002,2.32649,2.32666,246
2025-11-17 21:30:00,2.32659,2.32679,2.32622,2.32648,286
2025-11-17 21:35:00,2.3265000000000002,2.32734,2.32612,2.3272,312
2025-11-17 21:40:00,2.32719,2.32761,2.32643,2.32661,345
2025-11-17 21:45:00,2.32662,2.32743,2.32655,2.3272399999999998,303
2025-11-17 21:50:00,2.32725,2.32737,2.32691,2.32703,285
2025-11-17 21:55:00,2.32704,2.32704,2.32616,2.32623,358
2025-11-17 22:00:00,2.32627,2.3271800000000002,2.32626,2.32705,338
2025-11-17 22:05:00,2.32708,2.32752,2.32669,2.32701,317
2025-11-17 22:10:00,2.32699,2.32708,2.32662,2.32702,296
2025-11-17 22:15:00,2.32697,2.32716,2.32664,2.32713,276
2025-11-17 22:20:00,2.32721,2.32752,2.32692,2.32737,252
2025-11-17 22:25:00,2.32738,2.32746,2.32707,2.32732,281
2025-11-17 22:30:00,2.3273,2.32736,2.32693,2.32729,301
2025-11-17 22:35:00,2.32735,2.32744,2.32704,2.32735,276
2025-11-17 22:40:00,2.32734,2.32805,2.32716,2.32756,243
2025-11-17 22:45:00,2.32757,2.32762,2.32681,2.32686,241
2025-11-17 22:50:00,2.32684,2.32684,2.32584,2.32584,269
2025-11-17 22:55:00,2.32582,2.32582,2.32512,2.3254799999999998,305
2025-11-17 23:00:00,2.32469,2.32561,2.32451,2.3256,225
2025-11-17 23:05:00,2.32558,2.32587,2.32552,2.32582,141
2025-11-17 23:10:00,2.32577,2.326,2.32561,2.32577,192
2025-11-17 23:15:00,2.32578,2.3265700000000002,2.32573,2.326,102
2025-11-17 23:20:00,2.32599,2.32608,2.3254099999999998,2.32555,145
2025-11-17 23:25:00,2.32555,2.32612,2.32542,2.32604,185
2025-11-17 23:30:00,2.32603,2.32637,2.32583,2.32608,266
2025-11-17 23:35:00,2.32614,2.32614,2.3256,2.3256,274
2025-11-17 23:40:00,2.32554,2.32574,2.3252,2.32538,135
2025-11-17 23:45:00,2.32537,2.3254799999999998,2.32493,2.32493,149
2025-11-17 23:50:00,2.32488,2.32502,2.32439,2.32455,234
2025-11-17 23:55:00,2.32505,2.32514,2.32153,2.32161,316
2025-11-18 00:00:00,2.32348,2.32388,2.32301,2.32311,16
2025-11-18 00:05:00,2.32409,2.3241,2.32227,2.32268,41
2025-11-18 00:10:00,2.32268,2.32272,2.32235,2.32242,78
2025-11-18 00:15:00,2.3227,2.32314,2.32246,2.3228400000000002,115
2025-11-18 00:20:00,2.32282,2.3228400000000002,2.3223,2.32267,100
2025-11-18 00:25:00,2.32269,2.32373,2.32258,2.3236499999999998,125
2025-11-18 00:30:00,2.32368,2.32423,2.32359,2.32418,112
2025-11-18 00:35:00,2.32425,2.32483,2.32334,2.32402,126
2025-11-18 00:40:00,2.32396,2.32401,2.3237,2.32376,286
2025-11-18 00:45:00,2.32372,2.32393,2.32352,2.32367,194
2025-11-18 00:50:00,2.32368,2.32378,2.32347,2.3235799999999998,188
2025-11-18 00:55:00,2.32362,2.32363,2.32289,2.32299,224
2025-11-18 01:00:00,2.32409,2.3244,2.32346,2.32369,230
2025-11-18 01:05:00,2.32361,2.32446,2.32361,2.32444,113
2025-11-18 01:10:00,2.32442,2.32524,2.32442,2.32503,89
2025-11-18 01:15:00,2.32505,2.3252800000000002,2.32472,2.32497,146
2025-11-18 01:20:00,2.32501,2.32507,2.3247999999999998,2.32491,102
2025-11-18 01:25:00,2.32493,2.32513,2.32491,2.32509,97
2025-11-18 01:30:00,2.32524,2.32593,2.32524,2.32593,164
2025-11-18 01:35:00,2.32593,2.32622,2.32585,2.32614,136
2025-11-18 01:40:00,2.32614,2.32633,2.32577,2.32598,176
2025-11-18 01:45:00,2.32593,2.3265700000000002,2.32593,2.32654,161
2025-11-18 01:50:00,2.32656,2.32656,2.3262,2.32634,93
2025-11-18 01:55:00,2.3263,2.32656,2.32617,2.32656,147
2025-11-18 02:00:00,2.32655,2.32705,2.32623,2.3266999999999998,267
2025-11-18 02:05:00,2.32666,2.32696,2.32648,2.32659,215
2025-11-18 02:10:00,2.32655,2.3266299999999998,2.32629,2.32637,166
2025-11-18 02:15:00,2.32635,2.32703,2.32599,2.32693,175
2025-11-18 02:20:00,2.32689,2.32689,2.32617,2.32626,196
2025-11-18 02:25:00,2.32624,2.32628,2.32594,2.32606,129
2025-11-18 02:30:00,2.32606,2.32652,2.32557,2.32633,216
2025-11-18 02:35:00,2.32635,2.32669,2.32603,2.32607,259
2025-11-18 02:40:00,2.32605,2.32624,2.32574,2.3260199999999998,248
2025-11-18 02:45:00,2.3260199999999998,2.32643,2.32562,2.3262,277
2025-11-18 02:50:00,2.32621,2.32636,2.32564,2.32586,337
2025-11-18 02:55:00,2.32585,2.32669,2.32569,2.3266299999999998,357
2025-11-18 03:00:00,2.32661,2.32661,2.32535,2.32535,379
2025-11-18 03:05:00,2.32536,2.3265700000000002,2.32536,2.32631,276
2025-11-18 03:10:00,2.3263,2.32641,2.32562,2.32579,315
2025-11-18 03:15:00,2.32577,2.32621,2.3251,2.3260199999999998,344
2025-11-18 03:20:00,2.32597,2.3265700000000002,2.32584,2.32587,269
2025-11-18 03:25:00,2.32588,2.32692,2.3257,2.32684,293
2025-11-18 03:30:00,2.32686,2.32686,2.32591,2.32653,263
2025-11-18 03:35:00,2.3265000000000002,2.32658,2.32597,2.3262,242
2025-11-18 03:40:00,2.32624,2.32624,2.32558,2.3259,227
2025-11-18 03:45:00,2.32585,2.32608,2.32551,2.32591,222
2025-11-18 03:50:00,2.3259,2.3259600000000002,2.3255,2.32585,294
2025-11-18 03:55:00,2.32584,2.3258900000000002,2.32434,2.32436,245
2025-11-18 04:00:00,2.32437,2.32477,2.32371,2.32372,302
2025-11-18 04:05:00,2.3237,2.32453,2.3237,2.32431,237
2025-11-18 04:10:00,2.32432,2.32481,2.32414,2.3242599999999998,229
2025-11-18 04:15:00,2.32429,2.32448,2.32395,2.32415,220
2025-11-18 04:20:00,2.32417,2.32437,2.32401,2.32416,271
2025-11-18 04:25:00,2.32418,2.32442,2.32409,2.32413,257
2025-11-18 04:30:00,2.32415,2.3249,2.32405,2.32445,283
2025-11-18 04:35:00,2.32449,2.32583,2.32446,2.32583,217
2025-11-18 04:40:00,2.32578,2.32594,2.32519,2.32571,269
2025-11-18 04:45:00,2.3257,2.32651,2.3256,2.32599,255
2025-11-18 04:50:00,2.326,2.32651,2.32581,2.32642,198
2025-11-18 04:55:00,2.32631,2.32658,2.3260199999999998,2.32654,265
2025-11-18 05:00:00,2.32655,2.32686,2.32612,2.32647,278
2025-11-18 05:05:00,2.32646,2.32684,2.3260199999999998,2.32626,306
2025-11-18 05:10:00,2.32628,2.3277200000000002,2.3262,2.32753,304
2025-11-18 05:15:00,2.32755,2.32764,2.32656,2.32666,228
2025-11-18 05:20:00,2.32664,2.32677,2.32591,2.3260199999999998,231
2025-11-18 05:25:00,2.32601,2.32675,2.32587,2.32675,264
2025-11-18 05:30:00,2.32674,2.32721,2.32666,2.32666,275
2025-11-18 05:35:00,2.3266299999999998,2.32683,2.32563,2.32569,224
2025-11-18 05:40:00,2.32571,2.32586,2.32547,2.32579,227
2025-11-18 05:45:00,2.3258,2.32627,2.32565,2.32623,253
2025-11-18 05:50:00,2.32624,2.32762,2.32623,2.32742,260
2025-11-18 05:55:00,2.32741,2.32764,2.32706,2.32721,264
2025-11-18 06:00:00,2.3272,2.3291,2.32715,2.3289,264
2025-11-18 06:05:00,2.32887,2.32951,2.32837,2.32878,313
2025-11-18 06:10:00,2.32879,2.33156,2.3287,2.32994,350
2025-11-18 06:15:00,2.32997,2.33141,2.3297499999999998,2.33099,409
2025-11-18 06:20:00,2.3309699999999998,2.33187,2.33086,2.3314500000000002,437
2025-11-18 06:25:00,2.33144,2.33189,2.33082,2.33106,402
2025-11-18 06:30:00,2.33105,2.33105,2.32978,2.32987,286
2025-11-18 06:35:00,2.32998,2.33041,2.32953,2.32993,339
2025-11-18 06:40:00,2.32999,2.33033,2.32948,2.32949,247
2025-11-18 06:45:00,2.32946,2.33008,2.32936,2.32956,223
2025-11-18 06:50:00,2.32958,2.32974,2.3290100000000002,2.3291,238
2025-11-18 06:55:00,2.32909,2.32935,2.32873,2.32918,311
2025-11-18 07:00:00,2.32918,2.33067,2.32918,2.33026,361
2025-11-18 07:05:00,2.33024,2.33047,2.32981,2.33024,272
2025-11-18 07:10:00,2.33027,2.3302899999999998,2.32931,2.32942,268
2025-11-18 07:15:00,2.32946,2.3296,2.3290100000000002,2.32904,226
2025-11-18 07:20:00,2.3290100000000002,2.32904,2.32796,2.32797,310
2025-11-18 07:25:00,2.328,2.32919,2.32799,2.32902,236
2025-11-18 07:30:00,2.32895,2.32895,2.32838,2.3284599999999998,234
2025-11-18 07:35:00,2.32848,2.32849,2.3277,2.3277,155
2025-11-18 07:40:00,2.3277200000000002,2.3277200000000002,2.3266999999999998,2.32684,275
2025-11-18 07:45:00,2.32689,2.32742,2.32677,2.32702,220
2025-11-18 07:50:00,2.32701,2.32747,2.32624,2.32723,236
2025-11-18 07:55:00,2.32722,2.32773,2.32709,2.32764,284
2025-11-18 08:00:00,2.32762,2.32764,2.32646,2.32666,314
2025-11-18 08:05:00,2.32665,2.3272,2.3263,2.32696,206
2025-11-18 08:10:00,2.32695,2.32734,2.32682,2.32696,225
2025-11-18 08:15:00,2.32694,2.32699,2.32647,2.32668,228
2025-11-18 08:20:00,2.32672,2.32801,2.32671,2.32775,314
2025-11-18 08:25:00,2.32778,2.32845,2.3277200000000002,2.32799,316
2025-11-18 08:30:00,2.32807,2.32817,2.32693,2.327,299
2025-11-18 08:35:00,2.32696,2.32766,2.32669,2.3274,354
2025-11-18 08:40:00,2.32742,2.32778,2.32696,2.3277,291
2025-11-18 08:45:00,2.32769,2.32822,2.32737,2.32782,312
2025-11-18 08:50:00,2.32781,2.32821,2.32769,2.32775,222
2025-11-18 08:55:00,2.32776,2.32776,2.32714,2.3272399999999998,401
2025-11-18 09:00:00,2.32723,2.32796,2.3271,2.3277900000000002,471
2025-11-18 09:05:00,2.32775,2.32797,2.32704,2.32723,362
2025-11-18 09:10:00,2.32727,2.3277,2.32694,2.32699,388
2025-11-18 09:15:00,2.32704,2.32726,2.32679,2.32709,344
2025-11-18 09:20:00,2.32708,2.32745,2.32671,2.32677,405
2025-11-18 09:25:00,2.3268,2.32681,2.32588,2.32635,330
2025-11-18 09:30:00,2.32631,2.32665,2.32559,2.32644,369
2025-11-18 09:35:00,2.32645,2.32645,2.32563,2.32574,351
2025-11-18 09:40:00,2.32569,2.32583,2.32506,2.32582,392
2025-11-18 09:45:00,2.32585,2.32636,2.32503,2.32625,321
2025-11-18 09:50:00,2.32628,2.32628,2.32477,2.32492,315
2025-11-18 09:55:00,2.32494,2.32505,2.32303,2.32387,410
2025-11-18 10:00:00,2.32386,2.32512,2.32321,2.3249,517
2025-11-18 10:05:00,2.32494,2.32586,2.3246,2.32479,467
2025-11-18 10:10:00,2.3246700000000002,2.3252800000000002,2.32456,2.32468,421
2025-11-18 10:15:00,2.32473,2.32555,2.32431,2.32508,452
2025-11-18 10:20:00,2.32503,2.32524,2.32415,2.32427,380
2025-11-18 10:25:00,2.32416,2.32451,2.32321,2.32364,387
2025-11-18 10:30:00,2.32361,2.32398,2.32242,2.32253,386
2025-11-18 10:35:00,2.32251,2.32254,2.32178,2.32213,424
2025-11-18 10:40:00,2.32208,2.32217,2.32158,2.32217,364
2025-11-18 10:45:00,2.32219,2.32274,2.3216200000000002,2.32263,352
2025-11-18 10:50:00,2.32266,2.323,2.3223,2.32237,326
2025-11-18 10:55:00,2.32239,2.32296,2.32211,2.32268,349
2025-11-18 11:00:00,2.32272,2.32303,2.32204,2.32281,356
2025-11-18 11:05:00,2.32279,2.32319,2.32109,2.32125,369
2025-11-18 11:10:00,2.32116,2.32151,2.3209,2.32124,280
2025-11-18 11:15:00,2.32123,2.32227,2.32092,2.32218,327
2025-11-18 11:20:00,2.32228,2.32275,2.32189,2.32227,275
2025-11-18 11:25:00,2.32226,2.32282,2.32221,2.32222,295
2025-11-18 11:30:00,2.32219,2.32262,2.32199,2.3225,303
2025-11-18 11:35:00,2.32252,2.32285,2.32203,2.32233,337
2025-11-18 11:40:00,2.32234,2.32262,2.32177,2.32193,303
2025-11-18 11:45:00,2.32197,2.32204,2.32159,2.32174,275
2025-11-18 11:50:00,2.32173,2.32188,2.32119,2.32128,285
2025-11-18 11:55:00,2.32134,2.32165,2.32095,2.32124,308
2025-11-18 12:00:00,2.32127,2.32173,2.3210100000000002,2.32148,379
2025-11-18 12:05:00,2.3214,2.3222300000000002,2.32139,2.3221,262
2025-11-18 12:10:00,2.32212,2.32234,2.32194,2.32213,249
2025-11-18 12:15:00,2.3221,2.32225,2.32116,2.3216,288
2025-11-18 12:20:00,2.32154,2.3216,2.32078,2.32154,361
2025-11-18 12:25:00,2.3215500000000002,2.3232,2.32143,2.32285,370
2025-11-18 12:30:00,2.32282,2.32316,2.3221600000000002,2.32255,314
2025-11-18 12:35:00,2.32259,2.32286,2.32233,2.32255,200
2025-11-18 12:40:00,2.32258,2.32276,2.32118,2.32118,251
2025-11-18 12:45:00,2.32117,2.32154,2.32087,2.32143,274
2025-11-18 12:50:00,2.32146,2.32174,2.3211,2.32129,306
2025-11-18 12:55:00,2.32127,2.32207,2.32097,2.3215,352
2025-11-18 13:00:00,2.32153,2.3218199999999998,2.32001,2.32008,322
2025-11-18 13:05:00,2.32008,2.32036,2.31956,2.3202,263
2025-11-18 13:10:00,2.32026,2.3203,2.31964,2.32005,216
2025-11-18 13:15:00,2.32002,2.32002,2.31909,2.31909,220
2025-11-18 13:20:00,2.31912,2.31935,2.3181599999999998,2.31817,255
2025-11-18 13:25:00,2.3181599999999998,2.31897,2.31813,2.31895,253
2025-11-18 13:30:00,2.31896,2.31997,2.31885,2.31986,268
2025-11-18 13:35:00,2.31984,2.31993,2.31921,2.31933,247
2025-11-18 13:40:00,2.31932,2.31939,2.31862,2.31862,208
2025-11-18 13:45:00,2.31862,2.31947,2.31855,2.31927,240
2025-11-18 13:50:00,2.31925,2.31955,2.31876,2.31883,213
2025-11-18 13:55:00,2.31886,2.31923,2.31853,2.3192,339
2025-11-18 14:00:00,2.31921,2.32043,2.31892,2.32043,353
2025-11-18 14:05:00,2.32044,2.32116,2.3204000000000002,2.32098,373
2025-11-18 14:10:00,2.32096,2.32196,2.32091,2.32113,337
2025-11-18 14:15:00,2.32115,2.32117,2.32024,2.32037,248
2025-11-18 14:20:00,2.32038,2.32086,2.32016,2.32082,283
2025-11-18 14:25:00,2.32083,2.32133,2.3208,2.32125,252
2025-11-18 14:30:00,2.32124,2.32148,2.32093,2.32093,287
2025-11-18 14:35:00,2.3209400000000002,2.32156,2.32047,2.32078,247
2025-11-18 14:40:00,2.3208,2.32145,2.32076,2.32129,231
2025-11-18 14:45:00,2.3213,2.32204,2.32113,2.32202,293
2025-11-18 14:50:00,2.32191,2.32208,2.32144,2.32169,244
2025-11-18 14:55:00,2.32167,2.32167,2.32066,2.32118,350
2025-11-18 15:00:00,2.32116,2.3213,2.32012,2.32096,460
2025-11-18 15:05:00,2.32088,2.32096,2.3188,2.31913,419
2025-11-18 15:10:00,2.31912,2.31953,2.31872,2.31924,432
2025-11-18 15:15:00,2.31922,2.31975,2.31898,2.31951,410
2025-11-18 15:20:00,2.31965,2.31968,2.31819,2.31848,444
2025-11-18 15:25:00,2.3185000000000002,2.31859,2.3175,2.31833,486
2025-11-18 15:30:00,2.31832,2.31832,2.31689,2.31733,570
2025-11-18 15:35:00,2.31714,2.31778,2.31709,2.31729,414
2025-11-18 15:40:00,2.31729,2.31826,2.31719,2.3181,397
2025-11-18 15:45:00,2.31811,2.31869,2.31778,2.31869,322
2025-11-18 15:50:00,2.31858,2.31952,2.31854,2.3187699999999998,382
2025-11-18 15:55:00,2.31885,2.32006,2.31878,2.32001,388
2025-11-18 16:00:00,2.31994,2.3211399999999998,2.31994,2.321,387
2025-11-18 16:05:00,2.321,2.32137,2.32049,2.321,351
2025-11-18 16:10:00,2.32102,2.32133,2.32042,2.32058,360
2025-11-18 16:15:00,2.32056,2.3222300000000002,2.32045,2.32222,271
2025-11-18 16:20:00,2.3222300000000002,2.32225,2.32125,2.32149,367
2025-11-18 16:25:00,2.32152,2.32222,2.3215,2.32211,330
2025-11-18 16:30:00,2.32209,2.32232,2.32005,2.32128,580
2025-11-18 16:35:00,2.32126,2.32197,2.32068,2.32185,532
2025-11-18 16:40:00,2.32197,2.32311,2.32161,2.32309,527
2025-11-18 16:45:00,2.32309,2.32354,2.32214,2.32323,557
2025-11-18 16:50:00,2.32327,2.32433,2.32249,2.32393,510
2025-11-18 16:55:00,2.32397,2.32486,2.32369,2.32485,490
2025-11-18 17:00:00,2.32486,2.32623,2.32441,2.32623,551
2025-11-18 17:05:00,2.32624,2.3265000000000002,2.3255,2.32632,606
2025-11-18 17:10:00,2.32633,2.32647,2.3247999999999998,2.32524,579
2025-11-18 17:15:00,2.32526,2.32733,2.32518,2.32732,499
2025-11-18 17:20:00,2.32734,2.32756,2.32586,2.32722,561
2025-11-18 17:25:00,2.3272399999999998,2.32905,2.327,2.32852,549
2025-11-18 17:30:00,2.32843,2.32864,2.32652,2.32762,487
2025-11-18 17:35:00,2.32764,2.32845,2.3273099999999998,2.32759,470
2025-11-18 17:40:00,2.32762,2.32825,2.327,2.32798,488
2025-11-18 17:45:00,2.32799,2.32814,2.32714,2.32749,487
2025-11-18 17:50:00,2.3276,2.32809,2.32524,2.3253,550
2025-11-18 17:55:00,2.32526,2.32535,2.32407,2.32479,625
2025-11-18 18:00:00,2.3247999999999998,2.32706,2.32472,2.32699,618
2025-11-18 18:05:00,2.32701,2.32771,2.32554,2.3256,549
2025-11-18 18:10:00,2.32545,2.32545,2.32413,2.3242599999999998,531
2025-11-18 18:15:00,2.32431,2.32432,2.3227,2.32316,450
2025-11-18 18:20:00,2.32319,2.32341,2.32259,2.32279,468
2025-11-18 18:25:00,2.32272,2.32309,2.32126,2.32129,451
2025-11-18 18:30:00,2.32123,2.32123,2.31977,2.32018,556
2025-11-18 18:35:00,2.32029,2.32106,2.32029,2.32103,457
2025-11-18 18:40:00,2.32105,2.3218,2.32056,2.32105,429
2025-11-18 18:45:00,2.32109,2.3227700000000002,2.32108,2.32224,422
2025-11-18 18:50:00,2.32227,2.32318,2.3222,2.32285,403
2025-11-18 18:55:00,2.3228400000000002,2.32346,2.32224,2.32342,409
2025-11-18 19:00:00,2.3234,2.32357,2.32207,2.32218,450
2025-11-18 19:05:00,2.32225,2.32339,2.32211,2.32318,320
2025-11-18 19:10:00,2.32319,2.3233,2.32241,2.3230399999999998,382
2025-11-18 19:15:00,2.32305,2.32315,2.32247,2.32267,380
2025-11-18 19:20:00,2.32255,2.32334,2.32207,2.32332,412
2025-11-18 19:25:00,2.32331,2.32381,2.3228,2.32375,386
2025-11-18 19:30:00,2.32377,2.32431,2.32364,2.32368,400
2025-11-18 19:35:00,2.32378,2.32385,2.32259,2.32262,349
2025-11-18 19:40:00,2.32262,2.32262,2.3215500000000002,2.3215500000000002,392
2025-11-18 19:45:00,2.32156,2.32227,2.32123,2.32125,348
2025-11-18 19:50:00,2.3212099999999998,2.32161,2.32103,2.3211,291
2025-11-18 19:55:00,2.32108,2.32128,2.31993,2.3207,341
2025-11-18 20:00:00,2.32077,2.32077,2.31986,2.31986,410
2025-11-18 20:05:00,2.31989,2.32032,2.31973,2.31989,311
2025-11-18 20:10:00,2.31987,2.32007,2.31953,2.31978,325
2025-11-18 20:15:00,2.3197900000000002,2.32039,2.31966,2.32029,326
2025-11-18 20:20:00,2.32029,2.32049,2.31985,2.32005,253
2025-11-18 20:25:00,2.32006,2.321,2.32006,2.32091,348
2025-11-18 20:30:00,2.3209,2.32093,2.32029,2.32073,323
2025-11-18 20:35:00,2.32074,2.32107,2.3203,2.32069,315
2025-11-18 20:40:00,2.32067,2.32115,2.32018,2.32096,283
2025-11-18 20:45:00,2.32095,2.32104,2.32039,2.32076,262
2025-11-18 20:50:00,2.32081,2.3210100000000002,2.32049,2.32085,299
2025-11-18 20:55:00,2.32086,2.32177,2.32085,2.32166,394
2025-11-18 21:00:00,2.32167,2.3217,2.32059,2.32148,356
2025-11-18 21:05:00,2.32147,2.32191,2.3211399999999998,2.3212099999999998,263
2025-11-18 21:10:00,2.32122,2.32125,2.32066,2.32119,272
2025-11-18 21:15:00,2.3212099999999998,2.32188,2.32106,2.32128,276
2025-11-18 21:20:00,2.3213,2.3216200000000002,2.3212,2.32148,236
2025-11-18 21:25:00,2.32151,2.32193,2.32124,2.32158,273
2025-11-18 21:30:00,2.3215500000000002,2.32176,2.32141,2.32149,252
2025-11-18 21:35:00,2.32148,2.32151,2.32093,2.32102,279
2025-11-18 21:40:00,2.32103,2.32128,2.32063,2.32124,276
2025-11-18 21:45:00,2.32127,2.32129,2.32063,2.32098,280
2025-11-18 21:50:00,2.32096,2.32126,2.3209,2.3212,296
2025-11-18 21:55:00,2.3212,2.322,2.3211,2.32167,370
2025-11-18 22:00:00,2.32169,2.32176,2.32102,2.32145,357
2025-11-18 22:05:00,2.32146,2.32177,2.32137,2.3215500000000002,299
2025-11-18 22:10:00,2.32157,2.32189,2.32138,2.32169,252
2025-11-18 22:15:00,2.32171,2.32171,2.3212099999999998,2.32153,281
2025-11-18 22:20:00,2.32139,2.32161,2.32123,2.3215500000000002,373
2025-11-18 22:25:00,2.32154,2.32193,2.32144,2.32147,253
2025-11-18 22:30:00,2.32149,2.32206,2.32141,2.32181,294
2025-11-18 22:35:00,2.3217499999999998,2.32197,2.3212,2.3213,298
2025-11-18 22:40:00,2.32135,2.32187,2.32135,2.3217,247
2025-11-18 22:45:00,2.32168,2.32188,2.3214,2.32177,307
2025-11-18 22:50:00,2.32179,2.32187,2.32133,2.32168,350
2025-11-18 22:55:00,2.3217499999999998,2.32203,2.32141,2.32203,343
2025-11-18 23:00:00,2.32129,2.32218,2.32124,2.32167,259
2025-11-18 23:05:00,2.32171,2.32262,2.3214,2.32256,233
2025-11-18 23:10:00,2.32258,2.32276,2.32212,2.32261,166
2025-11-18 23:15:00,2.32259,2.32281,2.32226,2.32237,182
2025-11-18 23:20:00,2.32239,2.32305,2.32239,2.32301,131
2025-11-18 23:25:00,2.32303,2.32343,2.32301,2.32333,112
2025-11-18 23:30:00,2.32336,2.32353,2.32228,2.3223,208
2025-11-18 23:35:00,2.32229,2.32267,2.32202,2.32237,99
2025-11-18 23:40:00,2.32238,2.32246,2.32227,2.32235,107
2025-11-18 23:45:00,2.32237,2.32313,2.32237,2.32311,246
2025-11-18 23:50:00,2.32312,2.3236,2.32285,2.32291,113
2025-11-18 23:55:00,2.32049,2.32058,2.32008,2.32012,150
2025-11-19 00:00:00,2.32183,2.32211,2.32181,2.32211,6
2025-11-19 00:05:00,2.32199,2.32211,2.32061,2.32109,30
2025-11-19 00:10:00,2.32109,2.32134,2.32107,2.32133,58
2025-11-19 00:15:00,2.32133,2.32228,2.32133,2.32195,116
2025-11-19 00:20:00,2.32193,2.32246,2.32193,2.32201,99
2025-11-19 00:25:00,2.32195,2.32241,2.32195,2.32208,98
2025-11-19 00:30:00,2.32207,2.32295,2.32196,2.32209,128
2025-11-19 00:35:00,2.3221600000000002,2.32271,2.32191,2.32193,67
2025-11-19 00:40:00,2.32196,2.32271,2.3219,2.3221,31
2025-11-19 00:45:00,2.32208,2.32288,2.32207,2.32253,47
2025-11-19 00:50:00,2.32251,2.32258,2.32227,2.3224299999999998,114
2025-11-19 00:55:00,2.32248,2.32255,2.32204,2.32209,225
2025-11-19 01:00:00,2.32212,2.32296,2.32196,2.32203,215
2025-11-19 01:05:00,2.322,2.32246,2.32178,2.32242,132
2025-11-19 01:10:00,2.3224,2.32286,2.32237,2.32242,187
2025-11-19 01:15:00,2.3224299999999998,2.32244,2.32197,2.32197,199
2025-11-19 01:20:00,2.32195,2.322,2.32161,2.3218199999999998,153
2025-11-19 01:25:00,2.32183,2.32215,2.3217,2.32209,83
2025-11-19 01:30:00,2.32208,2.32283,2.32201,2.3226,138
2025-11-19 01:35:00,2.32257,2.32296,2.32254,2.32281,150
2025-11-19 01:40:00,2.32283,2.32294,2.32262,2.32283,117
2025-11-19 01:45:00,2.3228400000000002,2.32322,2.3228400000000002,2.32317,111
2025-11-19 01:50:00,2.32318,2.32348,2.32309,2.32342,130
2025-11-19 01:55:00,2.32343,2.32354,2.3230399999999998,2.32313,114
2025-11-19 02:00:00,2.32313,2.32434,2.32282,2.32429,249
2025-11-19 02:05:00,2.32427,2.3254,2.32427,2.3254,198
2025-11-19 02:10:00,2.32538,2.32585,2.32516,2.32566,180
2025-11-19 02:15:00,2.32565,2.32702,2.32559,2.327,192
2025-11-19 02:20:00,2.32699,2.32707,2.32615,2.32618,232
2025-11-19 02:25:00,2.32619,2.32659,2.32598,2.32642,138
2025-11-19 02:30:00,2.32641,2.3266999999999998,2.32555,2.32631,202
2025-11-19 02:35:00,2.3263,2.32673,2.3260899999999998,2.32645,265
2025-11-19 02:40:00,2.32645,2.32647,2.32526,2.32551,252
2025-11-19 02:45:00,2.32553,2.3271,2.32552,2.32696,281
2025-11-19 02:50:00,2.32695,2.32743,2.32652,2.32716,389
2025-11-19 02:55:00,2.32709,2.32759,2.32644,2.32743,357
2025-11-19 03:00:00,2.3275,2.32782,2.32687,2.32756,410
2025-11-19 03:05:00,2.32753,2.32855,2.32746,2.32826,394
2025-11-19 03:10:00,2.32828,2.32828,2.32701,2.32761,337
2025-11-19 03:15:00,2.32762,2.32818,2.32705,2.32812,298
2025-11-19 03:20:00,2.32811,2.32814,2.3272399999999998,2.32753,335
2025-11-19 03:25:00,2.32751,2.32788,2.32735,2.32788,215
2025-11-19 03:30:00,2.32787,2.32875,2.32776,2.3284000000000002,328
2025-11-19 03:35:00,2.32839,2.3290100000000002,2.32809,2.32873,307
2025-11-19 03:40:00,2.32877,2.32943,2.3285299999999998,2.32876,282
2025-11-19 03:45:00,2.32877,2.3294,2.32845,2.32937,300
2025-11-19 03:50:00,2.32938,2.32944,2.3284599999999998,2.32891,290
2025-11-19 03:55:00,2.3289,2.32978,2.32878,2.32888,295
2025-11-19 04:00:00,2.32889,2.32896,2.32799,2.32828,299
2025-11-19 04:05:00,2.32823,2.32823,2.32709,2.32753,298
2025-11-19 04:10:00,2.3275,2.3277,2.32722,2.32742,286
2025-11-19 04:15:00,2.32744,2.32844,2.32726,2.32835,321
2025-11-19 04:20:00,2.3283,2.32906,2.32784,2.32877,294
2025-11-19 04:25:00,2.32876,2.32916,2.32865,2.32916,245
2025-11-19 04:30:00,2.32916,2.3299,2.32913,2.32984,300
2025-11-19 04:35:00,2.32982,2.3299,2.32941,2.32958,255
2025-11-19 04:40:00,2.32956,2.33002,2.32946,2.32982,262
2025-11-19 04:45:00,2.32984,2.33049,2.32946,2.33049,235
2025-11-19 04:50:00,2.33048,2.33063,2.33008,2.3303599999999998,331
2025-11-19 04:55:00,2.33037,2.33108,2.33009,2.33103,240
2025-11-19 05:00:00,2.33105,2.33132,2.33067,2.33104,242
2025-11-19 05:05:00,2.33101,2.33136,2.33071,2.33127,216
2025-11-19 05:10:00,2.33126,2.33162,2.33121,2.3314500000000002,154
2025-11-19 05:15:00,2.33146,2.33177,2.33111,2.3316,238
2025-11-19 05:20:00,2.3315799999999998,2.33165,2.3307,2.33075,262
2025-11-19 05:25:00,2.33076,2.3315799999999998,2.33071,2.33078,197
2025-11-19 05:30:00,2.33079,2.33141,2.33075,2.33115,242
2025-11-19 05:35:00,2.33116,2.33144,2.33098,2.33115,197
2025-11-19 05:40:00,2.3311,2.33167,2.3311,2.33144,218
2025-11-19 05:45:00,2.3314500000000002,2.33169,2.3309699999999998,2.33111,256
2025-11-19 05:50:00,2.33113,2.33155,2.33103,2.33149,215
2025-11-19 05:55:00,2.33149,2.33315,2.33126,2.33289,339
2025-11-19 06:00:00,2.33286,2.33438,2.3327,2.3338,371
2025-11-19 06:05:00,2.3338200000000002,2.33383,2.33315,2.33345,243
2025-11-19 06:10:00,2.33347,2.33366,2.33292,2.33298,224
2025-11-19 06:15:00,2.33296,2.33296,2.33252,2.33271,261
2025-11-19 06:20:00,2.33275,2.33323,2.33272,2.3331,219
2025-11-19 06:25:00,2.33312,2.3333,2.33228,2.33231,283
2025-11-19 06:30:00,2.33232,2.33289,2.3320600000000002,2.33282,285
2025-11-19 06:35:00,2.33281,2.33315,2.3322,2.3322599999999998,273
2025-11-19 06:40:00,2.33227,2.33317,2.3322599999999998,2.33315,225
2025-11-19 06:45:00,2.33317,2.33327,2.33289,2.33297,256
2025-11-19 06:50:00,2.33295,2.33318,2.33238,2.33266,269
2025-11-19 06:55:00,2.33262,2.33329,2.33262,2.33326,243
2025-11-19 07:00:00,2.33329,2.33338,2.33292,2.33331,341
2025-11-19 07:05:00,2.33332,2.33353,2.33293,2.33298,320
2025-11-19 07:10:00,2.33295,2.33404,2.3327999999999998,2.334,225
2025-11-19 07:15:00,2.33395,2.33403,2.33346,2.33385,214
2025-11-19 07:20:00,2.33384,2.3339,2.33327,2.33335,200
2025-11-19 07:25:00,2.33336,2.33374,2.33335,2.33344,196
2025-11-19 07:30:00,2.33345,2.33352,2.33306,2.33319,249
2025-11-19 07:35:00,2.33317,2.33337,2.33298,2.33319,241
2025-11-19 07:40:00,2.33317,2.3335,2.33313,2.3332800000000002,229
2025-11-19 07:45:00,2.33329,2.33336,2.33279,2.33282,211
2025-11-19 07:50:00,2.33279,2.33282,2.33217,2.33225,318
2025-11-19 07:55:00,2.33223,2.3326000000000002,2.33203,2.3325,302
2025-11-19 08:00:00,2.33249,2.33311,2.33238,2.33257,267
2025-11-19 08:05:00,2.33255,2.33303,2.33229,2.33268,232
2025-11-19 08:10:00,2.33269,2.33269,2.33104,2.33134,264
2025-11-19 08:15:00,2.33133,2.3316,2.33108,2.33157,256
2025-11-19 08:20:00,2.33156,2.33196,2.33125,2.3315,286
2025-11-19 08:25:00,2.33151,2.33189,2.3315,2.33176,202
2025-11-19 08:30:00,2.33184,2.33207,2.33148,2.33182,227
2025-11-19 08:35:00,2.33183,2.33191,2.33143,2.33168,162
2025-11-19 08:40:00,2.33167,2.33204,2.33166,2.33193,151
2025-11-19 08:45:00,2.33191,2.33235,2.33181,2.33202,216
2025-11-19 08:50:00,2.33201,2.33231,2.33159,2.33214,225
2025-11-19 08:55:00,2.33213,2.33307,2.33165,2.33252,269
2025-11-19 09:00:00,2.33273,2.3332100000000002,2.3296799999999998,2.3298,454
2025-11-19 09:05:00,2.32979,2.33006,2.32921,2.32949,417
2025-11-19 09:10:00,2.32945,2.33177,2.32927,2.33174,352
2025-11-19 09:15:00,2.33173,2.332,2.33089,2.33123,296
2025-11-19 09:20:00,2.33122,2.33122,2.33028,2.3302899999999998,289
2025-11-19 09:25:00,2.3303,2.33064,2.32979,2.33044,339
2025-11-19 09:30:00,2.33043,2.33058,2.329,2.32986,418
2025-11-19 09:35:00,2.32985,2.33034,2.3296799999999998,2.32994,304
2025-11-19 09:40:00,2.32993,2.33033,2.3295,2.33004,293
2025-11-19 09:45:00,2.33006,2.33051,2.32985,2.33022,305
2025-11-19 09:50:00,2.3302,2.33065,2.32998,2.33015,287
2025-11-19 09:55:00,2.33024,2.33096,2.32924,2.33065,618
2025-11-19 10:00:00,2.33069,2.33133,2.33048,2.3309,493
2025-11-19 10:05:00,2.33086,2.33128,2.33011,2.33056,430
2025-11-19 10:10:00,2.3308,2.33201,2.3308,2.33146,391
2025-11-19 10:15:00,2.33148,2.33305,2.33146,2.33295,324
2025-11-19 10:20:00,2.33292,2.33305,2.33175,2.33175,305
2025-11-19 10:25:00,2.33179,2.33217,2.33117,2.33157,357
2025-11-19 10:30:00,2.33157,2.33233,2.33154,2.33231,275
2025-11-19 10:35:00,2.33239,2.33277,2.33216,2.33255,242
2025-11-19 10:40:00,2.33257,2.33259,2.33103,2.33116,369
2025-11-19 10:45:00,2.33114,2.33129,2.33062,2.33109,327
2025-11-19 10:50:00,2.33096,2.33151,2.33092,2.33126,316
2025-11-19 10:55:00,2.33125,2.33153,2.33082,2.33131,318
2025-11-19 11:00:00,2.33148,2.33155,2.33083,2.33124,353
2025-11-19 11:05:00,2.33117,2.33228,2.33093,2.33193,339
2025-11-19 11:10:00,2.33204,2.33216,2.33106,2.33127,276
2025-11-19 11:15:00,2.33129,2.33156,2.3308,2.33116,238
2025-11-19 11:20:00,2.33118,2.33144,2.33072,2.33124,303
2025-11-19 11:25:00,2.33122,2.33136,2.33075,2.33101,279
2025-11-19 11:30:00,2.33102,2.33143,2.33093,2.33143,313
2025-11-19 11:35:00,2.33142,2.33229,2.3313800000000002,2.33177,386
2025-11-19 11:40:00,2.33175,2.33195,2.33006,2.3301,311
2025-11-19 11:45:00,2.33011,2.33053,2.32939,2.3297499999999998,375
2025-11-19 11:50:00,2.32972,2.32981,2.32895,2.32954,396
2025-11-19 11:55:00,2.32965,2.33014,2.32943,2.33012,322
2025-11-19 12:00:00,2.3301,2.33032,2.32831,2.32836,356
2025-11-19 12:05:00,2.32838,2.32874,2.32794,2.32861,379
2025-11-19 12:10:00,2.32859,2.32989,2.3284000000000002,2.32951,343
2025-11-19 12:15:00,2.32949,2.33056,2.32949,2.33055,292
2025-11-19 12:20:00,2.33054,2.33069,2.33011,2.33012,313
2025-11-19 12:25:00,2.33011,2.33086,2.33001,2.33086,283
2025-11-19 12:30:00,2.33086,2.33132,2.33031,2.33122,316
2025-11-19 12:35:00,2.3312,2.33159,2.33083,2.33128,301
2025-11-19 12:40:00,2.33127,2.33159,2.33082,2.33104,345
2025-11-19 12:45:00,2.33104,2.33114,2.32939,2.3296,450
2025-11-19 12:50:00,2.3296,2.33021,2.32923,2.3295,435
2025-11-19 12:55:00,2.32963,2.32972,2.3266999999999998,2.3289,410
2025-11-19 13:00:00,2.32898,2.33067,2.3289400000000002,2.33017,406
2025-11-19 13:05:00,2.3301600000000002,2.33117,2.33001,2.33117,318
2025-11-19 13:10:00,2.33118,2.3326000000000002,2.33105,2.3319900000000002,361
2025-11-19 13:15:00,2.33207,2.3322,2.33132,2.33155,337
2025-11-19 13:20:00,2.33148,2.33161,2.33076,2.33104,263
2025-11-19 13:25:00,2.33103,2.33146,2.3303,2.33142,281
2025-11-19 13:30:00,2.33143,2.33159,2.33065,2.33073,277
2025-11-19 13:35:00,2.33071,2.33115,2.32989,2.33005,273
2025-11-19 13:40:00,2.33004,2.33085,2.3299,2.33014,239
2025-11-19 13:45:00,2.33017,2.33017,2.32946,2.32982,237
2025-11-19 13:50:00,2.32983,2.3302,2.32917,2.33007,278
2025-11-19 13:55:00,2.33005,2.33103,2.3296799999999998,2.33082,336
2025-11-19 14:00:00,2.33088,2.3313,2.3301,2.33072,364
2025-11-19 14:05:00,2.3307,2.33089,2.32998,2.33006,252
2025-11-19 14:10:00,2.33005,2.33025,2.32954,2.33013,237
2025-11-19 14:15:00,2.3301600000000002,2.33076,2.32995,2.33035,245
2025-11-19 14:20:00,2.33034,2.33053,2.33019,2.3302300000000002,259
2025-11-19 14:25:00,2.3302,2.33039,2.32991,2.33026,261
2025-11-19 14:30:00,2.33021,2.33059,2.32987,2.33001,248
2025-11-19 14:35:00,2.33001,2.33136,2.33001,2.33132,251
2025-11-19 14:40:00,2.33134,2.33134,2.33058,2.33108,259
2025-11-19 14:45:00,2.33107,2.33107,2.32986,2.33006,301
2025-11-19 14:50:00,2.33007,2.33045,2.32966,2.33031,202
2025-11-19 14:55:00,2.3303,2.33081,2.33008,2.33057,291
2025-11-19 15:00:00,2.3306,2.33179,2.33041,2.33174,302
2025-11-19 15:05:00,2.3317,2.33223,2.3313800000000002,2.33176,386
2025-11-19 15:10:00,2.33177,2.3323,2.33114,2.33225,360
2025-11-19 15:15:00,2.33227,2.33227,2.3314500000000002,2.33177,299
2025-11-19 15:20:00,2.33178,2.33198,2.33088,2.33103,281
2025-11-19 15:25:00,2.33092,2.33122,2.33025,2.33045,250
2025-11-19 15:30:00,2.33046,2.33189,2.33039,2.33171,267
2025-11-19 15:35:00,2.33171,2.33191,2.33113,2.3319,317
2025-11-19 15:40:00,2.33191,2.3321899999999998,2.3317,2.33198,282
2025-11-19 15:45:00,2.33195,2.33304,2.33157,2.33277,309
2025-11-19 15:50:00,2.33279,2.33343,2.33217,2.33318,317
2025-11-19 15:55:00,2.33319,2.3333,2.33265,2.33275,329
2025-11-19 16:00:00,2.33278,2.33369,2.33277,2.33324,363
2025-11-19 16:05:00,2.33325,2.33417,2.33307,2.33368,348
2025-11-19 16:10:00,2.33367,2.3337,2.3331,2.33368,311
2025-11-19 16:15:00,2.33369,2.33418,2.33307,2.33408,398
2025-11-19 16:20:00,2.3340899999999998,2.33413,2.33301,2.33307,374
2025-11-19 16:25:00,2.33313,2.33362,2.33296,2.33301,366
2025-11-19 16:30:00,2.33302,2.33396,2.33243,2.33243,443
2025-11-19 16:35:00,2.33245,2.3333,2.33222,2.33306,504
2025-11-19 16:40:00,2.33304,2.33322,2.3317,2.33186,428
2025-11-19 16:45:00,2.33183,2.33205,2.33079,2.33092,442
2025-11-19 16:50:00,2.33091,2.3314500000000002,2.33067,2.3314500000000002,431
2025-11-19 16:55:00,2.33148,2.33177,2.33068,2.33076,443
2025-11-19 17:00:00,2.33076,2.33173,2.33021,2.33116,472
2025-11-19 17:05:00,2.3312,2.33155,2.33048,2.33118,401
2025-11-19 17:10:00,2.33122,2.33234,2.33064,2.33222,460
2025-11-19 17:15:00,2.33216,2.33393,2.33155,2.33391,427
2025-11-19 17:20:00,2.3338900000000002,2.33519,2.33372,2.33497,437
2025-11-19 17:25:00,2.33496,2.33536,2.33379,2.33506,395
2025-11-19 17:30:00,2.33505,2.33539,2.3334799999999998,2.33379,469
2025-11-19 17:35:00,2.33371,2.334,2.33279,2.33329,489
2025-11-19 17:40:00,2.33327,2.33334,2.33242,2.33288,441
2025-11-19 17:45:00,2.3329,2.3329,2.33153,2.33191,387
2025-11-19 17:50:00,2.33195,2.33325,2.33174,2.33285,504
2025-11-19 17:55:00,2.33279,2.33333,2.33243,2.33269,555
2025-11-19 18:00:00,2.3327,2.33377,2.33228,2.33249,556
2025-11-19 18:05:00,2.33253,2.33434,2.33237,2.3331,466
2025-11-19 18:10:00,2.33308,2.33489,2.333,2.33398,497
2025-11-19 18:15:00,2.33399,2.33584,2.33392,2.33471,426
2025-11-19 18:20:00,2.33472,2.33494,2.33401,2.33476,384
2025-11-19 18:25:00,2.33474,2.33529,2.33446,2.3350400000000002,377
2025-11-19 18:30:00,2.33502,2.33518,2.33456,2.33482,417
2025-11-19 18:35:00,2.33468,2.33522,2.33429,2.3345000000000002,409
2025-11-19 18:40:00,2.33448,2.33494,2.33355,2.33379,404
2025-11-19 18:45:00,2.33368,2.33434,2.3328699999999998,2.33421,375
2025-11-19 18:50:00,2.33434,2.33534,2.33421,2.3349,412
2025-11-19 18:55:00,2.33489,2.33497,2.3338,2.3339,457
2025-11-19 19:00:00,2.33384,2.33472,2.33371,2.33432,403
2025-11-19 19:05:00,2.33435,2.33498,2.33405,2.33407,441
2025-11-19 19:10:00,2.33416,2.33484,2.33404,2.3346,297
2025-11-19 19:15:00,2.33461,2.33488,2.33393,2.33423,372
2025-11-19 19:20:00,2.33422,2.33438,2.33354,2.33416,524
2025-11-19 19:25:00,2.33414,2.33512,2.33361,2.33415,420
2025-11-19 19:30:00,2.33416,2.3354,2.33416,2.33518,367
2025-11-19 19:35:00,2.33518,2.33574,2.33507,2.33542,430
2025-11-19 19:40:00,2.33544,2.33581,2.33468,2.33469,350
2025-11-19 19:45:00,2.3346999999999998,2.33534,2.33448,2.33534,338
2025-11-19 19:50:00,2.33536,2.33543,2.33471,2.33505,304
2025-11-19 19:55:00,2.33507,2.33562,2.33491,2.33549,356
2025-11-19 20:00:00,2.3355,2.33553,2.33455,2.33464,378
2025-11-19 20:05:00,2.3346299999999998,2.33519,2.33417,2.33433,301
2025-11-19 20:10:00,2.33434,2.33506,2.33428,2.33495,321
2025-11-19 20:15:00,2.33496,2.33574,2.33475,2.33574,238
2025-11-19 20:20:00,2.33574,2.33574,2.33483,2.33526,289
2025-11-19 20:25:00,2.3352399999999998,2.3356500000000002,2.33491,2.3356500000000002,254
2025-11-19 20:30:00,2.33568,2.33568,2.33515,2.33528,251
2025-11-19 20:35:00,2.33532,2.33553,2.33432,2.33444,328
2025-11-19 20:40:00,2.3344300000000002,2.33534,2.33431,2.33499,310
2025-11-19 20:45:00,2.33499,2.33528,2.3346299999999998,2.33506,319
2025-11-19 20:50:00,2.33505,2.33507,2.33441,2.33454,278
2025-11-19 20:55:00,2.3345000000000002,2.33454,2.33349,2.33352,271
2025-11-19 21:00:00,2.33357,2.33479,2.33357,2.3344300000000002,472
2025-11-19 21:05:00,2.3344,2.33482,2.33411,2.33432,431
2025-11-19 21:10:00,2.33433,2.33452,2.33387,2.33395,347
2025-11-19 21:15:00,2.33394,2.33432,2.33346,2.33354,333
2025-11-19 21:20:00,2.33353,2.33404,2.33349,2.33399,284
2025-11-19 21:25:00,2.33398,2.33431,2.33379,2.3340199999999998,359
2025-11-19 21:30:00,2.33401,2.33423,2.33361,2.334,318
2025-11-19 21:35:00,2.33398,2.33427,2.33367,2.33383,252
2025-11-19 21:40:00,2.3338200000000002,2.33398,2.3334799999999998,2.33352,288
2025-11-19 21:45:00,2.33357,2.33358,2.33311,2.33347,269
2025-11-19 21:50:00,2.33345,2.33352,2.33233,2.33251,333
2025-11-19 21:55:00,2.33254,2.33272,2.33171,2.33214,423
2025-11-19 22:00:00,2.33212,2.33235,2.33171,2.33193,270
2025-11-19 22:05:00,2.3319,2.33209,2.33129,2.33144,205
2025-11-19 22:10:00,2.33143,2.33165,2.3311,2.33125,268
2025-11-19 22:15:00,2.33126,2.33163,2.33089,2.33092,256
2025-11-19 22:20:00,2.33093,2.3314,2.33088,2.33109,247
2025-11-19 22:25:00,2.3311,2.33154,2.33073,2.3307700000000002,285
2025-11-19 22:30:00,2.33075,2.33127,2.33062,2.33094,246
2025-11-19 22:35:00,2.33093,2.33094,2.33024,2.33057,309
2025-11-19 22:40:00,2.33054,2.3311,2.33048,2.33083,273
2025-11-19 22:45:00,2.33082,2.33157,2.33076,2.33153,259
2025-11-19 22:50:00,2.33154,2.33159,2.3311,2.33137,294
2025-11-19 22:55:00,2.33136,2.33141,2.33106,2.33127,255
2025-11-19 23:00:00,2.33054,2.33098,2.3303,2.33045,238
2025-11-19 23:05:00,2.33046,2.33079,2.33026,2.3307,180
2025-11-19 23:10:00,2.33069,2.33098,2.33065,2.33086,194
2025-11-19 23:15:00,2.33087,2.33089,2.33012,2.33017,212
2025-11-19 23:20:00,2.33015,2.33015,2.32806,2.32921,359
2025-11-19 23:25:00,2.32923,2.3296799999999998,2.32854,2.329,314
2025-11-19 23:30:00,2.32899,2.32899,2.32829,2.32864,330
2025-11-19 23:35:00,2.32865,2.3291399999999998,2.32863,2.32885,224
2025-11-19 23:40:00,2.32895,2.32922,2.32847,2.32887,186
2025-11-19 23:45:00,2.32889,2.32919,2.32869,2.32878,260
2025-11-19 23:50:00,2.32884,2.32943,2.32865,2.32941,353
2025-11-19 23:55:00,2.33018,2.33022,2.32694,2.32708,188
2025-11-20 00:00:00,2.3283,2.3290100000000002,2.32721,2.3290100000000002,11
2025-11-20 00:05:00,2.3290100000000002,2.3290100000000002,2.3278,2.32851,32
2025-11-20 00:10:00,2.32851,2.3285299999999998,2.32661,2.32666,69
2025-11-20 00:15:00,2.32712,2.32783,2.32694,2.32757,112
2025-11-20 00:20:00,2.3277200000000002,2.3285299999999998,2.32725,2.32843,129
2025-11-20 00:25:00,2.32842,2.32899,2.32819,2.32852,61
2025-11-20 00:30:00,2.3285,2.32866,2.3281,2.32812,72
2025-11-20 00:35:00,2.32812,2.3283,2.32783,2.32825,107
2025-11-20 00:40:00,2.32819,2.32876,2.32809,2.32837,189
2025-11-20 00:45:00,2.32839,2.32909,2.32814,2.3290100000000002,165
2025-11-20 00:50:00,2.32889,2.32932,2.32889,2.32898,106
2025-11-20 00:55:00,2.32897,2.32906,2.32855,2.32867,142
2025-11-20 01:00:00,2.32913,2.3302300000000002,2.32875,2.329,234
2025-11-20 01:05:00,2.32902,2.32902,2.32791,2.32821,169
2025-11-20 01:10:00,2.32822,2.32827,2.32719,2.32745,157
2025-11-20 01:15:00,2.32746,2.32775,2.32712,2.32726,205
2025-11-20 01:20:00,2.32727,2.32753,2.32691,2.32732,152
2025-11-20 01:25:00,2.32734,2.32766,2.32727,2.3273,153
2025-11-20 01:30:00,2.32729,2.32775,2.32654,2.3266,184
2025-11-20 01:35:00,2.32667,2.32667,2.326,2.32614,207
2025-11-20 01:40:00,2.32621,2.32633,2.32593,2.32601,226
2025-11-20 01:45:00,2.32599,2.32638,2.3258,2.32627,184
2025-11-20 01:50:00,2.32626,2.32643,2.32605,2.32636,170
2025-11-20 01:55:00,2.32635,2.32649,2.32559,2.32574,160
2025-11-20 02:00:00,2.32572,2.32635,2.32567,2.32593,269
2025-11-20 02:05:00,2.32599,2.3269,2.32585,2.32687,198
2025-11-20 02:10:00,2.3269,2.32699,2.32627,2.32674,209
2025-11-20 02:15:00,2.32667,2.32667,2.32529,2.32559,199
2025-11-20 02:20:00,2.32557,2.32557,2.32477,2.32511,163
2025-11-20 02:25:00,2.32513,2.32568,2.32502,2.32568,202
2025-11-20 02:30:00,2.32566,2.32628,2.32556,2.32618,194
2025-11-20 02:35:00,2.32617,2.32638,2.32599,2.32627,179
2025-11-20 02:40:00,2.32626,2.32743,2.32623,2.32719,207
2025-11-20 02:45:00,2.3271800000000002,2.32728,2.32636,2.32647,222
2025-11-20 02:50:00,2.32641,2.32671,2.32586,2.32645,289
2025-11-20 02:55:00,2.32654,2.3268,2.32632,2.32644,390
2025-11-20 03:00:00,2.32642,2.32642,2.32504,2.32519,327
2025-11-20 03:05:00,2.32526,2.3265700000000002,2.32524,2.32652,247
2025-11-20 03:10:00,2.32651,2.32707,2.32627,2.32698,184
2025-11-20 03:15:00,2.327,2.32741,2.32672,2.32719,248
2025-11-20 03:20:00,2.32721,2.32775,2.32692,2.32692,293
2025-11-20 03:25:00,2.32692,2.32768,2.32692,2.32757,248
2025-11-20 03:30:00,2.32754,2.32763,2.32665,2.3274,350
2025-11-20 03:35:00,2.32739,2.32739,2.3265000000000002,2.32686,243
2025-11-20 03:40:00,2.32684,2.32746,2.32652,2.32741,252
2025-11-20 03:45:00,2.32742,2.32766,2.3268,2.3268,296
2025-11-20 03:50:00,2.32678,2.32777,2.32665,2.3276,293
2025-11-20 03:55:00,2.32759,2.32807,2.32746,2.32778,283
2025-11-20 04:00:00,2.3277900000000002,2.32934,2.32744,2.32921,305
2025-11-20 04:05:00,2.3291,2.33004,2.3290699999999998,2.3296799999999998,293
2025-11-20 04:10:00,2.32969,2.33011,2.32864,2.32867,293
2025-11-20 04:15:00,2.32866,2.3297499999999998,2.3286,2.32959,277
2025-11-20 04:20:00,2.32956,2.32973,2.32917,2.32964,229
2025-11-20 04:25:00,2.32969,2.32973,2.32929,2.32938,202
2025-11-20 04:30:00,2.32932,2.32994,2.32903,2.32993,223
2025-11-20 04:35:00,2.32988,2.3301600000000002,2.32931,2.32934,190
2025-11-20 04:40:00,2.32935,2.32943,2.32844,2.32855,220
2025-11-20 04:45:00,2.3285299999999998,2.32881,2.32844,2.3285299999999998,161
2025-11-20 04:50:00,2.32851,2.32867,2.3279199999999998,2.32822,196
2025-11-20 04:55:00,2.32824,2.32829,2.32754,2.32824,193
2025-11-20 05:00:00,2.32825,2.32825,2.3258,2.32743,453
2025-11-20 05:05:00,2.32744,2.32766,2.32662,2.32679,251
2025-11-20 05:10:00,2.32683,2.3273099999999998,2.32676,2.32699,231
2025-11-20 05:15:00,2.32701,2.32742,2.32598,2.32619,235
2025-11-20 05:20:00,2.32618,2.32649,2.32581,2.3263,225
2025-11-20 05:25:00,2.32631,2.32635,2.32517,2.32527,293
2025-11-20 05:30:00,2.32524,2.32588,2.32515,2.32576,246
2025-11-20 05:35:00,2.32572,2.326,2.32535,2.3259600000000002,233
2025-11-20 05:40:00,2.32599,2.327,2.32599,2.32664,226
2025-11-20 05:45:00,2.32664,2.3271800000000002,2.32652,2.32664,238
2025-11-20 05:50:00,2.3266,2.32677,2.32624,2.32655,239
2025-11-20 05:55:00,2.32654,2.327,2.32631,2.32652,225
2025-11-20 06:00:00,2.32653,2.32653,2.32584,2.32593,185
2025-11-20 06:05:00,2.32592,2.32616,2.32556,2.32616,181
2025-11-20 06:10:00,2.32617,2.32685,2.32578,2.32682,184
2025-11-20 06:15:00,2.32684,2.32723,2.32641,2.32702,201
2025-11-20 06:20:00,2.32699,2.3271800000000002,2.32594,2.3262,177
2025-11-20 06:25:00,2.32624,2.3264,2.3258,2.32619,193
2025-11-20 06:30:00,2.32621,2.32637,2.32592,2.32631,184
2025-11-20 06:35:00,2.32635,2.32675,2.32633,2.32654,166
2025-11-20 06:40:00,2.32651,2.32759,2.32637,2.3273,189
2025-11-20 06:45:00,2.32732,2.32741,2.32703,2.32704,182
2025-11-20 06:50:00,2.32705,2.32729,2.32689,2.32708,182
2025-11-20 06:55:00,2.32714,2.32808,2.32714,2.32788,132
2025-11-20 07:00:00,2.32787,2.32799,2.32717,2.3273,273
2025-11-20 07:05:00,2.32729,2.32768,2.32688,2.32757,222
2025-11-20 07:10:00,2.32757,2.32762,2.3271100000000002,2.32757,206
2025-11-20 07:15:00,2.32756,2.32786,2.32634,2.32654,158
2025-11-20 07:20:00,2.32648,2.32734,2.32636,2.32719,139
2025-11-20 07:25:00,2.3271800000000002,2.32813,2.3271800000000002,2.32778,162
2025-11-20 07:30:00,2.32775,2.32849,2.32749,2.32787,199
2025-11-20 07:35:00,2.3278499999999998,2.32896,2.3278499999999998,2.32843,187
2025-11-20 07:40:00,2.32845,2.32857,2.32808,2.32823,205
2025-11-20 07:45:00,2.32825,2.32852,2.32819,2.3285,151
2025-11-20 07:50:00,2.32844,2.32852,2.32787,2.32826,158
2025-11-20 07:55:00,2.32824,2.32916,2.32824,2.3290100000000002,256
2025-11-20 08:00:00,2.32903,2.32917,2.32805,2.32818,235
2025-11-20 08:05:00,2.32819,2.32874,2.32806,2.32838,302
2025-11-20 08:10:00,2.32838,2.32873,2.3281,2.32815,212
2025-11-20 08:15:00,2.32818,2.32876,2.32814,2.3284599999999998,199
2025-11-20 08:20:00,2.32844,2.32967,2.32844,2.32903,243
2025-11-20 08:25:00,2.3290100000000002,2.32919,2.32861,2.32887,209
2025-11-20 08:30:00,2.3289400000000002,2.3292,2.32822,2.32835,209
2025-11-20 08:35:00,2.32834,2.32866,2.32795,2.32818,191
2025-11-20 08:40:00,2.32821,2.32826,2.32761,2.32802,201
2025-11-20 08:45:00,2.32808,2.32841,2.32799,2.32826,243
2025-11-20 08:50:00,2.32825,2.32837,2.3279,2.32832,226
2025-11-20 08:55:00,2.32831,2.32838,2.32761,2.32784,143
2025-11-20 09:00:00,2.32782,2.32804,2.32734,2.32735,316
2025-11-20 09:05:00,2.32734,2.32809,2.32725,2.3275,337
2025-11-20 09:10:00,2.32744,2.32801,2.32728,2.32739,336
2025-11-20 09:15:00,2.32738,2.32762,2.32688,2.32719,307
2025-11-20 09:20:00,2.3271800000000002,2.32787,2.32713,2.3278499999999998,277
2025-11-20 09:25:00,2.32789,2.32841,2.3278499999999998,2.3282,274
2025-11-20 09:30:00,2.32831,2.32861,2.32813,2.32829,296
2025-11-20 09:35:00,2.32825,2.32869,2.3281,2.32831,240
2025-11-20 09:40:00,2.32832,2.32868,2.32789,2.32836,302
2025-11-20 09:45:00,2.32844,2.32974,2.32844,2.32965,315
2025-11-20 09:50:00,2.3296200000000002,2.33021,2.32958,2.33019,280
2025-11-20 09:55:00,2.33018,2.33106,2.32994,2.33103,338
2025-11-20 10:00:00,2.33092,2.33263,2.33072,2.33263,415
2025-11-20 10:05:00,2.33264,2.33271,2.32999,2.33046,440
2025-11-20 10:10:00,2.33045,2.3308400000000002,2.32984,2.3299,397
2025-11-20 10:15:00,2.32989,2.33064,2.32985,2.32994,376
2025-11-20 10:20:00,2.32995,2.33049,2.32958,2.32989,364
2025-11-20 10:25:00,2.32989,2.33015,2.32949,2.32974,306
2025-11-20 10:30:00,2.32971,2.32987,2.32912,2.32912,352
2025-11-20 10:35:00,2.32916,2.32941,2.32858,2.32866,276
2025-11-20 10:40:00,2.32871,2.3297,2.32871,2.32943,300
2025-11-20 10:45:00,2.32944,2.32957,2.32897,2.32956,251
2025-11-20 10:50:00,2.32957,2.3304,2.32938,2.3296200000000002,321
2025-11-20 10:55:00,2.32961,2.32987,2.3287,2.32873,305
2025-11-20 11:00:00,2.32872,2.32947,2.3284599999999998,2.32945,364
2025-11-20 11:05:00,2.32939,2.32958,2.3285,2.3285299999999998,299
2025-11-20 11:10:00,2.32858,2.32891,2.32828,2.32831,256
2025-11-20 11:15:00,2.3283,2.32878,2.3283,2.32855,328
2025-11-20 11:20:00,2.32861,2.32876,2.32824,2.32873,274
2025-11-20 11:25:00,2.32871,2.32943,2.32871,2.32885,298
2025-11-20 11:30:00,2.32892,2.32949,2.3288,2.32943,318
2025-11-20 11:35:00,2.32943,2.32956,2.3289400000000002,2.32903,314
2025-11-20 11:40:00,2.32904,2.32943,2.32873,2.32892,286
2025-11-20 11:45:00,2.32893,2.32984,2.32866,2.32953,333
2025-11-20 11:50:00,2.32954,2.3297499999999998,2.32933,2.32952,277
2025-11-20 11:55:00,2.3295,2.32953,2.32897,2.329,294
2025-11-20 12:00:00,2.32882,2.32899,2.32852,2.32877,355
2025-11-20 12:05:00,2.32876,2.32881,2.32821,2.32847,282
2025-11-20 12:10:00,2.32849,2.33009,2.3284599999999998,2.33009,304
2025-11-20 12:15:00,2.32997,2.33006,2.32921,2.32969,354
2025-11-20 12:20:00,2.3297,2.32971,2.32876,2.32892,270
2025-11-20 12:25:00,2.32892,2.32892,2.32824,2.32845,201
2025-11-20 12:30:00,2.3284599999999998,2.32865,2.32794,2.32797,269
2025-11-20 12:35:00,2.32795,2.32881,2.32794,2.32881,241
2025-11-20 12:40:00,2.32883,2.32887,2.32858,2.3286,211
2025-11-20 12:45:00,2.32862,2.32873,2.328,2.32818,252
2025-11-20 12:50:00,2.32819,2.32826,2.32761,2.32775,272
2025-11-20 12:55:00,2.32775,2.32778,2.32675,2.32699,243
2025-11-20 13:00:00,2.327,2.32759,2.32649,2.32733,289
2025-11-20 13:05:00,2.3273099999999998,2.32759,2.32672,2.32673,315
2025-11-20 13:10:00,2.32672,2.32691,2.32635,2.32688,197
2025-11-20 13:15:00,2.32687,2.32725,2.3266,2.32683,231
2025-11-20 13:20:00,2.32684,2.32705,2.32646,2.32665,257
2025-11-20 13:25:00,2.32668,2.32743,2.32665,2.32742,215
2025-11-20 13:30:00,2.32739,2.32781,2.32706,2.32757,227
2025-11-20 13:35:00,2.32752,2.32827,2.32729,2.32774,246
2025-11-20 13:40:00,2.32778,2.32797,2.3272,2.32738,277
2025-11-20 13:45:00,2.3274,2.32843,2.3274,2.32843,201
2025-11-20 13:50:00,2.32845,2.32861,2.32822,2.32834,211
2025-11-20 13:55:00,2.32835,2.32839,2.32739,2.32755,271
2025-11-20 14:00:00,2.32757,2.32786,2.3269,2.32703,322
2025-11-20 14:05:00,2.32705,2.32753,2.327,2.32723,210
2025-11-20 14:10:00,2.3272,2.32776,2.32689,2.32727,221
2025-11-20 14:15:00,2.32738,2.32757,2.32637,2.32652,221
2025-11-20 14:20:00,2.3265000000000002,2.32664,2.32627,2.32653,187
2025-11-20 14:25:00,2.3265700000000002,2.32694,2.3263,2.32694,204
2025-11-20 14:30:00,2.32694,2.32788,2.32683,2.32716,230
2025-11-20 14:35:00,2.32717,2.32744,2.32697,2.32736,134
2025-11-20 14:40:00,2.32738,2.32796,2.32699,2.32703,281
2025-11-20 14:45:00,2.32701,2.32766,2.32691,2.32766,235
2025-11-20 14:50:00,2.32767,2.32817,2.32736,2.32759,274
2025-11-20 14:55:00,2.32758,2.3278,2.32613,2.32629,322
2025-11-20 15:00:00,2.32627,2.32735,2.32613,2.32735,367
2025-11-20 15:05:00,2.32737,2.32738,2.32614,2.32635,274
2025-11-20 15:10:00,2.32633,2.32695,2.32625,2.32676,267
2025-11-20 15:15:00,2.32673,2.32716,2.32637,2.32716,312
2025-11-20 15:20:00,2.32703,2.32703,2.326,2.32616,308
2025-11-20 15:25:00,2.32614,2.32781,2.326,2.32701,325
2025-11-20 15:30:00,2.3271,2.32857,2.32353,2.32482,912
2025-11-20 15:35:00,2.3247999999999998,2.32508,2.32395,2.32464,821
2025-11-20 15:40:00,2.32466,2.32555,2.32415,2.3252,793
2025-11-20 15:45:00,2.3252,2.32554,2.32434,2.32502,750
2025-11-20 15:50:00,2.32501,2.3265000000000002,2.3247999999999998,2.32637,672
2025-11-20 15:55:00,2.32636,2.32744,2.32618,2.32744,568
2025-11-20 16:00:00,2.32742,2.32768,2.32636,2.32683,652
2025-11-20 16:05:00,2.3269,2.32697,2.32586,2.3262,627
2025-11-20 16:10:00,2.32621,2.32741,2.32604,2.32697,555
2025-11-20 16:15:00,2.32698,2.32716,2.32565,2.32581,536
2025-11-20 16:20:00,2.32577,2.32646,2.32519,2.32642,502
2025-11-20 16:25:00,2.32644,2.32768,2.32619,2.32716,484
2025-11-20 16:30:00,2.32713,2.3284000000000002,2.32679,2.32734,636
2025-11-20 16:35:00,2.32733,2.32837,2.32675,2.32812,583
2025-11-20 16:40:00,2.32807,2.32886,2.32747,2.3284000000000002,582
2025-11-20 16:45:00,2.3284000000000002,2.32916,2.32736,2.32796,537
2025-11-20 16:50:00,2.32796,2.3283,2.32705,2.32715,475
2025-11-20 16:55:00,2.32713,2.32829,2.327,2.32816,454
2025-11-20 17:00:00,2.32784,2.32881,2.3277200000000002,2.32881,420
2025-11-20 17:05:00,2.32879,2.33162,2.32876,2.33135,473
2025-11-20 17:10:00,2.33137,2.3315,2.32996,2.33091,457
2025-11-20 17:15:00,2.33093,2.33136,2.32972,2.32976,415
2025-11-20 17:20:00,2.3297499999999998,2.33099,2.32943,2.33055,396
2025-11-20 17:25:00,2.33062,2.33177,2.33062,2.33082,406
2025-11-20 17:30:00,2.33078,2.33098,2.32977,2.3309699999999998,462
2025-11-20 17:35:00,2.33102,2.33116,2.32993,2.33004,420
2025-11-20 17:40:00,2.33001,2.3306,2.3296200000000002,2.33033,440
2025-11-20 17:45:00,2.3302899999999998,2.33112,2.33012,2.3302,498
2025-11-20 17:50:00,2.33015,2.33117,2.32997,2.33117,478
2025-11-20 17:55:00,2.33118,2.33235,2.33056,2.33221,489
2025-11-20 18:00:00,2.33218,2.33254,2.33108,2.33163,513
2025-11-20 18:05:00,2.33169,2.33265,2.33165,2.33258,480
2025-11-20 18:10:00,2.33259,2.33372,2.33243,2.33317,498
2025-11-20 18:15:00,2.33322,2.33444,2.33314,2.33364,444
2025-11-20 18:20:00,2.33364,2.33452,2.33311,2.33375,485
2025-11-20 18:25:00,2.3337,2.33384,2.33208,2.33259,524
2025-11-20 18:30:00,2.3326000000000002,2.33381,2.33212,2.33335,496
2025-11-20 18:35:00,2.33338,2.33431,2.3331,2.33414,566
2025-11-20 18:40:00,2.33417,2.33538,2.33387,2.3340899999999998,493
2025-11-20 18:45:00,2.33413,2.33488,2.33323,2.3338900000000002,557
2025-11-20 18:50:00,2.33384,2.33596,2.33376,2.33568,525
2025-11-20 18:55:00,2.3357,2.33713,2.33562,2.33651,625
2025-11-20 19:00:00,2.33648,2.33682,2.33507,2.33546,678
2025-11-20 19:05:00,2.33548,2.33635,2.33526,2.33628,581
2025-11-20 19:10:00,2.33629,2.33704,2.3359199999999998,2.33643,577
2025-11-20 19:15:00,2.3365299999999998,2.33742,2.3362,2.33649,603
2025-11-20 19:20:00,2.33648,2.33697,2.3354,2.33624,507
2025-11-20 19:25:00,2.33629,2.33692,2.33516,2.33638,567
2025-11-20 19:30:00,2.33643,2.33681,2.33581,2.33664,379
2025-11-20 19:35:00,2.33665,2.33786,2.33597,2.33599,518
2025-11-20 19:40:00,2.3361,2.3371,2.33564,2.3368,450
2025-11-20 19:45:00,2.33682,2.33785,2.33679,2.33729,407
2025-11-20 19:50:00,2.33729,2.33767,2.33642,2.33686,363
2025-11-20 19:55:00,2.33683,2.33702,2.33608,2.33634,441
2025-11-20 20:00:00,2.33639,2.33691,2.336,2.33676,401
2025-11-20 20:05:00,2.33675,2.33696,2.3355,2.33551,368
2025-11-20 20:10:00,2.3355,2.33603,2.33457,2.33458,315
2025-11-20 20:15:00,2.33458,2.33542,2.3341,2.335,443
2025-11-20 20:20:00,2.3350400000000002,2.33576,2.33469,2.33576,406
2025-11-20 20:25:00,2.33579,2.336,2.33521,2.33554,399
2025-11-20 20:30:00,2.33558,2.33594,2.33494,2.33566,437
2025-11-20 20:35:00,2.33563,2.33664,2.33563,2.3366,276
2025-11-20 20:40:00,2.33663,2.33716,2.3365299999999998,2.33711,270
2025-11-20 20:45:00,2.33722,2.33804,2.33709,2.3376799999999998,278
2025-11-20 20:50:00,2.3377,2.33892,2.3377,2.33844,309
2025-11-20 20:55:00,2.33845,2.3387700000000002,2.33792,2.33841,340
2025-11-20 21:00:00,2.3383599999999998,2.33872,2.33797,2.33856,354
2025-11-20 21:05:00,2.33854,2.33916,2.33805,2.33875,304
2025-11-20 21:10:00,2.33876,2.33946,2.33838,2.33903,325
2025-11-20 21:15:00,2.33905,2.3393100000000002,2.33842,2.33884,350
2025-11-20 21:20:00,2.33886,2.33896,2.33783,2.33807,247
2025-11-20 21:25:00,2.33808,2.33813,2.33681,2.337,261
2025-11-20 21:30:00,2.33699,2.3375,2.33691,2.33742,260
2025-11-20 21:35:00,2.33737,2.33791,2.33723,2.33766,267
2025-11-20 21:40:00,2.33762,2.33801,2.33712,2.33732,309
2025-11-20 21:45:00,2.33733,2.33817,2.33712,2.33778,301
2025-11-20 21:50:00,2.33776,2.33776,2.33702,2.33734,289
2025-11-20 21:55:00,2.33732,2.33765,2.33678,2.33686,276
2025-11-20 22:00:00,2.3368,2.33715,2.33631,2.33671,323
2025-11-20 22:05:00,2.33673,2.33719,2.33638,2.33703,318
2025-11-20 22:10:00,2.337,2.33737,2.33685,2.3370699999999998,236
2025-11-20 22:15:00,2.33708,2.3372,2.33665,2.33711,307
2025-11-20 22:20:00,2.33713,2.33751,2.3366,2.3375,305
2025-11-20 22:25:00,2.3374800000000002,2.33785,2.33716,2.33721,322
2025-11-20 22:30:00,2.33722,2.33797,2.33713,2.33783,320
2025-11-20 22:35:00,2.33778,2.33852,2.33778,2.3383,255
2025-11-20 22:40:00,2.3382899999999998,2.33901,2.33815,2.3387000000000002,269
2025-11-20 22:45:00,2.33868,2.33882,2.33827,2.33842,234
2025-11-20 22:50:00,2.33844,2.33844,2.33779,2.33795,267
2025-11-20 22:55:00,2.33797,2.33814,2.33754,2.33792,366
2025-11-20 23:00:00,2.33718,2.33828,2.33706,2.33824,263
2025-11-20 23:05:00,2.33822,2.33905,2.33801,2.33901,168
2025-11-20 23:10:00,2.33902,2.33921,2.33863,2.33884,142
2025-11-20 23:15:00,2.33887,2.3388999999999998,2.33793,2.33837,127
2025-11-20 23:20:00,2.3383,2.33909,2.3381600000000002,2.33893,145
2025-11-20 23:25:00,2.33895,2.33899,2.33839,2.33851,130
2025-11-20 23:30:00,2.33854,2.33861,2.3381,2.33847,162
2025-11-20 23:35:00,2.33845,2.33971,2.33838,2.33964,152
2025-11-20 23:40:00,2.33968,2.33976,2.33875,2.33917,173
2025-11-20 23:45:00,2.33915,2.34053,2.3388,2.34048,263
2025-11-20 23:50:00,2.34046,2.34064,2.34014,2.34064,318
2025-11-20 23:55:00,2.3380900000000002,2.33823,2.33796,2.33815,135
2025-11-21 00:00:00,2.33502,2.33741,2.33502,2.33741,33
2025-11-21 00:05:00,2.33741,2.33861,2.33252,2.33635,49
2025-11-21 00:10:00,2.33635,2.33635,2.33596,2.33598,28
2025-11-21 00:15:00,2.33716,2.33765,2.3366,2.33696,159
2025-11-21 00:20:00,2.33684,2.34095,2.33665,2.33985,231
2025-11-21 00:25:00,2.33989,2.34035,2.3354,2.33605,257
2025-11-21 00:30:00,2.33639,2.33893,2.33634,2.33823,171
2025-11-21 00:35:00,2.33818,2.33934,2.3375,2.33904,368
2025-11-21 00:40:00,2.33905,2.34003,2.33875,2.34001,255
2025-11-21 00:45:00,2.34004,2.34004,2.33955,2.33974,197
2025-11-21 00:50:00,2.33979,2.34017,2.33935,2.33943,238
2025-11-21 00:55:00,2.3393800000000002,2.33974,2.33652,2.33671,484
2025-11-21 01:00:00,2.33736,2.34163,2.33736,2.34066,377
2025-11-21 01:05:00,2.34065,2.34137,2.34037,2.34103,242
2025-11-21 01:10:00,2.34102,2.34161,2.34074,2.34079,222
2025-11-21 01:15:00,2.34084,2.3411,2.3403,2.34035,217
2025-11-21 01:20:00,2.34034,2.34065,2.34006,2.34034,231
2025-11-21 01:25:00,2.34033,2.34052,2.34013,2.34034,133
2025-11-21 01:30:00,2.34032,2.34048,2.3401199999999998,2.3401199999999998,230
2025-11-21 01:35:00,2.34014,2.34064,2.34013,2.34037,179
2025-11-21 01:40:00,2.34033,2.34154,2.33997,2.34117,400
2025-11-21 01:45:00,2.34116,2.34116,2.3399,2.34031,263
2025-11-21 01:50:00,2.34033,2.34034,2.33993,2.34003,198
2025-11-21 01:55:00,2.34001,2.34023,2.33972,2.3401199999999998,195
2025-11-21 02:00:00,2.34011,2.34079,2.33957,2.34061,269
2025-11-21 02:05:00,2.3406000000000002,2.3409,2.34048,2.3407,178
2025-11-21 02:10:00,2.34069,2.34069,2.33975,2.33982,256
2025-11-21 02:15:00,2.33981,2.34025,2.33966,2.33992,244
2025-11-21 02:20:00,2.33991,2.34022,2.33952,2.33977,253
2025-11-21 02:25:00,2.33974,2.34001,2.3395099999999998,2.33988,328
2025-11-21 02:30:00,2.33989,2.34036,2.33967,2.3399900000000002,345
2025-11-21 02:35:00,2.34,2.34014,2.33944,2.33956,469
2025-11-21 02:40:00,2.33957,2.33975,2.33919,2.33942,334
2025-11-21 02:45:00,2.33943,2.3397,2.33914,2.33925,293
2025-11-21 02:50:00,2.33927,2.33927,2.33854,2.33888,280
2025-11-21 02:55:00,2.33887,2.33933,2.33866,2.339,361
2025-11-21 03:00:00,2.33893,2.3401199999999998,2.33859,2.33993,369
2025-11-21 03:05:00,2.33994,2.34026,2.3396,2.33994,397
2025-11-21 03:10:00,2.33992,2.34007,2.33929,2.33929,346
2025-11-21 03:15:00,2.33922,2.3393100000000002,2.33875,2.3389699999999998,308
2025-11-21 03:20:00,2.33898,2.33918,2.33837,2.33838,296
2025-11-21 03:25:00,2.33837,2.3385,2.33783,2.33813,313
2025-11-21 03:30:00,2.33814,2.3387700000000002,2.33793,2.33796,338
2025-11-21 03:35:00,2.33797,2.33861,2.33785,2.33795,347
2025-11-21 03:40:00,2.33793,2.33831,2.33792,2.33822,263
2025-11-21 03:45:00,2.33823,2.33826,2.33735,2.33797,320
2025-11-21 03:50:00,2.33801,2.33854,2.33772,2.33848,299
2025-11-21 03:55:00,2.33844,2.33848,2.33764,2.33804,360
2025-11-21 04:00:00,2.33802,2.33814,2.33769,2.33804,341
2025-11-21 04:05:00,2.33805,2.33819,2.33769,2.338,295
2025-11-21 04:10:00,2.33801,2.33837,2.33786,2.3381,315
2025-11-21 04:15:00,2.33812,2.33854,2.33785,2.33819,306
2025-11-21 04:20:00,2.33814,2.33827,2.33795,2.33805,274
2025-11-21 04:25:00,2.33818,2.33818,2.33743,2.33754,299
2025-11-21 04:30:00,2.33753,2.33764,2.33697,2.33717,270
2025-11-21 04:35:00,2.33713,2.33777,2.33702,2.33776,265
2025-11-21 04:40:00,2.33777,2.3381,2.33754,2.33807,206
2025-11-21 04:45:00,2.33806,2.33888,2.33805,2.3385,240
2025-11-21 04:50:00,2.33843,2.33874,2.33823,2.33845,291
2025-11-21 04:55:00,2.33845,2.33903,2.33845,2.33896,266
2025-11-21 05:00:00,2.33896,2.33911,2.33856,2.3389699999999998,285
2025-11-21 05:05:00,2.33892,2.33898,2.33859,2.33882,208
2025-11-21 05:10:00,2.33881,2.33893,2.33796,2.33796,196
2025-11-21 05:15:00,2.33795,2.33852,2.33787,2.33831,204
2025-11-21 05:20:00,2.33825,2.33844,2.33779,2.3384,211
2025-11-21 05:25:00,2.33838,2.33873,2.33797,2.33871,248
2025-11-21 05:30:00,2.33872,2.33929,2.33859,2.33885,255
2025-11-21 05:35:00,2.33886,2.33986,2.33866,2.33979,270
2025-11-21 05:40:00,2.33973,2.33977,2.33902,2.33942,199
2025-11-21 05:45:00,2.3394,2.3395,2.33898,2.33912,182
2025-11-21 05:50:00,2.33905,2.33921,2.33859,2.33902,177
2025-11-21 05:55:00,2.33901,2.33942,2.33874,2.33941,170
2025-11-21 06:00:00,2.33941,2.33957,2.33928,2.33957,258
2025-11-21 06:05:00,2.3396,2.33973,2.33913,2.3392,254
2025-11-21 06:10:00,2.33922,2.33989,2.339,2.33966,217
2025-11-21 06:15:00,2.33965,2.34009,2.33963,2.33985,279
2025-11-21 06:20:00,2.33984,2.34087,2.33976,2.34078,225
2025-11-21 06:25:00,2.34077,2.34078,2.33962,2.3397,229
2025-11-21 06:30:00,2.33969,2.34007,2.33941,2.33956,203
2025-11-21 06:35:00,2.33955,2.33992,2.3393,2.33986,204
2025-11-21 06:40:00,2.33985,2.34008,2.33962,2.34008,240
2025-11-21 06:45:00,2.34005,2.34062,2.3399900000000002,2.34049,238
2025-11-21 06:50:00,2.3405,2.34053,2.33963,2.33964,159
2025-11-21 06:55:00,2.33966,2.33988,2.33939,2.33944,254
2025-11-21 07:00:00,2.3395,2.3395,2.33819,2.33925,282
2025-11-21 07:05:00,2.33929,2.33956,2.33869,2.33869,308
2025-11-21 07:10:00,2.33865,2.33885,2.33769,2.33778,224
2025-11-21 07:15:00,2.33784,2.33804,2.33713,2.33744,173
2025-11-21 07:20:00,2.3375500000000002,2.33787,2.3372,2.33771,211
2025-11-21 07:25:00,2.33769,2.33837,2.33766,2.33833,230
2025-11-21 07:30:00,2.33834,2.33903,2.33834,2.33893,327
2025-11-21 07:35:00,2.33891,2.3392,2.3383599999999998,2.33918,275
2025-11-21 07:40:00,2.33916,2.33963,2.33904,2.33936,223
2025-11-21 07:45:00,2.33944,2.33953,2.33891,2.33913,227
2025-11-21 07:50:00,2.33911,2.33952,2.33905,2.33923,269
2025-11-21 07:55:00,2.33926,2.33929,2.33834,2.33873,342
2025-11-21 08:00:00,2.33871,2.33885,2.33773,2.33779,329
2025-11-21 08:05:00,2.33778,2.33828,2.3374,2.33822,344
2025-11-21 08:10:00,2.3382,2.33823,2.33725,2.33745,315
2025-11-21 08:15:00,2.33747,2.33762,2.33664,2.33724,295
2025-11-21 08:20:00,2.33722,2.33746,2.33675,2.33688,319
2025-11-21 08:25:00,2.33686,2.33747,2.33681,2.33736,270
2025-11-21 08:30:00,2.33743,2.3376,2.33652,2.3366,286
2025-11-21 08:35:00,2.33668,2.33698,2.33642,2.33686,233
2025-11-21 08:40:00,2.3368700000000002,2.33713,2.33673,2.337,283
2025-11-21 08:45:00,2.33698,2.33705,2.3364599999999998,2.33665,287
2025-11-21 08:50:00,2.33664,2.33698,2.33625,2.33656,390
2025-11-21 08:55:00,2.33656,2.33683,2.33598,2.33671,411
2025-11-21 09:00:00,2.33669,2.33669,2.33334,2.3344,512
2025-11-21 09:05:00,2.33441,2.3359199999999998,2.33419,2.33577,457
2025-11-21 09:10:00,2.33575,2.3366,2.33575,2.33628,369
2025-11-21 09:15:00,2.33617,2.3364599999999998,2.33539,2.33554,397
2025-11-21 09:20:00,2.33556,2.33575,2.33515,2.33534,338
2025-11-21 09:25:00,2.33533,2.33624,2.33532,2.33587,334
2025-11-21 09:30:00,2.33586,2.33587,2.33461,2.33509,493
2025-11-21 09:35:00,2.33509,2.3351100000000002,2.33383,2.3340899999999998,469
2025-11-21 09:40:00,2.33411,2.33667,2.33393,2.33629,405
2025-11-21 09:45:00,2.33635,2.33686,2.33604,2.33627,409
2025-11-21 09:50:00,2.3362600000000002,2.3363,2.33545,2.33571,421
2025-11-21 09:55:00,2.33581,2.33767,2.33547,2.33709,500
2025-11-21 10:00:00,2.33716,2.33817,2.33623,2.33789,495
2025-11-21 10:05:00,2.338,2.3382899999999998,2.33655,2.33674,443
2025-11-21 10:10:00,2.33692,2.33763,2.33654,2.3369400000000002,487
2025-11-21 10:15:00,2.3369,2.3382,2.33665,2.33712,576
2025-11-21 10:20:00,2.337,2.33785,2.33577,2.33587,504
2025-11-21 10:25:00,2.33584,2.3371399999999998,2.33581,2.33623,524
2025-11-21 10:30:00,2.33632,2.33723,2.33608,2.33654,597
2025-11-21 10:35:00,2.33654,2.33741,2.33601,2.3364599999999998,522
2025-11-21 10:40:00,2.33645,2.33665,2.3355,2.33608,435
2025-11-21 10:45:00,2.33607,2.3369400000000002,2.33579,2.3369400000000002,467
2025-11-21 10:50:00,2.33689,2.33724,2.3364,2.33642,402
2025-11-21 10:55:00,2.33644,2.33703,2.33603,2.33675,414
2025-11-21 11:00:00,2.3368700000000002,2.33726,2.33616,2.33668,414
2025-11-21 11:05:00,2.33666,2.3368,2.33613,2.33663,342
2025-11-21 11:10:00,2.33665,2.33666,2.33583,2.3363,335
2025-11-21 11:15:00,2.33629,2.3373,2.33601,2.33649,367
2025-11-21 11:20:00,2.33648,2.33676,2.33614,2.33634,359
2025-11-21 11:25:00,2.3363300000000002,2.33698,2.3359,2.33594,339
2025-11-21 11:30:00,2.33491,2.33549,2.33386,2.3346,459
2025-11-21 11:35:00,2.33461,2.33479,2.33391,2.33468,402
2025-11-21 11:40:00,2.33469,2.33496,2.3338900000000002,2.33447,334
2025-11-21 11:45:00,2.33449,2.33496,2.33353,2.33384,402
2025-11-21 11:50:00,2.3338900000000002,2.33451,2.33374,2.33405,345
2025-11-21 11:55:00,2.33404,2.33477,2.33332,2.33433,466
2025-11-21 12:00:00,2.33421,2.33496,2.3339,2.33467,480
2025-11-21 12:05:00,2.33468,2.3354,2.33392,2.33532,518
2025-11-21 12:10:00,2.33537,2.33605,2.33499,2.33559,459
2025-11-21 12:15:00,2.33556,2.33656,2.33544,2.33619,429
2025-11-21 12:20:00,2.3362,2.33672,2.33604,2.3365299999999998,411
2025-11-21 12:25:00,2.33655,2.33701,2.3359,2.3363,339
2025-11-21 12:30:00,2.3363,2.33638,2.33453,2.33477,422
2025-11-21 12:35:00,2.33476,2.33478,2.33357,2.33415,342
2025-11-21 12:40:00,2.33411,2.33483,2.33342,2.33475,342
2025-11-21 12:45:00,2.33473,2.33483,2.33355,2.33371,378
2025-11-21 12:50:00,2.33374,2.33435,2.33308,2.33411,405
2025-11-21 12:55:00,2.33413,2.33507,2.33413,2.3349,421
2025-11-21 13:00:00,2.33487,2.33496,2.33421,2.33493,318
2025-11-21 13:05:00,2.33484,2.33518,2.33377,2.33424,349
2025-11-21 13:10:00,2.33425,2.33501,2.33414,2.33465,358
2025-11-21 13:15:00,2.33464,2.33465,2.33368,2.33385,340
2025-11-21 13:20:00,2.33383,2.33394,2.33281,2.33327,375
2025-11-21 13:25:00,2.33327,2.33381,2.33305,2.3336,318
2025-11-21 13:30:00,2.33366,2.33366,2.33257,2.33326,335
2025-11-21 13:35:00,2.33325,2.33459,2.33318,2.33422,306
2025-11-21 13:40:00,2.33421,2.33421,2.33347,2.33375,314
2025-11-21 13:45:00,2.33374,2.33374,2.33305,2.33353,322
2025-11-21 13:50:00,2.33351,2.33408,2.33333,2.33362,365
2025-11-21 13:55:00,2.33361,2.33361,2.33297,2.3334799999999998,390
2025-11-21 14:00:00,2.33346,2.33428,2.33304,2.33408,459
2025-11-21 14:05:00,2.33401,2.33492,2.3338900000000002,2.33446,453
2025-11-21 14:10:00,2.33447,2.33486,2.33401,2.3343,419
2025-11-21 14:15:00,2.33433,2.33554,2.33426,2.33516,410
2025-11-21 14:20:00,2.33513,2.33576,2.33512,2.33568,459
2025-11-21 14:25:00,2.33569,2.33594,2.33514,2.33543,384
2025-11-21 14:30:00,2.33537,2.3364,2.33372,2.33594,829
2025-11-21 14:35:00,2.33591,2.33611,2.33477,2.33483,665
2025-11-21 14:40:00,2.33484,2.33558,2.33458,2.33545,533
2025-11-21 14:45:00,2.33533,2.33544,2.33424,2.3346,543
2025-11-21 14:50:00,2.3346,2.3356500000000002,2.33385,2.33528,517
2025-11-21 14:55:00,2.33539,2.33691,2.33521,2.3364,513
2025-11-21 15:00:00,2.33639,2.33645,2.3351,2.33583,471
2025-11-21 15:05:00,2.33582,2.3363300000000002,2.33551,2.33561,392
2025-11-21 15:10:00,2.33559,2.3356500000000002,2.33491,2.33526,385
2025-11-21 15:15:00,2.3352399999999998,2.3352399999999998,2.33413,2.33464,389
2025-11-21 15:20:00,2.33469,2.33576,2.33406,2.33573,388
2025-11-21 15:25:00,2.33568,2.33611,2.33559,2.33606,332
2025-11-21 15:30:00,2.33608,2.33608,2.33455,2.33478,345
2025-11-21 15:35:00,2.33476,2.33513,2.33413,2.3343,354
2025-11-21 15:40:00,2.33428,2.33498,2.33388,2.33493,312
2025-11-21 15:45:00,2.33494,2.33595,2.33475,2.33552,424
2025-11-21 15:50:00,2.33548,2.33621,2.33478,2.33493,418
2025-11-21 15:55:00,2.33496,2.3351,2.3340199999999998,2.33407,466
2025-11-21 16:00:00,2.33406,2.3352,2.33392,2.33452,582
2025-11-21 16:05:00,2.33451,2.3358499999999998,2.33442,2.33537,440
2025-11-21 16:10:00,2.33537,2.33635,2.33537,2.33584,368
2025-11-21 16:15:00,2.33581,2.33602,2.33541,2.33541,398
2025-11-21 16:20:00,2.33545,2.3362,2.33533,2.33586,403
2025-11-21 16:25:00,2.3358499999999998,2.33659,2.33513,2.33648,414
2025-11-21 16:30:00,2.33651,2.33698,2.33555,2.3368,647
2025-11-21 16:35:00,2.33685,2.33863,2.33663,2.33835,553
2025-11-21 16:40:00,2.33838,2.33912,2.33759,2.33838,513
2025-11-21 16:45:00,2.33838,2.33976,2.33792,2.3387700000000002,602
2025-11-21 16:50:00,2.33876,2.3391,2.33756,2.33784,650
2025-11-21 16:55:00,2.33786,2.33949,2.33756,2.3393,501
2025-11-21 17:00:00,2.33914,2.34051,2.33831,2.33959,673
2025-11-21 17:05:00,2.33965,2.33997,2.33785,2.33903,662
2025-11-21 17:10:00,2.33903,2.33977,2.3385,2.3392,689
2025-11-21 17:15:00,2.33925,2.33944,2.33803,2.33819,572
2025-11-21 17:20:00,2.33818,2.33973,2.33815,2.33841,542
2025-11-21 17:25:00,2.33845,2.33935,2.33783,2.33898,574
2025-11-21 17:30:00,2.33909,2.33976,2.33859,2.33937,589
2025-11-21 17:35:00,2.33929,2.34091,2.33929,2.3399900000000002,571
2025-11-21 17:40:00,2.34001,2.34017,2.3383599999999998,2.33865,572
2025-11-21 17:45:00,2.33862,2.339,2.33785,2.33831,616
2025-11-21 17:50:00,2.33832,2.33893,2.33786,2.3383,612
2025-11-21 17:55:00,2.3382899999999998,2.33962,2.33791,2.33888,613
2025-11-21 18:00:00,2.33889,2.33905,2.33788,2.33835,603
2025-11-21 18:05:00,2.33837,2.33923,2.33837,2.33904,536
2025-11-21 18:10:00,2.33905,2.3393100000000002,2.33843,2.33866,531
2025-11-21 18:15:00,2.33869,2.33943,2.3385,2.33854,520
2025-11-21 18:20:00,2.33857,2.33866,2.33692,2.33718,471
2025-11-21 18:25:00,2.33716,2.33787,2.33623,2.33637,476
2025-11-21 18:30:00,2.33641,2.33719,2.3355,2.33717,550
2025-11-21 18:35:00,2.33715,2.33716,2.33605,2.33625,533
2025-11-21 18:40:00,2.33627,2.33666,2.33581,2.33637,452
2025-11-21 18:45:00,2.3364,2.33722,2.33632,2.33681,409
2025-11-21 18:50:00,2.33683,2.33703,2.33613,2.33621,490
2025-11-21 18:55:00,2.33629,2.33629,2.33509,2.33529,508
2025-11-21 19:00:00,2.33525,2.33599,2.33493,2.33583,539
2025-11-21 19:05:00,2.33578,2.33602,2.33449,2.33462,431
2025-11-21 19:10:00,2.33461,2.33588,2.33452,2.33547,400
2025-11-21 19:15:00,2.33545,2.33569,2.33473,2.33486,407
2025-11-21 19:20:00,2.33489,2.33551,2.33486,2.33495,414
2025-11-21 19:25:00,2.33496,2.33517,2.33432,2.33497,419
2025-11-21 19:30:00,2.3350400000000002,2.33509,2.33386,2.33433,380
2025-11-21 19:35:00,2.33431,2.33468,2.33393,2.33453,399
2025-11-21 19:40:00,2.33454,2.3352,2.33434,2.33487,368
2025-11-21 19:45:00,2.33486,2.33544,2.33454,2.33528,342
2025-11-21 19:50:00,2.33523,2.3359199999999998,2.33509,2.3355,395
2025-11-21 19:55:00,2.33551,2.33597,2.33517,2.3356,351
2025-11-21 20:00:00,2.33552,2.33631,2.33535,2.33629,410
2025-11-21 20:05:00,2.33622,2.33638,2.33576,2.33588,428
2025-11-21 20:10:00,2.33586,2.33657,2.33579,2.33655,350
2025-11-21 20:15:00,2.3366,2.33711,2.33634,2.33665,341
2025-11-21 20:20:00,2.33668,2.3373,2.33635,2.33728,391
2025-11-21 20:25:00,2.33727,2.33743,2.33672,2.33683,396
2025-11-21 20:30:00,2.33682,2.33701,2.33545,2.33549,375
2025-11-21 20:35:00,2.33548,2.3356,2.33506,2.33538,282
2025-11-21 20:40:00,2.33537,2.3357,2.33532,2.3356,304
2025-11-21 20:45:00,2.33559,2.33574,2.33416,2.33433,439
2025-11-21 20:50:00,2.33431,2.33472,2.33379,2.33465,529
2025-11-21 20:55:00,2.3346999999999998,2.33549,2.33468,2.33538,405
2025-11-21 21:00:00,2.3353,2.33574,2.33475,2.33481,393
2025-11-21 21:05:00,2.33468,2.33521,2.33467,2.33518,337
2025-11-21 21:10:00,2.33516,2.33558,2.33503,2.33516,332
2025-11-21 21:15:00,2.33514,2.33547,2.33474,2.33497,303
2025-11-21 21:20:00,2.33501,2.33516,2.3346,2.33479,348
2025-11-21 21:25:00,2.33481,2.33521,2.33465,2.33491,296
2025-11-21 21:30:00,2.3349,2.3354,2.33481,2.33503,301
2025-11-21 21:35:00,2.33499,2.33532,2.33411,2.33457,345
2025-11-21 21:40:00,2.33455,2.3351100000000002,2.3340899999999998,2.33485,291
2025-11-21 21:45:00,2.33487,2.33514,2.3345000000000002,2.33459,335
2025-11-21 21:50:00,2.33456,2.33516,2.33425,2.33516,361
2025-11-21 21:55:00,2.33515,2.33517,2.33426,2.33436,334
2025-11-21 22:00:00,2.33441,2.33446,2.3339,2.3341,316
2025-11-21 22:05:00,2.33413,2.33434,2.3339,2.33404,375
2025-11-21 22:10:00,2.33405,2.33431,2.33372,2.33413,279
2025-11-21 22:15:00,2.3341,2.33455,2.3341,2.33438,260
2025-11-21 22:20:00,2.33437,2.33508,2.33426,2.33503,239
2025-11-21 22:25:00,2.3350400000000002,2.33521,2.33468,2.33512,227
2025-11-21 22:30:00,2.33506,2.33532,2.33444,2.33446,305
2025-11-21 22:35:00,2.33447,2.33459,2.33388,2.334,323
2025-11-21 22:40:00,2.33398,2.33459,2.33392,2.33449,284
2025-11-21 22:45:00,2.33448,2.33462,2.33377,2.3338900000000002,311
2025-11-21 22:50:00,2.33392,2.3343,2.33375,2.33412,370
2025-11-21 22:55:00,2.3341,2.33507,2.3341,2.33478,359
2025-11-21 23:00:00,2.33408,2.33449,2.3334799999999998,2.33356,252
2025-11-21 23:05:00,2.33354,2.33356,2.33302,2.33306,173
2025-11-21 23:10:00,2.33305,2.33361,2.33305,2.33336,273
2025-11-21 23:15:00,2.33338,2.33431,2.3333,2.33398,207
2025-11-21 23:20:00,2.33396,2.33413,2.33316,2.33358,200
2025-11-21 23:25:00,2.33356,2.33376,2.33281,2.3329,216
2025-11-21 23:30:00,2.33293,2.33305,2.3326000000000002,2.33271,192
2025-11-21 23:35:00,2.33275,2.33349,2.33263,2.33344,238
2025-11-21 23:40:00,2.33338,2.3345000000000002,2.33327,2.33432,207
2025-11-21 23:45:00,2.33427,2.3351,2.33419,2.3346299999999998,418
2025-11-21 23:50:00,2.33457,2.33477,2.33378,2.33416,367
2025-11-21 23:55:00,2.33372,2.33373,2.32974,2.32981,321
2025-11-24 00:00:00,2.33246,2.33294,2.33218,2.33218,9
2025-11-24 00:05:00,2.33218,2.33294,2.33055,2.33178,40
2025-11-24 00:10:00,2.33178,2.33186,2.33135,2.33135,66
2025-11-24 00:15:00,2.33265,2.33327,2.33259,2.33327,73
2025-11-24 00:20:00,2.33332,2.334,2.33268,2.33392,42
2025-11-24 00:25:00,2.33396,2.3345000000000002,2.33329,2.3345000000000002,57
2025-11-24 00:30:00,2.33322,2.33329,2.33274,2.33324,132
2025-11-24 00:35:00,2.33329,2.33329,2.33279,2.33286,95
2025-11-24 00:40:00,2.33283,2.33452,2.33272,2.33452,48
2025-11-24 00:45:00,2.33294,2.33361,2.33253,2.3329,117
2025-11-24 00:50:00,2.33291,2.33372,2.33275,2.3337,113
2025-11-24 00:55:00,2.33374,2.33448,2.33353,2.33361,79
2025-11-24 01:00:00,2.33363,2.33535,2.33237,2.33279,282
2025-11-24 01:05:00,2.33278,2.33361,2.33275,2.33299,147
2025-11-24 01:10:00,2.33295,2.33314,2.3326700000000002,2.33272,180
2025-11-24 01:15:00,2.33278,2.33302,2.33259,2.33288,189
2025-11-24 01:20:00,2.33289,2.33322,2.33263,2.33316,170
2025-11-24 01:25:00,2.33315,2.33393,2.33313,2.33377,193
2025-11-24 01:30:00,2.33386,2.3340899999999998,2.33365,2.3338200000000002,179
2025-11-24 01:35:00,2.33381,2.33388,2.3335,2.33353,151
2025-11-24 01:40:00,2.33355,2.33376,2.33338,2.33357,190
2025-11-24 01:45:00,2.33356,2.33379,2.33299,2.33311,168
2025-11-24 01:50:00,2.33305,2.33336,2.33305,2.33329,160
2025-11-24 01:55:00,2.33313,2.33335,2.33303,2.33324,148
2025-11-24 02:00:00,2.33326,2.33383,2.33309,2.33346,196
2025-11-24 02:05:00,2.33347,2.33423,2.33347,2.33415,214
2025-11-24 02:10:00,2.3341,2.33456,2.3338200000000002,2.33388,163
2025-11-24 02:15:00,2.33394,2.33431,2.33352,2.33425,186
2025-11-24 02:20:00,2.33425,2.33429,2.33376,2.33422,218
2025-11-24 02:25:00,2.33422,2.33442,2.33416,2.3343,171
2025-11-24 02:30:00,2.3343,2.3344,2.33397,2.33415,236
2025-11-24 02:35:00,2.33416,2.33428,2.33386,2.33393,282
2025-11-24 02:40:00,2.33387,2.33414,2.33384,2.3340199999999998,229
2025-11-24 02:45:00,2.33401,2.33412,2.3338200000000002,2.33399,164
2025-11-24 02:50:00,2.334,2.33419,2.33383,2.33399,187
2025-11-24 02:55:00,2.33408,2.33446,2.33393,2.33426,200
2025-11-24 03:00:00,2.33427,2.33481,2.3340899999999998,2.33449,335
2025-11-24 03:05:00,2.3345000000000002,2.33497,2.33449,2.33469,384
2025-11-24 03:10:00,2.33469,2.33521,2.33459,2.3348,374
2025-11-24 03:15:00,2.33482,2.3350400000000002,2.33461,2.33498,308
2025-11-24 03:20:00,2.335,2.33588,2.33487,2.33487,351
2025-11-24 03:25:00,2.33486,2.33508,2.3340199999999998,2.33437,334
2025-11-24 03:30:00,2.33437,2.33465,2.33359,2.3337,486
2025-11-24 03:35:00,2.33363,2.33423,2.33338,2.33376,372
2025-11-24 03:40:00,2.33376,2.33442,2.33371,2.3341,353
2025-11-24 03:45:00,2.33411,2.33454,2.33393,2.33454,287
2025-11-24 03:50:00,2.33457,2.33475,2.33391,2.33394,264
2025-11-24 03:55:00,2.33392,2.33476,2.33391,2.33413,280
2025-11-24 04:00:00,2.33419,2.33495,2.3337,2.3349,314
2025-11-24 04:05:00,2.33492,2.33502,2.33425,2.33449,437
2025-11-24 04:10:00,2.33448,2.33462,2.33401,2.33451,395
2025-11-24 04:15:00,2.33449,2.3345000000000002,2.33355,2.33358,452
2025-11-24 04:20:00,2.33357,2.33386,2.33245,2.33245,424
2025-11-24 04:25:00,2.33249,2.33317,2.3322599999999998,2.3325,366
2025-11-24 04:30:00,2.33249,2.33337,2.33229,2.3332800000000002,387
2025-11-24 04:35:00,2.33327,2.33363,2.33295,2.3332800000000002,344
2025-11-24 04:40:00,2.33326,2.33417,2.33325,2.3337,398
2025-11-24 04:45:00,2.33369,2.3344300000000002,2.33338,2.33399,253
2025-11-24 04:50:00,2.33394,2.33447,2.33392,2.33415,245
2025-11-24 04:55:00,2.33414,2.3346999999999998,2.33403,2.33429,252
2025-11-24 05:00:00,2.33425,2.33467,2.33416,2.3344,303
2025-11-24 05:05:00,2.33439,2.33499,2.33433,2.33474,278
2025-11-24 05:10:00,2.33475,2.33492,2.33453,2.33482,299
2025-11-24 05:15:00,2.33483,2.33563,2.33483,2.33545,337
2025-11-24 05:20:00,2.33547,2.33593,2.33528,2.33544,258
2025-11-24 05:25:00,2.33545,2.33547,2.33507,2.33537,154
2025-11-24 05:30:00,2.33536,2.33559,2.33517,2.33543,135
2025-11-24 05:35:00,2.33542,2.33561,2.33499,2.33508,206
2025-11-24 05:40:00,2.33507,2.33515,2.33481,2.33481,153
2025-11-24 05:45:00,2.33479,2.33488,2.33428,2.33486,146
2025-11-24 05:50:00,2.33487,2.33505,2.33444,2.33498,183
2025-11-24 05:55:00,2.33496,2.33588,2.3349,2.33583,203
2025-11-24 06:00:00,2.33582,2.33624,2.33496,2.33496,181
2025-11-24 06:05:00,2.33498,2.33507,2.33471,2.33479,234
2025-11-24 06:10:00,2.33479,2.33575,2.33446,2.33533,212
2025-11-24 06:15:00,2.33532,2.33577,2.33526,2.33575,216
2025-11-24 06:20:00,2.33577,2.33635,2.33557,2.33607,219
2025-11-24 06:25:00,2.33608,2.33622,2.33579,2.3362,207
2025-11-24 06:30:00,2.33621,2.3364,2.3359199999999998,2.33616,163
2025-11-24 06:35:00,2.33618,2.33665,2.33618,2.33665,177
2025-11-24 06:40:00,2.33659,2.33685,2.33648,2.33674,175
2025-11-24 06:45:00,2.33676,2.3369,2.33644,2.33662,199
2025-11-24 06:50:00,2.33661,2.33692,2.33637,2.33685,216
2025-11-24 06:55:00,2.33686,2.33718,2.33673,2.3369400000000002,222
2025-11-24 07:00:00,2.33692,2.3371399999999998,2.33669,2.33672,267
2025-11-24 07:05:00,2.3367,2.33692,2.33624,2.33648,334
2025-11-24 07:10:00,2.33649,2.33688,2.33648,2.33679,283
2025-11-24 07:15:00,2.3367,2.33735,2.3367,2.33721,295
2025-11-24 07:20:00,2.33722,2.33722,2.33675,2.33682,346
2025-11-24 07:25:00,2.3368,2.33708,2.3364599999999998,2.33654,211
2025-11-24 07:30:00,2.33655,2.33734,2.3365,2.33733,298
2025-11-24 07:35:00,2.33735,2.33772,2.33711,2.33727,220
2025-11-24 07:40:00,2.33728,2.33749,2.33703,2.33718,240
2025-11-24 07:45:00,2.33723,2.33754,2.33688,2.33751,151
2025-11-24 07:50:00,2.33749,2.3377,2.33701,2.33722,187
2025-11-24 07:55:00,2.33709,2.33718,2.3367,2.33713,239
2025-11-24 08:00:00,2.33712,2.33739,2.33693,2.33736,207
2025-11-24 08:05:00,2.33737,2.33757,2.33661,2.33661,248
2025-11-24 08:10:00,2.33663,2.3374800000000002,2.3365299999999998,2.33704,217
2025-11-24 08:15:00,2.33705,2.33718,2.33656,2.33681,195
2025-11-24 08:20:00,2.33679,2.33704,2.33662,2.33669,241
2025-11-24 08:25:00,2.3367,2.3368700000000002,2.3364599999999998,2.33673,247
2025-11-24 08:30:00,2.33674,2.33758,2.33661,2.33751,224
2025-11-24 08:35:00,2.33749,2.33802,2.33734,2.33796,194
2025-11-24 08:40:00,2.33798,2.33803,2.33747,2.33789,330
2025-11-24 08:45:00,2.33788,2.33803,2.33742,2.33743,284
2025-11-24 08:50:00,2.3374800000000002,2.3383599999999998,2.33744,2.33833,319
2025-11-24 08:55:00,2.33831,2.33871,2.33822,2.33849,321
2025-11-24 09:00:00,2.33851,2.33878,2.33801,2.33808,361
2025-11-24 09:05:00,2.33806,2.3382899999999998,2.3376,2.33763,331
2025-11-24 09:10:00,2.33763,2.33777,2.33706,2.3371399999999998,275
2025-11-24 09:15:00,2.33712,2.3373,2.33691,2.33701,266
2025-11-24 09:20:00,2.33702,2.33747,2.3362,2.33628,314
2025-11-24 09:25:00,2.33624,2.33675,2.33578,2.33634,288
2025-11-24 09:30:00,2.33638,2.3364599999999998,2.3358499999999998,2.33614,309
2025-11-24 09:35:00,2.33615,2.33615,2.33525,2.33547,243
2025-11-24 09:40:00,2.33549,2.33614,2.3354,2.33556,344
2025-11-24 09:45:00,2.33557,2.33629,2.33548,2.33577,327
2025-11-24 09:50:00,2.33573,2.3362,2.33553,2.33561,279
2025-11-24 09:55:00,2.33562,2.33591,2.33514,2.33568,374
2025-11-24 10:00:00,2.33568,2.33649,2.33552,2.33559,429
2025-11-24 10:05:00,2.33558,2.33625,2.33528,2.3359,369
2025-11-24 10:10:00,2.33589,2.33611,2.3353,2.33549,401
2025-11-24 10:15:00,2.33556,2.33586,2.33498,2.33509,429
2025-11-24 10:20:00,2.33507,2.33596,2.33492,2.33558,408
2025-11-24 10:25:00,2.33563,2.33563,2.33459,2.3348,379
2025-11-24 10:30:00,2.33484,2.33484,2.33345,2.33406,381
2025-11-24 10:35:00,2.33405,2.33453,2.33378,2.33404,402
2025-11-24 10:40:00,2.3340199999999998,2.33427,2.33374,2.33421,362
2025-11-24 10:45:00,2.33423,2.33478,2.33407,2.3344,315
2025-11-24 10:50:00,2.3344300000000002,2.33507,2.33438,2.33495,329
2025-11-24 10:55:00,2.33492,2.33502,2.33415,2.33445,298
2025-11-24 11:00:00,2.33447,2.33575,2.3342,2.33571,357
2025-11-24 11:05:00,2.3357,2.33677,2.33556,2.33675,349
2025-11-24 11:10:00,2.33677,2.33679,2.33581,2.33611,346
2025-11-24 11:15:00,2.3361,2.3369,2.3358499999999998,2.33679,404
2025-11-24 11:20:00,2.33678,2.33801,2.33665,2.33796,335
2025-11-24 11:25:00,2.33788,2.33917,2.33787,2.3387700000000002,417
2025-11-24 11:30:00,2.33879,2.33905,2.33826,2.33887,373
2025-11-24 11:35:00,2.33888,2.33901,2.33749,2.33749,325
2025-11-24 11:40:00,2.33752,2.3383599999999998,2.33752,2.33781,320
2025-11-24 11:45:00,2.33778,2.33796,2.33745,2.3378,320
2025-11-24 11:50:00,2.33778,2.33819,2.33762,2.33803,278
2025-11-24 11:55:00,2.33802,2.3381600000000002,2.33737,2.33762,416
2025-11-24 12:00:00,2.33761,2.33795,2.3371,2.33731,365
2025-11-24 12:05:00,2.33733,2.3375500000000002,2.33678,2.33696,330
2025-11-24 12:10:00,2.33693,2.33801,2.33684,2.3379,374
2025-11-24 12:15:00,2.338,2.338,2.33635,2.33637,306
2025-11-24 12:20:00,2.33638,2.33738,2.33617,2.33728,294
2025-11-24 12:25:00,2.33721,2.3376799999999998,2.3364599999999998,2.33691,349
2025-11-24 12:30:00,2.33689,2.33754,2.33678,2.33701,310
2025-11-24 12:35:00,2.33702,2.33704,2.33587,2.33598,295
2025-11-24 12:40:00,2.33597,2.33617,2.33549,2.33551,223
2025-11-24 12:45:00,2.3355,2.33594,2.33528,2.33582,266
2025-11-24 12:50:00,2.3357,2.33597,2.3354,2.33546,260
2025-11-24 12:55:00,2.33545,2.33557,2.33488,2.33528,229
2025-11-24 13:00:00,2.3352399999999998,2.3352399999999998,2.33439,2.33439,255
2025-11-24 13:05:00,2.3344,2.33562,2.33438,2.33495,301
2025-11-24 13:10:00,2.33493,2.33551,2.33473,2.33513,288
2025-11-24 13:15:00,2.33514,2.33518,2.33457,2.33464,225
2025-11-24 13:20:00,2.33468,2.33507,2.3345000000000002,2.3346299999999998,239
2025-11-24 13:25:00,2.33465,2.33527,2.33462,2.33495,297
2025-11-24 13:30:00,2.33502,2.33553,2.33485,2.33529,350
2025-11-24 13:35:00,2.33527,2.33537,2.33453,2.33454,236
2025-11-24 13:40:00,2.33453,2.33485,2.3337,2.33383,223
2025-11-24 13:45:00,2.33384,2.33385,2.33311,2.33339,282
2025-11-24 13:50:00,2.33334,2.3340199999999998,2.33325,2.33395,279
2025-11-24 13:55:00,2.33393,2.33395,2.33293,2.33314,366
2025-11-24 14:00:00,2.33315,2.33354,2.33289,2.33309,326
2025-11-24 14:05:00,2.33311,2.3335,2.33264,2.3334,341
2025-11-24 14:10:00,2.3334099999999998,2.33532,2.33319,2.33486,332
2025-11-24 14:15:00,2.33488,2.33514,2.33447,2.33508,318
2025-11-24 14:20:00,2.33505,2.33559,2.33468,2.33469,315
2025-11-24 14:25:00,2.33471,2.33558,2.33448,2.33515,314
2025-11-24 14:30:00,2.33517,2.33576,2.33506,2.33571,336
2025-11-24 14:35:00,2.33573,2.33674,2.33549,2.33647,281
2025-11-24 14:40:00,2.33645,2.33667,2.33548,2.33563,305
2025-11-24 14:45:00,2.33563,2.33622,2.33562,2.33578,335
2025-11-24 14:50:00,2.3358,2.3367,2.33571,2.3363,362
2025-11-24 14:55:00,2.33631,2.33657,2.33586,2.3363,380
2025-11-24 15:00:00,2.3363300000000002,2.33647,2.33569,2.3361,386
2025-11-24 15:05:00,2.33611,2.3369400000000002,2.33608,2.33674,351
2025-11-24 15:10:00,2.33672,2.33724,2.33624,2.33625,356
2025-11-24 15:15:00,2.33623,2.33671,2.33576,2.33659,388
2025-11-24 15:20:00,2.33654,2.33786,2.3365,2.33761,305
2025-11-24 15:25:00,2.33762,2.33831,2.3374800000000002,2.33807,311
2025-11-24 15:30:00,2.33806,2.33867,2.33744,2.3384,260
2025-11-24 15:35:00,2.33841,2.33878,2.33819,2.33874,261
2025-11-24 15:40:00,2.33876,2.33892,2.33782,2.33783,325
2025-11-24 15:45:00,2.33784,2.33844,2.33745,2.33813,344
2025-11-24 15:50:00,2.33813,2.33857,2.33713,2.3371399999999998,334
2025-11-24 15:55:00,2.33725,2.33725,2.33615,2.33667,419
2025-11-24 16:00:00,2.3367,2.33684,2.3359199999999998,2.33651,384
2025-11-24 16:05:00,2.3365,2.33739,2.33619,2.33695,284
2025-11-24 16:10:00,2.33695,2.33709,2.33627,2.33667,321
2025-11-24 16:15:00,2.33669,2.3374,2.33656,2.3370699999999998,373
2025-11-24 16:20:00,2.33709,2.33716,2.33604,2.33635,384
2025-11-24 16:25:00,2.33636,2.3368700000000002,2.33575,2.33637,457
2025-11-24 16:30:00,2.33636,2.3364,2.33429,2.33465,577
2025-11-24 16:35:00,2.33462,2.33492,2.33395,2.33435,592
2025-11-24 16:40:00,2.33436,2.3364,2.33404,2.33607,550
2025-11-24 16:45:00,2.3361,2.33733,2.33526,2.33729,550
2025-11-24 16:50:00,2.33732,2.33815,2.33669,2.33713,548
2025-11-24 16:55:00,2.3371399999999998,2.33747,2.33622,2.33648,463
2025-11-24 17:00:00,2.3364599999999998,2.3367,2.33551,2.33668,490
2025-11-24 17:05:00,2.33669,2.33683,2.33597,2.33624,531
2025-11-24 17:10:00,2.33623,2.3368700000000002,2.33574,2.33618,468
2025-11-24 17:15:00,2.33613,2.33636,2.33571,2.33589,449
2025-11-24 17:20:00,2.3359,2.33674,2.33583,2.33665,458
2025-11-24 17:25:00,2.33671,2.3369400000000002,2.33559,2.3356,456
2025-11-24 17:30:00,2.33567,2.33601,2.33522,2.33537,382
2025-11-24 17:35:00,2.33535,2.33545,2.33445,2.33464,360
2025-11-24 17:40:00,2.33465,2.33489,2.33319,2.3333,379
2025-11-24 17:45:00,2.33335,2.33339,2.33268,2.33285,348
2025-11-24 17:50:00,2.33286,2.33494,2.33269,2.33494,490
2025-11-24 17:55:00,2.33491,2.33498,2.3338,2.33491,618
2025-11-24 18:00:00,2.33486,2.33505,2.33411,2.33436,531
2025-11-24 18:05:00,2.33435,2.33482,2.33401,2.33469,349
2025-11-24 18:10:00,2.3346999999999998,2.33563,2.3346999999999998,2.33541,311
2025-11-24 18:15:00,2.33542,2.33583,2.33528,2.33528,240
2025-11-24 18:20:00,2.33529,2.33582,2.33518,2.33558,255
2025-11-24 18:25:00,2.33563,2.33612,2.33555,2.33609,280
2025-11-24 18:30:00,2.33605,2.33636,2.33587,2.33607,378
2025-11-24 18:35:00,2.33605,2.33622,2.3356,2.3357200000000002,352
2025-11-24 18:40:00,2.33573,2.3359,2.3353,2.33541,338
2025-11-24 18:45:00,2.33544,2.33549,2.33494,2.33545,280
2025-11-24 18:50:00,2.33541,2.33606,2.33536,2.33603,273
2025-11-24 18:55:00,2.33603,2.33624,2.33549,2.33567,315
2025-11-24 19:00:00,2.33552,2.3357200000000002,2.33523,2.33537,388
2025-11-24 19:05:00,2.33536,2.33574,2.3351100000000002,2.33574,384
2025-11-24 19:10:00,2.33577,2.33614,2.33559,2.33575,327
2025-11-24 19:15:00,2.33578,2.33588,2.33487,2.33495,371
2025-11-24 19:20:00,2.33494,2.33532,2.33462,2.33499,286
2025-11-24 19:25:00,2.33498,2.33534,2.33473,2.33498,333
2025-11-24 19:30:00,2.33503,2.33517,2.33447,2.33484,291
2025-11-24 19:35:00,2.33482,2.33521,2.33466,2.33477,267
2025-11-24 19:40:00,2.3346299999999998,2.33549,2.33429,2.3353,357
2025-11-24 19:45:00,2.33525,2.3355,2.33454,2.33533,305
2025-11-24 19:50:00,2.33546,2.33563,2.3350400000000002,2.33551,218
2025-11-24 19:55:00,2.33554,2.33603,2.33554,2.33573,263
2025-11-24 20:00:00,2.33571,2.33578,2.3352399999999998,2.33532,259
2025-11-24 20:05:00,2.33542,2.33542,2.33458,2.33497,277
2025-11-24 20:10:00,2.33499,2.33557,2.3348,2.33505,159
2025-11-24 20:15:00,2.33507,2.3355,2.33492,2.33533,194
2025-11-24 20:20:00,2.33532,2.33538,2.3349,2.33503,203
2025-11-24 20:25:00,2.33502,2.3353,2.33489,2.33523,201
2025-11-24 20:30:00,2.33522,2.33566,2.3351,2.33523,272
2025-11-24 20:35:00,2.33534,2.33561,2.3351,2.33558,247
2025-11-24 20:40:00,2.33557,2.33598,2.33557,2.33589,213
2025-11-24 20:45:00,2.3359199999999998,2.33598,2.33507,2.33554,239
2025-11-24 20:50:00,2.33553,2.33617,2.33545,2.33597,246
2025-11-24 20:55:00,2.33598,2.33669,2.3359,2.33659,320
2025-11-24 21:00:00,2.33657,2.33672,2.33583,2.33644,320
2025-11-24 21:05:00,2.3364599999999998,2.33658,2.33577,2.33612,233
2025-11-24 21:10:00,2.33602,2.33652,2.33575,2.33652,185
2025-11-24 21:15:00,2.3366,2.33671,2.33625,2.3364,168
2025-11-24 21:20:00,2.33644,2.33672,2.33638,2.33643,212
2025-11-24 21:25:00,2.33644,2.33651,2.33603,2.33629,187
2025-11-24 21:30:00,2.33628,2.33673,2.3362,2.33663,250
2025-11-24 21:35:00,2.33663,2.3368700000000002,2.33597,2.33599,193
2025-11-24 21:40:00,2.33598,2.33649,2.33598,2.33634,185
2025-11-24 21:45:00,2.33635,2.33686,2.3363300000000002,2.33672,194
2025-11-24 21:50:00,2.33671,2.33709,2.33665,2.33685,211
2025-11-24 21:55:00,2.33686,2.3369400000000002,2.33622,2.33639,377
2025-11-24 22:00:00,2.33638,2.3366,2.33577,2.33582,296
2025-11-24 22:05:00,2.33584,2.33639,2.33581,2.33614,221
2025-11-24 22:10:00,2.33614,2.3365,2.3359,2.33603,222
2025-11-24 22:15:00,2.33601,2.33622,2.33583,2.3359199999999998,193
2025-11-24 22:20:00,2.33593,2.33603,2.3355,2.3357200000000002,195
2025-11-24 22:25:00,2.33577,2.33598,2.33553,2.33568,181
2025-11-24 22:30:00,2.33567,2.33573,2.33549,2.33566,162
2025-11-24 22:35:00,2.33564,2.33577,2.3354,2.33566,192
2025-11-24 22:40:00,2.33562,2.33588,2.33552,2.33573,178
2025-11-24 22:45:00,2.33571,2.33609,2.33562,2.33608,218
2025-11-24 22:50:00,2.33607,2.33618,2.33538,2.33538,207
2025-11-24 22:55:00,2.33539,2.3361,2.3352,2.33583,277
2025-11-24 23:00:00,2.3351,2.33544,2.33477,2.33508,189
2025-11-24 23:05:00,2.33507,2.3351,2.33466,2.33484,185
2025-11-24 23:10:00,2.3348,2.33552,2.33458,2.33478,102
2025-11-24 23:15:00,2.33477,2.33496,2.33457,2.33479,144
2025-11-24 23:20:00,2.33478,2.33502,2.33477,2.33489,138
2025-11-24 23:25:00,2.33488,2.33506,2.33483,2.33495,137
2025-11-24 23:30:00,2.33498,2.33539,2.33493,2.33535,157
2025-11-24 23:35:00,2.33533,2.33544,2.3352399999999998,2.33532,143
2025-11-24 23:40:00,2.33533,2.33537,2.33508,2.33518,131
2025-11-24 23:45:00,2.33522,2.33558,2.33467,2.33468,165
2025-11-24 23:50:00,2.33467,2.33499,2.33431,2.33483,212
2025-11-24 23:55:00,2.33548,2.33548,2.3321,2.33225,171
2025-11-25 00:00:00,2.33453,2.3351100000000002,2.33451,2.33461,10
2025-11-25 00:05:00,2.33359,2.33461,2.33243,2.33278,37
2025-11-25 00:10:00,2.33278,2.3332,2.33258,2.33261,62
2025-11-25 00:15:00,2.33261,2.33418,2.3326000000000002,2.33401,53
2025-11-25 00:20:00,2.33388,2.33432,2.33373,2.33421,82
2025-11-25 00:25:00,2.33422,2.33502,2.33419,2.33428,30
2025-11-25 00:30:00,2.33426,2.33459,2.3342,2.33459,100
2025-11-25 00:35:00,2.33455,2.33455,2.33404,2.33435,177
2025-11-25 00:40:00,2.3344,2.33464,2.3343,2.33452,206
2025-11-25 00:45:00,2.33454,2.3359199999999998,2.33449,2.33582,314
2025-11-25 00:50:00,2.33584,2.33596,2.33563,2.33574,292
2025-11-25 00:55:00,2.33576,2.33627,2.33479,2.33488,458
2025-11-25 01:00:00,2.33547,2.33554,2.33457,2.33525,384
2025-11-25 01:05:00,2.33527,2.33597,2.33485,2.33521,310
2025-11-25 01:10:00,2.33516,2.33566,2.335,2.33522,193
2025-11-25 01:15:00,2.33523,2.33534,2.33498,2.33509,183
2025-11-25 01:20:00,2.3351100000000002,2.33538,2.33499,2.33534,150
2025-11-25 01:25:00,2.33536,2.33548,2.33513,2.3352,144
2025-11-25 01:30:00,2.33522,2.336,2.33522,2.33555,232
2025-11-25 01:35:00,2.33553,2.33558,2.33516,2.33549,129
2025-11-25 01:40:00,2.33543,2.3356,2.33533,2.33541,175
2025-11-25 01:45:00,2.33539,2.33555,2.33479,2.33505,154
2025-11-25 01:50:00,2.33506,2.33506,2.33436,2.33442,168
2025-11-25 01:55:00,2.3344300000000002,2.33508,2.33434,2.33508,136
2025-11-25 02:00:00,2.3351,2.33642,2.3351,2.3362600000000002,239
2025-11-25 02:05:00,2.33616,2.33698,2.33609,2.33698,193
2025-11-25 02:10:00,2.33698,2.3374800000000002,2.33667,2.3374800000000002,147
2025-11-25 02:15:00,2.33747,2.33754,2.33684,2.33747,146
2025-11-25 02:20:00,2.3374800000000002,2.33759,2.3368,2.33732,183
2025-11-25 02:25:00,2.33734,2.33737,2.33683,2.33719,145
2025-11-25 02:30:00,2.33724,2.3374,2.33628,2.33634,152
2025-11-25 02:35:00,2.33636,2.33727,2.3362600000000002,2.33692,196
2025-11-25 02:40:00,2.33693,2.33705,2.33662,2.33682,203
2025-11-25 02:45:00,2.33681,2.33684,2.33649,2.33675,303
2025-11-25 02:50:00,2.33675,2.3368,2.3358,2.3358,261
2025-11-25 02:55:00,2.33581,2.33597,2.33546,2.33591,302
2025-11-25 03:00:00,2.33593,2.33608,2.33404,2.33448,325
2025-11-25 03:05:00,2.33446,2.33494,2.33433,2.33447,293
2025-11-25 03:10:00,2.33453,2.33472,2.33322,2.33346,293
2025-11-25 03:15:00,2.33345,2.33423,2.33345,2.33358,260
2025-11-25 03:20:00,2.33358,2.33442,2.33257,2.33439,322
2025-11-25 03:25:00,2.33436,2.33489,2.33424,2.33485,228
2025-11-25 03:30:00,2.33486,2.33566,2.33438,2.33467,283
2025-11-25 03:35:00,2.33466,2.3346999999999998,2.3340199999999998,2.33464,260
2025-11-25 03:40:00,2.3346299999999998,2.33491,2.33412,2.3346,235
2025-11-25 03:45:00,2.33461,2.3350400000000002,2.33444,2.33485,254
2025-11-25 03:50:00,2.33487,2.33493,2.33417,2.33493,194
2025-11-25 03:55:00,2.33492,2.33493,2.33438,2.33448,252
2025-11-25 04:00:00,2.33449,2.33496,2.3344,2.33477,287
2025-11-25 04:05:00,2.33474,2.33573,2.33469,2.33566,223
2025-11-25 04:10:00,2.33559,2.33631,2.33542,2.33603,198
2025-11-25 04:15:00,2.33602,2.33602,2.33552,2.33563,207
2025-11-25 04:20:00,2.33559,2.3359,2.33522,2.33563,261
2025-11-25 04:25:00,2.33566,2.33595,2.33494,2.33498,216
2025-11-25 04:30:00,2.33495,2.33536,2.33457,2.33473,300
2025-11-25 04:35:00,2.33473,2.33587,2.33464,2.3357200000000002,228
2025-11-25 04:40:00,2.3357,2.33612,2.33518,2.3353099999999998,232
2025-11-25 04:45:00,2.33532,2.33576,2.33506,2.33575,235
2025-11-25 04:50:00,2.33574,2.33583,2.33545,2.33555,231
2025-11-25 04:55:00,2.33553,2.33595,2.33545,2.33545,230
2025-11-25 05:00:00,2.33547,2.33616,2.33536,2.33578,290
2025-11-25 05:05:00,2.33562,2.33576,2.33537,2.33571,203
2025-11-25 05:10:00,2.33573,2.3359199999999998,2.33521,2.33551,180
2025-11-25 05:15:00,2.3355,2.33604,2.33526,2.33591,236
2025-11-25 05:20:00,2.3359,2.33634,2.33587,2.33603,326
2025-11-25 05:25:00,2.33605,2.33671,2.33601,2.33663,306
2025-11-25 05:30:00,2.33662,2.33751,2.33662,2.33742,258
2025-11-25 05:35:00,2.33741,2.33851,2.3374,2.3385,204
2025-11-25 05:40:00,2.3385,2.3402,2.33846,2.33906,327
2025-11-25 05:45:00,2.33907,2.33915,2.33797,2.33799,268
2025-11-25 05:50:00,2.33801,2.33845,2.33756,2.33757,241
2025-11-25 05:55:00,2.33751,2.33785,2.33723,2.33764,257
2025-11-25 06:00:00,2.33762,2.33936,2.33744,2.33936,250
2025-11-25 06:05:00,2.3393,2.33947,2.33827,2.33879,236
2025-11-25 06:10:00,2.33876,2.3392,2.3382,2.33919,187
2025-11-25 06:15:00,2.33917,2.33918,2.33865,2.33875,177
2025-11-25 06:20:00,2.33891,2.33908,2.33856,2.33868,215
2025-11-25 06:25:00,2.33869,2.33878,2.33833,2.33871,209
2025-11-25 06:30:00,2.33868,2.33898,2.33858,2.33876,179
2025-11-25 06:35:00,2.33875,2.33875,2.33804,2.3382,168
2025-11-25 06:40:00,2.33819,2.33843,2.33802,2.33806,155
2025-11-25 06:45:00,2.338,2.3381,2.3372,2.3374800000000002,164
2025-11-25 06:50:00,2.33746,2.33802,2.33718,2.33796,140
2025-11-25 06:55:00,2.33796,2.33869,2.33783,2.33845,171
2025-11-25 07:00:00,2.33844,2.33911,2.3383,2.33847,204
2025-11-25 07:05:00,2.33846,2.33882,2.33803,2.33827,233
2025-11-25 07:10:00,2.33825,2.33859,2.33742,2.33849,270
2025-11-25 07:15:00,2.33846,2.33885,2.33844,2.33858,256
2025-11-25 07:20:00,2.33856,2.339,2.3384,2.33891,223
2025-11-25 07:25:00,2.33893,2.33916,2.33817,2.33831,237
2025-11-25 07:30:00,2.33828,2.3385,2.33812,2.33833,213
2025-11-25 07:35:00,2.33815,2.33847,2.33794,2.3383,193
2025-11-25 07:40:00,2.33832,2.3386,2.33801,2.3383,281
2025-11-25 07:45:00,2.33828,2.33854,2.3382,2.33835,177
2025-11-25 07:50:00,2.33834,2.33835,2.33747,2.3374800000000002,286
2025-11-25 07:55:00,2.3375,2.33793,2.33606,2.33767,437
2025-11-25 08:00:00,2.33767,2.33887,2.33743,2.33846,334
2025-11-25 08:05:00,2.33847,2.339,2.33838,2.33851,280
2025-11-25 08:10:00,2.33853,2.33901,2.33848,2.3388,207
2025-11-25 08:15:00,2.33881,2.33963,2.33864,2.3395799999999998,231
2025-11-25 08:20:00,2.33962,2.33984,2.3393,2.33939,238
2025-11-25 08:25:00,2.3393800000000002,2.33976,2.33935,2.3397,217
2025-11-25 08:30:00,2.3398,2.34006,2.33953,2.33982,247
2025-11-25 08:35:00,2.33986,2.34037,2.33953,2.34018,167
2025-11-25 08:40:00,2.3402,2.34074,2.34018,2.34057,210
2025-11-25 08:45:00,2.34058,2.3418200000000002,2.34056,2.34157,267
2025-11-25 08:50:00,2.34151,2.34224,2.34098,2.3412100000000002,266
2025-11-25 08:55:00,2.34124,2.34181,2.34118,2.34155,300
2025-11-25 09:00:00,2.34157,2.34192,2.34113,2.34178,426
2025-11-25 09:05:00,2.34177,2.34208,2.34144,2.34186,322
2025-11-25 09:10:00,2.34186,2.34241,2.34162,2.34231,295
2025-11-25 09:15:00,2.3423,2.34278,2.34218,2.34245,239
2025-11-25 09:20:00,2.34244,2.34247,2.34176,2.34218,238
2025-11-25 09:25:00,2.34217,2.34248,2.34177,2.34226,211
2025-11-25 09:30:00,2.34228,2.34241,2.34158,2.34186,282
2025-11-25 09:35:00,2.34185,2.34303,2.34169,2.34272,254
2025-11-25 09:40:00,2.34271,2.34421,2.34271,2.34359,306
2025-11-25 09:45:00,2.34357,2.34442,2.34356,2.3443899999999998,374
2025-11-25 09:50:00,2.34438,2.34441,2.34377,2.34407,347
2025-11-25 09:55:00,2.34406,2.34442,2.34321,2.3437,499
2025-11-25 10:00:00,2.3437200000000002,2.34465,2.3431699999999998,2.34432,428
2025-11-25 10:05:00,2.34431,2.3443300000000002,2.34337,2.34342,417
2025-11-25 10:10:00,2.34343,2.34411,2.3431699999999998,2.34402,351
2025-11-25 10:15:00,2.34401,2.34401,2.34293,2.34293,324
2025-11-25 10:20:00,2.34293,2.34344,2.34262,2.34344,296
2025-11-25 10:25:00,2.34342,2.34442,2.34337,2.34442,334
2025-11-25 10:30:00,2.3444,2.34489,2.34395,2.34405,366
2025-11-25 10:35:00,2.34404,2.34407,2.34272,2.34316,397
2025-11-25 10:40:00,2.3431699999999998,2.3431699999999998,2.34227,2.3423,324
2025-11-25 10:45:00,2.34232,2.34278,2.34201,2.34253,275
2025-11-25 10:50:00,2.34252,2.34326,2.34247,2.34314,353
2025-11-25 10:55:00,2.3431100000000002,2.34338,2.34211,2.34233,385
2025-11-25 11:00:00,2.34239,2.34282,2.34196,2.34272,358
2025-11-25 11:05:00,2.3427,2.34293,2.34196,2.34274,258
2025-11-25 11:10:00,2.34276,2.34313,2.34219,2.34229,317
2025-11-25 11:15:00,2.34231,2.3431100000000002,2.34219,2.34267,362
2025-11-25 11:20:00,2.34269,2.34291,2.34235,2.34276,332
2025-11-25 11:25:00,2.34285,2.34328,2.34252,2.34261,325
2025-11-25 11:30:00,2.3426,2.34314,2.34235,2.3425000000000002,299
2025-11-25 11:35:00,2.34254,2.34293,2.34208,2.3426,333
2025-11-25 11:40:00,2.3426,2.34303,2.34231,2.3424,355
2025-11-25 11:45:00,2.34239,2.34328,2.3419499999999998,2.34254,397
2025-11-25 11:50:00,2.34254,2.3425599999999998,2.34179,2.34203,343
2025-11-25 11:55:00,2.34204,2.34253,2.34186,2.34224,302
2025-11-25 12:00:00,2.34223,2.34231,2.34148,2.34219,374
2025-11-25 12:05:00,2.3422,2.34409,2.34217,2.34376,273
2025-11-25 12:10:00,2.3437799999999998,2.34382,2.34272,2.34297,353
2025-11-25 12:15:00,2.34298,2.34316,2.34251,2.3426,355
2025-11-25 12:20:00,2.34261,2.34273,2.3421,2.34229,221
2025-11-25 12:25:00,2.34229,2.34238,2.34108,2.3413,276
2025-11-25 12:30:00,2.34129,2.34236,2.34088,2.34133,332
2025-11-25 12:35:00,2.3413399999999998,2.34181,2.341,2.34154,337
2025-11-25 12:40:00,2.34155,2.34224,2.3411,2.34172,275
2025-11-25 12:45:00,2.34184,2.34185,2.34091,2.34127,281
2025-11-25 12:50:00,2.34126,2.34199,2.341,2.34186,234
2025-11-25 12:55:00,2.34186,2.34269,2.34142,2.3418900000000002,340
2025-11-25 13:00:00,2.34167,2.34283,2.34143,2.34278,313
2025-11-25 13:05:00,2.3428,2.34332,2.34228,2.34315,303
2025-11-25 13:10:00,2.34314,2.34403,2.34284,2.34332,292
2025-11-25 13:15:00,2.34335,2.34477,2.343,2.34477,332
2025-11-25 13:20:00,2.3443899999999998,2.34515,2.34416,2.34479,287
2025-11-25 13:25:00,2.3448,2.34509,2.34367,2.34396,272
2025-11-25 13:30:00,2.34395,2.34448,2.34357,2.3441,301
2025-11-25 13:35:00,2.34411,2.3456,2.34376,2.34519,321
2025-11-25 13:40:00,2.34481,2.3453,2.34444,2.3453,345
2025-11-25 13:45:00,2.34523,2.34544,2.34404,2.34502,318
2025-11-25 13:50:00,2.34504,2.34505,2.3438499999999998,2.34427,289
2025-11-25 13:55:00,2.3442600000000002,2.34428,2.34274,2.34363,381
2025-11-25 14:00:00,2.34361,2.34361,2.34213,2.34297,372
2025-11-25 14:05:00,2.34298,2.34362,2.34248,2.34354,308
2025-11-25 14:10:00,2.34354,2.34391,2.3430400000000002,2.34338,300
2025-11-25 14:15:00,2.34344,2.34469,2.34322,2.34342,312
2025-11-25 14:20:00,2.34341,2.34432,2.34327,2.34427,312
2025-11-25 14:25:00,2.34431,2.34501,2.34377,2.3449999999999998,325
2025-11-25 14:30:00,2.3449999999999998,2.34534,2.34455,2.34524,279
2025-11-25 14:35:00,2.34484,2.34566,2.3448,2.34522,282
2025-11-25 14:40:00,2.3452,2.34529,2.34368,2.3442,568
2025-11-25 14:45:00,2.34427,2.34513,2.34357,2.34467,659
2025-11-25 14:50:00,2.3446,2.34558,2.34398,2.34485,492
2025-11-25 14:55:00,2.3448,2.34595,2.3448,2.34516,491
2025-11-25 15:00:00,2.34517,2.34565,2.3446,2.34523,506
2025-11-25 15:05:00,2.34522,2.34539,2.34391,2.3443899999999998,480
2025-11-25 15:10:00,2.34436,2.34436,2.3429,2.34367,502
2025-11-25 15:15:00,2.34382,2.34429,2.34274,2.34396,601
2025-11-25 15:20:00,2.34396,2.34491,2.34336,2.34407,472
2025-11-25 15:25:00,2.34401,2.34521,2.34361,2.34475,439
2025-11-25 15:30:00,2.34498,2.34647,2.3425599999999998,2.34645,647
2025-11-25 15:35:00,2.34643,2.34694,2.34563,2.34619,558
2025-11-25 15:40:00,2.3462,2.34632,2.34527,2.34625,499
2025-11-25 15:45:00,2.34626,2.34626,2.34461,2.34519,471
2025-11-25 15:50:00,2.34518,2.3456099999999998,2.34459,2.34547,417
2025-11-25 15:55:00,2.34525,2.34642,2.34524,2.34554,388
2025-11-25 16:00:00,2.34556,2.34773,2.34535,2.34769,447
2025-11-25 16:05:00,2.34769,2.34837,2.34709,2.34809,487
2025-11-25 16:10:00,2.34803,2.349,2.34762,2.34821,451
2025-11-25 16:15:00,2.34815,2.34884,2.34761,2.34801,440
2025-11-25 16:20:00,2.3479900000000002,2.34899,2.34791,2.34846,405
2025-11-25 16:25:00,2.3485,2.34996,2.34836,2.34944,448
2025-11-25 16:30:00,2.34944,2.35204,2.34912,2.35169,612
2025-11-25 16:35:00,2.35164,2.3528700000000002,2.35078,2.35252,576
2025-11-25 16:40:00,2.35252,2.35404,2.35211,2.35295,592
2025-11-25 16:45:00,2.35304,2.3553,2.35269,2.35477,621
2025-11-25 16:50:00,2.35477,2.35487,2.35145,2.35224,663
2025-11-25 16:55:00,2.35225,2.3529999999999998,2.34969,2.34971,468
2025-11-25 17:00:00,2.34967,2.35329,2.3496,2.35263,625
2025-11-25 17:05:00,2.35265,2.35282,2.35006,2.35006,585
2025-11-25 17:10:00,2.35,2.35133,2.34957,2.35058,593
2025-11-25 17:15:00,2.3505599999999998,2.35161,2.35,2.3516,592
2025-11-25 17:20:00,2.35157,2.35224,2.35079,2.35206,548
2025-11-25 17:25:00,2.35207,2.35326,2.35143,2.35204,532
2025-11-25 17:30:00,2.35207,2.35247,2.3503,2.35072,424
2025-11-25 17:35:00,2.35071,2.35206,2.35067,2.35186,510
2025-11-25 17:40:00,2.35183,2.35205,2.3511699999999998,2.35134,506
2025-11-25 17:45:00,2.3511699999999998,2.3516,2.34987,2.34987,567
2025-11-25 17:50:00,2.34988,2.35143,2.34937,2.35035,595
2025-11-25 17:55:00,2.3504,2.35078,2.34902,2.34958,671
2025-11-25 18:00:00,2.34961,2.35033,2.34887,2.34971,538
2025-11-25 18:05:00,2.34967,2.35045,2.34946,2.3499499999999998,379
2025-11-25 18:10:00,2.34992,2.35066,2.34949,2.35038,413
2025-11-25 18:15:00,2.3504,2.35059,2.34882,2.34905,424
2025-11-25 18:20:00,2.34904,2.34911,2.34783,2.34864,369
2025-11-25 18:25:00,2.34867,2.34967,2.34839,2.34925,321
2025-11-25 18:30:00,2.3492100000000002,2.35008,2.34902,2.34987,350
2025-11-25 18:35:00,2.34968,2.35014,2.3491400000000002,2.34949,373
2025-11-25 18:40:00,2.3495,2.34974,2.34906,2.3495,335
2025-11-25 18:45:00,2.34951,2.35016,2.3492,2.35007,318
2025-11-25 18:50:00,2.35003,2.35011,2.34918,2.34935,278
2025-11-25 18:55:00,2.34933,2.34983,2.34844,2.34876,439
2025-11-25 19:00:00,2.34884,2.3489,2.34753,2.34861,761
2025-11-25 19:05:00,2.34808,2.34871,2.3474,2.34789,590
2025-11-25 19:10:00,2.34785,2.34862,2.34748,2.3477,469
2025-11-25 19:15:00,2.34771,2.34825,2.34735,2.34781,388
2025-11-25 19:20:00,2.34741,2.34808,2.34657,2.34685,443
2025-11-25 19:25:00,2.34684,2.34726,2.34591,2.34703,393
2025-11-25 19:30:00,2.34702,2.34706,2.34572,2.34607,369
2025-11-25 19:35:00,2.34606,2.34692,2.34572,2.34691,328
2025-11-25 19:40:00,2.34652,2.34693,2.34615,2.34666,283
2025-11-25 19:45:00,2.34667,2.34697,2.34598,2.34623,369
2025-11-25 19:50:00,2.34613,2.34647,2.34562,2.34607,295
2025-11-25 19:55:00,2.34628,2.34747,2.34523,2.34699,463
2025-11-25 20:00:00,2.34685,2.3475099999999998,2.34651,2.34717,412
2025-11-25 20:05:00,2.34717,2.3482,2.3471,2.34763,340
2025-11-25 20:10:00,2.34764,2.34826,2.34713,2.34795,489
2025-11-25 20:15:00,2.34794,2.34865,2.34773,2.3482,332
2025-11-25 20:20:00,2.34818,2.3485300000000002,2.34778,2.34804,326
2025-11-25 20:25:00,2.34784,2.34865,2.34777,2.3485,274
2025-11-25 20:30:00,2.34848,2.34892,2.34808,2.34844,241
2025-11-25 20:35:00,2.34844,2.34887,2.3481,2.34847,258
2025-11-25 20:40:00,2.34845,2.34967,2.34837,2.34894,343
2025-11-25 20:45:00,2.34894,2.34932,2.34798,2.34843,267
2025-11-25 20:50:00,2.34842,2.34897,2.34798,2.34866,285
2025-11-25 20:55:00,2.34866,2.34903,2.34817,2.34845,316
2025-11-25 21:00:00,2.3485300000000002,2.34898,2.34811,2.34839,310
2025-11-25 21:05:00,2.34841,2.3493,2.34836,2.34897,275
2025-11-25 21:10:00,2.34898,2.34948,2.3484,2.34863,261
2025-11-25 21:15:00,2.34864,2.34942,2.34846,2.3493399999999998,271
2025-11-25 21:20:00,2.34938,2.34966,2.34883,2.34947,263
2025-11-25 21:25:00,2.34946,2.34972,2.34902,2.34945,248
2025-11-25 21:30:00,2.34943,2.3497500000000002,2.34904,2.34948,280
2025-11-25 21:35:00,2.34949,2.34986,2.34917,2.34962,240
2025-11-25 21:40:00,2.34966,2.34966,2.34866,2.34866,341
2025-11-25 21:45:00,2.34869,2.3489,2.34807,2.34807,259
2025-11-25 21:50:00,2.34827,2.34872,2.34802,2.34824,296
2025-11-25 21:55:00,2.34823,2.34895,2.34803,2.34875,339
2025-11-25 22:00:00,2.34874,2.34892,2.34793,2.34835,339
2025-11-25 22:05:00,2.34836,2.3487999999999998,2.348,2.34803,228
2025-11-25 22:10:00,2.34802,2.34854,2.34778,2.34794,226
2025-11-25 22:15:00,2.34797,2.34831,2.34639,2.34665,404
2025-11-25 22:20:00,2.34666,2.3467700000000002,2.3457,2.34592,362
2025-11-25 22:25:00,2.34594,2.3462899999999998,2.34453,2.34485,457
2025-11-25 22:30:00,2.34486,2.34503,2.34339,2.344,442
2025-11-25 22:35:00,2.34399,2.34428,2.34262,2.34326,373
2025-11-25 22:40:00,2.3432399999999998,2.34363,2.34235,2.34287,254
2025-11-25 22:45:00,2.34288,2.34307,2.34145,2.34161,379
2025-11-25 22:50:00,2.34163,2.3421,2.34128,2.34147,412
2025-11-25 22:55:00,2.34149,2.34282,2.3413,2.34255,397
2025-11-25 23:00:00,2.3418200000000002,2.34213,2.34067,2.34106,333
2025-11-25 23:05:00,2.34104,2.34108,2.34014,2.34016,153
2025-11-25 23:10:00,2.34017,2.34149,2.33991,2.34139,182
2025-11-25 23:15:00,2.3414099999999998,2.3417,2.3403,2.34062,204
2025-11-25 23:20:00,2.34063,2.34208,2.34063,2.34198,443
2025-11-25 23:25:00,2.342,2.34259,2.3414099999999998,2.34169,187
2025-11-25 23:30:00,2.34168,2.3423,2.34117,2.34226,244
2025-11-25 23:35:00,2.34227,2.34244,2.34198,2.34211,150
2025-11-25 23:40:00,2.34192,2.34212,2.34168,2.3420199999999998,174
2025-11-25 23:45:00,2.34201,2.34224,2.34172,2.34219,291
2025-11-25 23:50:00,2.34215,2.34219,2.3416,2.34188,177
2025-11-25 23:55:00,2.33933,2.33939,2.33885,2.33921,220
2025-11-26 00:00:00,2.34159,2.3419499999999998,2.34152,2.34185,11
2025-11-26 00:05:00,2.34187,2.3423,2.34013,2.34158,43
2025-11-26 00:10:00,2.34158,2.34158,2.34126,2.34138,28
2025-11-26 00:15:00,2.34199,2.34362,2.34126,2.34172,106
2025-11-26 00:20:00,2.34165,2.34214,2.34055,2.34214,111
2025-11-26 00:25:00,2.34212,2.34226,2.33987,2.34144,96
2025-11-26 00:30:00,2.3414099999999998,2.34201,2.34129,2.34157,127
2025-11-26 00:35:00,2.34165,2.34186,2.34136,2.3418,98
2025-11-26 00:40:00,2.34176,2.34212,2.34041,2.34045,176
2025-11-26 00:45:00,2.3404,2.34149,2.34039,2.34106,213
2025-11-26 00:50:00,2.3411,2.34162,2.33983,2.34101,189
2025-11-26 00:55:00,2.34104,2.34128,2.34037,2.34039,260
2025-11-26 01:00:00,2.34083,2.34193,2.34083,2.34106,234
2025-11-26 01:05:00,2.34115,2.34142,2.34058,2.34081,189
2025-11-26 01:10:00,2.34082,2.34092,2.34045,2.34051,130
2025-11-26 01:15:00,2.3405,2.34077,2.34021,2.3407,177
2025-11-26 01:20:00,2.34072,2.34081,2.34043,2.34063,165
2025-11-26 01:25:00,2.34044,2.34095,2.34022,2.34065,180
2025-11-26 01:30:00,2.34067,2.3407999999999998,2.33994,2.3406000000000002,237
2025-11-26 01:35:00,2.3406000000000002,2.34084,2.3401,2.3404,187
2025-11-26 01:40:00,2.34044,2.34074,2.33986,2.34064,124
2025-11-26 01:45:00,2.3407299999999998,2.34081,2.33982,2.34025,215
2025-11-26 01:50:00,2.34025,2.34027,2.33965,2.3399,110
2025-11-26 01:55:00,2.33988,2.3401,2.33909,2.33909,221
2025-11-26 02:00:00,2.33902,2.34065,2.33886,2.3403,315
2025-11-26 02:05:00,2.3405,2.34102,2.34,2.34,209
2025-11-26 02:10:00,2.34006,2.34011,2.33953,2.33983,218
2025-11-26 02:15:00,2.34003,2.3407299999999998,2.3398,2.34032,232
2025-11-26 02:20:00,2.34033,2.34104,2.34024,2.34075,218
2025-11-26 02:25:00,2.34077,2.34133,2.34011,2.34028,266
2025-11-26 02:30:00,2.34035,2.34057,2.3384,2.33977,438
2025-11-26 02:35:00,2.33976,2.3412100000000002,2.33957,2.3405,357
2025-11-26 02:40:00,2.34058,2.34103,2.33998,2.34003,371
2025-11-26 02:45:00,2.34003,2.3407299999999998,2.33989,2.34053,264
2025-11-26 02:50:00,2.34054,2.34071,2.33903,2.33978,371
2025-11-26 02:55:00,2.33985,2.34033,2.33824,2.3393100000000002,392
2025-11-26 03:00:00,2.33955,2.34004,2.32655,2.32795,784
2025-11-26 03:05:00,2.32805,2.32898,2.32493,2.325,592
2025-11-26 03:10:00,2.32502,2.32614,2.32174,2.32533,575
2025-11-26 03:15:00,2.32535,2.32645,2.3212,2.32238,608
2025-11-26 03:20:00,2.32219,2.32476,2.32214,2.32402,473
2025-11-26 03:25:00,2.324,2.32445,2.32116,2.32159,451
2025-11-26 03:30:00,2.32153,2.32246,2.31994,2.3204000000000002,688
2025-11-26 03:35:00,2.32042,2.3217,2.31971,2.32014,559
2025-11-26 03:40:00,2.32017,2.32546,2.32015,2.32545,560
2025-11-26 03:45:00,2.32543,2.32568,2.3221,2.32306,501
2025-11-26 03:50:00,2.32305,2.32414,2.32241,2.32376,441
2025-11-26 03:55:00,2.3238,2.32497,2.32351,2.32435,476
2025-11-26 04:00:00,2.32438,2.32543,2.32343,2.32395,449
2025-11-26 04:05:00,2.32397,2.3242599999999998,2.31872,2.3199,537
2025-11-26 04:10:00,2.31994,2.32194,2.31785,2.32089,504
2025-11-26 04:15:00,2.32087,2.32099,2.3175,2.31824,489
2025-11-26 04:20:00,2.31823,2.32118,2.31817,2.3209400000000002,315
2025-11-26 04:25:00,2.32092,2.32163,2.31882,2.31905,407
2025-11-26 04:30:00,2.31903,2.3201,2.31827,2.31943,384
2025-11-26 04:35:00,2.31945,2.32023,2.31819,2.31907,346
2025-11-26 04:40:00,2.31905,2.31926,2.31766,2.3178,319
2025-11-26 04:45:00,2.31781,2.3194,2.31664,2.31878,434
2025-11-26 04:50:00,2.31876,2.32063,2.31846,2.32027,368
2025-11-26 04:55:00,2.32028,2.32093,2.31812,2.31844,373
2025-11-26 05:00:00,2.31845,2.31895,2.3172,2.31761,317
2025-11-26 05:05:00,2.31762,2.31763,2.31542,2.3161300000000002,347
2025-11-26 05:10:00,2.31573,2.31869,2.31573,2.31804,391
2025-11-26 05:15:00,2.31803,2.31962,2.3179,2.3186999999999998,340
2025-11-26 05:20:00,2.31869,2.31923,2.3174799999999998,2.31774,328
2025-11-26 05:25:00,2.31775,2.31904,2.3176,2.31887,373
2025-11-26 05:30:00,2.31888,2.31888,2.31732,2.31847,325
2025-11-26 05:35:00,2.31846,2.31848,2.31753,2.31803,220
2025-11-26 05:40:00,2.31804,2.32047,2.31765,2.31996,363
2025-11-26 05:45:00,2.31994,2.3203300000000002,2.31803,2.31803,215
2025-11-26 05:50:00,2.31803,2.31822,2.31696,2.31811,231
2025-11-26 05:55:00,2.31807,2.31899,2.31767,2.31834,302
2025-11-26 06:00:00,2.31836,2.31985,2.31822,2.31946,307
2025-11-26 06:05:00,2.31947,2.32072,2.31795,2.31851,310
2025-11-26 06:10:00,2.3185000000000002,2.31914,2.31767,2.31894,244
2025-11-26 06:15:00,2.31892,2.31902,2.3171,2.31839,240
2025-11-26 06:20:00,2.31841,2.31867,2.31751,2.31767,210
2025-11-26 06:25:00,2.31771,2.3186,2.31737,2.31838,218
2025-11-26 06:30:00,2.31838,2.31851,2.31731,2.31787,195
2025-11-26 06:35:00,2.3178900000000002,2.31853,2.31752,2.31841,199
2025-11-26 06:40:00,2.3184,2.31843,2.31729,2.318,223
2025-11-26 06:45:00,2.31803,2.31808,2.31665,2.31702,223
2025-11-26 06:50:00,2.31682,2.31754,2.31656,2.31713,217
2025-11-26 06:55:00,2.31712,2.31771,2.31706,2.31746,189
2025-11-26 07:00:00,2.3174799999999998,2.31852,2.31722,2.31746,178
2025-11-26 07:05:00,2.3172800000000002,2.31782,2.31697,2.31719,176
2025-11-26 07:10:00,2.31718,2.31826,2.31695,2.31799,281
2025-11-26 07:15:00,2.31797,2.31835,2.31744,2.31781,233
2025-11-26 07:20:00,2.31782,2.31801,2.31655,2.31698,235
2025-11-26 07:25:00,2.317,2.31804,2.31677,2.31732,255
2025-11-26 07:30:00,2.31731,2.3181,2.31719,2.31736,183
2025-11-26 07:35:00,2.31756,2.31808,2.31722,2.31784,226
2025-11-26 07:40:00,2.31778,2.31876,2.31778,2.31868,166
2025-11-26 07:45:00,2.31867,2.31887,2.31804,2.31825,262
2025-11-26 07:50:00,2.31805,2.31833,2.31749,2.3182,251
2025-11-26 07:55:00,2.31822,2.31822,2.3172800000000002,2.31754,359
2025-11-26 08:00:00,2.31753,2.31808,2.31724,2.31764,280
2025-11-26 08:05:00,2.31765,2.31888,2.31744,2.318,280
2025-11-26 08:10:00,2.31798,2.31824,2.31708,2.3182,304
2025-11-26 08:15:00,2.3182,2.31865,2.31771,2.31853,208
2025-11-26 08:20:00,2.31851,2.31851,2.31741,2.31754,336
2025-11-26 08:25:00,2.31753,2.31813,2.31718,2.318,310
2025-11-26 08:30:00,2.31784,2.31906,2.31717,2.31894,280
2025-11-26 08:35:00,2.31896,2.32041,2.31886,2.31966,248
2025-11-26 08:40:00,2.31968,2.32011,2.31927,2.31968,254
2025-11-26 08:45:00,2.31965,2.32012,2.31902,2.31946,326
2025-11-26 08:50:00,2.31928,2.31969,2.3185700000000002,2.3186,234
2025-11-26 08:55:00,2.31859,2.32088,2.31859,2.32026,354
2025-11-26 09:00:00,2.32028,2.32112,2.31984,2.32005,378
2025-11-26 09:05:00,2.32004,2.32058,2.31894,2.31937,406
2025-11-26 09:10:00,2.31936,2.31997,2.3187699999999998,2.31971,375
2025-11-26 09:15:00,2.3197200000000002,2.32019,2.31909,2.31996,378
2025-11-26 09:20:00,2.31994,2.32022,2.31897,2.3193799999999998,347
2025-11-26 09:25:00,2.3191800000000002,2.31977,2.31878,2.31958,427
2025-11-26 09:30:00,2.31959,2.3210100000000002,2.31907,2.32093,435
2025-11-26 09:35:00,2.32073,2.32113,2.31995,2.32065,344
2025-11-26 09:40:00,2.32061,2.32125,2.32014,2.32079,393
2025-11-26 09:45:00,2.32077,2.32131,2.3205,2.32109,360
2025-11-26 09:50:00,2.32108,2.32133,2.31996,2.32076,362
2025-11-26 09:55:00,2.32074,2.32113,2.31987,2.32113,552
2025-11-26 10:00:00,2.3211399999999998,2.32129,2.31962,2.32129,565
2025-11-26 10:05:00,2.32127,2.32192,2.32068,2.3211,386
2025-11-26 10:10:00,2.32105,2.32178,2.32042,2.32083,415
2025-11-26 10:15:00,2.32075,2.32167,2.32054,2.32141,365
2025-11-26 10:20:00,2.32144,2.32221,2.32071,2.32201,423
2025-11-26 10:25:00,2.32202,2.32246,2.32157,2.32235,348
2025-11-26 10:30:00,2.3223599999999998,2.3232,2.32139,2.3232,360
2025-11-26 10:35:00,2.32279,2.32507,2.32278,2.32382,459
2025-11-26 10:40:00,2.32359,2.3244,2.3231,2.32352,364
2025-11-26 10:45:00,2.32354,2.3236,2.3215500000000002,2.32169,343
2025-11-26 10:50:00,2.32171,2.32211,2.31968,2.32009,517
2025-11-26 10:55:00,2.32008,2.32072,2.31921,2.31965,577
2025-11-26 11:00:00,2.31965,2.32037,2.31934,2.31975,488
2025-11-26 11:05:00,2.32015,2.32038,2.31905,2.32022,387
2025-11-26 11:10:00,2.32027,2.32054,2.3196,2.32008,310
2025-11-26 11:15:00,2.32011,2.321,2.31991,2.32051,316
2025-11-26 11:20:00,2.3205,2.32104,2.31993,2.32055,330
2025-11-26 11:25:00,2.32056,2.32138,2.32023,2.32084,329
2025-11-26 11:30:00,2.32083,2.32102,2.31961,2.32039,347
2025-11-26 11:35:00,2.32039,2.32055,2.31885,2.31959,298
2025-11-26 11:40:00,2.31962,2.31973,2.31872,2.31962,335
2025-11-26 11:45:00,2.31959,2.3205999999999998,2.31952,2.3202,284
2025-11-26 11:50:00,2.32025,2.32093,2.3197900000000002,2.32009,358
2025-11-26 11:55:00,2.32008,2.32079,2.31956,2.32047,407
2025-11-26 12:00:00,2.32051,2.32144,2.32036,2.32083,343
2025-11-26 12:05:00,2.32085,2.32108,2.31922,2.31926,374
2025-11-26 12:10:00,2.31927,2.32032,2.31921,2.31978,263
2025-11-26 12:15:00,2.3198,2.32064,2.31951,2.32058,304
2025-11-26 12:20:00,2.32057,2.32059,2.3196,2.32016,295
2025-11-26 12:25:00,2.32015,2.32086,2.31974,2.32037,348
2025-11-26 12:30:00,2.32036,2.32173,2.32019,2.32045,385
2025-11-26 12:35:00,2.32048,2.32066,2.31961,2.32031,311
2025-11-26 12:40:00,2.32032,2.32149,2.3199,2.32142,374
2025-11-26 12:45:00,2.32143,2.32145,2.31989,2.32066,348
2025-11-26 12:50:00,2.32066,2.32149,2.32049,2.32109,346
2025-11-26 12:55:00,2.32113,2.32185,2.32073,2.32145,355
2025-11-26 13:00:00,2.32147,2.32174,2.32032,2.32084,301
2025-11-26 13:05:00,2.32085,2.3209,2.31953,2.31959,334
2025-11-26 13:10:00,2.31954,2.32029,2.31907,2.32,332
2025-11-26 13:15:00,2.32,2.32027,2.31942,2.32001,312
2025-11-26 13:20:00,2.32009,2.32062,2.31932,2.32045,299
2025-11-26 13:25:00,2.32048,2.321,2.31998,2.32061,324
2025-11-26 13:30:00,2.3205999999999998,2.32113,2.32004,2.32045,380
2025-11-26 13:35:00,2.32044,2.32089,2.3195,2.31957,285
2025-11-26 13:40:00,2.31956,2.32735,2.31956,2.32497,771
2025-11-26 13:45:00,2.32498,2.32607,2.32178,2.32291,712
2025-11-26 13:50:00,2.3229,2.32375,2.3219,2.32333,602
2025-11-26 13:55:00,2.3233800000000002,2.3252,2.32226,2.32299,638
2025-11-26 14:00:00,2.32273,2.32314,2.32043,2.32212,744
2025-11-26 14:05:00,2.32213,2.32233,2.31741,2.31769,718
2025-11-26 14:10:00,2.31764,2.31935,2.31609,2.31838,690
2025-11-26 14:15:00,2.31845,2.32017,2.31766,2.32015,550
2025-11-26 14:20:00,2.32012,2.32037,2.3184,2.31983,529
2025-11-26 14:25:00,2.31981,2.32134,2.31954,2.32071,503
2025-11-26 14:30:00,2.32073,2.32189,2.31989,2.32141,485
2025-11-26 14:35:00,2.32144,2.32179,2.3197,2.32045,438
2025-11-26 14:40:00,2.32045,2.32169,2.31989,2.3216200000000002,424
2025-11-26 14:45:00,2.32156,2.3230399999999998,2.32119,2.3226,521
2025-11-26 14:50:00,2.32259,2.32457,2.32174,2.32402,473
2025-11-26 14:55:00,2.32441,2.32552,2.32391,2.3247999999999998,501
2025-11-26 15:00:00,2.32472,2.32472,2.32255,2.32327,499
2025-11-26 15:05:00,2.32364,2.32451,2.32289,2.32341,495
2025-11-26 15:10:00,2.32341,2.32451,2.32263,2.32442,420
2025-11-26 15:15:00,2.32441,2.3263,2.32367,2.32453,508
2025-11-26 15:20:00,2.32454,2.32658,2.32404,2.32593,648
2025-11-26 15:25:00,2.32592,2.32849,2.32513,2.32729,458
2025-11-26 15:30:00,2.32733,2.32919,2.32636,2.32687,607
2025-11-26 15:35:00,2.32688,2.32804,2.3254,2.32745,708
2025-11-26 15:40:00,2.32744,2.32923,2.32652,2.32795,750
2025-11-26 15:45:00,2.32793,2.32945,2.32717,2.32863,668
2025-11-26 15:50:00,2.32864,2.32876,2.32583,2.3264,626
2025-11-26 15:55:00,2.32641,2.32649,2.32479,2.3260199999999998,624
2025-11-26 16:00:00,2.326,2.3266,2.32524,2.32637,604
2025-11-26 16:05:00,2.32635,2.3281,2.32569,2.32757,505
2025-11-26 16:10:00,2.32756,2.32804,2.32694,2.32706,400
2025-11-26 16:15:00,2.32708,2.32774,2.3259,2.3260899999999998,436
2025-11-26 16:20:00,2.32608,2.32713,2.32608,2.32627,407
2025-11-26 16:25:00,2.32626,2.32662,2.32534,2.32601,450
2025-11-26 16:30:00,2.32597,2.3269,2.32437,2.32473,566
2025-11-26 16:35:00,2.32475,2.32531,2.3234500000000002,2.324,510
2025-11-26 16:40:00,2.32397,2.32561,2.32397,2.32427,383
2025-11-26 16:45:00,2.32429,2.32486,2.32368,2.32416,485
2025-11-26 16:50:00,2.32415,2.32564,2.32327,2.3252800000000002,564
2025-11-26 16:55:00,2.32531,2.32613,2.3244,2.32463,497
2025-11-26 17:00:00,2.32457,2.32655,2.32414,2.32607,557
2025-11-26 17:05:00,2.32601,2.3266999999999998,2.3242599999999998,2.3242599999999998,581
2025-11-26 17:10:00,2.3242599999999998,2.32508,2.3235799999999998,2.32443,539
2025-11-26 17:15:00,2.32442,2.3255,2.32349,2.32544,567
2025-11-26 17:20:00,2.32543,2.3257,2.32209,2.3227700000000002,578
2025-11-26 17:25:00,2.32278,2.32408,2.3219,2.32378,521
2025-11-26 17:30:00,2.3238,2.32421,2.32145,2.32146,505
2025-11-26 17:35:00,2.32145,2.3222,2.32055,2.3221,407
2025-11-26 17:40:00,2.32209,2.3227700000000002,2.3212,2.32239,413
2025-11-26 17:45:00,2.3224,2.32344,2.32215,2.3229,419
2025-11-26 17:50:00,2.32289,2.32367,2.32169,2.32331,514
2025-11-26 17:55:00,2.32333,2.32526,2.32333,2.32471,597
2025-11-26 18:00:00,2.32472,2.32571,2.32422,2.32491,533
2025-11-26 18:05:00,2.32494,2.32539,2.32395,2.32442,443
2025-11-26 18:10:00,2.32439,2.32466,2.32333,2.3243,397
2025-11-26 18:15:00,2.32408,2.3251,2.32382,2.32443,396
2025-11-26 18:20:00,2.32444,2.32523,2.32374,2.32397,418
2025-11-26 18:25:00,2.32395,2.32503,2.32379,2.32455,407
2025-11-26 18:30:00,2.32434,2.32504,2.32424,2.32445,321
2025-11-26 18:35:00,2.32441,2.32482,2.32326,2.32332,413
2025-11-26 18:40:00,2.32331,2.32381,2.32293,2.32371,364
2025-11-26 18:45:00,2.32366,2.32404,2.32278,2.32313,461
2025-11-26 18:50:00,2.32335,2.3239,2.32268,2.32282,397
2025-11-26 18:55:00,2.32285,2.32371,2.32248,2.3228,426
2025-11-26 19:00:00,2.32275,2.3240600000000002,2.32252,2.32355,408
2025-11-26 19:05:00,2.32357,2.32405,2.3233,2.32363,338
2025-11-26 19:10:00,2.3236499999999998,2.32417,2.32332,2.32355,377
2025-11-26 19:15:00,2.32376,2.3239900000000002,2.32276,2.32322,322
2025-11-26 19:20:00,2.32321,2.3235,2.32262,2.32319,319
2025-11-26 19:25:00,2.32315,2.3234,2.32256,2.32315,323
2025-11-26 19:30:00,2.32313,2.32351,2.32266,2.3234500000000002,313
2025-11-26 19:35:00,2.32344,2.32353,2.32291,2.32311,258
2025-11-26 19:40:00,2.32348,2.32379,2.3228,2.32327,283
2025-11-26 19:45:00,2.32328,2.32386,2.32287,2.32315,267
2025-11-26 19:50:00,2.32314,2.3235,2.32218,2.3226,296
2025-11-26 19:55:00,2.32239,2.3231,2.32233,2.3230399999999998,312
2025-11-26 20:00:00,2.323,2.32337,2.32218,2.32221,320
2025-11-26 20:05:00,2.32218,2.32376,2.32201,2.3234,310
2025-11-26 20:10:00,2.3234500000000002,2.32413,2.32233,2.32256,451
2025-11-26 20:15:00,2.32254,2.32294,2.32198,2.3223,273
2025-11-26 20:20:00,2.32229,2.32308,2.32218,2.32271,216
2025-11-26 20:25:00,2.32274,2.32313,2.32205,2.3223599999999998,258
2025-11-26 20:30:00,2.32237,2.32302,2.32193,2.32255,324
2025-11-26 20:35:00,2.32291,2.32326,2.32251,2.32286,289
2025-11-26 20:40:00,2.32289,2.32348,2.3228400000000002,2.32326,258
2025-11-26 20:45:00,2.32321,2.3237,2.32251,2.32286,240
2025-11-26 20:50:00,2.32285,2.32311,2.32245,2.32258,276
2025-11-26 20:55:00,2.3226,2.3235799999999998,2.32247,2.3230399999999998,303
2025-11-26 21:00:00,2.32305,2.32351,2.3223599999999998,2.32307,338
2025-11-26 21:05:00,2.32309,2.32389,2.32299,2.32324,275
2025-11-26 21:10:00,2.32323,2.32372,2.32308,2.32335,324
2025-11-26 21:15:00,2.32337,2.32374,2.32303,2.32371,242
2025-11-26 21:20:00,2.32375,2.32403,2.32341,2.32363,290
2025-11-26 21:25:00,2.32364,2.32397,2.32314,2.32314,261
2025-11-26 21:30:00,2.32312,2.32392,2.32296,2.3239,276
2025-11-26 21:35:00,2.32392,2.32393,2.32334,2.32367,260
2025-11-26 21:40:00,2.32369,2.32408,2.32321,2.32385,257
2025-11-26 21:45:00,2.32387,2.32396,2.32339,2.32375,241
2025-11-26 21:50:00,2.32372,2.32374,2.3232,2.32348,208
2025-11-26 21:55:00,2.32346,2.32397,2.32296,2.32353,326
2025-11-26 22:00:00,2.32352,2.32483,2.32335,2.3247999999999998,285
2025-11-26 22:05:00,2.32479,2.32517,2.32431,2.32454,226
2025-11-26 22:10:00,2.32453,2.32472,2.32371,2.32393,168
2025-11-26 22:15:00,2.32414,2.32476,2.32361,2.32453,250
2025-11-26 22:20:00,2.32454,2.32473,2.32384,2.32405,214
2025-11-26 22:25:00,2.32404,2.32432,2.32379,2.32414,172
2025-11-26 22:30:00,2.32412,2.32442,2.32396,2.3242599999999998,229
2025-11-26 22:35:00,2.32428,2.32443,2.32379,2.32382,224
2025-11-26 22:40:00,2.32384,2.32444,2.32381,2.3242599999999998,206
2025-11-26 22:45:00,2.32421,2.32457,2.32388,2.32409,239
2025-11-26 22:50:00,2.32407,2.3246,2.32393,2.32415,294
2025-11-26 22:55:00,2.32413,2.32471,2.3241,2.32453,303
2025-11-26 23:00:00,2.3238,2.32395,2.32335,2.32351,214
2025-11-26 23:05:00,2.32346,2.3239,2.32296,2.32296,159
2025-11-26 23:10:00,2.3227700000000002,2.3233,2.32271,2.32299,171
2025-11-26 23:15:00,2.32298,2.3236499999999998,2.32259,2.32295,174
2025-11-26 23:20:00,2.32294,2.32294,2.3223599999999998,2.32264,152
2025-11-26 23:25:00,2.32268,2.32363,2.32234,2.32353,217
2025-11-26 23:30:00,2.32349,2.32393,2.32344,2.32351,168
2025-11-26 23:35:00,2.32351,2.32393,2.3232,2.32321,233
2025-11-26 23:40:00,2.32322,2.3235,2.32144,2.32144,179
2025-11-26 23:45:00,2.32145,2.32241,2.3211399999999998,2.32148,220
2025-11-26 23:50:00,2.32147,2.3223,2.32136,2.32225,270
2025-11-26 23:55:00,2.32308,2.32308,2.32013,2.32048,350
2025-11-27 00:00:00,2.3197900000000002,2.32171,2.3197900000000002,2.32107,16
2025-11-27 00:05:00,2.32161,2.32161,2.31928,2.31966,131
2025-11-27 00:10:00,2.31966,2.32105,2.31922,2.31924,323
2025-11-27 00:15:00,2.31924,2.32128,2.31924,2.32002,143
2025-11-27 00:20:00,2.32009,2.32056,2.32006,2.32048,74
2025-11-27 00:25:00,2.3205299999999998,2.321,2.32042,2.32097,81
2025-11-27 00:30:00,2.32098,2.32384,2.32081,2.32151,150
2025-11-27 00:35:00,2.32157,2.32177,2.3212099999999998,2.32123,93
2025-11-27 00:40:00,2.32124,2.32212,2.32099,2.32127,64
2025-11-27 00:45:00,2.32126,2.32134,2.321,2.3212,71
2025-11-27 00:50:00,2.32119,2.3217,2.32119,2.3217,48
2025-11-27 00:55:00,2.32174,2.32215,2.32151,2.322,157
2025-11-27 01:00:00,2.32254,2.32351,2.32208,2.323,360
2025-11-27 01:05:00,2.32303,2.32329,2.3227,2.32312,150
2025-11-27 01:10:00,2.32318,2.32368,2.32313,2.32327,103
2025-11-27 01:15:00,2.32307,2.32347,2.32294,2.32336,80
2025-11-27 01:20:00,2.32339,2.3234,2.32281,2.32301,86
2025-11-27 01:25:00,2.32303,2.32325,2.3228,2.32289,142
2025-11-27 01:30:00,2.32288,2.3232,2.3223,2.32262,171
2025-11-27 01:35:00,2.32282,2.32282,2.32184,2.32229,218
2025-11-27 01:40:00,2.32228,2.32235,2.32125,2.3217,165
2025-11-27 01:45:00,2.32169,2.32195,2.32084,2.32168,181
2025-11-27 01:50:00,2.32166,2.32193,2.32128,2.32139,100
2025-11-27 01:55:00,2.3214,2.32173,2.3211,2.3216200000000002,140
2025-11-27 02:00:00,2.32161,2.322,2.31954,2.32035,249
2025-11-27 02:05:00,2.3203300000000002,2.32046,2.31951,2.31985,209
2025-11-27 02:10:00,2.31987,2.32077,2.31962,2.32049,182
2025-11-27 02:15:00,2.32051,2.3208,2.32002,2.32037,145
2025-11-27 02:20:00,2.32039,2.32049,2.31969,2.3199199999999998,192
2025-11-27 02:25:00,2.31998,2.32049,2.31922,2.31928,170
2025-11-27 02:30:00,2.31926,2.32046,2.31926,2.32,230
2025-11-27 02:35:00,2.3199899999999998,2.32077,2.3198,2.32054,164
2025-11-27 02:40:00,2.32052,2.3210100000000002,2.32031,2.32073,267
2025-11-27 02:45:00,2.32073,2.321,2.31967,2.31994,205
2025-11-27 02:50:00,2.3199,2.32022,2.31941,2.31982,282
2025-11-27 02:55:00,2.31982,2.31997,2.31919,2.31975,325
2025-11-27 03:00:00,2.31973,2.3201,2.31821,2.31886,377
2025-11-27 03:05:00,2.31882,2.31887,2.31799,2.31801,288
2025-11-27 03:10:00,2.31803,2.3193,2.31803,2.31872,317
2025-11-27 03:15:00,2.31875,2.31984,2.31854,2.31903,363
2025-11-27 03:20:00,2.31905,2.31954,2.31881,2.31943,294
2025-11-27 03:25:00,2.31941,2.31973,2.3184,2.31893,302
2025-11-27 03:30:00,2.31895,2.31971,2.31843,2.31902,393
2025-11-27 03:35:00,2.31901,2.31958,2.31855,2.31951,322
2025-11-27 03:40:00,2.31949,2.3198,2.31854,2.31971,304
2025-11-27 03:45:00,2.3197,2.31984,2.31834,2.31913,325
2025-11-27 03:50:00,2.31914,2.31935,2.31812,2.31837,337
2025-11-27 03:55:00,2.3184,2.31842,2.31681,2.31723,294
2025-11-27 04:00:00,2.31724,2.31792,2.31488,2.31561,359
2025-11-27 04:05:00,2.31562,2.3157,2.31348,2.31353,336
2025-11-27 04:10:00,2.31353,2.31535,2.31319,2.31477,343
2025-11-27 04:15:00,2.31519,2.3158,2.31479,2.31496,352
2025-11-27 04:20:00,2.31495,2.31579,2.31468,2.31578,245
2025-11-27 04:25:00,2.31575,2.31578,2.31378,2.31388,314
2025-11-27 04:30:00,2.31393,2.3143000000000002,2.3132,2.31358,277
2025-11-27 04:35:00,2.31359,2.31478,2.31359,2.31384,273
2025-11-27 04:40:00,2.31385,2.31554,2.31363,2.3145,278
2025-11-27 04:45:00,2.31452,2.31525,2.31449,2.31519,197
2025-11-27 04:50:00,2.31514,2.31592,2.31473,2.31558,328
2025-11-27 04:55:00,2.31558,2.31583,2.31346,2.3142,447
2025-11-27 05:00:00,2.31418,2.31477,2.3136200000000002,2.31379,334
2025-11-27 05:05:00,2.3137499999999998,2.31471,2.31344,2.31438,317
2025-11-27 05:10:00,2.31442,2.31529,2.31438,2.3149,261
2025-11-27 05:15:00,2.31492,2.31536,2.31411,2.31434,248
2025-11-27 05:20:00,2.31433,2.31554,2.31431,2.31486,265
2025-11-27 05:25:00,2.31487,2.31487,2.31415,2.31419,266
2025-11-27 05:30:00,2.31416,2.31558,2.31415,2.31503,271
2025-11-27 05:35:00,2.3150399999999998,2.31547,2.31422,2.31456,290
2025-11-27 05:40:00,2.31455,2.31513,2.31386,2.31416,270
2025-11-27 05:45:00,2.31415,2.31483,2.31414,2.31459,234
2025-11-27 05:50:00,2.3146,2.31499,2.31386,2.31425,201
2025-11-27 05:55:00,2.31424,2.3151,2.31387,2.31409,211
2025-11-27 06:00:00,2.3141,2.31497,2.31405,2.31497,202
2025-11-27 06:05:00,2.31498,2.31557,2.31457,2.3150399999999998,209
2025-11-27 06:10:00,2.31482,2.31534,2.31461,2.31498,219
2025-11-27 06:15:00,2.31499,2.31593,2.31499,2.31571,224
2025-11-27 06:20:00,2.31572,2.31572,2.31499,2.31531,144
2025-11-27 06:25:00,2.31532,2.31595,2.3148,2.31573,269
2025-11-27 06:30:00,2.31574,2.31584,2.31426,2.31427,319
2025-11-27 06:35:00,2.31467,2.31475,2.31288,2.31296,285
2025-11-27 06:40:00,2.31298,2.31407,2.31295,2.31364,213
2025-11-27 06:45:00,2.31365,2.31409,2.31335,2.31358,176
2025-11-27 06:50:00,2.3136,2.3141,2.31296,2.31337,199
2025-11-27 06:55:00,2.31333,2.31519,2.31331,2.31462,200
2025-11-27 07:00:00,2.31463,2.31486,2.31394,2.31486,201
2025-11-27 07:05:00,2.31483,2.31498,2.31428,2.31454,222
2025-11-27 07:10:00,2.31453,2.31474,2.31406,2.31446,208
2025-11-27 07:15:00,2.31447,2.31468,2.31359,2.31366,256
2025-11-27 07:20:00,2.31367,2.31458,2.31365,2.31417,252
2025-11-27 07:25:00,2.31458,2.31486,2.31394,2.31441,256
2025-11-27 07:30:00,2.3144,2.3148,2.31398,2.31456,234
2025-11-27 07:35:00,2.31455,2.31573,2.31439,2.31516,292
2025-11-27 07:40:00,2.31513,2.31598,2.31472,2.31517,282
2025-11-27 07:45:00,2.31516,2.31593,2.3147,2.31557,261
2025-11-27 07:50:00,2.31575,2.316,2.31502,2.31558,223
2025-11-27 07:55:00,2.31559,2.31584,2.31442,2.31551,345
2025-11-27 08:00:00,2.31554,2.3168,2.31549,2.31644,203
2025-11-27 08:05:00,2.31643,2.3168,2.31597,2.31668,255
2025-11-27 08:10:00,2.31669,2.31672,2.31579,2.31604,235
2025-11-27 08:15:00,2.31602,2.3175499999999998,2.31597,2.31686,305
2025-11-27 08:20:00,2.31685,2.31804,2.3166,2.31766,315
2025-11-27 08:25:00,2.31746,2.31839,2.31726,2.31808,318
2025-11-27 08:30:00,2.31815,2.31898,2.31772,2.31811,333
2025-11-27 08:35:00,2.3180899999999998,2.3180899999999998,2.31656,2.31664,356
2025-11-27 08:40:00,2.31682,2.31743,2.3160600000000002,2.31637,308
2025-11-27 08:45:00,2.31636,2.31718,2.31575,2.31598,269
2025-11-27 08:50:00,2.31599,2.3163,2.31527,2.31557,292
2025-11-27 08:55:00,2.31559,2.31616,2.31505,2.31551,333
2025-11-27 09:00:00,2.31549,2.31586,2.31475,2.31542,275
2025-11-27 09:05:00,2.31553,2.31587,2.31492,2.31578,312
2025-11-27 09:10:00,2.31581,2.3163,2.3154,2.31548,323
2025-11-27 09:15:00,2.31547,2.31564,2.3146,2.31489,355
2025-11-27 09:20:00,2.31488,2.31536,2.31427,2.31482,298
2025-11-27 09:25:00,2.3148400000000002,2.31526,2.31433,2.31512,246
2025-11-27 09:30:00,2.31514,2.3154500000000002,2.31437,2.31478,299
2025-11-27 09:35:00,2.31479,2.31488,2.31361,2.31378,307
2025-11-27 09:40:00,2.31384,2.31435,2.31355,2.31395,242
2025-11-27 09:45:00,2.31394,2.31485,2.31317,2.31317,307
2025-11-27 09:50:00,2.31318,2.31344,2.31205,2.31251,294
2025-11-27 09:55:00,2.31252,2.31297,2.31158,2.3123,342
2025-11-27 10:00:00,2.31226,2.31315,2.31183,2.31235,414
2025-11-27 10:05:00,2.3124000000000002,2.31245,2.31136,2.31137,335
2025-11-27 10:10:00,2.31178,2.31312,2.31157,2.31302,328
2025-11-27 10:15:00,2.31303,2.31378,2.31244,2.31339,345
2025-11-27 10:20:00,2.31341,2.31353,2.31214,2.31306,335
2025-11-27 10:25:00,2.31266,2.31304,2.31183,2.31261,309
2025-11-27 10:30:00,2.31257,2.31279,2.3111800000000002,2.31194,309
2025-11-27 10:35:00,2.31194,2.31327,2.31129,2.31302,276
2025-11-27 10:40:00,2.31303,2.3138199999999998,2.3127,2.31295,309
2025-11-27 10:45:00,2.31296,2.31342,2.3122,2.31264,334
2025-11-27 10:50:00,2.31264,2.31319,2.31234,2.31291,262
2025-11-27 10:55:00,2.3129,2.31359,2.31261,2.31302,337
2025-11-27 11:00:00,2.31307,2.31391,2.31217,2.3130100000000002,372
2025-11-27 11:05:00,2.313,2.31361,2.31228,2.31275,324
2025-11-27 11:10:00,2.31274,2.31281,2.31198,2.31265,401
2025-11-27 11:15:00,2.31263,2.31281,2.31182,2.31231,369
2025-11-27 11:20:00,2.3123,2.31305,2.31188,2.3125,302
2025-11-27 11:25:00,2.31251,2.31268,2.3111,2.31119,354
2025-11-27 11:30:00,2.31113,2.31158,2.31045,2.31052,292
2025-11-27 11:35:00,2.31054,2.31105,2.31018,2.31086,297
2025-11-27 11:40:00,2.31087,2.3113099999999998,2.31049,2.31089,287
2025-11-27 11:45:00,2.31091,2.31195,2.31089,2.31132,346
2025-11-27 11:50:00,2.3113099999999998,2.31215,2.31127,2.3117900000000002,255
2025-11-27 11:55:00,2.3117,2.31209,2.31112,2.3119899999999998,270
2025-11-27 12:00:00,2.31197,2.31243,2.31129,2.31208,249
2025-11-27 12:05:00,2.31208,2.3132,2.3118600000000002,2.31269,201
2025-11-27 12:10:00,2.31269,2.31383,2.3125,2.3135,255
2025-11-27 12:15:00,2.3134,2.31393,2.3130100000000002,2.3137499999999998,222
2025-11-27 12:20:00,2.31376,2.3142,2.3133,2.31383,246
2025-11-27 12:25:00,2.31384,2.31385,2.31306,2.3132,260
2025-11-27 12:30:00,2.31318,2.31514,2.31298,2.3150399999999998,325
2025-11-27 12:35:00,2.31507,2.31568,2.31439,2.31567,264
2025-11-27 12:40:00,2.31568,2.31608,2.31525,2.31529,275
2025-11-27 12:45:00,2.31529,2.31653,2.31529,2.31653,192
2025-11-27 12:50:00,2.31636,2.31636,2.31524,2.3160600000000002,285
2025-11-27 12:55:00,2.31603,2.31652,2.31558,2.31604,378
2025-11-27 13:00:00,2.31602,2.31655,2.31558,2.31641,280
2025-11-27 13:05:00,2.3164,2.31707,2.31575,2.31619,270
2025-11-27 13:10:00,2.31618,2.31622,2.315,2.31505,228
2025-11-27 13:15:00,2.31507,2.31572,2.31483,2.31529,264
2025-11-27 13:20:00,2.31536,2.3157,2.31457,2.31495,300
2025-11-27 13:25:00,2.31497,2.3155,2.31458,2.31508,240
2025-11-27 13:30:00,2.31509,2.31551,2.31477,2.31508,274
2025-11-27 13:35:00,2.31528,2.31533,2.31419,2.31439,256
2025-11-27 13:40:00,2.31439,2.3147,2.31359,2.31379,269
2025-11-27 13:45:00,2.31381,2.31485,2.31378,2.3148,235
2025-11-27 13:50:00,2.31482,2.3150399999999998,2.31435,2.31441,203
2025-11-27 13:55:00,2.3144,2.31503,2.31419,2.3147,312
2025-11-27 14:00:00,2.3147,2.31502,2.31408,2.3147,317
2025-11-27 14:05:00,2.31469,2.3147,2.31376,2.31421,227
2025-11-27 14:10:00,2.3142300000000002,2.31437,2.31356,2.314,243
2025-11-27 14:15:00,2.31399,2.31509,2.31394,2.31453,277
2025-11-27 14:20:00,2.31454,2.31519,2.31442,2.31446,218
2025-11-27 14:25:00,2.31447,2.31502,2.3143000000000002,2.31495,177
2025-11-27 14:30:00,2.31495,2.31495,2.31422,2.31455,239
2025-11-27 14:35:00,2.31457,2.31475,2.31406,2.31439,234
2025-11-27 14:40:00,2.3144299999999998,2.31535,2.31427,2.31493,251
2025-11-27 14:45:00,2.31477,2.31596,2.31477,2.31544,262
2025-11-27 14:50:00,2.31543,2.31633,2.31471,2.31473,296
2025-11-27 14:55:00,2.3147,2.3165,2.3147,2.31621,341
2025-11-27 15:00:00,2.3162599999999998,2.31703,2.31557,2.31577,317
2025-11-27 15:05:00,2.3158,2.31629,2.31533,2.3160600000000002,230
2025-11-27 15:10:00,2.31605,2.31663,2.31572,2.31617,230
2025-11-27 15:15:00,2.31617,2.31647,2.31577,2.31591,264
2025-11-27 15:20:00,2.31593,2.31686,2.31582,2.3165,241
2025-11-27 15:25:00,2.31653,2.31706,2.3162599999999998,2.31642,327
2025-11-27 15:30:00,2.31645,2.31745,2.31635,2.31676,447
2025-11-27 15:35:00,2.31678,2.31776,2.31669,2.31711,273
2025-11-27 15:40:00,2.3171,2.31712,2.31637,2.31647,288
2025-11-27 15:45:00,2.31644,2.31691,2.31603,2.31621,286
2025-11-27 15:50:00,2.3162,2.3171,2.31581,2.31594,373
2025-11-27 15:55:00,2.31602,2.31653,2.31499,2.31585,371
2025-11-27 16:00:00,2.31586,2.31586,2.31464,2.31467,331
2025-11-27 16:05:00,2.31465,2.31523,2.31429,2.31501,304
2025-11-27 16:10:00,2.31501,2.31616,2.31483,2.3154,245
2025-11-27 16:15:00,2.31538,2.31585,2.31437,2.31437,265
2025-11-27 16:20:00,2.31439,2.31514,2.31432,2.31458,233
2025-11-27 16:25:00,2.31438,2.31481,2.31393,2.31441,239
2025-11-27 16:30:00,2.31444,2.31519,2.3142,2.31448,271
2025-11-27 16:35:00,2.31449,2.31483,2.31407,2.3143599999999998,253
2025-11-27 16:40:00,2.31439,2.31462,2.31365,2.31403,246
2025-11-27 16:45:00,2.31408,2.31409,2.31309,2.3132,269
2025-11-27 16:50:00,2.31324,2.31404,2.31303,2.31396,298
2025-11-27 16:55:00,2.31418,2.3144299999999998,2.31313,2.31319,271
2025-11-27 17:00:00,2.31324,2.31373,2.3125,2.31288,273
2025-11-27 17:05:00,2.31289,2.31302,2.31211,2.31273,290
2025-11-27 17:10:00,2.31274,2.31276,2.31121,2.31139,324
2025-11-27 17:15:00,2.31139,2.31168,2.31053,2.31099,281
2025-11-27 17:20:00,2.311,2.3111,2.3102,2.31028,303
2025-11-27 17:25:00,2.31027,2.31214,2.3100899999999998,2.31193,370
2025-11-27 17:30:00,2.31191,2.31261,2.31141,2.312,366
2025-11-27 17:35:00,2.31201,2.31237,2.31153,2.31178,351
2025-11-27 17:40:00,2.3117900000000002,2.31244,2.31168,2.31204,322
2025-11-27 17:45:00,2.31203,2.31248,2.3116,2.31183,260
2025-11-27 17:50:00,2.31183,2.313,2.31165,2.313,275
2025-11-27 17:55:00,2.31294,2.31427,2.31287,2.31365,456
2025-11-27 18:00:00,2.31368,2.31408,2.31238,2.3136900000000002,480
2025-11-27 18:05:00,2.31366,2.31481,2.31333,2.3144299999999998,336
2025-11-27 18:10:00,2.31445,2.31502,2.31396,2.31427,319
2025-11-27 18:15:00,2.31407,2.31441,2.31315,2.31348,308
2025-11-27 18:20:00,2.31328,2.3138,2.31323,2.31358,179
2025-11-27 18:25:00,2.3136,2.31448,2.31337,2.31439,212
2025-11-27 18:30:00,2.3144,2.31445,2.31367,2.31373,169
2025-11-27 18:35:00,2.31415,2.31438,2.31276,2.31318,195
2025-11-27 18:40:00,2.31317,2.31367,2.31297,2.31323,154
2025-11-27 18:45:00,2.31322,2.3137,2.3131,2.3134,182
2025-11-27 18:50:00,2.31336,2.31343,2.31272,2.313,148
2025-11-27 18:55:00,2.3134,2.31351,2.31273,2.31279,166
2025-11-27 19:00:00,2.31277,2.31348,2.31264,2.31331,195
2025-11-27 19:05:00,2.31331,2.31353,2.31276,2.31313,186
2025-11-27 19:10:00,2.3131399999999998,2.3135,2.31251,2.31343,174
2025-11-27 19:15:00,2.31344,2.31349,2.31279,2.31331,170
2025-11-27 19:20:00,2.31291,2.3133,2.31238,2.31257,161
2025-11-27 19:25:00,2.31256,2.31331,2.31256,2.31327,204
2025-11-27 19:30:00,2.31326,2.31349,2.31269,2.31312,236
2025-11-27 19:35:00,2.31272,2.31328,2.31257,2.31303,150
2025-11-27 19:40:00,2.31303,2.31303,2.31212,2.3127,177
2025-11-27 19:45:00,2.3123,2.31283,2.31211,2.31283,112
2025-11-27 19:50:00,2.31285,2.31298,2.31233,2.31259,133
2025-11-27 19:55:00,2.31258,2.31305,2.3122,2.3124700000000002,166
2025-11-27 20:00:00,2.31248,2.31302,2.31226,2.31267,203
2025-11-27 20:05:00,2.31288,2.31288,2.3119899999999998,2.31221,137
2025-11-27 20:10:00,2.31218,2.31268,2.31197,2.31233,96
2025-11-27 20:15:00,2.31232,2.31287,2.31217,2.31244,149
2025-11-27 20:20:00,2.31263,2.31302,2.31241,2.31271,125
2025-11-27 20:25:00,2.31271,2.31298,2.31258,2.31288,75
2025-11-27 20:30:00,2.31287,2.31307,2.31266,2.31306,76
2025-11-27 20:35:00,2.31305,2.31312,2.31268,2.31289,70
2025-11-27 20:40:00,2.31288,2.31347,2.31284,2.31307,145
2025-11-27 20:45:00,2.3130800000000002,2.31332,2.3125999999999998,2.31277,126
2025-11-27 20:50:00,2.31279,2.31279,2.31223,2.31259,93
2025-11-27 20:55:00,2.31262,2.31281,2.31211,2.31262,123
2025-11-27 21:00:00,2.31269,2.31309,2.3125,2.31286,121
2025-11-27 21:05:00,2.31287,2.31319,2.31282,2.31288,117
2025-11-27 21:10:00,2.3129,2.31304,2.3124000000000002,2.31259,113
2025-11-27 21:15:00,2.31262,2.31283,2.31229,2.3125299999999998,110
2025-11-27 21:20:00,2.31254,2.31284,2.31235,2.31279,156
2025-11-27 21:25:00,2.31279,2.31306,2.31257,2.31293,111
2025-11-27 21:30:00,2.31292,2.31351,2.31274,2.31333,84
2025-11-27 21:35:00,2.31332,2.31355,2.31284,2.31309,115
2025-11-27 21:40:00,2.3130800000000002,2.31336,2.3130800000000002,2.31335,77
2025-11-27 21:45:00,2.31329,2.31366,2.31306,2.31341,139
2025-11-27 21:50:00,2.31342,2.31361,2.31307,2.31333,98
2025-11-27 21:55:00,2.31332,2.3135,2.31304,2.3132,169
2025-11-27 22:00:00,2.3132099999999998,2.31354,2.31288,2.31349,118
2025-11-27 22:05:00,2.31347,2.31367,2.31341,2.31346,102
2025-11-27 22:10:00,2.31348,2.31361,2.3130100000000002,2.31325,107
2025-11-27 22:15:00,2.31324,2.31333,2.31297,2.31328,87
2025-11-27 22:20:00,2.3133,2.3136,2.31307,2.31323,201
2025-11-27 22:25:00,2.31324,2.31342,2.3130100000000002,2.31331,104
2025-11-27 22:30:00,2.31333,2.3137,2.31323,2.31343,178
2025-11-27 22:35:00,2.31349,2.3136900000000002,2.3132099999999998,2.3133,346
2025-11-27 22:40:00,2.31332,2.31358,2.31322,2.31328,375
2025-11-27 22:45:00,2.31327,2.31331,2.31279,2.31311,109
2025-11-27 22:50:00,2.31312,2.31346,2.31311,2.31328,79
2025-11-27 22:55:00,2.31327,2.31384,2.31313,2.3136200000000002,133
2025-11-27 23:00:00,2.31291,2.313,2.3118,2.3118,171
2025-11-27 23:05:00,2.3118,2.31239,2.31178,2.31182,127
2025-11-27 23:10:00,2.31183,2.31238,2.31182,2.31204,112
2025-11-27 23:15:00,2.31205,2.31232,2.31184,2.31211,79
2025-11-27 23:20:00,2.31214,2.31214,2.31137,2.31183,71
2025-11-27 23:25:00,2.31176,2.31211,2.3113,2.31136,109
2025-11-27 23:30:00,2.31156,2.31172,2.31117,2.31128,101
2025-11-27 23:35:00,2.31129,2.31152,2.31106,2.31123,95
2025-11-27 23:40:00,2.31122,2.31126,2.31099,2.3111,97
2025-11-27 23:45:00,2.3111,2.31142,2.31084,2.31087,135
2025-11-27 23:50:00,2.31088,2.31091,2.3106400000000002,2.31066,140
2025-11-27 23:55:00,2.31112,2.31115,2.30775,2.30781,122
2025-11-28 00:00:00,2.30968,2.31045,2.30929,2.31029,7
2025-11-28 00:05:00,2.31035,2.31035,2.30864,2.30972,53
2025-11-28 00:10:00,2.30972,2.31054,2.3095499999999998,2.30961,91
2025-11-28 00:15:00,2.30961,2.31198,2.30961,2.31073,177
2025-11-28 00:20:00,2.31093,2.31156,2.30974,2.31051,212
2025-11-28 00:25:00,2.31052,2.31088,2.30988,2.31052,90
2025-11-28 00:30:00,2.31058,2.3106400000000002,2.31042,2.31042,65
2025-11-28 00:35:00,2.3104,2.31041,2.31011,2.3101599999999998,101
2025-11-28 00:40:00,2.31021,2.31031,2.30981,2.30991,147
2025-11-28 00:45:00,2.30993,2.31104,2.30985,2.31049,78
2025-11-28 00:50:00,2.31048,2.31063,2.30975,2.30991,158
2025-11-28 00:55:00,2.30995,2.31213,2.3095499999999998,2.31132,514
2025-11-28 01:00:00,2.3117900000000002,2.31204,2.30968,2.31092,270
2025-11-28 01:05:00,2.31093,2.31145,2.31054,2.31145,107
2025-11-28 01:10:00,2.31144,2.31226,2.31144,2.31194,189
2025-11-28 01:15:00,2.31195,2.31237,2.31171,2.31182,127
2025-11-28 01:20:00,2.31182,2.31204,2.31162,2.31169,102
2025-11-28 01:25:00,2.31168,2.31215,2.31149,2.3118,55
2025-11-28 01:30:00,2.31173,2.3121,2.31145,2.31158,135
2025-11-28 01:35:00,2.31156,2.31177,2.31099,2.31127,77
2025-11-28 01:40:00,2.31126,2.31152,2.31106,2.31152,83
2025-11-28 01:45:00,2.31151,2.31151,2.31093,2.31095,107
2025-11-28 01:50:00,2.31097,2.311,2.31034,2.3108,102
2025-11-28 01:55:00,2.31079,2.31104,2.31041,2.31074,100
2025-11-28 02:00:00,2.31094,2.31139,2.31051,2.31073,232
2025-11-28 02:05:00,2.31075,2.31084,2.31028,2.31052,189
2025-11-28 02:10:00,2.3105,2.31096,2.31011,2.31094,254
2025-11-28 02:15:00,2.31094,2.31132,2.31075,2.31124,490
2025-11-28 02:20:00,2.3111800000000002,2.31214,2.31111,2.3118,527
2025-11-28 02:25:00,2.3117900000000002,2.31206,2.31099,2.3112500000000002,261
2025-11-28 02:30:00,2.31121,2.31146,2.31097,2.31121,252
2025-11-28 02:35:00,2.31123,2.31149,2.31098,2.31104,403
2025-11-28 02:40:00,2.31106,2.31185,2.31105,2.3113,360
2025-11-28 02:45:00,2.31127,2.31207,2.31109,2.31128,299
2025-11-28 02:50:00,2.3113,2.31176,2.31111,2.31147,332
2025-11-28 02:55:00,2.31156,2.31184,2.31088,2.31124,370
2025-11-28 03:00:00,2.31123,2.3117,2.31085,2.31137,514
2025-11-28 03:05:00,2.31139,2.31161,2.31084,2.3113,397
2025-11-28 03:10:00,2.31127,2.31154,2.31083,2.31107,262
2025-11-28 03:15:00,2.31106,2.31162,2.31046,2.31086,344
2025-11-28 03:20:00,2.31076,2.31109,2.31014,2.31056,295
2025-11-28 03:25:00,2.31056,2.31096,2.3101599999999998,2.31053,246
2025-11-28 03:30:00,2.31054,2.31136,2.31053,2.31123,345
2025-11-28 03:35:00,2.31124,2.31134,2.31056,2.31127,384
2025-11-28 03:40:00,2.31129,2.31146,2.31068,2.3106999999999998,229
2025-11-28 03:45:00,2.31067,2.3112,2.31017,2.31039,170
2025-11-28 03:50:00,2.31041,2.31124,2.31039,2.31101,293
2025-11-28 03:55:00,2.31102,2.31187,2.31068,2.31162,407
2025-11-28 04:00:00,2.31163,2.31207,2.31129,2.31181,374
2025-11-28 04:05:00,2.3117900000000002,2.31208,2.3113099999999998,2.31159,479
2025-11-28 04:10:00,2.31162,2.3118,2.31128,2.31154,306
2025-11-28 04:15:00,2.31153,2.3119199999999998,2.31121,2.31187,358
2025-11-28 04:20:00,2.31182,2.3124700000000002,2.31127,2.3124000000000002,709
2025-11-28 04:25:00,2.312,2.31294,2.312,2.31292,646
2025-11-28 04:30:00,2.31284,2.31289,2.31161,2.312,675
2025-11-28 04:35:00,2.31198,2.31351,2.31181,2.31246,884
2025-11-28 04:40:00,2.3124000000000002,2.31274,2.3115,2.31205,1025
2025-11-28 04:45:00,2.3121,2.31269,2.31132,2.3122,861
2025-11-28 04:50:00,2.31221,2.31246,2.31158,2.31221,752
2025-11-28 04:55:00,2.31219,2.313,2.31116,2.31225,872
2025-11-28 05:00:00,2.31223,2.31305,2.31157,2.31211,988
2025-11-28 05:05:00,2.31206,2.31288,2.31133,2.31219,949
2025-11-28 05:10:00,2.31217,2.31354,2.3118,2.31333,903
2025-11-28 05:15:00,2.31331,2.31371,2.31251,2.31307,885
2025-11-28 05:20:00,2.31305,2.31348,2.31181,2.31255,661
2025-11-28 05:25:00,2.31265,2.31417,2.31211,2.3135,857
2025-11-28 05:30:00,2.31341,2.31476,2.31313,2.31404,897
2025-11-28 05:35:00,2.31402,2.31462,2.31325,2.3145,885
2025-11-28 05:40:00,2.31456,2.31461,2.31311,2.31341,820
2025-11-28 05:45:00,2.31342,2.31482,2.31333,2.31402,784
2025-11-28 05:50:00,2.31406,2.31494,2.314,2.31468,964
2025-11-28 05:55:00,2.31476,2.31517,2.31371,2.3138199999999998,887
2025-11-28 06:00:00,2.31368,2.31475,2.31349,2.31445,881
2025-11-28 06:05:00,2.3144299999999998,2.31492,2.3137499999999998,2.31413,819
2025-11-28 06:10:00,2.31415,2.31454,2.31324,2.31412,934
2025-11-28 06:15:00,2.31412,2.31447,2.31329,2.31395,969
2025-11-28 06:20:00,2.31388,2.31454,2.31326,2.31368,842
2025-11-28 06:25:00,2.31361,2.31422,2.313,2.3138,820
2025-11-28 06:30:00,2.31397,2.31472,2.31334,2.31451,693
2025-11-28 06:35:00,2.31452,2.31466,2.31387,2.31462,662
2025-11-28 06:40:00,2.31463,2.31511,2.31433,2.31508,734
2025-11-28 06:45:00,2.31512,2.31568,2.31462,2.31535,914
2025-11-28 06:50:00,2.31534,2.31564,2.31421,2.31446,889
2025-11-28 06:55:00,2.31445,2.31538,2.31407,2.315,932
2025-11-28 07:00:00,2.31516,2.31577,2.31422,2.31461,1013
2025-11-28 07:05:00,2.31454,2.31507,2.3137499999999998,2.31464,959
2025-11-28 07:10:00,2.31465,2.31513,2.3138,2.31403,869
2025-11-28 07:15:00,2.31427,2.31434,2.3132099999999998,2.31389,780
2025-11-28 07:20:00,2.31434,2.31471,2.31344,2.31409,866
2025-11-28 07:25:00,2.31407,2.31527,2.31355,2.31472,912
2025-11-28 07:30:00,2.31467,2.3152,2.3137499999999998,2.31389,823
2025-11-28 07:35:00,2.31392,2.31488,2.31364,2.31428,964
2025-11-28 07:40:00,2.31435,2.31488,2.31305,2.31379,914
2025-11-28 07:45:00,2.3137499999999998,2.31461,2.31344,2.31454,899
2025-11-28 07:50:00,2.3145,2.31497,2.3137,2.31406,845
2025-11-28 07:55:00,2.31426,2.31515,2.31363,2.31386,932
2025-11-28 08:00:00,2.31402,2.31433,2.31286,2.31312,973
2025-11-28 08:05:00,2.3131399999999998,2.31386,2.31237,2.31278,914
2025-11-28 08:10:00,2.31281,2.31331,2.3121,2.31294,819
2025-11-28 08:15:00,2.31266,2.31371,2.3123,2.31295,842
2025-11-28 08:20:00,2.31294,2.31381,2.31224,2.31341,956
2025-11-28 08:25:00,2.31297,2.31426,2.31287,2.31345,865
2025-11-28 08:30:00,2.31334,2.31365,2.31164,2.31271,799
2025-11-28 08:35:00,2.31272,2.3133,2.3119199999999998,2.31305,566
2025-11-28 08:40:00,2.31306,2.31373,2.31219,2.31342,967
2025-11-28 08:45:00,2.31339,2.31361,2.31217,2.31263,945
2025-11-28 08:50:00,2.31259,2.31392,2.31224,2.3129,892
2025-11-28 08:55:00,2.31295,2.3137,2.31181,2.31226,874
2025-11-28 09:00:00,2.31184,2.31335,2.31143,2.31316,992
2025-11-28 09:05:00,2.31303,2.31363,2.312,2.3129,898
2025-11-28 09:10:00,2.31266,2.3134,2.3119199999999998,2.31289,953
2025-11-28 09:15:00,2.31283,2.31316,2.31183,2.31243,986
2025-11-28 09:20:00,2.31245,2.31306,2.31147,2.31226,1030
2025-11-28 09:25:00,2.31221,2.31305,2.31146,2.31243,865
2025-11-28 09:30:00,2.31225,2.31266,2.3115,2.31206,1015
2025-11-28 09:35:00,2.31206,2.31277,2.31146,2.31236,882
2025-11-28 09:40:00,2.31236,2.31289,2.31172,2.31175,897
2025-11-28 09:45:00,2.31146,2.31345,2.31146,2.31316,939
2025-11-28 09:50:00,2.3131399999999998,2.31376,2.3127,2.3137,906
2025-11-28 09:55:00,2.31365,2.31385,2.3127,2.31364,960
2025-11-28 10:00:00,2.3137499999999998,2.31421,2.3125299999999998,2.31306,1021
2025-11-28 10:05:00,2.31309,2.31333,2.31153,2.31299,960
2025-11-28 10:10:00,2.31305,2.31389,2.31231,2.31327,926
2025-11-28 10:15:00,2.31326,2.31364,2.31256,2.31337,934
2025-11-28 10:20:00,2.31336,2.31356,2.31207,2.31258,886
2025-11-28 10:25:00,2.31252,2.3130100000000002,2.31165,2.31228,942
2025-11-28 10:30:00,2.31251,2.31315,2.31152,2.3127,793
2025-11-28 10:35:00,2.31302,2.31337,2.31184,2.31206,934
2025-11-28 10:40:00,2.31207,2.3130100000000002,2.31159,2.31223,880
2025-11-28 10:45:00,2.31215,2.31311,2.31142,2.31238,896
2025-11-28 10:50:00,2.31237,2.31295,2.31172,2.31234,996
2025-11-28 10:55:00,2.31232,2.3132099999999998,2.3117900000000002,2.31263,893
2025-11-28 11:00:00,2.31258,2.31316,2.31117,2.31211,967
2025-11-28 11:05:00,2.31208,2.31364,2.31165,2.31322,1002
2025-11-28 11:10:00,2.31326,2.31447,2.3125299999999998,2.31399,988
2025-11-28 11:15:00,2.31397,2.31508,2.31262,2.31303,972
2025-11-28 11:20:00,2.3132099999999998,2.31478,2.31228,2.31415,971
2025-11-28 11:25:00,2.3142,2.31492,2.31299,2.3138,982
2025-11-28 11:30:00,2.31385,2.31439,2.31304,2.31381,981
2025-11-28 11:35:00,2.3137499999999998,2.31556,2.31279,2.31531,1039
2025-11-28 11:40:00,2.31526,2.31609,2.31409,2.31469,1026
2025-11-28 11:45:00,2.31474,2.31535,2.31356,2.31424,1016
2025-11-28 11:50:00,2.31426,2.3156499999999998,2.31393,2.31456,1015
2025-11-28 11:55:00,2.31457,2.31528,2.31262,2.31294,975
2025-11-28 12:00:00,2.3132,2.31359,2.31207,2.3125,1007
2025-11-28 12:05:00,2.31288,2.31403,2.31223,2.31264,952
2025-11-28 12:10:00,2.31283,2.31359,2.31219,2.31267,952
2025-11-28 12:15:00,2.31266,2.3138,2.31212,2.31358,964
2025-11-28 12:20:00,2.31357,2.31473,2.313,2.31415,984
2025-11-28 12:25:00,2.3141,2.31507,2.31355,2.3143000000000002,976
2025-11-28 12:30:00,2.31421,2.31577,2.31398,2.31534,945
2025-11-28 12:35:00,2.31536,2.31585,2.31435,2.31489,882
2025-11-28 12:40:00,2.3148,2.31581,2.3136200000000002,2.31451,960
2025-11-28 12:45:00,2.31471,2.3149,2.31379,2.31455,957
2025-11-28 12:50:00,2.31457,2.31464,2.31347,2.31376,908
2025-11-28 12:55:00,2.31372,2.31515,2.31364,2.31435,893
2025-11-28 13:00:00,2.31434,2.31593,2.31394,2.31509,999
2025-11-28 13:05:00,2.31511,2.31566,2.31445,2.31454,961
2025-11-28 13:10:00,2.31454,2.31544,2.314,2.31519,952
2025-11-28 13:15:00,2.31525,2.3154500000000002,2.3138199999999998,2.3148,983
2025-11-28 13:20:00,2.31467,2.31583,2.31416,2.31512,994
2025-11-28 13:25:00,2.3150399999999998,2.31532,2.3135,2.31467,1019
2025-11-28 13:30:00,2.31465,2.31541,2.31343,2.3143599999999998,1047
2025-11-28 13:35:00,2.31455,2.31571,2.3135,2.31478,1014
2025-11-28 13:40:00,2.31501,2.31532,2.31338,2.314,970
2025-11-28 13:45:00,2.31389,2.3149,2.31347,2.31434,1000
2025-11-28 13:50:00,2.31435,2.31572,2.3136900000000002,2.3138,987
2025-11-28 13:55:00,2.31388,2.31462,2.31256,2.31347,916
2025-11-28 14:00:00,2.3135,2.31446,2.31284,2.31309,996
2025-11-28 14:05:00,2.31299,2.31444,2.31297,2.31386,933
2025-11-28 14:10:00,2.31403,2.31487,2.31312,2.31389,984
2025-11-28 14:15:00,2.31387,2.31502,2.3136,2.31427,939
2025-11-28 14:20:00,2.31437,2.31498,2.31352,2.31415,977
2025-11-28 14:25:00,2.31432,2.31483,2.31337,2.3145,945
2025-11-28 14:30:00,2.31446,2.31515,2.31363,2.31374,922
2025-11-28 14:35:00,2.31414,2.31471,2.31317,2.31406,944
2025-11-28 14:40:00,2.31408,2.31474,2.31293,2.31418,896
2025-11-28 14:45:00,2.31412,2.3159,2.31355,2.3154,970
2025-11-28 14:50:00,2.3154500000000002,2.31621,2.31445,2.31499,917
2025-11-28 14:55:00,2.31507,2.31548,2.31394,2.31461,935
2025-11-28 15:00:00,2.31449,2.31502,2.31318,2.31391,940
2025-11-28 15:05:00,2.314,2.31435,2.31229,2.31339,954
2025-11-28 15:10:00,2.31338,2.31413,2.31245,2.31268,977
2025-11-28 15:15:00,2.31243,2.3139,2.31215,2.31287,943
2025-11-28 15:20:00,2.31289,2.31445,2.31238,2.31409,960
2025-11-28 15:25:00,2.31404,2.31427,2.31256,2.31307,963
2025-11-28 15:30:00,2.31296,2.31296,2.31134,2.31162,987
2025-11-28 15:35:00,2.31162,2.31271,2.31126,2.31226,953
2025-11-28 15:40:00,2.31219,2.31261,2.3116,2.3119899999999998,932
2025-11-28 15:45:00,2.31213,2.31275,2.31184,2.31223,955
2025-11-28 15:50:00,2.31222,2.31262,2.31128,2.31233,869
2025-11-28 15:55:00,2.31225,2.31236,2.3106400000000002,2.31161,881
2025-11-28 16:00:00,2.31165,2.31281,2.3113799999999998,2.31227,861
2025-11-28 16:05:00,2.3123,2.31274,2.3108,2.31082,806
2025-11-28 16:10:00,2.31085,2.31136,2.31025,2.31079,347
2025-11-28 16:15:00,2.31076,2.31185,2.31076,2.31154,284
2025-11-28 16:20:00,2.31151,2.31151,2.30973,2.31011,397
2025-11-28 16:25:00,2.31053,2.31162,2.31013,2.3113,395
2025-11-28 16:30:00,2.31124,2.31161,2.30985,2.3106,375
2025-11-28 16:35:00,2.31062,2.31119,2.31003,2.3108,479
2025-11-28 16:40:00,2.31082,2.31184,2.3103,2.31168,480
2025-11-28 16:45:00,2.3115,2.31252,2.3113799999999998,2.31231,502
2025-11-28 16:50:00,2.31228,2.3128,2.3117,2.31226,438
2025-11-28 16:55:00,2.31222,2.31299,2.31158,2.31173,506
2025-11-28 17:00:00,2.3117,2.31216,2.30897,2.30941,564
2025-11-28 17:05:00,2.30944,2.30991,2.30878,2.30991,419
2025-11-28 17:10:00,2.30987,2.31079,2.30942,2.31004,401
2025-11-28 17:15:00,2.31003,2.31011,2.3092,2.30977,370
2025-11-28 17:20:00,2.3099600000000002,2.3102,2.30896,2.30938,727
2025-11-28 17:25:00,2.30923,2.3095499999999998,2.30717,2.30734,837
2025-11-28 17:30:00,2.30731,2.30787,2.30519,2.3062,884
2025-11-28 17:35:00,2.30613,2.30618,2.30456,2.30516,849
2025-11-28 17:40:00,2.30515,2.30736,2.3040599999999998,2.30665,503
2025-11-28 17:45:00,2.3066,2.30735,2.30613,2.30692,506
2025-11-28 17:50:00,2.30696,2.30804,2.30592,2.30631,630
2025-11-28 17:55:00,2.30649,2.30859,2.30633,2.30814,810
2025-11-28 18:00:00,2.30815,2.30937,2.30722,2.30783,738
2025-11-28 18:05:00,2.30782,2.30923,2.30754,2.30844,564
2025-11-28 18:10:00,2.30843,2.3087400000000002,2.30759,2.30808,479
2025-11-28 18:15:00,2.3081,2.30965,2.3079,2.3092,383
2025-11-28 18:20:00,2.30919,2.30977,2.30769,2.30823,532
2025-11-28 18:25:00,2.30825,2.3089399999999998,2.30754,2.30877,446
2025-11-28 18:30:00,2.30879,2.31003,2.30824,2.30914,373
2025-11-28 18:35:00,2.30914,2.30979,2.30868,2.30929,333
2025-11-28 18:40:00,2.30927,2.31011,2.3087,2.30882,326
2025-11-28 18:45:00,2.30881,2.30889,2.30779,2.3083299999999998,265
2025-11-28 18:50:00,2.3083,2.30865,2.30769,2.30836,292
2025-11-28 18:55:00,2.30828,2.30831,2.30723,2.30777,348
2025-11-28 19:00:00,2.30755,2.30784,2.3070399999999998,2.30754,318
2025-11-28 19:05:00,2.30755,2.3082599999999998,2.3074,2.30793,313
2025-11-28 19:10:00,2.30793,2.30816,2.3074500000000002,2.30783,258
2025-11-28 19:15:00,2.30784,2.3082599999999998,2.30761,2.3081300000000002,306
2025-11-28 19:20:00,2.30812,2.30842,2.30761,2.30777,317
2025-11-28 19:25:00,2.30776,2.30778,2.30656,2.30758,323
2025-11-28 19:30:00,2.30757,2.3084,2.30729,2.30789,298
2025-11-28 19:35:00,2.3079,2.30861,2.3078,2.30796,274
2025-11-28 19:40:00,2.30794,2.30879,2.30773,2.30811,279
2025-11-28 19:45:00,2.3081,2.30889,2.30788,2.30861,259
2025-11-28 19:50:00,2.30871,2.30881,2.3079,2.30815,268
2025-11-28 19:55:00,2.30814,2.30814,2.30599,2.30651,472
2025-11-28 20:00:00,2.30653,2.30682,2.30576,2.30634,388
2025-11-28 20:05:00,2.30639,2.30776,2.30639,2.30726,286
2025-11-28 20:10:00,2.30728,2.30781,2.30692,2.30722,308
2025-11-28 20:15:00,2.3072,2.3076,2.3070399999999998,2.30757,224
2025-11-28 20:20:00,2.30757,2.30762,2.30692,2.30716,215
2025-11-28 20:25:00,2.30737,2.30738,2.30677,2.30713,208
2025-11-28 20:30:00,2.30718,2.30749,2.30685,2.30742,244
2025-11-28 20:35:00,2.30744,2.30767,2.3068400000000002,2.3073,280
2025-11-28 20:40:00,2.3075,2.30753,2.30625,2.30707,251
2025-11-28 20:45:00,2.30708,2.3071099999999998,2.30637,2.30655,380
2025-11-28 20:50:00,2.30657,2.30782,2.3063000000000002,2.30751,330
2025-11-28 20:55:00,2.3074,2.30797,2.30713,2.30763,249
2025-11-28 21:00:00,2.30762,2.30804,2.30746,2.30767,259
2025-11-28 21:05:00,2.30766,2.30846,2.30754,2.308,230
2025-11-28 21:10:00,2.30802,2.30814,2.30759,2.30803,243
2025-11-28 21:15:00,2.30805,2.30848,2.30759,2.30825,190
2025-11-28 21:20:00,2.30827,2.30859,2.308,2.30816,248
2025-11-28 21:25:00,2.30812,2.3083299999999998,2.30787,2.30803,203
2025-11-28 21:30:00,2.30802,2.30832,2.30762,2.30786,195
2025-11-28 21:35:00,2.30785,2.30794,2.30738,2.30762,189
2025-11-28 21:40:00,2.30764,2.30786,2.30733,2.30786,153
2025-11-28 21:45:00,2.30784,2.30868,2.30771,2.30823,655
2025-11-28 21:50:00,2.30825,2.30879,2.30796,2.30849,569
2025-11-28 21:55:00,2.30858,2.30905,2.30817,2.3089399999999998,385
2025-11-28 22:00:00,2.30896,2.30921,2.308,2.30835,552
2025-11-28 22:05:00,2.30831,2.3088,2.30787,2.30844,475
2025-11-28 22:10:00,2.30846,2.30871,2.30755,2.308,577
2025-11-28 22:15:00,2.30797,2.30859,2.30778,2.30791,585
2025-11-28 22:20:00,2.30788,2.30843,2.30779,2.30825,439
2025-11-28 22:25:00,2.30834,2.30849,2.30791,2.30835,448
2025-11-28 22:30:00,2.30831,2.30853,2.30782,2.30831,539
2025-11-28 22:35:00,2.30829,2.30855,2.30788,2.30818,697
2025-11-28 22:40:00,2.30816,2.30842,2.30739,2.30769,633
2025-11-28 22:45:00,2.30755,2.30798,2.30734,2.30766,401
2025-11-28 22:50:00,2.30755,2.30821,2.30744,2.30804,204
2025-11-28 22:55:00,2.30798,2.3080600000000002,2.30718,2.3077,315
2025-11-28 23:00:00,2.30696,2.30778,2.30635,2.30744,711
2025-11-28 23:05:00,2.30753,2.3076,2.30672,2.30694,665
2025-11-28 23:10:00,2.30692,2.30736,2.30656,2.30678,587
2025-11-28 23:15:00,2.3068,2.30728,2.30664,2.30709,462
2025-11-28 23:20:00,2.30709,2.30736,2.3068,2.30712,629
2025-11-28 23:25:00,2.30713,2.3082599999999998,2.307,2.30791,794
2025-11-28 23:30:00,2.30797,2.3082599999999998,2.3071,2.3074500000000002,895
2025-11-28 23:35:00,2.30731,2.3081,2.30723,2.30764,920
2025-11-28 23:40:00,2.3076499999999998,2.30768,2.30687,2.30707,753
2025-11-28 23:45:00,2.30707,2.30785,2.30686,2.3075200000000002,683
2025-11-28 23:50:00,2.30755,2.3082599999999998,2.30683,2.30808,906
2025-11-28 23:55:00,2.3069100000000002,2.30727,2.30254,2.30324,848
2025-12-01 00:00:00,2.30848,2.3089,2.3079,2.3088,458
2025-12-01 00:05:00,2.30884,2.3089,2.30577,2.3059,153
2025-12-01 00:10:00,2.3059,2.30617,2.30506,2.3051,52
2025-12-01 00:15:00,2.30672,2.30751,2.30636,2.30674,280
2025-12-01 00:20:00,2.30673,2.30871,2.30624,2.30845,275
2025-12-01 00:25:00,2.30845,2.30908,2.30837,2.30888,70
2025-12-01 00:30:00,2.30888,2.3091,2.30659,2.30694,114
2025-12-01 00:35:00,2.30696,2.30712,2.30656,2.30703,61
2025-12-01 00:40:00,2.30696,2.3072,2.3061,2.3063000000000002,118
2025-12-01 00:45:00,2.30632,2.30687,2.30632,2.30681,93
2025-12-01 00:50:00,2.30681,2.30798,2.30633,2.30764,151
2025-12-01 00:55:00,2.30784,2.30861,2.30782,2.30839,245
2025-12-01 01:00:00,2.30928,2.30958,2.30767,2.30814,264
2025-12-01 01:05:00,2.30834,2.30838,2.30727,2.30764,219
2025-12-01 01:10:00,2.30763,2.3089399999999998,2.30759,2.30872,281
2025-12-01 01:15:00,2.30869,2.30869,2.30738,2.30784,294
2025-12-01 01:20:00,2.30783,2.30911,2.30762,2.30876,286
2025-12-01 01:25:00,2.30877,2.30969,2.30863,2.30952,224
2025-12-01 01:30:00,2.30953,2.31,2.30878,2.3098,290
2025-12-01 01:35:00,2.30979,2.31017,2.30866,2.30873,275
2025-12-01 01:40:00,2.30875,2.30905,2.30832,2.30904,293
2025-12-01 01:45:00,2.30904,2.30904,2.30799,2.308,260
2025-12-01 01:50:00,2.30798,2.30829,2.30762,2.30787,220
2025-12-01 01:55:00,2.30784,2.3082599999999998,2.30748,2.30778,265
2025-12-01 02:00:00,2.3078,2.30943,2.30768,2.30916,426
2025-12-01 02:05:00,2.30917,2.31005,2.30891,2.30939,404
2025-12-01 02:10:00,2.30943,2.30951,2.3086,2.30925,340
2025-12-01 02:15:00,2.30923,2.30923,2.3082,2.30827,339
2025-12-01 02:20:00,2.30827,2.30901,2.30783,2.30858,276
2025-12-01 02:25:00,2.30857,2.30876,2.308,2.30819,326
2025-12-01 02:30:00,2.30822,2.30867,2.3077,2.3083,352
2025-12-01 02:35:00,2.30832,2.30931,2.3083,2.30872,324
2025-12-01 02:40:00,2.30871,2.30918,2.30851,2.3089,431
2025-12-01 02:45:00,2.30891,2.3102,2.30847,2.3102,398
2025-12-01 02:50:00,2.31002,2.31045,2.30942,2.30998,422
2025-12-01 02:55:00,2.3101,2.3102,2.30896,2.30903,399
2025-12-01 03:00:00,2.30902,2.30938,2.30654,2.30734,449
2025-12-01 03:05:00,2.30738,2.30855,2.30727,2.30742,628
2025-12-01 03:10:00,2.30741,2.3082,2.30736,2.30786,539
2025-12-01 03:15:00,2.30787,2.30812,2.30675,2.3070399999999998,411
2025-12-01 03:20:00,2.30707,2.30726,2.30576,2.306,501
2025-12-01 03:25:00,2.30597,2.307,2.3052799999999998,2.30674,400
2025-12-01 03:30:00,2.30677,2.30778,2.30633,2.30683,408
2025-12-01 03:35:00,2.30686,2.30702,2.3059,2.30618,405
2025-12-01 03:40:00,2.30615,2.30688,2.30575,2.30653,358
2025-12-01 03:45:00,2.30658,2.30685,2.30561,2.30561,347
2025-12-01 03:50:00,2.30568,2.3064,2.30547,2.30634,359
2025-12-01 03:55:00,2.30635,2.30749,2.30625,2.30678,388
2025-12-01 04:00:00,2.30678,2.30785,2.30665,2.3077,396
2025-12-01 04:05:00,2.30769,2.30835,2.30738,2.30789,326
2025-12-01 04:10:00,2.30787,2.3083,2.3068,2.30681,361
2025-12-01 04:15:00,2.30678,2.308,2.30641,2.30766,307
2025-12-01 04:20:00,2.3076499999999998,2.3083,2.3070399999999998,2.30799,367
2025-12-01 04:25:00,2.308,2.30836,2.30741,2.30777,321
2025-12-01 04:30:00,2.30778,2.30807,2.30689,2.30717,377
2025-12-01 04:35:00,2.30714,2.30725,2.30608,2.30661,343
2025-12-01 04:40:00,2.3066,2.30715,2.30599,2.30654,314
2025-12-01 04:45:00,2.30656,2.30805,2.30648,2.30798,325
2025-12-01 04:50:00,2.30794,2.30841,2.3076,2.30829,303
2025-12-01 04:55:00,2.30832,2.30843,2.30756,2.30768,353
2025-12-01 05:00:00,2.30771,2.30881,2.3076,2.30879,298
2025-12-01 05:05:00,2.30875,2.30895,2.30792,2.30885,278
2025-12-01 05:10:00,2.30886,2.30941,2.30843,2.30845,252
2025-12-01 05:15:00,2.3085,2.30878,2.30792,2.3081300000000002,247
2025-12-01 05:20:00,2.30799,2.30844,2.30776,2.30814,188
2025-12-01 05:25:00,2.30815,2.30835,2.30759,2.30799,245
2025-12-01 05:30:00,2.308,2.30835,2.30756,2.30792,224
2025-12-01 05:35:00,2.30793,2.30808,2.30751,2.30771,208
2025-12-01 05:40:00,2.3077199999999998,2.3080600000000002,2.30753,2.30756,223
2025-12-01 05:45:00,2.30757,2.308,2.3071,2.30751,269
2025-12-01 05:50:00,2.30751,2.30781,2.30685,2.30724,246
2025-12-01 05:55:00,2.30721,2.30729,2.30604,2.3061,309
2025-12-01 06:00:00,2.30612,2.30705,2.30609,2.30682,289
2025-12-01 06:05:00,2.30681,2.30732,2.30666,2.30725,212
2025-12-01 06:10:00,2.30723,2.30792,2.30705,2.30757,196
2025-12-01 06:15:00,2.30759,2.30785,2.30689,2.3071,233
2025-12-01 06:20:00,2.30708,2.30753,2.30674,2.30725,242
2025-12-01 06:25:00,2.30744,2.30744,2.30675,2.30698,232
2025-12-01 06:30:00,2.30696,2.3075,2.30672,2.30701,229
2025-12-01 06:35:00,2.30701,2.30701,2.30606,2.30649,215
2025-12-01 06:40:00,2.30648,2.30714,2.30626,2.30705,225
2025-12-01 06:45:00,2.30703,2.30732,2.30654,2.30679,308
2025-12-01 06:50:00,2.30678,2.30728,2.30651,2.30651,183
2025-12-01 06:55:00,2.30653,2.3076499999999998,2.30653,2.3076499999999998,263
2025-12-01 07:00:00,2.30766,2.30859,2.30728,2.30854,330
2025-12-01 07:05:00,2.30857,2.3088699999999998,2.30801,2.30869,228
2025-12-01 07:10:00,2.3087,2.30882,2.30781,2.30835,247
2025-12-01 07:15:00,2.30835,2.30886,2.3082599999999998,2.30864,244
2025-12-01 07:20:00,2.30865,2.30927,2.30845,2.30909,289
2025-12-01 07:25:00,2.30909,2.30956,2.30895,2.30945,267
2025-12-01 07:30:00,2.30941,2.30941,2.30868,2.30892,324
2025-12-01 07:35:00,2.3089399999999998,2.30958,2.30867,2.30945,340
2025-12-01 07:40:00,2.30942,2.3095,2.30886,2.30902,250
2025-12-01 07:45:00,2.30901,2.30941,2.30875,2.30884,301
2025-12-01 07:50:00,2.30886,2.30901,2.30841,2.30858,308
2025-12-01 07:55:00,2.30861,2.30896,2.30701,2.30731,321
2025-12-01 08:00:00,2.30729,2.30784,2.30679,2.30706,279
2025-12-01 08:05:00,2.30708,2.30801,2.30685,2.30747,368
2025-12-01 08:10:00,2.30748,2.30789,2.3071,2.3075,281
2025-12-01 08:15:00,2.3073,2.30783,2.30673,2.30727,254
2025-12-01 08:20:00,2.30729,2.30748,2.30628,2.30641,233
2025-12-01 08:25:00,2.30679,2.30686,2.30565,2.30634,270
2025-12-01 08:30:00,2.3064,2.30686,2.30601,2.30625,356
2025-12-01 08:35:00,2.30624,2.30661,2.30565,2.30639,290
2025-12-01 08:40:00,2.30639,2.30668,2.30587,2.30641,271
2025-12-01 08:45:00,2.30638,2.30673,2.30586,2.30671,279
2025-12-01 08:50:00,2.30651,2.30665,2.30566,2.30633,268
2025-12-01 08:55:00,2.30637,2.3064999999999998,2.30584,2.30605,243
2025-12-01 09:00:00,2.30602,2.30663,2.30567,2.30649,391
2025-12-01 09:05:00,2.30646,2.3070399999999998,2.30612,2.30646,260
2025-12-01 09:10:00,2.30648,2.30785,2.30632,2.30778,296
2025-12-01 09:15:00,2.3078,2.30799,2.30702,2.30733,333
2025-12-01 09:20:00,2.30737,2.30781,2.30615,2.30615,354
2025-12-01 09:25:00,2.3061,2.30724,2.30586,2.30676,320
2025-12-01 09:30:00,2.30678,2.30748,2.30617,2.30703,389
2025-12-01 09:35:00,2.30702,2.30702,2.30585,2.30611,337
2025-12-01 09:40:00,2.3061,2.3066,2.30576,2.3058,360
2025-12-01 09:45:00,2.30578,2.30652,2.30499,2.30515,440
2025-12-01 09:50:00,2.30515,2.30563,2.3040599999999998,2.30458,515
2025-12-01 09:55:00,2.30461,2.30496,2.30401,2.30426,486
2025-12-01 10:00:00,2.30424,2.30498,2.3034499999999998,2.30469,534
2025-12-01 10:05:00,2.3047,2.3054,2.3033799999999998,2.30373,518
2025-12-01 10:10:00,2.30376,2.30515,2.3035,2.30487,424
2025-12-01 10:15:00,2.30477,2.30542,2.30449,2.30451,473
2025-12-01 10:20:00,2.30452,2.30541,2.3044700000000002,2.30463,464
2025-12-01 10:25:00,2.30462,2.3054,2.30368,2.30398,419
2025-12-01 10:30:00,2.3039899999999998,2.30444,2.30292,2.30371,475
2025-12-01 10:35:00,2.30373,2.30444,2.30335,2.30423,474
2025-12-01 10:40:00,2.30424,2.30505,2.30365,2.30389,475
2025-12-01 10:45:00,2.30344,2.305,2.30342,2.3048,516
2025-12-01 10:50:00,2.30477,2.3050800000000002,2.3038600000000002,2.30425,508
2025-12-01 10:55:00,2.30424,2.30436,2.30321,2.30374,420
2025-12-01 11:00:00,2.30378,2.30485,2.3037,2.30422,493
2025-12-01 11:05:00,2.30421,2.30532,2.30415,2.30466,492
2025-12-01 11:10:00,2.3046699999999998,2.30554,2.30423,2.30503,403
2025-12-01 11:15:00,2.3050100000000002,2.30578,2.30454,2.30561,424
2025-12-01 11:20:00,2.30559,2.30628,2.3052,2.30587,368
2025-12-01 11:25:00,2.30586,2.30642,2.30499,2.30503,335
2025-12-01 11:30:00,2.30505,2.30599,2.30482,2.30578,367
2025-12-01 11:35:00,2.30534,2.30583,2.30485,2.30538,430
2025-12-01 11:40:00,2.30535,2.30577,2.30489,2.30539,444
2025-12-01 11:45:00,2.30541,2.30584,2.30502,2.30542,439
2025-12-01 11:50:00,2.30541,2.30624,2.3050100000000002,2.30548,426
2025-12-01 11:55:00,2.30509,2.30638,2.30496,2.30608,421
2025-12-01 12:00:00,2.306,2.30632,2.30538,2.30538,384
2025-12-01 12:05:00,2.30537,2.30615,2.30503,2.30593,392
2025-12-01 12:10:00,2.30584,2.30675,2.30538,2.30602,354
2025-12-01 12:15:00,2.30603,2.30625,2.30534,2.30594,376
2025-12-01 12:20:00,2.30593,2.30613,2.30513,2.30568,380
2025-12-01 12:25:00,2.3057,2.30653,2.3056,2.30575,386
2025-12-01 12:30:00,2.30577,2.30688,2.30577,2.30621,364
2025-12-01 12:35:00,2.30622,2.30743,2.30614,2.30726,322
2025-12-01 12:40:00,2.30728,2.30757,2.30653,2.30734,370
2025-12-01 12:45:00,2.30735,2.30807,2.30671,2.30807,359
2025-12-01 12:50:00,2.30808,2.30846,2.30744,2.30785,382
2025-12-01 12:55:00,2.30767,2.30847,2.30708,2.30763,402
2025-12-01 13:00:00,2.30724,2.30744,2.30609,2.30657,413
2025-12-01 13:05:00,2.3066,2.30721,2.30628,2.30712,374
2025-12-01 13:10:00,2.30713,2.3075,2.30637,2.30669,364
2025-12-01 13:15:00,2.30667,2.3074500000000002,2.30617,2.30715,364
2025-12-01 13:20:00,2.30717,2.30749,2.30657,2.30709,341
2025-12-01 13:25:00,2.30708,2.30714,2.30608,2.30634,416
2025-12-01 13:30:00,2.30633,2.30712,2.30594,2.30688,372
2025-12-01 13:35:00,2.30686,2.3074500000000002,2.30647,2.30677,308
2025-12-01 13:40:00,2.30717,2.3074500000000002,2.3066,2.30713,331
2025-12-01 13:45:00,2.3071099999999998,2.30742,2.30658,2.30742,362
2025-12-01 13:50:00,2.30741,2.30767,2.30649,2.30662,351
2025-12-01 13:55:00,2.30661,2.3070399999999998,2.30611,2.30637,438
2025-12-01 14:00:00,2.30636,2.3077,2.30624,2.30763,431
2025-12-01 14:05:00,2.30748,2.308,2.30713,2.30773,361
2025-12-01 14:10:00,2.30774,2.30885,2.30774,2.30834,400
2025-12-01 14:15:00,2.30832,2.3094799999999998,2.30823,2.30845,420
2025-12-01 14:20:00,2.30847,2.30919,2.30812,2.30812,402
2025-12-01 14:25:00,2.30814,2.30909,2.30803,2.30878,418
2025-12-01 14:30:00,2.30875,2.30942,2.30823,2.30866,417
2025-12-01 14:35:00,2.30865,2.30954,2.30865,2.30898,436
2025-12-01 14:40:00,2.30889,2.3096,2.3088,2.30889,387
2025-12-01 14:45:00,2.30886,2.30922,2.3080600000000002,2.30816,431
2025-12-01 14:50:00,2.30812,2.30937,2.30785,2.30873,462
2025-12-01 14:55:00,2.30875,2.30936,2.30757,2.30797,544
2025-12-01 15:00:00,2.30757,2.30865,2.3074,2.30796,484
2025-12-01 15:05:00,2.30794,2.30864,2.3071099999999998,2.30734,553
2025-12-01 15:10:00,2.30738,2.30825,2.30671,2.30823,504
2025-12-01 15:15:00,2.30822,2.30895,2.30757,2.3088,472
2025-12-01 15:20:00,2.30876,2.30914,2.3082,2.30822,477
2025-12-01 15:25:00,2.30822,2.30877,2.30787,2.30817,426
2025-12-01 15:30:00,2.30815,2.30927,2.30803,2.30865,511
2025-12-01 15:35:00,2.30868,2.30916,2.30807,2.30872,448
2025-12-01 15:40:00,2.30868,2.30943,2.30845,2.30876,442
2025-12-01 15:45:00,2.30875,2.30974,2.30858,2.30937,432
2025-12-01 15:50:00,2.30936,2.30981,2.30877,2.30942,473
2025-12-01 15:55:00,2.30945,2.30971,2.3087,2.30895,433
2025-12-01 16:00:00,2.3089399999999998,2.30924,2.30788,2.30845,502
2025-12-01 16:05:00,2.30842,2.30882,2.30777,2.30868,508
2025-12-01 16:10:00,2.30873,2.30952,2.30818,2.30944,422
2025-12-01 16:15:00,2.30949,2.30961,2.30865,2.30929,472
2025-12-01 16:20:00,2.30928,2.31023,2.30921,2.30921,437
2025-12-01 16:25:00,2.30925,2.31001,2.30907,2.30951,409
2025-12-01 16:30:00,2.30932,2.31,2.3082,2.30846,604
2025-12-01 16:35:00,2.30848,2.30876,2.30764,2.30844,543
2025-12-01 16:40:00,2.30882,2.30994,2.30834,2.30924,463
2025-12-01 16:45:00,2.3091,2.30972,2.30851,2.30909,552
2025-12-01 16:50:00,2.30907,2.30971,2.3083299999999998,2.30852,547
2025-12-01 16:55:00,2.30845,2.30884,2.30757,2.30761,515
2025-12-01 17:00:00,2.30798,2.30856,2.30634,2.30756,587
2025-12-01 17:05:00,2.3076,2.30871,2.30754,2.30816,550
2025-12-01 17:10:00,2.30815,2.30876,2.30708,2.30762,545
2025-12-01 17:15:00,2.3076,2.30794,2.30588,2.30648,497
2025-12-01 17:20:00,2.30645,2.308,2.30629,2.30734,483
2025-12-01 17:25:00,2.30735,2.30781,2.3062,2.3074,485
2025-12-01 17:30:00,2.30738,2.30839,2.30676,2.30839,589
2025-12-01 17:35:00,2.30837,2.30879,2.30703,2.30781,580
2025-12-01 17:40:00,2.30779,2.30799,2.30624,2.30785,547
2025-12-01 17:45:00,2.30785,2.30787,2.30669,2.30716,539
2025-12-01 17:50:00,2.3072,2.3077199999999998,2.30561,2.30653,537
2025-12-01 17:55:00,2.30655,2.30857,2.30641,2.30802,582
2025-12-01 18:00:00,2.30808,2.30839,2.30662,2.30662,501
2025-12-01 18:05:00,2.30664,2.30739,2.30626,2.30718,495
2025-12-01 18:10:00,2.30717,2.30803,2.3066,2.30792,492
2025-12-01 18:15:00,2.30791,2.30801,2.30629,2.30631,488
2025-12-01 18:20:00,2.30633,2.30686,2.30564,2.30565,398
2025-12-01 18:25:00,2.30564,2.30616,2.3050100000000002,2.3053,448
2025-12-01 18:30:00,2.3052799999999998,2.30646,2.3048,2.30607,448
2025-12-01 18:35:00,2.30606,2.30698,2.30575,2.3063000000000002,404
2025-12-01 18:40:00,2.30628,2.30646,2.30557,2.30637,427
2025-12-01 18:45:00,2.30637,2.30661,2.30547,2.30613,431
2025-12-01 18:50:00,2.30611,2.3066,2.30568,2.30652,361
2025-12-01 18:55:00,2.30654,2.30657,2.30568,2.30584,462
2025-12-01 19:00:00,2.30581,2.30683,2.30564,2.30567,363
2025-12-01 19:05:00,2.3057,2.30667,2.3056,2.30654,350
2025-12-01 19:10:00,2.30654,2.30658,2.30559,2.30567,354
2025-12-01 19:15:00,2.30565,2.3062300000000002,2.30537,2.30603,383
2025-12-01 19:20:00,2.30599,2.30599,2.30529,2.30539,306
2025-12-01 19:25:00,2.30541,2.30571,2.30493,2.30547,341
2025-12-01 19:30:00,2.30546,2.30553,2.30479,2.30519,369
2025-12-01 19:35:00,2.3052,2.3052799999999998,2.30455,2.30464,287
2025-12-01 19:40:00,2.30465,2.30537,2.30449,2.30451,290
2025-12-01 19:45:00,2.3045,2.30513,2.30428,2.30487,309
2025-12-01 19:50:00,2.30489,2.30537,2.30456,2.30487,365
2025-12-01 19:55:00,2.30486,2.30526,2.3043,2.30493,267
2025-12-01 20:00:00,2.30487,2.30551,2.30461,2.30525,368
2025-12-01 20:05:00,2.30524,2.30556,2.30477,2.3052799999999998,272
2025-12-01 20:10:00,2.3053,2.30558,2.30472,2.3048,211
2025-12-01 20:15:00,2.30482,2.30519,2.30455,2.3050800000000002,245
2025-12-01 20:20:00,2.30487,2.30524,2.30432,2.30455,399
2025-12-01 20:25:00,2.3045,2.30554,2.3045,2.30509,315
2025-12-01 20:30:00,2.30507,2.30596,2.30506,2.30554,292
2025-12-01 20:35:00,2.30574,2.30619,2.3052799999999998,2.30596,254
2025-12-01 20:40:00,2.30604,2.30604,2.30509,2.30517,200
2025-12-01 20:45:00,2.30557,2.30619,2.30515,2.30608,330
2025-12-01 20:50:00,2.3061,2.30612,2.30558,2.30583,270
2025-12-01 20:55:00,2.30563,2.30607,2.30549,2.30561,294
2025-12-01 21:00:00,2.30559,2.30607,2.3052,2.30578,315
2025-12-01 21:05:00,2.3058,2.30606,2.3052099999999998,2.30568,272
2025-12-01 21:10:00,2.30566,2.30607,2.30542,2.30571,301
2025-12-01 21:15:00,2.30571,2.30612,2.3053,2.30574,296
2025-12-01 21:20:00,2.30577,2.30663,2.30547,2.30658,272
2025-12-01 21:25:00,2.30638,2.3071099999999998,2.30617,2.30652,295
2025-12-01 21:30:00,2.30651,2.30733,2.30634,2.30662,285
2025-12-01 21:35:00,2.30661,2.30727,2.3062300000000002,2.30675,315
2025-12-01 21:40:00,2.30677,2.3076499999999998,2.3064999999999998,2.30725,276
2025-12-01 21:45:00,2.30724,2.30743,2.30655,2.307,273
2025-12-01 21:50:00,2.30701,2.30749,2.30612,2.30653,287
2025-12-01 21:55:00,2.30652,2.30712,2.30608,2.3070399999999998,351
2025-12-01 22:00:00,2.30705,2.30738,2.30661,2.30702,256
2025-12-01 22:05:00,2.30701,2.3075,2.30674,2.30728,208
2025-12-01 22:10:00,2.30729,2.30754,2.30695,2.30726,185
2025-12-01 22:15:00,2.30722,2.30734,2.30694,2.30729,226
2025-12-01 22:20:00,2.30727,2.30755,2.30708,2.3075,191
2025-12-01 22:25:00,2.30749,2.30775,2.30699,2.30726,188
2025-12-01 22:30:00,2.30725,2.3074500000000002,2.30696,2.30732,172
2025-12-01 22:35:00,2.30733,2.30741,2.30668,2.3071099999999998,209
2025-12-01 22:40:00,2.3071099999999998,2.30732,2.30686,2.3070399999999998,204
2025-12-01 22:45:00,2.30703,2.30724,2.30688,2.30698,203
2025-12-01 22:50:00,2.30696,2.30739,2.30671,2.30725,221
2025-12-01 22:55:00,2.30723,2.30744,2.30667,2.30667,255
2025-12-01 23:00:00,2.3059,2.30625,2.30574,2.30601,196
2025-12-01 23:05:00,2.30604,2.30616,2.30577,2.30587,145
2025-12-01 23:10:00,2.30586,2.30617,2.30561,2.30581,103
2025-12-01 23:15:00,2.3058,2.30608,2.30555,2.30592,113
2025-12-01 23:20:00,2.30594,2.30648,2.30575,2.30641,179
2025-12-01 23:25:00,2.30649,2.30677,2.3064,2.30654,421
2025-12-01 23:30:00,2.30656,2.30676,2.30621,2.30621,372
2025-12-01 23:35:00,2.30622,2.30631,2.30581,2.30602,147
2025-12-01 23:40:00,2.30603,2.30603,2.30555,2.30573,100
2025-12-01 23:45:00,2.30574,2.30584,2.30556,2.3056900000000002,190
2025-12-01 23:50:00,2.30571,2.30599,2.30555,2.30574,267
2025-12-01 23:55:00,2.3062300000000002,2.30628,2.303,2.30311,95
2025-12-02 00:00:00,2.3056,2.30751,2.3056,2.30751,12
2025-12-02 00:05:00,2.30718,2.30751,2.30519,2.30571,35
2025-12-02 00:10:00,2.30571,2.30571,2.30429,2.30432,31
2025-12-02 00:15:00,2.30611,2.30695,2.30597,2.30619,74
2025-12-02 00:20:00,2.30618,2.30694,2.30597,2.30626,92
2025-12-02 00:25:00,2.3062300000000002,2.30645,2.30595,2.306,100
2025-12-02 00:30:00,2.30599,2.30642,2.30587,2.30619,66
2025-12-02 00:35:00,2.30619,2.30631,2.30605,2.30616,96
2025-12-02 00:40:00,2.30615,2.30633,2.30599,2.30619,154
2025-12-02 00:45:00,2.30617,2.3064299999999998,2.30586,2.30611,144
2025-12-02 00:50:00,2.30612,2.30666,2.30596,2.30632,86
2025-12-02 00:55:00,2.30629,2.30647,2.30575,2.3058199999999998,255
2025-12-02 01:00:00,2.30652,2.30683,2.30599,2.30616,161
2025-12-02 01:05:00,2.30636,2.30637,2.3059,2.30616,68
2025-12-02 01:10:00,2.30619,2.30661,2.30609,2.30661,86
2025-12-02 01:15:00,2.30621,2.30662,2.3061,2.30626,104
2025-12-02 01:20:00,2.30628,2.30647,2.30583,2.30619,136
2025-12-02 01:25:00,2.30616,2.30698,2.30616,2.30642,95
2025-12-02 01:30:00,2.3064,2.30672,2.3062,2.3064999999999998,59
2025-12-02 01:35:00,2.30652,2.30671,2.30627,2.3064999999999998,120
2025-12-02 01:40:00,2.30651,2.30669,2.30622,2.30648,141
2025-12-02 01:45:00,2.30648,2.30648,2.30598,2.30631,138
2025-12-02 01:50:00,2.30628,2.30664,2.30628,2.30657,106
2025-12-02 01:55:00,2.30657,2.30708,2.30644,2.3068400000000002,128
2025-12-02 02:00:00,2.30685,2.30712,2.30638,2.30707,192
2025-12-02 02:05:00,2.30707,2.30724,2.30653,2.30701,139
2025-12-02 02:10:00,2.30702,2.3070399999999998,2.30658,2.30662,139
2025-12-02 02:15:00,2.30664,2.30734,2.30662,2.30697,111
2025-12-02 02:20:00,2.30717,2.30771,2.307,2.30723,165
2025-12-02 02:25:00,2.30703,2.3075,2.30677,2.30723,127
2025-12-02 02:30:00,2.3071099999999998,2.30805,2.3071099999999998,2.30746,251
2025-12-02 02:35:00,2.30766,2.30766,2.30674,2.30697,192
2025-12-02 02:40:00,2.30698,2.30742,2.30675,2.30678,139
2025-12-02 02:45:00,2.30682,2.30775,2.30681,2.30773,158
2025-12-02 02:50:00,2.3077199999999998,2.30838,2.30749,2.30771,285
2025-12-02 02:55:00,2.30764,2.30787,2.30708,2.30714,258
2025-12-02 03:00:00,2.30706,2.30764,2.3068400000000002,2.30731,339
2025-12-02 03:05:00,2.30733,2.30881,2.30733,2.30863,283
2025-12-02 03:10:00,2.30864,2.30893,2.308,2.30812,272
2025-12-02 03:15:00,2.30811,2.30842,2.30718,2.30764,289
2025-12-02 03:20:00,2.3076499999999998,2.30767,2.30682,2.30724,260
2025-12-02 03:25:00,2.30728,2.30777,2.30699,2.30733,220
2025-12-02 03:30:00,2.30733,2.3083299999999998,2.30705,2.30753,249
2025-12-02 03:35:00,2.30751,2.30814,2.30718,2.30808,259
2025-12-02 03:40:00,2.30808,2.3083299999999998,2.30748,2.30774,268
2025-12-02 03:45:00,2.30771,2.30811,2.30733,2.30807,220
2025-12-02 03:50:00,2.30802,2.30803,2.30723,2.30724,189
2025-12-02 03:55:00,2.30726,2.30781,2.3067,2.30694,203
2025-12-02 04:00:00,2.30693,2.30785,2.30693,2.30724,226
2025-12-02 04:05:00,2.30726,2.30726,2.30638,2.30682,190
2025-12-02 04:10:00,2.3068400000000002,2.30699,2.30627,2.30631,177
2025-12-02 04:15:00,2.30638,2.30689,2.30611,2.30687,163
2025-12-02 04:20:00,2.30707,2.30787,2.30687,2.3078,205
2025-12-02 04:25:00,2.30781,2.30809,2.30744,2.30807,171
2025-12-02 04:30:00,2.3080600000000002,2.30861,2.30773,2.30818,167
2025-12-02 04:35:00,2.3082,2.30857,2.30779,2.30856,187
2025-12-02 04:40:00,2.30858,2.30858,2.30749,2.3077,166
2025-12-02 04:45:00,2.30771,2.30808,2.30727,2.30751,179
2025-12-02 04:50:00,2.3075200000000002,2.30812,2.30722,2.30749,223
2025-12-02 04:55:00,2.3074500000000002,2.30776,2.30712,2.30757,211
2025-12-02 05:00:00,2.30756,2.3078,2.30681,2.30698,268
2025-12-02 05:05:00,2.30695,2.30759,2.30694,2.30718,231
2025-12-02 05:10:00,2.30716,2.3078,2.30693,2.30761,165
2025-12-02 05:15:00,2.30759,2.30843,2.30757,2.30798,214
2025-12-02 05:20:00,2.30799,2.30861,2.30792,2.30811,200
2025-12-02 05:25:00,2.3081,2.30881,2.3079,2.30856,289
2025-12-02 05:30:00,2.30854,2.3092,2.30838,2.30916,243
2025-12-02 05:35:00,2.30916,2.3093500000000002,2.30815,2.30856,202
2025-12-02 05:40:00,2.30855,2.30868,2.30803,2.30809,179
2025-12-02 05:45:00,2.30814,2.30863,2.3077199999999998,2.30855,206
2025-12-02 05:50:00,2.30853,2.30854,2.30815,2.30843,178
2025-12-02 05:55:00,2.30824,2.30834,2.30769,2.3078,161
2025-12-02 06:00:00,2.30781,2.30839,2.30763,2.30794,236
2025-12-02 06:05:00,2.30796,2.30842,2.30778,2.3081,168
2025-12-02 06:10:00,2.30811,2.30873,2.30781,2.30829,161
2025-12-02 06:15:00,2.3083,2.30866,2.30801,2.30837,188
2025-12-02 06:20:00,2.30836,2.30836,2.30737,2.30774,218
2025-12-02 06:25:00,2.30775,2.30827,2.3077199999999998,2.30808,156
2025-12-02 06:30:00,2.30809,2.3089,2.30808,2.30875,170
2025-12-02 06:35:00,2.30875,2.30886,2.30803,2.30803,150
2025-12-02 06:40:00,2.30801,2.3081,2.30756,2.30758,156
2025-12-02 06:45:00,2.30778,2.30816,2.30742,2.30799,148
2025-12-02 06:50:00,2.308,2.30837,2.30768,2.30831,142
2025-12-02 06:55:00,2.30829,2.30862,2.30815,2.30832,205
2025-12-02 07:00:00,2.30836,2.30865,2.30751,2.30758,210
2025-12-02 07:05:00,2.3076,2.30843,2.30757,2.30801,208
2025-12-02 07:10:00,2.30799,2.30799,2.30686,2.3071099999999998,210
2025-12-02 07:15:00,2.30731,2.30731,2.30642,2.30678,198
2025-12-02 07:20:00,2.3068,2.30713,2.30654,2.30688,135
2025-12-02 07:25:00,2.30689,2.30726,2.30668,2.30719,133
2025-12-02 07:30:00,2.30722,2.30793,2.30694,2.30734,214
2025-12-02 07:35:00,2.30735,2.30759,2.30687,2.30723,169
2025-12-02 07:40:00,2.30728,2.3075200000000002,2.3069100000000002,2.30713,156
2025-12-02 07:45:00,2.3071099999999998,2.30749,2.30685,2.30736,155
2025-12-02 07:50:00,2.30716,2.30717,2.30645,2.30666,191
2025-12-02 07:55:00,2.30665,2.30689,2.3062300000000002,2.30673,182
2025-12-02 08:00:00,2.30672,2.30733,2.30628,2.30683,201
2025-12-02 08:05:00,2.30682,2.30743,2.30637,2.30658,220
2025-12-02 08:10:00,2.30657,2.30685,2.30604,2.3066,186
2025-12-02 08:15:00,2.30661,2.30733,2.30628,2.30648,216
2025-12-02 08:20:00,2.30646,2.30727,2.3062,2.30702,256
2025-12-02 08:25:00,2.307,2.30723,2.30646,2.30668,293
2025-12-02 08:30:00,2.30674,2.30702,2.3062300000000002,2.30651,237
2025-12-02 08:35:00,2.30652,2.30719,2.30632,2.3069100000000002,234
2025-12-02 08:40:00,2.30692,2.30784,2.30689,2.30718,230
2025-12-02 08:45:00,2.30717,2.3076499999999998,2.30666,2.30757,340
2025-12-02 08:50:00,2.30756,2.30756,2.3068,2.30697,225
2025-12-02 08:55:00,2.30697,2.30725,2.3062,2.3064299999999998,296
2025-12-02 09:00:00,2.30622,2.3073,2.30614,2.30708,411
2025-12-02 09:05:00,2.30706,2.30731,2.30639,2.30693,305
2025-12-02 09:10:00,2.30694,2.30728,2.30661,2.30728,286
2025-12-02 09:15:00,2.30689,2.30794,2.30685,2.30734,269
2025-12-02 09:20:00,2.30736,2.30763,2.30629,2.30651,323
2025-12-02 09:25:00,2.3064999999999998,2.30707,2.30586,2.30587,255
2025-12-02 09:30:00,2.3059,2.30621,2.30527,2.30613,266
2025-12-02 09:35:00,2.30613,2.30634,2.30478,2.30555,337
2025-12-02 09:40:00,2.30557,2.30603,2.30496,2.3056,340
2025-12-02 09:45:00,2.30561,2.30571,2.30482,2.30513,301
2025-12-02 09:50:00,2.30515,2.30598,2.30482,2.30598,297
2025-12-02 09:55:00,2.30599,2.30681,2.30591,2.30619,352
2025-12-02 10:00:00,2.3062,2.30653,2.3045999999999998,2.30518,435
2025-12-02 10:05:00,2.30519,2.30552,2.30457,2.30515,390
2025-12-02 10:10:00,2.30512,2.30553,2.30473,2.30489,320
2025-12-02 10:15:00,2.30488,2.30594,2.30457,2.30529,382
2025-12-02 10:20:00,2.3053,2.30616,2.30488,2.30532,317
2025-12-02 10:25:00,2.30534,2.30651,2.30518,2.30594,349
2025-12-02 10:30:00,2.30596,2.30682,2.30596,2.3064999999999998,319
2025-12-02 10:35:00,2.30648,2.30852,2.30636,2.30829,344
2025-12-02 10:40:00,2.3083,2.30853,2.30761,2.3084,337
2025-12-02 10:45:00,2.30839,2.30854,2.30756,2.30824,335
2025-12-02 10:50:00,2.30824,2.30879,2.30809,2.30819,315
2025-12-02 10:55:00,2.30816,2.3085,2.30731,2.30736,413
2025-12-02 11:00:00,2.30734,2.30818,2.30727,2.30789,374
2025-12-02 11:05:00,2.30787,2.30854,2.30753,2.30809,310
2025-12-02 11:10:00,2.3081,2.30913,2.30803,2.30876,306
2025-12-02 11:15:00,2.30879,2.30949,2.30838,2.30906,302
2025-12-02 11:20:00,2.30902,2.31027,2.30869,2.31015,277
2025-12-02 11:25:00,2.31014,2.3106,2.30962,2.31007,309
2025-12-02 11:30:00,2.31049,2.31068,2.30974,2.31043,308
2025-12-02 11:35:00,2.31047,2.31129,2.31015,2.31048,294
2025-12-02 11:40:00,2.31048,2.3106400000000002,2.30979,2.31023,294
2025-12-02 11:45:00,2.31022,2.31035,2.30928,2.30995,394
2025-12-02 11:50:00,2.30998,2.3113099999999998,2.30937,2.311,404
2025-12-02 11:55:00,2.31099,2.31115,2.30983,2.31013,345
2025-12-02 12:00:00,2.3100899999999998,2.31053,2.3081300000000002,2.30915,384
2025-12-02 12:05:00,2.30917,2.30943,2.30779,2.30787,412
2025-12-02 12:10:00,2.30792,2.30869,2.30718,2.30814,437
2025-12-02 12:15:00,2.30815,2.30818,2.3066,2.30737,477
2025-12-02 12:20:00,2.30733,2.30785,2.30649,2.30785,455
2025-12-02 12:25:00,2.30783,2.30789,2.30699,2.30755,423
2025-12-02 12:30:00,2.30755,2.30841,2.30714,2.3082599999999998,383
2025-12-02 12:35:00,2.30789,2.3083299999999998,2.30736,2.30742,329
2025-12-02 12:40:00,2.3074,2.30804,2.307,2.30792,306
2025-12-02 12:45:00,2.3079,2.30871,2.3079,2.30828,333
2025-12-02 12:50:00,2.30828,2.30905,2.30791,2.30856,339
2025-12-02 12:55:00,2.30854,2.3095499999999998,2.30853,2.30924,388
2025-12-02 13:00:00,2.30922,2.30963,2.30869,2.30898,348
2025-12-02 13:05:00,2.30895,2.30932,2.30828,2.30878,341
2025-12-02 13:10:00,2.30877,2.30895,2.30758,2.30782,351
2025-12-02 13:15:00,2.30781,2.3082,2.30677,2.30808,321
2025-12-02 13:20:00,2.30809,2.3094799999999998,2.30808,2.30924,278
2025-12-02 13:25:00,2.30925,2.30949,2.30869,2.30942,338
2025-12-02 13:30:00,2.30943,2.30961,2.30795,2.30839,347
2025-12-02 13:35:00,2.30837,2.30861,2.3078,2.30859,275
2025-12-02 13:40:00,2.30858,2.3087,2.30792,2.30821,321
2025-12-02 13:45:00,2.30821,2.30928,2.30818,2.30875,291
2025-12-02 13:50:00,2.30873,2.30971,2.30873,2.30888,299
2025-12-02 13:55:00,2.30885,2.30971,2.30865,2.30916,347
2025-12-02 14:00:00,2.30875,2.3093,2.30834,2.30834,336
2025-12-02 14:05:00,2.30835,2.30866,2.30778,2.30851,310
2025-12-02 14:10:00,2.30851,2.30892,2.30807,2.30856,292
2025-12-02 14:15:00,2.30855,2.3092,2.30847,2.30873,323
2025-12-02 14:20:00,2.30872,2.30937,2.30868,2.30868,288
2025-12-02 14:25:00,2.30869,2.30923,2.30842,2.3086,355
2025-12-02 14:30:00,2.30856,2.30904,2.30787,2.30793,321
2025-12-02 14:35:00,2.30795,2.30872,2.3077,2.30832,339
2025-12-02 14:40:00,2.30793,2.30835,2.30747,2.30768,321
2025-12-02 14:45:00,2.30769,2.30823,2.30681,2.30718,344
2025-12-02 14:50:00,2.3074,2.30812,2.30693,2.30763,274
2025-12-02 14:55:00,2.3076499999999998,2.3081300000000002,2.30749,2.30749,344
2025-12-02 15:00:00,2.3075200000000002,2.30798,2.30672,2.30727,396
2025-12-02 15:05:00,2.30731,2.30758,2.30665,2.30706,369
2025-12-02 15:10:00,2.3071,2.3071,2.3061,2.30634,368
2025-12-02 15:15:00,2.30628,2.30688,2.30583,2.30625,334
2025-12-02 15:20:00,2.3062,2.30649,2.30577,2.30605,304
2025-12-02 15:25:00,2.30605,2.3064299999999998,2.30542,2.30597,318
2025-12-02 15:30:00,2.30596,2.30603,2.30506,2.30525,324
2025-12-02 15:35:00,2.30565,2.30602,2.30509,2.30567,323
2025-12-02 15:40:00,2.30566,2.30567,2.30454,2.30469,330
2025-12-02 15:45:00,2.3047,2.30525,2.30444,2.30497,305
2025-12-02 15:50:00,2.30477,2.3056900000000002,2.3044700000000002,2.30488,332
2025-12-02 15:55:00,2.30487,2.3052,2.30392,2.3044000000000002,370
2025-12-02 16:00:00,2.30438,2.3044000000000002,2.30271,2.30307,473
2025-12-02 16:05:00,2.30309,2.30367,2.30198,2.30226,474
2025-12-02 16:10:00,2.3023,2.30359,2.3022299999999998,2.30352,456
2025-12-02 16:15:00,2.30354,2.30368,2.30296,2.30308,390
2025-12-02 16:20:00,2.30305,2.30462,2.30295,2.30421,417
2025-12-02 16:25:00,2.30421,2.30484,2.3038,2.30405,415
2025-12-02 16:30:00,2.30441,2.30446,2.30331,2.30439,510
2025-12-02 16:35:00,2.30436,2.30446,2.3029,2.3034499999999998,448
2025-12-02 16:40:00,2.3034,2.30446,2.30308,2.30411,535
2025-12-02 16:45:00,2.30407,2.30476,2.30314,2.30401,532
2025-12-02 16:50:00,2.3039899999999998,2.30475,2.30353,2.30415,511
2025-12-02 16:55:00,2.30413,2.30439,2.30339,2.3038,543
2025-12-02 17:00:00,2.3038,2.30427,2.30314,2.30328,457
2025-12-02 17:05:00,2.30369,2.30372,2.30222,2.3024,517
2025-12-02 17:10:00,2.30238,2.30331,2.30169,2.30313,560
2025-12-02 17:15:00,2.30312,2.30342,2.30231,2.30287,488
2025-12-02 17:20:00,2.30308,2.30367,2.30245,2.30285,517
2025-12-02 17:25:00,2.3032500000000002,2.30326,2.30227,2.30308,534
2025-12-02 17:30:00,2.30268,2.30343,2.30176,2.30183,570
2025-12-02 17:35:00,2.30182,2.30291,2.3013,2.30168,559
2025-12-02 17:40:00,2.30159,2.30244,2.30136,2.302,522
2025-12-02 17:45:00,2.30238,2.30251,2.29942,2.29983,535
2025-12-02 17:50:00,2.29982,2.3004,2.2987,2.29964,593
2025-12-02 17:55:00,2.29962,2.30049,2.29912,2.29953,592
2025-12-02 18:00:00,2.29958,2.30087,2.29932,2.30036,518
2025-12-02 18:05:00,2.30029,2.30053,2.29942,2.29984,459
2025-12-02 18:10:00,2.29996,2.3015499999999998,2.2997199999999998,2.30115,445
2025-12-02 18:15:00,2.3012,2.30193,2.30097,2.30188,436
2025-12-02 18:20:00,2.30189,2.30247,2.30114,2.30202,466
2025-12-02 18:25:00,2.30242,2.30304,2.30178,2.30229,472
2025-12-02 18:30:00,2.30231,2.3027699999999998,2.30114,2.30151,460
2025-12-02 18:35:00,2.30154,2.30184,2.30092,2.30127,441
2025-12-02 18:40:00,2.30125,2.3020300000000002,2.3009,2.30198,331
2025-12-02 18:45:00,2.302,2.30237,2.30156,2.30229,405
2025-12-02 18:50:00,2.30227,2.30314,2.30208,2.30273,363
2025-12-02 18:55:00,2.30274,2.30333,2.30224,2.30238,557
2025-12-02 19:00:00,2.30237,2.30269,2.30152,2.30263,471
2025-12-02 19:05:00,2.3026400000000002,2.30317,2.3022,2.30288,354
2025-12-02 19:10:00,2.30287,2.30295,2.30219,2.30286,386
2025-12-02 19:15:00,2.3028,2.3028,2.30185,2.30241,371
2025-12-02 19:20:00,2.30239,2.30321,2.30192,2.30308,353
2025-12-02 19:25:00,2.30307,2.30322,2.30227,2.30227,321
2025-12-02 19:30:00,2.30228,2.3026400000000002,2.3012,2.3018,359
2025-12-02 19:35:00,2.30179,2.30211,2.30122,2.30178,307
2025-12-02 19:40:00,2.30178,2.30217,2.30134,2.30136,254
2025-12-02 19:45:00,2.3013500000000002,2.30186,2.30113,2.30138,279
2025-12-02 19:50:00,2.3014,2.3025,2.30139,2.30219,261
2025-12-02 19:55:00,2.30199,2.3037,2.30187,2.30343,237
2025-12-02 20:00:00,2.30363,2.30403,2.30293,2.30382,318
2025-12-02 20:05:00,2.30382,2.30397,2.30313,2.30348,322
2025-12-02 20:10:00,2.30349,2.30412,2.3033799999999998,2.3037900000000002,205
2025-12-02 20:15:00,2.3038,2.30409,2.30319,2.30324,257
2025-12-02 20:20:00,2.30324,2.30384,2.30281,2.30343,201
2025-12-02 20:25:00,2.30344,2.30388,2.30328,2.30352,239
2025-12-02 20:30:00,2.30351,2.3039,2.30327,2.30382,253
2025-12-02 20:35:00,2.30384,2.3042,2.3033799999999998,2.30405,250
2025-12-02 20:40:00,2.30407,2.30427,2.30354,2.30388,244
2025-12-02 20:45:00,2.30392,2.304,2.3031,2.3037,263
2025-12-02 20:50:00,2.30371,2.30453,2.30324,2.30405,264
2025-12-02 20:55:00,2.30405,2.30486,2.30355,2.30388,318
2025-12-02 21:00:00,2.3038600000000002,2.30429,2.30336,2.30364,314
2025-12-02 21:05:00,2.30362,2.30391,2.30298,2.30339,263
2025-12-02 21:10:00,2.30299,2.3035,2.30275,2.3032500000000002,298
2025-12-02 21:15:00,2.3031800000000002,2.30348,2.30271,2.30313,228
2025-12-02 21:20:00,2.30315,2.30348,2.30273,2.30326,228
2025-12-02 21:25:00,2.30324,2.30353,2.30297,2.30301,271
2025-12-02 21:30:00,2.30301,2.30368,2.30275,2.30356,176
2025-12-02 21:35:00,2.30355,2.30381,2.30312,2.30341,193
2025-12-02 21:40:00,2.30343,2.30416,2.3031800000000002,2.30405,249
2025-12-02 21:45:00,2.30403,2.30423,2.30354,2.30375,237
2025-12-02 21:50:00,2.30373,2.30393,2.30322,2.30392,181
2025-12-02 21:55:00,2.30394,2.30397,2.30289,2.3034499999999998,414
2025-12-02 22:00:00,2.30341,2.3037900000000002,2.30274,2.30279,345
2025-12-02 22:05:00,2.30278,2.30341,2.30231,2.30259,300
2025-12-02 22:10:00,2.30259,2.3033799999999998,2.30254,2.30305,218
2025-12-02 22:15:00,2.30301,2.30331,2.30271,2.3033,185
2025-12-02 22:20:00,2.3031,2.30361,2.3027699999999998,2.30305,219
2025-12-02 22:25:00,2.30303,2.30347,2.30283,2.30326,169
2025-12-02 22:30:00,2.3032500000000002,2.30331,2.30267,2.30322,248
2025-12-02 22:35:00,2.3032,2.30346,2.30298,2.3033799999999998,166
2025-12-02 22:40:00,2.30339,2.30355,2.30286,2.30321,199
2025-12-02 22:45:00,2.30316,2.30347,2.3027,2.30309,182
2025-12-02 22:50:00,2.30306,2.30377,2.30306,2.30372,229
2025-12-02 22:55:00,2.30371,2.30371,2.30286,2.30339,285
2025-12-02 23:00:00,2.30263,2.30288,2.30209,2.30232,146
2025-12-02 23:05:00,2.30232,2.30266,2.30207,2.30218,174
2025-12-02 23:10:00,2.30217,2.30262,2.30198,2.30245,148
2025-12-02 23:15:00,2.30245,2.30308,2.30245,2.3025700000000002,78
2025-12-02 23:20:00,2.30254,2.30256,2.30195,2.30209,145
2025-12-02 23:25:00,2.30211,2.30212,2.30178,2.302,136
2025-12-02 23:30:00,2.302,2.30252,2.30179,2.30235,149
2025-12-02 23:35:00,2.30233,2.30295,2.30233,2.30278,119
2025-12-02 23:40:00,2.3028,2.30304,2.30221,2.30265,180
2025-12-02 23:45:00,2.30263,2.30268,2.30233,2.30235,185
2025-12-02 23:50:00,2.3023,2.30258,2.3017,2.30256,236
2025-12-02 23:55:00,2.30274,2.30274,2.29949,2.29955,233
2025-12-03 00:00:00,2.30161,2.30261,2.30121,2.30121,10
2025-12-03 00:05:00,2.30121,2.30141,2.29924,2.29981,62
2025-12-03 00:10:00,2.29981,2.30026,2.29934,2.29943,23
2025-12-03 00:15:00,2.30078,2.30145,2.30026,2.30103,137
2025-12-03 00:20:00,2.30104,2.30158,2.30098,2.30133,74
2025-12-03 00:25:00,2.30134,2.30146,2.30082,2.30103,97
2025-12-03 00:30:00,2.30126,2.30161,2.30069,2.30137,198
2025-12-03 00:35:00,2.30138,2.30219,2.30112,2.30187,172
2025-12-03 00:40:00,2.30185,2.3021599999999998,2.30166,2.30204,97
2025-12-03 00:45:00,2.3020300000000002,2.30215,2.30164,2.30188,117
2025-12-03 00:50:00,2.3019,2.30205,2.3016,2.30183,92
2025-12-03 00:55:00,2.30184,2.30214,2.30128,2.3016199999999998,257
2025-12-03 01:00:00,2.30226,2.30312,2.30092,2.30312,199
2025-12-03 01:05:00,2.30311,2.30346,2.30269,2.30343,127
2025-12-03 01:10:00,2.30341,2.30359,2.30297,2.3031800000000002,167
2025-12-03 01:15:00,2.30319,2.30341,2.30242,2.3026,164
2025-12-03 01:20:00,2.30261,2.30274,2.30205,2.30218,156
2025-12-03 01:25:00,2.30219,2.30254,2.30199,2.30247,146
2025-12-03 01:30:00,2.30246,2.30269,2.30193,2.30236,149
2025-12-03 01:35:00,2.30235,2.3026400000000002,2.30222,2.30236,123
2025-12-03 01:40:00,2.30238,2.30293,2.302,2.3026,152
2025-12-03 01:45:00,2.3025700000000002,2.30293,2.30225,2.30236,182
2025-12-03 01:50:00,2.30237,2.30287,2.30235,2.30244,215
2025-12-03 01:55:00,2.30245,2.30293,2.30233,2.30247,125
2025-12-03 02:00:00,2.30248,2.30255,2.30114,2.30177,248
2025-12-03 02:05:00,2.30175,2.30227,2.30141,2.30164,200
2025-12-03 02:10:00,2.30165,2.30259,2.30145,2.30235,182
2025-12-03 02:15:00,2.30236,2.30293,2.3022,2.30272,157
2025-12-03 02:20:00,2.3027,2.30298,2.3021599999999998,2.30283,159
2025-12-03 02:25:00,2.30283,2.30333,2.30239,2.30239,164
2025-12-03 02:30:00,2.30236,2.3048,2.30236,2.30441,466
2025-12-03 02:35:00,2.30438,2.30458,2.3016,2.3023,354
2025-12-03 02:40:00,2.30232,2.30324,2.30231,2.30319,301
2025-12-03 02:45:00,2.30312,2.30404,2.30285,2.30346,282
2025-12-03 02:50:00,2.30346,2.30421,2.3034,2.30348,279
2025-12-03 02:55:00,2.30343,2.30365,2.30293,2.30364,298
2025-12-03 03:00:00,2.30365,2.30473,2.30298,2.30368,361
2025-12-03 03:05:00,2.30367,2.30417,2.30329,2.30398,233
2025-12-03 03:10:00,2.30397,2.30454,2.30365,2.30446,260
2025-12-03 03:15:00,2.30444,2.30475,2.30354,2.30359,254
2025-12-03 03:20:00,2.30356,2.30383,2.30302,2.30358,230
2025-12-03 03:25:00,2.30354,2.30355,2.30211,2.30228,213
2025-12-03 03:30:00,2.30228,2.30304,2.3018,2.30214,284
2025-12-03 03:35:00,2.30212,2.30262,2.3016199999999998,2.30192,257
2025-12-03 03:40:00,2.3019,2.30199,2.30109,2.30151,218
2025-12-03 03:45:00,2.30152,2.30168,2.30108,2.30136,248
2025-12-03 03:50:00,2.3013500000000002,2.3021,2.301,2.30173,230
2025-12-03 03:55:00,2.30172,2.3021599999999998,2.30129,2.3015499999999998,250
2025-12-03 04:00:00,2.3015499999999998,2.30173,2.3006,2.30073,269
2025-12-03 04:05:00,2.3007400000000002,2.30114,2.29909,2.2997,229
2025-12-03 04:10:00,2.29968,2.3003,2.29915,2.29956,256
2025-12-03 04:15:00,2.29957,2.30014,2.2989800000000002,2.29982,266
2025-12-03 04:20:00,2.29981,2.30047,2.29961,2.30047,212
2025-12-03 04:25:00,2.30046,2.30053,2.29964,2.30024,231
2025-12-03 04:30:00,2.30025,2.30113,2.29982,2.30088,279
2025-12-03 04:35:00,2.30084,2.3014,2.30014,2.30014,253
2025-12-03 04:40:00,2.30034,2.30108,2.30005,2.30036,191
2025-12-03 04:45:00,2.30036,2.30045,2.2996,2.29985,225
2025-12-03 04:50:00,2.29986,2.30027,2.29965,2.29983,179
2025-12-03 04:55:00,2.29982,2.30036,2.29947,2.30019,205
2025-12-03 05:00:00,2.30021,2.30059,2.29974,2.30001,217
2025-12-03 05:05:00,2.30002,2.30031,2.29982,2.30024,156
2025-12-03 05:10:00,2.30027,2.30097,2.30021,2.30049,168
2025-12-03 05:15:00,2.3005,2.30069,2.29995,2.30042,241
2025-12-03 05:20:00,2.30041,2.30061,2.29975,2.30023,207
2025-12-03 05:25:00,2.30024,2.30066,2.30002,2.30031,210
2025-12-03 05:30:00,2.30032,2.30133,2.30029,2.30119,289
2025-12-03 05:35:00,2.30117,2.30132,2.30058,2.30082,204
2025-12-03 05:40:00,2.30084,2.30115,2.29996,2.30037,214
2025-12-03 05:45:00,2.30035,2.30093,2.30019,2.30054,195
2025-12-03 05:50:00,2.30055,2.30134,2.30041,2.30092,200
2025-12-03 05:55:00,2.30089,2.30115,2.30043,2.30091,220
2025-12-03 06:00:00,2.30093,2.30143,2.30038,2.30044,161
2025-12-03 06:05:00,2.30043,2.30086,2.29991,2.3001,226
2025-12-03 06:10:00,2.30009,2.30057,2.30007,2.30027,164
2025-12-03 06:15:00,2.30027,2.30053,2.29999,2.30003,98
2025-12-03 06:20:00,2.30002,2.30036,2.29977,2.29999,205
2025-12-03 06:25:00,2.30001,2.30047,2.29967,2.30046,191
2025-12-03 06:30:00,2.30047,2.30056,2.29989,2.30008,187
2025-12-03 06:35:00,2.30009,2.30063,2.30009,2.30045,164
2025-12-03 06:40:00,2.30044,2.30063,2.29995,2.30058,165
2025-12-03 06:45:00,2.3006,2.30061,2.29944,2.29944,150
2025-12-03 06:50:00,2.29946,2.30032,2.29946,2.30032,160
2025-12-03 06:55:00,2.3003,2.30062,2.29974,2.29996,233
2025-12-03 07:00:00,2.29997,2.30036,2.29975,2.30028,228
2025-12-03 07:05:00,2.30025,2.30062,2.2998,2.30008,177
2025-12-03 07:10:00,2.30009,2.30048,2.29971,2.3001,227
2025-12-03 07:15:00,2.30008,2.30025,2.29958,2.29978,167
2025-12-03 07:20:00,2.2998,2.30089,2.2995900000000002,2.30048,187
2025-12-03 07:25:00,2.30047,2.30069,2.29991,2.30034,144
2025-12-03 07:30:00,2.3003299999999998,2.30058,2.29996,2.30046,224
2025-12-03 07:35:00,2.30046,2.30092,2.3,2.30032,210
2025-12-03 07:40:00,2.30034,2.30065,2.30006,2.3005,229
2025-12-03 07:45:00,2.30052,2.30086,2.30007,2.30028,202
2025-12-03 07:50:00,2.3003,2.3007400000000002,2.30006,2.30064,247
2025-12-03 07:55:00,2.30066,2.30068,2.29988,2.30024,260
2025-12-03 08:00:00,2.30026,2.3008,2.29977,2.30059,342
2025-12-03 08:05:00,2.30055,2.30147,2.30037,2.30106,337
2025-12-03 08:10:00,2.30108,2.30153,2.30067,2.3015,246
2025-12-03 08:15:00,2.30152,2.30167,2.30092,2.30092,280
2025-12-03 08:20:00,2.30095,2.30197,2.30095,2.30171,297
2025-12-03 08:25:00,2.30173,2.30229,2.3013500000000002,2.30229,271
2025-12-03 08:30:00,2.30235,2.30283,2.30201,2.30239,219
2025-12-03 08:35:00,2.3025700000000002,2.30297,2.30197,2.30222,260
2025-12-03 08:40:00,2.30244,2.30274,2.30204,2.30212,252
2025-12-03 08:45:00,2.30252,2.30265,2.30195,2.30231,242
2025-12-03 08:50:00,2.30229,2.30251,2.30178,2.30235,210
2025-12-03 08:55:00,2.30234,2.30292,2.30204,2.30259,232
2025-12-03 09:00:00,2.30253,2.30282,2.30137,2.30254,413
2025-12-03 09:05:00,2.30248,2.3032,2.30219,2.30268,297
2025-12-03 09:10:00,2.30266,2.3040599999999998,2.30256,2.30329,343
2025-12-03 09:15:00,2.3033,2.30434,2.3033,2.30348,297
2025-12-03 09:20:00,2.30349,2.30466,2.30344,2.30397,389
2025-12-03 09:25:00,2.30401,2.3047,2.30388,2.30421,328
2025-12-03 09:30:00,2.30423,2.30526,2.3040599999999998,2.3051,366
2025-12-03 09:35:00,2.30512,2.30552,2.30436,2.30482,397
2025-12-03 09:40:00,2.30482,2.3055,2.30412,2.30484,374
2025-12-03 09:45:00,2.30482,2.3050800000000002,2.30395,2.30438,303
2025-12-03 09:50:00,2.30438,2.30471,2.30397,2.30455,321
2025-12-03 09:55:00,2.30437,2.30519,2.30397,2.3050100000000002,350
2025-12-03 10:00:00,2.30509,2.30541,2.30402,2.30426,448
2025-12-03 10:05:00,2.30407,2.30522,2.30407,2.30496,320
2025-12-03 10:10:00,2.30496,2.30539,2.3045999999999998,2.30493,305
2025-12-03 10:15:00,2.30494,2.3058,2.30491,2.30545,334
2025-12-03 10:20:00,2.30543,2.30592,2.3051,2.30541,304
2025-12-03 10:25:00,2.30542,2.30576,2.30484,2.30556,369
2025-12-03 10:30:00,2.30555,2.30591,2.30498,2.30546,326
2025-12-03 10:35:00,2.30547,2.30604,2.30532,2.30553,290
2025-12-03 10:40:00,2.30555,2.30722,2.30551,2.30652,344
2025-12-03 10:45:00,2.30656,2.30822,2.3064,2.30817,360
2025-12-03 10:50:00,2.30816,2.30844,2.30753,2.30805,388
2025-12-03 10:55:00,2.3080600000000002,2.30852,2.30756,2.30788,405
2025-12-03 11:00:00,2.30789,2.30869,2.30736,2.30836,417
2025-12-03 11:05:00,2.30838,2.30889,2.30774,2.3080600000000002,376
2025-12-03 11:10:00,2.308,2.30857,2.30762,2.30827,404
2025-12-03 11:15:00,2.30847,2.30947,2.30793,2.30939,354
2025-12-03 11:20:00,2.30942,2.31074,2.30896,2.31062,386
2025-12-03 11:25:00,2.31059,2.31081,2.30998,2.31034,326
2025-12-03 11:30:00,2.31039,2.31096,2.31002,2.31062,372
2025-12-03 11:35:00,2.31065,2.31212,2.3106,2.31158,441
2025-12-03 11:40:00,2.31161,2.3124000000000002,2.31139,2.31183,449
2025-12-03 11:45:00,2.31182,2.31342,2.31167,2.31293,404
2025-12-03 11:50:00,2.31293,2.31334,2.31246,2.31254,382
2025-12-03 11:55:00,2.31255,2.31324,2.31218,2.31259,366
2025-12-03 12:00:00,2.31261,2.31268,2.31124,2.31136,394
2025-12-03 12:05:00,2.3113,2.3119199999999998,2.31089,2.31182,391
2025-12-03 12:10:00,2.31184,2.31256,2.31139,2.31227,326
2025-12-03 12:15:00,2.31222,2.31282,2.31172,2.31205,354
2025-12-03 12:20:00,2.31203,2.31259,2.31163,2.31207,329
2025-12-03 12:25:00,2.31208,2.31225,2.31137,2.31175,310
2025-12-03 12:30:00,2.31174,2.31205,2.31128,2.31152,333
2025-12-03 12:35:00,2.31151,2.31194,2.31096,2.31155,346
2025-12-03 12:40:00,2.31144,2.31161,2.31026,2.31054,312
2025-12-03 12:45:00,2.31055,2.31117,2.31033,2.31086,299
2025-12-03 12:50:00,2.31088,2.31088,2.3095499999999998,2.30964,377
2025-12-03 12:55:00,2.30958,2.3109,2.30958,2.3106,386
2025-12-03 13:00:00,2.31042,2.3108,2.30987,2.30991,328
2025-12-03 13:05:00,2.30993,2.31111,2.30989,2.3109,301
2025-12-03 13:10:00,2.31093,2.31139,2.3106999999999998,2.31121,213
2025-12-03 13:15:00,2.31121,2.31197,2.31102,2.31135,261
2025-12-03 13:20:00,2.31133,2.31211,2.31115,2.31159,303
2025-12-03 13:25:00,2.31157,2.31227,2.31136,2.31202,301
2025-12-03 13:30:00,2.31163,2.31227,2.31098,2.31102,281
2025-12-03 13:35:00,2.31142,2.31148,2.31063,2.31107,266
2025-12-03 13:40:00,2.31103,2.31177,2.31052,2.31141,294
2025-12-03 13:45:00,2.3114,2.31167,2.31058,2.31119,309
2025-12-03 13:50:00,2.31115,2.31171,2.31093,2.31124,315
2025-12-03 13:55:00,2.3112500000000002,2.31222,2.31091,2.31203,333
2025-12-03 14:00:00,2.31182,2.31295,2.31141,2.31267,411
2025-12-03 14:05:00,2.31268,2.313,2.31205,2.31263,320
2025-12-03 14:10:00,2.31264,2.31264,2.31178,2.31228,282
2025-12-03 14:15:00,2.31226,2.31286,2.3116,2.31213,370
2025-12-03 14:20:00,2.31233,2.313,2.31214,2.3124700000000002,216
2025-12-03 14:25:00,2.31227,2.31317,2.31224,2.31282,302
2025-12-03 14:30:00,2.31283,2.31324,2.31224,2.31231,308
2025-12-03 14:35:00,2.31229,2.31333,2.31214,2.31267,354
2025-12-03 14:40:00,2.31268,2.31339,2.3124000000000002,2.31313,249
2025-12-03 14:45:00,2.31316,2.31383,2.31287,2.31344,214
2025-12-03 14:50:00,2.31345,2.31422,2.31336,2.31422,328
2025-12-03 14:55:00,2.3142300000000002,2.31487,2.31355,2.31459,371
2025-12-03 15:00:00,2.31458,2.31519,2.31422,2.31438,452
2025-12-03 15:05:00,2.3144299999999998,2.31516,2.3136200000000002,2.31469,448
2025-12-03 15:10:00,2.31474,2.31534,2.3128,2.3128,397
2025-12-03 15:15:00,2.31188,2.31439,2.31156,2.31404,539
2025-12-03 15:20:00,2.31402,2.31494,2.31386,2.31404,430
2025-12-03 15:25:00,2.31405,2.31446,2.31345,2.31396,451
2025-12-03 15:30:00,2.31394,2.3154500000000002,2.31366,2.31502,476
2025-12-03 15:35:00,2.3150399999999998,2.3157,2.31418,2.31462,429
2025-12-03 15:40:00,2.3146,2.31489,2.31386,2.31399,404
2025-12-03 15:45:00,2.31402,2.31498,2.31394,2.31399,416
2025-12-03 15:50:00,2.31398,2.31442,2.31303,2.31337,375
2025-12-03 15:55:00,2.31331,2.31421,2.31294,2.31405,468
2025-12-03 16:00:00,2.31401,2.31538,2.31339,2.31517,575
2025-12-03 16:05:00,2.31516,2.31824,2.31465,2.31765,672
2025-12-03 16:10:00,2.31763,2.31878,2.31737,2.31792,452
2025-12-03 16:15:00,2.31767,2.3181,2.31555,2.31587,479
2025-12-03 16:20:00,2.31588,2.31669,2.3156,2.31623,488
2025-12-03 16:25:00,2.3162,2.31635,2.31548,2.31616,414
2025-12-03 16:30:00,2.31615,2.31624,2.31429,2.31476,561
2025-12-03 16:35:00,2.31471,2.31522,2.31378,2.31406,550
2025-12-03 16:40:00,2.31412,2.3150399999999998,2.31393,2.3144299999999998,438
2025-12-03 16:45:00,2.3144299999999998,2.3167400000000002,2.31426,2.3167400000000002,524
2025-12-03 16:50:00,2.31673,2.31733,2.31603,2.31678,537
2025-12-03 16:55:00,2.31679,2.31775,2.31583,2.31583,472
2025-12-03 17:00:00,2.31583,2.31716,2.31429,2.31454,620
2025-12-03 17:05:00,2.31456,2.31569,2.31408,2.31478,606
2025-12-03 17:10:00,2.31518,2.31629,2.31474,2.31566,665
2025-12-03 17:15:00,2.31569,2.31594,2.3138199999999998,2.31393,525
2025-12-03 17:20:00,2.3139,2.31438,2.31152,2.31299,523
2025-12-03 17:25:00,2.31296,2.31325,2.31133,2.31182,490
2025-12-03 17:30:00,2.31206,2.3136900000000002,2.31156,2.31173,502
2025-12-03 17:35:00,2.31174,2.31328,2.31164,2.3125299999999998,491
2025-12-03 17:40:00,2.31249,2.31302,2.31043,2.31059,471
2025-12-03 17:45:00,2.31063,2.31152,2.31015,2.31089,508
2025-12-03 17:50:00,2.31048,2.31338,2.31047,2.31294,536
2025-12-03 17:55:00,2.31292,2.31355,2.31167,2.31299,625
2025-12-03 18:00:00,2.31297,2.31363,2.31239,2.31339,528
2025-12-03 18:05:00,2.31345,2.31429,2.3131,2.31419,499
2025-12-03 18:10:00,2.31418,2.3155200000000002,2.31396,2.31405,457
2025-12-03 18:15:00,2.31408,2.31454,2.31352,2.31422,428
2025-12-03 18:20:00,2.31421,2.31445,2.31204,2.31209,388
2025-12-03 18:25:00,2.31208,2.31283,2.31187,2.312,352
2025-12-03 18:30:00,2.31201,2.31262,2.31097,2.3119199999999998,468
2025-12-03 18:35:00,2.31194,2.31259,2.31145,2.31187,405
2025-12-03 18:40:00,2.3117900000000002,2.31306,2.31176,2.31227,409
2025-12-03 18:45:00,2.31226,2.31295,2.31168,2.31228,391
2025-12-03 18:50:00,2.31227,2.31236,2.3111800000000002,2.31175,358
2025-12-03 18:55:00,2.31175,2.31196,2.31073,2.31119,503
2025-12-03 19:00:00,2.3111800000000002,2.31171,2.31054,2.31095,413
2025-12-03 19:05:00,2.31096,2.31158,2.3106999999999998,2.3108,352
2025-12-03 19:10:00,2.3108,2.31116,2.31011,2.31105,298
2025-12-03 19:15:00,2.31106,2.3117,2.31063,2.3116,345
2025-12-03 19:20:00,2.31159,2.31168,2.31032,2.31081,293
2025-12-03 19:25:00,2.31083,2.31136,2.3106,2.31085,275
2025-12-03 19:30:00,2.31084,2.31141,2.31062,2.31141,281
2025-12-03 19:35:00,2.31139,2.31169,2.31085,2.31128,265
2025-12-03 19:40:00,2.3108,2.31158,2.31054,2.31054,334
2025-12-03 19:45:00,2.31092,2.31218,2.31067,2.31204,271
2025-12-03 19:50:00,2.31207,2.3127,2.31171,2.31202,271
2025-12-03 19:55:00,2.312,2.31252,2.31127,2.31127,325
2025-12-03 20:00:00,2.3112500000000002,2.31184,2.3107699999999998,2.31095,440
2025-12-03 20:05:00,2.31106,2.3119199999999998,2.31089,2.31111,357
2025-12-03 20:10:00,2.31109,2.3114,2.31069,2.31099,236
2025-12-03 20:15:00,2.31103,2.31165,2.31074,2.31092,214
2025-12-03 20:20:00,2.31093,2.31107,2.31025,2.31083,265
2025-12-03 20:25:00,2.31068,2.31174,2.31067,2.3112,292
2025-12-03 20:30:00,2.31116,2.3117900000000002,2.31071,2.31168,293
2025-12-03 20:35:00,2.31167,2.31212,2.3112500000000002,2.31187,212
2025-12-03 20:40:00,2.31197,2.31243,2.31144,2.31197,220
2025-12-03 20:45:00,2.31198,2.31236,2.3115,2.31183,249
2025-12-03 20:50:00,2.31163,2.31235,2.31163,2.31193,237
2025-12-03 20:55:00,2.31173,2.31228,2.31142,2.31217,309
2025-12-03 21:00:00,2.31221,2.31241,2.31155,2.31204,286
2025-12-03 21:05:00,2.31202,2.31223,2.31121,2.31152,221
2025-12-03 21:10:00,2.31147,2.3117900000000002,2.31105,2.31132,242
2025-12-03 21:15:00,2.31133,2.31198,2.31111,2.31146,242
2025-12-03 21:20:00,2.31145,2.31204,2.31126,2.31154,217
2025-12-03 21:25:00,2.31156,2.31178,2.31111,2.31143,208
2025-12-03 21:30:00,2.31142,2.31196,2.31114,2.31173,177
2025-12-03 21:35:00,2.31172,2.31211,2.31136,2.31159,232
2025-12-03 21:40:00,2.31161,2.31195,2.31142,2.31142,201
2025-12-03 21:45:00,2.31144,2.3119199999999998,2.31128,2.31166,201
2025-12-03 21:50:00,2.31166,2.31213,2.31128,2.3116,185
2025-12-03 21:55:00,2.31161,2.31203,2.3107699999999998,2.3108,253
2025-12-03 22:00:00,2.31082,2.3113,2.31071,2.31086,206
2025-12-03 22:05:00,2.31083,2.31168,2.31083,2.31161,186
2025-12-03 22:10:00,2.31158,2.31214,2.31139,2.31193,228
2025-12-03 22:15:00,2.31191,2.31209,2.31123,2.31135,226
2025-12-03 22:20:00,2.31153,2.312,2.31129,2.31173,198
2025-12-03 22:25:00,2.31171,2.31202,2.31144,2.31167,209
2025-12-03 22:30:00,2.31168,2.31205,2.31159,2.31173,254
2025-12-03 22:35:00,2.31172,2.31222,2.31156,2.31173,184
2025-12-03 22:40:00,2.31171,2.3122,2.31168,2.31209,183
2025-12-03 22:45:00,2.31208,2.31244,2.31177,2.31187,190
2025-12-03 22:50:00,2.31187,2.31202,2.31141,2.31185,235
2025-12-03 22:55:00,2.3118600000000002,2.31212,2.31132,2.31164,244
2025-12-03 23:00:00,2.31094,2.31102,2.31001,2.31033,202
2025-12-03 23:05:00,2.31034,2.31104,2.3102,2.31081,190
2025-12-03 23:10:00,2.31076,2.31088,2.31029,2.31043,415
2025-12-03 23:15:00,2.31044,2.31044,2.30952,2.31022,319
2025-12-03 23:20:00,2.31023,2.31023,2.30957,2.30988,193
2025-12-03 23:25:00,2.30988,2.31021,2.30944,2.31018,192
2025-12-03 23:30:00,2.31018,2.31089,2.31003,2.31069,164
2025-12-03 23:35:00,2.31067,2.31113,2.31059,2.31069,148
2025-12-03 23:40:00,2.3106999999999998,2.31108,2.31051,2.31106,148
2025-12-03 23:45:00,2.31107,2.31124,2.3106999999999998,2.31104,138
2025-12-03 23:50:00,2.31124,2.31161,2.31101,2.31145,294
2025-12-03 23:55:00,2.30915,2.30943,2.30905,2.30931,153
2025-12-04 00:00:00,2.31165,2.31231,2.31139,2.31231,12
2025-12-04 00:05:00,2.31231,2.31231,2.30981,2.31036,35
2025-12-04 00:10:00,2.31036,2.31043,2.31036,2.31038,10
2025-12-04 00:15:00,2.3124000000000002,2.31286,2.3119899999999998,2.31212,47
2025-12-04 00:20:00,2.31208,2.31223,2.31183,2.31207,29
2025-12-04 00:25:00,2.31208,2.31237,2.31137,2.31154,83
2025-12-04 00:30:00,2.31153,2.31195,2.31153,2.31165,69
2025-12-04 00:35:00,2.31168,2.3119,2.31154,2.31172,123
2025-12-04 00:40:00,2.31171,2.3118,2.31137,2.31148,194
2025-12-04 00:45:00,2.3115,2.31231,2.31127,2.31146,54
2025-12-04 00:50:00,2.31143,2.31183,2.31132,2.31168,155
2025-12-04 00:55:00,2.31148,2.312,2.31143,2.31165,263
2025-12-04 01:00:00,2.31243,2.3128,2.3115,2.31259,217
2025-12-04 01:05:00,2.3125,2.31285,2.31243,2.31278,127
2025-12-04 01:10:00,2.31277,2.31278,2.312,2.31225,130
2025-12-04 01:15:00,2.31224,2.31279,2.31203,2.31268,143
2025-12-04 01:20:00,2.31266,2.31276,2.31232,2.3125299999999998,116
2025-12-04 01:25:00,2.31251,2.31281,2.31204,2.31223,143
2025-12-04 01:30:00,2.31224,2.3124000000000002,2.312,2.312,190
2025-12-04 01:35:00,2.3119899999999998,2.31228,2.3117,2.31226,144
2025-12-04 01:40:00,2.31207,2.31225,2.31169,2.31203,116
2025-12-04 01:45:00,2.31203,2.31262,2.3119199999999998,2.3122,162
2025-12-04 01:50:00,2.31222,2.31262,2.3113799999999998,2.31188,201
2025-12-04 01:55:00,2.31188,2.31222,2.31147,2.3117900000000002,99
2025-12-04 02:00:00,2.3117900000000002,2.31237,2.31115,2.3119,308
2025-12-04 02:05:00,2.3119199999999998,2.31231,2.3114,2.3117,218
2025-12-04 02:10:00,2.31169,2.31269,2.31154,2.3125999999999998,232
2025-12-04 02:15:00,2.3124000000000002,2.31272,2.3119,2.3119199999999998,231
2025-12-04 02:20:00,2.31193,2.31299,2.31193,2.31285,199
2025-12-04 02:25:00,2.31286,2.31323,2.31223,2.31283,214
2025-12-04 02:30:00,2.31284,2.31288,2.31145,2.31183,236
2025-12-04 02:35:00,2.31191,2.31216,2.31134,2.31135,204
2025-12-04 02:40:00,2.31134,2.3119199999999998,2.31129,2.3118600000000002,216
2025-12-04 02:45:00,2.31206,2.3121,2.31027,2.31051,215
2025-12-04 02:50:00,2.31055,2.3107699999999998,2.31012,2.31015,175
2025-12-04 02:55:00,2.31026,2.31062,2.3095,2.30979,252
2025-12-04 03:00:00,2.3098,2.31003,2.30922,2.30983,282
2025-12-04 03:05:00,2.30985,2.31112,2.30933,2.31095,243
2025-12-04 03:10:00,2.31094,2.31135,2.31051,2.31095,200
2025-12-04 03:15:00,2.31094,2.31109,2.31024,2.31053,263
2025-12-04 03:20:00,2.31051,2.31284,2.3105,2.31207,315
2025-12-04 03:25:00,2.31206,2.31264,2.31094,2.31095,287
2025-12-04 03:30:00,2.31093,2.31197,2.3106999999999998,2.3111,282
2025-12-04 03:35:00,2.31111,2.31172,2.3108,2.31126,226
2025-12-04 03:40:00,2.31127,2.31191,2.3112,2.31156,228
2025-12-04 03:45:00,2.31155,2.31258,2.31155,2.31203,256
2025-12-04 03:50:00,2.31208,2.31262,2.3118,2.31243,198
2025-12-04 03:55:00,2.31244,2.31284,2.31209,2.3127,238
2025-12-04 04:00:00,2.31271,2.31273,2.31124,2.31127,285
2025-12-04 04:05:00,2.31136,2.31223,2.31096,2.31198,293
2025-12-04 04:10:00,2.31198,2.312,2.31115,2.31136,282
2025-12-04 04:15:00,2.31137,2.3119,2.3109,2.31172,229
2025-12-04 04:20:00,2.31171,2.31182,2.3105700000000002,2.31097,249
2025-12-04 04:25:00,2.31098,2.31173,2.31068,2.31136,250
2025-12-04 04:30:00,2.31135,2.31145,2.31081,2.3114,310
2025-12-04 04:35:00,2.3114,2.31157,2.3106400000000002,2.31121,227
2025-12-04 04:40:00,2.31122,2.31132,2.31046,2.31099,262
2025-12-04 04:45:00,2.31097,2.3116,2.31075,2.31127,250
2025-12-04 04:50:00,2.31126,2.3113,2.31059,2.31103,214
2025-12-04 04:55:00,2.31102,2.31157,2.31049,2.31155,226
2025-12-04 05:00:00,2.31155,2.3125299999999998,2.31129,2.3125299999999998,286
2025-12-04 05:05:00,2.3125299999999998,2.31289,2.31208,2.31232,218
2025-12-04 05:10:00,2.31231,2.31255,2.31193,2.31218,268
2025-12-04 05:15:00,2.31218,2.31324,2.31191,2.31319,165
2025-12-04 05:20:00,2.31317,2.31361,2.31251,2.31279,258
2025-12-04 05:25:00,2.31283,2.31288,2.31183,2.31211,208
2025-12-04 05:30:00,2.31211,2.31265,2.31183,2.31264,242
2025-12-04 05:35:00,2.31271,2.31293,2.31188,2.31218,189
2025-12-04 05:40:00,2.31223,2.31223,2.3112500000000002,2.31134,208
2025-12-04 05:45:00,2.31133,2.31191,2.31084,2.31111,167
2025-12-04 05:50:00,2.31111,2.31156,2.31058,2.31074,213
2025-12-04 05:55:00,2.31076,2.31151,2.31073,2.31132,208
2025-12-04 06:00:00,2.3113099999999998,2.31167,2.31099,2.31115,257
2025-12-04 06:05:00,2.31114,2.31157,2.3108,2.31136,142
2025-12-04 06:10:00,2.31132,2.31132,2.31026,2.31067,200
2025-12-04 06:15:00,2.31065,2.31065,2.30964,2.30966,218
2025-12-04 06:20:00,2.30967,2.31059,2.30952,2.31047,168
2025-12-04 06:25:00,2.31046,2.31074,2.3101,2.31036,149
2025-12-04 06:30:00,2.31035,2.31098,2.31013,2.31027,206
2025-12-04 06:35:00,2.31028,2.31104,2.31003,2.311,168
2025-12-04 06:40:00,2.3108,2.3113099999999998,2.31068,2.31078,191
2025-12-04 06:45:00,2.31076,2.3113,2.31036,2.3105700000000002,136
2025-12-04 06:50:00,2.31058,2.31076,2.31006,2.31013,140
2025-12-04 06:55:00,2.31013,2.31031,2.30936,2.30997,172
2025-12-04 07:00:00,2.30957,2.31075,2.30957,2.31012,251
2025-12-04 07:05:00,2.31014,2.31083,2.3101,2.31063,202
2025-12-04 07:10:00,2.31061,2.31091,2.31029,2.31067,220
2025-12-04 07:15:00,2.31045,2.311,2.31022,2.31069,198
2025-12-04 07:20:00,2.31068,2.31096,2.30999,2.3102,210
2025-12-04 07:25:00,2.31019,2.3113,2.3098,2.31108,210
2025-12-04 07:30:00,2.31111,2.31139,2.31049,2.3106,207
2025-12-04 07:35:00,2.31058,2.31095,2.3101599999999998,2.31074,353
2025-12-04 07:40:00,2.31073,2.31074,2.30929,2.31013,306
2025-12-04 07:45:00,2.31033,2.31048,2.30966,2.31018,274
2025-12-04 07:50:00,2.31017,2.31151,2.3101599999999998,2.31103,305
2025-12-04 07:55:00,2.31102,2.3113099999999998,2.3106,2.311,278
2025-12-04 08:00:00,2.31098,2.31135,2.31034,2.31096,270
2025-12-04 08:05:00,2.31095,2.31172,2.31054,2.31158,248
2025-12-04 08:10:00,2.31159,2.31232,2.31107,2.312,289
2025-12-04 08:15:00,2.31201,2.31239,2.31164,2.31204,292
2025-12-04 08:20:00,2.31203,2.31262,2.31181,2.31251,266
2025-12-04 08:25:00,2.3125,2.3125,2.31193,2.31193,252
2025-12-04 08:30:00,2.312,2.31271,2.31176,2.31227,205
2025-12-04 08:35:00,2.3123,2.3127,2.31187,2.31233,194
2025-12-04 08:40:00,2.31234,2.3125999999999998,2.31171,2.3118,215
2025-12-04 08:45:00,2.3117900000000002,2.3123,2.31152,2.31193,242
2025-12-04 08:50:00,2.3119199999999998,2.3119199999999998,2.31081,2.31081,229
2025-12-04 08:55:00,2.3108,2.31185,2.31061,2.31163,284
2025-12-04 09:00:00,2.31161,2.31194,2.31111,2.31111,359
2025-12-04 09:05:00,2.31111,2.31162,2.31079,2.31113,247
2025-12-04 09:10:00,2.31112,2.3118,2.31086,2.31171,272
2025-12-04 09:15:00,2.3113,2.31176,2.31066,2.3107699999999998,252
2025-12-04 09:20:00,2.31084,2.31113,2.31043,2.31078,270
2025-12-04 09:25:00,2.31076,2.31113,2.31014,2.31014,180
2025-12-04 09:30:00,2.3101599999999998,2.31203,2.31008,2.31165,247
2025-12-04 09:35:00,2.31167,2.31208,2.3112,2.31183,202
2025-12-04 09:40:00,2.31143,2.31176,2.31037,2.31043,225
2025-12-04 09:45:00,2.31044,2.31129,2.31022,2.31047,277
2025-12-04 09:50:00,2.31043,2.31099,2.30987,2.3104,322
2025-12-04 09:55:00,2.31,2.31051,2.30963,2.31008,336
2025-12-04 10:00:00,2.31012,2.31021,2.30895,2.30937,465
2025-12-04 10:05:00,2.30895,2.30915,2.30818,2.30903,385
2025-12-04 10:10:00,2.30904,2.3096,2.30839,2.30947,358
2025-12-04 10:15:00,2.3094799999999998,2.31043,2.30893,2.31001,387
2025-12-04 10:20:00,2.30999,2.31151,2.30967,2.31088,378
2025-12-04 10:25:00,2.31086,2.3122,2.31083,2.3116,434
2025-12-04 10:30:00,2.31159,2.31228,2.31136,2.31222,439
2025-12-04 10:35:00,2.31224,2.31242,2.3115,2.31177,395
2025-12-04 10:40:00,2.31178,2.31246,2.31122,2.31151,353
2025-12-04 10:45:00,2.31152,2.31208,2.31094,2.31148,345
2025-12-04 10:50:00,2.31148,2.31187,2.31088,2.31114,356
2025-12-04 10:55:00,2.31113,2.31169,2.31051,2.3112500000000002,470
2025-12-04 11:00:00,2.3112,2.3117,2.31,2.31024,466
2025-12-04 11:05:00,2.31023,2.3109,2.30947,2.31013,382
2025-12-04 11:10:00,2.31012,2.31069,2.3095499999999998,2.31004,363
2025-12-04 11:15:00,2.31002,2.31047,2.3095499999999998,2.30984,382
2025-12-04 11:20:00,2.30985,2.31069,2.30961,2.31069,333
2025-12-04 11:25:00,2.31069,2.31091,2.3101599999999998,2.3106400000000002,288
2025-12-04 11:30:00,2.31083,2.31083,2.30886,2.31012,413
2025-12-04 11:35:00,2.31013,2.3105,2.30952,2.31008,338
2025-12-04 11:40:00,2.31007,2.31056,2.30944,2.31022,335
2025-12-04 11:45:00,2.30999,2.31094,2.30965,2.31058,360
2025-12-04 11:50:00,2.31053,2.31105,2.31013,2.31052,344
2025-12-04 11:55:00,2.31053,2.3117,2.31051,2.31146,298
2025-12-04 12:00:00,2.31147,2.31181,2.3107699999999998,2.31122,323
2025-12-04 12:05:00,2.31121,2.31241,2.31107,2.31221,397
2025-12-04 12:10:00,2.31261,2.31268,2.31178,2.31251,306
2025-12-04 12:15:00,2.31249,2.31295,2.31198,2.31232,323
2025-12-04 12:20:00,2.31231,2.31286,2.3121,2.31254,265
2025-12-04 12:25:00,2.31259,2.31337,2.31234,2.31322,282
2025-12-04 12:30:00,2.31323,2.31357,2.3125999999999998,2.31307,309
2025-12-04 12:35:00,2.31303,2.31346,2.31237,2.31286,264
2025-12-04 12:40:00,2.31288,2.3130100000000002,2.31198,2.31218,332
2025-12-04 12:45:00,2.31224,2.3131,2.31206,2.31263,299
2025-12-04 12:50:00,2.31261,2.3130800000000002,2.3117900000000002,2.31231,296
2025-12-04 12:55:00,2.3123,2.31349,2.31191,2.31326,332
2025-12-04 13:00:00,2.31324,2.31407,2.31294,2.31366,350
2025-12-04 13:05:00,2.31367,2.3148,2.31302,2.3141,462
2025-12-04 13:10:00,2.31409,2.31582,2.31409,2.31549,392
2025-12-04 13:15:00,2.31548,2.3155,2.31414,2.31496,320
2025-12-04 13:20:00,2.31495,2.31512,2.31438,2.31447,285
2025-12-04 13:25:00,2.31444,2.3152,2.31432,2.31451,303
2025-12-04 13:30:00,2.3145,2.31535,2.31444,2.3149,321
2025-12-04 13:35:00,2.31488,2.31577,2.31476,2.31506,293
2025-12-04 13:40:00,2.31507,2.31575,2.31494,2.31523,252
2025-12-04 13:45:00,2.31522,2.31582,2.31506,2.31568,281
2025-12-04 13:50:00,2.31566,2.31578,2.31465,2.31566,255
2025-12-04 13:55:00,2.3156499999999998,2.31595,2.31448,2.31523,422
2025-12-04 14:00:00,2.31517,2.31564,2.3147,2.3150399999999998,356
2025-12-04 14:05:00,2.3150399999999998,2.31541,2.3141,2.31456,371
2025-12-04 14:10:00,2.31437,2.31486,2.31383,2.31404,328
2025-12-04 14:15:00,2.31403,2.31467,2.31394,2.31427,299
2025-12-04 14:20:00,2.31425,2.31467,2.31342,2.31421,315
2025-12-04 14:25:00,2.31427,2.31506,2.31396,2.31461,326
2025-12-04 14:30:00,2.31464,2.31497,2.31356,2.3136,350
2025-12-04 14:35:00,2.31361,2.31456,2.31346,2.31384,319
2025-12-04 14:40:00,2.31426,2.31509,2.31376,2.31453,316
2025-12-04 14:45:00,2.31434,2.31475,2.31355,2.31464,372
2025-12-04 14:50:00,2.31466,2.31537,2.31414,2.31458,313
2025-12-04 14:55:00,2.3144,2.31568,2.31427,2.31494,418
2025-12-04 15:00:00,2.31492,2.3151,2.31337,2.31392,443
2025-12-04 15:05:00,2.31392,2.3145,2.31334,2.31384,335
2025-12-04 15:10:00,2.31386,2.31529,2.31363,2.31494,406
2025-12-04 15:15:00,2.31493,2.31495,2.31336,2.31403,385
2025-12-04 15:20:00,2.31403,2.31441,2.313,2.3130100000000002,396
2025-12-04 15:25:00,2.31302,2.3136200000000002,2.31256,2.31271,399
2025-12-04 15:30:00,2.31259,2.31404,2.31211,2.31322,668
2025-12-04 15:35:00,2.31323,2.3144299999999998,2.31311,2.31353,529
2025-12-04 15:40:00,2.31352,2.31428,2.31288,2.31367,494
2025-12-04 15:45:00,2.31368,2.31406,2.31278,2.31338,459
2025-12-04 15:50:00,2.3134,2.31464,2.31327,2.31365,414
2025-12-04 15:55:00,2.3136,2.3146,2.31351,2.31406,473
2025-12-04 16:00:00,2.31408,2.31452,2.31344,2.31351,492
2025-12-04 16:05:00,2.31349,2.31417,2.31276,2.31276,445
2025-12-04 16:10:00,2.31277,2.31328,2.31185,2.31239,485
2025-12-04 16:15:00,2.31238,2.31408,2.31177,2.31407,447
2025-12-04 16:20:00,2.31406,2.31496,2.31345,2.31396,489
2025-12-04 16:25:00,2.31398,2.31404,2.31289,2.31402,391
2025-12-04 16:30:00,2.31399,2.31469,2.31315,2.31455,508
2025-12-04 16:35:00,2.31452,2.31564,2.31396,2.31538,538
2025-12-04 16:40:00,2.31537,2.31719,2.31535,2.31702,505
2025-12-04 16:45:00,2.31701,2.31756,2.31628,2.31662,499
2025-12-04 16:50:00,2.31663,2.31793,2.31648,2.31723,533
2025-12-04 16:55:00,2.31721,2.31767,2.31648,2.3171,415
2025-12-04 17:00:00,2.31707,2.3178,2.31647,2.31692,466
2025-12-04 17:05:00,2.31692,2.31778,2.31618,2.3166,537
2025-12-04 17:10:00,2.31662,2.31751,2.31588,2.31693,495
2025-12-04 17:15:00,2.31693,2.31736,2.31607,2.31621,489
2025-12-04 17:20:00,2.31641,2.31662,2.31554,2.3162,439
2025-12-04 17:25:00,2.31625,2.31717,2.3155200000000002,2.3155200000000002,466
2025-12-04 17:30:00,2.31574,2.31669,2.31523,2.31583,432
2025-12-04 17:35:00,2.31581,2.31598,2.31502,2.3154500000000002,403
2025-12-04 17:40:00,2.31546,2.31656,2.31526,2.31607,444
2025-12-04 17:45:00,2.316,2.3168699999999998,2.31494,2.31557,459
2025-12-04 17:50:00,2.31551,2.316,2.3143000000000002,2.3148400000000002,449
2025-12-04 17:55:00,2.31483,2.31589,2.3143599999999998,2.31567,493
2025-12-04 18:00:00,2.31569,2.31596,2.31467,2.3155,488
2025-12-04 18:05:00,2.3155200000000002,2.31624,2.31451,2.31451,481
2025-12-04 18:10:00,2.31446,2.31507,2.3137,2.31431,378
2025-12-04 18:15:00,2.31438,2.31438,2.3136,2.31416,368
2025-12-04 18:20:00,2.31417,2.31445,2.31292,2.31329,398
2025-12-04 18:25:00,2.31326,2.31392,2.31233,2.31239,463
2025-12-04 18:30:00,2.3124000000000002,2.31327,2.31214,2.3125299999999998,475
2025-12-04 18:35:00,2.31254,2.31315,2.31217,2.31241,401
2025-12-04 18:40:00,2.31236,2.31288,2.31204,2.31213,388
2025-12-04 18:45:00,2.31214,2.3129,2.31197,2.31266,437
2025-12-04 18:50:00,2.31264,2.31288,2.31196,2.31246,323
2025-12-04 18:55:00,2.31245,2.31296,2.31212,2.31271,341
2025-12-04 19:00:00,2.31272,2.31286,2.31204,2.31254,314
2025-12-04 19:05:00,2.31255,2.3130100000000002,2.31212,2.31244,275
2025-12-04 19:10:00,2.31243,2.31296,2.31217,2.31233,252
2025-12-04 19:15:00,2.31252,2.31271,2.31152,2.31191,286
2025-12-04 19:20:00,2.3119199999999998,2.3125999999999998,2.31162,2.31168,310
2025-12-04 19:25:00,2.31167,2.31208,2.3112,2.31208,314
2025-12-04 19:30:00,2.31211,2.31245,2.31166,2.31214,288
2025-12-04 19:35:00,2.31172,2.31254,2.31167,2.31252,264
2025-12-04 19:40:00,2.31248,2.31267,2.31147,2.31153,221
2025-12-04 19:45:00,2.31152,2.31174,2.31091,2.31141,203
2025-12-04 19:50:00,2.3114,2.31144,2.31054,2.31081,195
2025-12-04 19:55:00,2.3108,2.31149,2.31062,2.31102,263
2025-12-04 20:00:00,2.31101,2.31167,2.31081,2.31113,270
2025-12-04 20:05:00,2.31115,2.31146,2.31014,2.31056,308
2025-12-04 20:10:00,2.3106,2.3115,2.3103,2.31092,281
2025-12-04 20:15:00,2.31093,2.31161,2.31055,2.31129,328
2025-12-04 20:20:00,2.31124,2.31129,2.31046,2.31112,269
2025-12-04 20:25:00,2.31114,2.31136,2.3106999999999998,2.311,218
2025-12-04 20:30:00,2.31099,2.3125999999999998,2.31099,2.31176,228
2025-12-04 20:35:00,2.31196,2.31254,2.31169,2.31194,217
2025-12-04 20:40:00,2.31236,2.31284,2.31196,2.31212,239
2025-12-04 20:45:00,2.3121,2.31265,2.31196,2.31217,213
2025-12-04 20:50:00,2.31218,2.31249,2.31181,2.312,234
2025-12-04 20:55:00,2.31202,2.31241,2.31156,2.31196,278
2025-12-04 21:00:00,2.31197,2.31243,2.31136,2.3124000000000002,270
2025-12-04 21:05:00,2.31239,2.31256,2.31176,2.3119899999999998,328
2025-12-04 21:10:00,2.31195,2.31238,2.3115,2.3119,290
2025-12-04 21:15:00,2.31191,2.31274,2.31188,2.31227,249
2025-12-04 21:20:00,2.31226,2.3136200000000002,2.31226,2.31285,326
2025-12-04 21:25:00,2.31286,2.31323,2.3125299999999998,2.31274,288
2025-12-04 21:30:00,2.31273,2.3131399999999998,2.31233,2.31241,222
2025-12-04 21:35:00,2.31246,2.3128,2.31216,2.31231,229
2025-12-04 21:40:00,2.31231,2.31312,2.31224,2.31251,233
2025-12-04 21:45:00,2.31252,2.31268,2.3119,2.31203,212
2025-12-04 21:50:00,2.31198,2.31268,2.31158,2.31217,295
2025-12-04 21:55:00,2.31216,2.31258,2.31205,2.31229,219
2025-12-04 22:00:00,2.31233,2.3128,2.31201,2.31242,271
2025-12-04 22:05:00,2.31241,2.31298,2.31214,2.31237,228
2025-12-04 22:10:00,2.31236,2.31248,2.31198,2.31232,172
2025-12-04 22:15:00,2.3123,2.31234,2.31164,2.31189,225
2025-12-04 22:20:00,2.31193,2.31228,2.31139,2.31209,261
2025-12-04 22:25:00,2.31167,2.31212,2.31153,2.31208,218
2025-12-04 22:30:00,2.31207,2.3122,2.31155,2.31175,244
2025-12-04 22:35:00,2.31177,2.3119899999999998,2.31139,2.31162,261
2025-12-04 22:40:00,2.3116,2.31207,2.31139,2.31188,193
2025-12-04 22:45:00,2.31189,2.31223,2.31144,2.31205,187
2025-12-04 22:50:00,2.31198,2.31202,2.311,2.31156,280
2025-12-04 22:55:00,2.31154,2.3118,2.31098,2.31099,276
2025-12-04 23:00:00,2.3112,2.3112,2.31027,2.31052,166
2025-12-04 23:05:00,2.31051,2.31096,2.31029,2.3109,153
2025-12-04 23:10:00,2.3105,2.31121,2.3105,2.31102,248
2025-12-04 23:15:00,2.31096,2.31119,2.31029,2.31069,212
2025-12-04 23:20:00,2.31065,2.31145,2.31065,2.31126,155
2025-12-04 23:25:00,2.31123,2.31154,2.31097,2.31112,161
2025-12-04 23:30:00,2.31116,2.31139,2.31091,2.31112,202
2025-12-04 23:35:00,2.31107,2.31124,2.31094,2.31103,140
2025-12-04 23:40:00,2.31102,2.31183,2.31102,2.31182,89
2025-12-04 23:45:00,2.31183,2.3121,2.31137,2.31187,181
2025-12-04 23:50:00,2.3118600000000002,2.31248,2.31175,2.3123,203
2025-12-04 23:55:00,2.31243,2.31243,2.30951,2.30963,132
2025-12-05 00:00:00,2.30788,2.31121,2.30741,2.31121,18
2025-12-05 00:05:00,2.30794,2.31101,2.30794,2.30837,49
2025-12-05 00:10:00,2.30837,2.30898,2.30837,2.30875,91
2025-12-05 00:15:00,2.31152,2.31187,2.31104,2.31121,98
2025-12-05 00:20:00,2.31124,2.31156,2.31099,2.3113,105
2025-12-05 00:25:00,2.3112500000000002,2.31159,2.31085,2.31114,133
2025-12-05 00:30:00,2.31115,2.31229,2.31076,2.31177,391
2025-12-05 00:35:00,2.31197,2.31245,2.31169,2.31228,605
2025-12-05 00:40:00,2.31233,2.31242,2.31143,2.31165,715
2025-12-05 00:45:00,2.31164,2.31195,2.31145,2.3117900000000002,601
2025-12-05 00:50:00,2.31149,2.31183,2.30925,2.31052,348
2025-12-05 00:55:00,2.31052,2.31252,2.30989,2.31082,534
2025-12-05 01:00:00,2.3108,2.3125299999999998,2.3108,2.31239,225
2025-12-05 01:05:00,2.31241,2.31273,2.31216,2.31236,108
2025-12-05 01:10:00,2.31238,2.31317,2.31232,2.3125,106
2025-12-05 01:15:00,2.31251,2.31275,2.31227,2.31256,122
2025-12-05 01:20:00,2.31237,2.31274,2.31216,2.31251,61
2025-12-05 01:25:00,2.3125,2.31259,2.31171,2.31181,119
2025-12-05 01:30:00,2.3118,2.3128,2.31178,2.31251,177
2025-12-05 01:35:00,2.31249,2.3125999999999998,2.31212,2.31233,95
2025-12-05 01:40:00,2.31232,2.31298,2.31231,2.31297,132
2025-12-05 01:45:00,2.31295,2.3132099999999998,2.31246,2.31283,119
2025-12-05 01:50:00,2.31281,2.31325,2.31228,2.3130100000000002,198
2025-12-05 01:55:00,2.31322,2.31322,2.31262,2.31305,133
2025-12-05 02:00:00,2.31305,2.3137,2.3123,2.3125999999999998,254
2025-12-05 02:05:00,2.31257,2.31316,2.31243,2.31256,203
2025-12-05 02:10:00,2.31257,2.3128,2.31226,2.31251,133
2025-12-05 02:15:00,2.31249,2.31291,2.31234,2.31288,137
2025-12-05 02:20:00,2.31291,2.31291,2.31219,2.31266,172
2025-12-05 02:25:00,2.31264,2.31292,2.31238,2.3125299999999998,140
2025-12-05 02:30:00,2.31233,2.31299,2.31232,2.3129,184
2025-12-05 02:35:00,2.31292,2.3130800000000002,2.31255,2.31281,153
2025-12-05 02:40:00,2.3128,2.31327,2.3125999999999998,2.31288,159
2025-12-05 02:45:00,2.31288,2.31324,2.31207,2.31217,218
2025-12-05 02:50:00,2.31213,2.3124700000000002,2.31188,2.31207,177
2025-12-05 02:55:00,2.3121,2.31267,2.31194,2.31248,247
2025-12-05 03:00:00,2.31246,2.3125,2.31112,2.31153,274
2025-12-05 03:05:00,2.31154,2.31159,2.3109,2.3112500000000002,206
2025-12-05 03:10:00,2.3112,2.31141,2.31062,2.31101,241
2025-12-05 03:15:00,2.311,2.31148,2.31074,2.31134,232
2025-12-05 03:20:00,2.31132,2.3118,2.31093,2.31123,253
2025-12-05 03:25:00,2.31122,2.3119199999999998,2.31108,2.31151,208
2025-12-05 03:30:00,2.31149,2.31176,2.31053,2.31088,306
2025-12-05 03:35:00,2.31088,2.31119,2.31067,2.31117,199
2025-12-05 03:40:00,2.31117,2.31174,2.31054,2.31132,235
2025-12-05 03:45:00,2.31135,2.31165,2.31065,2.31088,202
2025-12-05 03:50:00,2.31087,2.3112500000000002,2.31023,2.31105,164
2025-12-05 03:55:00,2.31107,2.31157,2.3108,2.3114,302
2025-12-05 04:00:00,2.31137,2.3117,2.3106,2.31145,265
2025-12-05 04:05:00,2.31143,2.312,2.31111,2.31153,212
2025-12-05 04:10:00,2.31152,2.31201,2.31123,2.31169,184
2025-12-05 04:15:00,2.31171,2.31237,2.31126,2.31193,224
2025-12-05 04:20:00,2.31191,2.31195,2.3112,2.31154,198
2025-12-05 04:25:00,2.31152,2.31206,2.31128,2.31152,212
2025-12-05 04:30:00,2.31153,2.3124000000000002,2.31142,2.3124000000000002,207
2025-12-05 04:35:00,2.3125999999999998,2.3125999999999998,2.31194,2.31213,151
2025-12-05 04:40:00,2.31208,2.31231,2.3116,2.31175,191
2025-12-05 04:45:00,2.31172,2.31176,2.31115,2.31115,188
2025-12-05 04:50:00,2.31116,2.31169,2.31102,2.3114,175
2025-12-05 04:55:00,2.31139,2.3119,2.31115,2.3119,179
2025-12-05 05:00:00,2.31197,2.31235,2.31163,2.31212,172
2025-12-05 05:05:00,2.31211,2.3124000000000002,2.31146,2.31183,175
2025-12-05 05:10:00,2.31184,2.3121,2.31147,2.31195,123
2025-12-05 05:15:00,2.31193,2.31235,2.31153,2.31178,162
2025-12-05 05:20:00,2.31178,2.31223,2.31151,2.31162,144
2025-12-05 05:25:00,2.31168,2.31261,2.31163,2.31198,167
2025-12-05 05:30:00,2.31197,2.31257,2.31162,2.31211,171
2025-12-05 05:35:00,2.31211,2.31228,2.31162,2.31184,148
2025-12-05 05:40:00,2.31184,2.31224,2.31161,2.31197,89
2025-12-05 05:45:00,2.31195,2.312,2.31152,2.31187,126
2025-12-05 05:50:00,2.31188,2.3125299999999998,2.3118,2.31213,111
2025-12-05 05:55:00,2.31212,2.31212,2.31152,2.31159,178
2025-12-05 06:00:00,2.3116,2.31204,2.31134,2.31157,212
2025-12-05 06:05:00,2.31155,2.31159,2.31055,2.31058,213
2025-12-05 06:10:00,2.31056,2.3106999999999998,2.30994,2.31023,127
2025-12-05 06:15:00,2.31025,2.311,2.31011,2.31068,170
2025-12-05 06:20:00,2.31065,2.31114,2.31052,2.31108,178
2025-12-05 06:25:00,2.31107,2.31159,2.31081,2.31148,283
2025-12-05 06:30:00,2.31147,2.31154,2.31082,2.31086,275
2025-12-05 06:35:00,2.3112500000000002,2.31136,2.31045,2.31136,203
2025-12-05 06:40:00,2.31135,2.31151,2.31109,2.31137,149
2025-12-05 06:45:00,2.31136,2.3117,2.31101,2.3113099999999998,181
2025-12-05 06:50:00,2.31132,2.31172,2.31093,2.3113099999999998,180
2025-12-05 06:55:00,2.31129,2.31176,2.31123,2.31165,175
2025-12-05 07:00:00,2.31166,2.31207,2.31136,2.31207,225
2025-12-05 07:05:00,2.31212,2.31249,2.31166,2.31245,154
2025-12-05 07:10:00,2.31244,2.31254,2.31187,2.31222,171
2025-12-05 07:15:00,2.3122,2.31275,2.31207,2.31252,223
2025-12-05 07:20:00,2.31251,2.31306,2.31236,2.3125299999999998,205
2025-12-05 07:25:00,2.3125299999999998,2.31317,2.31249,2.31273,214
2025-12-05 07:30:00,2.31275,2.31297,2.31121,2.31162,241
2025-12-05 07:35:00,2.3116,2.31194,2.3112500000000002,2.3117900000000002,215
2025-12-05 07:40:00,2.31177,2.31224,2.31144,2.31196,211
2025-12-05 07:45:00,2.31216,2.31227,2.31152,2.31226,228
2025-12-05 07:50:00,2.31225,2.31249,2.31174,2.31212,234
2025-12-05 07:55:00,2.31213,2.31284,2.31159,2.31282,264
2025-12-05 08:00:00,2.31281,2.31292,2.31207,2.31239,221
2025-12-05 08:05:00,2.31238,2.31267,2.31154,2.31185,177
2025-12-05 08:10:00,2.3118600000000002,2.3125299999999998,2.31115,2.31242,234
2025-12-05 08:15:00,2.31238,2.31277,2.31178,2.3123,200
2025-12-05 08:20:00,2.31232,2.3125,2.31185,2.31214,214
2025-12-05 08:25:00,2.31212,2.31267,2.3118,2.31212,192
2025-12-05 08:30:00,2.31218,2.31228,2.3112500000000002,2.3113099999999998,188
2025-12-05 08:35:00,2.31132,2.31217,2.31106,2.31214,273
2025-12-05 08:40:00,2.31218,2.3125299999999998,2.31145,2.31146,192
2025-12-05 08:45:00,2.31166,2.31207,2.31136,2.31176,189
2025-12-05 08:50:00,2.3117900000000002,2.31203,2.31117,2.3113799999999998,170
2025-12-05 08:55:00,2.31117,2.31171,2.3111,2.31164,221
2025-12-05 09:00:00,2.31156,2.31213,2.31102,2.31188,288
2025-12-05 09:05:00,2.31189,2.31249,2.31162,2.31236,332
2025-12-05 09:10:00,2.31237,2.31285,2.31181,2.31252,319
2025-12-05 09:15:00,2.31258,2.31269,2.31109,2.31169,334
2025-12-05 09:20:00,2.31166,2.31167,2.31035,2.31078,287
2025-12-05 09:25:00,2.3107699999999998,2.31156,2.3102,2.31143,367
2025-12-05 09:30:00,2.31142,2.31238,2.31102,2.31155,338
2025-12-05 09:35:00,2.31175,2.31238,2.31127,2.31169,307
2025-12-05 09:40:00,2.31129,2.31184,2.31088,2.31139,380
2025-12-05 09:45:00,2.3113799999999998,2.31176,2.31062,2.31094,325
2025-12-05 09:50:00,2.31096,2.31133,2.3105,2.31052,294
2025-12-05 09:55:00,2.31053,2.31266,2.31023,2.31266,449
2025-12-05 10:00:00,2.31267,2.31271,2.3111800000000002,2.31146,475
2025-12-05 10:05:00,2.31104,2.3124700000000002,2.31103,2.31139,423
2025-12-05 10:10:00,2.31139,2.31215,2.3111800000000002,2.3119,356
2025-12-05 10:15:00,2.31189,2.31225,2.31099,2.31149,388
2025-12-05 10:20:00,2.31151,2.31242,2.31127,2.31136,385
2025-12-05 10:25:00,2.31141,2.31213,2.31108,2.3113,337
2025-12-05 10:30:00,2.3113,2.31217,2.31111,2.3116,341
2025-12-05 10:35:00,2.31159,2.31211,2.31095,2.31121,318
2025-12-05 10:40:00,2.3112,2.31154,2.31061,2.31137,320
2025-12-05 10:45:00,2.31143,2.31163,2.31061,2.31092,342
2025-12-05 10:50:00,2.3109,2.31153,2.31063,2.31149,307
2025-12-05 10:55:00,2.3115,2.3128,2.3111,2.31278,377
2025-12-05 11:00:00,2.31276,2.31318,2.31203,2.31266,342
2025-12-05 11:05:00,2.31263,2.3130100000000002,2.31191,2.31224,305
2025-12-05 11:10:00,2.31225,2.31309,2.31219,2.31278,302
2025-12-05 11:15:00,2.31279,2.31297,2.31217,2.31259,285
2025-12-05 11:20:00,2.31261,2.31288,2.31212,2.31259,320
2025-12-05 11:25:00,2.31259,2.31259,2.31156,2.31165,312
2025-12-05 11:30:00,2.31166,2.3122,2.31137,2.31162,251
2025-12-05 11:35:00,2.31164,2.31225,2.31157,2.31225,230
2025-12-05 11:40:00,2.31224,2.31229,2.31119,2.31159,252
2025-12-05 11:45:00,2.3116,2.31174,2.31089,2.31164,298
2025-12-05 11:50:00,2.31163,2.31163,2.31065,2.31087,308
2025-12-05 11:55:00,2.31087,2.31159,2.31067,2.31068,212
2025-12-05 12:00:00,2.31067,2.31183,2.31055,2.3117,230
2025-12-05 12:05:00,2.31168,2.31211,2.31061,2.31111,270
2025-12-05 12:10:00,2.31112,2.31121,2.31037,2.31046,288
2025-12-05 12:15:00,2.31048,2.31141,2.31023,2.31101,289
2025-12-05 12:20:00,2.311,2.31148,2.31074,2.31079,268
2025-12-05 12:25:00,2.31079,2.3111800000000002,2.30993,2.31041,296
2025-12-05 12:30:00,2.31042,2.31051,2.30959,2.30988,241
2025-12-05 12:35:00,2.30982,2.31017,2.30905,2.30947,245
2025-12-05 12:40:00,2.30957,2.31021,2.30901,2.30959,314
2025-12-05 12:45:00,2.30954,2.30989,2.30871,2.30914,291
2025-12-05 12:50:00,2.30911,2.30941,2.30805,2.30836,328
2025-12-05 12:55:00,2.30837,2.30907,2.30815,2.30904,298
2025-12-05 13:00:00,2.30905,2.30905,2.30834,2.30871,320
2025-12-05 13:05:00,2.3087,2.30918,2.3081,2.3081300000000002,300
2025-12-05 13:10:00,2.30814,2.30897,2.30811,2.30862,258
2025-12-05 13:15:00,2.30863,2.30897,2.30823,2.30883,253
2025-12-05 13:20:00,2.30885,2.30979,2.30871,2.30932,282
2025-12-05 13:25:00,2.30936,2.31003,2.30893,2.31,282
2025-12-05 13:30:00,2.30999,2.3104,2.30949,2.31039,370
2025-12-05 13:35:00,2.3104,2.31124,2.31004,2.31119,311
2025-12-05 13:40:00,2.3111800000000002,2.31166,2.3106,2.31166,255
2025-12-05 13:45:00,2.31166,2.31169,2.31066,2.31107,286
2025-12-05 13:50:00,2.31109,2.31157,2.31067,2.31126,267
2025-12-05 13:55:00,2.31127,2.31163,2.31085,2.31113,324
2025-12-05 14:00:00,2.31117,2.31171,2.31048,2.31099,394
2025-12-05 14:05:00,2.31098,2.31099,2.30993,2.31051,313
2025-12-05 14:10:00,2.31049,2.31089,2.31006,2.31052,310
2025-12-05 14:15:00,2.3105,2.3113,2.31023,2.31093,344
2025-12-05 14:20:00,2.31063,2.31087,2.3098,2.31024,371
2025-12-05 14:25:00,2.31023,2.31066,2.30977,2.31015,374
2025-12-05 14:30:00,2.3101599999999998,2.31094,2.31011,2.3105,279
2025-12-05 14:35:00,2.31053,2.31098,2.31008,2.31039,252
2025-12-05 14:40:00,2.31039,2.31117,2.30987,2.3102,316
2025-12-05 14:45:00,2.31021,2.31047,2.30949,2.30956,264
2025-12-05 14:50:00,2.31004,2.31011,2.30918,2.30987,221
2025-12-05 14:55:00,2.30988,2.31027,2.30906,2.30966,367
2025-12-05 15:00:00,2.30965,2.31015,2.30923,2.3097,400
2025-12-05 15:05:00,2.30971,2.31015,2.30937,2.30967,332
2025-12-05 15:10:00,2.30966,2.30983,2.30842,2.30907,331
2025-12-05 15:15:00,2.30908,2.30931,2.30835,2.30835,312
2025-12-05 15:20:00,2.30834,2.30889,2.30804,2.30878,387
2025-12-05 15:25:00,2.3088,2.30923,2.30819,2.3083299999999998,273
2025-12-05 15:30:00,2.3083299999999998,2.30927,2.3077199999999998,2.30848,409
2025-12-05 15:35:00,2.3085,2.30952,2.30843,2.30939,419
2025-12-05 15:40:00,2.30941,2.30998,2.30902,2.30902,481
2025-12-05 15:45:00,2.309,2.31003,2.30899,2.30968,454
2025-12-05 15:50:00,2.30966,2.30992,2.30899,2.30908,374
2025-12-05 15:55:00,2.30907,2.30986,2.30859,2.30932,407
2025-12-05 16:00:00,2.30934,2.31038,2.30891,2.30952,409
2025-12-05 16:05:00,2.30954,2.30954,2.30801,2.30807,392
2025-12-05 16:10:00,2.30808,2.30943,2.30781,2.30911,402
2025-12-05 16:15:00,2.30911,2.30994,2.30891,2.30989,314
2025-12-05 16:20:00,2.30989,2.31011,2.30936,2.30998,328
2025-12-05 16:25:00,2.30995,2.3103,2.30923,2.30977,404
2025-12-05 16:30:00,2.30968,2.31011,2.30872,2.31005,571
2025-12-05 16:35:00,2.30967,2.3105700000000002,2.30963,2.31028,486
2025-12-05 16:40:00,2.31031,2.31074,2.30904,2.3094,521
2025-12-05 16:45:00,2.30939,2.30972,2.30799,2.30838,462
2025-12-05 16:50:00,2.30836,2.30912,2.30768,2.30779,421
2025-12-05 16:55:00,2.3078,2.30839,2.30702,2.30753,436
2025-12-05 17:00:00,2.30761,2.3082599999999998,2.30679,2.30818,493
2025-12-05 17:05:00,2.30819,2.3089399999999998,2.3080600000000002,2.30866,439
2025-12-05 17:10:00,2.30866,2.30893,2.30824,2.30836,473
2025-12-05 17:15:00,2.30841,2.30903,2.3080600000000002,2.30855,353
2025-12-05 17:20:00,2.30856,2.30901,2.308,2.3084,399
2025-12-05 17:25:00,2.3086,2.30904,2.30827,2.30849,332
2025-12-05 17:30:00,2.30846,2.30921,2.3080600000000002,2.3088699999999998,356
2025-12-05 17:35:00,2.30889,2.30927,2.30837,2.30911,343
2025-12-05 17:40:00,2.3091,2.30959,2.30859,2.30897,398
2025-12-05 17:45:00,2.30896,2.30997,2.30867,2.30994,397
2025-12-05 17:50:00,2.30997,2.3101599999999998,2.30891,2.30926,399
2025-12-05 17:55:00,2.30929,2.31008,2.30751,2.30803,498
2025-12-05 18:00:00,2.3080600000000002,2.30896,2.30771,2.30859,516
2025-12-05 18:05:00,2.30858,2.30954,2.30831,2.30913,524
2025-12-05 18:10:00,2.30953,2.31023,2.30866,2.30944,527
2025-12-05 18:15:00,2.30964,2.3104,2.3089,2.31023,478
2025-12-05 18:20:00,2.3103,2.31055,2.30911,2.31027,496
2025-12-05 18:25:00,2.31027,2.31031,2.30898,2.3093,426
2025-12-05 18:30:00,2.30972,2.31066,2.30906,2.3106,522
2025-12-05 18:35:00,2.31061,2.3113099999999998,2.30993,2.31044,433
2025-12-05 18:40:00,2.31043,2.3109,2.30957,2.3100899999999998,430
2025-12-05 18:45:00,2.31004,2.31021,2.30907,2.30939,371
2025-12-05 18:50:00,2.30938,2.3102,2.30889,2.3095499999999998,402
2025-12-05 18:55:00,2.30956,2.30964,2.30823,2.30864,325
2025-12-05 19:00:00,2.30823,2.30911,2.30791,2.30829,403
2025-12-05 19:05:00,2.3083299999999998,2.30944,2.30808,2.30937,297
2025-12-05 19:10:00,2.30936,2.30951,2.30869,2.30895,232
2025-12-05 19:15:00,2.3089399999999998,2.30916,2.30792,2.3081300000000002,265
2025-12-05 19:20:00,2.30812,2.30854,2.30787,2.30852,261
2025-12-05 19:25:00,2.30852,2.30866,2.30767,2.30834,321
2025-12-05 19:30:00,2.30834,2.30869,2.30784,2.30842,310
2025-12-05 19:35:00,2.30844,2.30919,2.3081,2.30898,286
2025-12-05 19:40:00,2.3089399999999998,2.30904,2.30808,2.3086,278
2025-12-05 19:45:00,2.30862,2.3087,2.30793,2.30821,297
2025-12-05 19:50:00,2.3082,2.30845,2.30727,2.30753,281
2025-12-05 19:55:00,2.30751,2.30819,2.3073,2.30814,304
2025-12-05 20:00:00,2.30773,2.30878,2.30755,2.30832,352
2025-12-05 20:05:00,2.3083299999999998,2.3091,2.30825,2.30851,264
2025-12-05 20:10:00,2.30852,2.3092,2.3081,2.30842,241
2025-12-05 20:15:00,2.30843,2.30931,2.30841,2.30907,245
2025-12-05 20:20:00,2.30908,2.30941,2.30831,2.30868,298
2025-12-05 20:25:00,2.30867,2.30908,2.30829,2.3087,260
2025-12-05 20:30:00,2.30872,2.30903,2.30838,2.30879,268
2025-12-05 20:35:00,2.30883,2.30932,2.30871,2.30881,210
2025-12-05 20:40:00,2.30883,2.30951,2.30873,2.3092,242
2025-12-05 20:45:00,2.30919,2.30937,2.30863,2.30899,237
2025-12-05 20:50:00,2.30899,2.30942,2.30847,2.30847,212
2025-12-05 20:55:00,2.30849,2.30884,2.30804,2.30873,255
2025-12-05 21:00:00,2.3087400000000002,2.30925,2.30861,2.30907,328
2025-12-05 21:05:00,2.30903,2.30918,2.30858,2.3088699999999998,227
2025-12-05 21:10:00,2.30885,2.30921,2.30864,2.3089399999999998,202
2025-12-05 21:15:00,2.30895,2.30956,2.30883,2.30903,258
2025-12-05 21:20:00,2.30905,2.30933,2.30859,2.3089,277
2025-12-05 21:25:00,2.30889,2.30927,2.30867,2.30899,181
2025-12-05 21:30:00,2.30899,2.30916,2.30849,2.30875,182
2025-12-05 21:35:00,2.3088,2.3088699999999998,2.30798,2.30849,214
2025-12-05 21:40:00,2.30848,2.30879,2.30814,2.30858,197
2025-12-05 21:45:00,2.30838,2.30886,2.30834,2.30849,178
2025-12-05 21:50:00,2.30848,2.30863,2.30792,2.30848,193
2025-12-05 21:55:00,2.30849,2.30884,2.3079,2.30795,269
2025-12-05 22:00:00,2.30796,2.30865,2.3078,2.30839,274
2025-12-05 22:05:00,2.30838,2.30851,2.3077,2.30789,203
2025-12-05 22:10:00,2.30787,2.30809,2.30748,2.3075,222
2025-12-05 22:15:00,2.30791,2.30799,2.30742,2.3074500000000002,178
2025-12-05 22:20:00,2.30748,2.30807,2.30727,2.3079,228
2025-12-05 22:25:00,2.30789,2.30825,2.30748,2.3082,218
2025-12-05 22:30:00,2.30822,2.30857,2.30799,2.30829,189
2025-12-05 22:35:00,2.30831,2.30859,2.30811,2.30843,134
2025-12-05 22:40:00,2.30839,2.30869,2.30817,2.3082599999999998,160
2025-12-05 22:45:00,2.30827,2.3087400000000002,2.3082599999999998,2.30848,167
2025-12-05 22:50:00,2.30846,2.30871,2.30798,2.30846,256
2025-12-05 22:55:00,2.30842,2.3089399999999998,2.30815,2.30839,311
2025-12-05 23:00:00,2.30769,2.3082,2.30748,2.30794,231
2025-12-05 23:05:00,2.30795,2.30849,2.30768,2.30791,176
2025-12-05 23:10:00,2.30789,2.30796,2.3076,2.3077199999999998,148
2025-12-05 23:15:00,2.3077199999999998,2.30857,2.30736,2.30854,155
2025-12-05 23:20:00,2.30855,2.30855,2.30779,2.30823,154
2025-12-05 23:25:00,2.30824,2.30828,2.30753,2.30773,204
2025-12-05 23:30:00,2.3077199999999998,2.30823,2.30741,2.30761,243
2025-12-05 23:35:00,2.3076,2.3082599999999998,2.30729,2.30805,160
2025-12-05 23:40:00,2.30808,2.3088,2.30807,2.3081,150
2025-12-05 23:45:00,2.30809,2.30832,2.30758,2.30764,276
2025-12-05 23:50:00,2.30762,2.3077,2.3070399999999998,2.3073,151
2025-12-05 23:55:00,2.30657,2.30661,2.30443,2.30515,372
2025-12-08 00:00:00,2.30238,2.30296,2.30226,2.3023,11
2025-12-08 00:05:00,2.30228,2.30356,2.29951,2.29998,57
2025-12-08 00:10:00,2.29998,2.30057,2.29988,2.30045,48
2025-12-08 00:15:00,2.30045,2.30551,2.30045,2.30499,132
2025-12-08 00:20:00,2.305,2.30661,2.30473,2.30545,96
2025-12-08 00:25:00,2.30545,2.3058,2.30497,2.30512,143
2025-12-08 00:30:00,2.30534,2.30576,2.30491,2.3050100000000002,77
2025-12-08 00:35:00,2.3050100000000002,2.30533,2.3049,2.30511,58
2025-12-08 00:40:00,2.30491,2.30605,2.30491,2.3058,115
2025-12-08 00:45:00,2.30578,2.30805,2.30578,2.30724,299
2025-12-08 00:50:00,2.30708,2.30792,2.3056900000000002,2.30573,138
2025-12-08 00:55:00,2.30588,2.30681,2.30585,2.30621,81
2025-12-08 01:00:00,2.30664,2.30919,2.306,2.30821,622
2025-12-08 01:05:00,2.30819,2.30866,2.30676,2.30738,415
2025-12-08 01:10:00,2.3075200000000002,2.3079,2.30707,2.30724,305
2025-12-08 01:15:00,2.30724,2.30856,2.30724,2.30793,576
2025-12-08 01:20:00,2.30792,2.3083,2.30749,2.30785,583
2025-12-08 01:25:00,2.3077199999999998,2.30848,2.3074500000000002,2.30769,475
2025-12-08 01:30:00,2.30789,2.3081300000000002,2.30674,2.30758,438
2025-12-08 01:35:00,2.3075200000000002,2.30762,2.30661,2.3069100000000002,300
2025-12-08 01:40:00,2.30692,2.30728,2.3066,2.3067,223
2025-12-08 01:45:00,2.30668,2.30729,2.30654,2.30665,207
2025-12-08 01:50:00,2.30667,2.30706,2.30642,2.30695,215
2025-12-08 01:55:00,2.30694,2.30741,2.30653,2.30737,184
2025-12-08 02:00:00,2.30731,2.30756,2.30507,2.3050800000000002,334
2025-12-08 02:05:00,2.30506,2.30595,2.3050100000000002,2.30503,257
2025-12-08 02:10:00,2.30502,2.30577,2.30499,2.30545,207
2025-12-08 02:15:00,2.30546,2.30571,2.30495,2.30551,207
2025-12-08 02:20:00,2.30551,2.30558,2.30486,2.30512,202
2025-12-08 02:25:00,2.30511,2.3053,2.30481,2.30497,187
2025-12-08 02:30:00,2.30497,2.30535,2.30455,2.30477,227
2025-12-08 02:35:00,2.30478,2.30523,2.30471,2.30484,183
2025-12-08 02:40:00,2.30482,2.30507,2.30413,2.3047,160
2025-12-08 02:45:00,2.30468,2.3050800000000002,2.30424,2.3049,252
2025-12-08 02:50:00,2.3049,2.30552,2.3048,2.30493,245
2025-12-08 02:55:00,2.30495,2.30525,2.30436,2.3045999999999998,328
2025-12-08 03:00:00,2.30458,2.30512,2.30374,2.30404,425
2025-12-08 03:05:00,2.30402,2.30424,2.3034,2.3038,285
2025-12-08 03:10:00,2.30378,2.30445,2.3032500000000002,2.30409,283
2025-12-08 03:15:00,2.3041,2.30502,2.30397,2.30495,276
2025-12-08 03:20:00,2.30496,2.3050800000000002,2.30437,2.30462,244
2025-12-08 03:25:00,2.30463,2.30469,2.30385,2.3043,223
2025-12-08 03:30:00,2.30432,2.30464,2.30258,2.3028399999999998,281
2025-12-08 03:35:00,2.3028399999999998,2.30403,2.30237,2.3034499999999998,236
2025-12-08 03:40:00,2.30346,2.30402,2.30339,2.30395,215
2025-12-08 03:45:00,2.30397,2.30442,2.30359,2.30361,231
2025-12-08 03:50:00,2.30363,2.30385,2.30302,2.30356,239
2025-12-08 03:55:00,2.30355,2.30421,2.30346,2.30388,223
2025-12-08 04:00:00,2.30389,2.30401,2.30313,2.30384,250
2025-12-08 04:05:00,2.30378,2.30403,2.3033799999999998,2.3038,211
2025-12-08 04:10:00,2.3039,2.30445,2.30359,2.30418,224
2025-12-08 04:15:00,2.30417,2.30469,2.30363,2.30366,196
2025-12-08 04:20:00,2.30352,2.30444,2.30352,2.30412,150
2025-12-08 04:25:00,2.30415,2.30445,2.30382,2.30431,209
2025-12-08 04:30:00,2.30433,2.30502,2.30411,2.30481,254
2025-12-08 04:35:00,2.30479,2.30505,2.3041,2.30504,215
2025-12-08 04:40:00,2.30503,2.30506,2.30462,2.30477,179
2025-12-08 04:45:00,2.30477,2.30482,2.30395,2.30433,227
2025-12-08 04:50:00,2.30434,2.30492,2.30409,2.30469,199
2025-12-08 04:55:00,2.30468,2.3049,2.3037900000000002,2.30387,188
2025-12-08 05:00:00,2.3038600000000002,2.30433,2.30331,2.30343,212
2025-12-08 05:05:00,2.30342,2.30412,2.30342,2.30394,156
2025-12-08 05:10:00,2.30396,2.30474,2.30365,2.30456,187
2025-12-08 05:15:00,2.30456,2.30496,2.30418,2.30461,184
2025-12-08 05:20:00,2.30461,2.30487,2.30432,2.3048,133
2025-12-08 05:25:00,2.3048,2.30486,2.3042,2.30422,175
2025-12-08 05:30:00,2.30421,2.30478,2.30407,2.30423,179
2025-12-08 05:35:00,2.30422,2.30517,2.30417,2.30477,176
2025-12-08 05:40:00,2.30477,2.3050800000000002,2.30451,2.30485,136
2025-12-08 05:45:00,2.30484,2.30525,2.3045999999999998,2.30503,152
2025-12-08 05:50:00,2.30502,2.30551,2.3044700000000002,2.30524,165
2025-12-08 05:55:00,2.30525,2.30593,2.30513,2.30554,199
2025-12-08 06:00:00,2.30545,2.30545,2.3047,2.30482,167
2025-12-08 06:05:00,2.30479,2.30544,2.30465,2.30493,146
2025-12-08 06:10:00,2.30495,2.30506,2.30431,2.30471,165
2025-12-08 06:15:00,2.30469,2.30559,2.30455,2.30557,173
2025-12-08 06:20:00,2.30558,2.30593,2.30523,2.30587,137
2025-12-08 06:25:00,2.30588,2.30618,2.30565,2.30594,114
2025-12-08 06:30:00,2.30595,2.3062300000000002,2.30577,2.30604,118
2025-12-08 06:35:00,2.30603,2.30627,2.30549,2.30606,172
2025-12-08 06:40:00,2.30585,2.30622,2.30575,2.30577,133
2025-12-08 06:45:00,2.3058,2.30612,2.30557,2.30598,121
2025-12-08 06:50:00,2.30605,2.30605,2.30545,2.3055,118
2025-12-08 06:55:00,2.30549,2.30603,2.30549,2.30568,158
2025-12-08 07:00:00,2.30578,2.30618,2.30545,2.30596,148
2025-12-08 07:05:00,2.30598,2.30622,2.30549,2.30568,133
2025-12-08 07:10:00,2.3057,2.30622,2.30542,2.30619,163
2025-12-08 07:15:00,2.30617,2.30671,2.30566,2.30619,164
2025-12-08 07:20:00,2.30617,2.3066,2.30605,2.30631,165
2025-12-08 07:25:00,2.30629,2.3064999999999998,2.30576,2.30617,155
2025-12-08 07:30:00,2.30616,2.3062300000000002,2.3050800000000002,2.30526,155
2025-12-08 07:35:00,2.30527,2.3056,2.30484,2.3052799999999998,224
2025-12-08 07:40:00,2.30526,2.30547,2.30495,2.3052099999999998,196
2025-12-08 07:45:00,2.30522,2.3055,2.30483,2.3052799999999998,192
2025-12-08 07:50:00,2.3053,2.30585,2.30494,2.30495,218
2025-12-08 07:55:00,2.30496,2.30538,2.30471,2.30485,229
2025-12-08 08:00:00,2.30485,2.3052799999999998,2.30426,2.30435,524
2025-12-08 08:05:00,2.30434,2.30496,2.30414,2.30487,307
2025-12-08 08:10:00,2.30487,2.30529,2.30439,2.30509,297
2025-12-08 08:15:00,2.3051,2.30534,2.30446,2.30499,275
2025-12-08 08:20:00,2.30498,2.30514,2.30426,2.30454,279
2025-12-08 08:25:00,2.30455,2.30475,2.30373,2.30471,266
2025-12-08 08:30:00,2.30479,2.30492,2.3040599999999998,2.30435,233
2025-12-08 08:35:00,2.30437,2.30538,2.30437,2.30529,257
2025-12-08 08:40:00,2.3052799999999998,2.3059,2.30516,2.3052,260
2025-12-08 08:45:00,2.30522,2.30583,2.30486,2.30499,276
2025-12-08 08:50:00,2.30496,2.30548,2.30451,2.30499,264
2025-12-08 08:55:00,2.305,2.3052099999999998,2.30414,2.30414,227
2025-12-08 09:00:00,2.30415,2.30502,2.30393,2.30427,328
2025-12-08 09:05:00,2.30405,2.30481,2.30367,2.30441,342
2025-12-08 09:10:00,2.30443,2.30555,2.30442,2.3050800000000002,309
2025-12-08 09:15:00,2.30505,2.30516,2.30367,2.30403,267
2025-12-08 09:20:00,2.30402,2.30478,2.30385,2.30452,262
2025-12-08 09:25:00,2.3045,2.30465,2.30376,2.3038,234
2025-12-08 09:30:00,2.30382,2.30498,2.3038,2.30446,282
2025-12-08 09:35:00,2.30445,2.30557,2.30436,2.30524,292
2025-12-08 09:40:00,2.30527,2.30555,2.30474,2.30545,262
2025-12-08 09:45:00,2.30543,2.30658,2.30473,2.30657,323
2025-12-08 09:50:00,2.30656,2.3075,2.30636,2.30727,350
2025-12-08 09:55:00,2.30728,2.30777,2.30584,2.3058899999999998,251
2025-12-08 10:00:00,2.3063000000000002,2.3070399999999998,2.3056900000000002,2.30577,364
2025-12-08 10:05:00,2.3059,2.30668,2.30475,2.30539,380
2025-12-08 10:10:00,2.30519,2.30572,2.3047,2.30475,341
2025-12-08 10:15:00,2.30515,2.30527,2.30342,2.30444,372
2025-12-08 10:20:00,2.30443,2.3045,2.30321,2.30382,320
2025-12-08 10:25:00,2.3039,2.30432,2.30333,2.30424,308
2025-12-08 10:30:00,2.30423,2.30513,2.30413,2.30511,283
2025-12-08 10:35:00,2.3049,2.30563,2.30431,2.30483,300
2025-12-08 10:40:00,2.30485,2.30523,2.30417,2.30465,255
2025-12-08 10:45:00,2.3046699999999998,2.30474,2.30402,2.30417,226
2025-12-08 10:50:00,2.30419,2.30464,2.3039,2.30441,248
2025-12-08 10:55:00,2.30441,2.30494,2.30412,2.30417,346
2025-12-08 11:00:00,2.30415,2.30483,2.30401,2.30438,316
2025-12-08 11:05:00,2.30436,2.30513,2.30391,2.30424,285
2025-12-08 11:10:00,2.30425,2.30516,2.30418,2.30483,329
2025-12-08 11:15:00,2.30482,2.30507,2.3041,2.30472,295
2025-12-08 11:20:00,2.30468,2.30468,2.30337,2.30359,298
2025-12-08 11:25:00,2.30358,2.30372,2.30153,2.30207,341
2025-12-08 11:30:00,2.30206,2.3023,2.3013,2.30179,306
2025-12-08 11:35:00,2.30178,2.30206,2.30115,2.30115,246
2025-12-08 11:40:00,2.30115,2.30222,2.3007,2.30092,346
2025-12-08 11:45:00,2.30092,2.30197,2.3006,2.30098,291
2025-12-08 11:50:00,2.301,2.30226,2.30096,2.30182,264
2025-12-08 11:55:00,2.30202,2.30263,2.30172,2.30198,308
2025-12-08 12:00:00,2.302,2.30295,2.302,2.3027,285
2025-12-08 12:05:00,2.3025,2.3029,2.30191,2.30262,254
2025-12-08 12:10:00,2.30262,2.30297,2.30193,2.30295,260
2025-12-08 12:15:00,2.30297,2.30381,2.30265,2.30351,278
2025-12-08 12:20:00,2.30351,2.30405,2.30313,2.30371,227
2025-12-08 12:25:00,2.30369,2.30412,2.30293,2.30307,236
2025-12-08 12:30:00,2.30306,2.30374,2.30273,2.30307,246
2025-12-08 12:35:00,2.30308,2.30353,2.30285,2.30343,240
2025-12-08 12:40:00,2.30344,2.30367,2.30302,2.30362,207
2025-12-08 12:45:00,2.30322,2.3038600000000002,2.30275,2.30278,275
2025-12-08 12:50:00,2.30276,2.30355,2.30268,2.30323,263
2025-12-08 12:55:00,2.30324,2.30349,2.30241,2.30316,330
2025-12-08 13:00:00,2.30321,2.30385,2.30297,2.30328,314
2025-12-08 13:05:00,2.3033799999999998,2.30424,2.30315,2.30381,324
2025-12-08 13:10:00,2.30382,2.30443,2.30364,2.30385,272
2025-12-08 13:15:00,2.30387,2.3043,2.30348,2.30392,238
2025-12-08 13:20:00,2.30394,2.30475,2.30356,2.30472,206
2025-12-08 13:25:00,2.30471,2.30476,2.30355,2.30396,265
2025-12-08 13:30:00,2.30397,2.30405,2.30308,2.3038,262
2025-12-08 13:35:00,2.3037900000000002,2.30407,2.3033799999999998,2.30383,242
2025-12-08 13:40:00,2.30382,2.3046699999999998,2.30363,2.30446,243
2025-12-08 13:45:00,2.30446,2.30522,2.30398,2.30468,239
2025-12-08 13:50:00,2.30466,2.30533,2.3043,2.30517,273
2025-12-08 13:55:00,2.30518,2.30567,2.30465,2.30512,376
2025-12-08 14:00:00,2.30514,2.30532,2.3037,2.30373,390
2025-12-08 14:05:00,2.30372,2.30507,2.30372,2.30499,306
2025-12-08 14:10:00,2.30506,2.30546,2.30451,2.30466,305
2025-12-08 14:15:00,2.30504,2.3057,2.30469,2.30549,241
2025-12-08 14:20:00,2.3055,2.30597,2.30457,2.30516,270
2025-12-08 14:25:00,2.30515,2.30556,2.30449,2.30531,238
2025-12-08 14:30:00,2.30533,2.30578,2.30503,2.30532,251
2025-12-08 14:35:00,2.30533,2.30558,2.30476,2.30494,203
2025-12-08 14:40:00,2.30513,2.30548,2.30417,2.30441,243
2025-12-08 14:45:00,2.30442,2.30462,2.30281,2.30292,243
2025-12-08 14:50:00,2.30291,2.30322,2.30227,2.3023,298
2025-12-08 14:55:00,2.30226,2.30269,2.30172,2.30191,304
2025-12-08 15:00:00,2.3018,2.30194,2.30098,2.30168,371
2025-12-08 15:05:00,2.30167,2.3022,2.30124,2.30129,368
2025-12-08 15:10:00,2.30125,2.30239,2.30125,2.30171,351
2025-12-08 15:15:00,2.30173,2.3024,2.30068,2.30083,433
2025-12-08 15:20:00,2.3008100000000002,2.30254,2.30061,2.30235,368
2025-12-08 15:25:00,2.30236,2.30238,2.30154,2.30176,359
2025-12-08 15:30:00,2.30154,2.30255,2.30131,2.30136,385
2025-12-08 15:35:00,2.30176,2.30305,2.30131,2.30241,344
2025-12-08 15:40:00,2.30242,2.30295,2.302,2.30233,326
2025-12-08 15:45:00,2.30234,2.30259,2.30164,2.30218,322
2025-12-08 15:50:00,2.30238,2.30312,2.30215,2.30285,375
2025-12-08 15:55:00,2.30278,2.3034499999999998,2.30241,2.30307,384
2025-12-08 16:00:00,2.30309,2.30388,2.30214,2.3038600000000002,391
2025-12-08 16:05:00,2.30388,2.30412,2.30317,2.30368,371
2025-12-08 16:10:00,2.30369,2.30439,2.30347,2.30415,358
2025-12-08 16:15:00,2.30414,2.30481,2.3037900000000002,2.30427,304
2025-12-08 16:20:00,2.30425,2.30462,2.30335,2.3037900000000002,374
2025-12-08 16:25:00,2.30419,2.30473,2.30365,2.30419,424
2025-12-08 16:30:00,2.30417,2.30472,2.3032500000000002,2.30352,447
2025-12-08 16:35:00,2.30354,2.30481,2.30349,2.30413,441
2025-12-08 16:40:00,2.30407,2.30529,2.30357,2.30459,482
2025-12-08 16:45:00,2.30456,2.30658,2.30456,2.30648,587
2025-12-08 16:50:00,2.30649,2.30699,2.3050800000000002,2.30601,593
2025-12-08 16:55:00,2.30561,2.30777,2.3055,2.30761,546
2025-12-08 17:00:00,2.30764,2.30857,2.30739,2.30857,562
2025-12-08 17:05:00,2.30862,2.30942,2.30819,2.30886,526
2025-12-08 17:10:00,2.30885,2.30971,2.30876,2.30908,483
2025-12-08 17:15:00,2.30907,2.30981,2.30861,2.30949,531
2025-12-08 17:20:00,2.30947,2.3097,2.30865,2.30946,488
2025-12-08 17:25:00,2.30947,2.31089,2.30931,2.31005,455
2025-12-08 17:30:00,2.31006,2.31036,2.30897,2.3091,389
2025-12-08 17:35:00,2.30913,2.30953,2.30809,2.3093,449
2025-12-08 17:40:00,2.30932,2.31034,2.30907,2.30977,490
2025-12-08 17:45:00,2.30976,2.31079,2.30963,2.31039,444
2025-12-08 17:50:00,2.31038,2.31113,2.31023,2.31053,497
2025-12-08 17:55:00,2.31055,2.31127,2.31002,2.3106,457
2025-12-08 18:00:00,2.31063,2.31102,2.3096,2.30988,456
2025-12-08 18:05:00,2.30991,2.31034,2.309,2.30925,423
2025-12-08 18:10:00,2.30926,2.30995,2.30863,2.30911,329
2025-12-08 18:15:00,2.30909,2.30931,2.30788,2.30794,436
2025-12-08 18:20:00,2.30795,2.30899,2.3076,2.30891,427
2025-12-08 18:25:00,2.30891,2.309,2.30802,2.30818,432
2025-12-08 18:30:00,2.3082,2.30868,2.30778,2.30815,413
2025-12-08 18:35:00,2.30816,2.30951,2.30801,2.30934,412
2025-12-08 18:40:00,2.30937,2.3102,2.30925,2.30985,397
2025-12-08 18:45:00,2.30984,2.30985,2.30896,2.3098,375
2025-12-08 18:50:00,2.30977,2.30981,2.30873,2.30892,309
2025-12-08 18:55:00,2.3089399999999998,2.30919,2.30824,2.30837,319
2025-12-08 19:00:00,2.3083299999999998,2.30881,2.30807,2.30843,333
2025-12-08 19:05:00,2.30841,2.30858,2.3075200000000002,2.30771,289
2025-12-08 19:10:00,2.30769,2.30789,2.30688,2.30754,250
2025-12-08 19:15:00,2.30756,2.30762,2.3068400000000002,2.30734,274
2025-12-08 19:20:00,2.30735,2.30791,2.30688,2.3072,246
2025-12-08 19:25:00,2.30718,2.30777,2.30692,2.3072,331
2025-12-08 19:30:00,2.30722,2.30738,2.30664,2.30672,329
2025-12-08 19:35:00,2.30673,2.30698,2.30611,2.3062300000000002,311
2025-12-08 19:40:00,2.30621,2.30681,2.30588,2.30649,306
2025-12-08 19:45:00,2.30648,2.30661,2.30572,2.30604,283
2025-12-08 19:50:00,2.30605,2.3067,2.30602,2.3062,291
2025-12-08 19:55:00,2.30621,2.30676,2.30568,2.30579,372
2025-12-08 20:00:00,2.30576,2.30622,2.30523,2.30553,363
2025-12-08 20:05:00,2.30551,2.30612,2.3052099999999998,2.30538,221
2025-12-08 20:10:00,2.30578,2.30585,2.30507,2.30532,270
2025-12-08 20:15:00,2.30532,2.3059,2.3051,2.3057,202
2025-12-08 20:20:00,2.30529,2.30613,2.30524,2.3058199999999998,231
2025-12-08 20:25:00,2.3058,2.30683,2.3056,2.3063000000000002,312
2025-12-08 20:30:00,2.30632,2.30787,2.30632,2.30761,346
2025-12-08 20:35:00,2.30759,2.30797,2.30692,2.30708,278
2025-12-08 20:40:00,2.30706,2.30782,2.30703,2.30725,241
2025-12-08 20:45:00,2.3074500000000002,2.30775,2.30675,2.30742,260
2025-12-08 20:50:00,2.30738,2.30809,2.30728,2.30776,248
2025-12-08 20:55:00,2.30775,2.30879,2.30775,2.30836,324
2025-12-08 21:00:00,2.30838,2.3087,2.30794,2.3081,300
2025-12-08 21:05:00,2.30808,2.30851,2.30791,2.30792,223
2025-12-08 21:10:00,2.3083,2.30881,2.30803,2.30829,272
2025-12-08 21:15:00,2.30829,2.3086,2.30778,2.30814,252
2025-12-08 21:20:00,2.30818,2.3085,2.3077199999999998,2.30803,202
2025-12-08 21:25:00,2.30805,2.30847,2.30791,2.30797,197
2025-12-08 21:30:00,2.30797,2.30847,2.30781,2.30788,204
2025-12-08 21:35:00,2.30784,2.30825,2.30749,2.30791,213
2025-12-08 21:40:00,2.30792,2.308,2.30732,2.30762,168
2025-12-08 21:45:00,2.30761,2.30798,2.30751,2.30751,188
2025-12-08 21:50:00,2.3075,2.30791,2.30731,2.30762,295
2025-12-08 21:55:00,2.30759,2.30821,2.30749,2.30791,319
2025-12-08 22:00:00,2.30792,2.30809,2.30737,2.30783,228
2025-12-08 22:05:00,2.30784,2.30789,2.30727,2.3075,169
2025-12-08 22:10:00,2.30751,2.30756,2.30703,2.30746,197
2025-12-08 22:15:00,2.30744,2.30759,2.30699,2.30724,151
2025-12-08 22:20:00,2.30723,2.30756,2.307,2.3075,160
2025-12-08 22:25:00,2.3075200000000002,2.30791,2.3073,2.30757,179
2025-12-08 22:30:00,2.30758,2.30805,2.30737,2.30804,196
2025-12-08 22:35:00,2.30805,2.30805,2.30755,2.30777,185
2025-12-08 22:40:00,2.30776,2.3081,2.3075200000000002,2.30787,135
2025-12-08 22:45:00,2.30784,2.30787,2.30709,2.3074500000000002,170
2025-12-08 22:50:00,2.30743,2.30759,2.30688,2.30721,185
2025-12-08 22:55:00,2.30721,2.30723,2.30641,2.30641,219
2025-12-08 23:00:00,2.30568,2.30629,2.30527,2.3058,172
2025-12-08 23:05:00,2.30583,2.30593,2.30546,2.3057,134
2025-12-08 23:10:00,2.30571,2.30611,2.30567,2.30605,104
2025-12-08 23:15:00,2.30604,2.30612,2.30538,2.30577,100
2025-12-08 23:20:00,2.30578,2.30586,2.3056200000000002,2.30568,88
2025-12-08 23:25:00,2.3057,2.3063000000000002,2.3053,2.30551,130
2025-12-08 23:30:00,2.30546,2.30601,2.3052099999999998,2.30599,141
2025-12-08 23:35:00,2.30598,2.30701,2.3056900000000002,2.30682,145
2025-12-08 23:40:00,2.30683,2.3071,2.30659,2.30678,90
2025-12-08 23:45:00,2.30698,2.30699,2.30614,2.30616,123
2025-12-08 23:50:00,2.30616,2.30633,2.30586,2.30633,131
2025-12-08 23:55:00,2.30484,2.30486,2.30418,2.3043,136
2025-12-09 00:00:00,2.30512,2.30512,2.30371,2.30463,10
2025-12-09 00:05:00,2.30388,2.30474,2.30378,2.30456,16
2025-12-09 00:10:00,2.30456,2.30496,2.30454,2.30476,11
2025-12-09 00:15:00,2.30618,2.30646,2.3055,2.30551,58
2025-12-09 00:20:00,2.30531,2.30635,2.3052,2.3057,52
2025-12-09 00:25:00,2.30571,2.30593,2.30538,2.30554,107
2025-12-09 00:30:00,2.30553,2.3062,2.30516,2.30598,144
2025-12-09 00:35:00,2.30598,2.30649,2.3058,2.30649,135
2025-12-09 00:40:00,2.30645,2.30683,2.3062300000000002,2.30637,151
2025-12-09 00:45:00,2.30636,2.30651,2.30604,2.30605,128
2025-12-09 00:50:00,2.30605,2.30678,2.30557,2.30578,69
2025-12-09 00:55:00,2.30577,2.30626,2.30548,2.30615,284
2025-12-09 01:00:00,2.30702,2.30706,2.30597,2.30658,195
2025-12-09 01:05:00,2.30659,2.30703,2.30649,2.3068,83
2025-12-09 01:10:00,2.30681,2.30695,2.3063000000000002,2.30665,121
2025-12-09 01:15:00,2.30685,2.30687,2.30628,2.30667,128
2025-12-09 01:20:00,2.30666,2.30685,2.3064299999999998,2.30659,87
2025-12-09 01:25:00,2.30679,2.30769,2.30672,2.30738,107
2025-12-09 01:30:00,2.30736,2.30764,2.3070399999999998,2.30735,118
2025-12-09 01:35:00,2.30738,2.30768,2.30713,2.30716,114
2025-12-09 01:40:00,2.30717,2.30748,2.3069,2.30748,86
2025-12-09 01:45:00,2.30732,2.3075200000000002,2.3067,2.30701,107
2025-12-09 01:50:00,2.30702,2.30726,2.30681,2.30708,80
2025-12-09 01:55:00,2.30709,2.30734,2.30677,2.3070399999999998,120
2025-12-09 02:00:00,2.30705,2.30787,2.30699,2.30751,198
2025-12-09 02:05:00,2.30753,2.30761,2.3069,2.3076,181
2025-12-09 02:10:00,2.30759,2.3076,2.30651,2.30657,111
2025-12-09 02:15:00,2.30659,2.30748,2.30628,2.30693,139
2025-12-09 02:20:00,2.30695,2.30736,2.30658,2.30723,116
2025-12-09 02:25:00,2.30718,2.30746,2.30675,2.3072,131
2025-12-09 02:30:00,2.3072,2.3072,2.3066,2.30663,150
2025-12-09 02:35:00,2.30664,2.30685,2.30636,2.3064,163
2025-12-09 02:40:00,2.3064,2.30676,2.30629,2.30659,135
2025-12-09 02:45:00,2.30659,2.30714,2.30604,2.30693,155
2025-12-09 02:50:00,2.30696,2.3071,2.30637,2.30686,172
2025-12-09 02:55:00,2.30685,2.30811,2.30685,2.30769,329
2025-12-09 03:00:00,2.30771,2.30898,2.30739,2.30836,318
2025-12-09 03:05:00,2.30835,2.30924,2.30835,2.3087,259
2025-12-09 03:10:00,2.30866,2.30892,2.30741,2.30754,248
2025-12-09 03:15:00,2.3075200000000002,2.30821,2.30706,2.30797,217
2025-12-09 03:20:00,2.30817,2.30829,2.30736,2.30817,196
2025-12-09 03:25:00,2.30816,2.30824,2.30768,2.30808,163
2025-12-09 03:30:00,2.30809,2.3082599999999998,2.30713,2.30716,239
2025-12-09 03:35:00,2.30714,2.30827,2.3070399999999998,2.30789,206
2025-12-09 03:40:00,2.30823,2.30823,2.30766,2.30797,195
2025-12-09 03:45:00,2.30797,2.30891,2.30797,2.30824,225
2025-12-09 03:50:00,2.30822,2.30877,2.30784,2.30868,237
2025-12-09 03:55:00,2.30869,2.30875,2.3077199999999998,2.30862,284
2025-12-09 04:00:00,2.30863,2.30863,2.30742,2.30805,234
2025-12-09 04:05:00,2.30803,2.30824,2.30755,2.30809,216
2025-12-09 04:10:00,2.30769,2.30825,2.30739,2.30805,206
2025-12-09 04:15:00,2.3080600000000002,2.30869,2.30804,2.30827,233
2025-12-09 04:20:00,2.30825,2.30837,2.30724,2.30785,192
2025-12-09 04:25:00,2.30767,2.30767,2.3064999999999998,2.30671,229
2025-12-09 04:30:00,2.30672,2.30759,2.30635,2.30737,217
2025-12-09 04:35:00,2.30739,2.30784,2.30692,2.3073,244
2025-12-09 04:40:00,2.30728,2.3073,2.30665,2.30671,176
2025-12-09 04:45:00,2.3064999999999998,2.30668,2.30572,2.30615,160
2025-12-09 04:50:00,2.30621,2.30633,2.30514,2.30607,227
2025-12-09 04:55:00,2.30608,2.30635,2.30533,2.30566,259
2025-12-09 05:00:00,2.30565,2.30639,2.30544,2.30601,179
2025-12-09 05:05:00,2.30605,2.30608,2.30523,2.30575,174
2025-12-09 05:10:00,2.30575,2.30575,2.3045999999999998,2.30504,144
2025-12-09 05:15:00,2.30503,2.30512,2.30371,2.30394,202
2025-12-09 05:20:00,2.30387,2.30438,2.30288,2.30425,201
2025-12-09 05:25:00,2.30423,2.30464,2.30286,2.30286,177
2025-12-09 05:30:00,2.30281,2.30756,2.30263,2.30396,553
2025-12-09 05:35:00,2.30402,2.30548,2.30374,2.30468,301
2025-12-09 05:40:00,2.30471,2.30573,2.30433,2.305,261
2025-12-09 05:45:00,2.30498,2.30536,2.30411,2.3044700000000002,254
2025-12-09 05:50:00,2.30448,2.30449,2.3031800000000002,2.30332,156
2025-12-09 05:55:00,2.30352,2.30357,2.3026,2.30353,213
2025-12-09 06:00:00,2.30354,2.30458,2.30313,2.30412,227
2025-12-09 06:05:00,2.30418,2.30421,2.30301,2.30329,152
2025-12-09 06:10:00,2.30328,2.30347,2.30255,2.3032500000000002,159
2025-12-09 06:15:00,2.30323,2.3034499999999998,2.30204,2.3022,203
2025-12-09 06:20:00,2.30219,2.30271,2.30172,2.3025,215
2025-12-09 06:25:00,2.30249,2.30332,2.30249,2.30316,204
2025-12-09 06:30:00,2.30317,2.30385,2.30197,2.30234,352
2025-12-09 06:35:00,2.30234,2.3029,2.30146,2.30222,364
2025-12-09 06:40:00,2.30224,2.30295,2.3019,2.30271,248
2025-12-09 06:45:00,2.30271,2.30305,2.30183,2.30244,162
2025-12-09 06:50:00,2.30243,2.30287,2.30222,2.30256,168
2025-12-09 06:55:00,2.30258,2.30299,2.30157,2.30204,207
2025-12-09 07:00:00,2.30202,2.3032,2.30123,2.30301,255
2025-12-09 07:05:00,2.30301,2.30384,2.30281,2.30336,267
2025-12-09 07:10:00,2.30337,2.3038,2.30299,2.30329,232
2025-12-09 07:15:00,2.30328,2.30363,2.30285,2.30346,222
2025-12-09 07:20:00,2.3034499999999998,2.30397,2.30303,2.30303,225
2025-12-09 07:25:00,2.30304,2.3033,2.30194,2.30235,215
2025-12-09 07:30:00,2.30235,2.30291,2.30207,2.30247,210
2025-12-09 07:35:00,2.30248,2.30322,2.30198,2.30207,209
2025-12-09 07:40:00,2.30211,2.30322,2.30199,2.30276,184
2025-12-09 07:45:00,2.30274,2.3029,2.3019,2.3022,297
2025-12-09 07:50:00,2.3022299999999998,2.30294,2.30217,2.3028399999999998,231
2025-12-09 07:55:00,2.3028399999999998,2.30368,2.30232,2.30364,301
2025-12-09 08:00:00,2.30323,2.30397,2.30305,2.30354,386
2025-12-09 08:05:00,2.30354,2.30473,2.30328,2.30465,313
2025-12-09 08:10:00,2.30466,2.30495,2.30428,2.30469,240
2025-12-09 08:15:00,2.30491,2.30567,2.3045999999999998,2.30564,258
2025-12-09 08:20:00,2.3056200000000002,2.30583,2.30471,2.30531,251
2025-12-09 08:25:00,2.30532,2.30576,2.30433,2.30576,259
2025-12-09 08:30:00,2.3058199999999998,2.30604,2.30464,2.30494,262
2025-12-09 08:35:00,2.30495,2.30578,2.30461,2.30516,258
2025-12-09 08:40:00,2.30522,2.30534,2.30472,2.30498,252
2025-12-09 08:45:00,2.30504,2.30586,2.30482,2.30546,331
2025-12-09 08:50:00,2.30552,2.30611,2.30517,2.30549,258
2025-12-09 08:55:00,2.30551,2.3056200000000002,2.3045999999999998,2.30494,248
2025-12-09 09:00:00,2.30492,2.30516,2.30383,2.30407,278
2025-12-09 09:05:00,2.30408,2.30469,2.30373,2.30464,249
2025-12-09 09:10:00,2.3046699999999998,2.30532,2.30417,2.30465,270
2025-12-09 09:15:00,2.3046699999999998,2.30527,2.30423,2.30455,285
2025-12-09 09:20:00,2.30454,2.30609,2.30382,2.30578,305
2025-12-09 09:25:00,2.30577,2.30654,2.30519,2.30653,256
2025-12-09 09:30:00,2.30653,2.30656,2.30535,2.30585,234
2025-12-09 09:35:00,2.30584,2.30586,2.30474,2.3051,243
2025-12-09 09:40:00,2.30512,2.30604,2.30496,2.30527,269
2025-12-09 09:45:00,2.3052799999999998,2.30552,2.30455,2.30512,218
2025-12-09 09:50:00,2.30514,2.3057,2.30465,2.3052,190
2025-12-09 09:55:00,2.30515,2.3057,2.30466,2.30518,303
2025-12-09 10:00:00,2.30519,2.30609,2.30509,2.30596,390
2025-12-09 10:05:00,2.30596,2.30666,2.30559,2.30634,394
2025-12-09 10:10:00,2.30634,2.30637,2.30457,2.30493,270
2025-12-09 10:15:00,2.30493,2.30516,2.30435,2.30499,303
2025-12-09 10:20:00,2.30498,2.30534,2.30455,2.30502,292
2025-12-09 10:25:00,2.3050100000000002,2.30613,2.30488,2.30601,335
2025-12-09 10:30:00,2.30602,2.3068400000000002,2.30573,2.3068,355
2025-12-09 10:35:00,2.3068,2.3072,2.30638,2.30678,307
2025-12-09 10:40:00,2.30679,2.30777,2.30671,2.30757,314
2025-12-09 10:45:00,2.30761,2.30839,2.30749,2.30816,308
2025-12-09 10:50:00,2.30816,2.30878,2.30757,2.30867,290
2025-12-09 10:55:00,2.30869,2.30889,2.30754,2.3077199999999998,410
2025-12-09 11:00:00,2.30771,2.30812,2.30631,2.30654,397
2025-12-09 11:05:00,2.30655,2.30717,2.30586,2.30638,392
2025-12-09 11:10:00,2.30639,2.30694,2.30599,2.30667,308
2025-12-09 11:15:00,2.30648,2.30666,2.3050100000000002,2.30565,412
2025-12-09 11:20:00,2.30566,2.30597,2.30402,2.30402,453
2025-12-09 11:25:00,2.30422,2.30485,2.30384,2.30434,368
2025-12-09 11:30:00,2.30435,2.30482,2.30393,2.30474,374
2025-12-09 11:35:00,2.30475,2.30491,2.3038,2.3044700000000002,297
2025-12-09 11:40:00,2.30446,2.30455,2.3034,2.30384,345
2025-12-09 11:45:00,2.30383,2.30418,2.30321,2.30365,349
2025-12-09 11:50:00,2.3034499999999998,2.30382,2.30291,2.30361,324
2025-12-09 11:55:00,2.30361,2.30434,2.30326,2.30397,342
2025-12-09 12:00:00,2.304,2.30465,2.30303,2.3042,390
2025-12-09 12:05:00,2.30418,2.30472,2.30381,2.30457,319
2025-12-09 12:10:00,2.30458,2.30537,2.3043,2.30517,259
2025-12-09 12:15:00,2.30516,2.30535,2.30412,2.30457,315
2025-12-09 12:20:00,2.30436,2.30465,2.30315,2.30356,281
2025-12-09 12:25:00,2.30355,2.3037900000000002,2.30287,2.30293,332
2025-12-09 12:30:00,2.30289,2.3033799999999998,2.30244,2.30303,313
2025-12-09 12:35:00,2.30299,2.3038600000000002,2.30222,2.30383,339
2025-12-09 12:40:00,2.30395,2.30405,2.3022,2.30269,375
2025-12-09 12:45:00,2.30274,2.3038600000000002,2.3023,2.3038600000000002,339
2025-12-09 12:50:00,2.30383,2.30384,2.30273,2.30327,335
2025-12-09 12:55:00,2.3032500000000002,2.30453,2.30259,2.3040599999999998,391
2025-12-09 13:00:00,2.30401,2.30448,2.30314,2.30371,385
2025-12-09 13:05:00,2.30374,2.304,2.30275,2.3027699999999998,265
2025-12-09 13:10:00,2.30278,2.30323,2.30241,2.30296,328
2025-12-09 13:15:00,2.30297,2.30344,2.30258,2.30275,300
2025-12-09 13:20:00,2.30276,2.30314,2.30234,2.30235,303
2025-12-09 13:25:00,2.30235,2.30365,2.30235,2.30295,290
2025-12-09 13:30:00,2.30294,2.30364,2.30282,2.30332,342
2025-12-09 13:35:00,2.30331,2.3035,2.30234,2.30272,287
2025-12-09 13:40:00,2.30268,2.30276,2.3018,2.30225,281
2025-12-09 13:45:00,2.30245,2.3027699999999998,2.30178,2.30244,270
2025-12-09 13:50:00,2.30224,2.30295,2.30199,2.30268,268
2025-12-09 13:55:00,2.30268,2.30269,2.30186,2.30267,330
2025-12-09 14:00:00,2.30259,2.3029,2.3021,2.3025,354
2025-12-09 14:05:00,2.3025,2.30308,2.3020300000000002,2.30299,392
2025-12-09 14:10:00,2.30295,2.3033799999999998,2.30256,2.30304,336
2025-12-09 14:15:00,2.30306,2.30333,2.3025,2.30333,239
2025-12-09 14:20:00,2.30336,2.30392,2.3027699999999998,2.3027699999999998,313
2025-12-09 14:25:00,2.30317,2.30336,2.30239,2.30245,312
2025-12-09 14:30:00,2.30246,2.30303,2.30199,2.3020300000000002,282
2025-12-09 14:35:00,2.3020300000000002,2.30256,2.30189,2.30228,230
2025-12-09 14:40:00,2.30228,2.30255,2.30176,2.30209,276
2025-12-09 14:45:00,2.30211,2.30259,2.30176,2.30183,317
2025-12-09 14:50:00,2.30193,2.30243,2.30177,2.30186,330
2025-12-09 14:55:00,2.30185,2.30251,2.30136,2.3022,351
2025-12-09 15:00:00,2.30218,2.30263,2.30172,2.30213,389
2025-12-09 15:05:00,2.30213,2.30256,2.30164,2.30226,330
2025-12-09 15:10:00,2.30227,2.30235,2.30167,2.30227,219
2025-12-09 15:15:00,2.3023,2.3028399999999998,2.30167,2.30247,429
2025-12-09 15:20:00,2.30241,2.30282,2.30134,2.3014,406
2025-12-09 15:25:00,2.30137,2.30199,2.30126,2.3016,359
2025-12-09 15:30:00,2.30158,2.30296,2.30158,2.30296,428
2025-12-09 15:35:00,2.30295,2.30313,2.30202,2.30241,396
2025-12-09 15:40:00,2.30242,2.30275,2.30105,2.30111,384
2025-12-09 15:45:00,2.30112,2.30195,2.30066,2.30129,361
2025-12-09 15:50:00,2.30128,2.30148,2.3003,2.30082,443
2025-12-09 15:55:00,2.30083,2.3016,2.30072,2.30139,365
2025-12-09 16:00:00,2.30141,2.30173,2.30072,2.30165,429
2025-12-09 16:05:00,2.30172,2.30184,2.30095,2.3014200000000002,361
2025-12-09 16:10:00,2.30139,2.30219,2.30102,2.30134,372
2025-12-09 16:15:00,2.30132,2.30215,2.3007400000000002,2.30194,348
2025-12-09 16:20:00,2.30193,2.3022299999999998,2.30016,2.30067,433
2025-12-09 16:25:00,2.30069,2.30122,2.30005,2.30093,385
2025-12-09 16:30:00,2.3009399999999998,2.30184,2.30047,2.30141,670
2025-12-09 16:35:00,2.3014200000000002,2.30313,2.30092,2.30269,561
2025-12-09 16:40:00,2.30265,2.30336,2.30235,2.30243,524
2025-12-09 16:45:00,2.30239,2.30286,2.30175,2.30189,465
2025-12-09 16:50:00,2.30188,2.30213,2.30046,2.30066,456
2025-12-09 16:55:00,2.30073,2.30102,2.29975,2.2998,444
2025-12-09 17:00:00,2.29914,2.30186,2.29811,2.30076,706
2025-12-09 17:05:00,2.3008100000000002,2.30163,2.29998,2.3015499999999998,632
2025-12-09 17:10:00,2.30116,2.30173,2.30032,2.30098,540
2025-12-09 17:15:00,2.30098,2.30098,2.29954,2.30021,479
2025-12-09 17:20:00,2.30019,2.3006,2.29859,2.29901,504
2025-12-09 17:25:00,2.29882,2.29926,2.29807,2.29836,540
2025-12-09 17:30:00,2.29829,2.29879,2.29678,2.29719,486
2025-12-09 17:35:00,2.29719,2.29762,2.29613,2.29741,388
2025-12-09 17:40:00,2.29744,2.29819,2.29704,2.29771,408
2025-12-09 17:45:00,2.2977,2.29833,2.29725,2.29764,476
2025-12-09 17:50:00,2.29724,2.29807,2.29624,2.29774,504
2025-12-09 17:55:00,2.29767,2.2989100000000002,2.2968,2.29836,499
2025-12-09 18:00:00,2.29841,2.2993,2.29781,2.29788,517
2025-12-09 18:05:00,2.29786,2.29886,2.29775,2.2979,450
2025-12-09 18:10:00,2.29792,2.29829,2.29716,2.29751,465
2025-12-09 18:15:00,2.2975,2.29855,2.29719,2.29839,398
2025-12-09 18:20:00,2.29841,2.29894,2.29786,2.29833,355
2025-12-09 18:25:00,2.29834,2.29919,2.29826,2.29913,366
2025-12-09 18:30:00,2.29915,2.29926,2.29808,2.29856,390
2025-12-09 18:35:00,2.29852,2.29912,2.29809,2.29859,328
2025-12-09 18:40:00,2.2986,2.29916,2.29815,2.29869,350
2025-12-09 18:45:00,2.29866,2.29934,2.29841,2.29864,365
2025-12-09 18:50:00,2.29861,2.29948,2.29854,2.29946,351
2025-12-09 18:55:00,2.29948,2.29971,2.29883,2.29905,387
2025-12-09 19:00:00,2.29905,2.29981,2.29854,2.29864,440
2025-12-09 19:05:00,2.29868,2.29936,2.2984999999999998,2.29919,388
2025-12-09 19:10:00,2.29916,2.30041,2.29906,2.3003299999999998,336
2025-12-09 19:15:00,2.30031,2.30098,2.29999,2.30045,338
2025-12-09 19:20:00,2.30044,2.30088,2.29984,2.30008,408
2025-12-09 19:25:00,2.30007,2.30052,2.2996,2.30016,356
2025-12-09 19:30:00,2.30017,2.30036,2.29971,2.30018,276
2025-12-09 19:35:00,2.30016,2.30117,2.29962,2.30093,328
2025-12-09 19:40:00,2.30091,2.30146,2.30077,2.30132,246
2025-12-09 19:45:00,2.30132,2.30136,2.30044,2.30105,309
2025-12-09 19:50:00,2.30103,2.30111,2.30038,2.30066,252
2025-12-09 19:55:00,2.30066,2.30128,2.30044,2.30096,265
2025-12-09 20:00:00,2.30098,2.3016199999999998,2.30063,2.30114,347
2025-12-09 20:05:00,2.30134,2.30169,2.30107,2.30139,243
2025-12-09 20:10:00,2.30099,2.30189,2.30099,2.30133,231
2025-12-09 20:15:00,2.30132,2.30187,2.301,2.3014200000000002,287
2025-12-09 20:20:00,2.3014,2.30168,2.30096,2.30153,203
2025-12-09 20:25:00,2.30154,2.30204,2.30125,2.30165,220
2025-12-09 20:30:00,2.30167,2.30255,2.30154,2.30217,257
2025-12-09 20:35:00,2.3021599999999998,2.30233,2.30138,2.30138,242
2025-12-09 20:40:00,2.3014,2.30194,2.3009,2.30144,255
2025-12-09 20:45:00,2.30149,2.30158,2.30065,2.30125,182
2025-12-09 20:50:00,2.30125,2.30136,2.30072,2.30121,218
2025-12-09 20:55:00,2.30136,2.30168,2.30105,2.30166,273
2025-12-09 21:00:00,2.30144,2.30191,2.3010099999999998,2.30118,292
2025-12-09 21:05:00,2.30116,2.3015499999999998,2.30095,2.30128,206
2025-12-09 21:10:00,2.30126,2.30139,2.30072,2.30103,180
2025-12-09 21:15:00,2.30102,2.30119,2.30054,2.3006,197
2025-12-09 21:20:00,2.30079,2.30117,2.30055,2.30082,245
2025-12-09 21:25:00,2.30083,2.30112,2.30036,2.3009,275
2025-12-09 21:30:00,2.30091,2.30125,2.30056,2.30104,291
2025-12-09 21:35:00,2.30106,2.30161,2.3009399999999998,2.30121,270
2025-12-09 21:40:00,2.30122,2.30153,2.30089,2.3013,195
2025-12-09 21:45:00,2.30131,2.30165,2.30109,2.30127,213
2025-12-09 21:50:00,2.30126,2.30134,2.30038,2.30053,248
2025-12-09 21:55:00,2.30095,2.30149,2.30045,2.30137,320
2025-12-09 22:00:00,2.30134,2.3015499999999998,2.30084,2.30091,218
2025-12-09 22:05:00,2.30092,2.30167,2.30083,2.30151,186
2025-12-09 22:10:00,2.30149,2.30177,2.30115,2.30168,221
2025-12-09 22:15:00,2.30169,2.30185,2.30098,2.30125,215
2025-12-09 22:20:00,2.30125,2.3015,2.30082,2.3012,188
2025-12-09 22:25:00,2.30117,2.30174,2.30084,2.3009399999999998,246
2025-12-09 22:30:00,2.30116,2.30128,2.30039,2.3008100000000002,265
2025-12-09 22:35:00,2.3010099999999998,2.3012,2.30036,2.3007400000000002,191
2025-12-09 22:40:00,2.30072,2.30104,2.30054,2.3009399999999998,115
2025-12-09 22:45:00,2.30091,2.30091,2.30025,2.30055,129
2025-12-09 22:50:00,2.30053,2.30056,2.29997,2.30034,209
2025-12-09 22:55:00,2.30029,2.30071,2.30022,2.30071,290
2025-12-09 23:00:00,2.29997,2.30035,2.29968,2.29985,231
2025-12-09 23:05:00,2.29984,2.30052,2.29981,2.30034,179
2025-12-09 23:10:00,2.30035,2.30058,2.30018,2.30049,137
2025-12-09 23:15:00,2.3005,2.30073,2.30018,2.30025,124
2025-12-09 23:20:00,2.30025,2.3009399999999998,2.29966,2.30009,97
2025-12-09 23:25:00,2.30005,2.30023,2.29996,2.30008,145
2025-12-09 23:30:00,2.30011,2.30032,2.29971,2.29983,93
2025-12-09 23:35:00,2.29982,2.30041,2.2996,2.3002000000000002,116
2025-12-09 23:40:00,2.30019,2.30049,2.30006,2.30022,99
2025-12-09 23:45:00,2.30026,2.30065,2.30023,2.30062,304
2025-12-09 23:50:00,2.30058,2.30093,2.30015,2.30026,289
2025-12-09 23:55:00,2.30087,2.30087,2.2977600000000002,2.2979,216
2025-12-10 00:00:00,2.29961,2.29961,2.29811,2.2984999999999998,8
2025-12-10 00:05:00,2.2984,2.30032,2.2984,2.29984,19
2025-12-10 00:10:00,2.29984,2.29984,2.29984,2.29984,5
2025-12-10 00:15:00,2.30134,2.30188,2.30112,2.3015499999999998,99
2025-12-10 00:20:00,2.30149,2.30159,2.30102,2.30103,106
2025-12-10 00:25:00,2.30103,2.30137,2.30003,2.30004,110
2025-12-10 00:30:00,2.29995,2.29998,2.29925,2.29965,119
2025-12-10 00:35:00,2.29967,2.2999,2.29947,2.29981,112
2025-12-10 00:40:00,2.30004,2.3002000000000002,2.29984,2.30016,43
2025-12-10 00:45:00,2.30018,2.30026,2.29982,2.29989,186
2025-12-10 00:50:00,2.29988,2.30052,2.29977,2.30021,235
2025-12-10 00:55:00,2.30023,2.30051,2.2999,2.30014,260
2025-12-10 01:00:00,2.30089,2.3011,2.30029,2.30102,183
2025-12-10 01:05:00,2.30104,2.30149,2.30063,2.30102,93
2025-12-10 01:10:00,2.30105,2.30153,2.30104,2.30147,77
2025-12-10 01:15:00,2.30149,2.30191,2.30106,2.30189,87
2025-12-10 01:20:00,2.30187,2.30213,2.30176,2.30198,100
2025-12-10 01:25:00,2.3019600000000002,2.30199,2.30181,2.30183,70
2025-12-10 01:30:00,2.30184,2.30189,2.30161,2.30166,82
2025-12-10 01:35:00,2.3017,2.30174,2.30138,2.30151,87
2025-12-10 01:40:00,2.30153,2.30176,2.3014,2.30156,81
2025-12-10 01:45:00,2.3013500000000002,2.30194,2.30133,2.30169,112
2025-12-10 01:50:00,2.30168,2.30188,2.30144,2.30181,65
2025-12-10 01:55:00,2.30178,2.30205,2.30145,2.30164,59
2025-12-10 02:00:00,2.30163,2.30186,2.30104,2.30107,143
2025-12-10 02:05:00,2.30106,2.30124,2.30051,2.30063,110
2025-12-10 02:10:00,2.30066,2.30083,2.30015,2.3008,151
2025-12-10 02:15:00,2.30079,2.30141,2.30079,2.3011,137
2025-12-10 02:20:00,2.30114,2.30178,2.30099,2.30176,123
2025-12-10 02:25:00,2.30175,2.30177,2.30115,2.30143,123
2025-12-10 02:30:00,2.30143,2.30224,2.30127,2.30181,181
2025-12-10 02:35:00,2.3018,2.30198,2.30123,2.30192,178
2025-12-10 02:40:00,2.30192,2.30269,2.30176,2.30254,172
2025-12-10 02:45:00,2.30254,2.30273,2.3022,2.3024,225
2025-12-10 02:50:00,2.30233,2.30286,2.30229,2.30255,281
2025-12-10 02:55:00,2.30263,2.30323,2.30233,2.30323,306
2025-12-10 03:00:00,2.30324,2.30394,2.30235,2.30236,285
2025-12-10 03:05:00,2.30237,2.30395,2.30232,2.3039,239
2025-12-10 03:10:00,2.30391,2.30426,2.3031,2.30355,221
2025-12-10 03:15:00,2.30355,2.30418,2.30354,2.30418,183
2025-12-10 03:20:00,2.3042,2.30545,2.3042,2.3048,221
2025-12-10 03:25:00,2.30478,2.30527,2.30453,2.30484,189
2025-12-10 03:30:00,2.30483,2.30579,2.30411,2.30538,327
2025-12-10 03:35:00,2.3054,2.30575,2.3045999999999998,2.30481,236
2025-12-10 03:40:00,2.30483,2.30572,2.30483,2.3052,166
2025-12-10 03:45:00,2.30522,2.30554,2.30455,2.30479,184
2025-12-10 03:50:00,2.30478,2.30551,2.30477,2.30497,216
2025-12-10 03:55:00,2.30505,2.3059,2.30477,2.30571,195
2025-12-10 04:00:00,2.30557,2.30609,2.30522,2.30541,281
2025-12-10 04:05:00,2.30542,2.30666,2.30518,2.30624,229
2025-12-10 04:10:00,2.30616,2.30726,2.30598,2.30682,212
2025-12-10 04:15:00,2.30681,2.3068400000000002,2.30536,2.30573,225
2025-12-10 04:20:00,2.30572,2.30617,2.3054,2.30604,173
2025-12-10 04:25:00,2.30603,2.30667,2.30584,2.30635,162
2025-12-10 04:30:00,2.30637,2.30637,2.3057,2.30604,168
2025-12-10 04:35:00,2.30602,2.30606,2.30553,2.3057,144
2025-12-10 04:40:00,2.30571,2.30586,2.30527,2.30544,233
2025-12-10 04:45:00,2.30546,2.30567,2.30464,2.30518,138
2025-12-10 04:50:00,2.30519,2.30576,2.30499,2.30561,154
2025-12-10 04:55:00,2.30556,2.3062300000000002,2.30541,2.306,179
2025-12-10 05:00:00,2.30601,2.30665,2.3059,2.3066,153
2025-12-10 05:05:00,2.30657,2.30672,2.30557,2.30614,190
2025-12-10 05:10:00,2.30614,2.30734,2.30593,2.30723,144
2025-12-10 05:15:00,2.30725,2.30758,2.30656,2.3069,230
2025-12-10 05:20:00,2.3069100000000002,2.30846,2.30654,2.30807,230
2025-12-10 05:25:00,2.30805,2.30837,2.30734,2.30756,202
2025-12-10 05:30:00,2.30754,2.3076499999999998,2.30697,2.3072,175
2025-12-10 05:35:00,2.3073,2.3073,2.30626,2.30649,112
2025-12-10 05:40:00,2.30649,2.30654,2.30576,2.30587,139
2025-12-10 05:45:00,2.30588,2.30664,2.3057,2.30588,167
2025-12-10 05:50:00,2.30587,2.30615,2.30525,2.30571,114
2025-12-10 05:55:00,2.30568,2.30617,2.30534,2.306,184
2025-12-10 06:00:00,2.30604,2.30642,2.30539,2.30549,216
2025-12-10 06:05:00,2.30549,2.30584,2.30525,2.30583,130
2025-12-10 06:10:00,2.30583,2.30618,2.30561,2.30578,114
2025-12-10 06:15:00,2.30577,2.30617,2.30557,2.30604,136
2025-12-10 06:20:00,2.30603,2.30686,2.30603,2.30641,124
2025-12-10 06:25:00,2.3064,2.30672,2.30587,2.30628,121
2025-12-10 06:30:00,2.30634,2.30658,2.30563,2.30631,187
2025-12-10 06:35:00,2.30633,2.30638,2.30536,2.30558,159
2025-12-10 06:40:00,2.30536,2.3056900000000002,2.30481,2.30511,177
2025-12-10 06:45:00,2.3051,2.3051,2.30432,2.30458,187
2025-12-10 06:50:00,2.30461,2.30466,2.30421,2.30454,171
2025-12-10 06:55:00,2.30453,2.30478,2.3040599999999998,2.30428,192
2025-12-10 07:00:00,2.30425,2.30502,2.304,2.30479,214
2025-12-10 07:05:00,2.3048,2.3052,2.30472,2.30494,133
2025-12-10 07:10:00,2.30514,2.30539,2.30461,2.30518,184
2025-12-10 07:15:00,2.3050100000000002,2.30524,2.30464,2.30498,154
2025-12-10 07:20:00,2.30503,2.3052099999999998,2.3045,2.30459,173
2025-12-10 07:25:00,2.30479,2.30502,2.30425,2.30426,202
2025-12-10 07:30:00,2.30428,2.30465,2.30381,2.30412,202
2025-12-10 07:35:00,2.30392,2.30455,2.30362,2.30424,204
2025-12-10 07:40:00,2.30423,2.30469,2.3038,2.30394,161
2025-12-10 07:45:00,2.3038600000000002,2.30443,2.30369,2.30424,221
2025-12-10 07:50:00,2.30404,2.3043,2.30363,2.30394,178
2025-12-10 07:55:00,2.30395,2.30417,2.30346,2.30356,198
2025-12-10 08:00:00,2.30358,2.3038,2.30322,2.30358,245
2025-12-10 08:05:00,2.30363,2.30375,2.3031800000000002,2.30331,212
2025-12-10 08:10:00,2.30329,2.30374,2.30292,2.30348,202
2025-12-10 08:15:00,2.30346,2.30348,2.30254,2.30296,211
2025-12-10 08:20:00,2.30298,2.30341,2.30273,2.30273,186
2025-12-10 08:25:00,2.30275,2.30297,2.30239,2.30291,184
2025-12-10 08:30:00,2.30297,2.30297,2.30215,2.30278,147
2025-12-10 08:35:00,2.30281,2.30294,2.30235,2.30258,211
2025-12-10 08:40:00,2.3026,2.30281,2.3022,2.30256,186
2025-12-10 08:45:00,2.30234,2.30289,2.30219,2.30279,215
2025-12-10 08:50:00,2.30278,2.30344,2.30245,2.30289,209
2025-12-10 08:55:00,2.30287,2.30335,2.30238,2.3028,222
2025-12-10 09:00:00,2.30279,2.30311,2.30209,2.30262,287
2025-12-10 09:05:00,2.30263,2.30349,2.3024,2.30339,256
2025-12-10 09:10:00,2.3034,2.30391,2.30304,2.30314,236
2025-12-10 09:15:00,2.30316,2.3037900000000002,2.30308,2.30324,243
2025-12-10 09:20:00,2.30326,2.30375,2.30286,2.30286,188
2025-12-10 09:25:00,2.30287,2.30331,2.3026400000000002,2.30281,232
2025-12-10 09:30:00,2.30283,2.30349,2.30271,2.30273,179
2025-12-10 09:35:00,2.30293,2.30358,2.30254,2.3031800000000002,252
2025-12-10 09:40:00,2.30319,2.30431,2.3029,2.30419,240
2025-12-10 09:45:00,2.3039899999999998,2.30446,2.30299,2.30299,288
2025-12-10 09:50:00,2.303,2.30405,2.30296,2.30329,279
2025-12-10 09:55:00,2.30327,2.30452,2.3032,2.30376,428
2025-12-10 10:00:00,2.3037900000000002,2.30459,2.30343,2.30434,376
2025-12-10 10:05:00,2.30435,2.30435,2.30304,2.30391,356
2025-12-10 10:10:00,2.30373,2.30391,2.30275,2.30304,295
2025-12-10 10:15:00,2.303,2.30336,2.30229,2.30275,261
2025-12-10 10:20:00,2.3027699999999998,2.3029,2.30148,2.30182,284
2025-12-10 10:25:00,2.30176,2.30224,2.30119,2.30164,303
2025-12-10 10:30:00,2.30161,2.30286,2.3013,2.30255,305
2025-12-10 10:35:00,2.30254,2.30255,2.30137,2.30178,320
2025-12-10 10:40:00,2.30177,2.30235,2.30156,2.3022,312
2025-12-10 10:45:00,2.3018,2.3026,2.30157,2.30218,292
2025-12-10 10:50:00,2.30199,2.30212,2.30062,2.30102,310
2025-12-10 10:55:00,2.3010099999999998,2.30163,2.30064,2.30122,329
2025-12-10 11:00:00,2.30117,2.30173,2.30027,2.30083,363
2025-12-10 11:05:00,2.30085,2.30108,2.29986,2.3002000000000002,293
2025-12-10 11:10:00,2.3004,2.30089,2.29996,2.30063,322
2025-12-10 11:15:00,2.30062,2.30168,2.30009,2.30146,391
2025-12-10 11:20:00,2.30149,2.30245,2.30109,2.3016,360
2025-12-10 11:25:00,2.3016199999999998,2.30186,2.30104,2.30141,276
2025-12-10 11:30:00,2.30143,2.302,2.30105,2.30148,282
2025-12-10 11:35:00,2.3013,2.30174,2.30058,2.30087,219
2025-12-10 11:40:00,2.30085,2.30154,2.30023,2.30133,268
2025-12-10 11:45:00,2.30131,2.30144,2.30066,2.30088,211
2025-12-10 11:50:00,2.30087,2.30125,2.30052,2.30114,283
2025-12-10 11:55:00,2.30115,2.30151,2.30036,2.3007400000000002,313
2025-12-10 12:00:00,2.3007,2.3007,2.29962,2.29978,303
2025-12-10 12:05:00,2.29971,2.30005,2.29922,2.2999,300
2025-12-10 12:10:00,2.29992,2.30026,2.29936,2.29999,236
2025-12-10 12:15:00,2.30021,2.30051,2.29993,2.30027,244
2025-12-10 12:20:00,2.30026,2.3009,2.2996,2.3003,223
2025-12-10 12:25:00,2.3005,2.30117,2.30026,2.3006,271
2025-12-10 12:30:00,2.30061,2.30175,2.30019,2.30083,342
2025-12-10 12:35:00,2.30123,2.30125,2.30063,2.30089,236
2025-12-10 12:40:00,2.30088,2.30126,2.30039,2.30062,266
2025-12-10 12:45:00,2.30065,2.30168,2.30063,2.30127,245
2025-12-10 12:50:00,2.30137,2.30178,2.30066,2.30129,300
2025-12-10 12:55:00,2.3013,2.30192,2.30087,2.30126,376
2025-12-10 13:00:00,2.30127,2.30188,2.30053,2.30084,446
2025-12-10 13:05:00,2.30083,2.30138,2.30071,2.30123,314
2025-12-10 13:10:00,2.30124,2.30161,2.30068,2.3009,245
2025-12-10 13:15:00,2.3011,2.30217,2.30083,2.30194,305
2025-12-10 13:20:00,2.3019600000000002,2.30219,2.30092,2.30149,291
2025-12-10 13:25:00,2.30149,2.30156,2.30087,2.30111,208
2025-12-10 13:30:00,2.30091,2.30148,2.30065,2.30087,267
2025-12-10 13:35:00,2.30083,2.30161,2.3003299999999998,2.30087,291
2025-12-10 13:40:00,2.30086,2.30131,2.30012,2.30043,246
2025-12-10 13:45:00,2.30042,2.30065,2.29932,2.29997,285
2025-12-10 13:50:00,2.29998,2.30064,2.29953,2.30011,313
2025-12-10 13:55:00,2.30011,2.30071,2.29982,2.30068,322
2025-12-10 14:00:00,2.3007,2.30095,2.29992,2.30066,284
2025-12-10 14:05:00,2.30065,2.30134,2.30038,2.30069,260
2025-12-10 14:10:00,2.30068,2.30169,2.30059,2.30134,290
2025-12-10 14:15:00,2.3013500000000002,2.30178,2.30093,2.3016,225
2025-12-10 14:20:00,2.30161,2.30188,2.30049,2.30049,266
2025-12-10 14:25:00,2.30048,2.30105,2.30015,2.30066,268
2025-12-10 14:30:00,2.30067,2.30116,2.29999,2.30062,253
2025-12-10 14:35:00,2.30061,2.30138,2.3004,2.30041,251
2025-12-10 14:40:00,2.30042,2.30114,2.3004,2.301,286
2025-12-10 14:45:00,2.30093,2.30104,2.30028,2.30064,263
2025-12-10 14:50:00,2.30063,2.30131,2.30063,2.30117,277
2025-12-10 14:55:00,2.30114,2.30191,2.30092,2.30151,297
2025-12-10 15:00:00,2.3015,2.30224,2.30137,2.30165,276
2025-12-10 15:05:00,2.30166,2.30288,2.30157,2.30278,319
2025-12-10 15:10:00,2.30275,2.3038600000000002,2.30217,2.30358,366
2025-12-10 15:15:00,2.30368,2.30423,2.30343,2.30385,345
2025-12-10 15:20:00,2.30384,2.3045,2.30341,2.30414,346
2025-12-10 15:25:00,2.30411,2.30469,2.30319,2.30351,416
2025-12-10 15:30:00,2.30337,2.30396,2.30279,2.30382,439
2025-12-10 15:35:00,2.30378,2.30492,2.3034,2.30427,359
2025-12-10 15:40:00,2.30428,2.30432,2.30349,2.3043,313
2025-12-10 15:45:00,2.30429,2.30441,2.30315,2.30388,381
2025-12-10 15:50:00,2.30387,2.3047,2.3034,2.30404,346
2025-12-10 15:55:00,2.30402,2.3056,2.30387,2.3055,427
2025-12-10 16:00:00,2.30548,2.30652,2.30442,2.30614,540
2025-12-10 16:05:00,2.30612,2.30629,2.30535,2.30594,350
2025-12-10 16:10:00,2.30595,2.30609,2.30486,2.30536,403
2025-12-10 16:15:00,2.3054,2.30672,2.30485,2.30621,397
2025-12-10 16:20:00,2.3062300000000002,2.30624,2.3050800000000002,2.30538,368
2025-12-10 16:25:00,2.3054,2.30627,2.3052,2.30578,325
2025-12-10 16:30:00,2.30538,2.30606,2.3048,2.30563,435
2025-12-10 16:35:00,2.30563,2.30654,2.30544,2.3059,379
2025-12-10 16:40:00,2.30593,2.30612,2.30511,2.30552,318
2025-12-10 16:45:00,2.30553,2.30634,2.30494,2.30516,518
2025-12-10 16:50:00,2.30532,2.30604,2.30478,2.30503,506
2025-12-10 16:55:00,2.30503,2.30591,2.30483,2.30505,414
2025-12-10 17:00:00,2.3050800000000002,2.30539,2.30389,2.30476,492
2025-12-10 17:05:00,2.30474,2.30532,2.3042,2.305,408
2025-12-10 17:10:00,2.30503,2.30599,2.3044000000000002,2.30588,377
2025-12-10 17:15:00,2.3059,2.30615,2.30444,2.30444,373
2025-12-10 17:20:00,2.30442,2.30516,2.30425,2.30425,366
2025-12-10 17:25:00,2.30426,2.30505,2.30424,2.30457,383
2025-12-10 17:30:00,2.30455,2.3052099999999998,2.30416,2.30513,302
2025-12-10 17:35:00,2.305,2.3058899999999998,2.30473,2.30549,326
2025-12-10 17:40:00,2.3055,2.30605,2.30523,2.30597,350
2025-12-10 17:45:00,2.30594,2.30609,2.30462,2.30506,356
2025-12-10 17:50:00,2.30545,2.30577,2.30438,2.305,442
2025-12-10 17:55:00,2.30506,2.30581,2.3044700000000002,2.30465,500
2025-12-10 18:00:00,2.30463,2.30533,2.30441,2.3052799999999998,471
2025-12-10 18:05:00,2.30526,2.30547,2.30468,2.30524,381
2025-12-10 18:10:00,2.30525,2.30567,2.3043,2.30434,374
2025-12-10 18:15:00,2.30435,2.30523,2.30434,2.30451,415
2025-12-10 18:20:00,2.30453,2.30526,2.30432,2.30457,301
2025-12-10 18:25:00,2.30478,2.3049,2.304,2.30423,352
2025-12-10 18:30:00,2.30462,2.30478,2.30373,2.30466,311
2025-12-10 18:35:00,2.30468,2.30537,2.30437,2.30511,327
2025-12-10 18:40:00,2.30515,2.30568,2.3045,2.30545,295
2025-12-10 18:45:00,2.30547,2.30575,2.30464,2.30474,223
2025-12-10 18:50:00,2.30475,2.3058,2.30474,2.3055,295
2025-12-10 18:55:00,2.30548,2.30551,2.30463,2.30509,336
2025-12-10 19:00:00,2.30505,2.30527,2.30453,2.3052,328
2025-12-10 19:05:00,2.30522,2.30534,2.30458,2.30504,308
2025-12-10 19:10:00,2.30507,2.3054,2.30469,2.30518,289
2025-12-10 19:15:00,2.30515,2.306,2.30509,2.30572,325
2025-12-10 19:20:00,2.30568,2.30578,2.3049,2.3049,309
2025-12-10 19:25:00,2.3053,2.3053,2.30444,2.30456,261
2025-12-10 19:30:00,2.30458,2.30527,2.30449,2.30495,274
2025-12-10 19:35:00,2.30496,2.3055,2.30472,2.30497,250
2025-12-10 19:40:00,2.30496,2.30577,2.30457,2.3055,258
2025-12-10 19:45:00,2.30552,2.30574,2.30498,2.30559,259
2025-12-10 19:50:00,2.30518,2.3058,2.30477,2.30495,314
2025-12-10 19:55:00,2.30492,2.30601,2.30434,2.30554,384
2025-12-10 20:00:00,2.30552,2.30607,2.30457,2.30488,299
2025-12-10 20:05:00,2.3049,2.30507,2.30422,2.30439,186
2025-12-10 20:10:00,2.30479,2.30505,2.30417,2.30438,237
2025-12-10 20:15:00,2.30442,2.30485,2.30418,2.30434,220
2025-12-10 20:20:00,2.30433,2.30507,2.30433,2.30484,255
2025-12-10 20:25:00,2.30483,2.30586,2.30444,2.30536,309
2025-12-10 20:30:00,2.30537,2.30575,2.30477,2.30477,264
2025-12-10 20:35:00,2.30479,2.30525,2.30456,2.30496,227
2025-12-10 20:40:00,2.30495,2.30571,2.30473,2.3057,291
2025-12-10 20:45:00,2.30572,2.30584,2.30489,2.30556,254
2025-12-10 20:50:00,2.30558,2.30631,2.30551,2.3059,290
2025-12-10 20:55:00,2.3058899999999998,2.30639,2.30456,2.30481,397
2025-12-10 21:00:00,2.30471,2.30564,2.30177,2.30409,792
2025-12-10 21:05:00,2.30409,2.30452,2.30272,2.30298,797
2025-12-10 21:10:00,2.30298,2.30409,2.30272,2.30395,704
2025-12-10 21:15:00,2.30364,2.30383,2.30269,2.30276,600
2025-12-10 21:20:00,2.30271,2.30373,2.3022,2.30335,625
2025-12-10 21:25:00,2.30333,2.30365,2.30251,2.30299,651
2025-12-10 21:30:00,2.30298,2.30377,2.30127,2.30175,800
2025-12-10 21:35:00,2.30173,2.30378,2.30067,2.30214,931
2025-12-10 21:40:00,2.30214,2.3059,2.30182,2.3047,915
2025-12-10 21:45:00,2.30473,2.30536,2.30335,2.30453,760
2025-12-10 21:50:00,2.30463,2.30584,2.30238,2.3026,769
2025-12-10 21:55:00,2.30254,2.30267,2.30063,2.30185,752
2025-12-10 22:00:00,2.30229,2.30295,2.30058,2.30062,735
2025-12-10 22:05:00,2.30062,2.30199,2.29951,2.30049,728
2025-12-10 22:10:00,2.30055,2.30071,2.29859,2.29895,726
2025-12-10 22:15:00,2.29889,2.29968,2.2978899999999998,2.29905,671
2025-12-10 22:20:00,2.29915,2.29962,2.29856,2.29931,701
2025-12-10 22:25:00,2.29933,2.29979,2.29845,2.29923,553
2025-12-10 22:30:00,2.2992,2.29961,2.29851,2.29924,548
2025-12-10 22:35:00,2.29925,2.29943,2.29839,2.2992,403
2025-12-10 22:40:00,2.299,2.30007,2.29885,2.29962,359
2025-12-10 22:45:00,2.29967,2.30159,2.29953,2.30132,368
2025-12-10 22:50:00,2.30113,2.30218,2.30087,2.30137,343
2025-12-10 22:55:00,2.30136,2.30234,2.30087,2.30087,419
2025-12-10 23:00:00,2.30014,2.30077,2.30005,2.30058,294
2025-12-10 23:05:00,2.30058,2.30097,2.30003,2.30045,279
2025-12-10 23:10:00,2.30041,2.30063,2.30014,2.30048,200
2025-12-10 23:15:00,2.30049,2.3010099999999998,2.30021,2.30053,158
2025-12-10 23:20:00,2.30051,2.30106,2.29998,2.3,189
2025-12-10 23:25:00,2.30001,2.30024,2.29949,2.29953,315
2025-12-10 23:30:00,2.29956,2.3006,2.29947,2.30018,356
2025-12-10 23:35:00,2.30021,2.30044,2.29974,2.30018,161
2025-12-10 23:40:00,2.30017,2.3003299999999998,2.29962,2.30007,138
2025-12-10 23:45:00,2.30009,2.30036,2.29976,2.29994,259
2025-12-10 23:50:00,2.29998,2.30072,2.29988,2.29991,548
2025-12-10 23:55:00,2.30038,2.3004,2.29804,2.2983000000000002,343
2025-12-11 00:00:00,2.3,2.30071,2.29889,2.29991,14
2025-12-11 00:05:00,2.29991,2.29991,2.29874,2.29916,6
2025-12-11 00:10:00,2.29916,2.29916,2.29916,2.29916,5
2025-12-11 00:15:00,2.29916,2.30043,2.29916,2.30004,109
2025-12-11 00:20:00,2.30003,2.30034,2.29982,2.3001300000000002,89
2025-12-11 00:25:00,2.30022,2.30046,2.29978,2.29998,105
2025-12-11 00:30:00,2.29999,2.30079,2.29999,2.30079,192
2025-12-11 00:35:00,2.30075,2.30126,2.30045,2.30084,194
2025-12-11 00:40:00,2.30086,2.30149,2.30071,2.30078,86
2025-12-11 00:45:00,2.30075,2.30118,2.30066,2.30093,124
2025-12-11 00:50:00,2.30109,2.30111,2.30053,2.30053,109
2025-12-11 00:55:00,2.30075,2.30098,2.30035,2.30052,266
2025-12-11 01:00:00,2.30137,2.302,2.30072,2.30191,372
2025-12-11 01:05:00,2.3019,2.3020300000000002,2.30158,2.30186,98
2025-12-11 01:10:00,2.30188,2.30219,2.30172,2.3021599999999998,124
2025-12-11 01:15:00,2.30218,2.30263,2.30199,2.30219,141
2025-12-11 01:20:00,2.30218,2.30263,2.30212,2.30222,130
2025-12-11 01:25:00,2.3022299999999998,2.30272,2.30218,2.30241,156
2025-12-11 01:30:00,2.30237,2.3025700000000002,2.3016,2.302,122
2025-12-11 01:35:00,2.30201,2.30224,2.3016199999999998,2.30221,168
2025-12-11 01:40:00,2.3022299999999998,2.30298,2.30183,2.30297,134
2025-12-11 01:45:00,2.30291,2.30308,2.3023,2.30261,105
2025-12-11 01:50:00,2.30261,2.3026400000000002,2.3015,2.30194,155
2025-12-11 01:55:00,2.30192,2.30198,2.30123,2.30193,150
2025-12-11 02:00:00,2.30189,2.30189,2.3004,2.30065,269
2025-12-11 02:05:00,2.30065,2.30095,2.30029,2.30086,185
2025-12-11 02:10:00,2.30087,2.30112,2.30032,2.30063,162
2025-12-11 02:15:00,2.30062,2.30114,2.30019,2.3009,175
2025-12-11 02:20:00,2.30092,2.30139,2.30035,2.30136,162
2025-12-11 02:25:00,2.3012,2.30197,2.30114,2.30145,167
2025-12-11 02:30:00,2.30152,2.30271,2.30124,2.30246,430
2025-12-11 02:35:00,2.30252,2.30253,2.30103,2.30123,247
2025-12-11 02:40:00,2.3013,2.30175,2.30063,2.30154,241
2025-12-11 02:45:00,2.30156,2.30214,2.30118,2.30149,268
2025-12-11 02:50:00,2.30148,2.30191,2.30077,2.30084,273
2025-12-11 02:55:00,2.30092,2.30159,2.30085,2.30123,421
2025-12-11 03:00:00,2.30122,2.30229,2.30096,2.30183,440
2025-12-11 03:05:00,2.30184,2.30228,2.30105,2.30105,309
2025-12-11 03:10:00,2.30103,2.30173,2.30082,2.30149,297
2025-12-11 03:15:00,2.30151,2.3017,2.30064,2.30112,278
2025-12-11 03:20:00,2.30111,2.30139,2.30039,2.30098,223
2025-12-11 03:25:00,2.301,2.30114,2.30054,2.30059,299
2025-12-11 03:30:00,2.30057,2.3020300000000002,2.3003299999999998,2.30194,342
2025-12-11 03:35:00,2.30193,2.30241,2.30029,2.30035,246
2025-12-11 03:40:00,2.30034,2.30083,2.30025,2.30054,251
2025-12-11 03:45:00,2.3005,2.30126,2.30017,2.30087,253
2025-12-11 03:50:00,2.30085,2.30128,2.30075,2.3008100000000002,232
2025-12-11 03:55:00,2.3008100000000002,2.30095,2.30011,2.30019,253
2025-12-11 04:00:00,2.30018,2.30042,2.29939,2.29994,223
2025-12-11 04:05:00,2.29997,2.30085,2.29966,2.29997,262
2025-12-11 04:10:00,2.29999,2.3013,2.29964,2.30123,258
2025-12-11 04:15:00,2.30121,2.30171,2.30071,2.30116,201
2025-12-11 04:20:00,2.30096,2.30123,2.30045,2.3008,217
2025-12-11 04:25:00,2.30084,2.30167,2.30027,2.30163,248
2025-12-11 04:30:00,2.30168,2.30282,2.3014200000000002,2.30231,281
2025-12-11 04:35:00,2.3022299999999998,2.3027699999999998,2.30146,2.3021599999999998,339
2025-12-11 04:40:00,2.30218,2.30272,2.3013,2.30184,217
2025-12-11 04:45:00,2.30185,2.30256,2.30137,2.30228,241
2025-12-11 04:50:00,2.30227,2.3034,2.30225,2.30322,258
2025-12-11 04:55:00,2.30324,2.30364,2.30268,2.3033799999999998,282
2025-12-11 05:00:00,2.30337,2.30361,2.30265,2.30361,286
2025-12-11 05:05:00,2.30363,2.30417,2.30271,2.30408,319
2025-12-11 05:10:00,2.3039899999999998,2.30554,2.30387,2.30487,377
2025-12-11 05:15:00,2.30484,2.30519,2.30402,2.30463,305
2025-12-11 05:20:00,2.30465,2.30489,2.30403,2.30468,268
2025-12-11 05:25:00,2.3045999999999998,2.30588,2.30451,2.30533,292
2025-12-11 05:30:00,2.30533,2.30587,2.30484,2.30518,304
2025-12-11 05:35:00,2.3052,2.30551,2.30433,2.30468,313
2025-12-11 05:40:00,2.30427,2.3054,2.30424,2.30499,208
2025-12-11 05:45:00,2.30524,2.30547,2.3043,2.30482,205
2025-12-11 05:50:00,2.30484,2.306,2.30462,2.3052099999999998,186
2025-12-11 05:55:00,2.30522,2.30579,2.30457,2.30555,290
2025-12-11 06:00:00,2.30556,2.3069,2.30532,2.3068400000000002,270
2025-12-11 06:05:00,2.3068,2.3068,2.30522,2.3056,220
2025-12-11 06:10:00,2.30559,2.30636,2.30551,2.30636,189
2025-12-11 06:15:00,2.30635,2.30654,2.30594,2.30604,237
2025-12-11 06:20:00,2.30606,2.30732,2.30594,2.30694,250
2025-12-11 06:25:00,2.30693,2.30729,2.30658,2.30665,202
2025-12-11 06:30:00,2.30664,2.30699,2.30595,2.30595,207
2025-12-11 06:35:00,2.30594,2.30655,2.30572,2.30599,274
2025-12-11 06:40:00,2.306,2.30622,2.30564,2.30605,205
2025-12-11 06:45:00,2.30606,2.30606,2.30492,2.30494,179
2025-12-11 06:50:00,2.30491,2.30534,2.30466,2.30497,159
2025-12-11 06:55:00,2.30495,2.30574,2.30465,2.3056,247
2025-12-11 07:00:00,2.30559,2.3062300000000002,2.30527,2.30541,278
2025-12-11 07:05:00,2.3056,2.30618,2.30524,2.30584,207
2025-12-11 07:10:00,2.30587,2.3062300000000002,2.30556,2.30614,191
2025-12-11 07:15:00,2.30611,2.30658,2.30602,2.30626,196
2025-12-11 07:20:00,2.30628,2.30695,2.30619,2.30631,168
2025-12-11 07:25:00,2.3063000000000002,2.30651,2.30568,2.30593,167
2025-12-11 07:30:00,2.30591,2.30659,2.30559,2.30579,238
2025-12-11 07:35:00,2.30578,2.3063000000000002,2.30553,2.30563,182
2025-12-11 07:40:00,2.3057,2.30633,2.30564,2.30593,173
2025-12-11 07:45:00,2.30597,2.30652,2.3056200000000002,2.30599,203
2025-12-11 07:50:00,2.30596,2.30603,2.30531,2.30583,252
2025-12-11 07:55:00,2.3056,2.30595,2.30516,2.30559,238
2025-12-11 08:00:00,2.30561,2.30632,2.30544,2.30632,275
2025-12-11 08:05:00,2.30631,2.30726,2.3058,2.30715,221
2025-12-11 08:10:00,2.30695,2.30738,2.30638,2.30676,217
2025-12-11 08:15:00,2.3068,2.30792,2.30641,2.30751,250
2025-12-11 08:20:00,2.30748,2.30805,2.3069100000000002,2.30719,240
2025-12-11 08:25:00,2.3072,2.30746,2.30661,2.30718,220
2025-12-11 08:30:00,2.30724,2.30725,2.30596,2.30637,244
2025-12-11 08:35:00,2.30637,2.30664,2.3056,2.3064,257
2025-12-11 08:40:00,2.30592,2.3068,2.3058899999999998,2.30647,220
2025-12-11 08:45:00,2.30648,2.30683,2.306,2.30665,198
2025-12-11 08:50:00,2.30645,2.30692,2.30612,2.3068,239
2025-12-11 08:55:00,2.30681,2.30701,2.30625,2.30652,265
2025-12-11 09:00:00,2.3064999999999998,2.3074,2.3064,2.30717,384
2025-12-11 09:05:00,2.30717,2.30747,2.30622,2.30683,302
2025-12-11 09:10:00,2.30683,2.30687,2.30573,2.30596,348
2025-12-11 09:15:00,2.306,2.30607,2.30539,2.3058,306
2025-12-11 09:20:00,2.3058199999999998,2.3058899999999998,2.30469,2.30512,327
2025-12-11 09:25:00,2.3051,2.30593,2.30499,2.30503,287
2025-12-11 09:30:00,2.30506,2.30557,2.30417,2.30435,362
2025-12-11 09:35:00,2.30438,2.30545,2.30438,2.30499,343
2025-12-11 09:40:00,2.30496,2.30597,2.30473,2.30541,304
2025-12-11 09:45:00,2.30542,2.30563,2.30468,2.30533,342
2025-12-11 09:50:00,2.30534,2.30588,2.30482,2.3052099999999998,325
2025-12-11 09:55:00,2.3052099999999998,2.30571,2.30466,2.30538,417
2025-12-11 10:00:00,2.3054,2.3054,2.30398,2.3040599999999998,473
2025-12-11 10:05:00,2.30407,2.30464,2.30367,2.3037,403
2025-12-11 10:10:00,2.3038600000000002,2.30425,2.30333,2.30371,385
2025-12-11 10:15:00,2.30368,2.30543,2.30355,2.30535,388
2025-12-11 10:20:00,2.30534,2.3056,2.30436,2.30499,370
2025-12-11 10:25:00,2.30502,2.30529,2.30422,2.30491,343
2025-12-11 10:30:00,2.30491,2.30535,2.30451,2.30453,345
2025-12-11 10:35:00,2.30455,2.30499,2.30366,2.30442,372
2025-12-11 10:40:00,2.30441,2.30499,2.30388,2.30461,397
2025-12-11 10:45:00,2.30445,2.30478,2.30395,2.30397,360
2025-12-11 10:50:00,2.30396,2.30422,2.30314,2.30361,338
2025-12-11 10:55:00,2.3036,2.30369,2.30254,2.3031,398
2025-12-11 11:00:00,2.30315,2.30397,2.30281,2.30388,426
2025-12-11 11:05:00,2.30391,2.30396,2.30261,2.30327,392
2025-12-11 11:10:00,2.30328,2.30389,2.30292,2.3038,344
2025-12-11 11:15:00,2.3036,2.30404,2.30309,2.30382,326
2025-12-11 11:20:00,2.30384,2.30384,2.30252,2.30293,302
2025-12-11 11:25:00,2.30273,2.30337,2.30236,2.30261,330
2025-12-11 11:30:00,2.30262,2.3026400000000002,2.30157,2.30181,331
2025-12-11 11:35:00,2.30182,2.30234,2.30114,2.30186,371
2025-12-11 11:40:00,2.30185,2.30262,2.30144,2.30235,335
2025-12-11 11:45:00,2.30235,2.30262,2.30134,2.30199,380
2025-12-11 11:50:00,2.30199,2.303,2.30159,2.30259,307
2025-12-11 11:55:00,2.3026,2.30381,2.30248,2.30341,378
2025-12-11 12:00:00,2.30339,2.30392,2.30278,2.30343,374
2025-12-11 12:05:00,2.3034,2.30414,2.30279,2.30388,330
2025-12-11 12:10:00,2.30389,2.30434,2.30343,2.3037900000000002,267
2025-12-11 12:15:00,2.30401,2.3041,2.30319,2.30364,298
2025-12-11 12:20:00,2.30362,2.30415,2.303,2.30305,357
2025-12-11 12:25:00,2.30304,2.30346,2.30246,2.30301,277
2025-12-11 12:30:00,2.30305,2.3040599999999998,2.3027,2.30381,337
2025-12-11 12:35:00,2.30344,2.3039899999999998,2.3033,2.30355,289
2025-12-11 12:40:00,2.30355,2.30469,2.30334,2.30459,246
2025-12-11 12:45:00,2.3045999999999998,2.3051,2.30429,2.30485,260
2025-12-11 12:50:00,2.3048,2.3050800000000002,2.30418,2.30491,259
2025-12-11 12:55:00,2.30492,2.30507,2.30356,2.3036,324
2025-12-11 13:00:00,2.30401,2.30413,2.30293,2.30339,316
2025-12-11 13:05:00,2.3033799999999998,2.30343,2.30148,2.30151,278
2025-12-11 13:10:00,2.30148,2.30168,2.30086,2.3013500000000002,267
2025-12-11 13:15:00,2.30119,2.30189,2.30053,2.30132,279
2025-12-11 13:20:00,2.3013,2.30188,2.301,2.30178,293
2025-12-11 13:25:00,2.30177,2.30208,2.3014,2.30167,258
2025-12-11 13:30:00,2.3017,2.30204,2.30124,2.3020300000000002,340
2025-12-11 13:35:00,2.30209,2.30226,2.30146,2.30163,276
2025-12-11 13:40:00,2.30163,2.30316,2.30159,2.30316,276
2025-12-11 13:45:00,2.30276,2.30319,2.30235,2.30266,250
2025-12-11 13:50:00,2.30258,2.30292,2.30187,2.3027,307
2025-12-11 13:55:00,2.30276,2.3033799999999998,2.30274,2.30274,299
2025-12-11 14:00:00,2.3027699999999998,2.30305,2.30159,2.3021,401
2025-12-11 14:05:00,2.30211,2.30248,2.30168,2.30207,309
2025-12-11 14:10:00,2.30209,2.30333,2.3019600000000002,2.30285,314
2025-12-11 14:15:00,2.30286,2.30365,2.30246,2.30322,335
2025-12-11 14:20:00,2.30323,2.30343,2.30231,2.30231,294
2025-12-11 14:25:00,2.30236,2.30308,2.30235,2.30291,283
2025-12-11 14:30:00,2.30291,2.30308,2.30194,2.3025,308
2025-12-11 14:35:00,2.30251,2.30269,2.30193,2.30232,329
2025-12-11 14:40:00,2.30253,2.30343,2.30208,2.303,365
2025-12-11 14:45:00,2.30301,2.30402,2.30296,2.30395,354
2025-12-11 14:50:00,2.30396,2.30401,2.30283,2.30329,346
2025-12-11 14:55:00,2.30333,2.30359,2.3023,2.30255,417
2025-12-11 15:00:00,2.3025,2.30355,2.3025,2.3033,466
2025-12-11 15:05:00,2.30307,2.30356,2.30272,2.3029,418
2025-12-11 15:10:00,2.30292,2.3032,2.30222,2.30273,389
2025-12-11 15:15:00,2.30273,2.30334,2.30249,2.30252,362
2025-12-11 15:20:00,2.30254,2.30312,2.30204,2.30205,398
2025-12-11 15:25:00,2.30245,2.30245,2.30086,2.30147,343
2025-12-11 15:30:00,2.30134,2.30229,2.30028,2.30131,561
2025-12-11 15:35:00,2.30143,2.30177,2.30058,2.3007,479
2025-12-11 15:40:00,2.3012,2.302,2.30062,2.30079,543
2025-12-11 15:45:00,2.30078,2.30176,2.30058,2.3011,524
2025-12-11 15:50:00,2.30114,2.30276,2.30086,2.30246,503
2025-12-11 15:55:00,2.30206,2.3029,2.30199,2.30234,515
2025-12-11 16:00:00,2.30233,2.30295,2.30213,2.30267,530
2025-12-11 16:05:00,2.3027,2.30298,2.30221,2.30263,516
2025-12-11 16:10:00,2.3026400000000002,2.30322,2.3022299999999998,2.3027699999999998,445
2025-12-11 16:15:00,2.3027,2.30311,2.3022,2.30292,405
2025-12-11 16:20:00,2.30292,2.30334,2.30221,2.30269,419
2025-12-11 16:25:00,2.30229,2.30276,2.30122,2.3013,407
2025-12-11 16:30:00,2.30128,2.30226,2.30114,2.30221,550
2025-12-11 16:35:00,2.30224,2.303,2.3019600000000002,2.30234,529
2025-12-11 16:40:00,2.30234,2.30367,2.3019600000000002,2.30314,526
2025-12-11 16:45:00,2.30354,2.30535,2.30314,2.30518,488
2025-12-11 16:50:00,2.3052,2.30632,2.30499,2.30583,554
2025-12-11 16:55:00,2.30583,2.3064999999999998,2.3052799999999998,2.30609,582
2025-12-11 17:00:00,2.30606,2.30705,2.30567,2.30624,598
2025-12-11 17:05:00,2.3063000000000002,2.30683,2.30551,2.30607,531
2025-12-11 17:10:00,2.30603,2.30669,2.3057,2.3062,499
2025-12-11 17:15:00,2.30611,2.30679,2.3056900000000002,2.30572,508
2025-12-11 17:20:00,2.30564,2.30575,2.30458,2.3050100000000002,487
2025-12-11 17:25:00,2.30499,2.30575,2.30477,2.30505,472
2025-12-11 17:30:00,2.30504,2.3063000000000002,2.30504,2.30584,492
2025-12-11 17:35:00,2.30588,2.30663,2.30572,2.30614,426
2025-12-11 17:40:00,2.30616,2.3068400000000002,2.30579,2.30592,478
2025-12-11 17:45:00,2.30595,2.30635,2.30542,2.30568,438
2025-12-11 17:50:00,2.3057,2.30715,2.3057,2.30628,502
2025-12-11 17:55:00,2.30628,2.30787,2.30574,2.30746,541
2025-12-11 18:00:00,2.30749,2.30798,2.30611,2.30635,500
2025-12-11 18:05:00,2.30636,2.3074500000000002,2.30624,2.30664,449
2025-12-11 18:10:00,2.30666,2.30727,2.30612,2.30667,399
2025-12-11 18:15:00,2.30666,2.30808,2.30648,2.30798,443
2025-12-11 18:20:00,2.30797,2.30855,2.3074500000000002,2.30849,430
2025-12-11 18:25:00,2.30841,2.30942,2.30796,2.30856,464
2025-12-11 18:30:00,2.30855,2.30885,2.30778,2.30796,477
2025-12-11 18:35:00,2.30756,2.30827,2.30719,2.3077,417
2025-12-11 18:40:00,2.30775,2.30776,2.30652,2.30685,372
2025-12-11 18:45:00,2.30677,2.30748,2.30628,2.3069100000000002,456
2025-12-11 18:50:00,2.3069,2.30799,2.30675,2.30793,439
2025-12-11 18:55:00,2.3079,2.3082599999999998,2.3071099999999998,2.3071099999999998,475
2025-12-11 19:00:00,2.3071,2.30755,2.3058,2.3062,460
2025-12-11 19:05:00,2.30619,2.30657,2.3057,2.30625,381
2025-12-11 19:10:00,2.30629,2.30658,2.30549,2.3062,443
2025-12-11 19:15:00,2.30618,2.30654,2.3056,2.30602,376
2025-12-11 19:20:00,2.306,2.30652,2.30549,2.30578,380
2025-12-11 19:25:00,2.30575,2.3066,2.30567,2.30625,353
2025-12-11 19:30:00,2.30621,2.30695,2.30609,2.30671,378
2025-12-11 19:35:00,2.30674,2.30713,2.30598,2.30629,381
2025-12-11 19:40:00,2.3064999999999998,2.30692,2.30581,2.30657,333
2025-12-11 19:45:00,2.30663,2.30717,2.30632,2.30639,312
2025-12-11 19:50:00,2.30644,2.30697,2.30614,2.30646,278
2025-12-11 19:55:00,2.30644,2.30714,2.30626,2.3064999999999998,294
2025-12-11 20:00:00,2.30661,2.30695,2.30599,2.30659,344
2025-12-11 20:05:00,2.3066,2.30667,2.30577,2.30636,288
2025-12-11 20:10:00,2.30637,2.30654,2.30553,2.30591,251
2025-12-11 20:15:00,2.30597,2.30638,2.30565,2.30637,302
2025-12-11 20:20:00,2.3064,2.30641,2.30555,2.3056900000000002,287
2025-12-11 20:25:00,2.30571,2.30642,2.30551,2.3062300000000002,280
2025-12-11 20:30:00,2.30625,2.30679,2.30591,2.30621,329
2025-12-11 20:35:00,2.3062,2.30651,2.30549,2.30592,264
2025-12-11 20:40:00,2.30595,2.3062,2.30549,2.30549,235
2025-12-11 20:45:00,2.30548,2.30614,2.3052,2.30532,278
2025-12-11 20:50:00,2.30531,2.30579,2.30515,2.30578,222
2025-12-11 20:55:00,2.30577,2.30621,2.30523,2.30602,270
2025-12-11 21:00:00,2.30607,2.30607,2.3054,2.30585,354
2025-12-11 21:05:00,2.30588,2.30603,2.30527,2.30577,327
2025-12-11 21:10:00,2.30581,2.30606,2.3052799999999998,2.30576,262
2025-12-11 21:15:00,2.30578,2.30604,2.30529,2.3053,260
2025-12-11 21:20:00,2.30531,2.30591,2.30507,2.3052,227
2025-12-11 21:25:00,2.3052099999999998,2.3056,2.30497,2.3054,209
2025-12-11 21:30:00,2.30539,2.30539,2.30462,2.30469,232
2025-12-11 21:35:00,2.30468,2.30515,2.3045999999999998,2.30474,243
2025-12-11 21:40:00,2.30473,2.3052,2.30454,2.30511,257
2025-12-11 21:45:00,2.30509,2.30522,2.30445,2.30482,237
2025-12-11 21:50:00,2.30482,2.3052099999999998,2.30439,2.3052,265
2025-12-11 21:55:00,2.3052099999999998,2.3053,2.30396,2.30481,338
2025-12-11 22:00:00,2.30479,2.30527,2.30403,2.30481,384
2025-12-11 22:05:00,2.30477,2.30564,2.30474,2.30547,304
2025-12-11 22:10:00,2.30548,2.30561,2.30459,2.30513,239
2025-12-11 22:15:00,2.30509,2.30525,2.30441,2.30481,288
2025-12-11 22:20:00,2.30477,2.30515,2.30438,2.30459,241
2025-12-11 22:25:00,2.30461,2.30554,2.3044700000000002,2.30491,196
2025-12-11 22:30:00,2.30492,2.30532,2.30456,2.30479,218
2025-12-11 22:35:00,2.30499,2.30524,2.30487,2.30498,221
2025-12-11 22:40:00,2.305,2.30511,2.30443,2.30468,203
2025-12-11 22:45:00,2.30468,2.30545,2.30461,2.30513,194
2025-12-11 22:50:00,2.30511,2.30573,2.30481,2.30568,215
2025-12-11 22:55:00,2.30566,2.30578,2.30504,2.30535,266
2025-12-11 23:00:00,2.30465,2.30489,2.3042,2.3047,203
2025-12-11 23:05:00,2.30471,2.30483,2.30434,2.30449,104
2025-12-11 23:10:00,2.30449,2.3045,2.30391,2.3042,117
2025-12-11 23:15:00,2.30416,2.30478,2.30383,2.30477,164
2025-12-11 23:20:00,2.30475,2.30506,2.3045999999999998,2.30475,99
2025-12-11 23:25:00,2.30477,2.3052799999999998,2.30438,2.30524,99
2025-12-11 23:30:00,2.30509,2.30515,2.3044000000000002,2.30488,114
2025-12-11 23:35:00,2.30463,2.30484,2.30453,2.3048,112
2025-12-11 23:40:00,2.30475,2.30498,2.30439,2.30478,157
2025-12-11 23:45:00,2.30477,2.30477,2.30409,2.30441,170
2025-12-11 23:50:00,2.3044000000000002,2.3045999999999998,2.3037,2.30404,342
2025-12-11 23:55:00,2.30495,2.30499,2.30204,2.30222,314
2025-12-12 00:00:00,2.303,2.30442,2.303,2.30441,10
2025-12-12 00:05:00,2.30442,2.30442,2.30222,2.30266,30
2025-12-12 00:10:00,2.30266,2.30274,2.30204,2.30256,52
2025-12-12 00:15:00,2.30391,2.30439,2.30389,2.30428,59
2025-12-12 00:20:00,2.30426,2.30459,2.30398,2.30433,90
2025-12-12 00:25:00,2.30434,2.30485,2.30388,2.30442,116
2025-12-12 00:30:00,2.30438,2.30507,2.30419,2.30496,84
2025-12-12 00:35:00,2.30497,2.30497,2.30468,2.30475,185
2025-12-12 00:40:00,2.30471,2.30507,2.30453,2.3046699999999998,242
2025-12-12 00:45:00,2.30461,2.30476,2.30451,2.30474,167
2025-12-12 00:50:00,2.30474,2.30493,2.30449,2.30462,156
2025-12-12 00:55:00,2.30461,2.3051,2.30457,2.3050100000000002,217
2025-12-12 01:00:00,2.30566,2.30566,2.30461,2.30534,214
2025-12-12 01:05:00,2.30536,2.30541,2.3046699999999998,2.30492,96
2025-12-12 01:10:00,2.30494,2.30579,2.30494,2.30522,126
2025-12-12 01:15:00,2.30522,2.30556,2.30484,2.30531,84
2025-12-12 01:20:00,2.30532,2.30546,2.30475,2.30529,130
2025-12-12 01:25:00,2.30509,2.30547,2.30492,2.30534,112
2025-12-12 01:30:00,2.30536,2.30549,2.3048,2.30538,125
2025-12-12 01:35:00,2.30537,2.30568,2.30496,2.30543,106
2025-12-12 01:40:00,2.30547,2.30576,2.3052,2.30534,88
2025-12-12 01:45:00,2.30514,2.30572,2.30506,2.3057,97
2025-12-12 01:50:00,2.30571,2.30581,2.3052,2.30577,99
2025-12-12 01:55:00,2.30575,2.30575,2.30491,2.30515,65
2025-12-12 02:00:00,2.3052099999999998,2.30544,2.30426,2.30477,251
2025-12-12 02:05:00,2.30476,2.30496,2.30427,2.30488,206
2025-12-12 02:10:00,2.30489,2.30494,2.30432,2.30441,171
2025-12-12 02:15:00,2.30443,2.30475,2.30402,2.3040599999999998,170
2025-12-12 02:20:00,2.30443,2.30462,2.30357,2.30405,169
2025-12-12 02:25:00,2.30384,2.30425,2.3037900000000002,2.30385,132
2025-12-12 02:30:00,2.30384,2.30414,2.30287,2.30328,242
2025-12-12 02:35:00,2.30329,2.3037900000000002,2.30254,2.30373,335
2025-12-12 02:40:00,2.30375,2.3038,2.30296,2.3034499999999998,292
2025-12-12 02:45:00,2.30346,2.30363,2.30209,2.30245,248
2025-12-12 02:50:00,2.30247,2.30367,2.3022299999999998,2.30256,325
2025-12-12 02:55:00,2.3025,2.30341,2.30241,2.30267,303
2025-12-12 03:00:00,2.30266,2.30334,2.30238,2.30316,342
2025-12-12 03:05:00,2.30315,2.30353,2.30265,2.30283,276
2025-12-12 03:10:00,2.30283,2.30337,2.30237,2.30307,260
2025-12-12 03:15:00,2.303,2.30301,2.30197,2.30206,253
2025-12-12 03:20:00,2.30205,2.30242,2.30163,2.30179,206
2025-12-12 03:25:00,2.30183,2.3027699999999998,2.3018,2.30269,213
2025-12-12 03:30:00,2.3027,2.30316,2.30235,2.30259,234
2025-12-12 03:35:00,2.3024,2.30311,2.30222,2.30291,221
2025-12-12 03:40:00,2.30292,2.30443,2.3029,2.30378,221
2025-12-12 03:45:00,2.30373,2.30418,2.3033,2.3041,209
2025-12-12 03:50:00,2.30409,2.30416,2.30337,2.30344,172
2025-12-12 03:55:00,2.30346,2.3044000000000002,2.30339,2.30396,225
2025-12-12 04:00:00,2.30397,2.3045999999999998,2.30337,2.30453,231
2025-12-12 04:05:00,2.30474,2.30489,2.30418,2.30449,179
2025-12-12 04:10:00,2.30451,2.3046699999999998,2.30369,2.30369,181
2025-12-12 04:15:00,2.30369,2.30459,2.30366,2.30397,130
2025-12-12 04:20:00,2.30398,2.30461,2.30373,2.30384,199
2025-12-12 04:25:00,2.30383,2.30389,2.30328,2.30349,179
2025-12-12 04:30:00,2.30351,2.30393,2.30315,2.30391,157
2025-12-12 04:35:00,2.30372,2.30401,2.30266,2.30266,197
2025-12-12 04:40:00,2.3026400000000002,2.30285,2.3023,2.30249,146
2025-12-12 04:45:00,2.30244,2.30352,2.30244,2.30322,173
2025-12-12 04:50:00,2.3032,2.30364,2.30297,2.30341,175
2025-12-12 04:55:00,2.30368,2.30402,2.30322,2.30355,155
2025-12-12 05:00:00,2.30353,2.3039,2.30313,2.3038600000000002,165
2025-12-12 05:05:00,2.30385,2.30393,2.30306,2.3033799999999998,120
2025-12-12 05:10:00,2.30337,2.30412,2.3032500000000002,2.3037900000000002,116
2025-12-12 05:15:00,2.3038,2.30395,2.30305,2.30373,100
2025-12-12 05:20:00,2.30376,2.30425,2.3033,2.30333,124
2025-12-12 05:25:00,2.30332,2.30393,2.30317,2.30351,172
2025-12-12 05:30:00,2.30349,2.30407,2.30349,2.30354,122
2025-12-12 05:35:00,2.30353,2.30433,2.30339,2.30433,123
2025-12-12 05:40:00,2.30436,2.30469,2.30404,2.30446,107
2025-12-12 05:45:00,2.3040599999999998,2.30463,2.30403,2.30412,121
2025-12-12 05:50:00,2.30413,2.30427,2.30355,2.30397,107
2025-12-12 05:55:00,2.30398,2.30435,2.30378,2.30424,115
2025-12-12 06:00:00,2.30426,2.30503,2.3037900000000002,2.3050100000000002,127
2025-12-12 06:05:00,2.30481,2.30517,2.30438,2.30466,89
2025-12-12 06:10:00,2.3046699999999998,2.30493,2.30436,2.30493,101
2025-12-12 06:15:00,2.30453,2.30504,2.30422,2.30435,155
2025-12-12 06:20:00,2.30436,2.30484,2.30414,2.30441,105
2025-12-12 06:25:00,2.30438,2.305,2.30436,2.30498,174
2025-12-12 06:30:00,2.30477,2.30514,2.30453,2.3050800000000002,123
2025-12-12 06:35:00,2.30509,2.3052799999999998,2.30466,2.30524,94
2025-12-12 06:40:00,2.30544,2.30575,2.3052099999999998,2.30563,89
2025-12-12 06:45:00,2.3056200000000002,2.30567,2.30502,2.30551,90
2025-12-12 06:50:00,2.30555,2.30563,2.30499,2.30533,94
2025-12-12 06:55:00,2.30535,2.3056200000000002,2.30493,2.30519,130
2025-12-12 07:00:00,2.30519,2.30539,2.30428,2.30486,150
2025-12-12 07:05:00,2.30487,2.30496,2.30415,2.30434,115
2025-12-12 07:10:00,2.30434,2.30474,2.30409,2.30435,117
2025-12-12 07:15:00,2.30415,2.30453,2.30382,2.30452,97
2025-12-12 07:20:00,2.30453,2.30459,2.30366,2.3038600000000002,107
2025-12-12 07:25:00,2.30385,2.30433,2.3037,2.30433,115
2025-12-12 07:30:00,2.30434,2.30435,2.30355,2.3039899999999998,142
2025-12-12 07:35:00,2.30397,2.30429,2.30343,2.30398,148
2025-12-12 07:40:00,2.30402,2.30415,2.30348,2.30391,111
2025-12-12 07:45:00,2.30387,2.30437,2.30373,2.30424,115
2025-12-12 07:50:00,2.3038,2.30436,2.30362,2.3037900000000002,145
2025-12-12 07:55:00,2.30381,2.3044000000000002,2.30357,2.3039899999999998,192
2025-12-12 08:00:00,2.304,2.30443,2.30343,2.30442,165
2025-12-12 08:05:00,2.30444,2.30455,2.30355,2.3037,142
2025-12-12 08:10:00,2.30375,2.30417,2.30316,2.30413,191
2025-12-12 08:15:00,2.30411,2.30459,2.30373,2.3045,176
2025-12-12 08:20:00,2.30452,2.30495,2.30415,2.30487,137
2025-12-12 08:25:00,2.3045,2.30476,2.30353,2.30411,160
2025-12-12 08:30:00,2.3041,2.30421,2.30295,2.30303,231
2025-12-12 08:35:00,2.30343,2.30426,2.30297,2.30418,202
2025-12-12 08:40:00,2.30423,2.30485,2.30396,2.30463,151
2025-12-12 08:45:00,2.30464,2.30493,2.30424,2.30476,158
2025-12-12 08:50:00,2.30458,2.30479,2.30405,2.30412,214
2025-12-12 08:55:00,2.30412,2.30494,2.30404,2.30444,207
2025-12-12 09:00:00,2.30402,2.30402,2.30217,2.30249,415
2025-12-12 09:05:00,2.30243,2.30289,2.302,2.30234,301
2025-12-12 09:10:00,2.30235,2.30298,2.30205,2.3027,261
2025-12-12 09:15:00,2.30271,2.30429,2.30231,2.30428,251
2025-12-12 09:20:00,2.30388,2.3046699999999998,2.30369,2.30432,301
2025-12-12 09:25:00,2.30435,2.30466,2.30388,2.30391,237
2025-12-12 09:30:00,2.30394,2.30409,2.30292,2.30331,266
2025-12-12 09:35:00,2.3033,2.3039899999999998,2.30259,2.30302,287
2025-12-12 09:40:00,2.303,2.30312,2.30221,2.30279,254
2025-12-12 09:45:00,2.3028,2.30346,2.30241,2.30296,296
2025-12-12 09:50:00,2.30297,2.30298,2.30181,2.30207,236
2025-12-12 09:55:00,2.30222,2.3027699999999998,2.30185,2.30212,274
2025-12-12 10:00:00,2.3020300000000002,2.3020300000000002,2.3009,2.30147,421
2025-12-12 10:05:00,2.30144,2.3015,2.30016,2.3009399999999998,294
2025-12-12 10:10:00,2.30095,2.30141,2.30045,2.30087,299
2025-12-12 10:15:00,2.30087,2.30093,2.2999,2.3003299999999998,350
2025-12-12 10:20:00,2.30034,2.30085,2.29979,2.3003,347
2025-12-12 10:25:00,2.30029,2.30097,2.29989,2.3003299999999998,300
2025-12-12 10:30:00,2.30032,2.30085,2.2997,2.30018,324
2025-12-12 10:35:00,2.30021,2.30085,2.29977,2.30019,278
2025-12-12 10:40:00,2.3002000000000002,2.30068,2.29925,2.29985,276
2025-12-12 10:45:00,2.29984,2.3005,2.29927,2.30005,320
2025-12-12 10:50:00,2.30003,2.30079,2.29995,2.30028,275
2025-12-12 10:55:00,2.30065,2.3007400000000002,2.29947,2.2997199999999998,336
2025-12-12 11:00:00,2.29971,2.30012,2.29938,2.29995,379
2025-12-12 11:05:00,2.29999,2.3009,2.29956,2.30072,300
2025-12-12 11:10:00,2.30071,2.3014200000000002,2.3003,2.3007,266
2025-12-12 11:15:00,2.30071,2.30134,2.3005,2.30093,282
2025-12-12 11:20:00,2.30095,2.30183,2.30078,2.3013,268
2025-12-12 11:25:00,2.30132,2.30177,2.30089,2.30123,258
2025-12-12 11:30:00,2.30124,2.30183,2.30108,2.30113,318
2025-12-12 11:35:00,2.30112,2.30163,2.3003299999999998,2.30044,248
2025-12-12 11:40:00,2.30039,2.30156,2.30031,2.30136,303
2025-12-12 11:45:00,2.3013500000000002,2.30139,2.30023,2.30025,249
2025-12-12 11:50:00,2.30026,2.30158,2.29998,2.30066,261
2025-12-12 11:55:00,2.30068,2.30157,2.30046,2.30102,276
2025-12-12 12:00:00,2.3010099999999998,2.30184,2.3007400000000002,2.30184,327
2025-12-12 12:05:00,2.30181,2.30232,2.30145,2.30182,234
2025-12-12 12:10:00,2.30185,2.3022299999999998,2.30164,2.30198,229
2025-12-12 12:15:00,2.30199,2.30258,2.30152,2.30194,233
2025-12-12 12:20:00,2.30193,2.30208,2.30077,2.3012,272
2025-12-12 12:25:00,2.30119,2.3022,2.3008100000000002,2.3017,272
2025-12-12 12:30:00,2.30169,2.30213,2.30128,2.30134,221
2025-12-12 12:35:00,2.30134,2.30229,2.30134,2.30168,236
2025-12-12 12:40:00,2.3017,2.30247,2.30154,2.30195,164
2025-12-12 12:45:00,2.3019600000000002,2.30255,2.30149,2.30255,230
2025-12-12 12:50:00,2.30253,2.30302,2.30214,2.3026400000000002,222
2025-12-12 12:55:00,2.30262,2.3026400000000002,2.3010099999999998,2.30161,347
2025-12-12 13:00:00,2.30165,2.30199,2.30103,2.3015,283
2025-12-12 13:05:00,2.3017,2.30225,2.30131,2.3016,212
2025-12-12 13:10:00,2.30159,2.30193,2.30106,2.30123,231
2025-12-12 13:15:00,2.30124,2.30166,2.30066,2.30115,178
2025-12-12 13:20:00,2.30119,2.30217,2.3007,2.3020300000000002,236
2025-12-12 13:25:00,2.30163,2.30246,2.30161,2.30205,246
2025-12-12 13:30:00,2.30206,2.30249,2.30159,2.30182,239
2025-12-12 13:35:00,2.30181,2.30236,2.30158,2.30236,217
2025-12-12 13:40:00,2.30235,2.30236,2.3014200000000002,2.30167,211
2025-12-12 13:45:00,2.30163,2.30232,2.30141,2.30201,275
2025-12-12 13:50:00,2.30163,2.30238,2.30134,2.30231,243
2025-12-12 13:55:00,2.30233,2.30239,2.30119,2.30171,287
2025-12-12 14:00:00,2.30172,2.30185,2.30103,2.30144,387
2025-12-12 14:05:00,2.30144,2.3015499999999998,2.30043,2.30099,284
2025-12-12 14:10:00,2.30098,2.30176,2.30054,2.30146,282
2025-12-12 14:15:00,2.30148,2.30197,2.30106,2.3015,288
2025-12-12 14:20:00,2.30149,2.30204,2.30131,2.30131,250
2025-12-12 14:25:00,2.3013,2.30218,2.3013,2.30201,196
2025-12-12 14:30:00,2.30201,2.30213,2.30141,2.3019600000000002,237
2025-12-12 14:35:00,2.30194,2.30252,2.30149,2.302,208
2025-12-12 14:40:00,2.30199,2.30218,2.30139,2.30198,231
2025-12-12 14:45:00,2.3019600000000002,2.30222,2.3013,2.30188,294
2025-12-12 14:50:00,2.30187,2.30274,2.3014,2.30226,290
2025-12-12 14:55:00,2.30262,2.30343,2.30228,2.3029,377
2025-12-12 15:00:00,2.30292,2.3034499999999998,2.3026,2.30343,442
2025-12-12 15:05:00,2.30346,2.30346,2.3024,2.30249,363
2025-12-12 15:10:00,2.3025,2.30356,2.30219,2.30276,316
2025-12-12 15:15:00,2.3027699999999998,2.30321,2.3021599999999998,2.30227,323
2025-12-12 15:20:00,2.3023,2.30251,2.30138,2.30248,347
2025-12-12 15:25:00,2.30251,2.30263,2.30182,2.30256,276
2025-12-12 15:30:00,2.30255,2.30328,2.30188,2.30317,424
2025-12-12 15:35:00,2.30319,2.30326,2.30202,2.30211,353
2025-12-12 15:40:00,2.3021,2.30301,2.30206,2.30217,330
2025-12-12 15:45:00,2.3022,2.30287,2.30191,2.30247,287
2025-12-12 15:50:00,2.30248,2.3027699999999998,2.30194,2.30252,347
2025-12-12 15:55:00,2.30256,2.30272,2.30111,2.30163,386
2025-12-12 16:00:00,2.30164,2.30197,2.3007,2.30143,449
2025-12-12 16:05:00,2.30141,2.3014200000000002,2.30009,2.30054,418
2025-12-12 16:10:00,2.30055,2.3008100000000002,2.30002,2.30047,334
2025-12-12 16:15:00,2.30046,2.30062,2.29975,2.30051,393
2025-12-12 16:20:00,2.30052,2.30059,2.29957,2.30021,305
2025-12-12 16:25:00,2.30027,2.30063,2.2997199999999998,2.30028,377
2025-12-12 16:30:00,2.30025,2.30109,2.29994,2.30025,457
2025-12-12 16:35:00,2.30023,2.30087,2.29978,2.29983,465
2025-12-12 16:40:00,2.29984,2.30108,2.29964,2.29996,493
2025-12-12 16:45:00,2.29992,2.30191,2.29992,2.30179,472
2025-12-12 16:50:00,2.30181,2.30188,2.29985,2.30046,420
2025-12-12 16:55:00,2.30051,2.301,2.29989,2.30098,434
2025-12-12 17:00:00,2.30109,2.30306,2.30064,2.30294,461
2025-12-12 17:05:00,2.30292,2.30385,2.30193,2.30293,474
2025-12-12 17:10:00,2.30291,2.30319,2.30215,2.30217,453
2025-12-12 17:15:00,2.30259,2.30332,2.3019600000000002,2.30278,472
2025-12-12 17:20:00,2.30285,2.30405,2.3025700000000002,2.30404,505
2025-12-12 17:25:00,2.30374,2.3053,2.3036,2.3050100000000002,524
2025-12-12 17:30:00,2.30502,2.30539,2.30365,2.30458,546
2025-12-12 17:35:00,2.30459,2.30594,2.30441,2.30502,457
2025-12-12 17:40:00,2.30505,2.30591,2.30486,2.30552,507
2025-12-12 17:45:00,2.30548,2.30554,2.3034499999999998,2.30394,514
2025-12-12 17:50:00,2.30392,2.30565,2.30327,2.30485,558
2025-12-12 17:55:00,2.30486,2.30537,2.30324,2.30384,530
2025-12-12 18:00:00,2.3039,2.30434,2.3031800000000002,2.3041,597
2025-12-12 18:05:00,2.30411,2.30577,2.3038600000000002,2.30519,642
2025-12-12 18:10:00,2.30514,2.30597,2.30477,2.30585,576
2025-12-12 18:15:00,2.30593,2.30605,2.30492,2.30556,516
2025-12-12 18:20:00,2.30555,2.30625,2.3045,2.30488,530
2025-12-12 18:25:00,2.30485,2.30551,2.3044700000000002,2.30491,469
2025-12-12 18:30:00,2.3050800000000002,2.30557,2.3047,2.30473,485
2025-12-12 18:35:00,2.30471,2.30617,2.30462,2.30603,547
2025-12-12 18:40:00,2.30599,2.30609,2.30439,2.3047,488
2025-12-12 18:45:00,2.30475,2.30538,2.3044000000000002,2.30454,441
2025-12-12 18:50:00,2.30451,2.30525,2.30402,2.30475,475
2025-12-12 18:55:00,2.30479,2.30548,2.30434,2.30475,447
2025-12-12 19:00:00,2.30476,2.30488,2.30359,2.30428,483
2025-12-12 19:05:00,2.3043,2.30442,2.30292,2.30373,410
2025-12-12 19:10:00,2.30369,2.30378,2.30295,2.30322,308
2025-12-12 19:15:00,2.30321,2.30363,2.3023,2.3025,431
2025-12-12 19:20:00,2.3025,2.30395,2.30247,2.30332,415
2025-12-12 19:25:00,2.30333,2.30466,2.30331,2.30429,506
2025-12-12 19:30:00,2.3043,2.3045999999999998,2.30302,2.30364,402
2025-12-12 19:35:00,2.30363,2.30439,2.30355,2.30358,332
2025-12-12 19:40:00,2.30362,2.30437,2.30297,2.30352,337
2025-12-12 19:45:00,2.30354,2.30363,2.30297,2.30322,296
2025-12-12 19:50:00,2.3032,2.30439,2.30309,2.30409,301
2025-12-12 19:55:00,2.3041,2.30429,2.30333,2.3042,322
2025-12-12 20:00:00,2.30418,2.30422,2.30333,2.30389,306
2025-12-12 20:05:00,2.30389,2.30398,2.30321,2.30342,334
2025-12-12 20:10:00,2.3033799999999998,2.30393,2.3025,2.3032,325
2025-12-12 20:15:00,2.30321,2.3037,2.30276,2.30303,279
2025-12-12 20:20:00,2.30308,2.30358,2.30251,2.30256,358
2025-12-12 20:25:00,2.30266,2.30313,2.30239,2.30304,324
2025-12-12 20:30:00,2.30255,2.3032,2.30232,2.30315,283
2025-12-12 20:35:00,2.30316,2.30316,2.3020300000000002,2.30238,205
2025-12-12 20:40:00,2.30237,2.30313,2.30215,2.303,248
2025-12-12 20:45:00,2.30302,2.30303,2.3019,2.30241,257
2025-12-12 20:50:00,2.30242,2.3026400000000002,2.30201,2.30214,203
2025-12-12 20:55:00,2.30213,2.30302,2.30205,2.30252,356
2025-12-12 21:00:00,2.30249,2.3033,2.30238,2.3028,431
2025-12-12 21:05:00,2.3028,2.30336,2.30262,2.30336,244
2025-12-12 21:10:00,2.30334,2.30334,2.30251,2.30301,273
2025-12-12 21:15:00,2.30305,2.30313,2.30237,2.30274,251
2025-12-12 21:20:00,2.30276,2.30324,2.30248,2.30275,251
2025-12-12 21:25:00,2.30273,2.30337,2.30272,2.30279,223
2025-12-12 21:30:00,2.30276,2.30336,2.3025,2.30307,234
2025-12-12 21:35:00,2.30307,2.3033,2.30256,2.3031800000000002,230
2025-12-12 21:40:00,2.30313,2.30314,2.30212,2.30291,228
2025-12-12 21:45:00,2.30292,2.30305,2.30236,2.30287,212
2025-12-12 21:50:00,2.30288,2.30316,2.30225,2.30302,259
2025-12-12 21:55:00,2.30304,2.30362,2.30255,2.3029,289
2025-12-12 22:00:00,2.30289,2.30387,2.30285,2.30297,349
2025-12-12 22:05:00,2.30299,2.30341,2.30255,2.30288,271
2025-12-12 22:10:00,2.30288,2.30299,2.30225,2.30261,226
2025-12-12 22:15:00,2.30282,2.30332,2.30245,2.30302,212
2025-12-12 22:20:00,2.30303,2.30412,2.30301,2.30335,199
2025-12-12 22:25:00,2.30336,2.3042,2.30335,2.30397,265
2025-12-12 22:30:00,2.30396,2.30438,2.30339,2.30361,237
2025-12-12 22:35:00,2.30362,2.30423,2.30337,2.30423,220
2025-12-12 22:40:00,2.30423,2.30435,2.30354,2.30412,209
2025-12-12 22:45:00,2.30411,2.30457,2.30334,2.30342,425
2025-12-12 22:50:00,2.30342,2.30418,2.30319,2.30361,399
2025-12-12 22:55:00,2.30354,2.30396,2.3031800000000002,2.30351,416
2025-12-12 23:00:00,2.3028,2.30293,2.30209,2.30269,298
2025-12-12 23:05:00,2.30268,2.3027,2.30179,2.30182,254
2025-12-12 23:10:00,2.3018,2.30242,2.30164,2.30242,189
2025-12-12 23:15:00,2.30245,2.30249,2.30202,2.30204,220
2025-12-12 23:20:00,2.30206,2.3022299999999998,2.30176,2.3018,229
2025-12-12 23:25:00,2.30179,2.30236,2.30161,2.302,462
2025-12-12 23:30:00,2.30205,2.30224,2.30167,2.30217,385
2025-12-12 23:35:00,2.3022299999999998,2.30276,2.30204,2.30236,276
2025-12-12 23:40:00,2.30233,2.30287,2.30201,2.3028,215
2025-12-12 23:45:00,2.3028399999999998,2.3028399999999998,2.30211,2.30229,377
2025-12-12 23:50:00,2.30227,2.30307,2.30222,2.30282,350
2025-12-12 23:55:00,2.30252,2.30252,2.30064,2.30104,365
2025-12-15 00:00:00,2.30289,2.30319,2.30289,2.30319,6
2025-12-15 00:05:00,2.30366,2.30624,2.30366,2.30614,26
2025-12-15 00:10:00,2.3058199999999998,2.30632,2.30472,2.30534,71
2025-12-15 00:15:00,2.30532,2.30532,2.30343,2.30414,260
2025-12-15 00:20:00,2.30411,2.30445,2.3022,2.30366,203
2025-12-15 00:25:00,2.30362,2.30416,2.30152,2.30221,431
2025-12-15 00:30:00,2.30244,2.30609,2.30029,2.30471,269
2025-12-15 00:35:00,2.30472,2.30514,2.30396,2.30424,238
2025-12-15 00:40:00,2.30428,2.30459,2.30172,2.30354,260
2025-12-15 00:45:00,2.30355,2.30535,2.30308,2.30509,182
2025-12-15 00:50:00,2.30487,2.30536,2.30463,2.30509,85
2025-12-15 00:55:00,2.3050800000000002,2.30678,2.30451,2.30663,266
2025-12-15 01:00:00,2.30709,2.30715,2.30373,2.30478,307
2025-12-15 01:05:00,2.30479,2.30591,2.30466,2.30533,162
2025-12-15 01:10:00,2.30555,2.30557,2.3042,2.30476,208
2025-12-15 01:15:00,2.30436,2.30486,2.30378,2.30384,169
2025-12-15 01:20:00,2.30383,2.3042,2.30343,2.30368,141
2025-12-15 01:25:00,2.3037,2.30453,2.3037,2.3045,141
2025-12-15 01:30:00,2.30458,2.30458,2.30382,2.30417,117
2025-12-15 01:35:00,2.30421,2.30465,2.30397,2.30413,71
2025-12-15 01:40:00,2.30411,2.30462,2.30405,2.3045999999999998,74
2025-12-15 01:45:00,2.30457,2.30462,2.30348,2.30367,89
2025-12-15 01:50:00,2.30365,2.30433,2.30321,2.3042,112
2025-12-15 01:55:00,2.30418,2.30431,2.30347,2.30366,203
2025-12-15 02:00:00,2.30367,2.30431,2.30354,2.30355,216
2025-12-15 02:05:00,2.30357,2.30365,2.3032500000000002,2.30339,188
2025-12-15 02:10:00,2.3033799999999998,2.30353,2.30322,2.30329,130
2025-12-15 02:15:00,2.30326,2.30354,2.30293,2.30293,149
2025-12-15 02:20:00,2.30296,2.30364,2.30296,2.30314,121
2025-12-15 02:25:00,2.30312,2.30365,2.30273,2.30361,132
2025-12-15 02:30:00,2.30362,2.30384,2.30254,2.3036,156
2025-12-15 02:35:00,2.30362,2.3038,2.30336,2.30365,165
2025-12-15 02:40:00,2.30364,2.30365,2.30281,2.30299,193
2025-12-15 02:45:00,2.30298,2.30303,2.30266,2.30281,172
2025-12-15 02:50:00,2.30283,2.30349,2.30248,2.30307,215
2025-12-15 02:55:00,2.30305,2.30337,2.30242,2.3028,219
2025-12-15 03:00:00,2.30281,2.30281,2.30122,2.30215,252
2025-12-15 03:05:00,2.30213,2.30248,2.30178,2.30225,233
2025-12-15 03:10:00,2.30227,2.30255,2.30184,2.30204,207
2025-12-15 03:15:00,2.30205,2.30266,2.3015499999999998,2.30194,265
2025-12-15 03:20:00,2.30195,2.3025,2.30193,2.30228,218
2025-12-15 03:25:00,2.30226,2.30237,2.30141,2.30164,144
2025-12-15 03:30:00,2.3016199999999998,2.30199,2.30075,2.30099,235
2025-12-15 03:35:00,2.301,2.3017,2.3008100000000002,2.3008100000000002,219
2025-12-15 03:40:00,2.30082,2.30185,2.30076,2.30153,191
2025-12-15 03:45:00,2.30152,2.30231,2.30125,2.30218,211
2025-12-15 03:50:00,2.30219,2.30256,2.30183,2.30254,211
2025-12-15 03:55:00,2.30255,2.3029,2.30206,2.30251,218
2025-12-15 04:00:00,2.30252,2.30646,2.30252,2.3061,323
2025-12-15 04:05:00,2.30611,2.31099,2.30611,2.30861,449
2025-12-15 04:10:00,2.3086,2.31101,2.3086,2.31046,299
2025-12-15 04:15:00,2.31047,2.31256,2.3101,2.31209,251
2025-12-15 04:20:00,2.31221,2.31312,2.31205,2.31278,227
2025-12-15 04:25:00,2.31278,2.31367,2.31143,2.31169,285
2025-12-15 04:30:00,2.31167,2.3137,2.31123,2.3127,299
2025-12-15 04:35:00,2.31272,2.31474,2.3125999999999998,2.31381,245
2025-12-15 04:40:00,2.31385,2.31396,2.31218,2.31241,255
2025-12-15 04:45:00,2.31238,2.31275,2.31039,2.3118,277
2025-12-15 04:50:00,2.31175,2.31263,2.31068,2.31109,226
2025-12-15 04:55:00,2.31106,2.31242,2.31093,2.31239,246
2025-12-15 05:00:00,2.31239,2.3124000000000002,2.31078,2.31106,242
2025-12-15 05:05:00,2.31106,2.31237,2.31096,2.31183,210
2025-12-15 05:10:00,2.31184,2.31492,2.31157,2.31334,296
2025-12-15 05:15:00,2.31336,2.3138,2.31249,2.31296,243
2025-12-15 05:20:00,2.31256,2.31426,2.31255,2.3131,279
2025-12-15 05:25:00,2.3127,2.31334,2.31236,2.31311,220
2025-12-15 05:30:00,2.3131,2.31426,2.313,2.31391,238
2025-12-15 05:35:00,2.31352,2.3142,2.31286,2.31343,190
2025-12-15 05:40:00,2.31355,2.31432,2.31339,2.31425,142
2025-12-15 05:45:00,2.3142300000000002,2.31444,2.31354,2.31395,145
2025-12-15 05:50:00,2.31394,2.31509,2.3138,2.31472,212
2025-12-15 05:55:00,2.31473,2.31557,2.31416,2.31475,294
2025-12-15 06:00:00,2.31474,2.31495,2.31387,2.31486,223
2025-12-15 06:05:00,2.31485,2.31487,2.31396,2.31413,195
2025-12-15 06:10:00,2.31415,2.31473,2.31384,2.31451,149
2025-12-15 06:15:00,2.31454,2.31607,2.31454,2.31539,206
2025-12-15 06:20:00,2.31538,2.3163,2.31497,2.31542,227
2025-12-15 06:25:00,2.31582,2.31582,2.31487,2.31544,184
2025-12-15 06:30:00,2.3155200000000002,2.31572,2.31475,2.31478,192
2025-12-15 06:35:00,2.31481,2.31499,2.31403,2.31407,211
2025-12-15 06:40:00,2.31408,2.3145,2.31347,2.3135,190
2025-12-15 06:45:00,2.31351,2.31424,2.31332,2.3136200000000002,165
2025-12-15 06:50:00,2.31361,2.31412,2.31304,2.31352,140
2025-12-15 06:55:00,2.31353,2.31353,2.31269,2.31299,157
2025-12-15 07:00:00,2.31297,2.31302,2.31227,2.31233,198
2025-12-15 07:05:00,2.31234,2.31277,2.31174,2.31174,138
2025-12-15 07:10:00,2.31175,2.31207,2.31099,2.31147,181
2025-12-15 07:15:00,2.31149,2.31208,2.31114,2.31171,161
2025-12-15 07:20:00,2.31132,2.31191,2.31112,2.3111800000000002,134
2025-12-15 07:25:00,2.31116,2.31126,2.31069,2.31124,191
2025-12-15 07:30:00,2.31128,2.31195,2.3105,2.31055,203
2025-12-15 07:35:00,2.3105700000000002,2.31196,2.31031,2.31134,260
2025-12-15 07:40:00,2.31174,2.312,2.31102,2.31163,215
2025-12-15 07:45:00,2.31123,2.31194,2.31083,2.31146,158
2025-12-15 07:50:00,2.31144,2.31185,2.311,2.3117900000000002,166
2025-12-15 07:55:00,2.31178,2.31178,2.31095,2.31121,193
2025-12-15 08:00:00,2.31127,2.3123,2.31098,2.31187,226
2025-12-15 08:05:00,2.31189,2.31246,2.31133,2.31175,261
2025-12-15 08:10:00,2.31176,2.31204,2.311,2.31144,168
2025-12-15 08:15:00,2.31146,2.31149,2.31081,2.31088,170
2025-12-15 08:20:00,2.31087,2.31162,2.31086,2.31112,233
2025-12-15 08:25:00,2.31111,2.31154,2.31102,2.31154,249
2025-12-15 08:30:00,2.31163,2.31187,2.3109,2.3113,186
2025-12-15 08:35:00,2.31132,2.31171,2.31092,2.3115,172
2025-12-15 08:40:00,2.31151,2.31174,2.31076,2.31127,212
2025-12-15 08:45:00,2.31127,2.3113099999999998,2.31022,2.3104,208
2025-12-15 08:50:00,2.31039,2.31059,2.31024,2.31041,137
2025-12-15 08:55:00,2.31043,2.31082,2.31003,2.31042,198
2025-12-15 09:00:00,2.31044,2.31085,2.30973,2.30987,375
2025-12-15 09:05:00,2.30986,2.31046,2.30946,2.30989,281
2025-12-15 09:10:00,2.31028,2.31045,2.30969,2.30995,209
2025-12-15 09:15:00,2.30998,2.31063,2.30983,2.31039,214
2025-12-15 09:20:00,2.31038,2.3106999999999998,2.30985,2.30998,214
2025-12-15 09:25:00,2.31,2.31072,2.30972,2.31006,257
2025-12-15 09:30:00,2.31007,2.31026,2.30923,2.30923,251
2025-12-15 09:35:00,2.30922,2.30965,2.30912,2.30945,254
2025-12-15 09:40:00,2.30946,2.30977,2.30911,2.30928,237
2025-12-15 09:45:00,2.30928,2.3103,2.30909,2.30983,245
2025-12-15 09:50:00,2.30982,2.31045,2.30957,2.31029,285
2025-12-15 09:55:00,2.31029,2.3106400000000002,2.30978,2.31042,275
2025-12-15 10:00:00,2.31041,2.31144,2.3101599999999998,2.31106,326
2025-12-15 10:05:00,2.31105,2.31204,2.31069,2.31158,285
2025-12-15 10:10:00,2.31167,2.3122,2.31048,2.31103,337
2025-12-15 10:15:00,2.31107,2.31127,2.30979,2.31109,325
2025-12-15 10:20:00,2.3112,2.31219,2.31067,2.31183,280
2025-12-15 10:25:00,2.31183,2.31235,2.3112500000000002,2.31227,318
2025-12-15 10:30:00,2.3123,2.3128,2.3117900000000002,2.31279,281
2025-12-15 10:35:00,2.31279,2.31331,2.31221,2.31221,271
2025-12-15 10:40:00,2.31222,2.31226,2.3111800000000002,2.31142,256
2025-12-15 10:45:00,2.31183,2.31282,2.31183,2.31274,197
2025-12-15 10:50:00,2.31274,2.31334,2.31229,2.31289,269
2025-12-15 10:55:00,2.31287,2.31313,2.31197,2.3127,281
2025-12-15 11:00:00,2.31268,2.31332,2.31233,2.31239,301
2025-12-15 11:05:00,2.31242,2.31389,2.31238,2.31327,345
2025-12-15 11:10:00,2.3133,2.31406,2.31316,2.3134,305
2025-12-15 11:15:00,2.31341,2.31354,2.3127,2.31313,227
2025-12-15 11:20:00,2.31311,2.31337,2.31204,2.31274,216
2025-12-15 11:25:00,2.31264,2.3132099999999998,2.31222,2.31282,250
2025-12-15 11:30:00,2.31288,2.31372,2.31285,2.31327,258
2025-12-15 11:35:00,2.31328,2.31395,2.31315,2.31386,287
2025-12-15 11:40:00,2.31384,2.31398,2.31316,2.31343,205
2025-12-15 11:45:00,2.3134,2.31377,2.3128,2.31326,301
2025-12-15 11:50:00,2.31327,2.31411,2.31297,2.31354,191
2025-12-15 11:55:00,2.31355,2.31383,2.3132099999999998,2.31338,215
2025-12-15 12:00:00,2.3134,2.31395,2.31272,2.31275,208
2025-12-15 12:05:00,2.31276,2.3135,2.31266,2.31337,162
2025-12-15 12:10:00,2.31338,2.31377,2.31288,2.3134,225
2025-12-15 12:15:00,2.31338,2.31353,2.31287,2.3132099999999998,252
2025-12-15 12:20:00,2.31322,2.3136200000000002,2.31284,2.31291,263
2025-12-15 12:25:00,2.31292,2.31368,2.31255,2.31298,302
2025-12-15 12:30:00,2.31298,2.31383,2.31282,2.31354,297
2025-12-15 12:35:00,2.3135,2.31422,2.31315,2.31386,277
2025-12-15 12:40:00,2.31387,2.31395,2.31287,2.31289,185
2025-12-15 12:45:00,2.3129,2.31311,2.31235,2.3128,204
2025-12-15 12:50:00,2.31281,2.3129,2.31219,2.3127,191
2025-12-15 12:55:00,2.31267,2.31294,2.31243,2.3127,182
2025-12-15 13:00:00,2.31269,2.31293,2.31225,2.31259,181
2025-12-15 13:05:00,2.3125999999999998,2.31307,2.31243,2.31275,166
2025-12-15 13:10:00,2.31274,2.3130800000000002,2.31216,2.31216,204
2025-12-15 13:15:00,2.31217,2.31259,2.31211,2.31224,215
2025-12-15 13:20:00,2.31223,2.31256,2.31168,2.31224,189
2025-12-15 13:25:00,2.31188,2.31259,2.3118600000000002,2.312,200
2025-12-15 13:30:00,2.31202,2.31234,2.31139,2.3119899999999998,193
2025-12-15 13:35:00,2.31198,2.312,2.3111,2.31112,170
2025-12-15 13:40:00,2.31113,2.31161,2.31063,2.31066,193
2025-12-15 13:45:00,2.31074,2.31091,2.31041,2.31047,203
2025-12-15 13:50:00,2.31045,2.3108,2.30959,2.31034,258
2025-12-15 13:55:00,2.31031,2.31047,2.30968,2.30986,224
2025-12-15 14:00:00,2.30985,2.31043,2.30983,2.31002,280
2025-12-15 14:05:00,2.31003,2.3105700000000002,2.30993,2.3103,214
2025-12-15 14:10:00,2.31032,2.3104,2.30966,2.31005,224
2025-12-15 14:15:00,2.31006,2.31022,2.30951,2.30995,197
2025-12-15 14:20:00,2.30992,2.30999,2.30912,2.30915,225
2025-12-15 14:25:00,2.30916,2.31008,2.3091,2.31001,202
2025-12-15 14:30:00,2.30962,2.31005,2.30924,2.30929,227
2025-12-15 14:35:00,2.3093,2.3105700000000002,2.30929,2.31053,226
2025-12-15 14:40:00,2.31054,2.31093,2.31048,2.31052,199
2025-12-15 14:45:00,2.31051,2.31069,2.31007,2.31033,191
2025-12-15 14:50:00,2.31074,2.31082,2.30987,2.3101,295
2025-12-15 14:55:00,2.3101,2.311,2.31001,2.31062,333
2025-12-15 15:00:00,2.3105700000000002,2.31062,2.3095499999999998,2.31001,358
2025-12-15 15:05:00,2.31002,2.31149,2.30954,2.31122,272
2025-12-15 15:10:00,2.31119,2.31122,2.31014,2.31041,252
2025-12-15 15:15:00,2.3104,2.31096,2.31003,2.31004,239
2025-12-15 15:20:00,2.31008,2.31035,2.30936,2.30942,242
2025-12-15 15:25:00,2.30945,2.30995,2.30928,2.30943,208
2025-12-15 15:30:00,2.30945,2.31039,2.30943,2.31005,259
2025-12-15 15:35:00,2.3101599999999998,2.3112500000000002,2.30987,2.31075,282
2025-12-15 15:40:00,2.31059,2.31059,2.30949,2.31058,305
2025-12-15 15:45:00,2.31059,2.3106,2.30943,2.30997,338
2025-12-15 15:50:00,2.30993,2.31075,2.30985,2.31074,307
2025-12-15 15:55:00,2.3107699999999998,2.31146,2.31068,2.31143,387
2025-12-15 16:00:00,2.31151,2.31176,2.3105,2.3106999999999998,435
2025-12-15 16:05:00,2.31068,2.31158,2.31068,2.31119,321
2025-12-15 16:10:00,2.3112,2.31156,2.31067,2.31135,316
2025-12-15 16:15:00,2.31134,2.31137,2.30989,2.31079,321
2025-12-15 16:20:00,2.31082,2.31099,2.30995,2.31006,338
2025-12-15 16:25:00,2.31004,2.31024,2.30918,2.30932,333
2025-12-15 16:30:00,2.30942,2.31013,2.30897,2.30952,471
2025-12-15 16:35:00,2.30941,2.31054,2.30919,2.30992,450
2025-12-15 16:40:00,2.30993,2.30999,2.3089,2.30917,490
2025-12-15 16:45:00,2.30918,2.30992,2.3089399999999998,2.30908,475
2025-12-15 16:50:00,2.30905,2.31042,2.30905,2.30949,524
2025-12-15 16:55:00,2.30953,2.31133,2.30946,2.31092,451
2025-12-15 17:00:00,2.31095,2.31134,2.30958,2.30976,468
2025-12-15 17:05:00,2.30972,2.30986,2.3083299999999998,2.30958,470
2025-12-15 17:10:00,2.30962,2.31004,2.3091,2.31002,430
2025-12-15 17:15:00,2.31002,2.31035,2.30905,2.31032,420
2025-12-15 17:20:00,2.31034,2.31044,2.30875,2.3099,654
2025-12-15 17:25:00,2.30992,2.31007,2.30911,2.30956,607
2025-12-15 17:30:00,2.30957,2.31087,2.30938,2.3107699999999998,549
2025-12-15 17:35:00,2.3107699999999998,2.31135,2.3103,2.31066,476
2025-12-15 17:40:00,2.31075,2.31128,2.30902,2.30903,456
2025-12-15 17:45:00,2.30904,2.30944,2.30837,2.30911,402
2025-12-15 17:50:00,2.30909,2.30933,2.30816,2.30864,456
2025-12-15 17:55:00,2.30862,2.30888,2.30717,2.30821,476
2025-12-15 18:00:00,2.30812,2.30883,2.30757,2.30796,486
2025-12-15 18:05:00,2.30794,2.30818,2.3070399999999998,2.30732,475
2025-12-15 18:10:00,2.30736,2.30879,2.30736,2.30879,345
2025-12-15 18:15:00,2.30873,2.30886,2.30775,2.30777,418
2025-12-15 18:20:00,2.30779,2.30856,2.30762,2.30843,427
2025-12-15 18:25:00,2.30844,2.30844,2.30791,2.30793,366
2025-12-15 18:30:00,2.30798,2.30866,2.3073,2.30856,467
2025-12-15 18:35:00,2.30859,2.30889,2.30803,2.30853,561
2025-12-15 18:40:00,2.30855,2.30977,2.30834,2.30976,434
2025-12-15 18:45:00,2.30969,2.31071,2.30941,2.31071,447
2025-12-15 18:50:00,2.31072,2.3108,2.30905,2.30914,444
2025-12-15 18:55:00,2.30914,2.30973,2.3088,2.30905,403
2025-12-15 19:00:00,2.30903,2.30965,2.30843,2.30906,424
2025-12-15 19:05:00,2.30901,2.30958,2.30866,2.30933,353
2025-12-15 19:10:00,2.30931,2.30986,2.3091,2.30971,373
2025-12-15 19:15:00,2.30969,2.31046,2.30933,2.30994,302
2025-12-15 19:20:00,2.30993,2.31021,2.30947,2.30991,267
2025-12-15 19:25:00,2.30993,2.31008,2.30934,2.30973,348
2025-12-15 19:30:00,2.30977,2.31007,2.309,2.30903,356
2025-12-15 19:35:00,2.30902,2.30979,2.30873,2.30923,399
2025-12-15 19:40:00,2.30924,2.30971,2.3084,2.30899,317
2025-12-15 19:45:00,2.30902,2.30945,2.30865,2.30886,277
2025-12-15 19:50:00,2.30927,2.31002,2.30892,2.30965,325
2025-12-15 19:55:00,2.30963,2.30983,2.30939,2.30967,308
2025-12-15 20:00:00,2.3095499999999998,2.30966,2.30883,2.3089399999999998,366
2025-12-15 20:05:00,2.30896,2.30997,2.30873,2.30983,271
2025-12-15 20:10:00,2.30983,2.31017,2.30946,2.30967,292
2025-12-15 20:15:00,2.30971,2.31041,2.30963,2.31041,256
2025-12-15 20:20:00,2.3104,2.31044,2.30975,2.3104,261
2025-12-15 20:25:00,2.31001,2.3106999999999998,2.30986,2.31034,317
2025-12-15 20:30:00,2.31041,2.31045,2.30976,2.31015,296
2025-12-15 20:35:00,2.31017,2.31025,2.30922,2.30936,302
2025-12-15 20:40:00,2.30934,2.3099,2.30903,2.3097,281
2025-12-15 20:45:00,2.30971,2.31,2.30933,2.30965,281
2025-12-15 20:50:00,2.30971,2.30976,2.3091,2.30951,192
2025-12-15 20:55:00,2.30949,2.30997,2.30908,2.30997,279
2025-12-15 21:00:00,2.31001,2.31001,2.3091,2.30959,279
2025-12-15 21:05:00,2.3096,2.31008,2.30921,2.30991,208
2025-12-15 21:10:00,2.30992,2.3103,2.3094799999999998,2.30992,179
2025-12-15 21:15:00,2.30991,2.3105,2.30984,2.3101599999999998,231
2025-12-15 21:20:00,2.31014,2.3103,2.30968,2.31026,214
2025-12-15 21:25:00,2.31025,2.31036,2.30967,2.31007,163
2025-12-15 21:30:00,2.31005,2.31044,2.3098,2.31039,183
2025-12-15 21:35:00,2.31037,2.31048,2.30987,2.31037,161
2025-12-15 21:40:00,2.31038,2.31058,2.31005,2.31006,109
2025-12-15 21:45:00,2.31008,2.31066,2.30999,2.3106400000000002,185
2025-12-15 21:50:00,2.3106,2.31063,2.30984,2.30984,225
2025-12-15 21:55:00,2.30988,2.31055,2.30963,2.31008,258
2025-12-15 22:00:00,2.31006,2.31107,2.31006,2.3105700000000002,244
2025-12-15 22:05:00,2.31056,2.31069,2.30988,2.31026,195
2025-12-15 22:10:00,2.31029,2.31076,2.31014,2.31039,187
2025-12-15 22:15:00,2.31054,2.31097,2.3104,2.31066,189
2025-12-15 22:20:00,2.31067,2.31109,2.31053,2.31075,185
2025-12-15 22:25:00,2.31075,2.31086,2.31065,2.31079,206
2025-12-15 22:30:00,2.3108,2.3113799999999998,2.31068,2.31086,196
2025-12-15 22:35:00,2.31086,2.31167,2.31083,2.31139,208
2025-12-15 22:40:00,2.3113799999999998,2.3116,2.31101,2.31119,179
2025-12-15 22:45:00,2.3112,2.31175,2.31103,2.31122,203
2025-12-15 22:50:00,2.31126,2.31172,2.31111,2.31172,220
2025-12-15 22:55:00,2.31172,2.31181,2.31124,2.31152,239
2025-12-15 23:00:00,2.31079,2.3116,2.31072,2.31135,164
2025-12-15 23:05:00,2.31133,2.31147,2.31098,2.31147,110
2025-12-15 23:10:00,2.31149,2.312,2.31102,2.31116,74
2025-12-15 23:15:00,2.31116,2.31154,2.311,2.31105,73
2025-12-15 23:20:00,2.31104,2.3113099999999998,2.31071,2.3109,176
2025-12-15 23:25:00,2.31102,2.31114,2.31035,2.3104,251
2025-12-15 23:30:00,2.3105,2.31106,2.31007,2.31105,199
2025-12-15 23:35:00,2.31103,2.3112,2.31062,2.31063,91
2025-12-15 23:40:00,2.3106400000000002,2.3116,2.3106400000000002,2.31153,113
2025-12-15 23:45:00,2.31154,2.31158,2.31132,2.31147,432
2025-12-15 23:50:00,2.31145,2.31196,2.31128,2.31155,266
2025-12-15 23:55:00,2.31229,2.31231,2.31032,2.31098,249
2025-12-16 00:00:00,2.31235,2.31251,2.31219,2.31241,10
2025-12-16 00:05:00,2.31241,2.31241,2.31054,2.31054,13
2025-12-16 00:10:00,2.31054,2.31166,2.31054,2.31142,26
2025-12-16 00:15:00,2.3125999999999998,2.31272,2.31151,2.31203,115
2025-12-16 00:20:00,2.31203,2.3128,2.31183,2.31233,90
2025-12-16 00:25:00,2.3122,2.31272,2.3122,2.3125299999999998,98
2025-12-16 00:30:00,2.31255,2.31282,2.3117,2.31174,129
2025-12-16 00:35:00,2.31198,2.31277,2.31195,2.31255,187
2025-12-16 00:40:00,2.31254,2.31292,2.31216,2.31234,259
2025-12-16 00:45:00,2.3123,2.31242,2.31212,2.31222,161
2025-12-16 00:50:00,2.31222,2.31267,2.31212,2.3122,131
2025-12-16 00:55:00,2.31223,2.3128,2.31183,2.31198,295
2025-12-16 01:00:00,2.31196,2.31284,2.31174,2.31174,232
2025-12-16 01:05:00,2.31172,2.3122,2.31146,2.31158,175
2025-12-16 01:10:00,2.31172,2.31229,2.31055,2.31103,159
2025-12-16 01:15:00,2.31116,2.31252,2.31072,2.31172,130
2025-12-16 01:20:00,2.31211,2.31211,2.31105,2.31158,123
2025-12-16 01:25:00,2.31157,2.31204,2.31153,2.31203,98
2025-12-16 01:30:00,2.3119899999999998,2.31251,2.3119899999999998,2.31248,120
2025-12-16 01:35:00,2.31249,2.31255,2.3119899999999998,2.31215,82
2025-12-16 01:40:00,2.31214,2.31263,2.31188,2.31211,105
2025-12-16 01:45:00,2.3121,2.31231,2.31153,2.31185,101
2025-12-16 01:50:00,2.31187,2.31275,2.31174,2.31231,109
2025-12-16 01:55:00,2.31229,2.31261,2.31197,2.31248,98
2025-12-16 02:00:00,2.31249,2.31255,2.3117,2.31228,213
2025-12-16 02:05:00,2.31227,2.31403,2.31225,2.31349,170
2025-12-16 02:10:00,2.31351,2.31361,2.31294,2.3130800000000002,196
2025-12-16 02:15:00,2.31306,2.31422,2.31291,2.31419,244
2025-12-16 02:20:00,2.31425,2.31441,2.31365,2.31409,180
2025-12-16 02:25:00,2.31408,2.31524,2.31403,2.31483,147
2025-12-16 02:30:00,2.31479,2.3149100000000002,2.31356,2.3149100000000002,188
2025-12-16 02:35:00,2.3149,2.3158,2.31474,2.31558,173
2025-12-16 02:40:00,2.31556,2.31607,2.31518,2.31588,161
2025-12-16 02:45:00,2.31589,2.31656,2.31547,2.31635,201
2025-12-16 02:50:00,2.31634,2.31686,2.31588,2.31625,297
2025-12-16 02:55:00,2.31627,2.31655,2.3156,2.31617,357
2025-12-16 03:00:00,2.3162,2.31729,2.31531,2.31668,393
2025-12-16 03:05:00,2.3166700000000002,2.31759,2.31619,2.31704,305
2025-12-16 03:10:00,2.31705,2.31741,2.31594,2.31736,277
2025-12-16 03:15:00,2.31734,2.31797,2.31648,2.31779,307
2025-12-16 03:20:00,2.31779,2.31779,2.31608,2.31664,277
2025-12-16 03:25:00,2.31665,2.31842,2.31662,2.31825,238
2025-12-16 03:30:00,2.31823,2.31871,2.31643,2.31689,363
2025-12-16 03:35:00,2.3168699999999998,2.31875,2.31648,2.31773,416
2025-12-16 03:40:00,2.31777,2.3185700000000002,2.31721,2.31782,409
2025-12-16 03:45:00,2.31784,2.32041,2.3178,2.3197900000000002,415
2025-12-16 03:50:00,2.31978,2.31994,2.31788,2.31892,403
2025-12-16 03:55:00,2.31897,2.3191800000000002,2.3182,2.31836,392
2025-12-16 04:00:00,2.31837,2.31891,2.31736,2.31782,337
2025-12-16 04:05:00,2.31782,2.31873,2.31766,2.31813,291
2025-12-16 04:10:00,2.31813,2.31828,2.31708,2.3173,269
2025-12-16 04:15:00,2.31732,2.31815,2.31705,2.31794,268
2025-12-16 04:20:00,2.31791,2.31865,2.31742,2.31855,256
2025-12-16 04:25:00,2.31855,2.3186999999999998,2.31698,2.31712,300
2025-12-16 04:30:00,2.31712,2.31799,2.31682,2.31797,280
2025-12-16 04:35:00,2.31797,2.31831,2.31747,2.31808,275
2025-12-16 04:40:00,2.31807,2.31839,2.3173500000000002,2.31769,262
2025-12-16 04:45:00,2.31765,2.31855,2.31761,2.31832,269
2025-12-16 04:50:00,2.31832,2.31844,2.31763,2.31766,248
2025-12-16 04:55:00,2.31767,2.31772,2.31706,2.3173,303
2025-12-16 05:00:00,2.3173,2.3173,2.31621,2.31664,298
2025-12-16 05:05:00,2.31665,2.31711,2.31638,2.31665,237
2025-12-16 05:10:00,2.31666,2.31723,2.31575,2.31578,227
2025-12-16 05:15:00,2.3162,2.31693,2.31591,2.31621,256
2025-12-16 05:20:00,2.31621,2.31622,2.31513,2.31525,273
2025-12-16 05:25:00,2.31531,2.31639,2.31513,2.31638,275
2025-12-16 05:30:00,2.31596,2.3172,2.31595,2.31665,300
2025-12-16 05:35:00,2.31657,2.31661,2.31526,2.31576,263
2025-12-16 05:40:00,2.31577,2.31593,2.3151,2.31528,214
2025-12-16 05:45:00,2.31527,2.31527,2.31401,2.31405,225
2025-12-16 05:50:00,2.314,2.3143599999999998,2.31338,2.31355,188
2025-12-16 05:55:00,2.31357,2.31396,2.31335,2.31361,159
2025-12-16 06:00:00,2.31359,2.31411,2.31318,2.31318,220
2025-12-16 06:05:00,2.31358,2.31413,2.31319,2.31396,150
2025-12-16 06:10:00,2.31399,2.31413,2.31358,2.31395,177
2025-12-16 06:15:00,2.314,2.31402,2.31305,2.3136200000000002,157
2025-12-16 06:20:00,2.31361,2.31372,2.31283,2.31289,163
2025-12-16 06:25:00,2.31287,2.31359,2.31268,2.31328,184
2025-12-16 06:30:00,2.31329,2.31377,2.3131399999999998,2.31367,150
2025-12-16 06:35:00,2.3136200000000002,2.31363,2.3125299999999998,2.31276,158
2025-12-16 06:40:00,2.31276,2.3131399999999998,2.31243,2.31287,165
2025-12-16 06:45:00,2.3124700000000002,2.31304,2.31212,2.31213,170
2025-12-16 06:50:00,2.31212,2.31265,2.31165,2.31175,164
2025-12-16 06:55:00,2.31173,2.31326,2.31167,2.31297,206
2025-12-16 07:00:00,2.3130100000000002,2.3132099999999998,2.31227,2.31251,244
2025-12-16 07:05:00,2.31252,2.3127,2.31191,2.31216,199
2025-12-16 07:10:00,2.31217,2.31331,2.31205,2.31328,202
2025-12-16 07:15:00,2.31325,2.31364,2.31294,2.31327,158
2025-12-16 07:20:00,2.31327,2.3136900000000002,2.31256,2.313,191
2025-12-16 07:25:00,2.31302,2.31333,2.31273,2.31324,181
2025-12-16 07:30:00,2.31326,2.31359,2.31286,2.31334,266
2025-12-16 07:35:00,2.31334,2.31337,2.3124700000000002,2.31292,209
2025-12-16 07:40:00,2.31292,2.31296,2.31225,2.31243,184
2025-12-16 07:45:00,2.31283,2.31317,2.31234,2.31311,218
2025-12-16 07:50:00,2.3131399999999998,2.31383,2.31272,2.31381,207
2025-12-16 07:55:00,2.31384,2.31384,2.31222,2.3123,232
2025-12-16 08:00:00,2.31232,2.31273,2.31188,2.31214,289
2025-12-16 08:05:00,2.31211,2.31244,2.31169,2.31198,241
2025-12-16 08:10:00,2.312,2.31235,2.31166,2.31211,227
2025-12-16 08:15:00,2.3121,2.31218,2.31157,2.31204,228
2025-12-16 08:20:00,2.31202,2.31262,2.31137,2.31147,249
2025-12-16 08:25:00,2.31148,2.31189,2.31107,2.31145,229
2025-12-16 08:30:00,2.3115,2.31164,2.31069,2.31091,170
2025-12-16 08:35:00,2.31087,2.31158,2.31035,2.31104,178
2025-12-16 08:40:00,2.31103,2.31122,2.31067,2.31107,173
2025-12-16 08:45:00,2.3111,2.31117,2.31035,2.31079,227
2025-12-16 08:50:00,2.31083,2.31115,2.31047,2.31058,188
2025-12-16 08:55:00,2.31059,2.3111,2.30981,2.30984,255
2025-12-16 09:00:00,2.30991,2.31239,2.30991,2.31073,371
2025-12-16 09:05:00,2.31074,2.31117,2.30978,2.3109,314
2025-12-16 09:10:00,2.3109,2.31124,2.31043,2.31058,280
2025-12-16 09:15:00,2.31071,2.31083,2.3099,2.30994,223
2025-12-16 09:20:00,2.30993,2.31085,2.30991,2.31061,228
2025-12-16 09:25:00,2.3106,2.31095,2.31058,2.31076,246
2025-12-16 09:30:00,2.3107699999999998,2.31149,2.31071,2.31135,297
2025-12-16 09:35:00,2.3113,2.31163,2.3106400000000002,2.31163,255
2025-12-16 09:40:00,2.31162,2.31206,2.31147,2.3117900000000002,227
2025-12-16 09:45:00,2.31174,2.31208,2.31108,2.31208,236
2025-12-16 09:50:00,2.31205,2.31275,2.31181,2.31204,261
2025-12-16 09:55:00,2.31206,2.31229,2.31129,2.31208,337
2025-12-16 10:00:00,2.31206,2.31294,2.31116,2.31232,414
2025-12-16 10:05:00,2.3124700000000002,2.31306,2.31187,2.31187,304
2025-12-16 10:10:00,2.31181,2.31219,2.31072,2.31129,333
2025-12-16 10:15:00,2.3111,2.31182,2.31074,2.3109,353
2025-12-16 10:20:00,2.31096,2.31265,2.31063,2.31249,288
2025-12-16 10:25:00,2.31248,2.31299,2.31216,2.31242,379
2025-12-16 10:30:00,2.31226,2.3128,2.3115,2.3115,328
2025-12-16 10:35:00,2.31154,2.31224,2.31137,2.31222,321
2025-12-16 10:40:00,2.31222,2.31244,2.31158,2.31171,298
2025-12-16 10:45:00,2.3117,2.3125299999999998,2.31148,2.31252,274
2025-12-16 10:50:00,2.31254,2.3133,2.31212,2.3130100000000002,273
2025-12-16 10:55:00,2.313,2.3142,2.31299,2.3137,338
2025-12-16 11:00:00,2.3137499999999998,2.31508,2.31363,2.31378,346
2025-12-16 11:05:00,2.31373,2.31515,2.31365,2.31431,356
2025-12-16 11:10:00,2.31433,2.31525,2.31432,2.31467,287
2025-12-16 11:15:00,2.31472,2.31576,2.31449,2.31525,327
2025-12-16 11:20:00,2.31526,2.31589,2.31476,2.31537,266
2025-12-16 11:25:00,2.31539,2.31581,2.3149,2.31501,320
2025-12-16 11:30:00,2.31575,2.31732,2.31575,2.3167,500
2025-12-16 11:35:00,2.31668,2.31741,2.3166700000000002,2.31685,327
2025-12-16 11:40:00,2.31688,2.31702,2.31648,2.31679,278
2025-12-16 11:45:00,2.31676,2.3177,2.31661,2.31717,295
2025-12-16 11:50:00,2.31722,2.31804,2.31706,2.31765,274
2025-12-16 11:55:00,2.31771,2.31893,2.31744,2.31882,274
2025-12-16 12:00:00,2.31876,2.31912,2.31802,2.31806,312
2025-12-16 12:05:00,2.31808,2.3182,2.31727,2.31797,247
2025-12-16 12:10:00,2.31798,2.31868,2.31747,2.31852,263
2025-12-16 12:15:00,2.3185000000000002,2.31904,2.31805,2.31895,237
2025-12-16 12:20:00,2.31894,2.31912,2.31819,2.31819,243
2025-12-16 12:25:00,2.31823,2.31885,2.31812,2.3187699999999998,231
2025-12-16 12:30:00,2.31875,2.31932,2.31827,2.31887,281
2025-12-16 12:35:00,2.31886,2.3199,2.31881,2.31983,254
2025-12-16 12:40:00,2.31984,2.31984,2.31909,2.31945,316
2025-12-16 12:45:00,2.31942,2.32031,2.31924,2.32019,277
2025-12-16 12:50:00,2.32018,2.32117,2.32015,2.32107,268
2025-12-16 12:55:00,2.32108,2.32179,2.32057,2.32073,279
2025-12-16 13:00:00,2.32074,2.32136,2.32041,2.32108,257
2025-12-16 13:05:00,2.32107,2.32133,2.32087,2.32087,230
2025-12-16 13:10:00,2.32088,2.32089,2.3203300000000002,2.32042,223
2025-12-16 13:15:00,2.32043,2.32057,2.31981,2.31997,205
2025-12-16 13:20:00,2.31995,2.31995,2.31927,2.31978,218
2025-12-16 13:25:00,2.31978,2.32051,2.31978,2.32036,186
2025-12-16 13:30:00,2.32037,2.32037,2.31965,2.31989,200
2025-12-16 13:35:00,2.31986,2.3208,2.31986,2.3205999999999998,244
2025-12-16 13:40:00,2.3205999999999998,2.32085,2.32005,2.32021,204
2025-12-16 13:45:00,2.32022,2.32065,2.31998,2.3203,203
2025-12-16 13:50:00,2.32035,2.32184,2.32021,2.32169,258
2025-12-16 13:55:00,2.32167,2.32189,2.321,2.32123,305
2025-12-16 14:00:00,2.32123,2.32238,2.3210100000000002,2.32201,335
2025-12-16 14:05:00,2.32199,2.32266,2.32171,2.32226,281
2025-12-16 14:10:00,2.32218,2.3227700000000002,2.32189,2.32198,242
2025-12-16 14:15:00,2.32196,2.32254,2.32164,2.32206,275
2025-12-16 14:20:00,2.32205,2.32296,2.32205,2.32219,266
2025-12-16 14:25:00,2.3222,2.32274,2.32205,2.32226,230
2025-12-16 14:30:00,2.32228,2.32307,2.32224,2.32262,279
2025-12-16 14:35:00,2.32262,2.32298,2.32197,2.32279,204
2025-12-16 14:40:00,2.3228,2.32302,2.32208,2.32287,264
2025-12-16 14:45:00,2.3228400000000002,2.32377,2.32251,2.32347,269
2025-12-16 14:50:00,2.32346,2.32349,2.32258,2.32343,272
2025-12-16 14:55:00,2.32344,2.32347,2.32196,2.32265,454
2025-12-16 15:00:00,2.32267,2.32273,2.3213,2.32149,474
2025-12-16 15:05:00,2.32146,2.32203,2.321,2.32115,373
2025-12-16 15:10:00,2.3211399999999998,2.32167,2.32068,2.32096,371
2025-12-16 15:15:00,2.32097,2.3225,2.32097,2.32205,449
2025-12-16 15:20:00,2.32204,2.32228,2.32061,2.32102,445
2025-12-16 15:25:00,2.32104,2.32129,2.31965,2.31988,439
2025-12-16 15:30:00,2.31974,2.32034,2.31662,2.31815,823
2025-12-16 15:35:00,2.31819,2.31987,2.31801,2.31914,826
2025-12-16 15:40:00,2.31915,2.31951,2.31802,2.31912,847
2025-12-16 15:45:00,2.3191,2.32008,2.31841,2.31894,791
2025-12-16 15:50:00,2.31896,2.31936,2.3181599999999998,2.31868,666
2025-12-16 15:55:00,2.31864,2.31906,2.31731,2.31743,569
2025-12-16 16:00:00,2.3174799999999998,2.31822,2.31681,2.31716,636
2025-12-16 16:05:00,2.31715,2.31779,2.3168699999999998,2.31779,551
2025-12-16 16:10:00,2.31778,2.3181,2.31704,2.31705,536
2025-12-16 16:15:00,2.31706,2.31774,2.31653,2.3172,545
2025-12-16 16:20:00,2.31719,2.31777,2.31634,2.3172,542
2025-12-16 16:25:00,2.31725,2.3172800000000002,2.31634,2.31654,514
2025-12-16 16:30:00,2.31652,2.31757,2.31624,2.3167,595
2025-12-16 16:35:00,2.31669,2.31669,2.31538,2.31575,561
2025-12-16 16:40:00,2.3161300000000002,2.31629,2.31511,2.31607,578
2025-12-16 16:45:00,2.31603,2.31659,2.3142,2.31516,587
2025-12-16 16:50:00,2.31517,2.31556,2.31455,2.31501,633
2025-12-16 16:55:00,2.31506,2.31663,2.31495,2.31575,537
2025-12-16 17:00:00,2.31566,2.3171,2.31558,2.31684,673
2025-12-16 17:05:00,2.31685,2.31712,2.31514,2.31655,580
2025-12-16 17:10:00,2.31656,2.31707,2.3158,2.3165,614
2025-12-16 17:15:00,2.31656,2.31726,2.3155,2.31579,558
2025-12-16 17:20:00,2.31579,2.31616,2.31487,2.31501,539
2025-12-16 17:25:00,2.31503,2.31737,2.31501,2.31719,592
2025-12-16 17:30:00,2.31713,2.31779,2.31641,2.31737,506
2025-12-16 17:35:00,2.31736,2.31799,2.31631,2.31631,535
2025-12-16 17:40:00,2.31631,2.31723,2.31604,2.3161,512
2025-12-16 17:45:00,2.31611,2.31638,2.31517,2.31628,511
2025-12-16 17:50:00,2.31632,2.3172,2.31575,2.3163,469
2025-12-16 17:55:00,2.31608,2.31665,2.31472,2.31571,537
2025-12-16 18:00:00,2.31587,2.31682,2.31556,2.31633,554
2025-12-16 18:05:00,2.31631,2.31721,2.31604,2.31716,472
2025-12-16 18:10:00,2.31718,2.31842,2.31679,2.31749,461
2025-12-16 18:15:00,2.3179,2.3185700000000002,2.31746,2.31792,446
2025-12-16 18:20:00,2.31791,2.31845,2.31724,2.31769,441
2025-12-16 18:25:00,2.31774,2.31808,2.31712,2.31743,443
2025-12-16 18:30:00,2.3174,2.31858,2.31724,2.3185000000000002,419
2025-12-16 18:35:00,2.31841,2.31886,2.31783,2.31811,444
2025-12-16 18:40:00,2.31807,2.31913,2.31758,2.31847,461
2025-12-16 18:45:00,2.31851,2.31913,2.3181599999999998,2.3182,390
2025-12-16 18:50:00,2.31818,2.31873,2.3178,2.31821,373
2025-12-16 18:55:00,2.3182,2.31849,2.31704,2.31794,403
2025-12-16 19:00:00,2.31752,2.31828,2.31742,2.31747,443
2025-12-16 19:05:00,2.3174799999999998,2.31815,2.31709,2.31778,473
2025-12-16 19:10:00,2.31782,2.31807,2.31712,2.31742,415
2025-12-16 19:15:00,2.31741,2.31759,2.31654,2.31671,393
2025-12-16 19:20:00,2.31673,2.31745,2.3161,2.31731,346
2025-12-16 19:25:00,2.31732,2.31862,2.31688,2.3184,369
2025-12-16 19:30:00,2.3184,2.31845,2.31747,2.31774,428
2025-12-16 19:35:00,2.31773,2.31835,2.3172800000000002,2.31781,369
2025-12-16 19:40:00,2.31783,2.3191,2.31777,2.31858,318
2025-12-16 19:45:00,2.31861,2.31876,2.3179,2.31818,308
2025-12-16 19:50:00,2.31818,2.31878,2.31818,2.3184,348
2025-12-16 19:55:00,2.31841,2.31887,2.31779,2.31887,396
2025-12-16 20:00:00,2.31885,2.3195,2.31824,2.31854,508
2025-12-16 20:05:00,2.31852,2.31975,2.31842,2.31968,433
2025-12-16 20:10:00,2.3197,2.31986,2.31906,2.31969,353
2025-12-16 20:15:00,2.31967,2.31977,2.31915,2.31956,314
2025-12-16 20:20:00,2.31955,2.32065,2.31894,2.31927,365
2025-12-16 20:25:00,2.31926,2.32027,2.31925,2.31978,382
2025-12-16 20:30:00,2.31975,2.32018,2.31912,2.31946,334
2025-12-16 20:35:00,2.31944,2.31968,2.31866,2.31876,290
2025-12-16 20:40:00,2.3187699999999998,2.31925,2.31849,2.31855,280
2025-12-16 20:45:00,2.31854,2.3195,2.3183,2.3191,324
2025-12-16 20:50:00,2.31914,2.31969,2.31871,2.31959,274
2025-12-16 20:55:00,2.31959,2.31975,2.31876,2.3197,341
2025-12-16 21:00:00,2.3197200000000002,2.31997,2.31908,2.3197900000000002,390
2025-12-16 21:05:00,2.31986,2.31994,2.31891,2.31945,385
2025-12-16 21:10:00,2.31943,2.32021,2.31891,2.32005,338
2025-12-16 21:15:00,2.32002,2.32047,2.31961,2.32024,283
2025-12-16 21:20:00,2.32023,2.32028,2.3196,2.31983,304
2025-12-16 21:25:00,2.3198,2.32088,2.31947,2.31976,582
2025-12-16 21:30:00,2.31977,2.3209400000000002,2.3197200000000002,2.32044,401
2025-12-16 21:35:00,2.32046,2.32091,2.31997,2.32002,296
2025-12-16 21:40:00,2.32001,2.32057,2.3193099999999998,2.31944,363
2025-12-16 21:45:00,2.31944,2.31986,2.31889,2.31942,329
2025-12-16 21:50:00,2.3193799999999998,2.31987,2.31893,2.31969,303
2025-12-16 21:55:00,2.31928,2.3199,2.31865,2.31939,351
2025-12-16 22:00:00,2.31942,2.31977,2.319,2.3193,356
2025-12-16 22:05:00,2.31928,2.31981,2.31898,2.31944,307
2025-12-16 22:10:00,2.31948,2.31949,2.31861,2.31882,286
2025-12-16 22:15:00,2.31881,2.31984,2.31865,2.31984,260
2025-12-16 22:20:00,2.3197900000000002,2.31996,2.3191,2.3194,255
2025-12-16 22:25:00,2.31941,2.31995,2.31933,2.31986,212
2025-12-16 22:30:00,2.31987,2.31993,2.31898,2.31948,275
2025-12-16 22:35:00,2.31947,2.32018,2.31913,2.31976,297
2025-12-16 22:40:00,2.31996,2.32025,2.31917,2.31936,297
2025-12-16 22:45:00,2.3193799999999998,2.32008,2.31912,2.31971,303
2025-12-16 22:50:00,2.31971,2.31982,2.31913,2.31977,293
2025-12-16 22:55:00,2.31977,2.32048,2.31903,2.31947,431
2025-12-16 23:00:00,2.31874,2.31984,2.31873,2.31935,298
2025-12-16 23:05:00,2.3194,2.32048,2.31913,2.32007,148
2025-12-16 23:10:00,2.32005,2.32017,2.31965,2.3199899999999998,115
2025-12-16 23:15:00,2.3197900000000002,2.32062,2.3197200000000002,2.32046,98
2025-12-16 23:20:00,2.32038,2.32038,2.31975,2.31976,108
2025-12-16 23:25:00,2.31977,2.32037,2.31977,2.3197900000000002,112
2025-12-16 23:30:00,2.31981,2.32074,2.31973,2.31976,129
2025-12-16 23:35:00,2.31975,2.32007,2.31965,2.31983,87
2025-12-16 23:40:00,2.31982,2.32016,2.31971,2.3199899999999998,109
2025-12-16 23:45:00,2.32002,2.32004,2.31953,2.31986,106
2025-12-16 23:50:00,2.3198,2.32017,2.3197200000000002,2.3199899999999998,172
2025-12-16 23:55:00,2.3209,2.32092,2.3181,2.3181599999999998,257
2025-12-17 00:00:00,2.31973,2.31973,2.3191100000000002,2.31973,3
2025-12-17 00:05:00,2.31973,2.31984,2.31914,2.31944,10
2025-12-17 00:10:00,2.31944,2.31944,2.31906,2.31916,64
2025-12-17 00:15:00,2.31916,2.32051,2.31916,2.32019,65
2025-12-17 00:20:00,2.32017,2.32084,2.3201,2.32037,64
2025-12-17 00:25:00,2.32035,2.3204000000000002,2.31994,2.32019,31
2025-12-17 00:30:00,2.32018,2.32089,2.31998,2.3205,117
2025-12-17 00:35:00,2.32056,2.32065,2.32027,2.32048,126
2025-12-17 00:40:00,2.32052,2.32078,2.32012,2.32012,179
2025-12-17 00:45:00,2.32015,2.32051,2.31991,2.32051,156
2025-12-17 00:50:00,2.32043,2.32047,2.32014,2.32046,129
2025-12-17 00:55:00,2.32044,2.32063,2.32017,2.32043,117
2025-12-17 01:00:00,2.32138,2.32148,2.32,2.32048,169
2025-12-17 01:05:00,2.32049,2.3216200000000002,2.32049,2.32122,101
2025-12-17 01:10:00,2.3212099999999998,2.32158,2.32119,2.32141,58
2025-12-17 01:15:00,2.32144,2.32171,2.32108,2.32147,77
2025-12-17 01:20:00,2.32145,2.32186,2.32129,2.32146,84
2025-12-17 01:25:00,2.32147,2.32181,2.32136,2.3215500000000002,84
2025-12-17 01:30:00,2.3215500000000002,2.32163,2.32029,2.32029,81
2025-12-17 01:35:00,2.32027,2.32069,2.32009,2.32062,70
2025-12-17 01:40:00,2.32058,2.32058,2.31951,2.32005,76
2025-12-17 01:45:00,2.32004,2.32071,2.31988,2.32038,83
2025-12-17 01:50:00,2.32036,2.32109,2.32036,2.32071,83
2025-12-17 01:55:00,2.32072,2.3211399999999998,2.32069,2.32106,52
2025-12-17 02:00:00,2.32112,2.32234,2.32066,2.32201,221
2025-12-17 02:05:00,2.32203,2.32317,2.32169,2.32215,154
2025-12-17 02:10:00,2.32214,2.32225,2.32146,2.3222,148
2025-12-17 02:15:00,2.32224,2.32293,2.32191,2.3224,151
2025-12-17 02:20:00,2.32241,2.32275,2.3222,2.32275,94
2025-12-17 02:25:00,2.3227700000000002,2.32344,2.3226,2.32303,95
2025-12-17 02:30:00,2.32298,2.3234,2.32254,2.32308,203
2025-12-17 02:35:00,2.32305,2.3234500000000002,2.32267,2.32325,154
2025-12-17 02:40:00,2.32323,2.32327,2.32233,2.32321,187
2025-12-17 02:45:00,2.32322,2.32386,2.32305,2.32361,224
2025-12-17 02:50:00,2.32362,2.32384,2.32235,2.32299,283
2025-12-17 02:55:00,2.32298,2.32329,2.3216,2.32195,297
2025-12-17 03:00:00,2.32193,2.32193,2.3205999999999998,2.3207,345
2025-12-17 03:05:00,2.32068,2.3217,2.32061,2.32141,271
2025-12-17 03:10:00,2.32146,2.32184,2.32107,2.32127,199
2025-12-17 03:15:00,2.32126,2.32237,2.32126,2.3218,234
2025-12-17 03:20:00,2.32181,2.32252,2.32135,2.32135,211
2025-12-17 03:25:00,2.32134,2.32208,2.32118,2.32173,227
2025-12-17 03:30:00,2.3217499999999998,2.3227700000000002,2.32147,2.32253,310
2025-12-17 03:35:00,2.32249,2.32256,2.32148,2.32168,214
2025-12-17 03:40:00,2.32169,2.32185,2.31909,2.3191,298
2025-12-17 03:45:00,2.3191,2.31967,2.31873,2.31952,304
2025-12-17 03:50:00,2.31953,2.31989,2.31856,2.3197900000000002,243
2025-12-17 03:55:00,2.3198,2.3203,2.31899,2.31908,247
2025-12-17 04:00:00,2.3191,2.31956,2.31825,2.3193099999999998,331
2025-12-17 04:05:00,2.3193,2.32029,2.31878,2.31974,313
2025-12-17 04:10:00,2.31975,2.32137,2.31958,2.32135,296
2025-12-17 04:15:00,2.32134,2.32315,2.32123,2.32171,273
2025-12-17 04:20:00,2.32167,2.32183,2.32042,2.32065,254
2025-12-17 04:25:00,2.32062,2.32062,2.31953,2.31955,224
2025-12-17 04:30:00,2.31953,2.32014,2.31921,2.31977,280
2025-12-17 04:35:00,2.31976,2.32006,2.3189,2.31941,278
2025-12-17 04:40:00,2.31945,2.32002,2.31928,2.3197,187
2025-12-17 04:45:00,2.31949,2.31953,2.3182,2.31861,175
2025-12-17 04:50:00,2.31861,2.31923,2.31814,2.31858,204
2025-12-17 04:55:00,2.31858,2.31934,2.31841,2.31902,189
2025-12-17 05:00:00,2.31904,2.31906,2.31837,2.31882,244
2025-12-17 05:05:00,2.31879,2.31956,2.31799,2.31887,195
2025-12-17 05:10:00,2.31927,2.3193,2.31837,2.31929,187
2025-12-17 05:15:00,2.31932,2.31981,2.31844,2.31968,189
2025-12-17 05:20:00,2.31967,2.31967,2.31785,2.31836,221
2025-12-17 05:25:00,2.31832,2.31837,2.31757,2.31761,150
2025-12-17 05:30:00,2.31757,2.31774,2.31708,2.31721,143
2025-12-17 05:35:00,2.31723,2.31741,2.31659,2.31688,157
2025-12-17 05:40:00,2.31689,2.31747,2.31647,2.31747,176
2025-12-17 05:45:00,2.31747,2.31774,2.31653,2.31661,184
2025-12-17 05:50:00,2.31664,2.31738,2.31653,2.31706,191
2025-12-17 05:55:00,2.31704,2.3173500000000002,2.31639,2.31703,202
2025-12-17 06:00:00,2.31697,2.31774,2.31654,2.31753,185
2025-12-17 06:05:00,2.31754,2.31754,2.31621,2.31685,164
2025-12-17 06:10:00,2.31683,2.31757,2.31668,2.31747,139
2025-12-17 06:15:00,2.31745,2.31827,2.31723,2.31746,150
2025-12-17 06:20:00,2.31744,2.3185700000000002,2.31729,2.3174799999999998,170
2025-12-17 06:25:00,2.3175,2.3183,2.3171,2.31778,235
2025-12-17 06:30:00,2.3178,2.31841,2.31739,2.3177,214
2025-12-17 06:35:00,2.31769,2.31881,2.31758,2.3183,213
2025-12-17 06:40:00,2.31826,2.31903,2.3174799999999998,2.31843,220
2025-12-17 06:45:00,2.31843,2.31894,2.31783,2.31868,243
2025-12-17 06:50:00,2.31828,2.31903,2.31824,2.31849,195
2025-12-17 06:55:00,2.31851,2.31949,2.31841,2.3193099999999998,211
2025-12-17 07:00:00,2.3193,2.31991,2.31895,2.3191800000000002,212
2025-12-17 07:05:00,2.31917,2.31981,2.31896,2.31935,212
2025-12-17 07:10:00,2.31935,2.31957,2.31851,2.31919,178
2025-12-17 07:15:00,2.31921,2.31967,2.31882,2.31919,215
2025-12-17 07:20:00,2.31917,2.31974,2.3191,2.31969,160
2025-12-17 07:25:00,2.31971,2.31983,2.31883,2.31885,232
2025-12-17 07:30:00,2.31884,2.31937,2.3172800000000002,2.31753,334
2025-12-17 07:35:00,2.31754,2.31851,2.31745,2.31795,261
2025-12-17 07:40:00,2.3179600000000002,2.3184,2.31763,2.31768,269
2025-12-17 07:45:00,2.31768,2.31828,2.3175,2.31803,221
2025-12-17 07:50:00,2.31803,2.31834,2.31711,2.31717,321
2025-12-17 07:55:00,2.31754,2.3176,2.31636,2.31672,459
2025-12-17 08:00:00,2.31677,2.31793,2.31665,2.31686,309
2025-12-17 08:05:00,2.31686,2.31782,2.31681,2.3174799999999998,238
2025-12-17 08:10:00,2.31747,2.31751,2.31678,2.31718,237
2025-12-17 08:15:00,2.31712,2.31781,2.31701,2.31749,270
2025-12-17 08:20:00,2.31753,2.31788,2.31706,2.31738,240
2025-12-17 08:25:00,2.31736,2.31774,2.31691,2.3177,248
2025-12-17 08:30:00,2.31782,2.3180899999999998,2.31732,2.31744,232
2025-12-17 08:35:00,2.31743,2.31785,2.31701,2.31733,158
2025-12-17 08:40:00,2.31732,2.31784,2.31707,2.31784,156
2025-12-17 08:45:00,2.31785,2.31792,2.31705,2.31761,161
2025-12-17 08:50:00,2.31767,2.31804,2.31713,2.31731,236
2025-12-17 08:55:00,2.3173,2.3184,2.3172,2.31758,489
2025-12-17 09:00:00,2.31767,2.31776,2.31099,2.31302,639
2025-12-17 09:05:00,2.31302,2.3137,2.31148,2.31175,542
2025-12-17 09:10:00,2.31174,2.31275,2.3113099999999998,2.3125299999999998,462
2025-12-17 09:15:00,2.31289,2.31303,2.31086,2.3112,490
2025-12-17 09:20:00,2.3111800000000002,2.31218,2.31092,2.31153,427
2025-12-17 09:25:00,2.31149,2.312,2.31108,2.3118600000000002,415
2025-12-17 09:30:00,2.31189,2.31193,2.30981,2.30981,415
2025-12-17 09:35:00,2.30987,2.30987,2.3089,2.30962,404
2025-12-17 09:40:00,2.30964,2.31013,2.30884,2.31007,415
2025-12-17 09:45:00,2.31006,2.3103,2.30789,2.3084,400
2025-12-17 09:50:00,2.30839,2.30862,2.30689,2.30734,439
2025-12-17 09:55:00,2.30734,2.3082,2.3068400000000002,2.3082,422
2025-12-17 10:00:00,2.30823,2.30885,2.30724,2.30746,467
2025-12-17 10:05:00,2.30749,2.30777,2.30612,2.30721,423
2025-12-17 10:10:00,2.3072,2.30732,2.306,2.30624,385
2025-12-17 10:15:00,2.30622,2.30674,2.30549,2.30674,400
2025-12-17 10:20:00,2.30668,2.30753,2.30653,2.3070399999999998,343
2025-12-17 10:25:00,2.30705,2.30739,2.30595,2.3062300000000002,369
2025-12-17 10:30:00,2.30664,2.30739,2.3062,2.30662,374
2025-12-17 10:35:00,2.3062300000000002,2.3071,2.30578,2.3071,389
2025-12-17 10:40:00,2.30707,2.30775,2.30652,2.30675,336
2025-12-17 10:45:00,2.30677,2.30794,2.30672,2.3074,343
2025-12-17 10:50:00,2.30742,2.30769,2.3068,2.30724,368
2025-12-17 10:55:00,2.30723,2.3077199999999998,2.30616,2.30649,291
2025-12-17 11:00:00,2.3064,2.30737,2.30637,2.3069100000000002,400
2025-12-17 11:05:00,2.30692,2.30747,2.30633,2.307,410
2025-12-17 11:10:00,2.30699,2.30774,2.30664,2.30753,395
2025-12-17 11:15:00,2.30749,2.3077199999999998,2.30661,2.30732,306
2025-12-17 11:20:00,2.30733,2.30771,2.30708,2.3076,330
2025-12-17 11:25:00,2.30759,2.3076499999999998,2.30645,2.30647,285
2025-12-17 11:30:00,2.30649,2.30725,2.30606,2.30675,313
2025-12-17 11:35:00,2.30676,2.30744,2.30653,2.3069100000000002,278
2025-12-17 11:40:00,2.30698,2.30774,2.30635,2.30774,285
2025-12-17 11:45:00,2.3077,2.30915,2.30727,2.30895,267
2025-12-17 11:50:00,2.3089399999999998,2.30933,2.30856,2.30916,317
2025-12-17 11:55:00,2.30914,2.30953,2.30847,2.3092,275
2025-12-17 12:00:00,2.30922,2.30973,2.308,2.30834,263
2025-12-17 12:05:00,2.30836,2.30852,2.30759,2.3079,271
2025-12-17 12:10:00,2.30788,2.3083299999999998,2.30746,2.30825,258
2025-12-17 12:15:00,2.30823,2.30859,2.30764,2.30834,272
2025-12-17 12:20:00,2.30834,2.30842,2.30741,2.3080600000000002,301
2025-12-17 12:25:00,2.30805,2.30854,2.30758,2.30836,285
2025-12-17 12:30:00,2.30837,2.30837,2.3071099999999998,2.30774,328
2025-12-17 12:35:00,2.30769,2.30827,2.3073,2.30764,265
2025-12-17 12:40:00,2.30763,2.30821,2.30738,2.30755,273
2025-12-17 12:45:00,2.30756,2.30803,2.30686,2.30732,258
2025-12-17 12:50:00,2.30733,2.30808,2.3069100000000002,2.30788,261
2025-12-17 12:55:00,2.30787,2.30854,2.30743,2.30821,283
2025-12-17 13:00:00,2.30782,2.30821,2.30664,2.30699,309
2025-12-17 13:05:00,2.3074,2.3074,2.30616,2.30658,293
2025-12-17 13:10:00,2.30656,2.30762,2.3064,2.30733,233
2025-12-17 13:15:00,2.30737,2.30797,2.30724,2.30793,274
2025-12-17 13:20:00,2.30793,2.30908,2.3075200000000002,2.3088,277
2025-12-17 13:25:00,2.30917,2.3092,2.30823,2.30875,317
2025-12-17 13:30:00,2.30877,2.30899,2.30823,2.30882,253
2025-12-17 13:35:00,2.30883,2.30927,2.30836,2.30893,298
2025-12-17 13:40:00,2.3089399999999998,2.3092,2.3081300000000002,2.30838,308
2025-12-17 13:45:00,2.30839,2.30855,2.3074,2.3077,295
2025-12-17 13:50:00,2.30771,2.30797,2.30706,2.30775,256
2025-12-17 13:55:00,2.30776,2.30873,2.30775,2.30799,361
2025-12-17 14:00:00,2.30798,2.3081300000000002,2.30724,2.3081,346
2025-12-17 14:05:00,2.30811,2.30855,2.30753,2.30817,296
2025-12-17 14:10:00,2.30816,2.30825,2.30758,2.30794,287
2025-12-17 14:15:00,2.30798,2.30852,2.30754,2.30777,234
2025-12-17 14:20:00,2.30777,2.30851,2.30767,2.30814,279
2025-12-17 14:25:00,2.30815,2.30851,2.30794,2.3081,255
2025-12-17 14:30:00,2.30809,2.3089399999999998,2.30797,2.3089,269
2025-12-17 14:35:00,2.3088699999999998,2.30947,2.3086,2.30938,273
2025-12-17 14:40:00,2.30936,2.30936,2.30854,2.30932,274
2025-12-17 14:45:00,2.30934,2.30943,2.30838,2.30851,238
2025-12-17 14:50:00,2.30852,2.30922,2.30824,2.30921,291
2025-12-17 14:55:00,2.30922,2.30922,2.3084,2.30845,338
2025-12-17 15:00:00,2.30846,2.30971,2.30823,2.3097,496
2025-12-17 15:05:00,2.30968,2.31004,2.309,2.3097,320
2025-12-17 15:10:00,2.30975,2.31124,2.30975,2.31094,370
2025-12-17 15:15:00,2.31092,2.31181,2.3106999999999998,2.3112,528
2025-12-17 15:20:00,2.31107,2.31237,2.31096,2.31146,475
2025-12-17 15:25:00,2.31147,2.31242,2.31092,2.31175,340
2025-12-17 15:30:00,2.31176,2.3123,2.31067,2.31122,367
2025-12-17 15:35:00,2.31121,2.31206,2.31095,2.31129,411
2025-12-17 15:40:00,2.31127,2.31166,2.31052,2.31121,411
2025-12-17 15:45:00,2.31081,2.31143,2.31023,2.31062,394
2025-12-17 15:50:00,2.3106400000000002,2.31171,2.31045,2.31066,443
2025-12-17 15:55:00,2.3106400000000002,2.31136,2.31031,2.31111,433
2025-12-17 16:00:00,2.31109,2.31155,2.31049,2.31108,492
2025-12-17 16:05:00,2.31101,2.31145,2.30995,2.30997,402
2025-12-17 16:10:00,2.30995,2.31091,2.30993,2.31033,451
2025-12-17 16:15:00,2.31074,2.3111,2.31003,2.3105,391
2025-12-17 16:20:00,2.31049,2.31094,2.3101,2.31055,370
2025-12-17 16:25:00,2.31056,2.3108,2.3099,2.31056,359
2025-12-17 16:30:00,2.31056,2.31086,2.30852,2.30908,486
2025-12-17 16:35:00,2.30909,2.31002,2.30879,2.30953,473
2025-12-17 16:40:00,2.30954,2.31017,2.30902,2.31001,469
2025-12-17 16:45:00,2.31002,2.31032,2.30916,2.30949,517
2025-12-17 16:50:00,2.30944,2.31004,2.30849,2.30882,500
2025-12-17 16:55:00,2.30881,2.30995,2.30855,2.30931,493
2025-12-17 17:00:00,2.30931,2.31002,2.30845,2.30859,471
2025-12-17 17:05:00,2.30857,2.30965,2.3079,2.30962,453
2025-12-17 17:10:00,2.30965,2.31109,2.30912,2.31024,492
2025-12-17 17:15:00,2.31021,2.3117,2.31012,2.31134,486
2025-12-17 17:20:00,2.31132,2.31188,2.30965,2.30994,462
2025-12-17 17:25:00,2.30999,2.31053,2.30922,2.31006,434
2025-12-17 17:30:00,2.31002,2.31137,2.30999,2.31113,486
2025-12-17 17:35:00,2.31112,2.31345,2.31071,2.31341,619
2025-12-17 17:40:00,2.31342,2.31486,2.3125,2.31425,535
2025-12-17 17:45:00,2.3142300000000002,2.31455,2.31272,2.31387,555
2025-12-17 17:50:00,2.31384,2.31455,2.3132,2.31392,562
2025-12-17 17:55:00,2.31395,2.31695,2.3136200000000002,2.31639,710
2025-12-17 18:00:00,2.3164,2.31734,2.31536,2.31538,665
2025-12-17 18:05:00,2.3154,2.31577,2.31376,2.31383,433
2025-12-17 18:10:00,2.31384,2.31684,2.3138,2.31633,474
2025-12-17 18:15:00,2.31632,2.31782,2.31604,2.31651,452
2025-12-17 18:20:00,2.31651,2.31729,2.31611,2.31663,490
2025-12-17 18:25:00,2.31662,2.31717,2.31554,2.31656,498
2025-12-17 18:30:00,2.31657,2.31784,2.31621,2.31765,467
2025-12-17 18:35:00,2.31769,2.31775,2.31628,2.31664,402
2025-12-17 18:40:00,2.31665,2.31725,2.31628,2.31688,481
2025-12-17 18:45:00,2.31689,2.31741,2.31608,2.31741,414
2025-12-17 18:50:00,2.31739,2.31849,2.31697,2.3175,435
2025-12-17 18:55:00,2.31757,2.31851,2.31738,2.3178900000000002,430
2025-12-17 19:00:00,2.31786,2.31884,2.31736,2.31825,410
2025-12-17 19:05:00,2.31855,2.31855,2.3175499999999998,2.31785,423
2025-12-17 19:10:00,2.31786,2.31831,2.31733,2.31781,358
2025-12-17 19:15:00,2.3178,2.31855,2.31733,2.31733,394
2025-12-17 19:20:00,2.31738,2.31799,2.31697,2.31736,378
2025-12-17 19:25:00,2.31737,2.31813,2.31714,2.31775,334
2025-12-17 19:30:00,2.31776,2.31778,2.3166,2.3175499999999998,348
2025-12-17 19:35:00,2.31757,2.31819,2.31709,2.31767,323
2025-12-17 19:40:00,2.31765,2.3182,2.3172,2.31753,349
2025-12-17 19:45:00,2.31751,2.31791,2.3167,2.31766,394
2025-12-17 19:50:00,2.31767,2.31806,2.3173,2.31788,362
2025-12-17 19:55:00,2.3178900000000002,2.31798,2.31712,2.31726,329
2025-12-17 20:00:00,2.31731,2.31741,2.31598,2.3165,383
2025-12-17 20:05:00,2.31649,2.31698,2.31608,2.31641,335
2025-12-17 20:10:00,2.31641,2.31715,2.31614,2.3164,304
2025-12-17 20:15:00,2.3164,2.31689,2.31607,2.31663,334
2025-12-17 20:20:00,2.31662,2.31691,2.3162,2.31659,306
2025-12-17 20:25:00,2.31658,2.31676,2.31609,2.31636,301
2025-12-17 20:30:00,2.31635,2.31729,2.31616,2.31685,279
2025-12-17 20:35:00,2.31686,2.31723,2.31628,2.3166700000000002,276
2025-12-17 20:40:00,2.3167,2.31758,2.31665,2.31707,345
2025-12-17 20:45:00,2.31706,2.31749,2.31659,2.31724,298
2025-12-17 20:50:00,2.31725,2.31769,2.31692,2.31749,383
2025-12-17 20:55:00,2.3175,2.31766,2.31622,2.31686,347
2025-12-17 21:00:00,2.3168699999999998,2.31723,2.31607,2.3166700000000002,327
2025-12-17 21:05:00,2.31668,2.3168,2.3159,2.31617,258
2025-12-17 21:10:00,2.31618,2.31634,2.31549,2.31554,257
2025-12-17 21:15:00,2.31556,2.31595,2.31522,2.31554,263
2025-12-17 21:20:00,2.3155200000000002,2.31593,2.31511,2.31564,260
2025-12-17 21:25:00,2.31563,2.31591,2.31522,2.31572,229
2025-12-17 21:30:00,2.31573,2.31609,2.31515,2.31609,285
2025-12-17 21:35:00,2.3161300000000002,2.31628,2.3155200000000002,2.31564,226
2025-12-17 21:40:00,2.3156499999999998,2.31622,2.31536,2.31593,276
2025-12-17 21:45:00,2.31592,2.31628,2.31539,2.31621,281
2025-12-17 21:50:00,2.31619,2.31637,2.31539,2.31584,230
2025-12-17 21:55:00,2.31585,2.31599,2.31523,2.31596,314
2025-12-17 22:00:00,2.31594,2.31609,2.31538,2.31547,247
2025-12-17 22:05:00,2.31548,2.31593,2.31537,2.31562,217
2025-12-17 22:10:00,2.31559,2.31603,2.31494,2.31494,221
2025-12-17 22:15:00,2.31497,2.31538,2.31459,2.31535,190
2025-12-17 22:20:00,2.3154500000000002,2.31553,2.31477,2.31514,243
2025-12-17 22:25:00,2.31515,2.31595,2.31515,2.31537,216
2025-12-17 22:30:00,2.31535,2.31578,2.31465,2.31468,247
2025-12-17 22:35:00,2.31465,2.31558,2.31465,2.3153,160
2025-12-17 22:40:00,2.31533,2.3154500000000002,2.31473,2.31474,178
2025-12-17 22:45:00,2.31511,2.31536,2.31446,2.3148,218
2025-12-17 22:50:00,2.31482,2.31578,2.31446,2.31544,292
2025-12-17 22:55:00,2.31543,2.31634,2.31543,2.31584,276
2025-12-17 23:00:00,2.3151,2.31548,2.31472,2.31497,206
2025-12-17 23:05:00,2.31499,2.31575,2.31474,2.31521,148
2025-12-17 23:10:00,2.3153,2.31539,2.31469,2.31532,143
2025-12-17 23:15:00,2.31534,2.31535,2.31472,2.31519,121
2025-12-17 23:20:00,2.31522,2.31526,2.31448,2.31452,109
2025-12-17 23:25:00,2.31453,2.31541,2.31453,2.31517,96
2025-12-17 23:30:00,2.31515,2.31559,2.31463,2.31553,121
2025-12-17 23:35:00,2.31554,2.31554,2.3138199999999998,2.31395,113
2025-12-17 23:40:00,2.31394,2.31428,2.31357,2.31396,137
2025-12-17 23:45:00,2.31398,2.31401,2.3115,2.31326,236
2025-12-17 23:50:00,2.31324,2.31578,2.31323,2.31532,296
2025-12-17 23:55:00,2.31622,2.31622,2.314,2.31418,225
2025-12-18 00:00:00,2.31499,2.31512,2.31499,2.31512,7
2025-12-18 00:05:00,2.31511,2.31587,2.31422,2.31444,23
2025-12-18 00:10:00,2.31444,2.31534,2.3144,2.31532,38
2025-12-18 00:15:00,2.31532,2.31718,2.31532,2.31666,138
2025-12-18 00:20:00,2.31665,2.31715,2.31602,2.31705,115
2025-12-18 00:25:00,2.31701,2.31724,2.31585,2.31625,102
2025-12-18 00:30:00,2.31625,2.31625,2.31464,2.31466,108
2025-12-18 00:35:00,2.31453,2.31579,2.31396,2.3155200000000002,237
2025-12-18 00:40:00,2.3155200000000002,2.31597,2.3154,2.3159,180
2025-12-18 00:45:00,2.31597,2.3161,2.31564,2.31581,122
2025-12-18 00:50:00,2.31581,2.31583,2.31508,2.3157,278
2025-12-18 00:55:00,2.31568,2.31702,2.3156499999999998,2.31673,272
2025-12-18 01:00:00,2.31713,2.31714,2.31589,2.31714,203
2025-12-18 01:05:00,2.31715,2.31724,2.31607,2.31635,108
2025-12-18 01:10:00,2.31652,2.3174799999999998,2.31652,2.31746,114
2025-12-18 01:15:00,2.31726,2.31825,2.3172,2.31771,109
2025-12-18 01:20:00,2.3181,2.3182,2.3174,2.3175499999999998,178
2025-12-18 01:25:00,2.31754,2.31765,2.31685,2.31702,110
2025-12-18 01:30:00,2.31722,2.31784,2.3169399999999998,2.31759,84
2025-12-18 01:35:00,2.31759,2.3181,2.31724,2.31769,75
2025-12-18 01:40:00,2.31767,2.31806,2.31697,2.317,78
2025-12-18 01:45:00,2.31701,2.31793,2.31701,2.31731,68
2025-12-18 01:50:00,2.3172800000000002,2.31777,2.31722,2.31756,96
2025-12-18 01:55:00,2.3175499999999998,2.31818,2.31754,2.3181599999999998,97
2025-12-18 02:00:00,2.31818,2.31836,2.31722,2.31777,204
2025-12-18 02:05:00,2.31776,2.31919,2.31776,2.31897,192
2025-12-18 02:10:00,2.31896,2.31925,2.31876,2.31902,133
2025-12-18 02:15:00,2.31904,2.31978,2.31859,2.31976,199
2025-12-18 02:20:00,2.31935,2.32016,2.31919,2.31963,183
2025-12-18 02:25:00,2.31964,2.31968,2.31896,2.31937,116
2025-12-18 02:30:00,2.31917,2.3199,2.31861,2.3199,178
2025-12-18 02:35:00,2.31993,2.32005,2.31901,2.3191,168
2025-12-18 02:40:00,2.3191100000000002,2.31969,2.31898,2.31934,165
2025-12-18 02:45:00,2.31973,2.32006,2.3193099999999998,2.31935,170
2025-12-18 02:50:00,2.31937,2.31983,2.31838,2.31869,234
2025-12-18 02:55:00,2.3186,2.31921,2.3185700000000002,2.31903,249
2025-12-18 03:00:00,2.31901,2.31958,2.31819,2.31849,302
2025-12-18 03:05:00,2.31889,2.3191,2.31805,2.31856,255
2025-12-18 03:10:00,2.3185700000000002,2.31935,2.31832,2.31919,193
2025-12-18 03:15:00,2.31917,2.32027,2.3186999999999998,2.31995,215
2025-12-18 03:20:00,2.31997,2.32023,2.31934,2.31959,220
2025-12-18 03:25:00,2.31961,2.31983,2.319,2.31955,220
2025-12-18 03:30:00,2.31958,2.32023,2.31899,2.31971,293
2025-12-18 03:35:00,2.3197200000000002,2.31985,2.31854,2.31896,254
2025-12-18 03:40:00,2.31893,2.32012,2.31806,2.3191800000000002,262
2025-12-18 03:45:00,2.31916,2.31958,2.31806,2.31889,212
2025-12-18 03:50:00,2.31892,2.31923,2.3181599999999998,2.31883,250
2025-12-18 03:55:00,2.31882,2.31897,2.31778,2.31818,269
2025-12-18 04:00:00,2.31817,2.31817,2.31682,2.31745,266
2025-12-18 04:05:00,2.31744,2.31751,2.31632,2.31733,288
2025-12-18 04:10:00,2.31734,2.31771,2.31704,2.3172,282
2025-12-18 04:15:00,2.31721,2.31826,2.31714,2.31776,286
2025-12-18 04:20:00,2.31776,2.31827,2.31724,2.31759,273
2025-12-18 04:25:00,2.31758,2.3181,2.31738,2.31798,207
2025-12-18 04:30:00,2.31799,2.31852,2.31771,2.3181599999999998,184
2025-12-18 04:35:00,2.31814,2.31865,2.31762,2.31811,192
2025-12-18 04:40:00,2.31803,2.31888,2.31798,2.3185000000000002,200
2025-12-18 04:45:00,2.31848,2.31887,2.31751,2.31767,171
2025-12-18 04:50:00,2.31768,2.3187699999999998,2.31768,2.31822,136
2025-12-18 04:55:00,2.31823,2.31887,2.31807,2.31886,136
2025-12-18 05:00:00,2.31888,2.31892,2.31799,2.31866,181
2025-12-18 05:05:00,2.31865,2.31865,2.31781,2.3183,199
2025-12-18 05:10:00,2.31829,2.31865,2.31783,2.31837,199
2025-12-18 05:15:00,2.31835,2.31914,2.31834,2.31872,206
2025-12-18 05:20:00,2.31865,2.31932,2.31842,2.3191100000000002,181
2025-12-18 05:25:00,2.31912,2.31996,2.31912,2.31937,164
2025-12-18 05:30:00,2.3193799999999998,2.32034,2.3193099999999998,2.31984,191
2025-12-18 05:35:00,2.31983,2.32128,2.31967,2.32081,144
2025-12-18 05:40:00,2.32081,2.32194,2.32051,2.32174,178
2025-12-18 05:45:00,2.32135,2.32199,2.32091,2.32165,181
2025-12-18 05:50:00,2.32164,2.32184,2.32096,2.3213,156
2025-12-18 05:55:00,2.32133,2.32197,2.3210100000000002,2.3216200000000002,185
2025-12-18 06:00:00,2.32163,2.32183,2.32022,2.32049,149
2025-12-18 06:05:00,2.32048,2.32093,2.32018,2.32052,173
2025-12-18 06:10:00,2.32055,2.32105,2.3202,2.32034,134
2025-12-18 06:15:00,2.32034,2.32093,2.32017,2.32067,170
2025-12-18 06:20:00,2.32065,2.32122,2.32048,2.32116,123
2025-12-18 06:25:00,2.32118,2.32179,2.32115,2.32127,109
2025-12-18 06:30:00,2.32127,2.3218,2.32063,2.32088,169
2025-12-18 06:35:00,2.32088,2.32174,2.32088,2.32129,129
2025-12-18 06:40:00,2.32131,2.32142,2.32078,2.3212,127
2025-12-18 06:45:00,2.32118,2.32139,2.32042,2.32088,128
2025-12-18 06:50:00,2.32087,2.32127,2.32035,2.32081,156
2025-12-18 06:55:00,2.32084,2.32113,2.32015,2.32043,188
2025-12-18 07:00:00,2.32044,2.32063,2.31998,2.32051,191
2025-12-18 07:05:00,2.32048,2.32056,2.31974,2.32008,178
2025-12-18 07:10:00,2.32008,2.32016,2.31924,2.31941,200
2025-12-18 07:15:00,2.3194,2.31963,2.3186999999999998,2.31924,286
2025-12-18 07:20:00,2.31944,2.3198,2.31896,2.31959,158
2025-12-18 07:25:00,2.31958,2.32006,2.3191100000000002,2.3197200000000002,146
2025-12-18 07:30:00,2.31971,2.32012,2.3193799999999998,2.31949,212
2025-12-18 07:35:00,2.3195,2.31989,2.31885,2.31933,167
2025-12-18 07:40:00,2.31933,2.31963,2.31864,2.31951,192
2025-12-18 07:45:00,2.31952,2.32006,2.3191100000000002,2.3199899999999998,151
2025-12-18 07:50:00,2.31997,2.32006,2.31926,2.31951,157
2025-12-18 07:55:00,2.3195,2.3195,2.31878,2.31928,252
2025-12-18 08:00:00,2.3193099999999998,2.31961,2.31864,2.31887,286
2025-12-18 08:05:00,2.31885,2.31952,2.31839,2.31948,280
2025-12-18 08:10:00,2.3195,2.32012,2.31941,2.31963,191
2025-12-18 08:15:00,2.31963,2.32004,2.31939,2.3197900000000002,167
2025-12-18 08:20:00,2.31981,2.32103,2.31968,2.32056,255
2025-12-18 08:25:00,2.32057,2.32095,2.31984,2.32025,211
2025-12-18 08:30:00,2.32031,2.32031,2.31952,2.31987,240
2025-12-18 08:35:00,2.31987,2.32016,2.31936,2.31987,146
2025-12-18 08:40:00,2.31985,2.32015,2.31946,2.31977,137
2025-12-18 08:45:00,2.31973,2.32013,2.31928,2.31955,180
2025-12-18 08:50:00,2.31956,2.32007,2.31897,2.3193799999999998,183
2025-12-18 08:55:00,2.31936,2.3202,2.31916,2.3199199999999998,236
2025-12-18 09:00:00,2.31993,2.31998,2.31872,2.31919,273
2025-12-18 09:05:00,2.31921,2.31991,2.31875,2.31947,211
2025-12-18 09:10:00,2.31987,2.32028,2.31928,2.3198,239
2025-12-18 09:15:00,2.3198,2.32037,2.31928,2.32019,225
2025-12-18 09:20:00,2.32018,2.32018,2.31927,2.3193,302
2025-12-18 09:25:00,2.31928,2.31984,2.31887,2.31932,268
2025-12-18 09:30:00,2.31935,2.31975,2.3186,2.3193,249
2025-12-18 09:35:00,2.3193,2.31945,2.3184,2.31886,260
2025-12-18 09:40:00,2.31884,2.31942,2.31883,2.31941,208
2025-12-18 09:45:00,2.3193,2.31939,2.31854,2.31894,292
2025-12-18 09:50:00,2.31907,2.31907,2.31814,2.31892,300
2025-12-18 09:55:00,2.3189,2.3193799999999998,2.31778,2.31852,524
2025-12-18 10:00:00,2.31853,2.31932,2.31832,2.31871,403
2025-12-18 10:05:00,2.31873,2.31973,2.31873,2.31947,300
2025-12-18 10:10:00,2.31949,2.31981,2.31873,2.31936,231
2025-12-18 10:15:00,2.31935,2.31985,2.319,2.31941,305
2025-12-18 10:20:00,2.3194,2.32052,2.3194,2.31943,273
2025-12-18 10:25:00,2.31942,2.32006,2.31879,2.31963,248
2025-12-18 10:30:00,2.3196,2.32077,2.3196,2.3199199999999998,296
2025-12-18 10:35:00,2.3199,2.32008,2.31932,2.31966,235
2025-12-18 10:40:00,2.31968,2.31995,2.31869,2.31869,230
2025-12-18 10:45:00,2.31867,2.31904,2.31734,2.3178900000000002,245
2025-12-18 10:50:00,2.31788,2.31811,2.31679,2.31685,278
2025-12-18 10:55:00,2.31685,2.31799,2.31685,2.31775,314
2025-12-18 11:00:00,2.31779,2.31819,2.31672,2.3172,405
2025-12-18 11:05:00,2.31718,2.31759,2.31634,2.31637,312
2025-12-18 11:10:00,2.31634,2.3173500000000002,2.31603,2.31714,316
2025-12-18 11:15:00,2.31713,2.31716,2.31625,2.31639,323
2025-12-18 11:20:00,2.31636,2.31683,2.31586,2.31588,337
2025-12-18 11:25:00,2.31589,2.31727,2.31589,2.31636,363
2025-12-18 11:30:00,2.3164,2.31675,2.31566,2.31583,298
2025-12-18 11:35:00,2.31583,2.31632,2.31542,2.31569,252
2025-12-18 11:40:00,2.31568,2.3162599999999998,2.31562,2.31582,243
2025-12-18 11:45:00,2.31584,2.31618,2.3151,2.31523,241
2025-12-18 11:50:00,2.31527,2.31592,2.31512,2.31558,283
2025-12-18 11:55:00,2.31559,2.31615,2.31496,2.31566,330
2025-12-18 12:00:00,2.31564,2.31584,2.3145,2.3149,299
2025-12-18 12:05:00,2.3149100000000002,2.31562,2.31486,2.31489,228
2025-12-18 12:10:00,2.3149,2.3155200000000002,2.31474,2.31509,218
2025-12-18 12:15:00,2.31507,2.31539,2.31447,2.31449,220
2025-12-18 12:20:00,2.31448,2.31497,2.31397,2.31468,207
2025-12-18 12:25:00,2.31465,2.3154,2.3142300000000002,2.31538,219
2025-12-18 12:30:00,2.31541,2.31541,2.31464,2.31533,175
2025-12-18 12:35:00,2.31534,2.31563,2.31509,2.31534,190
2025-12-18 12:40:00,2.31537,2.31553,2.31476,2.31527,211
2025-12-18 12:45:00,2.31526,2.31556,2.31457,2.3155,247
2025-12-18 12:50:00,2.31551,2.31555,2.31396,2.31397,258
2025-12-18 12:55:00,2.31395,2.31554,2.31395,2.3153,277
2025-12-18 13:00:00,2.31535,2.3154,2.31457,2.31535,284
2025-12-18 13:05:00,2.31534,2.31567,2.31485,2.31492,212
2025-12-18 13:10:00,2.3149100000000002,2.31534,2.31479,2.31498,177
2025-12-18 13:15:00,2.31499,2.3159,2.31482,2.3159,170
2025-12-18 13:20:00,2.31593,2.31599,2.31503,2.31541,168
2025-12-18 13:25:00,2.3154,2.31593,2.31506,2.31527,213
2025-12-18 13:30:00,2.31529,2.31573,2.31477,2.315,207
2025-12-18 13:35:00,2.31499,2.31586,2.31498,2.31549,223
2025-12-18 13:40:00,2.31548,2.31625,2.31528,2.316,270
2025-12-18 13:45:00,2.31596,2.31617,2.31527,2.31597,235
2025-12-18 13:50:00,2.31598,2.31641,2.31561,2.31573,289
2025-12-18 13:55:00,2.31574,2.31631,2.31525,2.31562,287
2025-12-18 14:00:00,2.31537,2.32096,2.31354,2.31955,702
2025-12-18 14:05:00,2.31946,2.3204000000000002,2.31897,2.31947,439
2025-12-18 14:10:00,2.31947,2.3205,2.3187699999999998,2.32006,384
2025-12-18 14:15:00,2.32009,2.32096,2.31936,2.32089,378
2025-12-18 14:20:00,2.32088,2.32113,2.32002,2.3205999999999998,296
2025-12-18 14:25:00,2.32058,2.32129,2.32038,2.32093,314
2025-12-18 14:30:00,2.32096,2.32225,2.32045,2.32221,306
2025-12-18 14:35:00,2.32181,2.32323,2.32181,2.32288,353
2025-12-18 14:40:00,2.32249,2.32327,2.32151,2.32154,310
2025-12-18 14:45:00,2.3215500000000002,2.32206,2.32124,2.32164,317
2025-12-18 14:50:00,2.3216200000000002,2.32424,2.3212099999999998,2.32347,422
2025-12-18 14:55:00,2.32344,2.32422,2.32298,2.3237,391
2025-12-18 15:00:00,2.32369,2.32436,2.32326,2.32433,418
2025-12-18 15:05:00,2.32436,2.32471,2.32302,2.32352,367
2025-12-18 15:10:00,2.32353,2.3243,2.32335,2.32422,352
2025-12-18 15:15:00,2.3241899999999998,2.32473,2.32295,2.32439,554
2025-12-18 15:20:00,2.32437,2.32544,2.32395,2.32453,472
2025-12-18 15:25:00,2.32452,2.32517,2.32383,2.32404,400
2025-12-18 15:30:00,2.32349,2.32473,2.3196,2.32265,846
2025-12-18 15:35:00,2.32257,2.32368,2.3217499999999998,2.32209,818
2025-12-18 15:40:00,2.32209,2.32268,2.32141,2.32145,723
2025-12-18 15:45:00,2.32147,2.32285,2.32142,2.32203,654
2025-12-18 15:50:00,2.32207,2.32325,2.32191,2.32286,735
2025-12-18 15:55:00,2.32282,2.32375,2.32252,2.3228400000000002,644
2025-12-18 16:00:00,2.32286,2.32351,2.3221,2.32317,711
2025-12-18 16:05:00,2.32316,2.32425,2.32301,2.32357,692
2025-12-18 16:10:00,2.3235799999999998,2.32362,2.32043,2.3209,661
2025-12-18 16:15:00,2.32093,2.32145,2.32019,2.32069,596
2025-12-18 16:20:00,2.32071,2.32221,2.32071,2.3219,541
2025-12-18 16:25:00,2.32194,2.32251,2.3214,2.32147,505
2025-12-18 16:30:00,2.32146,2.322,2.32027,2.32168,571
2025-12-18 16:35:00,2.32167,2.32235,2.32088,2.32146,616
2025-12-18 16:40:00,2.32148,2.32229,2.32082,2.3216200000000002,610
2025-12-18 16:45:00,2.32163,2.32306,2.32143,2.32219,562
2025-12-18 16:50:00,2.32218,2.32291,2.32105,2.32153,556
2025-12-18 16:55:00,2.32167,2.32177,2.32061,2.32158,463
2025-12-18 17:00:00,2.32152,2.32152,2.3193,2.31988,530
2025-12-18 17:05:00,2.31987,2.32095,2.31927,2.31948,506
2025-12-18 17:10:00,2.31946,2.32085,2.31909,2.32017,438
2025-12-18 17:15:00,2.32019,2.32105,2.3193,2.31944,567
2025-12-18 17:20:00,2.31983,2.32063,2.31945,2.31962,541
2025-12-18 17:25:00,2.31965,2.32001,2.31909,2.31959,479
2025-12-18 17:30:00,2.31957,2.32017,2.31899,2.31908,428
2025-12-18 17:35:00,2.31907,2.32007,2.31843,2.31988,545
2025-12-18 17:40:00,2.31985,2.32077,2.31939,2.32029,493
2025-12-18 17:45:00,2.3203,2.32138,2.31986,2.32032,488
2025-12-18 17:50:00,2.32031,2.32108,2.31965,2.32003,501
2025-12-18 17:55:00,2.3199199999999998,2.31997,2.31787,2.31788,543
2025-12-18 18:00:00,2.31788,2.31863,2.31745,2.31757,515
2025-12-18 18:05:00,2.31757,2.31802,2.31654,2.31721,482
2025-12-18 18:10:00,2.31722,2.31727,2.31615,2.31655,469
2025-12-18 18:15:00,2.31654,2.3166,2.31562,2.31582,453
2025-12-18 18:20:00,2.31584,2.31685,2.31563,2.31609,424
2025-12-18 18:25:00,2.31608,2.3168,2.31575,2.31646,412
2025-12-18 18:30:00,2.31649,2.31668,2.31581,2.31635,400
2025-12-18 18:35:00,2.31634,2.31746,2.31575,2.31707,426
2025-12-18 18:40:00,2.31698,2.31736,2.31586,2.31628,382
2025-12-18 18:45:00,2.31629,2.317,2.31575,2.31641,406
2025-12-18 18:50:00,2.31643,2.31665,2.3155200000000002,2.31619,404
2025-12-18 18:55:00,2.31621,2.31679,2.31579,2.31588,406
2025-12-18 19:00:00,2.31586,2.31628,2.3150399999999998,2.31608,408
2025-12-18 19:05:00,2.31609,2.31747,2.31562,2.31745,547
2025-12-18 19:10:00,2.31743,2.31754,2.31652,2.31696,547
2025-12-18 19:15:00,2.31697,2.31876,2.31672,2.31792,535
2025-12-18 19:20:00,2.3179,2.31872,2.31715,2.31832,490
2025-12-18 19:25:00,2.3184,2.31885,2.31774,2.31865,414
2025-12-18 19:30:00,2.31863,2.31901,2.31764,2.31764,411
2025-12-18 19:35:00,2.31803,2.3184,2.3173,2.3177,394
2025-12-18 19:40:00,2.3177,2.31808,2.31675,2.31771,337
2025-12-18 19:45:00,2.31773,2.31773,2.31659,2.31719,357
2025-12-18 19:50:00,2.3172,2.31801,2.31718,2.31766,368
2025-12-18 19:55:00,2.31765,2.31817,2.3173,2.31786,370
2025-12-18 20:00:00,2.31782,2.31841,2.31719,2.31802,383
2025-12-18 20:05:00,2.31801,2.31805,2.31623,2.31663,308
2025-12-18 20:10:00,2.31669,2.31681,2.31582,2.31673,299
2025-12-18 20:15:00,2.31672,2.31711,2.31623,2.31677,337
2025-12-18 20:20:00,2.31679,2.3175499999999998,2.31622,2.31749,324
2025-12-18 20:25:00,2.31749,2.31749,2.31668,2.317,320
2025-12-18 20:30:00,2.31699,2.31727,2.31644,2.31664,271
2025-12-18 20:35:00,2.31665,2.31726,2.31653,2.31686,216
2025-12-18 20:40:00,2.3168699999999998,2.31729,2.31662,2.31721,181
2025-12-18 20:45:00,2.31723,2.31761,2.31695,2.31695,261
2025-12-18 20:50:00,2.3169399999999998,2.3176,2.31662,2.31695,267
2025-12-18 20:55:00,2.31697,2.3175499999999998,2.31683,2.31701,278
2025-12-18 21:00:00,2.317,2.3181,2.31695,2.3179600000000002,344
2025-12-18 21:05:00,2.3179600000000002,2.31828,2.31716,2.31791,323
2025-12-18 21:10:00,2.31793,2.31851,2.3174799999999998,2.31808,298
2025-12-18 21:15:00,2.31806,2.31887,2.31806,2.31847,273
2025-12-18 21:20:00,2.31849,2.31855,2.31777,2.31808,287
2025-12-18 21:25:00,2.31807,2.31847,2.31776,2.31776,255
2025-12-18 21:30:00,2.31778,2.3186,2.31752,2.31856,299
2025-12-18 21:35:00,2.3186,2.31864,2.31759,2.31774,260
2025-12-18 21:40:00,2.31773,2.31861,2.31739,2.31861,303
2025-12-18 21:45:00,2.3186,2.3186,2.31792,2.31804,248
2025-12-18 21:50:00,2.31802,2.31869,2.31786,2.31805,290
2025-12-18 21:55:00,2.31808,2.31906,2.31807,2.319,369
2025-12-18 22:00:00,2.31897,2.31924,2.31825,2.3184,347
2025-12-18 22:05:00,2.31842,2.31873,2.31802,2.3184,268
2025-12-18 22:10:00,2.31836,2.31886,2.31805,2.3183,231
2025-12-18 22:15:00,2.31833,2.31867,2.31786,2.31828,215
2025-12-18 22:20:00,2.31825,2.31858,2.31797,2.31797,214
2025-12-18 22:25:00,2.31799,2.31845,2.31784,2.31835,210
2025-12-18 22:30:00,2.31837,2.31843,2.31777,2.31811,210
2025-12-18 22:35:00,2.3181,2.31837,2.3178900000000002,2.31805,202
2025-12-18 22:40:00,2.31805,2.31858,2.3178,2.31801,227
2025-12-18 22:45:00,2.31799,2.31826,2.31738,2.31805,203
2025-12-18 22:50:00,2.31804,2.31847,2.31762,2.31812,246
2025-12-18 22:55:00,2.31814,2.31823,2.3173500000000002,2.31775,272
2025-12-18 23:00:00,2.317,2.31702,2.31601,2.31678,176
2025-12-18 23:05:00,2.31677,2.31702,2.31619,2.31621,119
2025-12-18 23:10:00,2.31621,2.31657,2.31583,2.31636,106
2025-12-18 23:15:00,2.31635,2.31641,2.31601,2.31637,123
2025-12-18 23:20:00,2.31635,2.31635,2.31549,2.31566,134
2025-12-18 23:25:00,2.3156499999999998,2.31643,2.31562,2.31579,205
2025-12-18 23:30:00,2.31578,2.31629,2.31576,2.31605,117
2025-12-18 23:35:00,2.3160600000000002,2.31636,2.31597,2.31619,124
2025-12-18 23:40:00,2.3162,2.3166,2.31594,2.31655,104
2025-12-18 23:45:00,2.31657,2.31681,2.31637,2.31643,173
2025-12-18 23:50:00,2.31643,2.31664,2.31594,2.31594,297
2025-12-18 23:55:00,2.3166700000000002,2.3166700000000002,2.31459,2.31472,128
2025-12-19 00:00:00,2.3154,2.31581,2.31471,2.31581,12
2025-12-19 00:05:00,2.31581,2.31706,2.31581,2.3164,167
2025-12-19 00:10:00,2.3164,2.31644,2.3155,2.31554,79
2025-12-19 00:15:00,2.31556,2.31706,2.3155200000000002,2.31672,103
2025-12-19 00:20:00,2.31671,2.31721,2.31669,2.31681,59
2025-12-19 00:25:00,2.3168699999999998,2.31742,2.3165,2.3167,73
2025-12-19 00:30:00,2.31669,2.31701,2.31618,2.31701,52
2025-12-19 00:35:00,2.31693,2.31693,2.31612,2.3163,65
2025-12-19 00:40:00,2.31628,2.31704,2.31604,2.31704,81
2025-12-19 00:45:00,2.31704,2.31704,2.31622,2.3166700000000002,66
2025-12-19 00:50:00,2.31648,2.31681,2.31615,2.31681,59
2025-12-19 00:55:00,2.31681,2.31722,2.31624,2.31683,284
2025-12-19 01:00:00,2.31745,2.31786,2.31666,2.31677,288
2025-12-19 01:05:00,2.31678,2.31721,2.31601,2.31656,293
2025-12-19 01:10:00,2.31658,2.31696,2.31614,2.31677,152
2025-12-19 01:15:00,2.3167400000000002,2.31685,2.31619,2.31634,220
2025-12-19 01:20:00,2.31633,2.31699,2.31615,2.31683,93
2025-12-19 01:25:00,2.31683,2.31725,2.31679,2.31681,63
2025-12-19 01:30:00,2.3168,2.3178900000000002,2.3168,2.31746,75
2025-12-19 01:35:00,2.31723,2.31742,2.31689,2.31708,66
2025-12-19 01:40:00,2.31709,2.31751,2.31693,2.31744,79
2025-12-19 01:45:00,2.31765,2.31765,2.31719,2.3174799999999998,133
2025-12-19 01:50:00,2.31747,2.31747,2.31655,2.31719,75
2025-12-19 01:55:00,2.31722,2.31746,2.31702,2.31704,82
2025-12-19 02:00:00,2.31703,2.31703,2.31566,2.3169399999999998,222
2025-12-19 02:05:00,2.31695,2.31742,2.31677,2.31706,105
2025-12-19 02:10:00,2.31707,2.31794,2.31706,2.31792,94
2025-12-19 02:15:00,2.3179,2.31805,2.31753,2.31761,116
2025-12-19 02:20:00,2.3176,2.31842,2.31739,2.3182,121
2025-12-19 02:25:00,2.31822,2.31866,2.31768,2.31792,112
2025-12-19 02:30:00,2.31791,2.31801,2.31693,2.31693,121
2025-12-19 02:35:00,2.31692,2.31778,2.31675,2.31764,221
2025-12-19 02:40:00,2.31763,2.31767,2.31647,2.31649,212
2025-12-19 02:45:00,2.3165,2.3167,2.31546,2.31554,271
2025-12-19 02:50:00,2.31555,2.31631,2.3154500000000002,2.31586,330
2025-12-19 02:55:00,2.31588,2.31588,2.3147,2.31541,269
2025-12-19 03:00:00,2.31541,2.31615,2.31454,2.31497,290
2025-12-19 03:05:00,2.31537,2.31561,2.31474,2.31497,244
2025-12-19 03:10:00,2.31495,2.3156499999999998,2.31487,2.31529,225
2025-12-19 03:15:00,2.31523,2.31525,2.31427,2.31501,236
2025-12-19 03:20:00,2.31501,2.31566,2.31501,2.31566,198
2025-12-19 03:25:00,2.3156499999999998,2.31636,2.3154500000000002,2.31633,240
2025-12-19 03:30:00,2.31635,2.31768,2.31635,2.31726,314
2025-12-19 03:35:00,2.31724,2.31749,2.31676,2.31702,277
2025-12-19 03:40:00,2.31701,2.31778,2.31695,2.31717,251
2025-12-19 03:45:00,2.31714,2.3183,2.31713,2.31815,241
2025-12-19 03:50:00,2.31813,2.31879,2.31706,2.31747,217
2025-12-19 03:55:00,2.31752,2.31814,2.3174799999999998,2.31793,258
2025-12-19 04:00:00,2.31788,2.31836,2.31718,2.31779,229
2025-12-19 04:05:00,2.31777,2.31814,2.31722,2.31734,221
2025-12-19 04:10:00,2.3173500000000002,2.31802,2.31715,2.31758,197
2025-12-19 04:15:00,2.31758,2.31847,2.31754,2.31845,140
2025-12-19 04:20:00,2.31844,2.31891,2.31807,2.31862,183
2025-12-19 04:25:00,2.31843,2.31864,2.3177,2.31791,194
2025-12-19 04:30:00,2.31793,2.31884,2.31793,2.31842,223
2025-12-19 04:35:00,2.31843,2.3191800000000002,2.31837,2.31865,181
2025-12-19 04:40:00,2.3183,2.31927,2.3183,2.31896,181
2025-12-19 04:45:00,2.31899,2.31989,2.31879,2.31949,225
2025-12-19 04:50:00,2.31951,2.3196,2.31885,2.3191800000000002,172
2025-12-19 04:55:00,2.31917,2.3199199999999998,2.31913,2.31936,243
2025-12-19 05:00:00,2.31934,2.32005,2.31867,2.31873,251
2025-12-19 05:05:00,2.31874,2.32049,2.31874,2.3199,247
2025-12-19 05:10:00,2.31989,2.32005,2.31916,2.3199199999999998,164
2025-12-19 05:15:00,2.31993,2.32062,2.3195,2.32055,247
2025-12-19 05:20:00,2.32055,2.32061,2.31901,2.3195,434
2025-12-19 05:25:00,2.31948,2.31948,2.31852,2.3189,308
2025-12-19 05:30:00,2.31891,2.31964,2.31846,2.31948,285
2025-12-19 05:35:00,2.31946,2.31967,2.31884,2.31894,229
2025-12-19 05:40:00,2.31895,2.3193799999999998,2.31849,2.31932,199
2025-12-19 05:45:00,2.3193099999999998,2.31944,2.31876,2.31889,200
2025-12-19 05:50:00,2.31888,2.31987,2.31864,2.31987,238
2025-12-19 05:55:00,2.3199,2.32063,2.31961,2.32054,215
2025-12-19 06:00:00,2.32051,2.32073,2.31997,2.3203,253
2025-12-19 06:05:00,2.32029,2.32084,2.31994,2.32031,142
2025-12-19 06:10:00,2.3203300000000002,2.32102,2.32028,2.32085,172
2025-12-19 06:15:00,2.32046,2.32141,2.32044,2.32093,201
2025-12-19 06:20:00,2.32133,2.32185,2.3208,2.32085,220
2025-12-19 06:25:00,2.32086,2.32165,2.32063,2.32104,208
2025-12-19 06:30:00,2.32105,2.32113,2.31944,2.31994,168
2025-12-19 06:35:00,2.31993,2.32028,2.31945,2.31993,166
2025-12-19 06:40:00,2.31991,2.32026,2.31971,2.32016,133
2025-12-19 06:45:00,2.32014,2.32041,2.31955,2.32013,152
2025-12-19 06:50:00,2.32012,2.32072,2.31983,2.3207,184
2025-12-19 06:55:00,2.32068,2.32074,2.32005,2.32064,153
2025-12-19 07:00:00,2.32066,2.32138,2.3202,2.32138,164
2025-12-19 07:05:00,2.32136,2.32178,2.32093,2.32157,142
2025-12-19 07:10:00,2.32156,2.32241,2.32127,2.32195,168
2025-12-19 07:15:00,2.32197,2.32232,2.32164,2.32168,127
2025-12-19 07:20:00,2.32188,2.32215,2.32153,2.32193,145
2025-12-19 07:25:00,2.32192,2.32213,2.32143,2.32193,152
2025-12-19 07:30:00,2.32191,2.32191,2.32099,2.3212099999999998,159
2025-12-19 07:35:00,2.32123,2.32189,2.3211399999999998,2.32149,169
2025-12-19 07:40:00,2.32149,2.32184,2.32103,2.32161,119
2025-12-19 07:45:00,2.32141,2.32174,2.321,2.32174,205
2025-12-19 07:50:00,2.32172,2.32193,2.32093,2.32171,182
2025-12-19 07:55:00,2.32146,2.32269,2.32122,2.32248,220
2025-12-19 08:00:00,2.3224299999999998,2.32282,2.32157,2.32163,247
2025-12-19 08:05:00,2.32165,2.32209,2.32131,2.32154,191
2025-12-19 08:10:00,2.32153,2.3222,2.32146,2.32153,145
2025-12-19 08:15:00,2.32157,2.32212,2.32103,2.32107,175
2025-12-19 08:20:00,2.32105,2.32165,2.32072,2.32138,187
2025-12-19 08:25:00,2.32138,2.32138,2.32084,2.32104,206
2025-12-19 08:30:00,2.32108,2.32192,2.32106,2.32149,221
2025-12-19 08:35:00,2.32148,2.32258,2.32148,2.32218,291
2025-12-19 08:40:00,2.32219,2.32291,2.32147,2.3226,473
2025-12-19 08:45:00,2.32256,2.32384,2.32222,2.32334,421
2025-12-19 08:50:00,2.32333,2.32381,2.32286,2.3236499999999998,315
2025-12-19 08:55:00,2.32368,2.32371,2.32293,2.32332,368
2025-12-19 09:00:00,2.32334,2.32366,2.3217499999999998,2.32178,349
2025-12-19 09:05:00,2.3217499999999998,2.32256,2.32151,2.32183,334
2025-12-19 09:10:00,2.32184,2.3235799999999998,2.32184,2.32353,334
2025-12-19 09:15:00,2.32354,2.32392,2.32245,2.3230399999999998,322
2025-12-19 09:20:00,2.32306,2.32384,2.32269,2.32362,248
2025-12-19 09:25:00,2.3236,2.32461,2.32294,2.32427,302
2025-12-19 09:30:00,2.32424,2.32483,2.32349,2.32368,228
2025-12-19 09:35:00,2.3237,2.32474,2.3233800000000002,2.32423,271
2025-12-19 09:40:00,2.32425,2.3259,2.32375,2.32564,359
2025-12-19 09:45:00,2.32524,2.32624,2.32456,2.32575,353
2025-12-19 09:50:00,2.32574,2.3265000000000002,2.32484,2.32604,374
2025-12-19 09:55:00,2.32603,2.32625,2.32516,2.32519,410
2025-12-19 10:00:00,2.32521,2.32669,2.32504,2.32572,475
2025-12-19 10:05:00,2.32571,2.3259600000000002,2.32496,2.32508,357
2025-12-19 10:10:00,2.32509,2.32642,2.32506,2.32551,361
2025-12-19 10:15:00,2.32552,2.32616,2.32494,2.326,334
2025-12-19 10:20:00,2.32597,2.32717,2.32587,2.32716,285
2025-12-19 10:25:00,2.32719,2.32752,2.32661,2.32739,304
2025-12-19 10:30:00,2.3274,2.3274,2.32607,2.32656,283
2025-12-19 10:35:00,2.32616,2.3272,2.32615,2.32719,302
2025-12-19 10:40:00,2.32719,2.32739,2.32571,2.32649,352
2025-12-19 10:45:00,2.32647,2.32683,2.32599,2.32604,265
2025-12-19 10:50:00,2.3260199999999998,2.32604,2.32472,2.32474,302
2025-12-19 10:55:00,2.32473,2.32622,2.32471,2.32616,328
2025-12-19 11:00:00,2.32615,2.32637,2.32508,2.32564,307
2025-12-19 11:05:00,2.32563,2.32575,2.32504,2.32563,242
2025-12-19 11:10:00,2.32562,2.32624,2.32561,2.32562,213
2025-12-19 11:15:00,2.3256,2.32655,2.3256,2.32598,276
2025-12-19 11:20:00,2.32597,2.32642,2.32555,2.32601,304
2025-12-19 11:25:00,2.32601,2.32683,2.3259600000000002,2.32683,301
2025-12-19 11:30:00,2.32685,2.3282,2.32654,2.32811,309
2025-12-19 11:35:00,2.32811,2.32818,2.32689,2.32713,279
2025-12-19 11:40:00,2.32714,2.32781,2.32689,2.32727,276
2025-12-19 11:45:00,2.32733,2.32767,2.32693,2.32743,305
2025-12-19 11:50:00,2.32739,2.3284000000000002,2.32683,2.32825,361
2025-12-19 11:55:00,2.32826,2.32862,2.32735,2.32735,361
2025-12-19 12:00:00,2.3273099999999998,2.32858,2.32727,2.32771,299
2025-12-19 12:05:00,2.3277200000000002,2.3285,2.32748,2.32763,252
2025-12-19 12:10:00,2.32763,2.3281,2.32716,2.32734,264
2025-12-19 12:15:00,2.32733,2.32791,2.32723,2.32743,261
2025-12-19 12:20:00,2.32752,2.32824,2.32744,2.32763,234
2025-12-19 12:25:00,2.3276,2.32845,2.32754,2.32828,260
2025-12-19 12:30:00,2.32827,2.32836,2.32721,2.32725,317
2025-12-19 12:35:00,2.32722,2.32788,2.32697,2.32738,300
2025-12-19 12:40:00,2.32736,2.32789,2.32703,2.3271,260
2025-12-19 12:45:00,2.32709,2.32794,2.32678,2.32741,287
2025-12-19 12:50:00,2.3274,2.32809,2.32697,2.3271,302
2025-12-19 12:55:00,2.3271100000000002,2.32747,2.32633,2.32705,287
2025-12-19 13:00:00,2.32703,2.32729,2.32617,2.3263,280
2025-12-19 13:05:00,2.32632,2.32754,2.3263,2.32708,238
2025-12-19 13:10:00,2.32709,2.3277900000000002,2.32676,2.32778,284
2025-12-19 13:15:00,2.32776,2.3283,2.32692,2.32751,337
2025-12-19 13:20:00,2.32753,2.32757,2.32656,2.32719,263
2025-12-19 13:25:00,2.3271800000000002,2.32747,2.32662,2.32693,256
2025-12-19 13:30:00,2.32734,2.32766,2.32651,2.32653,251
2025-12-19 13:35:00,2.32693,2.32746,2.32651,2.32675,230
2025-12-19 13:40:00,2.32672,2.32784,2.32664,2.32784,251
2025-12-19 13:45:00,2.32783,2.32804,2.32695,2.32695,244
2025-12-19 13:50:00,2.32693,2.32769,2.32693,2.32713,226
2025-12-19 13:55:00,2.32715,2.32759,2.32684,2.32737,248
2025-12-19 14:00:00,2.32738,2.32825,2.32693,2.32824,339
2025-12-19 14:05:00,2.32824,2.3285,2.32759,2.32849,256
2025-12-19 14:10:00,2.3285,2.32861,2.3278,2.32813,246
2025-12-19 14:15:00,2.32812,2.3282,2.32737,2.32765,247
2025-12-19 14:20:00,2.32766,2.32817,2.3272,2.32778,281
2025-12-19 14:25:00,2.3277900000000002,2.32809,2.32721,2.32806,284
2025-12-19 14:30:00,2.32807,2.32815,2.32735,2.3277,267
2025-12-19 14:35:00,2.32769,2.3282,2.32749,2.32751,264
2025-12-19 14:40:00,2.32753,2.32835,2.32742,2.32823,280
2025-12-19 14:45:00,2.32826,2.32874,2.32786,2.32814,295
2025-12-19 14:50:00,2.32815,2.32886,2.3281,2.32865,270
2025-12-19 14:55:00,2.32864,2.32938,2.32794,2.32938,252
2025-12-19 15:00:00,2.32934,2.32934,2.32799,2.32879,434
2025-12-19 15:05:00,2.32837,2.33006,2.32837,2.33004,431
2025-12-19 15:10:00,2.33005,2.33046,2.3288,2.32908,359
2025-12-19 15:15:00,2.3291,2.32937,2.32832,2.32878,306
2025-12-19 15:20:00,2.32875,2.32941,2.32799,2.32881,398
2025-12-19 15:25:00,2.32883,2.32958,2.32838,2.32851,379
2025-12-19 15:30:00,2.3285,2.32896,2.32693,2.32732,456
2025-12-19 15:35:00,2.3273,2.3284000000000002,2.32725,2.32786,360
2025-12-19 15:40:00,2.32788,2.32862,2.32759,2.32759,409
2025-12-19 15:45:00,2.32761,2.32804,2.32701,2.32798,352
2025-12-19 15:50:00,2.328,2.32828,2.32722,2.32806,364
2025-12-19 15:55:00,2.32807,2.32823,2.32706,2.32709,292
2025-12-19 16:00:00,2.3271100000000002,2.32805,2.32693,2.3271,488
2025-12-19 16:05:00,2.3271,2.328,2.32678,2.32681,433
2025-12-19 16:10:00,2.3269,2.32712,2.32631,2.32636,482
2025-12-19 16:15:00,2.32635,2.32733,2.32611,2.32661,468
2025-12-19 16:20:00,2.32659,2.32733,2.32647,2.3266,348
2025-12-19 16:25:00,2.32664,2.32729,2.32566,2.32582,447
2025-12-19 16:30:00,2.3259,2.32611,2.32498,2.32591,540
2025-12-19 16:35:00,2.3259,2.32593,2.32379,2.32431,470
2025-12-19 16:40:00,2.32435,2.32435,2.323,2.3235,437
2025-12-19 16:45:00,2.32348,2.32392,2.32209,2.3227,484
2025-12-19 16:50:00,2.3227,2.32353,2.32232,2.32322,436
2025-12-19 16:55:00,2.32326,2.3238,2.32204,2.32269,335
2025-12-19 17:00:00,2.3224299999999998,2.32259,2.32135,2.32135,458
2025-12-19 17:05:00,2.32135,2.3227700000000002,2.32123,2.32266,429
2025-12-19 17:10:00,2.32262,2.32305,2.32186,2.32193,441
2025-12-19 17:15:00,2.32194,2.32264,2.32171,2.32253,389
2025-12-19 17:20:00,2.32254,2.3229,2.32173,2.3223,393
2025-12-19 17:25:00,2.32235,2.32325,2.32132,2.32133,464
2025-12-19 17:30:00,2.3213,2.32267,2.3213,2.32215,439
2025-12-19 17:35:00,2.32217,2.32259,2.32147,2.32254,388
2025-12-19 17:40:00,2.32254,2.32336,2.32173,2.32179,422
2025-12-19 17:45:00,2.3218199999999998,2.32237,2.32105,2.32186,419
2025-12-19 17:50:00,2.32187,2.32343,2.3218,2.32332,485
2025-12-19 17:55:00,2.3233,2.32391,2.32238,2.32254,547
2025-12-19 18:00:00,2.32252,2.32351,2.32188,2.32311,517
2025-12-19 18:05:00,2.32309,2.32332,2.32248,2.32303,443
2025-12-19 18:10:00,2.32305,2.32335,2.32199,2.32227,377
2025-12-19 18:15:00,2.32228,2.32295,2.32159,2.32171,357
2025-12-19 18:20:00,2.3217,2.3229,2.32166,2.32229,397
2025-12-19 18:25:00,2.32231,2.3228400000000002,2.32207,2.32218,368
2025-12-19 18:30:00,2.32214,2.3229,2.32211,2.32248,364
2025-12-19 18:35:00,2.32241,2.32278,2.32208,2.32214,329
2025-12-19 18:40:00,2.32208,2.32276,2.32206,2.32269,290
2025-12-19 18:45:00,2.32271,2.32294,2.32207,2.32248,321
2025-12-19 18:50:00,2.32249,2.32288,2.32183,2.32231,354
2025-12-19 18:55:00,2.32273,2.32316,2.32232,2.32256,351
2025-12-19 19:00:00,2.3225,2.3229,2.32213,2.3226,273
2025-12-19 19:05:00,2.32259,2.32312,2.32219,2.32298,226
2025-12-19 19:10:00,2.32291,2.32305,2.32225,2.32228,291
2025-12-19 19:15:00,2.3223599999999998,2.3233,2.32222,2.3233,348
2025-12-19 19:20:00,2.32328,2.32328,2.32224,2.3227,286
2025-12-19 19:25:00,2.3227,2.32335,2.32257,2.32259,295
2025-12-19 19:30:00,2.32257,2.32333,2.3224299999999998,2.32279,275
2025-12-19 19:35:00,2.32279,2.3233800000000002,2.32262,2.32262,257
2025-12-19 19:40:00,2.32262,2.32302,2.3223,2.32295,241
2025-12-19 19:45:00,2.32296,2.32316,2.32229,2.32242,204
2025-12-19 19:50:00,2.32235,2.32276,2.32211,2.32267,199
2025-12-19 19:55:00,2.32262,2.32275,2.32169,2.32241,326
2025-12-19 20:00:00,2.32244,2.32263,2.32184,2.32186,360
2025-12-19 20:05:00,2.32187,2.32221,2.32156,2.32204,221
2025-12-19 20:10:00,2.32198,2.32221,2.32133,2.32141,233
2025-12-19 20:15:00,2.32143,2.32209,2.32137,2.32173,300
2025-12-19 20:20:00,2.32171,2.32226,2.3215500000000002,2.3218,223
2025-12-19 20:25:00,2.3218,2.3224,2.32142,2.3218,236
2025-12-19 20:30:00,2.32181,2.3225,2.3215500000000002,2.32202,278
2025-12-19 20:35:00,2.32203,2.32286,2.32184,2.32246,248
2025-12-19 20:40:00,2.32244,2.3233,2.3224,2.32306,232
2025-12-19 20:45:00,2.32308,2.32341,2.32276,2.323,216
2025-12-19 20:50:00,2.32302,2.32368,2.32291,2.3233800000000002,186
2025-12-19 20:55:00,2.32341,2.32347,2.32276,2.32315,259
2025-12-19 21:00:00,2.32313,2.32334,2.32249,2.32273,290
2025-12-19 21:05:00,2.32274,2.32276,2.32211,2.3221600000000002,209
2025-12-19 21:10:00,2.32215,2.3227700000000002,2.32205,2.32205,209
2025-12-19 21:15:00,2.32207,2.32331,2.32202,2.32291,273
2025-12-19 21:20:00,2.32293,2.32372,2.32283,2.32326,178
2025-12-19 21:25:00,2.32325,2.32361,2.3230399999999998,2.32309,210
2025-12-19 21:30:00,2.32308,2.3235799999999998,2.32275,2.32323,229
2025-12-19 21:35:00,2.32324,2.3235,2.3228400000000002,2.32342,188
2025-12-19 21:40:00,2.32341,2.3234500000000002,2.32269,2.32288,223
2025-12-19 21:45:00,2.32291,2.32332,2.32265,2.32313,194
2025-12-19 21:50:00,2.3231,2.32329,2.32268,2.32273,166
2025-12-19 21:55:00,2.32273,2.32337,2.32244,2.323,223
2025-12-19 22:00:00,2.3229699999999998,2.32389,2.32241,2.32353,341
2025-12-19 22:05:00,2.32355,2.32395,2.32319,2.3237,330
2025-12-19 22:10:00,2.32375,2.32382,2.323,2.3235799999999998,327
2025-12-19 22:15:00,2.32359,2.32362,2.32266,2.32268,289
2025-12-19 22:20:00,2.32266,2.32311,2.32256,2.32273,254
2025-12-19 22:25:00,2.32274,2.32327,2.32254,2.32282,312
2025-12-19 22:30:00,2.32279,2.32348,2.3227700000000002,2.32288,303
2025-12-19 22:35:00,2.3229,2.32328,2.32257,2.32307,257
2025-12-19 22:40:00,2.32308,2.32357,2.32278,2.32309,314
2025-12-19 22:45:00,2.32308,2.32361,2.3229,2.32335,329
2025-12-19 22:50:00,2.32332,2.32344,2.32275,2.32329,502
2025-12-19 22:55:00,2.32334,2.32359,2.32202,2.32247,507
2025-12-19 23:00:00,2.32174,2.32226,2.32147,2.32222,382
2025-12-19 23:05:00,2.32224,2.32226,2.3215,2.32179,271
2025-12-19 23:10:00,2.32178,2.32227,2.32153,2.32191,237
2025-12-19 23:15:00,2.32183,2.32221,2.32157,2.32215,272
2025-12-19 23:20:00,2.32211,2.32224,2.32161,2.32201,300
2025-12-19 23:25:00,2.322,2.32312,2.32196,2.32253,267
2025-12-19 23:30:00,2.32258,2.32278,2.32188,2.3219,248
2025-12-19 23:35:00,2.32197,2.32291,2.32195,2.32282,193
2025-12-19 23:40:00,2.3227700000000002,2.3229699999999998,2.32247,2.32259,226
2025-12-19 23:45:00,2.32261,2.32295,2.32235,2.32276,372
2025-12-19 23:50:00,2.32283,2.32382,2.32264,2.32342,431
2025-12-19 23:55:00,2.324,2.32425,2.32068,2.32074,362
2025-12-22 00:00:00,2.31585,2.31929,2.31585,2.31929,5
2025-12-22 00:05:00,2.31776,2.32189,2.31776,2.32189,10
2025-12-22 00:10:00,2.32189,2.32552,2.32189,2.32524,53
2025-12-22 00:15:00,2.32474,2.32566,2.32453,2.32515,56
2025-12-22 00:20:00,2.3259600000000002,2.3259600000000002,2.32417,2.32478,71
2025-12-22 00:25:00,2.32473,2.3249,2.32368,2.32394,98
2025-12-22 00:30:00,2.32384,2.32579,2.32367,2.32471,197
2025-12-22 00:35:00,2.32506,2.3254799999999998,2.32429,2.32459,86
2025-12-22 00:40:00,2.32443,2.32472,2.32418,2.3242599999999998,68
2025-12-22 00:45:00,2.32425,2.32436,2.32378,2.32415,69
2025-12-22 00:50:00,2.32415,2.32449,2.32366,2.32432,69
2025-12-22 00:55:00,2.32456,2.32632,2.3241,2.32447,180
2025-12-22 01:00:00,2.32458,2.32612,2.32416,2.32544,350
2025-12-22 01:05:00,2.32537,2.3258,2.32384,2.32432,313
2025-12-22 01:10:00,2.32433,2.32521,2.32431,2.32514,192
2025-12-22 01:15:00,2.32514,2.32516,2.32394,2.32394,807
2025-12-22 01:20:00,2.3239900000000002,2.32457,2.32385,2.32439,536
2025-12-22 01:25:00,2.32449,2.32553,2.32386,2.32526,747
2025-12-22 01:30:00,2.32529,2.32582,2.3244,2.32514,651
2025-12-22 01:35:00,2.32508,2.32544,2.3237,2.32431,411
2025-12-22 01:40:00,2.32432,2.32544,2.32425,2.32472,418
2025-12-22 01:45:00,2.32472,2.32472,2.32317,2.32416,327
2025-12-22 01:50:00,2.32417,2.32455,2.32375,2.32434,512
2025-12-22 01:55:00,2.32433,2.32488,2.32401,2.32411,450
2025-12-22 02:00:00,2.32401,2.3240600000000002,2.3227,2.32351,604
2025-12-22 02:05:00,2.32352,2.32462,2.32269,2.32415,606
2025-12-22 02:10:00,2.3240600000000002,2.32461,2.32305,2.32434,606
2025-12-22 02:15:00,2.32431,2.3244,2.32249,2.32266,619
2025-12-22 02:20:00,2.32263,2.32354,2.32254,2.32289,559
2025-12-22 02:25:00,2.32295,2.32435,2.32281,2.3238,514
2025-12-22 02:30:00,2.3238,2.32412,2.32272,2.32308,419
2025-12-22 02:35:00,2.32307,2.32389,2.32279,2.3235,337
2025-12-22 02:40:00,2.32348,2.32361,2.3227,2.32292,544
2025-12-22 02:45:00,2.32291,2.32319,2.32217,2.32274,447
2025-12-22 02:50:00,2.32272,2.32276,2.32177,2.32273,562
2025-12-22 02:55:00,2.32273,2.32302,2.32202,2.32222,610
2025-12-22 03:00:00,2.32245,2.32292,2.32154,2.32233,804
2025-12-22 03:05:00,2.32232,2.3229,2.3216,2.32234,762
2025-12-22 03:10:00,2.32242,2.32253,2.32092,2.32154,782
2025-12-22 03:15:00,2.32152,2.32331,2.32143,2.32239,735
2025-12-22 03:20:00,2.32239,2.32273,2.3218199999999998,2.32193,711
2025-12-22 03:25:00,2.32192,2.32264,2.32189,2.32207,456
2025-12-22 03:30:00,2.32212,2.32315,2.32193,2.3225,575
2025-12-22 03:35:00,2.32248,2.32313,2.3215,2.32313,573
2025-12-22 03:40:00,2.3232,2.32397,2.3226,2.32312,602
2025-12-22 03:45:00,2.3231,2.32409,2.32281,2.32362,534
2025-12-22 03:50:00,2.32356,2.32526,2.32348,2.32458,351
2025-12-22 03:55:00,2.3246,2.32495,2.32394,2.32407,214
2025-12-22 04:00:00,2.32407,2.32453,2.3236,2.3238,209
2025-12-22 04:05:00,2.32376,2.3242,2.32257,2.32286,167
2025-12-22 04:10:00,2.32286,2.3233,2.32269,2.32291,143
2025-12-22 04:15:00,2.32287,2.32301,2.32234,2.3223599999999998,140
2025-12-22 04:20:00,2.32238,2.32276,2.32165,2.32172,132
2025-12-22 04:25:00,2.3221,2.32235,2.32151,2.32183,144
2025-12-22 04:30:00,2.32181,2.32247,2.32154,2.32233,143
2025-12-22 04:35:00,2.32232,2.32249,2.32153,2.32157,165
2025-12-22 04:40:00,2.32157,2.32238,2.32156,2.32201,167
2025-12-22 04:45:00,2.32202,2.32202,2.32132,2.32145,163
2025-12-22 04:50:00,2.32169,2.32173,2.32091,2.32104,164
2025-12-22 04:55:00,2.32105,2.32147,2.32088,2.32126,115
2025-12-22 05:00:00,2.32133,2.3216,2.32055,2.32066,150
2025-12-22 05:05:00,2.32067,2.32141,2.3205299999999998,2.32107,140
2025-12-22 05:10:00,2.32119,2.3218,2.32065,2.32138,146
2025-12-22 05:15:00,2.32135,2.32197,2.32081,2.3213,170
2025-12-22 05:20:00,2.32127,2.32174,2.32097,2.32097,190
2025-12-22 05:25:00,2.32096,2.32225,2.3209,2.32179,150
2025-12-22 05:30:00,2.3218,2.32189,2.32102,2.32161,187
2025-12-22 05:35:00,2.3216,2.32207,2.32122,2.32206,175
2025-12-22 05:40:00,2.32207,2.32257,2.3213,2.32185,181
2025-12-22 05:45:00,2.32186,2.32231,2.32133,2.32221,160
2025-12-22 05:50:00,2.3222300000000002,2.32319,2.32196,2.32261,217
2025-12-22 05:55:00,2.32262,2.32303,2.3221600000000002,2.32269,264
2025-12-22 06:00:00,2.32269,2.32283,2.32197,2.32265,274
2025-12-22 06:05:00,2.32265,2.32286,2.32165,2.32165,182
2025-12-22 06:10:00,2.32166,2.32208,2.32142,2.32148,139
2025-12-22 06:15:00,2.32145,2.32232,2.32144,2.32231,123
2025-12-22 06:20:00,2.32234,2.32342,2.32234,2.32324,139
2025-12-22 06:25:00,2.32322,2.32324,2.32195,2.32195,125
2025-12-22 06:30:00,2.32196,2.32256,2.32186,2.32215,108
2025-12-22 06:35:00,2.32213,2.3224,2.32196,2.32206,110
2025-12-22 06:40:00,2.32226,2.32247,2.32154,2.32154,105
2025-12-22 06:45:00,2.32153,2.32231,2.32146,2.322,156
2025-12-22 06:50:00,2.32201,2.32214,2.3215,2.32201,125
2025-12-22 06:55:00,2.32199,2.32224,2.32161,2.3216200000000002,78
2025-12-22 07:00:00,2.32163,2.32217,2.32133,2.3215,143
2025-12-22 07:05:00,2.32151,2.32227,2.32151,2.3221600000000002,100
2025-12-22 07:10:00,2.32217,2.3225,2.32174,2.32224,125
2025-12-22 07:15:00,2.3222300000000002,2.3222300000000002,2.32156,2.32164,113
2025-12-22 07:20:00,2.3216200000000002,2.3225,2.3216,2.32232,128
2025-12-22 07:25:00,2.32233,2.3226,2.32181,2.32226,125
2025-12-22 07:30:00,2.32227,2.32231,2.32166,2.32172,99
2025-12-22 07:35:00,2.32172,2.32296,2.32172,2.3225,186
2025-12-22 07:40:00,2.32249,2.32278,2.32207,2.32265,185
2025-12-22 07:45:00,2.32266,2.32267,2.32194,2.32218,124
2025-12-22 07:50:00,2.32218,2.3224299999999998,2.32188,2.32241,148
2025-12-22 07:55:00,2.32231,2.32262,2.32214,2.32229,201
2025-12-22 08:00:00,2.32228,2.32275,2.32177,2.32215,253
2025-12-22 08:05:00,2.32214,2.32255,2.3215500000000002,2.32159,151
2025-12-22 08:10:00,2.32161,2.32222,2.32149,2.32207,151
2025-12-22 08:15:00,2.32208,2.32238,2.32165,2.3218199999999998,198
2025-12-22 08:20:00,2.32184,2.32271,2.32183,2.32266,175
2025-12-22 08:25:00,2.32266,2.32271,2.32191,2.32204,209
2025-12-22 08:30:00,2.3221,2.32295,2.32189,2.32189,158
2025-12-22 08:35:00,2.32188,2.32252,2.32173,2.32189,155
2025-12-22 08:40:00,2.32192,2.32208,2.32179,2.32201,119
2025-12-22 08:45:00,2.322,2.32211,2.32154,2.32196,132
2025-12-22 08:50:00,2.32206,2.32212,2.32127,2.32195,186
2025-12-22 08:55:00,2.32194,2.32208,2.32142,2.32174,141
2025-12-22 09:00:00,2.32143,2.3222,2.3211,2.32117,318
2025-12-22 09:05:00,2.32116,2.3217,2.32048,2.32111,272
2025-12-22 09:10:00,2.32109,2.32157,2.32057,2.32058,217
2025-12-22 09:15:00,2.32054,2.32134,2.32,2.3205999999999998,252
2025-12-22 09:20:00,2.32061,2.32109,2.32048,2.32048,282
2025-12-22 09:25:00,2.32098,2.32115,2.32027,2.3208,244
2025-12-22 09:30:00,2.32082,2.32125,2.32013,2.32088,315
2025-12-22 09:35:00,2.32127,2.32166,2.32047,2.32148,276
2025-12-22 09:40:00,2.32151,2.32169,2.32079,2.3208,275
2025-12-22 09:45:00,2.32074,2.32136,2.32008,2.32071,232
2025-12-22 09:50:00,2.3207,2.32112,2.31995,2.32034,299
2025-12-22 09:55:00,2.32037,2.32113,2.31917,2.3209,369
2025-12-22 10:00:00,2.32087,2.32145,2.32029,2.32042,437
2025-12-22 10:05:00,2.32046,2.32102,2.32,2.32006,347
2025-12-22 10:10:00,2.32007,2.32081,2.3199199999999998,2.31993,287
2025-12-22 10:15:00,2.31994,2.3209400000000002,2.3197900000000002,2.32075,282
2025-12-22 10:20:00,2.32076,2.3212,2.32008,2.32077,276
2025-12-22 10:25:00,2.32074,2.32074,2.31932,2.31932,251
2025-12-22 10:30:00,2.3193099999999998,2.32022,2.31904,2.32019,271
2025-12-22 10:35:00,2.32017,2.32079,2.31974,2.32063,286
2025-12-22 10:40:00,2.32066,2.32109,2.32034,2.32086,286
2025-12-22 10:45:00,2.32087,2.32144,2.32021,2.32108,324
2025-12-22 10:50:00,2.32109,2.32153,2.32009,2.32018,259
2025-12-22 10:55:00,2.32016,2.32029,2.31943,2.31959,313
2025-12-22 11:00:00,2.31961,2.32073,2.31957,2.32012,363
2025-12-22 11:05:00,2.32013,2.32087,2.3198,2.32076,266
2025-12-22 11:10:00,2.32077,2.32106,2.31998,2.32075,270
2025-12-22 11:15:00,2.32074,2.32093,2.31991,2.3202,273
2025-12-22 11:20:00,2.32019,2.32042,2.31971,2.32042,187
2025-12-22 11:25:00,2.32041,2.32091,2.31997,2.32088,310
2025-12-22 11:30:00,2.32084,2.32098,2.31962,2.31964,337
2025-12-22 11:35:00,2.3196,2.32057,2.31956,2.32002,318
2025-12-22 11:40:00,2.3199899999999998,2.32076,2.3199899999999998,2.32019,252
2025-12-22 11:45:00,2.3202,2.32069,2.3199,2.32019,257
2025-12-22 11:50:00,2.32021,2.32093,2.31993,2.32071,279
2025-12-22 11:55:00,2.32074,2.32146,2.3203,2.32145,284
2025-12-22 12:00:00,2.32151,2.32206,2.3211,2.32139,362
2025-12-22 12:05:00,2.32138,2.32188,2.32107,2.32163,321
2025-12-22 12:10:00,2.3216200000000002,2.32217,2.32123,2.32142,306
2025-12-22 12:15:00,2.3214,2.32232,2.32098,2.32148,287
2025-12-22 12:20:00,2.32147,2.32249,2.32147,2.3218,293
2025-12-22 12:25:00,2.32181,2.32219,2.3213,2.32202,261
2025-12-22 12:30:00,2.32204,2.32248,2.32154,2.32202,271
2025-12-22 12:35:00,2.32203,2.3232,2.32199,2.32264,229
2025-12-22 12:40:00,2.32262,2.32307,2.32171,2.32215,218
2025-12-22 12:45:00,2.32214,2.3229699999999998,2.32179,2.3225,187
2025-12-22 12:50:00,2.32291,2.32332,2.32202,2.32308,243
2025-12-22 12:55:00,2.32309,2.32327,2.32187,2.32279,330
2025-12-22 13:00:00,2.32278,2.32278,2.32177,2.32249,322
2025-12-22 13:05:00,2.32251,2.3236,2.32251,2.32322,226
2025-12-22 13:10:00,2.32325,2.32347,2.32248,2.32287,205
2025-12-22 13:15:00,2.32286,2.32305,2.32225,2.32245,217
2025-12-22 13:20:00,2.32246,2.32276,2.32172,2.32173,217
2025-12-22 13:25:00,2.32174,2.32224,2.32146,2.32197,205
2025-12-22 13:30:00,2.32196,2.32252,2.32178,2.32208,208
2025-12-22 13:35:00,2.32209,2.32271,2.32128,2.32137,272
2025-12-22 13:40:00,2.32139,2.3226,2.32128,2.32259,197
2025-12-22 13:45:00,2.32258,2.32264,2.32157,2.32181,243
2025-12-22 13:50:00,2.3218199999999998,2.32222,2.32172,2.32174,204
2025-12-22 13:55:00,2.32177,2.32212,2.32072,2.32128,317
2025-12-22 14:00:00,2.32124,2.32258,2.32109,2.32188,359
2025-12-22 14:05:00,2.32229,2.32235,2.32111,2.32161,290
2025-12-22 14:10:00,2.32164,2.32195,2.32098,2.32163,348
2025-12-22 14:15:00,2.32161,2.32178,2.32091,2.32105,275
2025-12-22 14:20:00,2.32104,2.32163,2.32091,2.32123,250
2025-12-22 14:25:00,2.3216200000000002,2.32196,2.32117,2.32123,211
2025-12-22 14:30:00,2.32124,2.3216,2.32065,2.32069,272
2025-12-22 14:35:00,2.32068,2.3211399999999998,2.31974,2.31996,328
2025-12-22 14:40:00,2.3199899999999998,2.32106,2.31989,2.32099,284
2025-12-22 14:45:00,2.321,2.32131,2.32019,2.32073,268
2025-12-22 14:50:00,2.32074,2.32107,2.32001,2.32062,258
2025-12-22 14:55:00,2.32063,2.32082,2.32001,2.32052,275
2025-12-22 15:00:00,2.3205299999999998,2.32067,2.31963,2.32018,326
2025-12-22 15:05:00,2.32017,2.32056,2.31954,2.32017,318
2025-12-22 15:10:00,2.32012,2.32075,2.31987,2.32015,504
2025-12-22 15:15:00,2.32016,2.32088,2.31977,2.32045,391
2025-12-22 15:20:00,2.32047,2.32074,2.3197200000000002,2.32031,378
2025-12-22 15:25:00,2.32072,2.32095,2.3202,2.32092,257
2025-12-22 15:30:00,2.32093,2.3218,2.32023,2.3218,319
2025-12-22 15:35:00,2.32186,2.32186,2.32011,2.32032,354
2025-12-22 15:40:00,2.32032,2.32151,2.32023,2.32091,374
2025-12-22 15:45:00,2.32093,2.32181,2.3208,2.32111,373
2025-12-22 15:50:00,2.3211,2.3218,2.32089,2.32099,326
2025-12-22 15:55:00,2.32098,2.3217499999999998,2.32088,2.32139,344
2025-12-22 16:00:00,2.3214,2.3218199999999998,2.32081,2.32089,405
2025-12-22 16:05:00,2.32092,2.3218,2.32092,2.32157,294
2025-12-22 16:10:00,2.3215500000000002,2.32197,2.32014,2.32019,303
2025-12-22 16:15:00,2.3202,2.32076,2.3199899999999998,2.32055,349
2025-12-22 16:20:00,2.32056,2.32076,2.31993,2.32039,305
2025-12-22 16:25:00,2.3204000000000002,2.32125,2.32038,2.3208,329
2025-12-22 16:30:00,2.32082,2.32156,2.32051,2.32086,487
2025-12-22 16:35:00,2.32079,2.32152,2.31988,2.32146,493
2025-12-22 16:40:00,2.32144,2.32199,2.3210100000000002,2.32147,420
2025-12-22 16:45:00,2.32151,2.32166,2.32051,2.3213,386
2025-12-22 16:50:00,2.32089,2.3218,2.32054,2.32065,383
2025-12-22 16:55:00,2.32066,2.32109,2.3198,2.31987,387
2025-12-22 17:00:00,2.31997,2.32016,2.31923,2.31978,374
2025-12-22 17:05:00,2.3197900000000002,2.32029,2.31901,2.31956,424
2025-12-22 17:10:00,2.31957,2.3201,2.31902,2.3193,380
2025-12-22 17:15:00,2.3193099999999998,2.31981,2.31867,2.3191,348
2025-12-22 17:20:00,2.31913,2.31977,2.31868,2.31933,369
2025-12-22 17:25:00,2.3193099999999998,2.31985,2.31907,2.31959,372
2025-12-22 17:30:00,2.31958,2.32063,2.31926,2.32024,400
2025-12-22 17:35:00,2.32022,2.32154,2.32022,2.32117,371
2025-12-22 17:40:00,2.32115,2.32115,2.31959,2.31985,346
2025-12-22 17:45:00,2.31982,2.32091,2.31952,2.3205299999999998,341
2025-12-22 17:50:00,2.32054,2.32127,2.3196,2.32107,415
2025-12-22 17:55:00,2.32105,2.32218,2.32001,2.32199,565
2025-12-22 18:00:00,2.3219,2.32242,2.3211,2.32173,460
2025-12-22 18:05:00,2.3217,2.32229,2.3209400000000002,2.32135,336
2025-12-22 18:10:00,2.32136,2.32158,2.32079,2.3208,306
2025-12-22 18:15:00,2.32077,2.32138,2.32067,2.3207,355
2025-12-22 18:20:00,2.32077,2.32171,2.32054,2.32163,374
2025-12-22 18:25:00,2.32167,2.32194,2.32072,2.32123,357
2025-12-22 18:30:00,2.32122,2.32154,2.32065,2.32074,394
2025-12-22 18:35:00,2.32073,2.32132,2.32032,2.32065,315
2025-12-22 18:40:00,2.32067,2.32197,2.32066,2.32147,324
2025-12-22 18:45:00,2.32143,2.32143,2.32066,2.32078,339
2025-12-22 18:50:00,2.32077,2.32109,2.32015,2.32103,299
2025-12-22 18:55:00,2.32103,2.32171,2.32052,2.32099,308
2025-12-22 19:00:00,2.32097,2.32318,2.32097,2.32217,367
2025-12-22 19:05:00,2.32218,2.3229699999999998,2.32202,2.3225,259
2025-12-22 19:10:00,2.32251,2.32299,2.3221,2.32283,241
2025-12-22 19:15:00,2.3228400000000002,2.32289,2.32185,2.3224,321
2025-12-22 19:20:00,2.32241,2.32313,2.3222,2.32248,251
2025-12-22 19:25:00,2.32247,2.3231,2.32224,2.32308,297
2025-12-22 19:30:00,2.32268,2.32361,2.32259,2.3228400000000002,307
2025-12-22 19:35:00,2.32285,2.3235,2.3224299999999998,2.32326,265
2025-12-22 19:40:00,2.32328,2.32336,2.32232,2.32294,323
2025-12-22 19:45:00,2.32292,2.323,2.32235,2.32289,197
2025-12-22 19:50:00,2.32285,2.3229,2.32212,2.32252,247
2025-12-22 19:55:00,2.32251,2.32352,2.32238,2.32285,263
2025-12-22 20:00:00,2.32316,2.32332,2.32173,2.32209,373
2025-12-22 20:05:00,2.32207,2.32255,2.3215500000000002,2.32242,264
2025-12-22 20:10:00,2.3224,2.32279,2.322,2.32218,229
2025-12-22 20:15:00,2.32219,2.32283,2.32209,2.3221600000000002,208
2025-12-22 20:20:00,2.32218,2.3227,2.32179,2.32186,175
2025-12-22 20:25:00,2.32187,2.32257,2.3217,2.32222,258
2025-12-22 20:30:00,2.32219,2.32293,2.32181,2.32293,236
2025-12-22 20:35:00,2.32293,2.32339,2.32222,2.32222,255
2025-12-22 20:40:00,2.3222300000000002,2.32326,2.32221,2.32286,204
2025-12-22 20:45:00,2.32287,2.32366,2.32285,2.32302,192
2025-12-22 20:50:00,2.32301,2.32368,2.32293,2.32359,239
2025-12-22 20:55:00,2.3236,2.32364,2.3228,2.32286,259
2025-12-22 21:00:00,2.32285,2.32398,2.32279,2.32355,210
2025-12-22 21:05:00,2.32355,2.32395,2.32315,2.32315,189
2025-12-22 21:10:00,2.32316,2.3239,2.32316,2.32368,165
2025-12-22 21:15:00,2.32369,2.32372,2.3228400000000002,2.32285,220
2025-12-22 21:20:00,2.32287,2.32356,2.32279,2.3233,189
2025-12-22 21:25:00,2.32328,2.32354,2.3228,2.32286,194
2025-12-22 21:30:00,2.3228400000000002,2.32322,2.3224299999999998,2.32255,207
2025-12-22 21:35:00,2.32256,2.32296,2.3223,2.32231,186
2025-12-22 21:40:00,2.32232,2.32303,2.32227,2.32257,179
2025-12-22 21:45:00,2.32255,2.32303,2.32224,2.3223,156
2025-12-22 21:50:00,2.32232,2.32274,2.32199,2.32246,147
2025-12-22 21:55:00,2.32245,2.32301,2.3222300000000002,2.32281,278
2025-12-22 22:00:00,2.32292,2.32293,2.32231,2.32275,243
2025-12-22 22:05:00,2.32275,2.32316,2.32255,2.32312,176
2025-12-22 22:10:00,2.3231,2.32312,2.32209,2.32261,211
2025-12-22 22:15:00,2.32264,2.32286,2.32231,2.32254,184
2025-12-22 22:20:00,2.32253,2.3229699999999998,2.32229,2.3225,181
2025-12-22 22:25:00,2.32252,2.32303,2.32211,2.32211,154
2025-12-22 22:30:00,2.32204,2.32247,2.32192,2.3221600000000002,199
2025-12-22 22:35:00,2.32214,2.32261,2.32193,2.32201,200
2025-12-22 22:40:00,2.32202,2.3225,2.32194,2.32227,183
2025-12-22 22:45:00,2.32226,2.32273,2.32203,2.32224,179
2025-12-22 22:50:00,2.3224299999999998,2.32291,2.32202,2.32222,211
2025-12-22 22:55:00,2.32215,2.32286,2.32206,2.32281,216
2025-12-22 23:00:00,2.32208,2.32208,2.3211399999999998,2.3211399999999998,170
2025-12-22 23:05:00,2.32113,2.32167,2.32106,2.32129,147
2025-12-22 23:10:00,2.32129,2.3218199999999998,2.32127,2.32142,125
2025-12-22 23:15:00,2.32143,2.32176,2.32111,2.32163,120
2025-12-22 23:20:00,2.3216200000000002,2.32204,2.32136,2.32201,122
2025-12-22 23:25:00,2.32201,2.32214,2.32141,2.3216200000000002,139
2025-12-22 23:30:00,2.32161,2.32187,2.32137,2.32167,133
2025-12-22 23:35:00,2.32167,2.32167,2.32119,2.32133,89
2025-12-22 23:40:00,2.32134,2.32213,2.32131,2.32193,67
2025-12-22 23:45:00,2.32192,2.32192,2.32148,2.32152,86
2025-12-22 23:50:00,2.32154,2.32208,2.32151,2.3216200000000002,159
2025-12-22 23:55:00,2.32254,2.32258,2.32058,2.32072,91
2025-12-23 00:00:00,2.32173,2.3217499999999998,2.32031,2.3205299999999998,7
2025-12-23 00:05:00,2.32041,2.32202,2.32041,2.32188,5
2025-12-23 00:10:00,2.32192,2.32218,2.32184,2.3219,12
2025-12-23 00:15:00,2.3219,2.32332,2.3219,2.32222,108
2025-12-23 00:20:00,2.32242,2.3229,2.32142,2.32142,159
2025-12-23 00:25:00,2.32147,2.32266,2.32147,2.32228,260
2025-12-23 00:30:00,2.32228,2.32237,2.32147,2.32164,69
2025-12-23 00:35:00,2.3217,2.32249,2.32169,2.32186,158
2025-12-23 00:40:00,2.3218199999999998,2.32225,2.32134,2.32146,145
2025-12-23 00:45:00,2.32147,2.32189,2.32138,2.32176,193
2025-12-23 00:50:00,2.3217499999999998,2.32196,2.32139,2.32171,110
2025-12-23 00:55:00,2.32168,2.32306,2.3216,2.3224,103
2025-12-23 01:00:00,2.3233,2.32373,2.32254,2.32353,343
2025-12-23 01:05:00,2.32348,2.32387,2.32311,2.32373,162
2025-12-23 01:10:00,2.32377,2.32459,2.32359,2.32363,238
2025-12-23 01:15:00,2.32364,2.32421,2.32349,2.32385,136
2025-12-23 01:20:00,2.32386,2.32396,2.32313,2.32344,96
2025-12-23 01:25:00,2.32341,2.32376,2.32295,2.32372,82
2025-12-23 01:30:00,2.32376,2.32376,2.32276,2.32311,96
2025-12-23 01:35:00,2.32311,2.32317,2.32273,2.32308,55
2025-12-23 01:40:00,2.32307,2.3235799999999998,2.32289,2.32356,71
2025-12-23 01:45:00,2.32353,2.32353,2.32302,2.32305,79
2025-12-23 01:50:00,2.32305,2.3235,2.3227,2.3229699999999998,62
2025-12-23 01:55:00,2.32298,2.32362,2.32276,2.3235,86
2025-12-23 02:00:00,2.32353,2.32417,2.32201,2.32244,247
2025-12-23 02:05:00,2.32203,2.32259,2.3215500000000002,2.32156,208
2025-12-23 02:10:00,2.32156,2.32193,2.32113,2.32113,178
2025-12-23 02:15:00,2.3211399999999998,2.32165,2.32106,2.32124,143
2025-12-23 02:20:00,2.32124,2.32143,2.32068,2.32084,125
2025-12-23 02:25:00,2.32083,2.3211399999999998,2.31984,2.31986,128
2025-12-23 02:30:00,2.31988,2.32136,2.31988,2.3210100000000002,183
2025-12-23 02:35:00,2.321,2.32136,2.32065,2.32085,119
2025-12-23 02:40:00,2.3210100000000002,2.32138,2.32043,2.32074,134
2025-12-23 02:45:00,2.32073,2.32157,2.3205,2.32148,175
2025-12-23 02:50:00,2.32149,2.32202,2.32117,2.32129,162
2025-12-23 02:55:00,2.3212,2.32204,2.3209400000000002,2.32135,285
2025-12-23 03:00:00,2.32135,2.32233,2.3210100000000002,2.32153,270
2025-12-23 03:05:00,2.32153,2.32191,2.32082,2.3218199999999998,232
2025-12-23 03:10:00,2.32183,2.3221,2.32128,2.32177,199
2025-12-23 03:15:00,2.32177,2.32204,2.32096,2.32147,232
2025-12-23 03:20:00,2.32146,2.32176,2.32055,2.32174,241
2025-12-23 03:25:00,2.32176,2.32177,2.32105,2.32145,186
2025-12-23 03:30:00,2.32144,2.32148,2.32008,2.3210100000000002,234
2025-12-23 03:35:00,2.321,2.32168,2.31982,2.3199899999999998,228
2025-12-23 03:40:00,2.32039,2.32087,2.31997,2.32065,271
2025-12-23 03:45:00,2.32066,2.32093,2.3201,2.32065,252
2025-12-23 03:50:00,2.32064,2.32064,2.31971,2.31983,245
2025-12-23 03:55:00,2.31984,2.32058,2.3197900000000002,2.32028,217
2025-12-23 04:00:00,2.32027,2.32075,2.31891,2.31965,252
2025-12-23 04:05:00,2.31964,2.31989,2.3185700000000002,2.31923,260
2025-12-23 04:10:00,2.31922,2.31946,2.31826,2.3186999999999998,230
2025-12-23 04:15:00,2.3186999999999998,2.31921,2.31793,2.31852,227
2025-12-23 04:20:00,2.31851,2.31869,2.31777,2.31778,182
2025-12-23 04:25:00,2.31775,2.31866,2.31762,2.31803,157
2025-12-23 04:30:00,2.31804,2.31842,2.31732,2.31808,239
2025-12-23 04:35:00,2.31806,2.3186,2.31742,2.3181599999999998,219
2025-12-23 04:40:00,2.31819,2.3184,2.31781,2.31806,179
2025-12-23 04:45:00,2.31804,2.31872,2.31782,2.31825,195
2025-12-23 04:50:00,2.31823,2.31866,2.31795,2.31834,209
2025-12-23 04:55:00,2.31835,2.31899,2.31774,2.31777,207
2025-12-23 05:00:00,2.31784,2.31886,2.31777,2.31868,232
2025-12-23 05:05:00,2.31872,2.31968,2.31853,2.31968,222
2025-12-23 05:10:00,2.31963,2.31996,2.31904,2.31996,199
2025-12-23 05:15:00,2.31994,2.32032,2.31956,2.32003,177
2025-12-23 05:20:00,2.32008,2.32039,2.3191,2.3191,169
2025-12-23 05:25:00,2.3191100000000002,2.31963,2.31874,2.3192,234
2025-12-23 05:30:00,2.3191800000000002,2.32014,2.3191800000000002,2.31964,180
2025-12-23 05:35:00,2.31965,2.32052,2.31947,2.31998,165
2025-12-23 05:40:00,2.32,2.32056,2.31956,2.32055,191
2025-12-23 05:45:00,2.32056,2.32056,2.31917,2.31923,181
2025-12-23 05:50:00,2.31921,2.32001,2.31912,2.31982,193
2025-12-23 05:55:00,2.31981,2.32056,2.31958,2.31982,280
2025-12-23 06:00:00,2.31982,2.32049,2.31956,2.31977,323
2025-12-23 06:05:00,2.31978,2.31981,2.31855,2.31897,215
2025-12-23 06:10:00,2.31889,2.31975,2.31882,2.31956,242
2025-12-23 06:15:00,2.31954,2.31996,2.31912,2.31933,209
2025-12-23 06:20:00,2.3193099999999998,2.32011,2.31922,2.32002,189
2025-12-23 06:25:00,2.32001,2.32002,2.31917,2.31966,200
2025-12-23 06:30:00,2.31967,2.31985,2.3189,2.31937,198
2025-12-23 06:35:00,2.31937,2.32023,2.31894,2.32003,197
2025-12-23 06:40:00,2.32002,2.32024,2.31948,2.31954,178
2025-12-23 06:45:00,2.31952,2.3198,2.3191100000000002,2.31928,178
2025-12-23 06:50:00,2.31928,2.32009,2.31928,2.31983,196
2025-12-23 06:55:00,2.31984,2.31996,2.31923,2.31948,181
2025-12-23 07:00:00,2.31977,2.32019,2.31928,2.32002,252
2025-12-23 07:05:00,2.32001,2.3204000000000002,2.31955,2.3197,205
2025-12-23 07:10:00,2.31971,2.32081,2.31959,2.32034,222
2025-12-23 07:15:00,2.32035,2.32066,2.31958,2.31984,205
2025-12-23 07:20:00,2.31985,2.32059,2.31957,2.32047,164
2025-12-23 07:25:00,2.32049,2.3208,2.32017,2.32037,178
2025-12-23 07:30:00,2.32046,2.32076,2.31966,2.31966,204
2025-12-23 07:35:00,2.31967,2.32103,2.31945,2.3209400000000002,198
2025-12-23 07:40:00,2.32095,2.32118,2.32028,2.32041,183
2025-12-23 07:45:00,2.32047,2.32107,2.32024,2.3209400000000002,143
2025-12-23 07:50:00,2.32093,2.32139,2.32059,2.32072,214
2025-12-23 07:55:00,2.32074,2.3212099999999998,2.32031,2.32077,234
2025-12-23 08:00:00,2.32076,2.32086,2.3197900000000002,2.3198,251
2025-12-23 08:05:00,2.3198,2.32043,2.31974,2.32004,229
2025-12-23 08:10:00,2.32003,2.32051,2.31971,2.32009,175
2025-12-23 08:15:00,2.32004,2.32075,2.31986,2.32067,209
2025-12-23 08:20:00,2.32066,2.3208,2.32014,2.32041,191
2025-12-23 08:25:00,2.32042,2.321,2.32024,2.32056,166
2025-12-23 08:30:00,2.32062,2.32132,2.32059,2.32127,234
2025-12-23 08:35:00,2.32093,2.32153,2.31961,2.31961,233
2025-12-23 08:40:00,2.31962,2.3202,2.31863,2.31923,240
2025-12-23 08:45:00,2.31919,2.3199199999999998,2.31868,2.31947,223
2025-12-23 08:50:00,2.31947,2.31984,2.31899,2.31984,179
2025-12-23 08:55:00,2.31987,2.31998,2.31912,2.31988,228
2025-12-23 09:00:00,2.31963,2.32016,2.31732,2.31774,399
2025-12-23 09:05:00,2.31774,2.31871,2.31769,2.31871,301
2025-12-23 09:10:00,2.31872,2.31896,2.31759,2.3183,254
2025-12-23 09:15:00,2.3183,2.31833,2.3174,2.3174,265
2025-12-23 09:20:00,2.31741,2.31866,2.3174,2.3183,257
2025-12-23 09:25:00,2.3183,2.31846,2.31711,2.31744,232
2025-12-23 09:30:00,2.31746,2.31834,2.31738,2.31788,246
2025-12-23 09:35:00,2.31787,2.31863,2.31768,2.31835,276
2025-12-23 09:40:00,2.31834,2.3186999999999998,2.31737,2.31797,316
2025-12-23 09:45:00,2.318,2.3184,2.31731,2.31798,280
2025-12-23 09:50:00,2.31799,2.31891,2.31753,2.3180899999999998,262
2025-12-23 09:55:00,2.31807,2.31989,2.31792,2.31976,376
2025-12-23 10:00:00,2.3197900000000002,2.32004,2.31802,2.31927,471
2025-12-23 10:05:00,2.31928,2.31955,2.31815,2.31919,313
2025-12-23 10:10:00,2.31914,2.31924,2.3175,2.31795,363
2025-12-23 10:15:00,2.31794,2.31848,2.31696,2.31739,346
2025-12-23 10:20:00,2.3174,2.31811,2.31699,2.31706,294
2025-12-23 10:25:00,2.31705,2.31751,2.31633,2.31686,315
2025-12-23 10:30:00,2.3168699999999998,2.3176,2.31672,2.31699,296
2025-12-23 10:35:00,2.31698,2.31754,2.31649,2.31662,366
2025-12-23 10:40:00,2.31662,2.31712,2.31638,2.31645,284
2025-12-23 10:45:00,2.31647,2.31692,2.31599,2.31607,334
2025-12-23 10:50:00,2.31647,2.31647,2.31488,2.31529,271
2025-12-23 10:55:00,2.3153,2.3167400000000002,2.31521,2.31665,279
2025-12-23 11:00:00,2.31665,2.31693,2.31588,2.31643,455
2025-12-23 11:05:00,2.31642,2.31644,2.3154,2.31607,362
2025-12-23 11:10:00,2.31604,2.3163,2.31529,2.31616,340
2025-12-23 11:15:00,2.31612,2.31632,2.31395,2.31439,342
2025-12-23 11:20:00,2.31399,2.31611,2.31392,2.31582,360
2025-12-23 11:25:00,2.31584,2.31587,2.3142300000000002,2.31455,344
2025-12-23 11:30:00,2.31457,2.31512,2.31377,2.31495,300
2025-12-23 11:35:00,2.31495,2.31554,2.31441,2.31462,317
2025-12-23 11:40:00,2.31461,2.31549,2.31418,2.31518,266
2025-12-23 11:45:00,2.31516,2.31517,2.31412,2.31428,272
2025-12-23 11:50:00,2.31429,2.31488,2.31381,2.3138199999999998,339
2025-12-23 11:55:00,2.31376,2.31424,2.31288,2.31296,406
2025-12-23 12:00:00,2.31295,2.3136,2.31242,2.3125999999999998,372
2025-12-23 12:05:00,2.31261,2.31415,2.31237,2.31361,325
2025-12-23 12:10:00,2.3136,2.31393,2.3131399999999998,2.31354,217
2025-12-23 12:15:00,2.31353,2.31381,2.31291,2.31365,264
2025-12-23 12:20:00,2.31364,2.31387,2.3132099999999998,2.3137,256
2025-12-23 12:25:00,2.31374,2.31383,2.3125299999999998,2.31287,306
2025-12-23 12:30:00,2.31307,2.31324,2.31203,2.31258,293
2025-12-23 12:35:00,2.31249,2.31267,2.31189,2.3125999999999998,247
2025-12-23 12:40:00,2.31261,2.31263,2.31178,2.31242,239
2025-12-23 12:45:00,2.31241,2.31275,2.3117900000000002,2.31266,263
2025-12-23 12:50:00,2.31267,2.31402,2.31267,2.31402,336
2025-12-23 12:55:00,2.31403,2.31434,2.31296,2.31391,410
2025-12-23 13:00:00,2.31391,2.31435,2.31338,2.3141,266
2025-12-23 13:05:00,2.31411,2.31456,2.3132,2.31357,217
2025-12-23 13:10:00,2.31358,2.31414,2.3130100000000002,2.31367,270
2025-12-23 13:15:00,2.31368,2.31386,2.31312,2.31354,252
2025-12-23 13:20:00,2.31354,2.31383,2.31313,2.31355,184
2025-12-23 13:25:00,2.31357,2.31357,2.3122,2.31265,223
2025-12-23 13:30:00,2.31266,2.31294,2.31196,2.31292,216
2025-12-23 13:35:00,2.31294,2.31389,2.31259,2.31267,257
2025-12-23 13:40:00,2.31267,2.31336,2.31213,2.31255,254
2025-12-23 13:45:00,2.3125299999999998,2.31309,2.31204,2.31287,232
2025-12-23 13:50:00,2.31286,2.31394,2.31218,2.3139,281
2025-12-23 13:55:00,2.31388,2.31388,2.31261,2.31337,327
2025-12-23 14:00:00,2.31336,2.31388,2.31295,2.31337,338
2025-12-23 14:05:00,2.31339,2.31385,2.31326,2.31357,261
2025-12-23 14:10:00,2.31358,2.31366,2.31272,2.31297,251
2025-12-23 14:15:00,2.31298,2.31316,2.3124700000000002,2.31313,233
2025-12-23 14:20:00,2.31311,2.3132099999999998,2.3124700000000002,2.31291,268
2025-12-23 14:25:00,2.31289,2.31344,2.31261,2.31344,214
2025-12-23 14:30:00,2.31304,2.31341,2.31208,2.31212,314
2025-12-23 14:35:00,2.31213,2.31312,2.31207,2.31255,252
2025-12-23 14:40:00,2.31257,2.31342,2.31226,2.31229,248
2025-12-23 14:45:00,2.31269,2.31269,2.31196,2.31214,232
2025-12-23 14:50:00,2.31215,2.31287,2.31191,2.31204,316
2025-12-23 14:55:00,2.31216,2.3130100000000002,2.3118600000000002,2.31215,391
2025-12-23 15:00:00,2.31218,2.31286,2.3117900000000002,2.31205,410
2025-12-23 15:05:00,2.31206,2.31318,2.31188,2.31249,399
2025-12-23 15:10:00,2.3125,2.31285,2.3118,2.31245,332
2025-12-23 15:15:00,2.31246,2.31271,2.3112500000000002,2.31176,367
2025-12-23 15:20:00,2.31176,2.31255,2.31136,2.3125299999999998,359
2025-12-23 15:25:00,2.31252,2.31306,2.31185,2.31198,346
2025-12-23 15:30:00,2.3119199999999998,2.314,2.31121,2.31329,544
2025-12-23 15:35:00,2.31331,2.31429,2.31304,2.31379,600
2025-12-23 15:40:00,2.31371,2.3145,2.31355,2.31393,511
2025-12-23 15:45:00,2.31398,2.31445,2.31342,2.31372,462
2025-12-23 15:50:00,2.31371,2.3153,2.31364,2.31475,560
2025-12-23 15:55:00,2.31476,2.31564,2.31465,2.3153,559
2025-12-23 16:00:00,2.31531,2.31538,2.31386,2.31477,551
2025-12-23 16:05:00,2.31473,2.31605,2.31409,2.31597,519
2025-12-23 16:10:00,2.31595,2.31644,2.31539,2.31576,360
2025-12-23 16:15:00,2.31573,2.3175499999999998,2.31569,2.3175,455
2025-12-23 16:20:00,2.3174799999999998,2.31778,2.31683,2.31756,475
2025-12-23 16:25:00,2.3175,2.31771,2.3167,2.31747,408
2025-12-23 16:30:00,2.31747,2.31838,2.31685,2.31729,538
2025-12-23 16:35:00,2.3173,2.31769,2.31635,2.31682,497
2025-12-23 16:40:00,2.31681,2.31682,2.31578,2.3161,382
2025-12-23 16:45:00,2.31601,2.31684,2.31546,2.3162,461
2025-12-23 16:50:00,2.31618,2.31651,2.31522,2.3161300000000002,483
2025-12-23 16:55:00,2.31612,2.31654,2.31534,2.31557,392
2025-12-23 17:00:00,2.3156,2.31611,2.31493,2.31507,500
2025-12-23 17:05:00,2.3151,2.31612,2.31508,2.31577,516
2025-12-23 17:10:00,2.31579,2.31579,2.31448,2.31482,531
2025-12-23 17:15:00,2.3148400000000002,2.31528,2.3142300000000002,2.31446,446
2025-12-23 17:20:00,2.31449,2.31536,2.31439,2.31523,390
2025-12-23 17:25:00,2.31524,2.31529,2.31435,2.31456,446
2025-12-23 17:30:00,2.31457,2.31461,2.31346,2.31353,405
2025-12-23 17:35:00,2.31352,2.31394,2.31284,2.3129,387
2025-12-23 17:40:00,2.3129,2.31346,2.31175,2.31251,408
2025-12-23 17:45:00,2.31252,2.31263,2.31123,2.31194,371
2025-12-23 17:50:00,2.31193,2.31264,2.31146,2.31164,453
2025-12-23 17:55:00,2.31162,2.3132,2.31112,2.31289,494
2025-12-23 18:00:00,2.31292,2.31303,2.31211,2.31235,479
2025-12-23 18:05:00,2.31234,2.31286,2.31168,2.31217,387
2025-12-23 18:10:00,2.31214,2.3124000000000002,2.31176,2.31234,339
2025-12-23 18:15:00,2.31233,2.31241,2.31132,2.31201,348
2025-12-23 18:20:00,2.312,2.31251,2.31169,2.31176,380
2025-12-23 18:25:00,2.31177,2.31251,2.3117,2.31221,345
2025-12-23 18:30:00,2.31218,2.31273,2.31183,2.31228,390
2025-12-23 18:35:00,2.31222,2.31261,2.31165,2.31177,360
2025-12-23 18:40:00,2.31174,2.31239,2.31148,2.31239,297
2025-12-23 18:45:00,2.31235,2.31239,2.31166,2.31221,243
2025-12-23 18:50:00,2.31222,2.31237,2.31156,2.31224,280
2025-12-23 18:55:00,2.31225,2.31281,2.3118600000000002,2.31226,321
2025-12-23 19:00:00,2.31224,2.3128,2.31171,2.31172,347
2025-12-23 19:05:00,2.31171,2.31217,2.31112,2.31165,307
2025-12-23 19:10:00,2.31164,2.31166,2.31068,2.31127,242
2025-12-23 19:15:00,2.31127,2.31129,2.31051,2.31109,280
2025-12-23 19:20:00,2.31108,2.31148,2.31039,2.31083,256
2025-12-23 19:25:00,2.31083,2.3113099999999998,2.31044,2.31119,262
2025-12-23 19:30:00,2.3112,2.31137,2.3106400000000002,2.31116,274
2025-12-23 19:35:00,2.31117,2.31202,2.31117,2.31202,252
2025-12-23 19:40:00,2.31201,2.31201,2.31109,2.31126,201
2025-12-23 19:45:00,2.31124,2.31148,2.31043,2.31047,235
2025-12-23 19:50:00,2.31087,2.31119,2.31047,2.31069,216
2025-12-23 19:55:00,2.31071,2.31122,2.31065,2.3112,205
2025-12-23 20:00:00,2.3112,2.31158,2.31069,2.3115,228
2025-12-23 20:05:00,2.31152,2.31156,2.31073,2.31093,280
2025-12-23 20:10:00,2.31094,2.3114,2.31044,2.31048,207
2025-12-23 20:15:00,2.31042,2.31117,2.31037,2.31107,254
2025-12-23 20:20:00,2.31067,2.31089,2.31011,2.3105,248
2025-12-23 20:25:00,2.31048,2.31103,2.31034,2.31095,250
2025-12-23 20:30:00,2.31094,2.3115,2.3106999999999998,2.31109,234
2025-12-23 20:35:00,2.3113,2.31175,2.31104,2.31112,235
2025-12-23 20:40:00,2.3111800000000002,2.31171,2.31109,2.31127,196
2025-12-23 20:45:00,2.31129,2.31159,2.31102,2.3111800000000002,179
2025-12-23 20:50:00,2.31117,2.31171,2.31102,2.31165,184
2025-12-23 20:55:00,2.31165,2.3119,2.31112,2.3112500000000002,283
2025-12-23 21:00:00,2.31123,2.31156,2.31083,2.31096,338
2025-12-23 21:05:00,2.31099,2.31166,2.31094,2.31128,294
2025-12-23 21:10:00,2.31129,2.31187,2.31122,2.31141,217
2025-12-23 21:15:00,2.31145,2.31211,2.31126,2.31177,237
2025-12-23 21:20:00,2.31176,2.31176,2.31119,2.3114,227
2025-12-23 21:25:00,2.3113799999999998,2.31181,2.31105,2.31121,229
2025-12-23 21:30:00,2.3112,2.31154,2.31062,2.31109,187
2025-12-23 21:35:00,2.31108,2.31109,2.31052,2.31078,194
2025-12-23 21:40:00,2.31079,2.31098,2.31034,2.31097,225
2025-12-23 21:45:00,2.31096,2.31096,2.31031,2.31058,225
2025-12-23 21:50:00,2.31055,2.31113,2.31021,2.31041,290
2025-12-23 21:55:00,2.31039,2.31136,2.31035,2.3112500000000002,306
2025-12-23 22:00:00,2.31124,2.31205,2.31098,2.31157,310
2025-12-23 22:05:00,2.31176,2.312,2.31141,2.31187,196
2025-12-23 22:10:00,2.3118600000000002,2.31195,2.31129,2.31149,203
2025-12-23 22:15:00,2.31148,2.31187,2.3112,2.31136,211
2025-12-23 22:20:00,2.31136,2.31207,2.31136,2.31204,195
2025-12-23 22:25:00,2.31206,2.31209,2.31145,2.31152,184
2025-12-23 22:30:00,2.31153,2.31211,2.31152,2.31176,189
2025-12-23 22:35:00,2.31177,2.31222,2.3116,2.31166,232
2025-12-23 22:40:00,2.31169,2.31213,2.31155,2.3119899999999998,142
2025-12-23 22:45:00,2.31198,2.31198,2.3113099999999998,2.31146,165
2025-12-23 22:50:00,2.31148,2.31195,2.3112,2.3112500000000002,207
2025-12-23 22:55:00,2.31129,2.3119899999999998,2.31122,2.31167,271
2025-12-23 23:00:00,2.31094,2.31142,2.31082,2.31103,161
2025-12-23 23:05:00,2.31102,2.31157,2.31087,2.31121,143
2025-12-23 23:10:00,2.31124,2.31176,2.3112,2.31134,123
2025-12-23 23:15:00,2.31135,2.3117900000000002,2.31102,2.31114,136
2025-12-23 23:20:00,2.31115,2.31166,2.31084,2.31166,116
2025-12-23 23:25:00,2.31169,2.31193,2.3111,2.31193,113
2025-12-23 23:30:00,2.3119,2.31256,2.31187,2.3119899999999998,174
2025-12-23 23:35:00,2.31197,2.31304,2.31183,2.31302,133
2025-12-23 23:40:00,2.31303,2.31351,2.31271,2.3134,121
2025-12-23 23:45:00,2.3134,2.31343,2.31269,2.31313,118
2025-12-23 23:50:00,2.31316,2.314,2.3131,2.31393,211
2025-12-23 23:55:00,2.31447,2.31458,2.31168,2.31178,233
2025-12-24 00:00:00,2.30968,2.31428,2.30956,2.3113099999999998,11
2025-12-24 00:05:00,2.31418,2.31418,2.31012,2.31092,208
2025-12-24 00:10:00,2.31094,2.31302,2.31054,2.31184,208
2025-12-24 00:15:00,2.31283,2.31465,2.31283,2.31427,221
2025-12-24 00:20:00,2.31424,2.31463,2.313,2.31418,256
2025-12-24 00:25:00,2.31415,2.31451,2.31264,2.31444,224
2025-12-24 00:30:00,2.31432,2.31432,2.31315,2.31322,139
2025-12-24 00:35:00,2.31323,2.31353,2.31294,2.31335,221
2025-12-24 00:40:00,2.31336,2.31339,2.31281,2.31313,191
2025-12-24 00:45:00,2.31311,2.31347,2.31285,2.31317,86
2025-12-24 00:50:00,2.31316,2.31346,2.3130100000000002,2.3132099999999998,139
2025-12-24 00:55:00,2.31322,2.31328,2.31261,2.31274,162
2025-12-24 01:00:00,2.31359,2.3143000000000002,2.313,2.31426,336
2025-12-24 01:05:00,2.31425,2.31467,2.31309,2.31335,179
2025-12-24 01:10:00,2.31345,2.31373,2.31304,2.3130800000000002,107
2025-12-24 01:15:00,2.31309,2.31361,2.31307,2.31324,143
2025-12-24 01:20:00,2.31322,2.31352,2.31279,2.31306,140
2025-12-24 01:25:00,2.31326,2.31328,2.31221,2.31256,307
2025-12-24 01:30:00,2.31254,2.31296,2.31193,2.31294,152
2025-12-24 01:35:00,2.31295,2.31339,2.31266,2.31332,80
2025-12-24 01:40:00,2.3133,2.31339,2.3127,2.31304,108
2025-12-24 01:45:00,2.31306,2.31311,2.3128,2.31286,91
2025-12-24 01:50:00,2.31287,2.31326,2.31258,2.31326,93
2025-12-24 01:55:00,2.31325,2.31325,2.31246,2.3124700000000002,102
2025-12-24 02:00:00,2.31249,2.31285,2.31194,2.31233,328
2025-12-24 02:05:00,2.31234,2.31297,2.31224,2.31234,276
2025-12-24 02:10:00,2.31233,2.31306,2.31231,2.31267,210
2025-12-24 02:15:00,2.31269,2.31327,2.31265,2.31319,179
2025-12-24 02:20:00,2.31317,2.31327,2.3125,2.3130800000000002,183
2025-12-24 02:25:00,2.3130800000000002,2.31331,2.31237,2.31288,198
2025-12-24 02:30:00,2.31287,2.31373,2.31236,2.31338,230
2025-12-24 02:35:00,2.31337,2.31384,2.31272,2.31328,216
2025-12-24 02:40:00,2.31331,2.31341,2.31283,2.31309,205
2025-12-24 02:45:00,2.31309,2.3136900000000002,2.31309,2.31341,141
2025-12-24 02:50:00,2.3134,2.31452,2.31313,2.31447,194
2025-12-24 02:55:00,2.31446,2.31446,2.31339,2.3135,226
2025-12-24 03:00:00,2.31349,2.31505,2.31332,2.31453,271
2025-12-24 03:05:00,2.31455,2.31497,2.31419,2.31458,185
2025-12-24 03:10:00,2.31458,2.31486,2.31379,2.31386,191
2025-12-24 03:15:00,2.3138199999999998,2.31397,2.31339,2.31353,265
2025-12-24 03:20:00,2.31352,2.31399,2.31284,2.31368,208
2025-12-24 03:25:00,2.31368,2.31426,2.3131399999999998,2.31388,310
2025-12-24 03:30:00,2.31387,2.31488,2.3138199999999998,2.31472,306
2025-12-24 03:35:00,2.31453,2.31469,2.31379,2.31431,274
2025-12-24 03:40:00,2.31435,2.3148,2.31365,2.31432,321
2025-12-24 03:45:00,2.31431,2.31486,2.3132,2.31351,276
2025-12-24 03:50:00,2.31353,2.31413,2.31341,2.31343,226
2025-12-24 03:55:00,2.31342,2.31403,2.31274,2.3131399999999998,210
2025-12-24 04:00:00,2.31315,2.31346,2.31245,2.31328,256
2025-12-24 04:05:00,2.31324,2.31349,2.31235,2.31295,278
2025-12-24 04:10:00,2.31296,2.3132,2.31215,2.31263,240
2025-12-24 04:15:00,2.31263,2.31279,2.31207,2.31245,261
2025-12-24 04:20:00,2.31244,2.3129,2.31158,2.31207,229
2025-12-24 04:25:00,2.31206,2.31284,2.3117900000000002,2.31208,175
2025-12-24 04:30:00,2.31207,2.31271,2.31202,2.31269,216
2025-12-24 04:35:00,2.31268,2.31284,2.31194,2.31202,183
2025-12-24 04:40:00,2.3119899999999998,2.31239,2.3117,2.31218,170
2025-12-24 04:45:00,2.31212,2.31264,2.31204,2.31214,169
2025-12-24 04:50:00,2.31213,2.31242,2.31165,2.31242,159
2025-12-24 04:55:00,2.31243,2.3132099999999998,2.31228,2.31318,233
2025-12-24 05:00:00,2.31313,2.31352,2.31245,2.31287,302
2025-12-24 05:05:00,2.31287,2.31366,2.31262,2.31357,244
2025-12-24 05:10:00,2.31358,2.31411,2.31318,2.31397,233
2025-12-24 05:15:00,2.31383,2.31426,2.31334,2.31356,238
2025-12-24 05:20:00,2.31359,2.31414,2.31302,2.3133,236
2025-12-24 05:25:00,2.31328,2.31391,2.31328,2.3133,216
2025-12-24 05:30:00,2.31331,2.31429,2.31309,2.31397,195
2025-12-24 05:35:00,2.31397,2.31406,2.31316,2.31328,140
2025-12-24 05:40:00,2.31327,2.31387,2.31305,2.31359,176
2025-12-24 05:45:00,2.31365,2.3139,2.3130800000000002,2.31337,134
2025-12-24 05:50:00,2.31364,2.31415,2.3135,2.31371,133
2025-12-24 05:55:00,2.31413,2.31431,2.31357,2.31378,159
2025-12-24 06:00:00,2.31381,2.31435,2.31302,2.31309,183
2025-12-24 06:05:00,2.3131,2.31404,2.3131,2.31347,89
2025-12-24 06:10:00,2.31347,2.31402,2.31337,2.31344,133
2025-12-24 06:15:00,2.31343,2.31393,2.31296,2.3135,119
2025-12-24 06:20:00,2.31349,2.31352,2.31228,2.31258,157
2025-12-24 06:25:00,2.31264,2.3137,2.31257,2.31322,151
2025-12-24 06:30:00,2.31322,2.31351,2.31257,2.31343,130
2025-12-24 06:35:00,2.31341,2.31346,2.31281,2.31342,121
2025-12-24 06:40:00,2.31341,2.31351,2.31263,2.31303,160
2025-12-24 06:45:00,2.31304,2.31367,2.31303,2.31365,140
2025-12-24 06:50:00,2.31366,2.31371,2.31309,2.3131399999999998,159
2025-12-24 06:55:00,2.31315,2.31385,2.3130100000000002,2.3134,194
2025-12-24 07:00:00,2.3134,2.31386,2.3129,2.3129,161
2025-12-24 07:05:00,2.31291,2.31346,2.31278,2.31335,150
2025-12-24 07:10:00,2.31336,2.31356,2.31268,2.31271,152
2025-12-24 07:15:00,2.31272,2.31294,2.31219,2.31272,134
2025-12-24 07:20:00,2.31271,2.3130800000000002,2.3123,2.31233,146
2025-12-24 07:25:00,2.31234,2.31276,2.31208,2.3124000000000002,84
2025-12-24 07:30:00,2.31236,2.31297,2.3119899999999998,2.31251,190
2025-12-24 07:35:00,2.3125299999999998,2.31318,2.31243,2.31258,143
2025-12-24 07:40:00,2.31258,2.3134,2.31257,2.31293,151
2025-12-24 07:45:00,2.31297,2.31367,2.31291,2.31346,175
2025-12-24 07:50:00,2.31346,2.31371,2.31307,2.31344,152
2025-12-24 07:55:00,2.31342,2.31363,2.31264,2.31302,193
2025-12-24 08:00:00,2.313,2.31327,2.31237,2.31246,253
2025-12-24 08:05:00,2.31246,2.31357,2.31246,2.31306,176
2025-12-24 08:10:00,2.31306,2.31341,2.31258,2.31275,151
2025-12-24 08:15:00,2.31272,2.31336,2.31258,2.31262,175
2025-12-24 08:20:00,2.31271,2.3129,2.31232,2.3129,189
2025-12-24 08:25:00,2.31291,2.31291,2.31207,2.31278,240
2025-12-24 08:30:00,2.31284,2.31323,2.31239,2.31285,184
2025-12-24 08:35:00,2.31284,2.31305,2.31238,2.31263,171
2025-12-24 08:40:00,2.31266,2.31303,2.31198,2.31207,209
2025-12-24 08:45:00,2.31205,2.31296,2.3119199999999998,2.31234,207
2025-12-24 08:50:00,2.31233,2.3132099999999998,2.31228,2.31259,194
2025-12-24 08:55:00,2.3125999999999998,2.313,2.3123,2.31245,245
2025-12-24 09:00:00,2.31248,2.31298,2.31209,2.31255,284
2025-12-24 09:05:00,2.31254,2.31307,2.31222,2.31222,281
2025-12-24 09:10:00,2.31224,2.31287,2.31219,2.31279,230
2025-12-24 09:15:00,2.3128,2.31398,2.31236,2.31328,218
2025-12-24 09:20:00,2.31329,2.31377,2.31295,2.31331,246
2025-12-24 09:25:00,2.31334,2.31334,2.31193,2.31196,272
2025-12-24 09:30:00,2.31195,2.31212,2.31117,2.31156,237
2025-12-24 09:35:00,2.31156,2.3118,2.31088,2.31133,206
2025-12-24 09:40:00,2.31134,2.31168,2.31073,2.31108,225
2025-12-24 09:45:00,2.31103,2.31133,2.31065,2.31119,255
2025-12-24 09:50:00,2.31119,2.3112,2.31055,2.31074,225
2025-12-24 09:55:00,2.31075,2.3119199999999998,2.31061,2.3119,343
2025-12-24 10:00:00,2.3119199999999998,2.31216,2.31094,2.31104,458
2025-12-24 10:05:00,2.31102,2.3119,2.3107699999999998,2.3111800000000002,388
2025-12-24 10:10:00,2.31116,2.31302,2.31116,2.3128,379
2025-12-24 10:15:00,2.31282,2.31309,2.31221,2.31236,376
2025-12-24 10:20:00,2.31235,2.3129,2.31133,2.3113799999999998,279
2025-12-24 10:25:00,2.3117900000000002,2.31287,2.3114,2.31254,268
2025-12-24 10:30:00,2.3125299999999998,2.31298,2.31212,2.31279,269
2025-12-24 10:35:00,2.31281,2.3130800000000002,2.31238,2.31251,264
2025-12-24 10:40:00,2.31252,2.31313,2.31243,2.31271,245
2025-12-24 10:45:00,2.31273,2.31351,2.31257,2.31281,261
2025-12-24 10:50:00,2.31281,2.3133,2.3122,2.31277,266
2025-12-24 10:55:00,2.31277,2.313,2.31195,2.31251,319
2025-12-24 11:00:00,2.31251,2.3130800000000002,2.31234,2.3125,290
2025-12-24 11:05:00,2.3124700000000002,2.3134,2.31228,2.31288,271
2025-12-24 11:10:00,2.31285,2.3139,2.31285,2.31384,215
2025-12-24 11:15:00,2.31343,2.31403,2.31302,2.31366,257
2025-12-24 11:20:00,2.3136,2.31392,2.3130100000000002,2.31349,221
2025-12-24 11:25:00,2.31338,2.31408,2.31332,2.31407,238
2025-12-24 11:30:00,2.31405,2.31428,2.31364,2.31422,215
2025-12-24 11:35:00,2.31422,2.31438,2.31352,2.31358,174
2025-12-24 11:40:00,2.31353,2.3141,2.31344,2.31372,212
2025-12-24 11:45:00,2.31371,2.31407,2.31339,2.31368,213
2025-12-24 11:50:00,2.3137,2.31387,2.31305,2.31357,221
2025-12-24 11:55:00,2.3136,2.3136,2.31211,2.31285,277
2025-12-24 12:00:00,2.31283,2.31287,2.31195,2.31237,289
2025-12-24 12:05:00,2.31236,2.31317,2.31236,2.31309,227
2025-12-24 12:10:00,2.31311,2.31322,2.31214,2.31248,243
2025-12-24 12:15:00,2.31249,2.31326,2.31241,2.3128,242
2025-12-24 12:20:00,2.31282,2.31331,2.3127,2.31317,246
2025-12-24 12:25:00,2.31277,2.3132,2.31236,2.31257,174
2025-12-24 12:30:00,2.31258,2.3132,2.31232,2.31304,236
2025-12-24 12:35:00,2.31266,2.31309,2.31213,2.31256,224
2025-12-24 12:40:00,2.31254,2.31265,2.31194,2.31234,216
2025-12-24 12:45:00,2.31233,2.31302,2.3118600000000002,2.31246,279
2025-12-24 12:50:00,2.31244,2.31292,2.3118,2.3118,220
2025-12-24 12:55:00,2.31178,2.31208,2.31141,2.31176,202
2025-12-24 13:00:00,2.31177,2.31237,2.31162,2.3118,291
2025-12-24 13:05:00,2.3117900000000002,2.3125299999999998,2.31167,2.3124700000000002,297
2025-12-24 13:10:00,2.31249,2.31255,2.31158,2.31223,291
2025-12-24 13:15:00,2.31221,2.31237,2.31166,2.31222,243
2025-12-24 13:20:00,2.31221,2.31264,2.31174,2.31252,211
2025-12-24 13:25:00,2.3125299999999998,2.31258,2.31162,2.31205,275
2025-12-24 13:30:00,2.31204,2.31222,2.3113099999999998,2.31154,230
2025-12-24 13:35:00,2.31151,2.31201,2.3112500000000002,2.31162,254
2025-12-24 13:40:00,2.31161,2.3121,2.31155,2.31191,231
2025-12-24 13:45:00,2.3119,2.31211,2.3116,2.3118,204
2025-12-24 13:50:00,2.3117900000000002,2.3129,2.31174,2.31236,243
2025-12-24 13:55:00,2.31237,2.3131399999999998,2.31215,2.3127,249
2025-12-24 14:00:00,2.31272,2.31324,2.31204,2.31245,260
2025-12-24 14:05:00,2.3124700000000002,2.31283,2.31161,2.31161,249
2025-12-24 14:10:00,2.31163,2.31216,2.31136,2.31137,247
2025-12-24 14:15:00,2.31136,2.31238,2.31129,2.31218,214
2025-12-24 14:20:00,2.31219,2.3122,2.31123,2.31143,280
2025-12-24 14:25:00,2.3114,2.31238,2.31139,2.31233,210
2025-12-24 14:30:00,2.31232,2.31305,2.3117,2.31265,222
2025-12-24 14:35:00,2.31266,2.31331,2.31266,2.31294,298
2025-12-24 14:40:00,2.31292,2.3138,2.31291,2.31368,271
2025-12-24 14:45:00,2.3136900000000002,2.3143599999999998,2.31312,2.31424,224
2025-12-24 14:50:00,2.31425,2.31462,2.31386,2.31396,263
2025-12-24 14:55:00,2.31397,2.31458,2.3129,2.31352,384
2025-12-24 15:00:00,2.3135,2.31388,2.31302,2.31366,400
2025-12-24 15:05:00,2.31368,2.31409,2.31319,2.31359,375
2025-12-24 15:10:00,2.3136,2.31402,2.31306,2.31363,328
2025-12-24 15:15:00,2.31366,2.31432,2.31338,2.3139,358
2025-12-24 15:20:00,2.31393,2.31425,2.31311,2.3137,326
2025-12-24 15:25:00,2.31372,2.31412,2.31269,2.31269,312
2025-12-24 15:30:00,2.31277,2.31432,2.31268,2.3132099999999998,364
2025-12-24 15:35:00,2.31337,2.3141,2.31326,2.31347,382
2025-12-24 15:40:00,2.31346,2.3138,2.31305,2.3134,313
2025-12-24 15:45:00,2.3134,2.3142300000000002,2.3130800000000002,2.31404,296
2025-12-24 15:50:00,2.31405,2.31446,2.3136200000000002,2.31421,290
2025-12-24 15:55:00,2.3142,2.31421,2.31316,2.31333,293
2025-12-24 16:00:00,2.31332,2.31427,2.31332,2.31365,308
2025-12-24 16:05:00,2.31365,2.31409,2.31302,2.31353,337
2025-12-24 16:10:00,2.31353,2.3142300000000002,2.31325,2.31366,272
2025-12-24 16:15:00,2.31364,2.31407,2.31319,2.31348,254
2025-12-24 16:20:00,2.3135,2.31405,2.31317,2.3134,266
2025-12-24 16:25:00,2.31342,2.31378,2.31307,2.31329,274
2025-12-24 16:30:00,2.31327,2.3136,2.3124700000000002,2.31261,396
2025-12-24 16:35:00,2.31274,2.31468,2.3125999999999998,2.3143000000000002,432
2025-12-24 16:40:00,2.3143599999999998,2.31454,2.31294,2.31385,402
2025-12-24 16:45:00,2.31384,2.31384,2.31233,2.31346,347
2025-12-24 16:50:00,2.31345,2.31355,2.3118600000000002,2.31205,456
2025-12-24 16:55:00,2.31206,2.3128,2.31173,2.31178,449
2025-12-24 17:00:00,2.3118,2.31272,2.31128,2.31132,456
2025-12-24 17:05:00,2.31129,2.31238,2.3111,2.31233,375
2025-12-24 17:10:00,2.31228,2.31233,2.31116,2.3113,354
2025-12-24 17:15:00,2.31128,2.31206,2.31121,2.31188,374
2025-12-24 17:20:00,2.31187,2.31236,2.31143,2.31164,353
2025-12-24 17:25:00,2.31162,2.31215,2.31128,2.31212,347
2025-12-24 17:30:00,2.31213,2.3132099999999998,2.3119,2.31283,372
2025-12-24 17:35:00,2.31285,2.31372,2.3124700000000002,2.31302,366
2025-12-24 17:40:00,2.31303,2.31412,2.31303,2.31386,314
2025-12-24 17:45:00,2.3138199999999998,2.31439,2.31353,2.31399,338
2025-12-24 17:50:00,2.314,2.3150399999999998,2.31397,2.31447,368
2025-12-24 17:55:00,2.31446,2.31523,2.31376,2.31432,487
2025-12-24 18:00:00,2.31431,2.31433,2.31219,2.31224,489
2025-12-24 18:05:00,2.31225,2.31293,2.31172,2.31173,379
2025-12-24 18:10:00,2.31171,2.31239,2.31158,2.31226,336
2025-12-24 18:15:00,2.3124000000000002,2.31295,2.31217,2.31287,341
2025-12-24 18:20:00,2.31285,2.31335,2.31245,2.31322,268
2025-12-24 18:25:00,2.31331,2.31387,2.31293,2.31347,282
2025-12-24 18:30:00,2.31333,2.31449,2.31318,2.31442,283
2025-12-24 18:35:00,2.3144299999999998,2.31478,2.31376,2.3138199999999998,284
2025-12-24 18:40:00,2.31378,2.31459,2.31341,2.31374,274
2025-12-24 18:45:00,2.3137499999999998,2.3149,2.3137499999999998,2.31415,256
2025-12-24 18:50:00,2.3141,2.31472,2.31336,2.31351,252
2025-12-24 18:55:00,2.31391,2.31414,2.31319,2.31403,298
2025-12-24 19:00:00,2.31401,2.31402,2.31324,2.31384,327
2025-12-24 19:05:00,2.31383,2.31405,2.3133,2.3136,256
2025-12-24 19:10:00,2.31359,2.31412,2.31346,2.31396,236
2025-12-24 19:15:00,2.31395,2.31403,2.3135,2.31394,214
2025-12-24 19:20:00,2.31394,2.3142300000000002,2.31355,2.31414,211
2025-12-24 19:25:00,2.31413,2.31415,2.31346,2.31404,211
2025-12-24 19:30:00,2.31408,2.31434,2.3135,2.31398,240
2025-12-24 19:35:00,2.314,2.3146,2.3139,2.31456,224
2025-12-24 19:40:00,2.31459,2.3146,2.31341,2.31345,346
2025-12-24 19:45:00,2.31343,2.31394,2.31319,2.31344,191
2025-12-24 19:50:00,2.31343,2.31428,2.31341,2.31374,224
2025-12-24 19:55:00,2.31378,2.31415,2.31283,2.3135,348
2025-12-24 20:00:00,2.31319,2.3137499999999998,2.31268,2.31353,239
2025-12-24 20:05:00,2.3136,2.31499,2.31323,2.3142,413
2025-12-24 20:10:00,2.31416,2.31488,2.31344,2.3137499999999998,374
2025-12-24 20:15:00,2.3137,2.31376,2.31294,2.31343,438
2025-12-24 20:20:00,2.31344,2.31354,2.31296,2.31324,470
2025-12-24 20:25:00,2.31323,2.31383,2.31304,2.31342,345
2025-12-24 20:30:00,2.31337,2.31393,2.31328,2.31365,446
2025-12-24 20:35:00,2.31367,2.31505,2.31331,2.3145,462
2025-12-24 20:40:00,2.31466,2.31502,2.31368,2.31411,416
2025-12-24 20:45:00,2.3141,2.31417,2.31278,2.31319,288
2025-12-24 20:50:00,2.3132,2.31326,2.31243,2.31306,319
2025-12-24 20:55:00,2.3130800000000002,2.31317,2.31254,2.3131399999999998,237
2025-12-24 21:00:00,2.31317,2.31338,2.31286,2.31328,184
2025-12-24 21:05:00,2.31329,2.31333,2.31263,2.31291,329
2025-12-24 21:10:00,2.3129,2.31312,2.31261,2.31267,329
2025-12-24 21:15:00,2.31265,2.31293,2.31252,2.31255,281
2025-12-24 21:20:00,2.3125999999999998,2.31316,2.31257,2.31296,351
2025-12-24 21:25:00,2.31297,2.31323,2.31265,2.31268,345
2025-12-24 21:30:00,2.3127,2.31356,2.31266,2.31306,632
2025-12-24 21:35:00,2.3130800000000002,2.31322,2.31268,2.3130100000000002,505
2025-12-24 21:40:00,2.31302,2.31328,2.31263,2.31312,512
2025-12-24 21:45:00,2.3132,2.31329,2.31259,2.31279,407
2025-12-24 21:50:00,2.31278,2.31297,2.31271,2.31293,387
2025-12-24 21:55:00,2.31288,2.31325,2.31265,2.31312,435
2025-12-24 22:00:00,2.31307,2.31361,2.31265,2.313,759
2025-12-24 22:05:00,2.31294,2.3136,2.31272,2.31324,647
2025-12-24 22:10:00,2.3132099999999998,2.31361,2.31288,2.31288,388
2025-12-24 22:15:00,2.3129,2.31335,2.31286,2.31318,435
2025-12-24 22:20:00,2.31315,2.31337,2.31284,2.31298,460
2025-12-24 22:25:00,2.31303,2.3134,2.31273,2.31327,414
2025-12-24 22:30:00,2.31328,2.31353,2.31299,2.31299,380
2025-12-24 22:35:00,2.31299,2.31358,2.31293,2.31333,372
2025-12-24 22:40:00,2.31331,2.31359,2.31306,2.31328,254
2025-12-24 22:45:00,2.31329,2.31367,2.31285,2.3130800000000002,432
2025-12-24 22:50:00,2.31307,2.3134,2.31293,2.31317,400
2025-12-24 22:55:00,2.31319,2.31359,2.31297,2.31355,507
2025-12-24 23:00:00,2.31309,2.31309,2.31228,2.31277,343
2025-12-24 23:05:00,2.31276,2.31279,2.3123,2.31242,408
2025-12-24 23:10:00,2.31238,2.3127,2.31231,2.31268,416
2025-12-24 23:15:00,2.31269,2.31292,2.3123,2.3123,292
2025-12-24 23:20:00,2.31228,2.31295,2.31228,2.31284,273
2025-12-24 23:25:00,2.31288,2.31295,2.31254,2.31264,260
2025-12-24 23:30:00,2.31268,2.31398,2.31262,2.31329,433
2025-12-24 23:35:00,2.31327,2.31354,2.31312,2.31345,262
2025-12-24 23:40:00,2.31339,2.31353,2.31306,2.31313,339
2025-12-24 23:45:00,2.31315,2.3136,2.31315,2.31333,210
2025-12-24 23:50:00,2.31333,2.3138,2.31278,2.3131,286
2025-12-24 23:55:00,2.31333,2.31333,2.31226,2.3131,235
2025-12-29 00:00:00,2.31185,2.31252,2.31185,2.31239,6
2025-12-29 00:05:00,2.31252,2.31303,2.31252,2.31285,101
2025-12-29 00:10:00,2.31285,2.3131,2.3125,2.3131,288
2025-12-29 00:15:00,2.3131,2.31507,2.31295,2.31467,157
2025-12-29 00:20:00,2.31507,2.31507,2.3121,2.31331,221
2025-12-29 00:25:00,2.31291,2.31455,2.31289,2.31454,175
2025-12-29 00:30:00,2.31455,2.31539,2.31429,2.31529,116
2025-12-29 00:35:00,2.31528,2.31559,2.31501,2.31543,57
2025-12-29 00:40:00,2.31542,2.31555,2.31456,2.31522,71
2025-12-29 00:45:00,2.31518,2.31543,2.31344,2.31523,49
2025-12-29 00:50:00,2.31526,2.31543,2.31479,2.31493,30
2025-12-29 00:55:00,2.31497,2.31541,2.31241,2.31444,196
2025-12-29 01:00:00,2.31488,2.31526,2.31401,2.31497,412
2025-12-29 01:05:00,2.31469,2.31508,2.31371,2.31439,266
2025-12-29 01:10:00,2.31448,2.31543,2.31448,2.31493,153
2025-12-29 01:15:00,2.31492,2.31594,2.31455,2.31592,573
2025-12-29 01:20:00,2.31591,2.31662,2.31542,2.31651,411
2025-12-29 01:25:00,2.3165,2.31679,2.31585,2.31587,262
2025-12-29 01:30:00,2.31586,2.31662,2.3157,2.3161300000000002,217
2025-12-29 01:35:00,2.31614,2.31658,2.31609,2.31616,110
2025-12-29 01:40:00,2.31617,2.3167400000000002,2.31614,2.31642,108
2025-12-29 01:45:00,2.3164,2.31693,2.31615,2.3169,180
2025-12-29 01:50:00,2.31688,2.3169399999999998,2.31631,2.31635,139
2025-12-29 01:55:00,2.31632,2.3167,2.31622,2.31635,146
2025-12-29 02:00:00,2.31637,2.3175499999999998,2.31636,2.31721,316
2025-12-29 02:05:00,2.31719,2.31719,2.31635,2.31688,248
2025-12-29 02:10:00,2.31689,2.31698,2.31588,2.31601,214
2025-12-29 02:15:00,2.31603,2.31673,2.31581,2.31585,203
2025-12-29 02:20:00,2.31583,2.31625,2.3153,2.3153,261
2025-12-29 02:25:00,2.31532,2.31577,2.31488,2.3156499999999998,239
2025-12-29 02:30:00,2.3156499999999998,2.31609,2.31498,2.3155200000000002,276
2025-12-29 02:35:00,2.31551,2.31578,2.31503,2.31525,281
2025-12-29 02:40:00,2.31524,2.31542,2.31464,2.31495,256
2025-12-29 02:45:00,2.31497,2.31583,2.31487,2.31564,279
2025-12-29 02:50:00,2.31544,2.3174,2.31538,2.31724,351
2025-12-29 02:55:00,2.31731,2.31805,2.31668,2.31786,340
2025-12-29 03:00:00,2.31787,2.31824,2.3174,2.31808,461
2025-12-29 03:05:00,2.31812,2.31813,2.31707,2.31793,285
2025-12-29 03:10:00,2.318,2.31818,2.31697,2.317,332
2025-12-29 03:15:00,2.31699,2.31756,2.31641,2.3174,303
2025-12-29 03:20:00,2.31738,2.31742,2.31665,2.31678,307
2025-12-29 03:25:00,2.31676,2.31795,2.31673,2.31786,312
2025-12-29 03:30:00,2.31787,2.31813,2.31732,2.31772,265
2025-12-29 03:35:00,2.31791,2.31791,2.3167400000000002,2.31684,314
2025-12-29 03:40:00,2.31683,2.31729,2.3164,2.31657,307
2025-12-29 03:45:00,2.31656,2.3173,2.31642,2.31707,266
2025-12-29 03:50:00,2.31708,2.31761,2.3167,2.31736,249
2025-12-29 03:55:00,2.3173500000000002,2.31774,2.31712,2.31717,294
2025-12-29 04:00:00,2.31716,2.31721,2.31644,2.31671,295
2025-12-29 04:05:00,2.3167,2.31703,2.31633,2.3168,272
2025-12-29 04:10:00,2.31681,2.3172800000000002,2.31638,2.31693,285
2025-12-29 04:15:00,2.31697,2.31774,2.31679,2.31725,277
2025-12-29 04:20:00,2.31726,2.31762,2.31653,2.31714,257
2025-12-29 04:25:00,2.31715,2.31785,2.31668,2.31759,258
2025-12-29 04:30:00,2.3176,2.31772,2.31693,2.31726,290
2025-12-29 04:35:00,2.31724,2.31763,2.31688,2.31714,241
2025-12-29 04:40:00,2.31715,2.3172,2.31633,2.31662,231
2025-12-29 04:45:00,2.31664,2.31709,2.31602,2.31616,286
2025-12-29 04:50:00,2.31615,2.31625,2.31515,2.31571,165
2025-12-29 04:55:00,2.31573,2.3164,2.31529,2.31617,235
2025-12-29 05:00:00,2.31617,2.31678,2.31591,2.31625,215
2025-12-29 05:05:00,2.3162599999999998,2.3162599999999998,2.31548,2.31585,202
2025-12-29 05:10:00,2.31586,2.317,2.31551,2.317,225
2025-12-29 05:15:00,2.31701,2.31701,2.31633,2.31644,165
2025-12-29 05:20:00,2.31641,2.31721,2.31636,2.3167400000000002,231
2025-12-29 05:25:00,2.31669,2.31707,2.31635,2.31659,237
2025-12-29 05:30:00,2.31661,2.31665,2.31594,2.31623,179
2025-12-29 05:35:00,2.31638,2.3165,2.31579,2.31644,182
2025-12-29 05:40:00,2.31643,2.31646,2.31575,2.31596,166
2025-12-29 05:45:00,2.31595,2.31634,2.31563,2.31594,150
2025-12-29 05:50:00,2.31596,2.3166700000000002,2.31596,2.31652,178
2025-12-29 05:55:00,2.31651,2.3168,2.31616,2.31646,170
2025-12-29 06:00:00,2.31648,2.31699,2.3160600000000002,2.31628,252
2025-12-29 06:05:00,2.31627,2.3167,2.31496,2.31499,198
2025-12-29 06:10:00,2.31499,2.31524,2.31464,2.31508,132
2025-12-29 06:15:00,2.31509,2.3154,2.31455,2.31514,162
2025-12-29 06:20:00,2.3152,2.31551,2.3149100000000002,2.31516,156
2025-12-29 06:25:00,2.31515,2.31558,2.31483,2.31555,178
2025-12-29 06:30:00,2.31557,2.31631,2.31507,2.31586,163
2025-12-29 06:35:00,2.31585,2.31657,2.3157,2.31602,186
2025-12-29 06:40:00,2.31601,2.31645,2.31594,2.31629,183
2025-12-29 06:45:00,2.31629,2.31652,2.31574,2.31575,170
2025-12-29 06:50:00,2.31572,2.31617,2.31555,2.31575,165
2025-12-29 06:55:00,2.31536,2.31647,2.31533,2.31642,209
2025-12-29 07:00:00,2.31639,2.31726,2.31595,2.31653,231
2025-12-29 07:05:00,2.3169399999999998,2.31715,2.3162599999999998,2.31697,242
2025-12-29 07:10:00,2.31699,2.31707,2.31589,2.31597,236
2025-12-29 07:15:00,2.31596,2.31703,2.31596,2.31697,217
2025-12-29 07:20:00,2.31701,2.31718,2.31644,2.31659,182
2025-12-29 07:25:00,2.3166,2.31676,2.31596,2.31597,212
2025-12-29 07:30:00,2.31598,2.31663,2.31598,2.3166,253
2025-12-29 07:35:00,2.31661,2.31672,2.31603,2.31625,239
2025-12-29 07:40:00,2.3162599999999998,2.31761,2.31625,2.3176,236
2025-12-29 07:45:00,2.3176,2.31797,2.317,2.31739,212
2025-12-29 07:50:00,2.31739,2.3181599999999998,2.31736,2.3179600000000002,154
2025-12-29 07:55:00,2.31792,2.31818,2.31714,2.31818,254
2025-12-29 08:00:00,2.31818,2.31852,2.31772,2.31817,299
2025-12-29 08:05:00,2.31808,2.3181,2.31734,2.31787,275
2025-12-29 08:10:00,2.3178900000000002,2.31844,2.31745,2.31844,236
2025-12-29 08:15:00,2.31843,2.31889,2.31747,2.31773,283
2025-12-29 08:20:00,2.31773,2.31815,2.3171,2.31814,255
2025-12-29 08:25:00,2.3181599999999998,2.31853,2.31768,2.31829,267
2025-12-29 08:30:00,2.31835,2.31887,2.31781,2.31837,337
2025-12-29 08:35:00,2.31834,2.31885,2.31778,2.31851,283
2025-12-29 08:40:00,2.31848,2.31944,2.3181,2.31902,275
2025-12-29 08:45:00,2.319,2.31965,2.31879,2.31912,301
2025-12-29 08:50:00,2.3191100000000002,2.31964,2.31884,2.31902,256
2025-12-29 08:55:00,2.31903,2.31951,2.3188,2.31886,295
2025-12-29 09:00:00,2.31886,2.31944,2.31813,2.31832,448
2025-12-29 09:05:00,2.31833,2.3196,2.31822,2.31894,429
2025-12-29 09:10:00,2.31894,2.3191,2.31738,2.31832,300
2025-12-29 09:15:00,2.31831,2.3187699999999998,2.31771,2.31815,337
2025-12-29 09:20:00,2.31777,2.31794,2.31664,2.31702,340
2025-12-29 09:25:00,2.31701,2.31745,2.31595,2.31615,361
2025-12-29 09:30:00,2.31617,2.31665,2.31526,2.31533,317
2025-12-29 09:35:00,2.31573,2.31608,2.31511,2.31575,313
2025-12-29 09:40:00,2.31574,2.3173,2.31536,2.3173,317
2025-12-29 09:45:00,2.31732,2.31738,2.31654,2.31675,331
2025-12-29 09:50:00,2.31676,2.31778,2.3163,2.31721,313
2025-12-29 09:55:00,2.31721,2.31766,2.31624,2.31761,379
2025-12-29 10:00:00,2.31762,2.319,2.31697,2.31856,503
2025-12-29 10:05:00,2.31856,2.32105,2.31856,2.3209,427
2025-12-29 10:10:00,2.32089,2.3215500000000002,2.3203,2.32138,382
2025-12-29 10:15:00,2.32139,2.32145,2.32031,2.321,341
2025-12-29 10:20:00,2.32103,2.32112,2.31987,2.32032,335
2025-12-29 10:25:00,2.3203300000000002,2.32038,2.3193,2.3199199999999998,342
2025-12-29 10:30:00,2.31985,2.31988,2.31777,2.31825,356
2025-12-29 10:35:00,2.31824,2.31983,2.31788,2.31974,324
2025-12-29 10:40:00,2.31973,2.31973,2.31811,2.31883,379
2025-12-29 10:45:00,2.31881,2.3199,2.31861,2.31976,341
2025-12-29 10:50:00,2.31977,2.32087,2.31914,2.31981,413
2025-12-29 10:55:00,2.3198,2.32011,2.31814,2.31928,501
2025-12-29 11:00:00,2.31928,2.32088,2.31909,2.3208,481
2025-12-29 11:05:00,2.32079,2.32207,2.32044,2.32183,466
2025-12-29 11:10:00,2.32184,2.32244,2.32108,2.32128,407
2025-12-29 11:15:00,2.32126,2.32327,2.32115,2.32286,338
2025-12-29 11:20:00,2.32286,2.32394,2.32225,2.32263,366
2025-12-29 11:25:00,2.32264,2.32393,2.32224,2.32392,294
2025-12-29 11:30:00,2.32391,2.32429,2.32324,2.3234500000000002,466
2025-12-29 11:35:00,2.32347,2.32473,2.32329,2.32434,409
2025-12-29 11:40:00,2.3243,2.32455,2.3232,2.32366,423
2025-12-29 11:45:00,2.32367,2.32405,2.3229,2.32404,387
2025-12-29 11:50:00,2.32405,2.32416,2.32255,2.32328,359
2025-12-29 11:55:00,2.32332,2.32355,2.32258,2.32286,348
2025-12-29 12:00:00,2.32292,2.32296,2.32122,2.32267,345
2025-12-29 12:05:00,2.32268,2.32332,2.3224299999999998,2.32323,311
2025-12-29 12:10:00,2.32287,2.32414,2.32271,2.32355,295
2025-12-29 12:15:00,2.32354,2.32524,2.32336,2.3248699999999998,285
2025-12-29 12:20:00,2.32486,2.32525,2.3244,2.32453,295
2025-12-29 12:25:00,2.32454,2.32472,2.32412,2.32446,325
2025-12-29 12:30:00,2.32445,2.32493,2.32393,2.32398,324
2025-12-29 12:35:00,2.3239900000000002,2.32489,2.3239900000000002,2.3246700000000002,263
2025-12-29 12:40:00,2.32466,2.32569,2.32457,2.32552,321
2025-12-29 12:45:00,2.32553,2.32566,2.32479,2.32519,332
2025-12-29 12:50:00,2.3252,2.32554,2.32463,2.32527,316
2025-12-29 12:55:00,2.32525,2.32636,2.32493,2.32493,441
2025-12-29 13:00:00,2.32491,2.32613,2.32483,2.3260199999999998,428
2025-12-29 13:05:00,2.32561,2.3266999999999998,2.3254099999999998,2.32618,334
2025-12-29 13:10:00,2.32622,2.32646,2.32553,2.32607,326
2025-12-29 13:15:00,2.32606,2.32677,2.32573,2.32611,288
2025-12-29 13:20:00,2.32571,2.32611,2.32523,2.32544,334
2025-12-29 13:25:00,2.32545,2.3259,2.32508,2.32532,271
2025-12-29 13:30:00,2.32531,2.32716,2.3252,2.32716,334
2025-12-29 13:35:00,2.32717,2.32828,2.32681,2.32821,319
2025-12-29 13:40:00,2.3282,2.32887,2.32808,2.32814,353
2025-12-29 13:45:00,2.32815,2.32887,2.32744,2.3278499999999998,291
2025-12-29 13:50:00,2.32783,2.32801,2.32694,2.32722,286
2025-12-29 13:55:00,2.3272,2.3272,2.3257,2.32576,330
2025-12-29 14:00:00,2.32578,2.32643,2.3252800000000002,2.32593,509
2025-12-29 14:05:00,2.32591,2.32594,2.32474,2.32522,400
2025-12-29 14:10:00,2.32524,2.32597,2.32495,2.32536,326
2025-12-29 14:15:00,2.32536,2.32554,2.32475,2.32549,304
2025-12-29 14:20:00,2.32549,2.32591,2.32491,2.32556,370
2025-12-29 14:25:00,2.32557,2.32672,2.32501,2.32577,435
2025-12-29 14:30:00,2.32578,2.32635,2.32543,2.32571,386
2025-12-29 14:35:00,2.32611,2.32707,2.32569,2.32707,327
2025-12-29 14:40:00,2.3271100000000002,2.32738,2.32641,2.3272,346
2025-12-29 14:45:00,2.3272,2.32736,2.32633,2.3268,340
2025-12-29 14:50:00,2.32684,2.32727,2.32573,2.32603,328
2025-12-29 14:55:00,2.32604,2.32695,2.3257,2.3258,411
2025-12-29 15:00:00,2.3257,2.32677,2.32552,2.32588,574
2025-12-29 15:05:00,2.3258900000000002,2.32625,2.32524,2.32603,411
2025-12-29 15:10:00,2.32605,2.32692,2.3259,2.326,324
2025-12-29 15:15:00,2.3260199999999998,2.32665,2.32593,2.32618,338
2025-12-29 15:20:00,2.32613,2.32757,2.32606,2.32719,356
2025-12-29 15:25:00,2.3272,2.32767,2.32635,2.32636,391
2025-12-29 15:30:00,2.32631,2.32667,2.32584,2.32592,389
2025-12-29 15:35:00,2.32595,2.32638,2.32518,2.32621,338
2025-12-29 15:40:00,2.32623,2.3272399999999998,2.32587,2.3266999999999998,364
2025-12-29 15:45:00,2.32672,2.32804,2.32666,2.32804,333
2025-12-29 15:50:00,2.32802,2.32803,2.32647,2.32647,431
2025-12-29 15:55:00,2.3265000000000002,2.32716,2.32622,2.32681,406
2025-12-29 16:00:00,2.32682,2.32795,2.32675,2.32736,459
2025-12-29 16:05:00,2.32735,2.32824,2.32707,2.32803,432
2025-12-29 16:10:00,2.32804,2.32805,2.32666,2.32666,413
2025-12-29 16:15:00,2.3266999999999998,2.3275,2.32613,2.32626,377
2025-12-29 16:20:00,2.32624,2.32689,2.32613,2.32621,318
2025-12-29 16:25:00,2.32623,2.32676,2.3260199999999998,2.32653,388
2025-12-29 16:30:00,2.32611,2.32707,2.32489,2.32526,624
2025-12-29 16:35:00,2.32527,2.32573,2.32443,2.32531,514
2025-12-29 16:40:00,2.32531,2.32561,2.32386,2.32448,541
2025-12-29 16:45:00,2.32451,2.32599,2.32451,2.32547,561
2025-12-29 16:50:00,2.32549,2.32603,2.32503,2.3255,534
2025-12-29 16:55:00,2.32552,2.32641,2.3252,2.32529,406
2025-12-29 17:00:00,2.32521,2.32726,2.32521,2.32677,503
2025-12-29 17:05:00,2.32679,2.32758,2.32598,2.32677,547
2025-12-29 17:10:00,2.3268,2.32748,2.32644,2.32686,527
2025-12-29 17:15:00,2.32685,2.32751,2.32668,2.32698,509
2025-12-29 17:20:00,2.32696,2.3275,2.32615,2.32653,495
2025-12-29 17:25:00,2.32654,2.32672,2.32535,2.32542,477
2025-12-29 17:30:00,2.3254099999999998,2.32631,2.32499,2.3263,484
2025-12-29 17:35:00,2.32631,2.32708,2.32569,2.32695,561
2025-12-29 17:40:00,2.32696,2.32696,2.3247,2.32484,450
2025-12-29 17:45:00,2.32486,2.32632,2.32481,2.32555,535
2025-12-29 17:50:00,2.32559,2.3260899999999998,2.32433,2.325,621
2025-12-29 17:55:00,2.32505,2.32513,2.32285,2.32375,750
2025-12-29 18:00:00,2.32373,2.3243,2.32263,2.32417,626
2025-12-29 18:05:00,2.32418,2.32421,2.32288,2.32291,490
2025-12-29 18:10:00,2.3229,2.32359,2.32282,2.32339,438
2025-12-29 18:15:00,2.32342,2.32422,2.32326,2.3239900000000002,452
2025-12-29 18:20:00,2.324,2.3244,2.3234,2.32374,437
2025-12-29 18:25:00,2.32372,2.3242,2.32329,2.32387,438
2025-12-29 18:30:00,2.3239,2.3242,2.323,2.32379,526
2025-12-29 18:35:00,2.32378,2.32433,2.32348,2.32396,436
2025-12-29 18:40:00,2.32394,2.3244,2.32349,2.32401,405
2025-12-29 18:45:00,2.3239900000000002,2.32466,2.32384,2.32394,395
2025-12-29 18:50:00,2.32391,2.32458,2.32379,2.3239,409
2025-12-29 18:55:00,2.32389,2.32428,2.3232,2.32391,445
2025-12-29 19:00:00,2.32389,2.32433,2.32342,2.32408,422
2025-12-29 19:05:00,2.32408,2.32452,2.32361,2.32371,410
2025-12-29 19:10:00,2.32369,2.32407,2.32311,2.3235799999999998,369
2025-12-29 19:15:00,2.32355,2.32444,2.32344,2.32424,426
2025-12-29 19:20:00,2.32427,2.32448,2.32361,2.32412,377
2025-12-29 19:25:00,2.32411,2.32439,2.3237,2.32402,362
2025-12-29 19:30:00,2.32401,2.3244,2.32388,2.32401,283
2025-12-29 19:35:00,2.324,2.32417,2.32344,2.32373,291
2025-12-29 19:40:00,2.32374,2.32391,2.32313,2.3236,289
2025-12-29 19:45:00,2.3235799999999998,2.32378,2.3229699999999998,2.32372,296
2025-12-29 19:50:00,2.32371,2.32402,2.32321,2.32341,236
2025-12-29 19:55:00,2.32342,2.32391,2.3231,2.32386,336
2025-12-29 20:00:00,2.3239,2.32398,2.32262,2.32328,402
2025-12-29 20:05:00,2.32327,2.3235799999999998,2.3228400000000002,2.32311,275
2025-12-29 20:10:00,2.32313,2.32403,2.3230399999999998,2.32401,241
2025-12-29 20:15:00,2.32404,2.3244,2.3235799999999998,2.32404,238
2025-12-29 20:20:00,2.32403,2.32423,2.32357,2.32384,296
2025-12-29 20:25:00,2.32386,2.32465,2.32381,2.3245,258
2025-12-29 20:30:00,2.32452,2.32493,2.32421,2.32493,238
2025-12-29 20:35:00,2.32495,2.32537,2.32414,2.32524,245
2025-12-29 20:40:00,2.32524,2.32555,2.32482,2.3254099999999998,249
2025-12-29 20:45:00,2.32542,2.32603,2.32519,2.3257,251
2025-12-29 20:50:00,2.32571,2.32607,2.32533,2.32557,234
2025-12-29 20:55:00,2.3256,2.32633,2.3255,2.32621,225
2025-12-29 21:00:00,2.3260199999999998,2.32641,2.32576,2.32625,227
2025-12-29 21:05:00,2.32625,2.32645,2.32582,2.32629,219
2025-12-29 21:10:00,2.32628,2.32638,2.3256,2.32576,222
2025-12-29 21:15:00,2.32577,2.32676,2.32562,2.32645,272
2025-12-29 21:20:00,2.32646,2.32709,2.3264,2.3266,219
2025-12-29 21:25:00,2.32659,2.32699,2.32644,2.32672,206
2025-12-29 21:30:00,2.32671,2.32712,2.32616,2.32624,190
2025-12-29 21:35:00,2.32622,2.32687,2.32612,2.32617,215
2025-12-29 21:40:00,2.32618,2.32633,2.32569,2.32582,233
2025-12-29 21:45:00,2.3258,2.3263,2.32558,2.32604,234
2025-12-29 21:50:00,2.32606,2.32649,2.32536,2.32554,205
2025-12-29 21:55:00,2.32553,2.32629,2.3254799999999998,2.32587,346
2025-12-29 22:00:00,2.32584,2.32646,2.32575,2.32592,259
2025-12-29 22:05:00,2.32593,2.32623,2.3258900000000002,2.32595,224
2025-12-29 22:10:00,2.32594,2.32666,2.3258900000000002,2.32654,239
2025-12-29 22:15:00,2.32651,2.32683,2.32606,2.32629,240
2025-12-29 22:20:00,2.32631,2.32659,2.32605,2.32617,241
2025-12-29 22:25:00,2.32616,2.32662,2.32601,2.32614,198
2025-12-29 22:30:00,2.32616,2.32643,2.32597,2.32622,194
2025-12-29 22:35:00,2.32618,2.32654,2.32595,2.32615,229
2025-12-29 22:40:00,2.32616,2.3266299999999998,2.3260199999999998,2.3260199999999998,228
2025-12-29 22:45:00,2.32604,2.32656,2.32592,2.32627,275
2025-12-29 22:50:00,2.32628,2.32679,2.32611,2.32632,252
2025-12-29 22:55:00,2.32633,2.32705,2.32616,2.3266999999999998,353
2025-12-29 23:00:00,2.32598,2.32605,2.32534,2.3257,270
2025-12-29 23:05:00,2.32569,2.32581,2.32511,2.32537,189
2025-12-29 23:10:00,2.3254,2.32561,2.32524,2.32526,102
2025-12-29 23:15:00,2.3252800000000002,2.32678,2.32516,2.32608,164
2025-12-29 23:20:00,2.32607,2.32669,2.32605,2.32619,78
2025-12-29 23:25:00,2.3262,2.32628,2.3255,2.32551,104
2025-12-29 23:30:00,2.32551,2.32595,2.32551,2.32591,162
2025-12-29 23:35:00,2.32593,2.32725,2.32577,2.32648,124
2025-12-29 23:40:00,2.3265000000000002,2.32685,2.32616,2.32664,86
2025-12-29 23:45:00,2.32665,2.32713,2.32643,2.32661,113
2025-12-29 23:50:00,2.3266,2.32662,2.32618,2.32626,150
2025-12-29 23:55:00,2.32725,2.32727,2.32532,2.3261,302
2025-12-30 00:00:00,2.32603,2.32603,2.3254099999999998,2.32571,9
2025-12-30 00:05:00,2.32599,2.32628,2.3256,2.32564,112
2025-12-30 00:10:00,2.32566,2.32628,2.32556,2.32614,241
2025-12-30 00:15:00,2.32667,2.32667,2.32152,2.32598,89
2025-12-30 00:20:00,2.32558,2.32692,2.32522,2.3266,181
2025-12-30 00:25:00,2.32632,2.32695,2.32576,2.32679,458
2025-12-30 00:30:00,2.32675,2.32688,2.32471,2.32579,142
2025-12-30 00:35:00,2.3258,2.32584,2.32544,2.32584,79
2025-12-30 00:40:00,2.32583,2.32591,2.32525,2.3258900000000002,109
2025-12-30 00:45:00,2.32588,2.32588,2.3252800000000002,2.32564,94
2025-12-30 00:50:00,2.32556,2.32562,2.32537,2.32553,102
2025-12-30 00:55:00,2.32555,2.32555,2.32449,2.32536,275
2025-12-30 01:00:00,2.32586,2.32684,2.32581,2.3262,348
2025-12-30 01:05:00,2.32624,2.32662,2.32594,2.32662,114
2025-12-30 01:10:00,2.3266,2.32684,2.32624,2.32624,115
2025-12-30 01:15:00,2.32617,2.32698,2.32606,2.32681,257
2025-12-30 01:20:00,2.32682,2.32688,2.32637,2.32673,220
2025-12-30 01:25:00,2.3266999999999998,2.32676,2.32597,2.32597,227
2025-12-30 01:30:00,2.32598,2.32637,2.3258,2.32586,97
2025-12-30 01:35:00,2.32587,2.32628,2.3258,2.3258900000000002,81
2025-12-30 01:40:00,2.3259,2.32599,2.32553,2.32574,89
2025-12-30 01:45:00,2.32572,2.3262,2.32546,2.32592,130
2025-12-30 01:50:00,2.32592,2.32604,2.32542,2.3260199999999998,113
2025-12-30 01:55:00,2.32604,2.32604,2.3254099999999998,2.32547,90
2025-12-30 02:00:00,2.3254799999999998,2.32601,2.3254099999999998,2.32557,146
2025-12-30 02:05:00,2.32561,2.32614,2.32529,2.32614,146
2025-12-30 02:10:00,2.32613,2.32629,2.32562,2.32623,132
2025-12-30 02:15:00,2.32619,2.32646,2.32574,2.3258,121
2025-12-30 02:20:00,2.32584,2.32623,2.32485,2.32485,173
2025-12-30 02:25:00,2.3248699999999998,2.3259,2.32485,2.32527,101
2025-12-30 02:30:00,2.32526,2.32534,2.32498,2.32508,140
2025-12-30 02:35:00,2.3251,2.32574,2.3251,2.32524,113
2025-12-30 02:40:00,2.32522,2.32587,2.32505,2.32575,132
2025-12-30 02:45:00,2.32576,2.32581,2.32509,2.32511,188
2025-12-30 02:50:00,2.32516,2.32573,2.32507,2.32565,258
2025-12-30 02:55:00,2.32567,2.32575,2.32482,2.32524,244
2025-12-30 03:00:00,2.32525,2.32563,2.32495,2.32513,248
2025-12-30 03:05:00,2.32508,2.32578,2.32499,2.32571,264
2025-12-30 03:10:00,2.32574,2.32583,2.32464,2.32556,258
2025-12-30 03:15:00,2.32557,2.32562,2.32459,2.32521,189
2025-12-30 03:20:00,2.3252,2.32562,2.32472,2.32527,198
2025-12-30 03:25:00,2.32526,2.32638,2.32526,2.32618,215
2025-12-30 03:30:00,2.32617,2.32662,2.3257,2.32608,249
2025-12-30 03:35:00,2.3260199999999998,2.32637,2.32493,2.3255,201
2025-12-30 03:40:00,2.32549,2.3260199999999998,2.32526,2.32594,202
2025-12-30 03:45:00,2.32586,2.32601,2.32513,2.32595,220
2025-12-30 03:50:00,2.3259600000000002,2.32632,2.3254099999999998,2.3255,190
2025-12-30 03:55:00,2.32547,2.3259600000000002,2.32483,2.32505,268
2025-12-30 04:00:00,2.32504,2.32578,2.32439,2.32524,265
2025-12-30 04:05:00,2.32523,2.32603,2.32482,2.32512,218
2025-12-30 04:10:00,2.32518,2.32606,2.32495,2.32588,222
2025-12-30 04:15:00,2.32588,2.32611,2.32513,2.32611,186
2025-12-30 04:20:00,2.3261,2.32629,2.32565,2.32585,250
2025-12-30 04:25:00,2.32586,2.32625,2.32565,2.32623,210
2025-12-30 04:30:00,2.32622,2.32628,2.32522,2.32558,201
2025-12-30 04:35:00,2.32559,2.32577,2.32485,2.32508,199
2025-12-30 04:40:00,2.32468,2.32545,2.32468,2.32517,185
2025-12-30 04:45:00,2.32516,2.3254,2.32433,2.32437,226
2025-12-30 04:50:00,2.32436,2.32477,2.32387,2.32438,208
2025-12-30 04:55:00,2.32436,2.32465,2.32423,2.32457,189
2025-12-30 05:00:00,2.32456,2.32468,2.32374,2.32433,253
2025-12-30 05:05:00,2.32436,2.32555,2.3241899999999998,2.32551,209
2025-12-30 05:10:00,2.32552,2.32569,2.32465,2.3249,198
2025-12-30 05:15:00,2.32491,2.32562,2.32459,2.32562,178
2025-12-30 05:20:00,2.3256,2.32571,2.32497,2.32522,162
2025-12-30 05:25:00,2.32521,2.32544,2.3241,2.32438,153
2025-12-30 05:30:00,2.32436,2.32475,2.32374,2.32435,200
2025-12-30 05:35:00,2.32434,2.32511,2.3243,2.32501,169
2025-12-30 05:40:00,2.325,2.32503,2.32437,2.32484,149
2025-12-30 05:45:00,2.32482,2.32531,2.32442,2.3249,131
2025-12-30 05:50:00,2.3249,2.32513,2.3247,2.3249,162
2025-12-30 05:55:00,2.32489,2.32536,2.3246700000000002,2.32494,131
2025-12-30 06:00:00,2.32495,2.32536,2.32424,2.32441,167
2025-12-30 06:05:00,2.32439,2.32439,2.32363,2.32371,140
2025-12-30 06:10:00,2.32373,2.32456,2.32369,2.32412,110
2025-12-30 06:15:00,2.32413,2.3247999999999998,2.32401,2.32449,137
2025-12-30 06:20:00,2.32447,2.32495,2.32429,2.3248699999999998,130
2025-12-30 06:25:00,2.32485,2.32485,2.32397,2.3239900000000002,157
2025-12-30 06:30:00,2.324,2.32443,2.32371,2.32383,145
2025-12-30 06:35:00,2.32384,2.32436,2.32359,2.3241,154
2025-12-30 06:40:00,2.32409,2.32434,2.32344,2.32349,144
2025-12-30 06:45:00,2.32348,2.32435,2.32347,2.32414,141
2025-12-30 06:50:00,2.32416,2.32417,2.32332,2.32382,138
2025-12-30 06:55:00,2.3238,2.32393,2.32331,2.32354,140
2025-12-30 07:00:00,2.32357,2.3246,2.32354,2.32362,204
2025-12-30 07:05:00,2.32364,2.32464,2.32364,2.32409,150
2025-12-30 07:10:00,2.3241,2.32448,2.32366,2.32428,229
2025-12-30 07:15:00,2.32389,2.32439,2.32328,2.32328,198
2025-12-30 07:20:00,2.32325,2.32357,2.32301,2.3230399999999998,174
2025-12-30 07:25:00,2.32344,2.32362,2.32298,2.3236,196
2025-12-30 07:30:00,2.3232,2.32353,2.32262,2.32305,213
2025-12-30 07:35:00,2.32308,2.32319,2.32259,2.32303,225
2025-12-30 07:40:00,2.32301,2.32359,2.32282,2.32309,188
2025-12-30 07:45:00,2.3231,2.32363,2.32289,2.32321,250
2025-12-30 07:50:00,2.32322,2.32374,2.32291,2.32351,269
2025-12-30 07:55:00,2.32354,2.32354,2.32268,2.3230399999999998,221
2025-12-30 08:00:00,2.3229699999999998,2.32366,2.32286,2.32361,218
2025-12-30 08:05:00,2.32362,2.32412,2.32324,2.32412,195
2025-12-30 08:10:00,2.32414,2.32423,2.32339,2.32394,205
2025-12-30 08:15:00,2.32397,2.32462,2.32356,2.32407,261
2025-12-30 08:20:00,2.32408,2.32409,2.32312,2.32332,184
2025-12-30 08:25:00,2.32333,2.32386,2.32289,2.32291,211
2025-12-30 08:30:00,2.32287,2.32336,2.32263,2.32291,230
2025-12-30 08:35:00,2.3229,2.32347,2.32279,2.3233,239
2025-12-30 08:40:00,2.32331,2.32353,2.32298,2.32343,181
2025-12-30 08:45:00,2.32344,2.32347,2.32222,2.32255,213
2025-12-30 08:50:00,2.32253,2.32324,2.32238,2.32286,185
2025-12-30 08:55:00,2.32291,2.32359,2.3227700000000002,2.32289,237
2025-12-30 09:00:00,2.32288,2.32356,2.32263,2.3232,322
2025-12-30 09:05:00,2.32322,2.3233,2.32261,2.32309,275
2025-12-30 09:10:00,2.32307,2.32325,2.32226,2.32276,258
2025-12-30 09:15:00,2.32275,2.32294,2.32198,2.32266,233
2025-12-30 09:20:00,2.32263,2.32315,2.32197,2.32296,297
2025-12-30 09:25:00,2.3228400000000002,2.32291,2.32219,2.32278,220
2025-12-30 09:30:00,2.32264,2.3229,2.32219,2.3228,209
2025-12-30 09:35:00,2.32281,2.3233800000000002,2.32231,2.32298,190
2025-12-30 09:40:00,2.32299,2.32316,2.32227,2.32292,184
2025-12-30 09:45:00,2.32293,2.3234500000000002,2.32264,2.32289,228
2025-12-30 09:50:00,2.32282,2.32346,2.32251,2.32293,260
2025-12-30 09:55:00,2.32296,2.32315,2.32257,2.32269,216
2025-12-30 10:00:00,2.32259,2.32408,2.32259,2.32286,347
2025-12-30 10:05:00,2.32283,2.32349,2.32226,2.3227,280
2025-12-30 10:10:00,2.32272,2.32367,2.3227,2.3234500000000002,246
2025-12-30 10:15:00,2.3234500000000002,2.32359,2.32266,2.32348,325
2025-12-30 10:20:00,2.32348,2.32405,2.32315,2.32377,290
2025-12-30 10:25:00,2.32376,2.32509,2.32376,2.32448,314
2025-12-30 10:30:00,2.32443,2.3256,2.32443,2.32546,294
2025-12-30 10:35:00,2.32545,2.3260899999999998,2.32496,2.32568,276
2025-12-30 10:40:00,2.32568,2.32639,2.32535,2.3260199999999998,287
2025-12-30 10:45:00,2.32601,2.32605,2.32497,2.32571,300
2025-12-30 10:50:00,2.32573,2.32583,2.32434,2.3247999999999998,282
2025-12-30 10:55:00,2.32484,2.32531,2.32458,2.32489,273
2025-12-30 11:00:00,2.32488,2.32532,2.32363,2.32366,359
2025-12-30 11:05:00,2.32364,2.32428,2.3234,2.32428,254
2025-12-30 11:10:00,2.32427,2.32444,2.32351,2.32388,221
2025-12-30 11:15:00,2.32387,2.32492,2.32361,2.32453,233
2025-12-30 11:20:00,2.32453,2.32457,2.32381,2.32402,226
2025-12-30 11:25:00,2.32401,2.3254099999999998,2.32395,2.32537,242
2025-12-30 11:30:00,2.32539,2.32583,2.3251,2.32557,237
2025-12-30 11:35:00,2.32556,2.32595,2.32494,2.32568,222
2025-12-30 11:40:00,2.32567,2.32617,2.32519,2.32555,304
2025-12-30 11:45:00,2.32546,2.32656,2.32546,2.32646,291
2025-12-30 11:50:00,2.32644,2.32739,2.32605,2.32695,301
2025-12-30 11:55:00,2.32697,2.3276,2.32666,2.32685,293
2025-12-30 12:00:00,2.32687,2.32789,2.32676,2.32748,262
2025-12-30 12:05:00,2.32747,2.32789,2.3266299999999998,2.32681,225
2025-12-30 12:10:00,2.32682,2.32728,2.32661,2.32726,212
2025-12-30 12:15:00,2.32726,2.32751,2.32692,2.32705,169
2025-12-30 12:20:00,2.32706,2.32741,2.32666,2.32678,175
2025-12-30 12:25:00,2.32677,2.32736,2.3266,2.32687,290
2025-12-30 12:30:00,2.3268,2.32761,2.32671,2.32761,249
2025-12-30 12:35:00,2.32758,2.32852,2.32738,2.32849,280
2025-12-30 12:40:00,2.32847,2.32854,2.32737,2.32765,244
2025-12-30 12:45:00,2.32762,2.32777,2.3269,2.32777,270
2025-12-30 12:50:00,2.32776,2.32819,2.32721,2.32815,249
2025-12-30 12:55:00,2.32816,2.32818,2.32734,2.32791,208
2025-12-30 13:00:00,2.32793,2.32801,2.32706,2.328,273
2025-12-30 13:05:00,2.32799,2.32889,2.32759,2.32845,278
2025-12-30 13:10:00,2.32806,2.32821,2.32771,2.32803,242
2025-12-30 13:15:00,2.32804,2.32877,2.32804,2.32831,204
2025-12-30 13:20:00,2.32871,2.32927,2.3283,2.32917,199
2025-12-30 13:25:00,2.32918,2.3293,2.32847,2.3289,223
2025-12-30 13:30:00,2.3289,2.32929,2.32861,2.32916,162
2025-12-30 13:35:00,2.3291399999999998,2.32915,2.328,2.32869,230
2025-12-30 13:40:00,2.3287,2.32881,2.32815,2.32855,273
2025-12-30 13:45:00,2.32857,2.32872,2.32781,2.32818,222
2025-12-30 13:50:00,2.32814,2.32838,2.32755,2.3277,274
2025-12-30 13:55:00,2.32771,2.32826,2.32738,2.32818,263
2025-12-30 14:00:00,2.32781,2.32885,2.32781,2.32823,316
2025-12-30 14:05:00,2.3283,2.32859,2.32778,2.32851,351
2025-12-30 14:10:00,2.32854,2.32856,2.32764,2.32796,299
2025-12-30 14:15:00,2.32799,2.32867,2.3278499999999998,2.32866,275
2025-12-30 14:20:00,2.32867,2.32913,2.32849,2.32857,274
2025-12-30 14:25:00,2.32856,2.3291,2.32811,2.32865,246
2025-12-30 14:30:00,2.32866,2.32915,2.32819,2.3282,256
2025-12-30 14:35:00,2.32825,2.32902,2.32812,2.32876,290
2025-12-30 14:40:00,2.32875,2.32877,2.32774,2.32811,281
2025-12-30 14:45:00,2.32807,2.32879,2.32781,2.32791,296
2025-12-30 14:50:00,2.3279199999999998,2.32844,2.32771,2.32781,239
2025-12-30 14:55:00,2.3278,2.3283,2.32653,2.32734,323
2025-12-30 15:00:00,2.32733,2.32758,2.32631,2.32658,392
2025-12-30 15:05:00,2.3266,2.32767,2.32623,2.32723,302
2025-12-30 15:10:00,2.32723,2.32769,2.32668,2.32707,287
2025-12-30 15:15:00,2.32706,2.32735,2.32628,2.32706,356
2025-12-30 15:20:00,2.32707,2.32765,2.32642,2.32763,361
2025-12-30 15:25:00,2.32755,2.32813,2.32715,2.32813,302
2025-12-30 15:30:00,2.32826,2.32864,2.32754,2.3281,439
2025-12-30 15:35:00,2.3277,2.32809,2.32685,2.32733,380
2025-12-30 15:40:00,2.32735,2.32755,2.32651,2.32705,414
2025-12-30 15:45:00,2.32704,2.3275,2.32629,2.32705,363
2025-12-30 15:50:00,2.32706,2.32728,2.32633,2.32702,395
2025-12-30 15:55:00,2.32705,2.32781,2.32623,2.32655,418
2025-12-30 16:00:00,2.32649,2.3266,2.32538,2.32599,418
2025-12-30 16:05:00,2.32598,2.32598,2.32478,2.32555,343
2025-12-30 16:10:00,2.32554,2.32568,2.32506,2.32538,349
2025-12-30 16:15:00,2.32539,2.32561,2.3246700000000002,2.32517,337
2025-12-30 16:20:00,2.32522,2.32568,2.32507,2.32564,338
2025-12-30 16:25:00,2.32566,2.32601,2.32435,2.32478,318
2025-12-30 16:30:00,2.32479,2.32496,2.32402,2.32471,414
2025-12-30 16:35:00,2.32473,2.3247999999999998,2.3228,2.32302,425
2025-12-30 16:40:00,2.32311,2.32331,2.32228,2.32282,304
2025-12-30 16:45:00,2.32287,2.32361,2.32242,2.32246,398
2025-12-30 16:50:00,2.32246,2.32302,2.32176,2.32259,504
2025-12-30 16:55:00,2.3226,2.32289,2.3221600000000002,2.3221600000000002,488
2025-12-30 17:00:00,2.3221600000000002,2.32289,2.3216,2.32241,493
2025-12-30 17:05:00,2.3224299999999998,2.32249,2.32139,2.32179,470
2025-12-30 17:10:00,2.32178,2.32251,2.32137,2.32225,472
2025-12-30 17:15:00,2.32224,2.32246,2.3214,2.3223599999999998,463
2025-12-30 17:20:00,2.32228,2.32254,2.3214,2.32235,388
2025-12-30 17:25:00,2.32234,2.3224299999999998,2.32144,2.3222300000000002,403
2025-12-30 17:30:00,2.32224,2.32295,2.32153,2.32245,421
2025-12-30 17:35:00,2.32248,2.32283,2.3218,2.32197,370
2025-12-30 17:40:00,2.32194,2.32369,2.32192,2.3235,333
2025-12-30 17:45:00,2.32351,2.32361,2.32229,2.32287,383
2025-12-30 17:50:00,2.32288,2.3229,2.32097,2.32097,443
2025-12-30 17:55:00,2.32098,2.32232,2.32043,2.32066,562
2025-12-30 18:00:00,2.32065,2.32164,2.32049,2.32106,472
2025-12-30 18:05:00,2.32109,2.32177,2.32046,2.32106,418
2025-12-30 18:10:00,2.32107,2.32116,2.32041,2.32104,415
2025-12-30 18:15:00,2.32106,2.32148,2.32042,2.32068,444
2025-12-30 18:20:00,2.32072,2.32126,2.32042,2.32079,427
2025-12-30 18:25:00,2.32077,2.32112,2.32025,2.32085,347
2025-12-30 18:30:00,2.32083,2.32164,2.3203300000000002,2.32158,369
2025-12-30 18:35:00,2.3216,2.32192,2.32081,2.32173,319
2025-12-30 18:40:00,2.32171,2.32268,2.32135,2.32244,338
2025-12-30 18:45:00,2.32235,2.32265,2.32179,2.32227,279
2025-12-30 18:50:00,2.32231,2.323,2.32222,2.3224,303
2025-12-30 18:55:00,2.32237,2.32298,2.32202,2.32255,340
2025-12-30 19:00:00,2.32253,2.3230399999999998,2.32189,2.32235,337
2025-12-30 19:05:00,2.32271,2.3228400000000002,2.32173,2.32178,291
2025-12-30 19:10:00,2.32179,2.32241,2.32163,2.32226,305
2025-12-30 19:15:00,2.3222300000000002,2.32229,2.32133,2.32183,295
2025-12-30 19:20:00,2.32143,2.32219,2.32118,2.3213,301
2025-12-30 19:25:00,2.3213,2.32198,2.32117,2.32136,338
2025-12-30 19:30:00,2.32135,2.32191,2.32118,2.32183,216
2025-12-30 19:35:00,2.32187,2.32187,2.3207,2.32098,242
2025-12-30 19:40:00,2.32097,2.32163,2.32038,2.32129,210
2025-12-30 19:45:00,2.32131,2.32147,2.32077,2.32129,204
2025-12-30 19:50:00,2.32131,2.32132,2.32045,2.32087,218
2025-12-30 19:55:00,2.32086,2.32113,2.32049,2.32079,263
2025-12-30 20:00:00,2.32085,2.32126,2.32044,2.32106,242
2025-12-30 20:05:00,2.32105,2.32136,2.3205,2.32132,227
2025-12-30 20:10:00,2.3213,2.32146,2.32076,2.3213,191
2025-12-30 20:15:00,2.32131,2.32158,2.32069,2.32069,185
2025-12-30 20:20:00,2.32071,2.32126,2.32055,2.3211,201
2025-12-30 20:25:00,2.32119,2.32137,2.32077,2.32136,204
2025-12-30 20:30:00,2.32137,2.32185,2.3209400000000002,2.32169,215
2025-12-30 20:35:00,2.32168,2.32245,2.32138,2.32212,184
2025-12-30 20:40:00,2.32214,2.32274,2.32208,2.32252,211
2025-12-30 20:45:00,2.32252,2.32298,2.32217,2.32293,246
2025-12-30 20:50:00,2.32291,2.32333,2.32249,2.32281,208
2025-12-30 20:55:00,2.32321,2.32344,2.3226,2.32278,255
2025-12-30 21:00:00,2.32279,2.32356,2.32252,2.3233800000000002,217
2025-12-30 21:05:00,2.32343,2.32363,2.32278,2.32315,222
2025-12-30 21:10:00,2.32319,2.32392,2.32302,2.3232,218
2025-12-30 21:15:00,2.32317,2.32393,2.32317,2.32389,189
2025-12-30 21:20:00,2.3239,2.32395,2.32328,2.32336,186
2025-12-30 21:25:00,2.32335,2.32388,2.32324,2.32336,152
2025-12-30 21:30:00,2.32334,2.32385,2.32311,2.32332,219
2025-12-30 21:35:00,2.32331,2.32387,2.32327,2.32363,184
2025-12-30 21:40:00,2.32327,2.32409,2.32317,2.32404,154
2025-12-30 21:45:00,2.32405,2.32458,2.32359,2.32413,252
2025-12-30 21:50:00,2.32413,2.32504,2.32413,2.3246,291
2025-12-30 21:55:00,2.32461,2.32536,2.32448,2.32453,314
2025-12-30 22:00:00,2.32451,2.32513,2.32447,2.32457,269
2025-12-30 22:05:00,2.32497,2.32511,2.32424,2.32433,170
2025-12-30 22:10:00,2.32432,2.32466,2.32395,2.32396,211
2025-12-30 22:15:00,2.32437,2.32443,2.32385,2.32431,181
2025-12-30 22:20:00,2.32427,2.32438,2.32377,2.32394,241
2025-12-30 22:25:00,2.32393,2.3245,2.32391,2.32401,207
2025-12-30 22:30:00,2.324,2.32451,2.3239,2.32435,169
2025-12-30 22:35:00,2.32435,2.32435,2.32359,2.32415,151
2025-12-30 22:40:00,2.32414,2.32457,2.32371,2.32432,136
2025-12-30 22:45:00,2.32431,2.32475,2.3240600000000002,2.32474,220
2025-12-30 22:50:00,2.32475,2.32497,2.3241899999999998,2.32486,227
2025-12-30 22:55:00,2.32485,2.32578,2.32437,2.32571,302
2025-12-30 23:00:00,2.32497,2.32534,2.3243,2.32459,276
2025-12-30 23:05:00,2.32499,2.32508,2.32424,2.32442,129
2025-12-30 23:10:00,2.32441,2.32466,2.32414,2.32429,109
2025-12-30 23:15:00,2.3243,2.32469,2.32421,2.32453,129
2025-12-30 23:20:00,2.32453,2.32546,2.32446,2.32452,80
2025-12-30 23:25:00,2.32453,2.32532,2.3245,2.32527,105
2025-12-30 23:30:00,2.3252800000000002,2.32535,2.32482,2.32526,95
2025-12-30 23:35:00,2.32525,2.32527,2.32454,2.3246,172
2025-12-30 23:40:00,2.32461,2.32504,2.32435,2.3244,136
2025-12-30 23:45:00,2.32441,2.32458,2.3238,2.32386,130
2025-12-30 23:50:00,2.32383,2.32405,2.32382,2.32403,208
2025-12-30 23:55:00,2.3247,2.3247,2.3226,2.3227,150
2025-12-31 00:00:00,2.32411,2.32411,2.32381,2.32391,15
2025-12-31 00:05:00,2.32391,2.32391,2.32276,2.32298,12
2025-12-31 00:10:00,2.32298,2.323,2.32298,2.323,6
2025-12-31 00:15:00,2.32346,2.32389,2.3225,2.32347,55
2025-12-31 00:20:00,2.32349,2.32351,2.32318,2.32323,36
2025-12-31 00:25:00,2.32326,2.3240600000000002,2.32322,2.32397,54
2025-12-31 00:30:00,2.32386,2.3244,2.32379,2.3242599999999998,85
2025-12-31 00:35:00,2.32425,2.32451,2.32398,2.32413,91
2025-12-31 00:40:00,2.32412,2.32465,2.32401,2.32409,155
2025-12-31 00:45:00,2.32416,2.32491,2.324,2.32445,210
2025-12-31 00:50:00,2.32447,2.32466,2.3240600000000002,2.32441,112
2025-12-31 00:55:00,2.32434,2.32479,2.32413,2.32472,116
2025-12-31 01:00:00,2.32497,2.32514,2.324,2.3247999999999998,322
2025-12-31 01:05:00,2.32481,2.32552,2.32463,2.32495,44
2025-12-31 01:10:00,2.32484,2.32554,2.32484,2.32545,87
2025-12-31 01:15:00,2.3254799999999998,2.32561,2.32524,2.3253,186
2025-12-31 01:20:00,2.32531,2.32531,2.3247999999999998,2.32488,122
2025-12-31 01:25:00,2.3248699999999998,2.32515,2.32477,2.32477,97
2025-12-31 01:30:00,2.32479,2.32557,2.32479,2.3254,65
2025-12-31 01:35:00,2.3254099999999998,2.32551,2.32472,2.32492,91
2025-12-31 01:40:00,2.32491,2.3254,2.32484,2.32534,107
2025-12-31 01:45:00,2.32529,2.32552,2.32501,2.32531,94
2025-12-31 01:50:00,2.32529,2.32546,2.32483,2.32489,85
2025-12-31 01:55:00,2.32489,2.32536,2.32489,2.32536,134
2025-12-31 02:00:00,2.32534,2.32546,2.32453,2.32459,147
2025-12-31 02:05:00,2.32457,2.32515,2.32457,2.32498,90
2025-12-31 02:10:00,2.32501,2.32502,2.3242599999999998,2.32473,93
2025-12-31 02:15:00,2.32474,2.32481,2.32431,2.32445,86
2025-12-31 02:20:00,2.32443,2.32468,2.32424,2.32431,91
2025-12-31 02:25:00,2.32434,2.32478,2.32434,2.32478,69
2025-12-31 02:30:00,2.32476,2.32536,2.32471,2.32478,88
2025-12-31 02:35:00,2.32479,2.32543,2.32466,2.3247999999999998,186
2025-12-31 02:40:00,2.32479,2.3259,2.32478,2.32569,130
2025-12-31 02:45:00,2.32571,2.32619,2.32535,2.32557,193
2025-12-31 02:50:00,2.32556,2.32644,2.32542,2.3257,212
2025-12-31 02:55:00,2.32568,2.32615,2.32547,2.32611,204
2025-12-31 03:00:00,2.32612,2.3265700000000002,2.32571,2.32605,310
2025-12-31 03:05:00,2.32605,2.32707,2.32605,2.3265000000000002,283
2025-12-31 03:10:00,2.32651,2.32651,2.32534,2.32539,264
2025-12-31 03:15:00,2.3254,2.32616,2.32478,2.32612,254
2025-12-31 03:20:00,2.32612,2.32617,2.32535,2.32568,176
2025-12-31 03:25:00,2.3258900000000002,2.32649,2.3257,2.32636,251
2025-12-31 03:30:00,2.32636,2.32682,2.32618,2.32618,237
2025-12-31 03:35:00,2.32619,2.32655,2.32578,2.32587,265
2025-12-31 03:40:00,2.32592,2.32691,2.32592,2.3266,240
2025-12-31 03:45:00,2.32658,2.32716,2.32614,2.32713,285
2025-12-31 03:50:00,2.32712,2.32742,2.32618,2.3266,320
2025-12-31 03:55:00,2.3266299999999998,2.3285,2.32649,2.32809,340
2025-12-31 04:00:00,2.3285,2.32946,2.32815,2.32924,308
2025-12-31 04:05:00,2.32925,2.32978,2.3289,2.32932,244
2025-12-31 04:10:00,2.32933,2.32986,2.32887,2.32912,298
2025-12-31 04:15:00,2.3291399999999998,2.32994,2.32875,2.32923,261
2025-12-31 04:20:00,2.32942,2.32996,2.32918,2.32965,213
2025-12-31 04:25:00,2.32963,2.33025,2.32943,2.32993,227
2025-12-31 04:30:00,2.32994,2.33009,2.32855,2.32875,226
2025-12-31 04:35:00,2.32873,2.3291,2.32777,2.32803,255
2025-12-31 04:40:00,2.32804,2.32838,2.32747,2.32774,231
2025-12-31 04:45:00,2.32777,2.32899,2.32776,2.32869,247
2025-12-31 04:50:00,2.32867,2.32902,2.3277,2.32812,287
2025-12-31 04:55:00,2.32813,2.32814,2.32726,2.32796,331
2025-12-31 05:00:00,2.32798,2.32836,2.32753,2.32826,263
2025-12-31 05:05:00,2.32828,2.32879,2.32777,2.32807,223
2025-12-31 05:10:00,2.32804,2.32824,2.32741,2.3276,245
2025-12-31 05:15:00,2.32758,2.32896,2.32758,2.32891,192
2025-12-31 05:20:00,2.32892,2.32892,2.32808,2.32847,256
2025-12-31 05:25:00,2.3284000000000002,2.32904,2.32812,2.32813,203
2025-12-31 05:30:00,2.32811,2.32855,2.32774,2.3278,143
2025-12-31 05:35:00,2.3278,2.32822,2.32762,2.32781,121
2025-12-31 05:40:00,2.3278,2.32834,2.32765,2.32803,121
2025-12-31 05:45:00,2.32801,2.32843,2.32793,2.3281,100
2025-12-31 05:50:00,2.32808,2.32917,2.32786,2.32915,142
2025-12-31 05:55:00,2.32915,2.32982,2.32889,2.3293,240
2025-12-31 06:00:00,2.32931,2.32967,2.32889,2.32942,164
2025-12-31 06:05:00,2.32943,2.32956,2.32878,2.32883,180
2025-12-31 06:10:00,2.32884,2.32926,2.32864,2.32902,224
2025-12-31 06:15:00,2.32903,2.32905,2.32835,2.32835,145
2025-12-31 06:20:00,2.32836,2.32908,2.32829,2.32844,143
2025-12-31 06:25:00,2.32845,2.32913,2.32815,2.32821,163
2025-12-31 06:30:00,2.32826,2.32869,2.32803,2.32843,125
2025-12-31 06:35:00,2.32842,2.32932,2.32839,2.32873,142
2025-12-31 06:40:00,2.32874,2.32943,2.32848,2.32942,142
2025-12-31 06:45:00,2.32943,2.32952,2.32871,2.32921,97
2025-12-31 06:50:00,2.3292,2.32922,2.32843,2.32865,188
2025-12-31 06:55:00,2.32864,2.32948,2.32864,2.32945,181
2025-12-31 07:00:00,2.32947,2.32956,2.32878,2.3292,184
2025-12-31 07:05:00,2.32919,2.32949,2.32849,2.32863,151
2025-12-31 07:10:00,2.32858,2.32982,2.32858,2.32945,152
2025-12-31 07:15:00,2.32944,2.3313,2.32941,2.33121,228
2025-12-31 07:20:00,2.33124,2.33171,2.33092,2.33128,141
2025-12-31 07:25:00,2.33126,2.33181,2.3303,2.3303,168
2025-12-31 07:30:00,2.33032,2.33196,2.3303,2.3316,249
2025-12-31 07:35:00,2.33162,2.33162,2.3307700000000002,2.33154,207
2025-12-31 07:40:00,2.33155,2.3315799999999998,2.33067,2.33137,253
2025-12-31 07:45:00,2.33135,2.33181,2.33082,2.33142,268
2025-12-31 07:50:00,2.33141,2.33234,2.33141,2.33161,329
2025-12-31 07:55:00,2.3316,2.33217,2.3314,2.33179,268
2025-12-31 08:00:00,2.33178,2.33223,2.33109,2.33127,338
2025-12-31 08:05:00,2.33125,2.33198,2.33125,2.33159,225
2025-12-31 08:10:00,2.3315799999999998,2.33254,2.33148,2.33229,164
2025-12-31 08:15:00,2.33228,2.33242,2.33141,2.3314500000000002,218
2025-12-31 08:20:00,2.33146,2.33197,2.33124,2.33184,182
2025-12-31 08:25:00,2.3318,2.3324,2.33131,2.33223,222
2025-12-31 08:30:00,2.33229,2.33255,2.33182,2.33249,195
2025-12-31 08:35:00,2.33251,2.33304,2.33205,2.3325,185
2025-12-31 08:40:00,2.33248,2.33355,2.33248,2.33312,127
2025-12-31 08:45:00,2.33314,2.33322,2.33259,2.33322,148
2025-12-31 08:50:00,2.33325,2.3334,2.33235,2.33263,186
2025-12-31 08:55:00,2.33264,2.3332100000000002,2.33177,2.33177,194
2025-12-31 09:00:00,2.3318,2.33261,2.33174,2.33249,293
2025-12-31 09:05:00,2.33252,2.33325,2.33204,2.33298,231
2025-12-31 09:10:00,2.33306,2.33354,2.33236,2.3329,323
2025-12-31 09:15:00,2.33292,2.3338,2.33276,2.33295,274
2025-12-31 09:20:00,2.33294,2.33336,2.33224,2.33228,260
2025-12-31 09:25:00,2.33231,2.33291,2.33163,2.332,229
2025-12-31 09:30:00,2.33202,2.33204,2.33093,2.33147,285
2025-12-31 09:35:00,2.33105,2.332,2.3309699999999998,2.33157,241
2025-12-31 09:40:00,2.33156,2.33223,2.33119,2.3316,314
2025-12-31 09:45:00,2.3316,2.33187,2.33103,2.33132,236
2025-12-31 09:50:00,2.33178,2.33197,2.33115,2.33178,196
2025-12-31 09:55:00,2.33178,2.33183,2.33098,2.33106,255
2025-12-31 10:00:00,2.33107,2.3328699999999998,2.33044,2.33271,338
2025-12-31 10:05:00,2.33271,2.33276,2.33087,2.33136,244
2025-12-31 10:10:00,2.3314,2.33216,2.33115,2.33214,259
2025-12-31 10:15:00,2.33214,2.33233,2.33119,2.33218,210
2025-12-31 10:20:00,2.33218,2.33274,2.33146,2.3319,277
2025-12-31 10:25:00,2.33191,2.33192,2.3308,2.33116,355
2025-12-31 10:30:00,2.33116,2.33153,2.33012,2.3305,361
2025-12-31 10:35:00,2.33056,2.33105,2.32995,2.33053,283
2025-12-31 10:40:00,2.33054,2.33056,2.32869,2.32916,317
2025-12-31 10:45:00,2.32919,2.32965,2.32865,2.32905,296
2025-12-31 10:50:00,2.32906,2.32984,2.32889,2.32944,339
2025-12-31 10:55:00,2.32946,2.32972,2.32862,2.32921,391
2025-12-31 11:00:00,2.32922,2.32954,2.3279199999999998,2.32805,414
2025-12-31 11:05:00,2.32804,2.3295,2.32769,2.32892,333
2025-12-31 11:10:00,2.32893,2.3290100000000002,2.32777,2.32815,187
2025-12-31 11:15:00,2.32855,2.32918,2.32794,2.32883,246
2025-12-31 11:20:00,2.32884,2.33027,2.32869,2.3301600000000002,292
2025-12-31 11:25:00,2.3301600000000002,2.33035,2.32958,2.32981,283
2025-12-31 11:30:00,2.3298,2.33054,2.3292,2.32956,266
2025-12-31 11:35:00,2.3295500000000002,2.32998,2.3290699999999998,2.32922,242
2025-12-31 11:40:00,2.32923,2.3301,2.32887,2.32995,257
2025-12-31 11:45:00,2.32994,2.33056,2.32973,2.3303,241
2025-12-31 11:50:00,2.3302899999999998,2.33082,2.32991,2.3308,247
2025-12-31 11:55:00,2.33082,2.33083,2.32967,2.33042,338
2025-12-31 12:00:00,2.33055,2.33055,2.32942,2.32994,287
2025-12-31 12:05:00,2.32994,2.33079,2.32952,2.3302300000000002,306
2025-12-31 12:10:00,2.33025,2.33087,2.32957,2.32958,253
2025-12-31 12:15:00,2.3297,2.33032,2.32931,2.32976,242
2025-12-31 12:20:00,2.32982,2.32985,2.32886,2.32983,196
2025-12-31 12:25:00,2.32984,2.33003,2.32924,2.32983,210
2025-12-31 12:30:00,2.32984,2.3301600000000002,2.32919,2.32926,224
2025-12-31 12:35:00,2.32966,2.33033,2.32919,2.33012,225
2025-12-31 12:40:00,2.33014,2.33071,2.32977,2.33067,231
2025-12-31 12:45:00,2.33069,2.33123,2.33048,2.33098,279
2025-12-31 12:50:00,2.33098,2.33198,2.33055,2.33198,245
2025-12-31 12:55:00,2.3319900000000002,2.33234,2.33113,2.33164,328
2025-12-31 13:00:00,2.33166,2.33255,2.33111,2.33155,324
2025-12-31 13:05:00,2.33156,2.33161,2.33058,2.33068,239
2025-12-31 13:10:00,2.33064,2.33159,2.3301600000000002,2.33156,236
2025-12-31 13:15:00,2.33154,2.33241,2.33142,2.33194,231
2025-12-31 13:20:00,2.33233,2.33235,2.33111,2.33147,237
2025-12-31 13:25:00,2.33148,2.33194,2.33095,2.3319,171
2025-12-31 13:30:00,2.33188,2.33198,2.33124,2.33124,187
2025-12-31 13:35:00,2.33124,2.33273,2.33117,2.33233,221
2025-12-31 13:40:00,2.33232,2.33295,2.33198,2.33256,299
2025-12-31 13:45:00,2.33252,2.33315,2.3325,2.33259,261
2025-12-31 13:50:00,2.3326000000000002,2.3331,2.33185,2.33208,286
2025-12-31 13:55:00,2.33207,2.33249,2.3313,2.33204,364
2025-12-31 14:00:00,2.33211,2.3328699999999998,2.33087,2.33102,392
2025-12-31 14:05:00,2.33107,2.33109,2.32924,2.32974,295
2025-12-31 14:10:00,2.3297499999999998,2.3309,2.32936,2.33079,269
2025-12-31 14:15:00,2.3307700000000002,2.33142,2.33013,2.33133,311
2025-12-31 14:20:00,2.33136,2.3324,2.33099,2.33099,271
2025-12-31 14:25:00,2.33103,2.33161,2.33088,2.3309699999999998,294
2025-12-31 14:30:00,2.33113,2.33247,2.33113,2.33191,341
2025-12-31 14:35:00,2.33192,2.33286,2.33192,2.3322599999999998,324
2025-12-31 14:40:00,2.33225,2.33329,2.33207,2.33323,306
2025-12-31 14:45:00,2.33322,2.3340199999999998,2.33279,2.33362,335
2025-12-31 14:50:00,2.33363,2.33418,2.33308,2.33311,319
2025-12-31 14:55:00,2.3331,2.33396,2.333,2.33345,392
2025-12-31 15:00:00,2.3335,2.33502,2.33344,2.33424,414
2025-12-31 15:05:00,2.33425,2.33627,2.33417,2.33535,399
2025-12-31 15:10:00,2.33533,2.33587,2.33495,2.33539,291
2025-12-31 15:15:00,2.33538,2.33598,2.33474,2.33598,330
2025-12-31 15:20:00,2.33598,2.33603,2.33517,2.33549,362
2025-12-31 15:25:00,2.33588,2.33624,2.33474,2.33499,320
2025-12-31 15:30:00,2.33493,2.33632,2.33459,2.33498,448
2025-12-31 15:35:00,2.335,2.33515,2.33387,2.3345000000000002,428
2025-12-31 15:40:00,2.33441,2.3344300000000002,2.33296,2.33342,327
2025-12-31 15:45:00,2.33334,2.3334099999999998,2.33167,2.3321,419
2025-12-31 15:50:00,2.33211,2.33233,2.33117,2.33196,389
2025-12-31 15:55:00,2.33194,2.3326700000000002,2.3318,2.33242,429
2025-12-31 16:00:00,2.33243,2.33385,2.33188,2.3338200000000002,532
2025-12-31 16:05:00,2.33383,2.33392,2.33235,2.33243,461
2025-12-31 16:10:00,2.3324,2.33365,2.33239,2.33325,365
2025-12-31 16:15:00,2.33327,2.33399,2.33286,2.33364,397
2025-12-31 16:20:00,2.33365,2.33386,2.33298,2.33307,373
2025-12-31 16:25:00,2.33309,2.33403,2.33293,2.334,351
2025-12-31 16:30:00,2.33401,2.33419,2.33251,2.33271,412
2025-12-31 16:35:00,2.3327,2.3339,2.33252,2.3333,406
2025-12-31 16:40:00,2.3332800000000002,2.33371,2.33197,2.3322599999999998,408
2025-12-31 16:45:00,2.33224,2.33302,2.3315799999999998,2.33275,428
2025-12-31 16:50:00,2.33284,2.33306,2.33181,2.33253,374
2025-12-31 16:55:00,2.3325,2.33285,2.33176,2.3324,420
2025-12-31 17:00:00,2.33239,2.33331,2.33168,2.33248,493
2025-12-31 17:05:00,2.3325,2.33288,2.33207,2.33231,498
2025-12-31 17:10:00,2.33228,2.33249,2.33105,2.3320600000000002,458
2025-12-31 17:15:00,2.33205,2.3322,2.33067,2.33177,491
2025-12-31 17:20:00,2.33183,2.3322,2.33078,2.33214,447
2025-12-31 17:25:00,2.33207,2.3334099999999998,2.33127,2.33309,485
2025-12-31 17:30:00,2.33311,2.33457,2.33294,2.33405,461
2025-12-31 17:35:00,2.33403,2.33613,2.33403,2.33561,475
2025-12-31 17:40:00,2.33562,2.3375500000000002,2.33558,2.33753,461
2025-12-31 17:45:00,2.33752,2.33861,2.33669,2.33821,520
2025-12-31 17:50:00,2.3382,2.3404,2.3374,2.3393800000000002,644
2025-12-31 17:55:00,2.33925,2.34018,2.33726,2.33891,758
2025-12-31 18:00:00,2.3387700000000002,2.34013,2.33814,2.33925,701
2025-12-31 18:05:00,2.33926,2.3401,2.33878,2.33947,496
2025-12-31 18:10:00,2.33952,2.33991,2.33881,2.33923,456
2025-12-31 18:15:00,2.3392,2.33926,2.33839,2.33893,369
2025-12-31 18:20:00,2.33891,2.33905,2.3379,2.33892,444
2025-12-31 18:25:00,2.3388999999999998,2.33923,2.33827,2.33885,370
2025-12-31 18:30:00,2.33879,2.3393100000000002,2.33834,2.33875,411
2025-12-31 18:35:00,2.33872,2.33872,2.33702,2.3376799999999998,450
2025-12-31 18:40:00,2.33763,2.33811,2.33723,2.33805,383
2025-12-31 18:45:00,2.33765,2.33812,2.33661,2.33667,405
2025-12-31 18:50:00,2.3370699999999998,2.33723,2.33639,2.33654,374
2025-12-31 18:55:00,2.33656,2.33735,2.33641,2.33697,418
2025-12-31 19:00:00,2.33698,2.33698,2.33589,2.33637,402
2025-12-31 19:05:00,2.3363300000000002,2.33637,2.33557,2.33602,286
2025-12-31 19:10:00,2.33603,2.33654,2.33581,2.33602,333
2025-12-31 19:15:00,2.33603,2.33697,2.33568,2.33691,357
2025-12-31 19:20:00,2.33692,2.33751,2.33644,2.33699,280
2025-12-31 19:25:00,2.33702,2.33778,2.3369400000000002,2.33724,253
2025-12-31 19:30:00,2.33723,2.3375500000000002,2.33647,2.33712,288
2025-12-31 19:35:00,2.33712,2.33722,2.3365,2.33673,297
2025-12-31 19:40:00,2.33672,2.33723,2.3363,2.33636,306
2025-12-31 19:45:00,2.33676,2.33803,2.33645,2.3374800000000002,312
2025-12-31 19:50:00,2.3375,2.33769,2.33662,2.33706,382
2025-12-31 19:55:00,2.3374800000000002,2.3377,2.33686,2.33692,454
2025-12-31 20:00:00,2.3369400000000002,2.33788,2.3367,2.33705,460
2025-12-31 20:05:00,2.33706,2.33813,2.33706,2.33777,323
2025-12-31 20:10:00,2.33772,2.33833,2.33745,2.33769,240
2025-12-31 20:15:00,2.33771,2.33832,2.33744,2.3382,261
2025-12-31 20:20:00,2.33825,2.33827,2.33746,2.33787,306
2025-12-31 20:25:00,2.33786,2.33833,2.33764,2.33805,289
2025-12-31 20:30:00,2.33804,2.33815,2.33731,2.33785,286
2025-12-31 20:35:00,2.33783,2.33821,2.33772,2.338,167
2025-12-31 20:40:00,2.33798,2.3387000000000002,2.3374800000000002,2.33824,247
2025-12-31 20:45:00,2.33826,2.33862,2.33796,2.33838,188
2025-12-31 20:50:00,2.33837,2.33848,2.33769,2.33783,215
2025-12-31 20:55:00,2.33784,2.33853,2.33762,2.33852,282
2025-12-31 21:00:00,2.33855,2.33874,2.33782,2.33862,291
2025-12-31 21:05:00,2.33863,2.3389699999999998,2.33808,2.33851,254
2025-12-31 21:10:00,2.33845,2.33935,2.33845,2.33921,208
2025-12-31 21:15:00,2.33919,2.33926,2.33859,2.33898,166
2025-12-31 21:20:00,2.33899,2.33923,2.33861,2.33898,199
2025-12-31 21:25:00,2.33899,2.3391,2.33858,2.33868,186
2025-12-31 21:30:00,2.33865,2.33939,2.33861,2.33939,253
2025-12-31 21:35:00,2.3394,2.3395099999999998,2.3388,2.33927,251
2025-12-31 21:40:00,2.33928,2.33928,2.33837,2.33837,197
2025-12-31 21:45:00,2.33839,2.33911,2.33839,2.33894,241
2025-12-31 21:50:00,2.33916,2.33937,2.33864,2.3389699999999998,260
2025-12-31 21:55:00,2.33896,2.34015,2.33864,2.33993,335
2025-12-31 22:00:00,2.33992,2.34042,2.33943,2.33995,350
2025-12-31 22:05:00,2.33994,2.34109,2.33962,2.34105,204
2025-12-31 22:10:00,2.34104,2.34173,2.3406000000000002,2.34133,203
2025-12-31 22:15:00,2.34129,2.34186,2.34118,2.34129,206
2025-12-31 22:20:00,2.34131,2.34188,2.34118,2.34184,204
2025-12-31 22:25:00,2.34183,2.342,2.34139,2.34158,171
2025-12-31 22:30:00,2.34157,2.34201,2.341,2.3414099999999998,183
2025-12-31 22:35:00,2.3414099999999998,2.34181,2.34122,2.34169,243
2025-12-31 22:40:00,2.34173,2.34199,2.34107,2.34154,207
2025-12-31 22:45:00,2.34156,2.3419,2.34104,2.34117,203
2025-12-31 22:50:00,2.34126,2.34165,2.34067,2.34106,258
2025-12-31 22:55:00,2.34104,2.34187,2.3406000000000002,2.34142,337
2025-12-31 23:00:00,2.34064,2.34193,2.34045,2.34066,264
2025-12-31 23:05:00,2.34068,2.34114,2.34055,2.34094,141
2025-12-31 23:10:00,2.34093,2.34123,2.34081,2.3411,149
2025-12-31 23:15:00,2.34111,2.34156,2.3407999999999998,2.3414099999999998,96
2025-12-31 23:20:00,2.34142,2.34219,2.34131,2.34136,108
2025-12-31 23:25:00,2.34137,2.3417,2.34102,2.34139,159
2025-12-31 23:30:00,2.3413,2.34156,2.341,2.34124,71
2025-12-31 23:35:00,2.34122,2.34192,2.34115,2.34115,62
2025-12-31 23:40:00,2.34113,2.34145,2.33922,2.3395,88
2025-12-31 23:45:00,2.33948,2.34005,2.33925,2.34,217
2025-12-31 23:50:00,2.34001,2.34033,2.33937,2.34021,251
2025-12-31 23:55:00,2.34093,2.34093,2.33841,2.33844,91
2026-01-02 00:00:00,2.3362600000000002,2.3362600000000002,2.3362600000000002,2.3362600000000002,4
2026-01-02 00:05:00,2.3362600000000002,2.3362600000000002,2.33562,2.33578,24
2026-01-02 00:10:00,2.33578,2.3359199999999998,2.33492,2.33508,97
2026-01-02 00:15:00,2.33506,2.33584,2.33447,2.33582,72
2026-01-02 00:20:00,2.3357,2.33614,2.33526,2.33574,58
2026-01-02 00:25:00,2.3359199999999998,2.33648,2.33576,2.33641,202
2026-01-02 00:30:00,2.3364,2.33664,2.3358,2.3364599999999998,82
2026-01-02 00:35:00,2.3364599999999998,2.33686,2.33608,2.33676,140
2026-01-02 00:40:00,2.33676,2.33682,2.33606,2.33628,114
2026-01-02 00:45:00,2.33628,2.33634,2.33528,2.33546,80
2026-01-02 00:50:00,2.33546,2.33574,2.33446,2.33574,93
2026-01-02 00:55:00,2.33574,2.3364599999999998,2.33564,2.33628,207
2026-01-02 01:00:00,2.3384,2.34174,2.33822,2.34062,152
2026-01-02 01:05:00,2.34055,2.34118,2.34,2.34042,117
2026-01-02 01:10:00,2.34045,2.34061,2.33957,2.34015,127
2026-01-02 01:15:00,2.34016,2.34131,2.33928,2.3405,225
2026-01-02 01:20:00,2.34049,2.34119,2.34006,2.34069,199
2026-01-02 01:25:00,2.34067,2.34067,2.33969,2.34034,107
2026-01-02 01:30:00,2.34035,2.34069,2.33927,2.33936,106
2026-01-02 01:35:00,2.33937,2.34007,2.33896,2.33956,93
2026-01-02 01:40:00,2.33955,2.33994,2.33936,2.33953,98
2026-01-02 01:45:00,2.33968,2.34041,2.33927,2.34024,108
2026-01-02 01:50:00,2.34023,2.3404,2.33979,2.33979,59
2026-01-02 01:55:00,2.33979,2.34016,2.33957,2.33997,79
2026-01-02 02:00:00,2.33996,2.3412,2.33996,2.34111,136
2026-01-02 02:05:00,2.34071,2.34127,2.34031,2.34037,146
2026-01-02 02:10:00,2.34077,2.34143,2.34068,2.34133,140
2026-01-02 02:15:00,2.34137,2.34177,2.34092,2.34144,126
2026-01-02 02:20:00,2.34145,2.34205,2.3414,2.3418900000000002,141
2026-01-02 02:25:00,2.34191,2.34198,2.34124,2.34163,90
2026-01-02 02:30:00,2.34163,2.34166,2.34129,2.34138,128
2026-01-02 02:35:00,2.34138,2.3414099999999998,2.34072,2.34133,149
2026-01-02 02:40:00,2.34107,2.34143,2.34097,2.34107,129
2026-01-02 02:45:00,2.34108,2.34113,2.33991,2.34049,186
2026-01-02 02:50:00,2.34051,2.34081,2.34015,2.34061,174
2026-01-02 02:55:00,2.3406000000000002,2.34064,2.33854,2.33902,186
2026-01-02 03:00:00,2.339,2.3393800000000002,2.33794,2.33881,249
2026-01-02 03:05:00,2.33882,2.33886,2.33788,2.33793,246
2026-01-02 03:10:00,2.338,2.3391,2.33796,2.3388999999999998,226
2026-01-02 03:15:00,2.33887,2.33925,2.33804,2.33871,211
2026-01-02 03:20:00,2.3386,2.33892,2.33827,2.3386,162
2026-01-02 03:25:00,2.33862,2.33878,2.33798,2.33842,150
2026-01-02 03:30:00,2.33845,2.33868,2.33764,2.33841,212
2026-01-02 03:35:00,2.33843,2.33856,2.33732,2.33754,192
2026-01-02 03:40:00,2.33753,2.33753,2.33659,2.33704,180
2026-01-02 03:45:00,2.33697,2.338,2.33691,2.33751,182
2026-01-02 03:50:00,2.3375,2.33823,2.33683,2.33823,201
2026-01-02 03:55:00,2.33828,2.33939,2.33791,2.33815,170
2026-01-02 04:00:00,2.3381600000000002,2.33862,2.33736,2.33752,238
2026-01-02 04:05:00,2.33751,2.3383,2.33734,2.33799,213
2026-01-02 04:10:00,2.33798,2.33872,2.33798,2.33831,159
2026-01-02 04:15:00,2.3382899999999998,2.33894,2.33801,2.33812,168
2026-01-02 04:20:00,2.33812,2.33863,2.33786,2.33856,144
2026-01-02 04:25:00,2.33859,2.33874,2.33789,2.33813,174
2026-01-02 04:30:00,2.33853,2.3389699999999998,2.33812,2.33834,164
2026-01-02 04:35:00,2.3383599999999998,2.3387000000000002,2.33815,2.33821,210
2026-01-02 04:40:00,2.33823,2.33849,2.33795,2.33808,163
2026-01-02 04:45:00,2.3381600000000002,2.33899,2.3381600000000002,2.33847,199
2026-01-02 04:50:00,2.33845,2.33928,2.33845,2.3387000000000002,157
2026-01-02 04:55:00,2.33871,2.33895,2.3382899999999998,2.33861,160
2026-01-02 05:00:00,2.33862,2.33875,2.33778,2.33848,157
2026-01-02 05:05:00,2.33842,2.33907,2.33802,2.33871,160
2026-01-02 05:10:00,2.3387000000000002,2.33929,2.33819,2.33831,96
2026-01-02 05:15:00,2.33832,2.33912,2.33808,2.33844,156
2026-01-02 05:20:00,2.33843,2.33843,2.33776,2.33827,116
2026-01-02 05:25:00,2.33825,2.33896,2.33782,2.33822,136
2026-01-02 05:30:00,2.33822,2.3388,2.33786,2.33853,128
2026-01-02 05:35:00,2.33851,2.3393100000000002,2.33846,2.33917,136
2026-01-02 05:40:00,2.33918,2.33918,2.3384,2.33846,142
2026-01-02 05:45:00,2.33848,2.33851,2.33767,2.33828,135
2026-01-02 05:50:00,2.33789,2.33832,2.33765,2.33776,174
2026-01-02 05:55:00,2.33819,2.33851,2.33753,2.33754,164
2026-01-02 06:00:00,2.33753,2.33815,2.33722,2.33753,182
2026-01-02 06:05:00,2.33752,2.33899,2.33752,2.33861,137
2026-01-02 06:10:00,2.33863,2.33955,2.33863,2.339,136
2026-01-02 06:15:00,2.33899,2.33933,2.3386,2.3388,153
2026-01-02 06:20:00,2.33881,2.33935,2.33856,2.33914,146
2026-01-02 06:25:00,2.33918,2.33918,2.3385,2.33875,135
2026-01-02 06:30:00,2.33874,2.33969,2.33865,2.33961,157
2026-01-02 06:35:00,2.33963,2.33974,2.339,2.3391,141
2026-01-02 06:40:00,2.33908,2.33954,2.33874,2.33926,136
2026-01-02 06:45:00,2.33929,2.3395099999999998,2.33838,2.33855,158
2026-01-02 06:50:00,2.33853,2.33964,2.33818,2.33939,128
2026-01-02 06:55:00,2.33937,2.33982,2.33914,2.33978,164
2026-01-02 07:00:00,2.33981,2.34045,2.3394,2.3399900000000002,134
2026-01-02 07:05:00,2.33997,2.34037,2.33921,2.33962,136
2026-01-02 07:10:00,2.3396,2.33979,2.33867,2.3388,107
2026-01-02 07:15:00,2.33883,2.33965,2.33879,2.33959,140
2026-01-02 07:20:00,2.33961,2.33978,2.33887,2.33966,139
2026-01-02 07:25:00,2.33964,2.33994,2.33917,2.33964,134
2026-01-02 07:30:00,2.3396,2.33977,2.33896,2.33937,77
2026-01-02 07:35:00,2.33935,2.33966,2.33896,2.33942,108
2026-01-02 07:40:00,2.33962,2.34008,2.33912,2.33913,109
2026-01-02 07:45:00,2.33912,2.34003,2.33908,2.33925,132
2026-01-02 07:50:00,2.33918,2.33988,2.33911,2.33925,130
2026-01-02 07:55:00,2.33926,2.33944,2.33858,2.33909,219
2026-01-02 08:00:00,2.33909,2.33926,2.3383599999999998,2.33852,190
2026-01-02 08:05:00,2.33854,2.33914,2.33828,2.33914,199
2026-01-02 08:10:00,2.33915,2.33916,2.33782,2.33782,203
2026-01-02 08:15:00,2.33789,2.33872,2.33784,2.33819,156
2026-01-02 08:20:00,2.33819,2.3383599999999998,2.3372,2.33811,167
2026-01-02 08:25:00,2.3379,2.3382899999999998,2.33732,2.33814,205
2026-01-02 08:30:00,2.3382,2.33869,2.3378,2.33849,139
2026-01-02 08:35:00,2.33848,2.33869,2.33793,2.3386,137
2026-01-02 08:40:00,2.3382,2.33879,2.33811,2.33835,137
2026-01-02 08:45:00,2.33833,2.33884,2.33825,2.33876,123
2026-01-02 08:50:00,2.33875,2.3395,2.3381600000000002,2.33948,188
2026-01-02 08:55:00,2.3394,2.33978,2.33896,2.33949,202
2026-01-02 09:00:00,2.3395099999999998,2.33962,2.33798,2.33845,342
2026-01-02 09:05:00,2.33847,2.33891,2.33814,2.33891,243
2026-01-02 09:10:00,2.3385,2.339,2.33789,2.33834,234
2026-01-02 09:15:00,2.33837,2.33873,2.33738,2.33738,247
2026-01-02 09:20:00,2.33739,2.33845,2.33668,2.33839,244
2026-01-02 09:25:00,2.33838,2.33842,2.33709,2.3377,243
2026-01-02 09:30:00,2.33773,2.33785,2.33667,2.33705,285
2026-01-02 09:35:00,2.33746,2.3375,2.33605,2.33605,258
2026-01-02 09:40:00,2.33604,2.33649,2.33533,2.33613,257
2026-01-02 09:45:00,2.33614,2.33634,2.33528,2.33584,256
2026-01-02 09:50:00,2.33588,2.33614,2.33527,2.33611,250
2026-01-02 09:55:00,2.3361,2.3362600000000002,2.33527,2.33552,338
2026-01-02 10:00:00,2.33551,2.33587,2.3346999999999998,2.33574,497
2026-01-02 10:05:00,2.3357200000000002,2.33574,2.33414,2.33458,415
2026-01-02 10:10:00,2.33417,2.33425,2.33295,2.33337,334
2026-01-02 10:15:00,2.33343,2.33354,2.33284,2.33353,407
2026-01-02 10:20:00,2.33363,2.33403,2.33297,2.3332,352
2026-01-02 10:25:00,2.33314,2.33457,2.333,2.33442,302
2026-01-02 10:30:00,2.33435,2.33494,2.33362,2.33447,343
2026-01-02 10:35:00,2.33485,2.33502,2.33387,2.33401,296
2026-01-02 10:40:00,2.33398,2.33442,2.33314,2.33326,293
2026-01-02 10:45:00,2.33318,2.33346,2.33162,2.33228,306
2026-01-02 10:50:00,2.33231,2.3324,2.33162,2.33179,336
2026-01-02 10:55:00,2.33175,2.33235,2.3313800000000002,2.33171,370
2026-01-02 11:00:00,2.3317,2.33273,2.3317,2.33216,384
2026-01-02 11:05:00,2.33215,2.33276,2.33118,2.33135,365
2026-01-02 11:10:00,2.33179,2.33292,2.33121,2.33217,346
2026-01-02 11:15:00,2.33217,2.33292,2.33174,2.33249,335
2026-01-02 11:20:00,2.3325,2.33309,2.33232,2.33294,272
2026-01-02 11:25:00,2.33255,2.33318,2.33236,2.33266,273
2026-01-02 11:30:00,2.3326700000000002,2.33309,2.33168,2.33293,306
2026-01-02 11:35:00,2.33293,2.33307,2.33236,2.3324,256
2026-01-02 11:40:00,2.33239,2.33281,2.33202,2.33207,305
2026-01-02 11:45:00,2.33207,2.33271,2.33193,2.33201,231
2026-01-02 11:50:00,2.33203,2.33265,2.33184,2.33232,291
2026-01-02 11:55:00,2.33237,2.33256,2.33174,2.33205,378
2026-01-02 12:00:00,2.3321,2.3321,2.33118,2.33151,308
2026-01-02 12:05:00,2.3315,2.33186,2.33064,2.33064,278
2026-01-02 12:10:00,2.33063,2.3314500000000002,2.3302,2.33093,300
2026-01-02 12:15:00,2.33091,2.33174,2.3309,2.3315,315
2026-01-02 12:20:00,2.33149,2.33155,2.33054,2.33073,248
2026-01-02 12:25:00,2.33072,2.33141,2.33004,2.33039,299
2026-01-02 12:30:00,2.33044,2.33092,2.32996,2.3307,270
2026-01-02 12:35:00,2.33071,2.33102,2.32989,2.33015,245
2026-01-02 12:40:00,2.33015,2.33091,2.33004,2.3308,282
2026-01-02 12:45:00,2.33079,2.33083,2.32946,2.3296799999999998,299
2026-01-02 12:50:00,2.32963,2.33008,2.32908,2.3299,272
2026-01-02 12:55:00,2.32993,2.33024,2.32932,2.33012,287
2026-01-02 13:00:00,2.3301,2.33046,2.3296799999999998,2.3301,210
2026-01-02 13:05:00,2.33012,2.3305,2.32957,2.33038,253
2026-01-02 13:10:00,2.33037,2.33069,2.3295,2.33013,266
2026-01-02 13:15:00,2.33014,2.33086,2.32965,2.32998,275
2026-01-02 13:20:00,2.32995,2.33022,2.32922,2.32923,248
2026-01-02 13:25:00,2.32924,2.32943,2.3283,2.32854,237
2026-01-02 13:30:00,2.32851,2.32921,2.32822,2.3287,270
2026-01-02 13:35:00,2.32873,2.3291,2.32828,2.32863,257
2026-01-02 13:40:00,2.32862,2.32976,2.32834,2.32958,263
2026-01-02 13:45:00,2.32959,2.32996,2.32895,2.32945,263
2026-01-02 13:50:00,2.32944,2.32993,2.32893,2.32921,264
2026-01-02 13:55:00,2.32922,2.32985,2.32886,2.32965,365
2026-01-02 14:00:00,2.32966,2.32971,2.32883,2.3292,371
2026-01-02 14:05:00,2.32919,2.3302300000000002,2.32879,2.33022,370
2026-01-02 14:10:00,2.3302,2.33078,2.32972,2.33027,239
2026-01-02 14:15:00,2.33025,2.33043,2.32939,2.32993,285
2026-01-02 14:20:00,2.32992,2.33045,2.3296799999999998,2.33002,228
2026-01-02 14:25:00,2.33004,2.3306,2.32956,2.32987,260
2026-01-02 14:30:00,2.32987,2.33008,2.32908,2.32979,248
2026-01-02 14:35:00,2.32978,2.33021,2.32956,2.3299,299
2026-01-02 14:40:00,2.32989,2.33042,2.32956,2.33026,265
2026-01-02 14:45:00,2.33027,2.3306,2.32976,2.33003,253
2026-01-02 14:50:00,2.33042,2.33085,2.32997,2.33081,225
2026-01-02 14:55:00,2.33079,2.33115,2.33017,2.3303,272
2026-01-02 15:00:00,2.3302300000000002,2.33087,2.32984,2.32995,348
2026-01-02 15:05:00,2.32994,2.3307700000000002,2.32989,2.33031,252
2026-01-02 15:10:00,2.3303,2.33074,2.32979,2.33042,292
2026-01-02 15:15:00,2.33045,2.33228,2.33028,2.33194,330
2026-01-02 15:20:00,2.33192,2.3325,2.33142,2.33191,401
2026-01-02 15:25:00,2.3319,2.33255,2.33163,2.33186,337
2026-01-02 15:30:00,2.33182,2.33292,2.33177,2.33276,328
2026-01-02 15:35:00,2.33277,2.33281,2.33203,2.33278,320
2026-01-02 15:40:00,2.33276,2.33384,2.33274,2.33335,324
2026-01-02 15:45:00,2.33336,2.33385,2.33243,2.3337,294
2026-01-02 15:50:00,2.33369,2.33421,2.33329,2.33371,335
2026-01-02 15:55:00,2.33369,2.33459,2.33369,2.33414,400
2026-01-02 16:00:00,2.33407,2.33407,2.33261,2.33297,370
2026-01-02 16:05:00,2.33294,2.33412,2.33273,2.33319,333
2026-01-02 16:10:00,2.33323,2.33405,2.33312,2.3338900000000002,254
2026-01-02 16:15:00,2.33388,2.33392,2.33282,2.33323,273
2026-01-02 16:20:00,2.33322,2.33361,2.33253,2.33351,335
2026-01-02 16:25:00,2.33354,2.33418,2.33239,2.33239,293
2026-01-02 16:30:00,2.33241,2.33294,2.33109,2.33109,509
2026-01-02 16:35:00,2.33113,2.33249,2.33113,2.33247,494
2026-01-02 16:40:00,2.33249,2.33252,2.33162,2.33162,379
2026-01-02 16:45:00,2.33159,2.33246,2.33152,2.3322599999999998,419
2026-01-02 16:50:00,2.33222,2.33284,2.33162,2.3322,437
2026-01-02 16:55:00,2.3321899999999998,2.33235,2.33146,2.33195,469
2026-01-02 17:00:00,2.33165,2.33268,2.33122,2.33211,451
2026-01-02 17:05:00,2.3321,2.33323,2.3315799999999998,2.33242,471
2026-01-02 17:10:00,2.33246,2.33366,2.33225,2.3332100000000002,433
2026-01-02 17:15:00,2.33322,2.33401,2.33319,2.33324,428
2026-01-02 17:20:00,2.33362,2.33439,2.33285,2.3338900000000002,457
2026-01-02 17:25:00,2.33429,2.33559,2.3340199999999998,2.33501,480
2026-01-02 17:30:00,2.33502,2.33597,2.33485,2.33519,466
2026-01-02 17:35:00,2.3352,2.33584,2.3349,2.33566,467
2026-01-02 17:40:00,2.33567,2.33689,2.33553,2.33637,509
2026-01-02 17:45:00,2.33638,2.3368,2.33569,2.33598,451
2026-01-02 17:50:00,2.336,2.33736,2.33569,2.33732,554
2026-01-02 17:55:00,2.33733,2.33885,2.33698,2.33802,623
2026-01-02 18:00:00,2.33803,2.33898,2.33794,2.33898,627
2026-01-02 18:05:00,2.3389699999999998,2.33957,2.33857,2.33919,471
2026-01-02 18:10:00,2.33919,2.33955,2.33824,2.33824,432
2026-01-02 18:15:00,2.33823,2.33879,2.33761,2.33867,435
2026-01-02 18:20:00,2.33863,2.33902,2.33801,2.3382899999999998,419
2026-01-02 18:25:00,2.33833,2.33862,2.3377,2.33827,422
2026-01-02 18:30:00,2.33824,2.33866,2.33782,2.33797,437
2026-01-02 18:35:00,2.338,2.33837,2.33734,2.3374800000000002,407
2026-01-02 18:40:00,2.33747,2.3381,2.3372,2.33777,407
2026-01-02 18:45:00,2.33779,2.33807,2.33682,2.33723,356
2026-01-02 18:50:00,2.33723,2.33786,2.33672,2.33786,341
2026-01-02 18:55:00,2.33788,2.33815,2.33727,2.33772,381
2026-01-02 19:00:00,2.3377,2.3377,2.3366,2.33736,411
2026-01-02 19:05:00,2.33697,2.33733,2.33613,2.33618,367
2026-01-02 19:10:00,2.33618,2.33658,2.33521,2.33541,332
2026-01-02 19:15:00,2.33542,2.33612,2.33523,2.33551,289
2026-01-02 19:20:00,2.33552,2.3363300000000002,2.33552,2.33593,323
2026-01-02 19:25:00,2.33591,2.33632,2.33521,2.33526,292
2026-01-02 19:30:00,2.33527,2.33591,2.33502,2.3355,350
2026-01-02 19:35:00,2.33551,2.33561,2.33493,2.33533,282
2026-01-02 19:40:00,2.33532,2.33548,2.33442,2.33445,267
2026-01-02 19:45:00,2.33449,2.33533,2.33429,2.33508,307
2026-01-02 19:50:00,2.33512,2.3353099999999998,2.3342,2.33476,306
2026-01-02 19:55:00,2.33479,2.33479,2.3338900000000002,2.3338900000000002,291
2026-01-02 20:00:00,2.3339,2.33445,2.33379,2.3343,308
2026-01-02 20:05:00,2.33435,2.33485,2.33385,2.33471,261
2026-01-02 20:10:00,2.33472,2.33482,2.3342,2.3346299999999998,218
2026-01-02 20:15:00,2.33461,2.33477,2.33379,2.33421,307
2026-01-02 20:20:00,2.33421,2.33474,2.3338,2.33428,232
2026-01-02 20:25:00,2.3343,2.33464,2.33395,2.33446,259
2026-01-02 20:30:00,2.33447,2.3346299999999998,2.33385,2.33394,282
2026-01-02 20:35:00,2.33392,2.33468,2.33384,2.33412,253
2026-01-02 20:40:00,2.33412,2.33509,2.33399,2.33466,258
2026-01-02 20:45:00,2.33465,2.335,2.33405,2.33483,305
2026-01-02 20:50:00,2.33485,2.33494,2.33386,2.33408,276
2026-01-02 20:55:00,2.33403,2.33475,2.33397,2.33419,247
2026-01-02 21:00:00,2.3342,2.33465,2.33365,2.33405,292
2026-01-02 21:05:00,2.33386,2.33406,2.33331,2.33362,281
2026-01-02 21:10:00,2.33366,2.33404,2.33335,2.33363,270
2026-01-02 21:15:00,2.33374,2.33418,2.3334799999999998,2.33406,286
2026-01-02 21:20:00,2.33407,2.33427,2.3334799999999998,2.33349,242
2026-01-02 21:25:00,2.3335,2.33413,2.33331,2.33397,250
2026-01-02 21:30:00,2.33399,2.33404,2.33299,2.33311,240
2026-01-02 21:35:00,2.3331,2.33372,2.3329,2.33296,237
2026-01-02 21:40:00,2.33297,2.33347,2.33292,2.33307,207
2026-01-02 21:45:00,2.33304,2.33355,2.33253,2.33253,231
2026-01-02 21:50:00,2.33254,2.3334799999999998,2.33254,2.33284,241
2026-01-02 21:55:00,2.33285,2.33349,2.33261,2.33318,329
2026-01-02 22:00:00,2.33312,2.33373,2.33277,2.33329,303
2026-01-02 22:05:00,2.3332800000000002,2.33331,2.33276,2.33294,300
2026-01-02 22:10:00,2.33295,2.33306,2.33243,2.33263,205
2026-01-02 22:15:00,2.33263,2.33345,2.33263,2.33317,208
2026-01-02 22:20:00,2.33315,2.33342,2.33279,2.3328699999999998,192
2026-01-02 22:25:00,2.33286,2.33336,2.33281,2.33283,209
2026-01-02 22:30:00,2.33284,2.33332,2.33269,2.33275,219
2026-01-02 22:35:00,2.33274,2.33333,2.33271,2.33329,171
2026-01-02 22:40:00,2.3332800000000002,2.33332,2.3327,2.33305,241
2026-01-02 22:45:00,2.33308,2.33337,2.33293,2.33305,235
2026-01-02 22:50:00,2.33303,2.33318,2.33248,2.33289,272
2026-01-02 22:55:00,2.33291,2.3334799999999998,2.33265,2.33318,279
2026-01-02 23:00:00,2.33246,2.33253,2.33152,2.33218,214
2026-01-02 23:05:00,2.3323,2.33292,2.33216,2.33268,127
2026-01-02 23:10:00,2.3326700000000002,2.3327999999999998,2.33229,2.33261,140
2026-01-02 23:15:00,2.33259,2.33262,2.33191,2.33234,98
2026-01-02 23:20:00,2.33233,2.3326700000000002,2.33211,2.33259,119
2026-01-02 23:25:00,2.33263,2.33264,2.33181,2.33229,155
2026-01-02 23:30:00,2.3323,2.3326000000000002,2.33165,2.33213,138
2026-01-02 23:35:00,2.33212,2.33301,2.33207,2.33259,183
2026-01-02 23:40:00,2.33261,2.333,2.3321899999999998,2.33241,195
2026-01-02 23:45:00,2.3324,2.3324,2.33132,2.3315,163
2026-01-02 23:50:00,2.33152,2.33242,2.33152,2.33161,285
2026-01-02 23:55:00,2.33178,2.33187,2.3303599999999998,2.33072,204
2026-01-05 00:00:00,2.33176,2.33216,2.33092,2.33094,13
2026-01-05 00:05:00,2.33146,2.33228,2.3309,2.3322599999999998,108
2026-01-05 00:10:00,2.3322599999999998,2.33318,2.3322599999999998,2.3329,76
2026-01-05 00:15:00,2.33335,2.33421,2.33329,2.33415,80
2026-01-05 00:20:00,2.33416,2.3344,2.33322,2.33327,86
2026-01-05 00:25:00,2.33269,2.3340199999999998,2.33266,2.33379,83
2026-01-05 00:30:00,2.33377,2.33378,2.33214,2.33242,116
2026-01-05 00:35:00,2.33242,2.33245,2.33182,2.33235,97
2026-01-05 00:40:00,2.33236,2.33268,2.3318,2.33218,143
2026-01-05 00:45:00,2.3322,2.3334799999999998,2.3320600000000002,2.3332100000000002,166
2026-01-05 00:50:00,2.33322,2.33355,2.33236,2.33245,185
2026-01-05 00:55:00,2.33245,2.33767,2.332,2.33399,348
2026-01-05 01:00:00,2.33425,2.33534,2.33242,2.3326700000000002,262
2026-01-05 01:05:00,2.33272,2.33359,2.33144,2.3334799999999998,265
2026-01-05 01:10:00,2.33357,2.33392,2.333,2.33324,121
2026-01-05 01:15:00,2.33324,2.33335,2.33185,2.33225,153
2026-01-05 01:20:00,2.33224,2.33354,2.33186,2.33347,166
2026-01-05 01:25:00,2.33365,2.33388,2.33294,2.33327,154
2026-01-05 01:30:00,2.33326,2.33436,2.33282,2.33332,272
2026-01-05 01:35:00,2.33334,2.33453,2.33326,2.33411,195
2026-01-05 01:40:00,2.33411,2.33625,2.3338200000000002,2.33502,217
2026-01-05 01:45:00,2.33501,2.33555,2.33428,2.33546,251
2026-01-05 01:50:00,2.33545,2.33602,2.33455,2.33497,288
2026-01-05 01:55:00,2.33491,2.33526,2.33413,2.33462,200
2026-01-05 02:00:00,2.33462,2.33628,2.33433,2.3357,358
2026-01-05 02:05:00,2.3359,2.33655,2.33529,2.33614,316
2026-01-05 02:10:00,2.33609,2.33623,2.33464,2.33514,262
2026-01-05 02:15:00,2.3351100000000002,2.33521,2.33312,2.33352,265
2026-01-05 02:20:00,2.33353,2.33364,2.3326700000000002,2.33356,258
2026-01-05 02:25:00,2.33353,2.33398,2.3331,2.33372,245
2026-01-05 02:30:00,2.3337,2.33465,2.33369,2.33457,260
2026-01-05 02:35:00,2.33459,2.33507,2.33418,2.3346999999999998,266
2026-01-05 02:40:00,2.33468,2.33579,2.33454,2.33471,248
2026-01-05 02:45:00,2.33469,2.33564,2.33457,2.33469,261
2026-01-05 02:50:00,2.33471,2.33559,2.33444,2.3350400000000002,295
2026-01-05 02:55:00,2.33503,2.33613,2.33485,2.33564,323
2026-01-05 03:00:00,2.33577,2.33721,2.33513,2.33634,445
2026-01-05 03:05:00,2.33618,2.33674,2.3359,2.33661,348
2026-01-05 03:10:00,2.33661,2.33796,2.33658,2.33715,358
2026-01-05 03:15:00,2.33716,2.33739,2.33615,2.3368,381
2026-01-05 03:20:00,2.33679,2.33741,2.33659,2.33692,369
2026-01-05 03:25:00,2.33685,2.33708,2.33502,2.33529,343
2026-01-05 03:30:00,2.33527,2.3358,2.33506,2.33557,362
2026-01-05 03:35:00,2.33563,2.3356500000000002,2.33388,2.33429,316
2026-01-05 03:40:00,2.33427,2.3344,2.33346,2.33397,280
2026-01-05 03:45:00,2.3340199999999998,2.33464,2.33339,2.33416,283
2026-01-05 03:50:00,2.33414,2.33523,2.33387,2.33428,379
2026-01-05 03:55:00,2.33431,2.335,2.33374,2.33425,353
2026-01-05 04:00:00,2.33427,2.33491,2.33302,2.33421,357
2026-01-05 04:05:00,2.33381,2.33517,2.33351,2.33516,324
2026-01-05 04:10:00,2.33515,2.33519,2.33399,2.33441,240
2026-01-05 04:15:00,2.3344,2.33508,2.33411,2.33432,263
2026-01-05 04:20:00,2.33414,2.33441,2.33362,2.33388,250
2026-01-05 04:25:00,2.33386,2.33423,2.33313,2.33313,214
2026-01-05 04:30:00,2.33311,2.33368,2.33222,2.33232,278
2026-01-05 04:35:00,2.33224,2.33239,2.33041,2.33044,303
2026-01-05 04:40:00,2.33045,2.33096,2.3298,2.3299,311
2026-01-05 04:45:00,2.32989,2.33112,2.32981,2.33102,297
2026-01-05 04:50:00,2.33103,2.33123,2.3302,2.33103,305
2026-01-05 04:55:00,2.33081,2.3317,2.33061,2.33155,248
2026-01-05 05:00:00,2.33157,2.33236,2.33124,2.33234,283
2026-01-05 05:05:00,2.33235,2.3324,2.33143,2.33207,226
2026-01-05 05:10:00,2.3321,2.33214,2.3311,2.33171,225
2026-01-05 05:15:00,2.3317,2.33232,2.33128,2.33184,268
2026-01-05 05:20:00,2.33183,2.33252,2.33146,2.33191,268
2026-01-05 05:25:00,2.33192,2.33279,2.33131,2.33189,361
2026-01-05 05:30:00,2.33188,2.33213,2.33131,2.3319900000000002,239
2026-01-05 05:35:00,2.332,2.33231,2.33155,2.3315799999999998,271
2026-01-05 05:40:00,2.33161,2.33182,2.3309699999999998,2.33165,200
2026-01-05 05:45:00,2.33164,2.33259,2.33116,2.33229,172
2026-01-05 05:50:00,2.33231,2.33278,2.33205,2.33224,196
2026-01-05 05:55:00,2.3322599999999998,2.33289,2.33207,2.33269,229
2026-01-05 06:00:00,2.33271,2.3338900000000002,2.33269,2.33326,351
2026-01-05 06:05:00,2.3332800000000002,2.33381,2.33271,2.3333,179
2026-01-05 06:10:00,2.33332,2.33448,2.33329,2.33448,216
2026-01-05 06:15:00,2.33446,2.33494,2.33416,2.33429,198
2026-01-05 06:20:00,2.3343,2.33562,2.33423,2.33519,193
2026-01-05 06:25:00,2.33518,2.33611,2.33458,2.33543,216
2026-01-05 06:30:00,2.33542,2.33623,2.33542,2.33593,249
2026-01-05 06:35:00,2.33599,2.33639,2.33548,2.33635,223
2026-01-05 06:40:00,2.33636,2.33644,2.33519,2.33523,212
2026-01-05 06:45:00,2.33523,2.33573,2.33482,2.3353,257
2026-01-05 06:50:00,2.3353099999999998,2.3353099999999998,2.33432,2.33482,180
2026-01-05 06:55:00,2.33484,2.33495,2.33378,2.3345000000000002,296
2026-01-05 07:00:00,2.33444,2.33477,2.33375,2.33459,232
2026-01-05 07:05:00,2.33458,2.33468,2.33378,2.3346299999999998,202
2026-01-05 07:10:00,2.33461,2.33533,2.33456,2.3351,153
2026-01-05 07:15:00,2.33509,2.33571,2.3346999999999998,2.33556,216
2026-01-05 07:20:00,2.33556,2.33564,2.33448,2.33464,178
2026-01-05 07:25:00,2.33465,2.33576,2.33465,2.3353099999999998,230
2026-01-05 07:30:00,2.33535,2.33608,2.33532,2.33553,218
2026-01-05 07:35:00,2.33554,2.33571,2.33448,2.33452,217
2026-01-05 07:40:00,2.3345000000000002,2.33453,2.33336,2.33374,209
2026-01-05 07:45:00,2.33378,2.3340199999999998,2.33299,2.33392,210
2026-01-05 07:50:00,2.33391,2.33434,2.33333,2.33343,220
2026-01-05 07:55:00,2.33343,2.33398,2.33316,2.33342,243
2026-01-05 08:00:00,2.3334,2.33353,2.33257,2.3332,222
2026-01-05 08:05:00,2.33281,2.33355,2.33271,2.3334799999999998,240
2026-01-05 08:10:00,2.33347,2.33453,2.33347,2.33441,291
2026-01-05 08:15:00,2.3344,2.33453,2.33356,2.33427,234
2026-01-05 08:20:00,2.33428,2.33458,2.33325,2.33375,203
2026-01-05 08:25:00,2.33376,2.3343,2.3334799999999998,2.33361,235
2026-01-05 08:30:00,2.33367,2.33439,2.33339,2.33363,181
2026-01-05 08:35:00,2.33367,2.33447,2.33316,2.33379,253
2026-01-05 08:40:00,2.33377,2.33476,2.33377,2.33439,221
2026-01-05 08:45:00,2.33437,2.33438,2.33336,2.33378,211
2026-01-05 08:50:00,2.33375,2.33469,2.33366,2.3338,185
2026-01-05 08:55:00,2.33379,2.33422,2.33333,2.33396,246
2026-01-05 09:00:00,2.33398,2.33445,2.33245,2.33294,419
2026-01-05 09:05:00,2.33293,2.33307,2.3319900000000002,2.3326700000000002,337
2026-01-05 09:10:00,2.33268,2.33379,2.33222,2.33367,297
2026-01-05 09:15:00,2.33366,2.33419,2.33334,2.33393,279
2026-01-05 09:20:00,2.33391,2.3344300000000002,2.33351,2.33361,269
2026-01-05 09:25:00,2.3332100000000002,2.33364,2.33265,2.33293,264
2026-01-05 09:30:00,2.33295,2.33412,2.33284,2.33372,336
2026-01-05 09:35:00,2.33369,2.33521,2.33337,2.33483,303
2026-01-05 09:40:00,2.33484,2.3357200000000002,2.33473,2.33501,361
2026-01-05 09:45:00,2.33503,2.33556,2.33374,2.33475,348
2026-01-05 09:50:00,2.33474,2.33519,2.33417,2.3349,288
2026-01-05 09:55:00,2.33489,2.3352399999999998,2.33379,2.33425,378
2026-01-05 10:00:00,2.33427,2.33574,2.33427,2.33527,468
2026-01-05 10:05:00,2.33528,2.33528,2.33374,2.33379,421
2026-01-05 10:10:00,2.3338,2.3346999999999998,2.33335,2.33384,351
2026-01-05 10:15:00,2.33385,2.3351100000000002,2.33352,2.33496,420
2026-01-05 10:20:00,2.33499,2.3354,2.33418,2.33484,379
2026-01-05 10:25:00,2.33444,2.33483,2.33301,2.33317,272
2026-01-05 10:30:00,2.33318,2.3344300000000002,2.33285,2.33399,349
2026-01-05 10:35:00,2.334,2.3354,2.334,2.33515,338
2026-01-05 10:40:00,2.33515,2.33526,2.33395,2.33427,327
2026-01-05 10:45:00,2.33426,2.33467,2.33368,2.33454,327
2026-01-05 10:50:00,2.33453,2.33514,2.3341,2.33456,329
2026-01-05 10:55:00,2.33457,2.33498,2.33363,2.33364,345
2026-01-05 11:00:00,2.3336,2.33472,2.33323,2.33469,344
2026-01-05 11:05:00,2.3346999999999998,2.33497,2.3338900000000002,2.33497,272
2026-01-05 11:10:00,2.33496,2.33536,2.33439,2.33481,317
2026-01-05 11:15:00,2.33484,2.33487,2.33401,2.33442,323
2026-01-05 11:20:00,2.3344300000000002,2.33571,2.33398,2.33544,300
2026-01-05 11:25:00,2.33546,2.33632,2.33506,2.33632,231
2026-01-05 11:30:00,2.33631,2.33651,2.33574,2.33627,269
2026-01-05 11:35:00,2.33628,2.3368700000000002,2.33587,2.33652,312
2026-01-05 11:40:00,2.33654,2.33709,2.33593,2.33676,308
2026-01-05 11:45:00,2.33678,2.33747,2.33636,2.33711,305
2026-01-05 11:50:00,2.33711,2.33752,2.33672,2.33728,301
2026-01-05 11:55:00,2.33729,2.3382,2.33723,2.33756,391
2026-01-05 12:00:00,2.3376,2.33789,2.33667,2.33721,364
2026-01-05 12:05:00,2.33716,2.33757,2.33618,2.33618,336
2026-01-05 12:10:00,2.33619,2.33685,2.33583,2.33642,298
2026-01-05 12:15:00,2.33635,2.3368700000000002,2.33558,2.33569,359
2026-01-05 12:20:00,2.33558,2.336,2.33485,2.33492,315
2026-01-05 12:25:00,2.33493,2.33583,2.33484,2.33581,276
2026-01-05 12:30:00,2.33578,2.33668,2.33538,2.33577,253
2026-01-05 12:35:00,2.33578,2.33642,2.33555,2.33561,279
2026-01-05 12:40:00,2.33562,2.33622,2.33514,2.33564,265
2026-01-05 12:45:00,2.3356,2.33703,2.33551,2.33698,376
2026-01-05 12:50:00,2.33697,2.337,2.33514,2.33596,380
2026-01-05 12:55:00,2.33597,2.33667,2.33538,2.3363300000000002,351
2026-01-05 13:00:00,2.3363,2.33674,2.33562,2.33595,341
2026-01-05 13:05:00,2.33595,2.33689,2.33578,2.33621,323
2026-01-05 13:10:00,2.3362,2.33671,2.3358,2.33614,329
2026-01-05 13:15:00,2.33617,2.33753,2.33617,2.33695,280
2026-01-05 13:20:00,2.33697,2.33762,2.33639,2.33732,302
2026-01-05 13:25:00,2.33692,2.33736,2.33607,2.3371399999999998,345
2026-01-05 13:30:00,2.33715,2.33781,2.33657,2.3378,281
2026-01-05 13:35:00,2.33779,2.33803,2.33692,2.33717,297
2026-01-05 13:40:00,2.33718,2.33822,2.33711,2.33735,253
2026-01-05 13:45:00,2.33733,2.33814,2.33704,2.33752,289
2026-01-05 13:50:00,2.33753,2.33773,2.33699,2.33736,260
2026-01-05 13:55:00,2.33738,2.33761,2.33658,2.33721,289
2026-01-05 14:00:00,2.3372,2.33838,2.33702,2.33713,406
2026-01-05 14:05:00,2.3371399999999998,2.33766,2.33643,2.33732,308
2026-01-05 14:10:00,2.33732,2.3375500000000002,2.33666,2.33725,258
2026-01-05 14:15:00,2.33726,2.33818,2.33703,2.33774,288
2026-01-05 14:20:00,2.33772,2.33843,2.3375500000000002,2.33803,245
2026-01-05 14:25:00,2.33804,2.33865,2.33779,2.33792,279
2026-01-05 14:30:00,2.33791,2.33853,2.33779,2.3378,289
2026-01-05 14:35:00,2.33821,2.33853,2.3377,2.33822,299
2026-01-05 14:40:00,2.33822,2.33887,2.33753,2.33866,296
2026-01-05 14:45:00,2.33867,2.33867,2.3377,2.33815,280
2026-01-05 14:50:00,2.33815,2.3384,2.33688,2.33733,360
2026-01-05 14:55:00,2.33771,2.33787,2.3368700000000002,2.33728,419
2026-01-05 15:00:00,2.33726,2.33849,2.33692,2.33815,500
2026-01-05 15:05:00,2.3381600000000002,2.33957,2.33763,2.33896,498
2026-01-05 15:10:00,2.33896,2.33991,2.33786,2.33786,469
2026-01-05 15:15:00,2.33824,2.3385,2.33764,2.3381,394
2026-01-05 15:20:00,2.33807,2.33908,2.33762,2.33838,433
2026-01-05 15:25:00,2.33842,2.3388999999999998,2.33758,2.33826,396
2026-01-05 15:30:00,2.33827,2.33867,2.33718,2.33764,483
2026-01-05 15:35:00,2.33724,2.33841,2.33719,2.33762,413
2026-01-05 15:40:00,2.33762,2.3384,2.33724,2.3382899999999998,460
2026-01-05 15:45:00,2.33791,2.33866,2.33724,2.33787,367
2026-01-05 15:50:00,2.33786,2.33813,2.33716,2.33765,431
2026-01-05 15:55:00,2.33758,2.33846,2.3366,2.3366,509
2026-01-05 16:00:00,2.3367,2.33745,2.33623,2.3367,537
2026-01-05 16:05:00,2.3367,2.33773,2.33625,2.33648,467
2026-01-05 16:10:00,2.3364599999999998,2.3375,2.3363300000000002,2.3368,493
2026-01-05 16:15:00,2.33679,2.33697,2.33546,2.33588,421
2026-01-05 16:20:00,2.33587,2.33611,2.33517,2.3352,448
2026-01-05 16:25:00,2.33519,2.33574,2.33444,2.33475,414
2026-01-05 16:30:00,2.33477,2.33577,2.33405,2.33529,621
2026-01-05 16:35:00,2.33521,2.33575,2.3342,2.3344300000000002,597
2026-01-05 16:40:00,2.33456,2.33615,2.33428,2.33561,553
2026-01-05 16:45:00,2.3356,2.33659,2.33505,2.3362600000000002,584
2026-01-05 16:50:00,2.33625,2.3367,2.33583,2.33664,533
2026-01-05 16:55:00,2.33661,2.33804,2.33609,2.33723,442
2026-01-05 17:00:00,2.33701,2.33721,2.33471,2.33539,623
2026-01-05 17:05:00,2.3354,2.33604,2.33427,2.33436,628
2026-01-05 17:10:00,2.33439,2.33493,2.33327,2.33408,592
2026-01-05 17:15:00,2.33406,2.3344,2.33317,2.33323,526
2026-01-05 17:20:00,2.33322,2.3341,2.33299,2.33345,566
2026-01-05 17:25:00,2.33344,2.33411,2.33237,2.33343,537
2026-01-05 17:30:00,2.3334099999999998,2.33451,2.33316,2.33383,502
2026-01-05 17:35:00,2.33388,2.33428,2.33271,2.33314,461
2026-01-05 17:40:00,2.33315,2.33361,2.33254,2.33284,448
2026-01-05 17:45:00,2.33289,2.33359,2.3325,2.33303,465
2026-01-05 17:50:00,2.33302,2.33589,2.333,2.3353,481
2026-01-05 17:55:00,2.33528,2.337,2.3352,2.33534,440
2026-01-05 18:00:00,2.33536,2.33603,2.33474,2.33523,498
2026-01-05 18:05:00,2.33525,2.33567,2.3346,2.33471,477
2026-01-05 18:10:00,2.33473,2.33543,2.33438,2.33449,378
2026-01-05 18:15:00,2.33448,2.33554,2.33411,2.33508,409
2026-01-05 18:20:00,2.3351100000000002,2.33584,2.33473,2.33477,412
2026-01-05 18:25:00,2.33482,2.33557,2.3346299999999998,2.33503,422
2026-01-05 18:30:00,2.33497,2.33587,2.33482,2.33508,492
2026-01-05 18:35:00,2.33509,2.33574,2.33501,2.33544,434
2026-01-05 18:40:00,2.33545,2.3362600000000002,2.33478,2.33596,390
2026-01-05 18:45:00,2.33597,2.33665,2.33556,2.3359199999999998,327
2026-01-05 18:50:00,2.33593,2.33625,2.33496,2.33615,418
2026-01-05 18:55:00,2.33617,2.33665,2.33575,2.33634,430
2026-01-05 19:00:00,2.33677,2.33757,2.33615,2.3369,471
2026-01-05 19:05:00,2.33692,2.33771,2.3367,2.33749,412
2026-01-05 19:10:00,2.33751,2.3377499999999998,2.3364599999999998,2.33708,360
2026-01-05 19:15:00,2.3371,2.33823,2.33658,2.33784,365
2026-01-05 19:20:00,2.33785,2.33866,2.33747,2.33801,361
2026-01-05 19:25:00,2.338,2.3388,2.33788,2.3382899999999998,396
2026-01-05 19:30:00,2.3383,2.3387000000000002,2.33792,2.33861,395
2026-01-05 19:35:00,2.33865,2.33876,2.33793,2.33832,313
2026-01-05 19:40:00,2.3383,2.33893,2.33814,2.3388,340
2026-01-05 19:45:00,2.33882,2.33904,2.33806,2.3381,301
2026-01-05 19:50:00,2.33811,2.33868,2.33794,2.33826,248
2026-01-05 19:55:00,2.33828,2.33884,2.33818,2.33873,263
2026-01-05 20:00:00,2.3387000000000002,2.33875,2.33807,2.33827,278
2026-01-05 20:05:00,2.3383,2.33906,2.33817,2.33889,296
2026-01-05 20:10:00,2.3388999999999998,2.33903,2.33837,2.33865,274
2026-01-05 20:15:00,2.33862,2.3393800000000002,2.3385,2.33874,276
2026-01-05 20:20:00,2.33873,2.33926,2.33767,2.33767,296
2026-01-05 20:25:00,2.33765,2.33817,2.33742,2.33759,278
2026-01-05 20:30:00,2.33758,2.33846,2.33726,2.33832,236
2026-01-05 20:35:00,2.33833,2.3386,2.33791,2.33812,221
2026-01-05 20:40:00,2.33813,2.33865,2.33789,2.33831,192
2026-01-05 20:45:00,2.3383,2.33893,2.33827,2.33875,221
2026-01-05 20:50:00,2.33873,2.33914,2.33838,2.33894,271
2026-01-05 20:55:00,2.33893,2.3394,2.33854,2.33906,328
2026-01-05 21:00:00,2.3391,2.33911,2.33796,2.33834,328
2026-01-05 21:05:00,2.33835,2.33872,2.338,2.33814,323
2026-01-05 21:10:00,2.3381600000000002,2.33856,2.33787,2.3384,249
2026-01-05 21:15:00,2.33845,2.33915,2.33845,2.33863,269
2026-01-05 21:20:00,2.3386,2.33896,2.33833,2.33853,252
2026-01-05 21:25:00,2.33854,2.33942,2.33852,2.33889,346
2026-01-05 21:30:00,2.33885,2.33946,2.3387700000000002,2.33927,291
2026-01-05 21:35:00,2.33929,2.33929,2.33856,2.33906,283
2026-01-05 21:40:00,2.33909,2.33911,2.33843,2.33859,272
2026-01-05 21:45:00,2.33862,2.33925,2.33842,2.33862,242
2026-01-05 21:50:00,2.33863,2.33898,2.3383599999999998,2.33887,231
2026-01-05 21:55:00,2.33883,2.33904,2.33828,2.33828,303
2026-01-05 22:00:00,2.33827,2.33895,2.33823,2.33871,284
2026-01-05 22:05:00,2.33872,2.33879,2.33823,2.33825,223
2026-01-05 22:10:00,2.3382899999999998,2.3387700000000002,2.3381600000000002,2.33876,217
2026-01-05 22:15:00,2.3387700000000002,2.3389699999999998,2.33828,2.33854,192
2026-01-05 22:20:00,2.33853,2.33904,2.33842,2.3387000000000002,167
2026-01-05 22:25:00,2.33869,2.33903,2.3383599999999998,2.33885,205
2026-01-05 22:30:00,2.33885,2.33912,2.33854,2.33878,204
2026-01-05 22:35:00,2.33876,2.33893,2.33851,2.33887,216
2026-01-05 22:40:00,2.33888,2.33942,2.33882,2.33908,180
2026-01-05 22:45:00,2.33906,2.33948,2.3387000000000002,2.33909,160
2026-01-05 22:50:00,2.3391,2.3393800000000002,2.33872,2.3389699999999998,189
2026-01-05 22:55:00,2.33899,2.33947,2.33869,2.33947,274
2026-01-05 23:00:00,2.33874,2.33874,2.33801,2.33821,223
2026-01-05 23:05:00,2.33819,2.33862,2.3376,2.33786,129
2026-01-05 23:10:00,2.33791,2.3386,2.3379,2.33838,95
2026-01-05 23:15:00,2.3384,2.33883,2.3382,2.33873,164
2026-01-05 23:20:00,2.33878,2.33913,2.33832,2.33867,115
2026-01-05 23:25:00,2.33867,2.33874,2.3381600000000002,2.33824,163
2026-01-05 23:30:00,2.33822,2.3389699999999998,2.33799,2.33815,143
2026-01-05 23:35:00,2.33814,2.33861,2.33801,2.33849,145
2026-01-05 23:40:00,2.3385,2.33859,2.33798,2.33845,161
2026-01-05 23:45:00,2.33844,2.33867,2.33789,2.33822,139
2026-01-05 23:50:00,2.33826,2.33867,2.33822,2.33844,176
2026-01-05 23:55:00,2.33903,2.33903,2.33676,2.33704,200
2026-01-06 00:00:00,2.33899,2.33921,2.33839,2.33894,13
2026-01-06 00:05:00,2.33894,2.33914,2.33762,2.33762,16
2026-01-06 00:10:00,2.33762,2.33766,2.33762,2.33766,7
2026-01-06 00:15:00,2.33887,2.33968,2.33792,2.33873,46
2026-01-06 00:20:00,2.3387700000000002,2.3388,2.33846,2.33847,31
2026-01-06 00:25:00,2.3385,2.33874,2.3376,2.33867,32
2026-01-06 00:30:00,2.3386,2.33874,2.33803,2.33813,170
2026-01-06 00:35:00,2.33808,2.33866,2.33794,2.33862,227
2026-01-06 00:40:00,2.33858,2.33879,2.33761,2.33764,141
2026-01-06 00:45:00,2.3376799999999998,2.33825,2.33763,2.33807,154
2026-01-06 00:50:00,2.33805,2.33848,2.33788,2.33832,140
2026-01-06 00:55:00,2.33835,2.33883,2.33827,2.33834,214
2026-01-06 01:00:00,2.33924,2.33924,2.33833,2.33841,151
2026-01-06 01:05:00,2.33842,2.3394,2.3384,2.3393,98
2026-01-06 01:10:00,2.33926,2.33942,2.33865,2.33868,115
2026-01-06 01:15:00,2.33868,2.33934,2.33864,2.33901,119
2026-01-06 01:20:00,2.33912,2.3395799999999998,2.33902,2.33942,100
2026-01-06 01:25:00,2.3395,2.33964,2.33904,2.3393100000000002,81
2026-01-06 01:30:00,2.3393100000000002,2.33948,2.33868,2.33901,87
2026-01-06 01:35:00,2.33901,2.33924,2.33861,2.33895,103
2026-01-06 01:40:00,2.33896,2.3393800000000002,2.33864,2.33904,98
2026-01-06 01:45:00,2.33904,2.33927,2.33866,2.33905,120
2026-01-06 01:50:00,2.33904,2.33908,2.33853,2.33868,80
2026-01-06 01:55:00,2.33868,2.33939,2.33846,2.33868,131
2026-01-06 02:00:00,2.33867,2.33892,2.33826,2.33881,222
2026-01-06 02:05:00,2.33879,2.33992,2.33873,2.33943,174
2026-01-06 02:10:00,2.33952,2.33989,2.33905,2.33943,152
2026-01-06 02:15:00,2.33939,2.33968,2.33923,2.33943,164
2026-01-06 02:20:00,2.33933,2.3396,2.33871,2.33922,162
2026-01-06 02:25:00,2.33919,2.3397,2.3381600000000002,2.3381600000000002,151
2026-01-06 02:30:00,2.33817,2.33879,2.3381600000000002,2.33859,171
2026-01-06 02:35:00,2.33858,2.33953,2.33855,2.33893,209
2026-01-06 02:40:00,2.33895,2.33932,2.33806,2.33827,139
2026-01-06 02:45:00,2.3383,2.33861,2.3378,2.33787,193
2026-01-06 02:50:00,2.33793,2.33839,2.33774,2.33818,242
2026-01-06 02:55:00,2.3381600000000002,2.33868,2.33762,2.33867,270
2026-01-06 03:00:00,2.33871,2.33969,2.33827,2.33934,387
2026-01-06 03:05:00,2.33934,2.34088,2.33934,2.34041,335
2026-01-06 03:10:00,2.34041,2.34112,2.34017,2.34091,271
2026-01-06 03:15:00,2.34091,2.34145,2.34049,2.34103,304
2026-01-06 03:20:00,2.34102,2.34123,2.34054,2.34054,236
2026-01-06 03:25:00,2.34054,2.34087,2.33941,2.33996,264
2026-01-06 03:30:00,2.33995,2.34003,2.3393800000000002,2.3395099999999998,300
2026-01-06 03:35:00,2.33953,2.33986,2.3388999999999998,2.33927,257
2026-01-06 03:40:00,2.33927,2.33939,2.33861,2.3389699999999998,225
2026-01-06 03:45:00,2.33858,2.33887,2.33637,2.33642,303
2026-01-06 03:50:00,2.33682,2.33697,2.33603,2.3368,276
2026-01-06 03:55:00,2.33679,2.33806,2.33679,2.33772,305
2026-01-06 04:00:00,2.33769,2.3378,2.33567,2.3368700000000002,352
2026-01-06 04:05:00,2.3368700000000002,2.3377499999999998,2.33658,2.33717,278
2026-01-06 04:10:00,2.33718,2.33782,2.3364,2.33659,273
2026-01-06 04:15:00,2.3366,2.33686,2.3356,2.33563,213
2026-01-06 04:20:00,2.3356,2.33678,2.33555,2.33591,165
2026-01-06 04:25:00,2.3359,2.33662,2.33582,2.33605,159
2026-01-06 04:30:00,2.33604,2.33661,2.33564,2.33594,216
2026-01-06 04:35:00,2.33593,2.33675,2.33589,2.33652,238
2026-01-06 04:40:00,2.33652,2.33652,2.33555,2.33574,278
2026-01-06 04:45:00,2.3357200000000002,2.33609,2.33468,2.33479,297
2026-01-06 04:50:00,2.33477,2.33561,2.33437,2.33506,220
2026-01-06 04:55:00,2.33506,2.33638,2.3346299999999998,2.33588,260
2026-01-06 05:00:00,2.3359,2.33682,2.3356500000000002,2.33637,214
2026-01-06 05:05:00,2.33636,2.33791,2.33622,2.3379,231
2026-01-06 05:10:00,2.33782,2.33814,2.3369,2.3369,212
2026-01-06 05:15:00,2.33692,2.3377,2.3366,2.33729,273
2026-01-06 05:20:00,2.3375,2.3376,2.33625,2.33641,193
2026-01-06 05:25:00,2.33639,2.33791,2.33636,2.33753,218
2026-01-06 05:30:00,2.33756,2.3382899999999998,2.33721,2.33754,198
2026-01-06 05:35:00,2.3375500000000002,2.33788,2.33681,2.33685,187
2026-01-06 05:40:00,2.33686,2.33765,2.33686,2.3375,170
2026-01-06 05:45:00,2.33751,2.33813,2.33744,2.3376,176
2026-01-06 05:50:00,2.33762,2.33858,2.33759,2.33796,180
2026-01-06 05:55:00,2.33793,2.33866,2.33765,2.33834,170
2026-01-06 06:00:00,2.3383599999999998,2.33887,2.33743,2.33774,232
2026-01-06 06:05:00,2.33777,2.33819,2.33717,2.33817,162
2026-01-06 06:10:00,2.33797,2.33798,2.3370699999999998,2.33774,184
2026-01-06 06:15:00,2.33774,2.33822,2.33719,2.3372,171
2026-01-06 06:20:00,2.33723,2.33815,2.33721,2.33812,156
2026-01-06 06:25:00,2.33811,2.33856,2.33791,2.3381,130
2026-01-06 06:30:00,2.33808,2.33837,2.3376799999999998,2.33778,145
2026-01-06 06:35:00,2.33777,2.3385,2.33765,2.33765,168
2026-01-06 06:40:00,2.33765,2.3382,2.33728,2.33771,183
2026-01-06 06:45:00,2.33772,2.33786,2.3371,2.33752,175
2026-01-06 06:50:00,2.33751,2.33798,2.33712,2.33729,157
2026-01-06 06:55:00,2.33728,2.33781,2.33686,2.33757,199
2026-01-06 07:00:00,2.3375500000000002,2.33763,2.33604,2.33612,169
2026-01-06 07:05:00,2.33614,2.3365,2.33573,2.3362600000000002,175
2026-01-06 07:10:00,2.33628,2.33672,2.33583,2.33593,194
2026-01-06 07:15:00,2.33593,2.33636,2.3351100000000002,2.33541,159
2026-01-06 07:20:00,2.33542,2.33605,2.33533,2.33548,137
2026-01-06 07:25:00,2.33547,2.33607,2.33479,2.33529,158
2026-01-06 07:30:00,2.3353,2.3358,2.33479,2.33554,241
2026-01-06 07:35:00,2.33555,2.33618,2.3352399999999998,2.33577,215
2026-01-06 07:40:00,2.33574,2.33644,2.33515,2.33643,202
2026-01-06 07:45:00,2.33642,2.33665,2.33566,2.33638,182
2026-01-06 07:50:00,2.33639,2.33639,2.33554,2.33628,274
2026-01-06 07:55:00,2.3362600000000002,2.33635,2.33561,2.33621,262
2026-01-06 08:00:00,2.33622,2.33648,2.3355,2.33551,260
2026-01-06 08:05:00,2.3355,2.33588,2.33478,2.3349,304
2026-01-06 08:10:00,2.33489,2.33568,2.33477,2.33536,216
2026-01-06 08:15:00,2.33538,2.33569,2.33416,2.33448,221
2026-01-06 08:20:00,2.33449,2.33561,2.33427,2.33551,199
2026-01-06 08:25:00,2.33552,2.33577,2.33433,2.3351,306
2026-01-06 08:30:00,2.33514,2.33539,2.33436,2.33496,295
2026-01-06 08:35:00,2.33495,2.33519,2.33441,2.33455,237
2026-01-06 08:40:00,2.33456,2.33506,2.33441,2.33489,209
2026-01-06 08:45:00,2.33486,2.3351100000000002,2.33393,2.33499,236
2026-01-06 08:50:00,2.335,2.33513,2.33424,2.33472,264
2026-01-06 08:55:00,2.33473,2.33493,2.3340199999999998,2.33426,272
2026-01-06 09:00:00,2.33433,2.336,2.33433,2.33557,365
2026-01-06 09:05:00,2.33559,2.33568,2.33477,2.33528,278
2026-01-06 09:10:00,2.33528,2.33563,2.33449,2.33449,290
2026-01-06 09:15:00,2.33489,2.33512,2.33363,2.33371,271
2026-01-06 09:20:00,2.33375,2.33423,2.33315,2.33394,257
2026-01-06 09:25:00,2.33393,2.33484,2.3332100000000002,2.33422,263
2026-01-06 09:30:00,2.33424,2.33473,2.33394,2.33469,253
2026-01-06 09:35:00,2.33475,2.33481,2.33412,2.33461,213
2026-01-06 09:40:00,2.3346299999999998,2.33487,2.33401,2.33432,241
2026-01-06 09:45:00,2.3346,2.33509,2.33432,2.33436,287
2026-01-06 09:50:00,2.33439,2.33544,2.33423,2.3349,289
2026-01-06 09:55:00,2.3349,2.33519,2.33398,2.33459,416
2026-01-06 10:00:00,2.33458,2.33546,2.33368,2.33538,482
2026-01-06 10:05:00,2.33536,2.3358,2.33422,2.33471,449
2026-01-06 10:10:00,2.33472,2.33594,2.3345000000000002,2.33553,383
2026-01-06 10:15:00,2.33552,2.33671,2.3355,2.33607,357
2026-01-06 10:20:00,2.33599,2.33716,2.33576,2.33697,405
2026-01-06 10:25:00,2.33698,2.33716,2.33608,2.3369,368
2026-01-06 10:30:00,2.33648,2.33789,2.33645,2.33732,406
2026-01-06 10:35:00,2.33733,2.33789,2.3364599999999998,2.3365,305
2026-01-06 10:40:00,2.3364599999999998,2.33788,2.33645,2.33773,286
2026-01-06 10:45:00,2.33772,2.33859,2.33729,2.33848,365
2026-01-06 10:50:00,2.33847,2.3387000000000002,2.33781,2.33842,311
2026-01-06 10:55:00,2.33833,2.33872,2.33736,2.33776,385
2026-01-06 11:00:00,2.33773,2.3383,2.33751,2.3376799999999998,430
2026-01-06 11:05:00,2.33808,2.33919,2.33751,2.33906,420
2026-01-06 11:10:00,2.33901,2.3393800000000002,2.33846,2.3386,397
2026-01-06 11:15:00,2.33858,2.33942,2.3382899999999998,2.33876,416
2026-01-06 11:20:00,2.33872,2.3389699999999998,2.33781,2.33882,422
2026-01-06 11:25:00,2.3388,2.33972,2.33842,2.33881,302
2026-01-06 11:30:00,2.33876,2.33928,2.33764,2.33826,364
2026-01-06 11:35:00,2.33827,2.3382899999999998,2.33741,2.3375,297
2026-01-06 11:40:00,2.33745,2.3379,2.33631,2.33712,341
2026-01-06 11:45:00,2.33711,2.33777,2.33642,2.33693,316
2026-01-06 11:50:00,2.33693,2.3376799999999998,2.33654,2.33684,400
2026-01-06 11:55:00,2.33683,2.33709,2.33628,2.3368,404
2026-01-06 12:00:00,2.33679,2.33747,2.33663,2.33717,409
2026-01-06 12:05:00,2.3372,2.33757,2.3356500000000002,2.33608,320
2026-01-06 12:10:00,2.33607,2.33657,2.3355,2.33594,316
2026-01-06 12:15:00,2.33599,2.33676,2.3353099999999998,2.3367,296
2026-01-06 12:20:00,2.33671,2.33821,2.33638,2.33771,278
2026-01-06 12:25:00,2.33772,2.33812,2.33733,2.33769,231
2026-01-06 12:30:00,2.33767,2.33767,2.33673,2.33722,226
2026-01-06 12:35:00,2.33723,2.3381,2.33723,2.33796,239
2026-01-06 12:40:00,2.33791,2.33791,2.33691,2.33711,305
2026-01-06 12:45:00,2.33712,2.3376,2.33668,2.33737,269
2026-01-06 12:50:00,2.33739,2.33787,2.33701,2.3371399999999998,250
2026-01-06 12:55:00,2.33716,2.33783,2.33698,2.33753,300
2026-01-06 13:00:00,2.3375,2.33766,2.33683,2.33749,263
2026-01-06 13:05:00,2.3375,2.33803,2.33697,2.33732,242
2026-01-06 13:10:00,2.33731,2.33751,2.33662,2.33692,262
2026-01-06 13:15:00,2.33688,2.33734,2.33634,2.33638,264
2026-01-06 13:20:00,2.33639,2.33695,2.33609,2.33615,276
2026-01-06 13:25:00,2.33612,2.33642,2.33558,2.33593,262
2026-01-06 13:30:00,2.33589,2.33648,2.3356,2.336,291
2026-01-06 13:35:00,2.33599,2.33648,2.33563,2.33629,245
2026-01-06 13:40:00,2.33627,2.33631,2.33538,2.33566,246
2026-01-06 13:45:00,2.33567,2.33622,2.33521,2.33521,225
2026-01-06 13:50:00,2.3352399999999998,2.3356500000000002,2.33473,2.33563,299
2026-01-06 13:55:00,2.33563,2.33593,2.33497,2.33548,308
2026-01-06 14:00:00,2.33549,2.33632,2.33534,2.33623,344
2026-01-06 14:05:00,2.33624,2.3363300000000002,2.3355,2.33567,303
2026-01-06 14:10:00,2.33563,2.3362,2.33528,2.33616,262
2026-01-06 14:15:00,2.33618,2.33648,2.33547,2.33635,275
2026-01-06 14:20:00,2.33634,2.33644,2.33549,2.33568,260
2026-01-06 14:25:00,2.33567,2.33616,2.33543,2.33614,287
2026-01-06 14:30:00,2.33609,2.33641,2.33546,2.33637,303
2026-01-06 14:35:00,2.33637,2.33657,2.33559,2.33625,327
2026-01-06 14:40:00,2.33623,2.33669,2.33578,2.33629,412
2026-01-06 14:45:00,2.33629,2.3365,2.33576,2.33598,269
2026-01-06 14:50:00,2.336,2.33671,2.33534,2.3356,387
2026-01-06 14:55:00,2.33559,2.33665,2.33549,2.33581,318
2026-01-06 15:00:00,2.33564,2.33634,2.33533,2.33584,425
2026-01-06 15:05:00,2.3358499999999998,2.33594,2.33499,2.33551,471
2026-01-06 15:10:00,2.3351100000000002,2.33578,2.3340199999999998,2.3340199999999998,514
2026-01-06 15:15:00,2.33404,2.3346999999999998,2.33364,2.33421,412
2026-01-06 15:20:00,2.33422,2.33586,2.33353,2.33541,462
2026-01-06 15:25:00,2.33538,2.33608,2.33522,2.33574,344
2026-01-06 15:30:00,2.33581,2.336,2.33513,2.33553,339
2026-01-06 15:35:00,2.33553,2.3362,2.3352,2.33563,422
2026-01-06 15:40:00,2.33562,2.33605,2.33517,2.33576,375
2026-01-06 15:45:00,2.33575,2.3358499999999998,2.335,2.33515,358
2026-01-06 15:50:00,2.33517,2.33544,2.33403,2.33468,431
2026-01-06 15:55:00,2.33476,2.33561,2.33436,2.33561,409
2026-01-06 16:00:00,2.33557,2.33624,2.33497,2.33551,465
2026-01-06 16:05:00,2.33551,2.33561,2.33427,2.33558,424
2026-01-06 16:10:00,2.33519,2.33542,2.33395,2.33457,414
2026-01-06 16:15:00,2.33457,2.3352399999999998,2.3341,2.33448,453
2026-01-06 16:20:00,2.33447,2.33554,2.33444,2.33543,483
2026-01-06 16:25:00,2.33544,2.33603,2.33486,2.33573,351
2026-01-06 16:30:00,2.33573,2.33617,2.3351100000000002,2.33518,540
2026-01-06 16:35:00,2.33512,2.3362,2.3346,2.33515,536
2026-01-06 16:40:00,2.3351,2.3353,2.3342,2.33441,533
2026-01-06 16:45:00,2.3344,2.33551,2.33393,2.33461,592
2026-01-06 16:50:00,2.33457,2.33482,2.33339,2.33434,526
2026-01-06 16:55:00,2.33432,2.3353099999999998,2.33425,2.33462,514
2026-01-06 17:00:00,2.33457,2.33575,2.33457,2.33559,545
2026-01-06 17:05:00,2.33558,2.33637,2.33529,2.33541,451
2026-01-06 17:10:00,2.33539,2.33583,2.33464,2.3352399999999998,527
2026-01-06 17:15:00,2.33517,2.33596,2.33496,2.33514,507
2026-01-06 17:20:00,2.33513,2.33599,2.3346999999999998,2.33588,499
2026-01-06 17:25:00,2.33546,2.33602,2.33499,2.33543,538
2026-01-06 17:30:00,2.3353099999999998,2.3357,2.33486,2.33502,455
2026-01-06 17:35:00,2.33505,2.33715,2.33501,2.337,472
2026-01-06 17:40:00,2.33702,2.33801,2.3364,2.3371,498
2026-01-06 17:45:00,2.33709,2.33804,2.33656,2.33689,430
2026-01-06 17:50:00,2.33688,2.33703,2.33594,2.33655,425
2026-01-06 17:55:00,2.33656,2.33796,2.3364,2.33796,530
2026-01-06 18:00:00,2.33792,2.33796,2.33685,2.33793,515
2026-01-06 18:05:00,2.33795,2.33922,2.33719,2.33862,529
2026-01-06 18:10:00,2.33861,2.33896,2.33688,2.33762,457
2026-01-06 18:15:00,2.33763,2.33763,2.33612,2.3372,388
2026-01-06 18:20:00,2.33721,2.3374,2.33661,2.33701,385
2026-01-06 18:25:00,2.33702,2.33708,2.33576,2.33583,391
2026-01-06 18:30:00,2.33588,2.33662,2.33568,2.33588,379
2026-01-06 18:35:00,2.33589,2.33655,2.33578,2.33593,359
2026-01-06 18:40:00,2.33591,2.33644,2.3355,2.33596,402
2026-01-06 18:45:00,2.33595,2.33611,2.33523,2.33568,356
2026-01-06 18:50:00,2.33604,2.33643,2.33547,2.33551,327
2026-01-06 18:55:00,2.33553,2.33621,2.33508,2.33519,397
2026-01-06 19:00:00,2.33517,2.3357,2.33491,2.33544,339
2026-01-06 19:05:00,2.33545,2.33578,2.33437,2.33453,303
2026-01-06 19:10:00,2.33455,2.3352399999999998,2.33426,2.33522,307
2026-01-06 19:15:00,2.33523,2.3358499999999998,2.33453,2.33538,333
2026-01-06 19:20:00,2.33537,2.33605,2.3351,2.33603,311
2026-01-06 19:25:00,2.33605,2.33619,2.33545,2.33567,331
2026-01-06 19:30:00,2.33564,2.33614,2.33543,2.33545,335
2026-01-06 19:35:00,2.33544,2.33589,2.33486,2.3355,253
2026-01-06 19:40:00,2.33554,2.33647,2.33514,2.33618,262
2026-01-06 19:45:00,2.33619,2.33623,2.33514,2.3358499999999998,308
2026-01-06 19:50:00,2.33582,2.33602,2.33486,2.33553,265
2026-01-06 19:55:00,2.33542,2.33635,2.33533,2.33605,276
2026-01-06 20:00:00,2.33564,2.33628,2.33549,2.33568,265
2026-01-06 20:05:00,2.33567,2.33612,2.33541,2.3355,233
2026-01-06 20:10:00,2.33551,2.33576,2.33489,2.3353099999999998,220
2026-01-06 20:15:00,2.3353,2.3356500000000002,2.33484,2.33507,239
2026-01-06 20:20:00,2.3350400000000002,2.3357200000000002,2.33495,2.33526,224
2026-01-06 20:25:00,2.33528,2.336,2.33505,2.33538,258
2026-01-06 20:30:00,2.33536,2.33596,2.3353,2.3353099999999998,252
2026-01-06 20:35:00,2.33532,2.33566,2.33496,2.33548,208
2026-01-06 20:40:00,2.33554,2.33556,2.3348,2.33554,274
2026-01-06 20:45:00,2.33553,2.33556,2.335,2.33537,283
2026-01-06 20:50:00,2.33538,2.3355,2.33459,2.33522,263
2026-01-06 20:55:00,2.33519,2.33538,2.33467,2.3348,294
2026-01-06 21:00:00,2.33481,2.33543,2.33476,2.33513,258
2026-01-06 21:05:00,2.33512,2.33527,2.33417,2.33466,276
2026-01-06 21:10:00,2.33426,2.33481,2.3342,2.33476,190
2026-01-06 21:15:00,2.33471,2.33505,2.3343,2.33481,210
2026-01-06 21:20:00,2.33481,2.33517,2.33436,2.33516,212
2026-01-06 21:25:00,2.33518,2.33527,2.33465,2.33507,234
2026-01-06 21:30:00,2.33508,2.33522,2.33454,2.3346999999999998,242
2026-01-06 21:35:00,2.33472,2.33522,2.33446,2.3346999999999998,214
2026-01-06 21:40:00,2.33473,2.3351,2.33439,2.33498,193
2026-01-06 21:45:00,2.335,2.3352,2.33456,2.33458,210
2026-01-06 21:50:00,2.33457,2.33515,2.33452,2.33459,233
2026-01-06 21:55:00,2.3346,2.3351100000000002,2.33426,2.33451,312
2026-01-06 22:00:00,2.33452,2.33505,2.33432,2.33453,301
2026-01-06 22:05:00,2.33452,2.33505,2.33438,2.3345000000000002,186
2026-01-06 22:10:00,2.33449,2.33512,2.3344300000000002,2.33471,155
2026-01-06 22:15:00,2.33474,2.3351100000000002,2.33438,2.33472,175
2026-01-06 22:20:00,2.33474,2.33502,2.33426,2.33491,183
2026-01-06 22:25:00,2.33493,2.33495,2.33438,2.33469,181
2026-01-06 22:30:00,2.33467,2.33478,2.33416,2.33455,220
2026-01-06 22:35:00,2.33453,2.33478,2.33413,2.33441,168
2026-01-06 22:40:00,2.33432,2.33433,2.3335,2.33352,188
2026-01-06 22:45:00,2.33353,2.33398,2.33329,2.33337,200
2026-01-06 22:50:00,2.33335,2.3338200000000002,2.33291,2.33297,240
2026-01-06 22:55:00,2.33298,2.3339,2.33298,2.33378,335
2026-01-06 23:00:00,2.33304,2.3332100000000002,2.33252,2.33264,253
2026-01-06 23:05:00,2.33263,2.33274,2.3321,2.3325,110
2026-01-06 23:10:00,2.3327,2.33284,2.33232,2.33279,136
2026-01-06 23:15:00,2.33276,2.33293,2.33237,2.33279,119
2026-01-06 23:20:00,2.33282,2.33289,2.3326000000000002,2.33283,81
2026-01-06 23:25:00,2.33279,2.33304,2.33246,2.33257,167
2026-01-06 23:30:00,2.33253,2.33306,2.33252,2.33282,106
2026-01-06 23:35:00,2.33281,2.33334,2.33275,2.3329,90
2026-01-06 23:40:00,2.33291,2.33345,2.33291,2.33323,121
2026-01-06 23:45:00,2.33322,2.33349,2.3327999999999998,2.33323,151
2026-01-06 23:50:00,2.33326,2.33384,2.33323,2.33372,187
2026-01-06 23:55:00,2.33414,2.33416,2.33184,2.33186,85
2026-01-07 00:00:00,2.33273,2.33273,2.33231,2.33241,6
2026-01-07 00:05:00,2.33279,2.33334,2.3318,2.3318,10
2026-01-07 00:10:00,2.3318,2.3320600000000002,2.33104,2.3312,72
2026-01-07 00:15:00,2.3312,2.33213,2.33066,2.3313,211
2026-01-07 00:20:00,2.3313,2.3314,2.33089,2.33133,100
2026-01-07 00:25:00,2.33134,2.33152,2.33085,2.33121,115
2026-01-07 00:30:00,2.33123,2.3334099999999998,2.33041,2.33266,296
2026-01-07 00:35:00,2.33265,2.33272,2.33204,2.33224,482
2026-01-07 00:40:00,2.33224,2.33296,2.33178,2.33264,336
2026-01-07 00:45:00,2.33272,2.33284,2.33207,2.33243,360
2026-01-07 00:50:00,2.33245,2.33311,2.33229,2.33231,134
2026-01-07 00:55:00,2.33232,2.33289,2.33202,2.33228,226
2026-01-07 01:00:00,2.33301,2.33349,2.33193,2.33326,94
2026-01-07 01:05:00,2.3332800000000002,2.33359,2.33284,2.33327,73
2026-01-07 01:10:00,2.33326,2.33372,2.33318,2.3335,115
2026-01-07 01:15:00,2.33353,2.33428,2.33352,2.33428,98
2026-01-07 01:20:00,2.3343,2.33455,2.33387,2.33446,115
2026-01-07 01:25:00,2.33447,2.33453,2.33415,2.33445,125
2026-01-07 01:30:00,2.33444,2.33493,2.3344300000000002,2.33493,125
2026-01-07 01:35:00,2.33494,2.33533,2.33471,2.33509,90
2026-01-07 01:40:00,2.33508,2.33508,2.33468,2.33469,75
2026-01-07 01:45:00,2.33469,2.33478,2.33449,2.33454,61
2026-01-07 01:50:00,2.33453,2.33489,2.33387,2.33488,106
2026-01-07 01:55:00,2.33489,2.33515,2.33454,2.33509,91
2026-01-07 02:00:00,2.33509,2.33513,2.33415,2.33501,234
2026-01-07 02:05:00,2.335,2.3356500000000002,2.33469,2.33543,119
2026-01-07 02:10:00,2.33545,2.33548,2.33456,2.33479,191
2026-01-07 02:15:00,2.3348,2.3349,2.33428,2.33471,184
2026-01-07 02:20:00,2.33471,2.33515,2.33447,2.33482,180
2026-01-07 02:25:00,2.3348,2.33532,2.33458,2.33482,216
2026-01-07 02:30:00,2.33484,2.33616,2.33323,2.33469,525
2026-01-07 02:35:00,2.33468,2.33508,2.33359,2.3338900000000002,317
2026-01-07 02:40:00,2.33391,2.33415,2.3331,2.33362,265
2026-01-07 02:45:00,2.33366,2.33404,2.3327999999999998,2.33373,349
2026-01-07 02:50:00,2.33406,2.33442,2.33335,2.33335,314
2026-01-07 02:55:00,2.33332,2.33446,2.33332,2.33408,323
2026-01-07 03:00:00,2.33407,2.33501,2.33388,2.33499,378
2026-01-07 03:05:00,2.33498,2.3356,2.3345000000000002,2.33515,375
2026-01-07 03:10:00,2.33515,2.33523,2.33368,2.33395,297
2026-01-07 03:15:00,2.33396,2.33491,2.33396,2.33486,306
2026-01-07 03:20:00,2.33485,2.33548,2.33468,2.33474,225
2026-01-07 03:25:00,2.33475,2.3349,2.33336,2.33416,328
2026-01-07 03:30:00,2.33417,2.33434,2.33272,2.33274,379
2026-01-07 03:35:00,2.33272,2.33373,2.33187,2.33227,354
2026-01-07 03:40:00,2.33229,2.33324,2.33173,2.33319,340
2026-01-07 03:45:00,2.33317,2.33439,2.33285,2.33377,278
2026-01-07 03:50:00,2.3338,2.33421,2.33293,2.33326,305
2026-01-07 03:55:00,2.33325,2.33447,2.33276,2.33358,386
2026-01-07 04:00:00,2.33357,2.3342,2.33315,2.33342,341
2026-01-07 04:05:00,2.3334099999999998,2.334,2.33313,2.33339,293
2026-01-07 04:10:00,2.33338,2.33388,2.33265,2.33291,282
2026-01-07 04:15:00,2.33289,2.33396,2.33276,2.3339,228
2026-01-07 04:20:00,2.3338900000000002,2.33486,2.3336,2.33462,238
2026-01-07 04:25:00,2.33461,2.33495,2.33353,2.33361,194
2026-01-07 04:30:00,2.3336,2.3341,2.33319,2.33407,291
2026-01-07 04:35:00,2.33406,2.33494,2.33406,2.33428,232
2026-01-07 04:40:00,2.3343,2.3343,2.33353,2.33417,254
2026-01-07 04:45:00,2.33415,2.3350400000000002,2.33393,2.33485,283
2026-01-07 04:50:00,2.33483,2.33505,2.33428,2.33434,196
2026-01-07 04:55:00,2.33435,2.33512,2.33427,2.33477,224
2026-01-07 05:00:00,2.33479,2.33484,2.33378,2.3341,236
2026-01-07 05:05:00,2.33404,2.33486,2.33372,2.33433,285
2026-01-07 05:10:00,2.33434,2.33479,2.33414,2.33454,144
2026-01-07 05:15:00,2.33457,2.33497,2.33396,2.33435,215
2026-01-07 05:20:00,2.33434,2.33468,2.33345,2.33391,179
2026-01-07 05:25:00,2.3339,2.33471,2.33361,2.3337,256
2026-01-07 05:30:00,2.33367,2.33416,2.33339,2.33411,216
2026-01-07 05:35:00,2.33412,2.33505,2.33406,2.33442,176
2026-01-07 05:40:00,2.33441,2.3353099999999998,2.33436,2.33489,151
2026-01-07 05:45:00,2.3349,2.33512,2.33466,2.33492,163
2026-01-07 05:50:00,2.33491,2.3356500000000002,2.33476,2.3353,200
2026-01-07 05:55:00,2.33529,2.33545,2.33427,2.33471,194
2026-01-07 06:00:00,2.33467,2.33526,2.3337,2.33435,229
2026-01-07 06:05:00,2.33434,2.3344,2.33309,2.33419,281
2026-01-07 06:10:00,2.33421,2.33435,2.3335,2.33378,237
2026-01-07 06:15:00,2.33371,2.33521,2.33371,2.3342,316
2026-01-07 06:20:00,2.33422,2.3345000000000002,2.3339,2.3340899999999998,268
2026-01-07 06:25:00,2.33411,2.33452,2.33374,2.33449,269
2026-01-07 06:30:00,2.33448,2.33533,2.3341,2.33512,157
2026-01-07 06:35:00,2.33513,2.33547,2.33466,2.33467,144
2026-01-07 06:40:00,2.33468,2.33505,2.33408,2.3340899999999998,148
2026-01-07 06:45:00,2.3341,2.33483,2.33391,2.3342,222
2026-01-07 06:50:00,2.33422,2.33508,2.33404,2.335,309
2026-01-07 06:55:00,2.33497,2.33591,2.33449,2.33554,173
2026-01-07 07:00:00,2.33591,2.33609,2.33468,2.33534,214
2026-01-07 07:05:00,2.33536,2.33545,2.33479,2.33483,206
2026-01-07 07:10:00,2.33484,2.33537,2.33442,2.33477,165
2026-01-07 07:15:00,2.33479,2.3348,2.33413,2.33438,132
2026-01-07 07:20:00,2.33437,2.33523,2.33432,2.3348,202
2026-01-07 07:25:00,2.33482,2.33523,2.33455,2.33462,162
2026-01-07 07:30:00,2.33466,2.33579,2.33441,2.33446,205
2026-01-07 07:35:00,2.3344300000000002,2.33568,2.33427,2.33522,227
2026-01-07 07:40:00,2.3352399999999998,2.33679,2.3352399999999998,2.33635,265
2026-01-07 07:45:00,2.3363,2.3372,2.33627,2.33674,236
2026-01-07 07:50:00,2.3363300000000002,2.33681,2.33618,2.3365299999999998,209
2026-01-07 07:55:00,2.33652,2.33663,2.33568,2.33663,208
2026-01-07 08:00:00,2.33664,2.33684,2.33594,2.33682,274
2026-01-07 08:05:00,2.3368,2.33698,2.33591,2.33637,231
2026-01-07 08:10:00,2.33657,2.33683,2.3362,2.33632,211
2026-01-07 08:15:00,2.3363,2.33659,2.33596,2.33603,253
2026-01-07 08:20:00,2.33604,2.33629,2.33518,2.33522,211
2026-01-07 08:25:00,2.33523,2.33571,2.33508,2.33541,191
2026-01-07 08:30:00,2.33547,2.3359,2.33512,2.33535,202
2026-01-07 08:35:00,2.33534,2.33652,2.33534,2.33619,238
2026-01-07 08:40:00,2.33617,2.33685,2.33554,2.33678,245
2026-01-07 08:45:00,2.33678,2.33678,2.33567,2.33614,303
2026-01-07 08:50:00,2.33615,2.3372,2.33607,2.33716,253
2026-01-07 08:55:00,2.33718,2.33718,2.33623,2.33645,201
2026-01-07 09:00:00,2.3365299999999998,2.3371399999999998,2.33638,2.33693,281
2026-01-07 09:05:00,2.33695,2.33695,2.33623,2.33625,264
2026-01-07 09:10:00,2.33627,2.33684,2.33581,2.33683,230
2026-01-07 09:15:00,2.33677,2.33702,2.33608,2.33609,256
2026-01-07 09:20:00,2.33607,2.33741,2.33607,2.33691,278
2026-01-07 09:25:00,2.33691,2.33692,2.33561,2.33603,291
2026-01-07 09:30:00,2.33606,2.33701,2.33541,2.33683,353
2026-01-07 09:35:00,2.33688,2.3377,2.3357,2.3357,353
2026-01-07 09:40:00,2.3357,2.3361,2.33469,2.33547,299
2026-01-07 09:45:00,2.33549,2.33562,2.33465,2.33475,324
2026-01-07 09:50:00,2.33478,2.3355,2.33431,2.33549,300
2026-01-07 09:55:00,2.3355,2.3355,2.3334799999999998,2.33388,334
2026-01-07 10:00:00,2.3338900000000002,2.33398,2.33279,2.33285,469
2026-01-07 10:05:00,2.33284,2.33353,2.33268,2.33339,379
2026-01-07 10:10:00,2.3334,2.33378,2.33294,2.33337,288
2026-01-07 10:15:00,2.33327,2.33351,2.33259,2.3331,266
2026-01-07 10:20:00,2.33309,2.33309,2.33205,2.33247,305
2026-01-07 10:25:00,2.33246,2.3326000000000002,2.33132,2.3313800000000002,335
2026-01-07 10:30:00,2.3313800000000002,2.33222,2.33131,2.3322,359
2026-01-07 10:35:00,2.3322,2.33293,2.33173,2.33269,279
2026-01-07 10:40:00,2.33265,2.3328699999999998,2.3315,2.33174,358
2026-01-07 10:45:00,2.33176,2.33256,2.33167,2.33237,336
2026-01-07 10:50:00,2.33237,2.33251,2.33174,2.33244,248
2026-01-07 10:55:00,2.33245,2.33252,2.33147,2.33174,292
2026-01-07 11:00:00,2.33177,2.33238,2.33129,2.33191,363
2026-01-07 11:05:00,2.33191,2.33242,2.33139,2.33187,322
2026-01-07 11:10:00,2.3319,2.33237,2.33073,2.33115,306
2026-01-07 11:15:00,2.33117,2.3317,2.33068,2.33132,294
2026-01-07 11:20:00,2.33131,2.33167,2.33088,2.33161,242
2026-01-07 11:25:00,2.33122,2.33193,2.33095,2.33142,211
2026-01-07 11:30:00,2.33144,2.33197,2.33071,2.33196,262
2026-01-07 11:35:00,2.33194,2.33247,2.33149,2.33234,247
2026-01-07 11:40:00,2.33235,2.33268,2.33171,2.33222,285
2026-01-07 11:45:00,2.33221,2.3323,2.33094,2.33122,304
2026-01-07 11:50:00,2.33124,2.33146,2.33063,2.33096,268
2026-01-07 11:55:00,2.33095,2.33175,2.33095,2.33153,218
2026-01-07 12:00:00,2.33154,2.33179,2.33099,2.33111,349
2026-01-07 12:05:00,2.33111,2.33198,2.33091,2.33131,267
2026-01-07 12:10:00,2.33131,2.33131,2.33056,2.33083,273
2026-01-07 12:15:00,2.33079,2.33112,2.33027,2.33075,269
2026-01-07 12:20:00,2.33075,2.33142,2.33015,2.33095,323
2026-01-07 12:25:00,2.33094,2.33223,2.33094,2.33162,300
2026-01-07 12:30:00,2.33161,2.3322,2.33149,2.33181,246
2026-01-07 12:35:00,2.33182,2.33252,2.3316,2.3324,301
2026-01-07 12:40:00,2.33239,2.33249,2.3315799999999998,2.33186,296
2026-01-07 12:45:00,2.33186,2.33233,2.33156,2.33228,258
2026-01-07 12:50:00,2.33231,2.33256,2.3315799999999998,2.33183,246
2026-01-07 12:55:00,2.33173,2.33205,2.33119,2.33124,313
2026-01-07 13:00:00,2.33123,2.33178,2.33101,2.33102,306
2026-01-07 13:05:00,2.33104,2.33171,2.3309,2.33129,201
2026-01-07 13:10:00,2.33127,2.3313800000000002,2.33065,2.33083,219
2026-01-07 13:15:00,2.33123,2.33134,2.33053,2.33106,245
2026-01-07 13:20:00,2.33064,2.33156,2.3305,2.33081,294
2026-01-07 13:25:00,2.33079,2.331,2.3304,2.33082,226
2026-01-07 13:30:00,2.3308,2.33096,2.33014,2.33041,192
2026-01-07 13:35:00,2.3304,2.33095,2.33022,2.33039,231
2026-01-07 13:40:00,2.33053,2.3311,2.33026,2.33071,258
2026-01-07 13:45:00,2.33072,2.3313,2.33058,2.33108,251
2026-01-07 13:50:00,2.33109,2.33121,2.33056,2.33089,218
2026-01-07 13:55:00,2.3309,2.33178,2.33072,2.3309699999999998,208
2026-01-07 14:00:00,2.33093,2.33129,2.3301600000000002,2.33081,283
2026-01-07 14:05:00,2.3308,2.33178,2.33044,2.33178,280
2026-01-07 14:10:00,2.3313,2.33227,2.33108,2.33151,353
2026-01-07 14:15:00,2.33149,2.3321899999999998,2.33135,2.33177,328
2026-01-07 14:20:00,2.33142,2.33223,2.33113,2.33215,296
2026-01-07 14:25:00,2.33213,2.33217,2.33076,2.33113,347
2026-01-07 14:30:00,2.33115,2.33127,2.3304,2.33041,364
2026-01-07 14:35:00,2.33047,2.33114,2.3302,2.33031,305
2026-01-07 14:40:00,2.33031,2.3309,2.32994,2.33045,312
2026-01-07 14:45:00,2.33042,2.3311,2.3304,2.33101,267
2026-01-07 14:50:00,2.33104,2.3313800000000002,2.33075,2.33111,287
2026-01-07 14:55:00,2.33109,2.33131,2.33064,2.33079,304
2026-01-07 15:00:00,2.33078,2.33095,2.33014,2.33063,373
2026-01-07 15:05:00,2.33064,2.33147,2.33013,2.33146,382
2026-01-07 15:10:00,2.33143,2.33166,2.3302300000000002,2.3302300000000002,379
2026-01-07 15:15:00,2.33056,2.33119,2.33024,2.33069,425
2026-01-07 15:20:00,2.33072,2.33128,2.32987,2.33019,429
2026-01-07 15:25:00,2.33018,2.33047,2.32946,2.33011,439
2026-01-07 15:30:00,2.33011,2.3302,2.32875,2.32919,466
2026-01-07 15:35:00,2.3292,2.33043,2.32918,2.32995,407
2026-01-07 15:40:00,2.32997,2.33092,2.32987,2.33021,401
2026-01-07 15:45:00,2.33022,2.33092,2.32997,2.33026,378
2026-01-07 15:50:00,2.33024,2.3309,2.32999,2.33053,374
2026-01-07 15:55:00,2.33058,2.33068,2.32939,2.32992,411
2026-01-07 16:00:00,2.3299,2.33002,2.3286,2.32908,477
2026-01-07 16:05:00,2.32868,2.32965,2.32864,2.32929,408
2026-01-07 16:10:00,2.32928,2.33078,2.32925,2.33052,356
2026-01-07 16:15:00,2.33012,2.33112,2.33011,2.33049,359
2026-01-07 16:20:00,2.33047,2.33083,2.32993,2.33057,397
2026-01-07 16:25:00,2.33056,2.33059,2.32958,2.33028,359
2026-01-07 16:30:00,2.33027,2.33048,2.32953,2.33028,489
2026-01-07 16:35:00,2.33027,2.33033,2.32942,2.32966,501
2026-01-07 16:40:00,2.33006,2.33083,2.32978,2.33015,524
2026-01-07 16:45:00,2.33011,2.33125,2.3297499999999998,2.33033,536
2026-01-07 16:50:00,2.3304,2.33124,2.33015,2.3308,457
2026-01-07 16:55:00,2.33082,2.33124,2.32988,2.3304,525
2026-01-07 17:00:00,2.32965,2.33259,2.32911,2.33161,738
2026-01-07 17:05:00,2.33157,2.33189,2.33059,2.33156,650
2026-01-07 17:10:00,2.33155,2.33203,2.33064,2.3316,584
2026-01-07 17:15:00,2.3315799999999998,2.33392,2.33137,2.33364,607
2026-01-07 17:20:00,2.33365,2.33377,2.33261,2.33262,503
2026-01-07 17:25:00,2.33261,2.33376,2.3326000000000002,2.33319,525
2026-01-07 17:30:00,2.33324,2.33362,2.33272,2.33309,495
2026-01-07 17:35:00,2.33308,2.33346,2.33188,2.33231,535
2026-01-07 17:40:00,2.33236,2.333,2.33181,2.33235,540
2026-01-07 17:45:00,2.33234,2.33301,2.33184,2.33211,538
2026-01-07 17:50:00,2.33213,2.3324,2.331,2.33239,522
2026-01-07 17:55:00,2.33239,2.33261,2.33146,2.33168,576
2026-01-07 18:00:00,2.33208,2.33303,2.33186,2.33251,511
2026-01-07 18:05:00,2.33254,2.3332100000000002,2.33231,2.33266,409
2026-01-07 18:10:00,2.3326700000000002,2.33316,2.33182,2.33187,387
2026-01-07 18:15:00,2.33188,2.3326000000000002,2.33175,2.33223,350
2026-01-07 18:20:00,2.33223,2.33303,2.33208,2.33295,382
2026-01-07 18:25:00,2.33296,2.33309,2.33225,2.33276,360
2026-01-07 18:30:00,2.33277,2.33278,2.3315,2.33162,416
2026-01-07 18:35:00,2.33163,2.33225,2.33131,2.33155,373
2026-01-07 18:40:00,2.33154,2.33154,2.33069,2.33081,280
2026-01-07 18:45:00,2.33082,2.33168,2.33069,2.3313800000000002,346
2026-01-07 18:50:00,2.33135,2.33162,2.33073,2.3309,297
2026-01-07 18:55:00,2.33094,2.33154,2.33072,2.33132,338
2026-01-07 19:00:00,2.3313,2.33139,2.3307,2.33087,307
2026-01-07 19:05:00,2.3307700000000002,2.33142,2.3302,2.3309699999999998,315
2026-01-07 19:10:00,2.33098,2.33114,2.33026,2.33069,311
2026-01-07 19:15:00,2.33071,2.33071,2.32974,2.3302,280
2026-01-07 19:20:00,2.3302300000000002,2.3302300000000002,2.32923,2.32998,238
2026-01-07 19:25:00,2.33,2.33001,2.32917,2.32929,226
2026-01-07 19:30:00,2.3293,2.32978,2.3291399999999998,2.32952,249
2026-01-07 19:35:00,2.32954,2.3297,2.32909,2.32951,249
2026-01-07 19:40:00,2.3295,2.33001,2.3292,2.32987,248
2026-01-07 19:45:00,2.32985,2.32995,2.32921,2.3294,283
2026-01-07 19:50:00,2.32938,2.33013,2.32927,2.32991,284
2026-01-07 19:55:00,2.32984,2.33059,2.32939,2.33056,322
2026-01-07 20:00:00,2.33052,2.33058,2.32928,2.32969,388
2026-01-07 20:05:00,2.32967,2.3297499999999998,2.32885,2.32941,311
2026-01-07 20:10:00,2.3294,2.32953,2.32873,2.32951,312
2026-01-07 20:15:00,2.3295,2.32985,2.32913,2.32958,253
2026-01-07 20:20:00,2.32959,2.32979,2.32891,2.32905,286
2026-01-07 20:25:00,2.32906,2.32949,2.32872,2.32889,273
2026-01-07 20:30:00,2.32887,2.3296200000000002,2.32873,2.32922,239
2026-01-07 20:35:00,2.32923,2.32933,2.3284000000000002,2.3284000000000002,227
2026-01-07 20:40:00,2.32842,2.32906,2.32841,2.32898,227
2026-01-07 20:45:00,2.329,2.32933,2.32863,2.32878,266
2026-01-07 20:50:00,2.32879,2.3297,2.32878,2.32938,224
2026-01-07 20:55:00,2.3294,2.32986,2.32887,2.3295,347
2026-01-07 21:00:00,2.32951,2.3299,2.32891,2.3294,334
2026-01-07 21:05:00,2.32939,2.3295500000000002,2.32871,2.32874,282
2026-01-07 21:10:00,2.32877,2.32992,2.32874,2.3297,324
2026-01-07 21:15:00,2.32971,2.33009,2.32929,2.33006,293
2026-01-07 21:20:00,2.33008,2.33013,2.3296,2.32961,226
2026-01-07 21:25:00,2.32963,2.33027,2.32963,2.33018,273
2026-01-07 21:30:00,2.33019,2.33055,2.32971,2.32997,213
2026-01-07 21:35:00,2.32995,2.3304,2.3296799999999998,2.32973,257
2026-01-07 21:40:00,2.32973,2.33021,2.32959,2.32965,231
2026-01-07 21:45:00,2.32964,2.33033,2.3296200000000002,2.32984,258
2026-01-07 21:50:00,2.32985,2.33047,2.32972,2.33018,310
2026-01-07 21:55:00,2.33018,2.33038,2.32974,2.33033,288
2026-01-07 22:00:00,2.33032,2.33064,2.32986,2.32999,245
2026-01-07 22:05:00,2.32995,2.33075,2.32995,2.33075,225
2026-01-07 22:10:00,2.33076,2.3312,2.33053,2.33087,322
2026-01-07 22:15:00,2.33086,2.33131,2.33059,2.33066,337
2026-01-07 22:20:00,2.33063,2.33118,2.33063,2.3307700000000002,240
2026-01-07 22:25:00,2.33078,2.3314,2.33072,2.33136,256
2026-01-07 22:30:00,2.33131,2.3317,2.33093,2.33169,266
2026-01-07 22:35:00,2.3317,2.33174,2.33093,2.3314,275
2026-01-07 22:40:00,2.3314,2.33164,2.33108,2.33113,256
2026-01-07 22:45:00,2.33111,2.3316,2.331,2.33149,274
2026-01-07 22:50:00,2.33146,2.33148,2.3308400000000002,2.33085,220
2026-01-07 22:55:00,2.3308400000000002,2.33178,2.33078,2.33129,313
2026-01-07 23:00:00,2.33058,2.33128,2.33058,2.33098,230
2026-01-07 23:05:00,2.331,2.33165,2.33085,2.33152,148
2026-01-07 23:10:00,2.33151,2.33178,2.33121,2.33149,257
2026-01-07 23:15:00,2.33151,2.33182,2.33109,2.33117,275
2026-01-07 23:20:00,2.33115,2.33168,2.33113,2.33122,119
2026-01-07 23:25:00,2.3314,2.33217,2.3313,2.33173,161
2026-01-07 23:30:00,2.33174,2.33194,2.33103,2.33133,193
2026-01-07 23:35:00,2.33134,2.3315799999999998,2.33083,2.3308400000000002,187
2026-01-07 23:40:00,2.33083,2.33126,2.33052,2.3309,157
2026-01-07 23:45:00,2.33091,2.33092,2.33031,2.33052,214
2026-01-07 23:50:00,2.33053,2.3307,2.33004,2.33055,193
2026-01-07 23:55:00,2.33118,2.33118,2.32868,2.32884,127
2026-01-08 00:00:00,2.32916,2.32931,2.32916,2.32916,5
2026-01-08 00:05:00,2.32931,2.32941,2.32824,2.32824,9
2026-01-08 00:10:00,2.32824,2.32824,2.32709,2.32709,15
2026-01-08 00:15:00,2.32902,2.3293,2.32863,2.32909,93
2026-01-08 00:20:00,2.32889,2.32893,2.32817,2.32855,101
2026-01-08 00:25:00,2.32854,2.33048,2.3285299999999998,2.32998,150
2026-01-08 00:30:00,2.32998,2.33051,2.32977,2.33011,114
2026-01-08 00:35:00,2.33013,2.33058,2.32999,2.33032,127
2026-01-08 00:40:00,2.33035,2.33066,2.32989,2.33021,116
2026-01-08 00:45:00,2.33019,2.33056,2.32986,2.3302,145
2026-01-08 00:50:00,2.33021,2.33046,2.32995,2.33024,122
2026-01-08 00:55:00,2.33038,2.33075,2.32938,2.33014,318
2026-01-08 01:00:00,2.33041,2.3312,2.33024,2.33108,154
2026-01-08 01:05:00,2.33088,2.33113,2.33022,2.33113,81
2026-01-08 01:10:00,2.33115,2.33123,2.33042,2.33076,88
2026-01-08 01:15:00,2.33079,2.33099,2.33053,2.33053,86
2026-01-08 01:20:00,2.33053,2.33104,2.33052,2.33101,81
2026-01-08 01:25:00,2.33103,2.33103,2.33063,2.33094,83
2026-01-08 01:30:00,2.33095,2.33133,2.3307,2.33107,73
2026-01-08 01:35:00,2.33105,2.33139,2.33085,2.33099,66
2026-01-08 01:40:00,2.3309699999999998,2.33124,2.33078,2.33101,70
2026-01-08 01:45:00,2.33121,2.33123,2.3307700000000002,2.33104,97
2026-01-08 01:50:00,2.33105,2.33124,2.3307700000000002,2.3307700000000002,67
2026-01-08 01:55:00,2.33081,2.33125,2.3308,2.33107,63
2026-01-08 02:00:00,2.33106,2.33137,2.33058,2.33093,136
2026-01-08 02:05:00,2.33094,2.33173,2.33094,2.33173,119
2026-01-08 02:10:00,2.33171,2.33196,2.3314500000000002,2.33167,76
2026-01-08 02:15:00,2.33169,2.33192,2.3313800000000002,2.33191,134
2026-01-08 02:20:00,2.33191,2.33256,2.33191,2.33253,80
2026-01-08 02:25:00,2.33254,2.33335,2.33212,2.33293,154
2026-01-08 02:30:00,2.33292,2.33297,2.33191,2.33229,126
2026-01-08 02:35:00,2.33228,2.33239,2.33178,2.33229,154
2026-01-08 02:40:00,2.33228,2.33262,2.33177,2.33258,183
2026-01-08 02:45:00,2.33263,2.3334099999999998,2.33263,2.33312,218
2026-01-08 02:50:00,2.33311,2.33311,2.33221,2.33224,191
2026-01-08 02:55:00,2.33221,2.3334099999999998,2.33221,2.33293,229
2026-01-08 03:00:00,2.3329,2.3336,2.33218,2.33276,274
2026-01-08 03:05:00,2.33283,2.33295,2.33197,2.33207,192
2026-01-08 03:10:00,2.33247,2.33269,2.33193,2.33216,206
2026-01-08 03:15:00,2.33213,2.33282,2.33162,2.33258,210
2026-01-08 03:20:00,2.33253,2.33314,2.33213,2.33264,194
2026-01-08 03:25:00,2.33262,2.3326700000000002,2.33179,2.3323,220
2026-01-08 03:30:00,2.33229,2.33318,2.33195,2.33224,307
2026-01-08 03:35:00,2.33225,2.3332,2.33208,2.33305,260
2026-01-08 03:40:00,2.33302,2.33302,2.33237,2.33276,198
2026-01-08 03:45:00,2.33277,2.33318,2.33173,2.33207,260
2026-01-08 03:50:00,2.33189,2.3325,2.33164,2.33176,225
2026-01-08 03:55:00,2.33177,2.33252,2.33171,2.33171,214
2026-01-08 04:00:00,2.33163,2.33335,2.33161,2.33333,297
2026-01-08 04:05:00,2.33335,2.3334,2.332,2.3327,273
2026-01-08 04:10:00,2.3327,2.33346,2.33247,2.33296,216
2026-01-08 04:15:00,2.33295,2.33438,2.33265,2.334,237
2026-01-08 04:20:00,2.33398,2.3344,2.33302,2.33374,234
2026-01-08 04:25:00,2.33374,2.33374,2.33266,2.33317,245
2026-01-08 04:30:00,2.33317,2.33323,2.33227,2.33241,267
2026-01-08 04:35:00,2.3324,2.33343,2.3324,2.33334,274
2026-01-08 04:40:00,2.33335,2.33369,2.33229,2.33232,233
2026-01-08 04:45:00,2.33233,2.3326700000000002,2.33177,2.33244,219
2026-01-08 04:50:00,2.33247,2.3328699999999998,2.33227,2.33232,204
2026-01-08 04:55:00,2.33233,2.3338200000000002,2.33233,2.33357,222
2026-01-08 05:00:00,2.3334799999999998,2.33411,2.33324,2.33354,233
2026-01-08 05:05:00,2.3336,2.33398,2.33281,2.33293,296
2026-01-08 05:10:00,2.33293,2.33342,2.33282,2.33301,213
2026-01-08 05:15:00,2.33302,2.3337,2.3328699999999998,2.33343,242
2026-01-08 05:20:00,2.33342,2.33418,2.33317,2.33338,196
2026-01-08 05:25:00,2.33334,2.33395,2.33331,2.33346,251
2026-01-08 05:30:00,2.33345,2.33417,2.33315,2.33417,237
2026-01-08 05:35:00,2.33419,2.33438,2.3339,2.33403,172
2026-01-08 05:40:00,2.33398,2.33421,2.33363,2.3340199999999998,144
2026-01-08 05:45:00,2.33404,2.33431,2.33333,2.33338,190
2026-01-08 05:50:00,2.33338,2.33393,2.3332800000000002,2.33393,184
2026-01-08 05:55:00,2.33394,2.33403,2.3333,2.33392,185
2026-01-08 06:00:00,2.33391,2.33447,2.33352,2.3338200000000002,235
2026-01-08 06:05:00,2.33383,2.33411,2.33342,2.33407,169
2026-01-08 06:10:00,2.33411,2.33431,2.33325,2.33331,171
2026-01-08 06:15:00,2.33333,2.33423,2.33331,2.334,180
2026-01-08 06:20:00,2.33399,2.3341,2.33327,2.33336,181
2026-01-08 06:25:00,2.33335,2.3338900000000002,2.33329,2.33335,113
2026-01-08 06:30:00,2.33336,2.33418,2.33329,2.33374,150
2026-01-08 06:35:00,2.33375,2.33413,2.33344,2.33378,155
2026-01-08 06:40:00,2.3338,2.33482,2.3336,2.33478,158
2026-01-08 06:45:00,2.33477,2.33492,2.33388,2.33401,140
2026-01-08 06:50:00,2.3340199999999998,2.33465,2.33397,2.33416,181
2026-01-08 06:55:00,2.33417,2.33494,2.33412,2.33484,156
2026-01-08 07:00:00,2.3348,2.33514,2.3344,2.33457,217
2026-01-08 07:05:00,2.33457,2.33479,2.33433,2.33448,198
2026-01-08 07:10:00,2.33437,2.3351,2.33436,2.3351,213
2026-01-08 07:15:00,2.3351,2.3353,2.33439,2.3352,191
2026-01-08 07:20:00,2.33522,2.3353099999999998,2.33413,2.33471,190
2026-01-08 07:25:00,2.33472,2.335,2.33435,2.33439,184
2026-01-08 07:30:00,2.33438,2.33501,2.33422,2.33478,231
2026-01-08 07:35:00,2.33479,2.3351,2.33444,2.33464,260
2026-01-08 07:40:00,2.3346299999999998,2.33568,2.33446,2.33508,222
2026-01-08 07:45:00,2.33498,2.33559,2.33486,2.33559,168
2026-01-08 07:50:00,2.33518,2.33605,2.33517,2.3355,209
2026-01-08 07:55:00,2.33548,2.33576,2.33515,2.33536,295
2026-01-08 08:00:00,2.33535,2.3358,2.33494,2.33564,256
2026-01-08 08:05:00,2.3356500000000002,2.33615,2.33534,2.33534,285
2026-01-08 08:10:00,2.33535,2.33738,2.3353099999999998,2.3369400000000002,289
2026-01-08 08:15:00,2.33693,2.33793,2.33691,2.3377,343
2026-01-08 08:20:00,2.33772,2.33929,2.33732,2.33838,296
2026-01-08 08:25:00,2.33839,2.33924,2.3383,2.33887,270
2026-01-08 08:30:00,2.33887,2.33889,2.3377,2.33858,316
2026-01-08 08:35:00,2.33856,2.33905,2.33807,2.33878,240
2026-01-08 08:40:00,2.33878,2.33879,2.3378,2.33781,194
2026-01-08 08:45:00,2.33779,2.33857,2.3377499999999998,2.33819,253
2026-01-08 08:50:00,2.33818,2.3388,2.33772,2.33843,237
2026-01-08 08:55:00,2.3384,2.33844,2.33718,2.33761,316
2026-01-08 09:00:00,2.33758,2.33814,2.33721,2.33721,322
2026-01-08 09:05:00,2.33719,2.33799,2.33698,2.33771,297
2026-01-08 09:10:00,2.33773,2.33825,2.33749,2.33813,273
2026-01-08 09:15:00,2.33814,2.33814,2.33749,2.33763,235
2026-01-08 09:20:00,2.33762,2.33823,2.3358499999999998,2.3362600000000002,299
2026-01-08 09:25:00,2.33636,2.33823,2.33618,2.33758,285
2026-01-08 09:30:00,2.33758,2.33812,2.33682,2.33732,254
2026-01-08 09:35:00,2.33726,2.33774,2.33696,2.33774,241
2026-01-08 09:40:00,2.33773,2.3379,2.33698,2.33779,212
2026-01-08 09:45:00,2.33782,2.33847,2.3376,2.33841,232
2026-01-08 09:50:00,2.33839,2.33839,2.33713,2.33734,265
2026-01-08 09:55:00,2.3373,2.3378,2.33682,2.3369400000000002,397
2026-01-08 10:00:00,2.33696,2.33741,2.3362,2.33645,499
2026-01-08 10:05:00,2.33648,2.33658,2.33546,2.3357200000000002,377
2026-01-08 10:10:00,2.33575,2.33685,2.33575,2.33604,335
2026-01-08 10:15:00,2.33603,2.3376,2.33602,2.33674,306
2026-01-08 10:20:00,2.33671,2.33722,2.33599,2.33674,287
2026-01-08 10:25:00,2.33673,2.33711,2.33603,2.3364,319
2026-01-08 10:30:00,2.3363,2.3367,2.33549,2.33637,355
2026-01-08 10:35:00,2.33643,2.33657,2.33577,2.33597,359
2026-01-08 10:40:00,2.33598,2.33743,2.33598,2.33693,328
2026-01-08 10:45:00,2.33696,2.33812,2.3369400000000002,2.33771,301
2026-01-08 10:50:00,2.33773,2.33853,2.3375,2.33798,293
2026-01-08 10:55:00,2.33798,2.33879,2.33779,2.33845,364
2026-01-08 11:00:00,2.33846,2.33885,2.33759,2.33869,364
2026-01-08 11:05:00,2.33868,2.33907,2.33832,2.33861,236
2026-01-08 11:10:00,2.33863,2.33949,2.3386,2.33879,252
2026-01-08 11:15:00,2.33879,2.3395099999999998,2.33872,2.33904,313
2026-01-08 11:20:00,2.33908,2.33965,2.33886,2.33953,278
2026-01-08 11:25:00,2.33913,2.33974,2.33868,2.33944,271
2026-01-08 11:30:00,2.33949,2.33997,2.33915,2.33918,329
2026-01-08 11:35:00,2.33959,2.34038,2.33933,2.33966,289
2026-01-08 11:40:00,2.33968,2.34032,2.33915,2.33957,228
2026-01-08 11:45:00,2.33956,2.34002,2.33914,2.33962,282
2026-01-08 11:50:00,2.33963,2.33974,2.3388,2.33925,280
2026-01-08 11:55:00,2.33928,2.33959,2.33864,2.3392,239
2026-01-08 12:00:00,2.33922,2.33952,2.33874,2.33934,356
2026-01-08 12:05:00,2.33935,2.33946,2.33861,2.33925,265
2026-01-08 12:10:00,2.33926,2.33928,2.33839,2.33886,294
2026-01-08 12:15:00,2.33885,2.3395799999999998,2.33846,2.33934,368
2026-01-08 12:20:00,2.33893,2.33959,2.3387000000000002,2.33885,314
2026-01-08 12:25:00,2.33886,2.33926,2.33837,2.33849,271
2026-01-08 12:30:00,2.33853,2.33868,2.33773,2.3380900000000002,296
2026-01-08 12:35:00,2.33807,2.33864,2.33743,2.33822,297
2026-01-08 12:40:00,2.33823,2.33908,2.33817,2.33834,223
2026-01-08 12:45:00,2.33837,2.33901,2.33815,2.33875,242
2026-01-08 12:50:00,2.33873,2.33924,2.33851,2.33912,202
2026-01-08 12:55:00,2.33912,2.33929,2.33834,2.33846,323
2026-01-08 13:00:00,2.33848,2.33907,2.33834,2.33889,306
2026-01-08 13:05:00,2.3388999999999998,2.33949,2.33854,2.33886,220
2026-01-08 13:10:00,2.33884,2.33937,2.33875,2.33933,222
2026-01-08 13:15:00,2.3393,2.3396,2.33886,2.3395,251
2026-01-08 13:20:00,2.33946,2.33962,2.33851,2.33881,260
2026-01-08 13:25:00,2.33884,2.33918,2.33848,2.33848,230
2026-01-08 13:30:00,2.33843,2.33929,2.33838,2.33913,316
2026-01-08 13:35:00,2.33911,2.33921,2.33845,2.33857,237
2026-01-08 13:40:00,2.33854,2.33933,2.33853,2.33886,185
2026-01-08 13:45:00,2.33888,2.3395099999999998,2.33888,2.33903,209
2026-01-08 13:50:00,2.33904,2.3395799999999998,2.33887,2.33887,264
2026-01-08 13:55:00,2.33888,2.3392,2.3378,2.33808,310
2026-01-08 14:00:00,2.33811,2.33899,2.33767,2.33846,374
2026-01-08 14:05:00,2.33847,2.3389699999999998,2.33827,2.33864,258
2026-01-08 14:10:00,2.33863,2.33876,2.33811,2.33876,250
2026-01-08 14:15:00,2.3383599999999998,2.33871,2.33792,2.33833,283
2026-01-08 14:20:00,2.33837,2.33921,2.33833,2.33891,224
2026-01-08 14:25:00,2.33893,2.33907,2.33835,2.33853,228
2026-01-08 14:30:00,2.33854,2.33881,2.3383,2.33874,217
2026-01-08 14:35:00,2.33875,2.3388,2.33791,2.33819,284
2026-01-08 14:40:00,2.33818,2.33824,2.33716,2.33757,253
2026-01-08 14:45:00,2.3375500000000002,2.3376799999999998,2.33685,2.33754,299
2026-01-08 14:50:00,2.3371399999999998,2.33774,2.33677,2.33718,301
2026-01-08 14:55:00,2.33717,2.33759,2.33682,2.33754,343
2026-01-08 15:00:00,2.3375500000000002,2.33782,2.33706,2.3377499999999998,319
2026-01-08 15:05:00,2.33767,2.33835,2.3371399999999998,2.3382899999999998,355
2026-01-08 15:10:00,2.33827,2.33833,2.33658,2.33741,351
2026-01-08 15:15:00,2.33743,2.33804,2.33691,2.33756,345
2026-01-08 15:20:00,2.33747,2.3380900000000002,2.33733,2.33757,328
2026-01-08 15:25:00,2.33759,2.33808,2.3369,2.33691,259
2026-01-08 15:30:00,2.33684,2.33782,2.33637,2.33648,433
2026-01-08 15:35:00,2.33648,2.33708,2.33598,2.33698,410
2026-01-08 15:40:00,2.33699,2.33716,2.33581,2.33661,367
2026-01-08 15:45:00,2.33663,2.3368,2.33564,2.33638,522
2026-01-08 15:50:00,2.33654,2.33692,2.33549,2.33634,464
2026-01-08 15:55:00,2.33628,2.3371,2.33556,2.33631,526
2026-01-08 16:00:00,2.3363300000000002,2.3370699999999998,2.33593,2.33671,522
2026-01-08 16:05:00,2.33672,2.33693,2.33598,2.33637,417
2026-01-08 16:10:00,2.33635,2.33658,2.3358499999999998,2.33642,397
2026-01-08 16:15:00,2.33641,2.33701,2.33595,2.33696,416
2026-01-08 16:20:00,2.33697,2.33869,2.33696,2.33789,450
2026-01-08 16:25:00,2.3379,2.3382,2.3371,2.3371,397
2026-01-08 16:30:00,2.33711,2.33813,2.33658,2.33683,532
2026-01-08 16:35:00,2.33681,2.3378,2.3364599999999998,2.33732,542
2026-01-08 16:40:00,2.33732,2.3382,2.33716,2.33798,503
2026-01-08 16:45:00,2.33801,2.33805,2.33685,2.33709,472
2026-01-08 16:50:00,2.33717,2.33778,2.33617,2.33678,444
2026-01-08 16:55:00,2.33675,2.33753,2.33645,2.33696,516
2026-01-08 17:00:00,2.33697,2.33808,2.3364599999999998,2.33774,475
2026-01-08 17:05:00,2.33774,2.33783,2.33557,2.33604,507
2026-01-08 17:10:00,2.33596,2.33643,2.33535,2.33629,450
2026-01-08 17:15:00,2.33629,2.33731,2.33555,2.33579,539
2026-01-08 17:20:00,2.3358499999999998,2.33728,2.33553,2.33675,451
2026-01-08 17:25:00,2.33676,2.33724,2.33619,2.3366,458
2026-01-08 17:30:00,2.3366,2.3376799999999998,2.3364,2.33735,427
2026-01-08 17:35:00,2.33733,2.33846,2.33715,2.33783,404
2026-01-08 17:40:00,2.33783,2.33786,2.33624,2.33702,412
2026-01-08 17:45:00,2.33705,2.33739,2.33603,2.33735,443
2026-01-08 17:50:00,2.33734,2.33753,2.33587,2.33588,468
2026-01-08 17:55:00,2.33588,2.33635,2.33502,2.33528,506
2026-01-08 18:00:00,2.3353099999999998,2.33647,2.33525,2.33603,442
2026-01-08 18:05:00,2.33605,2.33753,2.33601,2.33691,391
2026-01-08 18:10:00,2.33688,2.33782,2.33675,2.33749,400
2026-01-08 18:15:00,2.3375,2.3378,2.33698,2.33741,475
2026-01-08 18:20:00,2.33742,2.33743,2.33668,2.33709,401
2026-01-08 18:25:00,2.33713,2.33731,2.33629,2.33682,469
2026-01-08 18:30:00,2.33681,2.33688,2.3359199999999998,2.33603,413
2026-01-08 18:35:00,2.33602,2.33724,2.33596,2.3369400000000002,434
2026-01-08 18:40:00,2.33701,2.3371399999999998,2.33594,2.33602,339
2026-01-08 18:45:00,2.33604,2.3363300000000002,2.33555,2.33615,358
2026-01-08 18:50:00,2.33614,2.33674,2.3356500000000002,2.33631,364
2026-01-08 18:55:00,2.33632,2.33671,2.33528,2.33564,400
2026-01-08 19:00:00,2.33568,2.33607,2.33525,2.33576,392
2026-01-08 19:05:00,2.33571,2.33602,2.33506,2.33558,379
2026-01-08 19:10:00,2.33557,2.33635,2.33544,2.33553,346
2026-01-08 19:15:00,2.33554,2.33613,2.33542,2.33568,302
2026-01-08 19:20:00,2.33569,2.33658,2.33556,2.33657,343
2026-01-08 19:25:00,2.33662,2.33709,2.33617,2.337,362
2026-01-08 19:30:00,2.337,2.33753,2.33662,2.33708,373
2026-01-08 19:35:00,2.3370699999999998,2.33724,2.33652,2.3368,364
2026-01-08 19:40:00,2.3368700000000002,2.33713,2.33674,2.33702,238
2026-01-08 19:45:00,2.33701,2.3371399999999998,2.3365,2.33662,258
2026-01-08 19:50:00,2.3366,2.33723,2.33642,2.3368700000000002,288
2026-01-08 19:55:00,2.33684,2.33704,2.3363300000000002,2.3369400000000002,272
2026-01-08 20:00:00,2.33682,2.33731,2.33639,2.33667,367
2026-01-08 20:05:00,2.33666,2.33692,2.33602,2.33618,288
2026-01-08 20:10:00,2.33615,2.33727,2.33615,2.33721,328
2026-01-08 20:15:00,2.33718,2.3373,2.33628,2.3363,274
2026-01-08 20:20:00,2.33628,2.33711,2.33628,2.33688,301
2026-01-08 20:25:00,2.33689,2.33706,2.33645,2.3368700000000002,229
2026-01-08 20:30:00,2.33688,2.33733,2.3364599999999998,2.33729,262
2026-01-08 20:35:00,2.33729,2.33733,2.3365299999999998,2.33689,232
2026-01-08 20:40:00,2.33689,2.33711,2.33636,2.33672,262
2026-01-08 20:45:00,2.33673,2.33684,2.33606,2.33624,201
2026-01-08 20:50:00,2.33625,2.33706,2.33623,2.33696,166
2026-01-08 20:55:00,2.33699,2.33701,2.33629,2.33632,318
2026-01-08 21:00:00,2.33632,2.33708,2.3363,2.33673,339
2026-01-08 21:05:00,2.33671,2.33678,2.33611,2.33675,193
2026-01-08 21:10:00,2.33675,2.33697,2.33636,2.3369400000000002,216
2026-01-08 21:15:00,2.33695,2.33699,2.3364599999999998,2.33667,226
2026-01-08 21:20:00,2.33668,2.3368700000000002,2.33649,2.33679,242
2026-01-08 21:25:00,2.33677,2.33684,2.3362600000000002,2.33668,284
2026-01-08 21:30:00,2.33668,2.33689,2.33648,2.3367,261
2026-01-08 21:35:00,2.33667,2.33672,2.33604,2.33615,296
2026-01-08 21:40:00,2.33616,2.33634,2.33597,2.33614,186
2026-01-08 21:45:00,2.33616,2.33663,2.33616,2.3366,172
2026-01-08 21:50:00,2.33664,2.33681,2.33607,2.33652,220
2026-01-08 21:55:00,2.33651,2.3371,2.33602,2.3370699999999998,231
2026-01-08 22:00:00,2.33705,2.33705,2.33601,2.33618,275
2026-01-08 22:05:00,2.33616,2.3365299999999998,2.33614,2.33632,167
2026-01-08 22:10:00,2.33634,2.33655,2.3359199999999998,2.3364,204
2026-01-08 22:15:00,2.336,2.33647,2.33574,2.33628,193
2026-01-08 22:20:00,2.33627,2.33631,2.3354,2.3356,260
2026-01-08 22:25:00,2.33561,2.33596,2.33535,2.33549,273
2026-01-08 22:30:00,2.3355,2.33625,2.33543,2.33587,299
2026-01-08 22:35:00,2.3358499999999998,2.33648,2.33579,2.33612,244
2026-01-08 22:40:00,2.33611,2.33673,2.33594,2.33673,199
2026-01-08 22:45:00,2.33675,2.33683,2.33597,2.33638,260
2026-01-08 22:50:00,2.3364,2.33701,2.33627,2.3365,208
2026-01-08 22:55:00,2.33654,2.33685,2.33651,2.3366,270
2026-01-08 23:00:00,2.33588,2.33715,2.33588,2.3369400000000002,220
2026-01-08 23:05:00,2.33701,2.33701,2.33649,2.33651,149
2026-01-08 23:10:00,2.33652,2.3366,2.33612,2.3364599999999998,326
2026-01-08 23:15:00,2.3364599999999998,2.33658,2.33606,2.33634,217
2026-01-08 23:20:00,2.33636,2.3369400000000002,2.33632,2.33652,147
2026-01-08 23:25:00,2.33651,2.3367,2.3361,2.33625,170
2026-01-08 23:30:00,2.33624,2.33632,2.33557,2.33627,214
2026-01-08 23:35:00,2.33625,2.33641,2.33576,2.33611,192
2026-01-08 23:40:00,2.33611,2.33636,2.33554,2.33574,191
2026-01-08 23:45:00,2.33575,2.3361,2.33546,2.33568,279
2026-01-08 23:50:00,2.33568,2.33594,2.33544,2.33581,360
2026-01-08 23:55:00,2.33674,2.33674,2.3344,2.33464,244
2026-01-09 00:00:00,2.33383,2.33383,2.33251,2.33251,9
2026-01-09 00:05:00,2.33308,2.33494,2.33308,2.33492,16
2026-01-09 00:10:00,2.33492,2.33492,2.33408,2.33438,27
2026-01-09 00:15:00,2.33537,2.33668,2.33501,2.3366,262
2026-01-09 00:20:00,2.3366,2.33696,2.3361,2.3362600000000002,134
2026-01-09 00:25:00,2.3362600000000002,2.3364599999999998,2.33589,2.3364599999999998,75
2026-01-09 00:30:00,2.33644,2.3364599999999998,2.33548,2.3359,250
2026-01-09 00:35:00,2.33591,2.3363300000000002,2.33564,2.33576,273
2026-01-09 00:40:00,2.33575,2.33577,2.33548,2.33566,363
2026-01-09 00:45:00,2.3356500000000002,2.33582,2.33543,2.33562,284
2026-01-09 00:50:00,2.33561,2.33569,2.3352399999999998,2.33534,267
2026-01-09 00:55:00,2.33532,2.33559,2.33454,2.33481,392
2026-01-09 01:00:00,2.33535,2.33618,2.33477,2.33604,161
2026-01-09 01:05:00,2.33603,2.33637,2.33578,2.33591,152
2026-01-09 01:10:00,2.3359199999999998,2.33631,2.33562,2.33566,104
2026-01-09 01:15:00,2.33567,2.33639,2.33567,2.33632,188
2026-01-09 01:20:00,2.33632,2.33634,2.33586,2.33628,138
2026-01-09 01:25:00,2.33603,2.33636,2.33582,2.33603,57
2026-01-09 01:30:00,2.33604,2.33645,2.33569,2.33611,104
2026-01-09 01:35:00,2.3361,2.33672,2.33608,2.33668,91
2026-01-09 01:40:00,2.33669,2.33674,2.33629,2.33629,95
2026-01-09 01:45:00,2.33629,2.3368,2.33621,2.3367,106
2026-01-09 01:50:00,2.33668,2.33672,2.33606,2.33611,84
2026-01-09 01:55:00,2.3361,2.33689,2.3361,2.33668,81
2026-01-09 02:00:00,2.33664,2.33716,2.33637,2.33656,180
2026-01-09 02:05:00,2.33656,2.33701,2.33635,2.33652,127
2026-01-09 02:10:00,2.33658,2.3376799999999998,2.33655,2.33762,217
2026-01-09 02:15:00,2.33761,2.33783,2.33666,2.3368,204
2026-01-09 02:20:00,2.33678,2.33722,2.33636,2.3371,163
2026-01-09 02:25:00,2.33709,2.33725,2.33693,2.33712,154
2026-01-09 02:30:00,2.33711,2.33805,2.33704,2.33747,175
2026-01-09 02:35:00,2.33747,2.33753,2.3370699999999998,2.33738,201
2026-01-09 02:40:00,2.33735,2.33779,2.3371399999999998,2.3371399999999998,211
2026-01-09 02:45:00,2.33712,2.33819,2.33709,2.33785,157
2026-01-09 02:50:00,2.33786,2.33797,2.33762,2.33782,265
2026-01-09 02:55:00,2.33784,2.33808,2.33731,2.33758,314
2026-01-09 03:00:00,2.33756,2.33804,2.33713,2.3374,298
2026-01-09 03:05:00,2.33739,2.33839,2.33719,2.33835,279
2026-01-09 03:10:00,2.33833,2.33862,2.33779,2.33838,238
2026-01-09 03:15:00,2.33837,2.33861,2.33787,2.3381600000000002,279
2026-01-09 03:20:00,2.33818,2.33891,2.33804,2.3384,273
2026-01-09 03:25:00,2.3388,2.33898,2.33788,2.33858,241
2026-01-09 03:30:00,2.33859,2.33896,2.33802,2.3383599999999998,337
2026-01-09 03:35:00,2.33837,2.33937,2.33823,2.33937,298
2026-01-09 03:40:00,2.33939,2.3399,2.33863,2.3394,320
2026-01-09 03:45:00,2.33952,2.33977,2.33828,2.3387000000000002,259
2026-01-09 03:50:00,2.33875,2.33875,2.33797,2.3383599999999998,317
2026-01-09 03:55:00,2.33832,2.33835,2.33752,2.33811,295
2026-01-09 04:00:00,2.33801,2.33808,2.33696,2.33795,297
2026-01-09 04:05:00,2.33798,2.33847,2.33752,2.3382899999999998,258
2026-01-09 04:10:00,2.33827,2.33835,2.3374800000000002,2.33765,276
2026-01-09 04:15:00,2.33764,2.33887,2.33722,2.33869,215
2026-01-09 04:20:00,2.33871,2.3387700000000002,2.33742,2.33772,229
2026-01-09 04:25:00,2.33774,2.33797,2.33736,2.33747,257
2026-01-09 04:30:00,2.3374800000000002,2.33842,2.33737,2.33842,231
2026-01-09 04:35:00,2.33843,2.33912,2.33824,2.3391,224
2026-01-09 04:40:00,2.33911,2.33935,2.33846,2.33854,257
2026-01-09 04:45:00,2.33833,2.33874,2.3382,2.3386,193
2026-01-09 04:50:00,2.33861,2.33885,2.33807,2.33848,280
2026-01-09 04:55:00,2.33846,2.33892,2.33838,2.3386,254
2026-01-09 05:00:00,2.3386,2.33925,2.33825,2.33923,282
2026-01-09 05:05:00,2.33924,2.3395,2.33866,2.33934,213
2026-01-09 05:10:00,2.33925,2.33969,2.33889,2.33923,201
2026-01-09 05:15:00,2.33921,2.33941,2.33894,2.33902,192
2026-01-09 05:20:00,2.33901,2.33975,2.33888,2.33935,162
2026-01-09 05:25:00,2.33937,2.34009,2.3393100000000002,2.33988,217
2026-01-09 05:30:00,2.33988,2.34008,2.33918,2.33927,206
2026-01-09 05:35:00,2.33929,2.33956,2.33858,2.33859,171
2026-01-09 05:40:00,2.33859,2.33945,2.33858,2.33904,190
2026-01-09 05:45:00,2.33904,2.33934,2.33883,2.33934,147
2026-01-09 05:50:00,2.33933,2.33992,2.33888,2.3388999999999998,205
2026-01-09 05:55:00,2.33891,2.33974,2.33888,2.33968,186
2026-01-09 06:00:00,2.33968,2.33968,2.33858,2.33861,158
2026-01-09 06:05:00,2.3386,2.33898,2.33841,2.33876,156
2026-01-09 06:10:00,2.33879,2.3391,2.33874,2.33874,164
2026-01-09 06:15:00,2.33874,2.33963,2.33871,2.33959,126
2026-01-09 06:20:00,2.33959,2.33963,2.3387000000000002,2.3387000000000002,206
2026-01-09 06:25:00,2.33869,2.3389699999999998,2.33842,2.3389699999999998,165
2026-01-09 06:30:00,2.33899,2.33909,2.33834,2.33886,151
2026-01-09 06:35:00,2.33882,2.33882,2.33807,2.33808,160
2026-01-09 06:40:00,2.33808,2.33833,2.33765,2.33804,186
2026-01-09 06:45:00,2.33802,2.33875,2.33802,2.33842,190
2026-01-09 06:50:00,2.33843,2.33859,2.3379,2.33792,155
2026-01-09 06:55:00,2.33793,2.33842,2.33765,2.33828,164
2026-01-09 07:00:00,2.33827,2.33876,2.33824,2.33876,209
2026-01-09 07:05:00,2.3387000000000002,2.33875,2.33812,2.33861,182
2026-01-09 07:10:00,2.3386,2.33868,2.33825,2.33863,149
2026-01-09 07:15:00,2.33868,2.33913,2.33865,2.33904,172
2026-01-09 07:20:00,2.33902,2.33914,2.33875,2.33898,182
2026-01-09 07:25:00,2.33896,2.33898,2.33842,2.3388,167
2026-01-09 07:30:00,2.33879,2.33885,2.33811,2.33883,224
2026-01-09 07:35:00,2.33883,2.33895,2.33832,2.33874,186
2026-01-09 07:40:00,2.33874,2.33923,2.33863,2.33909,187
2026-01-09 07:45:00,2.33908,2.33918,2.3383599999999998,2.33904,215
2026-01-09 07:50:00,2.33907,2.33943,2.33879,2.33915,180
2026-01-09 07:55:00,2.33917,2.33948,2.33862,2.3388999999999998,272
2026-01-09 08:00:00,2.33891,2.3389699999999998,2.33834,2.33881,378
2026-01-09 08:05:00,2.33883,2.33947,2.33869,2.33889,236
2026-01-09 08:10:00,2.3388999999999998,2.3395799999999998,2.33884,2.33954,219
2026-01-09 08:15:00,2.33953,2.33964,2.33855,2.33905,215
2026-01-09 08:20:00,2.33903,2.33927,2.33835,2.33889,234
2026-01-09 08:25:00,2.33888,2.33941,2.33866,2.33913,189
2026-01-09 08:30:00,2.33919,2.33926,2.33834,2.3383599999999998,233
2026-01-09 08:35:00,2.33835,2.33879,2.33805,2.33856,219
2026-01-09 08:40:00,2.33855,2.33923,2.33815,2.33911,197
2026-01-09 08:45:00,2.33908,2.33994,2.33876,2.33987,266
2026-01-09 08:50:00,2.33987,2.33994,2.33952,2.33975,210
2026-01-09 08:55:00,2.33971,2.33989,2.33926,2.33956,230
2026-01-09 09:00:00,2.33957,2.34034,2.33943,2.33972,309
2026-01-09 09:05:00,2.33969,2.34006,2.33944,2.33974,260
2026-01-09 09:10:00,2.33976,2.34041,2.33933,2.33948,267
2026-01-09 09:15:00,2.33949,2.34103,2.33948,2.34052,336
2026-01-09 09:20:00,2.34051,2.34095,2.33924,2.33924,354
2026-01-09 09:25:00,2.33921,2.34046,2.33918,2.34002,295
2026-01-09 09:30:00,2.34004,2.34026,2.33949,2.3401899999999998,261
2026-01-09 09:35:00,2.34016,2.34065,2.34004,2.34054,268
2026-01-09 09:40:00,2.34055,2.34091,2.33979,2.34087,252
2026-01-09 09:45:00,2.34089,2.34193,2.34069,2.34137,312
2026-01-09 09:50:00,2.34138,2.34209,2.34114,2.34201,337
2026-01-09 09:55:00,2.3420199999999998,2.34225,2.3413,2.3418200000000002,427
2026-01-09 10:00:00,2.34183,2.3432399999999998,2.34159,2.34309,476
2026-01-09 10:05:00,2.34308,2.34335,2.34238,2.34297,432
2026-01-09 10:10:00,2.34298,2.3430400000000002,2.34214,2.34291,378
2026-01-09 10:15:00,2.3429,2.3437200000000002,2.34215,2.3424,342
2026-01-09 10:20:00,2.34238,2.34296,2.34232,2.34286,343
2026-01-09 10:25:00,2.34285,2.34325,2.34236,2.34244,362
2026-01-09 10:30:00,2.3424300000000002,2.3426,2.34176,2.34206,391
2026-01-09 10:35:00,2.34205,2.34237,2.3401899999999998,2.34065,356
2026-01-09 10:40:00,2.34064,2.34138,2.3406000000000002,2.34127,306
2026-01-09 10:45:00,2.34128,2.34148,2.34088,2.34146,303
2026-01-09 10:50:00,2.34144,2.34163,2.34082,2.34108,290
2026-01-09 10:55:00,2.34105,2.34108,2.3401,2.34042,295
2026-01-09 11:00:00,2.34041,2.34092,2.33987,2.33987,351
2026-01-09 11:05:00,2.33985,2.3399900000000002,2.3395799999999998,2.33996,274
2026-01-09 11:10:00,2.33997,2.34064,2.3398,2.33991,288
2026-01-09 11:15:00,2.33987,2.3406000000000002,2.33987,2.34031,242
2026-01-09 11:20:00,2.34029,2.34062,2.33973,2.34059,241
2026-01-09 11:25:00,2.34058,2.34101,2.34029,2.34076,268
2026-01-09 11:30:00,2.34074,2.3409,2.34004,2.34028,266
2026-01-09 11:35:00,2.34031,2.34097,2.34026,2.3407299999999998,270
2026-01-09 11:40:00,2.34074,2.34093,2.33987,2.34034,286
2026-01-09 11:45:00,2.34035,2.34095,2.34006,2.34053,288
2026-01-09 11:50:00,2.34052,2.34066,2.33984,2.34036,282
2026-01-09 11:55:00,2.34031,2.34096,2.33991,2.34078,239
2026-01-09 12:00:00,2.34038,2.34094,2.33996,2.3407999999999998,254
2026-01-09 12:05:00,2.34081,2.34095,2.33989,2.3399,240
2026-01-09 12:10:00,2.3399,2.34069,2.33988,2.34064,211
2026-01-09 12:15:00,2.34064,2.34095,2.34018,2.34061,254
2026-01-09 12:20:00,2.34063,2.3409,2.34013,2.34055,304
2026-01-09 12:25:00,2.34061,2.34081,2.34008,2.34076,311
2026-01-09 12:30:00,2.34076,2.3407999999999998,2.3401,2.34025,259
2026-01-09 12:35:00,2.34026,2.34086,2.3401199999999998,2.34069,234
2026-01-09 12:40:00,2.34067,2.34067,2.3395099999999998,2.33974,265
2026-01-09 12:45:00,2.33973,2.3399,2.33907,2.33954,197
2026-01-09 12:50:00,2.33955,2.34018,2.33907,2.34016,239
2026-01-09 12:55:00,2.34013,2.34085,2.33975,2.34084,295
2026-01-09 13:00:00,2.34081,2.34089,2.3396,2.33988,291
2026-01-09 13:05:00,2.3399,2.34045,2.33941,2.34017,233
2026-01-09 13:10:00,2.34018,2.34056,2.33991,2.34009,252
2026-01-09 13:15:00,2.34007,2.34089,2.33992,2.34083,207
2026-01-09 13:20:00,2.34082,2.34147,2.34029,2.34129,244
2026-01-09 13:25:00,2.34127,2.34171,2.3401199999999998,2.34044,337
2026-01-09 13:30:00,2.34046,2.34068,2.34,2.34042,256
2026-01-09 13:35:00,2.34041,2.34086,2.34028,2.34063,258
2026-01-09 13:40:00,2.34064,2.34095,2.34021,2.34051,237
2026-01-09 13:45:00,2.34053,2.34083,2.3401199999999998,2.34047,241
2026-01-09 13:50:00,2.34045,2.34089,2.34005,2.34071,220
2026-01-09 13:55:00,2.34071,2.3415,2.3402,2.34145,298
2026-01-09 14:00:00,2.34146,2.34232,2.34105,2.34117,356
2026-01-09 14:05:00,2.34118,2.3419,2.3407,2.34081,310
2026-01-09 14:10:00,2.34079,2.34158,2.34076,2.34137,281
2026-01-09 14:15:00,2.34138,2.34226,2.34138,2.34187,328
2026-01-09 14:20:00,2.34226,2.34305,2.34194,2.34227,326
2026-01-09 14:25:00,2.34229,2.34331,2.34228,2.34292,338
2026-01-09 14:30:00,2.34292,2.34334,2.34212,2.3431699999999998,348
2026-01-09 14:35:00,2.3431100000000002,2.34364,2.3425000000000002,2.34258,304
2026-01-09 14:40:00,2.34259,2.34328,2.34257,2.34267,240
2026-01-09 14:45:00,2.34268,2.34356,2.3426299999999998,2.34319,266
2026-01-09 14:50:00,2.34318,2.34409,2.34307,2.34408,315
2026-01-09 14:55:00,2.34406,2.3442,2.34339,2.344,379
2026-01-09 15:00:00,2.34408,2.34467,2.34344,2.34352,504
2026-01-09 15:05:00,2.34347,2.3446,2.34341,2.344,393
2026-01-09 15:10:00,2.34396,2.34458,2.34363,2.34415,383
2026-01-09 15:15:00,2.34411,2.34449,2.34395,2.34413,405
2026-01-09 15:20:00,2.34411,2.34474,2.34408,2.34462,415
2026-01-09 15:25:00,2.3446,2.34475,2.34251,2.34251,472
2026-01-09 15:30:00,2.3424300000000002,2.34451,2.3412100000000002,2.34393,897
2026-01-09 15:35:00,2.3438499999999998,2.34401,2.34181,2.34251,874
2026-01-09 15:40:00,2.3425000000000002,2.34313,2.34045,2.34057,816
2026-01-09 15:45:00,2.34054,2.34133,2.33962,2.34074,748
2026-01-09 15:50:00,2.34068,2.34198,2.34038,2.3414099999999998,700
2026-01-09 15:55:00,2.34145,2.34271,2.34143,2.34215,623
2026-01-09 16:00:00,2.3421,2.34271,2.34152,2.3421,688
2026-01-09 16:05:00,2.34211,2.34228,2.34116,2.34204,613
2026-01-09 16:10:00,2.34203,2.34247,2.34118,2.34167,699
2026-01-09 16:15:00,2.34165,2.34352,2.3412100000000002,2.34334,715
2026-01-09 16:20:00,2.34327,2.34387,2.34282,2.3435,629
2026-01-09 16:25:00,2.34353,2.34366,2.34246,2.3431,631
2026-01-09 16:30:00,2.34308,2.34389,2.34252,2.34275,660
2026-01-09 16:35:00,2.34279,2.34296,2.34071,2.34098,640
2026-01-09 16:40:00,2.34085,2.3421,2.34026,2.34185,598
2026-01-09 16:45:00,2.34186,2.3425599999999998,2.34136,2.34193,679
2026-01-09 16:50:00,2.34186,2.34231,2.34036,2.34111,667
2026-01-09 16:55:00,2.34112,2.34184,2.34078,2.34129,515
2026-01-09 17:00:00,2.34131,2.34248,2.34085,2.34186,752
2026-01-09 17:05:00,2.34176,2.34481,2.34161,2.34475,741
2026-01-09 17:10:00,2.34478,2.34523,2.34404,2.34409,634
2026-01-09 17:15:00,2.34406,2.34488,2.34362,2.3446,608
2026-01-09 17:20:00,2.34462,2.3454,2.34377,2.34495,637
2026-01-09 17:25:00,2.3449400000000002,2.34511,2.34347,2.3436500000000002,585
2026-01-09 17:30:00,2.34362,2.34421,2.341,2.34139,574
2026-01-09 17:35:00,2.34139,2.34152,2.34074,2.34129,589
2026-01-09 17:40:00,2.34128,2.34214,2.34115,2.34146,504
2026-01-09 17:45:00,2.34146,2.34193,2.34016,2.34039,532
2026-01-09 17:50:00,2.34038,2.34112,2.33977,2.34094,548
2026-01-09 17:55:00,2.34088,2.34148,2.34041,2.3409,590
2026-01-09 18:00:00,2.34122,2.34122,2.3397,2.34004,564
2026-01-09 18:05:00,2.3399900000000002,2.34069,2.33969,2.34025,517
2026-01-09 18:10:00,2.34031,2.34112,2.34002,2.34062,471
2026-01-09 18:15:00,2.34064,2.34083,2.34024,2.34049,391
2026-01-09 18:20:00,2.34051,2.34177,2.3404,2.34148,434
2026-01-09 18:25:00,2.34151,2.34269,2.34151,2.34162,482
2026-01-09 18:30:00,2.34161,2.34212,2.3407999999999998,2.34112,510
2026-01-09 18:35:00,2.34113,2.34171,2.34061,2.34063,435
2026-01-09 18:40:00,2.3406000000000002,2.34152,2.34057,2.34103,412
2026-01-09 18:45:00,2.34106,2.34133,2.34048,2.3407,393
2026-01-09 18:50:00,2.34071,2.34071,2.33959,2.33965,382
2026-01-09 18:55:00,2.33966,2.34041,2.33966,2.34041,362
2026-01-09 19:00:00,2.34041,2.34041,2.33953,2.3401899999999998,369
2026-01-09 19:05:00,2.33979,2.34049,2.33941,2.33982,345
2026-01-09 19:10:00,2.33981,2.33984,2.3388999999999998,2.33925,304
2026-01-09 19:15:00,2.33924,2.33966,2.33874,2.33963,365
2026-01-09 19:20:00,2.33964,2.33993,2.33928,2.33976,344
2026-01-09 19:25:00,2.33977,2.33998,2.33892,2.33919,400
2026-01-09 19:30:00,2.33921,2.34001,2.33908,2.33937,356
2026-01-09 19:35:00,2.33934,2.34029,2.33933,2.33953,317
2026-01-09 19:40:00,2.3395099999999998,2.34034,2.33949,2.34004,313
2026-01-09 19:45:00,2.34003,2.34031,2.3397,2.34002,283
2026-01-09 19:50:00,2.34003,2.34026,2.33937,2.33989,262
2026-01-09 19:55:00,2.33986,2.34039,2.33973,2.34035,311
2026-01-09 20:00:00,2.33997,2.34056,2.33976,2.33977,295
2026-01-09 20:05:00,2.33977,2.3399900000000002,2.33942,2.3396,258
2026-01-09 20:10:00,2.33959,2.34013,2.33942,2.33993,293
2026-01-09 20:15:00,2.33998,2.34056,2.33955,2.34022,318
2026-01-09 20:20:00,2.34021,2.34054,2.33988,2.34048,293
2026-01-09 20:25:00,2.34047,2.34068,2.34005,2.34039,289
2026-01-09 20:30:00,2.3404,2.3404,2.33952,2.33988,290
2026-01-09 20:35:00,2.33991,2.34017,2.33917,2.33923,332
2026-01-09 20:40:00,2.33921,2.33968,2.3387000000000002,2.33892,265
2026-01-09 20:45:00,2.33893,2.33961,2.33874,2.33884,318
2026-01-09 20:50:00,2.33882,2.33995,2.33882,2.33994,263
2026-01-09 20:55:00,2.33992,2.34037,2.33967,2.3401899999999998,343
2026-01-09 21:00:00,2.34021,2.3404,2.33969,2.34018,371
2026-01-09 21:05:00,2.3402,2.34042,2.33974,2.33975,222
2026-01-09 21:10:00,2.33975,2.34013,2.3395099999999998,2.33979,262
2026-01-09 21:15:00,2.33978,2.34044,2.33973,2.33977,260
2026-01-09 21:20:00,2.33981,2.34031,2.33968,2.33987,257
2026-01-09 21:25:00,2.33988,2.34056,2.33987,2.34051,244
2026-01-09 21:30:00,2.34052,2.3406000000000002,2.3399,2.34043,235
2026-01-09 21:35:00,2.34041,2.34045,2.3399,2.34024,204
2026-01-09 21:40:00,2.34025,2.34046,2.33957,2.3396,246
2026-01-09 21:45:00,2.3396,2.34021,2.3396,2.34009,272
2026-01-09 21:50:00,2.34008,2.34008,2.33945,2.3395,259
2026-01-09 21:55:00,2.33953,2.33989,2.3392,2.33939,296
2026-01-09 22:00:00,2.3393800000000002,2.33961,2.33913,2.33913,219
2026-01-09 22:05:00,2.33914,2.33969,2.33913,2.3393100000000002,197
2026-01-09 22:10:00,2.33929,2.33962,2.33901,2.33949,219
2026-01-09 22:15:00,2.3395,2.3395,2.33871,2.33871,221
2026-01-09 22:20:00,2.33872,2.33924,2.33856,2.33912,259
2026-01-09 22:25:00,2.33915,2.33932,2.33893,2.339,161
2026-01-09 22:30:00,2.339,2.33913,2.33802,2.33806,206
2026-01-09 22:35:00,2.33806,2.33847,2.33767,2.3382,254
2026-01-09 22:40:00,2.33819,2.33874,2.33811,2.33825,248
2026-01-09 22:45:00,2.33824,2.3388,2.33811,2.33855,233
2026-01-09 22:50:00,2.3386,2.3386,2.3379,2.33808,306
2026-01-09 22:55:00,2.33807,2.33865,2.33786,2.3383599999999998,272
2026-01-09 23:00:00,2.33758,2.33805,2.33733,2.33747,244
2026-01-09 23:05:00,2.33744,2.33783,2.33725,2.33762,353
2026-01-09 23:10:00,2.33759,2.33796,2.33715,2.33726,268
2026-01-09 23:15:00,2.33726,2.33769,2.33711,2.33754,223
2026-01-09 23:20:00,2.3375500000000002,2.33772,2.33718,2.33746,229
2026-01-09 23:25:00,2.3375,2.33766,2.33732,2.33766,210
2026-01-09 23:30:00,2.33764,2.33785,2.33754,2.3376799999999998,253
2026-01-09 23:35:00,2.3377,2.33779,2.3375,2.33772,173
2026-01-09 23:40:00,2.33771,2.33786,2.33701,2.33709,133
2026-01-09 23:45:00,2.33705,2.3376,2.33691,2.33734,155
2026-01-09 23:50:00,2.33735,2.33758,2.33693,2.33739,181
2026-01-09 23:55:00,2.33647,2.3369400000000002,2.33522,2.33542,127
2026-01-12 00:00:00,2.3370699999999998,2.3370699999999998,2.3364599999999998,2.33693,9
2026-01-12 00:05:00,2.33771,2.33787,2.33628,2.3363,24
2026-01-12 00:10:00,2.3363,2.3363,2.33566,2.33578,33
2026-01-12 00:15:00,2.33593,2.33683,2.33593,2.33657,44
2026-01-12 00:20:00,2.33657,2.33758,2.33603,2.33659,119
2026-01-12 00:25:00,2.33659,2.33742,2.33614,2.33699,53
2026-01-12 00:30:00,2.33699,2.33725,2.33588,2.33595,59
2026-01-12 00:35:00,2.33593,2.33593,2.33493,2.335,83
2026-01-12 00:40:00,2.33497,2.33736,2.3345000000000002,2.3350400000000002,53
2026-01-12 00:45:00,2.33506,2.33552,2.33497,2.33521,104
2026-01-12 00:50:00,2.33525,2.33588,2.33525,2.33577,104
2026-01-12 00:55:00,2.33579,2.33652,2.33391,2.33405,243
2026-01-12 01:00:00,2.33489,2.33765,2.33489,2.33762,478
2026-01-12 01:05:00,2.3377,2.33801,2.33696,2.33777,330
2026-01-12 01:10:00,2.33764,2.33799,2.3371399999999998,2.33739,90
2026-01-12 01:15:00,2.33731,2.33818,2.3373,2.3377,129
2026-01-12 01:20:00,2.3377,2.33784,2.33722,2.3377499999999998,160
2026-01-12 01:25:00,2.33776,2.3379,2.33709,2.33753,164
2026-01-12 01:30:00,2.33752,2.33784,2.3370699999999998,2.33783,103
2026-01-12 01:35:00,2.33788,2.33795,2.33728,2.3378,110
2026-01-12 01:40:00,2.33781,2.3383,2.33781,2.33787,71
2026-01-12 01:45:00,2.33813,2.33843,2.33759,2.33778,86
2026-01-12 01:50:00,2.33778,2.33825,2.33744,2.3375500000000002,67
2026-01-12 01:55:00,2.33754,2.33776,2.33726,2.33776,68
2026-01-12 02:00:00,2.33777,2.33842,2.33756,2.33784,210
2026-01-12 02:05:00,2.33784,2.33853,2.33712,2.33738,340
2026-01-12 02:10:00,2.33736,2.33803,2.33684,2.33684,315
2026-01-12 02:15:00,2.33686,2.33763,2.33665,2.33701,294
2026-01-12 02:20:00,2.3368700000000002,2.33776,2.33672,2.33709,233
2026-01-12 02:25:00,2.3370699999999998,2.33751,2.33671,2.33745,217
2026-01-12 02:30:00,2.33747,2.33807,2.33659,2.33742,430
2026-01-12 02:35:00,2.33735,2.33901,2.33705,2.33858,428
2026-01-12 02:40:00,2.33856,2.33867,2.33789,2.3383599999999998,333
2026-01-12 02:45:00,2.33834,2.33869,2.3375500000000002,2.3377,278
2026-01-12 02:50:00,2.33772,2.3382899999999998,2.33729,2.33737,315
2026-01-12 02:55:00,2.3374,2.33824,2.33738,2.33758,337
2026-01-12 03:00:00,2.33765,2.33847,2.33704,2.33761,409
2026-01-12 03:05:00,2.33763,2.33823,2.33721,2.33731,383
2026-01-12 03:10:00,2.33734,2.3377499999999998,2.33666,2.33757,390
2026-01-12 03:15:00,2.33751,2.33785,2.3366,2.3374800000000002,370
2026-01-12 03:20:00,2.33743,2.33806,2.33692,2.33721,385
2026-01-12 03:25:00,2.33719,2.3383,2.3371,2.33767,321
2026-01-12 03:30:00,2.33769,2.33837,2.33712,2.33736,398
2026-01-12 03:35:00,2.33737,2.33797,2.33699,2.33723,300
2026-01-12 03:40:00,2.33764,2.33766,2.33693,2.33706,256
2026-01-12 03:45:00,2.33705,2.33759,2.33703,2.33746,243
2026-01-12 03:50:00,2.33745,2.33837,2.33701,2.33799,226
2026-01-12 03:55:00,2.338,2.33819,2.33664,2.33723,264
2026-01-12 04:00:00,2.33721,2.33751,2.33665,2.33673,282
2026-01-12 04:05:00,2.33713,2.3375,2.33667,2.33731,268
2026-01-12 04:10:00,2.3373,2.3373,2.33648,2.33658,216
2026-01-12 04:15:00,2.3366,2.33725,2.33647,2.33719,251
2026-01-12 04:20:00,2.33717,2.3376,2.33639,2.33701,226
2026-01-12 04:25:00,2.33703,2.3372,2.33656,2.33667,215
2026-01-12 04:30:00,2.33663,2.33726,2.3364,2.33686,342
2026-01-12 04:35:00,2.33709,2.33715,2.33586,2.33689,284
2026-01-12 04:40:00,2.3369,2.33722,2.33662,2.33678,254
2026-01-12 04:45:00,2.3368,2.33723,2.3363300000000002,2.33705,226
2026-01-12 04:50:00,2.33706,2.33706,2.33624,2.33662,281
2026-01-12 04:55:00,2.33661,2.33719,2.33639,2.33699,283
2026-01-12 05:00:00,2.33702,2.33759,2.3366,2.33701,172
2026-01-12 05:05:00,2.33703,2.3371399999999998,2.3367,2.33695,186
2026-01-12 05:10:00,2.33695,2.33699,2.33637,2.3365,133
2026-01-12 05:15:00,2.33652,2.33679,2.33638,2.33674,140
2026-01-12 05:20:00,2.33676,2.33676,2.3362600000000002,2.3365,112
2026-01-12 05:25:00,2.33652,2.33697,2.33624,2.33683,156
2026-01-12 05:30:00,2.33684,2.3370699999999998,2.3363,2.33674,142
2026-01-12 05:35:00,2.33673,2.33679,2.33645,2.33679,133
2026-01-12 05:40:00,2.33678,2.3372,2.33625,2.33648,161
2026-01-12 05:45:00,2.33647,2.33663,2.33588,2.33632,160
2026-01-12 05:50:00,2.3363,2.33664,2.3361,2.33623,126
2026-01-12 05:55:00,2.33625,2.33676,2.33598,2.33632,222
2026-01-12 06:00:00,2.33631,2.33702,2.33603,2.33642,196
2026-01-12 06:05:00,2.3364599999999998,2.3372,2.33643,2.33703,129
2026-01-12 06:10:00,2.33706,2.33732,2.33672,2.33716,112
2026-01-12 06:15:00,2.33716,2.33716,2.33628,2.33643,115
2026-01-12 06:20:00,2.33645,2.33718,2.33645,2.33672,132
2026-01-12 06:25:00,2.3367,2.33704,2.33663,2.33672,109
2026-01-12 06:30:00,2.33672,2.33698,2.33624,2.33681,136
2026-01-12 06:35:00,2.33679,2.33731,2.33662,2.3371399999999998,144
2026-01-12 06:40:00,2.3371399999999998,2.33726,2.33632,2.33672,102
2026-01-12 06:45:00,2.33672,2.33695,2.33609,2.33612,135
2026-01-12 06:50:00,2.33615,2.33663,2.33577,2.33618,148
2026-01-12 06:55:00,2.33617,2.33673,2.33593,2.3365,162
2026-01-12 07:00:00,2.33649,2.337,2.33608,2.33614,181
2026-01-12 07:05:00,2.33625,2.33689,2.33618,2.33676,164
2026-01-12 07:10:00,2.33674,2.33725,2.3365299999999998,2.33722,187
2026-01-12 07:15:00,2.33724,2.33743,2.33663,2.33686,213
2026-01-12 07:20:00,2.33684,2.33697,2.33629,2.33683,176
2026-01-12 07:25:00,2.33684,2.33724,2.33643,2.33705,218
2026-01-12 07:30:00,2.33706,2.3372,2.3363300000000002,2.33688,254
2026-01-12 07:35:00,2.33686,2.33764,2.33679,2.33732,173
2026-01-12 07:40:00,2.33728,2.33728,2.33672,2.33716,205
2026-01-12 07:45:00,2.33715,2.33762,2.33672,2.33701,229
2026-01-12 07:50:00,2.33701,2.33764,2.3366,2.33661,218
2026-01-12 07:55:00,2.33663,2.33698,2.3362,2.3362,209
2026-01-12 08:00:00,2.33619,2.33696,2.33605,2.33669,207
2026-01-12 08:05:00,2.33629,2.33685,2.33603,2.33603,190
2026-01-12 08:10:00,2.33602,2.33666,2.33582,2.3366,225
2026-01-12 08:15:00,2.33658,2.33691,2.33616,2.3369,161
2026-01-12 08:20:00,2.33691,2.33691,2.33606,2.33616,154
2026-01-12 08:25:00,2.33608,2.33662,2.33571,2.33571,211
2026-01-12 08:30:00,2.33576,2.33634,2.33558,2.33604,183
2026-01-12 08:35:00,2.33605,2.33695,2.33591,2.33677,193
2026-01-12 08:40:00,2.33676,2.33698,2.33631,2.33647,206
2026-01-12 08:45:00,2.3364599999999998,2.3377499999999998,2.33628,2.33736,194
2026-01-12 08:50:00,2.33739,2.33803,2.33717,2.33751,215
2026-01-12 08:55:00,2.3374800000000002,2.33788,2.33731,2.33733,156
2026-01-12 09:00:00,2.33738,2.33801,2.33684,2.33724,327
2026-01-12 09:05:00,2.33724,2.33754,2.33594,2.33605,338
2026-01-12 09:10:00,2.33604,2.33689,2.33564,2.33639,286
2026-01-12 09:15:00,2.33638,2.33741,2.33613,2.33658,314
2026-01-12 09:20:00,2.33657,2.3374,2.33621,2.33682,345
2026-01-12 09:25:00,2.3368,2.33749,2.33591,2.33635,335
2026-01-12 09:30:00,2.33637,2.33728,2.3361,2.33709,305
2026-01-12 09:35:00,2.3371,2.3379,2.33661,2.33735,271
2026-01-12 09:40:00,2.33733,2.33744,2.33656,2.33691,268
2026-01-12 09:45:00,2.33692,2.33693,2.33599,2.33658,262
2026-01-12 09:50:00,2.33658,2.3369400000000002,2.33604,2.33645,244
2026-01-12 09:55:00,2.3364599999999998,2.33698,2.33579,2.33661,355
2026-01-12 10:00:00,2.33659,2.33715,2.33576,2.33638,481
2026-01-12 10:05:00,2.33678,2.33746,2.33618,2.3362,353
2026-01-12 10:10:00,2.33621,2.33767,2.33602,2.33763,369
2026-01-12 10:15:00,2.33765,2.33805,2.33686,2.33796,330
2026-01-12 10:20:00,2.33798,2.33845,2.33759,2.33799,335
2026-01-12 10:25:00,2.33799,2.33807,2.3369400000000002,2.3369400000000002,309
2026-01-12 10:30:00,2.33692,2.33788,2.33676,2.33745,345
2026-01-12 10:35:00,2.33744,2.33774,2.33698,2.33724,366
2026-01-12 10:40:00,2.33724,2.3382,2.33723,2.33777,344
2026-01-12 10:45:00,2.33776,2.33878,2.33758,2.33793,359
2026-01-12 10:50:00,2.33786,2.33852,2.33765,2.33838,363
2026-01-12 10:55:00,2.33833,2.33859,2.33773,2.33814,315
2026-01-12 11:00:00,2.33813,2.33916,2.3381,2.3385,374
2026-01-12 11:05:00,2.33849,2.33854,2.33742,2.3382,346
2026-01-12 11:10:00,2.33819,2.33908,2.33777,2.33791,329
2026-01-12 11:15:00,2.338,2.33854,2.33708,2.33756,325
2026-01-12 11:20:00,2.3375500000000002,2.33793,2.3371,2.3373,333
2026-01-12 11:25:00,2.33732,2.33869,2.33732,2.33833,287
2026-01-12 11:30:00,2.33832,2.33872,2.33745,2.3379,294
2026-01-12 11:35:00,2.33789,2.33862,2.3377499999999998,2.33837,277
2026-01-12 11:40:00,2.33839,2.33848,2.33772,2.3382,265
2026-01-12 11:45:00,2.33817,2.33834,2.33705,2.33715,280
2026-01-12 11:50:00,2.33716,2.3375,2.3368700000000002,2.3371399999999998,268
2026-01-12 11:55:00,2.33715,2.33776,2.33671,2.33773,308
2026-01-12 12:00:00,2.33776,2.33818,2.33769,2.33802,303
2026-01-12 12:05:00,2.33807,2.33839,2.33767,2.33797,244
2026-01-12 12:10:00,2.33796,2.33843,2.33781,2.33782,231
2026-01-12 12:15:00,2.33783,2.33832,2.33751,2.33776,299
2026-01-12 12:20:00,2.3377499999999998,2.33817,2.33739,2.3375,323
2026-01-12 12:25:00,2.33749,2.33842,2.33749,2.338,297
2026-01-12 12:30:00,2.33801,2.3387000000000002,2.33762,2.33862,357
2026-01-12 12:35:00,2.33862,2.33917,2.33814,2.33915,251
2026-01-12 12:40:00,2.33916,2.33917,2.33806,2.3382899999999998,258
2026-01-12 12:45:00,2.3383,2.33895,2.33823,2.33883,220
2026-01-12 12:50:00,2.33884,2.339,2.33807,2.33815,280
2026-01-12 12:55:00,2.3381600000000002,2.33939,2.33814,2.33919,296
2026-01-12 13:00:00,2.33915,2.33921,2.3383599999999998,2.33879,320
2026-01-12 13:05:00,2.3387700000000002,2.3393100000000002,2.33825,2.33924,257
2026-01-12 13:10:00,2.33922,2.33926,2.33806,2.3381600000000002,269
2026-01-12 13:15:00,2.33817,2.33872,2.33797,2.33826,253
2026-01-12 13:20:00,2.33828,2.33862,2.3377499999999998,2.3382,221
2026-01-12 13:25:00,2.33821,2.33863,2.33792,2.338,229
2026-01-12 13:30:00,2.33799,2.33799,2.33692,2.3373,220
2026-01-12 13:35:00,2.33728,2.33776,2.33672,2.33758,255
2026-01-12 13:40:00,2.33747,2.3378,2.3369400000000002,2.33702,238
2026-01-12 13:45:00,2.33704,2.33704,2.33643,2.33667,242
2026-01-12 13:50:00,2.33669,2.33686,2.33637,2.33664,264
2026-01-12 13:55:00,2.33663,2.33796,2.33663,2.33735,314
2026-01-12 14:00:00,2.33734,2.33808,2.3372,2.33802,347
2026-01-12 14:05:00,2.33803,2.33918,2.33764,2.33905,349
2026-01-12 14:10:00,2.33907,2.33912,2.33811,2.33869,318
2026-01-12 14:15:00,2.33868,2.33903,2.33808,2.33819,310
2026-01-12 14:20:00,2.33818,2.33888,2.33801,2.33826,334
2026-01-12 14:25:00,2.3383,2.33911,2.33814,2.33849,265
2026-01-12 14:30:00,2.33851,2.33886,2.33782,2.33871,290
2026-01-12 14:35:00,2.33869,2.33869,2.33758,2.33759,358
2026-01-12 14:40:00,2.3376,2.33843,2.33699,2.33706,326
2026-01-12 14:45:00,2.33709,2.3379,2.33689,2.337,345
2026-01-12 14:50:00,2.33703,2.33795,2.33666,2.33779,332
2026-01-12 14:55:00,2.33778,2.33791,2.33711,2.3372,355
2026-01-12 15:00:00,2.33721,2.3376,2.33647,2.33685,395
2026-01-12 15:05:00,2.33683,2.33734,2.33606,2.3368,453
2026-01-12 15:10:00,2.33671,2.33719,2.33591,2.33625,395
2026-01-12 15:15:00,2.33623,2.33699,2.33595,2.3365,437
2026-01-12 15:20:00,2.33654,2.33728,2.33591,2.33661,373
2026-01-12 15:25:00,2.33662,2.33689,2.33618,2.33669,365
2026-01-12 15:30:00,2.3367,2.33752,2.33636,2.3367,377
2026-01-12 15:35:00,2.3367,2.33808,2.33666,2.33767,339
2026-01-12 15:40:00,2.33769,2.33815,2.33738,2.33795,332
2026-01-12 15:45:00,2.33787,2.33841,2.33728,2.33732,423
2026-01-12 15:50:00,2.33731,2.33805,2.33709,2.33716,379
2026-01-12 15:55:00,2.33718,2.33807,2.33689,2.33805,412
2026-01-12 16:00:00,2.33805,2.33822,2.33744,2.33789,446
2026-01-12 16:05:00,2.33792,2.33864,2.3376,2.33819,438
2026-01-12 16:10:00,2.3382,2.33883,2.33737,2.33805,404
2026-01-12 16:15:00,2.33804,2.33859,2.33763,2.33858,388
2026-01-12 16:20:00,2.33864,2.33895,2.33822,2.33853,391
2026-01-12 16:25:00,2.33854,2.33908,2.33807,2.3385,509
2026-01-12 16:30:00,2.33855,2.33867,2.33764,2.3383,525
2026-01-12 16:35:00,2.33832,2.33849,2.33777,2.33782,468
2026-01-12 16:40:00,2.33779,2.33896,2.33763,2.33868,463
2026-01-12 16:45:00,2.33868,2.33998,2.33859,2.33916,508
2026-01-12 16:50:00,2.33915,2.33934,2.33849,2.33916,464
2026-01-12 16:55:00,2.33915,2.33955,2.3383,2.33855,497
2026-01-12 17:00:00,2.33857,2.33912,2.33823,2.3387700000000002,472
2026-01-12 17:05:00,2.33873,2.33943,2.33833,2.33878,435
2026-01-12 17:10:00,2.33878,2.33918,2.33818,2.33847,398
2026-01-12 17:15:00,2.33848,2.33889,2.33784,2.33793,374
2026-01-12 17:20:00,2.33793,2.33834,2.33753,2.33801,376
2026-01-12 17:25:00,2.33802,2.33812,2.33725,2.33727,400
2026-01-12 17:30:00,2.33723,2.33861,2.33723,2.33794,354
2026-01-12 17:35:00,2.3383599999999998,2.33864,2.33793,2.33826,376
2026-01-12 17:40:00,2.33825,2.33872,2.33765,2.3381,344
2026-01-12 17:45:00,2.3380900000000002,2.33849,2.3372,2.3372,357
2026-01-12 17:50:00,2.33716,2.33783,2.33688,2.33727,384
2026-01-12 17:55:00,2.33729,2.33779,2.33686,2.33726,460
2026-01-12 18:00:00,2.33728,2.33791,2.33658,2.33662,423
2026-01-12 18:05:00,2.33663,2.33688,2.33629,2.3368700000000002,371
2026-01-12 18:10:00,2.33684,2.3368700000000002,2.33533,2.33538,368
2026-01-12 18:15:00,2.33544,2.33583,2.33451,2.33475,367
2026-01-12 18:20:00,2.33488,2.33571,2.33469,2.33563,360
2026-01-12 18:25:00,2.33562,2.3362600000000002,2.33543,2.33625,325
2026-01-12 18:30:00,2.33627,2.33628,2.33523,2.33602,345
2026-01-12 18:35:00,2.33602,2.33621,2.33573,2.3358499999999998,337
2026-01-12 18:40:00,2.33582,2.33604,2.33509,2.33558,326
2026-01-12 18:45:00,2.3356,2.33607,2.33522,2.33541,307
2026-01-12 18:50:00,2.33543,2.33637,2.33521,2.33627,350
2026-01-12 18:55:00,2.3362600000000002,2.33673,2.33583,2.33648,336
2026-01-12 19:00:00,2.33644,2.3364599999999998,2.33547,2.33602,391
2026-01-12 19:05:00,2.33602,2.3368700000000002,2.33582,2.33604,330
2026-01-12 19:10:00,2.33605,2.33672,2.33575,2.3359,350
2026-01-12 19:15:00,2.33587,2.33665,2.3355,2.33577,337
2026-01-12 19:20:00,2.33575,2.33601,2.33483,2.33539,388
2026-01-12 19:25:00,2.33541,2.33559,2.33501,2.3355,415
2026-01-12 19:30:00,2.33556,2.3358499999999998,2.33451,2.33455,360
2026-01-12 19:35:00,2.33456,2.3352399999999998,2.33416,2.33447,383
2026-01-12 19:40:00,2.33445,2.33505,2.33408,2.33471,382
2026-01-12 19:45:00,2.33473,2.33484,2.3338900000000002,2.33446,333
2026-01-12 19:50:00,2.33444,2.33448,2.33381,2.33422,243
2026-01-12 19:55:00,2.33421,2.33457,2.33377,2.33408,311
2026-01-12 20:00:00,2.33426,2.33451,2.33319,2.33336,383
2026-01-12 20:05:00,2.3334,2.33404,2.33335,2.33374,307
2026-01-12 20:10:00,2.33373,2.33391,2.33318,2.33336,205
2026-01-12 20:15:00,2.33337,2.33413,2.33332,2.33384,230
2026-01-12 20:20:00,2.33381,2.33384,2.33347,2.33375,219
2026-01-12 20:25:00,2.33371,2.33376,2.333,2.33302,260
2026-01-12 20:30:00,2.33302,2.3342,2.33302,2.33371,250
2026-01-12 20:35:00,2.3337,2.3343,2.3337,2.3340199999999998,145
2026-01-12 20:40:00,2.33401,2.33471,2.334,2.33466,186
2026-01-12 20:45:00,2.33464,2.33484,2.33426,2.33462,193
2026-01-12 20:50:00,2.33461,2.3346999999999998,2.33408,2.33467,236
2026-01-12 20:55:00,2.33466,2.33471,2.33437,2.33446,199
2026-01-12 21:00:00,2.33445,2.33482,2.33407,2.33462,210
2026-01-12 21:05:00,2.33464,2.33466,2.3338,2.3338200000000002,134
2026-01-12 21:10:00,2.33359,2.33416,2.33336,2.33408,226
2026-01-12 21:15:00,2.33412,2.33416,2.33332,2.33393,192
2026-01-12 21:20:00,2.33394,2.33432,2.33362,2.33388,179
2026-01-12 21:25:00,2.33387,2.33433,2.33371,2.33394,112
2026-01-12 21:30:00,2.33392,2.33471,2.33377,2.33418,196
2026-01-12 21:35:00,2.33421,2.33488,2.33415,2.33426,184
2026-01-12 21:40:00,2.33448,2.33456,2.33414,2.33435,165
2026-01-12 21:45:00,2.33432,2.33498,2.33431,2.33493,229
2026-01-12 21:50:00,2.33485,2.33494,2.33442,2.33448,143
2026-01-12 21:55:00,2.3345000000000002,2.33529,2.33446,2.33494,246
2026-01-12 22:00:00,2.33496,2.33512,2.3344300000000002,2.33454,272
2026-01-12 22:05:00,2.33452,2.33494,2.3344300000000002,2.33489,173
2026-01-12 22:10:00,2.33494,2.33494,2.33416,2.33426,145
2026-01-12 22:15:00,2.33426,2.33468,2.33425,2.33447,203
2026-01-12 22:20:00,2.33447,2.3348,2.3344,2.33474,137
2026-01-12 22:25:00,2.33473,2.33503,2.33446,2.33497,149
2026-01-12 22:30:00,2.33499,2.33515,2.33451,2.33503,170
2026-01-12 22:35:00,2.33508,2.33508,2.33435,2.33446,155
2026-01-12 22:40:00,2.33445,2.335,2.33441,2.33444,207
2026-01-12 22:45:00,2.33447,2.33485,2.33442,2.33448,203
2026-01-12 22:50:00,2.3345000000000002,2.33483,2.33428,2.33441,231
2026-01-12 22:55:00,2.3344300000000002,2.33498,2.33435,2.3344,273
2026-01-12 23:00:00,2.33369,2.3341,2.3322,2.33309,265
2026-01-12 23:05:00,2.33312,2.33316,2.33211,2.33221,169
2026-01-12 23:10:00,2.33222,2.33256,2.33178,2.33222,147
2026-01-12 23:15:00,2.33223,2.33248,2.33178,2.33183,112
2026-01-12 23:20:00,2.33184,2.33224,2.33105,2.33168,134
2026-01-12 23:25:00,2.33169,2.33182,2.3312,2.33137,143
2026-01-12 23:30:00,2.33135,2.33163,2.33085,2.33085,137
2026-01-12 23:35:00,2.3308400000000002,2.33167,2.33083,2.33162,150
2026-01-12 23:40:00,2.33163,2.33198,2.33134,2.33153,146
2026-01-12 23:45:00,2.33154,2.33225,2.33154,2.33178,198
2026-01-12 23:50:00,2.33181,2.33242,2.33141,2.33236,322
2026-01-12 23:55:00,2.33332,2.33334,2.33064,2.33096,248
2026-01-13 00:00:00,2.33193,2.33195,2.33071,2.33127,14
2026-01-13 00:05:00,2.3309699999999998,2.33121,2.3305,2.33052,13
2026-01-13 00:10:00,2.33052,2.33076,2.3301600000000002,2.33017,29
2026-01-13 00:15:00,2.33087,2.33134,2.33055,2.33116,112
2026-01-13 00:20:00,2.33118,2.33132,2.33072,2.33126,62
2026-01-13 00:25:00,2.33125,2.33141,2.33085,2.33088,98
2026-01-13 00:30:00,2.33088,2.33203,2.33088,2.3317,175
2026-01-13 00:35:00,2.33168,2.33237,2.33168,2.33229,146
2026-01-13 00:40:00,2.3322599999999998,2.33233,2.33192,2.33192,148
2026-01-13 00:45:00,2.33193,2.33225,2.33188,2.33224,148
2026-01-13 00:50:00,2.3322,2.3322599999999998,2.33149,2.33192,114
2026-01-13 00:55:00,2.33194,2.33196,2.33087,2.33096,361
2026-01-13 01:00:00,2.33137,2.33247,2.33115,2.33241,262
2026-01-13 01:05:00,2.33241,2.33272,2.33178,2.3323,405
2026-01-13 01:10:00,2.33229,2.33278,2.33208,2.33257,317
2026-01-13 01:15:00,2.33254,2.33266,2.33202,2.33217,301
2026-01-13 01:20:00,2.33217,2.33249,2.33191,2.33233,237
2026-01-13 01:25:00,2.3322599999999998,2.33257,2.33187,2.33242,133
2026-01-13 01:30:00,2.33243,2.33244,2.33155,2.33198,118
2026-01-13 01:35:00,2.33196,2.33277,2.33194,2.33276,121
2026-01-13 01:40:00,2.33256,2.33289,2.3324,2.33257,103
2026-01-13 01:45:00,2.33255,2.33277,2.3324,2.33255,141
2026-01-13 01:50:00,2.33256,2.33278,2.33221,2.33229,85
2026-01-13 01:55:00,2.33228,2.33276,2.33228,2.33249,92
2026-01-13 02:00:00,2.33236,2.33274,2.33202,2.33224,183
2026-01-13 02:05:00,2.33229,2.33299,2.33214,2.33276,126
2026-01-13 02:10:00,2.33275,2.33297,2.33234,2.33275,115
2026-01-13 02:15:00,2.33274,2.33288,2.33188,2.33191,93
2026-01-13 02:20:00,2.33193,2.33227,2.33179,2.33221,103
2026-01-13 02:25:00,2.3321899999999998,2.33288,2.33213,2.3324,138
2026-01-13 02:30:00,2.332,2.33247,2.33164,2.3318,203
2026-01-13 02:35:00,2.33179,2.33284,2.33171,2.33241,178
2026-01-13 02:40:00,2.3324,2.33243,2.33187,2.33227,194
2026-01-13 02:45:00,2.33228,2.33246,2.33204,2.33204,209
2026-01-13 02:50:00,2.33204,2.33265,2.33198,2.33202,244
2026-01-13 02:55:00,2.33203,2.33334,2.33183,2.33284,326
2026-01-13 03:00:00,2.3328699999999998,2.3332100000000002,2.33205,2.33276,296
2026-01-13 03:05:00,2.33274,2.33343,2.33236,2.33289,263
2026-01-13 03:10:00,2.3329,2.33296,2.33197,2.33233,253
2026-01-13 03:15:00,2.33225,2.33262,2.33164,2.33183,281
2026-01-13 03:20:00,2.33185,2.33195,2.3313,2.33155,220
2026-01-13 03:25:00,2.33154,2.33284,2.3311,2.3324,258
2026-01-13 03:30:00,2.33241,2.33259,2.33115,2.33134,294
2026-01-13 03:35:00,2.33132,2.33241,2.3312,2.33134,302
2026-01-13 03:40:00,2.33135,2.33224,2.33123,2.33209,290
2026-01-13 03:45:00,2.33208,2.3322,2.3307700000000002,2.33109,249
2026-01-13 03:50:00,2.3311,2.33169,2.33089,2.33113,214
2026-01-13 03:55:00,2.33113,2.3322599999999998,2.33113,2.33217,225
2026-01-13 04:00:00,2.3321899999999998,2.33246,2.33132,2.33132,269
2026-01-13 04:05:00,2.33134,2.33182,2.331,2.33181,254
2026-01-13 04:10:00,2.33177,2.33183,2.33083,2.33105,229
2026-01-13 04:15:00,2.33102,2.33194,2.33088,2.33189,217
2026-01-13 04:20:00,2.33191,2.33201,2.33161,2.33179,225
2026-01-13 04:25:00,2.33183,2.33285,2.33181,2.3321,243
2026-01-13 04:30:00,2.33211,2.33228,2.33182,2.33217,176
2026-01-13 04:35:00,2.33216,2.33259,2.33167,2.33175,167
2026-01-13 04:40:00,2.33172,2.33286,2.3314500000000002,2.33248,224
2026-01-13 04:45:00,2.33246,2.33294,2.33227,2.33231,217
2026-01-13 04:50:00,2.33232,2.3325,2.33209,2.3322599999999998,255
2026-01-13 04:55:00,2.33225,2.33303,2.33207,2.33217,261
2026-01-13 05:00:00,2.33218,2.33265,2.33179,2.33248,200
2026-01-13 05:05:00,2.33249,2.33276,2.3320600000000002,2.33214,183
2026-01-13 05:10:00,2.33216,2.33257,2.3315,2.3315,220
2026-01-13 05:15:00,2.33152,2.33234,2.33123,2.33194,179
2026-01-13 05:20:00,2.33193,2.33259,2.33179,2.33187,209
2026-01-13 05:25:00,2.33193,2.33241,2.33167,2.3319900000000002,217
2026-01-13 05:30:00,2.33208,2.33248,2.33181,2.33236,180
2026-01-13 05:35:00,2.33196,2.33256,2.33191,2.33237,146
2026-01-13 05:40:00,2.33238,2.33238,2.33137,2.33137,179
2026-01-13 05:45:00,2.33135,2.33203,2.33116,2.33155,173
2026-01-13 05:50:00,2.33157,2.33217,2.33137,2.33153,159
2026-01-13 05:55:00,2.33154,2.33216,2.33129,2.33171,239
2026-01-13 06:00:00,2.33172,2.33175,2.33094,2.33174,191
2026-01-13 06:05:00,2.33172,2.33172,2.33114,2.33121,106
2026-01-13 06:10:00,2.33122,2.33177,2.3311,2.33112,111
2026-01-13 06:15:00,2.33113,2.33212,2.33105,2.33189,197
2026-01-13 06:20:00,2.3319,2.33203,2.33141,2.33175,281
2026-01-13 06:25:00,2.33174,2.33243,2.33154,2.33192,178
2026-01-13 06:30:00,2.33193,2.3326000000000002,2.33183,2.332,137
2026-01-13 06:35:00,2.3319900000000002,2.33259,2.3319900000000002,2.33235,146
2026-01-13 06:40:00,2.33237,2.33242,2.33197,2.33231,114
2026-01-13 06:45:00,2.33232,2.33258,2.33167,2.33196,152
2026-01-13 06:50:00,2.33197,2.33207,2.33153,2.33182,171
2026-01-13 06:55:00,2.33182,2.3323,2.33098,2.33111,247
2026-01-13 07:00:00,2.33112,2.3322,2.33095,2.33217,204
2026-01-13 07:05:00,2.33216,2.3324,2.3315,2.33207,172
2026-01-13 07:10:00,2.33203,2.3322599999999998,2.33147,2.33218,162
2026-01-13 07:15:00,2.33216,2.3324,2.33177,2.33179,215
2026-01-13 07:20:00,2.33178,2.3320600000000002,2.33164,2.3319,100
2026-01-13 07:25:00,2.33188,2.33188,2.3309699999999998,2.33164,178
2026-01-13 07:30:00,2.33162,2.33232,2.33121,2.33186,216
2026-01-13 07:35:00,2.33185,2.33208,2.33144,2.33154,242
2026-01-13 07:40:00,2.33155,2.33204,2.33154,2.3319900000000002,189
2026-01-13 07:45:00,2.33201,2.3323,2.33167,2.33184,196
2026-01-13 07:50:00,2.33185,2.3323,2.33169,2.33183,189
2026-01-13 07:55:00,2.33185,2.3321899999999998,2.3313,2.3315799999999998,246
2026-01-13 08:00:00,2.33156,2.33217,2.33143,2.3319900000000002,220
2026-01-13 08:05:00,2.33197,2.33212,2.33119,2.33147,264
2026-01-13 08:10:00,2.33135,2.3319900000000002,2.33135,2.33195,217
2026-01-13 08:15:00,2.33196,2.33229,2.33144,2.33165,248
2026-01-13 08:20:00,2.33164,2.3320600000000002,2.33116,2.33192,209
2026-01-13 08:25:00,2.33195,2.3322599999999998,2.3313,2.33221,257
2026-01-13 08:30:00,2.33224,2.33288,2.33175,2.33288,232
2026-01-13 08:35:00,2.33289,2.33322,2.33223,2.33294,209
2026-01-13 08:40:00,2.33293,2.33343,2.3321899999999998,2.33282,239
2026-01-13 08:45:00,2.33285,2.33289,2.3318,2.33278,285
2026-01-13 08:50:00,2.33274,2.3334099999999998,2.33218,2.33242,230
2026-01-13 08:55:00,2.33239,2.33372,2.33229,2.33298,320
2026-01-13 09:00:00,2.33299,2.33385,2.33299,2.33307,309
2026-01-13 09:05:00,2.33305,2.33309,2.33246,2.33295,290
2026-01-13 09:10:00,2.33293,2.33349,2.33257,2.33335,228
2026-01-13 09:15:00,2.33336,2.33374,2.3331,2.33349,281
2026-01-13 09:20:00,2.3334799999999998,2.3334799999999998,2.33289,2.3334,241
2026-01-13 09:25:00,2.3334099999999998,2.3334099999999998,2.33235,2.33284,244
2026-01-13 09:30:00,2.33286,2.33333,2.33215,2.33293,286
2026-01-13 09:35:00,2.33293,2.33356,2.33285,2.33291,228
2026-01-13 09:40:00,2.33289,2.33353,2.33285,2.33285,206
2026-01-13 09:45:00,2.3328699999999998,2.33319,2.33249,2.33254,237
2026-01-13 09:50:00,2.33257,2.33331,2.33246,2.33323,210
2026-01-13 09:55:00,2.33325,2.33371,2.3331,2.33364,295
2026-01-13 10:00:00,2.33357,2.33376,2.33317,2.33342,378
2026-01-13 10:05:00,2.33342,2.334,2.33309,2.33356,358
2026-01-13 10:10:00,2.33354,2.33384,2.33288,2.33316,328
2026-01-13 10:15:00,2.33319,2.33393,2.33272,2.33383,341
2026-01-13 10:20:00,2.3338,2.33444,2.3337,2.33429,312
2026-01-13 10:25:00,2.33431,2.33469,2.33386,2.33453,319
2026-01-13 10:30:00,2.33453,2.3353,2.33407,2.33471,315
2026-01-13 10:35:00,2.3346999999999998,2.33635,2.33461,2.33591,300
2026-01-13 10:40:00,2.33631,2.33631,2.33519,2.33532,254
2026-01-13 10:45:00,2.33533,2.33581,2.33487,2.33563,272
2026-01-13 10:50:00,2.33562,2.3358499999999998,2.33494,2.33571,264
2026-01-13 10:55:00,2.33577,2.3362,2.33502,2.33591,313
2026-01-13 11:00:00,2.3359,2.33593,2.33481,2.33589,398
2026-01-13 11:05:00,2.33547,2.3364,2.33547,2.33599,291
2026-01-13 11:10:00,2.33598,2.33607,2.3354,2.3356500000000002,280
2026-01-13 11:15:00,2.33564,2.33622,2.3355,2.33567,268
2026-01-13 11:20:00,2.33566,2.33612,2.33561,2.33612,225
2026-01-13 11:25:00,2.33612,2.33688,2.33602,2.33642,300
2026-01-13 11:30:00,2.33643,2.33713,2.33624,2.33691,305
2026-01-13 11:35:00,2.33689,2.33689,2.33562,2.33645,354
2026-01-13 11:40:00,2.33644,2.33683,2.33581,2.33581,292
2026-01-13 11:45:00,2.3358499999999998,2.33649,2.3357,2.33642,253
2026-01-13 11:50:00,2.33644,2.33666,2.3359,2.3366,250
2026-01-13 11:55:00,2.33659,2.33675,2.33553,2.33619,256
2026-01-13 12:00:00,2.33622,2.33688,2.33575,2.3365299999999998,336
2026-01-13 12:05:00,2.33695,2.33695,2.33574,2.33586,269
2026-01-13 12:10:00,2.3358499999999998,2.33648,2.33576,2.3361,282
2026-01-13 12:15:00,2.33612,2.33704,2.33611,2.33695,308
2026-01-13 12:20:00,2.33697,2.33705,2.3364599999999998,2.33665,279
2026-01-13 12:25:00,2.33666,2.33696,2.33625,2.33638,282
2026-01-13 12:30:00,2.33679,2.33688,2.33599,2.33665,275
2026-01-13 12:35:00,2.33666,2.33676,2.33613,2.3363300000000002,226
2026-01-13 12:40:00,2.33632,2.33757,2.33627,2.33741,223
2026-01-13 12:45:00,2.33701,2.33794,2.33701,2.33737,191
2026-01-13 12:50:00,2.33735,2.33781,2.33705,2.33705,206
2026-01-13 12:55:00,2.33706,2.33777,2.33675,2.33766,272
2026-01-13 13:00:00,2.33766,2.33766,2.33661,2.3368,251
2026-01-13 13:05:00,2.33681,2.33709,2.33639,2.33708,204
2026-01-13 13:10:00,2.33706,2.33769,2.3366,2.33729,178
2026-01-13 13:15:00,2.33731,2.33793,2.33718,2.33778,187
2026-01-13 13:20:00,2.33777,2.33815,2.33734,2.33788,212
2026-01-13 13:25:00,2.3379,2.33824,2.33747,2.33773,154
2026-01-13 13:30:00,2.33812,2.33817,2.3375,2.33802,202
2026-01-13 13:35:00,2.33801,2.33823,2.3372,2.33725,221
2026-01-13 13:40:00,2.33765,2.33776,2.3369,2.33741,198
2026-01-13 13:45:00,2.33739,2.33741,2.3365299999999998,2.33713,182
2026-01-13 13:50:00,2.33712,2.33725,2.3365,2.3366,177
2026-01-13 13:55:00,2.33658,2.3370699999999998,2.33614,2.33705,258
2026-01-13 14:00:00,2.33706,2.33727,2.33645,2.33726,242
2026-01-13 14:05:00,2.33724,2.33759,2.33705,2.33758,206
2026-01-13 14:10:00,2.33757,2.33763,2.33657,2.33699,244
2026-01-13 14:15:00,2.337,2.33746,2.33667,2.33689,207
2026-01-13 14:20:00,2.33688,2.33747,2.33679,2.33747,238
2026-01-13 14:25:00,2.33744,2.33782,2.33722,2.33736,206
2026-01-13 14:30:00,2.3374,2.33801,2.3372,2.33735,246
2026-01-13 14:35:00,2.33734,2.33814,2.33733,2.33766,230
2026-01-13 14:40:00,2.33765,2.33777,2.3371399999999998,2.3376,284
2026-01-13 14:45:00,2.33761,2.33762,2.3366,2.33688,292
2026-01-13 14:50:00,2.3368700000000002,2.33788,2.33657,2.33734,280
2026-01-13 14:55:00,2.33732,2.33787,2.33689,2.33759,430
2026-01-13 15:00:00,2.33761,2.33783,2.33667,2.33703,407
2026-01-13 15:05:00,2.33702,2.33705,2.33636,2.33649,351
2026-01-13 15:10:00,2.3365,2.33727,2.33574,2.33725,381
2026-01-13 15:15:00,2.33726,2.33784,2.33669,2.33766,391
2026-01-13 15:20:00,2.33767,2.338,2.33726,2.33743,406
2026-01-13 15:25:00,2.33745,2.3382,2.33655,2.33663,453
2026-01-13 15:30:00,2.33686,2.3373,2.33216,2.33461,887
2026-01-13 15:35:00,2.33459,2.33595,2.334,2.33588,808
2026-01-13 15:40:00,2.3358499999999998,2.33706,2.33544,2.33605,706
2026-01-13 15:45:00,2.33595,2.33792,2.33553,2.33789,651
2026-01-13 15:50:00,2.33787,2.33798,2.33684,2.33753,536
2026-01-13 15:55:00,2.33752,2.33802,2.33683,2.33688,551
2026-01-13 16:00:00,2.33695,2.33786,2.33523,2.33526,588
2026-01-13 16:05:00,2.3353,2.33597,2.33503,2.33551,525
2026-01-13 16:10:00,2.33547,2.33661,2.33547,2.33559,429
2026-01-13 16:15:00,2.33558,2.33622,2.3346999999999998,2.33485,407
2026-01-13 16:20:00,2.33487,2.33554,2.33423,2.33438,497
2026-01-13 16:25:00,2.33435,2.33484,2.33405,2.33472,462
2026-01-13 16:30:00,2.33487,2.33595,2.33454,2.33485,640
2026-01-13 16:35:00,2.33484,2.33656,2.33484,2.33566,575
2026-01-13 16:40:00,2.33564,2.33622,2.3352,2.33561,635
2026-01-13 16:45:00,2.33563,2.33596,2.33497,2.33501,554
2026-01-13 16:50:00,2.33505,2.33629,2.33456,2.33604,579
2026-01-13 16:55:00,2.33603,2.33641,2.3356500000000002,2.33604,447
2026-01-13 17:00:00,2.33597,2.3381,2.33517,2.33796,574
2026-01-13 17:05:00,2.33796,2.33882,2.33712,2.33817,547
2026-01-13 17:10:00,2.33827,2.33998,2.33824,2.3399,529
2026-01-13 17:15:00,2.33988,2.3404,2.33913,2.33944,605
2026-01-13 17:20:00,2.33937,2.34093,2.33937,2.3402,535
2026-01-13 17:25:00,2.34027,2.34068,2.33945,2.3396,476
2026-01-13 17:30:00,2.33959,2.34024,2.33872,2.3401199999999998,552
2026-01-13 17:35:00,2.34013,2.34015,2.33889,2.33963,459
2026-01-13 17:40:00,2.33965,2.34001,2.33913,2.33954,444
2026-01-13 17:45:00,2.33953,2.33964,2.33859,2.33859,453
2026-01-13 17:50:00,2.3386,2.33912,2.33791,2.33842,479
2026-01-13 17:55:00,2.33847,2.3385,2.33673,2.33815,580
2026-01-13 18:00:00,2.33815,2.33867,2.33772,2.33865,538
2026-01-13 18:05:00,2.33866,2.33889,2.33813,2.3387700000000002,492
2026-01-13 18:10:00,2.33875,2.33997,2.33826,2.33986,466
2026-01-13 18:15:00,2.33986,2.34046,2.33941,2.3401199999999998,542
2026-01-13 18:20:00,2.34013,2.3413399999999998,2.3398,2.34112,417
2026-01-13 18:25:00,2.34109,2.34153,2.34025,2.34053,492
2026-01-13 18:30:00,2.34052,2.34079,2.33912,2.33912,476
2026-01-13 18:35:00,2.33913,2.33982,2.33904,2.3393,395
2026-01-13 18:40:00,2.33927,2.33952,2.33881,2.33886,319
2026-01-13 18:45:00,2.33885,2.33952,2.33825,2.33876,401
2026-01-13 18:50:00,2.33874,2.33888,2.33813,2.33873,348
2026-01-13 18:55:00,2.33871,2.33903,2.33791,2.33806,399
2026-01-13 19:00:00,2.33804,2.33898,2.33794,2.33823,392
2026-01-13 19:05:00,2.33824,2.33885,2.33814,2.33838,311
2026-01-13 19:10:00,2.33837,2.33885,2.33815,2.33879,324
2026-01-13 19:15:00,2.3386,2.33935,2.33831,2.3389699999999998,340
2026-01-13 19:20:00,2.339,2.33918,2.33833,2.33887,309
2026-01-13 19:25:00,2.33886,2.33935,2.33839,2.33911,307
2026-01-13 19:30:00,2.33909,2.34021,2.33852,2.33893,376
2026-01-13 19:35:00,2.3388999999999998,2.33955,2.33888,2.33907,320
2026-01-13 19:40:00,2.33906,2.3395799999999998,2.33841,2.33845,323
2026-01-13 19:45:00,2.33844,2.3393100000000002,2.33831,2.3393,327
2026-01-13 19:50:00,2.3393,2.33957,2.33878,2.33902,294
2026-01-13 19:55:00,2.33902,2.34018,2.33895,2.3401,356
2026-01-13 20:00:00,2.34011,2.34049,2.33955,2.33968,457
2026-01-13 20:05:00,2.33967,2.34001,2.3391,2.34001,287
2026-01-13 20:10:00,2.34002,2.34002,2.33887,2.3393100000000002,341
2026-01-13 20:15:00,2.3393100000000002,2.33966,2.33913,2.33963,255
2026-01-13 20:20:00,2.33961,2.33988,2.3395,2.33972,303
2026-01-13 20:25:00,2.3397,2.33987,2.33918,2.33975,294
2026-01-13 20:30:00,2.33976,2.33996,2.33923,2.33947,268
2026-01-13 20:35:00,2.33945,2.33974,2.3389699999999998,2.3389699999999998,223
2026-01-13 20:40:00,2.33899,2.34017,2.33898,2.33994,288
2026-01-13 20:45:00,2.3399900000000002,2.34082,2.33984,2.3407299999999998,308
2026-01-13 20:50:00,2.34072,2.34097,2.34004,2.3401899999999998,256
2026-01-13 20:55:00,2.34018,2.34095,2.3401,2.34065,231
2026-01-13 21:00:00,2.34071,2.34108,2.34018,2.34056,344
2026-01-13 21:05:00,2.3405,2.34089,2.33978,2.34079,301
2026-01-13 21:10:00,2.34076,2.34087,2.34046,2.34066,231
2026-01-13 21:15:00,2.34067,2.34107,2.34021,2.341,322
2026-01-13 21:20:00,2.34104,2.34109,2.34032,2.34032,239
2026-01-13 21:25:00,2.34031,2.34083,2.34026,2.34068,227
2026-01-13 21:30:00,2.34069,2.34101,2.34003,2.34101,287
2026-01-13 21:35:00,2.34099,2.34132,2.34093,2.34104,227
2026-01-13 21:40:00,2.34106,2.34106,2.34023,2.3405,249
2026-01-13 21:45:00,2.34042,2.34079,2.34002,2.34024,268
2026-01-13 21:50:00,2.34023,2.34078,2.34013,2.34014,299
2026-01-13 21:55:00,2.34013,2.34082,2.34006,2.34024,299
2026-01-13 22:00:00,2.34022,2.34051,2.34018,2.34025,258
2026-01-13 22:05:00,2.34029,2.34076,2.34027,2.34061,195
2026-01-13 22:10:00,2.3406000000000002,2.34086,2.34018,2.34033,238
2026-01-13 22:15:00,2.34029,2.34071,2.34005,2.34005,252
2026-01-13 22:20:00,2.34006,2.34068,2.34006,2.34025,262
2026-01-13 22:25:00,2.34029,2.3407999999999998,2.34027,2.34032,220
2026-01-13 22:30:00,2.34034,2.3407,2.34006,2.34015,312
2026-01-13 22:35:00,2.34016,2.34063,2.34002,2.34021,249
2026-01-13 22:40:00,2.3402,2.3404,2.3399,2.34028,256
2026-01-13 22:45:00,2.34026,2.34047,2.33962,2.3397,216
2026-01-13 22:50:00,2.33969,2.34023,2.33957,2.33972,214
2026-01-13 22:55:00,2.3398,2.34009,2.33928,2.3395,256
2026-01-13 23:00:00,2.3387700000000002,2.33937,2.33864,2.33936,168
2026-01-13 23:05:00,2.33937,2.33953,2.33916,2.33947,155
2026-01-13 23:10:00,2.3395099999999998,2.3395099999999998,2.33886,2.33917,160
2026-01-13 23:15:00,2.33915,2.33968,2.33886,2.33929,165
2026-01-13 23:20:00,2.3393100000000002,2.3393100000000002,2.33898,2.33927,119
2026-01-13 23:25:00,2.33929,2.33957,2.33879,2.33954,114
2026-01-13 23:30:00,2.33959,2.33966,2.33911,2.33962,124
2026-01-13 23:35:00,2.3396,2.33989,2.33929,2.33988,144
2026-01-13 23:40:00,2.33987,2.33988,2.33942,2.33963,77
2026-01-13 23:45:00,2.33966,2.33973,2.33939,2.3395,101
2026-01-13 23:50:00,2.33953,2.33978,2.33933,2.33941,140
2026-01-13 23:55:00,2.33788,2.3379,2.33722,2.3373,192
2026-01-14 00:00:00,2.33814,2.33861,2.33548,2.33861,64
2026-01-14 00:05:00,2.33803,2.33843,2.3369,2.33708,27
2026-01-14 00:10:00,2.33708,2.33742,2.33672,2.33704,97
2026-01-14 00:15:00,2.33704,2.33825,2.33704,2.33796,71
2026-01-14 00:20:00,2.3375500000000002,2.33812,2.3375500000000002,2.33774,56
2026-01-14 00:25:00,2.3377499999999998,2.33819,2.33774,2.33817,56
2026-01-14 00:30:00,2.33818,2.33822,2.33764,2.3377499999999998,95
2026-01-14 00:35:00,2.33785,2.33788,2.33749,2.33751,89
2026-01-14 00:40:00,2.3375,2.33797,2.3374800000000002,2.3379,49
2026-01-14 00:45:00,2.33784,2.33793,2.33733,2.33738,197
2026-01-14 00:50:00,2.33736,2.33743,2.33705,2.3372,168
2026-01-14 00:55:00,2.33718,2.33726,2.33642,2.33643,237
2026-01-14 01:00:00,2.33689,2.33852,2.33689,2.33801,289
2026-01-14 01:05:00,2.33803,2.33831,2.33739,2.3378,183
2026-01-14 01:10:00,2.33781,2.33857,2.33765,2.33807,98
2026-01-14 01:15:00,2.3380900000000002,2.3381,2.33731,2.33791,101
2026-01-14 01:20:00,2.33789,2.33845,2.33747,2.33805,70
2026-01-14 01:25:00,2.33807,2.3382,2.3376799999999998,2.33817,79
2026-01-14 01:30:00,2.33818,2.33889,2.33805,2.33845,89
2026-01-14 01:35:00,2.33843,2.33878,2.33841,2.33876,108
2026-01-14 01:40:00,2.33878,2.33928,2.33861,2.33882,100
2026-01-14 01:45:00,2.33881,2.33916,2.33878,2.3388,134
2026-01-14 01:50:00,2.3388,2.33948,2.3388,2.33948,69
2026-01-14 01:55:00,2.33948,2.3395099999999998,2.33909,2.3394,57
2026-01-14 02:00:00,2.3395799999999998,2.33987,2.33889,2.3395099999999998,176
2026-01-14 02:05:00,2.33952,2.33987,2.33928,2.33969,112
2026-01-14 02:10:00,2.33974,2.34008,2.33924,2.34004,137
2026-01-14 02:15:00,2.34007,2.34007,2.33903,2.33905,162
2026-01-14 02:20:00,2.33945,2.34003,2.33917,2.3396,119
2026-01-14 02:25:00,2.33961,2.33983,2.33899,2.33935,145
2026-01-14 02:30:00,2.33924,2.33979,2.339,2.33979,118
2026-01-14 02:35:00,2.3398,2.33994,2.33937,2.3393800000000002,144
2026-01-14 02:40:00,2.3393800000000002,2.34034,2.33933,2.33985,124
2026-01-14 02:45:00,2.33986,2.3403,2.33947,2.33973,130
2026-01-14 02:50:00,2.33974,2.34021,2.33956,2.3396,158
2026-01-14 02:55:00,2.33971,2.34053,2.33956,2.34048,234
2026-01-14 03:00:00,2.34049,2.34049,2.33941,2.33976,311
2026-01-14 03:05:00,2.33979,2.3409,2.3393800000000002,2.34044,231
2026-01-14 03:10:00,2.34045,2.34098,2.33997,2.33998,226
2026-01-14 03:15:00,2.33994,2.3412100000000002,2.33992,2.34115,215
2026-01-14 03:20:00,2.34119,2.34129,2.34049,2.34078,201
2026-01-14 03:25:00,2.34078,2.34138,2.34065,2.34117,201
2026-01-14 03:30:00,2.34126,2.34184,2.34102,2.34183,207
2026-01-14 03:35:00,2.34187,2.34187,2.34039,2.34067,224
2026-01-14 03:40:00,2.34064,2.34092,2.34034,2.34067,204
2026-01-14 03:45:00,2.34071,2.34108,2.34044,2.34052,230
2026-01-14 03:50:00,2.34051,2.34092,2.33983,2.34056,180
2026-01-14 03:55:00,2.34064,2.34083,2.33993,2.34062,207
2026-01-14 04:00:00,2.34063,2.34109,2.34022,2.34088,264
2026-01-14 04:05:00,2.34087,2.34096,2.34031,2.3407999999999998,233
2026-01-14 04:10:00,2.34078,2.34089,2.34027,2.34053,190
2026-01-14 04:15:00,2.34059,2.34066,2.33975,2.34026,221
2026-01-14 04:20:00,2.34028,2.34043,2.33957,2.34001,208
2026-01-14 04:25:00,2.34002,2.34025,2.3393100000000002,2.33981,172
2026-01-14 04:30:00,2.3398,2.3401199999999998,2.33914,2.3397,245
2026-01-14 04:35:00,2.3397,2.34028,2.33907,2.33924,223
2026-01-14 04:40:00,2.33922,2.33994,2.33908,2.33994,202
2026-01-14 04:45:00,2.33991,2.33994,2.33849,2.33849,215
2026-01-14 04:50:00,2.33889,2.33962,2.33838,2.3392,231
2026-01-14 04:55:00,2.33921,2.33922,2.33844,2.33894,186
2026-01-14 05:00:00,2.33873,2.33901,2.33842,2.3388999999999998,257
2026-01-14 05:05:00,2.33887,2.33924,2.33835,2.33849,228
2026-01-14 05:10:00,2.33855,2.33907,2.3383,2.33886,209
2026-01-14 05:15:00,2.33885,2.33933,2.3386,2.33884,175
2026-01-14 05:20:00,2.33882,2.33976,2.33881,2.33907,163
2026-01-14 05:25:00,2.33906,2.34008,2.33893,2.33942,198
2026-01-14 05:30:00,2.33943,2.34007,2.33929,2.33941,135
2026-01-14 05:35:00,2.33943,2.3399900000000002,2.33927,2.33927,190
2026-01-14 05:40:00,2.33925,2.34,2.33925,2.3394,163
2026-01-14 05:45:00,2.3394,2.33985,2.33927,2.33967,151
2026-01-14 05:50:00,2.33967,2.33973,2.33889,2.3391,168
2026-01-14 05:55:00,2.33913,2.33996,2.33905,2.33949,177
2026-01-14 06:00:00,2.33944,2.33977,2.3387700000000002,2.33889,173
2026-01-14 06:05:00,2.33889,2.33997,2.33881,2.33987,163
2026-01-14 06:10:00,2.33986,2.3401899999999998,2.33943,2.34007,122
2026-01-14 06:15:00,2.34006,2.34008,2.33916,2.33919,121
2026-01-14 06:20:00,2.33918,2.3394,2.33889,2.339,123
2026-01-14 06:25:00,2.339,2.33928,2.33885,2.3391,102
2026-01-14 06:30:00,2.33908,2.33963,2.33891,2.33963,129
2026-01-14 06:35:00,2.33966,2.33981,2.33911,2.33917,134
2026-01-14 06:40:00,2.33915,2.3398,2.33906,2.33918,128
2026-01-14 06:45:00,2.33917,2.33991,2.3388999999999998,2.33991,149
2026-01-14 06:50:00,2.33991,2.33994,2.33928,2.33933,137
2026-01-14 06:55:00,2.33934,2.33978,2.33918,2.33957,137
2026-01-14 07:00:00,2.3396,2.34013,2.33919,2.33979,207
2026-01-14 07:05:00,2.33978,2.33984,2.33926,2.3395,160
2026-01-14 07:10:00,2.33952,2.3395799999999998,2.33891,2.33901,149
2026-01-14 07:15:00,2.33898,2.33966,2.3389699999999998,2.33966,176
2026-01-14 07:20:00,2.33966,2.33981,2.33923,2.33932,176
2026-01-14 07:25:00,2.33935,2.33969,2.33892,2.3389699999999998,189
2026-01-14 07:30:00,2.33895,2.33953,2.33894,2.33918,213
2026-01-14 07:35:00,2.33918,2.33956,2.33859,2.33918,172
2026-01-14 07:40:00,2.33918,2.33991,2.3391,2.33987,208
2026-01-14 07:45:00,2.33988,2.3399,2.33889,2.33924,199
2026-01-14 07:50:00,2.33923,2.33935,2.33863,2.33878,143
2026-01-14 07:55:00,2.3388,2.33968,2.3387700000000002,2.33925,177
2026-01-14 08:00:00,2.33923,2.33998,2.33911,2.3397,273
2026-01-14 08:05:00,2.33974,2.33998,2.33932,2.3399,248
2026-01-14 08:10:00,2.33991,2.33991,2.3383599999999998,2.33898,234
2026-01-14 08:15:00,2.33901,2.33937,2.33855,2.33902,208
2026-01-14 08:20:00,2.339,2.33927,2.33828,2.3384,241
2026-01-14 08:25:00,2.33844,2.33883,2.3380900000000002,2.33866,181
2026-01-14 08:30:00,2.3387000000000002,2.33906,2.33811,2.33859,229
2026-01-14 08:35:00,2.33858,2.33911,2.33855,2.33865,188
2026-01-14 08:40:00,2.33867,2.33926,2.3382899999999998,2.339,215
2026-01-14 08:45:00,2.33899,2.33911,2.33838,2.33888,253
2026-01-14 08:50:00,2.33889,2.33947,2.33862,2.33913,216
2026-01-14 08:55:00,2.33911,2.33911,2.33811,2.3385,263
2026-01-14 09:00:00,2.33847,2.33885,2.33784,2.3387700000000002,350
2026-01-14 09:05:00,2.33873,2.339,2.3383,2.3387700000000002,208
2026-01-14 09:10:00,2.33875,2.33907,2.33846,2.3389699999999998,177
2026-01-14 09:15:00,2.33898,2.33902,2.33799,2.33801,230
2026-01-14 09:20:00,2.33801,2.33899,2.33798,2.33857,232
2026-01-14 09:25:00,2.33855,2.33899,2.338,2.33813,205
2026-01-14 09:30:00,2.33814,2.33893,2.33813,2.33831,213
2026-01-14 09:35:00,2.33832,2.33901,2.33813,2.33854,206
2026-01-14 09:40:00,2.33858,2.3393,2.33843,2.33882,229
2026-01-14 09:45:00,2.33883,2.33907,2.3381,2.3382,173
2026-01-14 09:50:00,2.33821,2.33876,2.3378,2.33875,173
2026-01-14 09:55:00,2.33873,2.3388,2.33806,2.33875,308
2026-01-14 10:00:00,2.33874,2.33908,2.3383,2.3387000000000002,366
2026-01-14 10:05:00,2.33869,2.33989,2.33867,2.33974,324
2026-01-14 10:10:00,2.33972,2.3405,2.3393,2.34044,274
2026-01-14 10:15:00,2.34032,2.34065,2.3398,2.34,334
2026-01-14 10:20:00,2.34001,2.34058,2.33962,2.34004,275
2026-01-14 10:25:00,2.34009,2.34059,2.3397,2.34,346
2026-01-14 10:30:00,2.3401,2.34047,2.33952,2.33973,358
2026-01-14 10:35:00,2.33972,2.34049,2.33942,2.3403,451
2026-01-14 10:40:00,2.34033,2.34041,2.33957,2.3399900000000002,411
2026-01-14 10:45:00,2.33996,2.3401899999999998,2.33952,2.33986,333
2026-01-14 10:50:00,2.33984,2.34041,2.3398,2.33985,346
2026-01-14 10:55:00,2.33987,2.34042,2.33976,2.34041,325
2026-01-14 11:00:00,2.34039,2.34066,2.33972,2.33977,309
2026-01-14 11:05:00,2.33974,2.34062,2.3397,2.33987,275
2026-01-14 11:10:00,2.33986,2.33987,2.33896,2.33906,232
2026-01-14 11:15:00,2.33908,2.34036,2.33905,2.34034,246
2026-01-14 11:20:00,2.33994,2.34056,2.33964,2.34048,267
2026-01-14 11:25:00,2.34048,2.34069,2.33996,2.34014,287
2026-01-14 11:30:00,2.34015,2.34156,2.34015,2.34113,295
2026-01-14 11:35:00,2.34112,2.34197,2.34112,2.34147,303
2026-01-14 11:40:00,2.34149,2.34155,2.34088,2.34154,263
2026-01-14 11:45:00,2.3415,2.34154,2.3407,2.34082,237
2026-01-14 11:50:00,2.34081,2.34136,2.34054,2.34124,270
2026-01-14 11:55:00,2.34125,2.3415,2.3407299999999998,2.34133,278
2026-01-14 12:00:00,2.3413399999999998,2.34185,2.34079,2.34112,319
2026-01-14 12:05:00,2.34117,2.34153,2.34098,2.34102,251
2026-01-14 12:10:00,2.34101,2.34157,2.34098,2.34148,247
2026-01-14 12:15:00,2.34146,2.34165,2.34071,2.34081,173
2026-01-14 12:20:00,2.3407999999999998,2.34187,2.34078,2.34143,331
2026-01-14 12:25:00,2.3414,2.34198,2.34135,2.34173,298
2026-01-14 12:30:00,2.34175,2.34224,2.3416,2.34175,295
2026-01-14 12:35:00,2.3418,2.3426299999999998,2.34168,2.3426299999999998,283
2026-01-14 12:40:00,2.34259,2.34292,2.34187,2.34206,312
2026-01-14 12:45:00,2.34207,2.34291,2.34186,2.34275,294
2026-01-14 12:50:00,2.34277,2.34308,2.3422,2.34246,307
2026-01-14 12:55:00,2.34244,2.34295,2.34208,2.3426,365
2026-01-14 13:00:00,2.34261,2.3434,2.34261,2.34294,386
2026-01-14 13:05:00,2.34293,2.34366,2.34271,2.34327,363
2026-01-14 13:10:00,2.34287,2.34338,2.34244,2.34279,269
2026-01-14 13:15:00,2.3428,2.34348,2.34257,2.34315,282
2026-01-14 13:20:00,2.34316,2.34326,2.34249,2.34286,246
2026-01-14 13:25:00,2.3428,2.34306,2.34239,2.34297,255
2026-01-14 13:30:00,2.34299,2.3431100000000002,2.34251,2.34306,257
2026-01-14 13:35:00,2.34299,2.34338,2.34299,2.34319,163
2026-01-14 13:40:00,2.3432,2.34332,2.3429,2.34306,210
2026-01-14 13:45:00,2.34306,2.34309,2.34225,2.34248,218
2026-01-14 13:50:00,2.34246,2.3429,2.34204,2.34214,269
2026-01-14 13:55:00,2.34212,2.34303,2.34198,2.34226,345
2026-01-14 14:00:00,2.34224,2.34272,2.3416,2.3416,534
2026-01-14 14:05:00,2.34153,2.34201,2.34118,2.34119,396
2026-01-14 14:10:00,2.34122,2.34215,2.3412100000000002,2.34164,275
2026-01-14 14:15:00,2.34166,2.34245,2.34139,2.3419,243
2026-01-14 14:20:00,2.3418900000000002,2.34249,2.34136,2.34165,219
2026-01-14 14:25:00,2.34168,2.34225,2.34116,2.34223,214
2026-01-14 14:30:00,2.34222,2.34232,2.34159,2.34203,249
2026-01-14 14:35:00,2.34205,2.3421,2.34118,2.34177,273
2026-01-14 14:40:00,2.3414099999999998,2.34252,2.3413399999999998,2.34247,230
2026-01-14 14:45:00,2.34249,2.34293,2.34231,2.34262,244
2026-01-14 14:50:00,2.34262,2.34269,2.34157,2.34187,321
2026-01-14 14:55:00,2.34188,2.34251,2.34162,2.34204,439
2026-01-14 15:00:00,2.34205,2.34245,2.34153,2.34206,379
2026-01-14 15:05:00,2.34205,2.3424300000000002,2.34158,2.34223,348
2026-01-14 15:10:00,2.3418200000000002,2.34284,2.34157,2.34207,339
2026-01-14 15:15:00,2.34206,2.34212,2.34124,2.34184,312
2026-01-14 15:20:00,2.34185,2.34197,2.34103,2.34142,298
2026-01-14 15:25:00,2.34144,2.34186,2.34071,2.34071,301
2026-01-14 15:30:00,2.33985,2.34212,2.33924,2.34145,438
2026-01-14 15:35:00,2.34142,2.34259,2.34119,2.34199,509
2026-01-14 15:40:00,2.342,2.34251,2.34174,2.34174,395
2026-01-14 15:45:00,2.34175,2.34207,2.34144,2.34158,412
2026-01-14 15:50:00,2.34157,2.34261,2.34151,2.34193,411
2026-01-14 15:55:00,2.34194,2.34197,2.34113,2.34132,364
2026-01-14 16:00:00,2.34131,2.34198,2.3409,2.34126,454
2026-01-14 16:05:00,2.3412100000000002,2.34138,2.34008,2.3407999999999998,480
2026-01-14 16:10:00,2.34082,2.34104,2.3399900000000002,2.34009,460
2026-01-14 16:15:00,2.3401,2.34076,2.33996,2.34027,462
2026-01-14 16:20:00,2.34025,2.34065,2.33921,2.33993,421
2026-01-14 16:25:00,2.33993,2.3401199999999998,2.33955,2.33969,366
2026-01-14 16:30:00,2.33976,2.34079,2.33936,2.33976,549
2026-01-14 16:35:00,2.3396,2.34055,2.33946,2.33976,567
2026-01-14 16:40:00,2.33974,2.34181,2.33973,2.34137,562
2026-01-14 16:45:00,2.34139,2.3418900000000002,2.34042,2.34071,510
2026-01-14 16:50:00,2.34069,2.34164,2.34011,2.34098,465
2026-01-14 16:55:00,2.34094,2.34098,2.33962,2.33992,439
2026-01-14 17:00:00,2.33996,2.34153,2.33996,2.34084,869
2026-01-14 17:05:00,2.34087,2.3413,2.34034,2.34054,754
2026-01-14 17:10:00,2.34038,2.34066,2.33776,2.33803,995
2026-01-14 17:15:00,2.33799,2.33907,2.3377499999999998,2.33845,742
2026-01-14 17:20:00,2.33839,2.33893,2.33737,2.3382,445
2026-01-14 17:25:00,2.33817,2.33905,2.33791,2.33882,386
2026-01-14 17:30:00,2.33885,2.33991,2.33867,2.3395,454
2026-01-14 17:35:00,2.3395099999999998,2.3395799999999998,2.33832,2.3383599999999998,401
2026-01-14 17:40:00,2.33837,2.33968,2.33805,2.33906,430
2026-01-14 17:45:00,2.3391,2.33944,2.3383,2.33898,424
2026-01-14 17:50:00,2.339,2.33967,2.33862,2.3388,437
2026-01-14 17:55:00,2.33885,2.33907,2.33791,2.33875,474
2026-01-14 18:00:00,2.33871,2.33925,2.33761,2.33786,465
2026-01-14 18:05:00,2.33784,2.33886,2.33769,2.3384,346
2026-01-14 18:10:00,2.33844,2.33923,2.33826,2.33859,337
2026-01-14 18:15:00,2.3386,2.33869,2.33787,2.33798,344
2026-01-14 18:20:00,2.33796,2.33843,2.33704,2.33736,405
2026-01-14 18:25:00,2.33736,2.33754,2.33688,2.3372,410
2026-01-14 18:30:00,2.33722,2.33729,2.33621,2.33716,397
2026-01-14 18:35:00,2.33713,2.33817,2.3367,2.33813,406
2026-01-14 18:40:00,2.33814,2.33852,2.33767,2.33812,370
2026-01-14 18:45:00,2.33811,2.33937,2.33805,2.33928,441
2026-01-14 18:50:00,2.33929,2.33933,2.3382,2.33874,398
2026-01-14 18:55:00,2.33871,2.33907,2.33815,2.3384,374
2026-01-14 19:00:00,2.33842,2.33846,2.33746,2.33796,367
2026-01-14 19:05:00,2.33798,2.33849,2.33774,2.33785,311
2026-01-14 19:10:00,2.33783,2.33825,2.33782,2.33784,301
2026-01-14 19:15:00,2.33785,2.33806,2.3372,2.3374800000000002,329
2026-01-14 19:20:00,2.33747,2.33844,2.33729,2.33817,343
2026-01-14 19:25:00,2.3381600000000002,2.33827,2.33757,2.3376,355
2026-01-14 19:30:00,2.33763,2.33833,2.33738,2.33782,405
2026-01-14 19:35:00,2.3378,2.33844,2.33761,2.33795,294
2026-01-14 19:40:00,2.33801,2.33902,2.33801,2.3388,287
2026-01-14 19:45:00,2.33881,2.33883,2.3374800000000002,2.3382,262
2026-01-14 19:50:00,2.33822,2.33933,2.3381600000000002,2.33906,281
2026-01-14 19:55:00,2.33905,2.33934,2.33838,2.33934,290
2026-01-14 20:00:00,2.33935,2.33942,2.33783,2.33788,393
2026-01-14 20:05:00,2.33781,2.3384,2.33778,2.33815,317
2026-01-14 20:10:00,2.3381600000000002,2.33866,2.33797,2.33856,232
2026-01-14 20:15:00,2.33857,2.33878,2.33814,2.33831,222
2026-01-14 20:20:00,2.3383,2.3392,2.33828,2.33917,213
2026-01-14 20:25:00,2.33915,2.33918,2.33849,2.33851,167
2026-01-14 20:30:00,2.33851,2.33851,2.3376799999999998,2.33802,276
2026-01-14 20:35:00,2.33804,2.33845,2.33795,2.33844,200
2026-01-14 20:40:00,2.33842,2.3386,2.33801,2.33832,213
2026-01-14 20:45:00,2.33833,2.3387700000000002,2.33767,2.33825,242
2026-01-14 20:50:00,2.33824,2.33827,2.33685,2.3368700000000002,214
2026-01-14 20:55:00,2.33686,2.33769,2.33681,2.33729,283
2026-01-14 21:00:00,2.3373,2.33777,2.33673,2.33773,326
2026-01-14 21:05:00,2.33774,2.33848,2.33745,2.3382,324
2026-01-14 21:10:00,2.3381600000000002,2.33824,2.33753,2.33807,248
2026-01-14 21:15:00,2.33803,2.33821,2.33761,2.33784,221
2026-01-14 21:20:00,2.33785,2.3381,2.3376,2.33762,176
2026-01-14 21:25:00,2.33762,2.3377,2.33725,2.33732,226
2026-01-14 21:30:00,2.33731,2.33758,2.33708,2.33746,204
2026-01-14 21:35:00,2.33745,2.33788,2.33738,2.33758,204
2026-01-14 21:40:00,2.33757,2.33791,2.3371,2.33766,219
2026-01-14 21:45:00,2.33765,2.33805,2.33746,2.33794,205
2026-01-14 21:50:00,2.33796,2.33799,2.33719,2.33741,169
2026-01-14 21:55:00,2.3374,2.3380900000000002,2.33739,2.33778,240
2026-01-14 22:00:00,2.33778,2.33847,2.3376799999999998,2.33842,415
2026-01-14 22:05:00,2.33837,2.33837,2.33664,2.33732,417
2026-01-14 22:10:00,2.33734,2.3378,2.3366,2.33772,281
2026-01-14 22:15:00,2.33771,2.33804,2.3373,2.33782,267
2026-01-14 22:20:00,2.33782,2.33825,2.33757,2.33795,187
2026-01-14 22:25:00,2.33795,2.338,2.3374,2.33779,223
2026-01-14 22:30:00,2.33779,2.33782,2.33709,2.33774,289
2026-01-14 22:35:00,2.3377499999999998,2.33778,2.33682,2.33691,261
2026-01-14 22:40:00,2.33693,2.33743,2.33674,2.33716,348
2026-01-14 22:45:00,2.33715,2.33745,2.33678,2.33745,227
2026-01-14 22:50:00,2.33744,2.33781,2.33702,2.33758,270
2026-01-14 22:55:00,2.33754,2.33798,2.33718,2.33744,195
2026-01-14 23:00:00,2.3367,2.33713,2.33619,2.33708,249
2026-01-14 23:05:00,2.33706,2.33712,2.33635,2.3369400000000002,158
2026-01-14 23:10:00,2.3369400000000002,2.33754,2.33675,2.33738,148
2026-01-14 23:15:00,2.33737,2.33776,2.33664,2.33677,151
2026-01-14 23:20:00,2.33678,2.3368,2.33611,2.33612,131
2026-01-14 23:25:00,2.33613,2.33639,2.33588,2.3362,184
2026-01-14 23:30:00,2.33624,2.33652,2.33574,2.33652,132
2026-01-14 23:35:00,2.3365,2.33654,2.33622,2.33631,124
2026-01-14 23:40:00,2.3363300000000002,2.33674,2.3363,2.33665,108
2026-01-14 23:45:00,2.33664,2.33715,2.33641,2.33699,264
2026-01-14 23:50:00,2.33699,2.33802,2.33681,2.33801,382
2026-01-14 23:55:00,2.3381,2.33841,2.33634,2.33724,384
2026-01-15 00:00:00,2.33571,2.33741,2.33554,2.33741,10
2026-01-15 00:05:00,2.33446,2.33761,2.33446,2.33562,25
2026-01-15 00:10:00,2.33562,2.33562,2.33478,2.33482,21
2026-01-15 00:15:00,2.33482,2.33591,2.33482,2.33532,110
2026-01-15 00:20:00,2.33532,2.33659,2.33512,2.33648,371
2026-01-15 00:25:00,2.33648,2.33802,2.33623,2.33767,118
2026-01-15 00:30:00,2.33764,2.33801,2.3369,2.33717,76
2026-01-15 00:35:00,2.33715,2.33773,2.33657,2.33734,169
2026-01-15 00:40:00,2.33734,2.3380900000000002,2.33713,2.3376,166
2026-01-15 00:45:00,2.33758,2.33883,2.33749,2.3379,204
2026-01-15 00:50:00,2.3379,2.33855,2.33789,2.33846,253
2026-01-15 00:55:00,2.33845,2.33894,2.33769,2.33815,314
2026-01-15 01:00:00,2.33856,2.33856,2.33684,2.33805,240
2026-01-15 01:05:00,2.338,2.33974,2.33791,2.33972,222
2026-01-15 01:10:00,2.33966,2.33982,2.33784,2.33982,247
2026-01-15 01:15:00,2.33981,2.34077,2.33973,2.34055,138
2026-01-15 01:20:00,2.34054,2.34118,2.34036,2.34058,92
2026-01-15 01:25:00,2.34059,2.34089,2.34029,2.34066,114
2026-01-15 01:30:00,2.34062,2.34062,2.3395099999999998,2.34047,139
2026-01-15 01:35:00,2.34046,2.34067,2.34016,2.34023,162
2026-01-15 01:40:00,2.34024,2.3409,2.3401899999999998,2.3406000000000002,145
2026-01-15 01:45:00,2.34061,2.34098,2.3402,2.34062,108
2026-01-15 01:50:00,2.34063,2.34069,2.33972,2.33995,90
2026-01-15 01:55:00,2.33996,2.34034,2.33915,2.33982,109
2026-01-15 02:00:00,2.33982,2.34062,2.33975,2.33982,152
2026-01-15 02:05:00,2.33984,2.34071,2.33984,2.3402,136
2026-01-15 02:10:00,2.34022,2.34067,2.33978,2.34008,119
2026-01-15 02:15:00,2.34004,2.34004,2.33869,2.339,132
2026-01-15 02:20:00,2.339,2.33943,2.33889,2.33915,137
2026-01-15 02:25:00,2.33915,2.3396,2.33882,2.3393100000000002,151
2026-01-15 02:30:00,2.33932,2.33967,2.33871,2.33902,203
2026-01-15 02:35:00,2.33904,2.3393800000000002,2.33887,2.33929,211
2026-01-15 02:40:00,2.33928,2.33946,2.3386,2.33919,206
2026-01-15 02:45:00,2.33918,2.33925,2.33852,2.3387700000000002,214
2026-01-15 02:50:00,2.33875,2.3395799999999998,2.33875,2.3393800000000002,264
2026-01-15 02:55:00,2.33939,2.33979,2.33922,2.3394,255
2026-01-15 03:00:00,2.33941,2.33995,2.33909,2.3393,332
2026-01-15 03:05:00,2.3393,2.3397,2.33899,2.33963,241
2026-01-15 03:10:00,2.33957,2.34042,2.33925,2.34032,247
2026-01-15 03:15:00,2.34033,2.34054,2.33955,2.33967,355
2026-01-15 03:20:00,2.33969,2.34067,2.3393800000000002,2.34067,258
2026-01-15 03:25:00,2.34065,2.34067,2.3393,2.33983,243
2026-01-15 03:30:00,2.33995,2.34108,2.33953,2.3403,389
2026-01-15 03:35:00,2.34032,2.34117,2.3395099999999998,2.33996,396
2026-01-15 03:40:00,2.33998,2.34152,2.33996,2.34151,330
2026-01-15 03:45:00,2.34151,2.34151,2.34034,2.34094,286
2026-01-15 03:50:00,2.34095,2.34129,2.34057,2.34108,310
2026-01-15 03:55:00,2.34109,2.34117,2.34036,2.34061,299
2026-01-15 04:00:00,2.34066,2.34118,2.34023,2.34111,313
2026-01-15 04:05:00,2.34105,2.3413,2.34045,2.3407,266
2026-01-15 04:10:00,2.34069,2.34099,2.34042,2.34045,232
2026-01-15 04:15:00,2.34047,2.3409,2.34025,2.34086,237
2026-01-15 04:20:00,2.34084,2.34107,2.34015,2.34041,209
2026-01-15 04:25:00,2.34042,2.3411,2.3401199999999998,2.34071,241
2026-01-15 04:30:00,2.34068,2.34091,2.34003,2.34044,273
2026-01-15 04:35:00,2.34042,2.34178,2.34029,2.34126,236
2026-01-15 04:40:00,2.34165,2.34169,2.34067,2.34098,223
2026-01-15 04:45:00,2.34081,2.34135,2.34057,2.34066,199
2026-01-15 04:50:00,2.3407,2.3418200000000002,2.3407,2.34136,204
2026-01-15 04:55:00,2.3413399999999998,2.34148,2.34099,2.34138,213
2026-01-15 05:00:00,2.3414099999999998,2.34232,2.34128,2.34198,266
2026-01-15 05:05:00,2.34207,2.34208,2.34113,2.3417,211
2026-01-15 05:10:00,2.3417,2.34236,2.34129,2.3422,268
2026-01-15 05:15:00,2.34219,2.34233,2.34112,2.34112,214
2026-01-15 05:20:00,2.34113,2.34183,2.34111,2.34116,182
2026-01-15 05:25:00,2.34118,2.34214,2.34118,2.34207,240
2026-01-15 05:30:00,2.34207,2.3426,2.3418900000000002,2.34211,238
2026-01-15 05:35:00,2.34211,2.34211,2.34117,2.34186,179
2026-01-15 05:40:00,2.34183,2.34185,2.34112,2.34126,176
2026-01-15 05:45:00,2.34128,2.34148,2.34072,2.3413399999999998,182
2026-01-15 05:50:00,2.34135,2.34149,2.34107,2.34138,124
2026-01-15 05:55:00,2.34137,2.34165,2.34081,2.34156,177
2026-01-15 06:00:00,2.3416,2.34168,2.341,2.34139,205
2026-01-15 06:05:00,2.3414,2.342,2.34136,2.34156,147
2026-01-15 06:10:00,2.34154,2.34179,2.34104,2.3412100000000002,139
2026-01-15 06:15:00,2.34122,2.3417,2.34099,2.3414099999999998,133
2026-01-15 06:20:00,2.3414099999999998,2.34167,2.34087,2.3414099999999998,167
2026-01-15 06:25:00,2.34139,2.34186,2.34099,2.3414,200
2026-01-15 06:30:00,2.3414,2.34187,2.34109,2.34113,138
2026-01-15 06:35:00,2.34111,2.3416,2.34081,2.34126,180
2026-01-15 06:40:00,2.34124,2.34124,2.34059,2.34064,129
2026-01-15 06:45:00,2.34068,2.34135,2.34047,2.34078,148
2026-01-15 06:50:00,2.3407999999999998,2.34149,2.34079,2.34116,144
2026-01-15 06:55:00,2.34119,2.34153,2.341,2.34152,149
2026-01-15 07:00:00,2.34151,2.34183,2.34111,2.34155,238
2026-01-15 07:05:00,2.34153,2.34153,2.3409,2.3411,142
2026-01-15 07:10:00,2.3411,2.34188,2.3411,2.34171,166
2026-01-15 07:15:00,2.3417,2.34175,2.34093,2.341,211
2026-01-15 07:20:00,2.34105,2.34135,2.34078,2.34132,160
2026-01-15 07:25:00,2.34133,2.34148,2.34059,2.34074,169
2026-01-15 07:30:00,2.34075,2.34106,2.34049,2.34063,265
2026-01-15 07:35:00,2.34064,2.34131,2.3406000000000002,2.3412,258
2026-01-15 07:40:00,2.34124,2.34166,2.34111,2.34143,197
2026-01-15 07:45:00,2.34146,2.34146,2.34056,2.34061,216
2026-01-15 07:50:00,2.34061,2.3413,2.34061,2.34102,247
2026-01-15 07:55:00,2.34105,2.34191,2.3405,2.34153,304
2026-01-15 08:00:00,2.34154,2.34173,2.33988,2.34026,347
2026-01-15 08:05:00,2.34023,2.34057,2.33967,2.34021,230
2026-01-15 08:10:00,2.34021,2.34027,2.3391,2.34006,297
2026-01-15 08:15:00,2.34004,2.34036,2.33956,2.33986,335
2026-01-15 08:20:00,2.33988,2.3401,2.33939,2.33965,275
2026-01-15 08:25:00,2.33966,2.34047,2.33966,2.3399,241
2026-01-15 08:30:00,2.33997,2.34095,2.33977,2.3403,230
2026-01-15 08:35:00,2.34029,2.34085,2.34008,2.34044,170
2026-01-15 08:40:00,2.34043,2.34052,2.33989,2.34006,224
2026-01-15 08:45:00,2.34013,2.34069,2.33985,2.34043,245
2026-01-15 08:50:00,2.34045,2.3407,2.33965,2.34008,152
2026-01-15 08:55:00,2.34016,2.34032,2.33942,2.3396,254
2026-01-15 09:00:00,2.33976,2.3422,2.33976,2.34145,443
2026-01-15 09:05:00,2.34147,2.34153,2.34069,2.34071,335
2026-01-15 09:10:00,2.3407,2.34147,2.34065,2.34065,319
2026-01-15 09:15:00,2.34066,2.34104,2.34037,2.34046,238
2026-01-15 09:20:00,2.34044,2.34081,2.33989,2.33989,238
2026-01-15 09:25:00,2.3399,2.34056,2.33971,2.34006,363
2026-01-15 09:30:00,2.34007,2.34159,2.33998,2.34106,280
2026-01-15 09:35:00,2.34114,2.34156,2.34081,2.34133,236
2026-01-15 09:40:00,2.3413399999999998,2.3413399999999998,2.34001,2.34079,285
2026-01-15 09:45:00,2.3407999999999998,2.34091,2.33965,2.34041,220
2026-01-15 09:50:00,2.34041,2.34065,2.33969,2.34014,239
2026-01-15 09:55:00,2.34013,2.34088,2.33972,2.3401899999999998,323
2026-01-15 10:00:00,2.3401,2.3411,2.33983,2.34097,410
2026-01-15 10:05:00,2.34098,2.34112,2.34018,2.3406000000000002,287
2026-01-15 10:10:00,2.34061,2.34064,2.33967,2.34014,270
2026-01-15 10:15:00,2.34016,2.34028,2.33949,2.33966,262
2026-01-15 10:20:00,2.33965,2.34032,2.3396,2.33968,288
2026-01-15 10:25:00,2.33967,2.34063,2.33954,2.34006,345
2026-01-15 10:30:00,2.34007,2.34066,2.33987,2.33998,292
2026-01-15 10:35:00,2.33997,2.3404,2.33937,2.3397,326
2026-01-15 10:40:00,2.33973,2.34018,2.33919,2.33935,286
2026-01-15 10:45:00,2.33934,2.34044,2.33934,2.33995,229
2026-01-15 10:50:00,2.34009,2.34075,2.3398,2.34072,211
2026-01-15 10:55:00,2.34071,2.34083,2.33922,2.33968,260
2026-01-15 11:00:00,2.33927,2.33965,2.33855,2.33895,328
2026-01-15 11:05:00,2.33857,2.33898,2.33804,2.33842,254
2026-01-15 11:10:00,2.33843,2.33859,2.3376,2.3382,279
2026-01-15 11:15:00,2.33821,2.33879,2.33735,2.33875,374
2026-01-15 11:20:00,2.33873,2.3391,2.33767,2.33785,312
2026-01-15 11:25:00,2.33784,2.33853,2.33771,2.33815,276
2026-01-15 11:30:00,2.33813,2.33851,2.33749,2.33808,287
2026-01-15 11:35:00,2.3380900000000002,2.3388,2.33769,2.33779,261
2026-01-15 11:40:00,2.33779,2.33826,2.33727,2.33774,272
2026-01-15 11:45:00,2.3377499999999998,2.33793,2.33681,2.33681,254
2026-01-15 11:50:00,2.3372,2.33743,2.33678,2.33718,263
2026-01-15 11:55:00,2.33715,2.33728,2.33649,2.33703,225
2026-01-15 12:00:00,2.33704,2.3372,2.33603,2.33641,287
2026-01-15 12:05:00,2.33642,2.3366,2.33557,2.33606,276
2026-01-15 12:10:00,2.33605,2.33628,2.33533,2.33604,237
2026-01-15 12:15:00,2.33605,2.33623,2.33542,2.3356,249
2026-01-15 12:20:00,2.33559,2.33576,2.33494,2.33548,281
2026-01-15 12:25:00,2.33538,2.33546,2.3348,2.3348,194
2026-01-15 12:30:00,2.33482,2.33551,2.33474,2.3348,240
2026-01-15 12:35:00,2.33479,2.335,2.33403,2.33404,267
2026-01-15 12:40:00,2.33406,2.33478,2.33394,2.33449,237
2026-01-15 12:45:00,2.33448,2.33479,2.3334099999999998,2.3334099999999998,232
2026-01-15 12:50:00,2.33338,2.3340899999999998,2.3327,2.33312,323
2026-01-15 12:55:00,2.33311,2.3333,2.33306,2.3333,31
